Symbol,Date,Open,High,Low,Close,Volume,QualityFlag,SourceURL
BRK.B,2016-07-26,144.34,144.85,143.83,144.34,2465053,,https://api.nasdaq.com/api/quote/BRK.B/historical?assetclass=stocks&fromdate=2016-07-26&todate=2026-07-26&limit=5000
BRK.B,2016-07-27,144.27,144.75,143.7,144.19,2607808,,https://api.nasdaq.com/api/quote/BRK.B/historical?assetclass=stocks&fromdate=2016-07-26&todate=2026-07-26&limit=5000
BRK.B,2016-07-28,143.92,144.69,143.48,144.42,1942510,,https://api.nasdaq.com/api/quote/BRK.B/historical?assetclass=stocks&fromdate=2016-07-26&todate=2026-07-26&limit=5000
BRK.B,2016-07-29,144.09,144.6,143.78,144.27,2589289,,https://api.nasdaq.com/api/quote/BRK.B/historical?assetclass=stocks&fromdate=2016-07-26&todate=2026-07-26&limit=5000
BRK.B,2016-08-01,144.62,144.77,143.58,143.93,2047107,,https://api.nasdaq.com/api/quote/BRK.B/historical?assetclass=stocks&fromdate=2016-07-26&todate=2026-07-26&limit=5000
BRK.B,2016-08-02,143.95,143.99,142.96,143.31,2454703,,https://api.nasdaq.com/api/quote/BRK.B/historical?assetclass=stocks&fromdate=2016-07-26&todate=2026-07-26&limit=5000
BRK.B,2016-08-03,143.35,143.88,142.98,143.63,2213976,,https://api.nasdaq.com/api/quote/BRK.B/historical?assetclass=stocks&fromdate=2016-07-26&todate=2026-07-26&limit=5000
BRK.B,2016-08-04,143.8,143.91,142.915,143.12,1845674,,https://api.nasdaq.com/api/quote/BRK.B/historical?assetclass=stocks&fromdate=2016-07-26&todate=2026-07-26&limit=5000
BRK.B,2016-08-05,144,145.65,143.92,145.65,3919306,,https://api.nasdaq.com/api/quote/BRK.B/historical?assetclass=stocks&fromdate=2016-07-26&todate=2026-07-26&limit=5000
BRK.B,2016-08-08,145.29,145.65,144.23,145.56,3515924,,https://api.nasdaq.com/api/quote/BRK.B/historical?assetclass=stocks&fromdate=2016-07-26&todate=2026-07-26&limit=5000
BRK.B,2016-08-09,145.96,147.449,145.45,147.22,3677455,,https://api.nasdaq.com/api/quote/BRK.B/historical?assetclass=stocks&fromdate=2016-07-26&todate=2026-07-26&limit=5000
BRK.B,2016-08-10,147,147.27,146.13,146.69,2451711,,https://api.nasdaq.com/api/quote/BRK.B/historical?assetclass=stocks&fromdate=2016-07-26&todate=2026-07-26&limit=5000
BRK.B,2016-08-11,146.46,147.98,146.44,147.74,3269444,,https://api.nasdaq.com/api/quote/BRK.B/historical?assetclass=stocks&fromdate=2016-07-26&todate=2026-07-26&limit=5000
BRK.B,2016-08-12,147.12,147.75,146.6871,147.72,2586700,,https://api.nasdaq.com/api/quote/BRK.B/historical?assetclass=stocks&fromdate=2016-07-26&todate=2026-07-26&limit=5000
BRK.B,2016-08-15,147.72,147.92,147.12,147.78,2195997,,https://api.nasdaq.com/api/quote/BRK.B/historical?assetclass=stocks&fromdate=2016-07-26&todate=2026-07-26&limit=5000
BRK.B,2016-08-16,147.62,147.945,147.22,147.24,2121311,,https://api.nasdaq.com/api/quote/BRK.B/historical?assetclass=stocks&fromdate=2016-07-26&todate=2026-07-26&limit=5000
BRK.B,2016-08-17,147.42,149.33,147,149.08,3041105,,https://api.nasdaq.com/api/quote/BRK.B/historical?assetclass=stocks&fromdate=2016-07-26&todate=2026-07-26&limit=5000
BRK.B,2016-08-18,149.19,149.36,148.53,148.81,2185387,,https://api.nasdaq.com/api/quote/BRK.B/historical?assetclass=stocks&fromdate=2016-07-26&todate=2026-07-26&limit=5000
BRK.B,2016-08-19,148.4,148.84,147.79,148.75,2641216,,https://api.nasdaq.com/api/quote/BRK.B/historical?assetclass=stocks&fromdate=2016-07-26&todate=2026-07-26&limit=5000
BRK.B,2016-08-22,148.51,148.8,147.85,148.45,1765322,,https://api.nasdaq.com/api/quote/BRK.B/historical?assetclass=stocks&fromdate=2016-07-26&todate=2026-07-26&limit=5000
BRK.B,2016-08-23,148.58,149.24,148.58,148.77,2019277,,https://api.nasdaq.com/api/quote/BRK.B/historical?assetclass=stocks&fromdate=2016-07-26&todate=2026-07-26&limit=5000
BRK.B,2016-08-24,148.5,148.84,148.13,148.41,2269399,,https://api.nasdaq.com/api/quote/BRK.B/historical?assetclass=stocks&fromdate=2016-07-26&todate=2026-07-26&limit=5000
BRK.B,2016-08-25,148.24,148.71,148.11,148.64,2449204,,https://api.nasdaq.com/api/quote/BRK.B/historical?assetclass=stocks&fromdate=2016-07-26&todate=2026-07-26&limit=5000
BRK.B,2016-08-26,148.65,149.23,147.22,147.91,2872787,,https://api.nasdaq.com/api/quote/BRK.B/historical?assetclass=stocks&fromdate=2016-07-26&todate=2026-07-26&limit=5000
BRK.B,2016-08-29,148.23,149.675,148,149.3,2726336,,https://api.nasdaq.com/api/quote/BRK.B/historical?assetclass=stocks&fromdate=2016-07-26&todate=2026-07-26&limit=5000
BRK.B,2016-08-30,149.25,150.24,149.225,150.23,2832861,,https://api.nasdaq.com/api/quote/BRK.B/historical?assetclass=stocks&fromdate=2016-07-26&todate=2026-07-26&limit=5000
BRK.B,2016-08-31,150,150.9,148.66,150.49,5338511,,https://api.nasdaq.com/api/quote/BRK.B/historical?assetclass=stocks&fromdate=2016-07-26&todate=2026-07-26&limit=5000
BRK.B,2016-09-01,150.7,151,148.82,150.35,3020365,,https://api.nasdaq.com/api/quote/BRK.B/historical?assetclass=stocks&fromdate=2016-07-26&todate=2026-07-26&limit=5000
BRK.B,2016-09-02,150.69,151.05,149.97,150.72,2255555,,https://api.nasdaq.com/api/quote/BRK.B/historical?assetclass=stocks&fromdate=2016-07-26&todate=2026-07-26&limit=5000
BRK.B,2016-09-06,150.54,150.98,149.31,150.43,4459796,,https://api.nasdaq.com/api/quote/BRK.B/historical?assetclass=stocks&fromdate=2016-07-26&todate=2026-07-26&limit=5000
BRK.B,2016-09-07,150,150.49,149.34,149.58,2432514,,https://api.nasdaq.com/api/quote/BRK.B/historical?assetclass=stocks&fromdate=2016-07-26&todate=2026-07-26&limit=5000
BRK.B,2016-09-08,149.6,150.1,149.3,149.78,2962944,,https://api.nasdaq.com/api/quote/BRK.B/historical?assetclass=stocks&fromdate=2016-07-26&todate=2026-07-26&limit=5000
BRK.B,2016-09-09,149.1,149.59,146.56,146.62,4325306,,https://api.nasdaq.com/api/quote/BRK.B/historical?assetclass=stocks&fromdate=2016-07-26&todate=2026-07-26&limit=5000
BRK.B,2016-09-12,146.37,149.39,145.942,148.97,4237245,,https://api.nasdaq.com/api/quote/BRK.B/historical?assetclass=stocks&fromdate=2016-07-26&todate=2026-07-26&limit=5000
BRK.B,2016-09-13,147.95,148.13,145.55,146.23,5505817,,https://api.nasdaq.com/api/quote/BRK.B/historical?assetclass=stocks&fromdate=2016-07-26&todate=2026-07-26&limit=5000
BRK.B,2016-09-14,146.02,146.91,145.33,145.78,3096859,,https://api.nasdaq.com/api/quote/BRK.B/historical?assetclass=stocks&fromdate=2016-07-26&todate=2026-07-26&limit=5000
BRK.B,2016-09-15,146,147.08,145.47,146.66,3297101,,https://api.nasdaq.com/api/quote/BRK.B/historical?assetclass=stocks&fromdate=2016-07-26&todate=2026-07-26&limit=5000
BRK.B,2016-09-16,146.11,146.23,144.68,145.01,11132490,,https://api.nasdaq.com/api/quote/BRK.B/historical?assetclass=stocks&fromdate=2016-07-26&todate=2026-07-26&limit=5000
BRK.B,2016-09-19,145.34,146.19,144.93,145.24,3028581,,https://api.nasdaq.com/api/quote/BRK.B/historical?assetclass=stocks&fromdate=2016-07-26&todate=2026-07-26&limit=5000
BRK.B,2016-09-20,145.98,145.98,144.76,144.92,2364489,,https://api.nasdaq.com/api/quote/BRK.B/historical?assetclass=stocks&fromdate=2016-07-26&todate=2026-07-26&limit=5000
BRK.B,2016-09-21,145.65,146.49,144.98,146.46,3760531,,https://api.nasdaq.com/api/quote/BRK.B/historical?assetclass=stocks&fromdate=2016-07-26&todate=2026-07-26&limit=5000
BRK.B,2016-09-22,146.75,147.09,146.13,146.53,2766353,,https://api.nasdaq.com/api/quote/BRK.B/historical?assetclass=stocks&fromdate=2016-07-26&todate=2026-07-26&limit=5000
BRK.B,2016-09-23,146.3,146.49,145,145,3693605,,https://api.nasdaq.com/api/quote/BRK.B/historical?assetclass=stocks&fromdate=2016-07-26&todate=2026-07-26&limit=5000
BRK.B,2016-09-26,144.52,144.96,144,144.18,2858767,,https://api.nasdaq.com/api/quote/BRK.B/historical?assetclass=stocks&fromdate=2016-07-26&todate=2026-07-26&limit=5000
BRK.B,2016-09-27,144.28,145.38,144.01,145.34,2934561,,https://api.nasdaq.com/api/quote/BRK.B/historical?assetclass=stocks&fromdate=2016-07-26&todate=2026-07-26&limit=5000
BRK.B,2016-09-28,145.28,145.42,144.03,145.28,3242890,,https://api.nasdaq.com/api/quote/BRK.B/historical?assetclass=stocks&fromdate=2016-07-26&todate=2026-07-26&limit=5000
BRK.B,2016-09-29,145.18,145.52,143.36,143.59,3307627,,https://api.nasdaq.com/api/quote/BRK.B/historical?assetclass=stocks&fromdate=2016-07-26&todate=2026-07-26&limit=5000
BRK.B,2016-09-30,144.27,145.38,144.27,144.47,4414656,,https://api.nasdaq.com/api/quote/BRK.B/historical?assetclass=stocks&fromdate=2016-07-26&todate=2026-07-26&limit=5000
BRK.B,2016-10-03,144.27,144.31,143.21,143.76,3489843,,https://api.nasdaq.com/api/quote/BRK.B/historical?assetclass=stocks&fromdate=2016-07-26&todate=2026-07-26&limit=5000
BRK.B,2016-10-04,143.74,144.2,142.8,143.17,3058627,,https://api.nasdaq.com/api/quote/BRK.B/historical?assetclass=stocks&fromdate=2016-07-26&todate=2026-07-26&limit=5000
BRK.B,2016-10-05,143.65,144.295,143.21,144.15,2998842,,https://api.nasdaq.com/api/quote/BRK.B/historical?assetclass=stocks&fromdate=2016-07-26&todate=2026-07-26&limit=5000
BRK.B,2016-10-06,144.03,144.1,143.3,143.87,2279575,,https://api.nasdaq.com/api/quote/BRK.B/historical?assetclass=stocks&fromdate=2016-07-26&todate=2026-07-26&limit=5000
BRK.B,2016-10-07,143.93,144.94,143.78,144.52,3090619,,https://api.nasdaq.com/api/quote/BRK.B/historical?assetclass=stocks&fromdate=2016-07-26&todate=2026-07-26&limit=5000
BRK.B,2016-10-10,145.05,145.68,144.98,145.2,1879125,,https://api.nasdaq.com/api/quote/BRK.B/historical?assetclass=stocks&fromdate=2016-07-26&todate=2026-07-26&limit=5000
BRK.B,2016-10-11,145.13,145.14,143.53,143.95,2719254,,https://api.nasdaq.com/api/quote/BRK.B/historical?assetclass=stocks&fromdate=2016-07-26&todate=2026-07-26&limit=5000
BRK.B,2016-10-12,143.86,145.29,143.86,144.91,2557975,,https://api.nasdaq.com/api/quote/BRK.B/historical?assetclass=stocks&fromdate=2016-07-26&todate=2026-07-26&limit=5000
BRK.B,2016-10-13,143.79,144.05,141.92,143.22,4657493,,https://api.nasdaq.com/api/quote/BRK.B/historical?assetclass=stocks&fromdate=2016-07-26&todate=2026-07-26&limit=5000
BRK.B,2016-10-14,143.91,144.89,143.58,144.18,2932488,,https://api.nasdaq.com/api/quote/BRK.B/historical?assetclass=stocks&fromdate=2016-07-26&todate=2026-07-26&limit=5000
BRK.B,2016-10-17,144.5,144.76,143.37,143.8,2552823,,https://api.nasdaq.com/api/quote/BRK.B/historical?assetclass=stocks&fromdate=2016-07-26&todate=2026-07-26&limit=5000
BRK.B,2016-10-18,144.65,145.09,144.13,144.3,2375551,,https://api.nasdaq.com/api/quote/BRK.B/historical?assetclass=stocks&fromdate=2016-07-26&todate=2026-07-26&limit=5000
BRK.B,2016-10-19,144.87,145.71,144.48,144.86,2309712,,https://api.nasdaq.com/api/quote/BRK.B/historical?assetclass=stocks&fromdate=2016-07-26&todate=2026-07-26&limit=5000
BRK.B,2016-10-20,144.62,145.43,144.19,144.49,2501398,,https://api.nasdaq.com/api/quote/BRK.B/historical?assetclass=stocks&fromdate=2016-07-26&todate=2026-07-26&limit=5000
BRK.B,2016-10-21,143.54,143.95,142.8,143.6,3073785,,https://api.nasdaq.com/api/quote/BRK.B/historical?assetclass=stocks&fromdate=2016-07-26&todate=2026-07-26&limit=5000
BRK.B,2016-10-24,144.09,144.89,143.68,143.83,2222332,,https://api.nasdaq.com/api/quote/BRK.B/historical?assetclass=stocks&fromdate=2016-07-26&todate=2026-07-26&limit=5000
BRK.B,2016-10-25,143.7,144.16,143.21,143.42,2349609,,https://api.nasdaq.com/api/quote/BRK.B/historical?assetclass=stocks&fromdate=2016-07-26&todate=2026-07-26&limit=5000
BRK.B,2016-10-26,143.38,144.46,143.12,143.94,2769586,,https://api.nasdaq.com/api/quote/BRK.B/historical?assetclass=stocks&fromdate=2016-07-26&todate=2026-07-26&limit=5000
BRK.B,2016-10-27,144.19,144.78,143.87,144.45,2911515,,https://api.nasdaq.com/api/quote/BRK.B/historical?assetclass=stocks&fromdate=2016-07-26&todate=2026-07-26&limit=5000
BRK.B,2016-10-28,144.84,145.29,142.9,144,2789109,,https://api.nasdaq.com/api/quote/BRK.B/historical?assetclass=stocks&fromdate=2016-07-26&todate=2026-07-26&limit=5000
BRK.B,2016-10-31,144.3,144.69,144,144.3,3229527,,https://api.nasdaq.com/api/quote/BRK.B/historical?assetclass=stocks&fromdate=2016-07-26&todate=2026-07-26&limit=5000
BRK.B,2016-11-01,144.68,144.86,143.11,143.63,3339387,,https://api.nasdaq.com/api/quote/BRK.B/historical?assetclass=stocks&fromdate=2016-07-26&todate=2026-07-26&limit=5000
BRK.B,2016-11-02,143.18,143.86,142.911,143.19,3174648,,https://api.nasdaq.com/api/quote/BRK.B/historical?assetclass=stocks&fromdate=2016-07-26&todate=2026-07-26&limit=5000
BRK.B,2016-11-03,143.25,144.45,143.2,143.64,2689157,,https://api.nasdaq.com/api/quote/BRK.B/historical?assetclass=stocks&fromdate=2016-07-26&todate=2026-07-26&limit=5000
BRK.B,2016-11-04,143.45,143.8,142.3476,142.95,3492806,,https://api.nasdaq.com/api/quote/BRK.B/historical?assetclass=stocks&fromdate=2016-07-26&todate=2026-07-26&limit=5000
BRK.B,2016-11-07,144.71,147.17,144.3,146.91,5228369,,https://api.nasdaq.com/api/quote/BRK.B/historical?assetclass=stocks&fromdate=2016-07-26&todate=2026-07-26&limit=5000
BRK.B,2016-11-08,146.89,148.14,146.4,147.79,3630327,,https://api.nasdaq.com/api/quote/BRK.B/historical?assetclass=stocks&fromdate=2016-07-26&todate=2026-07-26&limit=5000
BRK.B,2016-11-09,146.1,151.64,145.1,151.28,8663667,,https://api.nasdaq.com/api/quote/BRK.B/historical?assetclass=stocks&fromdate=2016-07-26&todate=2026-07-26&limit=5000
BRK.B,2016-11-10,152,156.613,151.68,156.06,8135616,,https://api.nasdaq.com/api/quote/BRK.B/historical?assetclass=stocks&fromdate=2016-07-26&todate=2026-07-26&limit=5000
BRK.B,2016-11-11,155.3,157.28,155.15,156.92,4511425,,https://api.nasdaq.com/api/quote/BRK.B/historical?assetclass=stocks&fromdate=2016-07-26&todate=2026-07-26&limit=5000
BRK.B,2016-11-14,157.48,158.16,156.53,157.93,5519481,,https://api.nasdaq.com/api/quote/BRK.B/historical?assetclass=stocks&fromdate=2016-07-26&todate=2026-07-26&limit=5000
BRK.B,2016-11-15,157.61,157.82,156.09,157.46,4779706,,https://api.nasdaq.com/api/quote/BRK.B/historical?assetclass=stocks&fromdate=2016-07-26&todate=2026-07-26&limit=5000
BRK.B,2016-11-16,157.02,157.59,156.02,157.08,4468444,,https://api.nasdaq.com/api/quote/BRK.B/historical?assetclass=stocks&fromdate=2016-07-26&todate=2026-07-26&limit=5000
BRK.B,2016-11-17,156.81,158.64,156.3,158.39,4168560,,https://api.nasdaq.com/api/quote/BRK.B/historical?assetclass=stocks&fromdate=2016-07-26&todate=2026-07-26&limit=5000
BRK.B,2016-11-18,158.35,158.48,157.17,157.75,3383260,,https://api.nasdaq.com/api/quote/BRK.B/historical?assetclass=stocks&fromdate=2016-07-26&todate=2026-07-26&limit=5000
BRK.B,2016-11-21,158.1,158.71,157.42,158.71,2846344,,https://api.nasdaq.com/api/quote/BRK.B/historical?assetclass=stocks&fromdate=2016-07-26&todate=2026-07-26&limit=5000
BRK.B,2016-11-22,159.01,159.09,157.83,158.66,3143221,,https://api.nasdaq.com/api/quote/BRK.B/historical?assetclass=stocks&fromdate=2016-07-26&todate=2026-07-26&limit=5000
BRK.B,2016-11-23,158.66,159,157.28,158.11,3056483,,https://api.nasdaq.com/api/quote/BRK.B/historical?assetclass=stocks&fromdate=2016-07-26&todate=2026-07-26&limit=5000
BRK.B,2016-11-25,158.63,158.63,157.6,158.18,1777189,,https://api.nasdaq.com/api/quote/BRK.B/historical?assetclass=stocks&fromdate=2016-07-26&todate=2026-07-26&limit=5000
BRK.B,2016-11-28,157.9,158.49,156.89,156.97,4187292,,https://api.nasdaq.com/api/quote/BRK.B/historical?assetclass=stocks&fromdate=2016-07-26&todate=2026-07-26&limit=5000
BRK.B,2016-11-29,157.509,157.98,156.82,157.68,2970734,,https://api.nasdaq.com/api/quote/BRK.B/historical?assetclass=stocks&fromdate=2016-07-26&todate=2026-07-26&limit=5000
BRK.B,2016-11-30,158.42,158.89,157.42,157.44,5145449,,https://api.nasdaq.com/api/quote/BRK.B/historical?assetclass=stocks&fromdate=2016-07-26&todate=2026-07-26&limit=5000
BRK.B,2016-12-01,157.58,160.24,157.51,160.12,4578455,,https://api.nasdaq.com/api/quote/BRK.B/historical?assetclass=stocks&fromdate=2016-07-26&todate=2026-07-26&limit=5000
BRK.B,2016-12-02,160.05,160.12,158.7,159.39,3853354,,https://api.nasdaq.com/api/quote/BRK.B/historical?assetclass=stocks&fromdate=2016-07-26&todate=2026-07-26&limit=5000
BRK.B,2016-12-05,160.25,160.68,159.27,160.21,4868829,,https://api.nasdaq.com/api/quote/BRK.B/historical?assetclass=stocks&fromdate=2016-07-26&todate=2026-07-26&limit=5000
BRK.B,2016-12-06,160.57,161.55,159.9286,161.34,3542959,,https://api.nasdaq.com/api/quote/BRK.B/historical?assetclass=stocks&fromdate=2016-07-26&todate=2026-07-26&limit=5000
BRK.B,2016-12-07,161.94,164.69,161.4,164.69,6041792,,https://api.nasdaq.com/api/quote/BRK.B/historical?assetclass=stocks&fromdate=2016-07-26&todate=2026-07-26&limit=5000
BRK.B,2016-12-08,164.98,165.9527,163.5204,164.11,4900871,,https://api.nasdaq.com/api/quote/BRK.B/historical?assetclass=stocks&fromdate=2016-07-26&todate=2026-07-26&limit=5000
BRK.B,2016-12-09,164.28,165.16,163.07,164.86,3887873,,https://api.nasdaq.com/api/quote/BRK.B/historical?assetclass=stocks&fromdate=2016-07-26&todate=2026-07-26&limit=5000
BRK.B,2016-12-12,164.65,166.64,164.35,166.12,6758129,,https://api.nasdaq.com/api/quote/BRK.B/historical?assetclass=stocks&fromdate=2016-07-26&todate=2026-07-26&limit=5000
BRK.B,2016-12-13,166.49,166.99,165.4,166.62,4223029,,https://api.nasdaq.com/api/quote/BRK.B/historical?assetclass=stocks&fromdate=2016-07-26&todate=2026-07-26&limit=5000
BRK.B,2016-12-14,166.59,167.25,164.54,165.06,4536894,,https://api.nasdaq.com/api/quote/BRK.B/historical?assetclass=stocks&fromdate=2016-07-26&todate=2026-07-26&limit=5000
BRK.B,2016-12-15,165.5,167.02,164.8,165.73,3983994,,https://api.nasdaq.com/api/quote/BRK.B/historical?assetclass=stocks&fromdate=2016-07-26&todate=2026-07-26&limit=5000
BRK.B,2016-12-16,166.14,166.15,164.33,164.76,7046157,,https://api.nasdaq.com/api/quote/BRK.B/historical?assetclass=stocks&fromdate=2016-07-26&todate=2026-07-26&limit=5000
BRK.B,2016-12-19,165.19,165.65,164.48,165.35,2971259,,https://api.nasdaq.com/api/quote/BRK.B/historical?assetclass=stocks&fromdate=2016-07-26&todate=2026-07-26&limit=5000
BRK.B,2016-12-20,166.15,166.42,165.4,166.36,3103040,,https://api.nasdaq.com/api/quote/BRK.B/historical?assetclass=stocks&fromdate=2016-07-26&todate=2026-07-26&limit=5000
BRK.B,2016-12-21,166.4,166.67,165.55,165.95,2480642,,https://api.nasdaq.com/api/quote/BRK.B/historical?assetclass=stocks&fromdate=2016-07-26&todate=2026-07-26&limit=5000
BRK.B,2016-12-22,165.77,166.1161,164.89,166.03,2490151,,https://api.nasdaq.com/api/quote/BRK.B/historical?assetclass=stocks&fromdate=2016-07-26&todate=2026-07-26&limit=5000
BRK.B,2016-12-23,166.26,166.44,164.77,165.32,2042619,,https://api.nasdaq.com/api/quote/BRK.B/historical?assetclass=stocks&fromdate=2016-07-26&todate=2026-07-26&limit=5000
BRK.B,2016-12-27,165.51,165.82,164.78,164.95,2132966,,https://api.nasdaq.com/api/quote/BRK.B/historical?assetclass=stocks&fromdate=2016-07-26&todate=2026-07-26&limit=5000
BRK.B,2016-12-28,165.45,165.64,163.56,163.75,2552562,,https://api.nasdaq.com/api/quote/BRK.B/historical?assetclass=stocks&fromdate=2016-07-26&todate=2026-07-26&limit=5000
BRK.B,2016-12-29,163.93,164.47,163.01,163.05,2545251,,https://api.nasdaq.com/api/quote/BRK.B/historical?assetclass=stocks&fromdate=2016-07-26&todate=2026-07-26&limit=5000
BRK.B,2016-12-30,163.16,164.03,162.62,162.98,4041002,,https://api.nasdaq.com/api/quote/BRK.B/historical?assetclass=stocks&fromdate=2016-07-26&todate=2026-07-26&limit=5000
BRK.B,2017-01-03,164.34,164.71,162.44,163.83,4090487,,https://api.nasdaq.com/api/quote/BRK.B/historical?assetclass=stocks&fromdate=2016-07-26&todate=2026-07-26&limit=5000
BRK.B,2017-01-04,164.45,164.57,163,164.08,3568005,,https://api.nasdaq.com/api/quote/BRK.B/historical?assetclass=stocks&fromdate=2016-07-26&todate=2026-07-26&limit=5000
BRK.B,2017-01-05,164.06,164.14,162.18,163.3,2982422,,https://api.nasdaq.com/api/quote/BRK.B/historical?assetclass=stocks&fromdate=2016-07-26&todate=2026-07-26&limit=5000
BRK.B,2017-01-06,163.44,163.8,162.64,163.41,2694679,,https://api.nasdaq.com/api/quote/BRK.B/historical?assetclass=stocks&fromdate=2016-07-26&todate=2026-07-26&limit=5000
BRK.B,2017-01-09,163.04,163.25,162.02,162.02,3556785,,https://api.nasdaq.com/api/quote/BRK.B/historical?assetclass=stocks&fromdate=2016-07-26&todate=2026-07-26&limit=5000
BRK.B,2017-01-10,162,162.74,161.41,161.47,2670489,,https://api.nasdaq.com/api/quote/BRK.B/historical?assetclass=stocks&fromdate=2016-07-26&todate=2026-07-26&limit=5000
BRK.B,2017-01-11,161.54,162.45,161.03,162.23,3305047,,https://api.nasdaq.com/api/quote/BRK.B/historical?assetclass=stocks&fromdate=2016-07-26&todate=2026-07-26&limit=5000
BRK.B,2017-01-12,162,162.145,160.33,161.41,3229061,,https://api.nasdaq.com/api/quote/BRK.B/historical?assetclass=stocks&fromdate=2016-07-26&todate=2026-07-26&limit=5000
BRK.B,2017-01-13,161.81,163.13,161.51,161.9,3081634,,https://api.nasdaq.com/api/quote/BRK.B/historical?assetclass=stocks&fromdate=2016-07-26&todate=2026-07-26&limit=5000
BRK.B,2017-01-17,161.96,162,159.3,159.64,4711701,,https://api.nasdaq.com/api/quote/BRK.B/historical?assetclass=stocks&fromdate=2016-07-26&todate=2026-07-26&limit=5000
BRK.B,2017-01-18,160.04,160.86,159.43,160.49,3074718,,https://api.nasdaq.com/api/quote/BRK.B/historical?assetclass=stocks&fromdate=2016-07-26&todate=2026-07-26&limit=5000
BRK.B,2017-01-19,160.82,161.12,159.11,159.41,3171300,,https://api.nasdaq.com/api/quote/BRK.B/historical?assetclass=stocks&fromdate=2016-07-26&todate=2026-07-26&limit=5000
BRK.B,2017-01-20,160.21,160.78,159.58,160.21,4170000,,https://api.nasdaq.com/api/quote/BRK.B/historical?assetclass=stocks&fromdate=2016-07-26&todate=2026-07-26&limit=5000
BRK.B,2017-01-23,160.19,160.28,158.61,158.81,3434192,,https://api.nasdaq.com/api/quote/BRK.B/historical?assetclass=stocks&fromdate=2016-07-26&todate=2026-07-26&limit=5000
BRK.B,2017-01-24,159.26,161.09,158.77,160.72,4009509,,https://api.nasdaq.com/api/quote/BRK.B/historical?assetclass=stocks&fromdate=2016-07-26&todate=2026-07-26&limit=5000
BRK.B,2017-01-25,162,164.63,161.39,164.25,4497631,,https://api.nasdaq.com/api/quote/BRK.B/historical?assetclass=stocks&fromdate=2016-07-26&todate=2026-07-26&limit=5000
BRK.B,2017-01-26,164.88,165.03,164.08,164.92,3131632,,https://api.nasdaq.com/api/quote/BRK.B/historical?assetclass=stocks&fromdate=2016-07-26&todate=2026-07-26&limit=5000
BRK.B,2017-01-27,164.93,165.2999,163.46,164.4,2520302,,https://api.nasdaq.com/api/quote/BRK.B/historical?assetclass=stocks&fromdate=2016-07-26&todate=2026-07-26&limit=5000
BRK.B,2017-01-30,164.2,164.91,163.22,164.8,3194186,,https://api.nasdaq.com/api/quote/BRK.B/historical?assetclass=stocks&fromdate=2016-07-26&todate=2026-07-26&limit=5000
BRK.B,2017-01-31,164.64,165.06,163.08,164.14,3099479,,https://api.nasdaq.com/api/quote/BRK.B/historical?assetclass=stocks&fromdate=2016-07-26&todate=2026-07-26&limit=5000
BRK.B,2017-02-01,164.75,165.2,163.3,163.61,2906854,,https://api.nasdaq.com/api/quote/BRK.B/historical?assetclass=stocks&fromdate=2016-07-26&todate=2026-07-26&limit=5000
BRK.B,2017-02-02,163.31,163.31,162.27,163,3041775,,https://api.nasdaq.com/api/quote/BRK.B/historical?assetclass=stocks&fromdate=2016-07-26&todate=2026-07-26&limit=5000
BRK.B,2017-02-03,164,164.19,162.52,163.94,3351468,,https://api.nasdaq.com/api/quote/BRK.B/historical?assetclass=stocks&fromdate=2016-07-26&todate=2026-07-26&limit=5000
BRK.B,2017-02-06,163.88,163.93,163.04,163.42,2798155,,https://api.nasdaq.com/api/quote/BRK.B/historical?assetclass=stocks&fromdate=2016-07-26&todate=2026-07-26&limit=5000
BRK.B,2017-02-07,163.622,163.85,162.58,162.93,2446700,,https://api.nasdaq.com/api/quote/BRK.B/historical?assetclass=stocks&fromdate=2016-07-26&todate=2026-07-26&limit=5000
BRK.B,2017-02-08,162.9,163.13,162.15,162.87,2246032,,https://api.nasdaq.com/api/quote/BRK.B/historical?assetclass=stocks&fromdate=2016-07-26&todate=2026-07-26&limit=5000
BRK.B,2017-02-09,163.43,164.4229,162.82,164.04,2878165,,https://api.nasdaq.com/api/quote/BRK.B/historical?assetclass=stocks&fromdate=2016-07-26&todate=2026-07-26&limit=5000
BRK.B,2017-02-10,164.59,164.68,163.6,164.01,2489890,,https://api.nasdaq.com/api/quote/BRK.B/historical?assetclass=stocks&fromdate=2016-07-26&todate=2026-07-26&limit=5000
BRK.B,2017-02-13,164.71,166.24,164.44,165.85,2958602,,https://api.nasdaq.com/api/quote/BRK.B/historical?assetclass=stocks&fromdate=2016-07-26&todate=2026-07-26&limit=5000
BRK.B,2017-02-14,165.85,167,165.17,166.95,3055730,,https://api.nasdaq.com/api/quote/BRK.B/historical?assetclass=stocks&fromdate=2016-07-26&todate=2026-07-26&limit=5000
BRK.B,2017-02-15,167.21,167.34,166.12,167.28,4347481,,https://api.nasdaq.com/api/quote/BRK.B/historical?assetclass=stocks&fromdate=2016-07-26&todate=2026-07-26&limit=5000
BRK.B,2017-02-16,167.28,167.8,166.1,167.74,3152169,,https://api.nasdaq.com/api/quote/BRK.B/historical?assetclass=stocks&fromdate=2016-07-26&todate=2026-07-26&limit=5000
BRK.B,2017-02-17,167.56,168.7,166.71,168.57,3685137,,https://api.nasdaq.com/api/quote/BRK.B/historical?assetclass=stocks&fromdate=2016-07-26&todate=2026-07-26&limit=5000
BRK.B,2017-02-21,168.92,169.65,168.47,168.92,4414581,,https://api.nasdaq.com/api/quote/BRK.B/historical?assetclass=stocks&fromdate=2016-07-26&todate=2026-07-26&limit=5000
BRK.B,2017-02-22,168.92,169.7,168.3274,169.61,3298377,,https://api.nasdaq.com/api/quote/BRK.B/historical?assetclass=stocks&fromdate=2016-07-26&todate=2026-07-26&limit=5000
BRK.B,2017-02-23,169.96,170.16,169.1085,170.15,3376857,,https://api.nasdaq.com/api/quote/BRK.B/historical?assetclass=stocks&fromdate=2016-07-26&todate=2026-07-26&limit=5000
BRK.B,2017-02-24,169.5,170.275,169.22,170.22,4021245,,https://api.nasdaq.com/api/quote/BRK.B/historical?assetclass=stocks&fromdate=2016-07-26&todate=2026-07-26&limit=5000
BRK.B,2017-02-27,170.9,171.2,170.32,170.63,3738078,,https://api.nasdaq.com/api/quote/BRK.B/historical?assetclass=stocks&fromdate=2016-07-26&todate=2026-07-26&limit=5000
BRK.B,2017-02-28,170.9,172.2,170.51,171.42,6463819,,https://api.nasdaq.com/api/quote/BRK.B/historical?assetclass=stocks&fromdate=2016-07-26&todate=2026-07-26&limit=5000
BRK.B,2017-03-01,173.7,177.41,173.7,177.28,7136147,,https://api.nasdaq.com/api/quote/BRK.B/historical?assetclass=stocks&fromdate=2016-07-26&todate=2026-07-26&limit=5000
BRK.B,2017-03-02,177.86,177.86,175.48,175.89,4153131,,https://api.nasdaq.com/api/quote/BRK.B/historical?assetclass=stocks&fromdate=2016-07-26&todate=2026-07-26&limit=5000
BRK.B,2017-03-03,175.97,176.46,175.04,175.68,3572161,,https://api.nasdaq.com/api/quote/BRK.B/historical?assetclass=stocks&fromdate=2016-07-26&todate=2026-07-26&limit=5000
BRK.B,2017-03-06,175.44,175.88,174.51,175.4,3374694,,https://api.nasdaq.com/api/quote/BRK.B/historical?assetclass=stocks&fromdate=2016-07-26&todate=2026-07-26&limit=5000
BRK.B,2017-03-07,175.58,175.76,174.9,175.3,2643644,,https://api.nasdaq.com/api/quote/BRK.B/historical?assetclass=stocks&fromdate=2016-07-26&todate=2026-07-26&limit=5000
BRK.B,2017-03-08,175.89,176,174.8,174.97,3333007,,https://api.nasdaq.com/api/quote/BRK.B/historical?assetclass=stocks&fromdate=2016-07-26&todate=2026-07-26&limit=5000
BRK.B,2017-03-09,175.7,175.85,174.8152,175.37,2955385,,https://api.nasdaq.com/api/quote/BRK.B/historical?assetclass=stocks&fromdate=2016-07-26&todate=2026-07-26&limit=5000
BRK.B,2017-03-10,176,176.14,174.45,174.98,3789593,,https://api.nasdaq.com/api/quote/BRK.B/historical?assetclass=stocks&fromdate=2016-07-26&todate=2026-07-26&limit=5000
BRK.B,2017-03-13,175.29,175.6,174.69,175.39,3332960,,https://api.nasdaq.com/api/quote/BRK.B/historical?assetclass=stocks&fromdate=2016-07-26&todate=2026-07-26&limit=5000
BRK.B,2017-03-14,175.22,175.43,174.23,174.73,2972395,,https://api.nasdaq.com/api/quote/BRK.B/historical?assetclass=stocks&fromdate=2016-07-26&todate=2026-07-26&limit=5000
BRK.B,2017-03-15,174.98,175.08,173.77,174.67,3926372,,https://api.nasdaq.com/api/quote/BRK.B/historical?assetclass=stocks&fromdate=2016-07-26&todate=2026-07-26&limit=5000
BRK.B,2017-03-16,175.15,175.43,173.7,174.08,3114846,,https://api.nasdaq.com/api/quote/BRK.B/historical?assetclass=stocks&fromdate=2016-07-26&todate=2026-07-26&limit=5000
BRK.B,2017-03-17,173.89,173.89,172.32,172.82,6709577,,https://api.nasdaq.com/api/quote/BRK.B/historical?assetclass=stocks&fromdate=2016-07-26&todate=2026-07-26&limit=5000
BRK.B,2017-03-20,172.3,172.868,171.6,172.07,3340555,,https://api.nasdaq.com/api/quote/BRK.B/historical?assetclass=stocks&fromdate=2016-07-26&todate=2026-07-26&limit=5000
BRK.B,2017-03-21,172.16,172.44,169.03,169.47,4964831,,https://api.nasdaq.com/api/quote/BRK.B/historical?assetclass=stocks&fromdate=2016-07-26&todate=2026-07-26&limit=5000
BRK.B,2017-03-22,169.27,170.04,168.02,169.3,3252779,,https://api.nasdaq.com/api/quote/BRK.B/historical?assetclass=stocks&fromdate=2016-07-26&todate=2026-07-26&limit=5000
BRK.B,2017-03-23,169.66,171.36,169.21,169.89,3142264,,https://api.nasdaq.com/api/quote/BRK.B/historical?assetclass=stocks&fromdate=2016-07-26&todate=2026-07-26&limit=5000
BRK.B,2017-03-24,170.45,170.45,168.02,168.66,4128322,,https://api.nasdaq.com/api/quote/BRK.B/historical?assetclass=stocks&fromdate=2016-07-26&todate=2026-07-26&limit=5000
BRK.B,2017-03-27,166.89,167.5103,165.8,167.44,4867834,,https://api.nasdaq.com/api/quote/BRK.B/historical?assetclass=stocks&fromdate=2016-07-26&todate=2026-07-26&limit=5000
BRK.B,2017-03-28,167.28,168.612,166.36,168.31,4597022,,https://api.nasdaq.com/api/quote/BRK.B/historical?assetclass=stocks&fromdate=2016-07-26&todate=2026-07-26&limit=5000
BRK.B,2017-03-29,168,168.3,166.44,166.59,4774998,,https://api.nasdaq.com/api/quote/BRK.B/historical?assetclass=stocks&fromdate=2016-07-26&todate=2026-07-26&limit=5000
BRK.B,2017-03-30,166.3,167.69,166,167.36,3393050,,https://api.nasdaq.com/api/quote/BRK.B/historical?assetclass=stocks&fromdate=2016-07-26&todate=2026-07-26&limit=5000
BRK.B,2017-03-31,167.41,167.6,166.34,166.68,3564469,,https://api.nasdaq.com/api/quote/BRK.B/historical?assetclass=stocks&fromdate=2016-07-26&todate=2026-07-26&limit=5000
BRK.B,2017-04-03,166.72,167,165.32,166.87,3985774,,https://api.nasdaq.com/api/quote/BRK.B/historical?assetclass=stocks&fromdate=2016-07-26&todate=2026-07-26&limit=5000
BRK.B,2017-04-04,166.61,167,166.14,166.86,2731079,,https://api.nasdaq.com/api/quote/BRK.B/historical?assetclass=stocks&fromdate=2016-07-26&todate=2026-07-26&limit=5000
BRK.B,2017-04-05,167.45,168.23,165.67,165.83,4986621,,https://api.nasdaq.com/api/quote/BRK.B/historical?assetclass=stocks&fromdate=2016-07-26&todate=2026-07-26&limit=5000
BRK.B,2017-04-06,165.64,166.995,165.02,166.47,3887987,,https://api.nasdaq.com/api/quote/BRK.B/historical?assetclass=stocks&fromdate=2016-07-26&todate=2026-07-26&limit=5000
BRK.B,2017-04-07,165.62,166.89,165.48,166.17,2593913,,https://api.nasdaq.com/api/quote/BRK.B/historical?assetclass=stocks&fromdate=2016-07-26&todate=2026-07-26&limit=5000
BRK.B,2017-04-10,166.2,167,165.975,166.35,3015412,,https://api.nasdaq.com/api/quote/BRK.B/historical?assetclass=stocks&fromdate=2016-07-26&todate=2026-07-26&limit=5000
BRK.B,2017-04-11,165.8,166.22,164.85,165.7,3488115,,https://api.nasdaq.com/api/quote/BRK.B/historical?assetclass=stocks&fromdate=2016-07-26&todate=2026-07-26&limit=5000
BRK.B,2017-04-12,165.07,165.48,164.66,165.11,3419271,,https://api.nasdaq.com/api/quote/BRK.B/historical?assetclass=stocks&fromdate=2016-07-26&todate=2026-07-26&limit=5000
BRK.B,2017-04-13,164.98,165.28,162.87,162.9,3631587,,https://api.nasdaq.com/api/quote/BRK.B/historical?assetclass=stocks&fromdate=2016-07-26&todate=2026-07-26&limit=5000
BRK.B,2017-04-17,163.61,164.63,162.67,164.35,3406779,,https://api.nasdaq.com/api/quote/BRK.B/historical?assetclass=stocks&fromdate=2016-07-26&todate=2026-07-26&limit=5000
BRK.B,2017-04-18,163.87,164.23,163.09,163.69,2976241,,https://api.nasdaq.com/api/quote/BRK.B/historical?assetclass=stocks&fromdate=2016-07-26&todate=2026-07-26&limit=5000
BRK.B,2017-04-19,164.1,164.49,162.28,162.76,3932793,,https://api.nasdaq.com/api/quote/BRK.B/historical?assetclass=stocks&fromdate=2016-07-26&todate=2026-07-26&limit=5000
BRK.B,2017-04-20,163.29,165.235,163.04,164.98,3727695,,https://api.nasdaq.com/api/quote/BRK.B/historical?assetclass=stocks&fromdate=2016-07-26&todate=2026-07-26&limit=5000
BRK.B,2017-04-21,164.4,164.95,163.34,163.41,5121246,,https://api.nasdaq.com/api/quote/BRK.B/historical?assetclass=stocks&fromdate=2016-07-26&todate=2026-07-26&limit=5000
BRK.B,2017-04-24,165.7,165.99,164.4,165.78,4134334,,https://api.nasdaq.com/api/quote/BRK.B/historical?assetclass=stocks&fromdate=2016-07-26&todate=2026-07-26&limit=5000
BRK.B,2017-04-25,166.92,167.96,166.6,167.53,4267512,,https://api.nasdaq.com/api/quote/BRK.B/historical?assetclass=stocks&fromdate=2016-07-26&todate=2026-07-26&limit=5000
BRK.B,2017-04-26,167.5,168.95,167.25,167.63,4083810,,https://api.nasdaq.com/api/quote/BRK.B/historical?assetclass=stocks&fromdate=2016-07-26&todate=2026-07-26&limit=5000
BRK.B,2017-04-27,167.65,167.81,165.5,166.55,4289852,,https://api.nasdaq.com/api/quote/BRK.B/historical?assetclass=stocks&fromdate=2016-07-26&todate=2026-07-26&limit=5000
BRK.B,2017-04-28,166.28,166.55,164.68,165.21,3042753,,https://api.nasdaq.com/api/quote/BRK.B/historical?assetclass=stocks&fromdate=2016-07-26&todate=2026-07-26&limit=5000
BRK.B,2017-05-01,165.8,166.32,165.35,165.44,3134181,,https://api.nasdaq.com/api/quote/BRK.B/historical?assetclass=stocks&fromdate=2016-07-26&todate=2026-07-26&limit=5000
BRK.B,2017-05-02,165.9,166.3299,165.16,166.05,2780956,,https://api.nasdaq.com/api/quote/BRK.B/historical?assetclass=stocks&fromdate=2016-07-26&todate=2026-07-26&limit=5000
BRK.B,2017-05-03,165.7,167.08,165.5,166.73,2981734,,https://api.nasdaq.com/api/quote/BRK.B/historical?assetclass=stocks&fromdate=2016-07-26&todate=2026-07-26&limit=5000
BRK.B,2017-05-04,167.64,168.04,166.22,166.34,3643122,,https://api.nasdaq.com/api/quote/BRK.B/historical?assetclass=stocks&fromdate=2016-07-26&todate=2026-07-26&limit=5000
BRK.B,2017-05-05,167.12,167.14,165.879,166.55,3576792,,https://api.nasdaq.com/api/quote/BRK.B/historical?assetclass=stocks&fromdate=2016-07-26&todate=2026-07-26&limit=5000
BRK.B,2017-05-08,166.5,166.6,164.1,165.02,5162733,,https://api.nasdaq.com/api/quote/BRK.B/historical?assetclass=stocks&fromdate=2016-07-26&todate=2026-07-26&limit=5000
BRK.B,2017-05-09,165.17,165.24,163,163.46,3839281,,https://api.nasdaq.com/api/quote/BRK.B/historical?assetclass=stocks&fromdate=2016-07-26&todate=2026-07-26&limit=5000
BRK.B,2017-05-10,163.36,163.88,163.03,163.72,3234547,,https://api.nasdaq.com/api/quote/BRK.B/historical?assetclass=stocks&fromdate=2016-07-26&todate=2026-07-26&limit=5000
BRK.B,2017-05-11,163.58,163.77,162.39,163.27,3285863,,https://api.nasdaq.com/api/quote/BRK.B/historical?assetclass=stocks&fromdate=2016-07-26&todate=2026-07-26&limit=5000
BRK.B,2017-05-12,163.06,163.49,162.47,163.32,3592141,,https://api.nasdaq.com/api/quote/BRK.B/historical?assetclass=stocks&fromdate=2016-07-26&todate=2026-07-26&limit=5000
BRK.B,2017-05-15,163.81,164.08,163.26,163.8,2915252,,https://api.nasdaq.com/api/quote/BRK.B/historical?assetclass=stocks&fromdate=2016-07-26&todate=2026-07-26&limit=5000
BRK.B,2017-05-16,164.1,164.29,163.25,163.61,2433875,,https://api.nasdaq.com/api/quote/BRK.B/historical?assetclass=stocks&fromdate=2016-07-26&todate=2026-07-26&limit=5000
BRK.B,2017-05-17,162.44,162.86,161.18,161.26,4790796,,https://api.nasdaq.com/api/quote/BRK.B/historical?assetclass=stocks&fromdate=2016-07-26&todate=2026-07-26&limit=5000
BRK.B,2017-05-18,161.5,162.62,160.93,161.62,3645521,,https://api.nasdaq.com/api/quote/BRK.B/historical?assetclass=stocks&fromdate=2016-07-26&todate=2026-07-26&limit=5000
BRK.B,2017-05-19,161.86,164.08,161.58,163.24,4162719,,https://api.nasdaq.com/api/quote/BRK.B/historical?assetclass=stocks&fromdate=2016-07-26&todate=2026-07-26&limit=5000
BRK.B,2017-05-22,164.8,165.48,163.94,165.13,4345716,,https://api.nasdaq.com/api/quote/BRK.B/historical?assetclass=stocks&fromdate=2016-07-26&todate=2026-07-26&limit=5000
BRK.B,2017-05-23,165.4,165.77,164.8736,165.48,3352162,,https://api.nasdaq.com/api/quote/BRK.B/historical?assetclass=stocks&fromdate=2016-07-26&todate=2026-07-26&limit=5000
BRK.B,2017-05-24,165.9,165.9,164.55,164.93,2622526,,https://api.nasdaq.com/api/quote/BRK.B/historical?assetclass=stocks&fromdate=2016-07-26&todate=2026-07-26&limit=5000
BRK.B,2017-05-25,165.23,165.5,164.71,165.3,2603074,,https://api.nasdaq.com/api/quote/BRK.B/historical?assetclass=stocks&fromdate=2016-07-26&todate=2026-07-26&limit=5000
BRK.B,2017-05-26,165.25,165.88,165.0177,165.69,2152056,,https://api.nasdaq.com/api/quote/BRK.B/historical?assetclass=stocks&fromdate=2016-07-26&todate=2026-07-26&limit=5000
BRK.B,2017-05-30,165.79,165.87,164.47,165.11,3045253,,https://api.nasdaq.com/api/quote/BRK.B/historical?assetclass=stocks&fromdate=2016-07-26&todate=2026-07-26&limit=5000
BRK.B,2017-05-31,165.27,165.45,164.1,165.28,5679919,,https://api.nasdaq.com/api/quote/BRK.B/historical?assetclass=stocks&fromdate=2016-07-26&todate=2026-07-26&limit=5000
BRK.B,2017-06-01,165.8,166.69,164.75,166.66,3329334,,https://api.nasdaq.com/api/quote/BRK.B/historical?assetclass=stocks&fromdate=2016-07-26&todate=2026-07-26&limit=5000
BRK.B,2017-06-02,166.13,166.92,165.85,166.29,3917249,,https://api.nasdaq.com/api/quote/BRK.B/historical?assetclass=stocks&fromdate=2016-07-26&todate=2026-07-26&limit=5000
BRK.B,2017-06-05,166.43,167.1337,166.33,166.52,2303225,,https://api.nasdaq.com/api/quote/BRK.B/historical?assetclass=stocks&fromdate=2016-07-26&todate=2026-07-26&limit=5000
BRK.B,2017-06-06,166.12,166.72,165.88,166.13,2752200,,https://api.nasdaq.com/api/quote/BRK.B/historical?assetclass=stocks&fromdate=2016-07-26&todate=2026-07-26&limit=5000
BRK.B,2017-06-07,166.14,166.75,165.87,166.5,2987470,,https://api.nasdaq.com/api/quote/BRK.B/historical?assetclass=stocks&fromdate=2016-07-26&todate=2026-07-26&limit=5000
BRK.B,2017-06-08,166.35,167.94,166.23,166.94,4357296,,https://api.nasdaq.com/api/quote/BRK.B/historical?assetclass=stocks&fromdate=2016-07-26&todate=2026-07-26&limit=5000
BRK.B,2017-06-09,167.67,170.14,167.42,170,3775377,,https://api.nasdaq.com/api/quote/BRK.B/historical?assetclass=stocks&fromdate=2016-07-26&todate=2026-07-26&limit=5000
BRK.B,2017-06-12,169.43,170.65,169.26,170.5,4660033,,https://api.nasdaq.com/api/quote/BRK.B/historical?assetclass=stocks&fromdate=2016-07-26&todate=2026-07-26&limit=5000
BRK.B,2017-06-13,171.5,171.82,170.9001,171.47,3142795,,https://api.nasdaq.com/api/quote/BRK.B/historical?assetclass=stocks&fromdate=2016-07-26&todate=2026-07-26&limit=5000
BRK.B,2017-06-14,170.92,171.5,169.55,171.45,3338851,,https://api.nasdaq.com/api/quote/BRK.B/historical?assetclass=stocks&fromdate=2016-07-26&todate=2026-07-26&limit=5000
BRK.B,2017-06-15,170.6,170.9216,169.57,170.55,3244524,,https://api.nasdaq.com/api/quote/BRK.B/historical?assetclass=stocks&fromdate=2016-07-26&todate=2026-07-26&limit=5000
BRK.B,2017-06-16,170.6,171.04,169.7501,170.48,6494750,,https://api.nasdaq.com/api/quote/BRK.B/historical?assetclass=stocks&fromdate=2016-07-26&todate=2026-07-26&limit=5000
BRK.B,2017-06-19,171.39,171.95,170.78,171.55,2868903,,https://api.nasdaq.com/api/quote/BRK.B/historical?assetclass=stocks&fromdate=2016-07-26&todate=2026-07-26&limit=5000
BRK.B,2017-06-20,171.68,171.68,170.45,170.55,2470047,,https://api.nasdaq.com/api/quote/BRK.B/historical?assetclass=stocks&fromdate=2016-07-26&todate=2026-07-26&limit=5000
BRK.B,2017-06-21,170.61,170.78,169.34,169.62,2365074,,https://api.nasdaq.com/api/quote/BRK.B/historical?assetclass=stocks&fromdate=2016-07-26&todate=2026-07-26&limit=5000
BRK.B,2017-06-22,169.33,169.67,168.31,168.32,2673540,,https://api.nasdaq.com/api/quote/BRK.B/historical?assetclass=stocks&fromdate=2016-07-26&todate=2026-07-26&limit=5000
BRK.B,2017-06-23,169.27,169.27,166.64,167.22,4046634,,https://api.nasdaq.com/api/quote/BRK.B/historical?assetclass=stocks&fromdate=2016-07-26&todate=2026-07-26&limit=5000
BRK.B,2017-06-26,167.8,168.28,166.9676,167.49,2542983,,https://api.nasdaq.com/api/quote/BRK.B/historical?assetclass=stocks&fromdate=2016-07-26&todate=2026-07-26&limit=5000
BRK.B,2017-06-27,167.72,168.06,166.78,167.35,2995517,,https://api.nasdaq.com/api/quote/BRK.B/historical?assetclass=stocks&fromdate=2016-07-26&todate=2026-07-26&limit=5000
BRK.B,2017-06-28,167.93,170.15,167.9,169.89,3210396,,https://api.nasdaq.com/api/quote/BRK.B/historical?assetclass=stocks&fromdate=2016-07-26&todate=2026-07-26&limit=5000
BRK.B,2017-06-29,170.68,171.37,168.6,169.3,3544629,,https://api.nasdaq.com/api/quote/BRK.B/historical?assetclass=stocks&fromdate=2016-07-26&todate=2026-07-26&limit=5000
BRK.B,2017-06-30,170.01,170.15,169.27,169.37,3627582,,https://api.nasdaq.com/api/quote/BRK.B/historical?assetclass=stocks&fromdate=2016-07-26&todate=2026-07-26&limit=5000
BRK.B,2017-07-03,170.4,172.7,169.95,171.8,2493428,,https://api.nasdaq.com/api/quote/BRK.B/historical?assetclass=stocks&fromdate=2016-07-26&todate=2026-07-26&limit=5000
BRK.B,2017-07-05,172.06,172.505,171.28,171.85,2558538,,https://api.nasdaq.com/api/quote/BRK.B/historical?assetclass=stocks&fromdate=2016-07-26&todate=2026-07-26&limit=5000
BRK.B,2017-07-06,171.56,171.97,170.09,170.2,3181219,,https://api.nasdaq.com/api/quote/BRK.B/historical?assetclass=stocks&fromdate=2016-07-26&todate=2026-07-26&limit=5000
BRK.B,2017-07-07,170.84,171.32,169.9,171.14,2797899,,https://api.nasdaq.com/api/quote/BRK.B/historical?assetclass=stocks&fromdate=2016-07-26&todate=2026-07-26&limit=5000
BRK.B,2017-07-10,170.61,171.31,169.9,170.25,2466104,,https://api.nasdaq.com/api/quote/BRK.B/historical?assetclass=stocks&fromdate=2016-07-26&todate=2026-07-26&limit=5000
BRK.B,2017-07-11,169.94,170.2,168,169.24,3525358,,https://api.nasdaq.com/api/quote/BRK.B/historical?assetclass=stocks&fromdate=2016-07-26&todate=2026-07-26&limit=5000
BRK.B,2017-07-12,169.79,170.09,169.06,169.92,3018227,,https://api.nasdaq.com/api/quote/BRK.B/historical?assetclass=stocks&fromdate=2016-07-26&todate=2026-07-26&limit=5000
BRK.B,2017-07-13,170.06,170.07,169.25,169.69,3170508,,https://api.nasdaq.com/api/quote/BRK.B/historical?assetclass=stocks&fromdate=2016-07-26&todate=2026-07-26&limit=5000
BRK.B,2017-07-14,168.9,169.92,168.52,169.47,2921146,,https://api.nasdaq.com/api/quote/BRK.B/historical?assetclass=stocks&fromdate=2016-07-26&todate=2026-07-26&limit=5000
BRK.B,2017-07-17,169.44,170.73,168.95,170.16,3044266,,https://api.nasdaq.com/api/quote/BRK.B/historical?assetclass=stocks&fromdate=2016-07-26&todate=2026-07-26&limit=5000
BRK.B,2017-07-18,170.04,170.69,169.56,170.31,2599803,,https://api.nasdaq.com/api/quote/BRK.B/historical?assetclass=stocks&fromdate=2016-07-26&todate=2026-07-26&limit=5000
BRK.B,2017-07-19,170.665,171.33,170.35,171.2,1922738,,https://api.nasdaq.com/api/quote/BRK.B/historical?assetclass=stocks&fromdate=2016-07-26&todate=2026-07-26&limit=5000
BRK.B,2017-07-20,171.33,171.87,171.07,171.33,2128532,,https://api.nasdaq.com/api/quote/BRK.B/historical?assetclass=stocks&fromdate=2016-07-26&todate=2026-07-26&limit=5000
BRK.B,2017-07-21,171.57,171.69,170.66,171.34,2419760,,https://api.nasdaq.com/api/quote/BRK.B/historical?assetclass=stocks&fromdate=2016-07-26&todate=2026-07-26&limit=5000
BRK.B,2017-07-24,171.5,171.8799,171.07,171.37,2432723,,https://api.nasdaq.com/api/quote/BRK.B/historical?assetclass=stocks&fromdate=2016-07-26&todate=2026-07-26&limit=5000
BRK.B,2017-07-25,172.15,173.37,172.15,172.94,2920500,,https://api.nasdaq.com/api/quote/BRK.B/historical?assetclass=stocks&fromdate=2016-07-26&todate=2026-07-26&limit=5000
BRK.B,2017-07-26,173,173.79,172.5,173.02,2848352,,https://api.nasdaq.com/api/quote/BRK.B/historical?assetclass=stocks&fromdate=2016-07-26&todate=2026-07-26&limit=5000
BRK.B,2017-07-27,173.17,173.18,172.22,173.05,3522643,,https://api.nasdaq.com/api/quote/BRK.B/historical?assetclass=stocks&fromdate=2016-07-26&todate=2026-07-26&limit=5000
BRK.B,2017-07-28,173.06,174.34,172.13,174,2175563,,https://api.nasdaq.com/api/quote/BRK.B/historical?assetclass=stocks&fromdate=2016-07-26&todate=2026-07-26&limit=5000
BRK.B,2017-07-31,174.7,175.6,174.2,174.97,3475050,,https://api.nasdaq.com/api/quote/BRK.B/historical?assetclass=stocks&fromdate=2016-07-26&todate=2026-07-26&limit=5000
BRK.B,2017-08-01,175.93,176.38,174.81,176.29,2663959,,https://api.nasdaq.com/api/quote/BRK.B/historical?assetclass=stocks&fromdate=2016-07-26&todate=2026-07-26&limit=5000
BRK.B,2017-08-02,176.29,177.92,175.91,177.85,3170721,,https://api.nasdaq.com/api/quote/BRK.B/historical?assetclass=stocks&fromdate=2016-07-26&todate=2026-07-26&limit=5000
BRK.B,2017-08-03,177.5,179,177.44,178.99,2855722,,https://api.nasdaq.com/api/quote/BRK.B/historical?assetclass=stocks&fromdate=2016-07-26&todate=2026-07-26&limit=5000
BRK.B,2017-08-04,179.8,179.99,178.69,179.92,2630478,,https://api.nasdaq.com/api/quote/BRK.B/historical?assetclass=stocks&fromdate=2016-07-26&todate=2026-07-26&limit=5000
BRK.B,2017-08-07,177.04,178.41,177.04,178.04,3279173,,https://api.nasdaq.com/api/quote/BRK.B/historical?assetclass=stocks&fromdate=2016-07-26&todate=2026-07-26&limit=5000
BRK.B,2017-08-08,177.71,178.29,176.2,176.43,2907590,,https://api.nasdaq.com/api/quote/BRK.B/historical?assetclass=stocks&fromdate=2016-07-26&todate=2026-07-26&limit=5000
BRK.B,2017-08-09,175.5,178.16,175.05,178.06,2803036,,https://api.nasdaq.com/api/quote/BRK.B/historical?assetclass=stocks&fromdate=2016-07-26&todate=2026-07-26&limit=5000
BRK.B,2017-08-10,177.13,177.6,176.26,176.36,3083186,,https://api.nasdaq.com/api/quote/BRK.B/historical?assetclass=stocks&fromdate=2016-07-26&todate=2026-07-26&limit=5000
BRK.B,2017-08-11,176.32,177.17,175.27,175.34,2580188,,https://api.nasdaq.com/api/quote/BRK.B/historical?assetclass=stocks&fromdate=2016-07-26&todate=2026-07-26&limit=5000
BRK.B,2017-08-14,176.75,177.73,176.45,177.29,2708446,,https://api.nasdaq.com/api/quote/BRK.B/historical?assetclass=stocks&fromdate=2016-07-26&todate=2026-07-26&limit=5000
BRK.B,2017-08-15,177.74,178.1499,177.24,177.47,2669907,,https://api.nasdaq.com/api/quote/BRK.B/historical?assetclass=stocks&fromdate=2016-07-26&todate=2026-07-26&limit=5000
BRK.B,2017-08-16,178.2,178.97,177.6,178.54,2299064,,https://api.nasdaq.com/api/quote/BRK.B/historical?assetclass=stocks&fromdate=2016-07-26&todate=2026-07-26&limit=5000
BRK.B,2017-08-17,178.25,178.7,177.16,177.16,4100648,,https://api.nasdaq.com/api/quote/BRK.B/historical?assetclass=stocks&fromdate=2016-07-26&todate=2026-07-26&limit=5000
BRK.B,2017-08-18,176.57,178.82,176.27,177.56,3585926,,https://api.nasdaq.com/api/quote/BRK.B/historical?assetclass=stocks&fromdate=2016-07-26&todate=2026-07-26&limit=5000
BRK.B,2017-08-21,177.62,178.5,177.07,178.34,2515852,,https://api.nasdaq.com/api/quote/BRK.B/historical?assetclass=stocks&fromdate=2016-07-26&todate=2026-07-26&limit=5000
BRK.B,2017-08-22,178.5,180.61,178.46,180.45,2928377,,https://api.nasdaq.com/api/quote/BRK.B/historical?assetclass=stocks&fromdate=2016-07-26&todate=2026-07-26&limit=5000
BRK.B,2017-08-23,179.25,180.52,179,179.98,2444515,,https://api.nasdaq.com/api/quote/BRK.B/historical?assetclass=stocks&fromdate=2016-07-26&todate=2026-07-26&limit=5000
BRK.B,2017-08-24,179.98,180,178.13,178.43,3247669,,https://api.nasdaq.com/api/quote/BRK.B/historical?assetclass=stocks&fromdate=2016-07-26&todate=2026-07-26&limit=5000
BRK.B,2017-08-25,179,180.16,178.8561,179.6,2280206,,https://api.nasdaq.com/api/quote/BRK.B/historical?assetclass=stocks&fromdate=2016-07-26&todate=2026-07-26&limit=5000
BRK.B,2017-08-28,179.77,179.9,178.02,178.7,2983701,,https://api.nasdaq.com/api/quote/BRK.B/historical?assetclass=stocks&fromdate=2016-07-26&todate=2026-07-26&limit=5000
BRK.B,2017-08-29,177.72,178.7,177.2,178.62,2496939,,https://api.nasdaq.com/api/quote/BRK.B/historical?assetclass=stocks&fromdate=2016-07-26&todate=2026-07-26&limit=5000
BRK.B,2017-08-30,178.71,181.03,178.51,180.35,3303822,,https://api.nasdaq.com/api/quote/BRK.B/historical?assetclass=stocks&fromdate=2016-07-26&todate=2026-07-26&limit=5000
BRK.B,2017-08-31,180.35,181.87,180.25,181.16,4376128,,https://api.nasdaq.com/api/quote/BRK.B/historical?assetclass=stocks&fromdate=2016-07-26&todate=2026-07-26&limit=5000
BRK.B,2017-09-01,181.6,181.97,180.57,180.73,2536807,,https://api.nasdaq.com/api/quote/BRK.B/historical?assetclass=stocks&fromdate=2016-07-26&todate=2026-07-26&limit=5000
BRK.B,2017-09-05,180.29,180.29,176.29,176.98,4890256,,https://api.nasdaq.com/api/quote/BRK.B/historical?assetclass=stocks&fromdate=2016-07-26&todate=2026-07-26&limit=5000
BRK.B,2017-09-06,177.35,177.87,176.73,176.79,4269694,,https://api.nasdaq.com/api/quote/BRK.B/historical?assetclass=stocks&fromdate=2016-07-26&todate=2026-07-26&limit=5000
BRK.B,2017-09-07,177.05,177.48,172.61,173.99,4619837,,https://api.nasdaq.com/api/quote/BRK.B/historical?assetclass=stocks&fromdate=2016-07-26&todate=2026-07-26&limit=5000
BRK.B,2017-09-08,173.9,175.815,173.57,175.5,3733892,,https://api.nasdaq.com/api/quote/BRK.B/historical?assetclass=stocks&fromdate=2016-07-26&todate=2026-07-26&limit=5000
BRK.B,2017-09-11,177.75,179.24,177.33,177.87,4104430,,https://api.nasdaq.com/api/quote/BRK.B/historical?assetclass=stocks&fromdate=2016-07-26&todate=2026-07-26&limit=5000
BRK.B,2017-09-12,178,178.72,177.8,178.63,2351137,,https://api.nasdaq.com/api/quote/BRK.B/historical?assetclass=stocks&fromdate=2016-07-26&todate=2026-07-26&limit=5000
BRK.B,2017-09-13,177.76,179.15,177.61,178.92,2679319,,https://api.nasdaq.com/api/quote/BRK.B/historical?assetclass=stocks&fromdate=2016-07-26&todate=2026-07-26&limit=5000
BRK.B,2017-09-14,178.8,179.16,178.38,178.57,3302456,,https://api.nasdaq.com/api/quote/BRK.B/historical?assetclass=stocks&fromdate=2016-07-26&todate=2026-07-26&limit=5000
BRK.B,2017-09-15,179.24,180.36,178.81,179.89,9209883,,https://api.nasdaq.com/api/quote/BRK.B/historical?assetclass=stocks&fromdate=2016-07-26&todate=2026-07-26&limit=5000
BRK.B,2017-09-18,180.5,181.74,180.27,181.47,3530056,,https://api.nasdaq.com/api/quote/BRK.B/historical?assetclass=stocks&fromdate=2016-07-26&todate=2026-07-26&limit=5000
BRK.B,2017-09-19,181.5,183.01,181.5,183.01,3157955,,https://api.nasdaq.com/api/quote/BRK.B/historical?assetclass=stocks&fromdate=2016-07-26&todate=2026-07-26&limit=5000
BRK.B,2017-09-20,183.3,183.93,182.46,183.82,3538711,,https://api.nasdaq.com/api/quote/BRK.B/historical?assetclass=stocks&fromdate=2016-07-26&todate=2026-07-26&limit=5000
BRK.B,2017-09-21,183.32,183.93,183.03,183.16,2316456,,https://api.nasdaq.com/api/quote/BRK.B/historical?assetclass=stocks&fromdate=2016-07-26&todate=2026-07-26&limit=5000
BRK.B,2017-09-22,182.63,182.84,181.3034,181.86,2687624,,https://api.nasdaq.com/api/quote/BRK.B/historical?assetclass=stocks&fromdate=2016-07-26&todate=2026-07-26&limit=5000
BRK.B,2017-09-25,181.99,182.64,180.8,182.52,2424230,,https://api.nasdaq.com/api/quote/BRK.B/historical?assetclass=stocks&fromdate=2016-07-26&todate=2026-07-26&limit=5000
BRK.B,2017-09-26,182.55,182.87,181.74,181.86,2254346,,https://api.nasdaq.com/api/quote/BRK.B/historical?assetclass=stocks&fromdate=2016-07-26&todate=2026-07-26&limit=5000
BRK.B,2017-09-27,182.87,184,182.51,183.27,2560449,,https://api.nasdaq.com/api/quote/BRK.B/historical?assetclass=stocks&fromdate=2016-07-26&todate=2026-07-26&limit=5000
BRK.B,2017-09-28,183.4,183.95,182.44,183.21,1924729,,https://api.nasdaq.com/api/quote/BRK.B/historical?assetclass=stocks&fromdate=2016-07-26&todate=2026-07-26&limit=5000
BRK.B,2017-09-29,183.59,183.68,182.42,183.32,2739953,,https://api.nasdaq.com/api/quote/BRK.B/historical?assetclass=stocks&fromdate=2016-07-26&todate=2026-07-26&limit=5000
BRK.B,2017-10-02,183.45,185.47,182.9301,185.41,2421314,,https://api.nasdaq.com/api/quote/BRK.B/historical?assetclass=stocks&fromdate=2016-07-26&todate=2026-07-26&limit=5000
BRK.B,2017-10-03,185.6,186.51,184.6,185.67,3173776,,https://api.nasdaq.com/api/quote/BRK.B/historical?assetclass=stocks&fromdate=2016-07-26&todate=2026-07-26&limit=5000
BRK.B,2017-10-04,186.2,186.67,185.51,185.83,2071485,,https://api.nasdaq.com/api/quote/BRK.B/historical?assetclass=stocks&fromdate=2016-07-26&todate=2026-07-26&limit=5000
BRK.B,2017-10-05,186.17,188.04,185.8,187.12,2784947,,https://api.nasdaq.com/api/quote/BRK.B/historical?assetclass=stocks&fromdate=2016-07-26&todate=2026-07-26&limit=5000
BRK.B,2017-10-06,187.2,187.62,186.05,187.43,2606504,,https://api.nasdaq.com/api/quote/BRK.B/historical?assetclass=stocks&fromdate=2016-07-26&todate=2026-07-26&limit=5000
BRK.B,2017-10-09,187.5,187.95,186.639,187.5,2036622,,https://api.nasdaq.com/api/quote/BRK.B/historical?assetclass=stocks&fromdate=2016-07-26&todate=2026-07-26&limit=5000
BRK.B,2017-10-10,187.46,188.2,187.16,188,2212798,,https://api.nasdaq.com/api/quote/BRK.B/historical?assetclass=stocks&fromdate=2016-07-26&todate=2026-07-26&limit=5000
BRK.B,2017-10-11,187.4,187.95,186.48,187.46,2749621,,https://api.nasdaq.com/api/quote/BRK.B/historical?assetclass=stocks&fromdate=2016-07-26&todate=2026-07-26&limit=5000
BRK.B,2017-10-12,187.7,187.99,185.97,186.3,2738006,,https://api.nasdaq.com/api/quote/BRK.B/historical?assetclass=stocks&fromdate=2016-07-26&todate=2026-07-26&limit=5000
BRK.B,2017-10-13,186.77,188,186.33,187.37,2830248,,https://api.nasdaq.com/api/quote/BRK.B/historical?assetclass=stocks&fromdate=2016-07-26&todate=2026-07-26&limit=5000
BRK.B,2017-10-16,188,188.62,187.57,187.96,2316020,,https://api.nasdaq.com/api/quote/BRK.B/historical?assetclass=stocks&fromdate=2016-07-26&todate=2026-07-26&limit=5000
BRK.B,2017-10-17,187.96,188,186.5,187.39,2273029,,https://api.nasdaq.com/api/quote/BRK.B/historical?assetclass=stocks&fromdate=2016-07-26&todate=2026-07-26&limit=5000
BRK.B,2017-10-18,187.75,188.13,186.8,187.85,2190486,,https://api.nasdaq.com/api/quote/BRK.B/historical?assetclass=stocks&fromdate=2016-07-26&todate=2026-07-26&limit=5000
BRK.B,2017-10-19,187.16,187.5,186.43,187.21,2666381,,https://api.nasdaq.com/api/quote/BRK.B/historical?assetclass=stocks&fromdate=2016-07-26&todate=2026-07-26&limit=5000
BRK.B,2017-10-20,187.75,189.04,187.58,189.04,2933255,,https://api.nasdaq.com/api/quote/BRK.B/historical?assetclass=stocks&fromdate=2016-07-26&todate=2026-07-26&limit=5000
BRK.B,2017-10-23,189.18,189.72,188.64,189.39,2417974,,https://api.nasdaq.com/api/quote/BRK.B/historical?assetclass=stocks&fromdate=2016-07-26&todate=2026-07-26&limit=5000
BRK.B,2017-10-24,189.92,190.68,189.53,189.78,2850146,,https://api.nasdaq.com/api/quote/BRK.B/historical?assetclass=stocks&fromdate=2016-07-26&todate=2026-07-26&limit=5000
BRK.B,2017-10-25,189.83,190,187.66,188.71,3393516,,https://api.nasdaq.com/api/quote/BRK.B/historical?assetclass=stocks&fromdate=2016-07-26&todate=2026-07-26&limit=5000
BRK.B,2017-10-26,189.65,189.92,187.831,188.61,2740214,,https://api.nasdaq.com/api/quote/BRK.B/historical?assetclass=stocks&fromdate=2016-07-26&todate=2026-07-26&limit=5000
BRK.B,2017-10-27,188.32,188.63,187.05,188.59,2978438,,https://api.nasdaq.com/api/quote/BRK.B/historical?assetclass=stocks&fromdate=2016-07-26&todate=2026-07-26&limit=5000
BRK.B,2017-10-30,188.02,188.52,187.3474,187.85,2472555,,https://api.nasdaq.com/api/quote/BRK.B/historical?assetclass=stocks&fromdate=2016-07-26&todate=2026-07-26&limit=5000
BRK.B,2017-10-31,188.06,188.11,186.41,186.94,3289697,,https://api.nasdaq.com/api/quote/BRK.B/historical?assetclass=stocks&fromdate=2016-07-26&todate=2026-07-26&limit=5000
BRK.B,2017-11-01,188.1,188.13,186.73,187.17,2693831,,https://api.nasdaq.com/api/quote/BRK.B/historical?assetclass=stocks&fromdate=2016-07-26&todate=2026-07-26&limit=5000
BRK.B,2017-11-02,186.75,188.78,185.89,188.61,3340585,,https://api.nasdaq.com/api/quote/BRK.B/historical?assetclass=stocks&fromdate=2016-07-26&todate=2026-07-26&limit=5000
BRK.B,2017-11-03,188.13,188.55,187.02,187.27,2157356,,https://api.nasdaq.com/api/quote/BRK.B/historical?assetclass=stocks&fromdate=2016-07-26&todate=2026-07-26&limit=5000
BRK.B,2017-11-06,186.1,187.57,185.3,186.68,2603047,,https://api.nasdaq.com/api/quote/BRK.B/historical?assetclass=stocks&fromdate=2016-07-26&todate=2026-07-26&limit=5000
BRK.B,2017-11-07,187.23,188.19,185.61,186.3,2500498,,https://api.nasdaq.com/api/quote/BRK.B/historical?assetclass=stocks&fromdate=2016-07-26&todate=2026-07-26&limit=5000
BRK.B,2017-11-08,186.31,186.89,184.35,184.6,4118448,,https://api.nasdaq.com/api/quote/BRK.B/historical?assetclass=stocks&fromdate=2016-07-26&todate=2026-07-26&limit=5000
BRK.B,2017-11-09,183.34,184.679,181.76,184.49,3632881,,https://api.nasdaq.com/api/quote/BRK.B/historical?assetclass=stocks&fromdate=2016-07-26&todate=2026-07-26&limit=5000
BRK.B,2017-11-10,183.84,184.07,182.51,183.68,3043338,,https://api.nasdaq.com/api/quote/BRK.B/historical?assetclass=stocks&fromdate=2016-07-26&todate=2026-07-26&limit=5000
BRK.B,2017-11-13,183.16,184.85,183.16,184.4,1889854,,https://api.nasdaq.com/api/quote/BRK.B/historical?assetclass=stocks&fromdate=2016-07-26&todate=2026-07-26&limit=5000
BRK.B,2017-11-14,183.66,184,182.5001,183.34,3087949,,https://api.nasdaq.com/api/quote/BRK.B/historical?assetclass=stocks&fromdate=2016-07-26&todate=2026-07-26&limit=5000
BRK.B,2017-11-15,182.13,182.9,181.41,181.81,4002821,,https://api.nasdaq.com/api/quote/BRK.B/historical?assetclass=stocks&fromdate=2016-07-26&todate=2026-07-26&limit=5000
BRK.B,2017-11-16,182.21,183.05,181.65,182.05,3943320,,https://api.nasdaq.com/api/quote/BRK.B/historical?assetclass=stocks&fromdate=2016-07-26&todate=2026-07-26&limit=5000
BRK.B,2017-11-17,181.7,181.94,180.5,181.06,2715539,,https://api.nasdaq.com/api/quote/BRK.B/historical?assetclass=stocks&fromdate=2016-07-26&todate=2026-07-26&limit=5000
BRK.B,2017-11-20,181.43,181.98,180.44,181.63,2428804,,https://api.nasdaq.com/api/quote/BRK.B/historical?assetclass=stocks&fromdate=2016-07-26&todate=2026-07-26&limit=5000
BRK.B,2017-11-21,181.78,183.5,181.51,183.18,3046581,,https://api.nasdaq.com/api/quote/BRK.B/historical?assetclass=stocks&fromdate=2016-07-26&todate=2026-07-26&limit=5000
BRK.B,2017-11-22,183.78,183.78,181.94,182.56,3016593,,https://api.nasdaq.com/api/quote/BRK.B/historical?assetclass=stocks&fromdate=2016-07-26&todate=2026-07-26&limit=5000
BRK.B,2017-11-24,182.66,182.98,182.2456,182.36,1038600,,https://api.nasdaq.com/api/quote/BRK.B/historical?assetclass=stocks&fromdate=2016-07-26&todate=2026-07-26&limit=5000
BRK.B,2017-11-27,182.74,183.87,182.41,183.49,2984279,,https://api.nasdaq.com/api/quote/BRK.B/historical?assetclass=stocks&fromdate=2016-07-26&todate=2026-07-26&limit=5000
BRK.B,2017-11-28,184.1,187.84,184.02,187.54,3720276,,https://api.nasdaq.com/api/quote/BRK.B/historical?assetclass=stocks&fromdate=2016-07-26&todate=2026-07-26&limit=5000
BRK.B,2017-11-29,188.2,192,187.57,189.85,4897544,,https://api.nasdaq.com/api/quote/BRK.B/historical?assetclass=stocks&fromdate=2016-07-26&todate=2026-07-26&limit=5000
BRK.B,2017-11-30,190.35,193.81,189.95,193.01,6417454,,https://api.nasdaq.com/api/quote/BRK.B/historical?assetclass=stocks&fromdate=2016-07-26&todate=2026-07-26&limit=5000
BRK.B,2017-12-01,193.59,194.99,189.72,194.56,5175191,,https://api.nasdaq.com/api/quote/BRK.B/historical?assetclass=stocks&fromdate=2016-07-26&todate=2026-07-26&limit=5000
BRK.B,2017-12-04,196.18,199.48,196.18,196.96,4898783,,https://api.nasdaq.com/api/quote/BRK.B/historical?assetclass=stocks&fromdate=2016-07-26&todate=2026-07-26&limit=5000
BRK.B,2017-12-05,197.77,197.99,195.5,196.07,3411213,,https://api.nasdaq.com/api/quote/BRK.B/historical?assetclass=stocks&fromdate=2016-07-26&todate=2026-07-26&limit=5000
BRK.B,2017-12-06,195.79,196.8299,194.8,196.01,3310022,,https://api.nasdaq.com/api/quote/BRK.B/historical?assetclass=stocks&fromdate=2016-07-26&todate=2026-07-26&limit=5000
BRK.B,2017-12-07,195.91,196.75,194.98,196.34,2650706,,https://api.nasdaq.com/api/quote/BRK.B/historical?assetclass=stocks&fromdate=2016-07-26&todate=2026-07-26&limit=5000
BRK.B,2017-12-08,196.82,197.28,195.02,196.44,3842013,,https://api.nasdaq.com/api/quote/BRK.B/historical?assetclass=stocks&fromdate=2016-07-26&todate=2026-07-26&limit=5000
BRK.B,2017-12-11,196.63,197.18,195.3,196.7,3603229,,https://api.nasdaq.com/api/quote/BRK.B/historical?assetclass=stocks&fromdate=2016-07-26&todate=2026-07-26&limit=5000
BRK.B,2017-12-12,197,199.92,197,199.07,4192879,,https://api.nasdaq.com/api/quote/BRK.B/historical?assetclass=stocks&fromdate=2016-07-26&todate=2026-07-26&limit=5000
BRK.B,2017-12-13,198.56,199.63,197.35,197.4,4067849,,https://api.nasdaq.com/api/quote/BRK.B/historical?assetclass=stocks&fromdate=2016-07-26&todate=2026-07-26&limit=5000
BRK.B,2017-12-14,198.12,198.19,195.9355,196.66,3593939,,https://api.nasdaq.com/api/quote/BRK.B/historical?assetclass=stocks&fromdate=2016-07-26&todate=2026-07-26&limit=5000
BRK.B,2017-12-15,198.24,199.2,197.23,197.78,9167291,,https://api.nasdaq.com/api/quote/BRK.B/historical?assetclass=stocks&fromdate=2016-07-26&todate=2026-07-26&limit=5000
BRK.B,2017-12-18,199.5,200.26,198.94,199.34,4599256,,https://api.nasdaq.com/api/quote/BRK.B/historical?assetclass=stocks&fromdate=2016-07-26&todate=2026-07-26&limit=5000
BRK.B,2017-12-19,200.16,200.5,197.68,197.91,3293717,,https://api.nasdaq.com/api/quote/BRK.B/historical?assetclass=stocks&fromdate=2016-07-26&todate=2026-07-26&limit=5000
BRK.B,2017-12-20,199.39,199.75,197.68,197.79,3816762,,https://api.nasdaq.com/api/quote/BRK.B/historical?assetclass=stocks&fromdate=2016-07-26&todate=2026-07-26&limit=5000
BRK.B,2017-12-21,198.85,199.56,198.21,198.89,3011916,,https://api.nasdaq.com/api/quote/BRK.B/historical?assetclass=stocks&fromdate=2016-07-26&todate=2026-07-26&limit=5000
BRK.B,2017-12-22,199.24,199.68,196.88,197.92,3765848,,https://api.nasdaq.com/api/quote/BRK.B/historical?assetclass=stocks&fromdate=2016-07-26&todate=2026-07-26&limit=5000
BRK.B,2017-12-26,197.97,198.57,197.28,197.57,1769570,,https://api.nasdaq.com/api/quote/BRK.B/historical?assetclass=stocks&fromdate=2016-07-26&todate=2026-07-26&limit=5000
BRK.B,2017-12-27,197.5,198.82,197.28,198.69,3342711,,https://api.nasdaq.com/api/quote/BRK.B/historical?assetclass=stocks&fromdate=2016-07-26&todate=2026-07-26&limit=5000
BRK.B,2017-12-28,199.34,199.96,198.82,199.56,2339886,,https://api.nasdaq.com/api/quote/BRK.B/historical?assetclass=stocks&fromdate=2016-07-26&todate=2026-07-26&limit=5000
BRK.B,2017-12-29,200,200.07,198.22,198.22,3564214,,https://api.nasdaq.com/api/quote/BRK.B/historical?assetclass=stocks&fromdate=2016-07-26&todate=2026-07-26&limit=5000
BRK.B,2018-01-02,198.87,198.87,195.96,197.22,4111424,,https://api.nasdaq.com/api/quote/BRK.B/historical?assetclass=stocks&fromdate=2016-07-26&todate=2026-07-26&limit=5000
BRK.B,2018-01-03,197,200,197,199.79,3526220,,https://api.nasdaq.com/api/quote/BRK.B/historical?assetclass=stocks&fromdate=2016-07-26&todate=2026-07-26&limit=5000
BRK.B,2018-01-04,200.9,202.1299,200.01,200.69,3899651,,https://api.nasdaq.com/api/quote/BRK.B/historical?assetclass=stocks&fromdate=2016-07-26&todate=2026-07-26&limit=5000
BRK.B,2018-01-05,201,201.67,199.31,201.42,4205501,,https://api.nasdaq.com/api/quote/BRK.B/historical?assetclass=stocks&fromdate=2016-07-26&todate=2026-07-26&limit=5000
BRK.B,2018-01-08,201.15,203.07,199.8,202.74,3887132,,https://api.nasdaq.com/api/quote/BRK.B/historical?assetclass=stocks&fromdate=2016-07-26&todate=2026-07-26&limit=5000
BRK.B,2018-01-09,203.34,204.4,202.58,203.02,3834348,,https://api.nasdaq.com/api/quote/BRK.B/historical?assetclass=stocks&fromdate=2016-07-26&todate=2026-07-26&limit=5000
BRK.B,2018-01-10,203,205.724,202.5,205.61,3792496,,https://api.nasdaq.com/api/quote/BRK.B/historical?assetclass=stocks&fromdate=2016-07-26&todate=2026-07-26&limit=5000
BRK.B,2018-01-11,205.96,207.28,205.7156,206.69,3639665,,https://api.nasdaq.com/api/quote/BRK.B/historical?assetclass=stocks&fromdate=2016-07-26&todate=2026-07-26&limit=5000
BRK.B,2018-01-12,207.27,210.39,206.8,210.16,4181906,,https://api.nasdaq.com/api/quote/BRK.B/historical?assetclass=stocks&fromdate=2016-07-26&todate=2026-07-26&limit=5000
BRK.B,2018-01-16,213.12,214.03,209.36,210.29,5958094,,https://api.nasdaq.com/api/quote/BRK.B/historical?assetclass=stocks&fromdate=2016-07-26&todate=2026-07-26&limit=5000
BRK.B,2018-01-17,211.92,214.5,211.14,214.16,4568632,,https://api.nasdaq.com/api/quote/BRK.B/historical?assetclass=stocks&fromdate=2016-07-26&todate=2026-07-26&limit=5000
BRK.B,2018-01-18,215.67,215.78,213.055,213.19,4797266,,https://api.nasdaq.com/api/quote/BRK.B/historical?assetclass=stocks&fromdate=2016-07-26&todate=2026-07-26&limit=5000
BRK.B,2018-01-19,213.45,214.3,212.11,213.25,5137986,,https://api.nasdaq.com/api/quote/BRK.B/historical?assetclass=stocks&fromdate=2016-07-26&todate=2026-07-26&limit=5000
BRK.B,2018-01-22,213.29,216.08,213.25,215.97,3263126,,https://api.nasdaq.com/api/quote/BRK.B/historical?assetclass=stocks&fromdate=2016-07-26&todate=2026-07-26&limit=5000
BRK.B,2018-01-23,216.04,216.35,212.77,215.56,3652561,,https://api.nasdaq.com/api/quote/BRK.B/historical?assetclass=stocks&fromdate=2016-07-26&todate=2026-07-26&limit=5000
BRK.B,2018-01-24,216.12,216.89,214.59,215.61,4209693,,https://api.nasdaq.com/api/quote/BRK.B/historical?assetclass=stocks&fromdate=2016-07-26&todate=2026-07-26&limit=5000
BRK.B,2018-01-25,216.24,216.5,214.28,215.1,3077703,,https://api.nasdaq.com/api/quote/BRK.B/historical?assetclass=stocks&fromdate=2016-07-26&todate=2026-07-26&limit=5000
BRK.B,2018-01-26,215.52,217.34,215.15,217.19,3633650,,https://api.nasdaq.com/api/quote/BRK.B/historical?assetclass=stocks&fromdate=2016-07-26&todate=2026-07-26&limit=5000
BRK.B,2018-01-29,217.15,217.62,215.19,215.46,3014394,,https://api.nasdaq.com/api/quote/BRK.B/historical?assetclass=stocks&fromdate=2016-07-26&todate=2026-07-26&limit=5000
BRK.B,2018-01-30,214.97,216.62,214.1,214.41,5029128,,https://api.nasdaq.com/api/quote/BRK.B/historical?assetclass=stocks&fromdate=2016-07-26&todate=2026-07-26&limit=5000
BRK.B,2018-01-31,214.99,215.05,213.37,214.38,4625338,,https://api.nasdaq.com/api/quote/BRK.B/historical?assetclass=stocks&fromdate=2016-07-26&todate=2026-07-26&limit=5000
BRK.B,2018-02-01,214.49,217.5,214.03,217.25,4501637,,https://api.nasdaq.com/api/quote/BRK.B/historical?assetclass=stocks&fromdate=2016-07-26&todate=2026-07-26&limit=5000
BRK.B,2018-02-02,216.16,216.58,207.87,209.12,6066860,,https://api.nasdaq.com/api/quote/BRK.B/historical?assetclass=stocks&fromdate=2016-07-26&todate=2026-07-26&limit=5000
BRK.B,2018-02-05,205.49,207.1,196,196.8,10625400,,https://api.nasdaq.com/api/quote/BRK.B/historical?assetclass=stocks&fromdate=2016-07-26&todate=2026-07-26&limit=5000
BRK.B,2018-02-06,193.15,201.92,190.18,201.24,10613320,,https://api.nasdaq.com/api/quote/BRK.B/historical?assetclass=stocks&fromdate=2016-07-26&todate=2026-07-26&limit=5000
BRK.B,2018-02-07,202,204.48,200,200.37,5717248,,https://api.nasdaq.com/api/quote/BRK.B/historical?assetclass=stocks&fromdate=2016-07-26&todate=2026-07-26&limit=5000
BRK.B,2018-02-08,200.37,200.99,191.04,191.42,7948266,,https://api.nasdaq.com/api/quote/BRK.B/historical?assetclass=stocks&fromdate=2016-07-26&todate=2026-07-26&limit=5000
BRK.B,2018-02-09,195.68,197.57,189.3,196.02,8904171,,https://api.nasdaq.com/api/quote/BRK.B/historical?assetclass=stocks&fromdate=2016-07-26&todate=2026-07-26&limit=5000
BRK.B,2018-02-12,198.51,200.66,196.14,198.89,5124753,,https://api.nasdaq.com/api/quote/BRK.B/historical?assetclass=stocks&fromdate=2016-07-26&todate=2026-07-26&limit=5000
BRK.B,2018-02-13,197.58,198.84,195.92,197.99,3779518,,https://api.nasdaq.com/api/quote/BRK.B/historical?assetclass=stocks&fromdate=2016-07-26&todate=2026-07-26&limit=5000
BRK.B,2018-02-14,197.04,200.76,195.99,200.54,4345910,,https://api.nasdaq.com/api/quote/BRK.B/historical?assetclass=stocks&fromdate=2016-07-26&todate=2026-07-26&limit=5000
BRK.B,2018-02-15,202.38,203.9,200.31,203.9,4352066,,https://api.nasdaq.com/api/quote/BRK.B/historical?assetclass=stocks&fromdate=2016-07-26&todate=2026-07-26&limit=5000
BRK.B,2018-02-16,203.99,206.32,203.16,203.79,4380854,,https://api.nasdaq.com/api/quote/BRK.B/historical?assetclass=stocks&fromdate=2016-07-26&todate=2026-07-26&limit=5000
BRK.B,2018-02-20,203.34,204.7,202.35,203.05,4116535,,https://api.nasdaq.com/api/quote/BRK.B/historical?assetclass=stocks&fromdate=2016-07-26&todate=2026-07-26&limit=5000
BRK.B,2018-02-21,202.5,205.221,200.77,201.02,4971891,,https://api.nasdaq.com/api/quote/BRK.B/historical?assetclass=stocks&fromdate=2016-07-26&todate=2026-07-26&limit=5000
BRK.B,2018-02-22,201.57,203.28,200.16,200.73,3929418,,https://api.nasdaq.com/api/quote/BRK.B/historical?assetclass=stocks&fromdate=2016-07-26&todate=2026-07-26&limit=5000
BRK.B,2018-02-23,201.39,202.97,200.805,202.76,4127323,,https://api.nasdaq.com/api/quote/BRK.B/historical?assetclass=stocks&fromdate=2016-07-26&todate=2026-07-26&limit=5000
BRK.B,2018-02-26,207.71,211.14,205.36,210.62,8085474,,https://api.nasdaq.com/api/quote/BRK.B/historical?assetclass=stocks&fromdate=2016-07-26&todate=2026-07-26&limit=5000
BRK.B,2018-02-27,212,213.13,209.65,209.66,5825686,,https://api.nasdaq.com/api/quote/BRK.B/historical?assetclass=stocks&fromdate=2016-07-26&todate=2026-07-26&limit=5000
BRK.B,2018-02-28,211,211.535,200.47,207.2,5302897,,https://api.nasdaq.com/api/quote/BRK.B/historical?assetclass=stocks&fromdate=2016-07-26&todate=2026-07-26&limit=5000
BRK.B,2018-03-01,206.82,208.5699,200.28,201.53,6976360,,https://api.nasdaq.com/api/quote/BRK.B/historical?assetclass=stocks&fromdate=2016-07-26&todate=2026-07-26&limit=5000
BRK.B,2018-03-02,199.98,201.974,198.98,201.34,4866765,,https://api.nasdaq.com/api/quote/BRK.B/historical?assetclass=stocks&fromdate=2016-07-26&todate=2026-07-26&limit=5000
BRK.B,2018-03-05,199.6,204.1256,199.12,203.24,4037768,,https://api.nasdaq.com/api/quote/BRK.B/historical?assetclass=stocks&fromdate=2016-07-26&todate=2026-07-26&limit=5000
BRK.B,2018-03-06,204.86,204.86,202.37,204.55,3175822,,https://api.nasdaq.com/api/quote/BRK.B/historical?assetclass=stocks&fromdate=2016-07-26&todate=2026-07-26&limit=5000
BRK.B,2018-03-07,202.35,204.83,201.75,204.3,3616965,,https://api.nasdaq.com/api/quote/BRK.B/historical?assetclass=stocks&fromdate=2016-07-26&todate=2026-07-26&limit=5000
BRK.B,2018-03-08,204.32,205.49,203.03,205.29,3309807,,https://api.nasdaq.com/api/quote/BRK.B/historical?assetclass=stocks&fromdate=2016-07-26&todate=2026-07-26&limit=5000
BRK.B,2018-03-09,206.95,213.24,206.25,212.94,5442795,,https://api.nasdaq.com/api/quote/BRK.B/historical?assetclass=stocks&fromdate=2016-07-26&todate=2026-07-26&limit=5000
BRK.B,2018-03-12,213.2,213.36,211.24,211.82,4616352,,https://api.nasdaq.com/api/quote/BRK.B/historical?assetclass=stocks&fromdate=2016-07-26&todate=2026-07-26&limit=5000
BRK.B,2018-03-13,212.69,213.04,208.8,209.13,4646537,,https://api.nasdaq.com/api/quote/BRK.B/historical?assetclass=stocks&fromdate=2016-07-26&todate=2026-07-26&limit=5000
BRK.B,2018-03-14,210.4,210.4,206.23,206.99,4014326,,https://api.nasdaq.com/api/quote/BRK.B/historical?assetclass=stocks&fromdate=2016-07-26&todate=2026-07-26&limit=5000
BRK.B,2018-03-15,208.29,209.32,207.61,207.82,3886454,,https://api.nasdaq.com/api/quote/BRK.B/historical?assetclass=stocks&fromdate=2016-07-26&todate=2026-07-26&limit=5000
BRK.B,2018-03-16,208.56,208.97,206.46,206.96,5803246,,https://api.nasdaq.com/api/quote/BRK.B/historical?assetclass=stocks&fromdate=2016-07-26&todate=2026-07-26&limit=5000
BRK.B,2018-03-19,206.87,207.06,202.64,203.99,4166127,,https://api.nasdaq.com/api/quote/BRK.B/historical?assetclass=stocks&fromdate=2016-07-26&todate=2026-07-26&limit=5000
BRK.B,2018-03-20,204.25,205.6,203.8,204.75,2939052,,https://api.nasdaq.com/api/quote/BRK.B/historical?assetclass=stocks&fromdate=2016-07-26&todate=2026-07-26&limit=5000
BRK.B,2018-03-21,205.38,207.27,204,204.83,3230602,,https://api.nasdaq.com/api/quote/BRK.B/historical?assetclass=stocks&fromdate=2016-07-26&todate=2026-07-26&limit=5000
BRK.B,2018-03-22,203.18,203.19,196.99,197.63,6451469,,https://api.nasdaq.com/api/quote/BRK.B/historical?assetclass=stocks&fromdate=2016-07-26&todate=2026-07-26&limit=5000
BRK.B,2018-03-23,198,198.29,191.87,192.46,7254511,,https://api.nasdaq.com/api/quote/BRK.B/historical?assetclass=stocks&fromdate=2016-07-26&todate=2026-07-26&limit=5000
BRK.B,2018-03-26,196.9,199.57,195.0801,199.34,5218484,,https://api.nasdaq.com/api/quote/BRK.B/historical?assetclass=stocks&fromdate=2016-07-26&todate=2026-07-26&limit=5000
BRK.B,2018-03-27,200.48,201.44,194.44,196.15,4655838,,https://api.nasdaq.com/api/quote/BRK.B/historical?assetclass=stocks&fromdate=2016-07-26&todate=2026-07-26&limit=5000
BRK.B,2018-03-28,196.17,198.72,193.78,196.67,4387354,,https://api.nasdaq.com/api/quote/BRK.B/historical?assetclass=stocks&fromdate=2016-07-26&todate=2026-07-26&limit=5000
BRK.B,2018-03-29,198.08,201.01,197.33,199.48,5712922,,https://api.nasdaq.com/api/quote/BRK.B/historical?assetclass=stocks&fromdate=2016-07-26&todate=2026-07-26&limit=5000
BRK.B,2018-04-02,199.01,199.61,192.02,195,5935960,,https://api.nasdaq.com/api/quote/BRK.B/historical?assetclass=stocks&fromdate=2016-07-26&todate=2026-07-26&limit=5000
BRK.B,2018-04-03,196,198.24,193.91,197.96,4191212,,https://api.nasdaq.com/api/quote/BRK.B/historical?assetclass=stocks&fromdate=2016-07-26&todate=2026-07-26&limit=5000
BRK.B,2018-04-04,194.02,200.53,194,200.11,4098440,,https://api.nasdaq.com/api/quote/BRK.B/historical?assetclass=stocks&fromdate=2016-07-26&todate=2026-07-26&limit=5000
BRK.B,2018-04-05,201.17,202.77,200.27,200.85,4654609,,https://api.nasdaq.com/api/quote/BRK.B/historical?assetclass=stocks&fromdate=2016-07-26&todate=2026-07-26&limit=5000
BRK.B,2018-04-06,199.7,199.85,193.74,195.49,5577801,,https://api.nasdaq.com/api/quote/BRK.B/historical?assetclass=stocks&fromdate=2016-07-26&todate=2026-07-26&limit=5000
BRK.B,2018-04-09,196.73,198.63,194.95,195.33,3865860,,https://api.nasdaq.com/api/quote/BRK.B/historical?assetclass=stocks&fromdate=2016-07-26&todate=2026-07-26&limit=5000
BRK.B,2018-04-10,198.16,199.7,197.05,197.8,3261624,,https://api.nasdaq.com/api/quote/BRK.B/historical?assetclass=stocks&fromdate=2016-07-26&todate=2026-07-26&limit=5000
BRK.B,2018-04-11,196.6,197.04,194.92,195.22,3516131,,https://api.nasdaq.com/api/quote/BRK.B/historical?assetclass=stocks&fromdate=2016-07-26&todate=2026-07-26&limit=5000
BRK.B,2018-04-12,196.5,199.6,196.29,198.13,3695448,,https://api.nasdaq.com/api/quote/BRK.B/historical?assetclass=stocks&fromdate=2016-07-26&todate=2026-07-26&limit=5000
BRK.B,2018-04-13,199.6,199.85,196,197,3148018,,https://api.nasdaq.com/api/quote/BRK.B/historical?assetclass=stocks&fromdate=2016-07-26&todate=2026-07-26&limit=5000
BRK.B,2018-04-16,198.65,199.95,197.55,198.22,3815446,,https://api.nasdaq.com/api/quote/BRK.B/historical?assetclass=stocks&fromdate=2016-07-26&todate=2026-07-26&limit=5000
BRK.B,2018-04-17,199.85,200.66,198.9,199.27,4655789,,https://api.nasdaq.com/api/quote/BRK.B/historical?assetclass=stocks&fromdate=2016-07-26&todate=2026-07-26&limit=5000
BRK.B,2018-04-18,200.24,200.94,199.4,199.51,2872285,,https://api.nasdaq.com/api/quote/BRK.B/historical?assetclass=stocks&fromdate=2016-07-26&todate=2026-07-26&limit=5000
BRK.B,2018-04-19,199.99,201.48,199.1999,200.38,2639232,,https://api.nasdaq.com/api/quote/BRK.B/historical?assetclass=stocks&fromdate=2016-07-26&todate=2026-07-26&limit=5000
BRK.B,2018-04-20,200.94,201,198.92,200.13,3703687,,https://api.nasdaq.com/api/quote/BRK.B/historical?assetclass=stocks&fromdate=2016-07-26&todate=2026-07-26&limit=5000
BRK.B,2018-04-23,200.22,200.84,198.52,199.42,2642608,,https://api.nasdaq.com/api/quote/BRK.B/historical?assetclass=stocks&fromdate=2016-07-26&todate=2026-07-26&limit=5000
BRK.B,2018-04-24,199.87,200.66,195.23,196.8,3706300,,https://api.nasdaq.com/api/quote/BRK.B/historical?assetclass=stocks&fromdate=2016-07-26&todate=2026-07-26&limit=5000
BRK.B,2018-04-25,196.18,197.36,194.41,196.8,3198723,,https://api.nasdaq.com/api/quote/BRK.B/historical?assetclass=stocks&fromdate=2016-07-26&todate=2026-07-26&limit=5000
BRK.B,2018-04-26,196.63,197.96,196.24,197.03,2361837,,https://api.nasdaq.com/api/quote/BRK.B/historical?assetclass=stocks&fromdate=2016-07-26&todate=2026-07-26&limit=5000
BRK.B,2018-04-27,196.93,197.55,195.83,197.23,2557949,,https://api.nasdaq.com/api/quote/BRK.B/historical?assetclass=stocks&fromdate=2016-07-26&todate=2026-07-26&limit=5000
BRK.B,2018-04-30,197.39,198.1,193.62,193.73,4222810,,https://api.nasdaq.com/api/quote/BRK.B/historical?assetclass=stocks&fromdate=2016-07-26&todate=2026-07-26&limit=5000
BRK.B,2018-05-01,193.76,195.3,192.75,195.11,3231507,,https://api.nasdaq.com/api/quote/BRK.B/historical?assetclass=stocks&fromdate=2016-07-26&todate=2026-07-26&limit=5000
BRK.B,2018-05-02,195.07,195.07,192.98,193.31,3884640,,https://api.nasdaq.com/api/quote/BRK.B/historical?assetclass=stocks&fromdate=2016-07-26&todate=2026-07-26&limit=5000
BRK.B,2018-05-03,192.81,192.99,189.8,191.61,5056823,,https://api.nasdaq.com/api/quote/BRK.B/historical?assetclass=stocks&fromdate=2016-07-26&todate=2026-07-26&limit=5000
BRK.B,2018-05-04,192.04,196.24,190.19,195.64,4911627,,https://api.nasdaq.com/api/quote/BRK.B/historical?assetclass=stocks&fromdate=2016-07-26&todate=2026-07-26&limit=5000
BRK.B,2018-05-07,196,197.82,195.76,197.06,3693068,,https://api.nasdaq.com/api/quote/BRK.B/historical?assetclass=stocks&fromdate=2016-07-26&todate=2026-07-26&limit=5000
BRK.B,2018-05-08,197.4,197.4,194.7,196.24,4013437,,https://api.nasdaq.com/api/quote/BRK.B/historical?assetclass=stocks&fromdate=2016-07-26&todate=2026-07-26&limit=5000
BRK.B,2018-05-09,197,200.05,196.28,199.87,3227349,,https://api.nasdaq.com/api/quote/BRK.B/historical?assetclass=stocks&fromdate=2016-07-26&todate=2026-07-26&limit=5000
BRK.B,2018-05-10,200.43,201.29,198.92,201.2,2955811,,https://api.nasdaq.com/api/quote/BRK.B/historical?assetclass=stocks&fromdate=2016-07-26&todate=2026-07-26&limit=5000
BRK.B,2018-05-11,200.62,202.41,198.9,199.3,3916559,,https://api.nasdaq.com/api/quote/BRK.B/historical?assetclass=stocks&fromdate=2016-07-26&todate=2026-07-26&limit=5000
BRK.B,2018-05-14,200,200.65,198.66,199.18,3227730,,https://api.nasdaq.com/api/quote/BRK.B/historical?assetclass=stocks&fromdate=2016-07-26&todate=2026-07-26&limit=5000
BRK.B,2018-05-15,198.79,198.93,196.18,197.36,3377497,,https://api.nasdaq.com/api/quote/BRK.B/historical?assetclass=stocks&fromdate=2016-07-26&todate=2026-07-26&limit=5000
BRK.B,2018-05-16,196.86,198.38,196.4,197.83,2926336,,https://api.nasdaq.com/api/quote/BRK.B/historical?assetclass=stocks&fromdate=2016-07-26&todate=2026-07-26&limit=5000
BRK.B,2018-05-17,197.74,197.85,196.62,197.49,2590080,,https://api.nasdaq.com/api/quote/BRK.B/historical?assetclass=stocks&fromdate=2016-07-26&todate=2026-07-26&limit=5000
BRK.B,2018-05-18,197.52,197.64,195.77,196.06,3092801,,https://api.nasdaq.com/api/quote/BRK.B/historical?assetclass=stocks&fromdate=2016-07-26&todate=2026-07-26&limit=5000
BRK.B,2018-05-21,197.77,198.63,197.01,197.91,3004694,,https://api.nasdaq.com/api/quote/BRK.B/historical?assetclass=stocks&fromdate=2016-07-26&todate=2026-07-26&limit=5000
BRK.B,2018-05-22,198.02,198.89,197.18,198.13,3093076,,https://api.nasdaq.com/api/quote/BRK.B/historical?assetclass=stocks&fromdate=2016-07-26&todate=2026-07-26&limit=5000
BRK.B,2018-05-23,197.4,197.71,194.95,195.95,4032971,,https://api.nasdaq.com/api/quote/BRK.B/historical?assetclass=stocks&fromdate=2016-07-26&todate=2026-07-26&limit=5000
BRK.B,2018-05-24,196.06,196.26,193.9237,194.83,3156192,,https://api.nasdaq.com/api/quote/BRK.B/historical?assetclass=stocks&fromdate=2016-07-26&todate=2026-07-26&limit=5000
BRK.B,2018-05-25,193.89,194.75,193.21,194.15,3029434,,https://api.nasdaq.com/api/quote/BRK.B/historical?assetclass=stocks&fromdate=2016-07-26&todate=2026-07-26&limit=5000
BRK.B,2018-05-29,192.9,193.11,188.62,189.87,8909363,,https://api.nasdaq.com/api/quote/BRK.B/historical?assetclass=stocks&fromdate=2016-07-26&todate=2026-07-26&limit=5000
BRK.B,2018-05-30,191.9,194.9,191.33,194.1,4285490,,https://api.nasdaq.com/api/quote/BRK.B/historical?assetclass=stocks&fromdate=2016-07-26&todate=2026-07-26&limit=5000
BRK.B,2018-05-31,194.29,194.29,191.42,191.53,5752551,,https://api.nasdaq.com/api/quote/BRK.B/historical?assetclass=stocks&fromdate=2016-07-26&todate=2026-07-26&limit=5000
BRK.B,2018-06-01,192.9,193.38,191.59,192.23,3809197,,https://api.nasdaq.com/api/quote/BRK.B/historical?assetclass=stocks&fromdate=2016-07-26&todate=2026-07-26&limit=5000
BRK.B,2018-06-04,193,193.41,191.25,191.3,4439517,,https://api.nasdaq.com/api/quote/BRK.B/historical?assetclass=stocks&fromdate=2016-07-26&todate=2026-07-26&limit=5000
BRK.B,2018-06-05,191.37,191.3972,190.14,190.77,4323429,,https://api.nasdaq.com/api/quote/BRK.B/historical?assetclass=stocks&fromdate=2016-07-26&todate=2026-07-26&limit=5000
BRK.B,2018-06-06,191.69,194,191.565,193.99,4013778,,https://api.nasdaq.com/api/quote/BRK.B/historical?assetclass=stocks&fromdate=2016-07-26&todate=2026-07-26&limit=5000
BRK.B,2018-06-07,194.66,195.68,193.7461,195.57,4295985,,https://api.nasdaq.com/api/quote/BRK.B/historical?assetclass=stocks&fromdate=2016-07-26&todate=2026-07-26&limit=5000
BRK.B,2018-06-08,195.34,196.4,194.27,196.01,3640720,,https://api.nasdaq.com/api/quote/BRK.B/historical?assetclass=stocks&fromdate=2016-07-26&todate=2026-07-26&limit=5000
BRK.B,2018-06-11,196.3,196.74,195.19,195.33,3461874,,https://api.nasdaq.com/api/quote/BRK.B/historical?assetclass=stocks&fromdate=2016-07-26&todate=2026-07-26&limit=5000
BRK.B,2018-06-12,195.97,195.99,194.71,195.27,2844790,,https://api.nasdaq.com/api/quote/BRK.B/historical?assetclass=stocks&fromdate=2016-07-26&todate=2026-07-26&limit=5000
BRK.B,2018-06-13,195.13,196,194.26,194.55,3441062,,https://api.nasdaq.com/api/quote/BRK.B/historical?assetclass=stocks&fromdate=2016-07-26&todate=2026-07-26&limit=5000
BRK.B,2018-06-14,194.92,195,192.04,192.5,4915322,,https://api.nasdaq.com/api/quote/BRK.B/historical?assetclass=stocks&fromdate=2016-07-26&todate=2026-07-26&limit=5000
BRK.B,2018-06-15,192.28,192.5,190.52,191.76,7285647,,https://api.nasdaq.com/api/quote/BRK.B/historical?assetclass=stocks&fromdate=2016-07-26&todate=2026-07-26&limit=5000
BRK.B,2018-06-18,190.64,191.3599,189.91,191.11,3506819,,https://api.nasdaq.com/api/quote/BRK.B/historical?assetclass=stocks&fromdate=2016-07-26&todate=2026-07-26&limit=5000
BRK.B,2018-06-19,190.05,191.18,189.35,190.35,4023342,,https://api.nasdaq.com/api/quote/BRK.B/historical?assetclass=stocks&fromdate=2016-07-26&todate=2026-07-26&limit=5000
BRK.B,2018-06-20,190.47,190.89,189.2,189.5,5232999,,https://api.nasdaq.com/api/quote/BRK.B/historical?assetclass=stocks&fromdate=2016-07-26&todate=2026-07-26&limit=5000
BRK.B,2018-06-21,189.05,189.84,187.97,188.86,4969484,,https://api.nasdaq.com/api/quote/BRK.B/historical?assetclass=stocks&fromdate=2016-07-26&todate=2026-07-26&limit=5000
BRK.B,2018-06-22,190,190.48,188.66,188.91,6990352,,https://api.nasdaq.com/api/quote/BRK.B/historical?assetclass=stocks&fromdate=2016-07-26&todate=2026-07-26&limit=5000
BRK.B,2018-06-25,188.63,188.83,185.18,186.73,6061932,,https://api.nasdaq.com/api/quote/BRK.B/historical?assetclass=stocks&fromdate=2016-07-26&todate=2026-07-26&limit=5000
BRK.B,2018-06-26,186.52,187.62,185.78,186.44,4322405,,https://api.nasdaq.com/api/quote/BRK.B/historical?assetclass=stocks&fromdate=2016-07-26&todate=2026-07-26&limit=5000
BRK.B,2018-06-27,186.5,187.89,184.7459,184.91,4425413,,https://api.nasdaq.com/api/quote/BRK.B/historical?assetclass=stocks&fromdate=2016-07-26&todate=2026-07-26&limit=5000
BRK.B,2018-06-28,185.43,187.94,185.16,187.09,4216670,,https://api.nasdaq.com/api/quote/BRK.B/historical?assetclass=stocks&fromdate=2016-07-26&todate=2026-07-26&limit=5000
BRK.B,2018-06-29,188.46,189.28,186.29,186.65,5184931,,https://api.nasdaq.com/api/quote/BRK.B/historical?assetclass=stocks&fromdate=2016-07-26&todate=2026-07-26&limit=5000
BRK.B,2018-07-02,186.09,188.1,185.97,187.83,3520919,,https://api.nasdaq.com/api/quote/BRK.B/historical?assetclass=stocks&fromdate=2016-07-26&todate=2026-07-26&limit=5000
BRK.B,2018-07-03,188.46,188.73,185.72,186.02,2031235,,https://api.nasdaq.com/api/quote/BRK.B/historical?assetclass=stocks&fromdate=2016-07-26&todate=2026-07-26&limit=5000
BRK.B,2018-07-05,187.07,187.63,186.23,187.5,3115160,,https://api.nasdaq.com/api/quote/BRK.B/historical?assetclass=stocks&fromdate=2016-07-26&todate=2026-07-26&limit=5000
BRK.B,2018-07-06,187.5,188.69,186.52,187.56,2717238,,https://api.nasdaq.com/api/quote/BRK.B/historical?assetclass=stocks&fromdate=2016-07-26&todate=2026-07-26&limit=5000
BRK.B,2018-07-09,188.11,189.82,187.82,189.64,3341710,,https://api.nasdaq.com/api/quote/BRK.B/historical?assetclass=stocks&fromdate=2016-07-26&todate=2026-07-26&limit=5000
BRK.B,2018-07-10,189.75,190.615,189.15,189.9,2682045,,https://api.nasdaq.com/api/quote/BRK.B/historical?assetclass=stocks&fromdate=2016-07-26&todate=2026-07-26&limit=5000
BRK.B,2018-07-11,188.73,190.64,188.56,189.91,3294684,,https://api.nasdaq.com/api/quote/BRK.B/historical?assetclass=stocks&fromdate=2016-07-26&todate=2026-07-26&limit=5000
BRK.B,2018-07-12,190.9,190.99,188.91,189.96,3040213,,https://api.nasdaq.com/api/quote/BRK.B/historical?assetclass=stocks&fromdate=2016-07-26&todate=2026-07-26&limit=5000
BRK.B,2018-07-13,189.77,191.2922,189.13,190.96,2693673,,https://api.nasdaq.com/api/quote/BRK.B/historical?assetclass=stocks&fromdate=2016-07-26&todate=2026-07-26&limit=5000
BRK.B,2018-07-16,190.7,192.23,190.7,192,2621510,,https://api.nasdaq.com/api/quote/BRK.B/historical?assetclass=stocks&fromdate=2016-07-26&todate=2026-07-26&limit=5000
BRK.B,2018-07-17,192,192.19,190.27,190.41,3445927,,https://api.nasdaq.com/api/quote/BRK.B/historical?assetclass=stocks&fromdate=2016-07-26&todate=2026-07-26&limit=5000
BRK.B,2018-07-18,195.5,201.4,195.35,200.44,10465390,,https://api.nasdaq.com/api/quote/BRK.B/historical?assetclass=stocks&fromdate=2016-07-26&todate=2026-07-26&limit=5000
BRK.B,2018-07-19,200.35,200.9554,197.3,197.49,4620667,,https://api.nasdaq.com/api/quote/BRK.B/historical?assetclass=stocks&fromdate=2016-07-26&todate=2026-07-26&limit=5000
BRK.B,2018-07-20,197,197.66,196.46,196.78,4073879,,https://api.nasdaq.com/api/quote/BRK.B/historical?assetclass=stocks&fromdate=2016-07-26&todate=2026-07-26&limit=5000
BRK.B,2018-07-23,196.25,198.87,196.2001,197.85,3582602,,https://api.nasdaq.com/api/quote/BRK.B/historical?assetclass=stocks&fromdate=2016-07-26&todate=2026-07-26&limit=5000
BRK.B,2018-07-24,198.45,199.96,198.22,198.46,3323004,,https://api.nasdaq.com/api/quote/BRK.B/historical?assetclass=stocks&fromdate=2016-07-26&todate=2026-07-26&limit=5000
BRK.B,2018-07-25,198.21,198.21,196.81,197.61,3742035,,https://api.nasdaq.com/api/quote/BRK.B/historical?assetclass=stocks&fromdate=2016-07-26&todate=2026-07-26&limit=5000
BRK.B,2018-07-26,198.27,198.99,197.28,197.46,3765344,,https://api.nasdaq.com/api/quote/BRK.B/historical?assetclass=stocks&fromdate=2016-07-26&todate=2026-07-26&limit=5000
BRK.B,2018-07-27,198,198.9,197.18,197.95,3939246,,https://api.nasdaq.com/api/quote/BRK.B/historical?assetclass=stocks&fromdate=2016-07-26&todate=2026-07-26&limit=5000
BRK.B,2018-07-30,197.8,199.91,197.8,199.09,3987603,,https://api.nasdaq.com/api/quote/BRK.B/historical?assetclass=stocks&fromdate=2016-07-26&todate=2026-07-26&limit=5000
BRK.B,2018-07-31,199,199.5363,197.06,197.87,4902529,,https://api.nasdaq.com/api/quote/BRK.B/historical?assetclass=stocks&fromdate=2016-07-26&todate=2026-07-26&limit=5000
BRK.B,2018-08-01,198.8,199.7,197.32,197.85,4003808,,https://api.nasdaq.com/api/quote/BRK.B/historical?assetclass=stocks&fromdate=2016-07-26&todate=2026-07-26&limit=5000
BRK.B,2018-08-02,197.2,198.76,196.77,198.06,3267171,,https://api.nasdaq.com/api/quote/BRK.B/historical?assetclass=stocks&fromdate=2016-07-26&todate=2026-07-26&limit=5000
BRK.B,2018-08-03,198.5,200.42,198.12,200.24,4986944,,https://api.nasdaq.com/api/quote/BRK.B/historical?assetclass=stocks&fromdate=2016-07-26&todate=2026-07-26&limit=5000
BRK.B,2018-08-06,204.89,208.11,204.62,206.06,6671858,,https://api.nasdaq.com/api/quote/BRK.B/historical?assetclass=stocks&fromdate=2016-07-26&todate=2026-07-26&limit=5000
BRK.B,2018-08-07,207.5,209.94,207.1527,208.72,6157839,,https://api.nasdaq.com/api/quote/BRK.B/historical?assetclass=stocks&fromdate=2016-07-26&todate=2026-07-26&limit=5000
BRK.B,2018-08-08,208.81,209.71,208.43,208.94,3868877,,https://api.nasdaq.com/api/quote/BRK.B/historical?assetclass=stocks&fromdate=2016-07-26&todate=2026-07-26&limit=5000
BRK.B,2018-08-09,209,209.65,208.72,209.1,4684645,,https://api.nasdaq.com/api/quote/BRK.B/historical?assetclass=stocks&fromdate=2016-07-26&todate=2026-07-26&limit=5000
BRK.B,2018-08-10,207.3,207.77,205.59,206.63,4357681,,https://api.nasdaq.com/api/quote/BRK.B/historical?assetclass=stocks&fromdate=2016-07-26&todate=2026-07-26&limit=5000
BRK.B,2018-08-13,206.63,207.01,205.04,205.17,3837872,,https://api.nasdaq.com/api/quote/BRK.B/historical?assetclass=stocks&fromdate=2016-07-26&todate=2026-07-26&limit=5000
BRK.B,2018-08-14,205.3,206.48,204.9,205.83,2772114,,https://api.nasdaq.com/api/quote/BRK.B/historical?assetclass=stocks&fromdate=2016-07-26&todate=2026-07-26&limit=5000
BRK.B,2018-08-15,205.01,205.4886,203.57,204.5,3539356,,https://api.nasdaq.com/api/quote/BRK.B/historical?assetclass=stocks&fromdate=2016-07-26&todate=2026-07-26&limit=5000
BRK.B,2018-08-16,205.39,207.62,204.6,207.56,3575680,,https://api.nasdaq.com/api/quote/BRK.B/historical?assetclass=stocks&fromdate=2016-07-26&todate=2026-07-26&limit=5000
BRK.B,2018-08-17,207.57,208.47,206.92,208.14,2742155,,https://api.nasdaq.com/api/quote/BRK.B/historical?assetclass=stocks&fromdate=2016-07-26&todate=2026-07-26&limit=5000
BRK.B,2018-08-20,208.43,209.535,207.83,208.46,2464005,,https://api.nasdaq.com/api/quote/BRK.B/historical?assetclass=stocks&fromdate=2016-07-26&todate=2026-07-26&limit=5000
BRK.B,2018-08-21,208.81,209.35,208.1,208.49,2626165,,https://api.nasdaq.com/api/quote/BRK.B/historical?assetclass=stocks&fromdate=2016-07-26&todate=2026-07-26&limit=5000
BRK.B,2018-08-22,207.63,207.97,206.96,207.33,2440008,,https://api.nasdaq.com/api/quote/BRK.B/historical?assetclass=stocks&fromdate=2016-07-26&todate=2026-07-26&limit=5000
BRK.B,2018-08-23,207.58,207.79,206.66,207.24,2350239,,https://api.nasdaq.com/api/quote/BRK.B/historical?assetclass=stocks&fromdate=2016-07-26&todate=2026-07-26&limit=5000
BRK.B,2018-08-24,207.75,208.16,207.33,207.98,2334752,,https://api.nasdaq.com/api/quote/BRK.B/historical?assetclass=stocks&fromdate=2016-07-26&todate=2026-07-26&limit=5000
BRK.B,2018-08-27,208.56,210.75,208.52,210.51,3165587,,https://api.nasdaq.com/api/quote/BRK.B/historical?assetclass=stocks&fromdate=2016-07-26&todate=2026-07-26&limit=5000
BRK.B,2018-08-28,210.88,211.2,210.01,210.77,2811426,,https://api.nasdaq.com/api/quote/BRK.B/historical?assetclass=stocks&fromdate=2016-07-26&todate=2026-07-26&limit=5000
BRK.B,2018-08-29,211,211.32,210.18,211.27,3176036,,https://api.nasdaq.com/api/quote/BRK.B/historical?assetclass=stocks&fromdate=2016-07-26&todate=2026-07-26&limit=5000
BRK.B,2018-08-30,211.08,211.3,209.67,209.75,4683785,,https://api.nasdaq.com/api/quote/BRK.B/historical?assetclass=stocks&fromdate=2016-07-26&todate=2026-07-26&limit=5000
BRK.B,2018-08-31,210,210.3,208.1,208.72,4333442,,https://api.nasdaq.com/api/quote/BRK.B/historical?assetclass=stocks&fromdate=2016-07-26&todate=2026-07-26&limit=5000
BRK.B,2018-09-04,209.21,210.1,208.04,210.05,2775724,,https://api.nasdaq.com/api/quote/BRK.B/historical?assetclass=stocks&fromdate=2016-07-26&todate=2026-07-26&limit=5000
BRK.B,2018-09-05,209.81,212.46,209.49,212.26,3708836,,https://api.nasdaq.com/api/quote/BRK.B/historical?assetclass=stocks&fromdate=2016-07-26&todate=2026-07-26&limit=5000
BRK.B,2018-09-06,211.6,213.4,211.57,212.88,3598103,,https://api.nasdaq.com/api/quote/BRK.B/historical?assetclass=stocks&fromdate=2016-07-26&todate=2026-07-26&limit=5000
BRK.B,2018-09-07,212.5,214.47,212.5,214.04,3884412,,https://api.nasdaq.com/api/quote/BRK.B/historical?assetclass=stocks&fromdate=2016-07-26&todate=2026-07-26&limit=5000
BRK.B,2018-09-10,215,216.27,214.42,215.11,3798777,,https://api.nasdaq.com/api/quote/BRK.B/historical?assetclass=stocks&fromdate=2016-07-26&todate=2026-07-26&limit=5000
BRK.B,2018-09-11,214.04,215.87,212.76,215.1,3537426,,https://api.nasdaq.com/api/quote/BRK.B/historical?assetclass=stocks&fromdate=2016-07-26&todate=2026-07-26&limit=5000
BRK.B,2018-09-12,214.54,215.43,214.15,214.59,3449864,,https://api.nasdaq.com/api/quote/BRK.B/historical?assetclass=stocks&fromdate=2016-07-26&todate=2026-07-26&limit=5000
BRK.B,2018-09-13,215.02,215.42,214.17,214.89,3933349,,https://api.nasdaq.com/api/quote/BRK.B/historical?assetclass=stocks&fromdate=2016-07-26&todate=2026-07-26&limit=5000
BRK.B,2018-09-14,215.5,216.51,215.3,216.37,3144980,,https://api.nasdaq.com/api/quote/BRK.B/historical?assetclass=stocks&fromdate=2016-07-26&todate=2026-07-26&limit=5000
BRK.B,2018-09-17,216.99,217.13,215.7329,216.29,3030600,,https://api.nasdaq.com/api/quote/BRK.B/historical?assetclass=stocks&fromdate=2016-07-26&todate=2026-07-26&limit=5000
BRK.B,2018-09-18,216.3,218.5,216.3,218.3,3561046,,https://api.nasdaq.com/api/quote/BRK.B/historical?assetclass=stocks&fromdate=2016-07-26&todate=2026-07-26&limit=5000
BRK.B,2018-09-19,218.22,221.32,217.8,220.95,4287905,,https://api.nasdaq.com/api/quote/BRK.B/historical?assetclass=stocks&fromdate=2016-07-26&todate=2026-07-26&limit=5000
BRK.B,2018-09-20,221.78,223,221.3,221.68,5281151,,https://api.nasdaq.com/api/quote/BRK.B/historical?assetclass=stocks&fromdate=2016-07-26&todate=2026-07-26&limit=5000
BRK.B,2018-09-21,222.13,222.69,220.13,220.52,13280470,,https://api.nasdaq.com/api/quote/BRK.B/historical?assetclass=stocks&fromdate=2016-07-26&todate=2026-07-26&limit=5000
BRK.B,2018-09-24,220.48,220.68,217.91,218.13,4481087,,https://api.nasdaq.com/api/quote/BRK.B/historical?assetclass=stocks&fromdate=2016-07-26&todate=2026-07-26&limit=5000
BRK.B,2018-09-25,218.43,218.98,217.41,218.05,2982572,,https://api.nasdaq.com/api/quote/BRK.B/historical?assetclass=stocks&fromdate=2016-07-26&todate=2026-07-26&limit=5000
BRK.B,2018-09-26,218.05,218.42,215.77,216.11,3791858,,https://api.nasdaq.com/api/quote/BRK.B/historical?assetclass=stocks&fromdate=2016-07-26&todate=2026-07-26&limit=5000
BRK.B,2018-09-27,216.74,217.6772,215.23,216.7,3052985,,https://api.nasdaq.com/api/quote/BRK.B/historical?assetclass=stocks&fromdate=2016-07-26&todate=2026-07-26&limit=5000
BRK.B,2018-09-28,216.38,216.38,213.86,214.11,4367315,,https://api.nasdaq.com/api/quote/BRK.B/historical?assetclass=stocks&fromdate=2016-07-26&todate=2026-07-26&limit=5000
BRK.B,2018-10-01,215.92,216.1351,213.94,214.78,2973011,,https://api.nasdaq.com/api/quote/BRK.B/historical?assetclass=stocks&fromdate=2016-07-26&todate=2026-07-26&limit=5000
BRK.B,2018-10-02,214.43,215.54,214.04,215.29,2917541,,https://api.nasdaq.com/api/quote/BRK.B/historical?assetclass=stocks&fromdate=2016-07-26&todate=2026-07-26&limit=5000
BRK.B,2018-10-03,215.75,217.78,215.5,216.4,3273545,,https://api.nasdaq.com/api/quote/BRK.B/historical?assetclass=stocks&fromdate=2016-07-26&todate=2026-07-26&limit=5000
BRK.B,2018-10-04,216.43,219,216.36,218.97,4424728,,https://api.nasdaq.com/api/quote/BRK.B/historical?assetclass=stocks&fromdate=2016-07-26&todate=2026-07-26&limit=5000
BRK.B,2018-10-05,219.7,220.4,218.69,219.46,4075145,,https://api.nasdaq.com/api/quote/BRK.B/historical?assetclass=stocks&fromdate=2016-07-26&todate=2026-07-26&limit=5000
BRK.B,2018-10-08,219.16,222.76,219.02,222.06,5368001,,https://api.nasdaq.com/api/quote/BRK.B/historical?assetclass=stocks&fromdate=2016-07-26&todate=2026-07-26&limit=5000
BRK.B,2018-10-09,221.85,223.94,221.01,223.76,4513143,,https://api.nasdaq.com/api/quote/BRK.B/historical?assetclass=stocks&fromdate=2016-07-26&todate=2026-07-26&limit=5000
BRK.B,2018-10-10,224,224.07,212.54,213.1,7809571,,https://api.nasdaq.com/api/quote/BRK.B/historical?assetclass=stocks&fromdate=2016-07-26&todate=2026-07-26&limit=5000
BRK.B,2018-10-11,209.9,211.09,203.28,205.19,8313858,,https://api.nasdaq.com/api/quote/BRK.B/historical?assetclass=stocks&fromdate=2016-07-26&todate=2026-07-26&limit=5000
BRK.B,2018-10-12,210.04,210.6,203.995,206.8,5505137,,https://api.nasdaq.com/api/quote/BRK.B/historical?assetclass=stocks&fromdate=2016-07-26&todate=2026-07-26&limit=5000
BRK.B,2018-10-15,207.46,207.46,204.67,205.03,4167456,,https://api.nasdaq.com/api/quote/BRK.B/historical?assetclass=stocks&fromdate=2016-07-26&todate=2026-07-26&limit=5000
BRK.B,2018-10-16,206.66,210.78,205.92,209.83,4541572,,https://api.nasdaq.com/api/quote/BRK.B/historical?assetclass=stocks&fromdate=2016-07-26&todate=2026-07-26&limit=5000
BRK.B,2018-10-17,209.83,211.67,207.31,210.52,3464262,,https://api.nasdaq.com/api/quote/BRK.B/historical?assetclass=stocks&fromdate=2016-07-26&todate=2026-07-26&limit=5000
BRK.B,2018-10-18,210,211.27,207.32,208.7,3131173,,https://api.nasdaq.com/api/quote/BRK.B/historical?assetclass=stocks&fromdate=2016-07-26&todate=2026-07-26&limit=5000
BRK.B,2018-10-19,208.49,210.75,207.7964,209.83,4801452,,https://api.nasdaq.com/api/quote/BRK.B/historical?assetclass=stocks&fromdate=2016-07-26&todate=2026-07-26&limit=5000
BRK.B,2018-10-22,210.77,210.77,206.03,206.19,3228234,,https://api.nasdaq.com/api/quote/BRK.B/historical?assetclass=stocks&fromdate=2016-07-26&todate=2026-07-26&limit=5000
BRK.B,2018-10-23,203.1,205.25,201.88,204,4700264,,https://api.nasdaq.com/api/quote/BRK.B/historical?assetclass=stocks&fromdate=2016-07-26&todate=2026-07-26&limit=5000
BRK.B,2018-10-24,202.77,203.69,199.57,199.81,4701119,,https://api.nasdaq.com/api/quote/BRK.B/historical?assetclass=stocks&fromdate=2016-07-26&todate=2026-07-26&limit=5000
BRK.B,2018-10-25,200.73,203.43,200.14,201.98,4532261,,https://api.nasdaq.com/api/quote/BRK.B/historical?assetclass=stocks&fromdate=2016-07-26&todate=2026-07-26&limit=5000
BRK.B,2018-10-26,199.01,200.69,197.29,198.49,6732259,,https://api.nasdaq.com/api/quote/BRK.B/historical?assetclass=stocks&fromdate=2016-07-26&todate=2026-07-26&limit=5000
BRK.B,2018-10-29,201.23,203.612,197.93,200.04,4919862,,https://api.nasdaq.com/api/quote/BRK.B/historical?assetclass=stocks&fromdate=2016-07-26&todate=2026-07-26&limit=5000
BRK.B,2018-10-30,199.65,203.76,198.7,203.35,5906154,,https://api.nasdaq.com/api/quote/BRK.B/historical?assetclass=stocks&fromdate=2016-07-26&todate=2026-07-26&limit=5000
BRK.B,2018-10-31,205.21,208.07,204.5,205.28,5658338,,https://api.nasdaq.com/api/quote/BRK.B/historical?assetclass=stocks&fromdate=2016-07-26&todate=2026-07-26&limit=5000
BRK.B,2018-11-01,205.6,206.28,204.32,205.86,3812592,,https://api.nasdaq.com/api/quote/BRK.B/historical?assetclass=stocks&fromdate=2016-07-26&todate=2026-07-26&limit=5000
BRK.B,2018-11-02,207.5,208.705,203.39,206.57,5059162,,https://api.nasdaq.com/api/quote/BRK.B/historical?assetclass=stocks&fromdate=2016-07-26&todate=2026-07-26&limit=5000
BRK.B,2018-11-05,213.51,217.51,212.96,216.24,7489418,,https://api.nasdaq.com/api/quote/BRK.B/historical?assetclass=stocks&fromdate=2016-07-26&todate=2026-07-26&limit=5000
BRK.B,2018-11-06,216.75,218.74,216.4644,218.51,3876645,,https://api.nasdaq.com/api/quote/BRK.B/historical?assetclass=stocks&fromdate=2016-07-26&todate=2026-07-26&limit=5000
BRK.B,2018-11-07,219.99,221.55,217.561,221.24,4671344,,https://api.nasdaq.com/api/quote/BRK.B/historical?assetclass=stocks&fromdate=2016-07-26&todate=2026-07-26&limit=5000
BRK.B,2018-11-08,221.24,223.52,220.55,222.42,4137219,,https://api.nasdaq.com/api/quote/BRK.B/historical?assetclass=stocks&fromdate=2016-07-26&todate=2026-07-26&limit=5000
BRK.B,2018-11-09,221.67,221.99,218.3,219.63,3948311,,https://api.nasdaq.com/api/quote/BRK.B/historical?assetclass=stocks&fromdate=2016-07-26&todate=2026-07-26&limit=5000
BRK.B,2018-11-12,219.96,220.185,215,215.42,3336273,,https://api.nasdaq.com/api/quote/BRK.B/historical?assetclass=stocks&fromdate=2016-07-26&todate=2026-07-26&limit=5000
BRK.B,2018-11-13,215.61,219.15,215.18,217.92,4064148,,https://api.nasdaq.com/api/quote/BRK.B/historical?assetclass=stocks&fromdate=2016-07-26&todate=2026-07-26&limit=5000
BRK.B,2018-11-14,219.5,220.72,213.8,216.03,4401539,,https://api.nasdaq.com/api/quote/BRK.B/historical?assetclass=stocks&fromdate=2016-07-26&todate=2026-07-26&limit=5000
BRK.B,2018-11-15,214.83,217.57,212.14,217.38,4210767,,https://api.nasdaq.com/api/quote/BRK.B/historical?assetclass=stocks&fromdate=2016-07-26&todate=2026-07-26&limit=5000
BRK.B,2018-11-16,217,220.5,215.46,218.41,4338882,,https://api.nasdaq.com/api/quote/BRK.B/historical?assetclass=stocks&fromdate=2016-07-26&todate=2026-07-26&limit=5000
BRK.B,2018-11-19,218.28,218.73,215.26,217.94,4271387,,https://api.nasdaq.com/api/quote/BRK.B/historical?assetclass=stocks&fromdate=2016-07-26&todate=2026-07-26&limit=5000
BRK.B,2018-11-20,215.31,215.99,210.42,210.71,7424037,,https://api.nasdaq.com/api/quote/BRK.B/historical?assetclass=stocks&fromdate=2016-07-26&todate=2026-07-26&limit=5000
BRK.B,2018-11-21,211.3,213.74,210.53,210.86,2835052,,https://api.nasdaq.com/api/quote/BRK.B/historical?assetclass=stocks&fromdate=2016-07-26&todate=2026-07-26&limit=5000
BRK.B,2018-11-23,209.25,209.99,207.03,207.07,2273955,,https://api.nasdaq.com/api/quote/BRK.B/historical?assetclass=stocks&fromdate=2016-07-26&todate=2026-07-26&limit=5000
BRK.B,2018-11-26,209.3,211,208.64,210.63,3851116,,https://api.nasdaq.com/api/quote/BRK.B/historical?assetclass=stocks&fromdate=2016-07-26&todate=2026-07-26&limit=5000
BRK.B,2018-11-27,209.82,212.84,209.51,212.53,4049188,,https://api.nasdaq.com/api/quote/BRK.B/historical?assetclass=stocks&fromdate=2016-07-26&todate=2026-07-26&limit=5000
BRK.B,2018-11-28,213,217.64,212.44,217.5,3916057,,https://api.nasdaq.com/api/quote/BRK.B/historical?assetclass=stocks&fromdate=2016-07-26&todate=2026-07-26&limit=5000
BRK.B,2018-11-29,215.85,219.3799,215.8,217.7,3832531,,https://api.nasdaq.com/api/quote/BRK.B/historical?assetclass=stocks&fromdate=2016-07-26&todate=2026-07-26&limit=5000
BRK.B,2018-11-30,217.23,219.0836,216.93,218.24,5146257,,https://api.nasdaq.com/api/quote/BRK.B/historical?assetclass=stocks&fromdate=2016-07-26&todate=2026-07-26&limit=5000
BRK.B,2018-12-03,221.98,223.586,218.9523,220.81,5089348,,https://api.nasdaq.com/api/quote/BRK.B/historical?assetclass=stocks&fromdate=2016-07-26&todate=2026-07-26&limit=5000
BRK.B,2018-12-04,220.13,220.2799,209.71,210.12,7584567,,https://api.nasdaq.com/api/quote/BRK.B/historical?assetclass=stocks&fromdate=2016-07-26&todate=2026-07-26&limit=5000
BRK.B,2018-12-06,207.05,208.12,202.92,207.96,8285750,,https://api.nasdaq.com/api/quote/BRK.B/historical?assetclass=stocks&fromdate=2016-07-26&todate=2026-07-26&limit=5000
BRK.B,2018-12-07,208.14,210.8481,203.5678,204.88,5277738,,https://api.nasdaq.com/api/quote/BRK.B/historical?assetclass=stocks&fromdate=2016-07-26&todate=2026-07-26&limit=5000
BRK.B,2018-12-10,204.1,204.74,198.49,203.26,5592903,,https://api.nasdaq.com/api/quote/BRK.B/historical?assetclass=stocks&fromdate=2016-07-26&todate=2026-07-26&limit=5000
BRK.B,2018-12-11,206.12,206.89,200.51,202.28,4388236,,https://api.nasdaq.com/api/quote/BRK.B/historical?assetclass=stocks&fromdate=2016-07-26&todate=2026-07-26&limit=5000
BRK.B,2018-12-12,205,205.59,202.28,202.48,4151793,,https://api.nasdaq.com/api/quote/BRK.B/historical?assetclass=stocks&fromdate=2016-07-26&todate=2026-07-26&limit=5000
BRK.B,2018-12-13,202,203.555,201.51,202.42,4505235,,https://api.nasdaq.com/api/quote/BRK.B/historical?assetclass=stocks&fromdate=2016-07-26&todate=2026-07-26&limit=5000
BRK.B,2018-12-14,200.96,201.75,199.58,200,4992836,,https://api.nasdaq.com/api/quote/BRK.B/historical?assetclass=stocks&fromdate=2016-07-26&todate=2026-07-26&limit=5000
BRK.B,2018-12-17,199.77,202.2,197.1,197.92,5917031,,https://api.nasdaq.com/api/quote/BRK.B/historical?assetclass=stocks&fromdate=2016-07-26&todate=2026-07-26&limit=5000
BRK.B,2018-12-18,199.645,200.34,194.44,196.52,6586242,,https://api.nasdaq.com/api/quote/BRK.B/historical?assetclass=stocks&fromdate=2016-07-26&todate=2026-07-26&limit=5000
BRK.B,2018-12-19,196.51,201.31,193.33,195.17,6269791,,https://api.nasdaq.com/api/quote/BRK.B/historical?assetclass=stocks&fromdate=2016-07-26&todate=2026-07-26&limit=5000
BRK.B,2018-12-20,194.01,195.37,191.11,193.58,8972476,,https://api.nasdaq.com/api/quote/BRK.B/historical?assetclass=stocks&fromdate=2016-07-26&todate=2026-07-26&limit=5000
BRK.B,2018-12-21,192.22,197.8,191.57,192.1,14765060,,https://api.nasdaq.com/api/quote/BRK.B/historical?assetclass=stocks&fromdate=2016-07-26&todate=2026-07-26&limit=5000
BRK.B,2018-12-24,190.7,191.64,187.11,187.76,5020639,,https://api.nasdaq.com/api/quote/BRK.B/historical?assetclass=stocks&fromdate=2016-07-26&todate=2026-07-26&limit=5000
BRK.B,2018-12-26,188.65,197.93,186.1003,197.57,7100471,,https://api.nasdaq.com/api/quote/BRK.B/historical?assetclass=stocks&fromdate=2016-07-26&todate=2026-07-26&limit=5000
BRK.B,2018-12-27,195.6,200.12,191.9,200.12,7109811,,https://api.nasdaq.com/api/quote/BRK.B/historical?assetclass=stocks&fromdate=2016-07-26&todate=2026-07-26&limit=5000
BRK.B,2018-12-28,200.72,204.74,200.2,202.08,5374026,,https://api.nasdaq.com/api/quote/BRK.B/historical?assetclass=stocks&fromdate=2016-07-26&todate=2026-07-26&limit=5000
BRK.B,2018-12-31,204.23,205.01,201,204.18,5451129,,https://api.nasdaq.com/api/quote/BRK.B/historical?assetclass=stocks&fromdate=2016-07-26&todate=2026-07-26&limit=5000
BRK.B,2019-01-02,201.73,204.4,201.15,202.8,4766359,,https://api.nasdaq.com/api/quote/BRK.B/historical?assetclass=stocks&fromdate=2016-07-26&todate=2026-07-26&limit=5000
BRK.B,2019-01-03,199.97,200.22,191.04,191.66,8275344,,https://api.nasdaq.com/api/quote/BRK.B/historical?assetclass=stocks&fromdate=2016-07-26&todate=2026-07-26&limit=5000
BRK.B,2019-01-04,194.85,196.69,193.88,195.2,6586089,,https://api.nasdaq.com/api/quote/BRK.B/historical?assetclass=stocks&fromdate=2016-07-26&todate=2026-07-26&limit=5000
BRK.B,2019-01-07,196.39,198.28,195.37,196.91,5151352,,https://api.nasdaq.com/api/quote/BRK.B/historical?assetclass=stocks&fromdate=2016-07-26&todate=2026-07-26&limit=5000
BRK.B,2019-01-08,198.99,199.08,194.66,196.31,4367271,,https://api.nasdaq.com/api/quote/BRK.B/historical?assetclass=stocks&fromdate=2016-07-26&todate=2026-07-26&limit=5000
BRK.B,2019-01-09,197.3,197.68,194.95,196.37,3585142,,https://api.nasdaq.com/api/quote/BRK.B/historical?assetclass=stocks&fromdate=2016-07-26&todate=2026-07-26&limit=5000
BRK.B,2019-01-10,195.51,197.9,194.96,196.58,3593012,,https://api.nasdaq.com/api/quote/BRK.B/historical?assetclass=stocks&fromdate=2016-07-26&todate=2026-07-26&limit=5000
BRK.B,2019-01-11,195.66,196.65,194.5,196.29,3496340,,https://api.nasdaq.com/api/quote/BRK.B/historical?assetclass=stocks&fromdate=2016-07-26&todate=2026-07-26&limit=5000
BRK.B,2019-01-14,194.78,196.44,194.46,195.78,3928714,,https://api.nasdaq.com/api/quote/BRK.B/historical?assetclass=stocks&fromdate=2016-07-26&todate=2026-07-26&limit=5000
BRK.B,2019-01-15,195.79,197.25,195.201,196.94,3192958,,https://api.nasdaq.com/api/quote/BRK.B/historical?assetclass=stocks&fromdate=2016-07-26&todate=2026-07-26&limit=5000
BRK.B,2019-01-16,197.64,199.57,197.24,198.41,5029739,,https://api.nasdaq.com/api/quote/BRK.B/historical?assetclass=stocks&fromdate=2016-07-26&todate=2026-07-26&limit=5000
BRK.B,2019-01-17,197.7,199.41,196.46,198.78,3499136,,https://api.nasdaq.com/api/quote/BRK.B/historical?assetclass=stocks&fromdate=2016-07-26&todate=2026-07-26&limit=5000
BRK.B,2019-01-18,200.7,204.73,200.24,204.48,5931726,,https://api.nasdaq.com/api/quote/BRK.B/historical?assetclass=stocks&fromdate=2016-07-26&todate=2026-07-26&limit=5000
BRK.B,2019-01-22,203.52,204.96,199.14,200.72,5378267,,https://api.nasdaq.com/api/quote/BRK.B/historical?assetclass=stocks&fromdate=2016-07-26&todate=2026-07-26&limit=5000
BRK.B,2019-01-23,200.72,201.31,198.5,201.15,3705434,,https://api.nasdaq.com/api/quote/BRK.B/historical?assetclass=stocks&fromdate=2016-07-26&todate=2026-07-26&limit=5000
BRK.B,2019-01-24,199.75,201.6,199.75,201.02,4074481,,https://api.nasdaq.com/api/quote/BRK.B/historical?assetclass=stocks&fromdate=2016-07-26&todate=2026-07-26&limit=5000
BRK.B,2019-01-25,203.05,204.74,202,202.75,3822159,,https://api.nasdaq.com/api/quote/BRK.B/historical?assetclass=stocks&fromdate=2016-07-26&todate=2026-07-26&limit=5000
BRK.B,2019-01-28,201.49,201.75,199.81,200.95,3636952,,https://api.nasdaq.com/api/quote/BRK.B/historical?assetclass=stocks&fromdate=2016-07-26&todate=2026-07-26&limit=5000
BRK.B,2019-01-29,200.92,202.1499,200.5,202.05,2758346,,https://api.nasdaq.com/api/quote/BRK.B/historical?assetclass=stocks&fromdate=2016-07-26&todate=2026-07-26&limit=5000
BRK.B,2019-01-30,203.31,207.59,203.05,205.96,4515788,,https://api.nasdaq.com/api/quote/BRK.B/historical?assetclass=stocks&fromdate=2016-07-26&todate=2026-07-26&limit=5000
BRK.B,2019-01-31,204.68,208.01,203.64,205.54,8640139,,https://api.nasdaq.com/api/quote/BRK.B/historical?assetclass=stocks&fromdate=2016-07-26&todate=2026-07-26&limit=5000
BRK.B,2019-02-01,206.52,209.3,206.2,209.19,5991667,,https://api.nasdaq.com/api/quote/BRK.B/historical?assetclass=stocks&fromdate=2016-07-26&todate=2026-07-26&limit=5000
BRK.B,2019-02-04,209.16,209.4,207.05,208.52,3700006,,https://api.nasdaq.com/api/quote/BRK.B/historical?assetclass=stocks&fromdate=2016-07-26&todate=2026-07-26&limit=5000
BRK.B,2019-02-05,209.1,209.16,206.53,207.82,4159815,,https://api.nasdaq.com/api/quote/BRK.B/historical?assetclass=stocks&fromdate=2016-07-26&todate=2026-07-26&limit=5000
BRK.B,2019-02-06,207.24,207.24,205.1,206.01,3652385,,https://api.nasdaq.com/api/quote/BRK.B/historical?assetclass=stocks&fromdate=2016-07-26&todate=2026-07-26&limit=5000
BRK.B,2019-02-07,204.53,204.99,200.57,201.73,4859567,,https://api.nasdaq.com/api/quote/BRK.B/historical?assetclass=stocks&fromdate=2016-07-26&todate=2026-07-26&limit=5000
BRK.B,2019-02-08,200.82,201.2,198.21,200.92,4664794,,https://api.nasdaq.com/api/quote/BRK.B/historical?assetclass=stocks&fromdate=2016-07-26&todate=2026-07-26&limit=5000
BRK.B,2019-02-11,201.69,203.33,201.32,203.05,3572192,,https://api.nasdaq.com/api/quote/BRK.B/historical?assetclass=stocks&fromdate=2016-07-26&todate=2026-07-26&limit=5000
BRK.B,2019-02-12,204.94,206.67,204.87,206.15,3467787,,https://api.nasdaq.com/api/quote/BRK.B/historical?assetclass=stocks&fromdate=2016-07-26&todate=2026-07-26&limit=5000
BRK.B,2019-02-13,206.96,208.08,205.4141,205.8,3318206,,https://api.nasdaq.com/api/quote/BRK.B/historical?assetclass=stocks&fromdate=2016-07-26&todate=2026-07-26&limit=5000
BRK.B,2019-02-14,204.64,204.64,201.6,202.78,3601795,,https://api.nasdaq.com/api/quote/BRK.B/historical?assetclass=stocks&fromdate=2016-07-26&todate=2026-07-26&limit=5000
BRK.B,2019-02-15,204.86,205.79,204.07,205.29,5043723,,https://api.nasdaq.com/api/quote/BRK.B/historical?assetclass=stocks&fromdate=2016-07-26&todate=2026-07-26&limit=5000
BRK.B,2019-02-19,205.1,206.32,204.68,205.69,3203954,,https://api.nasdaq.com/api/quote/BRK.B/historical?assetclass=stocks&fromdate=2016-07-26&todate=2026-07-26&limit=5000
BRK.B,2019-02-20,205.78,206.92,204.935,206.16,2972433,,https://api.nasdaq.com/api/quote/BRK.B/historical?assetclass=stocks&fromdate=2016-07-26&todate=2026-07-26&limit=5000
BRK.B,2019-02-21,206.27,206.86,204.35,205.33,3642637,,https://api.nasdaq.com/api/quote/BRK.B/historical?assetclass=stocks&fromdate=2016-07-26&todate=2026-07-26&limit=5000
BRK.B,2019-02-22,204.25,204.59,199.92,201.91,5572499,,https://api.nasdaq.com/api/quote/BRK.B/historical?assetclass=stocks&fromdate=2016-07-26&todate=2026-07-26&limit=5000
BRK.B,2019-02-25,201.7,205,201.22,202.31,5145503,,https://api.nasdaq.com/api/quote/BRK.B/historical?assetclass=stocks&fromdate=2016-07-26&todate=2026-07-26&limit=5000
BRK.B,2019-02-26,202.4,202.65,201.3,201.9,4892241,,https://api.nasdaq.com/api/quote/BRK.B/historical?assetclass=stocks&fromdate=2016-07-26&todate=2026-07-26&limit=5000
BRK.B,2019-02-27,201.72,202.3,201.25,202.29,4246414,,https://api.nasdaq.com/api/quote/BRK.B/historical?assetclass=stocks&fromdate=2016-07-26&todate=2026-07-26&limit=5000
BRK.B,2019-02-28,202.68,202.94,201.11,201.3,3587641,,https://api.nasdaq.com/api/quote/BRK.B/historical?assetclass=stocks&fromdate=2016-07-26&todate=2026-07-26&limit=5000
BRK.B,2019-03-01,203.15,203.84,201.84,203.13,3529287,,https://api.nasdaq.com/api/quote/BRK.B/historical?assetclass=stocks&fromdate=2016-07-26&todate=2026-07-26&limit=5000
BRK.B,2019-03-04,203.09,204.87,200.58,201.81,4640306,,https://api.nasdaq.com/api/quote/BRK.B/historical?assetclass=stocks&fromdate=2016-07-26&todate=2026-07-26&limit=5000
BRK.B,2019-03-05,201.76,202,200.58,201.47,5108177,,https://api.nasdaq.com/api/quote/BRK.B/historical?assetclass=stocks&fromdate=2016-07-26&todate=2026-07-26&limit=5000
BRK.B,2019-03-06,201.61,202.3,200.57,200.67,3200126,,https://api.nasdaq.com/api/quote/BRK.B/historical?assetclass=stocks&fromdate=2016-07-26&todate=2026-07-26&limit=5000
BRK.B,2019-03-07,200.58,200.58,197.99,199.3,5104953,,https://api.nasdaq.com/api/quote/BRK.B/historical?assetclass=stocks&fromdate=2016-07-26&todate=2026-07-26&limit=5000
BRK.B,2019-03-08,197.91,198.94,197.03,198.7,3750125,,https://api.nasdaq.com/api/quote/BRK.B/historical?assetclass=stocks&fromdate=2016-07-26&todate=2026-07-26&limit=5000
BRK.B,2019-03-11,199.62,202.3,199.47,202.09,3804154,,https://api.nasdaq.com/api/quote/BRK.B/historical?assetclass=stocks&fromdate=2016-07-26&todate=2026-07-26&limit=5000
BRK.B,2019-03-12,202.66,203.73,202.23,202.5,3654493,,https://api.nasdaq.com/api/quote/BRK.B/historical?assetclass=stocks&fromdate=2016-07-26&todate=2026-07-26&limit=5000
BRK.B,2019-03-13,203,205.36,202.66,204.06,3613940,,https://api.nasdaq.com/api/quote/BRK.B/historical?assetclass=stocks&fromdate=2016-07-26&todate=2026-07-26&limit=5000
BRK.B,2019-03-14,203.26,204.36,202.68,203.38,2903975,,https://api.nasdaq.com/api/quote/BRK.B/historical?assetclass=stocks&fromdate=2016-07-26&todate=2026-07-26&limit=5000
BRK.B,2019-03-15,204.08,206.16,203.86,204.31,7738718,,https://api.nasdaq.com/api/quote/BRK.B/historical?assetclass=stocks&fromdate=2016-07-26&todate=2026-07-26&limit=5000
BRK.B,2019-03-18,204.67,206.95,204.67,206.68,3882815,,https://api.nasdaq.com/api/quote/BRK.B/historical?assetclass=stocks&fromdate=2016-07-26&todate=2026-07-26&limit=5000
BRK.B,2019-03-19,207.75,207.75,204.56,205.15,3821824,,https://api.nasdaq.com/api/quote/BRK.B/historical?assetclass=stocks&fromdate=2016-07-26&todate=2026-07-26&limit=5000
BRK.B,2019-03-20,205.43,205.45,202.98,203.27,4046319,,https://api.nasdaq.com/api/quote/BRK.B/historical?assetclass=stocks&fromdate=2016-07-26&todate=2026-07-26&limit=5000
BRK.B,2019-03-21,202.92,204.7,201.91,204.43,4181934,,https://api.nasdaq.com/api/quote/BRK.B/historical?assetclass=stocks&fromdate=2016-07-26&todate=2026-07-26&limit=5000
BRK.B,2019-03-22,203.28,204.01,200.06,200.55,5870028,,https://api.nasdaq.com/api/quote/BRK.B/historical?assetclass=stocks&fromdate=2016-07-26&todate=2026-07-26&limit=5000
BRK.B,2019-03-25,200.83,201.98,198.2,199.44,4057249,,https://api.nasdaq.com/api/quote/BRK.B/historical?assetclass=stocks&fromdate=2016-07-26&todate=2026-07-26&limit=5000
BRK.B,2019-03-26,200.83,201.32,198.7,200.62,3737804,,https://api.nasdaq.com/api/quote/BRK.B/historical?assetclass=stocks&fromdate=2016-07-26&todate=2026-07-26&limit=5000
BRK.B,2019-03-27,200.72,201.2,198.23,199.21,3609411,,https://api.nasdaq.com/api/quote/BRK.B/historical?assetclass=stocks&fromdate=2016-07-26&todate=2026-07-26&limit=5000
BRK.B,2019-03-28,199.4,200.75,198.4,200.66,3107851,,https://api.nasdaq.com/api/quote/BRK.B/historical?assetclass=stocks&fromdate=2016-07-26&todate=2026-07-26&limit=5000
BRK.B,2019-03-29,201.34,201.7,200.03,200.89,4619149,,https://api.nasdaq.com/api/quote/BRK.B/historical?assetclass=stocks&fromdate=2016-07-26&todate=2026-07-26&limit=5000
BRK.B,2019-04-01,202.16,205.3,202,205,4469078,,https://api.nasdaq.com/api/quote/BRK.B/historical?assetclass=stocks&fromdate=2016-07-26&todate=2026-07-26&limit=5000
BRK.B,2019-04-02,204.91,205.43,203.59,203.88,2593812,,https://api.nasdaq.com/api/quote/BRK.B/historical?assetclass=stocks&fromdate=2016-07-26&todate=2026-07-26&limit=5000
BRK.B,2019-04-03,205.46,205.7,202.9,203.67,2779903,,https://api.nasdaq.com/api/quote/BRK.B/historical?assetclass=stocks&fromdate=2016-07-26&todate=2026-07-26&limit=5000
BRK.B,2019-04-04,203.26,204.9399,202.79,204.1,2423118,,https://api.nasdaq.com/api/quote/BRK.B/historical?assetclass=stocks&fromdate=2016-07-26&todate=2026-07-26&limit=5000
BRK.B,2019-04-05,204.12,205.53,203.1,205.33,3362770,,https://api.nasdaq.com/api/quote/BRK.B/historical?assetclass=stocks&fromdate=2016-07-26&todate=2026-07-26&limit=5000
BRK.B,2019-04-08,205.14,205.64,203.97,205.25,2623080,,https://api.nasdaq.com/api/quote/BRK.B/historical?assetclass=stocks&fromdate=2016-07-26&todate=2026-07-26&limit=5000
BRK.B,2019-04-09,204.84,204.97,203.59,204.92,2584821,,https://api.nasdaq.com/api/quote/BRK.B/historical?assetclass=stocks&fromdate=2016-07-26&todate=2026-07-26&limit=5000
BRK.B,2019-04-10,205.12,205.23,203.6,204.52,2614134,,https://api.nasdaq.com/api/quote/BRK.B/historical?assetclass=stocks&fromdate=2016-07-26&todate=2026-07-26&limit=5000
BRK.B,2019-04-11,204.76,207.09,204.27,206.67,2987374,,https://api.nasdaq.com/api/quote/BRK.B/historical?assetclass=stocks&fromdate=2016-07-26&todate=2026-07-26&limit=5000
BRK.B,2019-04-12,208.08,211.6738,207.58,210.56,4678969,,https://api.nasdaq.com/api/quote/BRK.B/historical?assetclass=stocks&fromdate=2016-07-26&todate=2026-07-26&limit=5000
BRK.B,2019-04-15,210.52,210.55,207.76,209.74,2587064,,https://api.nasdaq.com/api/quote/BRK.B/historical?assetclass=stocks&fromdate=2016-07-26&todate=2026-07-26&limit=5000
BRK.B,2019-04-16,210.15,211.84,210,211.8,2643351,,https://api.nasdaq.com/api/quote/BRK.B/historical?assetclass=stocks&fromdate=2016-07-26&todate=2026-07-26&limit=5000
BRK.B,2019-04-17,212.39,212.49,209.68,210.37,2848209,,https://api.nasdaq.com/api/quote/BRK.B/historical?assetclass=stocks&fromdate=2016-07-26&todate=2026-07-26&limit=5000
BRK.B,2019-04-18,210.96,211.43,209.73,209.99,2491813,,https://api.nasdaq.com/api/quote/BRK.B/historical?assetclass=stocks&fromdate=2016-07-26&todate=2026-07-26&limit=5000
BRK.B,2019-04-22,209.5,210.37,208.88,209.49,1927747,,https://api.nasdaq.com/api/quote/BRK.B/historical?assetclass=stocks&fromdate=2016-07-26&todate=2026-07-26&limit=5000
BRK.B,2019-04-23,209.5,211.88,208.89,211.61,3446273,,https://api.nasdaq.com/api/quote/BRK.B/historical?assetclass=stocks&fromdate=2016-07-26&todate=2026-07-26&limit=5000
BRK.B,2019-04-24,211.55,212.02,210.2343,210.57,3207521,,https://api.nasdaq.com/api/quote/BRK.B/historical?assetclass=stocks&fromdate=2016-07-26&todate=2026-07-26&limit=5000
BRK.B,2019-04-25,209.62,212.67,209.34,211.95,3121176,,https://api.nasdaq.com/api/quote/BRK.B/historical?assetclass=stocks&fromdate=2016-07-26&todate=2026-07-26&limit=5000
BRK.B,2019-04-26,211.85,214.22,211.81,214.22,3110479,,https://api.nasdaq.com/api/quote/BRK.B/historical?assetclass=stocks&fromdate=2016-07-26&todate=2026-07-26&limit=5000
BRK.B,2019-04-29,214.92,217.22,214.6,216.58,3415359,,https://api.nasdaq.com/api/quote/BRK.B/historical?assetclass=stocks&fromdate=2016-07-26&todate=2026-07-26&limit=5000
BRK.B,2019-04-30,217.32,217.32,214.7,216.71,3577347,,https://api.nasdaq.com/api/quote/BRK.B/historical?assetclass=stocks&fromdate=2016-07-26&todate=2026-07-26&limit=5000
BRK.B,2019-05-01,217.22,218.79,216.49,216.71,3769217,,https://api.nasdaq.com/api/quote/BRK.B/historical?assetclass=stocks&fromdate=2016-07-26&todate=2026-07-26&limit=5000
BRK.B,2019-05-02,217.19,217.7,215.17,215.93,2646680,,https://api.nasdaq.com/api/quote/BRK.B/historical?assetclass=stocks&fromdate=2016-07-26&todate=2026-07-26&limit=5000
BRK.B,2019-05-03,217.14,219.16,216.87,218.6,3382560,,https://api.nasdaq.com/api/quote/BRK.B/historical?assetclass=stocks&fromdate=2016-07-26&todate=2026-07-26&limit=5000
BRK.B,2019-05-06,214.685,215.51,211.541,213.16,5657206,,https://api.nasdaq.com/api/quote/BRK.B/historical?assetclass=stocks&fromdate=2016-07-26&todate=2026-07-26&limit=5000
BRK.B,2019-05-07,211.34,211.6,207.41,209.43,5266714,,https://api.nasdaq.com/api/quote/BRK.B/historical?assetclass=stocks&fromdate=2016-07-26&todate=2026-07-26&limit=5000
BRK.B,2019-05-08,208.26,211.72,207.6,209.29,3838173,,https://api.nasdaq.com/api/quote/BRK.B/historical?assetclass=stocks&fromdate=2016-07-26&todate=2026-07-26&limit=5000
BRK.B,2019-05-09,207.34,208.92,204.39,208.56,4251265,,https://api.nasdaq.com/api/quote/BRK.B/historical?assetclass=stocks&fromdate=2016-07-26&todate=2026-07-26&limit=5000
BRK.B,2019-05-10,207.89,209.29,204.305,209.02,4075724,,https://api.nasdaq.com/api/quote/BRK.B/historical?assetclass=stocks&fromdate=2016-07-26&todate=2026-07-26&limit=5000
BRK.B,2019-05-13,204.96,205.91,204.3,205.01,5186169,,https://api.nasdaq.com/api/quote/BRK.B/historical?assetclass=stocks&fromdate=2016-07-26&todate=2026-07-26&limit=5000
BRK.B,2019-05-14,205.67,206.815,203.45,203.69,4005193,,https://api.nasdaq.com/api/quote/BRK.B/historical?assetclass=stocks&fromdate=2016-07-26&todate=2026-07-26&limit=5000
BRK.B,2019-05-15,202.79,204.13,201.39,202.98,4024275,,https://api.nasdaq.com/api/quote/BRK.B/historical?assetclass=stocks&fromdate=2016-07-26&todate=2026-07-26&limit=5000
BRK.B,2019-05-16,203.9,206.66,203.9,204.63,3074219,,https://api.nasdaq.com/api/quote/BRK.B/historical?assetclass=stocks&fromdate=2016-07-26&todate=2026-07-26&limit=5000
BRK.B,2019-05-17,203,205.46,202.45,203.27,4614709,,https://api.nasdaq.com/api/quote/BRK.B/historical?assetclass=stocks&fromdate=2016-07-26&todate=2026-07-26&limit=5000
BRK.B,2019-05-20,202.64,203.18,201.75,202.73,2645277,,https://api.nasdaq.com/api/quote/BRK.B/historical?assetclass=stocks&fromdate=2016-07-26&todate=2026-07-26&limit=5000
BRK.B,2019-05-21,203.16,203.9874,202.5,203.36,2664427,,https://api.nasdaq.com/api/quote/BRK.B/historical?assetclass=stocks&fromdate=2016-07-26&todate=2026-07-26&limit=5000
BRK.B,2019-05-22,202.72,203.49,201.7,202.6,2776131,,https://api.nasdaq.com/api/quote/BRK.B/historical?assetclass=stocks&fromdate=2016-07-26&todate=2026-07-26&limit=5000
BRK.B,2019-05-23,200.8,202.18,199.32,201.3,4737449,,https://api.nasdaq.com/api/quote/BRK.B/historical?assetclass=stocks&fromdate=2016-07-26&todate=2026-07-26&limit=5000
BRK.B,2019-05-24,202.12,202.12,200.79,201.69,3314493,,https://api.nasdaq.com/api/quote/BRK.B/historical?assetclass=stocks&fromdate=2016-07-26&todate=2026-07-26&limit=5000
BRK.B,2019-05-28,202.05,202.41,199.52,199.7,6914939,,https://api.nasdaq.com/api/quote/BRK.B/historical?assetclass=stocks&fromdate=2016-07-26&todate=2026-07-26&limit=5000
BRK.B,2019-05-29,198.95,199.49,197.34,198.52,4625776,,https://api.nasdaq.com/api/quote/BRK.B/historical?assetclass=stocks&fromdate=2016-07-26&todate=2026-07-26&limit=5000
BRK.B,2019-05-30,199.06,200.2113,198.76,199.74,3646258,,https://api.nasdaq.com/api/quote/BRK.B/historical?assetclass=stocks&fromdate=2016-07-26&todate=2026-07-26&limit=5000
BRK.B,2019-05-31,198.32,198.83,197.075,197.42,3685173,,https://api.nasdaq.com/api/quote/BRK.B/historical?assetclass=stocks&fromdate=2016-07-26&todate=2026-07-26&limit=5000
BRK.B,2019-06-03,197.62,198.92,196.89,198.56,3979035,,https://api.nasdaq.com/api/quote/BRK.B/historical?assetclass=stocks&fromdate=2016-07-26&todate=2026-07-26&limit=5000
BRK.B,2019-06-04,200.63,201.65,199.57,201.59,4112641,,https://api.nasdaq.com/api/quote/BRK.B/historical?assetclass=stocks&fromdate=2016-07-26&todate=2026-07-26&limit=5000
BRK.B,2019-06-05,202.38,203.35,200.91,203.3,3210940,,https://api.nasdaq.com/api/quote/BRK.B/historical?assetclass=stocks&fromdate=2016-07-26&todate=2026-07-26&limit=5000
BRK.B,2019-06-06,202.9,205.39,202.54,204.77,3005213,,https://api.nasdaq.com/api/quote/BRK.B/historical?assetclass=stocks&fromdate=2016-07-26&todate=2026-07-26&limit=5000
BRK.B,2019-06-07,204.95,206.54,204.8,205.81,2672721,,https://api.nasdaq.com/api/quote/BRK.B/historical?assetclass=stocks&fromdate=2016-07-26&todate=2026-07-26&limit=5000
BRK.B,2019-06-10,207.12,208.08,206.46,207.16,2865546,,https://api.nasdaq.com/api/quote/BRK.B/historical?assetclass=stocks&fromdate=2016-07-26&todate=2026-07-26&limit=5000
BRK.B,2019-06-11,208.5,208.99,206,206.63,2545954,,https://api.nasdaq.com/api/quote/BRK.B/historical?assetclass=stocks&fromdate=2016-07-26&todate=2026-07-26&limit=5000
BRK.B,2019-06-12,206.2,206.6,203.92,204.57,2835868,,https://api.nasdaq.com/api/quote/BRK.B/historical?assetclass=stocks&fromdate=2016-07-26&todate=2026-07-26&limit=5000
BRK.B,2019-06-13,204.46,205.7599,204.3,204.99,2257756,,https://api.nasdaq.com/api/quote/BRK.B/historical?assetclass=stocks&fromdate=2016-07-26&todate=2026-07-26&limit=5000
BRK.B,2019-06-14,204.87,205.845,203.85,205.16,2512373,,https://api.nasdaq.com/api/quote/BRK.B/historical?assetclass=stocks&fromdate=2016-07-26&todate=2026-07-26&limit=5000
BRK.B,2019-06-17,205.85,205.85,203.16,203.48,2819964,,https://api.nasdaq.com/api/quote/BRK.B/historical?assetclass=stocks&fromdate=2016-07-26&todate=2026-07-26&limit=5000
BRK.B,2019-06-18,204.47,206.4624,203.98,206.01,3670723,,https://api.nasdaq.com/api/quote/BRK.B/historical?assetclass=stocks&fromdate=2016-07-26&todate=2026-07-26&limit=5000
BRK.B,2019-06-19,206.36,208.31,206.14,206.75,3320746,,https://api.nasdaq.com/api/quote/BRK.B/historical?assetclass=stocks&fromdate=2016-07-26&todate=2026-07-26&limit=5000
BRK.B,2019-06-20,208.51,208.75,206.0414,208.04,3836861,,https://api.nasdaq.com/api/quote/BRK.B/historical?assetclass=stocks&fromdate=2016-07-26&todate=2026-07-26&limit=5000
BRK.B,2019-06-21,208.43,208.72,206.03,206.21,5994485,,https://api.nasdaq.com/api/quote/BRK.B/historical?assetclass=stocks&fromdate=2016-07-26&todate=2026-07-26&limit=5000
BRK.B,2019-06-24,206.39,207.59,205.96,206.85,3164398,,https://api.nasdaq.com/api/quote/BRK.B/historical?assetclass=stocks&fromdate=2016-07-26&todate=2026-07-26&limit=5000
BRK.B,2019-06-25,207.41,208.48,206.8001,208.07,3727362,,https://api.nasdaq.com/api/quote/BRK.B/historical?assetclass=stocks&fromdate=2016-07-26&todate=2026-07-26&limit=5000
BRK.B,2019-06-26,208.28,210,208.21,208.51,3937817,,https://api.nasdaq.com/api/quote/BRK.B/historical?assetclass=stocks&fromdate=2016-07-26&todate=2026-07-26&limit=5000
BRK.B,2019-06-27,208.97,212.54,208.81,212.02,4182800,,https://api.nasdaq.com/api/quote/BRK.B/historical?assetclass=stocks&fromdate=2016-07-26&todate=2026-07-26&limit=5000
BRK.B,2019-06-28,213,213.33,211.32,213.17,7472388,,https://api.nasdaq.com/api/quote/BRK.B/historical?assetclass=stocks&fromdate=2016-07-26&todate=2026-07-26&limit=5000
BRK.B,2019-07-01,214.25,215.21,213.21,214.62,3467241,,https://api.nasdaq.com/api/quote/BRK.B/historical?assetclass=stocks&fromdate=2016-07-26&todate=2026-07-26&limit=5000
BRK.B,2019-07-02,214.38,215.59,213.4,214.54,3054355,,https://api.nasdaq.com/api/quote/BRK.B/historical?assetclass=stocks&fromdate=2016-07-26&todate=2026-07-26&limit=5000
BRK.B,2019-07-03,215,215.25,212.66,215.16,2489136,,https://api.nasdaq.com/api/quote/BRK.B/historical?assetclass=stocks&fromdate=2016-07-26&todate=2026-07-26&limit=5000
BRK.B,2019-07-05,215.13,215.77,213.9,215.25,3324183,,https://api.nasdaq.com/api/quote/BRK.B/historical?assetclass=stocks&fromdate=2016-07-26&todate=2026-07-26&limit=5000
BRK.B,2019-07-08,214,215.8,213.91,215.13,2978431,,https://api.nasdaq.com/api/quote/BRK.B/historical?assetclass=stocks&fromdate=2016-07-26&todate=2026-07-26&limit=5000
BRK.B,2019-07-09,213.02,214.92,212.97,214.75,2687024,,https://api.nasdaq.com/api/quote/BRK.B/historical?assetclass=stocks&fromdate=2016-07-26&todate=2026-07-26&limit=5000
BRK.B,2019-07-10,215.21,216.58,213.77,214.03,3704992,,https://api.nasdaq.com/api/quote/BRK.B/historical?assetclass=stocks&fromdate=2016-07-26&todate=2026-07-26&limit=5000
BRK.B,2019-07-11,214.31,214.5499,212.98,213.17,3119597,,https://api.nasdaq.com/api/quote/BRK.B/historical?assetclass=stocks&fromdate=2016-07-26&todate=2026-07-26&limit=5000
BRK.B,2019-07-12,213.2,214.19,212.51,214.1,2360685,,https://api.nasdaq.com/api/quote/BRK.B/historical?assetclass=stocks&fromdate=2016-07-26&todate=2026-07-26&limit=5000
BRK.B,2019-07-15,214.44,214.44,212.82,213.54,2715629,,https://api.nasdaq.com/api/quote/BRK.B/historical?assetclass=stocks&fromdate=2016-07-26&todate=2026-07-26&limit=5000
BRK.B,2019-07-16,214.29,215.04,212.78,212.88,2709343,,https://api.nasdaq.com/api/quote/BRK.B/historical?assetclass=stocks&fromdate=2016-07-26&todate=2026-07-26&limit=5000
BRK.B,2019-07-17,212.52,212.96,207.41,207.45,4325198,,https://api.nasdaq.com/api/quote/BRK.B/historical?assetclass=stocks&fromdate=2016-07-26&todate=2026-07-26&limit=5000
BRK.B,2019-07-18,207.52,209.0942,207.12,207.98,3612161,,https://api.nasdaq.com/api/quote/BRK.B/historical?assetclass=stocks&fromdate=2016-07-26&todate=2026-07-26&limit=5000
BRK.B,2019-07-19,208.11,208.25,205.65,205.97,3513524,,https://api.nasdaq.com/api/quote/BRK.B/historical?assetclass=stocks&fromdate=2016-07-26&todate=2026-07-26&limit=5000
BRK.B,2019-07-22,205.34,206.16,204.36,204.84,3086088,,https://api.nasdaq.com/api/quote/BRK.B/historical?assetclass=stocks&fromdate=2016-07-26&todate=2026-07-26&limit=5000
BRK.B,2019-07-23,205.51,206.63,204.92,206.46,3086415,,https://api.nasdaq.com/api/quote/BRK.B/historical?assetclass=stocks&fromdate=2016-07-26&todate=2026-07-26&limit=5000
BRK.B,2019-07-24,205.74,208.01,205.63,207.97,3105425,,https://api.nasdaq.com/api/quote/BRK.B/historical?assetclass=stocks&fromdate=2016-07-26&todate=2026-07-26&limit=5000
BRK.B,2019-07-25,208.37,208.37,206.53,207.9,3022205,,https://api.nasdaq.com/api/quote/BRK.B/historical?assetclass=stocks&fromdate=2016-07-26&todate=2026-07-26&limit=5000
BRK.B,2019-07-26,207.82,210.03,206.75,209.9,3654607,,https://api.nasdaq.com/api/quote/BRK.B/historical?assetclass=stocks&fromdate=2016-07-26&todate=2026-07-26&limit=5000
BRK.B,2019-07-29,210,210,208.42,208.61,2834084,,https://api.nasdaq.com/api/quote/BRK.B/historical?assetclass=stocks&fromdate=2016-07-26&todate=2026-07-26&limit=5000
BRK.B,2019-07-30,207.89,208.36,206.86,207.81,1977839,,https://api.nasdaq.com/api/quote/BRK.B/historical?assetclass=stocks&fromdate=2016-07-26&todate=2026-07-26&limit=5000
BRK.B,2019-07-31,207.8,209.5,205.3,205.43,4634512,,https://api.nasdaq.com/api/quote/BRK.B/historical?assetclass=stocks&fromdate=2016-07-26&todate=2026-07-26&limit=5000
BRK.B,2019-08-01,205.63,206.98,201.49,201.71,4829521,,https://api.nasdaq.com/api/quote/BRK.B/historical?assetclass=stocks&fromdate=2016-07-26&todate=2026-07-26&limit=5000
BRK.B,2019-08-02,201.79,204.43,199.42,202.67,5696980,,https://api.nasdaq.com/api/quote/BRK.B/historical?assetclass=stocks&fromdate=2016-07-26&todate=2026-07-26&limit=5000
BRK.B,2019-08-05,199.9,201.1,197.16,197.73,7621861,,https://api.nasdaq.com/api/quote/BRK.B/historical?assetclass=stocks&fromdate=2016-07-26&todate=2026-07-26&limit=5000
BRK.B,2019-08-06,199.61,200.93,197.9,200.55,5500809,,https://api.nasdaq.com/api/quote/BRK.B/historical?assetclass=stocks&fromdate=2016-07-26&todate=2026-07-26&limit=5000
BRK.B,2019-08-07,198.56,199.2957,195.4,198.21,5326559,,https://api.nasdaq.com/api/quote/BRK.B/historical?assetclass=stocks&fromdate=2016-07-26&todate=2026-07-26&limit=5000
BRK.B,2019-08-08,199.93,200.87,198.12,200.52,4143445,,https://api.nasdaq.com/api/quote/BRK.B/historical?assetclass=stocks&fromdate=2016-07-26&todate=2026-07-26&limit=5000
BRK.B,2019-08-09,200.19,200.55,197.67,199.05,4334639,,https://api.nasdaq.com/api/quote/BRK.B/historical?assetclass=stocks&fromdate=2016-07-26&todate=2026-07-26&limit=5000
BRK.B,2019-08-12,197.61,199.47,196.91,197.2,3194483,,https://api.nasdaq.com/api/quote/BRK.B/historical?assetclass=stocks&fromdate=2016-07-26&todate=2026-07-26&limit=5000
BRK.B,2019-08-13,197.46,201,196.5,198.78,3914758,,https://api.nasdaq.com/api/quote/BRK.B/historical?assetclass=stocks&fromdate=2016-07-26&todate=2026-07-26&limit=5000
BRK.B,2019-08-14,195.78,197.25,195.61,195.81,5839062,,https://api.nasdaq.com/api/quote/BRK.B/historical?assetclass=stocks&fromdate=2016-07-26&todate=2026-07-26&limit=5000
BRK.B,2019-08-15,197.08,199.0411,196.38,198.31,4644724,,https://api.nasdaq.com/api/quote/BRK.B/historical?assetclass=stocks&fromdate=2016-07-26&todate=2026-07-26&limit=5000
BRK.B,2019-08-16,200.5,200.88,198.55,199.72,4796046,,https://api.nasdaq.com/api/quote/BRK.B/historical?assetclass=stocks&fromdate=2016-07-26&todate=2026-07-26&limit=5000
BRK.B,2019-08-19,202.72,203.1,200.38,200.94,4216714,,https://api.nasdaq.com/api/quote/BRK.B/historical?assetclass=stocks&fromdate=2016-07-26&todate=2026-07-26&limit=5000
BRK.B,2019-08-20,200.27,200.285,198.02,198.15,4043522,,https://api.nasdaq.com/api/quote/BRK.B/historical?assetclass=stocks&fromdate=2016-07-26&todate=2026-07-26&limit=5000
BRK.B,2019-08-21,199.01,199.77,198.7101,199.24,3532077,,https://api.nasdaq.com/api/quote/BRK.B/historical?assetclass=stocks&fromdate=2016-07-26&todate=2026-07-26&limit=5000
BRK.B,2019-08-22,199.8,201.8697,199.8,201.01,3214384,,https://api.nasdaq.com/api/quote/BRK.B/historical?assetclass=stocks&fromdate=2016-07-26&todate=2026-07-26&limit=5000
BRK.B,2019-08-23,200.19,200.92,195.96,197.16,5948735,,https://api.nasdaq.com/api/quote/BRK.B/historical?assetclass=stocks&fromdate=2016-07-26&todate=2026-07-26&limit=5000
BRK.B,2019-08-26,198.7,200.2,197.44,200.2,3094943,,https://api.nasdaq.com/api/quote/BRK.B/historical?assetclass=stocks&fromdate=2016-07-26&todate=2026-07-26&limit=5000
BRK.B,2019-08-27,200.76,201.3,198.04,198.35,3069044,,https://api.nasdaq.com/api/quote/BRK.B/historical?assetclass=stocks&fromdate=2016-07-26&todate=2026-07-26&limit=5000
BRK.B,2019-08-28,198.02,200.57,197.53,200.45,3405503,,https://api.nasdaq.com/api/quote/BRK.B/historical?assetclass=stocks&fromdate=2016-07-26&todate=2026-07-26&limit=5000
BRK.B,2019-08-29,201.71,203.8,201.66,203.2,3328295,,https://api.nasdaq.com/api/quote/BRK.B/historical?assetclass=stocks&fromdate=2016-07-26&todate=2026-07-26&limit=5000
BRK.B,2019-08-30,204.02,204.3509,202.73,203.41,3632301,,https://api.nasdaq.com/api/quote/BRK.B/historical?assetclass=stocks&fromdate=2016-07-26&todate=2026-07-26&limit=5000
BRK.B,2019-09-03,201.19,201.83,200.19,200.9,3637136,,https://api.nasdaq.com/api/quote/BRK.B/historical?assetclass=stocks&fromdate=2016-07-26&todate=2026-07-26&limit=5000
BRK.B,2019-09-04,202.73,202.94,201.3,202.19,3209056,,https://api.nasdaq.com/api/quote/BRK.B/historical?assetclass=stocks&fromdate=2016-07-26&todate=2026-07-26&limit=5000
BRK.B,2019-09-05,204.13,206.22,203.77,204.24,3969863,,https://api.nasdaq.com/api/quote/BRK.B/historical?assetclass=stocks&fromdate=2016-07-26&todate=2026-07-26&limit=5000
BRK.B,2019-09-06,204.44,205.15,203.8617,204.73,3409358,,https://api.nasdaq.com/api/quote/BRK.B/historical?assetclass=stocks&fromdate=2016-07-26&todate=2026-07-26&limit=5000
BRK.B,2019-09-09,205.51,207.8,205.2,206.62,4565146,,https://api.nasdaq.com/api/quote/BRK.B/historical?assetclass=stocks&fromdate=2016-07-26&todate=2026-07-26&limit=5000
BRK.B,2019-09-10,207.31,208.31,206.13,208.31,3878591,,https://api.nasdaq.com/api/quote/BRK.B/historical?assetclass=stocks&fromdate=2016-07-26&todate=2026-07-26&limit=5000
BRK.B,2019-09-11,208.27,210.93,207.525,210.91,4439914,,https://api.nasdaq.com/api/quote/BRK.B/historical?assetclass=stocks&fromdate=2016-07-26&todate=2026-07-26&limit=5000
BRK.B,2019-09-12,211,212.68,210.72,211.37,4599340,,https://api.nasdaq.com/api/quote/BRK.B/historical?assetclass=stocks&fromdate=2016-07-26&todate=2026-07-26&limit=5000
BRK.B,2019-09-13,212.24,214.58,212.22,213.61,4244903,,https://api.nasdaq.com/api/quote/BRK.B/historical?assetclass=stocks&fromdate=2016-07-26&todate=2026-07-26&limit=5000
BRK.B,2019-09-16,212.06,212.1,209.94,210.33,3472741,,https://api.nasdaq.com/api/quote/BRK.B/historical?assetclass=stocks&fromdate=2016-07-26&todate=2026-07-26&limit=5000
BRK.B,2019-09-17,210.35,211.16,208.68,210.15,3863004,,https://api.nasdaq.com/api/quote/BRK.B/historical?assetclass=stocks&fromdate=2016-07-26&todate=2026-07-26&limit=5000
BRK.B,2019-09-18,209.89,211.32,209.12,210.9,2734580,,https://api.nasdaq.com/api/quote/BRK.B/historical?assetclass=stocks&fromdate=2016-07-26&todate=2026-07-26&limit=5000
BRK.B,2019-09-19,210.78,211.44,208.9,209.22,2736437,,https://api.nasdaq.com/api/quote/BRK.B/historical?assetclass=stocks&fromdate=2016-07-26&todate=2026-07-26&limit=5000
BRK.B,2019-09-20,210.37,210.37,207.27,208.12,10704250,,https://api.nasdaq.com/api/quote/BRK.B/historical?assetclass=stocks&fromdate=2016-07-26&todate=2026-07-26&limit=5000
BRK.B,2019-09-23,207.02,208.53,206.4,207.96,3076510,,https://api.nasdaq.com/api/quote/BRK.B/historical?assetclass=stocks&fromdate=2016-07-26&todate=2026-07-26&limit=5000
BRK.B,2019-09-24,208.17,208.89,205.74,206.4,3710573,,https://api.nasdaq.com/api/quote/BRK.B/historical?assetclass=stocks&fromdate=2016-07-26&todate=2026-07-26&limit=5000
BRK.B,2019-09-25,206.5,209.44,206.23,208.11,3291982,,https://api.nasdaq.com/api/quote/BRK.B/historical?assetclass=stocks&fromdate=2016-07-26&todate=2026-07-26&limit=5000
BRK.B,2019-09-26,208.19,208.19,206.35,206.9,2823123,,https://api.nasdaq.com/api/quote/BRK.B/historical?assetclass=stocks&fromdate=2016-07-26&todate=2026-07-26&limit=5000
BRK.B,2019-09-27,207.73,208.64,206.54,207.45,2843689,,https://api.nasdaq.com/api/quote/BRK.B/historical?assetclass=stocks&fromdate=2016-07-26&todate=2026-07-26&limit=5000
BRK.B,2019-09-30,207.77,208.7,207.534,208.02,3167632,,https://api.nasdaq.com/api/quote/BRK.B/historical?assetclass=stocks&fromdate=2016-07-26&todate=2026-07-26&limit=5000
BRK.B,2019-10-01,208.94,209.66,206.44,206.71,3512543,,https://api.nasdaq.com/api/quote/BRK.B/historical?assetclass=stocks&fromdate=2016-07-26&todate=2026-07-26&limit=5000
BRK.B,2019-10-02,206.09,206.09,202.38,203.1,5939951,,https://api.nasdaq.com/api/quote/BRK.B/historical?assetclass=stocks&fromdate=2016-07-26&todate=2026-07-26&limit=5000
BRK.B,2019-10-03,202.65,205.09,201.33,204.98,4308064,,https://api.nasdaq.com/api/quote/BRK.B/historical?assetclass=stocks&fromdate=2016-07-26&todate=2026-07-26&limit=5000
BRK.B,2019-10-04,205.09,208.28,205.05,208.08,3572235,,https://api.nasdaq.com/api/quote/BRK.B/historical?assetclass=stocks&fromdate=2016-07-26&todate=2026-07-26&limit=5000
BRK.B,2019-10-07,207.36,209.6,206.19,207.24,2720630,,https://api.nasdaq.com/api/quote/BRK.B/historical?assetclass=stocks&fromdate=2016-07-26&todate=2026-07-26&limit=5000
BRK.B,2019-10-08,205.62,206.14,203.93,204.09,4187853,,https://api.nasdaq.com/api/quote/BRK.B/historical?assetclass=stocks&fromdate=2016-07-26&todate=2026-07-26&limit=5000
BRK.B,2019-10-09,204.94,207.23,204.73,206.69,3210433,,https://api.nasdaq.com/api/quote/BRK.B/historical?assetclass=stocks&fromdate=2016-07-26&todate=2026-07-26&limit=5000
BRK.B,2019-10-10,206.37,208.19,206.08,206.86,2979733,,https://api.nasdaq.com/api/quote/BRK.B/historical?assetclass=stocks&fromdate=2016-07-26&todate=2026-07-26&limit=5000
BRK.B,2019-10-11,208.97,210.08,207.73,208.08,4408767,,https://api.nasdaq.com/api/quote/BRK.B/historical?assetclass=stocks&fromdate=2016-07-26&todate=2026-07-26&limit=5000
BRK.B,2019-10-14,208.01,208.07,206.93,207.91,1903109,,https://api.nasdaq.com/api/quote/BRK.B/historical?assetclass=stocks&fromdate=2016-07-26&todate=2026-07-26&limit=5000
BRK.B,2019-10-15,207.73,210.15,207.57,209.38,3055578,,https://api.nasdaq.com/api/quote/BRK.B/historical?assetclass=stocks&fromdate=2016-07-26&todate=2026-07-26&limit=5000
BRK.B,2019-10-16,208.37,209.97,208.37,209.29,3233940,,https://api.nasdaq.com/api/quote/BRK.B/historical?assetclass=stocks&fromdate=2016-07-26&todate=2026-07-26&limit=5000
BRK.B,2019-10-17,209.26,209.98,208.51,208.62,3576676,,https://api.nasdaq.com/api/quote/BRK.B/historical?assetclass=stocks&fromdate=2016-07-26&todate=2026-07-26&limit=5000
BRK.B,2019-10-18,208.45,209.62,208.2,208.76,3581579,,https://api.nasdaq.com/api/quote/BRK.B/historical?assetclass=stocks&fromdate=2016-07-26&todate=2026-07-26&limit=5000
BRK.B,2019-10-21,210,211.54,209.76,211.49,3337638,,https://api.nasdaq.com/api/quote/BRK.B/historical?assetclass=stocks&fromdate=2016-07-26&todate=2026-07-26&limit=5000
BRK.B,2019-10-22,211.03,211.97,210.47,210.62,2720621,,https://api.nasdaq.com/api/quote/BRK.B/historical?assetclass=stocks&fromdate=2016-07-26&todate=2026-07-26&limit=5000
BRK.B,2019-10-23,210.5,211.01,209.54,210.96,2415596,,https://api.nasdaq.com/api/quote/BRK.B/historical?assetclass=stocks&fromdate=2016-07-26&todate=2026-07-26&limit=5000
BRK.B,2019-10-24,211.16,211.32,209.72,210.26,3147560,,https://api.nasdaq.com/api/quote/BRK.B/historical?assetclass=stocks&fromdate=2016-07-26&todate=2026-07-26&limit=5000
BRK.B,2019-10-25,209.87,212.33,209.75,211.8,2539457,,https://api.nasdaq.com/api/quote/BRK.B/historical?assetclass=stocks&fromdate=2016-07-26&todate=2026-07-26&limit=5000
BRK.B,2019-10-28,212.31,213.34,212.14,212.86,3521940,,https://api.nasdaq.com/api/quote/BRK.B/historical?assetclass=stocks&fromdate=2016-07-26&todate=2026-07-26&limit=5000
BRK.B,2019-10-29,212.38,213.17,211.61,213.01,2630512,,https://api.nasdaq.com/api/quote/BRK.B/historical?assetclass=stocks&fromdate=2016-07-26&todate=2026-07-26&limit=5000
BRK.B,2019-10-30,212.99,213.43,211.67,213.25,3298217,,https://api.nasdaq.com/api/quote/BRK.B/historical?assetclass=stocks&fromdate=2016-07-26&todate=2026-07-26&limit=5000
BRK.B,2019-10-31,213.01,213.71,211.54,212.58,4305999,,https://api.nasdaq.com/api/quote/BRK.B/historical?assetclass=stocks&fromdate=2016-07-26&todate=2026-07-26&limit=5000
BRK.B,2019-11-01,213.55,216.63,213.4,215.83,4778977,,https://api.nasdaq.com/api/quote/BRK.B/historical?assetclass=stocks&fromdate=2016-07-26&todate=2026-07-26&limit=5000
BRK.B,2019-11-04,217.77,218.62,216.9827,217.98,4157127,,https://api.nasdaq.com/api/quote/BRK.B/historical?assetclass=stocks&fromdate=2016-07-26&todate=2026-07-26&limit=5000
BRK.B,2019-11-05,218.69,221.68,218.43,220.88,5321850,,https://api.nasdaq.com/api/quote/BRK.B/historical?assetclass=stocks&fromdate=2016-07-26&todate=2026-07-26&limit=5000
BRK.B,2019-11-06,221.09,222.03,220.11,222,3664010,,https://api.nasdaq.com/api/quote/BRK.B/historical?assetclass=stocks&fromdate=2016-07-26&todate=2026-07-26&limit=5000
BRK.B,2019-11-07,222.81,223.37,221.67,222.74,4396330,,https://api.nasdaq.com/api/quote/BRK.B/historical?assetclass=stocks&fromdate=2016-07-26&todate=2026-07-26&limit=5000
BRK.B,2019-11-08,222.75,223,219.89,221.31,3347189,,https://api.nasdaq.com/api/quote/BRK.B/historical?assetclass=stocks&fromdate=2016-07-26&todate=2026-07-26&limit=5000
BRK.B,2019-11-11,220.2,221.0913,219.87,220.85,2380511,,https://api.nasdaq.com/api/quote/BRK.B/historical?assetclass=stocks&fromdate=2016-07-26&todate=2026-07-26&limit=5000
BRK.B,2019-11-12,220.98,222.19,220.54,220.89,2657678,,https://api.nasdaq.com/api/quote/BRK.B/historical?assetclass=stocks&fromdate=2016-07-26&todate=2026-07-26&limit=5000
BRK.B,2019-11-13,219.72,220.27,218.61,219.77,3190818,,https://api.nasdaq.com/api/quote/BRK.B/historical?assetclass=stocks&fromdate=2016-07-26&todate=2026-07-26&limit=5000
BRK.B,2019-11-14,219.77,219.87,217.91,219.36,2831807,,https://api.nasdaq.com/api/quote/BRK.B/historical?assetclass=stocks&fromdate=2016-07-26&todate=2026-07-26&limit=5000
BRK.B,2019-11-15,220.18,220.43,218.74,219.74,3477460,,https://api.nasdaq.com/api/quote/BRK.B/historical?assetclass=stocks&fromdate=2016-07-26&todate=2026-07-26&limit=5000
BRK.B,2019-11-18,219.95,220.05,218.388,219.35,3894984,,https://api.nasdaq.com/api/quote/BRK.B/historical?assetclass=stocks&fromdate=2016-07-26&todate=2026-07-26&limit=5000
BRK.B,2019-11-19,219.93,220,218.7827,219.03,3378196,,https://api.nasdaq.com/api/quote/BRK.B/historical?assetclass=stocks&fromdate=2016-07-26&todate=2026-07-26&limit=5000
BRK.B,2019-11-20,218.01,218.37,216.01,217.48,4966467,,https://api.nasdaq.com/api/quote/BRK.B/historical?assetclass=stocks&fromdate=2016-07-26&todate=2026-07-26&limit=5000
BRK.B,2019-11-21,217.3,217.705,216.3,216.63,3707678,,https://api.nasdaq.com/api/quote/BRK.B/historical?assetclass=stocks&fromdate=2016-07-26&todate=2026-07-26&limit=5000
BRK.B,2019-11-22,216.96,217.99,216.8,217.96,2393303,,https://api.nasdaq.com/api/quote/BRK.B/historical?assetclass=stocks&fromdate=2016-07-26&todate=2026-07-26&limit=5000
BRK.B,2019-11-25,218.74,219.39,218.26,219.06,3650331,,https://api.nasdaq.com/api/quote/BRK.B/historical?assetclass=stocks&fromdate=2016-07-26&todate=2026-07-26&limit=5000
BRK.B,2019-11-26,219.11,219.2,217.72,218.9,3718712,,https://api.nasdaq.com/api/quote/BRK.B/historical?assetclass=stocks&fromdate=2016-07-26&todate=2026-07-26&limit=5000
BRK.B,2019-11-27,219.25,220.59,218.48,220.5,3947243,,https://api.nasdaq.com/api/quote/BRK.B/historical?assetclass=stocks&fromdate=2016-07-26&todate=2026-07-26&limit=5000
BRK.B,2019-11-29,220.5,220.58,219.825,220.3,2256461,,https://api.nasdaq.com/api/quote/BRK.B/historical?assetclass=stocks&fromdate=2016-07-26&todate=2026-07-26&limit=5000
BRK.B,2019-12-02,220.6,221.38,220.1101,220.33,3888736,,https://api.nasdaq.com/api/quote/BRK.B/historical?assetclass=stocks&fromdate=2016-07-26&todate=2026-07-26&limit=5000
BRK.B,2019-12-03,218.82,218.9,216.3952,218.08,4501807,,https://api.nasdaq.com/api/quote/BRK.B/historical?assetclass=stocks&fromdate=2016-07-26&todate=2026-07-26&limit=5000
BRK.B,2019-12-04,217.95,218.8828,217.54,218.4,2667728,,https://api.nasdaq.com/api/quote/BRK.B/historical?assetclass=stocks&fromdate=2016-07-26&todate=2026-07-26&limit=5000
BRK.B,2019-12-05,218.99,219.75,218.05,219.6,2319936,,https://api.nasdaq.com/api/quote/BRK.B/historical?assetclass=stocks&fromdate=2016-07-26&todate=2026-07-26&limit=5000
BRK.B,2019-12-06,221.64,223,221.33,222.61,3447861,,https://api.nasdaq.com/api/quote/BRK.B/historical?assetclass=stocks&fromdate=2016-07-26&todate=2026-07-26&limit=5000
BRK.B,2019-12-09,222.71,223.3,221.19,221.38,2616647,,https://api.nasdaq.com/api/quote/BRK.B/historical?assetclass=stocks&fromdate=2016-07-26&todate=2026-07-26&limit=5000
BRK.B,2019-12-10,222.07,222.07,220.21,221.26,2690874,,https://api.nasdaq.com/api/quote/BRK.B/historical?assetclass=stocks&fromdate=2016-07-26&todate=2026-07-26&limit=5000
BRK.B,2019-12-11,221.21,222.65,221.01,222.57,3547432,,https://api.nasdaq.com/api/quote/BRK.B/historical?assetclass=stocks&fromdate=2016-07-26&todate=2026-07-26&limit=5000
BRK.B,2019-12-12,222.88,226.52,222.53,225.92,5124306,,https://api.nasdaq.com/api/quote/BRK.B/historical?assetclass=stocks&fromdate=2016-07-26&todate=2026-07-26&limit=5000
BRK.B,2019-12-13,225.92,226.5,223.96,225.37,3160709,,https://api.nasdaq.com/api/quote/BRK.B/historical?assetclass=stocks&fromdate=2016-07-26&todate=2026-07-26&limit=5000
BRK.B,2019-12-16,226.77,227.81,226.29,226.85,4280417,,https://api.nasdaq.com/api/quote/BRK.B/historical?assetclass=stocks&fromdate=2016-07-26&todate=2026-07-26&limit=5000
BRK.B,2019-12-17,227.27,228.23,226.55,227.05,4867651,,https://api.nasdaq.com/api/quote/BRK.B/historical?assetclass=stocks&fromdate=2016-07-26&todate=2026-07-26&limit=5000
BRK.B,2019-12-18,227.06,227.2,224.89,225.01,5963388,,https://api.nasdaq.com/api/quote/BRK.B/historical?assetclass=stocks&fromdate=2016-07-26&todate=2026-07-26&limit=5000
BRK.B,2019-12-19,224.66,225.66,224.16,225.21,4967692,,https://api.nasdaq.com/api/quote/BRK.B/historical?assetclass=stocks&fromdate=2016-07-26&todate=2026-07-26&limit=5000
BRK.B,2019-12-20,226.24,227.8,225.56,226.31,11574290,,https://api.nasdaq.com/api/quote/BRK.B/historical?assetclass=stocks&fromdate=2016-07-26&todate=2026-07-26&limit=5000
BRK.B,2019-12-23,226.61,226.67,224.93,225.48,3504201,,https://api.nasdaq.com/api/quote/BRK.B/historical?assetclass=stocks&fromdate=2016-07-26&todate=2026-07-26&limit=5000
BRK.B,2019-12-24,225.24,225.65,224.88,225.47,961133,,https://api.nasdaq.com/api/quote/BRK.B/historical?assetclass=stocks&fromdate=2016-07-26&todate=2026-07-26&limit=5000
BRK.B,2019-12-26,225.92,226.51,225.64,226.45,1725982,,https://api.nasdaq.com/api/quote/BRK.B/historical?assetclass=stocks&fromdate=2016-07-26&todate=2026-07-26&limit=5000
BRK.B,2019-12-27,226.86,226.97,225.57,226.14,2769665,,https://api.nasdaq.com/api/quote/BRK.B/historical?assetclass=stocks&fromdate=2016-07-26&todate=2026-07-26&limit=5000
BRK.B,2019-12-30,226.14,226.6,224.67,225.76,2769821,,https://api.nasdaq.com/api/quote/BRK.B/historical?assetclass=stocks&fromdate=2016-07-26&todate=2026-07-26&limit=5000
BRK.B,2019-12-31,226.16,226.72,225.14,226.5,3145359,,https://api.nasdaq.com/api/quote/BRK.B/historical?assetclass=stocks&fromdate=2016-07-26&todate=2026-07-26&limit=5000
BRK.B,2020-01-02,227.51,228.39,226.71,228.39,3767253,,https://api.nasdaq.com/api/quote/BRK.B/historical?assetclass=stocks&fromdate=2016-07-26&todate=2026-07-26&limit=5000
BRK.B,2020-01-03,225.69,227.43,225.48,226.18,3024008,,https://api.nasdaq.com/api/quote/BRK.B/historical?assetclass=stocks&fromdate=2016-07-26&todate=2026-07-26&limit=5000
BRK.B,2020-01-06,224.99,227.13,224.7,226.99,4263359,,https://api.nasdaq.com/api/quote/BRK.B/historical?assetclass=stocks&fromdate=2016-07-26&todate=2026-07-26&limit=5000
BRK.B,2020-01-07,227.26,227.26,225.44,225.92,3530280,,https://api.nasdaq.com/api/quote/BRK.B/historical?assetclass=stocks&fromdate=2016-07-26&todate=2026-07-26&limit=5000
BRK.B,2020-01-08,226.03,227.84,225.87,225.99,3782033,,https://api.nasdaq.com/api/quote/BRK.B/historical?assetclass=stocks&fromdate=2016-07-26&todate=2026-07-26&limit=5000
BRK.B,2020-01-09,226.92,228.85,226.92,228.65,3497724,,https://api.nasdaq.com/api/quote/BRK.B/historical?assetclass=stocks&fromdate=2016-07-26&todate=2026-07-26&limit=5000
BRK.B,2020-01-10,228.5,228.5308,226.59,226.62,2573152,,https://api.nasdaq.com/api/quote/BRK.B/historical?assetclass=stocks&fromdate=2016-07-26&todate=2026-07-26&limit=5000
BRK.B,2020-01-13,227.05,228.47,226.1251,228.45,3287976,,https://api.nasdaq.com/api/quote/BRK.B/historical?assetclass=stocks&fromdate=2016-07-26&todate=2026-07-26&limit=5000
BRK.B,2020-01-14,227.85,228.3899,226.88,227.17,3356233,,https://api.nasdaq.com/api/quote/BRK.B/historical?assetclass=stocks&fromdate=2016-07-26&todate=2026-07-26&limit=5000
BRK.B,2020-01-15,226.8,228.64,226.78,228.35,2664870,,https://api.nasdaq.com/api/quote/BRK.B/historical?assetclass=stocks&fromdate=2016-07-26&todate=2026-07-26&limit=5000
BRK.B,2020-01-16,229.34,230.03,228.52,229.73,3037238,,https://api.nasdaq.com/api/quote/BRK.B/historical?assetclass=stocks&fromdate=2016-07-26&todate=2026-07-26&limit=5000
BRK.B,2020-01-17,230.13,231.61,229.55,230.2,6603956,,https://api.nasdaq.com/api/quote/BRK.B/historical?assetclass=stocks&fromdate=2016-07-26&todate=2026-07-26&limit=5000
BRK.B,2020-01-21,229.85,231.13,227.95,228.63,5842158,,https://api.nasdaq.com/api/quote/BRK.B/historical?assetclass=stocks&fromdate=2016-07-26&todate=2026-07-26&limit=5000
BRK.B,2020-01-22,229,230.38,228.41,229.54,3164373,,https://api.nasdaq.com/api/quote/BRK.B/historical?assetclass=stocks&fromdate=2016-07-26&todate=2026-07-26&limit=5000
BRK.B,2020-01-23,229.43,229.77,227.3492,229.38,4750042,,https://api.nasdaq.com/api/quote/BRK.B/historical?assetclass=stocks&fromdate=2016-07-26&todate=2026-07-26&limit=5000
BRK.B,2020-01-24,229.4,229.41,226.04,226.86,4024035,,https://api.nasdaq.com/api/quote/BRK.B/historical?assetclass=stocks&fromdate=2016-07-26&todate=2026-07-26&limit=5000
BRK.B,2020-01-27,223.7,223.9,221.11,222.45,5455063,,https://api.nasdaq.com/api/quote/BRK.B/historical?assetclass=stocks&fromdate=2016-07-26&todate=2026-07-26&limit=5000
BRK.B,2020-01-28,223.44,225.35,223.16,224.03,3613154,,https://api.nasdaq.com/api/quote/BRK.B/historical?assetclass=stocks&fromdate=2016-07-26&todate=2026-07-26&limit=5000
BRK.B,2020-01-29,224.75,226.4,224.31,224.5,2311394,,https://api.nasdaq.com/api/quote/BRK.B/historical?assetclass=stocks&fromdate=2016-07-26&todate=2026-07-26&limit=5000
BRK.B,2020-01-30,223.11,228.08,222.48,227.88,3355343,,https://api.nasdaq.com/api/quote/BRK.B/historical?assetclass=stocks&fromdate=2016-07-26&todate=2026-07-26&limit=5000
BRK.B,2020-01-31,226.49,226.97,223.43,224.43,3948507,,https://api.nasdaq.com/api/quote/BRK.B/historical?assetclass=stocks&fromdate=2016-07-26&todate=2026-07-26&limit=5000
BRK.B,2020-02-03,225.48,226.32,223,223.47,3525322,,https://api.nasdaq.com/api/quote/BRK.B/historical?assetclass=stocks&fromdate=2016-07-26&todate=2026-07-26&limit=5000
BRK.B,2020-02-04,226.15,226.94,224.79,225.08,3643707,,https://api.nasdaq.com/api/quote/BRK.B/historical?assetclass=stocks&fromdate=2016-07-26&todate=2026-07-26&limit=5000
BRK.B,2020-02-05,226.91,228.68,226.75,228.65,3364133,,https://api.nasdaq.com/api/quote/BRK.B/historical?assetclass=stocks&fromdate=2016-07-26&todate=2026-07-26&limit=5000
BRK.B,2020-02-06,229.56,230.08,228.53,229.61,2801166,,https://api.nasdaq.com/api/quote/BRK.B/historical?assetclass=stocks&fromdate=2016-07-26&todate=2026-07-26&limit=5000
BRK.B,2020-02-07,228.07,228.62,226.67,227.38,2886854,,https://api.nasdaq.com/api/quote/BRK.B/historical?assetclass=stocks&fromdate=2016-07-26&todate=2026-07-26&limit=5000
BRK.B,2020-02-10,227.17,227.7503,225.13,227.11,2945177,,https://api.nasdaq.com/api/quote/BRK.B/historical?assetclass=stocks&fromdate=2016-07-26&todate=2026-07-26&limit=5000
BRK.B,2020-02-11,228.59,228.59,227.02,227.33,2918511,,https://api.nasdaq.com/api/quote/BRK.B/historical?assetclass=stocks&fromdate=2016-07-26&todate=2026-07-26&limit=5000
BRK.B,2020-02-12,227.6,228.84,226.91,227.44,3786174,,https://api.nasdaq.com/api/quote/BRK.B/historical?assetclass=stocks&fromdate=2016-07-26&todate=2026-07-26&limit=5000
BRK.B,2020-02-13,226.53,227.4,226.1,226.47,2838906,,https://api.nasdaq.com/api/quote/BRK.B/historical?assetclass=stocks&fromdate=2016-07-26&todate=2026-07-26&limit=5000
BRK.B,2020-02-14,226.49,227.14,225.52,226.8,2506699,,https://api.nasdaq.com/api/quote/BRK.B/historical?assetclass=stocks&fromdate=2016-07-26&todate=2026-07-26&limit=5000
BRK.B,2020-02-18,226.39,227.38,225.27,226.77,3153466,,https://api.nasdaq.com/api/quote/BRK.B/historical?assetclass=stocks&fromdate=2016-07-26&todate=2026-07-26&limit=5000
BRK.B,2020-02-19,227.68,229.71,226.93,229.24,3189102,,https://api.nasdaq.com/api/quote/BRK.B/historical?assetclass=stocks&fromdate=2016-07-26&todate=2026-07-26&limit=5000
BRK.B,2020-02-20,229.76,229.79,227.15,228.17,3549133,,https://api.nasdaq.com/api/quote/BRK.B/historical?assetclass=stocks&fromdate=2016-07-26&todate=2026-07-26&limit=5000
BRK.B,2020-02-21,227.53,230.07,226.98,229.33,4702108,,https://api.nasdaq.com/api/quote/BRK.B/historical?assetclass=stocks&fromdate=2016-07-26&todate=2026-07-26&limit=5000
BRK.B,2020-02-24,221.31,223.94,220.27,221.69,7933733,,https://api.nasdaq.com/api/quote/BRK.B/historical?assetclass=stocks&fromdate=2016-07-26&todate=2026-07-26&limit=5000
BRK.B,2020-02-25,222.2,223.24,216.76,218.05,8560131,,https://api.nasdaq.com/api/quote/BRK.B/historical?assetclass=stocks&fromdate=2016-07-26&todate=2026-07-26&limit=5000
BRK.B,2020-02-26,219.65,220.63,215.94,216.06,6907568,,https://api.nasdaq.com/api/quote/BRK.B/historical?assetclass=stocks&fromdate=2016-07-26&todate=2026-07-26&limit=5000
BRK.B,2020-02-27,212.9,214.38,207.28,207.67,10945540,,https://api.nasdaq.com/api/quote/BRK.B/historical?assetclass=stocks&fromdate=2016-07-26&todate=2026-07-26&limit=5000
BRK.B,2020-02-28,201.92,206.44,199.68,206.34,15149590,,https://api.nasdaq.com/api/quote/BRK.B/historical?assetclass=stocks&fromdate=2016-07-26&todate=2026-07-26&limit=5000
BRK.B,2020-03-02,207.25,218.8,204.4339,217.63,10408120,,https://api.nasdaq.com/api/quote/BRK.B/historical?assetclass=stocks&fromdate=2016-07-26&todate=2026-07-26&limit=5000
BRK.B,2020-03-03,217.39,218.15,206.2,208.81,10717120,,https://api.nasdaq.com/api/quote/BRK.B/historical?assetclass=stocks&fromdate=2016-07-26&todate=2026-07-26&limit=5000
BRK.B,2020-03-04,212.14,218.34,209.26,217.86,7409199,,https://api.nasdaq.com/api/quote/BRK.B/historical?assetclass=stocks&fromdate=2016-07-26&todate=2026-07-26&limit=5000
BRK.B,2020-03-05,212.55,212.75,207.01,208.96,8114450,,https://api.nasdaq.com/api/quote/BRK.B/historical?assetclass=stocks&fromdate=2016-07-26&todate=2026-07-26&limit=5000
BRK.B,2020-03-06,203.48,207.41,202.35,205.98,9443910,,https://api.nasdaq.com/api/quote/BRK.B/historical?assetclass=stocks&fromdate=2016-07-26&todate=2026-07-26&limit=5000
BRK.B,2020-03-09,195,198.479,192.26,193.13,13986190,,https://api.nasdaq.com/api/quote/BRK.B/historical?assetclass=stocks&fromdate=2016-07-26&todate=2026-07-26&limit=5000
BRK.B,2020-03-10,201.35,202.86,195.0517,202.73,10931660,,https://api.nasdaq.com/api/quote/BRK.B/historical?assetclass=stocks&fromdate=2016-07-26&todate=2026-07-26&limit=5000
BRK.B,2020-03-11,197.32,198.13,192.87,194.64,9586080,,https://api.nasdaq.com/api/quote/BRK.B/historical?assetclass=stocks&fromdate=2016-07-26&todate=2026-07-26&limit=5000
BRK.B,2020-03-12,183.6,187.6699,175,175.97,22303500,,https://api.nasdaq.com/api/quote/BRK.B/historical?assetclass=stocks&fromdate=2016-07-26&todate=2026-07-26&limit=5000
BRK.B,2020-03-13,187.45,196.5,178.41,196.4,14867020,,https://api.nasdaq.com/api/quote/BRK.B/historical?assetclass=stocks&fromdate=2016-07-26&todate=2026-07-26&limit=5000
BRK.B,2020-03-16,174,188.38,173.62,177.77,14171800,,https://api.nasdaq.com/api/quote/BRK.B/historical?assetclass=stocks&fromdate=2016-07-26&todate=2026-07-26&limit=5000
BRK.B,2020-03-17,181.88,187.81,177,187.6,15081850,,https://api.nasdaq.com/api/quote/BRK.B/historical?assetclass=stocks&fromdate=2016-07-26&todate=2026-07-26&limit=5000
BRK.B,2020-03-18,177.29,181.39,167,172.44,16682840,,https://api.nasdaq.com/api/quote/BRK.B/historical?assetclass=stocks&fromdate=2016-07-26&todate=2026-07-26&limit=5000
BRK.B,2020-03-19,170.21,176.18,166,174.68,12492310,,https://api.nasdaq.com/api/quote/BRK.B/historical?assetclass=stocks&fromdate=2016-07-26&todate=2026-07-26&limit=5000
BRK.B,2020-03-20,176.3,177.18,167.2945,170.06,15218820,,https://api.nasdaq.com/api/quote/BRK.B/historical?assetclass=stocks&fromdate=2016-07-26&todate=2026-07-26&limit=5000
BRK.B,2020-03-23,165.3,166.69,159.5,162.13,16512830,,https://api.nasdaq.com/api/quote/BRK.B/historical?assetclass=stocks&fromdate=2016-07-26&todate=2026-07-26&limit=5000
BRK.B,2020-03-24,170.91,179.14,169.53,178.2,14094000,,https://api.nasdaq.com/api/quote/BRK.B/historical?assetclass=stocks&fromdate=2016-07-26&todate=2026-07-26&limit=5000
BRK.B,2020-03-25,180.01,189.07,175.17,180.47,13856490,,https://api.nasdaq.com/api/quote/BRK.B/historical?assetclass=stocks&fromdate=2016-07-26&todate=2026-07-26&limit=5000
BRK.B,2020-03-26,181.29,184.96,179.59,183.9,14145130,,https://api.nasdaq.com/api/quote/BRK.B/historical?assetclass=stocks&fromdate=2016-07-26&todate=2026-07-26&limit=5000
BRK.B,2020-03-27,178.5,184.24,176.72,179.66,10264580,,https://api.nasdaq.com/api/quote/BRK.B/historical?assetclass=stocks&fromdate=2016-07-26&todate=2026-07-26&limit=5000
BRK.B,2020-03-30,180.04,184.11,178,183.18,7674376,,https://api.nasdaq.com/api/quote/BRK.B/historical?assetclass=stocks&fromdate=2016-07-26&todate=2026-07-26&limit=5000
BRK.B,2020-03-31,182.05,186.17,180.57,182.83,8999502,,https://api.nasdaq.com/api/quote/BRK.B/historical?assetclass=stocks&fromdate=2016-07-26&todate=2026-07-26&limit=5000
BRK.B,2020-04-01,176.18,178.67,174.19,175.95,8684977,,https://api.nasdaq.com/api/quote/BRK.B/historical?assetclass=stocks&fromdate=2016-07-26&todate=2026-07-26&limit=5000
BRK.B,2020-04-02,175,180.31,174.225,179.73,7276305,,https://api.nasdaq.com/api/quote/BRK.B/historical?assetclass=stocks&fromdate=2016-07-26&todate=2026-07-26&limit=5000
BRK.B,2020-04-03,178.59,180.22,175.44,178.34,6645402,,https://api.nasdaq.com/api/quote/BRK.B/historical?assetclass=stocks&fromdate=2016-07-26&todate=2026-07-26&limit=5000
BRK.B,2020-04-06,184.61,186.41,180.49,185.24,9943688,,https://api.nasdaq.com/api/quote/BRK.B/historical?assetclass=stocks&fromdate=2016-07-26&todate=2026-07-26&limit=5000
BRK.B,2020-04-07,191.99,192,184.9,185.25,8151274,,https://api.nasdaq.com/api/quote/BRK.B/historical?assetclass=stocks&fromdate=2016-07-26&todate=2026-07-26&limit=5000
BRK.B,2020-04-08,187.55,191.42,185.14,191.01,6112986,,https://api.nasdaq.com/api/quote/BRK.B/historical?assetclass=stocks&fromdate=2016-07-26&todate=2026-07-26&limit=5000
BRK.B,2020-04-09,194,197.23,191.45,193.84,10525210,,https://api.nasdaq.com/api/quote/BRK.B/historical?assetclass=stocks&fromdate=2016-07-26&todate=2026-07-26&limit=5000
BRK.B,2020-04-13,193.85,193.85,186.08,188.77,7897317,,https://api.nasdaq.com/api/quote/BRK.B/historical?assetclass=stocks&fromdate=2016-07-26&todate=2026-07-26&limit=5000
BRK.B,2020-04-14,193.32,194.16,190.82,192.94,7033292,,https://api.nasdaq.com/api/quote/BRK.B/historical?assetclass=stocks&fromdate=2016-07-26&todate=2026-07-26&limit=5000
BRK.B,2020-04-15,188.56,189.59,187.47,188.57,6143064,,https://api.nasdaq.com/api/quote/BRK.B/historical?assetclass=stocks&fromdate=2016-07-26&todate=2026-07-26&limit=5000
BRK.B,2020-04-16,188.9,188.99,185.8,187.96,6257017,,https://api.nasdaq.com/api/quote/BRK.B/historical?assetclass=stocks&fromdate=2016-07-26&todate=2026-07-26&limit=5000
BRK.B,2020-04-17,192.89,192.9,189.02,191.2,8275774,,https://api.nasdaq.com/api/quote/BRK.B/historical?assetclass=stocks&fromdate=2016-07-26&todate=2026-07-26&limit=5000
BRK.B,2020-04-20,188.72,189.35,187.3,188.75,6475978,,https://api.nasdaq.com/api/quote/BRK.B/historical?assetclass=stocks&fromdate=2016-07-26&todate=2026-07-26&limit=5000
BRK.B,2020-04-21,184.17,185.78,183.28,183.48,5886829,,https://api.nasdaq.com/api/quote/BRK.B/historical?assetclass=stocks&fromdate=2016-07-26&todate=2026-07-26&limit=5000
BRK.B,2020-04-22,186.46,187.37,185.34,186.58,5473376,,https://api.nasdaq.com/api/quote/BRK.B/historical?assetclass=stocks&fromdate=2016-07-26&todate=2026-07-26&limit=5000
BRK.B,2020-04-23,186.99,187.35,184.5,185.63,6214098,,https://api.nasdaq.com/api/quote/BRK.B/historical?assetclass=stocks&fromdate=2016-07-26&todate=2026-07-26&limit=5000
BRK.B,2020-04-24,187.08,187.28,184.42,186.52,5206780,,https://api.nasdaq.com/api/quote/BRK.B/historical?assetclass=stocks&fromdate=2016-07-26&todate=2026-07-26&limit=5000
BRK.B,2020-04-27,187.78,189.37,186.35,187.46,6625074,,https://api.nasdaq.com/api/quote/BRK.B/historical?assetclass=stocks&fromdate=2016-07-26&todate=2026-07-26&limit=5000
BRK.B,2020-04-28,190.54,191,187,187.12,6679292,,https://api.nasdaq.com/api/quote/BRK.B/historical?assetclass=stocks&fromdate=2016-07-26&todate=2026-07-26&limit=5000
BRK.B,2020-04-29,190.64,192.68,188.93,189.61,7654591,,https://api.nasdaq.com/api/quote/BRK.B/historical?assetclass=stocks&fromdate=2016-07-26&todate=2026-07-26&limit=5000
BRK.B,2020-04-30,188.3,189.87,186.71,187.36,8224394,,https://api.nasdaq.com/api/quote/BRK.B/historical?assetclass=stocks&fromdate=2016-07-26&todate=2026-07-26&limit=5000
BRK.B,2020-05-01,185.21,185.89,181.64,182.67,7516538,,https://api.nasdaq.com/api/quote/BRK.B/historical?assetclass=stocks&fromdate=2016-07-26&todate=2026-07-26&limit=5000
BRK.B,2020-05-04,179.78,180.36,176.3401,177.95,9455779,,https://api.nasdaq.com/api/quote/BRK.B/historical?assetclass=stocks&fromdate=2016-07-26&todate=2026-07-26&limit=5000
BRK.B,2020-05-05,180.045,180.23,175.93,176.03,9019874,,https://api.nasdaq.com/api/quote/BRK.B/historical?assetclass=stocks&fromdate=2016-07-26&todate=2026-07-26&limit=5000
BRK.B,2020-05-06,176.94,177.04,172.34,172.38,9016047,,https://api.nasdaq.com/api/quote/BRK.B/historical?assetclass=stocks&fromdate=2016-07-26&todate=2026-07-26&limit=5000
BRK.B,2020-05-07,173.4,175.38,173.05,173.48,6702275,,https://api.nasdaq.com/api/quote/BRK.B/historical?assetclass=stocks&fromdate=2016-07-26&todate=2026-07-26&limit=5000
BRK.B,2020-05-08,176.71,177.26,174.28,176.83,5798965,,https://api.nasdaq.com/api/quote/BRK.B/historical?assetclass=stocks&fromdate=2016-07-26&todate=2026-07-26&limit=5000
BRK.B,2020-05-11,175.23,175.96,173.61,174.64,9239404,,https://api.nasdaq.com/api/quote/BRK.B/historical?assetclass=stocks&fromdate=2016-07-26&todate=2026-07-26&limit=5000
BRK.B,2020-05-12,175.2,175.7149,172.73,172.81,6483703,,https://api.nasdaq.com/api/quote/BRK.B/historical?assetclass=stocks&fromdate=2016-07-26&todate=2026-07-26&limit=5000
BRK.B,2020-05-13,172,172.61,169.44,170.57,10262670,,https://api.nasdaq.com/api/quote/BRK.B/historical?assetclass=stocks&fromdate=2016-07-26&todate=2026-07-26&limit=5000
BRK.B,2020-05-14,168.8,171.4,167.0401,170.93,7016473,,https://api.nasdaq.com/api/quote/BRK.B/historical?assetclass=stocks&fromdate=2016-07-26&todate=2026-07-26&limit=5000
BRK.B,2020-05-15,169.82,170.66,168.52,169.25,5941213,,https://api.nasdaq.com/api/quote/BRK.B/historical?assetclass=stocks&fromdate=2016-07-26&todate=2026-07-26&limit=5000
BRK.B,2020-05-18,174,176.87,172.3091,175.46,7463845,,https://api.nasdaq.com/api/quote/BRK.B/historical?assetclass=stocks&fromdate=2016-07-26&todate=2026-07-26&limit=5000
BRK.B,2020-05-19,174.12,174.87,172.34,172.49,5580754,,https://api.nasdaq.com/api/quote/BRK.B/historical?assetclass=stocks&fromdate=2016-07-26&todate=2026-07-26&limit=5000
BRK.B,2020-05-20,174.61,176.87,174.29,176.02,5459007,,https://api.nasdaq.com/api/quote/BRK.B/historical?assetclass=stocks&fromdate=2016-07-26&todate=2026-07-26&limit=5000
BRK.B,2020-05-21,175.74,176.65,174.47,174.94,4062440,,https://api.nasdaq.com/api/quote/BRK.B/historical?assetclass=stocks&fromdate=2016-07-26&todate=2026-07-26&limit=5000
BRK.B,2020-05-22,174.86,175.12,173.21,174.93,3589844,,https://api.nasdaq.com/api/quote/BRK.B/historical?assetclass=stocks&fromdate=2016-07-26&todate=2026-07-26&limit=5000
BRK.B,2020-05-26,179.99,181.69,178.68,180.34,7110034,,https://api.nasdaq.com/api/quote/BRK.B/historical?assetclass=stocks&fromdate=2016-07-26&todate=2026-07-26&limit=5000
BRK.B,2020-05-27,184.665,185.98,183.8,185.77,7416421,,https://api.nasdaq.com/api/quote/BRK.B/historical?assetclass=stocks&fromdate=2016-07-26&todate=2026-07-26&limit=5000
BRK.B,2020-05-28,187.24,187.28,183.92,185.1,6315543,,https://api.nasdaq.com/api/quote/BRK.B/historical?assetclass=stocks&fromdate=2016-07-26&todate=2026-07-26&limit=5000
BRK.B,2020-05-29,183.08,185.87,182.53,185.58,10631070,,https://api.nasdaq.com/api/quote/BRK.B/historical?assetclass=stocks&fromdate=2016-07-26&todate=2026-07-26&limit=5000
BRK.B,2020-06-01,185.53,185.71,183.185,183.84,5722581,,https://api.nasdaq.com/api/quote/BRK.B/historical?assetclass=stocks&fromdate=2016-07-26&todate=2026-07-26&limit=5000
BRK.B,2020-06-02,183.99,186.44,183.99,185.94,5806026,,https://api.nasdaq.com/api/quote/BRK.B/historical?assetclass=stocks&fromdate=2016-07-26&todate=2026-07-26&limit=5000
BRK.B,2020-06-03,188.75,191.62,187.81,190.82,6710121,,https://api.nasdaq.com/api/quote/BRK.B/historical?assetclass=stocks&fromdate=2016-07-26&todate=2026-07-26&limit=5000
BRK.B,2020-06-04,190.41,192.11,189.69,192.05,5818236,,https://api.nasdaq.com/api/quote/BRK.B/historical?assetclass=stocks&fromdate=2016-07-26&todate=2026-07-26&limit=5000
BRK.B,2020-06-05,197.88,201.49,196.22,200.66,10400940,,https://api.nasdaq.com/api/quote/BRK.B/historical?assetclass=stocks&fromdate=2016-07-26&todate=2026-07-26&limit=5000
BRK.B,2020-06-08,202.34,203.33,199.56,201.56,6706518,,https://api.nasdaq.com/api/quote/BRK.B/historical?assetclass=stocks&fromdate=2016-07-26&todate=2026-07-26&limit=5000
BRK.B,2020-06-09,197.15,198.79,195.83,196.07,7735857,,https://api.nasdaq.com/api/quote/BRK.B/historical?assetclass=stocks&fromdate=2016-07-26&todate=2026-07-26&limit=5000
BRK.B,2020-06-10,195.85,196.34,191.37,191.51,7351508,,https://api.nasdaq.com/api/quote/BRK.B/historical?assetclass=stocks&fromdate=2016-07-26&todate=2026-07-26&limit=5000
BRK.B,2020-06-11,185,186.9296,177.93,178.02,15387900,,https://api.nasdaq.com/api/quote/BRK.B/historical?assetclass=stocks&fromdate=2016-07-26&todate=2026-07-26&limit=5000
BRK.B,2020-06-12,184.02,184.02,178.22,181.21,9479915,,https://api.nasdaq.com/api/quote/BRK.B/historical?assetclass=stocks&fromdate=2016-07-26&todate=2026-07-26&limit=5000
BRK.B,2020-06-15,177,181.7699,176.05,181.55,8111656,,https://api.nasdaq.com/api/quote/BRK.B/historical?assetclass=stocks&fromdate=2016-07-26&todate=2026-07-26&limit=5000
BRK.B,2020-06-16,186.55,186.7,179.75,182.3,9414597,,https://api.nasdaq.com/api/quote/BRK.B/historical?assetclass=stocks&fromdate=2016-07-26&todate=2026-07-26&limit=5000
BRK.B,2020-06-17,183.03,183.15,180.11,180.86,6458205,,https://api.nasdaq.com/api/quote/BRK.B/historical?assetclass=stocks&fromdate=2016-07-26&todate=2026-07-26&limit=5000
BRK.B,2020-06-18,179.9,181.36,179.04,180.73,4924460,,https://api.nasdaq.com/api/quote/BRK.B/historical?assetclass=stocks&fromdate=2016-07-26&todate=2026-07-26&limit=5000
BRK.B,2020-06-19,183.5,183.88,179.01,179.72,8765108,,https://api.nasdaq.com/api/quote/BRK.B/historical?assetclass=stocks&fromdate=2016-07-26&todate=2026-07-26&limit=5000
BRK.B,2020-06-22,179.55,181.8,178.87,180.17,5822331,,https://api.nasdaq.com/api/quote/BRK.B/historical?assetclass=stocks&fromdate=2016-07-26&todate=2026-07-26&limit=5000
BRK.B,2020-06-23,181.87,182.39,180.4,181.01,6382428,,https://api.nasdaq.com/api/quote/BRK.B/historical?assetclass=stocks&fromdate=2016-07-26&todate=2026-07-26&limit=5000
BRK.B,2020-06-24,179.61,179.65,177.26,177.53,8086306,,https://api.nasdaq.com/api/quote/BRK.B/historical?assetclass=stocks&fromdate=2016-07-26&todate=2026-07-26&limit=5000
BRK.B,2020-06-25,176.58,179.7195,176.06,178.85,6385076,,https://api.nasdaq.com/api/quote/BRK.B/historical?assetclass=stocks&fromdate=2016-07-26&todate=2026-07-26&limit=5000
BRK.B,2020-06-26,176.71,178.7,174.63,175.37,14776380,,https://api.nasdaq.com/api/quote/BRK.B/historical?assetclass=stocks&fromdate=2016-07-26&todate=2026-07-26&limit=5000
BRK.B,2020-06-29,175.9,177.22,175.33,177.19,5222730,,https://api.nasdaq.com/api/quote/BRK.B/historical?assetclass=stocks&fromdate=2016-07-26&todate=2026-07-26&limit=5000
BRK.B,2020-06-30,176.75,179.12,176.51,178.51,6766502,,https://api.nasdaq.com/api/quote/BRK.B/historical?assetclass=stocks&fromdate=2016-07-26&todate=2026-07-26&limit=5000
BRK.B,2020-07-01,178.41,180.45,177.34,177.99,4623976,,https://api.nasdaq.com/api/quote/BRK.B/historical?assetclass=stocks&fromdate=2016-07-26&todate=2026-07-26&limit=5000
BRK.B,2020-07-02,180.45,180.94,178.24,178.83,5165918,,https://api.nasdaq.com/api/quote/BRK.B/historical?assetclass=stocks&fromdate=2016-07-26&todate=2026-07-26&limit=5000
BRK.B,2020-07-06,183.1,183.52,181.59,182.72,6449353,,https://api.nasdaq.com/api/quote/BRK.B/historical?assetclass=stocks&fromdate=2016-07-26&todate=2026-07-26&limit=5000
BRK.B,2020-07-07,182.02,182.49,180.6,181.15,4956616,,https://api.nasdaq.com/api/quote/BRK.B/historical?assetclass=stocks&fromdate=2016-07-26&todate=2026-07-26&limit=5000
BRK.B,2020-07-08,180.42,182.3119,179.77,181.2,5557679,,https://api.nasdaq.com/api/quote/BRK.B/historical?assetclass=stocks&fromdate=2016-07-26&todate=2026-07-26&limit=5000
BRK.B,2020-07-09,181.79,181.88,177.77,178.8,5424922,,https://api.nasdaq.com/api/quote/BRK.B/historical?assetclass=stocks&fromdate=2016-07-26&todate=2026-07-26&limit=5000
BRK.B,2020-07-10,178.26,182.96,178.09,182.9,5487025,,https://api.nasdaq.com/api/quote/BRK.B/historical?assetclass=stocks&fromdate=2016-07-26&todate=2026-07-26&limit=5000
BRK.B,2020-07-13,183.81,185.82,183.31,184.13,7888833,,https://api.nasdaq.com/api/quote/BRK.B/historical?assetclass=stocks&fromdate=2016-07-26&todate=2026-07-26&limit=5000
BRK.B,2020-07-14,182.42,190.08,182.42,189.71,14687110,,https://api.nasdaq.com/api/quote/BRK.B/historical?assetclass=stocks&fromdate=2016-07-26&todate=2026-07-26&limit=5000
BRK.B,2020-07-15,192.64,193.05,188.75,190.56,7558957,,https://api.nasdaq.com/api/quote/BRK.B/historical?assetclass=stocks&fromdate=2016-07-26&todate=2026-07-26&limit=5000
BRK.B,2020-07-16,188.32,191.93,188.32,191.01,4773368,,https://api.nasdaq.com/api/quote/BRK.B/historical?assetclass=stocks&fromdate=2016-07-26&todate=2026-07-26&limit=5000
BRK.B,2020-07-17,191.77,192.12,190.4686,190.76,5187529,,https://api.nasdaq.com/api/quote/BRK.B/historical?assetclass=stocks&fromdate=2016-07-26&todate=2026-07-26&limit=5000
BRK.B,2020-07-20,190.02,191.23,189.48,190.48,4092175,,https://api.nasdaq.com/api/quote/BRK.B/historical?assetclass=stocks&fromdate=2016-07-26&todate=2026-07-26&limit=5000
BRK.B,2020-07-21,190.4,193.45,190.4,192.27,5257941,,https://api.nasdaq.com/api/quote/BRK.B/historical?assetclass=stocks&fromdate=2016-07-26&todate=2026-07-26&limit=5000
BRK.B,2020-07-22,191.78,192.24,190.63,192.1,4184472,,https://api.nasdaq.com/api/quote/BRK.B/historical?assetclass=stocks&fromdate=2016-07-26&todate=2026-07-26&limit=5000
BRK.B,2020-07-23,191.71,193.39,191.48,193.25,6039644,,https://api.nasdaq.com/api/quote/BRK.B/historical?assetclass=stocks&fromdate=2016-07-26&todate=2026-07-26&limit=5000
BRK.B,2020-07-24,193.25,196.28,193.05,194.52,5143693,,https://api.nasdaq.com/api/quote/BRK.B/historical?assetclass=stocks&fromdate=2016-07-26&todate=2026-07-26&limit=5000
BRK.B,2020-07-27,193.83,193.99,191.77,192.14,4312003,,https://api.nasdaq.com/api/quote/BRK.B/historical?assetclass=stocks&fromdate=2016-07-26&todate=2026-07-26&limit=5000
BRK.B,2020-07-28,190.9,194.46,190.61,194.12,4412796,,https://api.nasdaq.com/api/quote/BRK.B/historical?assetclass=stocks&fromdate=2016-07-26&todate=2026-07-26&limit=5000
BRK.B,2020-07-29,194.03,196.67,193.73,196.41,4069954,,https://api.nasdaq.com/api/quote/BRK.B/historical?assetclass=stocks&fromdate=2016-07-26&todate=2026-07-26&limit=5000
BRK.B,2020-07-30,193.43,194.57,192.25,194.3,4834570,,https://api.nasdaq.com/api/quote/BRK.B/historical?assetclass=stocks&fromdate=2016-07-26&todate=2026-07-26&limit=5000
BRK.B,2020-07-31,195.06,196,193.33,195.78,5943185,,https://api.nasdaq.com/api/quote/BRK.B/historical?assetclass=stocks&fromdate=2016-07-26&todate=2026-07-26&limit=5000
BRK.B,2020-08-03,197.28,200.68,196,199.26,6253519,,https://api.nasdaq.com/api/quote/BRK.B/historical?assetclass=stocks&fromdate=2016-07-26&todate=2026-07-26&limit=5000
BRK.B,2020-08-04,198.97,200.31,198.11,200.24,3839089,,https://api.nasdaq.com/api/quote/BRK.B/historical?assetclass=stocks&fromdate=2016-07-26&todate=2026-07-26&limit=5000
BRK.B,2020-08-05,201.44,204.69,201,203.62,5269199,,https://api.nasdaq.com/api/quote/BRK.B/historical?assetclass=stocks&fromdate=2016-07-26&todate=2026-07-26&limit=5000
BRK.B,2020-08-06,203,205.39,202.7,205.02,3387477,,https://api.nasdaq.com/api/quote/BRK.B/historical?assetclass=stocks&fromdate=2016-07-26&todate=2026-07-26&limit=5000
BRK.B,2020-08-07,204.2,209.75,204,209.48,6191783,,https://api.nasdaq.com/api/quote/BRK.B/historical?assetclass=stocks&fromdate=2016-07-26&todate=2026-07-26&limit=5000
BRK.B,2020-08-10,211.34,212.92,209.4,212.58,6635745,,https://api.nasdaq.com/api/quote/BRK.B/historical?assetclass=stocks&fromdate=2016-07-26&todate=2026-07-26&limit=5000
BRK.B,2020-08-11,214.74,215.6,212.24,212.66,5689794,,https://api.nasdaq.com/api/quote/BRK.B/historical?assetclass=stocks&fromdate=2016-07-26&todate=2026-07-26&limit=5000
BRK.B,2020-08-12,213.1,214.39,212.31,213.24,4792657,,https://api.nasdaq.com/api/quote/BRK.B/historical?assetclass=stocks&fromdate=2016-07-26&todate=2026-07-26&limit=5000
BRK.B,2020-08-13,212.93,213.33,211.66,211.98,4537189,,https://api.nasdaq.com/api/quote/BRK.B/historical?assetclass=stocks&fromdate=2016-07-26&todate=2026-07-26&limit=5000
BRK.B,2020-08-14,211.04,211.97,210.25,210.96,3444703,,https://api.nasdaq.com/api/quote/BRK.B/historical?assetclass=stocks&fromdate=2016-07-26&todate=2026-07-26&limit=5000
BRK.B,2020-08-17,210.05,210.82,206.34,206.78,5486419,,https://api.nasdaq.com/api/quote/BRK.B/historical?assetclass=stocks&fromdate=2016-07-26&todate=2026-07-26&limit=5000
BRK.B,2020-08-18,206.95,209.76,206.8,208.33,3501913,,https://api.nasdaq.com/api/quote/BRK.B/historical?assetclass=stocks&fromdate=2016-07-26&todate=2026-07-26&limit=5000
BRK.B,2020-08-19,209.19,210.21,206.66,207.21,5831268,,https://api.nasdaq.com/api/quote/BRK.B/historical?assetclass=stocks&fromdate=2016-07-26&todate=2026-07-26&limit=5000
BRK.B,2020-08-20,205.17,206.79,204.51,206.12,4134384,,https://api.nasdaq.com/api/quote/BRK.B/historical?assetclass=stocks&fromdate=2016-07-26&todate=2026-07-26&limit=5000
BRK.B,2020-08-21,205.52,208.4,205.52,207.43,4786825,,https://api.nasdaq.com/api/quote/BRK.B/historical?assetclass=stocks&fromdate=2016-07-26&todate=2026-07-26&limit=5000
BRK.B,2020-08-24,209.23,213.3,208.91,212.61,5040022,,https://api.nasdaq.com/api/quote/BRK.B/historical?assetclass=stocks&fromdate=2016-07-26&todate=2026-07-26&limit=5000
BRK.B,2020-08-25,213.56,214,212.85,213.35,3676863,,https://api.nasdaq.com/api/quote/BRK.B/historical?assetclass=stocks&fromdate=2016-07-26&todate=2026-07-26&limit=5000
BRK.B,2020-08-26,212.98,215.83,212.3,214.66,4640785,,https://api.nasdaq.com/api/quote/BRK.B/historical?assetclass=stocks&fromdate=2016-07-26&todate=2026-07-26&limit=5000
BRK.B,2020-08-27,214.99,217.98,214.76,216.87,4814583,,https://api.nasdaq.com/api/quote/BRK.B/historical?assetclass=stocks&fromdate=2016-07-26&todate=2026-07-26&limit=5000
BRK.B,2020-08-28,217.51,218.81,215.7297,218.55,4291213,,https://api.nasdaq.com/api/quote/BRK.B/historical?assetclass=stocks&fromdate=2016-07-26&todate=2026-07-26&limit=5000
BRK.B,2020-08-31,218.62,219.45,217.65,218.04,6134606,,https://api.nasdaq.com/api/quote/BRK.B/historical?assetclass=stocks&fromdate=2016-07-26&todate=2026-07-26&limit=5000
BRK.B,2020-09-01,216.92,218.59,216.62,218.55,4134939,,https://api.nasdaq.com/api/quote/BRK.B/historical?assetclass=stocks&fromdate=2016-07-26&todate=2026-07-26&limit=5000
BRK.B,2020-09-02,218.13,222.09,218.13,221.68,5495005,,https://api.nasdaq.com/api/quote/BRK.B/historical?assetclass=stocks&fromdate=2016-07-26&todate=2026-07-26&limit=5000
BRK.B,2020-09-03,222,223.2399,216.43,218.15,7095354,,https://api.nasdaq.com/api/quote/BRK.B/historical?assetclass=stocks&fromdate=2016-07-26&todate=2026-07-26&limit=5000
BRK.B,2020-09-04,219.95,221.48,215.06,218.32,6042649,,https://api.nasdaq.com/api/quote/BRK.B/historical?assetclass=stocks&fromdate=2016-07-26&todate=2026-07-26&limit=5000
BRK.B,2020-09-08,217.28,219.19,215.3393,217.8,7001501,,https://api.nasdaq.com/api/quote/BRK.B/historical?assetclass=stocks&fromdate=2016-07-26&todate=2026-07-26&limit=5000
BRK.B,2020-09-09,218.95,221.62,218.52,219.63,5418297,,https://api.nasdaq.com/api/quote/BRK.B/historical?assetclass=stocks&fromdate=2016-07-26&todate=2026-07-26&limit=5000
BRK.B,2020-09-10,220.54,220.68,217.15,217.8,3838665,,https://api.nasdaq.com/api/quote/BRK.B/historical?assetclass=stocks&fromdate=2016-07-26&todate=2026-07-26&limit=5000
BRK.B,2020-09-11,218,219.265,216.92,217.93,3437465,,https://api.nasdaq.com/api/quote/BRK.B/historical?assetclass=stocks&fromdate=2016-07-26&todate=2026-07-26&limit=5000
BRK.B,2020-09-14,219,221.32,218.3,219.94,4070857,,https://api.nasdaq.com/api/quote/BRK.B/historical?assetclass=stocks&fromdate=2016-07-26&todate=2026-07-26&limit=5000
BRK.B,2020-09-15,220.08,221.57,218.45,218.94,3864321,,https://api.nasdaq.com/api/quote/BRK.B/historical?assetclass=stocks&fromdate=2016-07-26&todate=2026-07-26&limit=5000
BRK.B,2020-09-16,220.28,222.26,219.19,219.59,5663404,,https://api.nasdaq.com/api/quote/BRK.B/historical?assetclass=stocks&fromdate=2016-07-26&todate=2026-07-26&limit=5000
BRK.B,2020-09-17,218.46,218.68,216.5,218.05,6942515,,https://api.nasdaq.com/api/quote/BRK.B/historical?assetclass=stocks&fromdate=2016-07-26&todate=2026-07-26&limit=5000
BRK.B,2020-09-18,219.08,221.01,217.83,218.21,11864010,,https://api.nasdaq.com/api/quote/BRK.B/historical?assetclass=stocks&fromdate=2016-07-26&todate=2026-07-26&limit=5000
BRK.B,2020-09-21,214,215.45,208.73,213.02,8342537,,https://api.nasdaq.com/api/quote/BRK.B/historical?assetclass=stocks&fromdate=2016-07-26&todate=2026-07-26&limit=5000
BRK.B,2020-09-22,212.54,214.75,211.7,214.16,5291711,,https://api.nasdaq.com/api/quote/BRK.B/historical?assetclass=stocks&fromdate=2016-07-26&todate=2026-07-26&limit=5000
BRK.B,2020-09-23,213.94,214.88,209.38,209.61,4424597,,https://api.nasdaq.com/api/quote/BRK.B/historical?assetclass=stocks&fromdate=2016-07-26&todate=2026-07-26&limit=5000
BRK.B,2020-09-24,209.14,210.23,206.58,208.72,3963496,,https://api.nasdaq.com/api/quote/BRK.B/historical?assetclass=stocks&fromdate=2016-07-26&todate=2026-07-26&limit=5000
BRK.B,2020-09-25,207,211.11,206.82,210.45,3563345,,https://api.nasdaq.com/api/quote/BRK.B/historical?assetclass=stocks&fromdate=2016-07-26&todate=2026-07-26&limit=5000
BRK.B,2020-09-28,213.22,215.47,212.0206,213.54,5043931,,https://api.nasdaq.com/api/quote/BRK.B/historical?assetclass=stocks&fromdate=2016-07-26&todate=2026-07-26&limit=5000
BRK.B,2020-09-29,213.59,213.59,210.24,210.44,4037925,,https://api.nasdaq.com/api/quote/BRK.B/historical?assetclass=stocks&fromdate=2016-07-26&todate=2026-07-26&limit=5000
BRK.B,2020-09-30,211.11,213.7,210.7522,212.94,5822458,,https://api.nasdaq.com/api/quote/BRK.B/historical?assetclass=stocks&fromdate=2016-07-26&todate=2026-07-26&limit=5000
BRK.B,2020-10-01,214.3,214.385,210.62,212.02,4758944,,https://api.nasdaq.com/api/quote/BRK.B/historical?assetclass=stocks&fromdate=2016-07-26&todate=2026-07-26&limit=5000
BRK.B,2020-10-02,209.84,213.68,209.53,211.18,4421401,,https://api.nasdaq.com/api/quote/BRK.B/historical?assetclass=stocks&fromdate=2016-07-26&todate=2026-07-26&limit=5000
BRK.B,2020-10-05,213.09,213.9,212.05,212.36,3649194,,https://api.nasdaq.com/api/quote/BRK.B/historical?assetclass=stocks&fromdate=2016-07-26&todate=2026-07-26&limit=5000
BRK.B,2020-10-06,212.65,213.48,209.65,210.26,5315644,,https://api.nasdaq.com/api/quote/BRK.B/historical?assetclass=stocks&fromdate=2016-07-26&todate=2026-07-26&limit=5000
BRK.B,2020-10-07,212.33,214.67,211.36,213.29,3759814,,https://api.nasdaq.com/api/quote/BRK.B/historical?assetclass=stocks&fromdate=2016-07-26&todate=2026-07-26&limit=5000
BRK.B,2020-10-08,214.39,215.69,213.44,215.15,3612138,,https://api.nasdaq.com/api/quote/BRK.B/historical?assetclass=stocks&fromdate=2016-07-26&todate=2026-07-26&limit=5000
BRK.B,2020-10-09,215.88,216.2924,214.16,215.68,3091717,,https://api.nasdaq.com/api/quote/BRK.B/historical?assetclass=stocks&fromdate=2016-07-26&todate=2026-07-26&limit=5000
BRK.B,2020-10-12,216.74,217.43,215.12,216.41,3903098,,https://api.nasdaq.com/api/quote/BRK.B/historical?assetclass=stocks&fromdate=2016-07-26&todate=2026-07-26&limit=5000
BRK.B,2020-10-13,215.76,216.38,212,212.31,4850195,,https://api.nasdaq.com/api/quote/BRK.B/historical?assetclass=stocks&fromdate=2016-07-26&todate=2026-07-26&limit=5000
BRK.B,2020-10-14,212.02,212.35,210.54,210.91,5026903,,https://api.nasdaq.com/api/quote/BRK.B/historical?assetclass=stocks&fromdate=2016-07-26&todate=2026-07-26&limit=5000
BRK.B,2020-10-15,209.27,211.99,208.22,211.65,3063809,,https://api.nasdaq.com/api/quote/BRK.B/historical?assetclass=stocks&fromdate=2016-07-26&todate=2026-07-26&limit=5000
BRK.B,2020-10-16,211.84,213.8253,211.81,211.91,3630992,,https://api.nasdaq.com/api/quote/BRK.B/historical?assetclass=stocks&fromdate=2016-07-26&todate=2026-07-26&limit=5000
BRK.B,2020-10-19,212.16,212.32,208.2,208.99,3413786,,https://api.nasdaq.com/api/quote/BRK.B/historical?assetclass=stocks&fromdate=2016-07-26&todate=2026-07-26&limit=5000
BRK.B,2020-10-20,209.63,211.45,209.41,210.06,3888817,,https://api.nasdaq.com/api/quote/BRK.B/historical?assetclass=stocks&fromdate=2016-07-26&todate=2026-07-26&limit=5000
BRK.B,2020-10-21,208.97,211.38,208.6103,210.18,3196330,,https://api.nasdaq.com/api/quote/BRK.B/historical?assetclass=stocks&fromdate=2016-07-26&todate=2026-07-26&limit=5000
BRK.B,2020-10-22,209.63,211.78,209.23,211.61,2949963,,https://api.nasdaq.com/api/quote/BRK.B/historical?assetclass=stocks&fromdate=2016-07-26&todate=2026-07-26&limit=5000
BRK.B,2020-10-23,212.43,213.87,211.73,212.71,2831432,,https://api.nasdaq.com/api/quote/BRK.B/historical?assetclass=stocks&fromdate=2016-07-26&todate=2026-07-26&limit=5000
BRK.B,2020-10-26,209.64,210.26,207,208.49,4717982,,https://api.nasdaq.com/api/quote/BRK.B/historical?assetclass=stocks&fromdate=2016-07-26&todate=2026-07-26&limit=5000
BRK.B,2020-10-27,208,208.48,206.58,206.88,3039192,,https://api.nasdaq.com/api/quote/BRK.B/historical?assetclass=stocks&fromdate=2016-07-26&todate=2026-07-26&limit=5000
BRK.B,2020-10-28,202.68,203.88,199.79,200.7,7538290,,https://api.nasdaq.com/api/quote/BRK.B/historical?assetclass=stocks&fromdate=2016-07-26&todate=2026-07-26&limit=5000
BRK.B,2020-10-29,200.03,202.955,197.81,201.51,5227943,,https://api.nasdaq.com/api/quote/BRK.B/historical?assetclass=stocks&fromdate=2016-07-26&todate=2026-07-26&limit=5000
BRK.B,2020-10-30,200.51,202.271,198.7,201.9,5755622,,https://api.nasdaq.com/api/quote/BRK.B/historical?assetclass=stocks&fromdate=2016-07-26&todate=2026-07-26&limit=5000
BRK.B,2020-11-02,204.84,206.18,203.06,204.31,5940592,,https://api.nasdaq.com/api/quote/BRK.B/historical?assetclass=stocks&fromdate=2016-07-26&todate=2026-07-26&limit=5000
BRK.B,2020-11-03,206.93,209.8007,206.36,206.63,5472813,,https://api.nasdaq.com/api/quote/BRK.B/historical?assetclass=stocks&fromdate=2016-07-26&todate=2026-07-26&limit=5000
BRK.B,2020-11-04,206.59,210.15,204.78,206.17,5978686,,https://api.nasdaq.com/api/quote/BRK.B/historical?assetclass=stocks&fromdate=2016-07-26&todate=2026-07-26&limit=5000
BRK.B,2020-11-05,208.69,210.86,206.97,207.45,5940982,,https://api.nasdaq.com/api/quote/BRK.B/historical?assetclass=stocks&fromdate=2016-07-26&todate=2026-07-26&limit=5000
BRK.B,2020-11-06,208.45,210.26,207.5875,208.85,4324663,,https://api.nasdaq.com/api/quote/BRK.B/historical?assetclass=stocks&fromdate=2016-07-26&todate=2026-07-26&limit=5000
BRK.B,2020-11-09,221.97,225.23,218.01,221.5,11343440,,https://api.nasdaq.com/api/quote/BRK.B/historical?assetclass=stocks&fromdate=2016-07-26&todate=2026-07-26&limit=5000
BRK.B,2020-11-10,221.82,228.61,220.94,228.48,7059371,,https://api.nasdaq.com/api/quote/BRK.B/historical?assetclass=stocks&fromdate=2016-07-26&todate=2026-07-26&limit=5000
BRK.B,2020-11-11,228.5,228.98,225.4701,227.37,4789221,,https://api.nasdaq.com/api/quote/BRK.B/historical?assetclass=stocks&fromdate=2016-07-26&todate=2026-07-26&limit=5000
BRK.B,2020-11-12,225.01,225.88,223.18,224.72,5111764,,https://api.nasdaq.com/api/quote/BRK.B/historical?assetclass=stocks&fromdate=2016-07-26&todate=2026-07-26&limit=5000
BRK.B,2020-11-13,226.5,228.145,225.29,227.42,4790845,,https://api.nasdaq.com/api/quote/BRK.B/historical?assetclass=stocks&fromdate=2016-07-26&todate=2026-07-26&limit=5000
BRK.B,2020-11-16,230.58,233.46,229.86,233.1,5768612,,https://api.nasdaq.com/api/quote/BRK.B/historical?assetclass=stocks&fromdate=2016-07-26&todate=2026-07-26&limit=5000
BRK.B,2020-11-17,231.93,234.97,230.01,233.16,5040020,,https://api.nasdaq.com/api/quote/BRK.B/historical?assetclass=stocks&fromdate=2016-07-26&todate=2026-07-26&limit=5000
BRK.B,2020-11-18,233.57,234.476,230,230.07,4741785,,https://api.nasdaq.com/api/quote/BRK.B/historical?assetclass=stocks&fromdate=2016-07-26&todate=2026-07-26&limit=5000
BRK.B,2020-11-19,229.67,229.97,227.6154,229.53,4623632,,https://api.nasdaq.com/api/quote/BRK.B/historical?assetclass=stocks&fromdate=2016-07-26&todate=2026-07-26&limit=5000
BRK.B,2020-11-20,228.78,229.72,226.771,227.01,4028442,,https://api.nasdaq.com/api/quote/BRK.B/historical?assetclass=stocks&fromdate=2016-07-26&todate=2026-07-26&limit=5000
BRK.B,2020-11-23,229.77,230.5,228.0442,229.54,3632543,,https://api.nasdaq.com/api/quote/BRK.B/historical?assetclass=stocks&fromdate=2016-07-26&todate=2026-07-26&limit=5000
BRK.B,2020-11-24,232.45,234.99,231.24,233.92,4714771,,https://api.nasdaq.com/api/quote/BRK.B/historical?assetclass=stocks&fromdate=2016-07-26&todate=2026-07-26&limit=5000
BRK.B,2020-11-25,233.92,234,232.0104,233.13,3249877,,https://api.nasdaq.com/api/quote/BRK.B/historical?assetclass=stocks&fromdate=2016-07-26&todate=2026-07-26&limit=5000
BRK.B,2020-11-27,233.1,234.17,230.45,231.55,1935806,,https://api.nasdaq.com/api/quote/BRK.B/historical?assetclass=stocks&fromdate=2016-07-26&todate=2026-07-26&limit=5000
BRK.B,2020-11-30,231.19,231.29,228.165,228.91,5989549,,https://api.nasdaq.com/api/quote/BRK.B/historical?assetclass=stocks&fromdate=2016-07-26&todate=2026-07-26&limit=5000
BRK.B,2020-12-01,230.23,231.98,229.34,229.68,4442626,,https://api.nasdaq.com/api/quote/BRK.B/historical?assetclass=stocks&fromdate=2016-07-26&todate=2026-07-26&limit=5000
BRK.B,2020-12-02,229.8,230.59,228.31,230.42,4681526,,https://api.nasdaq.com/api/quote/BRK.B/historical?assetclass=stocks&fromdate=2016-07-26&todate=2026-07-26&limit=5000
BRK.B,2020-12-03,230,231.5,228.87,231.02,4699041,,https://api.nasdaq.com/api/quote/BRK.B/historical?assetclass=stocks&fromdate=2016-07-26&todate=2026-07-26&limit=5000
BRK.B,2020-12-04,230.24,231.89,230.24,231.35,4753002,,https://api.nasdaq.com/api/quote/BRK.B/historical?assetclass=stocks&fromdate=2016-07-26&todate=2026-07-26&limit=5000
BRK.B,2020-12-07,231.26,231.26,228.1,229.24,4743430,,https://api.nasdaq.com/api/quote/BRK.B/historical?assetclass=stocks&fromdate=2016-07-26&todate=2026-07-26&limit=5000
BRK.B,2020-12-08,227.46,228.735,226.61,228.19,4590686,,https://api.nasdaq.com/api/quote/BRK.B/historical?assetclass=stocks&fromdate=2016-07-26&todate=2026-07-26&limit=5000
BRK.B,2020-12-09,228.57,228.9,226.635,227.51,4874314,,https://api.nasdaq.com/api/quote/BRK.B/historical?assetclass=stocks&fromdate=2016-07-26&todate=2026-07-26&limit=5000
BRK.B,2020-12-10,226.45,227.87,225.728,227.35,4567434,,https://api.nasdaq.com/api/quote/BRK.B/historical?assetclass=stocks&fromdate=2016-07-26&todate=2026-07-26&limit=5000
BRK.B,2020-12-11,225.2,226.73,224.595,226.39,4028353,,https://api.nasdaq.com/api/quote/BRK.B/historical?assetclass=stocks&fromdate=2016-07-26&todate=2026-07-26&limit=5000
BRK.B,2020-12-14,227.68,228.06,222.36,222.85,6545455,,https://api.nasdaq.com/api/quote/BRK.B/historical?assetclass=stocks&fromdate=2016-07-26&todate=2026-07-26&limit=5000
BRK.B,2020-12-15,224.83,225.86,222.73,224.38,5169074,,https://api.nasdaq.com/api/quote/BRK.B/historical?assetclass=stocks&fromdate=2016-07-26&todate=2026-07-26&limit=5000
BRK.B,2020-12-16,225.48,225.48,221.82,221.91,7994869,,https://api.nasdaq.com/api/quote/BRK.B/historical?assetclass=stocks&fromdate=2016-07-26&todate=2026-07-26&limit=5000
BRK.B,2020-12-17,222.51,225.02,221.6673,224.68,7390467,,https://api.nasdaq.com/api/quote/BRK.B/historical?assetclass=stocks&fromdate=2016-07-26&todate=2026-07-26&limit=5000
BRK.B,2020-12-18,224.79,225.2,221.68,223.43,20672800,,https://api.nasdaq.com/api/quote/BRK.B/historical?assetclass=stocks&fromdate=2016-07-26&todate=2026-07-26&limit=5000
BRK.B,2020-12-21,222.02,224.2,221.26,223.49,7376589,,https://api.nasdaq.com/api/quote/BRK.B/historical?assetclass=stocks&fromdate=2016-07-26&todate=2026-07-26&limit=5000
BRK.B,2020-12-22,223.58,223.75,221.76,221.88,6165628,,https://api.nasdaq.com/api/quote/BRK.B/historical?assetclass=stocks&fromdate=2016-07-26&todate=2026-07-26&limit=5000
BRK.B,2020-12-23,222.63,224.91,222.61,224.24,4984149,,https://api.nasdaq.com/api/quote/BRK.B/historical?assetclass=stocks&fromdate=2016-07-26&todate=2026-07-26&limit=5000
BRK.B,2020-12-24,224.6,227.125,224.21,226.53,2386994,,https://api.nasdaq.com/api/quote/BRK.B/historical?assetclass=stocks&fromdate=2016-07-26&todate=2026-07-26&limit=5000
BRK.B,2020-12-28,228.09,230.15,227.36,228.41,3507318,,https://api.nasdaq.com/api/quote/BRK.B/historical?assetclass=stocks&fromdate=2016-07-26&todate=2026-07-26&limit=5000
BRK.B,2020-12-29,230.5,231.1,229.1,229.57,3800358,,https://api.nasdaq.com/api/quote/BRK.B/historical?assetclass=stocks&fromdate=2016-07-26&todate=2026-07-26&limit=5000
BRK.B,2020-12-30,229.54,230.585,229.08,229.65,3257957,,https://api.nasdaq.com/api/quote/BRK.B/historical?assetclass=stocks&fromdate=2016-07-26&todate=2026-07-26&limit=5000
BRK.B,2020-12-31,229.28,232.28,228.89,231.87,4228870,,https://api.nasdaq.com/api/quote/BRK.B/historical?assetclass=stocks&fromdate=2016-07-26&todate=2026-07-26&limit=5000
BRK.B,2021-01-04,231.73,231.87,226.85,228.45,7405706,,https://api.nasdaq.com/api/quote/BRK.B/historical?assetclass=stocks&fromdate=2016-07-26&todate=2026-07-26&limit=5000
BRK.B,2021-01-05,228.21,230.1,226.847,227.47,5531573,,https://api.nasdaq.com/api/quote/BRK.B/historical?assetclass=stocks&fromdate=2016-07-26&todate=2026-07-26&limit=5000
BRK.B,2021-01-06,229.49,232.68,227.55,230.27,9012829,,https://api.nasdaq.com/api/quote/BRK.B/historical?assetclass=stocks&fromdate=2016-07-26&todate=2026-07-26&limit=5000
BRK.B,2021-01-07,232.78,233.9643,231.33,232.88,4693848,,https://api.nasdaq.com/api/quote/BRK.B/historical?assetclass=stocks&fromdate=2016-07-26&todate=2026-07-26&limit=5000
BRK.B,2021-01-08,233.54,234.6,231.72,234.03,4850601,,https://api.nasdaq.com/api/quote/BRK.B/historical?assetclass=stocks&fromdate=2016-07-26&todate=2026-07-26&limit=5000
BRK.B,2021-01-11,231.22,233.92,231.02,233.43,3882330,,https://api.nasdaq.com/api/quote/BRK.B/historical?assetclass=stocks&fromdate=2016-07-26&todate=2026-07-26&limit=5000
BRK.B,2021-01-12,233.31,233.98,231.7,233.03,5618722,,https://api.nasdaq.com/api/quote/BRK.B/historical?assetclass=stocks&fromdate=2016-07-26&todate=2026-07-26&limit=5000
BRK.B,2021-01-13,232,234.95,231.71,234.51,3828413,,https://api.nasdaq.com/api/quote/BRK.B/historical?assetclass=stocks&fromdate=2016-07-26&todate=2026-07-26&limit=5000
BRK.B,2021-01-14,234.79,235.7,233.8372,235.02,4530181,,https://api.nasdaq.com/api/quote/BRK.B/historical?assetclass=stocks&fromdate=2016-07-26&todate=2026-07-26&limit=5000
BRK.B,2021-01-15,234.1,234.59,231.91,233.49,5226415,,https://api.nasdaq.com/api/quote/BRK.B/historical?assetclass=stocks&fromdate=2016-07-26&todate=2026-07-26&limit=5000
BRK.B,2021-01-19,234.64,236.24,231.7,234.55,5503127,,https://api.nasdaq.com/api/quote/BRK.B/historical?assetclass=stocks&fromdate=2016-07-26&todate=2026-07-26&limit=5000
BRK.B,2021-01-20,234,235.2,233.24,234.76,4876514,,https://api.nasdaq.com/api/quote/BRK.B/historical?assetclass=stocks&fromdate=2016-07-26&todate=2026-07-26&limit=5000
BRK.B,2021-01-21,235.22,236.2,234.08,234.16,4319793,,https://api.nasdaq.com/api/quote/BRK.B/historical?assetclass=stocks&fromdate=2016-07-26&todate=2026-07-26&limit=5000
BRK.B,2021-01-22,232.5,233.83,232.21,232.92,4465090,,https://api.nasdaq.com/api/quote/BRK.B/historical?assetclass=stocks&fromdate=2016-07-26&todate=2026-07-26&limit=5000
BRK.B,2021-01-25,231.67,233.52,230.45,233.01,5098897,,https://api.nasdaq.com/api/quote/BRK.B/historical?assetclass=stocks&fromdate=2016-07-26&todate=2026-07-26&limit=5000
BRK.B,2021-01-26,233,233.5,231.33,231.57,3945915,,https://api.nasdaq.com/api/quote/BRK.B/historical?assetclass=stocks&fromdate=2016-07-26&todate=2026-07-26&limit=5000
BRK.B,2021-01-27,230,230,226.1,227.36,8230374,,https://api.nasdaq.com/api/quote/BRK.B/historical?assetclass=stocks&fromdate=2016-07-26&todate=2026-07-26&limit=5000
BRK.B,2021-01-28,229.76,233.51,228.16,230.95,5943918,,https://api.nasdaq.com/api/quote/BRK.B/historical?assetclass=stocks&fromdate=2016-07-26&todate=2026-07-26&limit=5000
BRK.B,2021-01-29,229.45,229.97,227.21,227.87,6388092,,https://api.nasdaq.com/api/quote/BRK.B/historical?assetclass=stocks&fromdate=2016-07-26&todate=2026-07-26&limit=5000
BRK.B,2021-02-01,229.97,230.5,228.04,229.32,4068409,,https://api.nasdaq.com/api/quote/BRK.B/historical?assetclass=stocks&fromdate=2016-07-26&todate=2026-07-26&limit=5000
BRK.B,2021-02-02,231.21,233.43,230.665,232.24,5302328,,https://api.nasdaq.com/api/quote/BRK.B/historical?assetclass=stocks&fromdate=2016-07-26&todate=2026-07-26&limit=5000
BRK.B,2021-02-03,232.4,233.16,231.28,232.68,3807540,,https://api.nasdaq.com/api/quote/BRK.B/historical?assetclass=stocks&fromdate=2016-07-26&todate=2026-07-26&limit=5000
BRK.B,2021-02-04,232.84,235.905,232.41,235.77,4452386,,https://api.nasdaq.com/api/quote/BRK.B/historical?assetclass=stocks&fromdate=2016-07-26&todate=2026-07-26&limit=5000
BRK.B,2021-02-05,236.98,236.98,234.83,235.16,3812966,,https://api.nasdaq.com/api/quote/BRK.B/historical?assetclass=stocks&fromdate=2016-07-26&todate=2026-07-26&limit=5000
BRK.B,2021-02-08,236,237.56,235.35,237.42,3329703,,https://api.nasdaq.com/api/quote/BRK.B/historical?assetclass=stocks&fromdate=2016-07-26&todate=2026-07-26&limit=5000
BRK.B,2021-02-09,237.07,240.78,235.66,239.91,4774458,,https://api.nasdaq.com/api/quote/BRK.B/historical?assetclass=stocks&fromdate=2016-07-26&todate=2026-07-26&limit=5000
BRK.B,2021-02-10,241.43,241.52,239.04,239.92,3825592,,https://api.nasdaq.com/api/quote/BRK.B/historical?assetclass=stocks&fromdate=2016-07-26&todate=2026-07-26&limit=5000
BRK.B,2021-02-11,239.36,240.44,238.88,239.76,2909640,,https://api.nasdaq.com/api/quote/BRK.B/historical?assetclass=stocks&fromdate=2016-07-26&todate=2026-07-26&limit=5000
BRK.B,2021-02-12,238.07,242.76,238.03,242.46,3422107,,https://api.nasdaq.com/api/quote/BRK.B/historical?assetclass=stocks&fromdate=2016-07-26&todate=2026-07-26&limit=5000
BRK.B,2021-02-16,244.14,247.26,242.82,245.28,4726101,,https://api.nasdaq.com/api/quote/BRK.B/historical?assetclass=stocks&fromdate=2016-07-26&todate=2026-07-26&limit=5000
BRK.B,2021-02-17,244.14,246.19,244,245.25,4323241,,https://api.nasdaq.com/api/quote/BRK.B/historical?assetclass=stocks&fromdate=2016-07-26&todate=2026-07-26&limit=5000
BRK.B,2021-02-18,244.73,245.49,241.67,243.5,4049896,,https://api.nasdaq.com/api/quote/BRK.B/historical?assetclass=stocks&fromdate=2016-07-26&todate=2026-07-26&limit=5000
BRK.B,2021-02-19,244.2,244.95,241.36,241.85,4254656,,https://api.nasdaq.com/api/quote/BRK.B/historical?assetclass=stocks&fromdate=2016-07-26&todate=2026-07-26&limit=5000
BRK.B,2021-02-22,240.89,245.9801,240.8,244.97,4013145,,https://api.nasdaq.com/api/quote/BRK.B/historical?assetclass=stocks&fromdate=2016-07-26&todate=2026-07-26&limit=5000
BRK.B,2021-02-23,245.56,246.57,243.29,245.53,5455367,,https://api.nasdaq.com/api/quote/BRK.B/historical?assetclass=stocks&fromdate=2016-07-26&todate=2026-07-26&limit=5000
BRK.B,2021-02-24,245.15,249.55,245.15,248.45,5106898,,https://api.nasdaq.com/api/quote/BRK.B/historical?assetclass=stocks&fromdate=2016-07-26&todate=2026-07-26&limit=5000
BRK.B,2021-02-25,248.07,250.56,242.927,243.69,6459817,,https://api.nasdaq.com/api/quote/BRK.B/historical?assetclass=stocks&fromdate=2016-07-26&todate=2026-07-26&limit=5000
BRK.B,2021-02-26,245.15,245.15,240.25,240.51,8087759,,https://api.nasdaq.com/api/quote/BRK.B/historical?assetclass=stocks&fromdate=2016-07-26&todate=2026-07-26&limit=5000
BRK.B,2021-03-01,246.86,250.55,246.09,249.21,6334166,,https://api.nasdaq.com/api/quote/BRK.B/historical?assetclass=stocks&fromdate=2016-07-26&todate=2026-07-26&limit=5000
BRK.B,2021-03-02,249.12,251.34,248.37,249.22,4686124,,https://api.nasdaq.com/api/quote/BRK.B/historical?assetclass=stocks&fromdate=2016-07-26&todate=2026-07-26&limit=5000
BRK.B,2021-03-03,249.73,254.81,249.29,251.55,6093204,,https://api.nasdaq.com/api/quote/BRK.B/historical?assetclass=stocks&fromdate=2016-07-26&todate=2026-07-26&limit=5000
BRK.B,2021-03-04,251.08,252.55,243.23,245.48,7843543,,https://api.nasdaq.com/api/quote/BRK.B/historical?assetclass=stocks&fromdate=2016-07-26&todate=2026-07-26&limit=5000
BRK.B,2021-03-05,248.89,253.45,247.325,253.15,6401890,,https://api.nasdaq.com/api/quote/BRK.B/historical?assetclass=stocks&fromdate=2016-07-26&todate=2026-07-26&limit=5000
BRK.B,2021-03-08,255.6,260.23,253.73,257.61,7135779,,https://api.nasdaq.com/api/quote/BRK.B/historical?assetclass=stocks&fromdate=2016-07-26&todate=2026-07-26&limit=5000
BRK.B,2021-03-09,258.55,262.94,255.61,259.02,8276597,,https://api.nasdaq.com/api/quote/BRK.B/historical?assetclass=stocks&fromdate=2016-07-26&todate=2026-07-26&limit=5000
BRK.B,2021-03-10,260.3,267.5,259.64,263.99,8945700,,https://api.nasdaq.com/api/quote/BRK.B/historical?assetclass=stocks&fromdate=2016-07-26&todate=2026-07-26&limit=5000
BRK.B,2021-03-11,264.22,264.8,260.4199,260.91,5921549,,https://api.nasdaq.com/api/quote/BRK.B/historical?assetclass=stocks&fromdate=2016-07-26&todate=2026-07-26&limit=5000
BRK.B,2021-03-12,262.4,264.65,259.67,260.02,4498086,,https://api.nasdaq.com/api/quote/BRK.B/historical?assetclass=stocks&fromdate=2016-07-26&todate=2026-07-26&limit=5000
BRK.B,2021-03-15,260.31,260.44,253.52,254.61,6979049,,https://api.nasdaq.com/api/quote/BRK.B/historical?assetclass=stocks&fromdate=2016-07-26&todate=2026-07-26&limit=5000
BRK.B,2021-03-16,254.53,254.53,249.82,251.5,6720786,,https://api.nasdaq.com/api/quote/BRK.B/historical?assetclass=stocks&fromdate=2016-07-26&todate=2026-07-26&limit=5000
BRK.B,2021-03-17,252.02,254.28,250.6601,252,6775745,,https://api.nasdaq.com/api/quote/BRK.B/historical?assetclass=stocks&fromdate=2016-07-26&todate=2026-07-26&limit=5000
BRK.B,2021-03-18,253.76,255.64,251.38,252.46,5558018,,https://api.nasdaq.com/api/quote/BRK.B/historical?assetclass=stocks&fromdate=2016-07-26&todate=2026-07-26&limit=5000
BRK.B,2021-03-19,252.31,252.5,248.52,250.99,16649850,,https://api.nasdaq.com/api/quote/BRK.B/historical?assetclass=stocks&fromdate=2016-07-26&todate=2026-07-26&limit=5000
BRK.B,2021-03-22,250.6,251.67,248.86,250.36,5370835,,https://api.nasdaq.com/api/quote/BRK.B/historical?assetclass=stocks&fromdate=2016-07-26&todate=2026-07-26&limit=5000
BRK.B,2021-03-23,250.2,251.17,247.71,248.31,4624233,,https://api.nasdaq.com/api/quote/BRK.B/historical?assetclass=stocks&fromdate=2016-07-26&todate=2026-07-26&limit=5000
BRK.B,2021-03-24,249.55,251.89,248.5,249.63,4167843,,https://api.nasdaq.com/api/quote/BRK.B/historical?assetclass=stocks&fromdate=2016-07-26&todate=2026-07-26&limit=5000
BRK.B,2021-03-25,249.38,251.53,246.79,250.75,5505215,,https://api.nasdaq.com/api/quote/BRK.B/historical?assetclass=stocks&fromdate=2016-07-26&todate=2026-07-26&limit=5000
BRK.B,2021-03-26,252.75,257.39,252.42,256.77,5801970,,https://api.nasdaq.com/api/quote/BRK.B/historical?assetclass=stocks&fromdate=2016-07-26&todate=2026-07-26&limit=5000
BRK.B,2021-03-29,253.93,260.05,253.3,258.82,6643130,,https://api.nasdaq.com/api/quote/BRK.B/historical?assetclass=stocks&fromdate=2016-07-26&todate=2026-07-26&limit=5000
BRK.B,2021-03-30,259.94,261,257.24,258.19,3879346,,https://api.nasdaq.com/api/quote/BRK.B/historical?assetclass=stocks&fromdate=2016-07-26&todate=2026-07-26&limit=5000
BRK.B,2021-03-31,256.86,257.68,255.17,255.47,6580741,,https://api.nasdaq.com/api/quote/BRK.B/historical?assetclass=stocks&fromdate=2016-07-26&todate=2026-07-26&limit=5000
BRK.B,2021-04-01,255.74,258.47,254.8,258.2,5573842,,https://api.nasdaq.com/api/quote/BRK.B/historical?assetclass=stocks&fromdate=2016-07-26&todate=2026-07-26&limit=5000
BRK.B,2021-04-05,260.02,263.35,260,262.66,5050565,,https://api.nasdaq.com/api/quote/BRK.B/historical?assetclass=stocks&fromdate=2016-07-26&todate=2026-07-26&limit=5000
BRK.B,2021-04-06,262.86,263.34,261.94,263.06,3069093,,https://api.nasdaq.com/api/quote/BRK.B/historical?assetclass=stocks&fromdate=2016-07-26&todate=2026-07-26&limit=5000
BRK.B,2021-04-07,262.99,264.34,262.4003,263.62,3585586,,https://api.nasdaq.com/api/quote/BRK.B/historical?assetclass=stocks&fromdate=2016-07-26&todate=2026-07-26&limit=5000
BRK.B,2021-04-08,262.72,263.93,261.911,263.51,3113946,,https://api.nasdaq.com/api/quote/BRK.B/historical?assetclass=stocks&fromdate=2016-07-26&todate=2026-07-26&limit=5000
BRK.B,2021-04-09,264.22,266.24,263.35,266.01,6054022,,https://api.nasdaq.com/api/quote/BRK.B/historical?assetclass=stocks&fromdate=2016-07-26&todate=2026-07-26&limit=5000
BRK.B,2021-04-12,266.53,268.34,266.53,267.93,4294469,,https://api.nasdaq.com/api/quote/BRK.B/historical?assetclass=stocks&fromdate=2016-07-26&todate=2026-07-26&limit=5000
BRK.B,2021-04-13,267.42,268.2,266.05,267.1,3558493,,https://api.nasdaq.com/api/quote/BRK.B/historical?assetclass=stocks&fromdate=2016-07-26&todate=2026-07-26&limit=5000
BRK.B,2021-04-14,267.31,268.44,267.15,267.53,3124048,,https://api.nasdaq.com/api/quote/BRK.B/historical?assetclass=stocks&fromdate=2016-07-26&todate=2026-07-26&limit=5000
BRK.B,2021-04-15,268.06,269.28,266.3943,269.14,3921101,,https://api.nasdaq.com/api/quote/BRK.B/historical?assetclass=stocks&fromdate=2016-07-26&todate=2026-07-26&limit=5000
BRK.B,2021-04-16,270.47,272.97,270.11,272.11,4710925,,https://api.nasdaq.com/api/quote/BRK.B/historical?assetclass=stocks&fromdate=2016-07-26&todate=2026-07-26&limit=5000
BRK.B,2021-04-19,272.3,272.92,268.8475,270.28,4235932,,https://api.nasdaq.com/api/quote/BRK.B/historical?assetclass=stocks&fromdate=2016-07-26&todate=2026-07-26&limit=5000
BRK.B,2021-04-20,268.53,269.31,266.801,267.89,3741695,,https://api.nasdaq.com/api/quote/BRK.B/historical?assetclass=stocks&fromdate=2016-07-26&todate=2026-07-26&limit=5000
BRK.B,2021-04-21,267.8,272.46,267.75,272.21,3897511,,https://api.nasdaq.com/api/quote/BRK.B/historical?assetclass=stocks&fromdate=2016-07-26&todate=2026-07-26&limit=5000
BRK.B,2021-04-22,272.04,272.08,268.78,269.51,3734218,,https://api.nasdaq.com/api/quote/BRK.B/historical?assetclass=stocks&fromdate=2016-07-26&todate=2026-07-26&limit=5000
BRK.B,2021-04-23,269.86,272.6906,269.56,271.98,3684487,,https://api.nasdaq.com/api/quote/BRK.B/historical?assetclass=stocks&fromdate=2016-07-26&todate=2026-07-26&limit=5000
BRK.B,2021-04-26,272.28,273.98,270.63,270.86,3577632,,https://api.nasdaq.com/api/quote/BRK.B/historical?assetclass=stocks&fromdate=2016-07-26&todate=2026-07-26&limit=5000
BRK.B,2021-04-27,271.07,274.16,270.05,273.65,3176319,,https://api.nasdaq.com/api/quote/BRK.B/historical?assetclass=stocks&fromdate=2016-07-26&todate=2026-07-26&limit=5000
BRK.B,2021-04-28,273.54,273.96,272.13,272.95,3176106,,https://api.nasdaq.com/api/quote/BRK.B/historical?assetclass=stocks&fromdate=2016-07-26&todate=2026-07-26&limit=5000
BRK.B,2021-04-29,274.47,277.79,274.35,277.6,4543724,,https://api.nasdaq.com/api/quote/BRK.B/historical?assetclass=stocks&fromdate=2016-07-26&todate=2026-07-26&limit=5000
BRK.B,2021-04-30,276.29,277.41,274.21,274.95,5213541,,https://api.nasdaq.com/api/quote/BRK.B/historical?assetclass=stocks&fromdate=2016-07-26&todate=2026-07-26&limit=5000
BRK.B,2021-05-03,278.55,281.12,277.67,279.18,5185658,,https://api.nasdaq.com/api/quote/BRK.B/historical?assetclass=stocks&fromdate=2016-07-26&todate=2026-07-26&limit=5000
BRK.B,2021-05-04,278.54,280.8,276.78,280.26,4467147,,https://api.nasdaq.com/api/quote/BRK.B/historical?assetclass=stocks&fromdate=2016-07-26&todate=2026-07-26&limit=5000
BRK.B,2021-05-05,282.52,283.5,282.23,282.76,3013873,,https://api.nasdaq.com/api/quote/BRK.B/historical?assetclass=stocks&fromdate=2016-07-26&todate=2026-07-26&limit=5000
BRK.B,2021-05-06,284.69,290,284.05,289.71,5965549,,https://api.nasdaq.com/api/quote/BRK.B/historical?assetclass=stocks&fromdate=2016-07-26&todate=2026-07-26&limit=5000
BRK.B,2021-05-07,289.97,291.07,287.77,290.93,6101832,,https://api.nasdaq.com/api/quote/BRK.B/historical?assetclass=stocks&fromdate=2016-07-26&todate=2026-07-26&limit=5000
BRK.B,2021-05-10,292.345,295.083,292.07,292.33,4542731,,https://api.nasdaq.com/api/quote/BRK.B/historical?assetclass=stocks&fromdate=2016-07-26&todate=2026-07-26&limit=5000
BRK.B,2021-05-11,289.84,290.51,284.29,285.63,6814899,,https://api.nasdaq.com/api/quote/BRK.B/historical?assetclass=stocks&fromdate=2016-07-26&todate=2026-07-26&limit=5000
BRK.B,2021-05-12,285.46,286.12,282.55,282.91,5313010,,https://api.nasdaq.com/api/quote/BRK.B/historical?assetclass=stocks&fromdate=2016-07-26&todate=2026-07-26&limit=5000
BRK.B,2021-05-13,282.91,288.37,282.85,286.9,5246624,,https://api.nasdaq.com/api/quote/BRK.B/historical?assetclass=stocks&fromdate=2016-07-26&todate=2026-07-26&limit=5000
BRK.B,2021-05-14,288.67,291.375,288.67,290.68,4263393,,https://api.nasdaq.com/api/quote/BRK.B/historical?assetclass=stocks&fromdate=2016-07-26&todate=2026-07-26&limit=5000
BRK.B,2021-05-17,289.99,290.47,288.07,289.22,3882976,,https://api.nasdaq.com/api/quote/BRK.B/historical?assetclass=stocks&fromdate=2016-07-26&todate=2026-07-26&limit=5000
BRK.B,2021-05-18,290.2,290.31,287.24,287.59,4361282,,https://api.nasdaq.com/api/quote/BRK.B/historical?assetclass=stocks&fromdate=2016-07-26&todate=2026-07-26&limit=5000
BRK.B,2021-05-19,284.11,286.56,282.57,286.22,5272133,,https://api.nasdaq.com/api/quote/BRK.B/historical?assetclass=stocks&fromdate=2016-07-26&todate=2026-07-26&limit=5000
BRK.B,2021-05-20,288.41,289.135,285.9,286.73,4143635,,https://api.nasdaq.com/api/quote/BRK.B/historical?assetclass=stocks&fromdate=2016-07-26&todate=2026-07-26&limit=5000
BRK.B,2021-05-21,287.12,289.35,286.75,287.74,4232598,,https://api.nasdaq.com/api/quote/BRK.B/historical?assetclass=stocks&fromdate=2016-07-26&todate=2026-07-26&limit=5000
BRK.B,2021-05-24,289.11,290.41,287.91,289.73,3947879,,https://api.nasdaq.com/api/quote/BRK.B/historical?assetclass=stocks&fromdate=2016-07-26&todate=2026-07-26&limit=5000
BRK.B,2021-05-25,290.19,291.6,287.11,287.2,4754083,,https://api.nasdaq.com/api/quote/BRK.B/historical?assetclass=stocks&fromdate=2016-07-26&todate=2026-07-26&limit=5000
BRK.B,2021-05-26,289.64,289.64,285.75,287.33,4756875,,https://api.nasdaq.com/api/quote/BRK.B/historical?assetclass=stocks&fromdate=2016-07-26&todate=2026-07-26&limit=5000
BRK.B,2021-05-27,288.57,289.99,286.57,289.3,6610596,,https://api.nasdaq.com/api/quote/BRK.B/historical?assetclass=stocks&fromdate=2016-07-26&todate=2026-07-26&limit=5000
BRK.B,2021-05-28,289.68,290.46,288.23,289.44,4522664,,https://api.nasdaq.com/api/quote/BRK.B/historical?assetclass=stocks&fromdate=2016-07-26&todate=2026-07-26&limit=5000
BRK.B,2021-06-01,291.52,292.07,288.81,289.84,3335983,,https://api.nasdaq.com/api/quote/BRK.B/historical?assetclass=stocks&fromdate=2016-07-26&todate=2026-07-26&limit=5000
BRK.B,2021-06-02,290.85,290.9,289.22,290.02,3517430,,https://api.nasdaq.com/api/quote/BRK.B/historical?assetclass=stocks&fromdate=2016-07-26&todate=2026-07-26&limit=5000
BRK.B,2021-06-03,288.36,293.272,288.28,291.97,4099941,,https://api.nasdaq.com/api/quote/BRK.B/historical?assetclass=stocks&fromdate=2016-07-26&todate=2026-07-26&limit=5000
BRK.B,2021-06-04,292.91,293.08,291.45,292.52,3273412,,https://api.nasdaq.com/api/quote/BRK.B/historical?assetclass=stocks&fromdate=2016-07-26&todate=2026-07-26&limit=5000
BRK.B,2021-06-07,292.56,292.58,288.84,289.46,4442470,,https://api.nasdaq.com/api/quote/BRK.B/historical?assetclass=stocks&fromdate=2016-07-26&todate=2026-07-26&limit=5000
BRK.B,2021-06-08,289.18,289.9,285.7,289.19,5036621,,https://api.nasdaq.com/api/quote/BRK.B/historical?assetclass=stocks&fromdate=2016-07-26&todate=2026-07-26&limit=5000
BRK.B,2021-06-09,288.88,289.09,287.05,288.58,3502842,,https://api.nasdaq.com/api/quote/BRK.B/historical?assetclass=stocks&fromdate=2016-07-26&todate=2026-07-26&limit=5000
BRK.B,2021-06-10,289.88,290.81,284.68,284.91,4044608,,https://api.nasdaq.com/api/quote/BRK.B/historical?assetclass=stocks&fromdate=2016-07-26&todate=2026-07-26&limit=5000
BRK.B,2021-06-11,285.45,287.36,285.02,286.82,3524361,,https://api.nasdaq.com/api/quote/BRK.B/historical?assetclass=stocks&fromdate=2016-07-26&todate=2026-07-26&limit=5000
BRK.B,2021-06-14,286.66,286.85,281.5156,283.53,6102270,,https://api.nasdaq.com/api/quote/BRK.B/historical?assetclass=stocks&fromdate=2016-07-26&todate=2026-07-26&limit=5000
BRK.B,2021-06-15,284.46,284.965,282.65,283.94,3760903,,https://api.nasdaq.com/api/quote/BRK.B/historical?assetclass=stocks&fromdate=2016-07-26&todate=2026-07-26&limit=5000
BRK.B,2021-06-16,283.73,284.8,281.08,283.11,5629240,,https://api.nasdaq.com/api/quote/BRK.B/historical?assetclass=stocks&fromdate=2016-07-26&todate=2026-07-26&limit=5000
BRK.B,2021-06-17,284.29,284.5,277.56,278.69,7136848,,https://api.nasdaq.com/api/quote/BRK.B/historical?assetclass=stocks&fromdate=2016-07-26&todate=2026-07-26&limit=5000
BRK.B,2021-06-18,276.5,276.98,272.455,274.04,12567920,,https://api.nasdaq.com/api/quote/BRK.B/historical?assetclass=stocks&fromdate=2016-07-26&todate=2026-07-26&limit=5000
BRK.B,2021-06-21,275.62,278.845,275.4279,277.1,5486192,,https://api.nasdaq.com/api/quote/BRK.B/historical?assetclass=stocks&fromdate=2016-07-26&todate=2026-07-26&limit=5000
BRK.B,2021-06-22,277.57,277.71,275.93,276.92,5225694,,https://api.nasdaq.com/api/quote/BRK.B/historical?assetclass=stocks&fromdate=2016-07-26&todate=2026-07-26&limit=5000
BRK.B,2021-06-23,276.89,277,274.55,274.66,4539789,,https://api.nasdaq.com/api/quote/BRK.B/historical?assetclass=stocks&fromdate=2016-07-26&todate=2026-07-26&limit=5000
BRK.B,2021-06-24,275,276.5765,274.05,275.49,5458502,,https://api.nasdaq.com/api/quote/BRK.B/historical?assetclass=stocks&fromdate=2016-07-26&todate=2026-07-26&limit=5000
BRK.B,2021-06-25,276.37,279.31,275.35,278.38,5578532,,https://api.nasdaq.com/api/quote/BRK.B/historical?assetclass=stocks&fromdate=2016-07-26&todate=2026-07-26&limit=5000
BRK.B,2021-06-28,278.82,279.06,275.6,276.61,4026852,,https://api.nasdaq.com/api/quote/BRK.B/historical?assetclass=stocks&fromdate=2016-07-26&todate=2026-07-26&limit=5000
BRK.B,2021-06-29,276.69,277.975,275.245,276.21,4472125,,https://api.nasdaq.com/api/quote/BRK.B/historical?assetclass=stocks&fromdate=2016-07-26&todate=2026-07-26&limit=5000
BRK.B,2021-06-30,275.89,278.44,275.66,277.92,4477624,,https://api.nasdaq.com/api/quote/BRK.B/historical?assetclass=stocks&fromdate=2016-07-26&todate=2026-07-26&limit=5000
BRK.B,2021-07-01,278.2,280.3,277.55,280.17,3648864,,https://api.nasdaq.com/api/quote/BRK.B/historical?assetclass=stocks&fromdate=2016-07-26&todate=2026-07-26&limit=5000
BRK.B,2021-07-02,281.41,281.41,278.57,279.12,3683408,,https://api.nasdaq.com/api/quote/BRK.B/historical?assetclass=stocks&fromdate=2016-07-26&todate=2026-07-26&limit=5000
BRK.B,2021-07-06,278.28,278.28,275.095,277.32,4402866,,https://api.nasdaq.com/api/quote/BRK.B/historical?assetclass=stocks&fromdate=2016-07-26&todate=2026-07-26&limit=5000
BRK.B,2021-07-07,275.99,279.69,275.8,279.24,4413063,,https://api.nasdaq.com/api/quote/BRK.B/historical?assetclass=stocks&fromdate=2016-07-26&todate=2026-07-26&limit=5000
BRK.B,2021-07-08,276.99,277.74,273.16,274.1,5371245,,https://api.nasdaq.com/api/quote/BRK.B/historical?assetclass=stocks&fromdate=2016-07-26&todate=2026-07-26&limit=5000
BRK.B,2021-07-09,276.03,280.88,275.74,280.49,4897655,,https://api.nasdaq.com/api/quote/BRK.B/historical?assetclass=stocks&fromdate=2016-07-26&todate=2026-07-26&limit=5000
BRK.B,2021-07-12,279.05,282.2241,278.2735,280.11,4283827,,https://api.nasdaq.com/api/quote/BRK.B/historical?assetclass=stocks&fromdate=2016-07-26&todate=2026-07-26&limit=5000
BRK.B,2021-07-13,280.11,280.41,278.36,279.21,3140661,,https://api.nasdaq.com/api/quote/BRK.B/historical?assetclass=stocks&fromdate=2016-07-26&todate=2026-07-26&limit=5000
BRK.B,2021-07-14,279.07,280.7599,277.77,278.31,4108516,,https://api.nasdaq.com/api/quote/BRK.B/historical?assetclass=stocks&fromdate=2016-07-26&todate=2026-07-26&limit=5000
BRK.B,2021-07-15,277.13,280.64,277.09,279.72,3276235,,https://api.nasdaq.com/api/quote/BRK.B/historical?assetclass=stocks&fromdate=2016-07-26&todate=2026-07-26&limit=5000
BRK.B,2021-07-16,280.93,280.93,277.22,277.9,3437180,,https://api.nasdaq.com/api/quote/BRK.B/historical?assetclass=stocks&fromdate=2016-07-26&todate=2026-07-26&limit=5000
BRK.B,2021-07-19,274.21,275.5,270.73,272.66,5235001,,https://api.nasdaq.com/api/quote/BRK.B/historical?assetclass=stocks&fromdate=2016-07-26&todate=2026-07-26&limit=5000
BRK.B,2021-07-20,272.66,277.805,272,276.89,4738502,,https://api.nasdaq.com/api/quote/BRK.B/historical?assetclass=stocks&fromdate=2016-07-26&todate=2026-07-26&limit=5000
BRK.B,2021-07-21,277.64,280.9199,277.63,279.88,3437714,,https://api.nasdaq.com/api/quote/BRK.B/historical?assetclass=stocks&fromdate=2016-07-26&todate=2026-07-26&limit=5000
BRK.B,2021-07-22,278.59,279.27,277.42,277.7,2566626,,https://api.nasdaq.com/api/quote/BRK.B/historical?assetclass=stocks&fromdate=2016-07-26&todate=2026-07-26&limit=5000
BRK.B,2021-07-23,279.05,279.92,277.74,278.49,3218484,,https://api.nasdaq.com/api/quote/BRK.B/historical?assetclass=stocks&fromdate=2016-07-26&todate=2026-07-26&limit=5000
BRK.B,2021-07-26,277.78,280.25,277.78,278.8,2424999,,https://api.nasdaq.com/api/quote/BRK.B/historical?assetclass=stocks&fromdate=2016-07-26&todate=2026-07-26&limit=5000
BRK.B,2021-07-27,278.07,281.09,276.91,280.78,3390459,,https://api.nasdaq.com/api/quote/BRK.B/historical?assetclass=stocks&fromdate=2016-07-26&todate=2026-07-26&limit=5000
BRK.B,2021-07-28,280.8,280.98,277.6,278.1,3795143,,https://api.nasdaq.com/api/quote/BRK.B/historical?assetclass=stocks&fromdate=2016-07-26&todate=2026-07-26&limit=5000
BRK.B,2021-07-29,279.29,281.24,279.08,279.76,3545503,,https://api.nasdaq.com/api/quote/BRK.B/historical?assetclass=stocks&fromdate=2016-07-26&todate=2026-07-26&limit=5000
BRK.B,2021-07-30,280.01,281.08,277.6,278.29,3608251,,https://api.nasdaq.com/api/quote/BRK.B/historical?assetclass=stocks&fromdate=2016-07-26&todate=2026-07-26&limit=5000
BRK.B,2021-08-02,279.31,281.98,277.73,278.14,3098942,,https://api.nasdaq.com/api/quote/BRK.B/historical?assetclass=stocks&fromdate=2016-07-26&todate=2026-07-26&limit=5000
BRK.B,2021-08-03,279.05,282.51,276.77,281.8,3631865,,https://api.nasdaq.com/api/quote/BRK.B/historical?assetclass=stocks&fromdate=2016-07-26&todate=2026-07-26&limit=5000
BRK.B,2021-08-04,280.17,280.92,278.64,278.78,3026158,,https://api.nasdaq.com/api/quote/BRK.B/historical?assetclass=stocks&fromdate=2016-07-26&todate=2026-07-26&limit=5000
BRK.B,2021-08-05,280.16,282,278.33,280.21,3585736,,https://api.nasdaq.com/api/quote/BRK.B/historical?assetclass=stocks&fromdate=2016-07-26&todate=2026-07-26&limit=5000
BRK.B,2021-08-06,281.82,285.83,281.5,285.63,4838296,,https://api.nasdaq.com/api/quote/BRK.B/historical?assetclass=stocks&fromdate=2016-07-26&todate=2026-07-26&limit=5000
BRK.B,2021-08-09,287.86,288.73,286.061,287.23,3678930,,https://api.nasdaq.com/api/quote/BRK.B/historical?assetclass=stocks&fromdate=2016-07-26&todate=2026-07-26&limit=5000
BRK.B,2021-08-10,287.01,289.06,286,288.94,3134725,,https://api.nasdaq.com/api/quote/BRK.B/historical?assetclass=stocks&fromdate=2016-07-26&todate=2026-07-26&limit=5000
BRK.B,2021-08-11,289.45,291.82,288.83,291.28,3475795,,https://api.nasdaq.com/api/quote/BRK.B/historical?assetclass=stocks&fromdate=2016-07-26&todate=2026-07-26&limit=5000
BRK.B,2021-08-12,291.81,291.81,288.93,290.24,3171022,,https://api.nasdaq.com/api/quote/BRK.B/historical?assetclass=stocks&fromdate=2016-07-26&todate=2026-07-26&limit=5000
BRK.B,2021-08-13,290.61,291.05,287.12,287.89,3115822,,https://api.nasdaq.com/api/quote/BRK.B/historical?assetclass=stocks&fromdate=2016-07-26&todate=2026-07-26&limit=5000
BRK.B,2021-08-16,287,289.49,285.21,289.45,3564606,,https://api.nasdaq.com/api/quote/BRK.B/historical?assetclass=stocks&fromdate=2016-07-26&todate=2026-07-26&limit=5000
BRK.B,2021-08-17,288.53,290.77,287.6,289.1,3626986,,https://api.nasdaq.com/api/quote/BRK.B/historical?assetclass=stocks&fromdate=2016-07-26&todate=2026-07-26&limit=5000
BRK.B,2021-08-18,289,290.07,285.95,286.36,3882015,,https://api.nasdaq.com/api/quote/BRK.B/historical?assetclass=stocks&fromdate=2016-07-26&todate=2026-07-26&limit=5000
BRK.B,2021-08-19,284.96,287.155,283.98,285.13,3394084,,https://api.nasdaq.com/api/quote/BRK.B/historical?assetclass=stocks&fromdate=2016-07-26&todate=2026-07-26&limit=5000
BRK.B,2021-08-20,284.96,285.92,283.95,285.27,2846685,,https://api.nasdaq.com/api/quote/BRK.B/historical?assetclass=stocks&fromdate=2016-07-26&todate=2026-07-26&limit=5000
BRK.B,2021-08-23,287.38,287.38,285.39,285.62,2957033,,https://api.nasdaq.com/api/quote/BRK.B/historical?assetclass=stocks&fromdate=2016-07-26&todate=2026-07-26&limit=5000
BRK.B,2021-08-24,286.01,286.58,284.18,286.02,3187411,,https://api.nasdaq.com/api/quote/BRK.B/historical?assetclass=stocks&fromdate=2016-07-26&todate=2026-07-26&limit=5000
BRK.B,2021-08-25,286.2,288.56,285.22,287.3,2975425,,https://api.nasdaq.com/api/quote/BRK.B/historical?assetclass=stocks&fromdate=2016-07-26&todate=2026-07-26&limit=5000
BRK.B,2021-08-26,288.16,288.17,284.985,285.27,3342019,,https://api.nasdaq.com/api/quote/BRK.B/historical?assetclass=stocks&fromdate=2016-07-26&todate=2026-07-26&limit=5000
BRK.B,2021-08-27,285.62,286.71,285.121,286.6,3485834,,https://api.nasdaq.com/api/quote/BRK.B/historical?assetclass=stocks&fromdate=2016-07-26&todate=2026-07-26&limit=5000
BRK.B,2021-08-30,286.3,287.04,285.02,285.66,3505799,,https://api.nasdaq.com/api/quote/BRK.B/historical?assetclass=stocks&fromdate=2016-07-26&todate=2026-07-26&limit=5000
BRK.B,2021-08-31,285.28,286.33,284.76,285.77,6498911,,https://api.nasdaq.com/api/quote/BRK.B/historical?assetclass=stocks&fromdate=2016-07-26&todate=2026-07-26&limit=5000
BRK.B,2021-09-01,286.59,287.14,284.85,285.26,3326024,,https://api.nasdaq.com/api/quote/BRK.B/historical?assetclass=stocks&fromdate=2016-07-26&todate=2026-07-26&limit=5000
BRK.B,2021-09-02,285.35,286.44,284.21,285.05,3969981,,https://api.nasdaq.com/api/quote/BRK.B/historical?assetclass=stocks&fromdate=2016-07-26&todate=2026-07-26&limit=5000
BRK.B,2021-09-03,284.3,284.82,281.71,281.89,4497446,,https://api.nasdaq.com/api/quote/BRK.B/historical?assetclass=stocks&fromdate=2016-07-26&todate=2026-07-26&limit=5000
BRK.B,2021-09-07,281.91,281.91,278.73,278.9,4866579,,https://api.nasdaq.com/api/quote/BRK.B/historical?assetclass=stocks&fromdate=2016-07-26&todate=2026-07-26&limit=5000
BRK.B,2021-09-08,278.18,279.95,277.59,279.34,4647350,,https://api.nasdaq.com/api/quote/BRK.B/historical?assetclass=stocks&fromdate=2016-07-26&todate=2026-07-26&limit=5000
BRK.B,2021-09-09,278.91,280.11,278.37,278.61,3684442,,https://api.nasdaq.com/api/quote/BRK.B/historical?assetclass=stocks&fromdate=2016-07-26&todate=2026-07-26&limit=5000
BRK.B,2021-09-10,279.97,279.97,277.49,277.6,4554095,,https://api.nasdaq.com/api/quote/BRK.B/historical?assetclass=stocks&fromdate=2016-07-26&todate=2026-07-26&limit=5000
BRK.B,2021-09-13,278.36,280.84,277.82,279.92,4602220,,https://api.nasdaq.com/api/quote/BRK.B/historical?assetclass=stocks&fromdate=2016-07-26&todate=2026-07-26&limit=5000
BRK.B,2021-09-14,280.54,280.78,276.36,277.2,5283679,,https://api.nasdaq.com/api/quote/BRK.B/historical?assetclass=stocks&fromdate=2016-07-26&todate=2026-07-26&limit=5000
BRK.B,2021-09-15,277.6,279.06,276.67,278.18,3884425,,https://api.nasdaq.com/api/quote/BRK.B/historical?assetclass=stocks&fromdate=2016-07-26&todate=2026-07-26&limit=5000
BRK.B,2021-09-16,278.96,279.21,276.21,277.51,4211260,,https://api.nasdaq.com/api/quote/BRK.B/historical?assetclass=stocks&fromdate=2016-07-26&todate=2026-07-26&limit=5000
BRK.B,2021-09-17,277.64,281,275.42,276.76,15864330,,https://api.nasdaq.com/api/quote/BRK.B/historical?assetclass=stocks&fromdate=2016-07-26&todate=2026-07-26&limit=5000
BRK.B,2021-09-20,273.05,274.91,271.36,274.2,7645544,,https://api.nasdaq.com/api/quote/BRK.B/historical?assetclass=stocks&fromdate=2016-07-26&todate=2026-07-26&limit=5000
BRK.B,2021-09-21,276.03,276.22,272.59,273.18,4649584,,https://api.nasdaq.com/api/quote/BRK.B/historical?assetclass=stocks&fromdate=2016-07-26&todate=2026-07-26&limit=5000
BRK.B,2021-09-22,276.28,276.61,273.67,274.07,5019165,,https://api.nasdaq.com/api/quote/BRK.B/historical?assetclass=stocks&fromdate=2016-07-26&todate=2026-07-26&limit=5000
BRK.B,2021-09-23,275.15,279.7,275.01,278.12,4732436,,https://api.nasdaq.com/api/quote/BRK.B/historical?assetclass=stocks&fromdate=2016-07-26&todate=2026-07-26&limit=5000
BRK.B,2021-09-24,278.3,279.13,277.41,277.87,3109731,,https://api.nasdaq.com/api/quote/BRK.B/historical?assetclass=stocks&fromdate=2016-07-26&todate=2026-07-26&limit=5000
BRK.B,2021-09-27,279.77,280.625,278.12,279.72,3359132,,https://api.nasdaq.com/api/quote/BRK.B/historical?assetclass=stocks&fromdate=2016-07-26&todate=2026-07-26&limit=5000
BRK.B,2021-09-28,279.14,281.38,275.82,276.79,4959925,,https://api.nasdaq.com/api/quote/BRK.B/historical?assetclass=stocks&fromdate=2016-07-26&todate=2026-07-26&limit=5000
BRK.B,2021-09-29,277.03,278.78,275.95,277.29,2952031,,https://api.nasdaq.com/api/quote/BRK.B/historical?assetclass=stocks&fromdate=2016-07-26&todate=2026-07-26&limit=5000
BRK.B,2021-09-30,278.37,278.37,272.84,272.94,5189361,,https://api.nasdaq.com/api/quote/BRK.B/historical?assetclass=stocks&fromdate=2016-07-26&todate=2026-07-26&limit=5000
BRK.B,2021-10-01,273.02,277.51,272.22,275.71,3951758,,https://api.nasdaq.com/api/quote/BRK.B/historical?assetclass=stocks&fromdate=2016-07-26&todate=2026-07-26&limit=5000
BRK.B,2021-10-04,274.68,276.96,273.05,273.64,4308740,,https://api.nasdaq.com/api/quote/BRK.B/historical?assetclass=stocks&fromdate=2016-07-26&todate=2026-07-26&limit=5000
BRK.B,2021-10-05,273.86,279.67,273.2,278.05,5070203,,https://api.nasdaq.com/api/quote/BRK.B/historical?assetclass=stocks&fromdate=2016-07-26&todate=2026-07-26&limit=5000
BRK.B,2021-10-06,276.28,280.3931,274.6101,280.22,3867578,,https://api.nasdaq.com/api/quote/BRK.B/historical?assetclass=stocks&fromdate=2016-07-26&todate=2026-07-26&limit=5000
BRK.B,2021-10-07,282.14,284.99,282.14,282.95,3795242,,https://api.nasdaq.com/api/quote/BRK.B/historical?assetclass=stocks&fromdate=2016-07-26&todate=2026-07-26&limit=5000
BRK.B,2021-10-08,282.59,284.72,281.71,284.14,2300367,,https://api.nasdaq.com/api/quote/BRK.B/historical?assetclass=stocks&fromdate=2016-07-26&todate=2026-07-26&limit=5000
BRK.B,2021-10-11,284.43,285.61,280.8,280.93,2908483,,https://api.nasdaq.com/api/quote/BRK.B/historical?assetclass=stocks&fromdate=2016-07-26&todate=2026-07-26&limit=5000
BRK.B,2021-10-12,281.46,281.52,278.215,278.62,3771281,,https://api.nasdaq.com/api/quote/BRK.B/historical?assetclass=stocks&fromdate=2016-07-26&todate=2026-07-26&limit=5000
BRK.B,2021-10-13,278.47,279.41,275.55,277.9,3312002,,https://api.nasdaq.com/api/quote/BRK.B/historical?assetclass=stocks&fromdate=2016-07-26&todate=2026-07-26&limit=5000
BRK.B,2021-10-14,280.81,282.38,279.3,281.64,3647106,,https://api.nasdaq.com/api/quote/BRK.B/historical?assetclass=stocks&fromdate=2016-07-26&todate=2026-07-26&limit=5000
BRK.B,2021-10-15,283.94,284.97,282.27,284.21,4315875,,https://api.nasdaq.com/api/quote/BRK.B/historical?assetclass=stocks&fromdate=2016-07-26&todate=2026-07-26&limit=5000
BRK.B,2021-10-18,282.83,283.51,281.57,282.59,3552083,,https://api.nasdaq.com/api/quote/BRK.B/historical?assetclass=stocks&fromdate=2016-07-26&todate=2026-07-26&limit=5000
BRK.B,2021-10-19,283.6,285.15,283.0501,284.83,2685424,,https://api.nasdaq.com/api/quote/BRK.B/historical?assetclass=stocks&fromdate=2016-07-26&todate=2026-07-26&limit=5000
BRK.B,2021-10-20,284.34,287.7,284.32,287.49,3148731,,https://api.nasdaq.com/api/quote/BRK.B/historical?assetclass=stocks&fromdate=2016-07-26&todate=2026-07-26&limit=5000
BRK.B,2021-10-21,286.99,287.28,285.25,286.82,2488982,,https://api.nasdaq.com/api/quote/BRK.B/historical?assetclass=stocks&fromdate=2016-07-26&todate=2026-07-26&limit=5000
BRK.B,2021-10-22,287.66,289.8,286.24,289.24,3407466,,https://api.nasdaq.com/api/quote/BRK.B/historical?assetclass=stocks&fromdate=2016-07-26&todate=2026-07-26&limit=5000
BRK.B,2021-10-25,289.7,290.47,287.6,290.26,3143636,,https://api.nasdaq.com/api/quote/BRK.B/historical?assetclass=stocks&fromdate=2016-07-26&todate=2026-07-26&limit=5000
BRK.B,2021-10-26,290.65,292.22,290.3,290.85,3884790,,https://api.nasdaq.com/api/quote/BRK.B/historical?assetclass=stocks&fromdate=2016-07-26&todate=2026-07-26&limit=5000
BRK.B,2021-10-27,290.85,290.945,287.64,287.78,3692629,,https://api.nasdaq.com/api/quote/BRK.B/historical?assetclass=stocks&fromdate=2016-07-26&todate=2026-07-26&limit=5000
BRK.B,2021-10-28,288.21,289.86,287.2,289.72,3308755,,https://api.nasdaq.com/api/quote/BRK.B/historical?assetclass=stocks&fromdate=2016-07-26&todate=2026-07-26&limit=5000
BRK.B,2021-10-29,288.81,290,286.74,287.01,4421265,,https://api.nasdaq.com/api/quote/BRK.B/historical?assetclass=stocks&fromdate=2016-07-26&todate=2026-07-26&limit=5000
BRK.B,2021-11-01,288.05,288.42,285.62,286.24,2889973,,https://api.nasdaq.com/api/quote/BRK.B/historical?assetclass=stocks&fromdate=2016-07-26&todate=2026-07-26&limit=5000
BRK.B,2021-11-02,286.61,288.5,285.22,287.93,3838375,,https://api.nasdaq.com/api/quote/BRK.B/historical?assetclass=stocks&fromdate=2016-07-26&todate=2026-07-26&limit=5000
BRK.B,2021-11-03,287.21,288.88,286.13,288.72,2775591,,https://api.nasdaq.com/api/quote/BRK.B/historical?assetclass=stocks&fromdate=2016-07-26&todate=2026-07-26&limit=5000
BRK.B,2021-11-04,289.13,289.13,285.25,287.69,3427470,,https://api.nasdaq.com/api/quote/BRK.B/historical?assetclass=stocks&fromdate=2016-07-26&todate=2026-07-26&limit=5000
BRK.B,2021-11-05,288.83,290.7,286.82,287.88,3584224,,https://api.nasdaq.com/api/quote/BRK.B/historical?assetclass=stocks&fromdate=2016-07-26&todate=2026-07-26&limit=5000
BRK.B,2021-11-08,290,295.65,288.61,288.8,4723236,,https://api.nasdaq.com/api/quote/BRK.B/historical?assetclass=stocks&fromdate=2016-07-26&todate=2026-07-26&limit=5000
BRK.B,2021-11-09,288.79,288.99,285.3,286.35,3588005,,https://api.nasdaq.com/api/quote/BRK.B/historical?assetclass=stocks&fromdate=2016-07-26&todate=2026-07-26&limit=5000
BRK.B,2021-11-10,286.49,287.24,284.52,285.32,3422235,,https://api.nasdaq.com/api/quote/BRK.B/historical?assetclass=stocks&fromdate=2016-07-26&todate=2026-07-26&limit=5000
BRK.B,2021-11-11,286.5,287.07,284.245,284.65,2861553,,https://api.nasdaq.com/api/quote/BRK.B/historical?assetclass=stocks&fromdate=2016-07-26&todate=2026-07-26&limit=5000
BRK.B,2021-11-12,284.88,286.1,283.8,285.99,2918259,,https://api.nasdaq.com/api/quote/BRK.B/historical?assetclass=stocks&fromdate=2016-07-26&todate=2026-07-26&limit=5000
BRK.B,2021-11-15,286.6,286.99,284.24,284.67,3219074,,https://api.nasdaq.com/api/quote/BRK.B/historical?assetclass=stocks&fromdate=2016-07-26&todate=2026-07-26&limit=5000
BRK.B,2021-11-16,284.47,285.16,283.12,283.36,4260345,,https://api.nasdaq.com/api/quote/BRK.B/historical?assetclass=stocks&fromdate=2016-07-26&todate=2026-07-26&limit=5000
BRK.B,2021-11-17,283.12,283.12,280.9,281.59,3741007,,https://api.nasdaq.com/api/quote/BRK.B/historical?assetclass=stocks&fromdate=2016-07-26&todate=2026-07-26&limit=5000
BRK.B,2021-11-18,281.1,281.75,279.25,280.63,3338256,,https://api.nasdaq.com/api/quote/BRK.B/historical?assetclass=stocks&fromdate=2016-07-26&todate=2026-07-26&limit=5000
BRK.B,2021-11-19,280.96,280.97,278.01,279.99,4542009,,https://api.nasdaq.com/api/quote/BRK.B/historical?assetclass=stocks&fromdate=2016-07-26&todate=2026-07-26&limit=5000
BRK.B,2021-11-22,280.73,286.44,280.01,284.97,5036934,,https://api.nasdaq.com/api/quote/BRK.B/historical?assetclass=stocks&fromdate=2016-07-26&todate=2026-07-26&limit=5000
BRK.B,2021-11-23,285.15,288.73,285.05,288.56,4490739,,https://api.nasdaq.com/api/quote/BRK.B/historical?assetclass=stocks&fromdate=2016-07-26&todate=2026-07-26&limit=5000
BRK.B,2021-11-24,287.44,288.315,286.09,287.28,4924413,,https://api.nasdaq.com/api/quote/BRK.B/historical?assetclass=stocks&fromdate=2016-07-26&todate=2026-07-26&limit=5000
BRK.B,2021-11-26,280.28,284.71,279.76,283.09,4440721,,https://api.nasdaq.com/api/quote/BRK.B/historical?assetclass=stocks&fromdate=2016-07-26&todate=2026-07-26&limit=5000
BRK.B,2021-11-29,284,284.98,281.42,282.12,5392385,,https://api.nasdaq.com/api/quote/BRK.B/historical?assetclass=stocks&fromdate=2016-07-26&todate=2026-07-26&limit=5000
BRK.B,2021-11-30,279.94,280.2,275.89,276.69,9928918,,https://api.nasdaq.com/api/quote/BRK.B/historical?assetclass=stocks&fromdate=2016-07-26&todate=2026-07-26&limit=5000
BRK.B,2021-12-01,279.54,281.72,274.79,275,5171164,,https://api.nasdaq.com/api/quote/BRK.B/historical?assetclass=stocks&fromdate=2016-07-26&todate=2026-07-26&limit=5000
BRK.B,2021-12-02,276.68,280.37,275.29,279.09,4925721,,https://api.nasdaq.com/api/quote/BRK.B/historical?assetclass=stocks&fromdate=2016-07-26&todate=2026-07-26&limit=5000
BRK.B,2021-12-03,278.71,279.97,275.27,277.43,5925715,,https://api.nasdaq.com/api/quote/BRK.B/historical?assetclass=stocks&fromdate=2016-07-26&todate=2026-07-26&limit=5000
BRK.B,2021-12-06,278.73,283.1678,278.73,281.38,5526940,,https://api.nasdaq.com/api/quote/BRK.B/historical?assetclass=stocks&fromdate=2016-07-26&todate=2026-07-26&limit=5000
BRK.B,2021-12-07,282.42,285.41,282.12,284.97,5767826,,https://api.nasdaq.com/api/quote/BRK.B/historical?assetclass=stocks&fromdate=2016-07-26&todate=2026-07-26&limit=5000
BRK.B,2021-12-08,284.97,285.97,282.28,283.72,3257877,,https://api.nasdaq.com/api/quote/BRK.B/historical?assetclass=stocks&fromdate=2016-07-26&todate=2026-07-26&limit=5000
BRK.B,2021-12-09,283.77,284.95,281.78,284.52,3446249,,https://api.nasdaq.com/api/quote/BRK.B/historical?assetclass=stocks&fromdate=2016-07-26&todate=2026-07-26&limit=5000
BRK.B,2021-12-10,285.49,288.5,284.23,288.23,4110315,,https://api.nasdaq.com/api/quote/BRK.B/historical?assetclass=stocks&fromdate=2016-07-26&todate=2026-07-26&limit=5000
BRK.B,2021-12-13,288.5,291.58,285.84,290.01,4888424,,https://api.nasdaq.com/api/quote/BRK.B/historical?assetclass=stocks&fromdate=2016-07-26&todate=2026-07-26&limit=5000
BRK.B,2021-12-14,289.67,296.41,289.67,295.03,5994765,,https://api.nasdaq.com/api/quote/BRK.B/historical?assetclass=stocks&fromdate=2016-07-26&todate=2026-07-26&limit=5000
BRK.B,2021-12-15,295.8199,296.5,292.8133,294.58,5603061,,https://api.nasdaq.com/api/quote/BRK.B/historical?assetclass=stocks&fromdate=2016-07-26&todate=2026-07-26&limit=5000
BRK.B,2021-12-16,296.88,301.58,295.1,300.17,6542554,,https://api.nasdaq.com/api/quote/BRK.B/historical?assetclass=stocks&fromdate=2016-07-26&todate=2026-07-26&limit=5000
BRK.B,2021-12-17,297.85,298,292.3501,293.66,12772060,,https://api.nasdaq.com/api/quote/BRK.B/historical?assetclass=stocks&fromdate=2016-07-26&todate=2026-07-26&limit=5000
BRK.B,2021-12-20,290.775,291.58,287.59,289.61,5458419,,https://api.nasdaq.com/api/quote/BRK.B/historical?assetclass=stocks&fromdate=2016-07-26&todate=2026-07-26&limit=5000
BRK.B,2021-12-21,292.14,295.41,291.5,293.24,3931134,,https://api.nasdaq.com/api/quote/BRK.B/historical?assetclass=stocks&fromdate=2016-07-26&todate=2026-07-26&limit=5000
BRK.B,2021-12-22,292.86,294.57,291.74,294.41,2446396,,https://api.nasdaq.com/api/quote/BRK.B/historical?assetclass=stocks&fromdate=2016-07-26&todate=2026-07-26&limit=5000
BRK.B,2021-12-23,295.22,296.78,294.21,294.49,2899917,,https://api.nasdaq.com/api/quote/BRK.B/historical?assetclass=stocks&fromdate=2016-07-26&todate=2026-07-26&limit=5000
BRK.B,2021-12-27,295.25,296.69,294.46,296.67,2807616,,https://api.nasdaq.com/api/quote/BRK.B/historical?assetclass=stocks&fromdate=2016-07-26&todate=2026-07-26&limit=5000
BRK.B,2021-12-28,296.96,299.79,296.8,298.29,2575075,,https://api.nasdaq.com/api/quote/BRK.B/historical?assetclass=stocks&fromdate=2016-07-26&todate=2026-07-26&limit=5000
BRK.B,2021-12-29,299.23,300.65,298.86,299.46,2688431,,https://api.nasdaq.com/api/quote/BRK.B/historical?assetclass=stocks&fromdate=2016-07-26&todate=2026-07-26&limit=5000
BRK.B,2021-12-30,300.88,301.6463,299.74,299.98,2301253,,https://api.nasdaq.com/api/quote/BRK.B/historical?assetclass=stocks&fromdate=2016-07-26&todate=2026-07-26&limit=5000
BRK.B,2021-12-31,299.94,300.69,298.84,299,2932996,,https://api.nasdaq.com/api/quote/BRK.B/historical?assetclass=stocks&fromdate=2016-07-26&todate=2026-07-26&limit=5000
BRK.B,2022-01-03,300.1,301.3,299.2,300.79,3571121,,https://api.nasdaq.com/api/quote/BRK.B/historical?assetclass=stocks&fromdate=2016-07-26&todate=2026-07-26&limit=5000
BRK.B,2022-01-04,301.65,309.21,301.65,308.53,6006382,,https://api.nasdaq.com/api/quote/BRK.B/historical?assetclass=stocks&fromdate=2016-07-26&todate=2026-07-26&limit=5000
BRK.B,2022-01-05,309.87,314.48,309.5,309.92,6892257,,https://api.nasdaq.com/api/quote/BRK.B/historical?assetclass=stocks&fromdate=2016-07-26&todate=2026-07-26&limit=5000
BRK.B,2022-01-06,312.98,314.11,310.22,313.22,5140613,,https://api.nasdaq.com/api/quote/BRK.B/historical?assetclass=stocks&fromdate=2016-07-26&todate=2026-07-26&limit=5000
BRK.B,2022-01-07,315.56,320.2,314.14,319.78,5622909,,https://api.nasdaq.com/api/quote/BRK.B/historical?assetclass=stocks&fromdate=2016-07-26&todate=2026-07-26&limit=5000
BRK.B,2022-01-10,321.4,322.1,315.12,318.93,5814171,,https://api.nasdaq.com/api/quote/BRK.B/historical?assetclass=stocks&fromdate=2016-07-26&todate=2026-07-26&limit=5000
BRK.B,2022-01-11,318.61,320,315.04,319.8,4249181,,https://api.nasdaq.com/api/quote/BRK.B/historical?assetclass=stocks&fromdate=2016-07-26&todate=2026-07-26&limit=5000
BRK.B,2022-01-12,320.62,321.05,317.26,320.39,3583291,,https://api.nasdaq.com/api/quote/BRK.B/historical?assetclass=stocks&fromdate=2016-07-26&todate=2026-07-26&limit=5000
BRK.B,2022-01-13,321,323.47,320.1,321.26,4279387,,https://api.nasdaq.com/api/quote/BRK.B/historical?assetclass=stocks&fromdate=2016-07-26&todate=2026-07-26&limit=5000
BRK.B,2022-01-14,318.87,324.405,316.5,324.13,4915639,,https://api.nasdaq.com/api/quote/BRK.B/historical?assetclass=stocks&fromdate=2016-07-26&todate=2026-07-26&limit=5000
BRK.B,2022-01-18,322.22,323.29,318.07,320.29,5769286,,https://api.nasdaq.com/api/quote/BRK.B/historical?assetclass=stocks&fromdate=2016-07-26&todate=2026-07-26&limit=5000
BRK.B,2022-01-19,321.35,321.35,314.58,314.75,6091800,,https://api.nasdaq.com/api/quote/BRK.B/historical?assetclass=stocks&fromdate=2016-07-26&todate=2026-07-26&limit=5000
BRK.B,2022-01-20,315.58,317.18,310.68,311.01,4409303,,https://api.nasdaq.com/api/quote/BRK.B/historical?assetclass=stocks&fromdate=2016-07-26&todate=2026-07-26&limit=5000
BRK.B,2022-01-21,309.99,311.02,304.14,305.22,6541385,,https://api.nasdaq.com/api/quote/BRK.B/historical?assetclass=stocks&fromdate=2016-07-26&todate=2026-07-26&limit=5000
BRK.B,2022-01-24,299.7,304.73,296.085,303.73,8529685,,https://api.nasdaq.com/api/quote/BRK.B/historical?assetclass=stocks&fromdate=2016-07-26&todate=2026-07-26&limit=5000
BRK.B,2022-01-25,301.87,309.13,294.81,307.19,6438259,,https://api.nasdaq.com/api/quote/BRK.B/historical?assetclass=stocks&fromdate=2016-07-26&todate=2026-07-26&limit=5000
BRK.B,2022-01-26,310.4,313.33,306.57,309.26,6127231,,https://api.nasdaq.com/api/quote/BRK.B/historical?assetclass=stocks&fromdate=2016-07-26&todate=2026-07-26&limit=5000
BRK.B,2022-01-27,311.7,315.92,305.3111,307.67,5055361,,https://api.nasdaq.com/api/quote/BRK.B/historical?assetclass=stocks&fromdate=2016-07-26&todate=2026-07-26&limit=5000
BRK.B,2022-01-28,307.68,313.29,304.0681,312.9,5241647,,https://api.nasdaq.com/api/quote/BRK.B/historical?assetclass=stocks&fromdate=2016-07-26&todate=2026-07-26&limit=5000
BRK.B,2022-01-31,312,313.3,307.84,313.02,5238867,,https://api.nasdaq.com/api/quote/BRK.B/historical?assetclass=stocks&fromdate=2016-07-26&todate=2026-07-26&limit=5000
BRK.B,2022-02-01,312.64,314.6,310.31,313.96,4348803,,https://api.nasdaq.com/api/quote/BRK.B/historical?assetclass=stocks&fromdate=2016-07-26&todate=2026-07-26&limit=5000
BRK.B,2022-02-02,313.57,320.1604,313,319.6,4634781,,https://api.nasdaq.com/api/quote/BRK.B/historical?assetclass=stocks&fromdate=2016-07-26&todate=2026-07-26&limit=5000
BRK.B,2022-02-03,319.33,319.65,314.61,315.23,4152449,,https://api.nasdaq.com/api/quote/BRK.B/historical?assetclass=stocks&fromdate=2016-07-26&todate=2026-07-26&limit=5000
BRK.B,2022-02-04,315.87,317.8387,312.7,314.99,3656465,,https://api.nasdaq.com/api/quote/BRK.B/historical?assetclass=stocks&fromdate=2016-07-26&todate=2026-07-26&limit=5000
BRK.B,2022-02-07,314.91,318.22,312.06,316.51,3129336,,https://api.nasdaq.com/api/quote/BRK.B/historical?assetclass=stocks&fromdate=2016-07-26&todate=2026-07-26&limit=5000
BRK.B,2022-02-08,318.27,322.65,316,321.44,6238744,,https://api.nasdaq.com/api/quote/BRK.B/historical?assetclass=stocks&fromdate=2016-07-26&todate=2026-07-26&limit=5000
BRK.B,2022-02-09,323.8,325.63,321.54,322.38,3997452,,https://api.nasdaq.com/api/quote/BRK.B/historical?assetclass=stocks&fromdate=2016-07-26&todate=2026-07-26&limit=5000
BRK.B,2022-02-10,320.99,322.46,318.485,319.85,7081291,,https://api.nasdaq.com/api/quote/BRK.B/historical?assetclass=stocks&fromdate=2016-07-26&todate=2026-07-26&limit=5000
BRK.B,2022-02-11,320.01,323.12,317.74,319.14,7497359,,https://api.nasdaq.com/api/quote/BRK.B/historical?assetclass=stocks&fromdate=2016-07-26&todate=2026-07-26&limit=5000
BRK.B,2022-02-14,319.61,320.43,312.17,314.28,8131182,,https://api.nasdaq.com/api/quote/BRK.B/historical?assetclass=stocks&fromdate=2016-07-26&todate=2026-07-26&limit=5000
BRK.B,2022-02-15,316.64,317.9399,314.6901,316.2,3682373,,https://api.nasdaq.com/api/quote/BRK.B/historical?assetclass=stocks&fromdate=2016-07-26&todate=2026-07-26&limit=5000
BRK.B,2022-02-16,315,316.9,314.28,315.65,3975085,,https://api.nasdaq.com/api/quote/BRK.B/historical?assetclass=stocks&fromdate=2016-07-26&todate=2026-07-26&limit=5000
BRK.B,2022-02-17,314.98,315.44,312.3,313.55,3633337,,https://api.nasdaq.com/api/quote/BRK.B/historical?assetclass=stocks&fromdate=2016-07-26&todate=2026-07-26&limit=5000
BRK.B,2022-02-18,313.83,315.6767,313.08,314.8,4225597,,https://api.nasdaq.com/api/quote/BRK.B/historical?assetclass=stocks&fromdate=2016-07-26&todate=2026-07-26&limit=5000
BRK.B,2022-02-22,313.44,315.43,310.55,314.16,5105545,,https://api.nasdaq.com/api/quote/BRK.B/historical?assetclass=stocks&fromdate=2016-07-26&todate=2026-07-26&limit=5000
BRK.B,2022-02-23,316.081,316.8,309.38,309.99,5033311,,https://api.nasdaq.com/api/quote/BRK.B/historical?assetclass=stocks&fromdate=2016-07-26&todate=2026-07-26&limit=5000
BRK.B,2022-02-24,301.78,308.81,299.51,308.28,8836304,,https://api.nasdaq.com/api/quote/BRK.B/historical?assetclass=stocks&fromdate=2016-07-26&todate=2026-07-26&limit=5000
BRK.B,2022-02-25,311.16,321.43,310.78,319.24,7488725,,https://api.nasdaq.com/api/quote/BRK.B/historical?assetclass=stocks&fromdate=2016-07-26&todate=2026-07-26&limit=5000
BRK.B,2022-02-28,317.35,322,315.19,321.45,7988324,,https://api.nasdaq.com/api/quote/BRK.B/historical?assetclass=stocks&fromdate=2016-07-26&todate=2026-07-26&limit=5000
BRK.B,2022-03-01,320.26,321.2,313.59,316.84,6444105,,https://api.nasdaq.com/api/quote/BRK.B/historical?assetclass=stocks&fromdate=2016-07-26&todate=2026-07-26&limit=5000
BRK.B,2022-03-02,319.48,325.75,318.12,323.64,4507185,,https://api.nasdaq.com/api/quote/BRK.B/historical?assetclass=stocks&fromdate=2016-07-26&todate=2026-07-26&limit=5000
BRK.B,2022-03-03,326.63,329.47,323.8852,327.74,4602678,,https://api.nasdaq.com/api/quote/BRK.B/historical?assetclass=stocks&fromdate=2016-07-26&todate=2026-07-26&limit=5000
BRK.B,2022-03-04,322.66,325.61,320.12,325.34,4906040,,https://api.nasdaq.com/api/quote/BRK.B/historical?assetclass=stocks&fromdate=2016-07-26&todate=2026-07-26&limit=5000
BRK.B,2022-03-07,325.68,326.44,320.35,322.72,5879300,,https://api.nasdaq.com/api/quote/BRK.B/historical?assetclass=stocks&fromdate=2016-07-26&todate=2026-07-26&limit=5000
BRK.B,2022-03-08,325.3,327.29,318.03,318.52,7911576,,https://api.nasdaq.com/api/quote/BRK.B/historical?assetclass=stocks&fromdate=2016-07-26&todate=2026-07-26&limit=5000
BRK.B,2022-03-09,326.59,327.47,322.575,325.4,5879917,,https://api.nasdaq.com/api/quote/BRK.B/historical?assetclass=stocks&fromdate=2016-07-26&todate=2026-07-26&limit=5000
BRK.B,2022-03-10,322.49,325.7,321.58,325.3,3845454,,https://api.nasdaq.com/api/quote/BRK.B/historical?assetclass=stocks&fromdate=2016-07-26&todate=2026-07-26&limit=5000
BRK.B,2022-03-11,326.53,331.4899,326.23,326.6,5137990,,https://api.nasdaq.com/api/quote/BRK.B/historical?assetclass=stocks&fromdate=2016-07-26&todate=2026-07-26&limit=5000
BRK.B,2022-03-14,328.65,333.48,327.6498,329.98,5968947,,https://api.nasdaq.com/api/quote/BRK.B/historical?assetclass=stocks&fromdate=2016-07-26&todate=2026-07-26&limit=5000
BRK.B,2022-03-15,332.7,334.58,329.38,332.55,6931564,,https://api.nasdaq.com/api/quote/BRK.B/historical?assetclass=stocks&fromdate=2016-07-26&todate=2026-07-26&limit=5000
BRK.B,2022-03-16,335.11,337.34,331.7117,336.11,5929896,,https://api.nasdaq.com/api/quote/BRK.B/historical?assetclass=stocks&fromdate=2016-07-26&todate=2026-07-26&limit=5000
BRK.B,2022-03-17,337,345.13,336.2,344.97,7226002,,https://api.nasdaq.com/api/quote/BRK.B/historical?assetclass=stocks&fromdate=2016-07-26&todate=2026-07-26&limit=5000
BRK.B,2022-03-18,344.12,346.87,339.27,342.41,8898508,,https://api.nasdaq.com/api/quote/BRK.B/historical?assetclass=stocks&fromdate=2016-07-26&todate=2026-07-26&limit=5000
BRK.B,2022-03-21,344.99,351.21,344.3,349.66,6309619,,https://api.nasdaq.com/api/quote/BRK.B/historical?assetclass=stocks&fromdate=2016-07-26&todate=2026-07-26&limit=5000
BRK.B,2022-03-22,351.01,354.95,348.9,349.93,5774373,,https://api.nasdaq.com/api/quote/BRK.B/historical?assetclass=stocks&fromdate=2016-07-26&todate=2026-07-26&limit=5000
BRK.B,2022-03-23,349.13,350.79,346.2473,348.16,5644792,,https://api.nasdaq.com/api/quote/BRK.B/historical?assetclass=stocks&fromdate=2016-07-26&todate=2026-07-26&limit=5000
BRK.B,2022-03-24,351.5,352.5694,349.13,352.37,3947297,,https://api.nasdaq.com/api/quote/BRK.B/historical?assetclass=stocks&fromdate=2016-07-26&todate=2026-07-26&limit=5000
BRK.B,2022-03-25,353.9,359.01,353.6,358.76,4586000,,https://api.nasdaq.com/api/quote/BRK.B/historical?assetclass=stocks&fromdate=2016-07-26&todate=2026-07-26&limit=5000
BRK.B,2022-03-28,360.59,361.38,355.53,359.57,4175531,,https://api.nasdaq.com/api/quote/BRK.B/historical?assetclass=stocks&fromdate=2016-07-26&todate=2026-07-26&limit=5000
BRK.B,2022-03-29,361.39,362.1,352.55,355.12,5006916,,https://api.nasdaq.com/api/quote/BRK.B/historical?assetclass=stocks&fromdate=2016-07-26&todate=2026-07-26&limit=5000
BRK.B,2022-03-30,354.66,357.85,351.84,357.61,3913799,,https://api.nasdaq.com/api/quote/BRK.B/historical?assetclass=stocks&fromdate=2016-07-26&todate=2026-07-26&limit=5000
BRK.B,2022-03-31,359,360,352.32,352.91,6069877,,https://api.nasdaq.com/api/quote/BRK.B/historical?assetclass=stocks&fromdate=2016-07-26&todate=2026-07-26&limit=5000
BRK.B,2022-04-01,353.65,354.5824,349.02,351.88,4126275,,https://api.nasdaq.com/api/quote/BRK.B/historical?assetclass=stocks&fromdate=2016-07-26&todate=2026-07-26&limit=5000
BRK.B,2022-04-04,352,352.235,344.31,345.43,5105149,,https://api.nasdaq.com/api/quote/BRK.B/historical?assetclass=stocks&fromdate=2016-07-26&todate=2026-07-26&limit=5000
BRK.B,2022-04-05,345.77,349.44,344.28,344.8,4254963,,https://api.nasdaq.com/api/quote/BRK.B/historical?assetclass=stocks&fromdate=2016-07-26&todate=2026-07-26&limit=5000
BRK.B,2022-04-06,341.17,346.97,340.55,344.71,4548141,,https://api.nasdaq.com/api/quote/BRK.B/historical?assetclass=stocks&fromdate=2016-07-26&todate=2026-07-26&limit=5000
BRK.B,2022-04-07,346.22,347.67,342.4,346.51,3817645,,https://api.nasdaq.com/api/quote/BRK.B/historical?assetclass=stocks&fromdate=2016-07-26&todate=2026-07-26&limit=5000
BRK.B,2022-04-08,348.93,353.85,347.73,353.1,4495358,,https://api.nasdaq.com/api/quote/BRK.B/historical?assetclass=stocks&fromdate=2016-07-26&todate=2026-07-26&limit=5000
BRK.B,2022-04-11,352.98,354.33,349.34,352.02,3129900,,https://api.nasdaq.com/api/quote/BRK.B/historical?assetclass=stocks&fromdate=2016-07-26&todate=2026-07-26&limit=5000
BRK.B,2022-04-12,352.26,354,348.39,349.74,3550367,,https://api.nasdaq.com/api/quote/BRK.B/historical?assetclass=stocks&fromdate=2016-07-26&todate=2026-07-26&limit=5000
BRK.B,2022-04-13,349.46,350.72,345.245,346.22,3436791,,https://api.nasdaq.com/api/quote/BRK.B/historical?assetclass=stocks&fromdate=2016-07-26&todate=2026-07-26&limit=5000
BRK.B,2022-04-14,346.16,347.56,344.14,344.33,3285526,,https://api.nasdaq.com/api/quote/BRK.B/historical?assetclass=stocks&fromdate=2016-07-26&todate=2026-07-26&limit=5000
BRK.B,2022-04-18,344.45,347.1899,343.585,346.65,2518356,,https://api.nasdaq.com/api/quote/BRK.B/historical?assetclass=stocks&fromdate=2016-07-26&todate=2026-07-26&limit=5000
BRK.B,2022-04-19,347,349.13,345.85,348.5,3393483,,https://api.nasdaq.com/api/quote/BRK.B/historical?assetclass=stocks&fromdate=2016-07-26&todate=2026-07-26&limit=5000
BRK.B,2022-04-20,350,350.59,347.7,348.82,3711620,,https://api.nasdaq.com/api/quote/BRK.B/historical?assetclass=stocks&fromdate=2016-07-26&todate=2026-07-26&limit=5000
BRK.B,2022-04-21,350.86,350.86,342.96,343.6,4034682,,https://api.nasdaq.com/api/quote/BRK.B/historical?assetclass=stocks&fromdate=2016-07-26&todate=2026-07-26&limit=5000
BRK.B,2022-04-22,342.94,343.21,335.11,335.56,4971203,,https://api.nasdaq.com/api/quote/BRK.B/historical?assetclass=stocks&fromdate=2016-07-26&todate=2026-07-26&limit=5000
BRK.B,2022-04-25,332.3,337.85,328.53,336.95,5981550,,https://api.nasdaq.com/api/quote/BRK.B/historical?assetclass=stocks&fromdate=2016-07-26&todate=2026-07-26&limit=5000
BRK.B,2022-04-26,333.53,337.39,330.36,330.65,4595483,,https://api.nasdaq.com/api/quote/BRK.B/historical?assetclass=stocks&fromdate=2016-07-26&todate=2026-07-26&limit=5000
BRK.B,2022-04-27,330.6,333.135,328.43,329.58,3727514,,https://api.nasdaq.com/api/quote/BRK.B/historical?assetclass=stocks&fromdate=2016-07-26&todate=2026-07-26&limit=5000
BRK.B,2022-04-28,331.53,332.06,327.83,331.27,3847727,,https://api.nasdaq.com/api/quote/BRK.B/historical?assetclass=stocks&fromdate=2016-07-26&todate=2026-07-26&limit=5000
BRK.B,2022-04-29,330.19,330.64,320.5,322.83,5688391,,https://api.nasdaq.com/api/quote/BRK.B/historical?assetclass=stocks&fromdate=2016-07-26&todate=2026-07-26&limit=5000
BRK.B,2022-05-02,324.11,324.37,311.74,318.19,6799512,,https://api.nasdaq.com/api/quote/BRK.B/historical?assetclass=stocks&fromdate=2016-07-26&todate=2026-07-26&limit=5000
BRK.B,2022-05-03,319.42,323.58,317.67,318.99,3875789,,https://api.nasdaq.com/api/quote/BRK.B/historical?assetclass=stocks&fromdate=2016-07-26&todate=2026-07-26&limit=5000
BRK.B,2022-05-04,319.1,327.28,318,326.8,4272974,,https://api.nasdaq.com/api/quote/BRK.B/historical?assetclass=stocks&fromdate=2016-07-26&todate=2026-07-26&limit=5000
BRK.B,2022-05-05,325.85,325.85,315.16,318.68,5265994,,https://api.nasdaq.com/api/quote/BRK.B/historical?assetclass=stocks&fromdate=2016-07-26&todate=2026-07-26&limit=5000
BRK.B,2022-05-06,317.99,320.372,314.19,318.88,4200043,,https://api.nasdaq.com/api/quote/BRK.B/historical?assetclass=stocks&fromdate=2016-07-26&todate=2026-07-26&limit=5000
BRK.B,2022-05-09,315.35,316.92,311.56,312.96,4884887,,https://api.nasdaq.com/api/quote/BRK.B/historical?assetclass=stocks&fromdate=2016-07-26&todate=2026-07-26&limit=5000
BRK.B,2022-05-10,315.96,318.11,310.24,312.53,4801061,,https://api.nasdaq.com/api/quote/BRK.B/historical?assetclass=stocks&fromdate=2016-07-26&todate=2026-07-26&limit=5000
BRK.B,2022-05-11,313.17,317.55,311.01,311.54,4258661,,https://api.nasdaq.com/api/quote/BRK.B/historical?assetclass=stocks&fromdate=2016-07-26&todate=2026-07-26&limit=5000
BRK.B,2022-05-12,307.95,309.07,302.55,308.06,5683356,,https://api.nasdaq.com/api/quote/BRK.B/historical?assetclass=stocks&fromdate=2016-07-26&todate=2026-07-26&limit=5000
BRK.B,2022-05-13,311.25,312.47,307.9001,310.36,3771567,,https://api.nasdaq.com/api/quote/BRK.B/historical?assetclass=stocks&fromdate=2016-07-26&todate=2026-07-26&limit=5000
BRK.B,2022-05-16,310.28,311.95,307.13,309.29,3700581,,https://api.nasdaq.com/api/quote/BRK.B/historical?assetclass=stocks&fromdate=2016-07-26&todate=2026-07-26&limit=5000
BRK.B,2022-05-17,315.21,315.44,312.1,314.6,4159134,,https://api.nasdaq.com/api/quote/BRK.B/historical?assetclass=stocks&fromdate=2016-07-26&todate=2026-07-26&limit=5000
BRK.B,2022-05-18,312.94,314.17,305.57,306.64,4427683,,https://api.nasdaq.com/api/quote/BRK.B/historical?assetclass=stocks&fromdate=2016-07-26&todate=2026-07-26&limit=5000
BRK.B,2022-05-19,303.93,306.3144,301.21,304.15,4743746,,https://api.nasdaq.com/api/quote/BRK.B/historical?assetclass=stocks&fromdate=2016-07-26&todate=2026-07-26&limit=5000
BRK.B,2022-05-20,307.05,307.46,298.11,304.05,5522056,,https://api.nasdaq.com/api/quote/BRK.B/historical?assetclass=stocks&fromdate=2016-07-26&todate=2026-07-26&limit=5000
BRK.B,2022-05-23,307.38,312.44,306.62,310.2,4146033,,https://api.nasdaq.com/api/quote/BRK.B/historical?assetclass=stocks&fromdate=2016-07-26&todate=2026-07-26&limit=5000
BRK.B,2022-05-24,309.39,310.31,303.75,309.17,3661630,,https://api.nasdaq.com/api/quote/BRK.B/historical?assetclass=stocks&fromdate=2016-07-26&todate=2026-07-26&limit=5000
BRK.B,2022-05-25,308.59,310.99,305.92,308.64,3706343,,https://api.nasdaq.com/api/quote/BRK.B/historical?assetclass=stocks&fromdate=2016-07-26&todate=2026-07-26&limit=5000
BRK.B,2022-05-26,311.27,314.39,310.98,312.5,4474454,,https://api.nasdaq.com/api/quote/BRK.B/historical?assetclass=stocks&fromdate=2016-07-26&todate=2026-07-26&limit=5000
BRK.B,2022-05-27,314.73,319.24,314.15,319.11,4282883,,https://api.nasdaq.com/api/quote/BRK.B/historical?assetclass=stocks&fromdate=2016-07-26&todate=2026-07-26&limit=5000
BRK.B,2022-05-31,318.98,318.98,314.8,315.98,5704635,,https://api.nasdaq.com/api/quote/BRK.B/historical?assetclass=stocks&fromdate=2016-07-26&todate=2026-07-26&limit=5000
BRK.B,2022-06-01,316,316.7901,309.61,312.21,3796508,,https://api.nasdaq.com/api/quote/BRK.B/historical?assetclass=stocks&fromdate=2016-07-26&todate=2026-07-26&limit=5000
BRK.B,2022-06-02,312.65,315.09,308.61,314.95,3120233,,https://api.nasdaq.com/api/quote/BRK.B/historical?assetclass=stocks&fromdate=2016-07-26&todate=2026-07-26&limit=5000
BRK.B,2022-06-03,312.5,313.8,310.3977,310.94,2588108,,https://api.nasdaq.com/api/quote/BRK.B/historical?assetclass=stocks&fromdate=2016-07-26&todate=2026-07-26&limit=5000
BRK.B,2022-06-06,313.38,315.78,311.48,312.15,2981314,,https://api.nasdaq.com/api/quote/BRK.B/historical?assetclass=stocks&fromdate=2016-07-26&todate=2026-07-26&limit=5000
BRK.B,2022-06-07,310.58,313.79,309.3932,313.65,2551711,,https://api.nasdaq.com/api/quote/BRK.B/historical?assetclass=stocks&fromdate=2016-07-26&todate=2026-07-26&limit=5000
BRK.B,2022-06-08,312.16,312.8,307.93,308.74,2878967,,https://api.nasdaq.com/api/quote/BRK.B/historical?assetclass=stocks&fromdate=2016-07-26&todate=2026-07-26&limit=5000
BRK.B,2022-06-09,308.1,308.38,300.57,300.8,3221154,,https://api.nasdaq.com/api/quote/BRK.B/historical?assetclass=stocks&fromdate=2016-07-26&todate=2026-07-26&limit=5000
BRK.B,2022-06-10,296.08,298,291.61,291.71,5884900,,https://api.nasdaq.com/api/quote/BRK.B/historical?assetclass=stocks&fromdate=2016-07-26&todate=2026-07-26&limit=5000
BRK.B,2022-06-13,285.43,287.4347,280.1,281.56,7115907,,https://api.nasdaq.com/api/quote/BRK.B/historical?assetclass=stocks&fromdate=2016-07-26&todate=2026-07-26&limit=5000
BRK.B,2022-06-14,282.09,283.96,276.1014,277.64,5850444,,https://api.nasdaq.com/api/quote/BRK.B/historical?assetclass=stocks&fromdate=2016-07-26&todate=2026-07-26&limit=5000
BRK.B,2022-06-15,281.16,282.5,273.87,278.93,5827037,,https://api.nasdaq.com/api/quote/BRK.B/historical?assetclass=stocks&fromdate=2016-07-26&todate=2026-07-26&limit=5000
BRK.B,2022-06-16,273.39,273.4,266.88,268.56,7212687,,https://api.nasdaq.com/api/quote/BRK.B/historical?assetclass=stocks&fromdate=2016-07-26&todate=2026-07-26&limit=5000
BRK.B,2022-06-17,268.39,270.5,265.68,268.08,11615420,,https://api.nasdaq.com/api/quote/BRK.B/historical?assetclass=stocks&fromdate=2016-07-26&todate=2026-07-26&limit=5000
BRK.B,2022-06-21,273.85,273.98,270.34,271.77,4907077,,https://api.nasdaq.com/api/quote/BRK.B/historical?assetclass=stocks&fromdate=2016-07-26&todate=2026-07-26&limit=5000
BRK.B,2022-06-22,267.38,273.395,267.38,269.79,4225967,,https://api.nasdaq.com/api/quote/BRK.B/historical?assetclass=stocks&fromdate=2016-07-26&todate=2026-07-26&limit=5000
BRK.B,2022-06-23,269.85,270.71,263.68,267.52,4732399,,https://api.nasdaq.com/api/quote/BRK.B/historical?assetclass=stocks&fromdate=2016-07-26&todate=2026-07-26&limit=5000
BRK.B,2022-06-24,268.97,279.67,268.5701,278.28,6454976,,https://api.nasdaq.com/api/quote/BRK.B/historical?assetclass=stocks&fromdate=2016-07-26&todate=2026-07-26&limit=5000
BRK.B,2022-06-27,280.53,282.03,277.61,278.4,4136747,,https://api.nasdaq.com/api/quote/BRK.B/historical?assetclass=stocks&fromdate=2016-07-26&todate=2026-07-26&limit=5000
BRK.B,2022-06-28,280.51,282.45,273.68,273.86,4018337,,https://api.nasdaq.com/api/quote/BRK.B/historical?assetclass=stocks&fromdate=2016-07-26&todate=2026-07-26&limit=5000
BRK.B,2022-06-29,274.95,275.94,272.97,273.49,3010168,,https://api.nasdaq.com/api/quote/BRK.B/historical?assetclass=stocks&fromdate=2016-07-26&todate=2026-07-26&limit=5000
BRK.B,2022-06-30,270.51,274.92,268.68,273.02,4625535,,https://api.nasdaq.com/api/quote/BRK.B/historical?assetclass=stocks&fromdate=2016-07-26&todate=2026-07-26&limit=5000
BRK.B,2022-07-01,272.5,278.4,271.63,277.5,3668568,,https://api.nasdaq.com/api/quote/BRK.B/historical?assetclass=stocks&fromdate=2016-07-26&todate=2026-07-26&limit=5000
BRK.B,2022-07-05,274.2,275.86,271.39,275.69,3677878,,https://api.nasdaq.com/api/quote/BRK.B/historical?assetclass=stocks&fromdate=2016-07-26&todate=2026-07-26&limit=5000
BRK.B,2022-07-06,274.84,277.51,272.87,275.65,3034444,,https://api.nasdaq.com/api/quote/BRK.B/historical?assetclass=stocks&fromdate=2016-07-26&todate=2026-07-26&limit=5000
BRK.B,2022-07-07,277.5,279.59,277.1,279.28,3952851,,https://api.nasdaq.com/api/quote/BRK.B/historical?assetclass=stocks&fromdate=2016-07-26&todate=2026-07-26&limit=5000
BRK.B,2022-07-08,279.79,282.61,279.25,280.83,2985777,,https://api.nasdaq.com/api/quote/BRK.B/historical?assetclass=stocks&fromdate=2016-07-26&todate=2026-07-26&limit=5000
BRK.B,2022-07-11,279.38,281.4563,277.8701,278.51,2865411,,https://api.nasdaq.com/api/quote/BRK.B/historical?assetclass=stocks&fromdate=2016-07-26&todate=2026-07-26&limit=5000
BRK.B,2022-07-12,277.57,282.18,276.655,277.28,3033742,,https://api.nasdaq.com/api/quote/BRK.B/historical?assetclass=stocks&fromdate=2016-07-26&todate=2026-07-26&limit=5000
BRK.B,2022-07-13,275.37,280.09,274.4529,277.47,4199491,,https://api.nasdaq.com/api/quote/BRK.B/historical?assetclass=stocks&fromdate=2016-07-26&todate=2026-07-26&limit=5000
BRK.B,2022-07-14,273,275.345,271.2,274.41,3889463,,https://api.nasdaq.com/api/quote/BRK.B/historical?assetclass=stocks&fromdate=2016-07-26&todate=2026-07-26&limit=5000
BRK.B,2022-07-15,277.53,280,276.06,278.48,4548506,,https://api.nasdaq.com/api/quote/BRK.B/historical?assetclass=stocks&fromdate=2016-07-26&todate=2026-07-26&limit=5000
BRK.B,2022-07-18,281.5,281.5,275.21,276.26,3274902,,https://api.nasdaq.com/api/quote/BRK.B/historical?assetclass=stocks&fromdate=2016-07-26&todate=2026-07-26&limit=5000
BRK.B,2022-07-19,279,284.08,278.17,283.55,3591904,,https://api.nasdaq.com/api/quote/BRK.B/historical?assetclass=stocks&fromdate=2016-07-26&todate=2026-07-26&limit=5000
BRK.B,2022-07-20,284.64,286.44,283.9,286.04,3879170,,https://api.nasdaq.com/api/quote/BRK.B/historical?assetclass=stocks&fromdate=2016-07-26&todate=2026-07-26&limit=5000
BRK.B,2022-07-21,287,287.24,282.09,286.85,3700275,,https://api.nasdaq.com/api/quote/BRK.B/historical?assetclass=stocks&fromdate=2016-07-26&todate=2026-07-26&limit=5000
BRK.B,2022-07-22,288.1,289.4,283.615,285.93,2877341,,https://api.nasdaq.com/api/quote/BRK.B/historical?assetclass=stocks&fromdate=2016-07-26&todate=2026-07-26&limit=5000
BRK.B,2022-07-25,287.21,289.065,285.1534,287.99,3138226,,https://api.nasdaq.com/api/quote/BRK.B/historical?assetclass=stocks&fromdate=2016-07-26&todate=2026-07-26&limit=5000
BRK.B,2022-07-26,287.79,288.7147,284.6546,285.31,2513418,,https://api.nasdaq.com/api/quote/BRK.B/historical?assetclass=stocks&fromdate=2016-07-26&todate=2026-07-26&limit=5000
BRK.B,2022-07-27,287.67,291.56,285.7,290.3,3616585,,https://api.nasdaq.com/api/quote/BRK.B/historical?assetclass=stocks&fromdate=2016-07-26&todate=2026-07-26&limit=5000
BRK.B,2022-07-28,291.18,294.03,286.77,293.9,3991272,,https://api.nasdaq.com/api/quote/BRK.B/historical?assetclass=stocks&fromdate=2016-07-26&todate=2026-07-26&limit=5000
BRK.B,2022-07-29,297.42,302.4,295.4314,300.6,6983576,,https://api.nasdaq.com/api/quote/BRK.B/historical?assetclass=stocks&fromdate=2016-07-26&todate=2026-07-26&limit=5000
BRK.B,2022-08-01,299.7,299.7,294.83,295.86,4196074,,https://api.nasdaq.com/api/quote/BRK.B/historical?assetclass=stocks&fromdate=2016-07-26&todate=2026-07-26&limit=5000
BRK.B,2022-08-02,294.87,295.53,291.92,292.17,3168448,,https://api.nasdaq.com/api/quote/BRK.B/historical?assetclass=stocks&fromdate=2016-07-26&todate=2026-07-26&limit=5000
BRK.B,2022-08-03,295.05,295.88,291.1,294.96,4062173,,https://api.nasdaq.com/api/quote/BRK.B/historical?assetclass=stocks&fromdate=2016-07-26&todate=2026-07-26&limit=5000
BRK.B,2022-08-04,294.73,295.98,292.62,292.91,3949668,,https://api.nasdaq.com/api/quote/BRK.B/historical?assetclass=stocks&fromdate=2016-07-26&todate=2026-07-26&limit=5000
BRK.B,2022-08-05,291.87,294.1,290.425,292.07,3397499,,https://api.nasdaq.com/api/quote/BRK.B/historical?assetclass=stocks&fromdate=2016-07-26&todate=2026-07-26&limit=5000
BRK.B,2022-08-08,294.87,299.33,292.27,292.34,3969779,,https://api.nasdaq.com/api/quote/BRK.B/historical?assetclass=stocks&fromdate=2016-07-26&todate=2026-07-26&limit=5000
BRK.B,2022-08-09,293.35,297.5708,291.93,292.77,3873083,,https://api.nasdaq.com/api/quote/BRK.B/historical?assetclass=stocks&fromdate=2016-07-26&todate=2026-07-26&limit=5000
BRK.B,2022-08-10,296.48,296.93,294.1,295.11,3708840,,https://api.nasdaq.com/api/quote/BRK.B/historical?assetclass=stocks&fromdate=2016-07-26&todate=2026-07-26&limit=5000
BRK.B,2022-08-11,298,299.06,296.12,296.47,3146890,,https://api.nasdaq.com/api/quote/BRK.B/historical?assetclass=stocks&fromdate=2016-07-26&todate=2026-07-26&limit=5000
BRK.B,2022-08-12,297.9,301.69,297,301.55,3233809,,https://api.nasdaq.com/api/quote/BRK.B/historical?assetclass=stocks&fromdate=2016-07-26&todate=2026-07-26&limit=5000
BRK.B,2022-08-15,298.64,303.76,297.4,302.82,2929312,,https://api.nasdaq.com/api/quote/BRK.B/historical?assetclass=stocks&fromdate=2016-07-26&todate=2026-07-26&limit=5000
BRK.B,2022-08-16,304.99,308.15,303.76,306.65,3344335,,https://api.nasdaq.com/api/quote/BRK.B/historical?assetclass=stocks&fromdate=2016-07-26&todate=2026-07-26&limit=5000
BRK.B,2022-08-17,305.22,306.89,302.74,304.26,2963923,,https://api.nasdaq.com/api/quote/BRK.B/historical?assetclass=stocks&fromdate=2016-07-26&todate=2026-07-26&limit=5000
BRK.B,2022-08-18,304.44,304.57,301.55,304.27,2783620,,https://api.nasdaq.com/api/quote/BRK.B/historical?assetclass=stocks&fromdate=2016-07-26&todate=2026-07-26&limit=5000
BRK.B,2022-08-19,302.95,303.22,296.81,297.28,4617015,,https://api.nasdaq.com/api/quote/BRK.B/historical?assetclass=stocks&fromdate=2016-07-26&todate=2026-07-26&limit=5000
BRK.B,2022-08-22,294,294.47,287.86,288.69,4716455,,https://api.nasdaq.com/api/quote/BRK.B/historical?assetclass=stocks&fromdate=2016-07-26&todate=2026-07-26&limit=5000
BRK.B,2022-08-23,288.85,291.64,288.15,289.65,2596728,,https://api.nasdaq.com/api/quote/BRK.B/historical?assetclass=stocks&fromdate=2016-07-26&todate=2026-07-26&limit=5000
BRK.B,2022-08-24,290,294,289.4603,293.52,3266775,,https://api.nasdaq.com/api/quote/BRK.B/historical?assetclass=stocks&fromdate=2016-07-26&todate=2026-07-26&limit=5000
BRK.B,2022-08-25,293.71,298.48,292.8323,298.13,3465799,,https://api.nasdaq.com/api/quote/BRK.B/historical?assetclass=stocks&fromdate=2016-07-26&todate=2026-07-26&limit=5000
BRK.B,2022-08-26,299.41,299.63,289.65,289.96,5280739,,https://api.nasdaq.com/api/quote/BRK.B/historical?assetclass=stocks&fromdate=2016-07-26&todate=2026-07-26&limit=5000
BRK.B,2022-08-29,288.4,289.83,285.75,287.45,3101174,,https://api.nasdaq.com/api/quote/BRK.B/historical?assetclass=stocks&fromdate=2016-07-26&todate=2026-07-26&limit=5000
BRK.B,2022-08-30,288.72,289.32,284.7711,285.42,3227458,,https://api.nasdaq.com/api/quote/BRK.B/historical?assetclass=stocks&fromdate=2016-07-26&todate=2026-07-26&limit=5000
BRK.B,2022-08-31,287.25,288.01,280.44,280.8,5007109,,https://api.nasdaq.com/api/quote/BRK.B/historical?assetclass=stocks&fromdate=2016-07-26&todate=2026-07-26&limit=5000
BRK.B,2022-09-01,279.95,282.68,277.31,282.43,3767438,,https://api.nasdaq.com/api/quote/BRK.B/historical?assetclass=stocks&fromdate=2016-07-26&todate=2026-07-26&limit=5000
BRK.B,2022-09-02,284.84,285.42,276.365,277.67,3796304,,https://api.nasdaq.com/api/quote/BRK.B/historical?assetclass=stocks&fromdate=2016-07-26&todate=2026-07-26&limit=5000
BRK.B,2022-09-06,278.01,279.49,275.355,276.59,4363702,,https://api.nasdaq.com/api/quote/BRK.B/historical?assetclass=stocks&fromdate=2016-07-26&todate=2026-07-26&limit=5000
BRK.B,2022-09-07,275.74,281.74,275.42,281.04,3511375,,https://api.nasdaq.com/api/quote/BRK.B/historical?assetclass=stocks&fromdate=2016-07-26&todate=2026-07-26&limit=5000
BRK.B,2022-09-08,278.58,283.4,277.29,283.34,3543267,,https://api.nasdaq.com/api/quote/BRK.B/historical?assetclass=stocks&fromdate=2016-07-26&todate=2026-07-26&limit=5000
BRK.B,2022-09-09,284.535,287.02,284.13,285.77,3128967,,https://api.nasdaq.com/api/quote/BRK.B/historical?assetclass=stocks&fromdate=2016-07-26&todate=2026-07-26&limit=5000
BRK.B,2022-09-12,286.7,289.2406,286.0333,288.51,3410683,,https://api.nasdaq.com/api/quote/BRK.B/historical?assetclass=stocks&fromdate=2016-07-26&todate=2026-07-26&limit=5000
BRK.B,2022-09-13,283.99,285.1438,277.5,278.29,4586374,,https://api.nasdaq.com/api/quote/BRK.B/historical?assetclass=stocks&fromdate=2016-07-26&todate=2026-07-26&limit=5000
BRK.B,2022-09-14,279,280.205,275.64,278.42,3721356,,https://api.nasdaq.com/api/quote/BRK.B/historical?assetclass=stocks&fromdate=2016-07-26&todate=2026-07-26&limit=5000
BRK.B,2022-09-15,278.69,281.27,276.36,276.7,3279225,,https://api.nasdaq.com/api/quote/BRK.B/historical?assetclass=stocks&fromdate=2016-07-26&todate=2026-07-26&limit=5000
BRK.B,2022-09-16,275.35,276.375,273.26,274.81,7289900,,https://api.nasdaq.com/api/quote/BRK.B/historical?assetclass=stocks&fromdate=2016-07-26&todate=2026-07-26&limit=5000
BRK.B,2022-09-19,272.79,279.13,272.72,278.95,3292287,,https://api.nasdaq.com/api/quote/BRK.B/historical?assetclass=stocks&fromdate=2016-07-26&todate=2026-07-26&limit=5000
BRK.B,2022-09-20,277.17,278.04,274.61,277.13,3278187,,https://api.nasdaq.com/api/quote/BRK.B/historical?assetclass=stocks&fromdate=2016-07-26&todate=2026-07-26&limit=5000
BRK.B,2022-09-21,278.9,278.92,270.72,270.74,3956232,,https://api.nasdaq.com/api/quote/BRK.B/historical?assetclass=stocks&fromdate=2016-07-26&todate=2026-07-26&limit=5000
BRK.B,2022-09-22,271.03,271.5,268.27,268.51,4122179,,https://api.nasdaq.com/api/quote/BRK.B/historical?assetclass=stocks&fromdate=2016-07-26&todate=2026-07-26&limit=5000
BRK.B,2022-09-23,266.01,268.14,264.24,267.77,5176838,,https://api.nasdaq.com/api/quote/BRK.B/historical?assetclass=stocks&fromdate=2016-07-26&todate=2026-07-26&limit=5000
BRK.B,2022-09-26,265.82,267.84,263.3679,264.32,4929897,,https://api.nasdaq.com/api/quote/BRK.B/historical?assetclass=stocks&fromdate=2016-07-26&todate=2026-07-26&limit=5000
BRK.B,2022-09-27,266.99,267.93,261.55,265.47,5768879,,https://api.nasdaq.com/api/quote/BRK.B/historical?assetclass=stocks&fromdate=2016-07-26&todate=2026-07-26&limit=5000
BRK.B,2022-09-28,265.65,273.6,264.91,271.78,5942582,,https://api.nasdaq.com/api/quote/BRK.B/historical?assetclass=stocks&fromdate=2016-07-26&todate=2026-07-26&limit=5000
BRK.B,2022-09-29,269.89,272.17,265.59,269.58,5211637,,https://api.nasdaq.com/api/quote/BRK.B/historical?assetclass=stocks&fromdate=2016-07-26&todate=2026-07-26&limit=5000
BRK.B,2022-09-30,269.21,272.94,266.6,267.02,6059434,,https://api.nasdaq.com/api/quote/BRK.B/historical?assetclass=stocks&fromdate=2016-07-26&todate=2026-07-26&limit=5000
BRK.B,2022-10-03,269.52,274.57,267.16,272.8,4903523,,https://api.nasdaq.com/api/quote/BRK.B/historical?assetclass=stocks&fromdate=2016-07-26&todate=2026-07-26&limit=5000
BRK.B,2022-10-04,277.42,281.3,276.6,280.49,4636293,,https://api.nasdaq.com/api/quote/BRK.B/historical?assetclass=stocks&fromdate=2016-07-26&todate=2026-07-26&limit=5000
BRK.B,2022-10-05,276.87,280.88,275.84,279.36,3351571,,https://api.nasdaq.com/api/quote/BRK.B/historical?assetclass=stocks&fromdate=2016-07-26&todate=2026-07-26&limit=5000
BRK.B,2022-10-06,278.2,279.85,275.9,276.31,3396390,,https://api.nasdaq.com/api/quote/BRK.B/historical?assetclass=stocks&fromdate=2016-07-26&todate=2026-07-26&limit=5000
BRK.B,2022-10-07,274.44,274.495,267.48,269.04,4273211,,https://api.nasdaq.com/api/quote/BRK.B/historical?assetclass=stocks&fromdate=2016-07-26&todate=2026-07-26&limit=5000
BRK.B,2022-10-10,269.89,270.215,265.86,266.93,3108090,,https://api.nasdaq.com/api/quote/BRK.B/historical?assetclass=stocks&fromdate=2016-07-26&todate=2026-07-26&limit=5000
BRK.B,2022-10-11,266.1,270.97,265.61,267.31,3443003,,https://api.nasdaq.com/api/quote/BRK.B/historical?assetclass=stocks&fromdate=2016-07-26&todate=2026-07-26&limit=5000
BRK.B,2022-10-12,267.31,267.52,263.96,264,3345004,,https://api.nasdaq.com/api/quote/BRK.B/historical?assetclass=stocks&fromdate=2016-07-26&todate=2026-07-26&limit=5000
BRK.B,2022-10-13,260.58,276.78,259.85,275.78,5485173,,https://api.nasdaq.com/api/quote/BRK.B/historical?assetclass=stocks&fromdate=2016-07-26&todate=2026-07-26&limit=5000
BRK.B,2022-10-14,277.59,279.22,271.97,272.67,4292818,,https://api.nasdaq.com/api/quote/BRK.B/historical?assetclass=stocks&fromdate=2016-07-26&todate=2026-07-26&limit=5000
BRK.B,2022-10-17,276.48,278.59,275.3,277.02,4455948,,https://api.nasdaq.com/api/quote/BRK.B/historical?assetclass=stocks&fromdate=2016-07-26&todate=2026-07-26&limit=5000
BRK.B,2022-10-18,282.74,283.36,279.25,281.67,4294758,,https://api.nasdaq.com/api/quote/BRK.B/historical?assetclass=stocks&fromdate=2016-07-26&todate=2026-07-26&limit=5000
BRK.B,2022-10-19,280.33,282.38,276.9677,278.34,3215800,,https://api.nasdaq.com/api/quote/BRK.B/historical?assetclass=stocks&fromdate=2016-07-26&todate=2026-07-26&limit=5000
BRK.B,2022-10-20,278.07,279.4399,273,273.53,3918510,,https://api.nasdaq.com/api/quote/BRK.B/historical?assetclass=stocks&fromdate=2016-07-26&todate=2026-07-26&limit=5000
BRK.B,2022-10-21,273.76,282.92,271.46,282.51,4996771,,https://api.nasdaq.com/api/quote/BRK.B/historical?assetclass=stocks&fromdate=2016-07-26&todate=2026-07-26&limit=5000
BRK.B,2022-10-24,284.1,289.34,283.99,287.48,3862212,,https://api.nasdaq.com/api/quote/BRK.B/historical?assetclass=stocks&fromdate=2016-07-26&todate=2026-07-26&limit=5000
BRK.B,2022-10-25,288.765,289.87,286.88,289.24,3175402,,https://api.nasdaq.com/api/quote/BRK.B/historical?assetclass=stocks&fromdate=2016-07-26&todate=2026-07-26&limit=5000
BRK.B,2022-10-26,289.75,291.8,287.68,288.52,3295328,,https://api.nasdaq.com/api/quote/BRK.B/historical?assetclass=stocks&fromdate=2016-07-26&todate=2026-07-26&limit=5000
BRK.B,2022-10-27,290.31,294,288.85,289.88,4275741,,https://api.nasdaq.com/api/quote/BRK.B/historical?assetclass=stocks&fromdate=2016-07-26&todate=2026-07-26&limit=5000
BRK.B,2022-10-28,292.77,299.98,291.48,299.63,4629639,,https://api.nasdaq.com/api/quote/BRK.B/historical?assetclass=stocks&fromdate=2016-07-26&todate=2026-07-26&limit=5000
BRK.B,2022-10-31,297.98,298.89,294.85,295.09,4627809,,https://api.nasdaq.com/api/quote/BRK.B/historical?assetclass=stocks&fromdate=2016-07-26&todate=2026-07-26&limit=5000
BRK.B,2022-11-01,298.45,298.87,293.04,294.13,3838233,,https://api.nasdaq.com/api/quote/BRK.B/historical?assetclass=stocks&fromdate=2016-07-26&todate=2026-07-26&limit=5000
BRK.B,2022-11-02,293.04,298.26,289.42,289.46,4274735,,https://api.nasdaq.com/api/quote/BRK.B/historical?assetclass=stocks&fromdate=2016-07-26&todate=2026-07-26&limit=5000
BRK.B,2022-11-03,286.02,287.47,283.46,283.85,3126390,,https://api.nasdaq.com/api/quote/BRK.B/historical?assetclass=stocks&fromdate=2016-07-26&todate=2026-07-26&limit=5000
BRK.B,2022-11-04,286.77,289.2,282.38,287.47,3709955,,https://api.nasdaq.com/api/quote/BRK.B/historical?assetclass=stocks&fromdate=2016-07-26&todate=2026-07-26&limit=5000
BRK.B,2022-11-07,290.92,292.1,288.65,290.19,3524850,,https://api.nasdaq.com/api/quote/BRK.B/historical?assetclass=stocks&fromdate=2016-07-26&todate=2026-07-26&limit=5000
BRK.B,2022-11-08,291.11,294.743,289.01,292.61,3563780,,https://api.nasdaq.com/api/quote/BRK.B/historical?assetclass=stocks&fromdate=2016-07-26&todate=2026-07-26&limit=5000
BRK.B,2022-11-09,291.98,292.4,288.06,288.65,2760166,,https://api.nasdaq.com/api/quote/BRK.B/historical?assetclass=stocks&fromdate=2016-07-26&todate=2026-07-26&limit=5000
BRK.B,2022-11-10,297.11,303.5,294.54,303.2,5695773,,https://api.nasdaq.com/api/quote/BRK.B/historical?assetclass=stocks&fromdate=2016-07-26&todate=2026-07-26&limit=5000
BRK.B,2022-11-11,305.56,311.33,302.6,309.72,6572828,,https://api.nasdaq.com/api/quote/BRK.B/historical?assetclass=stocks&fromdate=2016-07-26&todate=2026-07-26&limit=5000
BRK.B,2022-11-14,310,311.84,308.84,308.91,4639814,,https://api.nasdaq.com/api/quote/BRK.B/historical?assetclass=stocks&fromdate=2016-07-26&todate=2026-07-26&limit=5000
BRK.B,2022-11-15,313.665,313.89,307.1838,309.98,4373585,,https://api.nasdaq.com/api/quote/BRK.B/historical?assetclass=stocks&fromdate=2016-07-26&todate=2026-07-26&limit=5000
BRK.B,2022-11-16,310.93,311.55,306.74,308.76,2971379,,https://api.nasdaq.com/api/quote/BRK.B/historical?assetclass=stocks&fromdate=2016-07-26&todate=2026-07-26&limit=5000
BRK.B,2022-11-17,305.7,307.62,304.15,307.44,3064676,,https://api.nasdaq.com/api/quote/BRK.B/historical?assetclass=stocks&fromdate=2016-07-26&todate=2026-07-26&limit=5000
BRK.B,2022-11-18,310.55,311.2,308.615,310.76,3397072,,https://api.nasdaq.com/api/quote/BRK.B/historical?assetclass=stocks&fromdate=2016-07-26&todate=2026-07-26&limit=5000
BRK.B,2022-11-21,310.81,312.9,308.58,311.2,2863030,,https://api.nasdaq.com/api/quote/BRK.B/historical?assetclass=stocks&fromdate=2016-07-26&todate=2026-07-26&limit=5000
BRK.B,2022-11-22,313,316.555,312.05,315.76,3172808,,https://api.nasdaq.com/api/quote/BRK.B/historical?assetclass=stocks&fromdate=2016-07-26&todate=2026-07-26&limit=5000
BRK.B,2022-11-23,315.385,316.4292,314.07,316.18,2685619,,https://api.nasdaq.com/api/quote/BRK.B/historical?assetclass=stocks&fromdate=2016-07-26&todate=2026-07-26&limit=5000
BRK.B,2022-11-25,317.52,319.12,316.18,317.43,1844916,,https://api.nasdaq.com/api/quote/BRK.B/historical?assetclass=stocks&fromdate=2016-07-26&todate=2026-07-26&limit=5000
BRK.B,2022-11-28,316.25,317.64,312.33,313.27,4232097,,https://api.nasdaq.com/api/quote/BRK.B/historical?assetclass=stocks&fromdate=2016-07-26&todate=2026-07-26&limit=5000
BRK.B,2022-11-29,311.89,315.29,311.35,315.13,3742168,,https://api.nasdaq.com/api/quote/BRK.B/historical?assetclass=stocks&fromdate=2016-07-26&todate=2026-07-26&limit=5000
BRK.B,2022-11-30,315.13,318.6,308.7,318.6,7924360,,https://api.nasdaq.com/api/quote/BRK.B/historical?assetclass=stocks&fromdate=2016-07-26&todate=2026-07-26&limit=5000
BRK.B,2022-12-01,319,319.56,313.3,315.84,4354849,,https://api.nasdaq.com/api/quote/BRK.B/historical?assetclass=stocks&fromdate=2016-07-26&todate=2026-07-26&limit=5000
BRK.B,2022-12-02,313.49,316.38,312.75,316.15,3026517,,https://api.nasdaq.com/api/quote/BRK.B/historical?assetclass=stocks&fromdate=2016-07-26&todate=2026-07-26&limit=5000
BRK.B,2022-12-05,315.22,315.66,308.73,310.57,3836532,,https://api.nasdaq.com/api/quote/BRK.B/historical?assetclass=stocks&fromdate=2016-07-26&todate=2026-07-26&limit=5000
BRK.B,2022-12-06,309.95,310.29,306.35,307.78,3877585,,https://api.nasdaq.com/api/quote/BRK.B/historical?assetclass=stocks&fromdate=2016-07-26&todate=2026-07-26&limit=5000
BRK.B,2022-12-07,307.07,309.3842,304.915,305.82,4132430,,https://api.nasdaq.com/api/quote/BRK.B/historical?assetclass=stocks&fromdate=2016-07-26&todate=2026-07-26&limit=5000
BRK.B,2022-12-08,306,307.4899,305.09,305.99,2353269,,https://api.nasdaq.com/api/quote/BRK.B/historical?assetclass=stocks&fromdate=2016-07-26&todate=2026-07-26&limit=5000
BRK.B,2022-12-09,305.32,308.34,304.71,306.39,3327110,,https://api.nasdaq.com/api/quote/BRK.B/historical?assetclass=stocks&fromdate=2016-07-26&todate=2026-07-26&limit=5000
BRK.B,2022-12-12,307.55,311.91,305.46,311.45,4367987,,https://api.nasdaq.com/api/quote/BRK.B/historical?assetclass=stocks&fromdate=2016-07-26&todate=2026-07-26&limit=5000
BRK.B,2022-12-13,318.4,318.91,310.82,312.33,5043156,,https://api.nasdaq.com/api/quote/BRK.B/historical?assetclass=stocks&fromdate=2016-07-26&todate=2026-07-26&limit=5000
BRK.B,2022-12-14,312.74,316.3596,308.4,309.29,4057911,,https://api.nasdaq.com/api/quote/BRK.B/historical?assetclass=stocks&fromdate=2016-07-26&todate=2026-07-26&limit=5000
BRK.B,2022-12-15,306.43,306.96,299.445,301.91,5107189,,https://api.nasdaq.com/api/quote/BRK.B/historical?assetclass=stocks&fromdate=2016-07-26&todate=2026-07-26&limit=5000
BRK.B,2022-12-16,299.05,302.47,297.76,300,8308365,,https://api.nasdaq.com/api/quote/BRK.B/historical?assetclass=stocks&fromdate=2016-07-26&todate=2026-07-26&limit=5000
BRK.B,2022-12-19,300.51,301.48,297.15,300.03,3842880,,https://api.nasdaq.com/api/quote/BRK.B/historical?assetclass=stocks&fromdate=2016-07-26&todate=2026-07-26&limit=5000
BRK.B,2022-12-20,300.09,304.19,297,302,3091869,,https://api.nasdaq.com/api/quote/BRK.B/historical?assetclass=stocks&fromdate=2016-07-26&todate=2026-07-26&limit=5000
BRK.B,2022-12-21,304.38,308.54,304.16,307.82,3265614,,https://api.nasdaq.com/api/quote/BRK.B/historical?assetclass=stocks&fromdate=2016-07-26&todate=2026-07-26&limit=5000
BRK.B,2022-12-22,306.1,306.5,297.6391,302.69,3560763,,https://api.nasdaq.com/api/quote/BRK.B/historical?assetclass=stocks&fromdate=2016-07-26&todate=2026-07-26&limit=5000
BRK.B,2022-12-23,302.88,306.57,300.925,306.49,2460858,,https://api.nasdaq.com/api/quote/BRK.B/historical?assetclass=stocks&fromdate=2016-07-26&todate=2026-07-26&limit=5000
BRK.B,2022-12-27,306.45,308.575,304.65,305.55,2731731,,https://api.nasdaq.com/api/quote/BRK.B/historical?assetclass=stocks&fromdate=2016-07-26&todate=2026-07-26&limit=5000
BRK.B,2022-12-28,304.77,307.4607,303.26,303.43,2628685,,https://api.nasdaq.com/api/quote/BRK.B/historical?assetclass=stocks&fromdate=2016-07-26&todate=2026-07-26&limit=5000
BRK.B,2022-12-29,305.94,309.38,305.235,309.06,2848063,,https://api.nasdaq.com/api/quote/BRK.B/historical?assetclass=stocks&fromdate=2016-07-26&todate=2026-07-26&limit=5000
BRK.B,2022-12-30,306.95,309.04,305.6212,308.9,3298865,,https://api.nasdaq.com/api/quote/BRK.B/historical?assetclass=stocks&fromdate=2016-07-26&todate=2026-07-26&limit=5000
BRK.B,2023-01-03,310.07,312.385,307.38,309.91,3551418,,https://api.nasdaq.com/api/quote/BRK.B/historical?assetclass=stocks&fromdate=2016-07-26&todate=2026-07-26&limit=5000
BRK.B,2023-01-04,312,316.89,311.25,314.55,5122121,,https://api.nasdaq.com/api/quote/BRK.B/historical?assetclass=stocks&fromdate=2016-07-26&todate=2026-07-26&limit=5000
BRK.B,2023-01-05,313.574,314.23,310,312.9,3418149,,https://api.nasdaq.com/api/quote/BRK.B/historical?assetclass=stocks&fromdate=2016-07-26&todate=2026-07-26&limit=5000
BRK.B,2023-01-06,315,320.16,313.38,318.69,3648810,,https://api.nasdaq.com/api/quote/BRK.B/historical?assetclass=stocks&fromdate=2016-07-26&todate=2026-07-26&limit=5000
BRK.B,2023-01-09,319.02,320.5,314.75,315.53,4399047,,https://api.nasdaq.com/api/quote/BRK.B/historical?assetclass=stocks&fromdate=2016-07-26&todate=2026-07-26&limit=5000
BRK.B,2023-01-10,315,316.8,313.34,316.35,3050322,,https://api.nasdaq.com/api/quote/BRK.B/historical?assetclass=stocks&fromdate=2016-07-26&todate=2026-07-26&limit=5000
BRK.B,2023-01-11,318.52,320.57,316.6,320.37,3001242,,https://api.nasdaq.com/api/quote/BRK.B/historical?assetclass=stocks&fromdate=2016-07-26&todate=2026-07-26&limit=5000
BRK.B,2023-01-12,321.15,321.32,317.72,318.93,3075151,,https://api.nasdaq.com/api/quote/BRK.B/historical?assetclass=stocks&fromdate=2016-07-26&todate=2026-07-26&limit=5000
BRK.B,2023-01-13,317.49,318.42,315.79,317.64,2773650,,https://api.nasdaq.com/api/quote/BRK.B/historical?assetclass=stocks&fromdate=2016-07-26&todate=2026-07-26&limit=5000
BRK.B,2023-01-17,318.4,318.52,314.25,314.86,3479442,,https://api.nasdaq.com/api/quote/BRK.B/historical?assetclass=stocks&fromdate=2016-07-26&todate=2026-07-26&limit=5000
BRK.B,2023-01-18,315,315.54,307.75,308.3,3408726,,https://api.nasdaq.com/api/quote/BRK.B/historical?assetclass=stocks&fromdate=2016-07-26&todate=2026-07-26&limit=5000
BRK.B,2023-01-19,306.12,307.235,303.86,305.23,3615144,,https://api.nasdaq.com/api/quote/BRK.B/historical?assetclass=stocks&fromdate=2016-07-26&todate=2026-07-26&limit=5000
BRK.B,2023-01-20,305.21,310.01,304.3626,309.87,3772210,,https://api.nasdaq.com/api/quote/BRK.B/historical?assetclass=stocks&fromdate=2016-07-26&todate=2026-07-26&limit=5000
BRK.B,2023-01-23,309.63,312.73,306.8501,310.42,3088133,,https://api.nasdaq.com/api/quote/BRK.B/historical?assetclass=stocks&fromdate=2016-07-26&todate=2026-07-26&limit=5000
BRK.B,2023-01-24,309.3,312.83,307.5,311.3,2234333,,https://api.nasdaq.com/api/quote/BRK.B/historical?assetclass=stocks&fromdate=2016-07-26&todate=2026-07-26&limit=5000
BRK.B,2023-01-25,308.33,312.55,307.71,311.9,2300785,,https://api.nasdaq.com/api/quote/BRK.B/historical?assetclass=stocks&fromdate=2016-07-26&todate=2026-07-26&limit=5000
BRK.B,2023-01-26,312.99,313.68,309.58,310.95,2858754,,https://api.nasdaq.com/api/quote/BRK.B/historical?assetclass=stocks&fromdate=2016-07-26&todate=2026-07-26&limit=5000
BRK.B,2023-01-27,309.79,311.73,308.34,309.17,3034223,,https://api.nasdaq.com/api/quote/BRK.B/historical?assetclass=stocks&fromdate=2016-07-26&todate=2026-07-26&limit=5000
BRK.B,2023-01-30,307.6,309.5115,306.81,307.33,3475781,,https://api.nasdaq.com/api/quote/BRK.B/historical?assetclass=stocks&fromdate=2016-07-26&todate=2026-07-26&limit=5000
BRK.B,2023-01-31,307.74,311.86,305.79,311.52,3655334,,https://api.nasdaq.com/api/quote/BRK.B/historical?assetclass=stocks&fromdate=2016-07-26&todate=2026-07-26&limit=5000
BRK.B,2023-02-01,309.63,312.67,306.38,310.57,3520304,,https://api.nasdaq.com/api/quote/BRK.B/historical?assetclass=stocks&fromdate=2016-07-26&todate=2026-07-26&limit=5000
BRK.B,2023-02-02,312.35,312.6,308.3,311.86,4430266,,https://api.nasdaq.com/api/quote/BRK.B/historical?assetclass=stocks&fromdate=2016-07-26&todate=2026-07-26&limit=5000
BRK.B,2023-02-03,311,311.55,305.921,308.51,5387548,,https://api.nasdaq.com/api/quote/BRK.B/historical?assetclass=stocks&fromdate=2016-07-26&todate=2026-07-26&limit=5000
BRK.B,2023-02-06,308.25,308.8,305.6,308.43,2980217,,https://api.nasdaq.com/api/quote/BRK.B/historical?assetclass=stocks&fromdate=2016-07-26&todate=2026-07-26&limit=5000
BRK.B,2023-02-07,307.3,314.15,306.63,312.97,3788007,,https://api.nasdaq.com/api/quote/BRK.B/historical?assetclass=stocks&fromdate=2016-07-26&todate=2026-07-26&limit=5000
BRK.B,2023-02-08,311.12,313.41,308.01,308.48,3370587,,https://api.nasdaq.com/api/quote/BRK.B/historical?assetclass=stocks&fromdate=2016-07-26&todate=2026-07-26&limit=5000
BRK.B,2023-02-09,310.17,311.42,306.99,307.21,3462603,,https://api.nasdaq.com/api/quote/BRK.B/historical?assetclass=stocks&fromdate=2016-07-26&todate=2026-07-26&limit=5000
BRK.B,2023-02-10,307.08,309.98,305.28,309.89,2811155,,https://api.nasdaq.com/api/quote/BRK.B/historical?assetclass=stocks&fromdate=2016-07-26&todate=2026-07-26&limit=5000
BRK.B,2023-02-13,310.3,313.74,309.62,313.74,3261952,,https://api.nasdaq.com/api/quote/BRK.B/historical?assetclass=stocks&fromdate=2016-07-26&todate=2026-07-26&limit=5000
BRK.B,2023-02-14,313.78,314.1,309.04,310.79,2908849,,https://api.nasdaq.com/api/quote/BRK.B/historical?assetclass=stocks&fromdate=2016-07-26&todate=2026-07-26&limit=5000
BRK.B,2023-02-15,309.98,310.37,308.28,309.63,2411819,,https://api.nasdaq.com/api/quote/BRK.B/historical?assetclass=stocks&fromdate=2016-07-26&todate=2026-07-26&limit=5000
BRK.B,2023-02-16,307.58,310.2,306.87,308.18,2803844,,https://api.nasdaq.com/api/quote/BRK.B/historical?assetclass=stocks&fromdate=2016-07-26&todate=2026-07-26&limit=5000
BRK.B,2023-02-17,307.15,308.41,305.48,308.24,2721407,,https://api.nasdaq.com/api/quote/BRK.B/historical?assetclass=stocks&fromdate=2016-07-26&todate=2026-07-26&limit=5000
BRK.B,2023-02-21,306.17,307.3,300.5,302.72,4131732,,https://api.nasdaq.com/api/quote/BRK.B/historical?assetclass=stocks&fromdate=2016-07-26&todate=2026-07-26&limit=5000
BRK.B,2023-02-22,303.2,305.275,301.77,303.16,2900326,,https://api.nasdaq.com/api/quote/BRK.B/historical?assetclass=stocks&fromdate=2016-07-26&todate=2026-07-26&limit=5000
BRK.B,2023-02-23,305.01,305.56,300.25,303.07,2739656,,https://api.nasdaq.com/api/quote/BRK.B/historical?assetclass=stocks&fromdate=2016-07-26&todate=2026-07-26&limit=5000
BRK.B,2023-02-24,300.4,305.62,300.01,304.02,3659339,,https://api.nasdaq.com/api/quote/BRK.B/historical?assetclass=stocks&fromdate=2016-07-26&todate=2026-07-26&limit=5000
BRK.B,2023-02-27,304.37,305.78,302.01,304.66,3652907,,https://api.nasdaq.com/api/quote/BRK.B/historical?assetclass=stocks&fromdate=2016-07-26&todate=2026-07-26&limit=5000
BRK.B,2023-02-28,304.89,306.15,303.41,305.18,4737739,,https://api.nasdaq.com/api/quote/BRK.B/historical?assetclass=stocks&fromdate=2016-07-26&todate=2026-07-26&limit=5000
BRK.B,2023-03-01,304.02,305.62,302.08,304.62,3400537,,https://api.nasdaq.com/api/quote/BRK.B/historical?assetclass=stocks&fromdate=2016-07-26&todate=2026-07-26&limit=5000
BRK.B,2023-03-02,303.66,308.1,301.445,307.75,3153781,,https://api.nasdaq.com/api/quote/BRK.B/historical?assetclass=stocks&fromdate=2016-07-26&todate=2026-07-26&limit=5000
BRK.B,2023-03-03,309.56,312.66,308.5,312.45,4493702,,https://api.nasdaq.com/api/quote/BRK.B/historical?assetclass=stocks&fromdate=2016-07-26&todate=2026-07-26&limit=5000
BRK.B,2023-03-06,312.82,317.29,312.43,316.97,4892345,,https://api.nasdaq.com/api/quote/BRK.B/historical?assetclass=stocks&fromdate=2016-07-26&todate=2026-07-26&limit=5000
BRK.B,2023-03-07,316.39,316.5,310.23,311.12,3610304,,https://api.nasdaq.com/api/quote/BRK.B/historical?assetclass=stocks&fromdate=2016-07-26&todate=2026-07-26&limit=5000
BRK.B,2023-03-08,310.72,312.675,309.2522,311.37,2706760,,https://api.nasdaq.com/api/quote/BRK.B/historical?assetclass=stocks&fromdate=2016-07-26&todate=2026-07-26&limit=5000
BRK.B,2023-03-09,311,313.18,303.9388,304.82,3934324,,https://api.nasdaq.com/api/quote/BRK.B/historical?assetclass=stocks&fromdate=2016-07-26&todate=2026-07-26&limit=5000
BRK.B,2023-03-10,302.95,306.72,301.92,303.63,5297790,,https://api.nasdaq.com/api/quote/BRK.B/historical?assetclass=stocks&fromdate=2016-07-26&todate=2026-07-26&limit=5000
BRK.B,2023-03-13,301.75,306.59,300.76,302.88,4993820,,https://api.nasdaq.com/api/quote/BRK.B/historical?assetclass=stocks&fromdate=2016-07-26&todate=2026-07-26&limit=5000
BRK.B,2023-03-14,306.92,307.55,301.68,305.33,5255174,,https://api.nasdaq.com/api/quote/BRK.B/historical?assetclass=stocks&fromdate=2016-07-26&todate=2026-07-26&limit=5000
BRK.B,2023-03-15,300.02,300.55,294.9,297.88,7165298,,https://api.nasdaq.com/api/quote/BRK.B/historical?assetclass=stocks&fromdate=2016-07-26&todate=2026-07-26&limit=5000
BRK.B,2023-03-16,296.37,304.43,295.36,302.01,6327578,,https://api.nasdaq.com/api/quote/BRK.B/historical?assetclass=stocks&fromdate=2016-07-26&todate=2026-07-26&limit=5000
BRK.B,2023-03-17,301.3,301.3,292.42,293.51,15611270,,https://api.nasdaq.com/api/quote/BRK.B/historical?assetclass=stocks&fromdate=2016-07-26&todate=2026-07-26&limit=5000
BRK.B,2023-03-20,295.57,301.51,295.06,301.06,6059923,,https://api.nasdaq.com/api/quote/BRK.B/historical?assetclass=stocks&fromdate=2016-07-26&todate=2026-07-26&limit=5000
BRK.B,2023-03-21,304.56,305.63,302.25,303.85,4725100,,https://api.nasdaq.com/api/quote/BRK.B/historical?assetclass=stocks&fromdate=2016-07-26&todate=2026-07-26&limit=5000
BRK.B,2023-03-22,303.72,307.05,299.65,299.73,3089313,,https://api.nasdaq.com/api/quote/BRK.B/historical?assetclass=stocks&fromdate=2016-07-26&todate=2026-07-26&limit=5000
BRK.B,2023-03-23,301.39,302.0799,296.3,298.37,4016197,,https://api.nasdaq.com/api/quote/BRK.B/historical?assetclass=stocks&fromdate=2016-07-26&todate=2026-07-26&limit=5000
BRK.B,2023-03-24,294.68,299.5,293.3947,298.92,3905988,,https://api.nasdaq.com/api/quote/BRK.B/historical?assetclass=stocks&fromdate=2016-07-26&todate=2026-07-26&limit=5000
BRK.B,2023-03-27,300.88,303.21,298.97,302.14,3835260,,https://api.nasdaq.com/api/quote/BRK.B/historical?assetclass=stocks&fromdate=2016-07-26&todate=2026-07-26&limit=5000
BRK.B,2023-03-28,301.93,302.72,300.5901,302.32,2437683,,https://api.nasdaq.com/api/quote/BRK.B/historical?assetclass=stocks&fromdate=2016-07-26&todate=2026-07-26&limit=5000
BRK.B,2023-03-29,304.8,305.38,303.36,305.3,2651414,,https://api.nasdaq.com/api/quote/BRK.B/historical?assetclass=stocks&fromdate=2016-07-26&todate=2026-07-26&limit=5000
BRK.B,2023-03-30,307.09,307.47,302.5772,305.08,2694985,,https://api.nasdaq.com/api/quote/BRK.B/historical?assetclass=stocks&fromdate=2016-07-26&todate=2026-07-26&limit=5000
BRK.B,2023-03-31,305.9,308.81,304.9877,308.77,5022204,,https://api.nasdaq.com/api/quote/BRK.B/historical?assetclass=stocks&fromdate=2016-07-26&todate=2026-07-26&limit=5000
BRK.B,2023-04-03,309.25,311.5,308.24,310.31,4863537,,https://api.nasdaq.com/api/quote/BRK.B/historical?assetclass=stocks&fromdate=2016-07-26&todate=2026-07-26&limit=5000
BRK.B,2023-04-04,310.76,311,307.07,309.07,2740754,,https://api.nasdaq.com/api/quote/BRK.B/historical?assetclass=stocks&fromdate=2016-07-26&todate=2026-07-26&limit=5000
BRK.B,2023-04-05,307.85,311.07,307.85,310.39,2314853,,https://api.nasdaq.com/api/quote/BRK.B/historical?assetclass=stocks&fromdate=2016-07-26&todate=2026-07-26&limit=5000
BRK.B,2023-04-06,309.82,313.22,309.05,312.51,3132148,,https://api.nasdaq.com/api/quote/BRK.B/historical?assetclass=stocks&fromdate=2016-07-26&todate=2026-07-26&limit=5000
BRK.B,2023-04-10,311.41,313.7,310.335,312.62,2331743,,https://api.nasdaq.com/api/quote/BRK.B/historical?assetclass=stocks&fromdate=2016-07-26&todate=2026-07-26&limit=5000
BRK.B,2023-04-11,312.56,315.94,311.77,313.7,3109850,,https://api.nasdaq.com/api/quote/BRK.B/historical?assetclass=stocks&fromdate=2016-07-26&todate=2026-07-26&limit=5000
BRK.B,2023-04-12,315.97,316.92,313.72,314.55,2663461,,https://api.nasdaq.com/api/quote/BRK.B/historical?assetclass=stocks&fromdate=2016-07-26&todate=2026-07-26&limit=5000
BRK.B,2023-04-13,315.27,318.81,313.26,318.05,3325989,,https://api.nasdaq.com/api/quote/BRK.B/historical?assetclass=stocks&fromdate=2016-07-26&todate=2026-07-26&limit=5000
BRK.B,2023-04-14,318.89,321.88,318.12,319.74,2976417,,https://api.nasdaq.com/api/quote/BRK.B/historical?assetclass=stocks&fromdate=2016-07-26&todate=2026-07-26&limit=5000
BRK.B,2023-04-17,320.2,323.98,319,323.79,3426342,,https://api.nasdaq.com/api/quote/BRK.B/historical?assetclass=stocks&fromdate=2016-07-26&todate=2026-07-26&limit=5000
BRK.B,2023-04-18,324.95,325.7242,322.495,324.63,3582623,,https://api.nasdaq.com/api/quote/BRK.B/historical?assetclass=stocks&fromdate=2016-07-26&todate=2026-07-26&limit=5000
BRK.B,2023-04-19,323.85,324.55,322.76,323.09,2410917,,https://api.nasdaq.com/api/quote/BRK.B/historical?assetclass=stocks&fromdate=2016-07-26&todate=2026-07-26&limit=5000
BRK.B,2023-04-20,322.2,324.3693,321.324,323.82,2429179,,https://api.nasdaq.com/api/quote/BRK.B/historical?assetclass=stocks&fromdate=2016-07-26&todate=2026-07-26&limit=5000
BRK.B,2023-04-21,322.36,324.85,321.61,324.33,2405869,,https://api.nasdaq.com/api/quote/BRK.B/historical?assetclass=stocks&fromdate=2016-07-26&todate=2026-07-26&limit=5000
BRK.B,2023-04-24,324.43,326.395,324.3,326.05,2262391,,https://api.nasdaq.com/api/quote/BRK.B/historical?assetclass=stocks&fromdate=2016-07-26&todate=2026-07-26&limit=5000
BRK.B,2023-04-25,325.99,327.1,324.11,324.34,2554381,,https://api.nasdaq.com/api/quote/BRK.B/historical?assetclass=stocks&fromdate=2016-07-26&todate=2026-07-26&limit=5000
BRK.B,2023-04-26,323.31,323.74,319,320.53,2721238,,https://api.nasdaq.com/api/quote/BRK.B/historical?assetclass=stocks&fromdate=2016-07-26&todate=2026-07-26&limit=5000
BRK.B,2023-04-27,322.86,326.91,322.11,326.23,2951130,,https://api.nasdaq.com/api/quote/BRK.B/historical?assetclass=stocks&fromdate=2016-07-26&todate=2026-07-26&limit=5000
BRK.B,2023-04-28,325.44,328.81,325.19,328.55,2912387,,https://api.nasdaq.com/api/quote/BRK.B/historical?assetclass=stocks&fromdate=2016-07-26&todate=2026-07-26&limit=5000
BRK.B,2023-05-01,329.16,331.84,328.57,330.17,2465391,,https://api.nasdaq.com/api/quote/BRK.B/historical?assetclass=stocks&fromdate=2016-07-26&todate=2026-07-26&limit=5000
BRK.B,2023-05-02,330.15,330.25,322.7601,325.86,3369713,,https://api.nasdaq.com/api/quote/BRK.B/historical?assetclass=stocks&fromdate=2016-07-26&todate=2026-07-26&limit=5000
BRK.B,2023-05-03,327.13,328.07,323.06,323.22,2660456,,https://api.nasdaq.com/api/quote/BRK.B/historical?assetclass=stocks&fromdate=2016-07-26&todate=2026-07-26&limit=5000
BRK.B,2023-05-04,323.44,325.99,317.41,320,3194768,,https://api.nasdaq.com/api/quote/BRK.B/historical?assetclass=stocks&fromdate=2016-07-26&todate=2026-07-26&limit=5000
BRK.B,2023-05-05,323.36,325.16,322.62,323.88,3876299,,https://api.nasdaq.com/api/quote/BRK.B/historical?assetclass=stocks&fromdate=2016-07-26&todate=2026-07-26&limit=5000
BRK.B,2023-05-08,328.26,330.69,325.79,326.14,3303393,,https://api.nasdaq.com/api/quote/BRK.B/historical?assetclass=stocks&fromdate=2016-07-26&todate=2026-07-26&limit=5000
BRK.B,2023-05-09,324.87,326.88,323.48,324.87,2285924,,https://api.nasdaq.com/api/quote/BRK.B/historical?assetclass=stocks&fromdate=2016-07-26&todate=2026-07-26&limit=5000
BRK.B,2023-05-10,326.08,326.16,320.1501,322.99,2641134,,https://api.nasdaq.com/api/quote/BRK.B/historical?assetclass=stocks&fromdate=2016-07-26&todate=2026-07-26&limit=5000
BRK.B,2023-05-11,320.995,322.96,319.805,322.64,2549339,,https://api.nasdaq.com/api/quote/BRK.B/historical?assetclass=stocks&fromdate=2016-07-26&todate=2026-07-26&limit=5000
BRK.B,2023-05-12,323.82,324.2422,320.54,322.49,1938264,,https://api.nasdaq.com/api/quote/BRK.B/historical?assetclass=stocks&fromdate=2016-07-26&todate=2026-07-26&limit=5000
BRK.B,2023-05-15,322.89,323.83,320.13,323.53,2191609,,https://api.nasdaq.com/api/quote/BRK.B/historical?assetclass=stocks&fromdate=2016-07-26&todate=2026-07-26&limit=5000
BRK.B,2023-05-16,322.46,324.69,322.355,323.75,2139996,,https://api.nasdaq.com/api/quote/BRK.B/historical?assetclass=stocks&fromdate=2016-07-26&todate=2026-07-26&limit=5000
BRK.B,2023-05-17,325.02,328.26,324.82,327.39,3047626,,https://api.nasdaq.com/api/quote/BRK.B/historical?assetclass=stocks&fromdate=2016-07-26&todate=2026-07-26&limit=5000
BRK.B,2023-05-18,326.87,329.98,325.85,329.76,2808329,,https://api.nasdaq.com/api/quote/BRK.B/historical?assetclass=stocks&fromdate=2016-07-26&todate=2026-07-26&limit=5000
BRK.B,2023-05-19,331,333.94,329.12,330.39,4323538,,https://api.nasdaq.com/api/quote/BRK.B/historical?assetclass=stocks&fromdate=2016-07-26&todate=2026-07-26&limit=5000
BRK.B,2023-05-22,330.75,331.49,328.35,329.13,2763422,,https://api.nasdaq.com/api/quote/BRK.B/historical?assetclass=stocks&fromdate=2016-07-26&todate=2026-07-26&limit=5000
BRK.B,2023-05-23,328.19,329.27,322.97,323.11,4031342,,https://api.nasdaq.com/api/quote/BRK.B/historical?assetclass=stocks&fromdate=2016-07-26&todate=2026-07-26&limit=5000
BRK.B,2023-05-24,322.71,323,319.56,320.2,3075393,,https://api.nasdaq.com/api/quote/BRK.B/historical?assetclass=stocks&fromdate=2016-07-26&todate=2026-07-26&limit=5000
BRK.B,2023-05-25,320.56,320.56,317.71,319.02,4251935,,https://api.nasdaq.com/api/quote/BRK.B/historical?assetclass=stocks&fromdate=2016-07-26&todate=2026-07-26&limit=5000
BRK.B,2023-05-26,320.44,322.63,319.665,320.6,3229873,,https://api.nasdaq.com/api/quote/BRK.B/historical?assetclass=stocks&fromdate=2016-07-26&todate=2026-07-26&limit=5000
BRK.B,2023-05-30,321.86,322.47,319,322.19,3232461,,https://api.nasdaq.com/api/quote/BRK.B/historical?assetclass=stocks&fromdate=2016-07-26&todate=2026-07-26&limit=5000
BRK.B,2023-05-31,321.12,322.41,319.39,321.08,6175417,,https://api.nasdaq.com/api/quote/BRK.B/historical?assetclass=stocks&fromdate=2016-07-26&todate=2026-07-26&limit=5000
BRK.B,2023-06-01,321.42,323.22,319.53,323.12,3377699,,https://api.nasdaq.com/api/quote/BRK.B/historical?assetclass=stocks&fromdate=2016-07-26&todate=2026-07-26&limit=5000
BRK.B,2023-06-02,325.16,330.67,324.42,329.48,3962988,,https://api.nasdaq.com/api/quote/BRK.B/historical?assetclass=stocks&fromdate=2016-07-26&todate=2026-07-26&limit=5000
BRK.B,2023-06-05,330.89,329.59,327.57,328.58,3092174,OHLC_INCONSISTENT,https://api.nasdaq.com/api/quote/BRK.B/historical?assetclass=stocks&fromdate=2016-07-26&todate=2026-07-26&limit=5000
BRK.B,2023-06-06,329.04,334.16,328.68,333.41,3183994,,https://api.nasdaq.com/api/quote/BRK.B/historical?assetclass=stocks&fromdate=2016-07-26&todate=2026-07-26&limit=5000
BRK.B,2023-06-07,334.01,335.82,331.43,335.42,3730381,,https://api.nasdaq.com/api/quote/BRK.B/historical?assetclass=stocks&fromdate=2016-07-26&todate=2026-07-26&limit=5000
BRK.B,2023-06-08,335.49,336.32,334.1,335.95,2759715,,https://api.nasdaq.com/api/quote/BRK.B/historical?assetclass=stocks&fromdate=2016-07-26&todate=2026-07-26&limit=5000
BRK.B,2023-06-09,335.76,337.59,334.915,335.29,2619487,,https://api.nasdaq.com/api/quote/BRK.B/historical?assetclass=stocks&fromdate=2016-07-26&todate=2026-07-26&limit=5000
BRK.B,2023-06-12,335.16,335.345,332.22,333.6,2874530,,https://api.nasdaq.com/api/quote/BRK.B/historical?assetclass=stocks&fromdate=2016-07-26&todate=2026-07-26&limit=5000
BRK.B,2023-06-13,333.22,336.62,332.2,336.39,2953682,,https://api.nasdaq.com/api/quote/BRK.B/historical?assetclass=stocks&fromdate=2016-07-26&todate=2026-07-26&limit=5000
BRK.B,2023-06-14,337.22,340.38,334.09,335.9,5167308,,https://api.nasdaq.com/api/quote/BRK.B/historical?assetclass=stocks&fromdate=2016-07-26&todate=2026-07-26&limit=5000
BRK.B,2023-06-15,335.97,341.68,335.54,339.82,4116957,,https://api.nasdaq.com/api/quote/BRK.B/historical?assetclass=stocks&fromdate=2016-07-26&todate=2026-07-26&limit=5000
BRK.B,2023-06-16,341.02,341.3,337.66,338.31,8487204,,https://api.nasdaq.com/api/quote/BRK.B/historical?assetclass=stocks&fromdate=2016-07-26&todate=2026-07-26&limit=5000
BRK.B,2023-06-20,338.15,339.28,336.6212,338.67,3752659,,https://api.nasdaq.com/api/quote/BRK.B/historical?assetclass=stocks&fromdate=2016-07-26&todate=2026-07-26&limit=5000
BRK.B,2023-06-21,337.3,341.35,336.37,338.61,4507761,,https://api.nasdaq.com/api/quote/BRK.B/historical?assetclass=stocks&fromdate=2016-07-26&todate=2026-07-26&limit=5000
BRK.B,2023-06-22,338.84,338.85,335.66,336.96,3304552,,https://api.nasdaq.com/api/quote/BRK.B/historical?assetclass=stocks&fromdate=2016-07-26&todate=2026-07-26&limit=5000
BRK.B,2023-06-23,335.1,337.47,334.19,335.25,4453846,,https://api.nasdaq.com/api/quote/BRK.B/historical?assetclass=stocks&fromdate=2016-07-26&todate=2026-07-26&limit=5000
BRK.B,2023-06-26,335.17,335.825,331.84,334.12,3221884,,https://api.nasdaq.com/api/quote/BRK.B/historical?assetclass=stocks&fromdate=2016-07-26&todate=2026-07-26&limit=5000
BRK.B,2023-06-27,334.39,336.73,334.37,335.34,2626698,,https://api.nasdaq.com/api/quote/BRK.B/historical?assetclass=stocks&fromdate=2016-07-26&todate=2026-07-26&limit=5000
BRK.B,2023-06-28,336.05,336.4,332.61,334.15,3216531,,https://api.nasdaq.com/api/quote/BRK.B/historical?assetclass=stocks&fromdate=2016-07-26&todate=2026-07-26&limit=5000
BRK.B,2023-06-29,334.26,337.01,334.14,336.91,2499138,,https://api.nasdaq.com/api/quote/BRK.B/historical?assetclass=stocks&fromdate=2016-07-26&todate=2026-07-26&limit=5000
BRK.B,2023-06-30,338.78,342.5,338.4,341,4522066,,https://api.nasdaq.com/api/quote/BRK.B/historical?assetclass=stocks&fromdate=2016-07-26&todate=2026-07-26&limit=5000
BRK.B,2023-07-03,340.75,342.08,338.41,342,2047440,,https://api.nasdaq.com/api/quote/BRK.B/historical?assetclass=stocks&fromdate=2016-07-26&todate=2026-07-26&limit=5000
BRK.B,2023-07-05,340.05,341.89,338.7,341.56,2875644,,https://api.nasdaq.com/api/quote/BRK.B/historical?assetclass=stocks&fromdate=2016-07-26&todate=2026-07-26&limit=5000
BRK.B,2023-07-06,339.75,341.8,338.91,341.46,2550399,,https://api.nasdaq.com/api/quote/BRK.B/historical?assetclass=stocks&fromdate=2016-07-26&todate=2026-07-26&limit=5000
BRK.B,2023-07-07,340.52,344.07,340.385,340.9,2942066,,https://api.nasdaq.com/api/quote/BRK.B/historical?assetclass=stocks&fromdate=2016-07-26&todate=2026-07-26&limit=5000
BRK.B,2023-07-10,340.48,343.48,339.865,341.13,2966941,,https://api.nasdaq.com/api/quote/BRK.B/historical?assetclass=stocks&fromdate=2016-07-26&todate=2026-07-26&limit=5000
BRK.B,2023-07-11,341.23,343.84,340.925,343.37,2755374,,https://api.nasdaq.com/api/quote/BRK.B/historical?assetclass=stocks&fromdate=2016-07-26&todate=2026-07-26&limit=5000
BRK.B,2023-07-12,345.29,346.44,344.31,345.35,2899407,,https://api.nasdaq.com/api/quote/BRK.B/historical?assetclass=stocks&fromdate=2016-07-26&todate=2026-07-26&limit=5000
BRK.B,2023-07-13,345.6,346.205,343.45,343.54,2833854,,https://api.nasdaq.com/api/quote/BRK.B/historical?assetclass=stocks&fromdate=2016-07-26&todate=2026-07-26&limit=5000
BRK.B,2023-07-14,344.99,345,340.51,341.09,2675172,,https://api.nasdaq.com/api/quote/BRK.B/historical?assetclass=stocks&fromdate=2016-07-26&todate=2026-07-26&limit=5000
BRK.B,2023-07-17,341.09,345.72,341.09,344.25,2361019,,https://api.nasdaq.com/api/quote/BRK.B/historical?assetclass=stocks&fromdate=2016-07-26&todate=2026-07-26&limit=5000
BRK.B,2023-07-18,344.05,347.25,343.54,345.34,2569008,,https://api.nasdaq.com/api/quote/BRK.B/historical?assetclass=stocks&fromdate=2016-07-26&todate=2026-07-26&limit=5000
BRK.B,2023-07-19,344.21,345.38,341.99,342.43,3037697,,https://api.nasdaq.com/api/quote/BRK.B/historical?assetclass=stocks&fromdate=2016-07-26&todate=2026-07-26&limit=5000
BRK.B,2023-07-20,343.09,346.79,342.85,346.61,3147635,,https://api.nasdaq.com/api/quote/BRK.B/historical?assetclass=stocks&fromdate=2016-07-26&todate=2026-07-26&limit=5000
BRK.B,2023-07-21,346.755,347.62,345.1,345.76,3302140,,https://api.nasdaq.com/api/quote/BRK.B/historical?assetclass=stocks&fromdate=2016-07-26&todate=2026-07-26&limit=5000
BRK.B,2023-07-24,346.77,351.19,346.28,349.63,3270037,,https://api.nasdaq.com/api/quote/BRK.B/historical?assetclass=stocks&fromdate=2016-07-26&todate=2026-07-26&limit=5000
BRK.B,2023-07-25,349.32,349.66,345.54,347.58,3016291,,https://api.nasdaq.com/api/quote/BRK.B/historical?assetclass=stocks&fromdate=2016-07-26&todate=2026-07-26&limit=5000
BRK.B,2023-07-26,347.56,351.09,347.52,349.8,2684530,,https://api.nasdaq.com/api/quote/BRK.B/historical?assetclass=stocks&fromdate=2016-07-26&todate=2026-07-26&limit=5000
BRK.B,2023-07-27,350.69,351.27,348.6,349.31,2712061,,https://api.nasdaq.com/api/quote/BRK.B/historical?assetclass=stocks&fromdate=2016-07-26&todate=2026-07-26&limit=5000
BRK.B,2023-07-28,349.93,351,348.32,349.81,2473823,,https://api.nasdaq.com/api/quote/BRK.B/historical?assetclass=stocks&fromdate=2016-07-26&todate=2026-07-26&limit=5000
BRK.B,2023-07-31,350.73,352.33,350.21,351.96,2622162,,https://api.nasdaq.com/api/quote/BRK.B/historical?assetclass=stocks&fromdate=2016-07-26&todate=2026-07-26&limit=5000
BRK.B,2023-08-01,352.03,353.42,351.25,352.26,2296703,,https://api.nasdaq.com/api/quote/BRK.B/historical?assetclass=stocks&fromdate=2016-07-26&todate=2026-07-26&limit=5000
BRK.B,2023-08-02,351.45,352.889,349.69,351.19,3088573,,https://api.nasdaq.com/api/quote/BRK.B/historical?assetclass=stocks&fromdate=2016-07-26&todate=2026-07-26&limit=5000
BRK.B,2023-08-03,350.29,354.47,349.415,353.81,2943675,,https://api.nasdaq.com/api/quote/BRK.B/historical?assetclass=stocks&fromdate=2016-07-26&todate=2026-07-26&limit=5000
BRK.B,2023-08-04,353.99,355.11,349.39,349.99,2843922,,https://api.nasdaq.com/api/quote/BRK.B/historical?assetclass=stocks&fromdate=2016-07-26&todate=2026-07-26&limit=5000
BRK.B,2023-08-07,355.73,364.63,355.15,362.58,5385741,,https://api.nasdaq.com/api/quote/BRK.B/historical?assetclass=stocks&fromdate=2016-07-26&todate=2026-07-26&limit=5000
BRK.B,2023-08-08,359.42,364.25,358.85,363.73,3430319,,https://api.nasdaq.com/api/quote/BRK.B/historical?assetclass=stocks&fromdate=2016-07-26&todate=2026-07-26&limit=5000
BRK.B,2023-08-09,364.2,364.43,356.06,358.02,4425837,,https://api.nasdaq.com/api/quote/BRK.B/historical?assetclass=stocks&fromdate=2016-07-26&todate=2026-07-26&limit=5000
BRK.B,2023-08-10,359.36,362.35,355.92,356.98,3099505,,https://api.nasdaq.com/api/quote/BRK.B/historical?assetclass=stocks&fromdate=2016-07-26&todate=2026-07-26&limit=5000
BRK.B,2023-08-11,356.26,359.2512,353.2,358.35,2476339,,https://api.nasdaq.com/api/quote/BRK.B/historical?assetclass=stocks&fromdate=2016-07-26&todate=2026-07-26&limit=5000
BRK.B,2023-08-14,358.25,358.95,356.81,358.48,1991973,,https://api.nasdaq.com/api/quote/BRK.B/historical?assetclass=stocks&fromdate=2016-07-26&todate=2026-07-26&limit=5000
BRK.B,2023-08-15,357,357.92,353.67,354.5,2866087,,https://api.nasdaq.com/api/quote/BRK.B/historical?assetclass=stocks&fromdate=2016-07-26&todate=2026-07-26&limit=5000
BRK.B,2023-08-16,354.6,358.7203,353.38,354.11,2196921,,https://api.nasdaq.com/api/quote/BRK.B/historical?assetclass=stocks&fromdate=2016-07-26&todate=2026-07-26&limit=5000
BRK.B,2023-08-17,354.01,356.3,351.88,353.19,2851173,,https://api.nasdaq.com/api/quote/BRK.B/historical?assetclass=stocks&fromdate=2016-07-26&todate=2026-07-26&limit=5000
BRK.B,2023-08-18,351.47,354.3,351.25,352.56,2870910,,https://api.nasdaq.com/api/quote/BRK.B/historical?assetclass=stocks&fromdate=2016-07-26&todate=2026-07-26&limit=5000
BRK.B,2023-08-21,354.09,354.18,349.61,352.09,2543100,,https://api.nasdaq.com/api/quote/BRK.B/historical?assetclass=stocks&fromdate=2016-07-26&todate=2026-07-26&limit=5000
BRK.B,2023-08-22,353.01,353.4999,349.6601,350.57,2366926,,https://api.nasdaq.com/api/quote/BRK.B/historical?assetclass=stocks&fromdate=2016-07-26&todate=2026-07-26&limit=5000
BRK.B,2023-08-23,351.63,354.32,351.54,354.26,2241066,,https://api.nasdaq.com/api/quote/BRK.B/historical?assetclass=stocks&fromdate=2016-07-26&todate=2026-07-26&limit=5000
BRK.B,2023-08-24,354.35,357.2276,354.13,354.3,2526601,,https://api.nasdaq.com/api/quote/BRK.B/historical?assetclass=stocks&fromdate=2016-07-26&todate=2026-07-26&limit=5000
BRK.B,2023-08-25,354.99,357.35,352.92,355.93,2137549,,https://api.nasdaq.com/api/quote/BRK.B/historical?assetclass=stocks&fromdate=2016-07-26&todate=2026-07-26&limit=5000
BRK.B,2023-08-28,357.89,358.41,354.53,355.55,1729035,,https://api.nasdaq.com/api/quote/BRK.B/historical?assetclass=stocks&fromdate=2016-07-26&todate=2026-07-26&limit=5000
BRK.B,2023-08-29,355.04,358.59,354.01,358.29,2286942,,https://api.nasdaq.com/api/quote/BRK.B/historical?assetclass=stocks&fromdate=2016-07-26&todate=2026-07-26&limit=5000
BRK.B,2023-08-30,358.63,362.68,358.6,361.06,3063438,,https://api.nasdaq.com/api/quote/BRK.B/historical?assetclass=stocks&fromdate=2016-07-26&todate=2026-07-26&limit=5000
BRK.B,2023-08-31,362.18,362.47,359.25,360.2,2845092,,https://api.nasdaq.com/api/quote/BRK.B/historical?assetclass=stocks&fromdate=2016-07-26&todate=2026-07-26&limit=5000
BRK.B,2023-09-01,362,363.39,360.6,362.46,2638297,,https://api.nasdaq.com/api/quote/BRK.B/historical?assetclass=stocks&fromdate=2016-07-26&todate=2026-07-26&limit=5000
BRK.B,2023-09-05,363.88,366.47,360,360.47,2977246,,https://api.nasdaq.com/api/quote/BRK.B/historical?assetclass=stocks&fromdate=2016-07-26&todate=2026-07-26&limit=5000
BRK.B,2023-09-06,360.02,362.8,359.257,361.67,2656676,,https://api.nasdaq.com/api/quote/BRK.B/historical?assetclass=stocks&fromdate=2016-07-26&todate=2026-07-26&limit=5000
BRK.B,2023-09-07,360.96,363.3,360.87,361.8,3264576,,https://api.nasdaq.com/api/quote/BRK.B/historical?assetclass=stocks&fromdate=2016-07-26&todate=2026-07-26&limit=5000
BRK.B,2023-09-08,362.52,364.83,361.77,363.15,3022938,,https://api.nasdaq.com/api/quote/BRK.B/historical?assetclass=stocks&fromdate=2016-07-26&todate=2026-07-26&limit=5000
BRK.B,2023-09-11,364.87,366.61,364.51,365.52,2926680,,https://api.nasdaq.com/api/quote/BRK.B/historical?assetclass=stocks&fromdate=2016-07-26&todate=2026-07-26&limit=5000
BRK.B,2023-09-12,365.65,370.43,365.47,367.78,2901774,,https://api.nasdaq.com/api/quote/BRK.B/historical?assetclass=stocks&fromdate=2016-07-26&todate=2026-07-26&limit=5000
BRK.B,2023-09-13,369.33,370.84,365.97,367.82,3265928,,https://api.nasdaq.com/api/quote/BRK.B/historical?assetclass=stocks&fromdate=2016-07-26&todate=2026-07-26&limit=5000
BRK.B,2023-09-14,370.1,370.22,368.26,369.5,3677865,,https://api.nasdaq.com/api/quote/BRK.B/historical?assetclass=stocks&fromdate=2016-07-26&todate=2026-07-26&limit=5000
BRK.B,2023-09-15,368.52,370.2,367.52,367.86,11615120,,https://api.nasdaq.com/api/quote/BRK.B/historical?assetclass=stocks&fromdate=2016-07-26&todate=2026-07-26&limit=5000
BRK.B,2023-09-18,369.33,371.33,367.785,370.43,3131548,,https://api.nasdaq.com/api/quote/BRK.B/historical?assetclass=stocks&fromdate=2016-07-26&todate=2026-07-26&limit=5000
BRK.B,2023-09-19,371.64,373.34,368.46,370.48,2606955,,https://api.nasdaq.com/api/quote/BRK.B/historical?assetclass=stocks&fromdate=2016-07-26&todate=2026-07-26&limit=5000
BRK.B,2023-09-20,371.33,371.3427,366.73,366.82,2272080,,https://api.nasdaq.com/api/quote/BRK.B/historical?assetclass=stocks&fromdate=2016-07-26&todate=2026-07-26&limit=5000
BRK.B,2023-09-21,366.56,367.2,362.94,363.28,3179013,,https://api.nasdaq.com/api/quote/BRK.B/historical?assetclass=stocks&fromdate=2016-07-26&todate=2026-07-26&limit=5000
BRK.B,2023-09-22,362.78,363.42,359.76,360.16,3970107,,https://api.nasdaq.com/api/quote/BRK.B/historical?assetclass=stocks&fromdate=2016-07-26&todate=2026-07-26&limit=5000
BRK.B,2023-09-25,359.01,361.89,357.27,361.71,2561880,,https://api.nasdaq.com/api/quote/BRK.B/historical?assetclass=stocks&fromdate=2016-07-26&todate=2026-07-26&limit=5000
BRK.B,2023-09-26,359.8,360.79,357.95,359.42,3070751,,https://api.nasdaq.com/api/quote/BRK.B/historical?assetclass=stocks&fromdate=2016-07-26&todate=2026-07-26&limit=5000
BRK.B,2023-09-27,360.01,360.52,354.27,357.78,3537042,,https://api.nasdaq.com/api/quote/BRK.B/historical?assetclass=stocks&fromdate=2016-07-26&todate=2026-07-26&limit=5000
BRK.B,2023-09-28,357.8,359.47,356.67,357.06,2734400,,https://api.nasdaq.com/api/quote/BRK.B/historical?assetclass=stocks&fromdate=2016-07-26&todate=2026-07-26&limit=5000
BRK.B,2023-09-29,357.3,357.5,348.55,350.3,4935674,,https://api.nasdaq.com/api/quote/BRK.B/historical?assetclass=stocks&fromdate=2016-07-26&todate=2026-07-26&limit=5000
BRK.B,2023-10-02,349.64,350,345.41,348.08,3529125,,https://api.nasdaq.com/api/quote/BRK.B/historical?assetclass=stocks&fromdate=2016-07-26&todate=2026-07-26&limit=5000
BRK.B,2023-10-03,347.39,348.2441,342.13,343.04,3153221,,https://api.nasdaq.com/api/quote/BRK.B/historical?assetclass=stocks&fromdate=2016-07-26&todate=2026-07-26&limit=5000
BRK.B,2023-10-04,342.92,344.01,339.51,343.69,3245444,,https://api.nasdaq.com/api/quote/BRK.B/historical?assetclass=stocks&fromdate=2016-07-26&todate=2026-07-26&limit=5000
BRK.B,2023-10-05,343.7,345.94,342.37,345.06,3029114,,https://api.nasdaq.com/api/quote/BRK.B/historical?assetclass=stocks&fromdate=2016-07-26&todate=2026-07-26&limit=5000
BRK.B,2023-10-06,344.1,348.76,341.86,346.34,3176158,,https://api.nasdaq.com/api/quote/BRK.B/historical?assetclass=stocks&fromdate=2016-07-26&todate=2026-07-26&limit=5000
BRK.B,2023-10-09,344.24,345.9,342.83,345.45,2763106,,https://api.nasdaq.com/api/quote/BRK.B/historical?assetclass=stocks&fromdate=2016-07-26&todate=2026-07-26&limit=5000
BRK.B,2023-10-10,347,349.51,345.5,348.56,2859909,,https://api.nasdaq.com/api/quote/BRK.B/historical?assetclass=stocks&fromdate=2016-07-26&todate=2026-07-26&limit=5000
BRK.B,2023-10-11,349.38,349.6,344.92,348.43,2621414,,https://api.nasdaq.com/api/quote/BRK.B/historical?assetclass=stocks&fromdate=2016-07-26&todate=2026-07-26&limit=5000
BRK.B,2023-10-12,348.21,348.66,343.02,345.66,2678343,,https://api.nasdaq.com/api/quote/BRK.B/historical?assetclass=stocks&fromdate=2016-07-26&todate=2026-07-26&limit=5000
BRK.B,2023-10-13,346,348.44,343.88,345.09,2805970,,https://api.nasdaq.com/api/quote/BRK.B/historical?assetclass=stocks&fromdate=2016-07-26&todate=2026-07-26&limit=5000
BRK.B,2023-10-16,348,349.94,345.83,346.23,3120530,,https://api.nasdaq.com/api/quote/BRK.B/historical?assetclass=stocks&fromdate=2016-07-26&todate=2026-07-26&limit=5000
BRK.B,2023-10-17,346.18,348.4091,344.15,345.39,2999308,,https://api.nasdaq.com/api/quote/BRK.B/historical?assetclass=stocks&fromdate=2016-07-26&todate=2026-07-26&limit=5000
BRK.B,2023-10-18,344.72,344.83,339.96,340.89,2978004,,https://api.nasdaq.com/api/quote/BRK.B/historical?assetclass=stocks&fromdate=2016-07-26&todate=2026-07-26&limit=5000
BRK.B,2023-10-19,340.31,342.69,338.45,338.66,2745685,,https://api.nasdaq.com/api/quote/BRK.B/historical?assetclass=stocks&fromdate=2016-07-26&todate=2026-07-26&limit=5000
BRK.B,2023-10-20,338.15,340,334.35,335.86,3472804,,https://api.nasdaq.com/api/quote/BRK.B/historical?assetclass=stocks&fromdate=2016-07-26&todate=2026-07-26&limit=5000
BRK.B,2023-10-23,334.07,338.88,333.49,336.84,2795170,,https://api.nasdaq.com/api/quote/BRK.B/historical?assetclass=stocks&fromdate=2016-07-26&todate=2026-07-26&limit=5000
BRK.B,2023-10-24,338.18,339.85,337.77,338.63,2356386,,https://api.nasdaq.com/api/quote/BRK.B/historical?assetclass=stocks&fromdate=2016-07-26&todate=2026-07-26&limit=5000
BRK.B,2023-10-25,338.59,339.62,336.55,336.9,2624711,,https://api.nasdaq.com/api/quote/BRK.B/historical?assetclass=stocks&fromdate=2016-07-26&todate=2026-07-26&limit=5000
BRK.B,2023-10-26,337.07,338.315,335.46,336.16,2687088,,https://api.nasdaq.com/api/quote/BRK.B/historical?assetclass=stocks&fromdate=2016-07-26&todate=2026-07-26&limit=5000
BRK.B,2023-10-27,336.12,336.19,330.58,331.71,3609115,,https://api.nasdaq.com/api/quote/BRK.B/historical?assetclass=stocks&fromdate=2016-07-26&todate=2026-07-26&limit=5000
BRK.B,2023-10-30,332.96,338.36,332.175,337.41,2635839,,https://api.nasdaq.com/api/quote/BRK.B/historical?assetclass=stocks&fromdate=2016-07-26&todate=2026-07-26&limit=5000
BRK.B,2023-10-31,337.95,341.49,337.5,341.33,3067894,,https://api.nasdaq.com/api/quote/BRK.B/historical?assetclass=stocks&fromdate=2016-07-26&todate=2026-07-26&limit=5000
BRK.B,2023-11-01,341.21,345.33,340.58,343.75,2790593,,https://api.nasdaq.com/api/quote/BRK.B/historical?assetclass=stocks&fromdate=2016-07-26&todate=2026-07-26&limit=5000
BRK.B,2023-11-02,346.39,349.385,344.5,349.02,3437737,,https://api.nasdaq.com/api/quote/BRK.B/historical?assetclass=stocks&fromdate=2016-07-26&todate=2026-07-26&limit=5000
BRK.B,2023-11-03,350.17,354.35,349.79,351.81,4410901,,https://api.nasdaq.com/api/quote/BRK.B/historical?assetclass=stocks&fromdate=2016-07-26&todate=2026-07-26&limit=5000
BRK.B,2023-11-06,354.03,354.03,344.06,346.63,5489338,,https://api.nasdaq.com/api/quote/BRK.B/historical?assetclass=stocks&fromdate=2016-07-26&todate=2026-07-26&limit=5000
BRK.B,2023-11-07,346.81,346.95,344.295,346.17,3063822,,https://api.nasdaq.com/api/quote/BRK.B/historical?assetclass=stocks&fromdate=2016-07-26&todate=2026-07-26&limit=5000
BRK.B,2023-11-08,346.85,348,344.6871,346.3,2604356,,https://api.nasdaq.com/api/quote/BRK.B/historical?assetclass=stocks&fromdate=2016-07-26&todate=2026-07-26&limit=5000
BRK.B,2023-11-09,347.64,350.11,346.8816,348.18,3054272,,https://api.nasdaq.com/api/quote/BRK.B/historical?assetclass=stocks&fromdate=2016-07-26&todate=2026-07-26&limit=5000
BRK.B,2023-11-10,349.6,351.2,348.6,350.56,3702339,,https://api.nasdaq.com/api/quote/BRK.B/historical?assetclass=stocks&fromdate=2016-07-26&todate=2026-07-26&limit=5000
BRK.B,2023-11-13,350.09,350.6475,348.81,350.01,2196921,,https://api.nasdaq.com/api/quote/BRK.B/historical?assetclass=stocks&fromdate=2016-07-26&todate=2026-07-26&limit=5000
BRK.B,2023-11-14,352.52,355.95,351.25,354.25,3388316,,https://api.nasdaq.com/api/quote/BRK.B/historical?assetclass=stocks&fromdate=2016-07-26&todate=2026-07-26&limit=5000
BRK.B,2023-11-15,355.02,357.31,354.4822,356.79,3577350,,https://api.nasdaq.com/api/quote/BRK.B/historical?assetclass=stocks&fromdate=2016-07-26&todate=2026-07-26&limit=5000
BRK.B,2023-11-16,357.79,360,357.23,359.86,2830358,,https://api.nasdaq.com/api/quote/BRK.B/historical?assetclass=stocks&fromdate=2016-07-26&todate=2026-07-26&limit=5000
BRK.B,2023-11-17,360.47,360.56,358.07,358.93,3260955,,https://api.nasdaq.com/api/quote/BRK.B/historical?assetclass=stocks&fromdate=2016-07-26&todate=2026-07-26&limit=5000
BRK.B,2023-11-20,359.35,362.61,358.18,361.33,3219051,,https://api.nasdaq.com/api/quote/BRK.B/historical?assetclass=stocks&fromdate=2016-07-26&todate=2026-07-26&limit=5000
BRK.B,2023-11-21,360.58,363.03,360.25,361,2919342,,https://api.nasdaq.com/api/quote/BRK.B/historical?assetclass=stocks&fromdate=2016-07-26&todate=2026-07-26&limit=5000
BRK.B,2023-11-22,361.76,362.46,360.05,361.8,2110602,,https://api.nasdaq.com/api/quote/BRK.B/historical?assetclass=stocks&fromdate=2016-07-26&todate=2026-07-26&limit=5000
BRK.B,2023-11-24,362.51,363.1919,361.24,362.68,1281978,,https://api.nasdaq.com/api/quote/BRK.B/historical?assetclass=stocks&fromdate=2016-07-26&todate=2026-07-26&limit=5000
BRK.B,2023-11-27,362.64,362.64,359.58,361.34,2583674,,https://api.nasdaq.com/api/quote/BRK.B/historical?assetclass=stocks&fromdate=2016-07-26&todate=2026-07-26&limit=5000
BRK.B,2023-11-28,361.55,362.12,359.21,360.05,2958540,,https://api.nasdaq.com/api/quote/BRK.B/historical?assetclass=stocks&fromdate=2016-07-26&todate=2026-07-26&limit=5000
BRK.B,2023-11-29,360.95,361.52,358.3001,358.69,3141450,,https://api.nasdaq.com/api/quote/BRK.B/historical?assetclass=stocks&fromdate=2016-07-26&todate=2026-07-26&limit=5000
BRK.B,2023-11-30,359.45,360.43,358.42,360,4607404,,https://api.nasdaq.com/api/quote/BRK.B/historical?assetclass=stocks&fromdate=2016-07-26&todate=2026-07-26&limit=5000
BRK.B,2023-12-01,359.94,360.24,355.3,357.07,4706958,,https://api.nasdaq.com/api/quote/BRK.B/historical?assetclass=stocks&fromdate=2016-07-26&todate=2026-07-26&limit=5000
BRK.B,2023-12-04,355.91,357.83,353.79,356.66,3054245,,https://api.nasdaq.com/api/quote/BRK.B/historical?assetclass=stocks&fromdate=2016-07-26&todate=2026-07-26&limit=5000
BRK.B,2023-12-05,355.23,356.6,352.29,355.03,3281046,,https://api.nasdaq.com/api/quote/BRK.B/historical?assetclass=stocks&fromdate=2016-07-26&todate=2026-07-26&limit=5000
BRK.B,2023-12-06,356.15,357.45,351.89,352.38,3040448,,https://api.nasdaq.com/api/quote/BRK.B/historical?assetclass=stocks&fromdate=2016-07-26&todate=2026-07-26&limit=5000
BRK.B,2023-12-07,352,353.02,350.85,352.7,2833348,,https://api.nasdaq.com/api/quote/BRK.B/historical?assetclass=stocks&fromdate=2016-07-26&todate=2026-07-26&limit=5000
BRK.B,2023-12-08,353,353.67,351.02,353.08,3289270,,https://api.nasdaq.com/api/quote/BRK.B/historical?assetclass=stocks&fromdate=2016-07-26&todate=2026-07-26&limit=5000
BRK.B,2023-12-11,355,357.49,354.21,357.06,3111595,,https://api.nasdaq.com/api/quote/BRK.B/historical?assetclass=stocks&fromdate=2016-07-26&todate=2026-07-26&limit=5000
BRK.B,2023-12-12,357.9,360.405,356.76,360.02,3193023,,https://api.nasdaq.com/api/quote/BRK.B/historical?assetclass=stocks&fromdate=2016-07-26&todate=2026-07-26&limit=5000
BRK.B,2023-12-13,360.19,362.15,359.0433,362.03,3161868,,https://api.nasdaq.com/api/quote/BRK.B/historical?assetclass=stocks&fromdate=2016-07-26&todate=2026-07-26&limit=5000
BRK.B,2023-12-14,364.05,364.05,356.38,358.12,5516384,,https://api.nasdaq.com/api/quote/BRK.B/historical?assetclass=stocks&fromdate=2016-07-26&todate=2026-07-26&limit=5000
BRK.B,2023-12-15,357.63,358,354.2,356.5,8579201,,https://api.nasdaq.com/api/quote/BRK.B/historical?assetclass=stocks&fromdate=2016-07-26&todate=2026-07-26&limit=5000
BRK.B,2023-12-18,357.42,361.14,357,359.65,4527792,,https://api.nasdaq.com/api/quote/BRK.B/historical?assetclass=stocks&fromdate=2016-07-26&todate=2026-07-26&limit=5000
BRK.B,2023-12-19,360.15,362.55,359.09,361.8,3085367,,https://api.nasdaq.com/api/quote/BRK.B/historical?assetclass=stocks&fromdate=2016-07-26&todate=2026-07-26&limit=5000
BRK.B,2023-12-20,361.52,361.66,355.12,355.35,3930397,,https://api.nasdaq.com/api/quote/BRK.B/historical?assetclass=stocks&fromdate=2016-07-26&todate=2026-07-26&limit=5000
BRK.B,2023-12-21,356.02,357.2,353.63,356.14,2852723,,https://api.nasdaq.com/api/quote/BRK.B/historical?assetclass=stocks&fromdate=2016-07-26&todate=2026-07-26&limit=5000
BRK.B,2023-12-22,356.5,358.26,355.4063,356.47,2333775,,https://api.nasdaq.com/api/quote/BRK.B/historical?assetclass=stocks&fromdate=2016-07-26&todate=2026-07-26&limit=5000
BRK.B,2023-12-26,356.9,357.77,356.08,356.83,1965105,,https://api.nasdaq.com/api/quote/BRK.B/historical?assetclass=stocks&fromdate=2016-07-26&todate=2026-07-26&limit=5000
BRK.B,2023-12-27,355.93,357.08,355.5,356.95,2478787,,https://api.nasdaq.com/api/quote/BRK.B/historical?assetclass=stocks&fromdate=2016-07-26&todate=2026-07-26&limit=5000
BRK.B,2023-12-28,357.48,358.68,356.725,357.57,2742792,,https://api.nasdaq.com/api/quote/BRK.B/historical?assetclass=stocks&fromdate=2016-07-26&todate=2026-07-26&limit=5000
BRK.B,2023-12-29,357.56,357.86,355.31,356.66,3270014,,https://api.nasdaq.com/api/quote/BRK.B/historical?assetclass=stocks&fromdate=2016-07-26&todate=2026-07-26&limit=5000
BRK.B,2024-01-02,356.32,362.57,355.94,362.46,4740903,,https://api.nasdaq.com/api/quote/BRK.B/historical?assetclass=stocks&fromdate=2016-07-26&todate=2026-07-26&limit=5000
BRK.B,2024-01-03,362.08,367.85,361.071,366.75,4322822,,https://api.nasdaq.com/api/quote/BRK.B/historical?assetclass=stocks&fromdate=2016-07-26&todate=2026-07-26&limit=5000
BRK.B,2024-01-04,367.41,369.37,363.41,363.68,4144302,,https://api.nasdaq.com/api/quote/BRK.B/historical?assetclass=stocks&fromdate=2016-07-26&todate=2026-07-26&limit=5000
BRK.B,2024-01-05,364.83,366.3008,364.19,365.59,2965666,,https://api.nasdaq.com/api/quote/BRK.B/historical?assetclass=stocks&fromdate=2016-07-26&todate=2026-07-26&limit=5000
BRK.B,2024-01-08,366.01,368.3,364.2,368.18,3454065,,https://api.nasdaq.com/api/quote/BRK.B/historical?assetclass=stocks&fromdate=2016-07-26&todate=2026-07-26&limit=5000
BRK.B,2024-01-09,368,368,364.77,366.9,2999607,,https://api.nasdaq.com/api/quote/BRK.B/historical?assetclass=stocks&fromdate=2016-07-26&todate=2026-07-26&limit=5000
BRK.B,2024-01-10,366.26,368.83,365.75,367.92,2448737,,https://api.nasdaq.com/api/quote/BRK.B/historical?assetclass=stocks&fromdate=2016-07-26&todate=2026-07-26&limit=5000
BRK.B,2024-01-11,367.81,367.89,362.13,363.34,3579713,,https://api.nasdaq.com/api/quote/BRK.B/historical?assetclass=stocks&fromdate=2016-07-26&todate=2026-07-26&limit=5000
BRK.B,2024-01-12,366.51,366.85,362.5672,363.62,2623907,,https://api.nasdaq.com/api/quote/BRK.B/historical?assetclass=stocks&fromdate=2016-07-26&todate=2026-07-26&limit=5000
BRK.B,2024-01-16,362.94,363.6,359.89,361.1,3047780,,https://api.nasdaq.com/api/quote/BRK.B/historical?assetclass=stocks&fromdate=2016-07-26&todate=2026-07-26&limit=5000
BRK.B,2024-01-17,359.01,362.53,357.98,359.29,2551707,,https://api.nasdaq.com/api/quote/BRK.B/historical?assetclass=stocks&fromdate=2016-07-26&todate=2026-07-26&limit=5000
BRK.B,2024-01-18,359.25,362.64,358.3,362.38,3008442,,https://api.nasdaq.com/api/quote/BRK.B/historical?assetclass=stocks&fromdate=2016-07-26&todate=2026-07-26&limit=5000
BRK.B,2024-01-19,362.25,368.31,361.02,366.99,4092548,,https://api.nasdaq.com/api/quote/BRK.B/historical?assetclass=stocks&fromdate=2016-07-26&todate=2026-07-26&limit=5000
BRK.B,2024-01-22,368.05,369.27,366.53,368.06,3558313,,https://api.nasdaq.com/api/quote/BRK.B/historical?assetclass=stocks&fromdate=2016-07-26&todate=2026-07-26&limit=5000
BRK.B,2024-01-23,368.02,372.42,367.705,372.14,2900467,,https://api.nasdaq.com/api/quote/BRK.B/historical?assetclass=stocks&fromdate=2016-07-26&todate=2026-07-26&limit=5000
BRK.B,2024-01-24,372.53,377.79,372.03,376.59,4594038,,https://api.nasdaq.com/api/quote/BRK.B/historical?assetclass=stocks&fromdate=2016-07-26&todate=2026-07-26&limit=5000
BRK.B,2024-01-25,379.24,380.99,377.89,380.85,4059189,,https://api.nasdaq.com/api/quote/BRK.B/historical?assetclass=stocks&fromdate=2016-07-26&todate=2026-07-26&limit=5000
BRK.B,2024-01-26,381.05,385.73,380,385.4,3624361,,https://api.nasdaq.com/api/quote/BRK.B/historical?assetclass=stocks&fromdate=2016-07-26&todate=2026-07-26&limit=5000
BRK.B,2024-01-29,385.49,385.7,379.17,383.18,3799251,,https://api.nasdaq.com/api/quote/BRK.B/historical?assetclass=stocks&fromdate=2016-07-26&todate=2026-07-26&limit=5000
BRK.B,2024-01-30,383.24,387.64,380.08,387.15,3094226,,https://api.nasdaq.com/api/quote/BRK.B/historical?assetclass=stocks&fromdate=2016-07-26&todate=2026-07-26&limit=5000
BRK.B,2024-01-31,386.53,387.92,383.55,383.74,3857684,,https://api.nasdaq.com/api/quote/BRK.B/historical?assetclass=stocks&fromdate=2016-07-26&todate=2026-07-26&limit=5000
BRK.B,2024-02-01,384,386.55,381.475,386.44,2949959,,https://api.nasdaq.com/api/quote/BRK.B/historical?assetclass=stocks&fromdate=2016-07-26&todate=2026-07-26&limit=5000
BRK.B,2024-02-02,386.68,392.07,386.44,390.75,3808499,,https://api.nasdaq.com/api/quote/BRK.B/historical?assetclass=stocks&fromdate=2016-07-26&todate=2026-07-26&limit=5000
BRK.B,2024-02-05,389.95,393.37,389.285,390.76,3653265,,https://api.nasdaq.com/api/quote/BRK.B/historical?assetclass=stocks&fromdate=2016-07-26&todate=2026-07-26&limit=5000
BRK.B,2024-02-06,390.29,393.93,390,393.74,2574602,,https://api.nasdaq.com/api/quote/BRK.B/historical?assetclass=stocks&fromdate=2016-07-26&todate=2026-07-26&limit=5000
BRK.B,2024-02-07,394.6,399.15,394.36,397.66,3429024,,https://api.nasdaq.com/api/quote/BRK.B/historical?assetclass=stocks&fromdate=2016-07-26&todate=2026-07-26&limit=5000
BRK.B,2024-02-08,397.22,398.65,394.85,397.49,3359311,,https://api.nasdaq.com/api/quote/BRK.B/historical?assetclass=stocks&fromdate=2016-07-26&todate=2026-07-26&limit=5000
BRK.B,2024-02-09,397.31,398.36,395.82,398.36,2510146,,https://api.nasdaq.com/api/quote/BRK.B/historical?assetclass=stocks&fromdate=2016-07-26&todate=2026-07-26&limit=5000
BRK.B,2024-02-12,398.65,399.48,396.19,397.71,2820408,,https://api.nasdaq.com/api/quote/BRK.B/historical?assetclass=stocks&fromdate=2016-07-26&todate=2026-07-26&limit=5000
BRK.B,2024-02-13,397.18,399.705,392.1,394.8,3459672,,https://api.nasdaq.com/api/quote/BRK.B/historical?assetclass=stocks&fromdate=2016-07-26&todate=2026-07-26&limit=5000
BRK.B,2024-02-14,395.15,398.86,393.5477,398.68,2670953,,https://api.nasdaq.com/api/quote/BRK.B/historical?assetclass=stocks&fromdate=2016-07-26&todate=2026-07-26&limit=5000
BRK.B,2024-02-15,399.14,404.2699,398.3,403.45,3076698,,https://api.nasdaq.com/api/quote/BRK.B/historical?assetclass=stocks&fromdate=2016-07-26&todate=2026-07-26&limit=5000
BRK.B,2024-02-16,404.44,406.74,402.59,405.99,3533386,,https://api.nasdaq.com/api/quote/BRK.B/historical?assetclass=stocks&fromdate=2016-07-26&todate=2026-07-26&limit=5000
BRK.B,2024-02-20,406.47,411.11,406.06,407.15,3534163,,https://api.nasdaq.com/api/quote/BRK.B/historical?assetclass=stocks&fromdate=2016-07-26&todate=2026-07-26&limit=5000
BRK.B,2024-02-21,408.26,409.48,406.7,409.25,2720475,,https://api.nasdaq.com/api/quote/BRK.B/historical?assetclass=stocks&fromdate=2016-07-26&todate=2026-07-26&limit=5000
BRK.B,2024-02-22,411.3,416.26,411,415.16,3697494,,https://api.nasdaq.com/api/quote/BRK.B/historical?assetclass=stocks&fromdate=2016-07-26&todate=2026-07-26&limit=5000
BRK.B,2024-02-23,417.68,420.56,416.52,417.22,4025164,,https://api.nasdaq.com/api/quote/BRK.B/historical?assetclass=stocks&fromdate=2016-07-26&todate=2026-07-26&limit=5000
BRK.B,2024-02-26,422,430,408.8468,409.14,7446190,,https://api.nasdaq.com/api/quote/BRK.B/historical?assetclass=stocks&fromdate=2016-07-26&todate=2026-07-26&limit=5000
BRK.B,2024-02-27,409.21,409.9625,401.71,408.91,4610892,,https://api.nasdaq.com/api/quote/BRK.B/historical?assetclass=stocks&fromdate=2016-07-26&todate=2026-07-26&limit=5000
BRK.B,2024-02-28,408.5,414.665,407.7126,412.14,4069203,,https://api.nasdaq.com/api/quote/BRK.B/historical?assetclass=stocks&fromdate=2016-07-26&todate=2026-07-26&limit=5000
BRK.B,2024-02-29,413.1,413.79,408.38,409.4,4849104,,https://api.nasdaq.com/api/quote/BRK.B/historical?assetclass=stocks&fromdate=2016-07-26&todate=2026-07-26&limit=5000
BRK.B,2024-03-01,409.48,410.39,405.45,407.11,3284244,,https://api.nasdaq.com/api/quote/BRK.B/historical?assetclass=stocks&fromdate=2016-07-26&todate=2026-07-26&limit=5000
BRK.B,2024-03-04,405,405.95,401.43,403.39,4183800,,https://api.nasdaq.com/api/quote/BRK.B/historical?assetclass=stocks&fromdate=2016-07-26&todate=2026-07-26&limit=5000
BRK.B,2024-03-05,402.55,403.3279,398.78,400.74,4714395,,https://api.nasdaq.com/api/quote/BRK.B/historical?assetclass=stocks&fromdate=2016-07-26&todate=2026-07-26&limit=5000
BRK.B,2024-03-06,402.18,407.44,401.695,403.96,3842562,,https://api.nasdaq.com/api/quote/BRK.B/historical?assetclass=stocks&fromdate=2016-07-26&todate=2026-07-26&limit=5000
BRK.B,2024-03-07,406.11,406.4,399.5699,402.39,4187608,,https://api.nasdaq.com/api/quote/BRK.B/historical?assetclass=stocks&fromdate=2016-07-26&todate=2026-07-26&limit=5000
BRK.B,2024-03-08,401.08,403.36,400.01,403.15,3417859,,https://api.nasdaq.com/api/quote/BRK.B/historical?assetclass=stocks&fromdate=2016-07-26&todate=2026-07-26&limit=5000
BRK.B,2024-03-11,403.3,405.01,402.7406,404.76,2438383,,https://api.nasdaq.com/api/quote/BRK.B/historical?assetclass=stocks&fromdate=2016-07-26&todate=2026-07-26&limit=5000
BRK.B,2024-03-12,406.78,407.2,404.1,404.98,2620804,,https://api.nasdaq.com/api/quote/BRK.B/historical?assetclass=stocks&fromdate=2016-07-26&todate=2026-07-26&limit=5000
BRK.B,2024-03-13,405.3,409,404.15,408.13,3586358,,https://api.nasdaq.com/api/quote/BRK.B/historical?assetclass=stocks&fromdate=2016-07-26&todate=2026-07-26&limit=5000
BRK.B,2024-03-14,409.08,409.08,403.34,406.73,3739644,,https://api.nasdaq.com/api/quote/BRK.B/historical?assetclass=stocks&fromdate=2016-07-26&todate=2026-07-26&limit=5000
BRK.B,2024-03-15,404.27,408.46,402.5,408.13,7557843,,https://api.nasdaq.com/api/quote/BRK.B/historical?assetclass=stocks&fromdate=2016-07-26&todate=2026-07-26&limit=5000
BRK.B,2024-03-18,408.7,410.5999,406,408.41,3778561,,https://api.nasdaq.com/api/quote/BRK.B/historical?assetclass=stocks&fromdate=2016-07-26&todate=2026-07-26&limit=5000
BRK.B,2024-03-19,409.08,412.19,408.09,411.76,2804025,,https://api.nasdaq.com/api/quote/BRK.B/historical?assetclass=stocks&fromdate=2016-07-26&todate=2026-07-26&limit=5000
BRK.B,2024-03-20,412.02,416.31,411.55,416.11,2935528,,https://api.nasdaq.com/api/quote/BRK.B/historical?assetclass=stocks&fromdate=2016-07-26&todate=2026-07-26&limit=5000
BRK.B,2024-03-21,416.7,417.825,413.51,413.78,3402874,,https://api.nasdaq.com/api/quote/BRK.B/historical?assetclass=stocks&fromdate=2016-07-26&todate=2026-07-26&limit=5000
BRK.B,2024-03-22,413,414.35,411.4,411.6,3000546,,https://api.nasdaq.com/api/quote/BRK.B/historical?assetclass=stocks&fromdate=2016-07-26&todate=2026-07-26&limit=5000
BRK.B,2024-03-25,410.67,411.065,408.9244,409.92,2808910,,https://api.nasdaq.com/api/quote/BRK.B/historical?assetclass=stocks&fromdate=2016-07-26&todate=2026-07-26&limit=5000
BRK.B,2024-03-26,410,412.66,408.6001,411.57,2936406,,https://api.nasdaq.com/api/quote/BRK.B/historical?assetclass=stocks&fromdate=2016-07-26&todate=2026-07-26&limit=5000
BRK.B,2024-03-27,413.65,417.21,413.4,416.93,2929158,,https://api.nasdaq.com/api/quote/BRK.B/historical?assetclass=stocks&fromdate=2016-07-26&todate=2026-07-26&limit=5000
BRK.B,2024-03-28,417.8,421.44,415.85,420.52,4378770,,https://api.nasdaq.com/api/quote/BRK.B/historical?assetclass=stocks&fromdate=2016-07-26&todate=2026-07-26&limit=5000
BRK.B,2024-04-01,421.49,421.66,417.81,420.2,2718872,,https://api.nasdaq.com/api/quote/BRK.B/historical?assetclass=stocks&fromdate=2016-07-26&todate=2026-07-26&limit=5000
BRK.B,2024-04-02,419.75,421.01,418.085,418.92,3175139,,https://api.nasdaq.com/api/quote/BRK.B/historical?assetclass=stocks&fromdate=2016-07-26&todate=2026-07-26&limit=5000
BRK.B,2024-04-03,419,421.9099,418.52,420.24,2742174,,https://api.nasdaq.com/api/quote/BRK.B/historical?assetclass=stocks&fromdate=2016-07-26&todate=2026-07-26&limit=5000
BRK.B,2024-04-04,423.84,424.52,414.55,415.32,3802994,,https://api.nasdaq.com/api/quote/BRK.B/historical?assetclass=stocks&fromdate=2016-07-26&todate=2026-07-26&limit=5000
BRK.B,2024-04-05,416.56,419.27,415.41,418.62,2739587,,https://api.nasdaq.com/api/quote/BRK.B/historical?assetclass=stocks&fromdate=2016-07-26&todate=2026-07-26&limit=5000
BRK.B,2024-04-08,418.32,418.57,415.625,415.97,2486651,,https://api.nasdaq.com/api/quote/BRK.B/historical?assetclass=stocks&fromdate=2016-07-26&todate=2026-07-26&limit=5000
BRK.B,2024-04-09,416.58,417.32,412.12,414.69,2234137,,https://api.nasdaq.com/api/quote/BRK.B/historical?assetclass=stocks&fromdate=2016-07-26&todate=2026-07-26&limit=5000
BRK.B,2024-04-10,412.74,413.56,407.53,409.11,3125230,,https://api.nasdaq.com/api/quote/BRK.B/historical?assetclass=stocks&fromdate=2016-07-26&todate=2026-07-26&limit=5000
BRK.B,2024-04-11,408.4,411.1499,404.0531,407.61,2891952,,https://api.nasdaq.com/api/quote/BRK.B/historical?assetclass=stocks&fromdate=2016-07-26&todate=2026-07-26&limit=5000
BRK.B,2024-04-12,405,407.21,401.44,403.26,3469707,,https://api.nasdaq.com/api/quote/BRK.B/historical?assetclass=stocks&fromdate=2016-07-26&todate=2026-07-26&limit=5000
BRK.B,2024-04-15,406.99,409.0554,399.86,400.26,3004477,,https://api.nasdaq.com/api/quote/BRK.B/historical?assetclass=stocks&fromdate=2016-07-26&todate=2026-07-26&limit=5000
BRK.B,2024-04-16,400.97,401.25,396.5,396.92,3438078,,https://api.nasdaq.com/api/quote/BRK.B/historical?assetclass=stocks&fromdate=2016-07-26&todate=2026-07-26&limit=5000
BRK.B,2024-04-17,398.94,399.28,395.661,397.74,2466391,,https://api.nasdaq.com/api/quote/BRK.B/historical?assetclass=stocks&fromdate=2016-07-26&todate=2026-07-26&limit=5000
BRK.B,2024-04-18,399.7,402.99,399.1,399.89,2672415,,https://api.nasdaq.com/api/quote/BRK.B/historical?assetclass=stocks&fromdate=2016-07-26&todate=2026-07-26&limit=5000
BRK.B,2024-04-19,401.04,405.57,400.17,405.08,3999913,,https://api.nasdaq.com/api/quote/BRK.B/historical?assetclass=stocks&fromdate=2016-07-26&todate=2026-07-26&limit=5000
BRK.B,2024-04-22,406.84,411.35,406.25,408.78,2981614,,https://api.nasdaq.com/api/quote/BRK.B/historical?assetclass=stocks&fromdate=2016-07-26&todate=2026-07-26&limit=5000
BRK.B,2024-04-23,410.25,410.72,405.64,408.74,2288595,,https://api.nasdaq.com/api/quote/BRK.B/historical?assetclass=stocks&fromdate=2016-07-26&todate=2026-07-26&limit=5000
BRK.B,2024-04-24,407.1,407.62,403.88,405.95,2508495,,https://api.nasdaq.com/api/quote/BRK.B/historical?assetclass=stocks&fromdate=2016-07-26&todate=2026-07-26&limit=5000
BRK.B,2024-04-25,404.85,406.14,400.35,404.91,2676009,,https://api.nasdaq.com/api/quote/BRK.B/historical?assetclass=stocks&fromdate=2016-07-26&todate=2026-07-26&limit=5000
BRK.B,2024-04-26,403.92,404.75,401.41,402.1,3025406,,https://api.nasdaq.com/api/quote/BRK.B/historical?assetclass=stocks&fromdate=2016-07-26&todate=2026-07-26&limit=5000
BRK.B,2024-04-29,402.66,404.87,400.08,400.96,2365421,,https://api.nasdaq.com/api/quote/BRK.B/historical?assetclass=stocks&fromdate=2016-07-26&todate=2026-07-26&limit=5000
BRK.B,2024-04-30,400.58,400.6,396.37,396.73,3074765,,https://api.nasdaq.com/api/quote/BRK.B/historical?assetclass=stocks&fromdate=2016-07-26&todate=2026-07-26&limit=5000
BRK.B,2024-05-01,396.61,402.32,396.35,398.58,2606198,,https://api.nasdaq.com/api/quote/BRK.B/historical?assetclass=stocks&fromdate=2016-07-26&todate=2026-07-26&limit=5000
BRK.B,2024-05-02,401,401.56,397.88,400.6,2679740,,https://api.nasdaq.com/api/quote/BRK.B/historical?assetclass=stocks&fromdate=2016-07-26&todate=2026-07-26&limit=5000
BRK.B,2024-05-03,404.5,404.5,399.21,400.87,4130994,,https://api.nasdaq.com/api/quote/BRK.B/historical?assetclass=stocks&fromdate=2016-07-26&todate=2026-07-26&limit=5000
BRK.B,2024-05-06,403.96,405.15,399.26,404.92,3920908,,https://api.nasdaq.com/api/quote/BRK.B/historical?assetclass=stocks&fromdate=2016-07-26&todate=2026-07-26&limit=5000
BRK.B,2024-05-07,406.93,407.26,403.6105,406.14,3085702,,https://api.nasdaq.com/api/quote/BRK.B/historical?assetclass=stocks&fromdate=2016-07-26&todate=2026-07-26&limit=5000
BRK.B,2024-05-08,406.47,407.229,403.75,406.37,2399639,,https://api.nasdaq.com/api/quote/BRK.B/historical?assetclass=stocks&fromdate=2016-07-26&todate=2026-07-26&limit=5000
BRK.B,2024-05-09,406.25,408.87,405.46,408.82,2358862,,https://api.nasdaq.com/api/quote/BRK.B/historical?assetclass=stocks&fromdate=2016-07-26&todate=2026-07-26&limit=5000
BRK.B,2024-05-10,409.85,412.38,409.2,412.05,3087837,,https://api.nasdaq.com/api/quote/BRK.B/historical?assetclass=stocks&fromdate=2016-07-26&todate=2026-07-26&limit=5000
BRK.B,2024-05-13,414.06,414.2996,410.19,411.22,2711154,,https://api.nasdaq.com/api/quote/BRK.B/historical?assetclass=stocks&fromdate=2016-07-26&todate=2026-07-26&limit=5000
BRK.B,2024-05-14,410.45,411.5592,408.17,410.24,2674407,,https://api.nasdaq.com/api/quote/BRK.B/historical?assetclass=stocks&fromdate=2016-07-26&todate=2026-07-26&limit=5000
BRK.B,2024-05-15,410.51,413.4,410.1,412.76,2857594,,https://api.nasdaq.com/api/quote/BRK.B/historical?assetclass=stocks&fromdate=2016-07-26&todate=2026-07-26&limit=5000
BRK.B,2024-05-16,413.8,416.34,412.91,413.12,3550693,,https://api.nasdaq.com/api/quote/BRK.B/historical?assetclass=stocks&fromdate=2016-07-26&todate=2026-07-26&limit=5000
BRK.B,2024-05-17,413.98,417.33,413.7,416.94,2990028,,https://api.nasdaq.com/api/quote/BRK.B/historical?assetclass=stocks&fromdate=2016-07-26&todate=2026-07-26&limit=5000
BRK.B,2024-05-20,417.04,417.28,412.615,413,3292715,,https://api.nasdaq.com/api/quote/BRK.B/historical?assetclass=stocks&fromdate=2016-07-26&todate=2026-07-26&limit=5000
BRK.B,2024-05-21,413.59,415.7,412.56,414.37,2740759,,https://api.nasdaq.com/api/quote/BRK.B/historical?assetclass=stocks&fromdate=2016-07-26&todate=2026-07-26&limit=5000
BRK.B,2024-05-22,414.95,417.26,412.96,413.99,2673507,,https://api.nasdaq.com/api/quote/BRK.B/historical?assetclass=stocks&fromdate=2016-07-26&todate=2026-07-26&limit=5000
BRK.B,2024-05-23,413.25,413.25,404.87,405.88,3398121,,https://api.nasdaq.com/api/quote/BRK.B/historical?assetclass=stocks&fromdate=2016-07-26&todate=2026-07-26&limit=5000
BRK.B,2024-05-24,406.9,407.9599,405.5,407.41,2068921,,https://api.nasdaq.com/api/quote/BRK.B/historical?assetclass=stocks&fromdate=2016-07-26&todate=2026-07-26&limit=5000
BRK.B,2024-05-28,408.24,408.24,401.87,403.9,3321863,,https://api.nasdaq.com/api/quote/BRK.B/historical?assetclass=stocks&fromdate=2016-07-26&todate=2026-07-26&limit=5000
BRK.B,2024-05-29,403,405.87,401.58,404.09,3428787,,https://api.nasdaq.com/api/quote/BRK.B/historical?assetclass=stocks&fromdate=2016-07-26&todate=2026-07-26&limit=5000
BRK.B,2024-05-30,403.77,409.04,402.7701,408.61,2907090,,https://api.nasdaq.com/api/quote/BRK.B/historical?assetclass=stocks&fromdate=2016-07-26&todate=2026-07-26&limit=5000
BRK.B,2024-05-31,408.09,415.4,406.88,414.4,5197520,,https://api.nasdaq.com/api/quote/BRK.B/historical?assetclass=stocks&fromdate=2016-07-26&todate=2026-07-26&limit=5000
BRK.B,2024-06-03,414.89,416.72,408.78,414.79,4905810,,https://api.nasdaq.com/api/quote/BRK.B/historical?assetclass=stocks&fromdate=2016-07-26&todate=2026-07-26&limit=5000
BRK.B,2024-06-04,414.85,415.89,406.4401,409.53,4157980,,https://api.nasdaq.com/api/quote/BRK.B/historical?assetclass=stocks&fromdate=2016-07-26&todate=2026-07-26&limit=5000
BRK.B,2024-06-05,410.1,410.275,405.77,409.85,2643906,,https://api.nasdaq.com/api/quote/BRK.B/historical?assetclass=stocks&fromdate=2016-07-26&todate=2026-07-26&limit=5000
BRK.B,2024-06-06,410.42,411.24,407.38,411.08,3447914,,https://api.nasdaq.com/api/quote/BRK.B/historical?assetclass=stocks&fromdate=2016-07-26&todate=2026-07-26&limit=5000
BRK.B,2024-06-07,411.28,415.88,409.8451,413.72,2943072,,https://api.nasdaq.com/api/quote/BRK.B/historical?assetclass=stocks&fromdate=2016-07-26&todate=2026-07-26&limit=5000
BRK.B,2024-06-10,413.34,413.94,409.27,410.81,2668443,,https://api.nasdaq.com/api/quote/BRK.B/historical?assetclass=stocks&fromdate=2016-07-26&todate=2026-07-26&limit=5000
BRK.B,2024-06-11,408.88,408.91,406.11,408.5,3610600,,https://api.nasdaq.com/api/quote/BRK.B/historical?assetclass=stocks&fromdate=2016-07-26&todate=2026-07-26&limit=5000
BRK.B,2024-06-12,411.09,411.891,407.16,408.77,3554031,,https://api.nasdaq.com/api/quote/BRK.B/historical?assetclass=stocks&fromdate=2016-07-26&todate=2026-07-26&limit=5000
BRK.B,2024-06-13,407.63,408,403.5711,405.92,4566105,,https://api.nasdaq.com/api/quote/BRK.B/historical?assetclass=stocks&fromdate=2016-07-26&todate=2026-07-26&limit=5000
BRK.B,2024-06-14,404.9,406.34,403.33,405.54,2772449,,https://api.nasdaq.com/api/quote/BRK.B/historical?assetclass=stocks&fromdate=2016-07-26&todate=2026-07-26&limit=5000
BRK.B,2024-06-17,405.18,407.815,403.5501,407.32,3408255,,https://api.nasdaq.com/api/quote/BRK.B/historical?assetclass=stocks&fromdate=2016-07-26&todate=2026-07-26&limit=5000
BRK.B,2024-06-18,406.745,408.5,405.28,407.95,4006848,,https://api.nasdaq.com/api/quote/BRK.B/historical?assetclass=stocks&fromdate=2016-07-26&todate=2026-07-26&limit=5000
BRK.B,2024-06-20,407.25,411,404.05,409.15,4845563,,https://api.nasdaq.com/api/quote/BRK.B/historical?assetclass=stocks&fromdate=2016-07-26&todate=2026-07-26&limit=5000
BRK.B,2024-06-21,409.82,410.4673,407.68,409.62,9012935,,https://api.nasdaq.com/api/quote/BRK.B/historical?assetclass=stocks&fromdate=2016-07-26&todate=2026-07-26&limit=5000
BRK.B,2024-06-24,410.7,417,410,413.98,4935716,,https://api.nasdaq.com/api/quote/BRK.B/historical?assetclass=stocks&fromdate=2016-07-26&todate=2026-07-26&limit=5000
BRK.B,2024-06-25,414,414.25,409.62,410.97,3883522,,https://api.nasdaq.com/api/quote/BRK.B/historical?assetclass=stocks&fromdate=2016-07-26&todate=2026-07-26&limit=5000
BRK.B,2024-06-26,410.02,410.68,407.25,410.26,3335507,,https://api.nasdaq.com/api/quote/BRK.B/historical?assetclass=stocks&fromdate=2016-07-26&todate=2026-07-26&limit=5000
BRK.B,2024-06-27,410.26,410.26,406.34,407.95,3220281,,https://api.nasdaq.com/api/quote/BRK.B/historical?assetclass=stocks&fromdate=2016-07-26&todate=2026-07-26&limit=5000
BRK.B,2024-06-28,408.25,410.05,405.79,406.8,6820908,,https://api.nasdaq.com/api/quote/BRK.B/historical?assetclass=stocks&fromdate=2016-07-26&todate=2026-07-26&limit=5000
BRK.B,2024-07-01,408.09,409.67,403.82,405.19,2976899,,https://api.nasdaq.com/api/quote/BRK.B/historical?assetclass=stocks&fromdate=2016-07-26&todate=2026-07-26&limit=5000
BRK.B,2024-07-02,404.02,407.39,403.92,407.1,3221572,,https://api.nasdaq.com/api/quote/BRK.B/historical?assetclass=stocks&fromdate=2016-07-26&todate=2026-07-26&limit=5000
BRK.B,2024-07-03,407.16,407.16,404.22,405.77,1970259,,https://api.nasdaq.com/api/quote/BRK.B/historical?assetclass=stocks&fromdate=2016-07-26&todate=2026-07-26&limit=5000
BRK.B,2024-07-05,406.24,411.4,405.03,411.17,5153464,,https://api.nasdaq.com/api/quote/BRK.B/historical?assetclass=stocks&fromdate=2016-07-26&todate=2026-07-26&limit=5000
BRK.B,2024-07-08,411.27,413.7855,408,409.08,3559529,,https://api.nasdaq.com/api/quote/BRK.B/historical?assetclass=stocks&fromdate=2016-07-26&todate=2026-07-26&limit=5000
BRK.B,2024-07-09,409.42,413.71,408.64,410.52,2990262,,https://api.nasdaq.com/api/quote/BRK.B/historical?assetclass=stocks&fromdate=2016-07-26&todate=2026-07-26&limit=5000
BRK.B,2024-07-10,410.81,413.96,409.4,413.79,3791805,,https://api.nasdaq.com/api/quote/BRK.B/historical?assetclass=stocks&fromdate=2016-07-26&todate=2026-07-26&limit=5000
BRK.B,2024-07-11,413.99,419.2,412,418.78,4073570,,https://api.nasdaq.com/api/quote/BRK.B/historical?assetclass=stocks&fromdate=2016-07-26&todate=2026-07-26&limit=5000
BRK.B,2024-07-12,420.23,427.45,419.7,424.44,4834635,,https://api.nasdaq.com/api/quote/BRK.B/historical?assetclass=stocks&fromdate=2016-07-26&todate=2026-07-26&limit=5000
BRK.B,2024-07-15,425.59,434.71,425.3,434.42,4594912,,https://api.nasdaq.com/api/quote/BRK.B/historical?assetclass=stocks&fromdate=2016-07-26&todate=2026-07-26&limit=5000
BRK.B,2024-07-16,437.4,439.0516,434.0201,438.9,4293707,,https://api.nasdaq.com/api/quote/BRK.B/historical?assetclass=stocks&fromdate=2016-07-26&todate=2026-07-26&limit=5000
BRK.B,2024-07-17,437.85,446.15,437.84,445.61,4776601,,https://api.nasdaq.com/api/quote/BRK.B/historical?assetclass=stocks&fromdate=2016-07-26&todate=2026-07-26&limit=5000
BRK.B,2024-07-18,445.62,449.25,439.57,441.82,4638333,,https://api.nasdaq.com/api/quote/BRK.B/historical?assetclass=stocks&fromdate=2016-07-26&todate=2026-07-26&limit=5000
BRK.B,2024-07-19,442.67,442.8,433.35,434.47,4158849,,https://api.nasdaq.com/api/quote/BRK.B/historical?assetclass=stocks&fromdate=2016-07-26&todate=2026-07-26&limit=5000
BRK.B,2024-07-22,435.05,438.11,432.12,435.98,2995689,,https://api.nasdaq.com/api/quote/BRK.B/historical?assetclass=stocks&fromdate=2016-07-26&todate=2026-07-26&limit=5000
BRK.B,2024-07-23,437.34,437.92,433.47,434.01,2393018,,https://api.nasdaq.com/api/quote/BRK.B/historical?assetclass=stocks&fromdate=2016-07-26&todate=2026-07-26&limit=5000
BRK.B,2024-07-24,433.99,435.41,430.73,432.8,3143717,,https://api.nasdaq.com/api/quote/BRK.B/historical?assetclass=stocks&fromdate=2016-07-26&todate=2026-07-26&limit=5000
BRK.B,2024-07-25,431.6,439.625,431.6,433.29,3334269,,https://api.nasdaq.com/api/quote/BRK.B/historical?assetclass=stocks&fromdate=2016-07-26&todate=2026-07-26&limit=5000
BRK.B,2024-07-26,435.66,439,434.1,437.66,2717621,,https://api.nasdaq.com/api/quote/BRK.B/historical?assetclass=stocks&fromdate=2016-07-26&todate=2026-07-26&limit=5000
BRK.B,2024-07-29,438.01,439.44,435.49,438.31,2619986,,https://api.nasdaq.com/api/quote/BRK.B/historical?assetclass=stocks&fromdate=2016-07-26&todate=2026-07-26&limit=5000
BRK.B,2024-07-30,439.51,443.8905,439.14,441.26,3736411,,https://api.nasdaq.com/api/quote/BRK.B/historical?assetclass=stocks&fromdate=2016-07-26&todate=2026-07-26&limit=5000
BRK.B,2024-07-31,439.85,440.85,437.74,438.5,3798765,,https://api.nasdaq.com/api/quote/BRK.B/historical?assetclass=stocks&fromdate=2016-07-26&todate=2026-07-26&limit=5000
BRK.B,2024-08-01,439.67,440.61,430.95,431.81,3892292,,https://api.nasdaq.com/api/quote/BRK.B/historical?assetclass=stocks&fromdate=2016-07-26&todate=2026-07-26&limit=5000
BRK.B,2024-08-02,429.77,436.25,423.4901,428.36,4251527,,https://api.nasdaq.com/api/quote/BRK.B/historical?assetclass=stocks&fromdate=2016-07-26&todate=2026-07-26&limit=5000
BRK.B,2024-08-05,413.43,417.82,406.11,413.72,7695125,,https://api.nasdaq.com/api/quote/BRK.B/historical?assetclass=stocks&fromdate=2016-07-26&todate=2026-07-26&limit=5000
BRK.B,2024-08-06,416.41,427.46,415.1,422.14,5138707,,https://api.nasdaq.com/api/quote/BRK.B/historical?assetclass=stocks&fromdate=2016-07-26&todate=2026-07-26&limit=5000
BRK.B,2024-08-07,426.07,433.17,425.6,427.02,4745587,,https://api.nasdaq.com/api/quote/BRK.B/historical?assetclass=stocks&fromdate=2016-07-26&todate=2026-07-26&limit=5000
BRK.B,2024-08-08,429.24,432.2599,427.6,431.54,3149984,,https://api.nasdaq.com/api/quote/BRK.B/historical?assetclass=stocks&fromdate=2016-07-26&todate=2026-07-26&limit=5000
BRK.B,2024-08-09,431.92,434.75,430.21,431.67,2602645,,https://api.nasdaq.com/api/quote/BRK.B/historical?assetclass=stocks&fromdate=2016-07-26&todate=2026-07-26&limit=5000
BRK.B,2024-08-12,434.16,434.16,429.01,430.39,2376042,,https://api.nasdaq.com/api/quote/BRK.B/historical?assetclass=stocks&fromdate=2016-07-26&todate=2026-07-26&limit=5000
BRK.B,2024-08-13,431.83,432.81,425.9,432.41,3471965,,https://api.nasdaq.com/api/quote/BRK.B/historical?assetclass=stocks&fromdate=2016-07-26&todate=2026-07-26&limit=5000
BRK.B,2024-08-14,433,438.98,431.71,438.47,2860174,,https://api.nasdaq.com/api/quote/BRK.B/historical?assetclass=stocks&fromdate=2016-07-26&todate=2026-07-26&limit=5000
BRK.B,2024-08-15,441.8,442.59,438.72,440.84,3226437,,https://api.nasdaq.com/api/quote/BRK.B/historical?assetclass=stocks&fromdate=2016-07-26&todate=2026-07-26&limit=5000
BRK.B,2024-08-16,441.55,445.204,440.4545,444.51,3344974,,https://api.nasdaq.com/api/quote/BRK.B/historical?assetclass=stocks&fromdate=2016-07-26&todate=2026-07-26&limit=5000
BRK.B,2024-08-19,446.01,450.45,445.73,448.77,3385343,,https://api.nasdaq.com/api/quote/BRK.B/historical?assetclass=stocks&fromdate=2016-07-26&todate=2026-07-26&limit=5000
BRK.B,2024-08-20,449.3,450.5,446.38,448.36,2906497,,https://api.nasdaq.com/api/quote/BRK.B/historical?assetclass=stocks&fromdate=2016-07-26&todate=2026-07-26&limit=5000
BRK.B,2024-08-21,449.84,451.28,443.84,446.6,3028530,,https://api.nasdaq.com/api/quote/BRK.B/historical?assetclass=stocks&fromdate=2016-07-26&todate=2026-07-26&limit=5000
BRK.B,2024-08-22,446.3,449.6,444.65,449.03,3502793,,https://api.nasdaq.com/api/quote/BRK.B/historical?assetclass=stocks&fromdate=2016-07-26&todate=2026-07-26&limit=5000
BRK.B,2024-08-23,450,453.72,448.81,453.38,2805379,,https://api.nasdaq.com/api/quote/BRK.B/historical?assetclass=stocks&fromdate=2016-07-26&todate=2026-07-26&limit=5000
BRK.B,2024-08-26,455.305,459.2699,453.34,454.49,3578262,,https://api.nasdaq.com/api/quote/BRK.B/historical?assetclass=stocks&fromdate=2016-07-26&todate=2026-07-26&limit=5000
BRK.B,2024-08-27,455.94,462.1,454.62,460.63,3764691,,https://api.nasdaq.com/api/quote/BRK.B/historical?assetclass=stocks&fromdate=2016-07-26&todate=2026-07-26&limit=5000
BRK.B,2024-08-28,461.17,466.6,460.78,464.59,4838124,,https://api.nasdaq.com/api/quote/BRK.B/historical?assetclass=stocks&fromdate=2016-07-26&todate=2026-07-26&limit=5000
BRK.B,2024-08-29,467.11,469.85,463,468.37,4459412,,https://api.nasdaq.com/api/quote/BRK.B/historical?assetclass=stocks&fromdate=2016-07-26&todate=2026-07-26&limit=5000
BRK.B,2024-08-30,470.52,476.95,470,475.92,7465778,,https://api.nasdaq.com/api/quote/BRK.B/historical?assetclass=stocks&fromdate=2016-07-26&todate=2026-07-26&limit=5000
BRK.B,2024-09-03,475,482.89,473.72,476.83,7511879,,https://api.nasdaq.com/api/quote/BRK.B/historical?assetclass=stocks&fromdate=2016-07-26&todate=2026-07-26&limit=5000
BRK.B,2024-09-04,478.68,484.82,474.22,478.57,5316318,,https://api.nasdaq.com/api/quote/BRK.B/historical?assetclass=stocks&fromdate=2016-07-26&todate=2026-07-26&limit=5000
BRK.B,2024-09-05,479.43,479.43,462.88,464.92,6213155,,https://api.nasdaq.com/api/quote/BRK.B/historical?assetclass=stocks&fromdate=2016-07-26&todate=2026-07-26&limit=5000
BRK.B,2024-09-06,463.82,468.17,458.55,459.42,4400294,,https://api.nasdaq.com/api/quote/BRK.B/historical?assetclass=stocks&fromdate=2016-07-26&todate=2026-07-26&limit=5000
BRK.B,2024-09-09,463.97,466,459.26,459.61,4571041,,https://api.nasdaq.com/api/quote/BRK.B/historical?assetclass=stocks&fromdate=2016-07-26&todate=2026-07-26&limit=5000
BRK.B,2024-09-10,461.82,464.32,456.21,458.92,3544103,,https://api.nasdaq.com/api/quote/BRK.B/historical?assetclass=stocks&fromdate=2016-07-26&todate=2026-07-26&limit=5000
BRK.B,2024-09-11,457.62,457.62,445.25,453.1,5772729,,https://api.nasdaq.com/api/quote/BRK.B/historical?assetclass=stocks&fromdate=2016-07-26&todate=2026-07-26&limit=5000
BRK.B,2024-09-12,454.84,455,449.27,450.87,3855713,,https://api.nasdaq.com/api/quote/BRK.B/historical?assetclass=stocks&fromdate=2016-07-26&todate=2026-07-26&limit=5000
BRK.B,2024-09-13,451.58,452.4285,447.21,447.61,3882598,,https://api.nasdaq.com/api/quote/BRK.B/historical?assetclass=stocks&fromdate=2016-07-26&todate=2026-07-26&limit=5000
BRK.B,2024-09-16,448.8,452.99,448.34,451.78,3264367,,https://api.nasdaq.com/api/quote/BRK.B/historical?assetclass=stocks&fromdate=2016-07-26&todate=2026-07-26&limit=5000
BRK.B,2024-09-17,453.5,461.1,453.29,456.68,3824256,,https://api.nasdaq.com/api/quote/BRK.B/historical?assetclass=stocks&fromdate=2016-07-26&todate=2026-07-26&limit=5000
BRK.B,2024-09-18,458.08,459.84,454.8801,456.6,3065217,,https://api.nasdaq.com/api/quote/BRK.B/historical?assetclass=stocks&fromdate=2016-07-26&todate=2026-07-26&limit=5000
BRK.B,2024-09-19,462,462.19,457.25,459.71,3891344,,https://api.nasdaq.com/api/quote/BRK.B/historical?assetclass=stocks&fromdate=2016-07-26&todate=2026-07-26&limit=5000
BRK.B,2024-09-20,457.76,457.95,454.05,455.31,8468764,,https://api.nasdaq.com/api/quote/BRK.B/historical?assetclass=stocks&fromdate=2016-07-26&todate=2026-07-26&limit=5000
BRK.B,2024-09-23,457.31,459.6545,453.42,454.98,3485083,,https://api.nasdaq.com/api/quote/BRK.B/historical?assetclass=stocks&fromdate=2016-07-26&todate=2026-07-26&limit=5000
BRK.B,2024-09-24,454.33,455.5999,451.77,454.56,3009852,,https://api.nasdaq.com/api/quote/BRK.B/historical?assetclass=stocks&fromdate=2016-07-26&todate=2026-07-26&limit=5000
BRK.B,2024-09-25,454.9,455.81,451.21,452.36,2843311,,https://api.nasdaq.com/api/quote/BRK.B/historical?assetclass=stocks&fromdate=2016-07-26&todate=2026-07-26&limit=5000
BRK.B,2024-09-26,452.74,457,451.34,454.18,3262045,,https://api.nasdaq.com/api/quote/BRK.B/historical?assetclass=stocks&fromdate=2016-07-26&todate=2026-07-26&limit=5000
BRK.B,2024-09-27,456.04,458.27,455.04,457.47,2727975,,https://api.nasdaq.com/api/quote/BRK.B/historical?assetclass=stocks&fromdate=2016-07-26&todate=2026-07-26&limit=5000
BRK.B,2024-09-30,458.4,460.63,454.5507,460.26,3637071,,https://api.nasdaq.com/api/quote/BRK.B/historical?assetclass=stocks&fromdate=2016-07-26&todate=2026-07-26&limit=5000
BRK.B,2024-10-01,459.11,459.79,454.82,457.41,3043696,,https://api.nasdaq.com/api/quote/BRK.B/historical?assetclass=stocks&fromdate=2016-07-26&todate=2026-07-26&limit=5000
BRK.B,2024-10-02,458.7,458.7,454.19,456.67,2803429,,https://api.nasdaq.com/api/quote/BRK.B/historical?assetclass=stocks&fromdate=2016-07-26&todate=2026-07-26&limit=5000
BRK.B,2024-10-03,455.47,455.97,450.92,452.96,2564713,,https://api.nasdaq.com/api/quote/BRK.B/historical?assetclass=stocks&fromdate=2016-07-26&todate=2026-07-26&limit=5000
BRK.B,2024-10-04,455.01,462.18,453.81,461.97,3093491,,https://api.nasdaq.com/api/quote/BRK.B/historical?assetclass=stocks&fromdate=2016-07-26&todate=2026-07-26&limit=5000
BRK.B,2024-10-07,462.34,462.34,452.4101,453.5,3222061,,https://api.nasdaq.com/api/quote/BRK.B/historical?assetclass=stocks&fromdate=2016-07-26&todate=2026-07-26&limit=5000
BRK.B,2024-10-08,455.96,457.56,452.85,453.8,2234137,,https://api.nasdaq.com/api/quote/BRK.B/historical?assetclass=stocks&fromdate=2016-07-26&todate=2026-07-26&limit=5000
BRK.B,2024-10-09,452.75,457.875,452.355,455.9,2206063,,https://api.nasdaq.com/api/quote/BRK.B/historical?assetclass=stocks&fromdate=2016-07-26&todate=2026-07-26&limit=5000
BRK.B,2024-10-10,457.5,457.505,452.7249,454.93,2375788,,https://api.nasdaq.com/api/quote/BRK.B/historical?assetclass=stocks&fromdate=2016-07-26&todate=2026-07-26&limit=5000
BRK.B,2024-10-11,455.9,463.45,455.9,460.21,3243402,,https://api.nasdaq.com/api/quote/BRK.B/historical?assetclass=stocks&fromdate=2016-07-26&todate=2026-07-26&limit=5000
BRK.B,2024-10-14,461.92,462,458.1,459.98,2969790,,https://api.nasdaq.com/api/quote/BRK.B/historical?assetclass=stocks&fromdate=2016-07-26&todate=2026-07-26&limit=5000
BRK.B,2024-10-15,460.99,466.66,460.51,462.68,3929879,,https://api.nasdaq.com/api/quote/BRK.B/historical?assetclass=stocks&fromdate=2016-07-26&todate=2026-07-26&limit=5000
BRK.B,2024-10-16,463.25,466,462.2,465.69,3166265,,https://api.nasdaq.com/api/quote/BRK.B/historical?assetclass=stocks&fromdate=2016-07-26&todate=2026-07-26&limit=5000
BRK.B,2024-10-17,466.1,467.8393,464.27,465.85,2520903,,https://api.nasdaq.com/api/quote/BRK.B/historical?assetclass=stocks&fromdate=2016-07-26&todate=2026-07-26&limit=5000
BRK.B,2024-10-18,467,467,463.25,464.8,5635463,,https://api.nasdaq.com/api/quote/BRK.B/historical?assetclass=stocks&fromdate=2016-07-26&todate=2026-07-26&limit=5000
BRK.B,2024-10-21,464.53,465.7899,461.68,464.16,3131480,,https://api.nasdaq.com/api/quote/BRK.B/historical?assetclass=stocks&fromdate=2016-07-26&todate=2026-07-26&limit=5000
BRK.B,2024-10-22,464.11,465.1453,457.6,461.45,3315151,,https://api.nasdaq.com/api/quote/BRK.B/historical?assetclass=stocks&fromdate=2016-07-26&todate=2026-07-26&limit=5000
BRK.B,2024-10-23,460.15,463.26,458.745,460.61,3655203,,https://api.nasdaq.com/api/quote/BRK.B/historical?assetclass=stocks&fromdate=2016-07-26&todate=2026-07-26&limit=5000
BRK.B,2024-10-24,460.9,461.05,453.96,457.77,3793479,,https://api.nasdaq.com/api/quote/BRK.B/historical?assetclass=stocks&fromdate=2016-07-26&todate=2026-07-26&limit=5000
BRK.B,2024-10-25,458.6,459.45,453.03,454.01,2838884,,https://api.nasdaq.com/api/quote/BRK.B/historical?assetclass=stocks&fromdate=2016-07-26&todate=2026-07-26&limit=5000
BRK.B,2024-10-28,455.59,459.24,455,458.49,4103359,,https://api.nasdaq.com/api/quote/BRK.B/historical?assetclass=stocks&fromdate=2016-07-26&todate=2026-07-26&limit=5000
BRK.B,2024-10-29,458.6,458.92,454.39,454.62,3985180,,https://api.nasdaq.com/api/quote/BRK.B/historical?assetclass=stocks&fromdate=2016-07-26&todate=2026-07-26&limit=5000
BRK.B,2024-10-30,454.67,457.6699,453.82,454.96,2692082,,https://api.nasdaq.com/api/quote/BRK.B/historical?assetclass=stocks&fromdate=2016-07-26&todate=2026-07-26&limit=5000
BRK.B,2024-10-31,455.19,456.84,450.57,450.92,3660308,,https://api.nasdaq.com/api/quote/BRK.B/historical?assetclass=stocks&fromdate=2016-07-26&todate=2026-07-26&limit=5000
BRK.B,2024-11-01,451.49,455.12,450.7,452.14,2971342,,https://api.nasdaq.com/api/quote/BRK.B/historical?assetclass=stocks&fromdate=2016-07-26&todate=2026-07-26&limit=5000
BRK.B,2024-11-04,450.37,450.7,437.9,442.29,5733184,,https://api.nasdaq.com/api/quote/BRK.B/historical?assetclass=stocks&fromdate=2016-07-26&todate=2026-07-26&limit=5000
BRK.B,2024-11-05,442.29,445.23,441.1,445.06,3154357,,https://api.nasdaq.com/api/quote/BRK.B/historical?assetclass=stocks&fromdate=2016-07-26&todate=2026-07-26&limit=5000
BRK.B,2024-11-06,461,469.26,459.4801,468.9,6906833,,https://api.nasdaq.com/api/quote/BRK.B/historical?assetclass=stocks&fromdate=2016-07-26&todate=2026-07-26&limit=5000
BRK.B,2024-11-07,468.27,468.46,460.1,460.13,4237986,,https://api.nasdaq.com/api/quote/BRK.B/historical?assetclass=stocks&fromdate=2016-07-26&todate=2026-07-26&limit=5000
BRK.B,2024-11-08,461.98,466.35,459.5001,463.41,3541302,,https://api.nasdaq.com/api/quote/BRK.B/historical?assetclass=stocks&fromdate=2016-07-26&todate=2026-07-26&limit=5000
BRK.B,2024-11-11,466.01,470.51,464,467.36,4119111,,https://api.nasdaq.com/api/quote/BRK.B/historical?assetclass=stocks&fromdate=2016-07-26&todate=2026-07-26&limit=5000
BRK.B,2024-11-12,467.69,468.42,465.15,466.29,4400521,,https://api.nasdaq.com/api/quote/BRK.B/historical?assetclass=stocks&fromdate=2016-07-26&todate=2026-07-26&limit=5000
BRK.B,2024-11-13,466.41,468.4,464,468.1,2861709,,https://api.nasdaq.com/api/quote/BRK.B/historical?assetclass=stocks&fromdate=2016-07-26&todate=2026-07-26&limit=5000
BRK.B,2024-11-14,468.81,469.4493,466,467.7,3777267,,https://api.nasdaq.com/api/quote/BRK.B/historical?assetclass=stocks&fromdate=2016-07-26&todate=2026-07-26&limit=5000
BRK.B,2024-11-15,466.74,472.2551,465.19,470.28,5817672,,https://api.nasdaq.com/api/quote/BRK.B/historical?assetclass=stocks&fromdate=2016-07-26&todate=2026-07-26&limit=5000
BRK.B,2024-11-18,470.98,472.6713,468.36,472.2,3358434,,https://api.nasdaq.com/api/quote/BRK.B/historical?assetclass=stocks&fromdate=2016-07-26&todate=2026-07-26&limit=5000
BRK.B,2024-11-19,470.77,470.77,465.01,468.86,3656243,,https://api.nasdaq.com/api/quote/BRK.B/historical?assetclass=stocks&fromdate=2016-07-26&todate=2026-07-26&limit=5000
BRK.B,2024-11-20,470,470.6149,466.11,468.83,3019456,,https://api.nasdaq.com/api/quote/BRK.B/historical?assetclass=stocks&fromdate=2016-07-26&todate=2026-07-26&limit=5000
BRK.B,2024-11-21,469.445,474.66,467,472.06,4116801,,https://api.nasdaq.com/api/quote/BRK.B/historical?assetclass=stocks&fromdate=2016-07-26&todate=2026-07-26&limit=5000
BRK.B,2024-11-22,472.27,477.4399,471.61,476.57,3885177,,https://api.nasdaq.com/api/quote/BRK.B/historical?assetclass=stocks&fromdate=2016-07-26&todate=2026-07-26&limit=5000
BRK.B,2024-11-25,479.13,482.5,476.79,477.43,5246561,,https://api.nasdaq.com/api/quote/BRK.B/historical?assetclass=stocks&fromdate=2016-07-26&todate=2026-07-26&limit=5000
BRK.B,2024-11-26,478.2,479.4,472.85,478.56,3331974,,https://api.nasdaq.com/api/quote/BRK.B/historical?assetclass=stocks&fromdate=2016-07-26&todate=2026-07-26&limit=5000
BRK.B,2024-11-27,481,491.67,480.87,483.08,5359291,,https://api.nasdaq.com/api/quote/BRK.B/historical?assetclass=stocks&fromdate=2016-07-26&todate=2026-07-26&limit=5000
BRK.B,2024-11-29,485.37,486.01,482.05,483.02,2969703,,https://api.nasdaq.com/api/quote/BRK.B/historical?assetclass=stocks&fromdate=2016-07-26&todate=2026-07-26&limit=5000
BRK.B,2024-12-02,484.8,485.09,474.75,477.33,5031497,,https://api.nasdaq.com/api/quote/BRK.B/historical?assetclass=stocks&fromdate=2016-07-26&todate=2026-07-26&limit=5000
BRK.B,2024-12-03,478.16,478.3,468.805,470.19,4931573,,https://api.nasdaq.com/api/quote/BRK.B/historical?assetclass=stocks&fromdate=2016-07-26&todate=2026-07-26&limit=5000
BRK.B,2024-12-04,471.09,471.34,466.5,468.32,3941100,,https://api.nasdaq.com/api/quote/BRK.B/historical?assetclass=stocks&fromdate=2016-07-26&todate=2026-07-26&limit=5000
BRK.B,2024-12-05,468.78,472.74,468.72,470.57,3320231,,https://api.nasdaq.com/api/quote/BRK.B/historical?assetclass=stocks&fromdate=2016-07-26&todate=2026-07-26&limit=5000
BRK.B,2024-12-06,470.58,472.08,467.82,470.5,3270943,,https://api.nasdaq.com/api/quote/BRK.B/historical?assetclass=stocks&fromdate=2016-07-26&todate=2026-07-26&limit=5000
BRK.B,2024-12-09,470.6,471.7,463.42,463.87,3748171,,https://api.nasdaq.com/api/quote/BRK.B/historical?assetclass=stocks&fromdate=2016-07-26&todate=2026-07-26&limit=5000
BRK.B,2024-12-10,464.42,464.99,459.5,462.49,3648541,,https://api.nasdaq.com/api/quote/BRK.B/historical?assetclass=stocks&fromdate=2016-07-26&todate=2026-07-26&limit=5000
BRK.B,2024-12-11,463.33,465.48,458.77,461.39,3876913,,https://api.nasdaq.com/api/quote/BRK.B/historical?assetclass=stocks&fromdate=2016-07-26&todate=2026-07-26&limit=5000
BRK.B,2024-12-12,462.16,463.57,458.08,458.63,2571349,,https://api.nasdaq.com/api/quote/BRK.B/historical?assetclass=stocks&fromdate=2016-07-26&todate=2026-07-26&limit=5000
BRK.B,2024-12-13,460.51,460.51,457.01,457.9,3474337,,https://api.nasdaq.com/api/quote/BRK.B/historical?assetclass=stocks&fromdate=2016-07-26&todate=2026-07-26&limit=5000
BRK.B,2024-12-16,459.17,460.4244,454.58,455.2,4513980,,https://api.nasdaq.com/api/quote/BRK.B/historical?assetclass=stocks&fromdate=2016-07-26&todate=2026-07-26&limit=5000
BRK.B,2024-12-17,454.695,456.62,452.06,455.66,5057506,,https://api.nasdaq.com/api/quote/BRK.B/historical?assetclass=stocks&fromdate=2016-07-26&todate=2026-07-26&limit=5000
BRK.B,2024-12-18,457.06,458.73,446.09,446.59,4361857,,https://api.nasdaq.com/api/quote/BRK.B/historical?assetclass=stocks&fromdate=2016-07-26&todate=2026-07-26&limit=5000
BRK.B,2024-12-19,451.73,453.8,448.89,449.34,4645222,,https://api.nasdaq.com/api/quote/BRK.B/historical?assetclass=stocks&fromdate=2016-07-26&todate=2026-07-26&limit=5000
BRK.B,2024-12-20,449.11,458.65,447.19,453.2,12943910,,https://api.nasdaq.com/api/quote/BRK.B/historical?assetclass=stocks&fromdate=2016-07-26&todate=2026-07-26&limit=5000
BRK.B,2024-12-23,453.19,454.55,449.82,454.35,3836007,,https://api.nasdaq.com/api/quote/BRK.B/historical?assetclass=stocks&fromdate=2016-07-26&todate=2026-07-26&limit=5000
BRK.B,2024-12-24,455.41,458.99,454.07,458.66,1761174,,https://api.nasdaq.com/api/quote/BRK.B/historical?assetclass=stocks&fromdate=2016-07-26&todate=2026-07-26&limit=5000
BRK.B,2024-12-26,457.265,459.48,455.795,459.08,2160799,,https://api.nasdaq.com/api/quote/BRK.B/historical?assetclass=stocks&fromdate=2016-07-26&todate=2026-07-26&limit=5000
BRK.B,2024-12-27,457.3,461.13,454.48,456.51,3237722,,https://api.nasdaq.com/api/quote/BRK.B/historical?assetclass=stocks&fromdate=2016-07-26&todate=2026-07-26&limit=5000
BRK.B,2024-12-30,454.245,454.69,449.1765,452.16,2831375,,https://api.nasdaq.com/api/quote/BRK.B/historical?assetclass=stocks&fromdate=2016-07-26&todate=2026-07-26&limit=5000
BRK.B,2024-12-31,452.205,454.33,451.11,453.28,3380714,,https://api.nasdaq.com/api/quote/BRK.B/historical?assetclass=stocks&fromdate=2016-07-26&todate=2026-07-26&limit=5000
BRK.B,2025-01-02,455.96,456.8899,450.03,451.1,3751194,,https://api.nasdaq.com/api/quote/BRK.B/historical?assetclass=stocks&fromdate=2016-07-26&todate=2026-07-26&limit=5000
BRK.B,2025-01-03,452.53,454.5269,450.12,453.56,2887160,,https://api.nasdaq.com/api/quote/BRK.B/historical?assetclass=stocks&fromdate=2016-07-26&todate=2026-07-26&limit=5000
BRK.B,2025-01-06,453.85,456.2399,450.57,451.41,4072913,,https://api.nasdaq.com/api/quote/BRK.B/historical?assetclass=stocks&fromdate=2016-07-26&todate=2026-07-26&limit=5000
BRK.B,2025-01-07,452.8,456.515,451.1,452.92,3507166,,https://api.nasdaq.com/api/quote/BRK.B/historical?assetclass=stocks&fromdate=2016-07-26&todate=2026-07-26&limit=5000
BRK.B,2025-01-08,453.63,454,449.63,451.84,3933259,,https://api.nasdaq.com/api/quote/BRK.B/historical?assetclass=stocks&fromdate=2016-07-26&todate=2026-07-26&limit=5000
BRK.B,2025-01-10,452.66,453,440.1,442.66,5471869,,https://api.nasdaq.com/api/quote/BRK.B/historical?assetclass=stocks&fromdate=2016-07-26&todate=2026-07-26&limit=5000
BRK.B,2025-01-13,442.04,445,441.15,443.91,3639248,,https://api.nasdaq.com/api/quote/BRK.B/historical?assetclass=stocks&fromdate=2016-07-26&todate=2026-07-26&limit=5000
BRK.B,2025-01-14,445.5,450.3,443.92,450.03,4055602,,https://api.nasdaq.com/api/quote/BRK.B/historical?assetclass=stocks&fromdate=2016-07-26&todate=2026-07-26&limit=5000
BRK.B,2025-01-15,455.55,459.09,453.27,458.51,4719411,,https://api.nasdaq.com/api/quote/BRK.B/historical?assetclass=stocks&fromdate=2016-07-26&todate=2026-07-26&limit=5000
BRK.B,2025-01-16,458.93,462.96,458.3001,462.81,3475694,,https://api.nasdaq.com/api/quote/BRK.B/historical?assetclass=stocks&fromdate=2016-07-26&todate=2026-07-26&limit=5000
BRK.B,2025-01-17,464.71,470.18,462.4547,467.95,6466973,,https://api.nasdaq.com/api/quote/BRK.B/historical?assetclass=stocks&fromdate=2016-07-26&todate=2026-07-26&limit=5000
BRK.B,2025-01-21,471,473.17,467.72,468.57,4910195,,https://api.nasdaq.com/api/quote/BRK.B/historical?assetclass=stocks&fromdate=2016-07-26&todate=2026-07-26&limit=5000
BRK.B,2025-01-22,468.59,468.89,455.28,460.51,5838478,,https://api.nasdaq.com/api/quote/BRK.B/historical?assetclass=stocks&fromdate=2016-07-26&todate=2026-07-26&limit=5000
BRK.B,2025-01-23,461.68,464.76,458,459.83,4424526,,https://api.nasdaq.com/api/quote/BRK.B/historical?assetclass=stocks&fromdate=2016-07-26&todate=2026-07-26&limit=5000
BRK.B,2025-01-24,459.2,463.81,457.08,463.19,3070305,,https://api.nasdaq.com/api/quote/BRK.B/historical?assetclass=stocks&fromdate=2016-07-26&todate=2026-07-26&limit=5000
BRK.B,2025-01-27,464.3,474.93,464.3,474.7,4535629,,https://api.nasdaq.com/api/quote/BRK.B/historical?assetclass=stocks&fromdate=2016-07-26&todate=2026-07-26&limit=5000
BRK.B,2025-01-28,473.93,473.93,469.3,469.97,3261260,,https://api.nasdaq.com/api/quote/BRK.B/historical?assetclass=stocks&fromdate=2016-07-26&todate=2026-07-26&limit=5000
BRK.B,2025-01-29,469.88,473.92,468,469.26,2524211,,https://api.nasdaq.com/api/quote/BRK.B/historical?assetclass=stocks&fromdate=2016-07-26&todate=2026-07-26&limit=5000
BRK.B,2025-01-30,472.2,474.0643,469.15,472.35,2552240,,https://api.nasdaq.com/api/quote/BRK.B/historical?assetclass=stocks&fromdate=2016-07-26&todate=2026-07-26&limit=5000
BRK.B,2025-01-31,471.84,472.55,467.0101,468.67,5442624,,https://api.nasdaq.com/api/quote/BRK.B/historical?assetclass=stocks&fromdate=2016-07-26&todate=2026-07-26&limit=5000
BRK.B,2025-02-03,461.3,466.74,454.6,464.61,4232007,,https://api.nasdaq.com/api/quote/BRK.B/historical?assetclass=stocks&fromdate=2016-07-26&todate=2026-07-26&limit=5000
BRK.B,2025-02-04,464.94,467.91,462.7,467.49,3238419,,https://api.nasdaq.com/api/quote/BRK.B/historical?assetclass=stocks&fromdate=2016-07-26&todate=2026-07-26&limit=5000
BRK.B,2025-02-05,469.81,474.24,468.89,473.73,3782754,,https://api.nasdaq.com/api/quote/BRK.B/historical?assetclass=stocks&fromdate=2016-07-26&todate=2026-07-26&limit=5000
BRK.B,2025-02-06,475.46,478,473.28,477.22,3832693,,https://api.nasdaq.com/api/quote/BRK.B/historical?assetclass=stocks&fromdate=2016-07-26&todate=2026-07-26&limit=5000
BRK.B,2025-02-07,477.41,478.25,472.34,472.74,3205136,,https://api.nasdaq.com/api/quote/BRK.B/historical?assetclass=stocks&fromdate=2016-07-26&todate=2026-07-26&limit=5000
BRK.B,2025-02-10,473.96,474.2,469.3701,470.17,2907341,,https://api.nasdaq.com/api/quote/BRK.B/historical?assetclass=stocks&fromdate=2016-07-26&todate=2026-07-26&limit=5000
BRK.B,2025-02-11,470.05,473.05,466.715,472.61,2322610,,https://api.nasdaq.com/api/quote/BRK.B/historical?assetclass=stocks&fromdate=2016-07-26&todate=2026-07-26&limit=5000
BRK.B,2025-02-12,470.44,472.15,468.09,471.73,3297561,,https://api.nasdaq.com/api/quote/BRK.B/historical?assetclass=stocks&fromdate=2016-07-26&todate=2026-07-26&limit=5000
BRK.B,2025-02-13,471.55,481.19,471.2,480.49,3274693,,https://api.nasdaq.com/api/quote/BRK.B/historical?assetclass=stocks&fromdate=2016-07-26&todate=2026-07-26&limit=5000
BRK.B,2025-02-14,481.47,484.55,479.45,479.59,2825755,,https://api.nasdaq.com/api/quote/BRK.B/historical?assetclass=stocks&fromdate=2016-07-26&todate=2026-07-26&limit=5000
BRK.B,2025-02-18,480.4,484.06,477.63,482.82,3351014,,https://api.nasdaq.com/api/quote/BRK.B/historical?assetclass=stocks&fromdate=2016-07-26&todate=2026-07-26&limit=5000
BRK.B,2025-02-19,482.82,484.72,480.68,483.77,2436465,,https://api.nasdaq.com/api/quote/BRK.B/historical?assetclass=stocks&fromdate=2016-07-26&todate=2026-07-26&limit=5000
BRK.B,2025-02-20,484.125,484.2,478.14,481.8,2650957,,https://api.nasdaq.com/api/quote/BRK.B/historical?assetclass=stocks&fromdate=2016-07-26&todate=2026-07-26&limit=5000
BRK.B,2025-02-21,480.95,483.64,477.74,478.74,4085076,,https://api.nasdaq.com/api/quote/BRK.B/historical?assetclass=stocks&fromdate=2016-07-26&todate=2026-07-26&limit=5000
BRK.B,2025-02-24,483.5,503.9599,483.24,498.42,9862446,,https://api.nasdaq.com/api/quote/BRK.B/historical?assetclass=stocks&fromdate=2016-07-26&todate=2026-07-26&limit=5000
BRK.B,2025-02-25,503.15,507,491.9,499.82,6757512,,https://api.nasdaq.com/api/quote/BRK.B/historical?assetclass=stocks&fromdate=2016-07-26&todate=2026-07-26&limit=5000
BRK.B,2025-02-26,499.115,499.9,493.05,494.1,3543491,,https://api.nasdaq.com/api/quote/BRK.B/historical?assetclass=stocks&fromdate=2016-07-26&todate=2026-07-26&limit=5000
BRK.B,2025-02-27,496.45,504.95,495.61,502.41,4507714,,https://api.nasdaq.com/api/quote/BRK.B/historical?assetclass=stocks&fromdate=2016-07-26&todate=2026-07-26&limit=5000
BRK.B,2025-02-28,507.46,515.37,504.3333,513.83,6850339,,https://api.nasdaq.com/api/quote/BRK.B/historical?assetclass=stocks&fromdate=2016-07-26&todate=2026-07-26&limit=5000
BRK.B,2025-03-03,516.22,518.77,506.48,510.08,5112297,,https://api.nasdaq.com/api/quote/BRK.B/historical?assetclass=stocks&fromdate=2016-07-26&todate=2026-07-26&limit=5000
BRK.B,2025-03-04,507.27,508.73,493.6091,495.86,6126619,,https://api.nasdaq.com/api/quote/BRK.B/historical?assetclass=stocks&fromdate=2016-07-26&todate=2026-07-26&limit=5000
BRK.B,2025-03-05,496,500.93,492.32,498.5,4715777,,https://api.nasdaq.com/api/quote/BRK.B/historical?assetclass=stocks&fromdate=2016-07-26&todate=2026-07-26&limit=5000
BRK.B,2025-03-06,496.835,499.1,491.6314,497.84,3989662,,https://api.nasdaq.com/api/quote/BRK.B/historical?assetclass=stocks&fromdate=2016-07-26&todate=2026-07-26&limit=5000
BRK.B,2025-03-07,496.29,498.27,490.11,495.62,3842150,,https://api.nasdaq.com/api/quote/BRK.B/historical?assetclass=stocks&fromdate=2016-07-26&todate=2026-07-26&limit=5000
BRK.B,2025-03-10,490,500.449,490,497.1,6261980,,https://api.nasdaq.com/api/quote/BRK.B/historical?assetclass=stocks&fromdate=2016-07-26&todate=2026-07-26&limit=5000
BRK.B,2025-03-11,496,499.15,491.3101,496.25,5358269,,https://api.nasdaq.com/api/quote/BRK.B/historical?assetclass=stocks&fromdate=2016-07-26&todate=2026-07-26&limit=5000
BRK.B,2025-03-12,497.6,498.3233,488.75,495.94,3871096,,https://api.nasdaq.com/api/quote/BRK.B/historical?assetclass=stocks&fromdate=2016-07-26&todate=2026-07-26&limit=5000
BRK.B,2025-03-13,496.46,507.398,494.75,504.25,5104202,,https://api.nasdaq.com/api/quote/BRK.B/historical?assetclass=stocks&fromdate=2016-07-26&todate=2026-07-26&limit=5000
BRK.B,2025-03-14,506.95,515.84,502.92,514.6,5775588,,https://api.nasdaq.com/api/quote/BRK.B/historical?assetclass=stocks&fromdate=2016-07-26&todate=2026-07-26&limit=5000
BRK.B,2025-03-17,514.62,524.71,513.21,523.01,5343389,,https://api.nasdaq.com/api/quote/BRK.B/historical?assetclass=stocks&fromdate=2016-07-26&todate=2026-07-26&limit=5000
BRK.B,2025-03-18,525.45,528.38,521.42,523.14,4857806,,https://api.nasdaq.com/api/quote/BRK.B/historical?assetclass=stocks&fromdate=2016-07-26&todate=2026-07-26&limit=5000
BRK.B,2025-03-19,525.69,526.71,520.655,525.27,3797997,,https://api.nasdaq.com/api/quote/BRK.B/historical?assetclass=stocks&fromdate=2016-07-26&todate=2026-07-26&limit=5000
BRK.B,2025-03-20,524,530.6091,522.67,528.73,4065426,,https://api.nasdaq.com/api/quote/BRK.B/historical?assetclass=stocks&fromdate=2016-07-26&todate=2026-07-26&limit=5000
BRK.B,2025-03-21,528.31,528.96,520.73,521.91,8546279,,https://api.nasdaq.com/api/quote/BRK.B/historical?assetclass=stocks&fromdate=2016-07-26&todate=2026-07-26&limit=5000
BRK.B,2025-03-24,523.1,527.3,521.48,525.85,4858877,,https://api.nasdaq.com/api/quote/BRK.B/historical?assetclass=stocks&fromdate=2016-07-26&todate=2026-07-26&limit=5000
BRK.B,2025-03-25,527.185,533.29,525.8804,528.87,3964761,,https://api.nasdaq.com/api/quote/BRK.B/historical?assetclass=stocks&fromdate=2016-07-26&todate=2026-07-26&limit=5000
BRK.B,2025-03-26,531,537.63,530.98,533.21,5010845,,https://api.nasdaq.com/api/quote/BRK.B/historical?assetclass=stocks&fromdate=2016-07-26&todate=2026-07-26&limit=5000
BRK.B,2025-03-27,533.25,537.38,529.3537,534.52,5154608,,https://api.nasdaq.com/api/quote/BRK.B/historical?assetclass=stocks&fromdate=2016-07-26&todate=2026-07-26&limit=5000
BRK.B,2025-03-28,535.35,536,524.6791,526.31,5321395,,https://api.nasdaq.com/api/quote/BRK.B/historical?assetclass=stocks&fromdate=2016-07-26&todate=2026-07-26&limit=5000
BRK.B,2025-03-31,521.4,536.52,519,532.58,7139333,,https://api.nasdaq.com/api/quote/BRK.B/historical?assetclass=stocks&fromdate=2016-07-26&todate=2026-07-26&limit=5000
BRK.B,2025-04-01,531.88,536.41,527.5001,532.99,4130570,,https://api.nasdaq.com/api/quote/BRK.B/historical?assetclass=stocks&fromdate=2016-07-26&todate=2026-07-26&limit=5000
BRK.B,2025-04-02,532.13,539,530.82,537.72,4079044,,https://api.nasdaq.com/api/quote/BRK.B/historical?assetclass=stocks&fromdate=2016-07-26&todate=2026-07-26&limit=5000
BRK.B,2025-04-03,527.62,538.8,525.14,530.16,6410854,,https://api.nasdaq.com/api/quote/BRK.B/historical?assetclass=stocks&fromdate=2016-07-26&todate=2026-07-26&limit=5000
BRK.B,2025-04-04,519,521,492.98,493.54,12605030,,https://api.nasdaq.com/api/quote/BRK.B/historical?assetclass=stocks&fromdate=2016-07-26&todate=2026-07-26&limit=5000
BRK.B,2025-04-07,467.415,505.8451,462.1,490.38,12749750,,https://api.nasdaq.com/api/quote/BRK.B/historical?assetclass=stocks&fromdate=2016-07-26&todate=2026-07-26&limit=5000
BRK.B,2025-04-08,509.025,516,484.19,492.64,9470118,,https://api.nasdaq.com/api/quote/BRK.B/historical?assetclass=stocks&fromdate=2016-07-26&todate=2026-07-26&limit=5000
BRK.B,2025-04-09,490,523.93,485.5596,521.41,10153680,,https://api.nasdaq.com/api/quote/BRK.B/historical?assetclass=stocks&fromdate=2016-07-26&todate=2026-07-26&limit=5000
BRK.B,2025-04-10,518.3,521.41,498.6088,515.81,7475863,,https://api.nasdaq.com/api/quote/BRK.B/historical?assetclass=stocks&fromdate=2016-07-26&todate=2026-07-26&limit=5000
BRK.B,2025-04-11,515,526.58,510.77,524.11,6231015,,https://api.nasdaq.com/api/quote/BRK.B/historical?assetclass=stocks&fromdate=2016-07-26&todate=2026-07-26&limit=5000
BRK.B,2025-04-14,531,536.52,526.98,529.52,5512121,,https://api.nasdaq.com/api/quote/BRK.B/historical?assetclass=stocks&fromdate=2016-07-26&todate=2026-07-26&limit=5000
BRK.B,2025-04-15,532.62,535.92,527.36,528.17,4329208,,https://api.nasdaq.com/api/quote/BRK.B/historical?assetclass=stocks&fromdate=2016-07-26&todate=2026-07-26&limit=5000
BRK.B,2025-04-16,529.3,530.13,512.89,516.45,5889277,,https://api.nasdaq.com/api/quote/BRK.B/historical?assetclass=stocks&fromdate=2016-07-26&todate=2026-07-26&limit=5000
BRK.B,2025-04-17,518.895,523.88,514.5701,518.21,5322242,,https://api.nasdaq.com/api/quote/BRK.B/historical?assetclass=stocks&fromdate=2016-07-26&todate=2026-07-26&limit=5000
BRK.B,2025-04-21,517.53,518.67,498.08,506.92,4908377,,https://api.nasdaq.com/api/quote/BRK.B/historical?assetclass=stocks&fromdate=2016-07-26&todate=2026-07-26&limit=5000
BRK.B,2025-04-22,514.23,522.22,511.65,520.79,4768491,,https://api.nasdaq.com/api/quote/BRK.B/historical?assetclass=stocks&fromdate=2016-07-26&todate=2026-07-26&limit=5000
BRK.B,2025-04-23,527.5,532.27,523.885,526.81,4294462,,https://api.nasdaq.com/api/quote/BRK.B/historical?assetclass=stocks&fromdate=2016-07-26&todate=2026-07-26&limit=5000
BRK.B,2025-04-24,526.81,533.13,523.16,531.64,3173404,,https://api.nasdaq.com/api/quote/BRK.B/historical?assetclass=stocks&fromdate=2016-07-26&todate=2026-07-26&limit=5000
BRK.B,2025-04-25,531.75,532.4399,526.79,530.96,2742786,,https://api.nasdaq.com/api/quote/BRK.B/historical?assetclass=stocks&fromdate=2016-07-26&todate=2026-07-26&limit=5000
BRK.B,2025-04-28,533.63,536.82,526.58,530.94,4238653,,https://api.nasdaq.com/api/quote/BRK.B/historical?assetclass=stocks&fromdate=2016-07-26&todate=2026-07-26&limit=5000
BRK.B,2025-04-29,531,535.34,528.29,534.57,3177729,,https://api.nasdaq.com/api/quote/BRK.B/historical?assetclass=stocks&fromdate=2016-07-26&todate=2026-07-26&limit=5000
BRK.B,2025-04-30,531.51,535.72,524.0032,533.25,5251647,,https://api.nasdaq.com/api/quote/BRK.B/historical?assetclass=stocks&fromdate=2016-07-26&todate=2026-07-26&limit=5000
BRK.B,2025-05-01,531,533.265,528.3,530.23,4693069,,https://api.nasdaq.com/api/quote/BRK.B/historical?assetclass=stocks&fromdate=2016-07-26&todate=2026-07-26&limit=5000
BRK.B,2025-05-02,536.75,542.07,535.2581,539.8,4945569,,https://api.nasdaq.com/api/quote/BRK.B/historical?assetclass=stocks&fromdate=2016-07-26&todate=2026-07-26&limit=5000
BRK.B,2025-05-05,520.08,521.18,502.8001,512.15,16380220,,https://api.nasdaq.com/api/quote/BRK.B/historical?assetclass=stocks&fromdate=2016-07-26&todate=2026-07-26&limit=5000
BRK.B,2025-05-06,509.57,515.75,507.99,512.33,6088592,,https://api.nasdaq.com/api/quote/BRK.B/historical?assetclass=stocks&fromdate=2016-07-26&todate=2026-07-26&limit=5000
BRK.B,2025-05-07,515.015,520.25,513,518.22,5581423,,https://api.nasdaq.com/api/quote/BRK.B/historical?assetclass=stocks&fromdate=2016-07-26&todate=2026-07-26&limit=5000
BRK.B,2025-05-08,520.98,521.2591,513.0401,513.25,5018581,,https://api.nasdaq.com/api/quote/BRK.B/historical?assetclass=stocks&fromdate=2016-07-26&todate=2026-07-26&limit=5000
BRK.B,2025-05-09,514.25,515.91,510.2533,513.74,3621402,,https://api.nasdaq.com/api/quote/BRK.B/historical?assetclass=stocks&fromdate=2016-07-26&todate=2026-07-26&limit=5000
BRK.B,2025-05-12,520.3,520.3,510.25,514.3,6368046,,https://api.nasdaq.com/api/quote/BRK.B/historical?assetclass=stocks&fromdate=2016-07-26&todate=2026-07-26&limit=5000
BRK.B,2025-05-13,515.64,515.75,511.8,511.88,4504120,,https://api.nasdaq.com/api/quote/BRK.B/historical?assetclass=stocks&fromdate=2016-07-26&todate=2026-07-26&limit=5000
BRK.B,2025-05-14,511.85,511.85,502.8,503.4,6384053,,https://api.nasdaq.com/api/quote/BRK.B/historical?assetclass=stocks&fromdate=2016-07-26&todate=2026-07-26&limit=5000
BRK.B,2025-05-15,502.375,509.78,501.62,507.33,5040862,,https://api.nasdaq.com/api/quote/BRK.B/historical?assetclass=stocks&fromdate=2016-07-26&todate=2026-07-26&limit=5000
BRK.B,2025-05-16,509.63,514.33,506.8,514.31,4997321,,https://api.nasdaq.com/api/quote/BRK.B/historical?assetclass=stocks&fromdate=2016-07-26&todate=2026-07-26&limit=5000
BRK.B,2025-05-19,513.615,513.79,510.1,512.39,3441451,,https://api.nasdaq.com/api/quote/BRK.B/historical?assetclass=stocks&fromdate=2016-07-26&todate=2026-07-26&limit=5000
BRK.B,2025-05-20,511.11,512.075,506.5514,508.74,3736959,,https://api.nasdaq.com/api/quote/BRK.B/historical?assetclass=stocks&fromdate=2016-07-26&todate=2026-07-26&limit=5000
BRK.B,2025-05-21,507.41,509.9999,505.4,507.03,3815801,,https://api.nasdaq.com/api/quote/BRK.B/historical?assetclass=stocks&fromdate=2016-07-26&todate=2026-07-26&limit=5000
BRK.B,2025-05-22,505.1,507.4,502.64,503.57,3244774,,https://api.nasdaq.com/api/quote/BRK.B/historical?assetclass=stocks&fromdate=2016-07-26&todate=2026-07-26&limit=5000
BRK.B,2025-05-23,501.005,505.5,500.25,503.46,3166844,,https://api.nasdaq.com/api/quote/BRK.B/historical?assetclass=stocks&fromdate=2016-07-26&todate=2026-07-26&limit=5000
BRK.B,2025-05-27,506.425,509.75,505.01,509.16,4928325,,https://api.nasdaq.com/api/quote/BRK.B/historical?assetclass=stocks&fromdate=2016-07-26&todate=2026-07-26&limit=5000
BRK.B,2025-05-28,508.39,509.1,502.83,503.11,3613850,,https://api.nasdaq.com/api/quote/BRK.B/historical?assetclass=stocks&fromdate=2016-07-26&todate=2026-07-26&limit=5000
BRK.B,2025-05-29,504,506.55,501.2,506.18,3657310,,https://api.nasdaq.com/api/quote/BRK.B/historical?assetclass=stocks&fromdate=2016-07-26&todate=2026-07-26&limit=5000
BRK.B,2025-05-30,505.185,505.72,500.185,503.96,9153084,,https://api.nasdaq.com/api/quote/BRK.B/historical?assetclass=stocks&fromdate=2016-07-26&todate=2026-07-26&limit=5000
BRK.B,2025-06-02,501.7,503.23,499.47,502.81,4914008,,https://api.nasdaq.com/api/quote/BRK.B/historical?assetclass=stocks&fromdate=2016-07-26&todate=2026-07-26&limit=5000
BRK.B,2025-06-03,501,502.7899,493.51,497.83,5923064,,https://api.nasdaq.com/api/quote/BRK.B/historical?assetclass=stocks&fromdate=2016-07-26&todate=2026-07-26&limit=5000
BRK.B,2025-06-04,496.94,496.99,490.88,491,5297634,,https://api.nasdaq.com/api/quote/BRK.B/historical?assetclass=stocks&fromdate=2016-07-26&todate=2026-07-26&limit=5000
BRK.B,2025-06-05,490.75,491,485.6,488.74,5165718,,https://api.nasdaq.com/api/quote/BRK.B/historical?assetclass=stocks&fromdate=2016-07-26&todate=2026-07-26&limit=5000
BRK.B,2025-06-06,491.63,496.0978,491.63,493.53,3948280,,https://api.nasdaq.com/api/quote/BRK.B/historical?assetclass=stocks&fromdate=2016-07-26&todate=2026-07-26&limit=5000
BRK.B,2025-06-09,493.7,494.53,488.88,493.33,3987465,,https://api.nasdaq.com/api/quote/BRK.B/historical?assetclass=stocks&fromdate=2016-07-26&todate=2026-07-26&limit=5000
BRK.B,2025-06-10,492.655,492.9,489.5,491.13,3951496,,https://api.nasdaq.com/api/quote/BRK.B/historical?assetclass=stocks&fromdate=2016-07-26&todate=2026-07-26&limit=5000
BRK.B,2025-06-11,491.05,492.25,486.67,488.14,4595851,,https://api.nasdaq.com/api/quote/BRK.B/historical?assetclass=stocks&fromdate=2016-07-26&todate=2026-07-26&limit=5000
BRK.B,2025-06-12,486.235,490.44,483.78,490.34,3535161,,https://api.nasdaq.com/api/quote/BRK.B/historical?assetclass=stocks&fromdate=2016-07-26&todate=2026-07-26&limit=5000
BRK.B,2025-06-13,486.27,491.0843,485.85,487.54,4000981,,https://api.nasdaq.com/api/quote/BRK.B/historical?assetclass=stocks&fromdate=2016-07-26&todate=2026-07-26&limit=5000
BRK.B,2025-06-16,489.73,491.85,488.5404,490.23,3937627,,https://api.nasdaq.com/api/quote/BRK.B/historical?assetclass=stocks&fromdate=2016-07-26&todate=2026-07-26&limit=5000
BRK.B,2025-06-17,489.11,489.4,483.25,483.48,3956345,,https://api.nasdaq.com/api/quote/BRK.B/historical?assetclass=stocks&fromdate=2016-07-26&todate=2026-07-26&limit=5000
BRK.B,2025-06-18,484.1,486.7,482.75,485.14,4893571,,https://api.nasdaq.com/api/quote/BRK.B/historical?assetclass=stocks&fromdate=2016-07-26&todate=2026-07-26&limit=5000
BRK.B,2025-06-20,484.95,486.68,483.4301,484.85,7620370,,https://api.nasdaq.com/api/quote/BRK.B/historical?assetclass=stocks&fromdate=2016-07-26&todate=2026-07-26&limit=5000
BRK.B,2025-06-23,485.42,488.5,481.7201,487.77,4140985,,https://api.nasdaq.com/api/quote/BRK.B/historical?assetclass=stocks&fromdate=2016-07-26&todate=2026-07-26&limit=5000
BRK.B,2025-06-24,489.43,497.7391,488.89,493.48,5111694,,https://api.nasdaq.com/api/quote/BRK.B/historical?assetclass=stocks&fromdate=2016-07-26&todate=2026-07-26&limit=5000
BRK.B,2025-06-25,494.5,496,486.14,486.21,4260584,,https://api.nasdaq.com/api/quote/BRK.B/historical?assetclass=stocks&fromdate=2016-07-26&todate=2026-07-26&limit=5000
BRK.B,2025-06-26,486.54,487.9764,484.25,485.05,4212937,,https://api.nasdaq.com/api/quote/BRK.B/historical?assetclass=stocks&fromdate=2016-07-26&todate=2026-07-26&limit=5000
BRK.B,2025-06-27,485.77,489.68,484.4,485.68,6129341,,https://api.nasdaq.com/api/quote/BRK.B/historical?assetclass=stocks&fromdate=2016-07-26&todate=2026-07-26&limit=5000
BRK.B,2025-06-30,485.9,487.65,483.44,485.77,6384326,,https://api.nasdaq.com/api/quote/BRK.B/historical?assetclass=stocks&fromdate=2016-07-26&todate=2026-07-26&limit=5000
BRK.B,2025-07-01,485.78,491.09,483.8,489.61,4776026,,https://api.nasdaq.com/api/quote/BRK.B/historical?assetclass=stocks&fromdate=2016-07-26&todate=2026-07-26&limit=5000
BRK.B,2025-07-02,489.43,489.93,478.62,480.48,6707174,,https://api.nasdaq.com/api/quote/BRK.B/historical?assetclass=stocks&fromdate=2016-07-26&todate=2026-07-26&limit=5000
BRK.B,2025-07-03,480.89,486.549,480.36,485,3443318,,https://api.nasdaq.com/api/quote/BRK.B/historical?assetclass=stocks&fromdate=2016-07-26&todate=2026-07-26&limit=5000
BRK.B,2025-07-07,484.42,486.08,476.8,478.03,4674351,,https://api.nasdaq.com/api/quote/BRK.B/historical?assetclass=stocks&fromdate=2016-07-26&todate=2026-07-26&limit=5000
BRK.B,2025-07-08,477.35,480,473.58,477.47,4116180,,https://api.nasdaq.com/api/quote/BRK.B/historical?assetclass=stocks&fromdate=2016-07-26&todate=2026-07-26&limit=5000
BRK.B,2025-07-09,477,479.4902,475.83,478.91,3367397,,https://api.nasdaq.com/api/quote/BRK.B/historical?assetclass=stocks&fromdate=2016-07-26&todate=2026-07-26&limit=5000
BRK.B,2025-07-10,477.87,478.5499,475.5,478.27,4576635,,https://api.nasdaq.com/api/quote/BRK.B/historical?assetclass=stocks&fromdate=2016-07-26&todate=2026-07-26&limit=5000
BRK.B,2025-07-11,476.25,476.85,471.3971,475.86,4416578,,https://api.nasdaq.com/api/quote/BRK.B/historical?assetclass=stocks&fromdate=2016-07-26&todate=2026-07-26&limit=5000
BRK.B,2025-07-14,474.32,478.13,473.46,476.31,4294742,,https://api.nasdaq.com/api/quote/BRK.B/historical?assetclass=stocks&fromdate=2016-07-26&todate=2026-07-26&limit=5000
BRK.B,2025-07-15,475.3,475.72,470,470.13,4482349,,https://api.nasdaq.com/api/quote/BRK.B/historical?assetclass=stocks&fromdate=2016-07-26&todate=2026-07-26&limit=5000
BRK.B,2025-07-16,471.2,472.9186,468.88,471.31,3796913,,https://api.nasdaq.com/api/quote/BRK.B/historical?assetclass=stocks&fromdate=2016-07-26&todate=2026-07-26&limit=5000
BRK.B,2025-07-17,470.065,474.1499,467.65,473.4,4040026,,https://api.nasdaq.com/api/quote/BRK.B/historical?assetclass=stocks&fromdate=2016-07-26&todate=2026-07-26&limit=5000
BRK.B,2025-07-18,474,478.6404,473.5,473.8,4015838,,https://api.nasdaq.com/api/quote/BRK.B/historical?assetclass=stocks&fromdate=2016-07-26&todate=2026-07-26&limit=5000
BRK.B,2025-07-21,473.035,478.35,472,474.41,3791273,,https://api.nasdaq.com/api/quote/BRK.B/historical?assetclass=stocks&fromdate=2016-07-26&todate=2026-07-26&limit=5000
BRK.B,2025-07-22,475.5,483.14,475,478.13,4521531,,https://api.nasdaq.com/api/quote/BRK.B/historical?assetclass=stocks&fromdate=2016-07-26&todate=2026-07-26&limit=5000
BRK.B,2025-07-23,480.25,484.45,479.2,482.63,4385559,,https://api.nasdaq.com/api/quote/BRK.B/historical?assetclass=stocks&fromdate=2016-07-26&todate=2026-07-26&limit=5000
BRK.B,2025-07-24,482.67,486.17,480.6,480.6,5044836,,https://api.nasdaq.com/api/quote/BRK.B/historical?assetclass=stocks&fromdate=2016-07-26&todate=2026-07-26&limit=5000
BRK.B,2025-07-25,481.67,484.93,479.6601,484.07,4220504,,https://api.nasdaq.com/api/quote/BRK.B/historical?assetclass=stocks&fromdate=2016-07-26&todate=2026-07-26&limit=5000
BRK.B,2025-07-28,484.35,486.8963,481.1001,481.7,3626059,,https://api.nasdaq.com/api/quote/BRK.B/historical?assetclass=stocks&fromdate=2016-07-26&todate=2026-07-26&limit=5000
BRK.B,2025-07-29,482.57,485.0001,476.28,476.56,4193187,,https://api.nasdaq.com/api/quote/BRK.B/historical?assetclass=stocks&fromdate=2016-07-26&todate=2026-07-26&limit=5000
BRK.B,2025-07-30,475.13,479.41,473.88,476,3802960,,https://api.nasdaq.com/api/quote/BRK.B/historical?assetclass=stocks&fromdate=2016-07-26&todate=2026-07-26&limit=5000
BRK.B,2025-07-31,472.61,477.7,471.88,471.88,6315340,,https://api.nasdaq.com/api/quote/BRK.B/historical?assetclass=stocks&fromdate=2016-07-26&todate=2026-07-26&limit=5000
BRK.B,2025-08-01,473.47,475.96,470.62,472.84,5287484,,https://api.nasdaq.com/api/quote/BRK.B/historical?assetclass=stocks&fromdate=2016-07-26&todate=2026-07-26&limit=5000
BRK.B,2025-08-04,468.05,468.87,455.185,459.11,10874270,,https://api.nasdaq.com/api/quote/BRK.B/historical?assetclass=stocks&fromdate=2016-07-26&todate=2026-07-26&limit=5000
BRK.B,2025-08-05,460.6,467.5762,460.38,464.19,6780711,,https://api.nasdaq.com/api/quote/BRK.B/historical?assetclass=stocks&fromdate=2016-07-26&todate=2026-07-26&limit=5000
BRK.B,2025-08-06,465,469.55,463,468.91,4557081,,https://api.nasdaq.com/api/quote/BRK.B/historical?assetclass=stocks&fromdate=2016-07-26&todate=2026-07-26&limit=5000
BRK.B,2025-08-07,469.2,472.7,461.37,461.47,5755747,,https://api.nasdaq.com/api/quote/BRK.B/historical?assetclass=stocks&fromdate=2016-07-26&todate=2026-07-26&limit=5000
BRK.B,2025-08-08,462.94,465.83,462.55,465.4,3330571,,https://api.nasdaq.com/api/quote/BRK.B/historical?assetclass=stocks&fromdate=2016-07-26&todate=2026-07-26&limit=5000
BRK.B,2025-08-11,466.46,468.494,463.504,464.73,3712076,,https://api.nasdaq.com/api/quote/BRK.B/historical?assetclass=stocks&fromdate=2016-07-26&todate=2026-07-26&limit=5000
BRK.B,2025-08-12,465.53,472.4726,465.06,470.39,3771514,,https://api.nasdaq.com/api/quote/BRK.B/historical?assetclass=stocks&fromdate=2016-07-26&todate=2026-07-26&limit=5000
BRK.B,2025-08-13,471.7,479.6,471.5,477.31,4629437,,https://api.nasdaq.com/api/quote/BRK.B/historical?assetclass=stocks&fromdate=2016-07-26&todate=2026-07-26&limit=5000
BRK.B,2025-08-14,478.345,479.22,474.42,479.22,4187144,,https://api.nasdaq.com/api/quote/BRK.B/historical?assetclass=stocks&fromdate=2016-07-26&todate=2026-07-26&limit=5000
BRK.B,2025-08-15,482.35,482.48,476.29,477.2,5229761,,https://api.nasdaq.com/api/quote/BRK.B/historical?assetclass=stocks&fromdate=2016-07-26&todate=2026-07-26&limit=5000
BRK.B,2025-08-18,477.97,479,474.66,478.52,3911272,,https://api.nasdaq.com/api/quote/BRK.B/historical?assetclass=stocks&fromdate=2016-07-26&todate=2026-07-26&limit=5000
BRK.B,2025-08-19,479.77,485.8999,479.77,485.31,4726408,,https://api.nasdaq.com/api/quote/BRK.B/historical?assetclass=stocks&fromdate=2016-07-26&todate=2026-07-26&limit=5000
BRK.B,2025-08-20,487,492.2178,485.829,488.68,4779763,,https://api.nasdaq.com/api/quote/BRK.B/historical?assetclass=stocks&fromdate=2016-07-26&todate=2026-07-26&limit=5000
BRK.B,2025-08-21,487.24,489.049,483.68,488.59,3082174,,https://api.nasdaq.com/api/quote/BRK.B/historical?assetclass=stocks&fromdate=2016-07-26&todate=2026-07-26&limit=5000
BRK.B,2025-08-22,491.5,493.14,486.57,489,4205084,,https://api.nasdaq.com/api/quote/BRK.B/historical?assetclass=stocks&fromdate=2016-07-26&todate=2026-07-26&limit=5000
BRK.B,2025-08-25,489.01,489.02,481.83,486.18,3935117,,https://api.nasdaq.com/api/quote/BRK.B/historical?assetclass=stocks&fromdate=2016-07-26&todate=2026-07-26&limit=5000
BRK.B,2025-08-26,485.02,492.79,484.5267,492.21,8217481,,https://api.nasdaq.com/api/quote/BRK.B/historical?assetclass=stocks&fromdate=2016-07-26&todate=2026-07-26&limit=5000
BRK.B,2025-08-27,491.08,497.21,490.6,495.72,4385918,,https://api.nasdaq.com/api/quote/BRK.B/historical?assetclass=stocks&fromdate=2016-07-26&todate=2026-07-26&limit=5000
BRK.B,2025-08-28,498.03,500.14,496.07,499.86,4530429,,https://api.nasdaq.com/api/quote/BRK.B/historical?assetclass=stocks&fromdate=2016-07-26&todate=2026-07-26&limit=5000
BRK.B,2025-08-29,500.85,506.72,500.85,502.98,4663613,,https://api.nasdaq.com/api/quote/BRK.B/historical?assetclass=stocks&fromdate=2016-07-26&todate=2026-07-26&limit=5000
BRK.B,2025-09-02,504.24,505.9,497.62,501.14,4977844,,https://api.nasdaq.com/api/quote/BRK.B/historical?assetclass=stocks&fromdate=2016-07-26&todate=2026-07-26&limit=5000
BRK.B,2025-09-03,499.55,502.11,496.59,501.49,3206165,,https://api.nasdaq.com/api/quote/BRK.B/historical?assetclass=stocks&fromdate=2016-07-26&todate=2026-07-26&limit=5000
BRK.B,2025-09-04,502.9,507.38,501.26,506.91,2976722,,https://api.nasdaq.com/api/quote/BRK.B/historical?assetclass=stocks&fromdate=2016-07-26&todate=2026-07-26&limit=5000
BRK.B,2025-09-05,506,507.661,497.75,499.77,4222890,,https://api.nasdaq.com/api/quote/BRK.B/historical?assetclass=stocks&fromdate=2016-07-26&todate=2026-07-26&limit=5000
BRK.B,2025-09-08,499,499.65,493.46,493.78,5146322,,https://api.nasdaq.com/api/quote/BRK.B/historical?assetclass=stocks&fromdate=2016-07-26&todate=2026-07-26&limit=5000
BRK.B,2025-09-09,492.45,496.85,491.7201,492.72,3748686,,https://api.nasdaq.com/api/quote/BRK.B/historical?assetclass=stocks&fromdate=2016-07-26&todate=2026-07-26&limit=5000
BRK.B,2025-09-10,490,491.7,486.2701,490.08,5561592,,https://api.nasdaq.com/api/quote/BRK.B/historical?assetclass=stocks&fromdate=2016-07-26&todate=2026-07-26&limit=5000
BRK.B,2025-09-11,489.33,497.24,489.03,496.91,3669007,,https://api.nasdaq.com/api/quote/BRK.B/historical?assetclass=stocks&fromdate=2016-07-26&todate=2026-07-26&limit=5000
BRK.B,2025-09-12,495.745,497.6256,493.34,493.74,2951721,,https://api.nasdaq.com/api/quote/BRK.B/historical?assetclass=stocks&fromdate=2016-07-26&todate=2026-07-26&limit=5000
BRK.B,2025-09-15,493.6,495.27,489.5,491.54,3629775,,https://api.nasdaq.com/api/quote/BRK.B/historical?assetclass=stocks&fromdate=2016-07-26&todate=2026-07-26&limit=5000
BRK.B,2025-09-16,491.27,491.92,487.2,490.99,4069971,,https://api.nasdaq.com/api/quote/BRK.B/historical?assetclass=stocks&fromdate=2016-07-26&todate=2026-07-26&limit=5000
BRK.B,2025-09-17,490.935,495.99,490.3001,492.33,5060688,,https://api.nasdaq.com/api/quote/BRK.B/historical?assetclass=stocks&fromdate=2016-07-26&todate=2026-07-26&limit=5000
BRK.B,2025-09-18,489.64,494.88,488,490.5,4058878,,https://api.nasdaq.com/api/quote/BRK.B/historical?assetclass=stocks&fromdate=2016-07-26&todate=2026-07-26&limit=5000
BRK.B,2025-09-19,491.87,494.5,488.88,492.85,7356280,,https://api.nasdaq.com/api/quote/BRK.B/historical?assetclass=stocks&fromdate=2016-07-26&todate=2026-07-26&limit=5000
BRK.B,2025-09-22,490.57,494.71,489.23,493.71,3582875,,https://api.nasdaq.com/api/quote/BRK.B/historical?assetclass=stocks&fromdate=2016-07-26&todate=2026-07-26&limit=5000
BRK.B,2025-09-23,493.765,499.28,493.5223,494.1,3933240,,https://api.nasdaq.com/api/quote/BRK.B/historical?assetclass=stocks&fromdate=2016-07-26&todate=2026-07-26&limit=5000
BRK.B,2025-09-24,493.3,497.16,493.11,497.09,2811544,,https://api.nasdaq.com/api/quote/BRK.B/historical?assetclass=stocks&fromdate=2016-07-26&todate=2026-07-26&limit=5000
BRK.B,2025-09-25,496.15,499,494.73,494.96,4056103,,https://api.nasdaq.com/api/quote/BRK.B/historical?assetclass=stocks&fromdate=2016-07-26&todate=2026-07-26&limit=5000
BRK.B,2025-09-26,496.94,502.1,496.65,500.03,3707648,,https://api.nasdaq.com/api/quote/BRK.B/historical?assetclass=stocks&fromdate=2016-07-26&todate=2026-07-26&limit=5000
BRK.B,2025-09-29,500,500.25,495.02,499.25,5161913,,https://api.nasdaq.com/api/quote/BRK.B/historical?assetclass=stocks&fromdate=2016-07-26&todate=2026-07-26&limit=5000
BRK.B,2025-09-30,497.64,503.78,497,502.74,3873477,,https://api.nasdaq.com/api/quote/BRK.B/historical?assetclass=stocks&fromdate=2016-07-26&todate=2026-07-26&limit=5000
BRK.B,2025-10-01,502.5,502.8661,495.9,498.2,4481081,,https://api.nasdaq.com/api/quote/BRK.B/historical?assetclass=stocks&fromdate=2016-07-26&todate=2026-07-26&limit=5000
BRK.B,2025-10-02,496.96,499.61,493.22,495.92,3461425,,https://api.nasdaq.com/api/quote/BRK.B/historical?assetclass=stocks&fromdate=2016-07-26&todate=2026-07-26&limit=5000
BRK.B,2025-10-03,495.9,502.5499,495.0501,498.75,4678832,,https://api.nasdaq.com/api/quote/BRK.B/historical?assetclass=stocks&fromdate=2016-07-26&todate=2026-07-26&limit=5000
BRK.B,2025-10-06,499.5,504.97,498.0201,500.02,3519473,,https://api.nasdaq.com/api/quote/BRK.B/historical?assetclass=stocks&fromdate=2016-07-26&todate=2026-07-26&limit=5000
BRK.B,2025-10-07,500.16,504.46,498.61,502.3,3057382,,https://api.nasdaq.com/api/quote/BRK.B/historical?assetclass=stocks&fromdate=2016-07-26&todate=2026-07-26&limit=5000
BRK.B,2025-10-08,502.71,503.5,498.56,499.84,2944558,,https://api.nasdaq.com/api/quote/BRK.B/historical?assetclass=stocks&fromdate=2016-07-26&todate=2026-07-26&limit=5000
BRK.B,2025-10-09,499.98,501.221,494.51,496.74,3172176,,https://api.nasdaq.com/api/quote/BRK.B/historical?assetclass=stocks&fromdate=2016-07-26&todate=2026-07-26&limit=5000
BRK.B,2025-10-10,497.25,497.99,489.06,489.13,4763823,,https://api.nasdaq.com/api/quote/BRK.B/historical?assetclass=stocks&fromdate=2016-07-26&todate=2026-07-26&limit=5000
BRK.B,2025-10-13,488.15,493.8,487.82,491.93,3183457,,https://api.nasdaq.com/api/quote/BRK.B/historical?assetclass=stocks&fromdate=2016-07-26&todate=2026-07-26&limit=5000
BRK.B,2025-10-14,490,497.06,489.9501,495.97,3056001,,https://api.nasdaq.com/api/quote/BRK.B/historical?assetclass=stocks&fromdate=2016-07-26&todate=2026-07-26&limit=5000
BRK.B,2025-10-15,493.9,496.7292,490.35,496.39,3566239,,https://api.nasdaq.com/api/quote/BRK.B/historical?assetclass=stocks&fromdate=2016-07-26&todate=2026-07-26&limit=5000
BRK.B,2025-10-16,495.595,495.9999,485.8,488.81,4254327,,https://api.nasdaq.com/api/quote/BRK.B/historical?assetclass=stocks&fromdate=2016-07-26&todate=2026-07-26&limit=5000
BRK.B,2025-10-17,490,493.45,489.25,492.42,3794296,,https://api.nasdaq.com/api/quote/BRK.B/historical?assetclass=stocks&fromdate=2016-07-26&todate=2026-07-26&limit=5000
BRK.B,2025-10-20,492.36,494.415,490.3201,494.08,4605314,,https://api.nasdaq.com/api/quote/BRK.B/historical?assetclass=stocks&fromdate=2016-07-26&todate=2026-07-26&limit=5000
BRK.B,2025-10-21,493.7,495.7,491.25,491.29,2714528,,https://api.nasdaq.com/api/quote/BRK.B/historical?assetclass=stocks&fromdate=2016-07-26&todate=2026-07-26&limit=5000
BRK.B,2025-10-22,491.73,492.98,488.1901,491.81,3376019,,https://api.nasdaq.com/api/quote/BRK.B/historical?assetclass=stocks&fromdate=2016-07-26&todate=2026-07-26&limit=5000
BRK.B,2025-10-23,492.19,492.45,488.1132,490.16,3063026,,https://api.nasdaq.com/api/quote/BRK.B/historical?assetclass=stocks&fromdate=2016-07-26&todate=2026-07-26&limit=5000
BRK.B,2025-10-24,490.91,492.98,489.4,492.1,3166824,,https://api.nasdaq.com/api/quote/BRK.B/historical?assetclass=stocks&fromdate=2016-07-26&todate=2026-07-26&limit=5000
BRK.B,2025-10-27,491.92,492.3,484.55,488.07,6451495,,https://api.nasdaq.com/api/quote/BRK.B/historical?assetclass=stocks&fromdate=2016-07-26&todate=2026-07-26&limit=5000
BRK.B,2025-10-28,484.96,485.67,481.11,481.44,5029140,,https://api.nasdaq.com/api/quote/BRK.B/historical?assetclass=stocks&fromdate=2016-07-26&todate=2026-07-26&limit=5000
BRK.B,2025-10-29,477.32,478.8,473.72,475.76,6204476,,https://api.nasdaq.com/api/quote/BRK.B/historical?assetclass=stocks&fromdate=2016-07-26&todate=2026-07-26&limit=5000
BRK.B,2025-10-30,474.84,480.9088,474.84,478.52,4786554,,https://api.nasdaq.com/api/quote/BRK.B/historical?assetclass=stocks&fromdate=2016-07-26&todate=2026-07-26&limit=5000
BRK.B,2025-10-31,476.8,478.71,475.31,477.54,7146403,,https://api.nasdaq.com/api/quote/BRK.B/historical?assetclass=stocks&fromdate=2016-07-26&todate=2026-07-26&limit=5000
BRK.B,2025-11-03,479.51,479.99,473.15,475.68,5868125,,https://api.nasdaq.com/api/quote/BRK.B/historical?assetclass=stocks&fromdate=2016-07-26&todate=2026-07-26&limit=5000
BRK.B,2025-11-04,475.5,488.79,475.5,487.66,7803248,,https://api.nasdaq.com/api/quote/BRK.B/historical?assetclass=stocks&fromdate=2016-07-26&todate=2026-07-26&limit=5000
BRK.B,2025-11-05,487.335,493.89,487.335,488.77,6551219,,https://api.nasdaq.com/api/quote/BRK.B/historical?assetclass=stocks&fromdate=2016-07-26&todate=2026-07-26&limit=5000
BRK.B,2025-11-06,490,494.03,486.75,493.15,4964723,,https://api.nasdaq.com/api/quote/BRK.B/historical?assetclass=stocks&fromdate=2016-07-26&todate=2026-07-26&limit=5000
BRK.B,2025-11-07,494.93,500.16,493.35,499.06,6377764,,https://api.nasdaq.com/api/quote/BRK.B/historical?assetclass=stocks&fromdate=2016-07-26&todate=2026-07-26&limit=5000
BRK.B,2025-11-10,497.08,501.28,495.13,496.98,5084042,,https://api.nasdaq.com/api/quote/BRK.B/historical?assetclass=stocks&fromdate=2016-07-26&todate=2026-07-26&limit=5000
BRK.B,2025-11-11,498.59,499.69,494.2,497.07,2960205,,https://api.nasdaq.com/api/quote/BRK.B/historical?assetclass=stocks&fromdate=2016-07-26&todate=2026-07-26&limit=5000
BRK.B,2025-11-12,497.16,504.45,496.9879,502.4,5456044,,https://api.nasdaq.com/api/quote/BRK.B/historical?assetclass=stocks&fromdate=2016-07-26&todate=2026-07-26&limit=5000
BRK.B,2025-11-13,504.82,514.2599,504.82,513.11,7340683,,https://api.nasdaq.com/api/quote/BRK.B/historical?assetclass=stocks&fromdate=2016-07-26&todate=2026-07-26&limit=5000
BRK.B,2025-11-14,514.7,516.55,506.35,508.94,5462458,,https://api.nasdaq.com/api/quote/BRK.B/historical?assetclass=stocks&fromdate=2016-07-26&todate=2026-07-26&limit=5000
BRK.B,2025-11-17,510.73,511.26,502.84,503.26,5371012,,https://api.nasdaq.com/api/quote/BRK.B/historical?assetclass=stocks&fromdate=2016-07-26&todate=2026-07-26&limit=5000
BRK.B,2025-11-18,503.39,506.64,500.6,504.37,5457398,,https://api.nasdaq.com/api/quote/BRK.B/historical?assetclass=stocks&fromdate=2016-07-26&todate=2026-07-26&limit=5000
BRK.B,2025-11-19,503.685,504.25,495.55,501.26,4694986,,https://api.nasdaq.com/api/quote/BRK.B/historical?assetclass=stocks&fromdate=2016-07-26&todate=2026-07-26&limit=5000
BRK.B,2025-11-20,501.11,506.45,500.81,501.12,5486932,,https://api.nasdaq.com/api/quote/BRK.B/historical?assetclass=stocks&fromdate=2016-07-26&todate=2026-07-26&limit=5000
BRK.B,2025-11-21,503.275,507.842,502.49,504.04,6058963,,https://api.nasdaq.com/api/quote/BRK.B/historical?assetclass=stocks&fromdate=2016-07-26&todate=2026-07-26&limit=5000
BRK.B,2025-11-24,501.895,509.2,497.1652,507.81,13404470,,https://api.nasdaq.com/api/quote/BRK.B/historical?assetclass=stocks&fromdate=2016-07-26&todate=2026-07-26&limit=5000
BRK.B,2025-11-25,508.93,512.355,506.86,508.57,4064007,,https://api.nasdaq.com/api/quote/BRK.B/historical?assetclass=stocks&fromdate=2016-07-26&todate=2026-07-26&limit=5000
BRK.B,2025-11-26,509.25,512.7,507.65,511.23,3686740,,https://api.nasdaq.com/api/quote/BRK.B/historical?assetclass=stocks&fromdate=2016-07-26&todate=2026-07-26&limit=5000
BRK.B,2025-11-28,511.89,516.85,511.56,513.81,2312245,,https://api.nasdaq.com/api/quote/BRK.B/historical?assetclass=stocks&fromdate=2016-07-26&todate=2026-07-26&limit=5000
BRK.B,2025-12-01,513.645,514.49,508.18,508.55,3995153,,https://api.nasdaq.com/api/quote/BRK.B/historical?assetclass=stocks&fromdate=2016-07-26&todate=2026-07-26&limit=5000
BRK.B,2025-12-02,507.59,508.11,503.105,506.65,3378009,,https://api.nasdaq.com/api/quote/BRK.B/historical?assetclass=stocks&fromdate=2016-07-26&todate=2026-07-26&limit=5000
BRK.B,2025-12-03,507.52,509.5999,503.6,503.6,3803234,,https://api.nasdaq.com/api/quote/BRK.B/historical?assetclass=stocks&fromdate=2016-07-26&todate=2026-07-26&limit=5000
BRK.B,2025-12-04,504.38,506.4958,500.7,503.23,3574809,,https://api.nasdaq.com/api/quote/BRK.B/historical?assetclass=stocks&fromdate=2016-07-26&todate=2026-07-26&limit=5000
BRK.B,2025-12-05,503.86,505.76,500.54,504.34,3463668,,https://api.nasdaq.com/api/quote/BRK.B/historical?assetclass=stocks&fromdate=2016-07-26&todate=2026-07-26&limit=5000
BRK.B,2025-12-08,502.1,502.97,490.62,497.23,7032222,,https://api.nasdaq.com/api/quote/BRK.B/historical?assetclass=stocks&fromdate=2016-07-26&todate=2026-07-26&limit=5000
BRK.B,2025-12-09,497.625,499.215,490.83,491.43,4573999,,https://api.nasdaq.com/api/quote/BRK.B/historical?assetclass=stocks&fromdate=2016-07-26&todate=2026-07-26&limit=5000
BRK.B,2025-12-10,490.86,495.88,488.92,490.43,4558796,,https://api.nasdaq.com/api/quote/BRK.B/historical?assetclass=stocks&fromdate=2016-07-26&todate=2026-07-26&limit=5000
BRK.B,2025-12-11,491.83,498.145,491.83,495.85,4493445,,https://api.nasdaq.com/api/quote/BRK.B/historical?assetclass=stocks&fromdate=2016-07-26&todate=2026-07-26&limit=5000
BRK.B,2025-12-12,496.71,500,494.5,499.52,4113658,,https://api.nasdaq.com/api/quote/BRK.B/historical?assetclass=stocks&fromdate=2016-07-26&todate=2026-07-26&limit=5000
BRK.B,2025-12-15,500.42,506.62,500.275,506.38,5173886,,https://api.nasdaq.com/api/quote/BRK.B/historical?assetclass=stocks&fromdate=2016-07-26&todate=2026-07-26&limit=5000
BRK.B,2025-12-16,507.05,508.1,499.455,499.84,4376710,,https://api.nasdaq.com/api/quote/BRK.B/historical?assetclass=stocks&fromdate=2016-07-26&todate=2026-07-26&limit=5000
BRK.B,2025-12-17,499.9,505.19,499.5,504.27,4128603,,https://api.nasdaq.com/api/quote/BRK.B/historical?assetclass=stocks&fromdate=2016-07-26&todate=2026-07-26&limit=5000
BRK.B,2025-12-18,502.23,505.43,501.01,503.39,3646672,,https://api.nasdaq.com/api/quote/BRK.B/historical?assetclass=stocks&fromdate=2016-07-26&todate=2026-07-26&limit=5000
BRK.B,2025-12-19,503.05,503.82,494.53,494.53,14652810,,https://api.nasdaq.com/api/quote/BRK.B/historical?assetclass=stocks&fromdate=2016-07-26&todate=2026-07-26&limit=5000
BRK.B,2025-12-22,496.34,500.31,495.55,499.95,4069970,,https://api.nasdaq.com/api/quote/BRK.B/historical?assetclass=stocks&fromdate=2016-07-26&todate=2026-07-26&limit=5000
BRK.B,2025-12-23,500.48,502.33,498.155,500.51,3680788,,https://api.nasdaq.com/api/quote/BRK.B/historical?assetclass=stocks&fromdate=2016-07-26&todate=2026-07-26&limit=5000
BRK.B,2025-12-24,500.29,501.5099,499.25,501.34,2000186,,https://api.nasdaq.com/api/quote/BRK.B/historical?assetclass=stocks&fromdate=2016-07-26&todate=2026-07-26&limit=5000
BRK.B,2025-12-26,500.45,501.56,496.83,498.3,2247590,,https://api.nasdaq.com/api/quote/BRK.B/historical?assetclass=stocks&fromdate=2016-07-26&todate=2026-07-26&limit=5000
BRK.B,2025-12-29,499.2,501.5,497.21,501.05,3056181,,https://api.nasdaq.com/api/quote/BRK.B/historical?assetclass=stocks&fromdate=2016-07-26&todate=2026-07-26&limit=5000
BRK.B,2025-12-30,500.98,505.11,500.33,503.71,2897149,,https://api.nasdaq.com/api/quote/BRK.B/historical?assetclass=stocks&fromdate=2016-07-26&todate=2026-07-26&limit=5000
BRK.B,2025-12-31,503.92,505.89,502.484,502.65,3105190,,https://api.nasdaq.com/api/quote/BRK.B/historical?assetclass=stocks&fromdate=2016-07-26&todate=2026-07-26&limit=5000
BRK.B,2026-01-02,500.96,501.88,492.91,496.85,5876646,,https://api.nasdaq.com/api/quote/BRK.B/historical?assetclass=stocks&fromdate=2016-07-26&todate=2026-07-26&limit=5000
BRK.B,2026-01-05,494.94,503.4259,494.5011,498.52,5145275,,https://api.nasdaq.com/api/quote/BRK.B/historical?assetclass=stocks&fromdate=2016-07-26&todate=2026-07-26&limit=5000
BRK.B,2026-01-06,496.8,500.67,496.06,499.05,4040008,,https://api.nasdaq.com/api/quote/BRK.B/historical?assetclass=stocks&fromdate=2016-07-26&todate=2026-07-26&limit=5000
BRK.B,2026-01-07,497.88,499.15,493.09,496.12,4445056,,https://api.nasdaq.com/api/quote/BRK.B/historical?assetclass=stocks&fromdate=2016-07-26&todate=2026-07-26&limit=5000
BRK.B,2026-01-08,494.965,504.08,494.11,499.77,4807675,,https://api.nasdaq.com/api/quote/BRK.B/historical?assetclass=stocks&fromdate=2016-07-26&todate=2026-07-26&limit=5000
BRK.B,2026-01-09,498.94,500.28,496.41,499.1,3432109,,https://api.nasdaq.com/api/quote/BRK.B/historical?assetclass=stocks&fromdate=2016-07-26&todate=2026-07-26&limit=5000
BRK.B,2026-01-12,497.4,500.02,495.1,498.67,4209348,,https://api.nasdaq.com/api/quote/BRK.B/historical?assetclass=stocks&fromdate=2016-07-26&todate=2026-07-26&limit=5000
BRK.B,2026-01-13,497.62,498,493.34,495.24,4257619,,https://api.nasdaq.com/api/quote/BRK.B/historical?assetclass=stocks&fromdate=2016-07-26&todate=2026-07-26&limit=5000
BRK.B,2026-01-14,494.17,497.62,492,493.15,5033681,,https://api.nasdaq.com/api/quote/BRK.B/historical?assetclass=stocks&fromdate=2016-07-26&todate=2026-07-26&limit=5000
BRK.B,2026-01-15,492.95,495.63,490.75,492.62,4165209,,https://api.nasdaq.com/api/quote/BRK.B/historical?assetclass=stocks&fromdate=2016-07-26&todate=2026-07-26&limit=5000
BRK.B,2026-01-16,491.67,495.1589,490.9,493.29,4807403,,https://api.nasdaq.com/api/quote/BRK.B/historical?assetclass=stocks&fromdate=2016-07-26&todate=2026-07-26&limit=5000
BRK.B,2026-01-20,490.8,490.97,482.72,485.39,5521462,,https://api.nasdaq.com/api/quote/BRK.B/historical?assetclass=stocks&fromdate=2016-07-26&todate=2026-07-26&limit=5000
BRK.B,2026-01-21,484,488,481.57,483.83,5730174,,https://api.nasdaq.com/api/quote/BRK.B/historical?assetclass=stocks&fromdate=2016-07-26&todate=2026-07-26&limit=5000
BRK.B,2026-01-22,483.26,485.88,481.72,484.49,4054161,,https://api.nasdaq.com/api/quote/BRK.B/historical?assetclass=stocks&fromdate=2016-07-26&todate=2026-07-26&limit=5000
BRK.B,2026-01-23,482.26,483.42,478.44,478.97,5436633,,https://api.nasdaq.com/api/quote/BRK.B/historical?assetclass=stocks&fromdate=2016-07-26&todate=2026-07-26&limit=5000
BRK.B,2026-01-26,478.47,484.8948,477.0759,483.47,5077153,,https://api.nasdaq.com/api/quote/BRK.B/historical?assetclass=stocks&fromdate=2016-07-26&todate=2026-07-26&limit=5000
BRK.B,2026-01-27,482.6,483.5,474.67,474.67,6314539,,https://api.nasdaq.com/api/quote/BRK.B/historical?assetclass=stocks&fromdate=2016-07-26&todate=2026-07-26&limit=5000
BRK.B,2026-01-28,473.01,476.88,471.91,473.49,4563944,,https://api.nasdaq.com/api/quote/BRK.B/historical?assetclass=stocks&fromdate=2016-07-26&todate=2026-07-26&limit=5000
BRK.B,2026-01-29,473.73,477.32,473.08,476.79,5380477,,https://api.nasdaq.com/api/quote/BRK.B/historical?assetclass=stocks&fromdate=2016-07-26&todate=2026-07-26&limit=5000
BRK.B,2026-01-30,476.3,481.5,476.13,480.53,5082160,,https://api.nasdaq.com/api/quote/BRK.B/historical?assetclass=stocks&fromdate=2016-07-26&todate=2026-07-26&limit=5000
BRK.B,2026-02-02,481.295,488.07,478.55,487.29,5064615,,https://api.nasdaq.com/api/quote/BRK.B/historical?assetclass=stocks&fromdate=2016-07-26&todate=2026-07-26&limit=5000
BRK.B,2026-02-03,483.95,496.04,482.2001,493.74,6641193,,https://api.nasdaq.com/api/quote/BRK.B/historical?assetclass=stocks&fromdate=2016-07-26&todate=2026-07-26&limit=5000
BRK.B,2026-02-04,495.8,512.13,495.67,503.83,10591670,,https://api.nasdaq.com/api/quote/BRK.B/historical?assetclass=stocks&fromdate=2016-07-26&todate=2026-07-26&limit=5000
BRK.B,2026-02-05,505.91,506.6287,497.61,503.89,5033856,,https://api.nasdaq.com/api/quote/BRK.B/historical?assetclass=stocks&fromdate=2016-07-26&todate=2026-07-26&limit=5000
BRK.B,2026-02-06,504.18,509.66,502.89,508.09,4421649,,https://api.nasdaq.com/api/quote/BRK.B/historical?assetclass=stocks&fromdate=2016-07-26&todate=2026-07-26&limit=5000
BRK.B,2026-02-09,507.32,507.61,497.2901,498.08,4573017,,https://api.nasdaq.com/api/quote/BRK.B/historical?assetclass=stocks&fromdate=2016-07-26&todate=2026-07-26&limit=5000
BRK.B,2026-02-10,497.9,501.3299,497.3,500.3,3789130,,https://api.nasdaq.com/api/quote/BRK.B/historical?assetclass=stocks&fromdate=2016-07-26&todate=2026-07-26&limit=5000
BRK.B,2026-02-11,499.35,503.3099,497.2801,500.02,3614402,,https://api.nasdaq.com/api/quote/BRK.B/historical?assetclass=stocks&fromdate=2016-07-26&todate=2026-07-26&limit=5000
BRK.B,2026-02-12,501.205,507.71,499.88,500.01,4689942,,https://api.nasdaq.com/api/quote/BRK.B/historical?assetclass=stocks&fromdate=2016-07-26&todate=2026-07-26&limit=5000
BRK.B,2026-02-13,500.15,502.38,495.5,497.55,4685852,,https://api.nasdaq.com/api/quote/BRK.B/historical?assetclass=stocks&fromdate=2016-07-26&todate=2026-07-26&limit=5000
BRK.B,2026-02-17,500.015,506.09,499.21,503.41,4263329,,https://api.nasdaq.com/api/quote/BRK.B/historical?assetclass=stocks&fromdate=2016-07-26&todate=2026-07-26&limit=5000
BRK.B,2026-02-18,504.74,505.27,497.68,499.07,3732516,,https://api.nasdaq.com/api/quote/BRK.B/historical?assetclass=stocks&fromdate=2016-07-26&todate=2026-07-26&limit=5000
BRK.B,2026-02-19,497.87,500.5,495.68,496.94,2610413,,https://api.nasdaq.com/api/quote/BRK.B/historical?assetclass=stocks&fromdate=2016-07-26&todate=2026-07-26&limit=5000
BRK.B,2026-02-20,496.65,498.34,491.805,498.2,4326715,,https://api.nasdaq.com/api/quote/BRK.B/historical?assetclass=stocks&fromdate=2016-07-26&todate=2026-07-26&limit=5000
BRK.B,2026-02-23,496.5,503.55,493.73,494.09,3556548,,https://api.nasdaq.com/api/quote/BRK.B/historical?assetclass=stocks&fromdate=2016-07-26&todate=2026-07-26&limit=5000
BRK.B,2026-02-24,493.49,495.22,488.26,494.51,3224292,,https://api.nasdaq.com/api/quote/BRK.B/historical?assetclass=stocks&fromdate=2016-07-26&todate=2026-07-26&limit=5000
BRK.B,2026-02-25,495.62,497.2299,490.9,493.99,3475465,,https://api.nasdaq.com/api/quote/BRK.B/historical?assetclass=stocks&fromdate=2016-07-26&todate=2026-07-26&limit=5000
BRK.B,2026-02-26,494.65,503.72,494.45,502.67,4576985,,https://api.nasdaq.com/api/quote/BRK.B/historical?assetclass=stocks&fromdate=2016-07-26&todate=2026-07-26&limit=5000
BRK.B,2026-02-27,502.94,506.52,501.16,504.95,6364867,,https://api.nasdaq.com/api/quote/BRK.B/historical?assetclass=stocks&fromdate=2016-07-26&todate=2026-07-26&limit=5000
BRK.B,2026-03-02,495.225,495.75,477.91,480.17,11725270,,https://api.nasdaq.com/api/quote/BRK.B/historical?assetclass=stocks&fromdate=2016-07-26&todate=2026-07-26&limit=5000
BRK.B,2026-03-03,477.075,483.4799,472.52,481.36,6348665,,https://api.nasdaq.com/api/quote/BRK.B/historical?assetclass=stocks&fromdate=2016-07-26&todate=2026-07-26&limit=5000
BRK.B,2026-03-04,481,489.18,479.88,487.48,4369065,,https://api.nasdaq.com/api/quote/BRK.B/historical?assetclass=stocks&fromdate=2016-07-26&todate=2026-07-26&limit=5000
BRK.B,2026-03-05,493.75,500.86,492.51,500.4,8963446,,https://api.nasdaq.com/api/quote/BRK.B/historical?assetclass=stocks&fromdate=2016-07-26&todate=2026-07-26&limit=5000
BRK.B,2026-03-06,499.245,500.701,491.88,498.98,5564351,,https://api.nasdaq.com/api/quote/BRK.B/historical?assetclass=stocks&fromdate=2016-07-26&todate=2026-07-26&limit=5000
BRK.B,2026-03-09,494.9,498.82,490.21,497.2,5833619,,https://api.nasdaq.com/api/quote/BRK.B/historical?assetclass=stocks&fromdate=2016-07-26&todate=2026-07-26&limit=5000
BRK.B,2026-03-10,495.13,498.67,492.31,494.14,3598655,,https://api.nasdaq.com/api/quote/BRK.B/historical?assetclass=stocks&fromdate=2016-07-26&todate=2026-07-26&limit=5000
BRK.B,2026-03-11,493.09,493.8,489.2501,493.57,3849108,,https://api.nasdaq.com/api/quote/BRK.B/historical?assetclass=stocks&fromdate=2016-07-26&todate=2026-07-26&limit=5000
BRK.B,2026-03-12,492.35,493.4,489.0216,491.89,4170889,,https://api.nasdaq.com/api/quote/BRK.B/historical?assetclass=stocks&fromdate=2016-07-26&todate=2026-07-26&limit=5000
BRK.B,2026-03-13,493.32,494.45,489.77,490.03,3565682,,https://api.nasdaq.com/api/quote/BRK.B/historical?assetclass=stocks&fromdate=2016-07-26&todate=2026-07-26&limit=5000
BRK.B,2026-03-16,492.77,496.63,491.08,492.21,3752029,,https://api.nasdaq.com/api/quote/BRK.B/historical?assetclass=stocks&fromdate=2016-07-26&todate=2026-07-26&limit=5000
BRK.B,2026-03-17,494.84,496.96,491.41,492.58,4424872,,https://api.nasdaq.com/api/quote/BRK.B/historical?assetclass=stocks&fromdate=2016-07-26&todate=2026-07-26&limit=5000
BRK.B,2026-03-18,491.14,491.38,483.8,484.47,4356429,,https://api.nasdaq.com/api/quote/BRK.B/historical?assetclass=stocks&fromdate=2016-07-26&todate=2026-07-26&limit=5000
BRK.B,2026-03-19,483.9,484.25,478.81,481.48,4045602,,https://api.nasdaq.com/api/quote/BRK.B/historical?assetclass=stocks&fromdate=2016-07-26&todate=2026-07-26&limit=5000
BRK.B,2026-03-20,481.63,485.12,479.66,480.94,7786425,,https://api.nasdaq.com/api/quote/BRK.B/historical?assetclass=stocks&fromdate=2016-07-26&todate=2026-07-26&limit=5000
BRK.B,2026-03-23,483.5,485.98,479,479.98,4957963,,https://api.nasdaq.com/api/quote/BRK.B/historical?assetclass=stocks&fromdate=2016-07-26&todate=2026-07-26&limit=5000
BRK.B,2026-03-24,478,483.5,477.5496,479.33,3434434,,https://api.nasdaq.com/api/quote/BRK.B/historical?assetclass=stocks&fromdate=2016-07-26&todate=2026-07-26&limit=5000
BRK.B,2026-03-25,482.63,483.23,475.73,476.19,4402046,,https://api.nasdaq.com/api/quote/BRK.B/historical?assetclass=stocks&fromdate=2016-07-26&todate=2026-07-26&limit=5000
BRK.B,2026-03-26,476.435,478.38,474.5,475.27,3774632,,https://api.nasdaq.com/api/quote/BRK.B/historical?assetclass=stocks&fromdate=2016-07-26&todate=2026-07-26&limit=5000
BRK.B,2026-03-27,474.19,474.8,467.21,468.49,5382299,,https://api.nasdaq.com/api/quote/BRK.B/historical?assetclass=stocks&fromdate=2016-07-26&todate=2026-07-26&limit=5000
BRK.B,2026-03-30,470.68,477.69,470.65,474.66,4590941,,https://api.nasdaq.com/api/quote/BRK.B/historical?assetclass=stocks&fromdate=2016-07-26&todate=2026-07-26&limit=5000
BRK.B,2026-03-31,477.78,479.81,474.77,479.2,4725274,,https://api.nasdaq.com/api/quote/BRK.B/historical?assetclass=stocks&fromdate=2016-07-26&todate=2026-07-26&limit=5000
BRK.B,2026-04-01,478.98,481.0992,477.2501,478.5,3600755,,https://api.nasdaq.com/api/quote/BRK.B/historical?assetclass=stocks&fromdate=2016-07-26&todate=2026-07-26&limit=5000
BRK.B,2026-04-02,477.82,479.77,475.68,477.35,2972758,,https://api.nasdaq.com/api/quote/BRK.B/historical?assetclass=stocks&fromdate=2016-07-26&todate=2026-07-26&limit=5000
BRK.B,2026-04-06,475.66,479.5,475.35,476.38,3663497,,https://api.nasdaq.com/api/quote/BRK.B/historical?assetclass=stocks&fromdate=2016-07-26&todate=2026-07-26&limit=5000
BRK.B,2026-04-07,475.71,479.75,474.32,478.08,3206471,,https://api.nasdaq.com/api/quote/BRK.B/historical?assetclass=stocks&fromdate=2016-07-26&todate=2026-07-26&limit=5000
BRK.B,2026-04-08,483.75,483.75,477.6801,479.75,4655085,,https://api.nasdaq.com/api/quote/BRK.B/historical?assetclass=stocks&fromdate=2016-07-26&todate=2026-07-26&limit=5000
BRK.B,2026-04-09,478.21,487.95,477.2901,485.2,3518465,,https://api.nasdaq.com/api/quote/BRK.B/historical?assetclass=stocks&fromdate=2016-07-26&todate=2026-07-26&limit=5000
BRK.B,2026-04-10,484.02,484.86,478.92,479.9,3758912,,https://api.nasdaq.com/api/quote/BRK.B/historical?assetclass=stocks&fromdate=2016-07-26&todate=2026-07-26&limit=5000
BRK.B,2026-04-13,478.9,481.105,477.4,480.19,3612449,,https://api.nasdaq.com/api/quote/BRK.B/historical?assetclass=stocks&fromdate=2016-07-26&todate=2026-07-26&limit=5000
BRK.B,2026-04-14,479.81,480.49,476,477.54,4864005,,https://api.nasdaq.com/api/quote/BRK.B/historical?assetclass=stocks&fromdate=2016-07-26&todate=2026-07-26&limit=5000
BRK.B,2026-04-15,478,478.77,473.74,474.09,6993925,,https://api.nasdaq.com/api/quote/BRK.B/historical?assetclass=stocks&fromdate=2016-07-26&todate=2026-07-26&limit=5000
BRK.B,2026-04-16,474.015,476.2599,464.01,475.12,4533965,,https://api.nasdaq.com/api/quote/BRK.B/historical?assetclass=stocks&fromdate=2016-07-26&todate=2026-07-26&limit=5000
BRK.B,2026-04-17,475.49,479.69,474.15,474.58,6492875,,https://api.nasdaq.com/api/quote/BRK.B/historical?assetclass=stocks&fromdate=2016-07-26&todate=2026-07-26&limit=5000
BRK.B,2026-04-20,474.38,476.04,471.3701,472.08,5147027,,https://api.nasdaq.com/api/quote/BRK.B/historical?assetclass=stocks&fromdate=2016-07-26&todate=2026-07-26&limit=5000
BRK.B,2026-04-21,472.54,474.19,468.06,468.5,5919020,,https://api.nasdaq.com/api/quote/BRK.B/historical?assetclass=stocks&fromdate=2016-07-26&todate=2026-07-26&limit=5000
BRK.B,2026-04-22,468.86,470.99,464.62,465.4,5720487,,https://api.nasdaq.com/api/quote/BRK.B/historical?assetclass=stocks&fromdate=2016-07-26&todate=2026-07-26&limit=5000
BRK.B,2026-04-23,466.72,473,466.72,470.55,4749080,,https://api.nasdaq.com/api/quote/BRK.B/historical?assetclass=stocks&fromdate=2016-07-26&todate=2026-07-26&limit=5000
BRK.B,2026-04-24,468.8,470.28,466.58,469.32,3857045,,https://api.nasdaq.com/api/quote/BRK.B/historical?assetclass=stocks&fromdate=2016-07-26&todate=2026-07-26&limit=5000
BRK.B,2026-04-27,469.8,475.5,469.35,472.81,4888048,,https://api.nasdaq.com/api/quote/BRK.B/historical?assetclass=stocks&fromdate=2016-07-26&todate=2026-07-26&limit=5000
BRK.B,2026-04-28,476.79,479.77,475.665,478.16,4902375,,https://api.nasdaq.com/api/quote/BRK.B/historical?assetclass=stocks&fromdate=2016-07-26&todate=2026-07-26&limit=5000
BRK.B,2026-04-29,476.45,477.97,474.51,475.38,3175618,,https://api.nasdaq.com/api/quote/BRK.B/historical?assetclass=stocks&fromdate=2016-07-26&todate=2026-07-26&limit=5000
BRK.B,2026-04-30,473.46,477.55,470.89,473.6,5109301,,https://api.nasdaq.com/api/quote/BRK.B/historical?assetclass=stocks&fromdate=2016-07-26&todate=2026-07-26&limit=5000
BRK.B,2026-05-01,475.075,479.1,473,473.01,4818347,,https://api.nasdaq.com/api/quote/BRK.B/historical?assetclass=stocks&fromdate=2016-07-26&todate=2026-07-26&limit=5000
BRK.B,2026-05-04,473.03,479.87,465.79,468.52,6895370,,https://api.nasdaq.com/api/quote/BRK.B/historical?assetclass=stocks&fromdate=2016-07-26&todate=2026-07-26&limit=5000
BRK.B,2026-05-05,468.53,469.662,464.34,465.52,5372678,,https://api.nasdaq.com/api/quote/BRK.B/historical?assetclass=stocks&fromdate=2016-07-26&todate=2026-07-26&limit=5000
BRK.B,2026-05-06,466.01,470.63,465.64,469.83,5698885,,https://api.nasdaq.com/api/quote/BRK.B/historical?assetclass=stocks&fromdate=2016-07-26&todate=2026-07-26&limit=5000
BRK.B,2026-05-07,469.255,477.19,468.97,475.08,5899549,,https://api.nasdaq.com/api/quote/BRK.B/historical?assetclass=stocks&fromdate=2016-07-26&todate=2026-07-26&limit=5000
BRK.B,2026-05-08,474.85,478.88,474.48,475.94,5225574,,https://api.nasdaq.com/api/quote/BRK.B/historical?assetclass=stocks&fromdate=2016-07-26&todate=2026-07-26&limit=5000
BRK.B,2026-05-11,476.4,480.4,475.9,479.55,4290690,,https://api.nasdaq.com/api/quote/BRK.B/historical?assetclass=stocks&fromdate=2016-07-26&todate=2026-07-26&limit=5000
BRK.B,2026-05-12,481.68,489.4188,478.9001,484.96,5622326,,https://api.nasdaq.com/api/quote/BRK.B/historical?assetclass=stocks&fromdate=2016-07-26&todate=2026-07-26&limit=5000
BRK.B,2026-05-13,482.47,487.1399,480.8064,485.52,4432514,,https://api.nasdaq.com/api/quote/BRK.B/historical?assetclass=stocks&fromdate=2016-07-26&todate=2026-07-26&limit=5000
BRK.B,2026-05-14,487.1,487.1,481.5001,484.06,3375100,,https://api.nasdaq.com/api/quote/BRK.B/historical?assetclass=stocks&fromdate=2016-07-26&todate=2026-07-26&limit=5000
BRK.B,2026-05-15,486.7,488.3,481.76,482.7,4680296,,https://api.nasdaq.com/api/quote/BRK.B/historical?assetclass=stocks&fromdate=2016-07-26&todate=2026-07-26&limit=5000
BRK.B,2026-05-18,481.13,489.36,481,488.38,5030660,,https://api.nasdaq.com/api/quote/BRK.B/historical?assetclass=stocks&fromdate=2016-07-26&todate=2026-07-26&limit=5000
BRK.B,2026-05-19,487,488.13,480.11,480.46,5599874,,https://api.nasdaq.com/api/quote/BRK.B/historical?assetclass=stocks&fromdate=2016-07-26&todate=2026-07-26&limit=5000
BRK.B,2026-05-20,482,482.72,477.62,480.9,4647470,,https://api.nasdaq.com/api/quote/BRK.B/historical?assetclass=stocks&fromdate=2016-07-26&todate=2026-07-26&limit=5000
BRK.B,2026-05-21,479.99,480.5,475.5,479.98,3294027,,https://api.nasdaq.com/api/quote/BRK.B/historical?assetclass=stocks&fromdate=2016-07-26&todate=2026-07-26&limit=5000
BRK.B,2026-05-22,479.65,487.1893,479.49,486.38,4342154,,https://api.nasdaq.com/api/quote/BRK.B/historical?assetclass=stocks&fromdate=2016-07-26&todate=2026-07-26&limit=5000
BRK.B,2026-05-26,485.5,487.78,483.21,483.62,4357449,,https://api.nasdaq.com/api/quote/BRK.B/historical?assetclass=stocks&fromdate=2016-07-26&todate=2026-07-26&limit=5000
BRK.B,2026-05-27,482.665,486.25,479.02,479.92,4152532,,https://api.nasdaq.com/api/quote/BRK.B/historical?assetclass=stocks&fromdate=2016-07-26&todate=2026-07-26&limit=5000
BRK.B,2026-05-28,479.36,481.81,477,477.42,4127459,,https://api.nasdaq.com/api/quote/BRK.B/historical?assetclass=stocks&fromdate=2016-07-26&todate=2026-07-26&limit=5000
BRK.B,2026-05-29,476.91,477.29,472.27,474.48,7909855,,https://api.nasdaq.com/api/quote/BRK.B/historical?assetclass=stocks&fromdate=2016-07-26&todate=2026-07-26&limit=5000
BRK.B,2026-06-01,473.05,473.39,467.96,470.29,6203561,,https://api.nasdaq.com/api/quote/BRK.B/historical?assetclass=stocks&fromdate=2016-07-26&todate=2026-07-26&limit=5000
BRK.B,2026-06-02,470,473.88,468.2082,471.51,4704690,,https://api.nasdaq.com/api/quote/BRK.B/historical?assetclass=stocks&fromdate=2016-07-26&todate=2026-07-26&limit=5000
BRK.B,2026-06-03,470.885,480.59,470.41,475.37,6586257,,https://api.nasdaq.com/api/quote/BRK.B/historical?assetclass=stocks&fromdate=2016-07-26&todate=2026-07-26&limit=5000
BRK.B,2026-06-04,481.595,482.94,474.65,478.63,5275955,,https://api.nasdaq.com/api/quote/BRK.B/historical?assetclass=stocks&fromdate=2016-07-26&todate=2026-07-26&limit=5000
BRK.B,2026-06-05,480.99,491,479.35,488.13,8475844,,https://api.nasdaq.com/api/quote/BRK.B/historical?assetclass=stocks&fromdate=2016-07-26&todate=2026-07-26&limit=5000
BRK.B,2026-06-08,486.13,490.7599,484.9199,487,5188380,,https://api.nasdaq.com/api/quote/BRK.B/historical?assetclass=stocks&fromdate=2016-07-26&todate=2026-07-26&limit=5000
BRK.B,2026-06-09,486.44,490.79,484.6,487.77,4912157,,https://api.nasdaq.com/api/quote/BRK.B/historical?assetclass=stocks&fromdate=2016-07-26&todate=2026-07-26&limit=5000
BRK.B,2026-06-10,488.13,490.3,483.11,483.68,5062666,,https://api.nasdaq.com/api/quote/BRK.B/historical?assetclass=stocks&fromdate=2016-07-26&todate=2026-07-26&limit=5000
BRK.B,2026-06-11,482.88,486.47,481.06,485.79,5664301,,https://api.nasdaq.com/api/quote/BRK.B/historical?assetclass=stocks&fromdate=2016-07-26&todate=2026-07-26&limit=5000
BRK.B,2026-06-12,486.67,489.99,484.51,489.25,4591336,,https://api.nasdaq.com/api/quote/BRK.B/historical?assetclass=stocks&fromdate=2016-07-26&todate=2026-07-26&limit=5000
BRK.B,2026-06-15,487.56,497.11,487.56,495.52,6253628,,https://api.nasdaq.com/api/quote/BRK.B/historical?assetclass=stocks&fromdate=2016-07-26&todate=2026-07-26&limit=5000
BRK.B,2026-06-16,497,499.79,492.43,494.95,4345886,,https://api.nasdaq.com/api/quote/BRK.B/historical?assetclass=stocks&fromdate=2016-07-26&todate=2026-07-26&limit=5000
BRK.B,2026-06-17,493.24,494.7681,487.9,491.28,5411956,,https://api.nasdaq.com/api/quote/BRK.B/historical?assetclass=stocks&fromdate=2016-07-26&todate=2026-07-26&limit=5000
BRK.B,2026-06-18,492.75,493.57,485.77,489.46,8882313,,https://api.nasdaq.com/api/quote/BRK.B/historical?assetclass=stocks&fromdate=2016-07-26&todate=2026-07-26&limit=5000
BRK.B,2026-06-22,488.75,492.4775,487.36,488.69,6076337,,https://api.nasdaq.com/api/quote/BRK.B/historical?assetclass=stocks&fromdate=2016-07-26&todate=2026-07-26&limit=5000
BRK.B,2026-06-23,490.92,494.3399,490,492.81,4428054,,https://api.nasdaq.com/api/quote/BRK.B/historical?assetclass=stocks&fromdate=2016-07-26&todate=2026-07-26&limit=5000
BRK.B,2026-06-24,492.99,498.5,491.5036,494.81,4707805,,https://api.nasdaq.com/api/quote/BRK.B/historical?assetclass=stocks&fromdate=2016-07-26&todate=2026-07-26&limit=5000
BRK.B,2026-06-25,493.08,495.9964,486.5,487.81,7061606,,https://api.nasdaq.com/api/quote/BRK.B/historical?assetclass=stocks&fromdate=2016-07-26&todate=2026-07-26&limit=5000
BRK.B,2026-06-26,490.24,498.66,489.2801,498.66,7250773,,https://api.nasdaq.com/api/quote/BRK.B/historical?assetclass=stocks&fromdate=2016-07-26&todate=2026-07-26&limit=5000
BRK.B,2026-06-29,497.79,500.02,495,496,5200695,,https://api.nasdaq.com/api/quote/BRK.B/historical?assetclass=stocks&fromdate=2016-07-26&todate=2026-07-26&limit=5000
BRK.B,2026-06-30,496.5,500.58,494.79,500.39,5910518,,https://api.nasdaq.com/api/quote/BRK.B/historical?assetclass=stocks&fromdate=2016-07-26&todate=2026-07-26&limit=5000
BRK.B,2026-07-01,501.825,503.83,499.08,499.74,4101298,,https://api.nasdaq.com/api/quote/BRK.B/historical?assetclass=stocks&fromdate=2016-07-26&todate=2026-07-26&limit=5000
BRK.B,2026-07-02,502.2,507.93,500.33,507.78,4389647,,https://api.nasdaq.com/api/quote/BRK.B/historical?assetclass=stocks&fromdate=2016-07-26&todate=2026-07-26&limit=5000
BRK.B,2026-07-06,506.5,508,504.1025,506.58,4126111,,https://api.nasdaq.com/api/quote/BRK.B/historical?assetclass=stocks&fromdate=2016-07-26&todate=2026-07-26&limit=5000
BRK.B,2026-07-07,508.97,512.58,503.7501,504,3761404,,https://api.nasdaq.com/api/quote/BRK.B/historical?assetclass=stocks&fromdate=2016-07-26&todate=2026-07-26&limit=5000
BRK.B,2026-07-08,504.56,504.9069,494.34,494.79,4429571,,https://api.nasdaq.com/api/quote/BRK.B/historical?assetclass=stocks&fromdate=2016-07-26&todate=2026-07-26&limit=5000
BRK.B,2026-07-09,494.61,497.85,493.2,495.45,3393274,,https://api.nasdaq.com/api/quote/BRK.B/historical?assetclass=stocks&fromdate=2016-07-26&todate=2026-07-26&limit=5000
BRK.B,2026-07-10,496.15,497.3,490.7,493.71,2736909,,https://api.nasdaq.com/api/quote/BRK.B/historical?assetclass=stocks&fromdate=2016-07-26&todate=2026-07-26&limit=5000
BRK.B,2026-07-13,495.85,501.5,493.81,496.85,3228898,,https://api.nasdaq.com/api/quote/BRK.B/historical?assetclass=stocks&fromdate=2016-07-26&todate=2026-07-26&limit=5000
BRK.B,2026-07-14,493.955,497.08,491,491.09,4110210,,https://api.nasdaq.com/api/quote/BRK.B/historical?assetclass=stocks&fromdate=2016-07-26&todate=2026-07-26&limit=5000
BRK.B,2026-07-15,490.1,492.75,487.57,488.35,5134458,,https://api.nasdaq.com/api/quote/BRK.B/historical?assetclass=stocks&fromdate=2016-07-26&todate=2026-07-26&limit=5000
BRK.B,2026-07-16,489.925,493.15,486.17,493.12,4194963,,https://api.nasdaq.com/api/quote/BRK.B/historical?assetclass=stocks&fromdate=2016-07-26&todate=2026-07-26&limit=5000
BRK.B,2026-07-17,495.51,502.99,490.48,490.91,5591345,,https://api.nasdaq.com/api/quote/BRK.B/historical?assetclass=stocks&fromdate=2016-07-26&todate=2026-07-26&limit=5000
BRK.B,2026-07-20,490.49,492.25,488.91,491.25,3426637,,https://api.nasdaq.com/api/quote/BRK.B/historical?assetclass=stocks&fromdate=2016-07-26&todate=2026-07-26&limit=5000
BRK.B,2026-07-21,489,491.2,487.38,489.65,4473051,,https://api.nasdaq.com/api/quote/BRK.B/historical?assetclass=stocks&fromdate=2016-07-26&todate=2026-07-26&limit=5000
BRK.B,2026-07-22,490.5,492.315,487.81,489.39,3179315,,https://api.nasdaq.com/api/quote/BRK.B/historical?assetclass=stocks&fromdate=2016-07-26&todate=2026-07-26&limit=5000
BRK.B,2026-07-23,488.4,491,486.06,490.85,2883047,,https://api.nasdaq.com/api/quote/BRK.B/historical?assetclass=stocks&fromdate=2016-07-26&todate=2026-07-26&limit=5000
BRK.B,2026-07-24,491.43,497.2899,490.25,494.93,3932974,,https://api.nasdaq.com/api/quote/BRK.B/historical?assetclass=stocks&fromdate=2016-07-26&todate=2026-07-26&limit=5000
