Symbol,Date,Open,High,Low,Close,Volume,QualityFlag,SourceURL
DIA,2016-07-26,184.61,185.02,183.7,184.6,4743811,,https://api.nasdaq.com/api/quote/DIA/historical?assetclass=etf&fromdate=2016-07-26&todate=2026-07-26&limit=5000
DIA,2016-07-27,185.14,185.28,184.11,184.58,4146108,,https://api.nasdaq.com/api/quote/DIA/historical?assetclass=etf&fromdate=2016-07-26&todate=2026-07-26&limit=5000
DIA,2016-07-28,184.28,184.66,183.52,184.38,2897413,,https://api.nasdaq.com/api/quote/DIA/historical?assetclass=etf&fromdate=2016-07-26&todate=2026-07-26&limit=5000
DIA,2016-07-29,183.85,184.5,183.54,184.13,4203004,,https://api.nasdaq.com/api/quote/DIA/historical?assetclass=etf&fromdate=2016-07-26&todate=2026-07-26&limit=5000
DIA,2016-08-01,184.35,184.52,183.38,183.87,3293927,,https://api.nasdaq.com/api/quote/DIA/historical?assetclass=etf&fromdate=2016-07-26&todate=2026-07-26&limit=5000
DIA,2016-08-02,183.7,183.8798,182.31,182.97,5139112,,https://api.nasdaq.com/api/quote/DIA/historical?assetclass=etf&fromdate=2016-07-26&todate=2026-07-26&limit=5000
DIA,2016-08-03,182.85,183.43,182.71,183.36,3007478,,https://api.nasdaq.com/api/quote/DIA/historical?assetclass=etf&fromdate=2016-07-26&todate=2026-07-26&limit=5000
DIA,2016-08-04,183.5,183.89,183.15,183.45,2368275,,https://api.nasdaq.com/api/quote/DIA/historical?assetclass=etf&fromdate=2016-07-26&todate=2026-07-26&limit=5000
DIA,2016-08-05,184.4,185.28,183.429,185.26,4187136,,https://api.nasdaq.com/api/quote/DIA/historical?assetclass=etf&fromdate=2016-07-26&todate=2026-07-26&limit=5000
DIA,2016-08-08,185.5,185.7,185.02,185.28,2076267,,https://api.nasdaq.com/api/quote/DIA/historical?assetclass=etf&fromdate=2016-07-26&todate=2026-07-26&limit=5000
DIA,2016-08-09,185.38,185.86,185.06,185.35,1903742,,https://api.nasdaq.com/api/quote/DIA/historical?assetclass=etf&fromdate=2016-07-26&todate=2026-07-26&limit=5000
DIA,2016-08-10,185.4,185.7819,184.84,185.12,1618377,,https://api.nasdaq.com/api/quote/DIA/historical?assetclass=etf&fromdate=2016-07-26&todate=2026-07-26&limit=5000
DIA,2016-08-11,185.7,186.58,185.6,186.3,2188601,,https://api.nasdaq.com/api/quote/DIA/historical?assetclass=etf&fromdate=2016-07-26&todate=2026-07-26&limit=5000
DIA,2016-08-12,186.14,186.25,185.5185,185.9,2514747,,https://api.nasdaq.com/api/quote/DIA/historical?assetclass=etf&fromdate=2016-07-26&todate=2026-07-26&limit=5000
DIA,2016-08-15,186.4,186.879,186.33,186.52,1561492,,https://api.nasdaq.com/api/quote/DIA/historical?assetclass=etf&fromdate=2016-07-26&todate=2026-07-26&limit=5000
DIA,2016-08-16,186.17,186.37,185.72,185.76,1613579,,https://api.nasdaq.com/api/quote/DIA/historical?assetclass=etf&fromdate=2016-07-26&todate=2026-07-26&limit=5000
DIA,2016-08-17,185.77,186.225,185.09,186.1,2952045,,https://api.nasdaq.com/api/quote/DIA/historical?assetclass=etf&fromdate=2016-07-26&todate=2026-07-26&limit=5000
DIA,2016-08-18,185.97,186.41,185.72,186.34,2571055,,https://api.nasdaq.com/api/quote/DIA/historical?assetclass=etf&fromdate=2016-07-26&todate=2026-07-26&limit=5000
DIA,2016-08-19,185.3,185.645,184.72,185.32,2365457,,https://api.nasdaq.com/api/quote/DIA/historical?assetclass=etf&fromdate=2016-07-26&todate=2026-07-26&limit=5000
DIA,2016-08-22,184.95,185.5119,184.46,185.12,3152416,,https://api.nasdaq.com/api/quote/DIA/historical?assetclass=etf&fromdate=2016-07-26&todate=2026-07-26&limit=5000
DIA,2016-08-23,185.7,186.13,185.25,185.3,1648119,,https://api.nasdaq.com/api/quote/DIA/historical?assetclass=etf&fromdate=2016-07-26&todate=2026-07-26&limit=5000
DIA,2016-08-24,185.06,185.2,184.285,184.66,1882882,,https://api.nasdaq.com/api/quote/DIA/historical?assetclass=etf&fromdate=2016-07-26&todate=2026-07-26&limit=5000
DIA,2016-08-25,184.28,184.79,184.1,184.37,2034942,,https://api.nasdaq.com/api/quote/DIA/historical?assetclass=etf&fromdate=2016-07-26&todate=2026-07-26&limit=5000
DIA,2016-08-26,184.62,185.54,183.14,183.82,3402954,,https://api.nasdaq.com/api/quote/DIA/historical?assetclass=etf&fromdate=2016-07-26&todate=2026-07-26&limit=5000
DIA,2016-08-29,183.83,185.04,183.83,184.83,2224751,,https://api.nasdaq.com/api/quote/DIA/historical?assetclass=etf&fromdate=2016-07-26&todate=2026-07-26&limit=5000
DIA,2016-08-30,184.93,185.15,184.02,184.51,1866445,,https://api.nasdaq.com/api/quote/DIA/historical?assetclass=etf&fromdate=2016-07-26&todate=2026-07-26&limit=5000
DIA,2016-08-31,184.25,184.36,183.27,183.94,1875930,,https://api.nasdaq.com/api/quote/DIA/historical?assetclass=etf&fromdate=2016-07-26&todate=2026-07-26&limit=5000
DIA,2016-09-01,183.73,184.28,182.9,184.1,3003850,,https://api.nasdaq.com/api/quote/DIA/historical?assetclass=etf&fromdate=2016-07-26&todate=2026-07-26&limit=5000
DIA,2016-09-02,184.94,185.42,184.32,184.86,2652709,,https://api.nasdaq.com/api/quote/DIA/historical?assetclass=etf&fromdate=2016-07-26&todate=2026-07-26&limit=5000
DIA,2016-09-06,185.11,185.49,184.45,185.32,2152326,,https://api.nasdaq.com/api/quote/DIA/historical?assetclass=etf&fromdate=2016-07-26&todate=2026-07-26&limit=5000
DIA,2016-09-07,185.37,185.4,184.78,185.32,1803576,,https://api.nasdaq.com/api/quote/DIA/historical?assetclass=etf&fromdate=2016-07-26&todate=2026-07-26&limit=5000
DIA,2016-09-08,184.68,185.11,184.48,184.82,2229427,,https://api.nasdaq.com/api/quote/DIA/historical?assetclass=etf&fromdate=2016-07-26&todate=2026-07-26&limit=5000
DIA,2016-09-09,183.57,183.75,180.91,180.91,8237207,,https://api.nasdaq.com/api/quote/DIA/historical?assetclass=etf&fromdate=2016-07-26&todate=2026-07-26&limit=5000
DIA,2016-09-12,180.09,183.64,179.93,183.3,7054253,,https://api.nasdaq.com/api/quote/DIA/historical?assetclass=etf&fromdate=2016-07-26&todate=2026-07-26&limit=5000
DIA,2016-09-13,182.06,182.32,180.38,180.8,7477066,,https://api.nasdaq.com/api/quote/DIA/historical?assetclass=etf&fromdate=2016-07-26&todate=2026-07-26&limit=5000
DIA,2016-09-14,180.84,181.74,180.01,180.43,2987875,,https://api.nasdaq.com/api/quote/DIA/historical?assetclass=etf&fromdate=2016-07-26&todate=2026-07-26&limit=5000
DIA,2016-09-15,180.37,182.62,180.23,182.26,3985559,,https://api.nasdaq.com/api/quote/DIA/historical?assetclass=etf&fromdate=2016-07-26&todate=2026-07-26&limit=5000
DIA,2016-09-16,181.5,181.5,180.44,180.97,2844006,,https://api.nasdaq.com/api/quote/DIA/historical?assetclass=etf&fromdate=2016-07-26&todate=2026-07-26&limit=5000
DIA,2016-09-19,181.88,182.32,180.67,180.98,2259438,,https://api.nasdaq.com/api/quote/DIA/historical?assetclass=etf&fromdate=2016-07-26&todate=2026-07-26&limit=5000
DIA,2016-09-20,181.81,182.04,181.03,181.05,1997063,,https://api.nasdaq.com/api/quote/DIA/historical?assetclass=etf&fromdate=2016-07-26&todate=2026-07-26&limit=5000
DIA,2016-09-21,181.66,182.84,180.96,182.66,4495185,,https://api.nasdaq.com/api/quote/DIA/historical?assetclass=etf&fromdate=2016-07-26&todate=2026-07-26&limit=5000
DIA,2016-09-22,183.66,184.26,183.32,183.66,2322233,,https://api.nasdaq.com/api/quote/DIA/historical?assetclass=etf&fromdate=2016-07-26&todate=2026-07-26&limit=5000
DIA,2016-09-23,183.41,183.52,182.29,182.42,1488232,,https://api.nasdaq.com/api/quote/DIA/historical?assetclass=etf&fromdate=2016-07-26&todate=2026-07-26&limit=5000
DIA,2016-09-26,181.51,181.55,180.58,180.75,2638563,,https://api.nasdaq.com/api/quote/DIA/historical?assetclass=etf&fromdate=2016-07-26&todate=2026-07-26&limit=5000
DIA,2016-09-27,180.58,182.14,180.242,182,3713830,,https://api.nasdaq.com/api/quote/DIA/historical?assetclass=etf&fromdate=2016-07-26&todate=2026-07-26&limit=5000
DIA,2016-09-28,182.36,183.23,181.52,183.1,6411815,,https://api.nasdaq.com/api/quote/DIA/historical?assetclass=etf&fromdate=2016-07-26&todate=2026-07-26&limit=5000
DIA,2016-09-29,182.82,183.42,180.65,181.22,3376184,,https://api.nasdaq.com/api/quote/DIA/historical?assetclass=etf&fromdate=2016-07-26&todate=2026-07-26&limit=5000
DIA,2016-09-30,182.13,183.435,181.97,182.78,4582317,,https://api.nasdaq.com/api/quote/DIA/historical?assetclass=etf&fromdate=2016-07-26&todate=2026-07-26&limit=5000
DIA,2016-10-03,182.31,182.57,181.78,182.32,1987734,,https://api.nasdaq.com/api/quote/DIA/historical?assetclass=etf&fromdate=2016-07-26&todate=2026-07-26&limit=5000
DIA,2016-10-04,182.62,182.93,180.935,181.48,2808953,,https://api.nasdaq.com/api/quote/DIA/historical?assetclass=etf&fromdate=2016-07-26&todate=2026-07-26&limit=5000
DIA,2016-10-05,182.16,183.018,182.11,182.66,1817248,,https://api.nasdaq.com/api/quote/DIA/historical?assetclass=etf&fromdate=2016-07-26&todate=2026-07-26&limit=5000
DIA,2016-10-06,182.34,182.74,181.47,182.52,2359844,,https://api.nasdaq.com/api/quote/DIA/historical?assetclass=etf&fromdate=2016-07-26&todate=2026-07-26&limit=5000
DIA,2016-10-07,182.8,182.99,181.32,182.22,2523248,,https://api.nasdaq.com/api/quote/DIA/historical?assetclass=etf&fromdate=2016-07-26&todate=2026-07-26&limit=5000
DIA,2016-10-10,183.2,183.85,183.04,183.12,1878522,,https://api.nasdaq.com/api/quote/DIA/historical?assetclass=etf&fromdate=2016-07-26&todate=2026-07-26&limit=5000
DIA,2016-10-11,182.86,182.89,180.45,181.2,3949474,,https://api.nasdaq.com/api/quote/DIA/historical?assetclass=etf&fromdate=2016-07-26&todate=2026-07-26&limit=5000
DIA,2016-10-12,181,181.8,180.66,181.37,1917084,,https://api.nasdaq.com/api/quote/DIA/historical?assetclass=etf&fromdate=2016-07-26&todate=2026-07-26&limit=5000
DIA,2016-10-13,180.13,181.22,179.43,180.84,3458469,,https://api.nasdaq.com/api/quote/DIA/historical?assetclass=etf&fromdate=2016-07-26&todate=2026-07-26&limit=5000
DIA,2016-10-14,182,182.46,181.21,181.29,2696624,,https://api.nasdaq.com/api/quote/DIA/historical?assetclass=etf&fromdate=2016-07-26&todate=2026-07-26&limit=5000
DIA,2016-10-17,181.17,181.51,180.45,180.72,1799993,,https://api.nasdaq.com/api/quote/DIA/historical?assetclass=etf&fromdate=2016-07-26&todate=2026-07-26&limit=5000
DIA,2016-10-18,181.94,182.1,181.12,181.37,1717672,,https://api.nasdaq.com/api/quote/DIA/historical?assetclass=etf&fromdate=2016-07-26&todate=2026-07-26&limit=5000
DIA,2016-10-19,181.85,182.41,181.57,182,1503179,,https://api.nasdaq.com/api/quote/DIA/historical?assetclass=etf&fromdate=2016-07-26&todate=2026-07-26&limit=5000
DIA,2016-10-20,181.72,182.45,181.22,181.54,2358628,,https://api.nasdaq.com/api/quote/DIA/historical?assetclass=etf&fromdate=2016-07-26&todate=2026-07-26&limit=5000
DIA,2016-10-21,180.6,181.45,180.23,181.22,5606744,,https://api.nasdaq.com/api/quote/DIA/historical?assetclass=etf&fromdate=2016-07-26&todate=2026-07-26&limit=5000
DIA,2016-10-24,182.36,182.5,181.65,181.96,1903977,,https://api.nasdaq.com/api/quote/DIA/historical?assetclass=etf&fromdate=2016-07-26&todate=2026-07-26&limit=5000
DIA,2016-10-25,181.82,182.17,181.25,181.48,3347565,,https://api.nasdaq.com/api/quote/DIA/historical?assetclass=etf&fromdate=2016-07-26&todate=2026-07-26&limit=5000
DIA,2016-10-26,180.6,182.12,180.35,181.77,5373594,,https://api.nasdaq.com/api/quote/DIA/historical?assetclass=etf&fromdate=2016-07-26&todate=2026-07-26&limit=5000
DIA,2016-10-27,182.3,182.35,181.23,181.53,2019509,,https://api.nasdaq.com/api/quote/DIA/historical?assetclass=etf&fromdate=2016-07-26&todate=2026-07-26&limit=5000
DIA,2016-10-28,181.82,182.32,180.67,181.36,3726582,,https://api.nasdaq.com/api/quote/DIA/historical?assetclass=etf&fromdate=2016-07-26&todate=2026-07-26&limit=5000
DIA,2016-10-31,181.58,181.7,181.05,181.17,1414416,,https://api.nasdaq.com/api/quote/DIA/historical?assetclass=etf&fromdate=2016-07-26&todate=2026-07-26&limit=5000
DIA,2016-11-01,181.52,181.52,179.14,180.12,3620633,,https://api.nasdaq.com/api/quote/DIA/historical?assetclass=etf&fromdate=2016-07-26&todate=2026-07-26&limit=5000
DIA,2016-11-02,179.66,180.21,179.05,179.35,3526989,,https://api.nasdaq.com/api/quote/DIA/historical?assetclass=etf&fromdate=2016-07-26&todate=2026-07-26&limit=5000
DIA,2016-11-03,179.7,179.89,178.84,179.11,1966294,,https://api.nasdaq.com/api/quote/DIA/historical?assetclass=etf&fromdate=2016-07-26&todate=2026-07-26&limit=5000
DIA,2016-11-04,179.11,179.67,178.64,178.71,4332859,,https://api.nasdaq.com/api/quote/DIA/historical?assetclass=etf&fromdate=2016-07-26&todate=2026-07-26&limit=5000
DIA,2016-11-07,181.17,182.45,181.05,182.36,3394986,,https://api.nasdaq.com/api/quote/DIA/historical?assetclass=etf&fromdate=2016-07-26&todate=2026-07-26&limit=5000
DIA,2016-11-08,182.2,184.04,182.02,183.38,3431660,,https://api.nasdaq.com/api/quote/DIA/historical?assetclass=etf&fromdate=2016-07-26&todate=2026-07-26&limit=5000
DIA,2016-11-09,181.93,186.55,181.75,185.96,8342255,,https://api.nasdaq.com/api/quote/DIA/historical?assetclass=etf&fromdate=2016-07-26&todate=2026-07-26&limit=5000
DIA,2016-11-10,186.83,188.82,186.35,188.13,8738980,,https://api.nasdaq.com/api/quote/DIA/historical?assetclass=etf&fromdate=2016-07-26&todate=2026-07-26&limit=5000
DIA,2016-11-11,187.95,188.6299,187.41,188.47,5003454,,https://api.nasdaq.com/api/quote/DIA/historical?assetclass=etf&fromdate=2016-07-26&todate=2026-07-26&limit=5000
DIA,2016-11-14,189.11,189.39,188.2,188.77,4795206,,https://api.nasdaq.com/api/quote/DIA/historical?assetclass=etf&fromdate=2016-07-26&todate=2026-07-26&limit=5000
DIA,2016-11-15,188.76,189.35,188.14,189.34,3747775,,https://api.nasdaq.com/api/quote/DIA/historical?assetclass=etf&fromdate=2016-07-26&todate=2026-07-26&limit=5000
DIA,2016-11-16,188.79,189.18,188.53,188.98,3457457,,https://api.nasdaq.com/api/quote/DIA/historical?assetclass=etf&fromdate=2016-07-26&todate=2026-07-26&limit=5000
DIA,2016-11-17,189.09,189.33,188.7399,189.3,4207968,,https://api.nasdaq.com/api/quote/DIA/historical?assetclass=etf&fromdate=2016-07-26&todate=2026-07-26&limit=5000
DIA,2016-11-18,188.9,188.9599,188.32,188.46,4357576,,https://api.nasdaq.com/api/quote/DIA/historical?assetclass=etf&fromdate=2016-07-26&todate=2026-07-26&limit=5000
DIA,2016-11-21,188.88,189.41,188.6,189.34,2994588,,https://api.nasdaq.com/api/quote/DIA/historical?assetclass=etf&fromdate=2016-07-26&todate=2026-07-26&limit=5000
DIA,2016-11-22,189.92,190.25,189.416,190.02,2754332,,https://api.nasdaq.com/api/quote/DIA/historical?assetclass=etf&fromdate=2016-07-26&todate=2026-07-26&limit=5000
DIA,2016-11-23,189.93,190.64,189.87,190.59,2465678,,https://api.nasdaq.com/api/quote/DIA/historical?assetclass=etf&fromdate=2016-07-26&todate=2026-07-26&limit=5000
DIA,2016-11-25,191.09,191.34,190.98,191.3,1547109,,https://api.nasdaq.com/api/quote/DIA/historical?assetclass=etf&fromdate=2016-07-26&todate=2026-07-26&limit=5000
DIA,2016-11-28,190.93,191.21,190.52,190.78,3155286,,https://api.nasdaq.com/api/quote/DIA/historical?assetclass=etf&fromdate=2016-07-26&todate=2026-07-26&limit=5000
DIA,2016-11-29,190.83,191.42,190.68,191.19,2263758,,https://api.nasdaq.com/api/quote/DIA/historical?assetclass=etf&fromdate=2016-07-26&todate=2026-07-26&limit=5000
DIA,2016-11-30,191.97,192.25,191.34,191.4,4772447,,https://api.nasdaq.com/api/quote/DIA/historical?assetclass=etf&fromdate=2016-07-26&todate=2026-07-26&limit=5000
DIA,2016-12-01,191.84,192.16,191.57,191.9,8322119,,https://api.nasdaq.com/api/quote/DIA/historical?assetclass=etf&fromdate=2016-07-26&todate=2026-07-26&limit=5000
DIA,2016-12-02,191.91,191.98,191.43,191.74,2773025,,https://api.nasdaq.com/api/quote/DIA/historical?assetclass=etf&fromdate=2016-07-26&todate=2026-07-26&limit=5000
DIA,2016-12-05,192.48,192.78,191.89,192.22,2922826,,https://api.nasdaq.com/api/quote/DIA/historical?assetclass=etf&fromdate=2016-07-26&todate=2026-07-26&limit=5000
DIA,2016-12-06,192.16,192.57,191.87,192.49,2668130,,https://api.nasdaq.com/api/quote/DIA/historical?assetclass=etf&fromdate=2016-07-26&todate=2026-07-26&limit=5000
DIA,2016-12-07,192.47,195.69,192.42,195.48,7224468,,https://api.nasdaq.com/api/quote/DIA/historical?assetclass=etf&fromdate=2016-07-26&todate=2026-07-26&limit=5000
DIA,2016-12-08,195.83,196.8,195.41,196.28,7030224,,https://api.nasdaq.com/api/quote/DIA/historical?assetclass=etf&fromdate=2016-07-26&todate=2026-07-26&limit=5000
DIA,2016-12-09,196.44,197.72,196.37,197.69,4386653,,https://api.nasdaq.com/api/quote/DIA/historical?assetclass=etf&fromdate=2016-07-26&todate=2026-07-26&limit=5000
DIA,2016-12-12,197.84,198.39,197.68,198.08,3789886,,https://api.nasdaq.com/api/quote/DIA/historical?assetclass=etf&fromdate=2016-07-26&todate=2026-07-26&limit=5000
DIA,2016-12-13,198.96,199.72,198.6401,199.23,5355329,,https://api.nasdaq.com/api/quote/DIA/historical?assetclass=etf&fromdate=2016-07-26&todate=2026-07-26&limit=5000
DIA,2016-12-14,198.97,199.83,197.61,198.14,7448192,,https://api.nasdaq.com/api/quote/DIA/historical?assetclass=etf&fromdate=2016-07-26&todate=2026-07-26&limit=5000
DIA,2016-12-15,198.54,199.68,198.34,198.66,6009082,,https://api.nasdaq.com/api/quote/DIA/historical?assetclass=etf&fromdate=2016-07-26&todate=2026-07-26&limit=5000
DIA,2016-12-16,198.7,198.966,197.94,198.19,4466390,,https://api.nasdaq.com/api/quote/DIA/historical?assetclass=etf&fromdate=2016-07-26&todate=2026-07-26&limit=5000
DIA,2016-12-19,198.3,198.9,198.21,198.6,2728214,,https://api.nasdaq.com/api/quote/DIA/historical?assetclass=etf&fromdate=2016-07-26&todate=2026-07-26&limit=5000
DIA,2016-12-20,199.16,199.61,199.06,199.42,3060861,,https://api.nasdaq.com/api/quote/DIA/historical?assetclass=etf&fromdate=2016-07-26&todate=2026-07-26&limit=5000
DIA,2016-12-21,199.43,199.61,199.14,199.16,2522011,,https://api.nasdaq.com/api/quote/DIA/historical?assetclass=etf&fromdate=2016-07-26&todate=2026-07-26&limit=5000
DIA,2016-12-22,199.1,199.17,198.5789,198.97,2250039,,https://api.nasdaq.com/api/quote/DIA/historical?assetclass=etf&fromdate=2016-07-26&todate=2026-07-26&limit=5000
DIA,2016-12-23,198.96,199.06,198.73,199.05,1373278,,https://api.nasdaq.com/api/quote/DIA/historical?assetclass=etf&fromdate=2016-07-26&todate=2026-07-26&limit=5000
DIA,2016-12-27,199.16,199.54,199.13,199.21,2340621,,https://api.nasdaq.com/api/quote/DIA/historical?assetclass=etf&fromdate=2016-07-26&todate=2026-07-26&limit=5000
DIA,2016-12-28,199.52,199.56,198,198.08,3816228,,https://api.nasdaq.com/api/quote/DIA/historical?assetclass=etf&fromdate=2016-07-26&todate=2026-07-26&limit=5000
DIA,2016-12-29,197.99,198.52,197.63,197.99,3017428,,https://api.nasdaq.com/api/quote/DIA/historical?assetclass=etf&fromdate=2016-07-26&todate=2026-07-26&limit=5000
DIA,2016-12-30,198.25,198.27,196.92,197.51,4276072,,https://api.nasdaq.com/api/quote/DIA/historical?assetclass=etf&fromdate=2016-07-26&todate=2026-07-26&limit=5000
DIA,2017-01-03,198.91,199.1,197.48,198.42,6667677,,https://api.nasdaq.com/api/quote/DIA/historical?assetclass=etf&fromdate=2016-07-26&todate=2026-07-26&limit=5000
DIA,2017-01-04,198.76,199.36,198.6,199.15,4821882,,https://api.nasdaq.com/api/quote/DIA/historical?assetclass=etf&fromdate=2016-07-26&todate=2026-07-26&limit=5000
DIA,2017-01-05,198.95,199.265,197.895,198.75,4123857,,https://api.nasdaq.com/api/quote/DIA/historical?assetclass=etf&fromdate=2016-07-26&todate=2026-07-26&limit=5000
DIA,2017-01-06,198.73,199.83,198.17,199.51,4321687,,https://api.nasdaq.com/api/quote/DIA/historical?assetclass=etf&fromdate=2016-07-26&todate=2026-07-26&limit=5000
DIA,2017-01-09,199.09,199.27,198.75,198.76,2301811,,https://api.nasdaq.com/api/quote/DIA/historical?assetclass=etf&fromdate=2016-07-26&todate=2026-07-26&limit=5000
DIA,2017-01-10,198.72,199.405,198.21,198.4,3021089,,https://api.nasdaq.com/api/quote/DIA/historical?assetclass=etf&fromdate=2016-07-26&todate=2026-07-26&limit=5000
DIA,2017-01-11,198.63,199.57,198.15,199.33,5208033,,https://api.nasdaq.com/api/quote/DIA/historical?assetclass=etf&fromdate=2016-07-26&todate=2026-07-26&limit=5000
DIA,2017-01-12,198.88,198.91,197.53,198.75,3864931,,https://api.nasdaq.com/api/quote/DIA/historical?assetclass=etf&fromdate=2016-07-26&todate=2026-07-26&limit=5000
DIA,2017-01-13,198.91,199.35,198.32,198.7,3468891,,https://api.nasdaq.com/api/quote/DIA/historical?assetclass=etf&fromdate=2016-07-26&todate=2026-07-26&limit=5000
DIA,2017-01-17,198.27,198.65,197.587,198.09,3329234,,https://api.nasdaq.com/api/quote/DIA/historical?assetclass=etf&fromdate=2016-07-26&todate=2026-07-26&limit=5000
DIA,2017-01-18,198.08,198.23,197.3,197.95,4634843,,https://api.nasdaq.com/api/quote/DIA/historical?assetclass=etf&fromdate=2016-07-26&todate=2026-07-26&limit=5000
DIA,2017-01-19,198.03,198.16,196.69,197.28,3043097,,https://api.nasdaq.com/api/quote/DIA/historical?assetclass=etf&fromdate=2016-07-26&todate=2026-07-26&limit=5000
DIA,2017-01-20,197.53,198.2,197.31,197.96,6997974,,https://api.nasdaq.com/api/quote/DIA/historical?assetclass=etf&fromdate=2016-07-26&todate=2026-07-26&limit=5000
DIA,2017-01-23,197.86,198.11,197.04,197.78,3246469,,https://api.nasdaq.com/api/quote/DIA/historical?assetclass=etf&fromdate=2016-07-26&todate=2026-07-26&limit=5000
DIA,2017-01-24,197.79,199.22,197.62,198.84,5204145,,https://api.nasdaq.com/api/quote/DIA/historical?assetclass=etf&fromdate=2016-07-26&todate=2026-07-26&limit=5000
DIA,2017-01-25,200.01,200.55,199.75,200.42,4877012,,https://api.nasdaq.com/api/quote/DIA/historical?assetclass=etf&fromdate=2016-07-26&todate=2026-07-26&limit=5000
DIA,2017-01-26,200.6,200.97,200.42,200.72,3993655,,https://api.nasdaq.com/api/quote/DIA/historical?assetclass=etf&fromdate=2016-07-26&todate=2026-07-26&limit=5000
DIA,2017-01-27,200.69,200.87,200.45,200.63,3576407,,https://api.nasdaq.com/api/quote/DIA/historical?assetclass=etf&fromdate=2016-07-26&todate=2026-07-26&limit=5000
DIA,2017-01-30,199.83,199.9,198.42,199.38,4714741,,https://api.nasdaq.com/api/quote/DIA/historical?assetclass=etf&fromdate=2016-07-26&todate=2026-07-26&limit=5000
DIA,2017-01-31,198.72,198.89,197.56,198.36,4625875,,https://api.nasdaq.com/api/quote/DIA/historical?assetclass=etf&fromdate=2016-07-26&todate=2026-07-26&limit=5000
DIA,2017-02-01,199.13,199.4,198.2,198.63,3664335,,https://api.nasdaq.com/api/quote/DIA/historical?assetclass=etf&fromdate=2016-07-26&todate=2026-07-26&limit=5000
DIA,2017-02-02,198.16,198.97,198.02,198.61,2639430,,https://api.nasdaq.com/api/quote/DIA/historical?assetclass=etf&fromdate=2016-07-26&todate=2026-07-26&limit=5000
DIA,2017-02-03,199.58,200.57,199.44,200.38,4856075,,https://api.nasdaq.com/api/quote/DIA/historical?assetclass=etf&fromdate=2016-07-26&todate=2026-07-26&limit=5000
DIA,2017-02-06,200.03,200.7,199.78,200.28,2770442,,https://api.nasdaq.com/api/quote/DIA/historical?assetclass=etf&fromdate=2016-07-26&todate=2026-07-26&limit=5000
DIA,2017-02-07,200.89,201.3001,200.43,200.58,2603430,,https://api.nasdaq.com/api/quote/DIA/historical?assetclass=etf&fromdate=2016-07-26&todate=2026-07-26&limit=5000
DIA,2017-02-08,200.5,200.69,200.15,200.51,2288150,,https://api.nasdaq.com/api/quote/DIA/historical?assetclass=etf&fromdate=2016-07-26&todate=2026-07-26&limit=5000
DIA,2017-02-09,200.82,202.1052,200.77,201.72,3481089,,https://api.nasdaq.com/api/quote/DIA/historical?assetclass=etf&fromdate=2016-07-26&todate=2026-07-26&limit=5000
DIA,2017-02-10,202.3,203,202.0675,202.74,2880286,,https://api.nasdaq.com/api/quote/DIA/historical?assetclass=etf&fromdate=2016-07-26&todate=2026-07-26&limit=5000
DIA,2017-02-13,203.32,204.47,203.32,204.2,2628252,,https://api.nasdaq.com/api/quote/DIA/historical?assetclass=etf&fromdate=2016-07-26&todate=2026-07-26&limit=5000
DIA,2017-02-14,204.06,205.18,203.945,205.17,3586114,,https://api.nasdaq.com/api/quote/DIA/historical?assetclass=etf&fromdate=2016-07-26&todate=2026-07-26&limit=5000
DIA,2017-02-15,205.39,206.49,205.29,206.38,3644805,,https://api.nasdaq.com/api/quote/DIA/historical?assetclass=etf&fromdate=2016-07-26&todate=2026-07-26&limit=5000
DIA,2017-02-16,206.55,206.7199,205.85,206.48,4584714,,https://api.nasdaq.com/api/quote/DIA/historical?assetclass=etf&fromdate=2016-07-26&todate=2026-07-26&limit=5000
DIA,2017-02-17,205.03,205.92,205.02,205.88,5747221,,https://api.nasdaq.com/api/quote/DIA/historical?assetclass=etf&fromdate=2016-07-26&todate=2026-07-26&limit=5000
DIA,2017-02-21,206.56,207.3,206.42,207.07,3076628,,https://api.nasdaq.com/api/quote/DIA/historical?assetclass=etf&fromdate=2016-07-26&todate=2026-07-26&limit=5000
DIA,2017-02-22,206.73,207.53,206.64,207.45,2252696,,https://api.nasdaq.com/api/quote/DIA/historical?assetclass=etf&fromdate=2016-07-26&todate=2026-07-26&limit=5000
DIA,2017-02-23,208.06,208.15,207.21,207.82,3168935,,https://api.nasdaq.com/api/quote/DIA/historical?assetclass=etf&fromdate=2016-07-26&todate=2026-07-26&limit=5000
DIA,2017-02-24,207.08,207.95,207.07,207.93,3703905,,https://api.nasdaq.com/api/quote/DIA/historical?assetclass=etf&fromdate=2016-07-26&todate=2026-07-26&limit=5000
DIA,2017-02-27,207.73,208.37,207.61,208.29,3432985,,https://api.nasdaq.com/api/quote/DIA/historical?assetclass=etf&fromdate=2016-07-26&todate=2026-07-26&limit=5000
DIA,2017-02-28,208.11,208.31,207.68,207.98,2814774,,https://api.nasdaq.com/api/quote/DIA/historical?assetclass=etf&fromdate=2016-07-26&todate=2026-07-26&limit=5000
DIA,2017-03-01,209.92,211.59,209.88,211.02,7844942,,https://api.nasdaq.com/api/quote/DIA/historical?assetclass=etf&fromdate=2016-07-26&todate=2026-07-26&limit=5000
DIA,2017-03-02,211.19,211.19,209.84,209.89,3335258,,https://api.nasdaq.com/api/quote/DIA/historical?assetclass=etf&fromdate=2016-07-26&todate=2026-07-26&limit=5000
DIA,2017-03-03,210.06,210.32,209.41,209.91,2588781,,https://api.nasdaq.com/api/quote/DIA/historical?assetclass=etf&fromdate=2016-07-26&todate=2026-07-26&limit=5000
DIA,2017-03-06,209.26,209.77,209.02,209.48,2523023,,https://api.nasdaq.com/api/quote/DIA/historical?assetclass=etf&fromdate=2016-07-26&todate=2026-07-26&limit=5000
DIA,2017-03-07,209.21,209.66,208.975,209.17,2736225,,https://api.nasdaq.com/api/quote/DIA/historical?assetclass=etf&fromdate=2016-07-26&todate=2026-07-26&limit=5000
DIA,2017-03-08,209.58,209.61,208.43,208.61,3170815,,https://api.nasdaq.com/api/quote/DIA/historical?assetclass=etf&fromdate=2016-07-26&todate=2026-07-26&limit=5000
DIA,2017-03-09,208.74,209.09,207.868,208.67,4423957,,https://api.nasdaq.com/api/quote/DIA/historical?assetclass=etf&fromdate=2016-07-26&todate=2026-07-26&limit=5000
DIA,2017-03-10,209.69,209.7,208.36,209.15,3003609,,https://api.nasdaq.com/api/quote/DIA/historical?assetclass=etf&fromdate=2016-07-26&todate=2026-07-26&limit=5000
DIA,2017-03-13,209.13,209.34,208.585,208.94,2261485,,https://api.nasdaq.com/api/quote/DIA/historical?assetclass=etf&fromdate=2016-07-26&todate=2026-07-26&limit=5000
DIA,2017-03-14,208.57,208.88,207.98,208.54,4432261,,https://api.nasdaq.com/api/quote/DIA/historical?assetclass=etf&fromdate=2016-07-26&todate=2026-07-26&limit=5000
DIA,2017-03-15,208.83,209.91,208.7101,209.58,5735921,,https://api.nasdaq.com/api/quote/DIA/historical?assetclass=etf&fromdate=2016-07-26&todate=2026-07-26&limit=5000
DIA,2017-03-16,210.17,210.17,209.05,209.44,3018333,,https://api.nasdaq.com/api/quote/DIA/historical?assetclass=etf&fromdate=2016-07-26&todate=2026-07-26&limit=5000
DIA,2017-03-17,209.53,209.53,208.83,208.86,2872189,,https://api.nasdaq.com/api/quote/DIA/historical?assetclass=etf&fromdate=2016-07-26&todate=2026-07-26&limit=5000
DIA,2017-03-20,208.85,209.27,208.56,208.8136,3308071,,https://api.nasdaq.com/api/quote/DIA/historical?assetclass=etf&fromdate=2016-07-26&todate=2026-07-26&limit=5000
DIA,2017-03-21,209.33,209.43,206.25,206.35,6190696,,https://api.nasdaq.com/api/quote/DIA/historical?assetclass=etf&fromdate=2016-07-26&todate=2026-07-26&limit=5000
DIA,2017-03-22,205.96,206.57,205.5007,206.41,3896552,,https://api.nasdaq.com/api/quote/DIA/historical?assetclass=etf&fromdate=2016-07-26&todate=2026-07-26&limit=5000
DIA,2017-03-23,206.03,207.3,205.91,206.31,3839103,,https://api.nasdaq.com/api/quote/DIA/historical?assetclass=etf&fromdate=2016-07-26&todate=2026-07-26&limit=5000
DIA,2017-03-24,206.58,206.9,205,205.75,4052419,,https://api.nasdaq.com/api/quote/DIA/historical?assetclass=etf&fromdate=2016-07-26&todate=2026-07-26&limit=5000
DIA,2017-03-27,204.18,205.505,203.81,205.23,4558429,,https://api.nasdaq.com/api/quote/DIA/historical?assetclass=etf&fromdate=2016-07-26&todate=2026-07-26&limit=5000
DIA,2017-03-28,205.08,207.07,204.91,206.75,3537018,,https://api.nasdaq.com/api/quote/DIA/historical?assetclass=etf&fromdate=2016-07-26&todate=2026-07-26&limit=5000
DIA,2017-03-29,206.53,206.56,205.945,206.31,2323350,,https://api.nasdaq.com/api/quote/DIA/historical?assetclass=etf&fromdate=2016-07-26&todate=2026-07-26&limit=5000
DIA,2017-03-30,206.3,207.26,206.15,206.96,2849212,,https://api.nasdaq.com/api/quote/DIA/historical?assetclass=etf&fromdate=2016-07-26&todate=2026-07-26&limit=5000
DIA,2017-03-31,206.72,206.93,206.3,206.34,4179509,,https://api.nasdaq.com/api/quote/DIA/historical?assetclass=etf&fromdate=2016-07-26&todate=2026-07-26&limit=5000
DIA,2017-04-03,206.52,206.63,204.88,206.25,4435042,,https://api.nasdaq.com/api/quote/DIA/historical?assetclass=etf&fromdate=2016-07-26&todate=2026-07-26&limit=5000
DIA,2017-04-04,206.02,206.77,205.81,206.65,2554227,,https://api.nasdaq.com/api/quote/DIA/historical?assetclass=etf&fromdate=2016-07-26&todate=2026-07-26&limit=5000
DIA,2017-04-05,207.59,208.65,206.16,206.26,4109181,,https://api.nasdaq.com/api/quote/DIA/historical?assetclass=etf&fromdate=2016-07-26&todate=2026-07-26&limit=5000
DIA,2017-04-06,206.45,207.29,205.92,206.45,3186338,,https://api.nasdaq.com/api/quote/DIA/historical?assetclass=etf&fromdate=2016-07-26&todate=2026-07-26&limit=5000
DIA,2017-04-07,206.19,207.07,205.89,206.38,2608490,,https://api.nasdaq.com/api/quote/DIA/historical?assetclass=etf&fromdate=2016-07-26&todate=2026-07-26&limit=5000
DIA,2017-04-10,206.49,207.32,205.95,206.39,2395011,,https://api.nasdaq.com/api/quote/DIA/historical?assetclass=etf&fromdate=2016-07-26&todate=2026-07-26&limit=5000
DIA,2017-04-11,206.22,206.42,204.94,206.33,3511450,,https://api.nasdaq.com/api/quote/DIA/historical?assetclass=etf&fromdate=2016-07-26&todate=2026-07-26&limit=5000
DIA,2017-04-12,206.3,206.3,205.35,205.67,2171229,,https://api.nasdaq.com/api/quote/DIA/historical?assetclass=etf&fromdate=2016-07-26&todate=2026-07-26&limit=5000
DIA,2017-04-13,205.34,205.94,204.36,204.37,3604029,,https://api.nasdaq.com/api/quote/DIA/historical?assetclass=etf&fromdate=2016-07-26&todate=2026-07-26&limit=5000
DIA,2017-04-17,204.93,206.26,204.86,206.17,2246142,,https://api.nasdaq.com/api/quote/DIA/historical?assetclass=etf&fromdate=2016-07-26&todate=2026-07-26&limit=5000
DIA,2017-04-18,205.36,205.81,204.42,205.08,2494569,,https://api.nasdaq.com/api/quote/DIA/historical?assetclass=etf&fromdate=2016-07-26&todate=2026-07-26&limit=5000
DIA,2017-04-19,205.26,205.3,203.64,203.85,3605613,,https://api.nasdaq.com/api/quote/DIA/historical?assetclass=etf&fromdate=2016-07-26&todate=2026-07-26&limit=5000
DIA,2017-04-20,204.35,206.21,204.17,205.7,3870163,,https://api.nasdaq.com/api/quote/DIA/historical?assetclass=etf&fromdate=2016-07-26&todate=2026-07-26&limit=5000
DIA,2017-04-21,205.51,205.7284,204.77,205.25,3031984,,https://api.nasdaq.com/api/quote/DIA/historical?assetclass=etf&fromdate=2016-07-26&todate=2026-07-26&limit=5000
DIA,2017-04-24,207.33,207.63,207.03,207.38,3219455,,https://api.nasdaq.com/api/quote/DIA/historical?assetclass=etf&fromdate=2016-07-26&todate=2026-07-26&limit=5000
DIA,2017-04-25,208.95,209.98,208.84,209.68,3476055,,https://api.nasdaq.com/api/quote/DIA/historical?assetclass=etf&fromdate=2016-07-26&todate=2026-07-26&limit=5000
DIA,2017-04-26,209.81,210.43,209.44,209.47,2862333,,https://api.nasdaq.com/api/quote/DIA/historical?assetclass=etf&fromdate=2016-07-26&todate=2026-07-26&limit=5000
DIA,2017-04-27,209.73,209.77,209.06,209.56,1947609,,https://api.nasdaq.com/api/quote/DIA/historical?assetclass=etf&fromdate=2016-07-26&todate=2026-07-26&limit=5000
DIA,2017-04-28,209.63,209.63,208.97,209.08,1933465,,https://api.nasdaq.com/api/quote/DIA/historical?assetclass=etf&fromdate=2016-07-26&todate=2026-07-26&limit=5000
DIA,2017-05-01,209.49,209.49,208.7,208.92,1885489,,https://api.nasdaq.com/api/quote/DIA/historical?assetclass=etf&fromdate=2016-07-26&todate=2026-07-26&limit=5000
DIA,2017-05-02,209.1,209.3,208.754,209.13,1353455,,https://api.nasdaq.com/api/quote/DIA/historical?assetclass=etf&fromdate=2016-07-26&todate=2026-07-26&limit=5000
DIA,2017-05-03,208.87,209.47,208.47,209.22,1826055,,https://api.nasdaq.com/api/quote/DIA/historical?assetclass=etf&fromdate=2016-07-26&todate=2026-07-26&limit=5000
DIA,2017-05-04,209.65,209.65,208.198,209.19,2640052,,https://api.nasdaq.com/api/quote/DIA/historical?assetclass=etf&fromdate=2016-07-26&todate=2026-07-26&limit=5000
DIA,2017-05-05,209.07,209.78,208.76,209.77,1666539,,https://api.nasdaq.com/api/quote/DIA/historical?assetclass=etf&fromdate=2016-07-26&todate=2026-07-26&limit=5000
DIA,2017-05-08,209.7,210.02,209.53,209.92,2310733,,https://api.nasdaq.com/api/quote/DIA/historical?assetclass=etf&fromdate=2016-07-26&todate=2026-07-26&limit=5000
DIA,2017-05-09,210.14,210.32,209.2231,209.62,1569284,,https://api.nasdaq.com/api/quote/DIA/historical?assetclass=etf&fromdate=2016-07-26&todate=2026-07-26&limit=5000
DIA,2017-05-10,209.19,209.81,208.9,209.48,1393649,,https://api.nasdaq.com/api/quote/DIA/historical?assetclass=etf&fromdate=2016-07-26&todate=2026-07-26&limit=5000
DIA,2017-05-11,209.14,209.45,208.1,209.28,3092363,,https://api.nasdaq.com/api/quote/DIA/historical?assetclass=etf&fromdate=2016-07-26&todate=2026-07-26&limit=5000
DIA,2017-05-12,208.97,209.28,208.82,209.01,1575490,,https://api.nasdaq.com/api/quote/DIA/historical?assetclass=etf&fromdate=2016-07-26&todate=2026-07-26&limit=5000
DIA,2017-05-15,209.4,210.13,209.4,209.93,1817692,,https://api.nasdaq.com/api/quote/DIA/historical?assetclass=etf&fromdate=2016-07-26&todate=2026-07-26&limit=5000
DIA,2017-05-16,210.32,210.46,209.46,209.95,1734840,,https://api.nasdaq.com/api/quote/DIA/historical?assetclass=etf&fromdate=2016-07-26&todate=2026-07-26&limit=5000
DIA,2017-05-17,208.12,208.59,206.37,206.47,5713454,,https://api.nasdaq.com/api/quote/DIA/historical?assetclass=etf&fromdate=2016-07-26&todate=2026-07-26&limit=5000
DIA,2017-05-18,206.03,207.96,205.855,206.96,6648506,,https://api.nasdaq.com/api/quote/DIA/historical?assetclass=etf&fromdate=2016-07-26&todate=2026-07-26&limit=5000
DIA,2017-05-19,206.75,208.31,206.58,207.77,4888894,,https://api.nasdaq.com/api/quote/DIA/historical?assetclass=etf&fromdate=2016-07-26&todate=2026-07-26&limit=5000
DIA,2017-05-22,208.32,208.87,208.32,208.65,2244062,,https://api.nasdaq.com/api/quote/DIA/historical?assetclass=etf&fromdate=2016-07-26&todate=2026-07-26&limit=5000
DIA,2017-05-23,209.1,209.35,208.69,209.12,3457529,,https://api.nasdaq.com/api/quote/DIA/historical?assetclass=etf&fromdate=2016-07-26&todate=2026-07-26&limit=5000
DIA,2017-05-24,209.32,209.96,209.075,209.82,3481387,,https://api.nasdaq.com/api/quote/DIA/historical?assetclass=etf&fromdate=2016-07-26&todate=2026-07-26&limit=5000
DIA,2017-05-25,210.52,210.92,210.3,210.58,2198248,,https://api.nasdaq.com/api/quote/DIA/historical?assetclass=etf&fromdate=2016-07-26&todate=2026-07-26&limit=5000
DIA,2017-05-26,210.54,210.719,210.32,210.54,1150567,,https://api.nasdaq.com/api/quote/DIA/historical?assetclass=etf&fromdate=2016-07-26&todate=2026-07-26&limit=5000
DIA,2017-05-30,210.21,210.52,209.97,210.21,1065974,,https://api.nasdaq.com/api/quote/DIA/historical?assetclass=etf&fromdate=2016-07-26&todate=2026-07-26&limit=5000
DIA,2017-05-31,210.41,210.41,209.32,210,1577436,,https://api.nasdaq.com/api/quote/DIA/historical?assetclass=etf&fromdate=2016-07-26&todate=2026-07-26&limit=5000
DIA,2017-06-01,210.27,211.4,209.91,211.4,1825224,,https://api.nasdaq.com/api/quote/DIA/historical?assetclass=etf&fromdate=2016-07-26&todate=2026-07-26&limit=5000
DIA,2017-06-02,211.45,212.21,211.27,211.91,2313311,,https://api.nasdaq.com/api/quote/DIA/historical?assetclass=etf&fromdate=2016-07-26&todate=2026-07-26&limit=5000
DIA,2017-06-05,211.86,212.205,211.64,211.86,1922993,,https://api.nasdaq.com/api/quote/DIA/historical?assetclass=etf&fromdate=2016-07-26&todate=2026-07-26&limit=5000
DIA,2017-06-06,211.33,211.78,211.17,211.37,2094951,,https://api.nasdaq.com/api/quote/DIA/historical?assetclass=etf&fromdate=2016-07-26&todate=2026-07-26&limit=5000
DIA,2017-06-07,211.69,211.92,211.14,211.72,1545878,,https://api.nasdaq.com/api/quote/DIA/historical?assetclass=etf&fromdate=2016-07-26&todate=2026-07-26&limit=5000
DIA,2017-06-08,211.62,212.699,211.39,211.86,2027241,,https://api.nasdaq.com/api/quote/DIA/historical?assetclass=etf&fromdate=2016-07-26&todate=2026-07-26&limit=5000
DIA,2017-06-09,212.15,213.07,211.59,212.67,4271003,,https://api.nasdaq.com/api/quote/DIA/historical?assetclass=etf&fromdate=2016-07-26&todate=2026-07-26&limit=5000
DIA,2017-06-12,212.46,212.78,211.88,212.4,3681687,,https://api.nasdaq.com/api/quote/DIA/historical?assetclass=etf&fromdate=2016-07-26&todate=2026-07-26&limit=5000
DIA,2017-06-13,212.8,213.39,212.75,213.37,2426620,,https://api.nasdaq.com/api/quote/DIA/historical?assetclass=etf&fromdate=2016-07-26&todate=2026-07-26&limit=5000
DIA,2017-06-14,213.78,214,212.98,213.84,5421438,,https://api.nasdaq.com/api/quote/DIA/historical?assetclass=etf&fromdate=2016-07-26&todate=2026-07-26&limit=5000
DIA,2017-06-15,212.89,213.8,212.75,213.69,2571705,,https://api.nasdaq.com/api/quote/DIA/historical?assetclass=etf&fromdate=2016-07-26&todate=2026-07-26&limit=5000
DIA,2017-06-16,213.33,213.58,212.82,213.56,2371753,,https://api.nasdaq.com/api/quote/DIA/historical?assetclass=etf&fromdate=2016-07-26&todate=2026-07-26&limit=5000
DIA,2017-06-19,214.36,215.01,214.08,214.92,2102623,,https://api.nasdaq.com/api/quote/DIA/historical?assetclass=etf&fromdate=2016-07-26&todate=2026-07-26&limit=5000
DIA,2017-06-20,214.89,215.07,214.37,214.4,1762126,,https://api.nasdaq.com/api/quote/DIA/historical?assetclass=etf&fromdate=2016-07-26&todate=2026-07-26&limit=5000
DIA,2017-06-21,214.65,214.67,213.64,213.89,2129109,,https://api.nasdaq.com/api/quote/DIA/historical?assetclass=etf&fromdate=2016-07-26&todate=2026-07-26&limit=5000
DIA,2017-06-22,214.08,214.29,213.66,213.73,2696635,,https://api.nasdaq.com/api/quote/DIA/historical?assetclass=etf&fromdate=2016-07-26&todate=2026-07-26&limit=5000
DIA,2017-06-23,213.44,213.95,213.0644,213.74,1346820,,https://api.nasdaq.com/api/quote/DIA/historical?assetclass=etf&fromdate=2016-07-26&todate=2026-07-26&limit=5000
DIA,2017-06-26,214.29,214.76,213.53,213.87,1939983,,https://api.nasdaq.com/api/quote/DIA/historical?assetclass=etf&fromdate=2016-07-26&todate=2026-07-26&limit=5000
DIA,2017-06-27,213.71,214.13,212.87,212.93,1979898,,https://api.nasdaq.com/api/quote/DIA/historical?assetclass=etf&fromdate=2016-07-26&todate=2026-07-26&limit=5000
DIA,2017-06-28,213.58,214.53,213.58,214.24,4693426,,https://api.nasdaq.com/api/quote/DIA/historical?assetclass=etf&fromdate=2016-07-26&todate=2026-07-26&limit=5000
DIA,2017-06-29,214.52,214.55,211.7,212.61,4363637,,https://api.nasdaq.com/api/quote/DIA/historical?assetclass=etf&fromdate=2016-07-26&todate=2026-07-26&limit=5000
DIA,2017-06-30,213.15,213.99,212.97,213.24,2202755,,https://api.nasdaq.com/api/quote/DIA/historical?assetclass=etf&fromdate=2016-07-26&todate=2026-07-26&limit=5000
DIA,2017-07-03,213.95,215.38,213.88,214.49,2135037,,https://api.nasdaq.com/api/quote/DIA/historical?assetclass=etf&fromdate=2016-07-26&todate=2026-07-26&limit=5000
DIA,2017-07-05,214.74,214.83,213.83,214.58,1799148,,https://api.nasdaq.com/api/quote/DIA/historical?assetclass=etf&fromdate=2016-07-26&todate=2026-07-26&limit=5000
DIA,2017-07-06,214.09,214.2458,212.94,213.14,2298772,,https://api.nasdaq.com/api/quote/DIA/historical?assetclass=etf&fromdate=2016-07-26&todate=2026-07-26&limit=5000
DIA,2017-07-07,213.54,214.1599,213.42,214.05,1325615,,https://api.nasdaq.com/api/quote/DIA/historical?assetclass=etf&fromdate=2016-07-26&todate=2026-07-26&limit=5000
DIA,2017-07-10,213.68,214.3453,213.54,213.99,1156463,,https://api.nasdaq.com/api/quote/DIA/historical?assetclass=etf&fromdate=2016-07-26&todate=2026-07-26&limit=5000
DIA,2017-07-11,213.91,214.2944,212.68,213.98,1577622,,https://api.nasdaq.com/api/quote/DIA/historical?assetclass=etf&fromdate=2016-07-26&todate=2026-07-26&limit=5000
DIA,2017-07-12,214.98,215.7,214.89,215.23,2103319,,https://api.nasdaq.com/api/quote/DIA/historical?assetclass=etf&fromdate=2016-07-26&todate=2026-07-26&limit=5000
DIA,2017-07-13,215.3,215.56,215,215.46,1586992,,https://api.nasdaq.com/api/quote/DIA/historical?assetclass=etf&fromdate=2016-07-26&todate=2026-07-26&limit=5000
DIA,2017-07-14,215.3,216.68,215.11,216.26,2394932,,https://api.nasdaq.com/api/quote/DIA/historical?assetclass=etf&fromdate=2016-07-26&todate=2026-07-26&limit=5000
DIA,2017-07-17,216.32,216.4898,216.04,216.22,2291048,,https://api.nasdaq.com/api/quote/DIA/historical?assetclass=etf&fromdate=2016-07-26&todate=2026-07-26&limit=5000
DIA,2017-07-18,215.66,215.81,214.63,215.7,2247441,,https://api.nasdaq.com/api/quote/DIA/historical?assetclass=etf&fromdate=2016-07-26&todate=2026-07-26&limit=5000
DIA,2017-07-19,215.89,216.34,215.66,216.32,1785894,,https://api.nasdaq.com/api/quote/DIA/historical?assetclass=etf&fromdate=2016-07-26&todate=2026-07-26&limit=5000
DIA,2017-07-20,216.57,216.58,215.7101,216.19,1368471,,https://api.nasdaq.com/api/quote/DIA/historical?assetclass=etf&fromdate=2016-07-26&todate=2026-07-26&limit=5000
DIA,2017-07-21,215.19,215.55,214.76,215.53,2223698,,https://api.nasdaq.com/api/quote/DIA/historical?assetclass=etf&fromdate=2016-07-26&todate=2026-07-26&limit=5000
DIA,2017-07-24,215.51,215.51,214.681,215.09,1459351,,https://api.nasdaq.com/api/quote/DIA/historical?assetclass=etf&fromdate=2016-07-26&todate=2026-07-26&limit=5000
DIA,2017-07-25,216.5,216.52,215.49,215.86,1923972,,https://api.nasdaq.com/api/quote/DIA/historical?assetclass=etf&fromdate=2016-07-26&todate=2026-07-26&limit=5000
DIA,2017-07-26,216.81,217.16,216.56,216.81,2040871,,https://api.nasdaq.com/api/quote/DIA/historical?assetclass=etf&fromdate=2016-07-26&todate=2026-07-26&limit=5000
DIA,2017-07-27,217.28,217.75,216.63,217.72,3201594,,https://api.nasdaq.com/api/quote/DIA/historical?assetclass=etf&fromdate=2016-07-26&todate=2026-07-26&limit=5000
DIA,2017-07-28,217.53,218.16,217.3,218.02,2304236,,https://api.nasdaq.com/api/quote/DIA/historical?assetclass=etf&fromdate=2016-07-26&todate=2026-07-26&limit=5000
DIA,2017-07-31,218.65,219.03,218.49,218.7,1731905,,https://api.nasdaq.com/api/quote/DIA/historical?assetclass=etf&fromdate=2016-07-26&todate=2026-07-26&limit=5000
DIA,2017-08-01,219.74,219.8,219.15,219.37,2303441,,https://api.nasdaq.com/api/quote/DIA/historical?assetclass=etf&fromdate=2016-07-26&todate=2026-07-26&limit=5000
DIA,2017-08-02,219.83,220.13,219.44,219.89,3062809,,https://api.nasdaq.com/api/quote/DIA/historical?assetclass=etf&fromdate=2016-07-26&todate=2026-07-26&limit=5000
DIA,2017-08-03,219.93,220.23,219.72,220.06,2495383,,https://api.nasdaq.com/api/quote/DIA/historical?assetclass=etf&fromdate=2016-07-26&todate=2026-07-26&limit=5000
DIA,2017-08-04,220.64,220.67,220.03,220.57,1876613,,https://api.nasdaq.com/api/quote/DIA/historical?assetclass=etf&fromdate=2016-07-26&todate=2026-07-26&limit=5000
DIA,2017-08-07,220.75,220.98,220.6,220.85,1893095,,https://api.nasdaq.com/api/quote/DIA/historical?assetclass=etf&fromdate=2016-07-26&todate=2026-07-26&limit=5000
DIA,2017-08-08,220.8,221.68,220.4411,220.69,3614436,,https://api.nasdaq.com/api/quote/DIA/historical?assetclass=etf&fromdate=2016-07-26&todate=2026-07-26&limit=5000
DIA,2017-08-09,220.33,220.61,219.96,220.5,3553095,,https://api.nasdaq.com/api/quote/DIA/historical?assetclass=etf&fromdate=2016-07-26&todate=2026-07-26&limit=5000
DIA,2017-08-10,219.81,219.897,218.55,218.6,7828873,,https://api.nasdaq.com/api/quote/DIA/historical?assetclass=etf&fromdate=2016-07-26&todate=2026-07-26&limit=5000
DIA,2017-08-11,218.76,219.22,218.52,218.7,4942437,,https://api.nasdaq.com/api/quote/DIA/historical?assetclass=etf&fromdate=2016-07-26&todate=2026-07-26&limit=5000
DIA,2017-08-14,219.88,220.285,219.81,219.97,2604770,,https://api.nasdaq.com/api/quote/DIA/historical?assetclass=etf&fromdate=2016-07-26&todate=2026-07-26&limit=5000
DIA,2017-08-15,220.58,220.58,219.86,220.16,1835305,,https://api.nasdaq.com/api/quote/DIA/historical?assetclass=etf&fromdate=2016-07-26&todate=2026-07-26&limit=5000
DIA,2017-08-16,220.7,221.1,220.28,220.47,2475258,,https://api.nasdaq.com/api/quote/DIA/historical?assetclass=etf&fromdate=2016-07-26&todate=2026-07-26&limit=5000
DIA,2017-08-17,220,220.07,217.77,217.81,3533444,,https://api.nasdaq.com/api/quote/DIA/historical?assetclass=etf&fromdate=2016-07-26&todate=2026-07-26&limit=5000
DIA,2017-08-18,216.99,217.66,216.15,216.53,4468326,,https://api.nasdaq.com/api/quote/DIA/historical?assetclass=etf&fromdate=2016-07-26&todate=2026-07-26&limit=5000
DIA,2017-08-21,216.46,216.92,215.73,216.74,3466966,,https://api.nasdaq.com/api/quote/DIA/historical?assetclass=etf&fromdate=2016-07-26&todate=2026-07-26&limit=5000
DIA,2017-08-22,217.41,218.85,217.3,218.69,2422542,,https://api.nasdaq.com/api/quote/DIA/historical?assetclass=etf&fromdate=2016-07-26&todate=2026-07-26&limit=5000
DIA,2017-08-23,218.01,218.46,217.84,217.92,3658796,,https://api.nasdaq.com/api/quote/DIA/historical?assetclass=etf&fromdate=2016-07-26&todate=2026-07-26&limit=5000
DIA,2017-08-24,218.55,218.55,217.46,217.66,1934301,,https://api.nasdaq.com/api/quote/DIA/historical?assetclass=etf&fromdate=2016-07-26&todate=2026-07-26&limit=5000
DIA,2017-08-25,218.26,218.93,218,218.04,2372562,,https://api.nasdaq.com/api/quote/DIA/historical?assetclass=etf&fromdate=2016-07-26&todate=2026-07-26&limit=5000
DIA,2017-08-28,218.5,218.58,217.53,217.94,1402962,,https://api.nasdaq.com/api/quote/DIA/historical?assetclass=etf&fromdate=2016-07-26&todate=2026-07-26&limit=5000
DIA,2017-08-29,216.68,218.76,216.62,218.59,2012431,,https://api.nasdaq.com/api/quote/DIA/historical?assetclass=etf&fromdate=2016-07-26&todate=2026-07-26&limit=5000
DIA,2017-08-30,218.75,219.16,218.39,218.93,1803575,,https://api.nasdaq.com/api/quote/DIA/historical?assetclass=etf&fromdate=2016-07-26&todate=2026-07-26&limit=5000
DIA,2017-08-31,219.53,219.89,219.12,219.52,2155754,,https://api.nasdaq.com/api/quote/DIA/historical?assetclass=etf&fromdate=2016-07-26&todate=2026-07-26&limit=5000
DIA,2017-09-01,220.13,220.41,219.8329,219.92,2149860,,https://api.nasdaq.com/api/quote/DIA/historical?assetclass=etf&fromdate=2016-07-26&todate=2026-07-26&limit=5000
DIA,2017-09-05,219.53,219.53,217.18,217.67,3827246,,https://api.nasdaq.com/api/quote/DIA/historical?assetclass=etf&fromdate=2016-07-26&todate=2026-07-26&limit=5000
DIA,2017-09-06,218.54,218.62,218.04,218.25,1914907,,https://api.nasdaq.com/api/quote/DIA/historical?assetclass=etf&fromdate=2016-07-26&todate=2026-07-26&limit=5000
DIA,2017-09-07,218.47,218.72,217.68,218.11,1982653,,https://api.nasdaq.com/api/quote/DIA/historical?assetclass=etf&fromdate=2016-07-26&todate=2026-07-26&limit=5000
DIA,2017-09-08,217.61,218.66,217.52,218.24,2135767,,https://api.nasdaq.com/api/quote/DIA/historical?assetclass=etf&fromdate=2016-07-26&todate=2026-07-26&limit=5000
DIA,2017-09-11,219.58,220.885,219.58,220.76,2568043,,https://api.nasdaq.com/api/quote/DIA/historical?assetclass=etf&fromdate=2016-07-26&todate=2026-07-26&limit=5000
DIA,2017-09-12,221.33,221.57,221.07,221.42,2072971,,https://api.nasdaq.com/api/quote/DIA/historical?assetclass=etf&fromdate=2016-07-26&todate=2026-07-26&limit=5000
DIA,2017-09-13,221.35,221.79,221.2,221.76,1720790,,https://api.nasdaq.com/api/quote/DIA/historical?assetclass=etf&fromdate=2016-07-26&todate=2026-07-26&limit=5000
DIA,2017-09-14,221.65,222.43,221.62,222.32,1892230,,https://api.nasdaq.com/api/quote/DIA/historical?assetclass=etf&fromdate=2016-07-26&todate=2026-07-26&limit=5000
DIA,2017-09-15,222.13,222.57,221.91,222.45,2367304,,https://api.nasdaq.com/api/quote/DIA/historical?assetclass=etf&fromdate=2016-07-26&todate=2026-07-26&limit=5000
DIA,2017-09-18,222.92,223.386,222.67,223.16,1827255,,https://api.nasdaq.com/api/quote/DIA/historical?assetclass=etf&fromdate=2016-07-26&todate=2026-07-26&limit=5000
DIA,2017-09-19,223.37,223.67,223.2299,223.58,2042785,,https://api.nasdaq.com/api/quote/DIA/historical?assetclass=etf&fromdate=2016-07-26&todate=2026-07-26&limit=5000
DIA,2017-09-20,223.57,223.95,222.95,223.9,1819643,,https://api.nasdaq.com/api/quote/DIA/historical?assetclass=etf&fromdate=2016-07-26&todate=2026-07-26&limit=5000
DIA,2017-09-21,223.9,223.97,223.39,223.47,1741150,,https://api.nasdaq.com/api/quote/DIA/historical?assetclass=etf&fromdate=2016-07-26&todate=2026-07-26&limit=5000
DIA,2017-09-22,223.22,223.46,222.82,223.2,2448259,,https://api.nasdaq.com/api/quote/DIA/historical?assetclass=etf&fromdate=2016-07-26&todate=2026-07-26&limit=5000
DIA,2017-09-25,223.11,223.43,221.99,222.82,2844027,,https://api.nasdaq.com/api/quote/DIA/historical?assetclass=etf&fromdate=2016-07-26&todate=2026-07-26&limit=5000
DIA,2017-09-26,223.06,223.5,222.62,222.69,1313471,,https://api.nasdaq.com/api/quote/DIA/historical?assetclass=etf&fromdate=2016-07-26&todate=2026-07-26&limit=5000
DIA,2017-09-27,223.4,223.52,222.3505,223.12,2377179,,https://api.nasdaq.com/api/quote/DIA/historical?assetclass=etf&fromdate=2016-07-26&todate=2026-07-26&limit=5000
DIA,2017-09-28,222.97,223.77,222.7,223.6,1462821,,https://api.nasdaq.com/api/quote/DIA/historical?assetclass=etf&fromdate=2016-07-26&todate=2026-07-26&limit=5000
DIA,2017-09-29,223.39,223.87,223.13,223.82,2415112,,https://api.nasdaq.com/api/quote/DIA/historical?assetclass=etf&fromdate=2016-07-26&todate=2026-07-26&limit=5000
DIA,2017-10-02,224.19,225.39,224.02,225.24,2606577,,https://api.nasdaq.com/api/quote/DIA/historical?assetclass=etf&fromdate=2016-07-26&todate=2026-07-26&limit=5000
DIA,2017-10-03,225.74,226.28,225.61,226.24,2505421,,https://api.nasdaq.com/api/quote/DIA/historical?assetclass=etf&fromdate=2016-07-26&todate=2026-07-26&limit=5000
DIA,2017-10-04,226.39,226.68,226.18,226.41,1746992,,https://api.nasdaq.com/api/quote/DIA/historical?assetclass=etf&fromdate=2016-07-26&todate=2026-07-26&limit=5000
DIA,2017-10-05,226.61,227.66,226.4472,227.64,2218058,,https://api.nasdaq.com/api/quote/DIA/historical?assetclass=etf&fromdate=2016-07-26&todate=2026-07-26&limit=5000
DIA,2017-10-06,227.34,227.63,227.23,227.55,2089398,,https://api.nasdaq.com/api/quote/DIA/historical?assetclass=etf&fromdate=2016-07-26&todate=2026-07-26&limit=5000
DIA,2017-10-09,227.89,227.96,227.3399,227.53,1004785,,https://api.nasdaq.com/api/quote/DIA/historical?assetclass=etf&fromdate=2016-07-26&todate=2026-07-26&limit=5000
DIA,2017-10-10,228.21,228.43,227.64,228.26,1415307,,https://api.nasdaq.com/api/quote/DIA/historical?assetclass=etf&fromdate=2016-07-26&todate=2026-07-26&limit=5000
DIA,2017-10-11,228.32,228.64,228.17,228.61,1419519,,https://api.nasdaq.com/api/quote/DIA/historical?assetclass=etf&fromdate=2016-07-26&todate=2026-07-26&limit=5000
DIA,2017-10-12,228.49,228.81,228.15,228.33,1300710,,https://api.nasdaq.com/api/quote/DIA/historical?assetclass=etf&fromdate=2016-07-26&todate=2026-07-26&limit=5000
DIA,2017-10-13,228.71,228.97,228.51,228.73,1743401,,https://api.nasdaq.com/api/quote/DIA/historical?assetclass=etf&fromdate=2016-07-26&todate=2026-07-26&limit=5000
DIA,2017-10-16,229.07,229.53,228.81,229.45,2371680,,https://api.nasdaq.com/api/quote/DIA/historical?assetclass=etf&fromdate=2016-07-26&todate=2026-07-26&limit=5000
DIA,2017-10-17,229.71,229.9599,229.52,229.85,1833200,,https://api.nasdaq.com/api/quote/DIA/historical?assetclass=etf&fromdate=2016-07-26&todate=2026-07-26&limit=5000
DIA,2017-10-18,231,231.68,230.91,231.46,2751751,,https://api.nasdaq.com/api/quote/DIA/historical?assetclass=etf&fromdate=2016-07-26&todate=2026-07-26&limit=5000
DIA,2017-10-19,230.84,231.66,230.52,231.65,2269835,,https://api.nasdaq.com/api/quote/DIA/historical?assetclass=etf&fromdate=2016-07-26&todate=2026-07-26&limit=5000
DIA,2017-10-20,232.47,233.13,231.8899,233.13,3272117,,https://api.nasdaq.com/api/quote/DIA/historical?assetclass=etf&fromdate=2016-07-26&todate=2026-07-26&limit=5000
DIA,2017-10-23,233.58,233.58,232.6099,232.65,2316994,,https://api.nasdaq.com/api/quote/DIA/historical?assetclass=etf&fromdate=2016-07-26&todate=2026-07-26&limit=5000
DIA,2017-10-24,234.11,234.7,233.96,234.29,3294873,,https://api.nasdaq.com/api/quote/DIA/historical?assetclass=etf&fromdate=2016-07-26&todate=2026-07-26&limit=5000
DIA,2017-10-25,234.45,234.45,232.35,233.16,3807283,,https://api.nasdaq.com/api/quote/DIA/historical?assetclass=etf&fromdate=2016-07-26&todate=2026-07-26&limit=5000
DIA,2017-10-26,233.91,234.42,233.75,233.85,2573587,,https://api.nasdaq.com/api/quote/DIA/historical?assetclass=etf&fromdate=2016-07-26&todate=2026-07-26&limit=5000
DIA,2017-10-27,233.95,234.33,233.36,234.17,2943465,,https://api.nasdaq.com/api/quote/DIA/historical?assetclass=etf&fromdate=2016-07-26&todate=2026-07-26&limit=5000
DIA,2017-10-30,233.52,234.14,233.15,233.33,2670412,,https://api.nasdaq.com/api/quote/DIA/historical?assetclass=etf&fromdate=2016-07-26&todate=2026-07-26&limit=5000
DIA,2017-10-31,233.64,233.91,233.2,233.63,1771626,,https://api.nasdaq.com/api/quote/DIA/historical?assetclass=etf&fromdate=2016-07-26&todate=2026-07-26&limit=5000
DIA,2017-11-01,234.6,235.02,233.73,234.19,2673281,,https://api.nasdaq.com/api/quote/DIA/historical?assetclass=etf&fromdate=2016-07-26&todate=2026-07-26&limit=5000
DIA,2017-11-02,234.21,235.17,233.32,234.96,2457017,,https://api.nasdaq.com/api/quote/DIA/historical?assetclass=etf&fromdate=2016-07-26&todate=2026-07-26&limit=5000
DIA,2017-11-03,235.36,235.39,234.64,235.18,2572272,,https://api.nasdaq.com/api/quote/DIA/historical?assetclass=etf&fromdate=2016-07-26&todate=2026-07-26&limit=5000
DIA,2017-11-06,235.23,235.59,235.09,235.41,2548520,,https://api.nasdaq.com/api/quote/DIA/historical?assetclass=etf&fromdate=2016-07-26&todate=2026-07-26&limit=5000
DIA,2017-11-07,235.7,235.88,234.69,235.42,2383187,,https://api.nasdaq.com/api/quote/DIA/historical?assetclass=etf&fromdate=2016-07-26&todate=2026-07-26&limit=5000
DIA,2017-11-08,235.37,235.61,234.97,235.46,1527871,,https://api.nasdaq.com/api/quote/DIA/historical?assetclass=etf&fromdate=2016-07-26&todate=2026-07-26&limit=5000
DIA,2017-11-09,234.49,235.28,233.16,234.72,4218965,,https://api.nasdaq.com/api/quote/DIA/historical?assetclass=etf&fromdate=2016-07-26&todate=2026-07-26&limit=5000
DIA,2017-11-10,234.45,234.67,234.1001,234.43,2507020,,https://api.nasdaq.com/api/quote/DIA/historical?assetclass=etf&fromdate=2016-07-26&todate=2026-07-26&limit=5000
DIA,2017-11-13,233.66,234.7801,233.63,234.66,2439624,,https://api.nasdaq.com/api/quote/DIA/historical?assetclass=etf&fromdate=2016-07-26&todate=2026-07-26&limit=5000
DIA,2017-11-14,233.97,234.35,232.91,234.28,2546420,,https://api.nasdaq.com/api/quote/DIA/historical?assetclass=etf&fromdate=2016-07-26&todate=2026-07-26&limit=5000
DIA,2017-11-15,233.16,233.67,232.65,232.96,2818858,,https://api.nasdaq.com/api/quote/DIA/historical?assetclass=etf&fromdate=2016-07-26&todate=2026-07-26&limit=5000
DIA,2017-11-16,234.22,235.2759,234.19,234.91,2919682,,https://api.nasdaq.com/api/quote/DIA/historical?assetclass=etf&fromdate=2016-07-26&todate=2026-07-26&limit=5000
DIA,2017-11-17,233.77,233.97,233.36,233.39,3483148,,https://api.nasdaq.com/api/quote/DIA/historical?assetclass=etf&fromdate=2016-07-26&todate=2026-07-26&limit=5000
DIA,2017-11-20,233.66,234.37,233.42,234.15,2054010,,https://api.nasdaq.com/api/quote/DIA/historical?assetclass=etf&fromdate=2016-07-26&todate=2026-07-26&limit=5000
DIA,2017-11-21,235.17,235.99,235.1,235.73,2748988,,https://api.nasdaq.com/api/quote/DIA/historical?assetclass=etf&fromdate=2016-07-26&todate=2026-07-26&limit=5000
DIA,2017-11-22,236.06,236.06,234.95,235.17,2859413,,https://api.nasdaq.com/api/quote/DIA/historical?assetclass=etf&fromdate=2016-07-26&todate=2026-07-26&limit=5000
DIA,2017-11-24,235.56,235.87,235.41,235.47,1435533,,https://api.nasdaq.com/api/quote/DIA/historical?assetclass=etf&fromdate=2016-07-26&todate=2026-07-26&limit=5000
DIA,2017-11-27,235.5,236.33,235.39,235.73,2323825,,https://api.nasdaq.com/api/quote/DIA/historical?assetclass=etf&fromdate=2016-07-26&todate=2026-07-26&limit=5000
DIA,2017-11-28,236.32,238.44,236.23,238.34,4822680,,https://api.nasdaq.com/api/quote/DIA/historical?assetclass=etf&fromdate=2016-07-26&todate=2026-07-26&limit=5000
DIA,2017-11-29,239.15,239.65,238.77,239.42,3368246,,https://api.nasdaq.com/api/quote/DIA/historical?assetclass=etf&fromdate=2016-07-26&todate=2026-07-26&limit=5000
DIA,2017-11-30,240.68,243.49,240.41,242.84,6574845,,https://api.nasdaq.com/api/quote/DIA/historical?assetclass=etf&fromdate=2016-07-26&todate=2026-07-26&limit=5000
DIA,2017-12-01,243.14,243.435,239.41,242.45,9763463,,https://api.nasdaq.com/api/quote/DIA/historical?assetclass=etf&fromdate=2016-07-26&todate=2026-07-26&limit=5000
DIA,2017-12-04,245.01,245.57,243.07,243.11,6542257,,https://api.nasdaq.com/api/quote/DIA/historical?assetclass=etf&fromdate=2016-07-26&todate=2026-07-26&limit=5000
DIA,2017-12-05,243.78,243.79,241.77,242.01,4916736,,https://api.nasdaq.com/api/quote/DIA/historical?assetclass=etf&fromdate=2016-07-26&todate=2026-07-26&limit=5000
DIA,2017-12-06,241.72,242.5127,241.55,241.62,3975158,,https://api.nasdaq.com/api/quote/DIA/historical?assetclass=etf&fromdate=2016-07-26&todate=2026-07-26&limit=5000
DIA,2017-12-07,241.21,242.87,241.101,242.36,2712632,,https://api.nasdaq.com/api/quote/DIA/historical?assetclass=etf&fromdate=2016-07-26&todate=2026-07-26&limit=5000
DIA,2017-12-08,243.19,243.63,242.58,243.62,2703704,,https://api.nasdaq.com/api/quote/DIA/historical?assetclass=etf&fromdate=2016-07-26&todate=2026-07-26&limit=5000
DIA,2017-12-11,243.77,244.236,243.5,244.17,1856372,,https://api.nasdaq.com/api/quote/DIA/historical?assetclass=etf&fromdate=2016-07-26&todate=2026-07-26&limit=5000
DIA,2017-12-12,244.93,245.87,244.8,245.44,3275722,,https://api.nasdaq.com/api/quote/DIA/historical?assetclass=etf&fromdate=2016-07-26&todate=2026-07-26&limit=5000
DIA,2017-12-13,245.69,246.99,245.65,246.3,3748087,,https://api.nasdaq.com/api/quote/DIA/historical?assetclass=etf&fromdate=2016-07-26&todate=2026-07-26&limit=5000
DIA,2017-12-14,246.89,247.0699,245.47,245.57,4711868,,https://api.nasdaq.com/api/quote/DIA/historical?assetclass=etf&fromdate=2016-07-26&todate=2026-07-26&limit=5000
DIA,2017-12-15,246.21,246.7,245.82,246.25,5861553,,https://api.nasdaq.com/api/quote/DIA/historical?assetclass=etf&fromdate=2016-07-26&todate=2026-07-26&limit=5000
DIA,2017-12-18,248.01,248.541,247.5299,247.79,3280621,,https://api.nasdaq.com/api/quote/DIA/historical?assetclass=etf&fromdate=2016-07-26&todate=2026-07-26&limit=5000
DIA,2017-12-19,248.31,248.34,246.94,247.4,2612094,,https://api.nasdaq.com/api/quote/DIA/historical?assetclass=etf&fromdate=2016-07-26&todate=2026-07-26&limit=5000
DIA,2017-12-20,248.33,248.3989,246.76,247.07,2399073,,https://api.nasdaq.com/api/quote/DIA/historical?assetclass=etf&fromdate=2016-07-26&todate=2026-07-26&limit=5000
DIA,2017-12-21,247.73,248.29,247.4201,247.66,2445754,,https://api.nasdaq.com/api/quote/DIA/historical?assetclass=etf&fromdate=2016-07-26&todate=2026-07-26&limit=5000
DIA,2017-12-22,247.58,247.61,246.97,247.4,1846186,,https://api.nasdaq.com/api/quote/DIA/historical?assetclass=etf&fromdate=2016-07-26&todate=2026-07-26&limit=5000
DIA,2017-12-26,246.94,247.585,246.88,247.25,2155615,,https://api.nasdaq.com/api/quote/DIA/historical?assetclass=etf&fromdate=2016-07-26&todate=2026-07-26&limit=5000
DIA,2017-12-27,247.15,247.686,247.1,247.48,2930353,,https://api.nasdaq.com/api/quote/DIA/historical?assetclass=etf&fromdate=2016-07-26&todate=2026-07-26&limit=5000
DIA,2017-12-28,247.94,248.19,247.77,248.13,2743029,,https://api.nasdaq.com/api/quote/DIA/historical?assetclass=etf&fromdate=2016-07-26&todate=2026-07-26&limit=5000
DIA,2017-12-29,248.57,248.61,247.17,247.38,2950506,,https://api.nasdaq.com/api/quote/DIA/historical?assetclass=etf&fromdate=2016-07-26&todate=2026-07-26&limit=5000
DIA,2018-01-02,248.34,248.47,247.2256,248.02,4454610,,https://api.nasdaq.com/api/quote/DIA/historical?assetclass=etf&fromdate=2016-07-26&todate=2026-07-26&limit=5000
DIA,2018-01-03,248.32,249.22,248.07,248.95,5526813,,https://api.nasdaq.com/api/quote/DIA/historical?assetclass=etf&fromdate=2016-07-26&todate=2026-07-26&limit=5000
DIA,2018-01-04,249.96,250.92,249.62,250.6,4927260,,https://api.nasdaq.com/api/quote/DIA/historical?assetclass=etf&fromdate=2016-07-26&todate=2026-07-26&limit=5000
DIA,2018-01-05,251.38,252.85,250.97,252.72,3346558,,https://api.nasdaq.com/api/quote/DIA/historical?assetclass=etf&fromdate=2016-07-26&todate=2026-07-26&limit=5000
DIA,2018-01-08,252.75,252.97,252.22,252.59,3847213,,https://api.nasdaq.com/api/quote/DIA/historical?assetclass=etf&fromdate=2016-07-26&todate=2026-07-26&limit=5000
DIA,2018-01-09,253.2,254.29,252.724,253.82,5016636,,https://api.nasdaq.com/api/quote/DIA/historical?assetclass=etf&fromdate=2016-07-26&todate=2026-07-26&limit=5000
DIA,2018-01-10,253.17,253.9311,252.45,253.62,2343245,,https://api.nasdaq.com/api/quote/DIA/historical?assetclass=etf&fromdate=2016-07-26&todate=2026-07-26&limit=5000
DIA,2018-01-11,254,255.67,253.85,255.61,2757881,,https://api.nasdaq.com/api/quote/DIA/historical?assetclass=etf&fromdate=2016-07-26&todate=2026-07-26&limit=5000
DIA,2018-01-12,256.63,257.97,256.48,257.91,3667356,,https://api.nasdaq.com/api/quote/DIA/historical?assetclass=etf&fromdate=2016-07-26&todate=2026-07-26&limit=5000
DIA,2018-01-16,260.27,260.7499,256.91,257.81,8074372,,https://api.nasdaq.com/api/quote/DIA/historical?assetclass=etf&fromdate=2016-07-26&todate=2026-07-26&limit=5000
DIA,2018-01-17,259.26,261.19,258.5425,261.08,6128041,,https://api.nasdaq.com/api/quote/DIA/historical?assetclass=etf&fromdate=2016-07-26&todate=2026-07-26&limit=5000
DIA,2018-01-18,261.24,261.32,259.38,260.16,4848815,,https://api.nasdaq.com/api/quote/DIA/historical?assetclass=etf&fromdate=2016-07-26&todate=2026-07-26&limit=5000
DIA,2018-01-19,260.05,260.55,259.27,260.54,4055112,,https://api.nasdaq.com/api/quote/DIA/historical?assetclass=etf&fromdate=2016-07-26&todate=2026-07-26&limit=5000
DIA,2018-01-22,259.7,262.01,259.63,261.98,3340954,,https://api.nasdaq.com/api/quote/DIA/historical?assetclass=etf&fromdate=2016-07-26&todate=2026-07-26&limit=5000
DIA,2018-01-23,261.83,262.29,261.275,261.87,3475697,,https://api.nasdaq.com/api/quote/DIA/historical?assetclass=etf&fromdate=2016-07-26&todate=2026-07-26&limit=5000
DIA,2018-01-24,263,263.76,260.8701,262.57,7103317,,https://api.nasdaq.com/api/quote/DIA/historical?assetclass=etf&fromdate=2016-07-26&todate=2026-07-26&limit=5000
DIA,2018-01-25,263.58,264.3901,262.42,263.75,5916458,,https://api.nasdaq.com/api/quote/DIA/historical?assetclass=etf&fromdate=2016-07-26&todate=2026-07-26&limit=5000
DIA,2018-01-26,264.32,265.93,264.05,265.91,3858843,,https://api.nasdaq.com/api/quote/DIA/historical?assetclass=etf&fromdate=2016-07-26&todate=2026-07-26&limit=5000
DIA,2018-01-29,265.56,265.9,264.12,264.16,4599150,,https://api.nasdaq.com/api/quote/DIA/historical?assetclass=etf&fromdate=2016-07-26&todate=2026-07-26&limit=5000
DIA,2018-01-30,261.48,262.44,260.09,260.62,9401977,,https://api.nasdaq.com/api/quote/DIA/historical?assetclass=etf&fromdate=2016-07-26&todate=2026-07-26&limit=5000
DIA,2018-01-31,263,263.16,260.29,261.44,5363924,,https://api.nasdaq.com/api/quote/DIA/historical?assetclass=etf&fromdate=2016-07-26&todate=2026-07-26&limit=5000
DIA,2018-02-01,259.95,262.9,259.77,261.62,5170033,,https://api.nasdaq.com/api/quote/DIA/historical?assetclass=etf&fromdate=2016-07-26&todate=2026-07-26&limit=5000
DIA,2018-02-02,259.61,259.85,254.73,254.93,9474594,,https://api.nasdaq.com/api/quote/DIA/historical?assetclass=etf&fromdate=2016-07-26&todate=2026-07-26&limit=5000
DIA,2018-02-05,252.22,255.02,239.06,243.27,19850580,,https://api.nasdaq.com/api/quote/DIA/historical?assetclass=etf&fromdate=2016-07-26&todate=2026-07-26&limit=5000
DIA,2018-02-06,238.32,249.33,237.54,248.96,20478420,,https://api.nasdaq.com/api/quote/DIA/historical?assetclass=etf&fromdate=2016-07-26&todate=2026-07-26&limit=5000
DIA,2018-02-07,248.24,252.79,247.57,248.76,12628500,,https://api.nasdaq.com/api/quote/DIA/historical?assetclass=etf&fromdate=2016-07-26&todate=2026-07-26&limit=5000
DIA,2018-02-08,248.96,249.08,238.5,238.67,15811420,,https://api.nasdaq.com/api/quote/DIA/historical?assetclass=etf&fromdate=2016-07-26&todate=2026-07-26&limit=5000
DIA,2018-02-09,241.41,244.03,233.76,242.03,19856590,,https://api.nasdaq.com/api/quote/DIA/historical?assetclass=etf&fromdate=2016-07-26&todate=2026-07-26&limit=5000
DIA,2018-02-12,244.03,247.85,243.0646,246.17,10453740,,https://api.nasdaq.com/api/quote/DIA/historical?assetclass=etf&fromdate=2016-07-26&todate=2026-07-26&limit=5000
DIA,2018-02-13,244.72,247.25,244.33,246.57,6229490,,https://api.nasdaq.com/api/quote/DIA/historical?assetclass=etf&fromdate=2016-07-26&todate=2026-07-26&limit=5000
DIA,2018-02-14,245.17,249.49,245.04,249.3,5759754,,https://api.nasdaq.com/api/quote/DIA/historical?assetclass=etf&fromdate=2016-07-26&todate=2026-07-26&limit=5000
DIA,2018-02-15,251.62,252.5,248.49,252.5,6086785,,https://api.nasdaq.com/api/quote/DIA/historical?assetclass=etf&fromdate=2016-07-26&todate=2026-07-26&limit=5000
DIA,2018-02-16,251.43,254.12,251.2,251.96,6398795,,https://api.nasdaq.com/api/quote/DIA/historical?assetclass=etf&fromdate=2016-07-26&todate=2026-07-26&limit=5000
DIA,2018-02-20,250.44,251.5863,248.59,249.35,8676585,,https://api.nasdaq.com/api/quote/DIA/historical?assetclass=etf&fromdate=2016-07-26&todate=2026-07-26&limit=5000
DIA,2018-02-21,249.6,252.51,247.71,247.72,5884560,,https://api.nasdaq.com/api/quote/DIA/historical?assetclass=etf&fromdate=2016-07-26&todate=2026-07-26&limit=5000
DIA,2018-02-22,248.63,251.36,248.5328,249.49,6339391,,https://api.nasdaq.com/api/quote/DIA/historical?assetclass=etf&fromdate=2016-07-26&todate=2026-07-26&limit=5000
DIA,2018-02-23,250.79,252.95,250.05,252.91,5086166,,https://api.nasdaq.com/api/quote/DIA/historical?assetclass=etf&fromdate=2016-07-26&todate=2026-07-26&limit=5000
DIA,2018-02-26,254.32,257.18,253.96,256.92,6077704,,https://api.nasdaq.com/api/quote/DIA/historical?assetclass=etf&fromdate=2016-07-26&todate=2026-07-26&limit=5000
DIA,2018-02-27,257.1,257.86,253.92,253.96,7214275,,https://api.nasdaq.com/api/quote/DIA/historical?assetclass=etf&fromdate=2016-07-26&todate=2026-07-26&limit=5000
DIA,2018-02-28,255.18,255.77,250.2,250.2,5288526,,https://api.nasdaq.com/api/quote/DIA/historical?assetclass=etf&fromdate=2016-07-26&todate=2026-07-26&limit=5000
DIA,2018-03-01,250.21,251.87,244.37,245.98,8137938,,https://api.nasdaq.com/api/quote/DIA/historical?assetclass=etf&fromdate=2016-07-26&todate=2026-07-26&limit=5000
DIA,2018-03-02,243.55,245.92,242.16,245.35,6389053,,https://api.nasdaq.com/api/quote/DIA/historical?assetclass=etf&fromdate=2016-07-26&todate=2026-07-26&limit=5000
DIA,2018-03-05,243.84,249.63,243.8,248.84,4883176,,https://api.nasdaq.com/api/quote/DIA/historical?assetclass=etf&fromdate=2016-07-26&todate=2026-07-26&limit=5000
DIA,2018-03-06,250.18,250.18,247.05,248.84,4349888,,https://api.nasdaq.com/api/quote/DIA/historical?assetclass=etf&fromdate=2016-07-26&todate=2026-07-26&limit=5000
DIA,2018-03-07,245.86,248.58,245.4,248.11,5353478,,https://api.nasdaq.com/api/quote/DIA/historical?assetclass=etf&fromdate=2016-07-26&todate=2026-07-26&limit=5000
DIA,2018-03-08,249.13,249.705,247.22,249.14,5837854,,https://api.nasdaq.com/api/quote/DIA/historical?assetclass=etf&fromdate=2016-07-26&todate=2026-07-26&limit=5000
DIA,2018-03-09,250.94,253.56,250.34,253.56,3903163,,https://api.nasdaq.com/api/quote/DIA/historical?assetclass=etf&fromdate=2016-07-26&todate=2026-07-26&limit=5000
DIA,2018-03-12,254.05,254.72,251.7002,251.96,5502374,,https://api.nasdaq.com/api/quote/DIA/historical?assetclass=etf&fromdate=2016-07-26&todate=2026-07-26&limit=5000
DIA,2018-03-13,253.1,253.97,249.65,250.22,6094418,,https://api.nasdaq.com/api/quote/DIA/historical?assetclass=etf&fromdate=2016-07-26&todate=2026-07-26&limit=5000
DIA,2018-03-14,251.41,251.62,246.92,247.88,6209556,,https://api.nasdaq.com/api/quote/DIA/historical?assetclass=etf&fromdate=2016-07-26&todate=2026-07-26&limit=5000
DIA,2018-03-15,248.84,250.8,247.8,249,5018533,,https://api.nasdaq.com/api/quote/DIA/historical?assetclass=etf&fromdate=2016-07-26&todate=2026-07-26&limit=5000
DIA,2018-03-16,248.57,250.129,248.34,249.1,3427246,,https://api.nasdaq.com/api/quote/DIA/historical?assetclass=etf&fromdate=2016-07-26&todate=2026-07-26&limit=5000
DIA,2018-03-19,248.3,248.38,244.32,245.91,5731009,,https://api.nasdaq.com/api/quote/DIA/historical?assetclass=etf&fromdate=2016-07-26&todate=2026-07-26&limit=5000
DIA,2018-03-20,246.49,247.85,246.32,247.1,3257325,,https://api.nasdaq.com/api/quote/DIA/historical?assetclass=etf&fromdate=2016-07-26&todate=2026-07-26&limit=5000
DIA,2018-03-21,247.14,249.65,246.32,246.62,4339096,,https://api.nasdaq.com/api/quote/DIA/historical?assetclass=etf&fromdate=2016-07-26&todate=2026-07-26&limit=5000
DIA,2018-03-22,244.09,245.03,239.17,239.36,7408456,,https://api.nasdaq.com/api/quote/DIA/historical?assetclass=etf&fromdate=2016-07-26&todate=2026-07-26&limit=5000
DIA,2018-03-23,239.98,240.9,234.85,235.13,7594541,,https://api.nasdaq.com/api/quote/DIA/historical?assetclass=etf&fromdate=2016-07-26&todate=2026-07-26&limit=5000
DIA,2018-03-26,239.03,242.15,237.2,241.82,6581433,,https://api.nasdaq.com/api/quote/DIA/historical?assetclass=etf&fromdate=2016-07-26&todate=2026-07-26&limit=5000
DIA,2018-03-27,243.05,244.2599,236.85,238.29,6498079,,https://api.nasdaq.com/api/quote/DIA/historical?assetclass=etf&fromdate=2016-07-26&todate=2026-07-26&limit=5000
DIA,2018-03-28,239.04,240.72,237.05,238.28,7981146,,https://api.nasdaq.com/api/quote/DIA/historical?assetclass=etf&fromdate=2016-07-26&todate=2026-07-26&limit=5000
DIA,2018-03-29,239.57,242.94,239.06,241.4,6629568,,https://api.nasdaq.com/api/quote/DIA/historical?assetclass=etf&fromdate=2016-07-26&todate=2026-07-26&limit=5000
DIA,2018-04-02,240.33,241.03,233.2,236.15,9212423,,https://api.nasdaq.com/api/quote/DIA/historical?assetclass=etf&fromdate=2016-07-26&todate=2026-07-26&limit=5000
DIA,2018-04-03,237.38,240.25,236.4,240.15,9868993,,https://api.nasdaq.com/api/quote/DIA/historical?assetclass=etf&fromdate=2016-07-26&todate=2026-07-26&limit=5000
DIA,2018-04-04,235.05,242.9,234.94,242.46,6405285,,https://api.nasdaq.com/api/quote/DIA/historical?assetclass=etf&fromdate=2016-07-26&todate=2026-07-26&limit=5000
DIA,2018-04-05,243.8,246.09,243.381,244.91,4734592,,https://api.nasdaq.com/api/quote/DIA/historical?assetclass=etf&fromdate=2016-07-26&todate=2026-07-26&limit=5000
DIA,2018-04-06,242.3,244.2525,237.24,239.13,6974329,,https://api.nasdaq.com/api/quote/DIA/historical?assetclass=etf&fromdate=2016-07-26&todate=2026-07-26&limit=5000
DIA,2018-04-09,241.16,243.64,239.43,239.73,5043110,,https://api.nasdaq.com/api/quote/DIA/historical?assetclass=etf&fromdate=2016-07-26&todate=2026-07-26&limit=5000
DIA,2018-04-10,243.35,245,242.2,244.01,5979391,,https://api.nasdaq.com/api/quote/DIA/historical?assetclass=etf&fromdate=2016-07-26&todate=2026-07-26&limit=5000
DIA,2018-04-11,242.13,243.58,241.393,241.88,4729143,,https://api.nasdaq.com/api/quote/DIA/historical?assetclass=etf&fromdate=2016-07-26&todate=2026-07-26&limit=5000
DIA,2018-04-12,243.66,245.82,243.44,244.81,4729906,,https://api.nasdaq.com/api/quote/DIA/historical?assetclass=etf&fromdate=2016-07-26&todate=2026-07-26&limit=5000
DIA,2018-04-13,246.42,246.46,242.33,243.58,5220877,,https://api.nasdaq.com/api/quote/DIA/historical?assetclass=etf&fromdate=2016-07-26&todate=2026-07-26&limit=5000
DIA,2018-04-16,245.12,246.67,244.72,245.62,4017517,,https://api.nasdaq.com/api/quote/DIA/historical?assetclass=etf&fromdate=2016-07-26&todate=2026-07-26&limit=5000
DIA,2018-04-17,248.15,248.48,247.27,247.8,3815555,,https://api.nasdaq.com/api/quote/DIA/historical?assetclass=etf&fromdate=2016-07-26&todate=2026-07-26&limit=5000
DIA,2018-04-18,247.88,248.2214,247.08,247.38,3641011,,https://api.nasdaq.com/api/quote/DIA/historical?assetclass=etf&fromdate=2016-07-26&todate=2026-07-26&limit=5000
DIA,2018-04-19,246.92,247.58,245.49,246.57,3720034,,https://api.nasdaq.com/api/quote/DIA/historical?assetclass=etf&fromdate=2016-07-26&todate=2026-07-26&limit=5000
DIA,2018-04-20,246.37,246.66,243.59,244.48,3395993,,https://api.nasdaq.com/api/quote/DIA/historical?assetclass=etf&fromdate=2016-07-26&todate=2026-07-26&limit=5000
DIA,2018-04-23,245.06,245.18,243.14,244.35,2488979,,https://api.nasdaq.com/api/quote/DIA/historical?assetclass=etf&fromdate=2016-07-26&todate=2026-07-26&limit=5000
DIA,2018-04-24,245.39,245.5613,238.12,240.09,7084376,,https://api.nasdaq.com/api/quote/DIA/historical?assetclass=etf&fromdate=2016-07-26&todate=2026-07-26&limit=5000
DIA,2018-04-25,240.29,241.33,238.09,240.7,5254988,,https://api.nasdaq.com/api/quote/DIA/historical?assetclass=etf&fromdate=2016-07-26&todate=2026-07-26&limit=5000
DIA,2018-04-26,241.43,243.88,241.12,243.12,3815077,,https://api.nasdaq.com/api/quote/DIA/historical?assetclass=etf&fromdate=2016-07-26&todate=2026-07-26&limit=5000
DIA,2018-04-27,242.97,243.44,241.77,242.95,3209681,,https://api.nasdaq.com/api/quote/DIA/historical?assetclass=etf&fromdate=2016-07-26&todate=2026-07-26&limit=5000
DIA,2018-04-30,244.1,244.84,241.51,241.54,3472604,,https://api.nasdaq.com/api/quote/DIA/historical?assetclass=etf&fromdate=2016-07-26&todate=2026-07-26&limit=5000
DIA,2018-05-01,240.69,240.89,237.91,240.76,4394079,,https://api.nasdaq.com/api/quote/DIA/historical?assetclass=etf&fromdate=2016-07-26&todate=2026-07-26&limit=5000
DIA,2018-05-02,240.61,241.7,238.72,239.11,2722308,,https://api.nasdaq.com/api/quote/DIA/historical?assetclass=etf&fromdate=2016-07-26&todate=2026-07-26&limit=5000
DIA,2018-05-03,237.92,239.83,235.12,239.1,6170367,,https://api.nasdaq.com/api/quote/DIA/historical?assetclass=etf&fromdate=2016-07-26&todate=2026-07-26&limit=5000
DIA,2018-05-04,238.11,243.22,237.68,242.52,3599162,,https://api.nasdaq.com/api/quote/DIA/historical?assetclass=etf&fromdate=2016-07-26&todate=2026-07-26&limit=5000
DIA,2018-05-07,243.5,244.67,242.49,243.42,2993929,,https://api.nasdaq.com/api/quote/DIA/historical?assetclass=etf&fromdate=2016-07-26&todate=2026-07-26&limit=5000
DIA,2018-05-08,243.17,243.98,241.84,243.42,2925585,,https://api.nasdaq.com/api/quote/DIA/historical?assetclass=etf&fromdate=2016-07-26&todate=2026-07-26&limit=5000
DIA,2018-05-09,244.23,245.85,243.21,245.4,3659998,,https://api.nasdaq.com/api/quote/DIA/historical?assetclass=etf&fromdate=2016-07-26&todate=2026-07-26&limit=5000
DIA,2018-05-10,246,248.11,245.965,247.46,3876492,,https://api.nasdaq.com/api/quote/DIA/historical?assetclass=etf&fromdate=2016-07-26&todate=2026-07-26&limit=5000
DIA,2018-05-11,247.7,248.94,247.38,248.54,3292645,,https://api.nasdaq.com/api/quote/DIA/historical?assetclass=etf&fromdate=2016-07-26&todate=2026-07-26&limit=5000
DIA,2018-05-14,249.41,250.2,248.85,249.27,4285809,,https://api.nasdaq.com/api/quote/DIA/historical?assetclass=etf&fromdate=2016-07-26&todate=2026-07-26&limit=5000
DIA,2018-05-15,248.07,248.18,246.49,247.31,4754569,,https://api.nasdaq.com/api/quote/DIA/historical?assetclass=etf&fromdate=2016-07-26&todate=2026-07-26&limit=5000
DIA,2018-05-16,247.18,248.28,246.971,247.97,2033472,,https://api.nasdaq.com/api/quote/DIA/historical?assetclass=etf&fromdate=2016-07-26&todate=2026-07-26&limit=5000
DIA,2018-05-17,247.8,248.8926,246.88,247.74,2054743,,https://api.nasdaq.com/api/quote/DIA/historical?assetclass=etf&fromdate=2016-07-26&todate=2026-07-26&limit=5000
DIA,2018-05-18,246.97,247.53,246.42,247,2408044,,https://api.nasdaq.com/api/quote/DIA/historical?assetclass=etf&fromdate=2016-07-26&todate=2026-07-26&limit=5000
DIA,2018-05-21,249.22,250.67,249.21,249.94,4057058,,https://api.nasdaq.com/api/quote/DIA/historical?assetclass=etf&fromdate=2016-07-26&todate=2026-07-26&limit=5000
DIA,2018-05-22,250.37,250.43,247.92,248.18,2326304,,https://api.nasdaq.com/api/quote/DIA/historical?assetclass=etf&fromdate=2016-07-26&todate=2026-07-26&limit=5000
DIA,2018-05-23,246.83,248.7,246.4675,248.63,3482954,,https://api.nasdaq.com/api/quote/DIA/historical?assetclass=etf&fromdate=2016-07-26&todate=2026-07-26&limit=5000
DIA,2018-05-24,248.13,248.43,245.85,247.91,3447395,,https://api.nasdaq.com/api/quote/DIA/historical?assetclass=etf&fromdate=2016-07-26&todate=2026-07-26&limit=5000
DIA,2018-05-25,247.41,248.1,246.71,247.37,4204595,,https://api.nasdaq.com/api/quote/DIA/historical?assetclass=etf&fromdate=2016-07-26&todate=2026-07-26&limit=5000
DIA,2018-05-29,245.38,246.21,242.31,243.45,6428602,,https://api.nasdaq.com/api/quote/DIA/historical?assetclass=etf&fromdate=2016-07-26&todate=2026-07-26&limit=5000
DIA,2018-05-30,245.17,247.16,244.58,246.7,4164226,,https://api.nasdaq.com/api/quote/DIA/historical?assetclass=etf&fromdate=2016-07-26&todate=2026-07-26&limit=5000
DIA,2018-05-31,246,246.02,243.51,244.18,5346116,,https://api.nasdaq.com/api/quote/DIA/historical?assetclass=etf&fromdate=2016-07-26&todate=2026-07-26&limit=5000
DIA,2018-06-01,246.14,246.83,245.65,246.36,3564871,,https://api.nasdaq.com/api/quote/DIA/historical?assetclass=etf&fromdate=2016-07-26&todate=2026-07-26&limit=5000
DIA,2018-06-04,247.72,248.67,247.54,248.2,3041181,,https://api.nasdaq.com/api/quote/DIA/historical?assetclass=etf&fromdate=2016-07-26&todate=2026-07-26&limit=5000
DIA,2018-06-05,248.16,248.4765,247.16,248.15,2815256,,https://api.nasdaq.com/api/quote/DIA/historical?assetclass=etf&fromdate=2016-07-26&todate=2026-07-26&limit=5000
DIA,2018-06-06,249.24,251.53,248.55,251.52,4098167,,https://api.nasdaq.com/api/quote/DIA/historical?assetclass=etf&fromdate=2016-07-26&todate=2026-07-26&limit=5000
DIA,2018-06-07,252.22,253.37,251.74,252.53,4284315,,https://api.nasdaq.com/api/quote/DIA/historical?assetclass=etf&fromdate=2016-07-26&todate=2026-07-26&limit=5000
DIA,2018-06-08,251.96,253.41,251.767,253.27,4450600,,https://api.nasdaq.com/api/quote/DIA/historical?assetclass=etf&fromdate=2016-07-26&todate=2026-07-26&limit=5000
DIA,2018-06-11,253.62,254.159,253.02,253.39,4198772,,https://api.nasdaq.com/api/quote/DIA/historical?assetclass=etf&fromdate=2016-07-26&todate=2026-07-26&limit=5000
DIA,2018-06-12,253.74,253.77,252.56,253.3,6524371,,https://api.nasdaq.com/api/quote/DIA/historical?assetclass=etf&fromdate=2016-07-26&todate=2026-07-26&limit=5000
DIA,2018-06-13,253.42,253.7516,252.03,252.18,3806114,,https://api.nasdaq.com/api/quote/DIA/historical?assetclass=etf&fromdate=2016-07-26&todate=2026-07-26&limit=5000
DIA,2018-06-14,253.16,253.515,251.54,251.99,4990635,,https://api.nasdaq.com/api/quote/DIA/historical?assetclass=etf&fromdate=2016-07-26&todate=2026-07-26&limit=5000
DIA,2018-06-15,250.27,251.195,248.77,250.74,6340427,,https://api.nasdaq.com/api/quote/DIA/historical?assetclass=etf&fromdate=2016-07-26&todate=2026-07-26&limit=5000
DIA,2018-06-18,248.8,249.9,248.14,249.73,4072622,,https://api.nasdaq.com/api/quote/DIA/historical?assetclass=etf&fromdate=2016-07-26&todate=2026-07-26&limit=5000
DIA,2018-06-19,246.6,247.23,245.53,246.88,5506678,,https://api.nasdaq.com/api/quote/DIA/historical?assetclass=etf&fromdate=2016-07-26&todate=2026-07-26&limit=5000
DIA,2018-06-20,247.96,247.98,246.12,246.46,4696699,,https://api.nasdaq.com/api/quote/DIA/historical?assetclass=etf&fromdate=2016-07-26&todate=2026-07-26&limit=5000
DIA,2018-06-21,245.83,245.94,243.93,244.5,4670237,,https://api.nasdaq.com/api/quote/DIA/historical?assetclass=etf&fromdate=2016-07-26&todate=2026-07-26&limit=5000
DIA,2018-06-22,245.92,246.51,245.44,245.69,3646348,,https://api.nasdaq.com/api/quote/DIA/historical?assetclass=etf&fromdate=2016-07-26&todate=2026-07-26&limit=5000
DIA,2018-06-25,244.18,244.4,240.7,242.31,9532205,,https://api.nasdaq.com/api/quote/DIA/historical?assetclass=etf&fromdate=2016-07-26&todate=2026-07-26&limit=5000
DIA,2018-06-26,242.92,243.69,242.272,242.67,3831651,,https://api.nasdaq.com/api/quote/DIA/historical?assetclass=etf&fromdate=2016-07-26&todate=2026-07-26&limit=5000
DIA,2018-06-27,243.27,245.58,241.01,241.12,6142697,,https://api.nasdaq.com/api/quote/DIA/historical?assetclass=etf&fromdate=2016-07-26&todate=2026-07-26&limit=5000
DIA,2018-06-28,240.47,242.96,239.83,242.08,5518647,,https://api.nasdaq.com/api/quote/DIA/historical?assetclass=etf&fromdate=2016-07-26&todate=2026-07-26&limit=5000
DIA,2018-06-29,243.48,244.96,242.59,242.73,3954285,,https://api.nasdaq.com/api/quote/DIA/historical?assetclass=etf&fromdate=2016-07-26&todate=2026-07-26&limit=5000
DIA,2018-07-02,240.92,243.04,240.62,242.73,5699187,,https://api.nasdaq.com/api/quote/DIA/historical?assetclass=etf&fromdate=2016-07-26&todate=2026-07-26&limit=5000
DIA,2018-07-03,244.06,244.3,241.35,241.66,3143826,,https://api.nasdaq.com/api/quote/DIA/historical?assetclass=etf&fromdate=2016-07-26&todate=2026-07-26&limit=5000
DIA,2018-07-05,243.13,243.67,241.69,243.55,3289777,,https://api.nasdaq.com/api/quote/DIA/historical?assetclass=etf&fromdate=2016-07-26&todate=2026-07-26&limit=5000
DIA,2018-07-06,243.31,245.2,242.81,244.6,3546010,,https://api.nasdaq.com/api/quote/DIA/historical?assetclass=etf&fromdate=2016-07-26&todate=2026-07-26&limit=5000
DIA,2018-07-09,245.78,248,245.76,247.84,3667644,,https://api.nasdaq.com/api/quote/DIA/historical?assetclass=etf&fromdate=2016-07-26&todate=2026-07-26&limit=5000
DIA,2018-07-10,248.52,249.48,248.4483,249.23,3454227,,https://api.nasdaq.com/api/quote/DIA/historical?assetclass=etf&fromdate=2016-07-26&todate=2026-07-26&limit=5000
DIA,2018-07-11,247.34,248.16,246.64,247.08,4407260,,https://api.nasdaq.com/api/quote/DIA/historical?assetclass=etf&fromdate=2016-07-26&todate=2026-07-26&limit=5000
DIA,2018-07-12,249.07,249.44,248.17,249.3,3165529,,https://api.nasdaq.com/api/quote/DIA/historical?assetclass=etf&fromdate=2016-07-26&todate=2026-07-26&limit=5000
DIA,2018-07-13,249.24,250.46,248.93,250.2,3018141,,https://api.nasdaq.com/api/quote/DIA/historical?assetclass=etf&fromdate=2016-07-26&todate=2026-07-26&limit=5000
DIA,2018-07-16,250.39,250.75,249.83,250.67,1867543,,https://api.nasdaq.com/api/quote/DIA/historical?assetclass=etf&fromdate=2016-07-26&todate=2026-07-26&limit=5000
DIA,2018-07-17,250.55,251.57,249.9,251.28,2956276,,https://api.nasdaq.com/api/quote/DIA/historical?assetclass=etf&fromdate=2016-07-26&todate=2026-07-26&limit=5000
DIA,2018-07-18,251.39,252.165,251.02,252.03,2112059,,https://api.nasdaq.com/api/quote/DIA/historical?assetclass=etf&fromdate=2016-07-26&todate=2026-07-26&limit=5000
DIA,2018-07-19,251.22,251.62,250.61,250.79,2536393,,https://api.nasdaq.com/api/quote/DIA/historical?assetclass=etf&fromdate=2016-07-26&todate=2026-07-26&limit=5000
DIA,2018-07-20,249.82,251.04,249.68,250.44,2679839,,https://api.nasdaq.com/api/quote/DIA/historical?assetclass=etf&fromdate=2016-07-26&todate=2026-07-26&limit=5000
DIA,2018-07-23,250.21,250.6,249.62,250.26,1786882,,https://api.nasdaq.com/api/quote/DIA/historical?assetclass=etf&fromdate=2016-07-26&todate=2026-07-26&limit=5000
DIA,2018-07-24,251.26,252.66,251.06,252.21,5484458,,https://api.nasdaq.com/api/quote/DIA/historical?assetclass=etf&fromdate=2016-07-26&todate=2026-07-26&limit=5000
DIA,2018-07-25,251.57,254.16,250.93,254.02,4678975,,https://api.nasdaq.com/api/quote/DIA/historical?assetclass=etf&fromdate=2016-07-26&todate=2026-07-26&limit=5000
DIA,2018-07-26,254.52,255.68,254.45,255.12,4149896,,https://api.nasdaq.com/api/quote/DIA/historical?assetclass=etf&fromdate=2016-07-26&todate=2026-07-26&limit=5000
DIA,2018-07-27,255.11,255.6,253.48,254.26,5852912,,https://api.nasdaq.com/api/quote/DIA/historical?assetclass=etf&fromdate=2016-07-26&todate=2026-07-26&limit=5000
DIA,2018-07-30,254.53,254.79,252.67,252.87,4484110,,https://api.nasdaq.com/api/quote/DIA/historical?assetclass=etf&fromdate=2016-07-26&todate=2026-07-26&limit=5000
DIA,2018-07-31,253.69,254.68,253.6,254.17,3727777,,https://api.nasdaq.com/api/quote/DIA/historical?assetclass=etf&fromdate=2016-07-26&todate=2026-07-26&limit=5000
DIA,2018-08-01,253.9,254.64,252.561,253.11,3157858,,https://api.nasdaq.com/api/quote/DIA/historical?assetclass=etf&fromdate=2016-07-26&todate=2026-07-26&limit=5000
DIA,2018-08-02,251.45,253.41,251.03,253.1,4130049,,https://api.nasdaq.com/api/quote/DIA/historical?assetclass=etf&fromdate=2016-07-26&todate=2026-07-26&limit=5000
DIA,2018-08-03,253.04,254.5,253.04,254.39,2469137,,https://api.nasdaq.com/api/quote/DIA/historical?assetclass=etf&fromdate=2016-07-26&todate=2026-07-26&limit=5000
DIA,2018-08-06,254.22,255.24,253.63,254.85,2303672,,https://api.nasdaq.com/api/quote/DIA/historical?assetclass=etf&fromdate=2016-07-26&todate=2026-07-26&limit=5000
DIA,2018-08-07,255.98,256.76,255.65,256.12,2392545,,https://api.nasdaq.com/api/quote/DIA/historical?assetclass=etf&fromdate=2016-07-26&todate=2026-07-26&limit=5000
DIA,2018-08-08,255.97,256.121,255.38,255.62,1876774,,https://api.nasdaq.com/api/quote/DIA/historical?assetclass=etf&fromdate=2016-07-26&todate=2026-07-26&limit=5000
DIA,2018-08-09,255.76,256.23,255,255.16,1676004,,https://api.nasdaq.com/api/quote/DIA/historical?assetclass=etf&fromdate=2016-07-26&todate=2026-07-26&limit=5000
DIA,2018-08-10,253.68,253.9,252.4,253.3,4796840,,https://api.nasdaq.com/api/quote/DIA/historical?assetclass=etf&fromdate=2016-07-26&todate=2026-07-26&limit=5000
DIA,2018-08-13,253.57,253.96,251.7,252.04,3686243,,https://api.nasdaq.com/api/quote/DIA/historical?assetclass=etf&fromdate=2016-07-26&todate=2026-07-26&limit=5000
DIA,2018-08-14,252.76,253.5532,252.2292,253.21,2815824,,https://api.nasdaq.com/api/quote/DIA/historical?assetclass=etf&fromdate=2016-07-26&todate=2026-07-26&limit=5000
DIA,2018-08-15,251.84,252.2,249.86,251.76,5803391,,https://api.nasdaq.com/api/quote/DIA/historical?assetclass=etf&fromdate=2016-07-26&todate=2026-07-26&limit=5000
DIA,2018-08-16,254.37,256.41,254.28,255.94,7912686,,https://api.nasdaq.com/api/quote/DIA/historical?assetclass=etf&fromdate=2016-07-26&todate=2026-07-26&limit=5000
DIA,2018-08-17,255.23,257.12,255.03,256.51,3901542,,https://api.nasdaq.com/api/quote/DIA/historical?assetclass=etf&fromdate=2016-07-26&todate=2026-07-26&limit=5000
DIA,2018-08-20,257.11,257.72,256.97,257.43,2929193,,https://api.nasdaq.com/api/quote/DIA/historical?assetclass=etf&fromdate=2016-07-26&todate=2026-07-26&limit=5000
DIA,2018-08-21,257.93,258.7,257.76,258.07,3275937,,https://api.nasdaq.com/api/quote/DIA/historical?assetclass=etf&fromdate=2016-07-26&todate=2026-07-26&limit=5000
DIA,2018-08-22,258,258.2,257.05,257.18,3847599,,https://api.nasdaq.com/api/quote/DIA/historical?assetclass=etf&fromdate=2016-07-26&todate=2026-07-26&limit=5000
DIA,2018-08-23,256.8,257.56,255.98,256.49,2811921,,https://api.nasdaq.com/api/quote/DIA/historical?assetclass=etf&fromdate=2016-07-26&todate=2026-07-26&limit=5000
DIA,2018-08-24,257.24,258.18,256.99,257.85,3631468,,https://api.nasdaq.com/api/quote/DIA/historical?assetclass=etf&fromdate=2016-07-26&todate=2026-07-26&limit=5000
DIA,2018-08-27,259.25,260.645,259.25,260.58,4109114,,https://api.nasdaq.com/api/quote/DIA/historical?assetclass=etf&fromdate=2016-07-26&todate=2026-07-26&limit=5000
DIA,2018-08-28,261.3,261.32,260.35,260.64,2712766,,https://api.nasdaq.com/api/quote/DIA/historical?assetclass=etf&fromdate=2016-07-26&todate=2026-07-26&limit=5000
DIA,2018-08-29,260.8,261.767,260.44,261.33,2427293,,https://api.nasdaq.com/api/quote/DIA/historical?assetclass=etf&fromdate=2016-07-26&todate=2026-07-26&limit=5000
DIA,2018-08-30,260.74,261.15,259.45,260.01,3859276,,https://api.nasdaq.com/api/quote/DIA/historical?assetclass=etf&fromdate=2016-07-26&todate=2026-07-26&limit=5000
DIA,2018-08-31,259.59,260.49,258.98,259.85,3050740,,https://api.nasdaq.com/api/quote/DIA/historical?assetclass=etf&fromdate=2016-07-26&todate=2026-07-26&limit=5000
DIA,2018-09-04,259.22,259.92,258.21,259.73,2940772,,https://api.nasdaq.com/api/quote/DIA/historical?assetclass=etf&fromdate=2016-07-26&todate=2026-07-26&limit=5000
DIA,2018-09-05,259.22,260.31,258.92,259.92,3281854,,https://api.nasdaq.com/api/quote/DIA/historical?assetclass=etf&fromdate=2016-07-26&todate=2026-07-26&limit=5000
DIA,2018-09-06,260.14,261.05,259.04,260.29,3877237,,https://api.nasdaq.com/api/quote/DIA/historical?assetclass=etf&fromdate=2016-07-26&todate=2026-07-26&limit=5000
DIA,2018-09-07,259.33,260.34,258.46,259.54,3795096,,https://api.nasdaq.com/api/quote/DIA/historical?assetclass=etf&fromdate=2016-07-26&todate=2026-07-26&limit=5000
DIA,2018-09-10,260.52,260.65,258.86,258.94,2246079,,https://api.nasdaq.com/api/quote/DIA/historical?assetclass=etf&fromdate=2016-07-26&todate=2026-07-26&limit=5000
DIA,2018-09-11,258.1,260.51,257.82,260.03,3071921,,https://api.nasdaq.com/api/quote/DIA/historical?assetclass=etf&fromdate=2016-07-26&todate=2026-07-26&limit=5000
DIA,2018-09-12,260.15,261.77,259.58,260.25,4970107,,https://api.nasdaq.com/api/quote/DIA/historical?assetclass=etf&fromdate=2016-07-26&todate=2026-07-26&limit=5000
DIA,2018-09-13,261.42,262.2236,260.99,261.78,2468434,,https://api.nasdaq.com/api/quote/DIA/historical?assetclass=etf&fromdate=2016-07-26&todate=2026-07-26&limit=5000
DIA,2018-09-14,262.01,262.47,261.02,261.89,3077743,,https://api.nasdaq.com/api/quote/DIA/historical?assetclass=etf&fromdate=2016-07-26&todate=2026-07-26&limit=5000
DIA,2018-09-17,261.72,262.1899,260.64,260.98,2471757,,https://api.nasdaq.com/api/quote/DIA/historical?assetclass=etf&fromdate=2016-07-26&todate=2026-07-26&limit=5000
DIA,2018-09-18,261.25,263.53,261.18,262.91,2994665,,https://api.nasdaq.com/api/quote/DIA/historical?assetclass=etf&fromdate=2016-07-26&todate=2026-07-26&limit=5000
DIA,2018-09-19,263.1,264.99,263.1,264.42,3999772,,https://api.nasdaq.com/api/quote/DIA/historical?assetclass=etf&fromdate=2016-07-26&todate=2026-07-26&limit=5000
DIA,2018-09-20,266,267.31,265.99,267.04,5244622,,https://api.nasdaq.com/api/quote/DIA/historical?assetclass=etf&fromdate=2016-07-26&todate=2026-07-26&limit=5000
DIA,2018-09-21,267.55,267.61,266.59,267.12,3932644,,https://api.nasdaq.com/api/quote/DIA/historical?assetclass=etf&fromdate=2016-07-26&todate=2026-07-26&limit=5000
DIA,2018-09-24,266.68,266.7,265.25,265.42,3773661,,https://api.nasdaq.com/api/quote/DIA/historical?assetclass=etf&fromdate=2016-07-26&todate=2026-07-26&limit=5000
DIA,2018-09-25,266.03,266.12,264.53,264.73,1819843,,https://api.nasdaq.com/api/quote/DIA/historical?assetclass=etf&fromdate=2016-07-26&todate=2026-07-26&limit=5000
DIA,2018-09-26,264.81,265.84,263.27,263.78,3364666,,https://api.nasdaq.com/api/quote/DIA/historical?assetclass=etf&fromdate=2016-07-26&todate=2026-07-26&limit=5000
DIA,2018-09-27,264.25,265.37,263.59,264.25,2438142,,https://api.nasdaq.com/api/quote/DIA/historical?assetclass=etf&fromdate=2016-07-26&todate=2026-07-26&limit=5000
DIA,2018-09-28,263.56,264.94,263.5,264.4,3276830,,https://api.nasdaq.com/api/quote/DIA/historical?assetclass=etf&fromdate=2016-07-26&todate=2026-07-26&limit=5000
DIA,2018-10-01,266.1,267.15,265.74,266.73,5823381,,https://api.nasdaq.com/api/quote/DIA/historical?assetclass=etf&fromdate=2016-07-26&todate=2026-07-26&limit=5000
DIA,2018-10-02,266.11,268.02,266.05,267.57,4552453,,https://api.nasdaq.com/api/quote/DIA/historical?assetclass=etf&fromdate=2016-07-26&todate=2026-07-26&limit=5000
DIA,2018-10-03,268.77,269.28,267.67,267.95,5825050,,https://api.nasdaq.com/api/quote/DIA/historical?assetclass=etf&fromdate=2016-07-26&todate=2026-07-26&limit=5000
DIA,2018-10-04,267.69,267.71,264.58,266.25,8713034,,https://api.nasdaq.com/api/quote/DIA/historical?assetclass=etf&fromdate=2016-07-26&todate=2026-07-26&limit=5000
DIA,2018-10-05,266.34,266.62,262.9,264.32,7477039,,https://api.nasdaq.com/api/quote/DIA/historical?assetclass=etf&fromdate=2016-07-26&todate=2026-07-26&limit=5000
DIA,2018-10-08,263.25,265.21,262.085,264.83,6229246,,https://api.nasdaq.com/api/quote/DIA/historical?assetclass=etf&fromdate=2016-07-26&todate=2026-07-26&limit=5000
DIA,2018-10-09,264.38,265.32,263.14,264.23,4555959,,https://api.nasdaq.com/api/quote/DIA/historical?assetclass=etf&fromdate=2016-07-26&todate=2026-07-26&limit=5000
DIA,2018-10-10,264.04,264.12,255.8,256.06,12268290,,https://api.nasdaq.com/api/quote/DIA/historical?assetclass=etf&fromdate=2016-07-26&todate=2026-07-26&limit=5000
DIA,2018-10-11,254.73,256.73,248.86,250.27,15256060,,https://api.nasdaq.com/api/quote/DIA/historical?assetclass=etf&fromdate=2016-07-26&todate=2026-07-26&limit=5000
DIA,2018-10-12,254.355,254.609,249.93,253.3,8631547,,https://api.nasdaq.com/api/quote/DIA/historical?assetclass=etf&fromdate=2016-07-26&todate=2026-07-26&limit=5000
DIA,2018-10-15,252.87,254.74,252.34,252.34,5495228,,https://api.nasdaq.com/api/quote/DIA/historical?assetclass=etf&fromdate=2016-07-26&todate=2026-07-26&limit=5000
DIA,2018-10-16,254.62,258.11,253.98,257.92,7096212,,https://api.nasdaq.com/api/quote/DIA/historical?assetclass=etf&fromdate=2016-07-26&todate=2026-07-26&limit=5000
DIA,2018-10-17,256.92,258.02,254.67,256.97,6820595,,https://api.nasdaq.com/api/quote/DIA/historical?assetclass=etf&fromdate=2016-07-26&todate=2026-07-26&limit=5000
DIA,2018-10-18,256.11,256.86,252.32,253.68,8692160,,https://api.nasdaq.com/api/quote/DIA/historical?assetclass=etf&fromdate=2016-07-26&todate=2026-07-26&limit=5000
DIA,2018-10-19,254.23,255.98,253.34,254.32,6615645,,https://api.nasdaq.com/api/quote/DIA/historical?assetclass=etf&fromdate=2016-07-26&todate=2026-07-26&limit=5000
DIA,2018-10-22,255.07,255.44,252.2,253.04,4659259,,https://api.nasdaq.com/api/quote/DIA/historical?assetclass=etf&fromdate=2016-07-26&todate=2026-07-26&limit=5000
DIA,2018-10-23,249.04,252.93,247.52,251.67,7354224,,https://api.nasdaq.com/api/quote/DIA/historical?assetclass=etf&fromdate=2016-07-26&todate=2026-07-26&limit=5000
DIA,2018-10-24,252.4,252.89,245.18,245.64,7609685,,https://api.nasdaq.com/api/quote/DIA/historical?assetclass=etf&fromdate=2016-07-26&todate=2026-07-26&limit=5000
DIA,2018-10-25,247.33,250.93,246.25,249.77,5907879,,https://api.nasdaq.com/api/quote/DIA/historical?assetclass=etf&fromdate=2016-07-26&todate=2026-07-26&limit=5000
DIA,2018-10-26,247.38,249.04,244.31,246.53,5882702,,https://api.nasdaq.com/api/quote/DIA/historical?assetclass=etf&fromdate=2016-07-26&todate=2026-07-26&limit=5000
DIA,2018-10-29,248.72,250.24,241.05,244.47,6829235,,https://api.nasdaq.com/api/quote/DIA/historical?assetclass=etf&fromdate=2016-07-26&todate=2026-07-26&limit=5000
DIA,2018-10-30,244.44,248.94,244.0882,248.7,6134938,,https://api.nasdaq.com/api/quote/DIA/historical?assetclass=etf&fromdate=2016-07-26&todate=2026-07-26&limit=5000
DIA,2018-10-31,250.94,253.2198,250.39,251.19,5304079,,https://api.nasdaq.com/api/quote/DIA/historical?assetclass=etf&fromdate=2016-07-26&todate=2026-07-26&limit=5000
DIA,2018-11-01,252.15,253.83,250.91,253.73,3243778,,https://api.nasdaq.com/api/quote/DIA/historical?assetclass=etf&fromdate=2016-07-26&todate=2026-07-26&limit=5000
DIA,2018-11-02,255.38,255.6,250.58,252.46,6411159,,https://api.nasdaq.com/api/quote/DIA/historical?assetclass=etf&fromdate=2016-07-26&todate=2026-07-26&limit=5000
DIA,2018-11-05,252.84,254.93,252.5,254.48,2832419,,https://api.nasdaq.com/api/quote/DIA/historical?assetclass=etf&fromdate=2016-07-26&todate=2026-07-26&limit=5000
DIA,2018-11-06,254.53,256.38,254.33,256.23,2182507,,https://api.nasdaq.com/api/quote/DIA/historical?assetclass=etf&fromdate=2016-07-26&todate=2026-07-26&limit=5000
DIA,2018-11-07,258.46,261.86,257.5,261.78,4458346,,https://api.nasdaq.com/api/quote/DIA/historical?assetclass=etf&fromdate=2016-07-26&todate=2026-07-26&limit=5000
DIA,2018-11-08,261.526,262.97,260.971,262.1,4016659,,https://api.nasdaq.com/api/quote/DIA/historical?assetclass=etf&fromdate=2016-07-26&todate=2026-07-26&limit=5000
DIA,2018-11-09,261.16,261.45,259.04,260.09,4385768,,https://api.nasdaq.com/api/quote/DIA/historical?assetclass=etf&fromdate=2016-07-26&todate=2026-07-26&limit=5000
DIA,2018-11-12,259.7,259.92,253.68,254.22,10122750,,https://api.nasdaq.com/api/quote/DIA/historical?assetclass=etf&fromdate=2016-07-26&todate=2026-07-26&limit=5000
DIA,2018-11-13,253.83,255.37,252.23,253.06,3925797,,https://api.nasdaq.com/api/quote/DIA/historical?assetclass=etf&fromdate=2016-07-26&todate=2026-07-26&limit=5000
DIA,2018-11-14,255.02,255.2901,249.67,250.91,5604221,,https://api.nasdaq.com/api/quote/DIA/historical?assetclass=etf&fromdate=2016-07-26&todate=2026-07-26&limit=5000
DIA,2018-11-15,250.2,254,248.3507,253.22,5645246,,https://api.nasdaq.com/api/quote/DIA/historical?assetclass=etf&fromdate=2016-07-26&todate=2026-07-26&limit=5000
DIA,2018-11-16,251.79,254.96,251.34,254.05,4526325,,https://api.nasdaq.com/api/quote/DIA/historical?assetclass=etf&fromdate=2016-07-26&todate=2026-07-26&limit=5000
DIA,2018-11-19,253.61,253.78,248.841,249.86,4240888,,https://api.nasdaq.com/api/quote/DIA/historical?assetclass=etf&fromdate=2016-07-26&todate=2026-07-26&limit=5000
DIA,2018-11-20,246.36,246.9312,243.53,244.5,7337525,,https://api.nasdaq.com/api/quote/DIA/historical?assetclass=etf&fromdate=2016-07-26&todate=2026-07-26&limit=5000
DIA,2018-11-21,245.84,246.6255,244.58,244.65,4248163,,https://api.nasdaq.com/api/quote/DIA/historical?assetclass=etf&fromdate=2016-07-26&todate=2026-07-26&limit=5000
DIA,2018-11-23,243.25,244.03,242.71,242.81,1928034,,https://api.nasdaq.com/api/quote/DIA/historical?assetclass=etf&fromdate=2016-07-26&todate=2026-07-26&limit=5000
DIA,2018-11-26,244.87,246.73,244.68,246.39,3434109,,https://api.nasdaq.com/api/quote/DIA/historical?assetclass=etf&fromdate=2016-07-26&todate=2026-07-26&limit=5000
DIA,2018-11-27,245.18,247.53,244.14,247.5,2928712,,https://api.nasdaq.com/api/quote/DIA/historical?assetclass=etf&fromdate=2016-07-26&todate=2026-07-26&limit=5000
DIA,2018-11-28,249.12,253.84,248.586,253.84,5127887,,https://api.nasdaq.com/api/quote/DIA/historical?assetclass=etf&fromdate=2016-07-26&todate=2026-07-26&limit=5000
DIA,2018-11-29,253.6,254.9732,252.22,253.59,3470051,,https://api.nasdaq.com/api/quote/DIA/historical?assetclass=etf&fromdate=2016-07-26&todate=2026-07-26&limit=5000
DIA,2018-11-30,253.1,255.84,252.83,255.51,2986844,,https://api.nasdaq.com/api/quote/DIA/historical?assetclass=etf&fromdate=2016-07-26&todate=2026-07-26&limit=5000
DIA,2018-12-03,260.17,260.3,257.02,258.73,9539531,,https://api.nasdaq.com/api/quote/DIA/historical?assetclass=etf&fromdate=2016-07-26&todate=2026-07-26&limit=5000
DIA,2018-12-04,257.64,258.04,250.38,250.73,5368737,,https://api.nasdaq.com/api/quote/DIA/historical?assetclass=etf&fromdate=2016-07-26&todate=2026-07-26&limit=5000
DIA,2018-12-06,246.36,249.87,242.82,249.72,8225858,,https://api.nasdaq.com/api/quote/DIA/historical?assetclass=etf&fromdate=2016-07-26&todate=2026-07-26&limit=5000
DIA,2018-12-07,249.66,251.4081,243.29,244.31,5962265,,https://api.nasdaq.com/api/quote/DIA/historical?assetclass=etf&fromdate=2016-07-26&todate=2026-07-26&limit=5000
DIA,2018-12-10,243.94,245.49,239.25,244.71,6018057,,https://api.nasdaq.com/api/quote/DIA/historical?assetclass=etf&fromdate=2016-07-26&todate=2026-07-26&limit=5000
DIA,2018-12-11,248.444,248.5,242.66,244.23,5637956,,https://api.nasdaq.com/api/quote/DIA/historical?assetclass=etf&fromdate=2016-07-26&todate=2026-07-26&limit=5000
DIA,2018-12-12,247.39,248.76,245.65,245.88,3640844,,https://api.nasdaq.com/api/quote/DIA/historical?assetclass=etf&fromdate=2016-07-26&todate=2026-07-26&limit=5000
DIA,2018-12-13,246.42,247.86,245.17,246.27,4444333,,https://api.nasdaq.com/api/quote/DIA/historical?assetclass=etf&fromdate=2016-07-26&todate=2026-07-26&limit=5000
DIA,2018-12-14,244.06,244.83,240.82,241.42,6588446,,https://api.nasdaq.com/api/quote/DIA/historical?assetclass=etf&fromdate=2016-07-26&todate=2026-07-26&limit=5000
DIA,2018-12-17,240.04,241.4,235.05,236.43,7022937,,https://api.nasdaq.com/api/quote/DIA/historical?assetclass=etf&fromdate=2016-07-26&todate=2026-07-26&limit=5000
DIA,2018-12-18,238.44,239.81,235.67,237.36,5222515,,https://api.nasdaq.com/api/quote/DIA/historical?assetclass=etf&fromdate=2016-07-26&todate=2026-07-26&limit=5000
DIA,2018-12-19,237.55,241.2,232.07,233.42,9528113,,https://api.nasdaq.com/api/quote/DIA/historical?assetclass=etf&fromdate=2016-07-26&todate=2026-07-26&limit=5000
DIA,2018-12-20,232.59,233.37,226.95,228.89,11894900,,https://api.nasdaq.com/api/quote/DIA/historical?assetclass=etf&fromdate=2016-07-26&todate=2026-07-26&limit=5000
DIA,2018-12-21,229.01,232.47,223.85,224.09,10162320,,https://api.nasdaq.com/api/quote/DIA/historical?assetclass=etf&fromdate=2016-07-26&todate=2026-07-26&limit=5000
DIA,2018-12-24,222.5,223.31,217.88,218.1,7023992,,https://api.nasdaq.com/api/quote/DIA/historical?assetclass=etf&fromdate=2016-07-26&todate=2026-07-26&limit=5000
DIA,2018-12-26,219.19,228.74,216.97,228.71,9742944,,https://api.nasdaq.com/api/quote/DIA/historical?assetclass=etf&fromdate=2016-07-26&todate=2026-07-26&limit=5000
DIA,2018-12-27,225.54,231.37,222.5304,231.26,7941576,,https://api.nasdaq.com/api/quote/DIA/historical?assetclass=etf&fromdate=2016-07-26&todate=2026-07-26&limit=5000
DIA,2018-12-28,232.71,233.81,229.67,230.48,7265774,,https://api.nasdaq.com/api/quote/DIA/historical?assetclass=etf&fromdate=2016-07-26&todate=2026-07-26&limit=5000
DIA,2018-12-31,232.33,233.26,231.05,233.2,5070219,,https://api.nasdaq.com/api/quote/DIA/historical?assetclass=etf&fromdate=2016-07-26&todate=2026-07-26&limit=5000
DIA,2019-01-02,229.27,234,229.14,233.36,5280855,,https://api.nasdaq.com/api/quote/DIA/historical?assetclass=etf&fromdate=2016-07-26&todate=2026-07-26&limit=5000
DIA,2019-01-03,231.25,231.42,226.3604,226.72,7327143,,https://api.nasdaq.com/api/quote/DIA/historical?assetclass=etf&fromdate=2016-07-26&todate=2026-07-26&limit=5000
DIA,2019-01-04,230,235.18,229.73,234.28,7339819,,https://api.nasdaq.com/api/quote/DIA/historical?assetclass=etf&fromdate=2016-07-26&todate=2026-07-26&limit=5000
DIA,2019-01-07,234.84,236.88,232.951,235.36,5095186,,https://api.nasdaq.com/api/quote/DIA/historical?assetclass=etf&fromdate=2016-07-26&todate=2026-07-26&limit=5000
DIA,2019-01-08,237.94,238.66,235.79,237.92,4826360,,https://api.nasdaq.com/api/quote/DIA/historical?assetclass=etf&fromdate=2016-07-26&todate=2026-07-26&limit=5000
DIA,2019-01-09,238.9319,239.8762,237.78,238.92,4869090,,https://api.nasdaq.com/api/quote/DIA/historical?assetclass=etf&fromdate=2016-07-26&todate=2026-07-26&limit=5000
DIA,2019-01-10,237.64,240.16,237.04,240,3042279,,https://api.nasdaq.com/api/quote/DIA/historical?assetclass=etf&fromdate=2016-07-26&todate=2026-07-26&limit=5000
DIA,2019-01-11,238.87,239.94,237.96,239.88,2045312,,https://api.nasdaq.com/api/quote/DIA/historical?assetclass=etf&fromdate=2016-07-26&todate=2026-07-26&limit=5000
DIA,2019-01-14,237.93,239.65,237.64,238.94,2327876,,https://api.nasdaq.com/api/quote/DIA/historical?assetclass=etf&fromdate=2016-07-26&todate=2026-07-26&limit=5000
DIA,2019-01-15,238.94,241.03,238.89,240.64,3934122,,https://api.nasdaq.com/api/quote/DIA/historical?assetclass=etf&fromdate=2016-07-26&todate=2026-07-26&limit=5000
DIA,2019-01-16,241.355,242.9,241.14,241.86,3714052,,https://api.nasdaq.com/api/quote/DIA/historical?assetclass=etf&fromdate=2016-07-26&todate=2026-07-26&limit=5000
DIA,2019-01-17,241.23,244.81,241.04,243.8,4095019,,https://api.nasdaq.com/api/quote/DIA/historical?assetclass=etf&fromdate=2016-07-26&todate=2026-07-26&limit=5000
DIA,2019-01-18,245.65,247.4,244.51,247.05,5391274,,https://api.nasdaq.com/api/quote/DIA/historical?assetclass=etf&fromdate=2016-07-26&todate=2026-07-26&limit=5000
DIA,2019-01-22,245.35,245.7389,242.35,244,5206480,,https://api.nasdaq.com/api/quote/DIA/historical?assetclass=etf&fromdate=2016-07-26&todate=2026-07-26&limit=5000
DIA,2019-01-23,246.15,246.92,242.98,245.72,4324968,,https://api.nasdaq.com/api/quote/DIA/historical?assetclass=etf&fromdate=2016-07-26&todate=2026-07-26&limit=5000
DIA,2019-01-24,245.47,246.2,244.13,245.47,2835695,,https://api.nasdaq.com/api/quote/DIA/historical?assetclass=etf&fromdate=2016-07-26&todate=2026-07-26&limit=5000
DIA,2019-01-25,247.39,248.55,246.68,247.39,4108621,,https://api.nasdaq.com/api/quote/DIA/historical?assetclass=etf&fromdate=2016-07-26&todate=2026-07-26&limit=5000
DIA,2019-01-28,244.73,245.23,243.14,245.1,3554283,,https://api.nasdaq.com/api/quote/DIA/historical?assetclass=etf&fromdate=2016-07-26&todate=2026-07-26&limit=5000
DIA,2019-01-29,245.35,246.65,244.95,245.71,2412077,,https://api.nasdaq.com/api/quote/DIA/historical?assetclass=etf&fromdate=2016-07-26&todate=2026-07-26&limit=5000
DIA,2019-01-30,248.41,251,247.78,250.18,5660543,,https://api.nasdaq.com/api/quote/DIA/historical?assetclass=etf&fromdate=2016-07-26&todate=2026-07-26&limit=5000
DIA,2019-01-31,248.95,250.43,248.34,250.12,5561270,,https://api.nasdaq.com/api/quote/DIA/historical?assetclass=etf&fromdate=2016-07-26&todate=2026-07-26&limit=5000
DIA,2019-02-01,250.67,251.85,249.75,250.48,3971383,,https://api.nasdaq.com/api/quote/DIA/historical?assetclass=etf&fromdate=2016-07-26&todate=2026-07-26&limit=5000
DIA,2019-02-04,250.43,252.35,249.68,252.32,2567809,,https://api.nasdaq.com/api/quote/DIA/historical?assetclass=etf&fromdate=2016-07-26&todate=2026-07-26&limit=5000
DIA,2019-02-05,253.36,254.2,252.81,253.96,3081296,,https://api.nasdaq.com/api/quote/DIA/historical?assetclass=etf&fromdate=2016-07-26&todate=2026-07-26&limit=5000
DIA,2019-02-06,253.63,254.35,253.05,253.87,1911714,,https://api.nasdaq.com/api/quote/DIA/historical?assetclass=etf&fromdate=2016-07-26&todate=2026-07-26&limit=5000
DIA,2019-02-07,252.4,253.34,250.17,251.9,3878378,,https://api.nasdaq.com/api/quote/DIA/historical?assetclass=etf&fromdate=2016-07-26&todate=2026-07-26&limit=5000
DIA,2019-02-08,250.51,251.37,249.1299,251.32,2942286,,https://api.nasdaq.com/api/quote/DIA/historical?assetclass=etf&fromdate=2016-07-26&todate=2026-07-26&limit=5000
DIA,2019-02-11,252.12,252.32,250.35,250.94,2672899,,https://api.nasdaq.com/api/quote/DIA/historical?assetclass=etf&fromdate=2016-07-26&todate=2026-07-26&limit=5000
DIA,2019-02-12,252.72,254.88,252.67,254.53,3067372,,https://api.nasdaq.com/api/quote/DIA/historical?assetclass=etf&fromdate=2016-07-26&todate=2026-07-26&limit=5000
DIA,2019-02-13,255.53,256.556,255.1177,255.8,2906557,,https://api.nasdaq.com/api/quote/DIA/historical?assetclass=etf&fromdate=2016-07-26&todate=2026-07-26&limit=5000
DIA,2019-02-14,254.54,256.17,253.62,255.16,3808973,,https://api.nasdaq.com/api/quote/DIA/historical?assetclass=etf&fromdate=2016-07-26&todate=2026-07-26&limit=5000
DIA,2019-02-15,256.17,258.68,256.15,258.65,4746435,,https://api.nasdaq.com/api/quote/DIA/historical?assetclass=etf&fromdate=2016-07-26&todate=2026-07-26&limit=5000
DIA,2019-02-19,257.96,259.48,257.96,258.81,2737699,,https://api.nasdaq.com/api/quote/DIA/historical?assetclass=etf&fromdate=2016-07-26&todate=2026-07-26&limit=5000
DIA,2019-02-20,258.82,259.76,258.32,259.5,2450938,,https://api.nasdaq.com/api/quote/DIA/historical?assetclass=etf&fromdate=2016-07-26&todate=2026-07-26&limit=5000
DIA,2019-02-21,258.94,259.2414,257.5,258.53,3190686,,https://api.nasdaq.com/api/quote/DIA/historical?assetclass=etf&fromdate=2016-07-26&todate=2026-07-26&limit=5000
DIA,2019-02-22,259.26,260.41,259.01,260.17,3936685,,https://api.nasdaq.com/api/quote/DIA/historical?assetclass=etf&fromdate=2016-07-26&todate=2026-07-26&limit=5000
DIA,2019-02-25,261.855,262.36,260.75,260.89,3574675,,https://api.nasdaq.com/api/quote/DIA/historical?assetclass=etf&fromdate=2016-07-26&todate=2026-07-26&limit=5000
DIA,2019-02-26,259.96,261.5,259.6,260.54,3065076,,https://api.nasdaq.com/api/quote/DIA/historical?assetclass=etf&fromdate=2016-07-26&todate=2026-07-26&limit=5000
DIA,2019-02-27,259.82,260.42,258.77,259.87,2773925,,https://api.nasdaq.com/api/quote/DIA/historical?assetclass=etf&fromdate=2016-07-26&todate=2026-07-26&limit=5000
DIA,2019-02-28,259.86,260.37,259.06,259.28,2758064,,https://api.nasdaq.com/api/quote/DIA/historical?assetclass=etf&fromdate=2016-07-26&todate=2026-07-26&limit=5000
DIA,2019-03-01,261.15,261.54,259.2349,260.42,3674472,,https://api.nasdaq.com/api/quote/DIA/historical?assetclass=etf&fromdate=2016-07-26&todate=2026-07-26&limit=5000
DIA,2019-03-04,261.5,261.68,256.201,258.28,4815671,,https://api.nasdaq.com/api/quote/DIA/historical?assetclass=etf&fromdate=2016-07-26&todate=2026-07-26&limit=5000
DIA,2019-03-05,258.22,258.86,257.39,258.19,2106268,,https://api.nasdaq.com/api/quote/DIA/historical?assetclass=etf&fromdate=2016-07-26&todate=2026-07-26&limit=5000
DIA,2019-03-06,258.24,258.4526,256.45,256.87,3217765,,https://api.nasdaq.com/api/quote/DIA/historical?assetclass=etf&fromdate=2016-07-26&todate=2026-07-26&limit=5000
DIA,2019-03-07,256.4,256.49,253.61,254.81,4103495,,https://api.nasdaq.com/api/quote/DIA/historical?assetclass=etf&fromdate=2016-07-26&todate=2026-07-26&limit=5000
DIA,2019-03-08,252.88,254.895,252.74,254.71,5494332,,https://api.nasdaq.com/api/quote/DIA/historical?assetclass=etf&fromdate=2016-07-26&todate=2026-07-26&limit=5000
DIA,2019-03-11,252.85,256.83,252.46,256.76,5467051,,https://api.nasdaq.com/api/quote/DIA/historical?assetclass=etf&fromdate=2016-07-26&todate=2026-07-26&limit=5000
DIA,2019-03-12,256.24,256.97,255.43,255.86,6568511,,https://api.nasdaq.com/api/quote/DIA/historical?assetclass=etf&fromdate=2016-07-26&todate=2026-07-26&limit=5000
DIA,2019-03-13,256.84,258.07,256.01,257.35,5268938,,https://api.nasdaq.com/api/quote/DIA/historical?assetclass=etf&fromdate=2016-07-26&todate=2026-07-26&limit=5000
DIA,2019-03-14,257.33,257.94,256.62,257.54,3409617,,https://api.nasdaq.com/api/quote/DIA/historical?assetclass=etf&fromdate=2016-07-26&todate=2026-07-26&limit=5000
DIA,2019-03-15,257.58,259.15,256.33,258.34,4225135,,https://api.nasdaq.com/api/quote/DIA/historical?assetclass=etf&fromdate=2016-07-26&todate=2026-07-26&limit=5000
DIA,2019-03-18,257.94,259.1167,257.7102,258.99,2785465,,https://api.nasdaq.com/api/quote/DIA/historical?assetclass=etf&fromdate=2016-07-26&todate=2026-07-26&limit=5000
DIA,2019-03-19,260.11,260.96,258,258.88,4756792,,https://api.nasdaq.com/api/quote/DIA/historical?assetclass=etf&fromdate=2016-07-26&todate=2026-07-26&limit=5000
DIA,2019-03-20,258.46,259.17,256.55,257.29,4379256,,https://api.nasdaq.com/api/quote/DIA/historical?assetclass=etf&fromdate=2016-07-26&todate=2026-07-26&limit=5000
DIA,2019-03-21,256.38,259.97,256.35,259.58,3794854,,https://api.nasdaq.com/api/quote/DIA/historical?assetclass=etf&fromdate=2016-07-26&todate=2026-07-26&limit=5000
DIA,2019-03-22,257.92,258.64,254.865,254.96,6221668,,https://api.nasdaq.com/api/quote/DIA/historical?assetclass=etf&fromdate=2016-07-26&todate=2026-07-26&limit=5000
DIA,2019-03-25,254.69,255.89,253.57,255.07,4980784,,https://api.nasdaq.com/api/quote/DIA/historical?assetclass=etf&fromdate=2016-07-26&todate=2026-07-26&limit=5000
DIA,2019-03-26,257.05,257.83,255.3,256.46,3276588,,https://api.nasdaq.com/api/quote/DIA/historical?assetclass=etf&fromdate=2016-07-26&todate=2026-07-26&limit=5000
DIA,2019-03-27,256.63,257.43,254.1,256.11,3160369,,https://api.nasdaq.com/api/quote/DIA/historical?assetclass=etf&fromdate=2016-07-26&todate=2026-07-26&limit=5000
DIA,2019-03-28,256.92,257.28,255.59,257.08,2432997,,https://api.nasdaq.com/api/quote/DIA/historical?assetclass=etf&fromdate=2016-07-26&todate=2026-07-26&limit=5000
DIA,2019-03-29,258.582,259.34,257.57,259.13,4248347,,https://api.nasdaq.com/api/quote/DIA/historical?assetclass=etf&fromdate=2016-07-26&todate=2026-07-26&limit=5000
DIA,2019-04-01,261.23,262.66,260.58,262.39,6034029,,https://api.nasdaq.com/api/quote/DIA/historical?assetclass=etf&fromdate=2016-07-26&todate=2026-07-26&limit=5000
DIA,2019-04-02,262,262.07,261.08,261.69,2315104,,https://api.nasdaq.com/api/quote/DIA/historical?assetclass=etf&fromdate=2016-07-26&todate=2026-07-26&limit=5000
DIA,2019-04-03,262.58,262.72,261.22,262,3232044,,https://api.nasdaq.com/api/quote/DIA/historical?assetclass=etf&fromdate=2016-07-26&todate=2026-07-26&limit=5000
DIA,2019-04-04,262.22,263.94,262.11,263.78,4394174,,https://api.nasdaq.com/api/quote/DIA/historical?assetclass=etf&fromdate=2016-07-26&todate=2026-07-26&limit=5000
DIA,2019-04-05,264.56,264.84,263.61,264.16,3110510,,https://api.nasdaq.com/api/quote/DIA/historical?assetclass=etf&fromdate=2016-07-26&todate=2026-07-26&limit=5000
DIA,2019-04-08,262.83,263.4,262.37,263.22,3230505,,https://api.nasdaq.com/api/quote/DIA/historical?assetclass=etf&fromdate=2016-07-26&todate=2026-07-26&limit=5000
DIA,2019-04-09,262.12,262.14,260.95,261.51,4160332,,https://api.nasdaq.com/api/quote/DIA/historical?assetclass=etf&fromdate=2016-07-26&todate=2026-07-26&limit=5000
DIA,2019-04-10,261.9,262.07,261,261.6,3602548,,https://api.nasdaq.com/api/quote/DIA/historical?assetclass=etf&fromdate=2016-07-26&todate=2026-07-26&limit=5000
DIA,2019-04-11,261.92,262.25,260.58,261.4,2730948,,https://api.nasdaq.com/api/quote/DIA/historical?assetclass=etf&fromdate=2016-07-26&todate=2026-07-26&limit=5000
DIA,2019-04-12,263.8739,264.3877,263.08,264.07,3394183,,https://api.nasdaq.com/api/quote/DIA/historical?assetclass=etf&fromdate=2016-07-26&todate=2026-07-26&limit=5000
DIA,2019-04-15,264.02,264.19,263.15,263.81,2189438,,https://api.nasdaq.com/api/quote/DIA/historical?assetclass=etf&fromdate=2016-07-26&todate=2026-07-26&limit=5000
DIA,2019-04-16,265.28,265.32,263.93,264.53,2526193,,https://api.nasdaq.com/api/quote/DIA/historical?assetclass=etf&fromdate=2016-07-26&todate=2026-07-26&limit=5000
DIA,2019-04-17,265.1,265.19,263.92,264.53,2871982,,https://api.nasdaq.com/api/quote/DIA/historical?assetclass=etf&fromdate=2016-07-26&todate=2026-07-26&limit=5000
DIA,2019-04-18,264.98,265.93,264.36,265.56,3468268,,https://api.nasdaq.com/api/quote/DIA/historical?assetclass=etf&fromdate=2016-07-26&todate=2026-07-26&limit=5000
DIA,2019-04-22,264.6,265.44,264.44,265.07,1600227,,https://api.nasdaq.com/api/quote/DIA/historical?assetclass=etf&fromdate=2016-07-26&todate=2026-07-26&limit=5000
DIA,2019-04-23,265.4501,266.86,265.0632,266.48,3392890,,https://api.nasdaq.com/api/quote/DIA/historical?assetclass=etf&fromdate=2016-07-26&todate=2026-07-26&limit=5000
DIA,2019-04-24,266.38,266.7,265.73,265.92,1895044,,https://api.nasdaq.com/api/quote/DIA/historical?assetclass=etf&fromdate=2016-07-26&todate=2026-07-26&limit=5000
DIA,2019-04-25,264.06,265.25,262.98,264.53,2331165,,https://api.nasdaq.com/api/quote/DIA/historical?assetclass=etf&fromdate=2016-07-26&todate=2026-07-26&limit=5000
DIA,2019-04-26,264.42,265.34,263.86,265.34,1882729,,https://api.nasdaq.com/api/quote/DIA/historical?assetclass=etf&fromdate=2016-07-26&todate=2026-07-26&limit=5000
DIA,2019-04-29,265.32,265.91,265.08,265.44,1519135,,https://api.nasdaq.com/api/quote/DIA/historical?assetclass=etf&fromdate=2016-07-26&todate=2026-07-26&limit=5000
DIA,2019-04-30,266.01,266.055,264.1,265.79,2257449,,https://api.nasdaq.com/api/quote/DIA/historical?assetclass=etf&fromdate=2016-07-26&todate=2026-07-26&limit=5000
DIA,2019-05-01,266.47,266.81,264.14,264.15,2902461,,https://api.nasdaq.com/api/quote/DIA/historical?assetclass=etf&fromdate=2016-07-26&todate=2026-07-26&limit=5000
DIA,2019-05-02,263.76,264.445,261.68,262.88,3660196,,https://api.nasdaq.com/api/quote/DIA/historical?assetclass=etf&fromdate=2016-07-26&todate=2026-07-26&limit=5000
DIA,2019-05-03,264.32,265.25,263.6,264.97,2161568,,https://api.nasdaq.com/api/quote/DIA/historical?assetclass=etf&fromdate=2016-07-26&todate=2026-07-26&limit=5000
DIA,2019-05-06,260.35,264.7,260.08,264.27,3282557,,https://api.nasdaq.com/api/quote/DIA/historical?assetclass=etf&fromdate=2016-07-26&todate=2026-07-26&limit=5000
DIA,2019-05-07,261.98,262.49,257.81,259.52,6758077,,https://api.nasdaq.com/api/quote/DIA/historical?assetclass=etf&fromdate=2016-07-26&todate=2026-07-26&limit=5000
DIA,2019-05-08,259.41,261.1067,258.81,259.66,4115167,,https://api.nasdaq.com/api/quote/DIA/historical?assetclass=etf&fromdate=2016-07-26&todate=2026-07-26&limit=5000
DIA,2019-05-09,257.74,259.09,255.3701,258.44,7175426,,https://api.nasdaq.com/api/quote/DIA/historical?assetclass=etf&fromdate=2016-07-26&todate=2026-07-26&limit=5000
DIA,2019-05-10,257.58,260.54,255.04,259.92,5456134,,https://api.nasdaq.com/api/quote/DIA/historical?assetclass=etf&fromdate=2016-07-26&todate=2026-07-26&limit=5000
DIA,2019-05-13,254.67,255.7,252.59,253.47,6326032,,https://api.nasdaq.com/api/quote/DIA/historical?assetclass=etf&fromdate=2016-07-26&todate=2026-07-26&limit=5000
DIA,2019-05-14,254.4,257.23,254.24,255.81,4308796,,https://api.nasdaq.com/api/quote/DIA/historical?assetclass=etf&fromdate=2016-07-26&todate=2026-07-26&limit=5000
DIA,2019-05-15,254.17,257.63,253.74,256.92,4151403,,https://api.nasdaq.com/api/quote/DIA/historical?assetclass=etf&fromdate=2016-07-26&todate=2026-07-26&limit=5000
DIA,2019-05-16,258,260.08,257.85,259.16,3889707,,https://api.nasdaq.com/api/quote/DIA/historical?assetclass=etf&fromdate=2016-07-26&todate=2026-07-26&limit=5000
DIA,2019-05-17,256.36,259.3926,256.21,257.44,3652916,,https://api.nasdaq.com/api/quote/DIA/historical?assetclass=etf&fromdate=2016-07-26&todate=2026-07-26&limit=5000
DIA,2019-05-20,256.21,257.41,255.49,256.67,2613302,,https://api.nasdaq.com/api/quote/DIA/historical?assetclass=etf&fromdate=2016-07-26&todate=2026-07-26&limit=5000
DIA,2019-05-21,258.2,258.88,257.68,258.77,2376711,,https://api.nasdaq.com/api/quote/DIA/historical?assetclass=etf&fromdate=2016-07-26&todate=2026-07-26&limit=5000
DIA,2019-05-22,257.91,258.86,257.47,257.6,2942596,,https://api.nasdaq.com/api/quote/DIA/historical?assetclass=etf&fromdate=2016-07-26&todate=2026-07-26&limit=5000
DIA,2019-05-23,255.32,255.35,253.28,254.76,4616946,,https://api.nasdaq.com/api/quote/DIA/historical?assetclass=etf&fromdate=2016-07-26&todate=2026-07-26&limit=5000
DIA,2019-05-24,256.21,256.68,255.02,256.12,2258897,,https://api.nasdaq.com/api/quote/DIA/historical?assetclass=etf&fromdate=2016-07-26&todate=2026-07-26&limit=5000
DIA,2019-05-28,256.12,257.21,253.46,253.47,4580059,,https://api.nasdaq.com/api/quote/DIA/historical?assetclass=etf&fromdate=2016-07-26&todate=2026-07-26&limit=5000
DIA,2019-05-29,252.08,252.28,249.48,251.27,5192067,,https://api.nasdaq.com/api/quote/DIA/historical?assetclass=etf&fromdate=2016-07-26&todate=2026-07-26&limit=5000
DIA,2019-05-30,251.77,252.34,250.82,251.87,3454668,,https://api.nasdaq.com/api/quote/DIA/historical?assetclass=etf&fromdate=2016-07-26&todate=2026-07-26&limit=5000
DIA,2019-05-31,249.39,250.07,248.22,248.22,4891080,,https://api.nasdaq.com/api/quote/DIA/historical?assetclass=etf&fromdate=2016-07-26&todate=2026-07-26&limit=5000
DIA,2019-06-03,248.34,249.61,247.04,248.5,5479627,,https://api.nasdaq.com/api/quote/DIA/historical?assetclass=etf&fromdate=2016-07-26&todate=2026-07-26&limit=5000
DIA,2019-06-04,250.73,253.7,250.51,253.65,3796064,,https://api.nasdaq.com/api/quote/DIA/historical?assetclass=etf&fromdate=2016-07-26&todate=2026-07-26&limit=5000
DIA,2019-06-05,255.22,255.8,254.07,255.73,2792381,,https://api.nasdaq.com/api/quote/DIA/historical?assetclass=etf&fromdate=2016-07-26&todate=2026-07-26&limit=5000
DIA,2019-06-06,256.12,258.35,255.53,257.72,2796177,,https://api.nasdaq.com/api/quote/DIA/historical?assetclass=etf&fromdate=2016-07-26&todate=2026-07-26&limit=5000
DIA,2019-06-07,258.46,261.12,258.4,260.25,3124909,,https://api.nasdaq.com/api/quote/DIA/historical?assetclass=etf&fromdate=2016-07-26&todate=2026-07-26&limit=5000
DIA,2019-06-10,261.88,262.5,260.94,260.99,3495929,,https://api.nasdaq.com/api/quote/DIA/historical?assetclass=etf&fromdate=2016-07-26&todate=2026-07-26&limit=5000
DIA,2019-06-11,262.66,262.87,256.95,260.88,2792090,,https://api.nasdaq.com/api/quote/DIA/historical?assetclass=etf&fromdate=2016-07-26&todate=2026-07-26&limit=5000
DIA,2019-06-12,260.8,261.26,259.99,260.45,1725501,,https://api.nasdaq.com/api/quote/DIA/historical?assetclass=etf&fromdate=2016-07-26&todate=2026-07-26&limit=5000
DIA,2019-06-13,261.34,261.88,260.3737,261.56,1882693,,https://api.nasdaq.com/api/quote/DIA/historical?assetclass=etf&fromdate=2016-07-26&todate=2026-07-26&limit=5000
DIA,2019-06-14,261.24,262.13,260.43,261.51,2260930,,https://api.nasdaq.com/api/quote/DIA/historical?assetclass=etf&fromdate=2016-07-26&todate=2026-07-26&limit=5000
DIA,2019-06-17,261.64,262.18,260.97,261.68,1319478,,https://api.nasdaq.com/api/quote/DIA/historical?assetclass=etf&fromdate=2016-07-26&todate=2026-07-26&limit=5000
DIA,2019-06-18,263.23,265.8,262.94,265.33,6147714,,https://api.nasdaq.com/api/quote/DIA/historical?assetclass=etf&fromdate=2016-07-26&todate=2026-07-26&limit=5000
DIA,2019-06-19,265.4,266.21,264.63,265.56,3920808,,https://api.nasdaq.com/api/quote/DIA/historical?assetclass=etf&fromdate=2016-07-26&todate=2026-07-26&limit=5000
DIA,2019-06-20,268.05,268.5,265.9,268.08,3471763,,https://api.nasdaq.com/api/quote/DIA/historical?assetclass=etf&fromdate=2016-07-26&todate=2026-07-26&limit=5000
DIA,2019-06-21,267.29,268.96,266.901,267.1,4446832,,https://api.nasdaq.com/api/quote/DIA/historical?assetclass=etf&fromdate=2016-07-26&todate=2026-07-26&limit=5000
DIA,2019-06-24,267.33,267.91,267.1,267.17,1654193,,https://api.nasdaq.com/api/quote/DIA/historical?assetclass=etf&fromdate=2016-07-26&todate=2026-07-26&limit=5000
DIA,2019-06-25,267.39,267.4,265.13,265.26,7240308,,https://api.nasdaq.com/api/quote/DIA/historical?assetclass=etf&fromdate=2016-07-26&todate=2026-07-26&limit=5000
DIA,2019-06-26,266.12,266.49,265.21,265.22,2141421,,https://api.nasdaq.com/api/quote/DIA/historical?assetclass=etf&fromdate=2016-07-26&todate=2026-07-26&limit=5000
DIA,2019-06-27,265.45,265.91,264.5,265.15,1991505,,https://api.nasdaq.com/api/quote/DIA/historical?assetclass=etf&fromdate=2016-07-26&todate=2026-07-26&limit=5000
DIA,2019-06-28,265.94,266.26,265.07,265.85,2176213,,https://api.nasdaq.com/api/quote/DIA/historical?assetclass=etf&fromdate=2016-07-26&todate=2026-07-26&limit=5000
DIA,2019-07-01,268.45,268.75,266,266.97,3976528,,https://api.nasdaq.com/api/quote/DIA/historical?assetclass=etf&fromdate=2016-07-26&todate=2026-07-26&limit=5000
DIA,2019-07-02,266.84,267.73,266.14,267.66,2775740,,https://api.nasdaq.com/api/quote/DIA/historical?assetclass=etf&fromdate=2016-07-26&todate=2026-07-26&limit=5000
DIA,2019-07-03,268.34,269.6,268.28,269.56,1262891,,https://api.nasdaq.com/api/quote/DIA/historical?assetclass=etf&fromdate=2016-07-26&todate=2026-07-26&limit=5000
DIA,2019-07-05,268.71,269.48,267.32,269.27,2157032,,https://api.nasdaq.com/api/quote/DIA/historical?assetclass=etf&fromdate=2016-07-26&todate=2026-07-26&limit=5000
DIA,2019-07-08,267.9,268.43,267.47,268.06,1423707,,https://api.nasdaq.com/api/quote/DIA/historical?assetclass=etf&fromdate=2016-07-26&todate=2026-07-26&limit=5000
DIA,2019-07-09,266.72,268.12,266.69,267.86,1406997,,https://api.nasdaq.com/api/quote/DIA/historical?assetclass=etf&fromdate=2016-07-26&todate=2026-07-26&limit=5000
DIA,2019-07-10,268.84,269.88,268.17,268.69,1978567,,https://api.nasdaq.com/api/quote/DIA/historical?assetclass=etf&fromdate=2016-07-26&todate=2026-07-26&limit=5000
DIA,2019-07-11,269.66,270.92,269.23,270.92,2238488,,https://api.nasdaq.com/api/quote/DIA/historical?assetclass=etf&fromdate=2016-07-26&todate=2026-07-26&limit=5000
DIA,2019-07-12,271.66,273.39,271.6,273.39,2411152,,https://api.nasdaq.com/api/quote/DIA/historical?assetclass=etf&fromdate=2016-07-26&todate=2026-07-26&limit=5000
DIA,2019-07-15,273.55,273.6,272.96,273.6,2624471,,https://api.nasdaq.com/api/quote/DIA/historical?assetclass=etf&fromdate=2016-07-26&todate=2026-07-26&limit=5000
DIA,2019-07-16,273.62,273.99,272.9012,273.42,1780357,,https://api.nasdaq.com/api/quote/DIA/historical?assetclass=etf&fromdate=2016-07-26&todate=2026-07-26&limit=5000
DIA,2019-07-17,273.34,273.45,272.18,272.28,1550805,,https://api.nasdaq.com/api/quote/DIA/historical?assetclass=etf&fromdate=2016-07-26&todate=2026-07-26&limit=5000
DIA,2019-07-18,271.66,272.75,270.75,272.27,2124399,,https://api.nasdaq.com/api/quote/DIA/historical?assetclass=etf&fromdate=2016-07-26&todate=2026-07-26&limit=5000
DIA,2019-07-19,273.18,273.34,271.36,271.45,2364266,,https://api.nasdaq.com/api/quote/DIA/historical?assetclass=etf&fromdate=2016-07-26&todate=2026-07-26&limit=5000
DIA,2019-07-22,271.77,272.16,270.8,271.65,1623561,,https://api.nasdaq.com/api/quote/DIA/historical?assetclass=etf&fromdate=2016-07-26&todate=2026-07-26&limit=5000
DIA,2019-07-23,272.79,273.61,271.95,273.35,1722929,,https://api.nasdaq.com/api/quote/DIA/historical?assetclass=etf&fromdate=2016-07-26&todate=2026-07-26&limit=5000
DIA,2019-07-24,272.25,272.85,271.8286,272.61,2355391,,https://api.nasdaq.com/api/quote/DIA/historical?assetclass=etf&fromdate=2016-07-26&todate=2026-07-26&limit=5000
DIA,2019-07-25,272.48,272.58,270.5199,271.39,2348580,,https://api.nasdaq.com/api/quote/DIA/historical?assetclass=etf&fromdate=2016-07-26&todate=2026-07-26&limit=5000
DIA,2019-07-26,271.655,272.05,271.11,271.86,1731277,,https://api.nasdaq.com/api/quote/DIA/historical?assetclass=etf&fromdate=2016-07-26&todate=2026-07-26&limit=5000
DIA,2019-07-29,271.86,272.68,271.69,272.13,1346401,,https://api.nasdaq.com/api/quote/DIA/historical?assetclass=etf&fromdate=2016-07-26&todate=2026-07-26&limit=5000
DIA,2019-07-30,271.09,272.155,270.62,271.91,1674302,,https://api.nasdaq.com/api/quote/DIA/historical?assetclass=etf&fromdate=2016-07-26&todate=2026-07-26&limit=5000
DIA,2019-07-31,272.3,272.68,267.1025,268.52,5058843,,https://api.nasdaq.com/api/quote/DIA/historical?assetclass=etf&fromdate=2016-07-26&todate=2026-07-26&limit=5000
DIA,2019-08-01,268.82,271.71,265.4,265.76,7225326,,https://api.nasdaq.com/api/quote/DIA/historical?assetclass=etf&fromdate=2016-07-26&todate=2026-07-26&limit=5000
DIA,2019-08-02,265.21,265.766,262.43,264.81,5691451,,https://api.nasdaq.com/api/quote/DIA/historical?assetclass=etf&fromdate=2016-07-26&todate=2026-07-26&limit=5000
DIA,2019-08-05,260.99,261.15,255.13,257.1,6608172,,https://api.nasdaq.com/api/quote/DIA/historical?assetclass=etf&fromdate=2016-07-26&todate=2026-07-26&limit=5000
DIA,2019-08-06,258.55,260.36,257.05,260.29,4991027,,https://api.nasdaq.com/api/quote/DIA/historical?assetclass=etf&fromdate=2016-07-26&todate=2026-07-26&limit=5000
DIA,2019-08-07,257.13,260.69,254.36,260.24,5089469,,https://api.nasdaq.com/api/quote/DIA/historical?assetclass=etf&fromdate=2016-07-26&todate=2026-07-26&limit=5000
DIA,2019-08-08,261.46,264.13,260.5768,264.13,3637099,,https://api.nasdaq.com/api/quote/DIA/historical?assetclass=etf&fromdate=2016-07-26&todate=2026-07-26&limit=5000
DIA,2019-08-09,263.44,264.44,261.25,263.18,3773003,,https://api.nasdaq.com/api/quote/DIA/historical?assetclass=etf&fromdate=2016-07-26&todate=2026-07-26&limit=5000
DIA,2019-08-12,261.42,262.17,258.56,259.4,3072737,,https://api.nasdaq.com/api/quote/DIA/historical?assetclass=etf&fromdate=2016-07-26&todate=2026-07-26&limit=5000
DIA,2019-08-13,259.07,264.63,258.63,263.17,4332355,,https://api.nasdaq.com/api/quote/DIA/historical?assetclass=etf&fromdate=2016-07-26&todate=2026-07-26&limit=5000
DIA,2019-08-14,259.18,259.73,255.06,255.08,6147957,,https://api.nasdaq.com/api/quote/DIA/historical?assetclass=etf&fromdate=2016-07-26&todate=2026-07-26&limit=5000
DIA,2019-08-15,256.24,256.9473,253.93,256.36,4038455,,https://api.nasdaq.com/api/quote/DIA/historical?assetclass=etf&fromdate=2016-07-26&todate=2026-07-26&limit=5000
DIA,2019-08-16,257.39,259.25,256.87,258.88,2748371,,https://api.nasdaq.com/api/quote/DIA/historical?assetclass=etf&fromdate=2016-07-26&todate=2026-07-26&limit=5000
DIA,2019-08-19,262.04,262.25,260.82,261.34,2033201,,https://api.nasdaq.com/api/quote/DIA/historical?assetclass=etf&fromdate=2016-07-26&todate=2026-07-26&limit=5000
DIA,2019-08-20,261.01,261.56,259.4735,259.69,1981083,,https://api.nasdaq.com/api/quote/DIA/historical?assetclass=etf&fromdate=2016-07-26&todate=2026-07-26&limit=5000
DIA,2019-08-21,261.83,262.66,261.49,262.03,2163005,,https://api.nasdaq.com/api/quote/DIA/historical?assetclass=etf&fromdate=2016-07-26&todate=2026-07-26&limit=5000
DIA,2019-08-22,262.71,263.82,260.95,262.56,2329657,,https://api.nasdaq.com/api/quote/DIA/historical?assetclass=etf&fromdate=2016-07-26&todate=2026-07-26&limit=5000
DIA,2019-08-23,261.27,263.19,255.04,256.29,6296172,,https://api.nasdaq.com/api/quote/DIA/historical?assetclass=etf&fromdate=2016-07-26&todate=2026-07-26&limit=5000
DIA,2019-08-26,259,259.42,257.18,259.1,3146630,,https://api.nasdaq.com/api/quote/DIA/historical?assetclass=etf&fromdate=2016-07-26&todate=2026-07-26&limit=5000
DIA,2019-08-27,260.51,260.56,257.24,257.8,3081241,,https://api.nasdaq.com/api/quote/DIA/historical?assetclass=etf&fromdate=2016-07-26&todate=2026-07-26&limit=5000
DIA,2019-08-28,257.02,260.46,256.34,260.39,2743182,,https://api.nasdaq.com/api/quote/DIA/historical?assetclass=etf&fromdate=2016-07-26&todate=2026-07-26&limit=5000
DIA,2019-08-29,262.94,264.24,262,263.9,3742555,,https://api.nasdaq.com/api/quote/DIA/historical?assetclass=etf&fromdate=2016-07-26&todate=2026-07-26&limit=5000
DIA,2019-08-30,265.27,265.4,263.1701,264.13,2443354,,https://api.nasdaq.com/api/quote/DIA/historical?assetclass=etf&fromdate=2016-07-26&todate=2026-07-26&limit=5000
DIA,2019-09-03,262.07,262.2,260.03,261.42,3090489,,https://api.nasdaq.com/api/quote/DIA/historical?assetclass=etf&fromdate=2016-07-26&todate=2026-07-26&limit=5000
DIA,2019-09-04,263.58,263.95,262.77,263.93,1971058,,https://api.nasdaq.com/api/quote/DIA/historical?assetclass=etf&fromdate=2016-07-26&todate=2026-07-26&limit=5000
DIA,2019-09-05,266.73,268.7089,266.7,267.68,3624350,,https://api.nasdaq.com/api/quote/DIA/historical?assetclass=etf&fromdate=2016-07-26&todate=2026-07-26&limit=5000
DIA,2019-09-06,268.07,268.94,267.41,268.32,2470377,,https://api.nasdaq.com/api/quote/DIA/historical?assetclass=etf&fromdate=2016-07-26&todate=2026-07-26&limit=5000
DIA,2019-09-09,268.85,269.405,268.03,268.8,2243429,,https://api.nasdaq.com/api/quote/DIA/historical?assetclass=etf&fromdate=2016-07-26&todate=2026-07-26&limit=5000
DIA,2019-09-10,268.48,269.42,267.55,269.39,2654313,,https://api.nasdaq.com/api/quote/DIA/historical?assetclass=etf&fromdate=2016-07-26&todate=2026-07-26&limit=5000
DIA,2019-09-11,269.72,271.735,269.22,271.69,1899773,,https://api.nasdaq.com/api/quote/DIA/historical?assetclass=etf&fromdate=2016-07-26&todate=2026-07-26&limit=5000
DIA,2019-09-12,272.62,273.44,271.46,272.32,3272206,,https://api.nasdaq.com/api/quote/DIA/historical?assetclass=etf&fromdate=2016-07-26&todate=2026-07-26&limit=5000
DIA,2019-09-13,273.02,273.28,272.46,272.6,2182688,,https://api.nasdaq.com/api/quote/DIA/historical?assetclass=etf&fromdate=2016-07-26&todate=2026-07-26&limit=5000
DIA,2019-09-16,271.6,272.21,270.8,271.17,4077522,,https://api.nasdaq.com/api/quote/DIA/historical?assetclass=etf&fromdate=2016-07-26&todate=2026-07-26&limit=5000
DIA,2019-09-17,270.59,271.58,270.37,271.56,1762986,,https://api.nasdaq.com/api/quote/DIA/historical?assetclass=etf&fromdate=2016-07-26&todate=2026-07-26&limit=5000
DIA,2019-09-18,271.24,272.13,269.48,271.97,3056480,,https://api.nasdaq.com/api/quote/DIA/historical?assetclass=etf&fromdate=2016-07-26&todate=2026-07-26&limit=5000
DIA,2019-09-19,272.47,273.2,271.13,271.42,3268663,,https://api.nasdaq.com/api/quote/DIA/historical?assetclass=etf&fromdate=2016-07-26&todate=2026-07-26&limit=5000
DIA,2019-09-20,271.39,271.76,269.09,269.25,4080943,,https://api.nasdaq.com/api/quote/DIA/historical?assetclass=etf&fromdate=2016-07-26&todate=2026-07-26&limit=5000
DIA,2019-09-23,268.25,269.97,268.07,269.36,1913266,,https://api.nasdaq.com/api/quote/DIA/historical?assetclass=etf&fromdate=2016-07-26&todate=2026-07-26&limit=5000
DIA,2019-09-24,270.42,270.609,266.88,267.97,3745984,,https://api.nasdaq.com/api/quote/DIA/historical?assetclass=etf&fromdate=2016-07-26&todate=2026-07-26&limit=5000
DIA,2019-09-25,268.4,270.13,267.42,269.58,3413791,,https://api.nasdaq.com/api/quote/DIA/historical?assetclass=etf&fromdate=2016-07-26&todate=2026-07-26&limit=5000
DIA,2019-09-26,270.01,270.01,267.9,268.88,2406636,,https://api.nasdaq.com/api/quote/DIA/historical?assetclass=etf&fromdate=2016-07-26&todate=2026-07-26&limit=5000
DIA,2019-09-27,269.58,269.97,267,267.99,3172209,,https://api.nasdaq.com/api/quote/DIA/historical?assetclass=etf&fromdate=2016-07-26&todate=2026-07-26&limit=5000
DIA,2019-09-30,268.51,269.83,268.51,269.18,2132213,,https://api.nasdaq.com/api/quote/DIA/historical?assetclass=etf&fromdate=2016-07-26&todate=2026-07-26&limit=5000
DIA,2019-10-01,269.76,270.29,265.45,265.5,3568373,,https://api.nasdaq.com/api/quote/DIA/historical?assetclass=etf&fromdate=2016-07-26&todate=2026-07-26&limit=5000
DIA,2019-10-02,264.06,264.06,259.5739,260.72,7035988,,https://api.nasdaq.com/api/quote/DIA/historical?assetclass=etf&fromdate=2016-07-26&todate=2026-07-26&limit=5000
DIA,2019-10-03,260.31,262.03,257.38,262.01,5684506,,https://api.nasdaq.com/api/quote/DIA/historical?assetclass=etf&fromdate=2016-07-26&todate=2026-07-26&limit=5000
DIA,2019-10-04,262.88,265.85,262.72,265.66,3229515,,https://api.nasdaq.com/api/quote/DIA/historical?assetclass=etf&fromdate=2016-07-26&todate=2026-07-26&limit=5000
DIA,2019-10-07,264.92,266.5,264.1851,264.74,2343319,,https://api.nasdaq.com/api/quote/DIA/historical?assetclass=etf&fromdate=2016-07-26&todate=2026-07-26&limit=5000
DIA,2019-10-08,262.64,264.21,261.35,261.58,3943473,,https://api.nasdaq.com/api/quote/DIA/historical?assetclass=etf&fromdate=2016-07-26&todate=2026-07-26&limit=5000
DIA,2019-10-09,263.44,264.24,262.48,263.43,2064206,,https://api.nasdaq.com/api/quote/DIA/historical?assetclass=etf&fromdate=2016-07-26&todate=2026-07-26&limit=5000
DIA,2019-10-10,263.23,266.0289,263.11,265.01,2430485,,https://api.nasdaq.com/api/quote/DIA/historical?assetclass=etf&fromdate=2016-07-26&todate=2026-07-26&limit=5000
DIA,2019-10-11,267.77,270.14,267.62,268.16,4186362,,https://api.nasdaq.com/api/quote/DIA/historical?assetclass=etf&fromdate=2016-07-26&todate=2026-07-26&limit=5000
DIA,2019-10-14,267.6,268.73,267.4352,267.86,1212897,,https://api.nasdaq.com/api/quote/DIA/historical?assetclass=etf&fromdate=2016-07-26&todate=2026-07-26&limit=5000
DIA,2019-10-15,269.12,271.19,268.86,270.22,3181257,,https://api.nasdaq.com/api/quote/DIA/historical?assetclass=etf&fromdate=2016-07-26&todate=2026-07-26&limit=5000
DIA,2019-10-16,269.79,270.56,269.4,270.08,2419453,,https://api.nasdaq.com/api/quote/DIA/historical?assetclass=etf&fromdate=2016-07-26&todate=2026-07-26&limit=5000
DIA,2019-10-17,270.67,271.15,269.71,270.38,1894478,,https://api.nasdaq.com/api/quote/DIA/historical?assetclass=etf&fromdate=2016-07-26&todate=2026-07-26&limit=5000
DIA,2019-10-18,269.61,275,267.62,267.64,2241257,,https://api.nasdaq.com/api/quote/DIA/historical?assetclass=etf&fromdate=2016-07-26&todate=2026-07-26&limit=5000
DIA,2019-10-21,268.06,268.37,267.4,268.21,1384108,,https://api.nasdaq.com/api/quote/DIA/historical?assetclass=etf&fromdate=2016-07-26&todate=2026-07-26&limit=5000
DIA,2019-10-22,268.48,269.38,267.76,267.82,2546297,,https://api.nasdaq.com/api/quote/DIA/historical?assetclass=etf&fromdate=2016-07-26&todate=2026-07-26&limit=5000
DIA,2019-10-23,268.12,268.9,267.36,268.24,1702903,,https://api.nasdaq.com/api/quote/DIA/historical?assetclass=etf&fromdate=2016-07-26&todate=2026-07-26&limit=5000
DIA,2019-10-24,269.02,269.12,267.06,267.98,1846919,,https://api.nasdaq.com/api/quote/DIA/historical?assetclass=etf&fromdate=2016-07-26&todate=2026-07-26&limit=5000
DIA,2019-10-25,267.72,270.12,267.625,269.6,1825533,,https://api.nasdaq.com/api/quote/DIA/historical?assetclass=etf&fromdate=2016-07-26&todate=2026-07-26&limit=5000
DIA,2019-10-28,270.78,271.58,270.1868,270.81,1813273,,https://api.nasdaq.com/api/quote/DIA/historical?assetclass=etf&fromdate=2016-07-26&todate=2026-07-26&limit=5000
DIA,2019-10-29,270.47,271.6,270.31,270.87,2885958,,https://api.nasdaq.com/api/quote/DIA/historical?assetclass=etf&fromdate=2016-07-26&todate=2026-07-26&limit=5000
DIA,2019-10-30,270.87,271.99,269.88,271.74,2146834,,https://api.nasdaq.com/api/quote/DIA/historical?assetclass=etf&fromdate=2016-07-26&todate=2026-07-26&limit=5000
DIA,2019-10-31,271.57,271.66,269.07,270.48,3024439,,https://api.nasdaq.com/api/quote/DIA/historical?assetclass=etf&fromdate=2016-07-26&todate=2026-07-26&limit=5000
DIA,2019-11-01,271.86,273.34,271.69,273.34,2989672,,https://api.nasdaq.com/api/quote/DIA/historical?assetclass=etf&fromdate=2016-07-26&todate=2026-07-26&limit=5000
DIA,2019-11-04,274.73,275.05,273.96,274.55,1574198,,https://api.nasdaq.com/api/quote/DIA/historical?assetclass=etf&fromdate=2016-07-26&todate=2026-07-26&limit=5000
DIA,2019-11-05,275.08,275.51,274.43,274.81,1712906,,https://api.nasdaq.com/api/quote/DIA/historical?assetclass=etf&fromdate=2016-07-26&todate=2026-07-26&limit=5000
DIA,2019-11-06,275.02,275.21,273.99,274.8,1607540,,https://api.nasdaq.com/api/quote/DIA/historical?assetclass=etf&fromdate=2016-07-26&todate=2026-07-26&limit=5000
DIA,2019-11-07,276.5567,278.05,276.5567,277.05,3029454,,https://api.nasdaq.com/api/quote/DIA/historical?assetclass=etf&fromdate=2016-07-26&todate=2026-07-26&limit=5000
DIA,2019-11-08,277.16,277.24,276.05,277.07,1512713,,https://api.nasdaq.com/api/quote/DIA/historical?assetclass=etf&fromdate=2016-07-26&todate=2026-07-26&limit=5000
DIA,2019-11-11,275.79,277.41,275.39,277.16,1731935,,https://api.nasdaq.com/api/quote/DIA/historical?assetclass=etf&fromdate=2016-07-26&todate=2026-07-26&limit=5000
DIA,2019-11-12,277.43,277.99,276.64,277.29,1695664,,https://api.nasdaq.com/api/quote/DIA/historical?assetclass=etf&fromdate=2016-07-26&todate=2026-07-26&limit=5000
DIA,2019-11-13,276.34,278.4,276.17,278.05,2599747,,https://api.nasdaq.com/api/quote/DIA/historical?assetclass=etf&fromdate=2016-07-26&todate=2026-07-26&limit=5000
DIA,2019-11-14,277.88,278.32,277.09,278.23,1586544,,https://api.nasdaq.com/api/quote/DIA/historical?assetclass=etf&fromdate=2016-07-26&todate=2026-07-26&limit=5000
DIA,2019-11-15,278.87,279.95,278.495,279.94,2363768,,https://api.nasdaq.com/api/quote/DIA/historical?assetclass=etf&fromdate=2016-07-26&todate=2026-07-26&limit=5000
DIA,2019-11-18,279.76,280.36,279.61,280.27,1793881,,https://api.nasdaq.com/api/quote/DIA/historical?assetclass=etf&fromdate=2016-07-26&todate=2026-07-26&limit=5000
DIA,2019-11-19,280.83,280.84,278.87,279.33,1931159,,https://api.nasdaq.com/api/quote/DIA/historical?assetclass=etf&fromdate=2016-07-26&todate=2026-07-26&limit=5000
DIA,2019-11-20,278.64,278.9,276.72,278.2,2468704,,https://api.nasdaq.com/api/quote/DIA/historical?assetclass=etf&fromdate=2016-07-26&todate=2026-07-26&limit=5000
DIA,2019-11-21,278.33,278.42,277.16,277.72,1383484,,https://api.nasdaq.com/api/quote/DIA/historical?assetclass=etf&fromdate=2016-07-26&todate=2026-07-26&limit=5000
DIA,2019-11-22,278.38,279.03,277.7901,278.86,1419523,,https://api.nasdaq.com/api/quote/DIA/historical?assetclass=etf&fromdate=2016-07-26&todate=2026-07-26&limit=5000
DIA,2019-11-25,279.68,280.81,279.64,280.8,1815534,,https://api.nasdaq.com/api/quote/DIA/historical?assetclass=etf&fromdate=2016-07-26&todate=2026-07-26&limit=5000
DIA,2019-11-26,281.07,281.58,280.6053,281.36,1305783,,https://api.nasdaq.com/api/quote/DIA/historical?assetclass=etf&fromdate=2016-07-26&todate=2026-07-26&limit=5000
DIA,2019-11-27,281.61,281.91,281.01,281.91,1790471,,https://api.nasdaq.com/api/quote/DIA/historical?assetclass=etf&fromdate=2016-07-26&todate=2026-07-26&limit=5000
DIA,2019-11-29,281.3,281.57,280.84,280.95,811888,,https://api.nasdaq.com/api/quote/DIA/historical?assetclass=etf&fromdate=2016-07-26&todate=2026-07-26&limit=5000
DIA,2019-12-02,281.45,281.49,278.2,278.2,2552515,,https://api.nasdaq.com/api/quote/DIA/historical?assetclass=etf&fromdate=2016-07-26&todate=2026-07-26&limit=5000
DIA,2019-12-03,275.43,275.64,273.62,275.51,3837952,,https://api.nasdaq.com/api/quote/DIA/historical?assetclass=etf&fromdate=2016-07-26&todate=2026-07-26&limit=5000
DIA,2019-12-04,277,277.76,276.61,277.05,1932368,,https://api.nasdaq.com/api/quote/DIA/historical?assetclass=etf&fromdate=2016-07-26&todate=2026-07-26&limit=5000
DIA,2019-12-05,277.86,277.86,276.1514,277.36,1455896,,https://api.nasdaq.com/api/quote/DIA/historical?assetclass=etf&fromdate=2016-07-26&todate=2026-07-26&limit=5000
DIA,2019-12-06,279.45,280.94,279.3881,280.7,2686913,,https://api.nasdaq.com/api/quote/DIA/historical?assetclass=etf&fromdate=2016-07-26&todate=2026-07-26&limit=5000
DIA,2019-12-09,280.44,280.72,279.697,279.76,1469588,,https://api.nasdaq.com/api/quote/DIA/historical?assetclass=etf&fromdate=2016-07-26&todate=2026-07-26&limit=5000
DIA,2019-12-10,279.69,280.14,278.63,279.46,1408673,,https://api.nasdaq.com/api/quote/DIA/historical?assetclass=etf&fromdate=2016-07-26&todate=2026-07-26&limit=5000
DIA,2019-12-11,279.13,279.9,278.65,279.72,1923604,,https://api.nasdaq.com/api/quote/DIA/historical?assetclass=etf&fromdate=2016-07-26&todate=2026-07-26&limit=5000
DIA,2019-12-12,279.52,282.95,279.24,281.95,3791831,,https://api.nasdaq.com/api/quote/DIA/historical?assetclass=etf&fromdate=2016-07-26&todate=2026-07-26&limit=5000
DIA,2019-12-13,281.93,283.61,281,282.11,3066885,,https://api.nasdaq.com/api/quote/DIA/historical?assetclass=etf&fromdate=2016-07-26&todate=2026-07-26&limit=5000
DIA,2019-12-16,282.93,284.11,282.93,283.07,2120679,,https://api.nasdaq.com/api/quote/DIA/historical?assetclass=etf&fromdate=2016-07-26&todate=2026-07-26&limit=5000
DIA,2019-12-17,283.19,284,282.91,283.4,1698149,,https://api.nasdaq.com/api/quote/DIA/historical?assetclass=etf&fromdate=2016-07-26&todate=2026-07-26&limit=5000
DIA,2019-12-18,283.79,283.91,283.15,283.21,1606536,,https://api.nasdaq.com/api/quote/DIA/historical?assetclass=etf&fromdate=2016-07-26&todate=2026-07-26&limit=5000
DIA,2019-12-19,283.65,284.54,283.5701,284.46,1816492,,https://api.nasdaq.com/api/quote/DIA/historical?assetclass=etf&fromdate=2016-07-26&todate=2026-07-26&limit=5000
DIA,2019-12-20,284.76,285.0584,284.32,284.46,3638299,,https://api.nasdaq.com/api/quote/DIA/historical?assetclass=etf&fromdate=2016-07-26&todate=2026-07-26&limit=5000
DIA,2019-12-23,285.34,285.66,285.15,285.33,2566018,,https://api.nasdaq.com/api/quote/DIA/historical?assetclass=etf&fromdate=2016-07-26&todate=2026-07-26&limit=5000
DIA,2019-12-24,285.63,285.63,284.87,285.01,611593,,https://api.nasdaq.com/api/quote/DIA/historical?assetclass=etf&fromdate=2016-07-26&todate=2026-07-26&limit=5000
DIA,2019-12-26,285.23,286.1,285.2,286.06,933330,,https://api.nasdaq.com/api/quote/DIA/historical?assetclass=etf&fromdate=2016-07-26&todate=2026-07-26&limit=5000
DIA,2019-12-27,286.83,286.85,285.9,286.33,1930421,,https://api.nasdaq.com/api/quote/DIA/historical?assetclass=etf&fromdate=2016-07-26&todate=2026-07-26&limit=5000
DIA,2019-12-30,286.34,286.41,284.1184,284.53,2556317,,https://api.nasdaq.com/api/quote/DIA/historical?assetclass=etf&fromdate=2016-07-26&todate=2026-07-26&limit=5000
DIA,2019-12-31,283.91,285.31,283.56,285.1,1342339,,https://api.nasdaq.com/api/quote/DIA/historical?assetclass=etf&fromdate=2016-07-26&todate=2026-07-26&limit=5000
DIA,2020-01-02,286.44,288.63,286.15,288.62,3871798,,https://api.nasdaq.com/api/quote/DIA/historical?assetclass=etf&fromdate=2016-07-26&todate=2026-07-26&limit=5000
DIA,2020-01-03,285.34,287.11,285.18,286.32,3296709,,https://api.nasdaq.com/api/quote/DIA/historical?assetclass=etf&fromdate=2016-07-26&todate=2026-07-26&limit=5000
DIA,2020-01-06,284.29,287.03,284.16,286.98,1648682,,https://api.nasdaq.com/api/quote/DIA/historical?assetclass=etf&fromdate=2016-07-26&todate=2026-07-26&limit=5000
DIA,2020-01-07,286.3,286.7873,285.58,285.74,1526173,,https://api.nasdaq.com/api/quote/DIA/historical?assetclass=etf&fromdate=2016-07-26&todate=2026-07-26&limit=5000
DIA,2020-01-08,285.32,288.67,285.0825,287.4,3138656,,https://api.nasdaq.com/api/quote/DIA/historical?assetclass=etf&fromdate=2016-07-26&todate=2026-07-26&limit=5000
DIA,2020-01-09,288.95,289.84,288.43,289.56,1790626,,https://api.nasdaq.com/api/quote/DIA/historical?assetclass=etf&fromdate=2016-07-26&todate=2026-07-26&limit=5000
DIA,2020-01-10,289.96,290.043,287.84,288.24,2989819,,https://api.nasdaq.com/api/quote/DIA/historical?assetclass=etf&fromdate=2016-07-26&todate=2026-07-26&limit=5000
DIA,2020-01-13,288.79,289.08,288.14,289.02,1471574,,https://api.nasdaq.com/api/quote/DIA/historical?assetclass=etf&fromdate=2016-07-26&todate=2026-07-26&limit=5000
DIA,2020-01-14,288.87,290.49,288.72,289.22,2202118,,https://api.nasdaq.com/api/quote/DIA/historical?assetclass=etf&fromdate=2016-07-26&todate=2026-07-26&limit=5000
DIA,2020-01-15,289.01,291.242,288.9527,290.35,2195108,,https://api.nasdaq.com/api/quote/DIA/historical?assetclass=etf&fromdate=2016-07-26&todate=2026-07-26&limit=5000
DIA,2020-01-16,291.63,292.97,291.47,292.93,2522044,,https://api.nasdaq.com/api/quote/DIA/historical?assetclass=etf&fromdate=2016-07-26&todate=2026-07-26&limit=5000
DIA,2020-01-17,293.52,293.61,292.79,293.27,2147389,,https://api.nasdaq.com/api/quote/DIA/historical?assetclass=etf&fromdate=2016-07-26&todate=2026-07-26&limit=5000
DIA,2020-01-21,292.44,293.28,291.37,291.83,4476910,,https://api.nasdaq.com/api/quote/DIA/historical?assetclass=etf&fromdate=2016-07-26&todate=2026-07-26&limit=5000
DIA,2020-01-22,292.5,293.0693,291.58,291.81,2077014,,https://api.nasdaq.com/api/quote/DIA/historical?assetclass=etf&fromdate=2016-07-26&todate=2026-07-26&limit=5000
DIA,2020-01-23,290.75,291.86,289.6,291.54,1872554,,https://api.nasdaq.com/api/quote/DIA/historical?assetclass=etf&fromdate=2016-07-26&todate=2026-07-26&limit=5000
DIA,2020-01-24,292.54,292.77,288.34,289.8,3612534,,https://api.nasdaq.com/api/quote/DIA/historical?assetclass=etf&fromdate=2016-07-26&todate=2026-07-26&limit=5000
DIA,2020-01-27,284.85,286.645,283.86,285.36,4129077,,https://api.nasdaq.com/api/quote/DIA/historical?assetclass=etf&fromdate=2016-07-26&todate=2026-07-26&limit=5000
DIA,2020-01-28,286.22,288.19,285.75,287.29,2999200,,https://api.nasdaq.com/api/quote/DIA/historical?assetclass=etf&fromdate=2016-07-26&todate=2026-07-26&limit=5000
DIA,2020-01-29,288.99,289.28,287.2139,287.29,2137029,,https://api.nasdaq.com/api/quote/DIA/historical?assetclass=etf&fromdate=2016-07-26&todate=2026-07-26&limit=5000
DIA,2020-01-30,285.67,288.77,284.85,288.54,3433177,,https://api.nasdaq.com/api/quote/DIA/historical?assetclass=etf&fromdate=2016-07-26&todate=2026-07-26&limit=5000
DIA,2020-01-31,286.96,287.23,281.61,282.42,4885660,,https://api.nasdaq.com/api/quote/DIA/historical?assetclass=etf&fromdate=2016-07-26&todate=2026-07-26&limit=5000
DIA,2020-02-03,283.69,286.26,283.5006,283.98,3169335,,https://api.nasdaq.com/api/quote/DIA/historical?assetclass=etf&fromdate=2016-07-26&todate=2026-07-26&limit=5000
DIA,2020-02-04,287.68,289,287.4238,288.04,3004116,,https://api.nasdaq.com/api/quote/DIA/historical?assetclass=etf&fromdate=2016-07-26&todate=2026-07-26&limit=5000
DIA,2020-02-05,290.76,293.04,289.95,292.86,3305903,,https://api.nasdaq.com/api/quote/DIA/historical?assetclass=etf&fromdate=2016-07-26&todate=2026-07-26&limit=5000
DIA,2020-02-06,294.02,294.14,292.45,293.74,2857207,,https://api.nasdaq.com/api/quote/DIA/historical?assetclass=etf&fromdate=2016-07-26&todate=2026-07-26&limit=5000
DIA,2020-02-07,292.76,292.81,290.66,291.19,3839279,,https://api.nasdaq.com/api/quote/DIA/historical?assetclass=etf&fromdate=2016-07-26&todate=2026-07-26&limit=5000
DIA,2020-02-10,290.2,292.96,290.16,292.95,2877674,,https://api.nasdaq.com/api/quote/DIA/historical?assetclass=etf&fromdate=2016-07-26&todate=2026-07-26&limit=5000
DIA,2020-02-11,294.35,294.42,292.28,292.94,1994456,,https://api.nasdaq.com/api/quote/DIA/historical?assetclass=etf&fromdate=2016-07-26&todate=2026-07-26&limit=5000
DIA,2020-02-12,294.63,295.87,294.53,295.72,2804383,,https://api.nasdaq.com/api/quote/DIA/historical?assetclass=etf&fromdate=2016-07-26&todate=2026-07-26&limit=5000
DIA,2020-02-13,294.39,295.84,293.92,294.82,2637966,,https://api.nasdaq.com/api/quote/DIA/historical?assetclass=etf&fromdate=2016-07-26&todate=2026-07-26&limit=5000
DIA,2020-02-14,294.97,295.13,293.4,294.54,1861714,,https://api.nasdaq.com/api/quote/DIA/historical?assetclass=etf&fromdate=2016-07-26&todate=2026-07-26&limit=5000
DIA,2020-02-18,293.15,293.88,291.76,292.95,2414999,,https://api.nasdaq.com/api/quote/DIA/historical?assetclass=etf&fromdate=2016-07-26&todate=2026-07-26&limit=5000
DIA,2020-02-19,293.77,294.72,293.385,294.1,1474385,,https://api.nasdaq.com/api/quote/DIA/historical?assetclass=etf&fromdate=2016-07-26&todate=2026-07-26&limit=5000
DIA,2020-02-20,293.56,294.2925,290.17,292.78,3493860,,https://api.nasdaq.com/api/quote/DIA/historical?assetclass=etf&fromdate=2016-07-26&todate=2026-07-26&limit=5000
DIA,2020-02-21,290.8,291.05,288.75,289.74,3272935,,https://api.nasdaq.com/api/quote/DIA/historical?assetclass=etf&fromdate=2016-07-26&todate=2026-07-26&limit=5000
DIA,2020-02-24,280.33,282.7799,278.97,279.56,6595237,,https://api.nasdaq.com/api/quote/DIA/historical?assetclass=etf&fromdate=2016-07-26&todate=2026-07-26&limit=5000
DIA,2020-02-25,280.8,281.36,269.8835,270.7,9903677,,https://api.nasdaq.com/api/quote/DIA/historical?assetclass=etf&fromdate=2016-07-26&todate=2026-07-26&limit=5000
DIA,2020-02-26,271.99,275.31,268.83,269.74,7514831,,https://api.nasdaq.com/api/quote/DIA/historical?assetclass=etf&fromdate=2016-07-26&todate=2026-07-26&limit=5000
DIA,2020-02-27,264.86,267.73,257.39,257.5,11188870,,https://api.nasdaq.com/api/quote/DIA/historical?assetclass=etf&fromdate=2016-07-26&todate=2026-07-26&limit=5000
DIA,2020-02-28,250.52,255.12,247,254.56,17555120,,https://api.nasdaq.com/api/quote/DIA/historical?assetclass=etf&fromdate=2016-07-26&todate=2026-07-26&limit=5000
DIA,2020-03-02,256.71,267.25,254.06,267.03,8544492,,https://api.nasdaq.com/api/quote/DIA/historical?assetclass=etf&fromdate=2016-07-26&todate=2026-07-26&limit=5000
DIA,2020-03-03,267.8,271.02,257.18,259.3,11482600,,https://api.nasdaq.com/api/quote/DIA/historical?assetclass=etf&fromdate=2016-07-26&todate=2026-07-26&limit=5000
DIA,2020-03-04,265.45,271.11,262.96,270.89,5408059,,https://api.nasdaq.com/api/quote/DIA/historical?assetclass=etf&fromdate=2016-07-26&todate=2026-07-26&limit=5000
DIA,2020-03-05,264.27,266.5299,259.56,261.46,5872852,,https://api.nasdaq.com/api/quote/DIA/historical?assetclass=etf&fromdate=2016-07-26&todate=2026-07-26&limit=5000
DIA,2020-03-06,253.67,260.1,252.43,258.85,7372397,,https://api.nasdaq.com/api/quote/DIA/historical?assetclass=etf&fromdate=2016-07-26&todate=2026-07-26&limit=5000
DIA,2020-03-09,241.5,247.0714,237.1701,238.72,10406910,,https://api.nasdaq.com/api/quote/DIA/historical?assetclass=etf&fromdate=2016-07-26&todate=2026-07-26&limit=5000
DIA,2020-03-10,247.29,250.54,237.09,250.47,9407066,,https://api.nasdaq.com/api/quote/DIA/historical?assetclass=etf&fromdate=2016-07-26&todate=2026-07-26&limit=5000
DIA,2020-03-11,243.54,244.91,233.6,235.84,7732616,,https://api.nasdaq.com/api/quote/DIA/historical?assetclass=etf&fromdate=2016-07-26&todate=2026-07-26&limit=5000
DIA,2020-03-12,220.5,229,211.83,212.11,17322590,,https://api.nasdaq.com/api/quote/DIA/historical?assetclass=etf&fromdate=2016-07-26&todate=2026-07-26&limit=5000
DIA,2020-03-13,225.65,232.48,213.2946,232.11,13676020,,https://api.nasdaq.com/api/quote/DIA/historical?assetclass=etf&fromdate=2016-07-26&todate=2026-07-26&limit=5000
DIA,2020-03-16,206.5,218.31,201.51,202.49,12407030,,https://api.nasdaq.com/api/quote/DIA/historical?assetclass=etf&fromdate=2016-07-26&todate=2026-07-26&limit=5000
DIA,2020-03-17,207.01,214.47,199.35,213.47,16128070,,https://api.nasdaq.com/api/quote/DIA/historical?assetclass=etf&fromdate=2016-07-26&todate=2026-07-26&limit=5000
DIA,2020-03-18,199.07,205.44,189.67,199.39,13369840,,https://api.nasdaq.com/api/quote/DIA/historical?assetclass=etf&fromdate=2016-07-26&todate=2026-07-26&limit=5000
DIA,2020-03-19,198.37,204.98,192.32,201.31,13532070,,https://api.nasdaq.com/api/quote/DIA/historical?assetclass=etf&fromdate=2016-07-26&todate=2026-07-26&limit=5000
DIA,2020-03-20,203.29,205.29,191,191.9,12205980,,https://api.nasdaq.com/api/quote/DIA/historical?assetclass=etf&fromdate=2016-07-26&todate=2026-07-26&limit=5000
DIA,2020-03-23,190.13,191.2,182.1,186.13,15712330,,https://api.nasdaq.com/api/quote/DIA/historical?assetclass=etf&fromdate=2016-07-26&todate=2026-07-26&limit=5000
DIA,2020-03-24,196.27,207.21,196.205,206.64,14123620,,https://api.nasdaq.com/api/quote/DIA/historical?assetclass=etf&fromdate=2016-07-26&todate=2026-07-26&limit=5000
DIA,2020-03-25,210.57,220.17,205.32,212.06,17556070,,https://api.nasdaq.com/api/quote/DIA/historical?assetclass=etf&fromdate=2016-07-26&todate=2026-07-26&limit=5000
DIA,2020-03-26,214.43,225.87,214.01,225.07,16071890,,https://api.nasdaq.com/api/quote/DIA/historical?assetclass=etf&fromdate=2016-07-26&todate=2026-07-26&limit=5000
DIA,2020-03-27,217.61,223.26,214.57,216.35,10545570,,https://api.nasdaq.com/api/quote/DIA/historical?assetclass=etf&fromdate=2016-07-26&todate=2026-07-26&limit=5000
DIA,2020-03-30,217.36,223.72,215.1,223.1,7691810,,https://api.nasdaq.com/api/quote/DIA/historical?assetclass=etf&fromdate=2016-07-26&todate=2026-07-26&limit=5000
DIA,2020-03-31,221.95,224.75,218.44,219.23,8426574,,https://api.nasdaq.com/api/quote/DIA/historical?assetclass=etf&fromdate=2016-07-26&todate=2026-07-26&limit=5000
DIA,2020-04-01,210.65,214.78,207.767,209.38,8570347,,https://api.nasdaq.com/api/quote/DIA/historical?assetclass=etf&fromdate=2016-07-26&todate=2026-07-26&limit=5000
DIA,2020-04-02,208.31,214.79,207.18,213.96,8231894,,https://api.nasdaq.com/api/quote/DIA/historical?assetclass=etf&fromdate=2016-07-26&todate=2026-07-26&limit=5000
DIA,2020-04-03,212.73,214.55,208.69,210.6,6664520,,https://api.nasdaq.com/api/quote/DIA/historical?assetclass=etf&fromdate=2016-07-26&todate=2026-07-26&limit=5000
DIA,2020-04-06,218.95,227.91,218.12,226.53,10322480,,https://api.nasdaq.com/api/quote/DIA/historical?assetclass=etf&fromdate=2016-07-26&todate=2026-07-26&limit=5000
DIA,2020-04-07,235.46,236.16,226.45,226.6,10857730,,https://api.nasdaq.com/api/quote/DIA/historical?assetclass=etf&fromdate=2016-07-26&todate=2026-07-26&limit=5000
DIA,2020-04-08,229.14,235.25,226.84,234.33,7010161,,https://api.nasdaq.com/api/quote/DIA/historical?assetclass=etf&fromdate=2016-07-26&todate=2026-07-26&limit=5000
DIA,2020-04-09,237.84,240.19,235.105,237.14,9418378,,https://api.nasdaq.com/api/quote/DIA/historical?assetclass=etf&fromdate=2016-07-26&todate=2026-07-26&limit=5000
DIA,2020-04-13,236.41,236.69,230.96,233.96,6761902,,https://api.nasdaq.com/api/quote/DIA/historical?assetclass=etf&fromdate=2016-07-26&todate=2026-07-26&limit=5000
DIA,2020-04-14,238.7,240.47,236.88,239.68,5391925,,https://api.nasdaq.com/api/quote/DIA/historical?assetclass=etf&fromdate=2016-07-26&todate=2026-07-26&limit=5000
DIA,2020-04-15,234.48,236.58,232.3908,235.08,6828004,,https://api.nasdaq.com/api/quote/DIA/historical?assetclass=etf&fromdate=2016-07-26&todate=2026-07-26&limit=5000
DIA,2020-04-16,235.7,236.06,232.18,235.34,6126358,,https://api.nasdaq.com/api/quote/DIA/historical?assetclass=etf&fromdate=2016-07-26&todate=2026-07-26&limit=5000
DIA,2020-04-17,241.6,242.6598,238.25,242.43,5924520,,https://api.nasdaq.com/api/quote/DIA/historical?assetclass=etf&fromdate=2016-07-26&todate=2026-07-26&limit=5000
DIA,2020-04-20,238.24,241.11,236.26,236.64,7357417,,https://api.nasdaq.com/api/quote/DIA/historical?assetclass=etf&fromdate=2016-07-26&todate=2026-07-26&limit=5000
DIA,2020-04-21,231.33,233.34,229.41,230.22,6571408,,https://api.nasdaq.com/api/quote/DIA/historical?assetclass=etf&fromdate=2016-07-26&todate=2026-07-26&limit=5000
DIA,2020-04-22,234.4,236.27,233.39,234.77,4323892,,https://api.nasdaq.com/api/quote/DIA/historical?assetclass=etf&fromdate=2016-07-26&todate=2026-07-26&limit=5000
DIA,2020-04-23,235.51,238.92,234.83,235.07,6364822,,https://api.nasdaq.com/api/quote/DIA/historical?assetclass=etf&fromdate=2016-07-26&todate=2026-07-26&limit=5000
DIA,2020-04-24,236.61,238.33,234.2,237.83,3572511,,https://api.nasdaq.com/api/quote/DIA/historical?assetclass=etf&fromdate=2016-07-26&todate=2026-07-26&limit=5000
DIA,2020-04-27,239.12,242.19,238.45,241.32,3632509,,https://api.nasdaq.com/api/quote/DIA/historical?assetclass=etf&fromdate=2016-07-26&todate=2026-07-26&limit=5000
DIA,2020-04-28,245.01,245.16,240.36,241.09,4709897,,https://api.nasdaq.com/api/quote/DIA/historical?assetclass=etf&fromdate=2016-07-26&todate=2026-07-26&limit=5000
DIA,2020-04-29,245.48,247.665,244.2,246.45,5015346,,https://api.nasdaq.com/api/quote/DIA/historical?assetclass=etf&fromdate=2016-07-26&todate=2026-07-26&limit=5000
DIA,2020-04-30,244.2,245.17,241.91,243.22,4928857,,https://api.nasdaq.com/api/quote/DIA/historical?assetclass=etf&fromdate=2016-07-26&todate=2026-07-26&limit=5000
DIA,2020-05-01,239.58,240.33,236.5,237.28,4723466,,https://api.nasdaq.com/api/quote/DIA/historical?assetclass=etf&fromdate=2016-07-26&todate=2026-07-26&limit=5000
DIA,2020-05-04,235.21,237.7497,233.64,237.42,3845484,,https://api.nasdaq.com/api/quote/DIA/historical?assetclass=etf&fromdate=2016-07-26&todate=2026-07-26&limit=5000
DIA,2020-05-05,240.02,241.735,238.7,238.8,3143506,,https://api.nasdaq.com/api/quote/DIA/historical?assetclass=etf&fromdate=2016-07-26&todate=2026-07-26&limit=5000
DIA,2020-05-06,240.34,240.54,236.6017,236.86,3082265,,https://api.nasdaq.com/api/quote/DIA/historical?assetclass=etf&fromdate=2016-07-26&todate=2026-07-26&limit=5000
DIA,2020-05-07,239.24,241.18,238.55,238.91,3411516,,https://api.nasdaq.com/api/quote/DIA/historical?assetclass=etf&fromdate=2016-07-26&todate=2026-07-26&limit=5000
DIA,2020-05-08,242.27,243.8,241.34,243.62,3904446,,https://api.nasdaq.com/api/quote/DIA/historical?assetclass=etf&fromdate=2016-07-26&todate=2026-07-26&limit=5000
DIA,2020-05-11,241.68,243.94,241,242.56,2742952,,https://api.nasdaq.com/api/quote/DIA/historical?assetclass=etf&fromdate=2016-07-26&todate=2026-07-26&limit=5000
DIA,2020-05-12,243.81,244.14,237.94,238.08,6433919,,https://api.nasdaq.com/api/quote/DIA/historical?assetclass=etf&fromdate=2016-07-26&todate=2026-07-26&limit=5000
DIA,2020-05-13,236.96,237.5,231.0233,232.82,7531319,,https://api.nasdaq.com/api/quote/DIA/historical?assetclass=etf&fromdate=2016-07-26&todate=2026-07-26&limit=5000
DIA,2020-05-14,230.08,236.76,228.3,236.75,6964490,,https://api.nasdaq.com/api/quote/DIA/historical?assetclass=etf&fromdate=2016-07-26&todate=2026-07-26&limit=5000
DIA,2020-05-15,234.16,237.25,233.41,236.91,4811095,,https://api.nasdaq.com/api/quote/DIA/historical?assetclass=etf&fromdate=2016-07-26&todate=2026-07-26&limit=5000
DIA,2020-05-18,243.51,247.2,243.361,245.93,5234302,,https://api.nasdaq.com/api/quote/DIA/historical?assetclass=etf&fromdate=2016-07-26&todate=2026-07-26&limit=5000
DIA,2020-05-19,245.45,246.02,242.07,242.22,4404718,,https://api.nasdaq.com/api/quote/DIA/historical?assetclass=etf&fromdate=2016-07-26&todate=2026-07-26&limit=5000
DIA,2020-05-20,245.4,246.58,244.73,245.73,3280550,,https://api.nasdaq.com/api/quote/DIA/historical?assetclass=etf&fromdate=2016-07-26&todate=2026-07-26&limit=5000
DIA,2020-05-21,245.55,247.38,243.88,245.02,3378211,,https://api.nasdaq.com/api/quote/DIA/historical?assetclass=etf&fromdate=2016-07-26&todate=2026-07-26&limit=5000
DIA,2020-05-22,244.91,245.1,243.17,244.88,2521101,,https://api.nasdaq.com/api/quote/DIA/historical?assetclass=etf&fromdate=2016-07-26&todate=2026-07-26&limit=5000
DIA,2020-05-26,250.84,252.02,249.88,250.25,4872320,,https://api.nasdaq.com/api/quote/DIA/historical?assetclass=etf&fromdate=2016-07-26&todate=2026-07-26&limit=5000
DIA,2020-05-27,253.73,255.79,250.33,255.77,5326092,,https://api.nasdaq.com/api/quote/DIA/historical?assetclass=etf&fromdate=2016-07-26&todate=2026-07-26&limit=5000
DIA,2020-05-28,257.87,257.94,253.8877,254.35,4971255,,https://api.nasdaq.com/api/quote/DIA/historical?assetclass=etf&fromdate=2016-07-26&todate=2026-07-26&limit=5000
DIA,2020-05-29,253.27,255.32,250.68,254.29,5132697,,https://api.nasdaq.com/api/quote/DIA/historical?assetclass=etf&fromdate=2016-07-26&todate=2026-07-26&limit=5000
DIA,2020-06-01,253.78,255.55,252.7,255.27,2079746,,https://api.nasdaq.com/api/quote/DIA/historical?assetclass=etf&fromdate=2016-07-26&todate=2026-07-26&limit=5000
DIA,2020-06-02,256.55,257.92,255.71,257.85,3045777,,https://api.nasdaq.com/api/quote/DIA/historical?assetclass=etf&fromdate=2016-07-26&todate=2026-07-26&limit=5000
DIA,2020-06-03,260.35,264,259.66,263.17,5184539,,https://api.nasdaq.com/api/quote/DIA/historical?assetclass=etf&fromdate=2016-07-26&todate=2026-07-26&limit=5000
DIA,2020-06-04,262.37,264.43,261.385,263.33,3937053,,https://api.nasdaq.com/api/quote/DIA/historical?assetclass=etf&fromdate=2016-07-26&todate=2026-07-26&limit=5000
DIA,2020-06-05,270.4,273.95,269.79,271.54,7866818,,https://api.nasdaq.com/api/quote/DIA/historical?assetclass=etf&fromdate=2016-07-26&todate=2026-07-26&limit=5000
DIA,2020-06-08,272.9,276.38,272.9,276.28,4667603,,https://api.nasdaq.com/api/quote/DIA/historical?assetclass=etf&fromdate=2016-07-26&todate=2026-07-26&limit=5000
DIA,2020-06-09,273.24,275.02,272.13,273.38,4632645,,https://api.nasdaq.com/api/quote/DIA/historical?assetclass=etf&fromdate=2016-07-26&todate=2026-07-26&limit=5000
DIA,2020-06-10,273.2,274.1799,270.01,270.46,6531248,,https://api.nasdaq.com/api/quote/DIA/historical?assetclass=etf&fromdate=2016-07-26&todate=2026-07-26&limit=5000
DIA,2020-06-11,262.14,263.51,251.3801,252.03,14257750,,https://api.nasdaq.com/api/quote/DIA/historical?assetclass=etf&fromdate=2016-07-26&todate=2026-07-26&limit=5000
DIA,2020-06-12,259,260.32,251.43,256.74,9817238,,https://api.nasdaq.com/api/quote/DIA/historical?assetclass=etf&fromdate=2016-07-26&todate=2026-07-26&limit=5000
DIA,2020-06-15,250.29,259.6,249.1,258.35,7421335,,https://api.nasdaq.com/api/quote/DIA/historical?assetclass=etf&fromdate=2016-07-26&todate=2026-07-26&limit=5000
DIA,2020-06-16,267.09,267.14,258.69,263.82,9238017,,https://api.nasdaq.com/api/quote/DIA/historical?assetclass=etf&fromdate=2016-07-26&todate=2026-07-26&limit=5000
DIA,2020-06-17,264.61,264.7,261.26,261.82,3669349,,https://api.nasdaq.com/api/quote/DIA/historical?assetclass=etf&fromdate=2016-07-26&todate=2026-07-26&limit=5000
DIA,2020-06-18,260.04,262.26,259.11,261.45,3268725,,https://api.nasdaq.com/api/quote/DIA/historical?assetclass=etf&fromdate=2016-07-26&todate=2026-07-26&limit=5000
DIA,2020-06-19,264.21,264.46,257.61,258.8,5852615,,https://api.nasdaq.com/api/quote/DIA/historical?assetclass=etf&fromdate=2016-07-26&todate=2026-07-26&limit=5000
DIA,2020-06-22,257.88,260.58,256.68,260.32,2823468,,https://api.nasdaq.com/api/quote/DIA/historical?assetclass=etf&fromdate=2016-07-26&todate=2026-07-26&limit=5000
DIA,2020-06-23,262.83,263.15,261.02,261.5,2948032,,https://api.nasdaq.com/api/quote/DIA/historical?assetclass=etf&fromdate=2016-07-26&todate=2026-07-26&limit=5000
DIA,2020-06-24,259.22,259.52,252.94,254.63,5903533,,https://api.nasdaq.com/api/quote/DIA/historical?assetclass=etf&fromdate=2016-07-26&todate=2026-07-26&limit=5000
DIA,2020-06-25,253.34,257.7125,252.06,257.44,4312300,,https://api.nasdaq.com/api/quote/DIA/historical?assetclass=etf&fromdate=2016-07-26&todate=2026-07-26&limit=5000
DIA,2020-06-26,255.65,256.0543,249.7,250.38,5331447,,https://api.nasdaq.com/api/quote/DIA/historical?assetclass=etf&fromdate=2016-07-26&todate=2026-07-26&limit=5000
DIA,2020-06-29,252.18,256.12,250.95,255.91,3759039,,https://api.nasdaq.com/api/quote/DIA/historical?assetclass=etf&fromdate=2016-07-26&todate=2026-07-26&limit=5000
DIA,2020-06-30,255.07,259.05,254.7226,257.87,3667863,,https://api.nasdaq.com/api/quote/DIA/historical?assetclass=etf&fromdate=2016-07-26&todate=2026-07-26&limit=5000
DIA,2020-07-01,258.87,260.2563,257.14,257.31,3575294,,https://api.nasdaq.com/api/quote/DIA/historical?assetclass=etf&fromdate=2016-07-26&todate=2026-07-26&limit=5000
DIA,2020-07-02,261.15,262.17,257.88,258.42,3829965,,https://api.nasdaq.com/api/quote/DIA/historical?assetclass=etf&fromdate=2016-07-26&todate=2026-07-26&limit=5000
DIA,2020-07-06,262.16,263.14,260.87,263,2989142,,https://api.nasdaq.com/api/quote/DIA/historical?assetclass=etf&fromdate=2016-07-26&todate=2026-07-26&limit=5000
DIA,2020-07-07,261.1,261.85,258.78,259.04,2828663,,https://api.nasdaq.com/api/quote/DIA/historical?assetclass=etf&fromdate=2016-07-26&todate=2026-07-26&limit=5000
DIA,2020-07-08,259.64,261.19,258.25,260.72,2837849,,https://api.nasdaq.com/api/quote/DIA/historical?assetclass=etf&fromdate=2016-07-26&todate=2026-07-26&limit=5000
DIA,2020-07-09,260.87,261.189,255.35,257.24,3995584,,https://api.nasdaq.com/api/quote/DIA/historical?assetclass=etf&fromdate=2016-07-26&todate=2026-07-26&limit=5000
DIA,2020-07-10,257.2,261.16,256.46,260.82,3110122,,https://api.nasdaq.com/api/quote/DIA/historical?assetclass=etf&fromdate=2016-07-26&todate=2026-07-26&limit=5000
DIA,2020-07-13,263.06,266.52,260.58,261.04,4875970,,https://api.nasdaq.com/api/quote/DIA/historical?assetclass=etf&fromdate=2016-07-26&todate=2026-07-26&limit=5000
DIA,2020-07-14,260.54,267.05,260.1,266.59,7614334,,https://api.nasdaq.com/api/quote/DIA/historical?assetclass=etf&fromdate=2016-07-26&todate=2026-07-26&limit=5000
DIA,2020-07-15,270.47,270.54,267.05,268.91,5220604,,https://api.nasdaq.com/api/quote/DIA/historical?assetclass=etf&fromdate=2016-07-26&todate=2026-07-26&limit=5000
DIA,2020-07-16,267.16,268.93,266.02,267.47,2478069,,https://api.nasdaq.com/api/quote/DIA/historical?assetclass=etf&fromdate=2016-07-26&todate=2026-07-26&limit=5000
DIA,2020-07-17,267.95,268.07,266.17,266.74,3415083,,https://api.nasdaq.com/api/quote/DIA/historical?assetclass=etf&fromdate=2016-07-26&todate=2026-07-26&limit=5000
DIA,2020-07-20,266.39,267.64,265.03,266.82,4017368,,https://api.nasdaq.com/api/quote/DIA/historical?assetclass=etf&fromdate=2016-07-26&todate=2026-07-26&limit=5000
DIA,2020-07-21,268.82,270.27,267.65,268.34,3179711,,https://api.nasdaq.com/api/quote/DIA/historical?assetclass=etf&fromdate=2016-07-26&todate=2026-07-26&limit=5000
DIA,2020-07-22,267.82,270.35,267.77,269.98,2039285,,https://api.nasdaq.com/api/quote/DIA/historical?assetclass=etf&fromdate=2016-07-26&todate=2026-07-26&limit=5000
DIA,2020-07-23,269.64,269.78,265.62,266.69,2838003,,https://api.nasdaq.com/api/quote/DIA/historical?assetclass=etf&fromdate=2016-07-26&todate=2026-07-26&limit=5000
DIA,2020-07-24,265.15,266.3399,264.05,264.69,2637694,,https://api.nasdaq.com/api/quote/DIA/historical?assetclass=etf&fromdate=2016-07-26&todate=2026-07-26&limit=5000
DIA,2020-07-27,264.77,266.31,264.35,265.95,2637853,,https://api.nasdaq.com/api/quote/DIA/historical?assetclass=etf&fromdate=2016-07-26&todate=2026-07-26&limit=5000
DIA,2020-07-28,264.92,265.61,263.63,263.93,1989345,,https://api.nasdaq.com/api/quote/DIA/historical?assetclass=etf&fromdate=2016-07-26&todate=2026-07-26&limit=5000
DIA,2020-07-29,264.19,266.07,263.8,265.5,1917868,,https://api.nasdaq.com/api/quote/DIA/historical?assetclass=etf&fromdate=2016-07-26&todate=2026-07-26&limit=5000
DIA,2020-07-30,262.48,263.82,259.941,263.28,3055612,,https://api.nasdaq.com/api/quote/DIA/historical?assetclass=etf&fromdate=2016-07-26&todate=2026-07-26&limit=5000
DIA,2020-07-31,263.76,264.49,260.18,264.35,3317252,,https://api.nasdaq.com/api/quote/DIA/historical?assetclass=etf&fromdate=2016-07-26&todate=2026-07-26&limit=5000
DIA,2020-08-03,265.67,267.15,265.35,266.72,2570812,,https://api.nasdaq.com/api/quote/DIA/historical?assetclass=etf&fromdate=2016-07-26&todate=2026-07-26&limit=5000
DIA,2020-08-04,266.29,268.42,266.03,268.41,1909762,,https://api.nasdaq.com/api/quote/DIA/historical?assetclass=etf&fromdate=2016-07-26&todate=2026-07-26&limit=5000
DIA,2020-08-05,269.99,272.27,269.9,272,2133451,,https://api.nasdaq.com/api/quote/DIA/historical?assetclass=etf&fromdate=2016-07-26&todate=2026-07-26&limit=5000
DIA,2020-08-06,271.63,274.03,271.57,273.9,1948108,,https://api.nasdaq.com/api/quote/DIA/historical?assetclass=etf&fromdate=2016-07-26&todate=2026-07-26&limit=5000
DIA,2020-08-07,273.23,274.82,272.475,274.62,2311296,,https://api.nasdaq.com/api/quote/DIA/historical?assetclass=etf&fromdate=2016-07-26&todate=2026-07-26&limit=5000
DIA,2020-08-10,275.51,278.28,275.48,278.14,2313886,,https://api.nasdaq.com/api/quote/DIA/historical?assetclass=etf&fromdate=2016-07-26&todate=2026-07-26&limit=5000
DIA,2020-08-11,280.9,281.78,276.47,277.19,4546407,,https://api.nasdaq.com/api/quote/DIA/historical?assetclass=etf&fromdate=2016-07-26&todate=2026-07-26&limit=5000
DIA,2020-08-12,279.84,280.74,278.72,280.04,2650851,,https://api.nasdaq.com/api/quote/DIA/historical?assetclass=etf&fromdate=2016-07-26&todate=2026-07-26&limit=5000
DIA,2020-08-13,279.13,280.22,278.2262,279.42,1668346,,https://api.nasdaq.com/api/quote/DIA/historical?assetclass=etf&fromdate=2016-07-26&todate=2026-07-26&limit=5000
DIA,2020-08-14,278.23,280.1599,277.9,279.8,2247041,,https://api.nasdaq.com/api/quote/DIA/historical?assetclass=etf&fromdate=2016-07-26&todate=2026-07-26&limit=5000
DIA,2020-08-17,280.14,280.25,278.5,278.95,2436887,,https://api.nasdaq.com/api/quote/DIA/historical?assetclass=etf&fromdate=2016-07-26&todate=2026-07-26&limit=5000
DIA,2020-08-18,279.1,279.37,277.11,278.2,1678320,,https://api.nasdaq.com/api/quote/DIA/historical?assetclass=etf&fromdate=2016-07-26&todate=2026-07-26&limit=5000
DIA,2020-08-19,278.68,279.74,276.97,277.43,3374281,,https://api.nasdaq.com/api/quote/DIA/historical?assetclass=etf&fromdate=2016-07-26&todate=2026-07-26&limit=5000
DIA,2020-08-20,276.04,278.34,275.87,277.87,2063727,,https://api.nasdaq.com/api/quote/DIA/historical?assetclass=etf&fromdate=2016-07-26&todate=2026-07-26&limit=5000
DIA,2020-08-21,277.04,279.61,276.86,279.29,2601159,,https://api.nasdaq.com/api/quote/DIA/historical?assetclass=etf&fromdate=2016-07-26&todate=2026-07-26&limit=5000
DIA,2020-08-24,281.72,283.25,280.47,283.18,2622765,,https://api.nasdaq.com/api/quote/DIA/historical?assetclass=etf&fromdate=2016-07-26&todate=2026-07-26&limit=5000
DIA,2020-08-25,284.23,284.23,281.02,282.62,3346049,,https://api.nasdaq.com/api/quote/DIA/historical?assetclass=etf&fromdate=2016-07-26&todate=2026-07-26&limit=5000
DIA,2020-08-26,282.61,283.61,281.57,283.43,2647495,,https://api.nasdaq.com/api/quote/DIA/historical?assetclass=etf&fromdate=2016-07-26&todate=2026-07-26&limit=5000
DIA,2020-08-27,284.44,286.45,283.68,285.04,3432795,,https://api.nasdaq.com/api/quote/DIA/historical?assetclass=etf&fromdate=2016-07-26&todate=2026-07-26&limit=5000
DIA,2020-08-28,286.23,287.45,285,286.7,2715534,,https://api.nasdaq.com/api/quote/DIA/historical?assetclass=etf&fromdate=2016-07-26&todate=2026-07-26&limit=5000
DIA,2020-08-31,286.26,286.34,283.8919,284.28,4070137,,https://api.nasdaq.com/api/quote/DIA/historical?assetclass=etf&fromdate=2016-07-26&todate=2026-07-26&limit=5000
DIA,2020-09-01,283.73,286.93,283.17,286.79,3036302,,https://api.nasdaq.com/api/quote/DIA/historical?assetclass=etf&fromdate=2016-07-26&todate=2026-07-26&limit=5000
DIA,2020-09-02,288.08,292.06,287.6,291.21,3464294,,https://api.nasdaq.com/api/quote/DIA/historical?assetclass=etf&fromdate=2016-07-26&todate=2026-07-26&limit=5000
DIA,2020-09-03,290.97,292.36,281.1,283.34,6118525,,https://api.nasdaq.com/api/quote/DIA/historical?assetclass=etf&fromdate=2016-07-26&todate=2026-07-26&limit=5000
DIA,2020-09-04,284.91,285.79,277.01,281.77,7145822,,https://api.nasdaq.com/api/quote/DIA/historical?assetclass=etf&fromdate=2016-07-26&todate=2026-07-26&limit=5000
DIA,2020-09-08,278.82,278.83,275.0105,275.42,4780144,,https://api.nasdaq.com/api/quote/DIA/historical?assetclass=etf&fromdate=2016-07-26&todate=2026-07-26&limit=5000
DIA,2020-09-09,278.09,282.49,277.39,279.85,3488892,,https://api.nasdaq.com/api/quote/DIA/historical?assetclass=etf&fromdate=2016-07-26&todate=2026-07-26&limit=5000
DIA,2020-09-10,281.13,282.17,274.85,275.79,3455758,,https://api.nasdaq.com/api/quote/DIA/historical?assetclass=etf&fromdate=2016-07-26&todate=2026-07-26&limit=5000
DIA,2020-09-11,276.95,278.82,274.96,277.09,2787455,,https://api.nasdaq.com/api/quote/DIA/historical?assetclass=etf&fromdate=2016-07-26&todate=2026-07-26&limit=5000
DIA,2020-09-14,278.92,281.43,278.6721,280.53,2371734,,https://api.nasdaq.com/api/quote/DIA/historical?assetclass=etf&fromdate=2016-07-26&todate=2026-07-26&limit=5000
DIA,2020-09-15,282.42,282.9,279.88,280.58,2331755,,https://api.nasdaq.com/api/quote/DIA/historical?assetclass=etf&fromdate=2016-07-26&todate=2026-07-26&limit=5000
DIA,2020-09-16,281.54,284.2334,280.7803,281.03,2668303,,https://api.nasdaq.com/api/quote/DIA/historical?assetclass=etf&fromdate=2016-07-26&todate=2026-07-26&limit=5000
DIA,2020-09-17,277.69,281.15,277.09,279.57,3305288,,https://api.nasdaq.com/api/quote/DIA/historical?assetclass=etf&fromdate=2016-07-26&todate=2026-07-26&limit=5000
DIA,2020-09-18,279.02,279.4,274.7731,276.52,3156714,,https://api.nasdaq.com/api/quote/DIA/historical?assetclass=etf&fromdate=2016-07-26&todate=2026-07-26&limit=5000
DIA,2020-09-21,271.58,272.17,267.05,271.44,5936941,,https://api.nasdaq.com/api/quote/DIA/historical?assetclass=etf&fromdate=2016-07-26&todate=2026-07-26&limit=5000
DIA,2020-09-22,271.67,273.24,269.79,272.81,3169838,,https://api.nasdaq.com/api/quote/DIA/historical?assetclass=etf&fromdate=2016-07-26&todate=2026-07-26&limit=5000
DIA,2020-09-23,274.18,274.59,267.08,267.58,3575918,,https://api.nasdaq.com/api/quote/DIA/historical?assetclass=etf&fromdate=2016-07-26&todate=2026-07-26&limit=5000
DIA,2020-09-24,266.86,270.8777,265.27,268.1,4432082,,https://api.nasdaq.com/api/quote/DIA/historical?assetclass=etf&fromdate=2016-07-26&todate=2026-07-26&limit=5000
DIA,2020-09-25,266.76,272.31,266.23,271.7,3606821,,https://api.nasdaq.com/api/quote/DIA/historical?assetclass=etf&fromdate=2016-07-26&todate=2026-07-26&limit=5000
DIA,2020-09-28,275.26,277.12,274.72,275.9,2790187,,https://api.nasdaq.com/api/quote/DIA/historical?assetclass=etf&fromdate=2016-07-26&todate=2026-07-26&limit=5000
DIA,2020-09-29,275.6,275.98,273.29,274.42,1980155,,https://api.nasdaq.com/api/quote/DIA/historical?assetclass=etf&fromdate=2016-07-26&todate=2026-07-26&limit=5000
DIA,2020-09-30,275,280.17,275,277.5,4028462,,https://api.nasdaq.com/api/quote/DIA/historical?assetclass=etf&fromdate=2016-07-26&todate=2026-07-26&limit=5000
DIA,2020-10-01,279.33,280.35,276.57,278.14,2967993,,https://api.nasdaq.com/api/quote/DIA/historical?assetclass=etf&fromdate=2016-07-26&todate=2026-07-26&limit=5000
DIA,2020-10-02,274.17,278.51,273.6,276.8,4771602,,https://api.nasdaq.com/api/quote/DIA/historical?assetclass=etf&fromdate=2016-07-26&todate=2026-07-26&limit=5000
DIA,2020-10-05,278.79,281.59,278.75,281.51,1862496,,https://api.nasdaq.com/api/quote/DIA/historical?assetclass=etf&fromdate=2016-07-26&todate=2026-07-26&limit=5000
DIA,2020-10-06,282.54,283.52,277.24,277.72,4364415,,https://api.nasdaq.com/api/quote/DIA/historical?assetclass=etf&fromdate=2016-07-26&todate=2026-07-26&limit=5000
DIA,2020-10-07,280.28,283.67,280.23,282.92,2422621,,https://api.nasdaq.com/api/quote/DIA/historical?assetclass=etf&fromdate=2016-07-26&todate=2026-07-26&limit=5000
DIA,2020-10-08,284.52,284.68,282.69,284.29,2147964,,https://api.nasdaq.com/api/quote/DIA/historical?assetclass=etf&fromdate=2016-07-26&todate=2026-07-26&limit=5000
DIA,2020-10-09,285.61,286.81,284.41,285.93,2549141,,https://api.nasdaq.com/api/quote/DIA/historical?assetclass=etf&fromdate=2016-07-26&todate=2026-07-26&limit=5000
DIA,2020-10-12,286.95,289.61,286.68,288.46,2534786,,https://api.nasdaq.com/api/quote/DIA/historical?assetclass=etf&fromdate=2016-07-26&todate=2026-07-26&limit=5000
DIA,2020-10-13,287.66,288.1099,286.02,286.74,2430643,,https://api.nasdaq.com/api/quote/DIA/historical?assetclass=etf&fromdate=2016-07-26&todate=2026-07-26&limit=5000
DIA,2020-10-14,287.22,287.95,284.58,285.13,2269823,,https://api.nasdaq.com/api/quote/DIA/historical?assetclass=etf&fromdate=2016-07-26&todate=2026-07-26&limit=5000
DIA,2020-10-15,282.03,285.4,281.66,285.04,3134929,,https://api.nasdaq.com/api/quote/DIA/historical?assetclass=etf&fromdate=2016-07-26&todate=2026-07-26&limit=5000
DIA,2020-10-16,286.24,288.37,285.89,285.97,2412674,,https://api.nasdaq.com/api/quote/DIA/historical?assetclass=etf&fromdate=2016-07-26&todate=2026-07-26&limit=5000
DIA,2020-10-19,286.64,287.06,281.28,282.03,2837641,,https://api.nasdaq.com/api/quote/DIA/historical?assetclass=etf&fromdate=2016-07-26&todate=2026-07-26&limit=5000
DIA,2020-10-20,283.16,285.66,282.25,282.95,3338994,,https://api.nasdaq.com/api/quote/DIA/historical?assetclass=etf&fromdate=2016-07-26&todate=2026-07-26&limit=5000
DIA,2020-10-21,282.54,284.47,281.83,281.97,2907083,,https://api.nasdaq.com/api/quote/DIA/historical?assetclass=etf&fromdate=2016-07-26&todate=2026-07-26&limit=5000
DIA,2020-10-22,282.1,284.16,280.3001,283.65,2324172,,https://api.nasdaq.com/api/quote/DIA/historical?assetclass=etf&fromdate=2016-07-26&todate=2026-07-26&limit=5000
DIA,2020-10-23,284.45,284.54,281.51,283.34,2161005,,https://api.nasdaq.com/api/quote/DIA/historical?assetclass=etf&fromdate=2016-07-26&todate=2026-07-26&limit=5000
DIA,2020-10-26,280.14,280.39,273.7,277,5140625,,https://api.nasdaq.com/api/quote/DIA/historical?assetclass=etf&fromdate=2016-07-26&todate=2026-07-26&limit=5000
DIA,2020-10-27,276.95,277.07,274.6,274.66,3029773,,https://api.nasdaq.com/api/quote/DIA/historical?assetclass=etf&fromdate=2016-07-26&todate=2026-07-26&limit=5000
DIA,2020-10-28,269,270.75,265.02,265.48,5815157,,https://api.nasdaq.com/api/quote/DIA/historical?assetclass=etf&fromdate=2016-07-26&todate=2026-07-26&limit=5000
DIA,2020-10-29,265.13,268.94,262.81,266.59,5479384,,https://api.nasdaq.com/api/quote/DIA/historical?assetclass=etf&fromdate=2016-07-26&todate=2026-07-26&limit=5000
DIA,2020-10-30,265.03,266.32,261.41,265.06,5278983,,https://api.nasdaq.com/api/quote/DIA/historical?assetclass=etf&fromdate=2016-07-26&todate=2026-07-26&limit=5000
DIA,2020-11-02,268.9,270.5,266.93,269.2,5062870,,https://api.nasdaq.com/api/quote/DIA/historical?assetclass=etf&fromdate=2016-07-26&todate=2026-07-26&limit=5000
DIA,2020-11-03,272.66,276.43,272.2,274.65,4343013,,https://api.nasdaq.com/api/quote/DIA/historical?assetclass=etf&fromdate=2016-07-26&todate=2026-07-26&limit=5000
DIA,2020-11-04,275.9,283.06,275.5601,278.51,6766381,,https://api.nasdaq.com/api/quote/DIA/historical?assetclass=etf&fromdate=2016-07-26&todate=2026-07-26&limit=5000
DIA,2020-11-05,282.29,284.9599,282.07,283.91,4316166,,https://api.nasdaq.com/api/quote/DIA/historical?assetclass=etf&fromdate=2016-07-26&todate=2026-07-26&limit=5000
DIA,2020-11-06,283.95,284.38,281.89,283.22,3078245,,https://api.nasdaq.com/api/quote/DIA/historical?assetclass=etf&fromdate=2016-07-26&todate=2026-07-26&limit=5000
DIA,2020-11-09,298.61,299.49,291.39,291.72,10839330,,https://api.nasdaq.com/api/quote/DIA/historical?assetclass=etf&fromdate=2016-07-26&todate=2026-07-26&limit=5000
DIA,2020-11-10,293.3,294.96,291.4,294.51,4354521,,https://api.nasdaq.com/api/quote/DIA/historical?assetclass=etf&fromdate=2016-07-26&todate=2026-07-26&limit=5000
DIA,2020-11-11,296.07,296.14,292.93,294.11,2910419,,https://api.nasdaq.com/api/quote/DIA/historical?assetclass=etf&fromdate=2016-07-26&todate=2026-07-26&limit=5000
DIA,2020-11-12,292.22,293.32,289.19,291.05,4401456,,https://api.nasdaq.com/api/quote/DIA/historical?assetclass=etf&fromdate=2016-07-26&todate=2026-07-26&limit=5000
DIA,2020-11-13,292.97,295.9235,292.42,295.15,3102834,,https://api.nasdaq.com/api/quote/DIA/historical?assetclass=etf&fromdate=2016-07-26&todate=2026-07-26&limit=5000
DIA,2020-11-16,299.28,300.08,297.568,299.98,4615039,,https://api.nasdaq.com/api/quote/DIA/historical?assetclass=etf&fromdate=2016-07-26&todate=2026-07-26&limit=5000
DIA,2020-11-17,297.31,299.15,295.6,298.31,4049164,,https://api.nasdaq.com/api/quote/DIA/historical?assetclass=etf&fromdate=2016-07-26&todate=2026-07-26&limit=5000
DIA,2020-11-18,299.2,299.75,294.76,294.76,3566443,,https://api.nasdaq.com/api/quote/DIA/historical?assetclass=etf&fromdate=2016-07-26&todate=2026-07-26&limit=5000
DIA,2020-11-19,294.06,295.81,292.9,295.33,3266622,,https://api.nasdaq.com/api/quote/DIA/historical?assetclass=etf&fromdate=2016-07-26&todate=2026-07-26&limit=5000
DIA,2020-11-20,294.22,294.5895,292.2,292.53,3092546,,https://api.nasdaq.com/api/quote/DIA/historical?assetclass=etf&fromdate=2016-07-26&todate=2026-07-26&limit=5000
DIA,2020-11-23,294.26,296.65,293.48,295.89,2855621,,https://api.nasdaq.com/api/quote/DIA/historical?assetclass=etf&fromdate=2016-07-26&todate=2026-07-26&limit=5000
DIA,2020-11-24,298.94,301.11,298.3,300.43,4022685,,https://api.nasdaq.com/api/quote/DIA/historical?assetclass=etf&fromdate=2016-07-26&todate=2026-07-26&limit=5000
DIA,2020-11-25,299.95,300.04,298.05,298.74,2629180,,https://api.nasdaq.com/api/quote/DIA/historical?assetclass=etf&fromdate=2016-07-26&todate=2026-07-26&limit=5000
DIA,2020-11-27,299.44,300.2,298.1701,299.24,1518004,,https://api.nasdaq.com/api/quote/DIA/historical?assetclass=etf&fromdate=2016-07-26&todate=2026-07-26&limit=5000
DIA,2020-11-30,297.52,297.8,294.75,296.62,4159303,,https://api.nasdaq.com/api/quote/DIA/historical?assetclass=etf&fromdate=2016-07-26&todate=2026-07-26&limit=5000
DIA,2020-12-01,299.73,301.0099,298.18,298.44,2865731,,https://api.nasdaq.com/api/quote/DIA/historical?assetclass=etf&fromdate=2016-07-26&todate=2026-07-26&limit=5000
DIA,2020-12-02,297.1,299.34,296.35,299.18,2481696,,https://api.nasdaq.com/api/quote/DIA/historical?assetclass=etf&fromdate=2016-07-26&todate=2026-07-26&limit=5000
DIA,2020-12-03,299.38,301.4,299.0531,300.06,3140866,,https://api.nasdaq.com/api/quote/DIA/historical?assetclass=etf&fromdate=2016-07-26&todate=2026-07-26&limit=5000
DIA,2020-12-04,300.74,302.59,300.6,302.59,2747275,,https://api.nasdaq.com/api/quote/DIA/historical?assetclass=etf&fromdate=2016-07-26&todate=2026-07-26&limit=5000
DIA,2020-12-07,301.77,302.16,300,301.1,2589937,,https://api.nasdaq.com/api/quote/DIA/historical?assetclass=etf&fromdate=2016-07-26&todate=2026-07-26&limit=5000
DIA,2020-12-08,300.01,302.87,299.98,302.2,2205376,,https://api.nasdaq.com/api/quote/DIA/historical?assetclass=etf&fromdate=2016-07-26&todate=2026-07-26&limit=5000
DIA,2020-12-09,303.22,303.6,299.97,300.88,3074513,,https://api.nasdaq.com/api/quote/DIA/historical?assetclass=etf&fromdate=2016-07-26&todate=2026-07-26&limit=5000
DIA,2020-12-10,299.99,301.15,299.2,300.54,2413039,,https://api.nasdaq.com/api/quote/DIA/historical?assetclass=etf&fromdate=2016-07-26&todate=2026-07-26&limit=5000
DIA,2020-12-11,299.43,301.18,298.68,300.93,2454313,,https://api.nasdaq.com/api/quote/DIA/historical?assetclass=etf&fromdate=2016-07-26&todate=2026-07-26&limit=5000
DIA,2020-12-14,303.02,303.799,299,299.1,3646063,,https://api.nasdaq.com/api/quote/DIA/historical?assetclass=etf&fromdate=2016-07-26&todate=2026-07-26&limit=5000
DIA,2020-12-15,300.95,302.94,299.48,302.62,4228573,,https://api.nasdaq.com/api/quote/DIA/historical?assetclass=etf&fromdate=2016-07-26&todate=2026-07-26&limit=5000
DIA,2020-12-16,302.54,302.8721,301.32,302.15,1977342,,https://api.nasdaq.com/api/quote/DIA/historical?assetclass=etf&fromdate=2016-07-26&todate=2026-07-26&limit=5000
DIA,2020-12-17,303.217,303.71,302.85,303.49,3002872,,https://api.nasdaq.com/api/quote/DIA/historical?assetclass=etf&fromdate=2016-07-26&todate=2026-07-26&limit=5000
DIA,2020-12-18,303.07,303.14,300.23,301.9,4442136,,https://api.nasdaq.com/api/quote/DIA/historical?assetclass=etf&fromdate=2016-07-26&todate=2026-07-26&limit=5000
DIA,2020-12-21,298.79,302.97,297.42,302.14,6340751,,https://api.nasdaq.com/api/quote/DIA/historical?assetclass=etf&fromdate=2016-07-26&todate=2026-07-26&limit=5000
DIA,2020-12-22,301.84,301.88,299.8597,300.07,2723542,,https://api.nasdaq.com/api/quote/DIA/historical?assetclass=etf&fromdate=2016-07-26&todate=2026-07-26&limit=5000
DIA,2020-12-23,301.2,302.7899,301.14,301.28,2714356,,https://api.nasdaq.com/api/quote/DIA/historical?assetclass=etf&fromdate=2016-07-26&todate=2026-07-26&limit=5000
DIA,2020-12-24,301.66,302.1,300.93,302.02,1955723,,https://api.nasdaq.com/api/quote/DIA/historical?assetclass=etf&fromdate=2016-07-26&todate=2026-07-26&limit=5000
DIA,2020-12-28,303.69,305.15,303.3517,304,2382440,,https://api.nasdaq.com/api/quote/DIA/historical?assetclass=etf&fromdate=2016-07-26&todate=2026-07-26&limit=5000
DIA,2020-12-29,305.43,305.7,302.64,303.46,2319636,,https://api.nasdaq.com/api/quote/DIA/historical?assetclass=etf&fromdate=2016-07-26&todate=2026-07-26&limit=5000
DIA,2020-12-30,304.11,305.13,303.86,304.13,2081348,,https://api.nasdaq.com/api/quote/DIA/historical?assetclass=etf&fromdate=2016-07-26&todate=2026-07-26&limit=5000
DIA,2020-12-31,304,306.29,303.35,305.79,2796979,,https://api.nasdaq.com/api/quote/DIA/historical?assetclass=etf&fromdate=2016-07-26&todate=2026-07-26&limit=5000
DIA,2021-01-04,306.59,306.66,298.74,302.32,5106635,,https://api.nasdaq.com/api/quote/DIA/historical?assetclass=etf&fromdate=2016-07-26&todate=2026-07-26&limit=5000
DIA,2021-01-05,301.93,305.05,301.38,303.84,3355243,,https://api.nasdaq.com/api/quote/DIA/historical?assetclass=etf&fromdate=2016-07-26&todate=2026-07-26&limit=5000
DIA,2021-01-06,303.75,310.24,303.06,308.21,7290298,,https://api.nasdaq.com/api/quote/DIA/historical?assetclass=etf&fromdate=2016-07-26&todate=2026-07-26&limit=5000
DIA,2021-01-07,309.72,311.98,309.059,310.5,4107942,,https://api.nasdaq.com/api/quote/DIA/historical?assetclass=etf&fromdate=2016-07-26&todate=2026-07-26&limit=5000
DIA,2021-01-08,311.25,311.43,307.99,311.04,3234948,,https://api.nasdaq.com/api/quote/DIA/historical?assetclass=etf&fromdate=2016-07-26&todate=2026-07-26&limit=5000
DIA,2021-01-11,308.49,311,308.42,310.17,2822095,,https://api.nasdaq.com/api/quote/DIA/historical?assetclass=etf&fromdate=2016-07-26&todate=2026-07-26&limit=5000
DIA,2021-01-12,310.18,311.25,308.91,310.74,2290854,,https://api.nasdaq.com/api/quote/DIA/historical?assetclass=etf&fromdate=2016-07-26&todate=2026-07-26&limit=5000
DIA,2021-01-13,310.63,311.6,309.92,310.63,1854424,,https://api.nasdaq.com/api/quote/DIA/historical?assetclass=etf&fromdate=2016-07-26&todate=2026-07-26&limit=5000
DIA,2021-01-14,311.59,312.2683,309.89,310.05,3232381,,https://api.nasdaq.com/api/quote/DIA/historical?assetclass=etf&fromdate=2016-07-26&todate=2026-07-26&limit=5000
DIA,2021-01-15,308.01,309.32,306.03,308.12,4009106,,https://api.nasdaq.com/api/quote/DIA/historical?assetclass=etf&fromdate=2016-07-26&todate=2026-07-26&limit=5000
DIA,2021-01-19,310.36,310.74,308.6,309.32,2781746,,https://api.nasdaq.com/api/quote/DIA/historical?assetclass=etf&fromdate=2016-07-26&todate=2026-07-26&limit=5000
DIA,2021-01-20,310.43,312.3385,309.94,311.77,2398402,,https://api.nasdaq.com/api/quote/DIA/historical?assetclass=etf&fromdate=2016-07-26&todate=2026-07-26&limit=5000
DIA,2021-01-21,312.01,312.7098,311.2,311.87,1938431,,https://api.nasdaq.com/api/quote/DIA/historical?assetclass=etf&fromdate=2016-07-26&todate=2026-07-26&limit=5000
DIA,2021-01-22,309.86,311.02,309.09,309.97,2049721,,https://api.nasdaq.com/api/quote/DIA/historical?assetclass=etf&fromdate=2016-07-26&todate=2026-07-26&limit=5000
DIA,2021-01-25,308.99,309.78,305.62,309.65,4546419,,https://api.nasdaq.com/api/quote/DIA/historical?assetclass=etf&fromdate=2016-07-26&todate=2026-07-26&limit=5000
DIA,2021-01-26,310.54,311.19,309.21,309.39,2256091,,https://api.nasdaq.com/api/quote/DIA/historical?assetclass=etf&fromdate=2016-07-26&todate=2026-07-26&limit=5000
DIA,2021-01-27,306.54,306.7199,302.0971,303.26,5743141,,https://api.nasdaq.com/api/quote/DIA/historical?assetclass=etf&fromdate=2016-07-26&todate=2026-07-26&limit=5000
DIA,2021-01-28,304.98,309.42,304.83,306.07,6392069,,https://api.nasdaq.com/api/quote/DIA/historical?assetclass=etf&fromdate=2016-07-26&todate=2026-07-26&limit=5000
DIA,2021-01-29,303.92,304.78,298.59,299.81,5929934,,https://api.nasdaq.com/api/quote/DIA/historical?assetclass=etf&fromdate=2016-07-26&todate=2026-07-26&limit=5000
DIA,2021-02-01,302.28,303.35,300.14,302.02,3138644,,https://api.nasdaq.com/api/quote/DIA/historical?assetclass=etf&fromdate=2016-07-26&todate=2026-07-26&limit=5000
DIA,2021-02-02,304.54,308.43,304.52,306.82,3090522,,https://api.nasdaq.com/api/quote/DIA/historical?assetclass=etf&fromdate=2016-07-26&todate=2026-07-26&limit=5000
DIA,2021-02-03,306.1,307.9353,305.18,307.26,2087820,,https://api.nasdaq.com/api/quote/DIA/historical?assetclass=etf&fromdate=2016-07-26&todate=2026-07-26&limit=5000
DIA,2021-02-04,307.85,310.67,307.77,310.67,2638783,,https://api.nasdaq.com/api/quote/DIA/historical?assetclass=etf&fromdate=2016-07-26&todate=2026-07-26&limit=5000
DIA,2021-02-05,312.36,312.55,310.87,311.54,1955606,,https://api.nasdaq.com/api/quote/DIA/historical?assetclass=etf&fromdate=2016-07-26&todate=2026-07-26&limit=5000
DIA,2021-02-08,312.695,313.89,312.41,313.89,1690007,,https://api.nasdaq.com/api/quote/DIA/historical?assetclass=etf&fromdate=2016-07-26&todate=2026-07-26&limit=5000
DIA,2021-02-09,313.26,314.5,312.57,313.92,1798748,,https://api.nasdaq.com/api/quote/DIA/historical?assetclass=etf&fromdate=2016-07-26&todate=2026-07-26&limit=5000
DIA,2021-02-10,315.17,315.24,312.3,314.5,3048029,,https://api.nasdaq.com/api/quote/DIA/historical?assetclass=etf&fromdate=2016-07-26&todate=2026-07-26&limit=5000
DIA,2021-02-11,315.09,315.76,312.8,314.68,1937081,,https://api.nasdaq.com/api/quote/DIA/historical?assetclass=etf&fromdate=2016-07-26&todate=2026-07-26&limit=5000
DIA,2021-02-12,314.28,315.14,313.83,315.04,2479493,,https://api.nasdaq.com/api/quote/DIA/historical?assetclass=etf&fromdate=2016-07-26&todate=2026-07-26&limit=5000
DIA,2021-02-16,316.33,316.54,314.8701,315.58,1836346,,https://api.nasdaq.com/api/quote/DIA/historical?assetclass=etf&fromdate=2016-07-26&todate=2026-07-26&limit=5000
DIA,2021-02-17,314.69,316.91,313.87,316.6,2019115,,https://api.nasdaq.com/api/quote/DIA/historical?assetclass=etf&fromdate=2016-07-26&todate=2026-07-26&limit=5000
DIA,2021-02-18,314.75,316,313.38,315.56,2618615,,https://api.nasdaq.com/api/quote/DIA/historical?assetclass=etf&fromdate=2016-07-26&todate=2026-07-26&limit=5000
DIA,2021-02-19,315.61,316.34,314.58,314.92,2314939,,https://api.nasdaq.com/api/quote/DIA/historical?assetclass=etf&fromdate=2016-07-26&todate=2026-07-26&limit=5000
DIA,2021-02-22,312.9,316.49,312.77,315.21,3003801,,https://api.nasdaq.com/api/quote/DIA/historical?assetclass=etf&fromdate=2016-07-26&todate=2026-07-26&limit=5000
DIA,2021-02-23,314.77,316.49,311.6,315.39,5723426,,https://api.nasdaq.com/api/quote/DIA/historical?assetclass=etf&fromdate=2016-07-26&todate=2026-07-26&limit=5000
DIA,2021-02-24,314.68,320.043,314.18,319.53,4290289,,https://api.nasdaq.com/api/quote/DIA/historical?assetclass=etf&fromdate=2016-07-26&todate=2026-07-26&limit=5000
DIA,2021-02-25,319.714,319.92,312.96,313.98,7648597,,https://api.nasdaq.com/api/quote/DIA/historical?assetclass=etf&fromdate=2016-07-26&todate=2026-07-26&limit=5000
DIA,2021-02-26,314.42,314.44,308.78,309.45,7925615,,https://api.nasdaq.com/api/quote/DIA/historical?assetclass=etf&fromdate=2016-07-26&todate=2026-07-26&limit=5000
DIA,2021-03-01,313.48,316.92,313.45,315.59,4753274,,https://api.nasdaq.com/api/quote/DIA/historical?assetclass=etf&fromdate=2016-07-26&todate=2026-07-26&limit=5000
DIA,2021-03-02,315.72,316.43,314.01,314.19,4075678,,https://api.nasdaq.com/api/quote/DIA/historical?assetclass=etf&fromdate=2016-07-26&todate=2026-07-26&limit=5000
DIA,2021-03-03,313.94,315.87,312.83,312.99,5148051,,https://api.nasdaq.com/api/quote/DIA/historical?assetclass=etf&fromdate=2016-07-26&todate=2026-07-26&limit=5000
DIA,2021-03-04,313.19,314.92,305.68,309.58,8577594,,https://api.nasdaq.com/api/quote/DIA/historical?assetclass=etf&fromdate=2016-07-26&todate=2026-07-26&limit=5000
DIA,2021-03-05,312.5,316.05,307.9,315.24,7016121,,https://api.nasdaq.com/api/quote/DIA/historical?assetclass=etf&fromdate=2016-07-26&todate=2026-07-26&limit=5000
DIA,2021-03-08,316.75,321.73,315.83,318.25,8230727,,https://api.nasdaq.com/api/quote/DIA/historical?assetclass=etf&fromdate=2016-07-26&todate=2026-07-26&limit=5000
DIA,2021-03-09,319.47,321.77,318.44,318.61,5829913,,https://api.nasdaq.com/api/quote/DIA/historical?assetclass=etf&fromdate=2016-07-26&todate=2026-07-26&limit=5000
DIA,2021-03-10,320.53,324.31,320.47,323.33,6472177,,https://api.nasdaq.com/api/quote/DIA/historical?assetclass=etf&fromdate=2016-07-26&todate=2026-07-26&limit=5000
DIA,2021-03-11,324.71,326.97,323.83,325.33,5745916,,https://api.nasdaq.com/api/quote/DIA/historical?assetclass=etf&fromdate=2016-07-26&todate=2026-07-26&limit=5000
DIA,2021-03-12,325.67,328.49,325.5,328.31,4257160,,https://api.nasdaq.com/api/quote/DIA/historical?assetclass=etf&fromdate=2016-07-26&todate=2026-07-26&limit=5000
DIA,2021-03-15,329.18,330.24,326.8101,330.09,4465420,,https://api.nasdaq.com/api/quote/DIA/historical?assetclass=etf&fromdate=2016-07-26&todate=2026-07-26&limit=5000
DIA,2021-03-16,329.85,330,328.32,328.86,3270599,,https://api.nasdaq.com/api/quote/DIA/historical?assetclass=etf&fromdate=2016-07-26&todate=2026-07-26&limit=5000
DIA,2021-03-17,329.21,331.03,328.38,330.77,4338229,,https://api.nasdaq.com/api/quote/DIA/historical?assetclass=etf&fromdate=2016-07-26&todate=2026-07-26&limit=5000
DIA,2021-03-18,330.3,332.86,328.77,329.36,5386239,,https://api.nasdaq.com/api/quote/DIA/historical?assetclass=etf&fromdate=2016-07-26&todate=2026-07-26&limit=5000
DIA,2021-03-19,328.09,328.18,324.98,326.01,5628836,,https://api.nasdaq.com/api/quote/DIA/historical?assetclass=etf&fromdate=2016-07-26&todate=2026-07-26&limit=5000
DIA,2021-03-22,325.55,327.98,325.03,327.24,3807558,,https://api.nasdaq.com/api/quote/DIA/historical?assetclass=etf&fromdate=2016-07-26&todate=2026-07-26&limit=5000
DIA,2021-03-23,326.32,327.48,323.44,324.06,5068441,,https://api.nasdaq.com/api/quote/DIA/historical?assetclass=etf&fromdate=2016-07-26&todate=2026-07-26&limit=5000
DIA,2021-03-24,325.28,327.73,324.08,324.08,6098982,,https://api.nasdaq.com/api/quote/DIA/historical?assetclass=etf&fromdate=2016-07-26&todate=2026-07-26&limit=5000
DIA,2021-03-25,322.71,326.62,320.62,326.19,5557909,,https://api.nasdaq.com/api/quote/DIA/historical?assetclass=etf&fromdate=2016-07-26&todate=2026-07-26&limit=5000
DIA,2021-03-26,327.6,330.89,326.68,330.61,4956562,,https://api.nasdaq.com/api/quote/DIA/historical?assetclass=etf&fromdate=2016-07-26&todate=2026-07-26&limit=5000
DIA,2021-03-29,329.29,332.46,328.9,331.66,5200879,,https://api.nasdaq.com/api/quote/DIA/historical?assetclass=etf&fromdate=2016-07-26&todate=2026-07-26&limit=5000
DIA,2021-03-30,331.05,331.6,329.78,330.82,4568829,,https://api.nasdaq.com/api/quote/DIA/historical?assetclass=etf&fromdate=2016-07-26&todate=2026-07-26&limit=5000
DIA,2021-03-31,330.61,331.62,329.94,330.18,3763686,,https://api.nasdaq.com/api/quote/DIA/historical?assetclass=etf&fromdate=2016-07-26&todate=2026-07-26&limit=5000
DIA,2021-04-01,330.78,331.6,329.72,331.45,5936080,,https://api.nasdaq.com/api/quote/DIA/historical?assetclass=etf&fromdate=2016-07-26&todate=2026-07-26&limit=5000
DIA,2021-04-05,333.94,336.1521,333.91,335.2,5632673,,https://api.nasdaq.com/api/quote/DIA/historical?assetclass=etf&fromdate=2016-07-26&todate=2026-07-26&limit=5000
DIA,2021-04-06,334.69,335.42,333.78,334.37,2987511,,https://api.nasdaq.com/api/quote/DIA/historical?assetclass=etf&fromdate=2016-07-26&todate=2026-07-26&limit=5000
DIA,2021-04-07,334.14,335.17,333.44,334.37,2658526,,https://api.nasdaq.com/api/quote/DIA/historical?assetclass=etf&fromdate=2016-07-26&todate=2026-07-26&limit=5000
DIA,2021-04-08,334.3,335.15,333.43,335.13,2664978,,https://api.nasdaq.com/api/quote/DIA/historical?assetclass=etf&fromdate=2016-07-26&todate=2026-07-26&limit=5000
DIA,2021-04-09,335.72,338.08,335.36,337.86,3034682,,https://api.nasdaq.com/api/quote/DIA/historical?assetclass=etf&fromdate=2016-07-26&todate=2026-07-26&limit=5000
DIA,2021-04-12,337.26,337.86,336.65,337.55,2951503,,https://api.nasdaq.com/api/quote/DIA/historical?assetclass=etf&fromdate=2016-07-26&todate=2026-07-26&limit=5000
DIA,2021-04-13,336.63,337.42,335.49,336.79,3391673,,https://api.nasdaq.com/api/quote/DIA/historical?assetclass=etf&fromdate=2016-07-26&todate=2026-07-26&limit=5000
DIA,2021-04-14,336.81,339.11,336.74,337.53,3966835,,https://api.nasdaq.com/api/quote/DIA/historical?assetclass=etf&fromdate=2016-07-26&todate=2026-07-26&limit=5000
DIA,2021-04-15,338.83,340.72,338.83,340.44,3881795,,https://api.nasdaq.com/api/quote/DIA/historical?assetclass=etf&fromdate=2016-07-26&todate=2026-07-26&limit=5000
DIA,2021-04-16,341.73,342.43,340.982,341.86,3748913,,https://api.nasdaq.com/api/quote/DIA/historical?assetclass=etf&fromdate=2016-07-26&todate=2026-07-26&limit=5000
DIA,2021-04-19,341.07,341.31,339.65,340.75,3222821,,https://api.nasdaq.com/api/quote/DIA/historical?assetclass=etf&fromdate=2016-07-26&todate=2026-07-26&limit=5000
DIA,2021-04-20,339.4,339.86,336.7507,338.12,3762864,,https://api.nasdaq.com/api/quote/DIA/historical?assetclass=etf&fromdate=2016-07-26&todate=2026-07-26&limit=5000
DIA,2021-04-21,337.63,341.54,337.56,341.3,4191221,,https://api.nasdaq.com/api/quote/DIA/historical?assetclass=etf&fromdate=2016-07-26&todate=2026-07-26&limit=5000
DIA,2021-04-22,341.12,341.21,337.0901,338.12,4962486,,https://api.nasdaq.com/api/quote/DIA/historical?assetclass=etf&fromdate=2016-07-26&todate=2026-07-26&limit=5000
DIA,2021-04-23,337.75,341.59,337.13,340.43,3615382,,https://api.nasdaq.com/api/quote/DIA/historical?assetclass=etf&fromdate=2016-07-26&todate=2026-07-26&limit=5000
DIA,2021-04-26,341.15,341.48,339.39,339.87,2090866,,https://api.nasdaq.com/api/quote/DIA/historical?assetclass=etf&fromdate=2016-07-26&todate=2026-07-26&limit=5000
DIA,2021-04-27,339.6,340.425,338.695,339.83,2732683,,https://api.nasdaq.com/api/quote/DIA/historical?assetclass=etf&fromdate=2016-07-26&todate=2026-07-26&limit=5000
DIA,2021-04-28,339.23,339.49,338.06,338.37,3025135,,https://api.nasdaq.com/api/quote/DIA/historical?assetclass=etf&fromdate=2016-07-26&todate=2026-07-26&limit=5000
DIA,2021-04-29,339.89,340.86,337.37,340.57,3688409,,https://api.nasdaq.com/api/quote/DIA/historical?assetclass=etf&fromdate=2016-07-26&todate=2026-07-26&limit=5000
DIA,2021-04-30,338.92,339.65,337.85,338.94,2909575,,https://api.nasdaq.com/api/quote/DIA/historical?assetclass=etf&fromdate=2016-07-26&todate=2026-07-26&limit=5000
DIA,2021-05-03,340.79,342.18,340.5535,341.11,2698416,,https://api.nasdaq.com/api/quote/DIA/historical?assetclass=etf&fromdate=2016-07-26&todate=2026-07-26&limit=5000
DIA,2021-05-04,339.99,341.53,337.62,341.49,4478302,,https://api.nasdaq.com/api/quote/DIA/historical?assetclass=etf&fromdate=2016-07-26&todate=2026-07-26&limit=5000
DIA,2021-05-05,342.25,343.3,342,342.28,2075112,,https://api.nasdaq.com/api/quote/DIA/historical?assetclass=etf&fromdate=2016-07-26&todate=2026-07-26&limit=5000
DIA,2021-05-06,342.93,345.64,341.91,345.51,4276661,,https://api.nasdaq.com/api/quote/DIA/historical?assetclass=etf&fromdate=2016-07-26&todate=2026-07-26&limit=5000
DIA,2021-05-07,345.17,348.29,344.81,347.88,3526538,,https://api.nasdaq.com/api/quote/DIA/historical?assetclass=etf&fromdate=2016-07-26&todate=2026-07-26&limit=5000
DIA,2021-05-10,349.26,351.0885,347.59,347.74,6092529,,https://api.nasdaq.com/api/quote/DIA/historical?assetclass=etf&fromdate=2016-07-26&todate=2026-07-26&limit=5000
DIA,2021-05-11,344.99,345.22,340.89,342.91,8396433,,https://api.nasdaq.com/api/quote/DIA/historical?assetclass=etf&fromdate=2016-07-26&todate=2026-07-26&limit=5000
DIA,2021-05-12,341.55,342.23,335.71,336,7034070,,https://api.nasdaq.com/api/quote/DIA/historical?assetclass=etf&fromdate=2016-07-26&todate=2026-07-26&limit=5000
DIA,2021-05-13,336.3,342.04,336.27,340.45,5741302,,https://api.nasdaq.com/api/quote/DIA/historical?assetclass=etf&fromdate=2016-07-26&todate=2026-07-26&limit=5000
DIA,2021-05-14,342.31,344.93,341.8817,344.26,4677297,,https://api.nasdaq.com/api/quote/DIA/historical?assetclass=etf&fromdate=2016-07-26&todate=2026-07-26&limit=5000
DIA,2021-05-17,343.33,345.125,342.04,343.65,3253462,,https://api.nasdaq.com/api/quote/DIA/historical?assetclass=etf&fromdate=2016-07-26&todate=2026-07-26&limit=5000
DIA,2021-05-18,343.85,344.5,340.87,341.11,3462332,,https://api.nasdaq.com/api/quote/DIA/historical?assetclass=etf&fromdate=2016-07-26&todate=2026-07-26&limit=5000
DIA,2021-05-19,337.56,339.56,335.2,339.44,7223927,,https://api.nasdaq.com/api/quote/DIA/historical?assetclass=etf&fromdate=2016-07-26&todate=2026-07-26&limit=5000
DIA,2021-05-20,339.74,342.94,339.34,341.52,4532808,,https://api.nasdaq.com/api/quote/DIA/historical?assetclass=etf&fromdate=2016-07-26&todate=2026-07-26&limit=5000
DIA,2021-05-21,342.29,344.07,341.275,342.04,4480975,,https://api.nasdaq.com/api/quote/DIA/historical?assetclass=etf&fromdate=2016-07-26&todate=2026-07-26&limit=5000
DIA,2021-05-24,343.37,344.69,343.05,343.96,2531776,,https://api.nasdaq.com/api/quote/DIA/historical?assetclass=etf&fromdate=2016-07-26&todate=2026-07-26&limit=5000
DIA,2021-05-25,344.68,345,342.66,343.18,2623215,,https://api.nasdaq.com/api/quote/DIA/historical?assetclass=etf&fromdate=2016-07-26&todate=2026-07-26&limit=5000
DIA,2021-05-26,343.56,344.1194,342.67,343.27,2064527,,https://api.nasdaq.com/api/quote/DIA/historical?assetclass=etf&fromdate=2016-07-26&todate=2026-07-26&limit=5000
DIA,2021-05-27,345.35,346.16,343.87,344.6,3026179,,https://api.nasdaq.com/api/quote/DIA/historical?assetclass=etf&fromdate=2016-07-26&todate=2026-07-26&limit=5000
DIA,2021-05-28,346.38,346.48,345.35,345.64,2642469,,https://api.nasdaq.com/api/quote/DIA/historical?assetclass=etf&fromdate=2016-07-26&todate=2026-07-26&limit=5000
DIA,2021-06-01,348.54,348.65,345.6,345.87,2584285,,https://api.nasdaq.com/api/quote/DIA/historical?assetclass=etf&fromdate=2016-07-26&todate=2026-07-26&limit=5000
DIA,2021-06-02,346.75,347.35,345.75,346.36,2576707,,https://api.nasdaq.com/api/quote/DIA/historical?assetclass=etf&fromdate=2016-07-26&todate=2026-07-26&limit=5000
DIA,2021-06-03,344.608,346.96,343.56,346.02,4436384,,https://api.nasdaq.com/api/quote/DIA/historical?assetclass=etf&fromdate=2016-07-26&todate=2026-07-26&limit=5000
DIA,2021-06-04,347.07,347.99,346.54,347.9,2594230,,https://api.nasdaq.com/api/quote/DIA/historical?assetclass=etf&fromdate=2016-07-26&todate=2026-07-26&limit=5000
DIA,2021-06-07,348.5,348.54,346.02,346.59,2224299,,https://api.nasdaq.com/api/quote/DIA/historical?assetclass=etf&fromdate=2016-07-26&todate=2026-07-26&limit=5000
DIA,2021-06-08,346.69,346.91,344.75,346.34,2748703,,https://api.nasdaq.com/api/quote/DIA/historical?assetclass=etf&fromdate=2016-07-26&todate=2026-07-26&limit=5000
DIA,2021-06-09,346.538,346.88,344.69,344.79,2591194,,https://api.nasdaq.com/api/quote/DIA/historical?assetclass=etf&fromdate=2016-07-26&todate=2026-07-26&limit=5000
DIA,2021-06-10,346.54,347.73,344.8,344.98,3089394,,https://api.nasdaq.com/api/quote/DIA/historical?assetclass=etf&fromdate=2016-07-26&todate=2026-07-26&limit=5000
DIA,2021-06-11,346.03,346.5485,343.57,345.12,3003271,,https://api.nasdaq.com/api/quote/DIA/historical?assetclass=etf&fromdate=2016-07-26&todate=2026-07-26&limit=5000
DIA,2021-06-14,344.83,344.87,342.47,344.3,2526962,,https://api.nasdaq.com/api/quote/DIA/historical?assetclass=etf&fromdate=2016-07-26&todate=2026-07-26&limit=5000
DIA,2021-06-15,344.51,344.53,342.3701,343.41,2138494,,https://api.nasdaq.com/api/quote/DIA/historical?assetclass=etf&fromdate=2016-07-26&todate=2026-07-26&limit=5000
DIA,2021-06-16,343.41,343.64,339.49,340.76,4031995,,https://api.nasdaq.com/api/quote/DIA/historical?assetclass=etf&fromdate=2016-07-26&todate=2026-07-26&limit=5000
DIA,2021-06-17,340.56,341.28,336.62,338.65,5169081,,https://api.nasdaq.com/api/quote/DIA/historical?assetclass=etf&fromdate=2016-07-26&todate=2026-07-26&limit=5000
DIA,2021-06-18,334.35,335.25,332.68,332.96,7126597,,https://api.nasdaq.com/api/quote/DIA/historical?assetclass=etf&fromdate=2016-07-26&todate=2026-07-26&limit=5000
DIA,2021-06-21,335.26,339.0899,334.41,338.78,5435720,,https://api.nasdaq.com/api/quote/DIA/historical?assetclass=etf&fromdate=2016-07-26&todate=2026-07-26&limit=5000
DIA,2021-06-22,338.73,340.41,337.45,339.45,4042104,,https://api.nasdaq.com/api/quote/DIA/historical?assetclass=etf&fromdate=2016-07-26&todate=2026-07-26&limit=5000
DIA,2021-06-23,339.59,340.16,338.68,338.78,3082666,,https://api.nasdaq.com/api/quote/DIA/historical?assetclass=etf&fromdate=2016-07-26&todate=2026-07-26&limit=5000
DIA,2021-06-24,340.67,342.3161,340.37,341.98,3704742,,https://api.nasdaq.com/api/quote/DIA/historical?assetclass=etf&fromdate=2016-07-26&todate=2026-07-26&limit=5000
DIA,2021-06-25,343.69,344.98,343.0901,344.45,3638030,,https://api.nasdaq.com/api/quote/DIA/historical?assetclass=etf&fromdate=2016-07-26&todate=2026-07-26&limit=5000
DIA,2021-06-28,344.33,344.42,341.82,342.8,3606313,,https://api.nasdaq.com/api/quote/DIA/historical?assetclass=etf&fromdate=2016-07-26&todate=2026-07-26&limit=5000
DIA,2021-06-29,343.98,344.73,342.611,342.86,2375814,,https://api.nasdaq.com/api/quote/DIA/historical?assetclass=etf&fromdate=2016-07-26&todate=2026-07-26&limit=5000
DIA,2021-06-30,342.38,345.51,342.35,344.95,3778882,,https://api.nasdaq.com/api/quote/DIA/historical?assetclass=etf&fromdate=2016-07-26&todate=2026-07-26&limit=5000
DIA,2021-07-01,345.78,346.4,344.92,346.36,3606946,,https://api.nasdaq.com/api/quote/DIA/historical?assetclass=etf&fromdate=2016-07-26&todate=2026-07-26&limit=5000
DIA,2021-07-02,347.04,348.29,346.18,347.94,3013489,,https://api.nasdaq.com/api/quote/DIA/historical?assetclass=etf&fromdate=2016-07-26&todate=2026-07-26&limit=5000
DIA,2021-07-06,347.75,348.11,343.6,345.82,3910571,,https://api.nasdaq.com/api/quote/DIA/historical?assetclass=etf&fromdate=2016-07-26&todate=2026-07-26&limit=5000
DIA,2021-07-07,345.65,347.14,344.4299,346.92,3347034,,https://api.nasdaq.com/api/quote/DIA/historical?assetclass=etf&fromdate=2016-07-26&todate=2026-07-26&limit=5000
DIA,2021-07-08,342.56,345,341.53,344.38,6379929,,https://api.nasdaq.com/api/quote/DIA/historical?assetclass=etf&fromdate=2016-07-26&todate=2026-07-26&limit=5000
DIA,2021-07-09,346.57,349.07,345.844,348.73,5063138,,https://api.nasdaq.com/api/quote/DIA/historical?assetclass=etf&fromdate=2016-07-26&todate=2026-07-26&limit=5000
DIA,2021-07-12,348.01,350.29,347.37,350.03,3999772,,https://api.nasdaq.com/api/quote/DIA/historical?assetclass=etf&fromdate=2016-07-26&todate=2026-07-26&limit=5000
DIA,2021-07-13,349.53,350.25,348.85,349,3310228,,https://api.nasdaq.com/api/quote/DIA/historical?assetclass=etf&fromdate=2016-07-26&todate=2026-07-26&limit=5000
DIA,2021-07-14,350.19,350.69,348.36,349.41,3933330,,https://api.nasdaq.com/api/quote/DIA/historical?assetclass=etf&fromdate=2016-07-26&todate=2026-07-26&limit=5000
DIA,2021-07-15,347.9,350,347.64,349.94,5082591,,https://api.nasdaq.com/api/quote/DIA/historical?assetclass=etf&fromdate=2016-07-26&todate=2026-07-26&limit=5000
DIA,2021-07-16,350.72,350.74,346.34,346.74,5710392,,https://api.nasdaq.com/api/quote/DIA/historical?assetclass=etf&fromdate=2016-07-26&todate=2026-07-26&limit=5000
DIA,2021-07-19,341.79,350.03,337.38,339.88,9715318,,https://api.nasdaq.com/api/quote/DIA/historical?assetclass=etf&fromdate=2016-07-26&todate=2026-07-26&limit=5000
DIA,2021-07-20,340.29,346.12,339.75,345.08,5802181,,https://api.nasdaq.com/api/quote/DIA/historical?assetclass=etf&fromdate=2016-07-26&todate=2026-07-26&limit=5000
DIA,2021-07-21,346.97,348.15,346.37,347.99,3056841,,https://api.nasdaq.com/api/quote/DIA/historical?assetclass=etf&fromdate=2016-07-26&todate=2026-07-26&limit=5000
DIA,2021-07-22,347.77,348.81,346.68,348.26,2429252,,https://api.nasdaq.com/api/quote/DIA/historical?assetclass=etf&fromdate=2016-07-26&todate=2026-07-26&limit=5000
DIA,2021-07-23,350,350.99,349.205,350.57,4142346,,https://api.nasdaq.com/api/quote/DIA/historical?assetclass=etf&fromdate=2016-07-26&todate=2026-07-26&limit=5000
DIA,2021-07-26,350,351.45,349.49,351.41,2466576,,https://api.nasdaq.com/api/quote/DIA/historical?assetclass=etf&fromdate=2016-07-26&todate=2026-07-26&limit=5000
DIA,2021-07-27,350.02,350.68,348.725,350.62,3902627,,https://api.nasdaq.com/api/quote/DIA/historical?assetclass=etf&fromdate=2016-07-26&todate=2026-07-26&limit=5000
DIA,2021-07-28,351.02,351.23,348.71,349.36,3697738,,https://api.nasdaq.com/api/quote/DIA/historical?assetclass=etf&fromdate=2016-07-26&todate=2026-07-26&limit=5000
DIA,2021-07-29,350.95,351.7086,350.38,350.82,2425671,,https://api.nasdaq.com/api/quote/DIA/historical?assetclass=etf&fromdate=2016-07-26&todate=2026-07-26&limit=5000
DIA,2021-07-30,349.88,351.01,348.67,349.48,3576715,,https://api.nasdaq.com/api/quote/DIA/historical?assetclass=etf&fromdate=2016-07-26&todate=2026-07-26&limit=5000
DIA,2021-08-02,350.45,351.91,348.06,348.35,2827133,,https://api.nasdaq.com/api/quote/DIA/historical?assetclass=etf&fromdate=2016-07-26&todate=2026-07-26&limit=5000
DIA,2021-08-03,349.09,351.19,347.11,351.09,3819338,,https://api.nasdaq.com/api/quote/DIA/historical?assetclass=etf&fromdate=2016-07-26&todate=2026-07-26&limit=5000
DIA,2021-08-04,349.59,350.08,347.88,347.99,3118464,,https://api.nasdaq.com/api/quote/DIA/historical?assetclass=etf&fromdate=2016-07-26&todate=2026-07-26&limit=5000
DIA,2021-08-05,348.85,350.65,348.67,350.61,2261380,,https://api.nasdaq.com/api/quote/DIA/historical?assetclass=etf&fromdate=2016-07-26&todate=2026-07-26&limit=5000
DIA,2021-08-06,351.62,352.49,351.46,352.09,2123737,,https://api.nasdaq.com/api/quote/DIA/historical?assetclass=etf&fromdate=2016-07-26&todate=2026-07-26&limit=5000
DIA,2021-08-09,351.6,352.06,350.55,351.15,2322494,,https://api.nasdaq.com/api/quote/DIA/historical?assetclass=etf&fromdate=2016-07-26&todate=2026-07-26&limit=5000
DIA,2021-08-10,351.41,352.94,351.01,352.73,2841009,,https://api.nasdaq.com/api/quote/DIA/historical?assetclass=etf&fromdate=2016-07-26&todate=2026-07-26&limit=5000
DIA,2021-08-11,353.94,355.12,353.7,354.94,3422522,,https://api.nasdaq.com/api/quote/DIA/historical?assetclass=etf&fromdate=2016-07-26&todate=2026-07-26&limit=5000
DIA,2021-08-12,355.19,355.25,353.735,355.23,3126880,,https://api.nasdaq.com/api/quote/DIA/historical?assetclass=etf&fromdate=2016-07-26&todate=2026-07-26&limit=5000
DIA,2021-08-13,355.85,356.37,355,355.39,2414944,,https://api.nasdaq.com/api/quote/DIA/historical?assetclass=etf&fromdate=2016-07-26&todate=2026-07-26&limit=5000
DIA,2021-08-16,354.41,356.6,352.66,356.57,3637866,,https://api.nasdaq.com/api/quote/DIA/historical?assetclass=etf&fromdate=2016-07-26&todate=2026-07-26&limit=5000
DIA,2021-08-17,353.91,354.67,351.51,353.83,5019577,,https://api.nasdaq.com/api/quote/DIA/historical?assetclass=etf&fromdate=2016-07-26&todate=2026-07-26&limit=5000
DIA,2021-08-18,352.62,354.04,349.89,350.12,4038003,,https://api.nasdaq.com/api/quote/DIA/historical?assetclass=etf&fromdate=2016-07-26&todate=2026-07-26&limit=5000
DIA,2021-08-19,347.33,350.48,347.31,349.48,5442184,,https://api.nasdaq.com/api/quote/DIA/historical?assetclass=etf&fromdate=2016-07-26&todate=2026-07-26&limit=5000
DIA,2021-08-20,348.98,351.75,348.53,351.16,3394759,,https://api.nasdaq.com/api/quote/DIA/historical?assetclass=etf&fromdate=2016-07-26&todate=2026-07-26&limit=5000
DIA,2021-08-23,352.96,354.31,352.92,353.45,3569246,,https://api.nasdaq.com/api/quote/DIA/historical?assetclass=etf&fromdate=2016-07-26&todate=2026-07-26&limit=5000
DIA,2021-08-24,354.08,354.49,353.62,353.74,1981376,,https://api.nasdaq.com/api/quote/DIA/historical?assetclass=etf&fromdate=2016-07-26&todate=2026-07-26&limit=5000
DIA,2021-08-25,353.78,355.04,352.92,354.18,2434699,,https://api.nasdaq.com/api/quote/DIA/historical?assetclass=etf&fromdate=2016-07-26&todate=2026-07-26&limit=5000
DIA,2021-08-26,354.47,355,352.07,352.16,3008937,,https://api.nasdaq.com/api/quote/DIA/historical?assetclass=etf&fromdate=2016-07-26&todate=2026-07-26&limit=5000
DIA,2021-08-27,352.65,354.8496,352.65,354.57,3163666,,https://api.nasdaq.com/api/quote/DIA/historical?assetclass=etf&fromdate=2016-07-26&todate=2026-07-26&limit=5000
DIA,2021-08-30,354.96,355.22,353.88,354.08,2481998,,https://api.nasdaq.com/api/quote/DIA/historical?assetclass=etf&fromdate=2016-07-26&todate=2026-07-26&limit=5000
DIA,2021-08-31,353.8,354.802,353.18,353.92,2913829,,https://api.nasdaq.com/api/quote/DIA/historical?assetclass=etf&fromdate=2016-07-26&todate=2026-07-26&limit=5000
DIA,2021-09-01,354.29,354.35,353.29,353.55,2739235,,https://api.nasdaq.com/api/quote/DIA/historical?assetclass=etf&fromdate=2016-07-26&todate=2026-07-26&limit=5000
DIA,2021-09-02,354.78,355.18,353.92,354.87,2392219,,https://api.nasdaq.com/api/quote/DIA/historical?assetclass=etf&fromdate=2016-07-26&todate=2026-07-26&limit=5000
DIA,2021-09-03,353.68,354.6517,353.09,354.14,2469109,,https://api.nasdaq.com/api/quote/DIA/historical?assetclass=etf&fromdate=2016-07-26&todate=2026-07-26&limit=5000
DIA,2021-09-07,353.64,353.69,350.99,351.44,3168544,,https://api.nasdaq.com/api/quote/DIA/historical?assetclass=etf&fromdate=2016-07-26&todate=2026-07-26&limit=5000
DIA,2021-09-08,350.82,352.17,349.64,350.73,3075726,,https://api.nasdaq.com/api/quote/DIA/historical?assetclass=etf&fromdate=2016-07-26&todate=2026-07-26&limit=5000
DIA,2021-09-09,350.56,352.5084,348.9223,349.31,3484688,,https://api.nasdaq.com/api/quote/DIA/historical?assetclass=etf&fromdate=2016-07-26&todate=2026-07-26&limit=5000
DIA,2021-09-10,351.25,351.66,346.57,346.7,4539038,,https://api.nasdaq.com/api/quote/DIA/historical?assetclass=etf&fromdate=2016-07-26&todate=2026-07-26&limit=5000
DIA,2021-09-13,348.91,349.94,347.47,349.3,5439709,,https://api.nasdaq.com/api/quote/DIA/historical?assetclass=etf&fromdate=2016-07-26&todate=2026-07-26&limit=5000
DIA,2021-09-14,350.4,350.57,345.705,346.47,3902220,,https://api.nasdaq.com/api/quote/DIA/historical?assetclass=etf&fromdate=2016-07-26&todate=2026-07-26&limit=5000
DIA,2021-09-15,346.41,349.46,345.78,348.82,3267250,,https://api.nasdaq.com/api/quote/DIA/historical?assetclass=etf&fromdate=2016-07-26&todate=2026-07-26&limit=5000
DIA,2021-09-16,348.91,350.08,346,348.18,3646002,,https://api.nasdaq.com/api/quote/DIA/historical?assetclass=etf&fromdate=2016-07-26&todate=2026-07-26&limit=5000
DIA,2021-09-17,346.85,347.7,345.06,345.64,5380943,,https://api.nasdaq.com/api/quote/DIA/historical?assetclass=etf&fromdate=2016-07-26&todate=2026-07-26&limit=5000
DIA,2021-09-20,340.22,342.16,335.99,339.4,10010550,,https://api.nasdaq.com/api/quote/DIA/historical?assetclass=etf&fromdate=2016-07-26&todate=2026-07-26&limit=5000
DIA,2021-09-21,341.41,343.07,339.01,339.11,6071105,,https://api.nasdaq.com/api/quote/DIA/historical?assetclass=etf&fromdate=2016-07-26&todate=2026-07-26&limit=5000
DIA,2021-09-22,341.16,344.329,340.44,342.5,6862699,,https://api.nasdaq.com/api/quote/DIA/historical?assetclass=etf&fromdate=2016-07-26&todate=2026-07-26&limit=5000
DIA,2021-09-23,344.81,348.67,344.53,347.56,5592151,,https://api.nasdaq.com/api/quote/DIA/historical?assetclass=etf&fromdate=2016-07-26&todate=2026-07-26&limit=5000
DIA,2021-09-24,346.5,348.43,346.31,347.87,3121582,,https://api.nasdaq.com/api/quote/DIA/historical?assetclass=etf&fromdate=2016-07-26&todate=2026-07-26&limit=5000
DIA,2021-09-27,348.29,350.5,348.17,348.61,3425978,,https://api.nasdaq.com/api/quote/DIA/historical?assetclass=etf&fromdate=2016-07-26&todate=2026-07-26&limit=5000
DIA,2021-09-28,347.31,347.82,342.41,342.92,7493792,,https://api.nasdaq.com/api/quote/DIA/historical?assetclass=etf&fromdate=2016-07-26&todate=2026-07-26&limit=5000
DIA,2021-09-29,343.87,345.67,342.88,343.77,4116581,,https://api.nasdaq.com/api/quote/DIA/historical?assetclass=etf&fromdate=2016-07-26&todate=2026-07-26&limit=5000
DIA,2021-09-30,345.08,345.44,338.11,338.29,7926020,,https://api.nasdaq.com/api/quote/DIA/historical?assetclass=etf&fromdate=2016-07-26&todate=2026-07-26&limit=5000
DIA,2021-10-01,340.03,344.78,337.68,343.18,6219801,,https://api.nasdaq.com/api/quote/DIA/historical?assetclass=etf&fromdate=2016-07-26&todate=2026-07-26&limit=5000
DIA,2021-10-04,342.61,344.03,338.07,340.01,7037745,,https://api.nasdaq.com/api/quote/DIA/historical?assetclass=etf&fromdate=2016-07-26&todate=2026-07-26&limit=5000
DIA,2021-10-05,341.13,344.87,340.47,343.13,3826144,,https://api.nasdaq.com/api/quote/DIA/historical?assetclass=etf&fromdate=2016-07-26&todate=2026-07-26&limit=5000
DIA,2021-10-06,340.48,344.2999,338.47,344.12,6276337,,https://api.nasdaq.com/api/quote/DIA/historical?assetclass=etf&fromdate=2016-07-26&todate=2026-07-26&limit=5000
DIA,2021-10-07,346.87,349.7699,346.77,347.63,5310444,,https://api.nasdaq.com/api/quote/DIA/historical?assetclass=etf&fromdate=2016-07-26&todate=2026-07-26&limit=5000
DIA,2021-10-08,347.92,348.46,346.58,347.53,3658277,,https://api.nasdaq.com/api/quote/DIA/historical?assetclass=etf&fromdate=2016-07-26&todate=2026-07-26&limit=5000
DIA,2021-10-11,347.66,349.56,344.86,344.98,4098427,,https://api.nasdaq.com/api/quote/DIA/historical?assetclass=etf&fromdate=2016-07-26&todate=2026-07-26&limit=5000
DIA,2021-10-12,345.49,346.0999,343.19,343.78,5100277,,https://api.nasdaq.com/api/quote/DIA/historical?assetclass=etf&fromdate=2016-07-26&todate=2026-07-26&limit=5000
DIA,2021-10-13,343.95,344.56,341.12,343.89,4194168,,https://api.nasdaq.com/api/quote/DIA/historical?assetclass=etf&fromdate=2016-07-26&todate=2026-07-26&limit=5000
DIA,2021-10-14,347.21,349.22,346.6,349.13,4482065,,https://api.nasdaq.com/api/quote/DIA/historical?assetclass=etf&fromdate=2016-07-26&todate=2026-07-26&limit=5000
DIA,2021-10-15,351.65,353.08,350.9188,352.85,4206750,,https://api.nasdaq.com/api/quote/DIA/historical?assetclass=etf&fromdate=2016-07-26&todate=2026-07-26&limit=5000
DIA,2021-10-18,351.34,353.13,350.245,352.5,3310629,,https://api.nasdaq.com/api/quote/DIA/historical?assetclass=etf&fromdate=2016-07-26&todate=2026-07-26&limit=5000
DIA,2021-10-19,353.67,354.51,352.8,354.46,2380866,,https://api.nasdaq.com/api/quote/DIA/historical?assetclass=etf&fromdate=2016-07-26&todate=2026-07-26&limit=5000
DIA,2021-10-20,354.51,356.58,354.37,356.03,2873781,,https://api.nasdaq.com/api/quote/DIA/historical?assetclass=etf&fromdate=2016-07-26&todate=2026-07-26&limit=5000
DIA,2021-10-21,355.39,356.09,354.3,355.96,2243827,,https://api.nasdaq.com/api/quote/DIA/historical?assetclass=etf&fromdate=2016-07-26&todate=2026-07-26&limit=5000
DIA,2021-10-22,355.97,357.62,355.32,356.74,3872278,,https://api.nasdaq.com/api/quote/DIA/historical?assetclass=etf&fromdate=2016-07-26&todate=2026-07-26&limit=5000
DIA,2021-10-25,357.36,357.8916,356.29,357.55,2518214,,https://api.nasdaq.com/api/quote/DIA/historical?assetclass=etf&fromdate=2016-07-26&todate=2026-07-26&limit=5000
DIA,2021-10-26,358.56,358.93,357.37,357.5,3182174,,https://api.nasdaq.com/api/quote/DIA/historical?assetclass=etf&fromdate=2016-07-26&todate=2026-07-26&limit=5000
DIA,2021-10-27,358.09,358.3,354.96,354.98,3542133,,https://api.nasdaq.com/api/quote/DIA/historical?assetclass=etf&fromdate=2016-07-26&todate=2026-07-26&limit=5000
DIA,2021-10-28,355.75,357.38,355.75,357.3,2490467,,https://api.nasdaq.com/api/quote/DIA/historical?assetclass=etf&fromdate=2016-07-26&todate=2026-07-26&limit=5000
DIA,2021-10-29,356.65,358.52,356.391,358.23,2979629,,https://api.nasdaq.com/api/quote/DIA/historical?assetclass=etf&fromdate=2016-07-26&todate=2026-07-26&limit=5000
DIA,2021-11-01,359.45,360.05,357.98,359.13,2548432,,https://api.nasdaq.com/api/quote/DIA/historical?assetclass=etf&fromdate=2016-07-26&todate=2026-07-26&limit=5000
DIA,2021-11-02,359.41,360.88,358.79,360.57,2628974,,https://api.nasdaq.com/api/quote/DIA/historical?assetclass=etf&fromdate=2016-07-26&todate=2026-07-26&limit=5000
DIA,2021-11-03,359.91,361.84,358.9,361.56,3557431,,https://api.nasdaq.com/api/quote/DIA/historical?assetclass=etf&fromdate=2016-07-26&todate=2026-07-26&limit=5000
DIA,2021-11-04,361.34,361.65,359.87,361.35,3870860,,https://api.nasdaq.com/api/quote/DIA/historical?assetclass=etf&fromdate=2016-07-26&todate=2026-07-26&limit=5000
DIA,2021-11-05,362.96,364.94,361.89,363.3,4489006,,https://api.nasdaq.com/api/quote/DIA/historical?assetclass=etf&fromdate=2016-07-26&todate=2026-07-26&limit=5000
DIA,2021-11-08,365.06,365.64,363.33,364.32,3055958,,https://api.nasdaq.com/api/quote/DIA/historical?assetclass=etf&fromdate=2016-07-26&todate=2026-07-26&limit=5000
DIA,2021-11-09,364.19,364.3,361.82,363.28,3680600,,https://api.nasdaq.com/api/quote/DIA/historical?assetclass=etf&fromdate=2016-07-26&todate=2026-07-26&limit=5000
DIA,2021-11-10,362.52,363.73,360.2801,361.07,3529017,,https://api.nasdaq.com/api/quote/DIA/historical?assetclass=etf&fromdate=2016-07-26&todate=2026-07-26&limit=5000
DIA,2021-11-11,361.19,361.26,359.38,359.46,2461200,,https://api.nasdaq.com/api/quote/DIA/historical?assetclass=etf&fromdate=2016-07-26&todate=2026-07-26&limit=5000
DIA,2021-11-12,360.69,361.74,359.58,361.28,3099789,,https://api.nasdaq.com/api/quote/DIA/historical?assetclass=etf&fromdate=2016-07-26&todate=2026-07-26&limit=5000
DIA,2021-11-15,362.6,362.73,360.67,361.24,2554951,,https://api.nasdaq.com/api/quote/DIA/historical?assetclass=etf&fromdate=2016-07-26&todate=2026-07-26&limit=5000
DIA,2021-11-16,361.82,363.54,361.7,361.93,2728633,,https://api.nasdaq.com/api/quote/DIA/historical?assetclass=etf&fromdate=2016-07-26&todate=2026-07-26&limit=5000
DIA,2021-11-17,361.44,361.58,359.54,359.85,2975958,,https://api.nasdaq.com/api/quote/DIA/historical?assetclass=etf&fromdate=2016-07-26&todate=2026-07-26&limit=5000
DIA,2021-11-18,360.03,360.05,357.13,359.35,3443247,,https://api.nasdaq.com/api/quote/DIA/historical?assetclass=etf&fromdate=2016-07-26&todate=2026-07-26&limit=5000
DIA,2021-11-19,357.89,357.89,355.38,355.91,3544043,,https://api.nasdaq.com/api/quote/DIA/historical?assetclass=etf&fromdate=2016-07-26&todate=2026-07-26&limit=5000
DIA,2021-11-22,357.48,359.24,356.09,356.2,4935826,,https://api.nasdaq.com/api/quote/DIA/historical?assetclass=etf&fromdate=2016-07-26&todate=2026-07-26&limit=5000
DIA,2021-11-23,356.28,358.37,355.34,358.02,5792629,,https://api.nasdaq.com/api/quote/DIA/historical?assetclass=etf&fromdate=2016-07-26&todate=2026-07-26&limit=5000
DIA,2021-11-24,356.06,358.2,355.8,358.03,4246714,,https://api.nasdaq.com/api/quote/DIA/historical?assetclass=etf&fromdate=2016-07-26&todate=2026-07-26&limit=5000
DIA,2021-11-26,350.33,351.46,347.36,349.02,9074951,,https://api.nasdaq.com/api/quote/DIA/historical?assetclass=etf&fromdate=2016-07-26&todate=2026-07-26&limit=5000
DIA,2021-11-29,352.59,352.77,348.923,351.19,5242959,,https://api.nasdaq.com/api/quote/DIA/historical?assetclass=etf&fromdate=2016-07-26&todate=2026-07-26&limit=5000
DIA,2021-11-30,348.7,350.01,344.36,344.9,9543521,,https://api.nasdaq.com/api/quote/DIA/historical?assetclass=etf&fromdate=2016-07-26&todate=2026-07-26&limit=5000
DIA,2021-12-01,348.04,350.3775,340.32,340.46,8476602,,https://api.nasdaq.com/api/quote/DIA/historical?assetclass=etf&fromdate=2016-07-26&todate=2026-07-26&limit=5000
DIA,2021-12-02,341.81,347.95,341.17,346.61,8326411,,https://api.nasdaq.com/api/quote/DIA/historical?assetclass=etf&fromdate=2016-07-26&todate=2026-07-26&limit=5000
DIA,2021-12-03,347.86,348.5,343.08,346.24,11365330,,https://api.nasdaq.com/api/quote/DIA/historical?assetclass=etf&fromdate=2016-07-26&todate=2026-07-26&limit=5000
DIA,2021-12-06,349.26,354.02,348.8262,352.82,7026475,,https://api.nasdaq.com/api/quote/DIA/historical?assetclass=etf&fromdate=2016-07-26&todate=2026-07-26&limit=5000
DIA,2021-12-07,355.93,358.61,355.79,357.74,5271465,,https://api.nasdaq.com/api/quote/DIA/historical?assetclass=etf&fromdate=2016-07-26&todate=2026-07-26&limit=5000
DIA,2021-12-08,358.17,358.87,356.42,357.99,3355590,,https://api.nasdaq.com/api/quote/DIA/historical?assetclass=etf&fromdate=2016-07-26&todate=2026-07-26&limit=5000
DIA,2021-12-09,356.75,359.18,356.35,358.11,3774467,,https://api.nasdaq.com/api/quote/DIA/historical?assetclass=etf&fromdate=2016-07-26&todate=2026-07-26&limit=5000
DIA,2021-12-10,359.59,360.33,357.61,360.23,3855226,,https://api.nasdaq.com/api/quote/DIA/historical?assetclass=etf&fromdate=2016-07-26&todate=2026-07-26&limit=5000
DIA,2021-12-13,359.43,359.99,356.61,357.04,4563040,,https://api.nasdaq.com/api/quote/DIA/historical?assetclass=etf&fromdate=2016-07-26&todate=2026-07-26&limit=5000
DIA,2021-12-14,355.71,358.41,354.97,356.17,4079652,,https://api.nasdaq.com/api/quote/DIA/historical?assetclass=etf&fromdate=2016-07-26&todate=2026-07-26&limit=5000
DIA,2021-12-15,355.83,359.97,354.44,359.81,9274927,,https://api.nasdaq.com/api/quote/DIA/historical?assetclass=etf&fromdate=2016-07-26&todate=2026-07-26&limit=5000
DIA,2021-12-16,361.27,362.51,358.31,359.44,9493714,,https://api.nasdaq.com/api/quote/DIA/historical?assetclass=etf&fromdate=2016-07-26&todate=2026-07-26&limit=5000
DIA,2021-12-17,356.3,356.93,352.71,353.63,10641780,,https://api.nasdaq.com/api/quote/DIA/historical?assetclass=etf&fromdate=2016-07-26&todate=2026-07-26&limit=5000
DIA,2021-12-20,349.38,349.64,346.541,349.27,7303444,,https://api.nasdaq.com/api/quote/DIA/historical?assetclass=etf&fromdate=2016-07-26&todate=2026-07-26&limit=5000
DIA,2021-12-21,352.16,354.98,351.51,354.91,4693326,,https://api.nasdaq.com/api/quote/DIA/historical?assetclass=etf&fromdate=2016-07-26&todate=2026-07-26&limit=5000
DIA,2021-12-22,354.95,357.56,354.17,357.39,2999520,,https://api.nasdaq.com/api/quote/DIA/historical?assetclass=etf&fromdate=2016-07-26&todate=2026-07-26&limit=5000
DIA,2021-12-23,358.39,360.5,358.16,359.36,2655037,,https://api.nasdaq.com/api/quote/DIA/historical?assetclass=etf&fromdate=2016-07-26&todate=2026-07-26&limit=5000
DIA,2021-12-27,360.06,362.96,359.7,362.92,2599809,,https://api.nasdaq.com/api/quote/DIA/historical?assetclass=etf&fromdate=2016-07-26&todate=2026-07-26&limit=5000
DIA,2021-12-28,363.11,365.12,362.89,363.99,3058115,,https://api.nasdaq.com/api/quote/DIA/historical?assetclass=etf&fromdate=2016-07-26&todate=2026-07-26&limit=5000
DIA,2021-12-29,363.9,365.64,363.79,364.84,3012202,,https://api.nasdaq.com/api/quote/DIA/historical?assetclass=etf&fromdate=2016-07-26&todate=2026-07-26&limit=5000
DIA,2021-12-30,365.69,366.7205,363.6,364.07,2863233,,https://api.nasdaq.com/api/quote/DIA/historical?assetclass=etf&fromdate=2016-07-26&todate=2026-07-26&limit=5000
DIA,2021-12-31,363.51,364.74,362.91,363.32,3133781,,https://api.nasdaq.com/api/quote/DIA/historical?assetclass=etf&fromdate=2016-07-26&todate=2026-07-26&limit=5000
DIA,2022-01-03,364.34,365.85,362.3,365.68,5624133,,https://api.nasdaq.com/api/quote/DIA/historical?assetclass=etf&fromdate=2016-07-26&todate=2026-07-26&limit=5000
DIA,2022-01-04,367.34,369.21,367.21,367.87,5462192,,https://api.nasdaq.com/api/quote/DIA/historical?assetclass=etf&fromdate=2016-07-26&todate=2026-07-26&limit=5000
DIA,2022-01-05,367.71,369.4985,363.98,364.09,7638014,,https://api.nasdaq.com/api/quote/DIA/historical?assetclass=etf&fromdate=2016-07-26&todate=2026-07-26&limit=5000
DIA,2022-01-06,364.11,364.65,361.96,362.39,7019832,,https://api.nasdaq.com/api/quote/DIA/historical?assetclass=etf&fromdate=2016-07-26&todate=2026-07-26&limit=5000
DIA,2022-01-07,361.89,363.87,361.13,362.31,5806281,,https://api.nasdaq.com/api/quote/DIA/historical?assetclass=etf&fromdate=2016-07-26&todate=2026-07-26&limit=5000
DIA,2022-01-10,361.07,361.22,356.44,360.79,8091815,,https://api.nasdaq.com/api/quote/DIA/historical?assetclass=etf&fromdate=2016-07-26&todate=2026-07-26&limit=5000
DIA,2022-01-11,360.69,362.75,357.7,362.54,7310850,,https://api.nasdaq.com/api/quote/DIA/historical?assetclass=etf&fromdate=2016-07-26&todate=2026-07-26&limit=5000
DIA,2022-01-12,363.73,364.56,361.67,362.95,4493155,,https://api.nasdaq.com/api/quote/DIA/historical?assetclass=etf&fromdate=2016-07-26&todate=2026-07-26&limit=5000
DIA,2022-01-13,364.21,365.13,360.45,361.2,6418102,,https://api.nasdaq.com/api/quote/DIA/historical?assetclass=etf&fromdate=2016-07-26&todate=2026-07-26&limit=5000
DIA,2022-01-14,358.21,359.8,356.4,359.14,8575412,,https://api.nasdaq.com/api/quote/DIA/historical?assetclass=etf&fromdate=2016-07-26&todate=2026-07-26&limit=5000
DIA,2022-01-18,355.33,355.36,352.62,353.85,8173145,,https://api.nasdaq.com/api/quote/DIA/historical?assetclass=etf&fromdate=2016-07-26&todate=2026-07-26&limit=5000
DIA,2022-01-19,354.91,355.55,350.21,350.35,7386469,,https://api.nasdaq.com/api/quote/DIA/historical?assetclass=etf&fromdate=2016-07-26&todate=2026-07-26&limit=5000
DIA,2022-01-20,351.48,355.05,346.81,347.33,8968728,,https://api.nasdaq.com/api/quote/DIA/historical?assetclass=etf&fromdate=2016-07-26&todate=2026-07-26&limit=5000
DIA,2022-01-21,347.09,348.85,342.14,342.35,16301610,,https://api.nasdaq.com/api/quote/DIA/historical?assetclass=etf&fromdate=2016-07-26&todate=2026-07-26&limit=5000
DIA,2022-01-24,338.43,344.12,331.35,343.81,29719460,,https://api.nasdaq.com/api/quote/DIA/historical?assetclass=etf&fromdate=2016-07-26&todate=2026-07-26&limit=5000
DIA,2022-01-25,340.26,345.79,335.34,342.96,18657850,,https://api.nasdaq.com/api/quote/DIA/historical?assetclass=etf&fromdate=2016-07-26&todate=2026-07-26&limit=5000
DIA,2022-01-26,346.04,348,338.53,341.46,19047290,,https://api.nasdaq.com/api/quote/DIA/historical?assetclass=etf&fromdate=2016-07-26&todate=2026-07-26&limit=5000
DIA,2022-01-27,344.4,347.6294,339.89,341.55,12854110,,https://api.nasdaq.com/api/quote/DIA/historical?assetclass=etf&fromdate=2016-07-26&todate=2026-07-26&limit=5000
DIA,2022-01-28,341.86,347.18,337.9,347.11,12008870,,https://api.nasdaq.com/api/quote/DIA/historical?assetclass=etf&fromdate=2016-07-26&todate=2026-07-26&limit=5000
DIA,2022-01-31,345.78,351.36,344.72,351.08,8379123,,https://api.nasdaq.com/api/quote/DIA/historical?assetclass=etf&fromdate=2016-07-26&todate=2026-07-26&limit=5000
DIA,2022-02-01,351.66,354.27,349.68,353.94,7635973,,https://api.nasdaq.com/api/quote/DIA/historical?assetclass=etf&fromdate=2016-07-26&todate=2026-07-26&limit=5000
DIA,2022-02-02,353.59,356.66,352.76,356.03,8856380,,https://api.nasdaq.com/api/quote/DIA/historical?assetclass=etf&fromdate=2016-07-26&todate=2026-07-26&limit=5000
DIA,2022-02-03,354.82,355.22,350.58,350.98,9339872,,https://api.nasdaq.com/api/quote/DIA/historical?assetclass=etf&fromdate=2016-07-26&todate=2026-07-26&limit=5000
DIA,2022-02-04,350.4,353.25,347.82,350.87,8532315,,https://api.nasdaq.com/api/quote/DIA/historical?assetclass=etf&fromdate=2016-07-26&todate=2026-07-26&limit=5000
DIA,2022-02-07,351.26,353.16,349.83,350.9,4746182,,https://api.nasdaq.com/api/quote/DIA/historical?assetclass=etf&fromdate=2016-07-26&todate=2026-07-26&limit=5000
DIA,2022-02-08,351.6,355.35,350.79,354.54,4568416,,https://api.nasdaq.com/api/quote/DIA/historical?assetclass=etf&fromdate=2016-07-26&todate=2026-07-26&limit=5000
DIA,2022-02-09,357.35,358.1,356.66,357.67,4781723,,https://api.nasdaq.com/api/quote/DIA/historical?assetclass=etf&fromdate=2016-07-26&todate=2026-07-26&limit=5000
DIA,2022-02-10,354.78,358.06,351.03,352.55,10298490,,https://api.nasdaq.com/api/quote/DIA/historical?assetclass=etf&fromdate=2016-07-26&todate=2026-07-26&limit=5000
DIA,2022-02-11,352.46,354.42,346.23,347.29,8211455,,https://api.nasdaq.com/api/quote/DIA/historical?assetclass=etf&fromdate=2016-07-26&todate=2026-07-26&limit=5000
DIA,2022-02-14,346.72,347.55,343.199,345.89,7315140,,https://api.nasdaq.com/api/quote/DIA/historical?assetclass=etf&fromdate=2016-07-26&todate=2026-07-26&limit=5000
DIA,2022-02-15,348.93,350.755,348.35,350.22,4939762,,https://api.nasdaq.com/api/quote/DIA/historical?assetclass=etf&fromdate=2016-07-26&todate=2026-07-26&limit=5000
DIA,2022-02-16,348.76,350.72,346.71,349.67,4496491,,https://api.nasdaq.com/api/quote/DIA/historical?assetclass=etf&fromdate=2016-07-26&todate=2026-07-26&limit=5000
DIA,2022-02-17,347.43,347.71,342.86,343.68,4433540,,https://api.nasdaq.com/api/quote/DIA/historical?assetclass=etf&fromdate=2016-07-26&todate=2026-07-26&limit=5000
DIA,2022-02-18,342.9,344.2,339.67,340.98,6193742,,https://api.nasdaq.com/api/quote/DIA/historical?assetclass=etf&fromdate=2016-07-26&todate=2026-07-26&limit=5000
DIA,2022-02-22,338.79,340.26,333.58,336.01,7942677,,https://api.nasdaq.com/api/quote/DIA/historical?assetclass=etf&fromdate=2016-07-26&todate=2026-07-26&limit=5000
DIA,2022-02-23,338.16,338.26,330.82,331.52,5732648,,https://api.nasdaq.com/api/quote/DIA/historical?assetclass=etf&fromdate=2016-07-26&todate=2026-07-26&limit=5000
DIA,2022-02-24,322.82,332.74,322.685,332.34,14167070,,https://api.nasdaq.com/api/quote/DIA/historical?assetclass=etf&fromdate=2016-07-26&todate=2026-07-26&limit=5000
DIA,2022-02-25,333.68,341.02,333.06,340.54,9496305,,https://api.nasdaq.com/api/quote/DIA/historical?assetclass=etf&fromdate=2016-07-26&todate=2026-07-26&limit=5000
DIA,2022-02-28,335.95,339.8189,334.79,339.34,8217281,,https://api.nasdaq.com/api/quote/DIA/historical?assetclass=etf&fromdate=2016-07-26&todate=2026-07-26&limit=5000
DIA,2022-03-01,337.27,339.02,331.33,333.16,8532868,,https://api.nasdaq.com/api/quote/DIA/historical?assetclass=etf&fromdate=2016-07-26&todate=2026-07-26&limit=5000
DIA,2022-03-02,335.27,340.45,334.69,339,6836203,,https://api.nasdaq.com/api/quote/DIA/historical?assetclass=etf&fromdate=2016-07-26&todate=2026-07-26&limit=5000
DIA,2022-03-03,340.71,342.09,336.6799,338.13,7790653,,https://api.nasdaq.com/api/quote/DIA/historical?assetclass=etf&fromdate=2016-07-26&todate=2026-07-26&limit=5000
DIA,2022-03-04,334.61,336.865,332.8,336.47,6034028,,https://api.nasdaq.com/api/quote/DIA/historical?assetclass=etf&fromdate=2016-07-26&todate=2026-07-26&limit=5000
DIA,2022-03-07,335.2,335.33,328.34,328.47,6590822,,https://api.nasdaq.com/api/quote/DIA/historical?assetclass=etf&fromdate=2016-07-26&todate=2026-07-26&limit=5000
DIA,2022-03-08,328.49,334.4,326.06,326.53,8209822,,https://api.nasdaq.com/api/quote/DIA/historical?assetclass=etf&fromdate=2016-07-26&todate=2026-07-26&limit=5000
DIA,2022-03-09,333.12,335.04,331.57,333.4,4669162,,https://api.nasdaq.com/api/quote/DIA/historical?assetclass=etf&fromdate=2016-07-26&todate=2026-07-26&limit=5000
DIA,2022-03-10,329.32,332.85,328.68,332.11,3317366,,https://api.nasdaq.com/api/quote/DIA/historical?assetclass=etf&fromdate=2016-07-26&todate=2026-07-26&limit=5000
DIA,2022-03-11,334.1,335.73,329.69,330.02,6923442,,https://api.nasdaq.com/api/quote/DIA/historical?assetclass=etf&fromdate=2016-07-26&todate=2026-07-26&limit=5000
DIA,2022-03-14,331.75,334.6,328.79,330.07,5640611,,https://api.nasdaq.com/api/quote/DIA/historical?assetclass=etf&fromdate=2016-07-26&todate=2026-07-26&limit=5000
DIA,2022-03-15,332,336.85,331.11,336.19,6648491,,https://api.nasdaq.com/api/quote/DIA/historical?assetclass=etf&fromdate=2016-07-26&todate=2026-07-26&limit=5000
DIA,2022-03-16,339.19,341.42,334.54,341.36,9577061,,https://api.nasdaq.com/api/quote/DIA/historical?assetclass=etf&fromdate=2016-07-26&todate=2026-07-26&limit=5000
DIA,2022-03-17,339.94,345.59,339.61,345.45,6032880,,https://api.nasdaq.com/api/quote/DIA/historical?assetclass=etf&fromdate=2016-07-26&todate=2026-07-26&limit=5000
DIA,2022-03-18,343.62,347.44,342.65,347.19,5903890,,https://api.nasdaq.com/api/quote/DIA/historical?assetclass=etf&fromdate=2016-07-26&todate=2026-07-26&limit=5000
DIA,2022-03-21,346.61,347.93,343.295,345.44,4329871,,https://api.nasdaq.com/api/quote/DIA/historical?assetclass=etf&fromdate=2016-07-26&todate=2026-07-26&limit=5000
DIA,2022-03-22,347.12,348.7228,346.858,348.14,4430831,,https://api.nasdaq.com/api/quote/DIA/historical?assetclass=etf&fromdate=2016-07-26&todate=2026-07-26&limit=5000
DIA,2022-03-23,345.75,346.44,343.3535,343.41,4098657,,https://api.nasdaq.com/api/quote/DIA/historical?assetclass=etf&fromdate=2016-07-26&todate=2026-07-26&limit=5000
DIA,2022-03-24,344.49,347.06,343.4356,347.06,3550042,,https://api.nasdaq.com/api/quote/DIA/historical?assetclass=etf&fromdate=2016-07-26&todate=2026-07-26&limit=5000
DIA,2022-03-25,347.8,349.32,346.19,348.54,3207531,,https://api.nasdaq.com/api/quote/DIA/historical?assetclass=etf&fromdate=2016-07-26&todate=2026-07-26&limit=5000
DIA,2022-03-28,347.75,349.49,345.38,349.49,2962414,,https://api.nasdaq.com/api/quote/DIA/historical?assetclass=etf&fromdate=2016-07-26&todate=2026-07-26&limit=5000
DIA,2022-03-29,352.66,353.71,350.125,352.97,4711808,,https://api.nasdaq.com/api/quote/DIA/historical?assetclass=etf&fromdate=2016-07-26&todate=2026-07-26&limit=5000
DIA,2022-03-30,352.15,353.47,350.44,352.12,3909838,,https://api.nasdaq.com/api/quote/DIA/historical?assetclass=etf&fromdate=2016-07-26&todate=2026-07-26&limit=5000
DIA,2022-03-31,351.07,351.57,346.76,346.83,3978913,,https://api.nasdaq.com/api/quote/DIA/historical?assetclass=etf&fromdate=2016-07-26&todate=2026-07-26&limit=5000
DIA,2022-04-01,348.15,348.35,345.24,348.01,3560210,,https://api.nasdaq.com/api/quote/DIA/historical?assetclass=etf&fromdate=2016-07-26&todate=2026-07-26&limit=5000
DIA,2022-04-04,347.64,349.28,346.03,349.24,3829885,,https://api.nasdaq.com/api/quote/DIA/historical?assetclass=etf&fromdate=2016-07-26&todate=2026-07-26&limit=5000
DIA,2022-04-05,347.82,351.05,345.5,346.34,4331699,,https://api.nasdaq.com/api/quote/DIA/historical?assetclass=etf&fromdate=2016-07-26&todate=2026-07-26&limit=5000
DIA,2022-04-06,343.59,346.06,342.7,344.75,5431293,,https://api.nasdaq.com/api/quote/DIA/historical?assetclass=etf&fromdate=2016-07-26&todate=2026-07-26&limit=5000
DIA,2022-04-07,343.77,347.1,341.89,345.97,4599942,,https://api.nasdaq.com/api/quote/DIA/historical?assetclass=etf&fromdate=2016-07-26&todate=2026-07-26&limit=5000
DIA,2022-04-08,345.71,349.12,344.65,347.37,4535880,,https://api.nasdaq.com/api/quote/DIA/historical?assetclass=etf&fromdate=2016-07-26&todate=2026-07-26&limit=5000
DIA,2022-04-11,345.36,347.08,342.74,343.2,5344447,,https://api.nasdaq.com/api/quote/DIA/historical?assetclass=etf&fromdate=2016-07-26&todate=2026-07-26&limit=5000
DIA,2022-04-12,344.41,346.75,341,342.22,4501423,,https://api.nasdaq.com/api/quote/DIA/historical?assetclass=etf&fromdate=2016-07-26&todate=2026-07-26&limit=5000
DIA,2022-04-13,341.69,346.05,341.54,345.76,3604954,,https://api.nasdaq.com/api/quote/DIA/historical?assetclass=etf&fromdate=2016-07-26&todate=2026-07-26&limit=5000
DIA,2022-04-14,346.71,348.73,344.245,344.29,4179594,,https://api.nasdaq.com/api/quote/DIA/historical?assetclass=etf&fromdate=2016-07-26&todate=2026-07-26&limit=5000
DIA,2022-04-18,343.87,346.07,342.63,344.1,3938996,,https://api.nasdaq.com/api/quote/DIA/historical?assetclass=etf&fromdate=2016-07-26&todate=2026-07-26&limit=5000
DIA,2022-04-19,344.29,349.74,344.25,349.12,4261175,,https://api.nasdaq.com/api/quote/DIA/historical?assetclass=etf&fromdate=2016-07-26&todate=2026-07-26&limit=5000
DIA,2022-04-20,351.06,353.07,350.2801,351.53,5676962,,https://api.nasdaq.com/api/quote/DIA/historical?assetclass=etf&fromdate=2016-07-26&todate=2026-07-26&limit=5000
DIA,2022-04-21,353.96,354.8783,347.18,347.71,5369607,,https://api.nasdaq.com/api/quote/DIA/historical?assetclass=etf&fromdate=2016-07-26&todate=2026-07-26&limit=5000
DIA,2022-04-22,346.34,346.41,337.74,338.27,6855127,,https://api.nasdaq.com/api/quote/DIA/historical?assetclass=etf&fromdate=2016-07-26&todate=2026-07-26&limit=5000
DIA,2022-04-25,336.45,341.08,333.2,340.56,6806588,,https://api.nasdaq.com/api/quote/DIA/historical?assetclass=etf&fromdate=2016-07-26&todate=2026-07-26&limit=5000
DIA,2022-04-26,338.03,339.05,332.27,332.45,7619818,,https://api.nasdaq.com/api/quote/DIA/historical?assetclass=etf&fromdate=2016-07-26&todate=2026-07-26&limit=5000
DIA,2022-04-27,333.88,337,331.075,333.03,6894376,,https://api.nasdaq.com/api/quote/DIA/historical?assetclass=etf&fromdate=2016-07-26&todate=2026-07-26&limit=5000
DIA,2022-04-28,335.24,340.535,332.491,339.29,5976595,,https://api.nasdaq.com/api/quote/DIA/historical?assetclass=etf&fromdate=2016-07-26&todate=2026-07-26&limit=5000
DIA,2022-04-29,337.62,339.225,329.1,329.69,6495649,,https://api.nasdaq.com/api/quote/DIA/historical?assetclass=etf&fromdate=2016-07-26&todate=2026-07-26&limit=5000
DIA,2022-05-02,330.35,332.34,324.4601,330.74,9221719,,https://api.nasdaq.com/api/quote/DIA/historical?assetclass=etf&fromdate=2016-07-26&todate=2026-07-26&limit=5000
DIA,2022-05-03,331.18,333.42,329.11,331.25,6051042,,https://api.nasdaq.com/api/quote/DIA/historical?assetclass=etf&fromdate=2016-07-26&todate=2026-07-26&limit=5000
DIA,2022-05-04,331.8,341.17,330.2,340.59,10569670,,https://api.nasdaq.com/api/quote/DIA/historical?assetclass=etf&fromdate=2016-07-26&todate=2026-07-26&limit=5000
DIA,2022-05-05,337.83,338.24,326.89,330.24,9101151,,https://api.nasdaq.com/api/quote/DIA/historical?assetclass=etf&fromdate=2016-07-26&todate=2026-07-26&limit=5000
DIA,2022-05-06,327.74,330.65,324.75,329.07,10644200,,https://api.nasdaq.com/api/quote/DIA/historical?assetclass=etf&fromdate=2016-07-26&todate=2026-07-26&limit=5000
DIA,2022-05-09,324.98,326.37,321.37,322.6,7817217,,https://api.nasdaq.com/api/quote/DIA/historical?assetclass=etf&fromdate=2016-07-26&todate=2026-07-26&limit=5000
DIA,2022-05-10,326.5,327.61,319.06,321.83,7716509,,https://api.nasdaq.com/api/quote/DIA/historical?assetclass=etf&fromdate=2016-07-26&todate=2026-07-26&limit=5000
DIA,2022-05-11,321.74,326.07,318.16,318.46,9374744,,https://api.nasdaq.com/api/quote/DIA/historical?assetclass=etf&fromdate=2016-07-26&todate=2026-07-26&limit=5000
DIA,2022-05-12,316.6,319.43,312.53,317.64,6790822,,https://api.nasdaq.com/api/quote/DIA/historical?assetclass=etf&fromdate=2016-07-26&todate=2026-07-26&limit=5000
DIA,2022-05-13,320.33,323.03,318.8478,322.23,4236731,,https://api.nasdaq.com/api/quote/DIA/historical?assetclass=etf&fromdate=2016-07-26&todate=2026-07-26&limit=5000
DIA,2022-05-16,321.71,325.57,319.695,322.78,3692621,,https://api.nasdaq.com/api/quote/DIA/historical?assetclass=etf&fromdate=2016-07-26&todate=2026-07-26&limit=5000
DIA,2022-05-17,326.83,327.37,323.46,327.1,3316843,,https://api.nasdaq.com/api/quote/DIA/historical?assetclass=etf&fromdate=2016-07-26&todate=2026-07-26&limit=5000
DIA,2022-05-18,324.21,324.39,314.43,315.55,3659049,,https://api.nasdaq.com/api/quote/DIA/historical?assetclass=etf&fromdate=2016-07-26&todate=2026-07-26&limit=5000
DIA,2022-05-19,312.12,316.345,310.83,313.18,3836689,,https://api.nasdaq.com/api/quote/DIA/historical?assetclass=etf&fromdate=2016-07-26&todate=2026-07-26&limit=5000
DIA,2022-05-20,314.79,315.07,306.28,312.42,4653963,,https://api.nasdaq.com/api/quote/DIA/historical?assetclass=etf&fromdate=2016-07-26&todate=2026-07-26&limit=5000
DIA,2022-05-23,315.32,319.6484,314.7817,318.84,4484636,,https://api.nasdaq.com/api/quote/DIA/historical?assetclass=etf&fromdate=2016-07-26&todate=2026-07-26&limit=5000
DIA,2022-05-24,316.57,320.15,313.62,319.39,5260533,,https://api.nasdaq.com/api/quote/DIA/historical?assetclass=etf&fromdate=2016-07-26&todate=2026-07-26&limit=5000
DIA,2022-05-25,317.98,322.54,317.45,321.28,4612843,,https://api.nasdaq.com/api/quote/DIA/historical?assetclass=etf&fromdate=2016-07-26&todate=2026-07-26&limit=5000
DIA,2022-05-26,322.95,327.77,322.9,326.45,3270215,,https://api.nasdaq.com/api/quote/DIA/historical?assetclass=etf&fromdate=2016-07-26&todate=2026-07-26&limit=5000
DIA,2022-05-27,327.05,332.13,326.82,332.07,2773115,,https://api.nasdaq.com/api/quote/DIA/historical?assetclass=etf&fromdate=2016-07-26&todate=2026-07-26&limit=5000
DIA,2022-05-31,330.17,332.5457,327.66,330.2,4354032,,https://api.nasdaq.com/api/quote/DIA/historical?assetclass=etf&fromdate=2016-07-26&todate=2026-07-26&limit=5000
DIA,2022-06-01,332.41,332.95,326.1,328.36,3721407,,https://api.nasdaq.com/api/quote/DIA/historical?assetclass=etf&fromdate=2016-07-26&todate=2026-07-26&limit=5000
DIA,2022-06-02,328.55,332.78,325.36,332.77,3718751,,https://api.nasdaq.com/api/quote/DIA/historical?assetclass=etf&fromdate=2016-07-26&todate=2026-07-26&limit=5000
DIA,2022-06-03,329.87,331.73,328.73,329.35,4150850,,https://api.nasdaq.com/api/quote/DIA/historical?assetclass=etf&fromdate=2016-07-26&todate=2026-07-26&limit=5000
DIA,2022-06-06,331.59,332.74,328.53,329.45,1957646,,https://api.nasdaq.com/api/quote/DIA/historical?assetclass=etf&fromdate=2016-07-26&todate=2026-07-26&limit=5000
DIA,2022-06-07,326.82,332.47,326.82,332.17,2424032,,https://api.nasdaq.com/api/quote/DIA/historical?assetclass=etf&fromdate=2016-07-26&todate=2026-07-26&limit=5000
DIA,2022-06-08,330.56,331.925,328.5623,329.38,2032944,,https://api.nasdaq.com/api/quote/DIA/historical?assetclass=etf&fromdate=2016-07-26&todate=2026-07-26&limit=5000
DIA,2022-06-09,328.16,329.99,323,323,2591478,,https://api.nasdaq.com/api/quote/DIA/historical?assetclass=etf&fromdate=2016-07-26&todate=2026-07-26&limit=5000
DIA,2022-06-10,318.31,318.77,314.32,314.37,4484707,,https://api.nasdaq.com/api/quote/DIA/historical?assetclass=etf&fromdate=2016-07-26&todate=2026-07-26&limit=5000
DIA,2022-06-13,307.5,309.62,304.16,305.58,6317234,,https://api.nasdaq.com/api/quote/DIA/historical?assetclass=etf&fromdate=2016-07-26&todate=2026-07-26&limit=5000
DIA,2022-06-14,306.61,307.425,301.93,304.3,3723955,,https://api.nasdaq.com/api/quote/DIA/historical?assetclass=etf&fromdate=2016-07-26&todate=2026-07-26&limit=5000
DIA,2022-06-15,306.4,310.68,302.26,307.23,7060907,,https://api.nasdaq.com/api/quote/DIA/historical?assetclass=etf&fromdate=2016-07-26&todate=2026-07-26&limit=5000
DIA,2022-06-16,301.37,301.66,298.022,299.9,4943471,,https://api.nasdaq.com/api/quote/DIA/historical?assetclass=etf&fromdate=2016-07-26&todate=2026-07-26&limit=5000
DIA,2022-06-17,298.27,301.5792,296.39,298.72,4737958,,https://api.nasdaq.com/api/quote/DIA/historical?assetclass=etf&fromdate=2016-07-26&todate=2026-07-26&limit=5000
DIA,2022-06-21,303.08,306.47,302.62,305.29,3246541,,https://api.nasdaq.com/api/quote/DIA/historical?assetclass=etf&fromdate=2016-07-26&todate=2026-07-26&limit=5000
DIA,2022-06-22,301.53,307.68,301.33,304.61,6361190,,https://api.nasdaq.com/api/quote/DIA/historical?assetclass=etf&fromdate=2016-07-26&todate=2026-07-26&limit=5000
DIA,2022-06-23,305.67,307.06,302.78,306.74,3582611,,https://api.nasdaq.com/api/quote/DIA/historical?assetclass=etf&fromdate=2016-07-26&todate=2026-07-26&limit=5000
DIA,2022-06-24,309.2,315.12,309.12,315.02,3314805,,https://api.nasdaq.com/api/quote/DIA/historical?assetclass=etf&fromdate=2016-07-26&todate=2026-07-26&limit=5000
DIA,2022-06-27,315.4,315.89,313.38,314.36,1896472,,https://api.nasdaq.com/api/quote/DIA/historical?assetclass=etf&fromdate=2016-07-26&todate=2026-07-26&limit=5000
DIA,2022-06-28,316,318.75,309.23,309.34,3030245,,https://api.nasdaq.com/api/quote/DIA/historical?assetclass=etf&fromdate=2016-07-26&todate=2026-07-26&limit=5000
DIA,2022-06-29,310.4,311.48,308.83,310.05,2462832,,https://api.nasdaq.com/api/quote/DIA/historical?assetclass=etf&fromdate=2016-07-26&todate=2026-07-26&limit=5000
DIA,2022-06-30,306.75,309.82,304.25,307.82,4117791,,https://api.nasdaq.com/api/quote/DIA/historical?assetclass=etf&fromdate=2016-07-26&todate=2026-07-26&limit=5000
DIA,2022-07-01,307.4,311.31,304.77,310.85,3315014,,https://api.nasdaq.com/api/quote/DIA/historical?assetclass=etf&fromdate=2016-07-26&todate=2026-07-26&limit=5000
DIA,2022-07-05,306.6,309.76,303.58,309.71,3767731,,https://api.nasdaq.com/api/quote/DIA/historical?assetclass=etf&fromdate=2016-07-26&todate=2026-07-26&limit=5000
DIA,2022-07-06,310,312.29,307.94,310.41,2493272,,https://api.nasdaq.com/api/quote/DIA/historical?assetclass=etf&fromdate=2016-07-26&todate=2026-07-26&limit=5000
DIA,2022-07-07,312.54,314.27,311.6112,313.95,2267512,,https://api.nasdaq.com/api/quote/DIA/historical?assetclass=etf&fromdate=2016-07-26&todate=2026-07-26&limit=5000
DIA,2022-07-08,313.5,315.14,312.17,313.46,2094271,,https://api.nasdaq.com/api/quote/DIA/historical?assetclass=etf&fromdate=2016-07-26&todate=2026-07-26&limit=5000
DIA,2022-07-11,311.66,313.74,311.17,311.7,2633170,,https://api.nasdaq.com/api/quote/DIA/historical?assetclass=etf&fromdate=2016-07-26&todate=2026-07-26&limit=5000
DIA,2022-07-12,310.56,313.55,308.6,309.97,2805957,,https://api.nasdaq.com/api/quote/DIA/historical?assetclass=etf&fromdate=2016-07-26&todate=2026-07-26&limit=5000
DIA,2022-07-13,306.19,309.94,305.11,307.75,3481167,,https://api.nasdaq.com/api/quote/DIA/historical?assetclass=etf&fromdate=2016-07-26&todate=2026-07-26&limit=5000
DIA,2022-07-14,302.66,306.86,301.47,306.4,2893106,,https://api.nasdaq.com/api/quote/DIA/historical?assetclass=etf&fromdate=2016-07-26&todate=2026-07-26&limit=5000
DIA,2022-07-15,310.81,312.78,309.15,312.66,3027542,,https://api.nasdaq.com/api/quote/DIA/historical?assetclass=etf&fromdate=2016-07-26&todate=2026-07-26&limit=5000
DIA,2022-07-18,315.76,316.35,309.73,310.65,2344920,,https://api.nasdaq.com/api/quote/DIA/historical?assetclass=etf&fromdate=2016-07-26&todate=2026-07-26&limit=5000
DIA,2022-07-19,313.07,318.4,312.66,318.11,3004908,,https://api.nasdaq.com/api/quote/DIA/historical?assetclass=etf&fromdate=2016-07-26&todate=2026-07-26&limit=5000
DIA,2022-07-20,318.24,319.43,316.45,318.74,3243033,,https://api.nasdaq.com/api/quote/DIA/historical?assetclass=etf&fromdate=2016-07-26&todate=2026-07-26&limit=5000
DIA,2022-07-21,317.63,320.46,315.38,320.41,2159793,,https://api.nasdaq.com/api/quote/DIA/historical?assetclass=etf&fromdate=2016-07-26&todate=2026-07-26&limit=5000
DIA,2022-07-22,321.76,322.2,317.34,319.06,3264096,,https://api.nasdaq.com/api/quote/DIA/historical?assetclass=etf&fromdate=2016-07-26&todate=2026-07-26&limit=5000
DIA,2022-07-25,320.07,320.39,318.25,319.96,4002541,,https://api.nasdaq.com/api/quote/DIA/historical?assetclass=etf&fromdate=2016-07-26&todate=2026-07-26&limit=5000
DIA,2022-07-26,318.89,319.48,317.1,317.54,2101675,,https://api.nasdaq.com/api/quote/DIA/historical?assetclass=etf&fromdate=2016-07-26&todate=2026-07-26&limit=5000
DIA,2022-07-27,318.88,323.44,318.04,322.01,3338124,,https://api.nasdaq.com/api/quote/DIA/historical?assetclass=etf&fromdate=2016-07-26&todate=2026-07-26&limit=5000
DIA,2022-07-28,322.45,326.12,319.81,325.23,2688420,,https://api.nasdaq.com/api/quote/DIA/historical?assetclass=etf&fromdate=2016-07-26&todate=2026-07-26&limit=5000
DIA,2022-07-29,325.5201,329.27,324.9231,328.66,3225635,,https://api.nasdaq.com/api/quote/DIA/historical?assetclass=etf&fromdate=2016-07-26&todate=2026-07-26&limit=5000
DIA,2022-08-01,326.91,329.72,326.45,328.04,2745526,,https://api.nasdaq.com/api/quote/DIA/historical?assetclass=etf&fromdate=2016-07-26&todate=2026-07-26&limit=5000
DIA,2022-08-02,326.97,327.78,323.9,324.04,5394567,,https://api.nasdaq.com/api/quote/DIA/historical?assetclass=etf&fromdate=2016-07-26&todate=2026-07-26&limit=5000
DIA,2022-08-03,325.7,329.14,325.14,328.16,2564614,,https://api.nasdaq.com/api/quote/DIA/historical?assetclass=etf&fromdate=2016-07-26&todate=2026-07-26&limit=5000
DIA,2022-08-04,327.69,328.36,326.55,327.36,2426392,,https://api.nasdaq.com/api/quote/DIA/historical?assetclass=etf&fromdate=2016-07-26&todate=2026-07-26&limit=5000
DIA,2022-08-05,325.07,328.19,324.9298,327.97,2672438,,https://api.nasdaq.com/api/quote/DIA/historical?assetclass=etf&fromdate=2016-07-26&todate=2026-07-26&limit=5000
DIA,2022-08-08,329.81,331.12,327.71,328.42,2530002,,https://api.nasdaq.com/api/quote/DIA/historical?assetclass=etf&fromdate=2016-07-26&todate=2026-07-26&limit=5000
DIA,2022-08-09,328.28,328.94,327.19,327.91,1655102,,https://api.nasdaq.com/api/quote/DIA/historical?assetclass=etf&fromdate=2016-07-26&todate=2026-07-26&limit=5000
DIA,2022-08-10,332.5973,333.83,331.9627,333.2,2934424,,https://api.nasdaq.com/api/quote/DIA/historical?assetclass=etf&fromdate=2016-07-26&todate=2026-07-26&limit=5000
DIA,2022-08-11,335.82,336.8,333.18,333.71,2401597,,https://api.nasdaq.com/api/quote/DIA/historical?assetclass=etf&fromdate=2016-07-26&todate=2026-07-26&limit=5000
DIA,2022-08-12,334.8,337.92,334.19,337.83,2606866,,https://api.nasdaq.com/api/quote/DIA/historical?assetclass=etf&fromdate=2016-07-26&todate=2026-07-26&limit=5000
DIA,2022-08-15,336.11,339.85,336.06,339.37,1936450,,https://api.nasdaq.com/api/quote/DIA/historical?assetclass=etf&fromdate=2016-07-26&todate=2026-07-26&limit=5000
DIA,2022-08-16,338.82,343.09,338.75,341.74,3897090,,https://api.nasdaq.com/api/quote/DIA/historical?assetclass=etf&fromdate=2016-07-26&todate=2026-07-26&limit=5000
DIA,2022-08-17,339.67,342.06,338.7034,340.2,2960328,,https://api.nasdaq.com/api/quote/DIA/historical?assetclass=etf&fromdate=2016-07-26&todate=2026-07-26&limit=5000
DIA,2022-08-18,340.2,341,338.97,340.58,1850925,,https://api.nasdaq.com/api/quote/DIA/historical?assetclass=etf&fromdate=2016-07-26&todate=2026-07-26&limit=5000
DIA,2022-08-19,338.35,338.66,336.26,337.04,2010332,,https://api.nasdaq.com/api/quote/DIA/historical?assetclass=etf&fromdate=2016-07-26&todate=2026-07-26&limit=5000
DIA,2022-08-22,333.11,333.52,330.16,330.76,2684482,,https://api.nasdaq.com/api/quote/DIA/historical?assetclass=etf&fromdate=2016-07-26&todate=2026-07-26&limit=5000
DIA,2022-08-23,330.31,331.45,328.64,329.11,2897211,,https://api.nasdaq.com/api/quote/DIA/historical?assetclass=etf&fromdate=2016-07-26&todate=2026-07-26&limit=5000
DIA,2022-08-24,328.93,331.03,328.33,329.86,2581683,,https://api.nasdaq.com/api/quote/DIA/historical?assetclass=etf&fromdate=2016-07-26&todate=2026-07-26&limit=5000
DIA,2022-08-25,330.09,333.15,329,333.15,2498866,,https://api.nasdaq.com/api/quote/DIA/historical?assetclass=etf&fromdate=2016-07-26&todate=2026-07-26&limit=5000
DIA,2022-08-26,333.49,333.67,322.82,322.93,4190969,,https://api.nasdaq.com/api/quote/DIA/historical?assetclass=etf&fromdate=2016-07-26&todate=2026-07-26&limit=5000
DIA,2022-08-29,320.54,323.33,319.75,321.1,2896894,,https://api.nasdaq.com/api/quote/DIA/historical?assetclass=etf&fromdate=2016-07-26&todate=2026-07-26&limit=5000
DIA,2022-08-30,322.09,322.17,316.57,318.04,2926264,,https://api.nasdaq.com/api/quote/DIA/historical?assetclass=etf&fromdate=2016-07-26&todate=2026-07-26&limit=5000
DIA,2022-08-31,318.46,320.17,315.6,315.65,2981566,,https://api.nasdaq.com/api/quote/DIA/historical?assetclass=etf&fromdate=2016-07-26&todate=2026-07-26&limit=5000
DIA,2022-09-01,314.29,317.25,312.7,317.06,3227960,,https://api.nasdaq.com/api/quote/DIA/historical?assetclass=etf&fromdate=2016-07-26&todate=2026-07-26&limit=5000
DIA,2022-09-02,319.77,320.745,312.31,313.76,3826209,,https://api.nasdaq.com/api/quote/DIA/historical?assetclass=etf&fromdate=2016-07-26&todate=2026-07-26&limit=5000
DIA,2022-09-06,314.55,315.2,310.93,312.2,3320402,,https://api.nasdaq.com/api/quote/DIA/historical?assetclass=etf&fromdate=2016-07-26&todate=2026-07-26&limit=5000
DIA,2022-09-07,311.64,316.94,311.45,316.33,2520234,,https://api.nasdaq.com/api/quote/DIA/historical?assetclass=etf&fromdate=2016-07-26&todate=2026-07-26&limit=5000
DIA,2022-09-08,314.69,318.4,313.68,318.24,3301094,,https://api.nasdaq.com/api/quote/DIA/historical?assetclass=etf&fromdate=2016-07-26&todate=2026-07-26&limit=5000
DIA,2022-09-09,320.08,322.94,319.5001,322.28,2479262,,https://api.nasdaq.com/api/quote/DIA/historical?assetclass=etf&fromdate=2016-07-26&todate=2026-07-26&limit=5000
DIA,2022-09-12,323.29,325.68,323.21,324.57,2486866,,https://api.nasdaq.com/api/quote/DIA/historical?assetclass=etf&fromdate=2016-07-26&todate=2026-07-26&limit=5000
DIA,2022-09-13,318.8,319.59,310.83,311.73,4301167,,https://api.nasdaq.com/api/quote/DIA/historical?assetclass=etf&fromdate=2016-07-26&todate=2026-07-26&limit=5000
DIA,2022-09-14,312.36,313.48,309.53,312.06,2868847,,https://api.nasdaq.com/api/quote/DIA/historical?assetclass=etf&fromdate=2016-07-26&todate=2026-07-26&limit=5000
DIA,2022-09-15,311.63,313.52,309.53,310.36,3294627,,https://api.nasdaq.com/api/quote/DIA/historical?assetclass=etf&fromdate=2016-07-26&todate=2026-07-26&limit=5000
DIA,2022-09-16,305.96,308.58,305.35,308.05,4070950,,https://api.nasdaq.com/api/quote/DIA/historical?assetclass=etf&fromdate=2016-07-26&todate=2026-07-26&limit=5000
DIA,2022-09-19,305.37,310.19,305.29,310.15,2730018,,https://api.nasdaq.com/api/quote/DIA/historical?assetclass=etf&fromdate=2016-07-26&todate=2026-07-26&limit=5000
DIA,2022-09-20,307.69,307.99,304.58,307.02,2822819,,https://api.nasdaq.com/api/quote/DIA/historical?assetclass=etf&fromdate=2016-07-26&todate=2026-07-26&limit=5000
DIA,2022-09-21,308.52,310.27,301.72,301.81,5110654,,https://api.nasdaq.com/api/quote/DIA/historical?assetclass=etf&fromdate=2016-07-26&todate=2026-07-26&limit=5000
DIA,2022-09-22,301.56,302.97,299.89,300.52,3492495,,https://api.nasdaq.com/api/quote/DIA/historical?assetclass=etf&fromdate=2016-07-26&todate=2026-07-26&limit=5000
DIA,2022-09-23,297.82,298,292.395,295.86,4949293,,https://api.nasdaq.com/api/quote/DIA/historical?assetclass=etf&fromdate=2016-07-26&todate=2026-07-26&limit=5000
DIA,2022-09-26,294.6,296.24,291.495,292.72,4143384,,https://api.nasdaq.com/api/quote/DIA/historical?assetclass=etf&fromdate=2016-07-26&todate=2026-07-26&limit=5000
DIA,2022-09-27,294.78,296.53,289.5,291.3,3680981,,https://api.nasdaq.com/api/quote/DIA/historical?assetclass=etf&fromdate=2016-07-26&todate=2026-07-26&limit=5000
DIA,2022-09-28,292.35,298.0272,291.05,296.73,3995690,,https://api.nasdaq.com/api/quote/DIA/historical?assetclass=etf&fromdate=2016-07-26&todate=2026-07-26&limit=5000
DIA,2022-09-29,294.77,294.85,289.85,292.21,3351123,,https://api.nasdaq.com/api/quote/DIA/historical?assetclass=etf&fromdate=2016-07-26&todate=2026-07-26&limit=5000
DIA,2022-09-30,291.21,293.46,287.04,287.3,3827178,,https://api.nasdaq.com/api/quote/DIA/historical?assetclass=etf&fromdate=2016-07-26&todate=2026-07-26&limit=5000
DIA,2022-10-03,290.555,296.37,289.47,294.79,3457556,,https://api.nasdaq.com/api/quote/DIA/historical?assetclass=etf&fromdate=2016-07-26&todate=2026-07-26&limit=5000
DIA,2022-10-04,298.61,303.18,298.4408,303.14,4163757,,https://api.nasdaq.com/api/quote/DIA/historical?assetclass=etf&fromdate=2016-07-26&todate=2026-07-26&limit=5000
DIA,2022-10-05,299.73,304.55,298.8,302.79,2746927,,https://api.nasdaq.com/api/quote/DIA/historical?assetclass=etf&fromdate=2016-07-26&todate=2026-07-26&limit=5000
DIA,2022-10-06,301.47,303.31,298.61,299.23,3081700,,https://api.nasdaq.com/api/quote/DIA/historical?assetclass=etf&fromdate=2016-07-26&todate=2026-07-26&limit=5000
DIA,2022-10-07,296.73,296.89,291.435,292.97,3029301,,https://api.nasdaq.com/api/quote/DIA/historical?assetclass=etf&fromdate=2016-07-26&todate=2026-07-26&limit=5000
DIA,2022-10-10,294.28,294.92,290.09,291.96,3154486,,https://api.nasdaq.com/api/quote/DIA/historical?assetclass=etf&fromdate=2016-07-26&todate=2026-07-26&limit=5000
DIA,2022-10-11,291.18,296.135,290.7232,292.29,3849920,,https://api.nasdaq.com/api/quote/DIA/historical?assetclass=etf&fromdate=2016-07-26&todate=2026-07-26&limit=5000
DIA,2022-10-12,292.46,294.57,291.37,292.16,4378740,,https://api.nasdaq.com/api/quote/DIA/historical?assetclass=etf&fromdate=2016-07-26&todate=2026-07-26&limit=5000
DIA,2022-10-13,287.14,301.73,286.62,300.56,7389583,,https://api.nasdaq.com/api/quote/DIA/historical?assetclass=etf&fromdate=2016-07-26&todate=2026-07-26&limit=5000
DIA,2022-10-14,302.54,304.3557,296.19,296.82,5527093,,https://api.nasdaq.com/api/quote/DIA/historical?assetclass=etf&fromdate=2016-07-26&todate=2026-07-26&limit=5000
DIA,2022-10-17,300.89,303.21,299.98,302.06,3555723,,https://api.nasdaq.com/api/quote/DIA/historical?assetclass=etf&fromdate=2016-07-26&todate=2026-07-26&limit=5000
DIA,2022-10-18,308.26,308.38,303.04,305.47,4685468,,https://api.nasdaq.com/api/quote/DIA/historical?assetclass=etf&fromdate=2016-07-26&todate=2026-07-26&limit=5000
DIA,2022-10-19,304.34,306.65,302.29,304.35,2939760,,https://api.nasdaq.com/api/quote/DIA/historical?assetclass=etf&fromdate=2016-07-26&todate=2026-07-26&limit=5000
DIA,2022-10-20,304.83,308.37,302.74,303.31,3574736,,https://api.nasdaq.com/api/quote/DIA/historical?assetclass=etf&fromdate=2016-07-26&todate=2026-07-26&limit=5000
DIA,2022-10-21,303.08,311.2,302.01,310.88,5357237,,https://api.nasdaq.com/api/quote/DIA/historical?assetclass=etf&fromdate=2016-07-26&todate=2026-07-26&limit=5000
DIA,2022-10-24,312.53,316.0001,311.6,315.05,4331651,,https://api.nasdaq.com/api/quote/DIA/historical?assetclass=etf&fromdate=2016-07-26&todate=2026-07-26&limit=5000
DIA,2022-10-25,314.35,318.78,314.11,318.49,6024809,,https://api.nasdaq.com/api/quote/DIA/historical?assetclass=etf&fromdate=2016-07-26&todate=2026-07-26&limit=5000
DIA,2022-10-26,317.98,321.72,317.77,318.38,5004116,,https://api.nasdaq.com/api/quote/DIA/historical?assetclass=etf&fromdate=2016-07-26&todate=2026-07-26&limit=5000
DIA,2022-10-27,321.56,323.87,319.92,320.46,4262224,,https://api.nasdaq.com/api/quote/DIA/historical?assetclass=etf&fromdate=2016-07-26&todate=2026-07-26&limit=5000
DIA,2022-10-28,321.77,328.89,321.46,328.58,5251394,,https://api.nasdaq.com/api/quote/DIA/historical?assetclass=etf&fromdate=2016-07-26&todate=2026-07-26&limit=5000
DIA,2022-10-31,326.92,328.82,325.86,327.42,5128206,,https://api.nasdaq.com/api/quote/DIA/historical?assetclass=etf&fromdate=2016-07-26&todate=2026-07-26&limit=5000
DIA,2022-11-01,329.37,329.8284,324.8,326.41,4376357,,https://api.nasdaq.com/api/quote/DIA/historical?assetclass=etf&fromdate=2016-07-26&todate=2026-07-26&limit=5000
DIA,2022-11-02,325.46,330.75,321.32,321.36,7110318,,https://api.nasdaq.com/api/quote/DIA/historical?assetclass=etf&fromdate=2016-07-26&todate=2026-07-26&limit=5000
DIA,2022-11-03,319.35,321.85,317.18,319.87,4112743,,https://api.nasdaq.com/api/quote/DIA/historical?assetclass=etf&fromdate=2016-07-26&todate=2026-07-26&limit=5000
DIA,2022-11-04,323.61,326.1432,319.34,324.14,6263736,,https://api.nasdaq.com/api/quote/DIA/historical?assetclass=etf&fromdate=2016-07-26&todate=2026-07-26&limit=5000
DIA,2022-11-07,325.14,328.95,324.15,328.42,4518306,,https://api.nasdaq.com/api/quote/DIA/historical?assetclass=etf&fromdate=2016-07-26&todate=2026-07-26&limit=5000
DIA,2022-11-08,329.4714,333.5599,328.29,331.71,6349031,,https://api.nasdaq.com/api/quote/DIA/historical?assetclass=etf&fromdate=2016-07-26&todate=2026-07-26&limit=5000
DIA,2022-11-09,329.71,330.87,324.961,325.34,4799249,,https://api.nasdaq.com/api/quote/DIA/historical?assetclass=etf&fromdate=2016-07-26&todate=2026-07-26&limit=5000
DIA,2022-11-10,334.22,337.49,331.88,337.26,6002336,,https://api.nasdaq.com/api/quote/DIA/historical?assetclass=etf&fromdate=2016-07-26&todate=2026-07-26&limit=5000
DIA,2022-11-11,337.9,338.37,334.14,337.79,5190697,,https://api.nasdaq.com/api/quote/DIA/historical?assetclass=etf&fromdate=2016-07-26&todate=2026-07-26&limit=5000
DIA,2022-11-14,336.71,339.8704,335.564,335.77,3303299,,https://api.nasdaq.com/api/quote/DIA/historical?assetclass=etf&fromdate=2016-07-26&todate=2026-07-26&limit=5000
DIA,2022-11-15,338.49,340.12,333.42,336.21,4824088,,https://api.nasdaq.com/api/quote/DIA/historical?assetclass=etf&fromdate=2016-07-26&todate=2026-07-26&limit=5000
DIA,2022-11-16,335.67,337.25,335.55,336.07,3085454,,https://api.nasdaq.com/api/quote/DIA/historical?assetclass=etf&fromdate=2016-07-26&todate=2026-07-26&limit=5000
DIA,2022-11-17,332.73,336.78,332.73,336.1,3465797,,https://api.nasdaq.com/api/quote/DIA/historical?assetclass=etf&fromdate=2016-07-26&todate=2026-07-26&limit=5000
DIA,2022-11-18,337.46,338.15,335.26,337.37,3659103,,https://api.nasdaq.com/api/quote/DIA/historical?assetclass=etf&fromdate=2016-07-26&todate=2026-07-26&limit=5000
DIA,2022-11-21,337.66,338.6457,335.5349,337.05,2304118,,https://api.nasdaq.com/api/quote/DIA/historical?assetclass=etf&fromdate=2016-07-26&todate=2026-07-26&limit=5000
DIA,2022-11-22,338.89,341.12,338.39,340.96,4389436,,https://api.nasdaq.com/api/quote/DIA/historical?assetclass=etf&fromdate=2016-07-26&todate=2026-07-26&limit=5000
DIA,2022-11-23,340.61,342.58,339.99,341.95,3108531,,https://api.nasdaq.com/api/quote/DIA/historical?assetclass=etf&fromdate=2016-07-26&todate=2026-07-26&limit=5000
DIA,2022-11-25,342.09,343.795,342.03,343.52,1498294,,https://api.nasdaq.com/api/quote/DIA/historical?assetclass=etf&fromdate=2016-07-26&todate=2026-07-26&limit=5000
DIA,2022-11-28,341.69,342.98,337.95,338.49,3095274,,https://api.nasdaq.com/api/quote/DIA/historical?assetclass=etf&fromdate=2016-07-26&todate=2026-07-26&limit=5000
DIA,2022-11-29,337.93,339.37,336.61,338.48,2943615,,https://api.nasdaq.com/api/quote/DIA/historical?assetclass=etf&fromdate=2016-07-26&todate=2026-07-26&limit=5000
DIA,2022-11-30,338.65,346.19,336.18,346.15,6940401,,https://api.nasdaq.com/api/quote/DIA/historical?assetclass=etf&fromdate=2016-07-26&todate=2026-07-26&limit=5000
DIA,2022-12-01,346.75,346.76,341.69,344.41,5325874,,https://api.nasdaq.com/api/quote/DIA/historical?assetclass=etf&fromdate=2016-07-26&todate=2026-07-26&limit=5000
DIA,2022-12-02,340.86,345.41,340.86,344.74,3736481,,https://api.nasdaq.com/api/quote/DIA/historical?assetclass=etf&fromdate=2016-07-26&todate=2026-07-26&limit=5000
DIA,2022-12-05,342.45,343.305,339.03,340.03,3827240,,https://api.nasdaq.com/api/quote/DIA/historical?assetclass=etf&fromdate=2016-07-26&todate=2026-07-26&limit=5000
DIA,2022-12-06,339.77,340.649,334.72,336.46,5516318,,https://api.nasdaq.com/api/quote/DIA/historical?assetclass=etf&fromdate=2016-07-26&todate=2026-07-26&limit=5000
DIA,2022-12-07,336.14,338.33,335.54,336.44,3577139,,https://api.nasdaq.com/api/quote/DIA/historical?assetclass=etf&fromdate=2016-07-26&todate=2026-07-26&limit=5000
DIA,2022-12-08,337.74,339.65,337.06,338.46,3278409,,https://api.nasdaq.com/api/quote/DIA/historical?assetclass=etf&fromdate=2016-07-26&todate=2026-07-26&limit=5000
DIA,2022-12-09,337.67,339.11,335.2501,335.37,3815538,,https://api.nasdaq.com/api/quote/DIA/historical?assetclass=etf&fromdate=2016-07-26&todate=2026-07-26&limit=5000
DIA,2022-12-12,336.14,340.65,336.06,340.62,5017318,,https://api.nasdaq.com/api/quote/DIA/historical?assetclass=etf&fromdate=2016-07-26&todate=2026-07-26&limit=5000
DIA,2022-12-13,348.181,348.22,339.5,341.81,5274321,,https://api.nasdaq.com/api/quote/DIA/historical?assetclass=etf&fromdate=2016-07-26&todate=2026-07-26&limit=5000
DIA,2022-12-14,341.78,344.66,337.64,340.22,5498435,,https://api.nasdaq.com/api/quote/DIA/historical?assetclass=etf&fromdate=2016-07-26&todate=2026-07-26&limit=5000
DIA,2022-12-15,336.58,337.37,330.78,332.8,5871994,,https://api.nasdaq.com/api/quote/DIA/historical?assetclass=etf&fromdate=2016-07-26&todate=2026-07-26&limit=5000
DIA,2022-12-16,329.29,330.5,326.445,328.97,6672188,,https://api.nasdaq.com/api/quote/DIA/historical?assetclass=etf&fromdate=2016-07-26&todate=2026-07-26&limit=5000
DIA,2022-12-19,328.87,330.33,325.71,327.38,3709565,,https://api.nasdaq.com/api/quote/DIA/historical?assetclass=etf&fromdate=2016-07-26&todate=2026-07-26&limit=5000
DIA,2022-12-20,327.59,329.8693,326.41,328.38,4721741,,https://api.nasdaq.com/api/quote/DIA/historical?assetclass=etf&fromdate=2016-07-26&todate=2026-07-26&limit=5000
DIA,2022-12-21,331.541,334.3291,331.12,333.6,5086839,,https://api.nasdaq.com/api/quote/DIA/historical?assetclass=etf&fromdate=2016-07-26&todate=2026-07-26&limit=5000
DIA,2022-12-22,331.5,331.85,325.65,330.26,4876882,,https://api.nasdaq.com/api/quote/DIA/historical?assetclass=etf&fromdate=2016-07-26&todate=2026-07-26&limit=5000
DIA,2022-12-23,329.62,332.19,328.06,331.93,3997912,,https://api.nasdaq.com/api/quote/DIA/historical?assetclass=etf&fromdate=2016-07-26&todate=2026-07-26&limit=5000
DIA,2022-12-27,332.34,333.82,330.57,332.37,3098871,,https://api.nasdaq.com/api/quote/DIA/historical?assetclass=etf&fromdate=2016-07-26&todate=2026-07-26&limit=5000
DIA,2022-12-28,332.69,333.74,328.57,328.57,3102446,,https://api.nasdaq.com/api/quote/DIA/historical?assetclass=etf&fromdate=2016-07-26&todate=2026-07-26&limit=5000
DIA,2022-12-29,330.53,332.85,330.125,332.06,2458825,,https://api.nasdaq.com/api/quote/DIA/historical?assetclass=etf&fromdate=2016-07-26&todate=2026-07-26&limit=5000
DIA,2022-12-30,330.62,331.4,328.345,331.33,3881803,,https://api.nasdaq.com/api/quote/DIA/historical?assetclass=etf&fromdate=2016-07-26&todate=2026-07-26&limit=5000
DIA,2023-01-03,332.42,333.8276,328.3536,331.22,3910724,,https://api.nasdaq.com/api/quote/DIA/historical?assetclass=etf&fromdate=2016-07-26&todate=2026-07-26&limit=5000
DIA,2023-01-04,332.56,334.04,330.2,332.56,4137262,,https://api.nasdaq.com/api/quote/DIA/historical?assetclass=etf&fromdate=2016-07-26&todate=2026-07-26&limit=5000
DIA,2023-01-05,330.97,331.15,328.1,329.22,4350093,,https://api.nasdaq.com/api/quote/DIA/historical?assetclass=etf&fromdate=2016-07-26&todate=2026-07-26&limit=5000
DIA,2023-01-06,332.18,337.12,329.91,336.28,4800792,,https://api.nasdaq.com/api/quote/DIA/historical?assetclass=etf&fromdate=2016-07-26&todate=2026-07-26&limit=5000
DIA,2023-01-09,337.69,339.41,334.92,335.29,3864019,,https://api.nasdaq.com/api/quote/DIA/historical?assetclass=etf&fromdate=2016-07-26&todate=2026-07-26&limit=5000
DIA,2023-01-10,334.95,337.33,334.29,337.23,2277477,,https://api.nasdaq.com/api/quote/DIA/historical?assetclass=etf&fromdate=2016-07-26&todate=2026-07-26&limit=5000
DIA,2023-01-11,338.4,339.806,337.13,339.76,3265765,,https://api.nasdaq.com/api/quote/DIA/historical?assetclass=etf&fromdate=2016-07-26&todate=2026-07-26&limit=5000
DIA,2023-01-12,340.88,343,337.95,342,4332552,,https://api.nasdaq.com/api/quote/DIA/historical?assetclass=etf&fromdate=2016-07-26&todate=2026-07-26&limit=5000
DIA,2023-01-13,339.16,343.49,339.11,343.04,3473423,,https://api.nasdaq.com/api/quote/DIA/historical?assetclass=etf&fromdate=2016-07-26&todate=2026-07-26&limit=5000
DIA,2023-01-17,342.36,342.75,338.6304,339.16,3929658,,https://api.nasdaq.com/api/quote/DIA/historical?assetclass=etf&fromdate=2016-07-26&todate=2026-07-26&limit=5000
DIA,2023-01-18,339.57,340.2,332.7,332.97,5164250,,https://api.nasdaq.com/api/quote/DIA/historical?assetclass=etf&fromdate=2016-07-26&todate=2026-07-26&limit=5000
DIA,2023-01-19,331.06,332.455,329.965,330.63,3454233,,https://api.nasdaq.com/api/quote/DIA/historical?assetclass=etf&fromdate=2016-07-26&todate=2026-07-26&limit=5000
DIA,2023-01-20,330.82,333.73,329.35,333.67,4120190,,https://api.nasdaq.com/api/quote/DIA/historical?assetclass=etf&fromdate=2016-07-26&todate=2026-07-26&limit=5000
DIA,2023-01-23,334.69,337.75,333.05,336.17,3985295,,https://api.nasdaq.com/api/quote/DIA/historical?assetclass=etf&fromdate=2016-07-26&todate=2026-07-26&limit=5000
DIA,2023-01-24,334.96,337.72,333.7,337.1,3360938,,https://api.nasdaq.com/api/quote/DIA/historical?assetclass=etf&fromdate=2016-07-26&todate=2026-07-26&limit=5000
DIA,2023-01-25,334.24,337.64,332.55,337.32,4318605,,https://api.nasdaq.com/api/quote/DIA/historical?assetclass=etf&fromdate=2016-07-26&todate=2026-07-26&limit=5000
DIA,2023-01-26,338.45,339.46,336.2,339.36,2930873,,https://api.nasdaq.com/api/quote/DIA/historical?assetclass=etf&fromdate=2016-07-26&todate=2026-07-26&limit=5000
DIA,2023-01-27,339.4,341.535,338.16,339.61,2907380,,https://api.nasdaq.com/api/quote/DIA/historical?assetclass=etf&fromdate=2016-07-26&todate=2026-07-26&limit=5000
DIA,2023-01-30,338.461,340.43,336.845,337.06,3032739,,https://api.nasdaq.com/api/quote/DIA/historical?assetclass=etf&fromdate=2016-07-26&todate=2026-07-26&limit=5000
DIA,2023-01-31,337.6,340.86,336.51,340.83,2593457,,https://api.nasdaq.com/api/quote/DIA/historical?assetclass=etf&fromdate=2016-07-26&todate=2026-07-26&limit=5000
DIA,2023-02-01,339.12,343.27,335.58,340.87,6175391,,https://api.nasdaq.com/api/quote/DIA/historical?assetclass=etf&fromdate=2016-07-26&todate=2026-07-26&limit=5000
DIA,2023-02-02,341.51,341.51,338.01,340.43,5169417,,https://api.nasdaq.com/api/quote/DIA/historical?assetclass=etf&fromdate=2016-07-26&todate=2026-07-26&limit=5000
DIA,2023-02-03,338.77,341.67,337.96,338.98,6504277,,https://api.nasdaq.com/api/quote/DIA/historical?assetclass=etf&fromdate=2016-07-26&todate=2026-07-26&limit=5000
DIA,2023-02-06,337.65,339.56,336.69,338.48,2708370,,https://api.nasdaq.com/api/quote/DIA/historical?assetclass=etf&fromdate=2016-07-26&todate=2026-07-26&limit=5000
DIA,2023-02-07,336.95,342.305,336.19,341.52,4969583,,https://api.nasdaq.com/api/quote/DIA/historical?assetclass=etf&fromdate=2016-07-26&todate=2026-07-26&limit=5000
DIA,2023-02-08,340.37,341.46,338.84,339.42,2769515,,https://api.nasdaq.com/api/quote/DIA/historical?assetclass=etf&fromdate=2016-07-26&todate=2026-07-26&limit=5000
DIA,2023-02-09,341.75,342.56,336.0604,337.08,3094735,,https://api.nasdaq.com/api/quote/DIA/historical?assetclass=etf&fromdate=2016-07-26&todate=2026-07-26&limit=5000
DIA,2023-02-10,336.74,339.01,335.95,338.73,2523928,,https://api.nasdaq.com/api/quote/DIA/historical?assetclass=etf&fromdate=2016-07-26&todate=2026-07-26&limit=5000
DIA,2023-02-13,338.88,342.56,338.88,342.55,2653949,,https://api.nasdaq.com/api/quote/DIA/historical?assetclass=etf&fromdate=2016-07-26&todate=2026-07-26&limit=5000
DIA,2023-02-14,341.52,343.53,338.41,341.14,3501122,,https://api.nasdaq.com/api/quote/DIA/historical?assetclass=etf&fromdate=2016-07-26&todate=2026-07-26&limit=5000
DIA,2023-02-15,339.46,341.67,338.63,341.66,1972454,,https://api.nasdaq.com/api/quote/DIA/historical?assetclass=etf&fromdate=2016-07-26&todate=2026-07-26&limit=5000
DIA,2023-02-16,338.5,340.89,337.31,337.39,3229591,,https://api.nasdaq.com/api/quote/DIA/historical?assetclass=etf&fromdate=2016-07-26&todate=2026-07-26&limit=5000
DIA,2023-02-17,335.72,338.43,335.08,338.29,3034169,,https://api.nasdaq.com/api/quote/DIA/historical?assetclass=etf&fromdate=2016-07-26&todate=2026-07-26&limit=5000
DIA,2023-02-21,334.72,335.94,331.1,331.25,3142876,,https://api.nasdaq.com/api/quote/DIA/historical?assetclass=etf&fromdate=2016-07-26&todate=2026-07-26&limit=5000
DIA,2023-02-22,331.75,332.43,329.45,330.52,2896384,,https://api.nasdaq.com/api/quote/DIA/historical?assetclass=etf&fromdate=2016-07-26&todate=2026-07-26&limit=5000
DIA,2023-02-23,331.85,332.7499,327.98,331.67,5999610,,https://api.nasdaq.com/api/quote/DIA/historical?assetclass=etf&fromdate=2016-07-26&todate=2026-07-26&limit=5000
DIA,2023-02-24,327.83,329.135,326.43,328.12,3764680,,https://api.nasdaq.com/api/quote/DIA/historical?assetclass=etf&fromdate=2016-07-26&todate=2026-07-26&limit=5000
DIA,2023-02-27,330.73,331.98,328.2,329.06,2887324,,https://api.nasdaq.com/api/quote/DIA/historical?assetclass=etf&fromdate=2016-07-26&todate=2026-07-26&limit=5000
DIA,2023-02-28,328.87,328.87,326.51,326.57,3155346,,https://api.nasdaq.com/api/quote/DIA/historical?assetclass=etf&fromdate=2016-07-26&todate=2026-07-26&limit=5000
DIA,2023-03-01,326.04,327.82,325.3,327,3317538,,https://api.nasdaq.com/api/quote/DIA/historical?assetclass=etf&fromdate=2016-07-26&todate=2026-07-26&limit=5000
DIA,2023-03-02,327.57,331.2,326.8,330.44,3049578,,https://api.nasdaq.com/api/quote/DIA/historical?assetclass=etf&fromdate=2016-07-26&todate=2026-07-26&limit=5000
DIA,2023-03-03,331.52,334.43,330.415,334.21,3033470,,https://api.nasdaq.com/api/quote/DIA/historical?assetclass=etf&fromdate=2016-07-26&todate=2026-07-26&limit=5000
DIA,2023-03-06,334.63,336.12,334.18,334.68,2641708,,https://api.nasdaq.com/api/quote/DIA/historical?assetclass=etf&fromdate=2016-07-26&todate=2026-07-26&limit=5000
DIA,2023-03-07,334.67,334.92,328.72,328.87,5009229,,https://api.nasdaq.com/api/quote/DIA/historical?assetclass=etf&fromdate=2016-07-26&todate=2026-07-26&limit=5000
DIA,2023-03-08,328.92,329.5,326.6,328.49,3169584,,https://api.nasdaq.com/api/quote/DIA/historical?assetclass=etf&fromdate=2016-07-26&todate=2026-07-26&limit=5000
DIA,2023-03-09,329.72,330.44,322.4,323.08,4760947,,https://api.nasdaq.com/api/quote/DIA/historical?assetclass=etf&fromdate=2016-07-26&todate=2026-07-26&limit=5000
DIA,2023-03-10,322.54,324.87,318.43,319.73,7741647,,https://api.nasdaq.com/api/quote/DIA/historical?assetclass=etf&fromdate=2016-07-26&todate=2026-07-26&limit=5000
DIA,2023-03-13,316.76,323.17,316.66,318.82,6831617,,https://api.nasdaq.com/api/quote/DIA/historical?assetclass=etf&fromdate=2016-07-26&todate=2026-07-26&limit=5000
DIA,2023-03-14,322.21,323.71,318.71,322.19,4760458,,https://api.nasdaq.com/api/quote/DIA/historical?assetclass=etf&fromdate=2016-07-26&todate=2026-07-26&limit=5000
DIA,2023-03-15,316.9,319.8071,314.97,319.54,6518035,,https://api.nasdaq.com/api/quote/DIA/historical?assetclass=etf&fromdate=2016-07-26&todate=2026-07-26&limit=5000
DIA,2023-03-16,317.66,323.57,316.43,323.25,6579400,,https://api.nasdaq.com/api/quote/DIA/historical?assetclass=etf&fromdate=2016-07-26&todate=2026-07-26&limit=5000
DIA,2023-03-17,320.72,321.09,317.16,318.5,5314932,,https://api.nasdaq.com/api/quote/DIA/historical?assetclass=etf&fromdate=2016-07-26&todate=2026-07-26&limit=5000
DIA,2023-03-20,319.33,322.75,319.33,322.3,4694954,,https://api.nasdaq.com/api/quote/DIA/historical?assetclass=etf&fromdate=2016-07-26&todate=2026-07-26&limit=5000
DIA,2023-03-21,325.42,325.84,323.34,325.62,3527311,,https://api.nasdaq.com/api/quote/DIA/historical?assetclass=etf&fromdate=2016-07-26&todate=2026-07-26&limit=5000
DIA,2023-03-22,325.65,327.56,320.06,320.18,4378682,,https://api.nasdaq.com/api/quote/DIA/historical?assetclass=etf&fromdate=2016-07-26&todate=2026-07-26&limit=5000
DIA,2023-03-23,321.33,325.02,318.5,320.84,4772565,,https://api.nasdaq.com/api/quote/DIA/historical?assetclass=etf&fromdate=2016-07-26&todate=2026-07-26&limit=5000
DIA,2023-03-24,319.45,322.46,317.9086,322.32,4485455,,https://api.nasdaq.com/api/quote/DIA/historical?assetclass=etf&fromdate=2016-07-26&todate=2026-07-26&limit=5000
DIA,2023-03-27,324.59,325.57,323.3,324.31,3550881,,https://api.nasdaq.com/api/quote/DIA/historical?assetclass=etf&fromdate=2016-07-26&todate=2026-07-26&limit=5000
DIA,2023-03-28,323.99,325.65,322.84,323.81,2536520,,https://api.nasdaq.com/api/quote/DIA/historical?assetclass=etf&fromdate=2016-07-26&todate=2026-07-26&limit=5000
DIA,2023-03-29,326.58,327.1663,325.29,327.08,2531695,,https://api.nasdaq.com/api/quote/DIA/historical?assetclass=etf&fromdate=2016-07-26&todate=2026-07-26&limit=5000
DIA,2023-03-30,328.88,328.95,326.72,328.48,2486955,,https://api.nasdaq.com/api/quote/DIA/historical?assetclass=etf&fromdate=2016-07-26&todate=2026-07-26&limit=5000
DIA,2023-03-31,329.59,332.81,329.51,332.62,2837333,,https://api.nasdaq.com/api/quote/DIA/historical?assetclass=etf&fromdate=2016-07-26&todate=2026-07-26&limit=5000
DIA,2023-04-03,333.59,336.25,333.51,335.91,3450686,,https://api.nasdaq.com/api/quote/DIA/historical?assetclass=etf&fromdate=2016-07-26&todate=2026-07-26&limit=5000
DIA,2023-04-04,335.91,336.26,332.6301,333.94,2449871,,https://api.nasdaq.com/api/quote/DIA/historical?assetclass=etf&fromdate=2016-07-26&todate=2026-07-26&limit=5000
DIA,2023-04-05,334,335.45,333.76,334.82,2566604,,https://api.nasdaq.com/api/quote/DIA/historical?assetclass=etf&fromdate=2016-07-26&todate=2026-07-26&limit=5000
DIA,2023-04-06,334.35,335.31,333.28,334.9,2333279,,https://api.nasdaq.com/api/quote/DIA/historical?assetclass=etf&fromdate=2016-07-26&todate=2026-07-26&limit=5000
DIA,2023-04-10,334,335.96,333.4327,335.96,2834213,,https://api.nasdaq.com/api/quote/DIA/historical?assetclass=etf&fromdate=2016-07-26&todate=2026-07-26&limit=5000
DIA,2023-04-11,336.31,337.87,336.0148,336.9,2343093,,https://api.nasdaq.com/api/quote/DIA/historical?assetclass=etf&fromdate=2016-07-26&todate=2026-07-26&limit=5000
DIA,2023-04-12,338.61,339.01,335.96,336.61,3363762,,https://api.nasdaq.com/api/quote/DIA/historical?assetclass=etf&fromdate=2016-07-26&todate=2026-07-26&limit=5000
DIA,2023-04-13,337.07,340.58,336.07,340.37,3040854,,https://api.nasdaq.com/api/quote/DIA/historical?assetclass=etf&fromdate=2016-07-26&todate=2026-07-26&limit=5000
DIA,2023-04-14,339.94,340.85,337.31,338.84,3107859,,https://api.nasdaq.com/api/quote/DIA/historical?assetclass=etf&fromdate=2016-07-26&todate=2026-07-26&limit=5000
DIA,2023-04-17,339.12,339.93,337.99,339.92,2226394,,https://api.nasdaq.com/api/quote/DIA/historical?assetclass=etf&fromdate=2016-07-26&todate=2026-07-26&limit=5000
DIA,2023-04-18,339.94,340.2224,337.9,339.8,2191052,,https://api.nasdaq.com/api/quote/DIA/historical?assetclass=etf&fromdate=2016-07-26&todate=2026-07-26&limit=5000
DIA,2023-04-19,339.11,339.63,338.19,338.99,2854701,,https://api.nasdaq.com/api/quote/DIA/historical?assetclass=etf&fromdate=2016-07-26&todate=2026-07-26&limit=5000
DIA,2023-04-20,337.43,338.85,336.85,337.95,2179345,,https://api.nasdaq.com/api/quote/DIA/historical?assetclass=etf&fromdate=2016-07-26&todate=2026-07-26&limit=5000
DIA,2023-04-21,338.26,338.58,336.81,338.11,2470056,,https://api.nasdaq.com/api/quote/DIA/historical?assetclass=etf&fromdate=2016-07-26&todate=2026-07-26&limit=5000
DIA,2023-04-24,337.91,338.91,337.21,338.75,2288791,,https://api.nasdaq.com/api/quote/DIA/historical?assetclass=etf&fromdate=2016-07-26&todate=2026-07-26&limit=5000
DIA,2023-04-25,338.17,338.68,335.2,335.33,2745284,,https://api.nasdaq.com/api/quote/DIA/historical?assetclass=etf&fromdate=2016-07-26&todate=2026-07-26&limit=5000
DIA,2023-04-26,335.6,336.46,332.31,332.95,3588409,,https://api.nasdaq.com/api/quote/DIA/historical?assetclass=etf&fromdate=2016-07-26&todate=2026-07-26&limit=5000
DIA,2023-04-27,334.18,338.58,333.83,338.2,3066618,,https://api.nasdaq.com/api/quote/DIA/historical?assetclass=etf&fromdate=2016-07-26&todate=2026-07-26&limit=5000
DIA,2023-04-28,337.19,341.04,337.13,341.03,3651116,,https://api.nasdaq.com/api/quote/DIA/historical?assetclass=etf&fromdate=2016-07-26&todate=2026-07-26&limit=5000
DIA,2023-05-01,341.1,342.59,340.26,340.36,2296207,,https://api.nasdaq.com/api/quote/DIA/historical?assetclass=etf&fromdate=2016-07-26&todate=2026-07-26&limit=5000
DIA,2023-05-02,339.94,340,334.31,336.87,3275791,,https://api.nasdaq.com/api/quote/DIA/historical?assetclass=etf&fromdate=2016-07-26&todate=2026-07-26&limit=5000
DIA,2023-05-03,337.13,338.18,333.93,334.11,3924108,,https://api.nasdaq.com/api/quote/DIA/historical?assetclass=etf&fromdate=2016-07-26&todate=2026-07-26&limit=5000
DIA,2023-05-04,333.28,333.59,329.37,331.33,3576752,,https://api.nasdaq.com/api/quote/DIA/historical?assetclass=etf&fromdate=2016-07-26&todate=2026-07-26&limit=5000
DIA,2023-05-05,334.26,337.5,333.94,336.73,3542727,,https://api.nasdaq.com/api/quote/DIA/historical?assetclass=etf&fromdate=2016-07-26&todate=2026-07-26&limit=5000
DIA,2023-05-08,337.17,337.39,335.09,336.22,1789925,,https://api.nasdaq.com/api/quote/DIA/historical?assetclass=etf&fromdate=2016-07-26&todate=2026-07-26&limit=5000
DIA,2023-05-09,335.41,336.6785,335.15,335.77,1924858,,https://api.nasdaq.com/api/quote/DIA/historical?assetclass=etf&fromdate=2016-07-26&todate=2026-07-26&limit=5000
DIA,2023-05-10,337.4,337.85,332.49,335.49,3365513,,https://api.nasdaq.com/api/quote/DIA/historical?assetclass=etf&fromdate=2016-07-26&todate=2026-07-26&limit=5000
DIA,2023-05-11,333.74,333.87,331.47,333.33,2744652,,https://api.nasdaq.com/api/quote/DIA/historical?assetclass=etf&fromdate=2016-07-26&todate=2026-07-26&limit=5000
DIA,2023-05-12,334.42,334.45,331.31,333.2,2636361,,https://api.nasdaq.com/api/quote/DIA/historical?assetclass=etf&fromdate=2016-07-26&todate=2026-07-26&limit=5000
DIA,2023-05-15,333.51,334.26,331.86,333.77,2170988,,https://api.nasdaq.com/api/quote/DIA/historical?assetclass=etf&fromdate=2016-07-26&todate=2026-07-26&limit=5000
DIA,2023-05-16,332.71,333.07,330.28,330.35,2269518,,https://api.nasdaq.com/api/quote/DIA/historical?assetclass=etf&fromdate=2016-07-26&todate=2026-07-26&limit=5000
DIA,2023-05-17,332.14,335.17,330.89,334.61,3068819,,https://api.nasdaq.com/api/quote/DIA/historical?assetclass=etf&fromdate=2016-07-26&todate=2026-07-26&limit=5000
DIA,2023-05-18,333.9,336.4399,332.75,336.06,3553511,,https://api.nasdaq.com/api/quote/DIA/historical?assetclass=etf&fromdate=2016-07-26&todate=2026-07-26&limit=5000
DIA,2023-05-19,335.96,336.45,333.22,334.19,3706728,,https://api.nasdaq.com/api/quote/DIA/historical?assetclass=etf&fromdate=2016-07-26&todate=2026-07-26&limit=5000
DIA,2023-05-22,334.12,335.145,332.02,332.9,2555074,,https://api.nasdaq.com/api/quote/DIA/historical?assetclass=etf&fromdate=2016-07-26&todate=2026-07-26&limit=5000
DIA,2023-05-23,331.76,333.1,330.08,330.61,2526195,,https://api.nasdaq.com/api/quote/DIA/historical?assetclass=etf&fromdate=2016-07-26&todate=2026-07-26&limit=5000
DIA,2023-05-24,330,330.24,327.48,328.01,2978319,,https://api.nasdaq.com/api/quote/DIA/historical?assetclass=etf&fromdate=2016-07-26&todate=2026-07-26&limit=5000
DIA,2023-05-25,328.07,328.725,325.82,327.75,3499937,,https://api.nasdaq.com/api/quote/DIA/historical?assetclass=etf&fromdate=2016-07-26&todate=2026-07-26&limit=5000
DIA,2023-05-26,328.13,331.62,327.92,330.84,3580042,,https://api.nasdaq.com/api/quote/DIA/historical?assetclass=etf&fromdate=2016-07-26&todate=2026-07-26&limit=5000
DIA,2023-05-30,330.65,331.315,328.92,330.52,3474510,,https://api.nasdaq.com/api/quote/DIA/historical?assetclass=etf&fromdate=2016-07-26&todate=2026-07-26&limit=5000
DIA,2023-05-31,329.45,330.17,327.7,329.52,3067553,,https://api.nasdaq.com/api/quote/DIA/historical?assetclass=etf&fromdate=2016-07-26&todate=2026-07-26&limit=5000
DIA,2023-06-01,328.91,331.98,327.32,330.94,3081261,,https://api.nasdaq.com/api/quote/DIA/historical?assetclass=etf&fromdate=2016-07-26&todate=2026-07-26&limit=5000
DIA,2023-06-02,333.24,338.5,333.11,338.07,5584697,,https://api.nasdaq.com/api/quote/DIA/historical?assetclass=etf&fromdate=2016-07-26&todate=2026-07-26&limit=5000
DIA,2023-06-05,338.21,338.48,335.96,336.13,3415632,,https://api.nasdaq.com/api/quote/DIA/historical?assetclass=etf&fromdate=2016-07-26&todate=2026-07-26&limit=5000
DIA,2023-06-06,336.03,336.74,334.47,336.17,2824865,,https://api.nasdaq.com/api/quote/DIA/historical?assetclass=etf&fromdate=2016-07-26&todate=2026-07-26&limit=5000
DIA,2023-06-07,336.54,337.52,335.93,337.17,2739025,,https://api.nasdaq.com/api/quote/DIA/historical?assetclass=etf&fromdate=2016-07-26&todate=2026-07-26&limit=5000
DIA,2023-06-08,337.23,339.26,336.75,338.81,2703939,,https://api.nasdaq.com/api/quote/DIA/historical?assetclass=etf&fromdate=2016-07-26&todate=2026-07-26&limit=5000
DIA,2023-06-09,338.57,340.26,338.32,339.27,3164958,,https://api.nasdaq.com/api/quote/DIA/historical?assetclass=etf&fromdate=2016-07-26&todate=2026-07-26&limit=5000
DIA,2023-06-12,339.74,341.3,339.23,341.17,2044604,,https://api.nasdaq.com/api/quote/DIA/historical?assetclass=etf&fromdate=2016-07-26&todate=2026-07-26&limit=5000
DIA,2023-06-13,341.74,343.63,341.6,342.62,3259337,,https://api.nasdaq.com/api/quote/DIA/historical?assetclass=etf&fromdate=2016-07-26&todate=2026-07-26&limit=5000
DIA,2023-06-14,341.39,342.04,338.3401,340.42,3765987,,https://api.nasdaq.com/api/quote/DIA/historical?assetclass=etf&fromdate=2016-07-26&todate=2026-07-26&limit=5000
DIA,2023-06-15,340.35,345.58,340.18,344.77,4722543,,https://api.nasdaq.com/api/quote/DIA/historical?assetclass=etf&fromdate=2016-07-26&todate=2026-07-26&limit=5000
DIA,2023-06-16,345.35,345.73,342.72,342.95,5576750,,https://api.nasdaq.com/api/quote/DIA/historical?assetclass=etf&fromdate=2016-07-26&todate=2026-07-26&limit=5000
DIA,2023-06-20,341.3,341.61,339,340.46,3389014,,https://api.nasdaq.com/api/quote/DIA/historical?assetclass=etf&fromdate=2016-07-26&todate=2026-07-26&limit=5000
DIA,2023-06-21,339.62,340.91,338.68,339.43,3050709,,https://api.nasdaq.com/api/quote/DIA/historical?assetclass=etf&fromdate=2016-07-26&todate=2026-07-26&limit=5000
DIA,2023-06-22,338.94,339.93,338.24,339.34,2607943,,https://api.nasdaq.com/api/quote/DIA/historical?assetclass=etf&fromdate=2016-07-26&todate=2026-07-26&limit=5000
DIA,2023-06-23,337.12,338.19,336.22,337.16,3721634,,https://api.nasdaq.com/api/quote/DIA/historical?assetclass=etf&fromdate=2016-07-26&todate=2026-07-26&limit=5000
DIA,2023-06-26,336.8,338.08,335.95,337.14,2301911,,https://api.nasdaq.com/api/quote/DIA/historical?assetclass=etf&fromdate=2016-07-26&todate=2026-07-26&limit=5000
DIA,2023-06-27,337.1,339.65,337.1,339.23,1778826,,https://api.nasdaq.com/api/quote/DIA/historical?assetclass=etf&fromdate=2016-07-26&todate=2026-07-26&limit=5000
DIA,2023-06-28,338.73,338.94,337.43,338.63,2305022,,https://api.nasdaq.com/api/quote/DIA/historical?assetclass=etf&fromdate=2016-07-26&todate=2026-07-26&limit=5000
DIA,2023-06-29,338.41,341.39,338.11,341.16,2902696,,https://api.nasdaq.com/api/quote/DIA/historical?assetclass=etf&fromdate=2016-07-26&todate=2026-07-26&limit=5000
DIA,2023-06-30,343.22,344.58,342.76,343.85,3027462,,https://api.nasdaq.com/api/quote/DIA/historical?assetclass=etf&fromdate=2016-07-26&todate=2026-07-26&limit=5000
DIA,2023-07-03,343,344.53,342.78,344.07,1698417,,https://api.nasdaq.com/api/quote/DIA/historical?assetclass=etf&fromdate=2016-07-26&todate=2026-07-26&limit=5000
DIA,2023-07-05,342.38,343.74,342.25,342.81,2719386,,https://api.nasdaq.com/api/quote/DIA/historical?assetclass=etf&fromdate=2016-07-26&todate=2026-07-26&limit=5000
DIA,2023-07-06,340.24,340.87,337.7,339.23,3742373,,https://api.nasdaq.com/api/quote/DIA/historical?assetclass=etf&fromdate=2016-07-26&todate=2026-07-26&limit=5000
DIA,2023-07-07,337.97,340.4,337.19,337.43,2852239,,https://api.nasdaq.com/api/quote/DIA/historical?assetclass=etf&fromdate=2016-07-26&todate=2026-07-26&limit=5000
DIA,2023-07-10,337.4,339.65,337.17,339.58,2560175,,https://api.nasdaq.com/api/quote/DIA/historical?assetclass=etf&fromdate=2016-07-26&todate=2026-07-26&limit=5000
DIA,2023-07-11,340.74,342.92,339.9501,342.64,2483185,,https://api.nasdaq.com/api/quote/DIA/historical?assetclass=etf&fromdate=2016-07-26&todate=2026-07-26&limit=5000
DIA,2023-07-12,344.91,345.9,343.15,343.63,4140170,,https://api.nasdaq.com/api/quote/DIA/historical?assetclass=etf&fromdate=2016-07-26&todate=2026-07-26&limit=5000
DIA,2023-07-13,344.34,344.88,343.7,343.92,2472305,,https://api.nasdaq.com/api/quote/DIA/historical?assetclass=etf&fromdate=2016-07-26&todate=2026-07-26&limit=5000
DIA,2023-07-14,345.71,345.92,344.51,345.17,3293437,,https://api.nasdaq.com/api/quote/DIA/historical?assetclass=etf&fromdate=2016-07-26&todate=2026-07-26&limit=5000
DIA,2023-07-17,344.56,346.7,344.22,345.85,2862078,,https://api.nasdaq.com/api/quote/DIA/historical?assetclass=etf&fromdate=2016-07-26&todate=2026-07-26&limit=5000
DIA,2023-07-18,345.65,349.91,345.25,349.58,4626598,,https://api.nasdaq.com/api/quote/DIA/historical?assetclass=etf&fromdate=2016-07-26&todate=2026-07-26&limit=5000
DIA,2023-07-19,350.4,352.45,350.4,350.69,5864344,,https://api.nasdaq.com/api/quote/DIA/historical?assetclass=etf&fromdate=2016-07-26&todate=2026-07-26&limit=5000
DIA,2023-07-20,351.45,353.89,351.35,352.43,4561348,,https://api.nasdaq.com/api/quote/DIA/historical?assetclass=etf&fromdate=2016-07-26&todate=2026-07-26&limit=5000
DIA,2023-07-21,352.81,353.32,351.71,352.14,2971667,,https://api.nasdaq.com/api/quote/DIA/historical?assetclass=etf&fromdate=2016-07-26&todate=2026-07-26&limit=5000
DIA,2023-07-24,352.71,354.57,352.53,354.07,3073712,,https://api.nasdaq.com/api/quote/DIA/historical?assetclass=etf&fromdate=2016-07-26&todate=2026-07-26&limit=5000
DIA,2023-07-25,353.8,355.175,353.55,354.32,2548734,,https://api.nasdaq.com/api/quote/DIA/historical?assetclass=etf&fromdate=2016-07-26&todate=2026-07-26&limit=5000
DIA,2023-07-26,353.14,356.28,353.12,355.25,3084734,,https://api.nasdaq.com/api/quote/DIA/historical?assetclass=etf&fromdate=2016-07-26&todate=2026-07-26&limit=5000
DIA,2023-07-27,355.86,356.36,352.04,352.77,4771028,,https://api.nasdaq.com/api/quote/DIA/historical?assetclass=etf&fromdate=2016-07-26&todate=2026-07-26&limit=5000
DIA,2023-07-28,354.51,355.55,353.4299,354.48,3219645,,https://api.nasdaq.com/api/quote/DIA/historical?assetclass=etf&fromdate=2016-07-26&todate=2026-07-26&limit=5000
DIA,2023-07-31,354.57,355.6,354.19,355.57,2204747,,https://api.nasdaq.com/api/quote/DIA/historical?assetclass=etf&fromdate=2016-07-26&todate=2026-07-26&limit=5000
DIA,2023-08-01,355.27,356.7,355.14,356.2,2589490,,https://api.nasdaq.com/api/quote/DIA/historical?assetclass=etf&fromdate=2016-07-26&todate=2026-07-26&limit=5000
DIA,2023-08-02,354.48,355.2,352.11,352.74,5063656,,https://api.nasdaq.com/api/quote/DIA/historical?assetclass=etf&fromdate=2016-07-26&todate=2026-07-26&limit=5000
DIA,2023-08-03,351.6,353.39,351.115,351.99,3311075,,https://api.nasdaq.com/api/quote/DIA/historical?assetclass=etf&fromdate=2016-07-26&todate=2026-07-26&limit=5000
DIA,2023-08-04,353.12,354.96,350.195,350.65,4269365,,https://api.nasdaq.com/api/quote/DIA/historical?assetclass=etf&fromdate=2016-07-26&todate=2026-07-26&limit=5000
DIA,2023-08-07,352.04,354.87,351.88,354.62,2390841,,https://api.nasdaq.com/api/quote/DIA/historical?assetclass=etf&fromdate=2016-07-26&todate=2026-07-26&limit=5000
DIA,2023-08-08,352.42,353.35,349.921,353.02,3033619,,https://api.nasdaq.com/api/quote/DIA/historical?assetclass=etf&fromdate=2016-07-26&todate=2026-07-26&limit=5000
DIA,2023-08-09,352.87,353.676,350.54,351.28,2873270,,https://api.nasdaq.com/api/quote/DIA/historical?assetclass=etf&fromdate=2016-07-26&todate=2026-07-26&limit=5000
DIA,2023-08-10,353.15,355.92,351.19,351.89,4133509,,https://api.nasdaq.com/api/quote/DIA/historical?assetclass=etf&fromdate=2016-07-26&todate=2026-07-26&limit=5000
DIA,2023-08-11,351.19,353.72,350.61,353,2602563,,https://api.nasdaq.com/api/quote/DIA/historical?assetclass=etf&fromdate=2016-07-26&todate=2026-07-26&limit=5000
DIA,2023-08-14,352.73,353.5,351.77,353.21,3134119,,https://api.nasdaq.com/api/quote/DIA/historical?assetclass=etf&fromdate=2016-07-26&todate=2026-07-26&limit=5000
DIA,2023-08-15,351.67,352.02,349.18,349.61,2818665,,https://api.nasdaq.com/api/quote/DIA/historical?assetclass=etf&fromdate=2016-07-26&todate=2026-07-26&limit=5000
DIA,2023-08-16,349.3,351.52,347.71,347.77,3586802,,https://api.nasdaq.com/api/quote/DIA/historical?assetclass=etf&fromdate=2016-07-26&todate=2026-07-26&limit=5000
DIA,2023-08-17,348.95,349.32,344.82,345.06,4804147,,https://api.nasdaq.com/api/quote/DIA/historical?assetclass=etf&fromdate=2016-07-26&todate=2026-07-26&limit=5000
DIA,2023-08-18,342.95,345.91,342.68,345.12,3525368,,https://api.nasdaq.com/api/quote/DIA/historical?assetclass=etf&fromdate=2016-07-26&todate=2026-07-26&limit=5000
DIA,2023-08-21,345.3,345.7201,342.49,344.67,3176471,,https://api.nasdaq.com/api/quote/DIA/historical?assetclass=etf&fromdate=2016-07-26&todate=2026-07-26&limit=5000
DIA,2023-08-22,344.79,345.14,342.57,342.96,2816954,,https://api.nasdaq.com/api/quote/DIA/historical?assetclass=etf&fromdate=2016-07-26&todate=2026-07-26&limit=5000
DIA,2023-08-23,343.53,345.3999,343.25,344.83,2605361,,https://api.nasdaq.com/api/quote/DIA/historical?assetclass=etf&fromdate=2016-07-26&todate=2026-07-26&limit=5000
DIA,2023-08-24,344.32,346.97,340.97,341.03,3840818,,https://api.nasdaq.com/api/quote/DIA/historical?assetclass=etf&fromdate=2016-07-26&todate=2026-07-26&limit=5000
DIA,2023-08-25,342.46,344.55,340.35,343.5,3868478,,https://api.nasdaq.com/api/quote/DIA/historical?assetclass=etf&fromdate=2016-07-26&todate=2026-07-26&limit=5000
DIA,2023-08-28,345.21,346.67,344.5,345.71,2382720,,https://api.nasdaq.com/api/quote/DIA/historical?assetclass=etf&fromdate=2016-07-26&todate=2026-07-26&limit=5000
DIA,2023-08-29,345.56,348.75,345.4,348.62,3107659,,https://api.nasdaq.com/api/quote/DIA/historical?assetclass=etf&fromdate=2016-07-26&todate=2026-07-26&limit=5000
DIA,2023-08-30,349.1,350.73,348.52,349.4,2792868,,https://api.nasdaq.com/api/quote/DIA/historical?assetclass=etf&fromdate=2016-07-26&todate=2026-07-26&limit=5000
DIA,2023-08-31,350.92,351.28,347.74,347.81,2901394,,https://api.nasdaq.com/api/quote/DIA/historical?assetclass=etf&fromdate=2016-07-26&todate=2026-07-26&limit=5000
DIA,2023-09-01,349.93,350.36,347.75,348.98,2533213,,https://api.nasdaq.com/api/quote/DIA/historical?assetclass=etf&fromdate=2016-07-26&todate=2026-07-26&limit=5000
DIA,2023-09-05,349.08,349.275,346.9,346.98,1906879,,https://api.nasdaq.com/api/quote/DIA/historical?assetclass=etf&fromdate=2016-07-26&todate=2026-07-26&limit=5000
DIA,2023-09-06,346.45,346.51,343.4601,345,2748394,,https://api.nasdaq.com/api/quote/DIA/historical?assetclass=etf&fromdate=2016-07-26&todate=2026-07-26&limit=5000
DIA,2023-09-07,344.46,346.239,344.345,345.69,2378610,,https://api.nasdaq.com/api/quote/DIA/historical?assetclass=etf&fromdate=2016-07-26&todate=2026-07-26&limit=5000
DIA,2023-09-08,345.77,347.04,345.4785,346.51,1666272,,https://api.nasdaq.com/api/quote/DIA/historical?assetclass=etf&fromdate=2016-07-26&todate=2026-07-26&limit=5000
DIA,2023-09-11,348.02,348.59,346.51,347.37,1723147,,https://api.nasdaq.com/api/quote/DIA/historical?assetclass=etf&fromdate=2016-07-26&todate=2026-07-26&limit=5000
DIA,2023-09-12,346.64,349.3007,346.36,347.21,1813791,,https://api.nasdaq.com/api/quote/DIA/historical?assetclass=etf&fromdate=2016-07-26&todate=2026-07-26&limit=5000
DIA,2023-09-13,347.56,348.51,345.82,346.55,2025242,,https://api.nasdaq.com/api/quote/DIA/historical?assetclass=etf&fromdate=2016-07-26&todate=2026-07-26&limit=5000
DIA,2023-09-14,348.66,350.63,347.73,349.94,3489445,,https://api.nasdaq.com/api/quote/DIA/historical?assetclass=etf&fromdate=2016-07-26&todate=2026-07-26&limit=5000
DIA,2023-09-15,348.26,348.85,345.6,346.14,3581669,,https://api.nasdaq.com/api/quote/DIA/historical?assetclass=etf&fromdate=2016-07-26&todate=2026-07-26&limit=5000
DIA,2023-09-18,346.28,347.13,345.31,346.15,2122839,,https://api.nasdaq.com/api/quote/DIA/historical?assetclass=etf&fromdate=2016-07-26&todate=2026-07-26&limit=5000
DIA,2023-09-19,345.47,345.81,342.98,345.07,2741934,,https://api.nasdaq.com/api/quote/DIA/historical?assetclass=etf&fromdate=2016-07-26&todate=2026-07-26&limit=5000
DIA,2023-09-20,346.04,347.655,344.2,344.32,3413547,,https://api.nasdaq.com/api/quote/DIA/historical?assetclass=etf&fromdate=2016-07-26&todate=2026-07-26&limit=5000
DIA,2023-09-21,343.17,343.65,340.47,340.58,3489616,,https://api.nasdaq.com/api/quote/DIA/historical?assetclass=etf&fromdate=2016-07-26&todate=2026-07-26&limit=5000
DIA,2023-09-22,340.69,341.43,339.32,339.58,3376724,,https://api.nasdaq.com/api/quote/DIA/historical?assetclass=etf&fromdate=2016-07-26&todate=2026-07-26&limit=5000
DIA,2023-09-25,338.73,340.07,337.69,339.98,3104718,,https://api.nasdaq.com/api/quote/DIA/historical?assetclass=etf&fromdate=2016-07-26&todate=2026-07-26&limit=5000
DIA,2023-09-26,337.87,338.74,335.55,336.04,4657329,,https://api.nasdaq.com/api/quote/DIA/historical?assetclass=etf&fromdate=2016-07-26&todate=2026-07-26&limit=5000
DIA,2023-09-27,336.88,337.15,332.93,335.43,4442227,,https://api.nasdaq.com/api/quote/DIA/historical?assetclass=etf&fromdate=2016-07-26&todate=2026-07-26&limit=5000
DIA,2023-09-28,335.32,337.67,334.57,336.62,4053596,,https://api.nasdaq.com/api/quote/DIA/historical?assetclass=etf&fromdate=2016-07-26&todate=2026-07-26&limit=5000
DIA,2023-09-29,338.78,338.83,333.91,334.95,3786535,,https://api.nasdaq.com/api/quote/DIA/historical?assetclass=etf&fromdate=2016-07-26&todate=2026-07-26&limit=5000
DIA,2023-10-02,334.29,335.02,332.08,334.09,4192554,,https://api.nasdaq.com/api/quote/DIA/historical?assetclass=etf&fromdate=2016-07-26&todate=2026-07-26&limit=5000
DIA,2023-10-03,332.84,333.88,329.0401,329.98,4871058,,https://api.nasdaq.com/api/quote/DIA/historical?assetclass=etf&fromdate=2016-07-26&todate=2026-07-26&limit=5000
DIA,2023-10-04,330.13,331.46,328.605,330.99,4877148,,https://api.nasdaq.com/api/quote/DIA/historical?assetclass=etf&fromdate=2016-07-26&todate=2026-07-26&limit=5000
DIA,2023-10-05,330.82,331.75,329.39,331.17,3172173,,https://api.nasdaq.com/api/quote/DIA/historical?assetclass=etf&fromdate=2016-07-26&todate=2026-07-26&limit=5000
DIA,2023-10-06,330.35,335.64,328.48,334.1,4491275,,https://api.nasdaq.com/api/quote/DIA/historical?assetclass=etf&fromdate=2016-07-26&todate=2026-07-26&limit=5000
DIA,2023-10-09,332.95,336.38,332.59,336.09,3756331,,https://api.nasdaq.com/api/quote/DIA/historical?assetclass=etf&fromdate=2016-07-26&todate=2026-07-26&limit=5000
DIA,2023-10-10,337.2,339.005,336.03,337.45,3769439,,https://api.nasdaq.com/api/quote/DIA/historical?assetclass=etf&fromdate=2016-07-26&todate=2026-07-26&limit=5000
DIA,2023-10-11,338.19,338.84,336.16,338.03,2773946,,https://api.nasdaq.com/api/quote/DIA/historical?assetclass=etf&fromdate=2016-07-26&todate=2026-07-26&limit=5000
DIA,2023-10-12,338.77,338.77,334.57,336.27,3314958,,https://api.nasdaq.com/api/quote/DIA/historical?assetclass=etf&fromdate=2016-07-26&todate=2026-07-26&limit=5000
DIA,2023-10-13,337.48,339.61,335.52,336.68,5156179,,https://api.nasdaq.com/api/quote/DIA/historical?assetclass=etf&fromdate=2016-07-26&todate=2026-07-26&limit=5000
DIA,2023-10-16,338.77,340.91,338.41,339.89,3969257,,https://api.nasdaq.com/api/quote/DIA/historical?assetclass=etf&fromdate=2016-07-26&todate=2026-07-26&limit=5000
DIA,2023-10-17,338.33,341.52,338.27,339.99,3777752,,https://api.nasdaq.com/api/quote/DIA/historical?assetclass=etf&fromdate=2016-07-26&todate=2026-07-26&limit=5000
DIA,2023-10-18,339.74,339.97,336,336.63,4141227,,https://api.nasdaq.com/api/quote/DIA/historical?assetclass=etf&fromdate=2016-07-26&todate=2026-07-26&limit=5000
DIA,2023-10-19,336.69,338.62,333.76,334.12,5201842,,https://api.nasdaq.com/api/quote/DIA/historical?assetclass=etf&fromdate=2016-07-26&todate=2026-07-26&limit=5000
DIA,2023-10-20,333.38,334.23,331.13,331.19,3960811,,https://api.nasdaq.com/api/quote/DIA/historical?assetclass=etf&fromdate=2016-07-26&todate=2026-07-26&limit=5000
DIA,2023-10-23,329.9,332.33,328.88,329.32,3898317,,https://api.nasdaq.com/api/quote/DIA/historical?assetclass=etf&fromdate=2016-07-26&todate=2026-07-26&limit=5000
DIA,2023-10-24,331,332.7,329.85,331.44,3583946,,https://api.nasdaq.com/api/quote/DIA/historical?assetclass=etf&fromdate=2016-07-26&todate=2026-07-26&limit=5000
DIA,2023-10-25,332.22,332.69,329.83,330.35,3836267,,https://api.nasdaq.com/api/quote/DIA/historical?assetclass=etf&fromdate=2016-07-26&todate=2026-07-26&limit=5000
DIA,2023-10-26,330.16,331.015,327.36,327.82,4882581,,https://api.nasdaq.com/api/quote/DIA/historical?assetclass=etf&fromdate=2016-07-26&todate=2026-07-26&limit=5000
DIA,2023-10-27,327.84,327.88,323.21,324.19,4757335,,https://api.nasdaq.com/api/quote/DIA/historical?assetclass=etf&fromdate=2016-07-26&todate=2026-07-26&limit=5000
DIA,2023-10-30,326.39,330.02,326.37,329.23,4617188,,https://api.nasdaq.com/api/quote/DIA/historical?assetclass=etf&fromdate=2016-07-26&todate=2026-07-26&limit=5000
DIA,2023-10-31,329.18,330.68,327.84,330.48,3645788,,https://api.nasdaq.com/api/quote/DIA/historical?assetclass=etf&fromdate=2016-07-26&todate=2026-07-26&limit=5000
DIA,2023-11-01,330.92,333.36,330.1,332.68,4546185,,https://api.nasdaq.com/api/quote/DIA/historical?assetclass=etf&fromdate=2016-07-26&todate=2026-07-26&limit=5000
DIA,2023-11-02,334.78,338.52,334.41,338.39,5356290,,https://api.nasdaq.com/api/quote/DIA/historical?assetclass=etf&fromdate=2016-07-26&todate=2026-07-26&limit=5000
DIA,2023-11-03,340.12,341.615,339.39,340.61,4046874,,https://api.nasdaq.com/api/quote/DIA/historical?assetclass=etf&fromdate=2016-07-26&todate=2026-07-26&limit=5000
DIA,2023-11-06,340.86,341.64,339.89,341.04,2765984,,https://api.nasdaq.com/api/quote/DIA/historical?assetclass=etf&fromdate=2016-07-26&todate=2026-07-26&limit=5000
DIA,2023-11-07,340.73,342.07,340.3,341.54,2793667,,https://api.nasdaq.com/api/quote/DIA/historical?assetclass=etf&fromdate=2016-07-26&todate=2026-07-26&limit=5000
DIA,2023-11-08,342.1,342.59,339.94,341.12,2787851,,https://api.nasdaq.com/api/quote/DIA/historical?assetclass=etf&fromdate=2016-07-26&todate=2026-07-26&limit=5000
DIA,2023-11-09,342.01,342.05,338.77,339.11,3940744,,https://api.nasdaq.com/api/quote/DIA/historical?assetclass=etf&fromdate=2016-07-26&todate=2026-07-26&limit=5000
DIA,2023-11-10,340.81,343.3,339.27,343.01,3268678,,https://api.nasdaq.com/api/quote/DIA/historical?assetclass=etf&fromdate=2016-07-26&todate=2026-07-26&limit=5000
DIA,2023-11-13,342.38,344.3,342.23,343.57,2624538,,https://api.nasdaq.com/api/quote/DIA/historical?assetclass=etf&fromdate=2016-07-26&todate=2026-07-26&limit=5000
DIA,2023-11-14,347.52,349.52,346.67,348.42,4815484,,https://api.nasdaq.com/api/quote/DIA/historical?assetclass=etf&fromdate=2016-07-26&todate=2026-07-26&limit=5000
DIA,2023-11-15,349.29,350.78,348.98,350.27,3149383,,https://api.nasdaq.com/api/quote/DIA/historical?assetclass=etf&fromdate=2016-07-26&todate=2026-07-26&limit=5000
DIA,2023-11-16,349.58,350.801,348.75,350.02,3848044,,https://api.nasdaq.com/api/quote/DIA/historical?assetclass=etf&fromdate=2016-07-26&todate=2026-07-26&limit=5000
DIA,2023-11-17,349.78,350.22,348.73,349.43,2059642,,https://api.nasdaq.com/api/quote/DIA/historical?assetclass=etf&fromdate=2016-07-26&todate=2026-07-26&limit=5000
DIA,2023-11-20,349.1,352.24,349.07,351.52,2905683,,https://api.nasdaq.com/api/quote/DIA/historical?assetclass=etf&fromdate=2016-07-26&todate=2026-07-26&limit=5000
DIA,2023-11-21,351.11,351.21,350.36,350.82,1849505,,https://api.nasdaq.com/api/quote/DIA/historical?assetclass=etf&fromdate=2016-07-26&todate=2026-07-26&limit=5000
DIA,2023-11-22,351.89,353.14,351.5,352.56,3487554,,https://api.nasdaq.com/api/quote/DIA/historical?assetclass=etf&fromdate=2016-07-26&todate=2026-07-26&limit=5000
DIA,2023-11-24,353.16,353.95,353.04,353.8,1245089,,https://api.nasdaq.com/api/quote/DIA/historical?assetclass=etf&fromdate=2016-07-26&todate=2026-07-26&limit=5000
DIA,2023-11-27,353.63,354.14,352.78,353.32,2532411,,https://api.nasdaq.com/api/quote/DIA/historical?assetclass=etf&fromdate=2016-07-26&todate=2026-07-26&limit=5000
DIA,2023-11-28,353.49,355.14,353.09,354.11,2759614,,https://api.nasdaq.com/api/quote/DIA/historical?assetclass=etf&fromdate=2016-07-26&todate=2026-07-26&limit=5000
DIA,2023-11-29,354.97,356.13,354.37,354.65,2736296,,https://api.nasdaq.com/api/quote/DIA/historical?assetclass=etf&fromdate=2016-07-26&todate=2026-07-26&limit=5000
DIA,2023-11-30,356.71,360.18,356.45,360,4094295,,https://api.nasdaq.com/api/quote/DIA/historical?assetclass=etf&fromdate=2016-07-26&todate=2026-07-26&limit=5000
DIA,2023-12-01,360.02,363.25,359.86,363.05,5852530,,https://api.nasdaq.com/api/quote/DIA/historical?assetclass=etf&fromdate=2016-07-26&todate=2026-07-26&limit=5000
DIA,2023-12-04,361.15,362.95,361.02,362.64,4210952,,https://api.nasdaq.com/api/quote/DIA/historical?assetclass=etf&fromdate=2016-07-26&todate=2026-07-26&limit=5000
DIA,2023-12-05,361.86,362.26,360.7001,361.91,5372664,,https://api.nasdaq.com/api/quote/DIA/historical?assetclass=etf&fromdate=2016-07-26&todate=2026-07-26&limit=5000
DIA,2023-12-06,362.81,363.5508,360.83,361.22,5583698,,https://api.nasdaq.com/api/quote/DIA/historical?assetclass=etf&fromdate=2016-07-26&todate=2026-07-26&limit=5000
DIA,2023-12-07,361.96,362.36,360.93,361.83,3295633,,https://api.nasdaq.com/api/quote/DIA/historical?assetclass=etf&fromdate=2016-07-26&todate=2026-07-26&limit=5000
DIA,2023-12-08,361.76,363.68,361.38,363.12,2930386,,https://api.nasdaq.com/api/quote/DIA/historical?assetclass=etf&fromdate=2016-07-26&todate=2026-07-26&limit=5000
DIA,2023-12-11,363.6,364.87,363,364.69,3673195,,https://api.nasdaq.com/api/quote/DIA/historical?assetclass=etf&fromdate=2016-07-26&todate=2026-07-26&limit=5000
DIA,2023-12-12,365.41,366.68,364.43,366.41,3239554,,https://api.nasdaq.com/api/quote/DIA/historical?assetclass=etf&fromdate=2016-07-26&todate=2026-07-26&limit=5000
DIA,2023-12-13,366.6,371.74,366,371.74,4304814,,https://api.nasdaq.com/api/quote/DIA/historical?assetclass=etf&fromdate=2016-07-26&todate=2026-07-26&limit=5000
DIA,2023-12-14,372.71,373.67,371.26,373.33,5506997,,https://api.nasdaq.com/api/quote/DIA/historical?assetclass=etf&fromdate=2016-07-26&todate=2026-07-26&limit=5000
DIA,2023-12-15,371.74,373.39,371.33,372.63,6948448,,https://api.nasdaq.com/api/quote/DIA/historical?assetclass=etf&fromdate=2016-07-26&todate=2026-07-26&limit=5000
DIA,2023-12-18,373.29,373.87,372.76,372.98,3403210,,https://api.nasdaq.com/api/quote/DIA/historical?assetclass=etf&fromdate=2016-07-26&todate=2026-07-26&limit=5000
DIA,2023-12-19,373.24,375.56,373.12,375.5,3749223,,https://api.nasdaq.com/api/quote/DIA/historical?assetclass=etf&fromdate=2016-07-26&todate=2026-07-26&limit=5000
DIA,2023-12-20,374.67,376.34,370.61,370.8,4564730,,https://api.nasdaq.com/api/quote/DIA/historical?assetclass=etf&fromdate=2016-07-26&todate=2026-07-26&limit=5000
DIA,2023-12-21,372.89,374.13,371.16,373.88,3837525,,https://api.nasdaq.com/api/quote/DIA/historical?assetclass=etf&fromdate=2016-07-26&todate=2026-07-26&limit=5000
DIA,2023-12-22,373.64,375.31,372.58,373.8,3330672,,https://api.nasdaq.com/api/quote/DIA/historical?assetclass=etf&fromdate=2016-07-26&todate=2026-07-26&limit=5000
DIA,2023-12-26,373.68,376.09,373.58,375.35,2217790,,https://api.nasdaq.com/api/quote/DIA/historical?assetclass=etf&fromdate=2016-07-26&todate=2026-07-26&limit=5000
DIA,2023-12-27,375.1,376.79,374.75,376.56,3061156,,https://api.nasdaq.com/api/quote/DIA/historical?assetclass=etf&fromdate=2016-07-26&todate=2026-07-26&limit=5000
DIA,2023-12-28,376.52,377.69,376.52,377.03,2620375,,https://api.nasdaq.com/api/quote/DIA/historical?assetclass=etf&fromdate=2016-07-26&todate=2026-07-26&limit=5000
DIA,2023-12-29,376.95,377.46,375.27,376.87,3364544,,https://api.nasdaq.com/api/quote/DIA/historical?assetclass=etf&fromdate=2016-07-26&todate=2026-07-26&limit=5000
DIA,2024-01-02,374.8,377.815,374.8,377.09,5776310,,https://api.nasdaq.com/api/quote/DIA/historical?assetclass=etf&fromdate=2016-07-26&todate=2026-07-26&limit=5000
DIA,2024-01-03,375.57,376.12,373.9,374.21,6393601,,https://api.nasdaq.com/api/quote/DIA/historical?assetclass=etf&fromdate=2016-07-26&todate=2026-07-26&limit=5000
DIA,2024-01-04,374.84,377.22,374.4,374.54,4251858,,https://api.nasdaq.com/api/quote/DIA/historical?assetclass=etf&fromdate=2016-07-26&todate=2026-07-26&limit=5000
DIA,2024-01-05,374.43,376.25,373.21,374.64,5381678,,https://api.nasdaq.com/api/quote/DIA/historical?assetclass=etf&fromdate=2016-07-26&todate=2026-07-26&limit=5000
DIA,2024-01-08,373.4,376.97,372.47,376.84,4604945,,https://api.nasdaq.com/api/quote/DIA/historical?assetclass=etf&fromdate=2016-07-26&todate=2026-07-26&limit=5000
DIA,2024-01-09,374.8,375.6,373.75,375.18,3230886,,https://api.nasdaq.com/api/quote/DIA/historical?assetclass=etf&fromdate=2016-07-26&todate=2026-07-26&limit=5000
DIA,2024-01-10,375.55,377.47,375.29,376.95,2718694,,https://api.nasdaq.com/api/quote/DIA/historical?assetclass=etf&fromdate=2016-07-26&todate=2026-07-26&limit=5000
DIA,2024-01-11,377.77,378.12,374.25,377.17,4095747,,https://api.nasdaq.com/api/quote/DIA/historical?assetclass=etf&fromdate=2016-07-26&todate=2026-07-26&limit=5000
DIA,2024-01-12,377.48,378.25,374.73,375.91,3816872,,https://api.nasdaq.com/api/quote/DIA/historical?assetclass=etf&fromdate=2016-07-26&todate=2026-07-26&limit=5000
DIA,2024-01-16,374.97,375.53,372.04,373.66,4471566,,https://api.nasdaq.com/api/quote/DIA/historical?assetclass=etf&fromdate=2016-07-26&todate=2026-07-26&limit=5000
DIA,2024-01-17,371.75,373.7479,371.335,372.72,4360951,,https://api.nasdaq.com/api/quote/DIA/historical?assetclass=etf&fromdate=2016-07-26&todate=2026-07-26&limit=5000
DIA,2024-01-18,372.23,375.33,371.36,374.81,3953372,,https://api.nasdaq.com/api/quote/DIA/historical?assetclass=etf&fromdate=2016-07-26&todate=2026-07-26&limit=5000
DIA,2024-01-19,375.78,379.37,374.46,378.6,5218621,,https://api.nasdaq.com/api/quote/DIA/historical?assetclass=etf&fromdate=2016-07-26&todate=2026-07-26&limit=5000
DIA,2024-01-22,379.69,381.08,379.08,380.07,5433385,,https://api.nasdaq.com/api/quote/DIA/historical?assetclass=etf&fromdate=2016-07-26&todate=2026-07-26&limit=5000
DIA,2024-01-23,379.36,379.8499,377.98,379.04,3110079,,https://api.nasdaq.com/api/quote/DIA/historical?assetclass=etf&fromdate=2016-07-26&todate=2026-07-26&limit=5000
DIA,2024-01-24,380.21,380.62,377.94,378.09,3967156,,https://api.nasdaq.com/api/quote/DIA/historical?assetclass=etf&fromdate=2016-07-26&todate=2026-07-26&limit=5000
DIA,2024-01-25,379.07,380.56,377.92,380.48,3539123,,https://api.nasdaq.com/api/quote/DIA/historical?assetclass=etf&fromdate=2016-07-26&todate=2026-07-26&limit=5000
DIA,2024-01-26,379.98,382.1318,379.95,381.09,3220960,,https://api.nasdaq.com/api/quote/DIA/historical?assetclass=etf&fromdate=2016-07-26&todate=2026-07-26&limit=5000
DIA,2024-01-29,381,383.41,380.54,383.31,2730922,,https://api.nasdaq.com/api/quote/DIA/historical?assetclass=etf&fromdate=2016-07-26&todate=2026-07-26&limit=5000
DIA,2024-01-30,382.82,384.95,382.49,384.49,2747880,,https://api.nasdaq.com/api/quote/DIA/historical?assetclass=etf&fromdate=2016-07-26&todate=2026-07-26&limit=5000
DIA,2024-01-31,385.21,385.82,381.34,381.37,4476649,,https://api.nasdaq.com/api/quote/DIA/historical?assetclass=etf&fromdate=2016-07-26&todate=2026-07-26&limit=5000
DIA,2024-02-01,381.4,385.15,380.97,385.1,3652450,,https://api.nasdaq.com/api/quote/DIA/historical?assetclass=etf&fromdate=2016-07-26&todate=2026-07-26&limit=5000
DIA,2024-02-02,383.99,387.78,383.24,386.42,3344981,,https://api.nasdaq.com/api/quote/DIA/historical?assetclass=etf&fromdate=2016-07-26&todate=2026-07-26&limit=5000
DIA,2024-02-05,385.99,385.99,382.12,383.58,3761593,,https://api.nasdaq.com/api/quote/DIA/historical?assetclass=etf&fromdate=2016-07-26&todate=2026-07-26&limit=5000
DIA,2024-02-06,383.92,385.3739,383.5,385.08,2507834,,https://api.nasdaq.com/api/quote/DIA/historical?assetclass=etf&fromdate=2016-07-26&todate=2026-07-26&limit=5000
DIA,2024-02-07,386.39,387.45,385.65,386.67,2797604,,https://api.nasdaq.com/api/quote/DIA/historical?assetclass=etf&fromdate=2016-07-26&todate=2026-07-26&limit=5000
DIA,2024-02-08,387.47,387.6638,385.51,387.35,2549757,,https://api.nasdaq.com/api/quote/DIA/historical?assetclass=etf&fromdate=2016-07-26&todate=2026-07-26&limit=5000
DIA,2024-02-09,387.19,387.5,385.755,386.72,3526260,,https://api.nasdaq.com/api/quote/DIA/historical?assetclass=etf&fromdate=2016-07-26&todate=2026-07-26&limit=5000
DIA,2024-02-12,386.49,389.41,386.44,388.11,2412247,,https://api.nasdaq.com/api/quote/DIA/historical?assetclass=etf&fromdate=2016-07-26&todate=2026-07-26&limit=5000
DIA,2024-02-13,385.07,385.16,380.46,382.82,5325289,,https://api.nasdaq.com/api/quote/DIA/historical?assetclass=etf&fromdate=2016-07-26&todate=2026-07-26&limit=5000
DIA,2024-02-14,384,384.55,382.07,384.29,3465188,,https://api.nasdaq.com/api/quote/DIA/historical?assetclass=etf&fromdate=2016-07-26&todate=2026-07-26&limit=5000
DIA,2024-02-15,385.19,388.33,384.88,388.25,3497179,,https://api.nasdaq.com/api/quote/DIA/historical?assetclass=etf&fromdate=2016-07-26&todate=2026-07-26&limit=5000
DIA,2024-02-16,387.17,388.25,385.7,386.19,3772479,,https://api.nasdaq.com/api/quote/DIA/historical?assetclass=etf&fromdate=2016-07-26&todate=2026-07-26&limit=5000
DIA,2024-02-20,385.51,386.57,384.54,385.69,3295719,,https://api.nasdaq.com/api/quote/DIA/historical?assetclass=etf&fromdate=2016-07-26&todate=2026-07-26&limit=5000
DIA,2024-02-21,384.96,386.17,383.32,386.05,3031592,,https://api.nasdaq.com/api/quote/DIA/historical?assetclass=etf&fromdate=2016-07-26&todate=2026-07-26&limit=5000
DIA,2024-02-22,388.36,391.47,387.91,390.54,4990678,,https://api.nasdaq.com/api/quote/DIA/historical?assetclass=etf&fromdate=2016-07-26&todate=2026-07-26&limit=5000
DIA,2024-02-23,391.77,392.84,390.92,391.28,3451571,,https://api.nasdaq.com/api/quote/DIA/historical?assetclass=etf&fromdate=2016-07-26&todate=2026-07-26&limit=5000
DIA,2024-02-26,391.45,392.41,390.235,390.71,1914059,,https://api.nasdaq.com/api/quote/DIA/historical?assetclass=etf&fromdate=2016-07-26&todate=2026-07-26&limit=5000
DIA,2024-02-27,390.36,390.45,388.75,389.66,2370879,,https://api.nasdaq.com/api/quote/DIA/historical?assetclass=etf&fromdate=2016-07-26&todate=2026-07-26&limit=5000
DIA,2024-02-28,387.94,389.739,387.6,389.6,3313885,,https://api.nasdaq.com/api/quote/DIA/historical?assetclass=etf&fromdate=2016-07-26&todate=2026-07-26&limit=5000
DIA,2024-02-29,390.69,391.11,388.45,389.95,3026854,,https://api.nasdaq.com/api/quote/DIA/historical?assetclass=etf&fromdate=2016-07-26&todate=2026-07-26&limit=5000
DIA,2024-03-01,389.85,391.61,388.88,391.31,3857487,,https://api.nasdaq.com/api/quote/DIA/historical?assetclass=etf&fromdate=2016-07-26&todate=2026-07-26&limit=5000
DIA,2024-03-04,389.35,391.25,389.35,390.23,3048456,,https://api.nasdaq.com/api/quote/DIA/historical?assetclass=etf&fromdate=2016-07-26&todate=2026-07-26&limit=5000
DIA,2024-03-05,388.99,389.29,384.92,386.19,4132398,,https://api.nasdaq.com/api/quote/DIA/historical?assetclass=etf&fromdate=2016-07-26&todate=2026-07-26&limit=5000
DIA,2024-03-06,388.49,389.13,386.13,387.18,3039053,,https://api.nasdaq.com/api/quote/DIA/historical?assetclass=etf&fromdate=2016-07-26&todate=2026-07-26&limit=5000
DIA,2024-03-07,389.07,389.72,387.83,388.45,2965692,,https://api.nasdaq.com/api/quote/DIA/historical?assetclass=etf&fromdate=2016-07-26&todate=2026-07-26&limit=5000
DIA,2024-03-08,388.24,390.42,387.71,387.99,4256891,,https://api.nasdaq.com/api/quote/DIA/historical?assetclass=etf&fromdate=2016-07-26&todate=2026-07-26&limit=5000
DIA,2024-03-11,386.92,388.65,385.5,388.42,3395968,,https://api.nasdaq.com/api/quote/DIA/historical?assetclass=etf&fromdate=2016-07-26&todate=2026-07-26&limit=5000
DIA,2024-03-12,389.24,391.44,387.84,390.79,3275827,,https://api.nasdaq.com/api/quote/DIA/historical?assetclass=etf&fromdate=2016-07-26&todate=2026-07-26&limit=5000
DIA,2024-03-13,391.69,392.79,390.06,391.22,2788710,,https://api.nasdaq.com/api/quote/DIA/historical?assetclass=etf&fromdate=2016-07-26&todate=2026-07-26&limit=5000
DIA,2024-03-14,392.17,392.41,387.835,390.07,4471889,,https://api.nasdaq.com/api/quote/DIA/historical?assetclass=etf&fromdate=2016-07-26&todate=2026-07-26&limit=5000
DIA,2024-03-15,387.74,389.26,386.04,387,4372282,,https://api.nasdaq.com/api/quote/DIA/historical?assetclass=etf&fromdate=2016-07-26&todate=2026-07-26&limit=5000
DIA,2024-03-18,388.35,388.86,387.48,387.73,2060609,,https://api.nasdaq.com/api/quote/DIA/historical?assetclass=etf&fromdate=2016-07-26&todate=2026-07-26&limit=5000
DIA,2024-03-19,388.16,391.09,387.47,390.9,3303843,,https://api.nasdaq.com/api/quote/DIA/historical?assetclass=etf&fromdate=2016-07-26&todate=2026-07-26&limit=5000
DIA,2024-03-20,390.15,395.22,389.89,394.99,4823857,,https://api.nasdaq.com/api/quote/DIA/historical?assetclass=etf&fromdate=2016-07-26&todate=2026-07-26&limit=5000
DIA,2024-03-21,396.31,398.82,395.81,397.75,4348433,,https://api.nasdaq.com/api/quote/DIA/historical?assetclass=etf&fromdate=2016-07-26&todate=2026-07-26&limit=5000
DIA,2024-03-22,397.76,398.06,394.49,394.53,3156077,,https://api.nasdaq.com/api/quote/DIA/historical?assetclass=etf&fromdate=2016-07-26&todate=2026-07-26&limit=5000
DIA,2024-03-25,393.92,394.15,392.82,392.95,2535639,,https://api.nasdaq.com/api/quote/DIA/historical?assetclass=etf&fromdate=2016-07-26&todate=2026-07-26&limit=5000
DIA,2024-03-26,393.68,394.2699,392.63,392.85,3395400,,https://api.nasdaq.com/api/quote/DIA/historical?assetclass=etf&fromdate=2016-07-26&todate=2026-07-26&limit=5000
DIA,2024-03-27,395,397.58,394.47,397.56,4427305,,https://api.nasdaq.com/api/quote/DIA/historical?assetclass=etf&fromdate=2016-07-26&todate=2026-07-26&limit=5000
DIA,2024-03-28,398.06,398.56,397.04,397.76,3154954,,https://api.nasdaq.com/api/quote/DIA/historical?assetclass=etf&fromdate=2016-07-26&todate=2026-07-26&limit=5000
DIA,2024-04-01,397.82,398.05,394.73,395.33,3825242,,https://api.nasdaq.com/api/quote/DIA/historical?assetclass=etf&fromdate=2016-07-26&todate=2026-07-26&limit=5000
DIA,2024-04-02,391.97,392.14,390.28,391.63,4034859,,https://api.nasdaq.com/api/quote/DIA/historical?assetclass=etf&fromdate=2016-07-26&todate=2026-07-26&limit=5000
DIA,2024-04-03,391.68,392.92,389.99,391.26,3547020,,https://api.nasdaq.com/api/quote/DIA/historical?assetclass=etf&fromdate=2016-07-26&todate=2026-07-26&limit=5000
DIA,2024-04-04,394.03,394.24,385.6,386.02,5041177,,https://api.nasdaq.com/api/quote/DIA/historical?assetclass=etf&fromdate=2016-07-26&todate=2026-07-26&limit=5000
DIA,2024-04-05,386.35,390.45,386.08,388.86,4423450,,https://api.nasdaq.com/api/quote/DIA/historical?assetclass=etf&fromdate=2016-07-26&todate=2026-07-26&limit=5000
DIA,2024-04-08,389.05,390.14,388.57,389.1,2431263,,https://api.nasdaq.com/api/quote/DIA/historical?assetclass=etf&fromdate=2016-07-26&todate=2026-07-26&limit=5000
DIA,2024-04-09,389.62,389.98,385.73,388.84,4004661,,https://api.nasdaq.com/api/quote/DIA/historical?assetclass=etf&fromdate=2016-07-26&todate=2026-07-26&limit=5000
DIA,2024-04-10,384.92,385.97,383.03,384.51,5173092,,https://api.nasdaq.com/api/quote/DIA/historical?assetclass=etf&fromdate=2016-07-26&todate=2026-07-26&limit=5000
DIA,2024-04-11,385.47,386.08,382,384.54,3972750,,https://api.nasdaq.com/api/quote/DIA/historical?assetclass=etf&fromdate=2016-07-26&todate=2026-07-26&limit=5000
DIA,2024-04-12,382.31,382.93,378.81,379.87,5305137,,https://api.nasdaq.com/api/quote/DIA/historical?assetclass=etf&fromdate=2016-07-26&todate=2026-07-26&limit=5000
DIA,2024-04-15,383.33,383.82,376.6,377.31,4870703,,https://api.nasdaq.com/api/quote/DIA/historical?assetclass=etf&fromdate=2016-07-26&todate=2026-07-26&limit=5000
DIA,2024-04-16,379.74,379.93,377.04,377.98,4383476,,https://api.nasdaq.com/api/quote/DIA/historical?assetclass=etf&fromdate=2016-07-26&todate=2026-07-26&limit=5000
DIA,2024-04-17,379.21,380.19,376.14,377.45,4584927,,https://api.nasdaq.com/api/quote/DIA/historical?assetclass=etf&fromdate=2016-07-26&todate=2026-07-26&limit=5000
DIA,2024-04-18,379.05,380.93,376.85,377.84,4579224,,https://api.nasdaq.com/api/quote/DIA/historical?assetclass=etf&fromdate=2016-07-26&todate=2026-07-26&limit=5000
DIA,2024-04-19,378.69,381.03,377.92,379.8,5078592,,https://api.nasdaq.com/api/quote/DIA/historical?assetclass=etf&fromdate=2016-07-26&todate=2026-07-26&limit=5000
DIA,2024-04-22,381.73,384.44,379.81,382.37,4128981,,https://api.nasdaq.com/api/quote/DIA/historical?assetclass=etf&fromdate=2016-07-26&todate=2026-07-26&limit=5000
DIA,2024-04-23,383.69,385.59,382.91,385.02,3126359,,https://api.nasdaq.com/api/quote/DIA/historical?assetclass=etf&fromdate=2016-07-26&todate=2026-07-26&limit=5000
DIA,2024-04-24,384.87,385.4657,383.0201,384.44,3575814,,https://api.nasdaq.com/api/quote/DIA/historical?assetclass=etf&fromdate=2016-07-26&todate=2026-07-26&limit=5000
DIA,2024-04-25,379.79,381.55,377.48,380.92,4682844,,https://api.nasdaq.com/api/quote/DIA/historical?assetclass=etf&fromdate=2016-07-26&todate=2026-07-26&limit=5000
DIA,2024-04-26,380.75,383.34,380.53,382.31,4252374,,https://api.nasdaq.com/api/quote/DIA/historical?assetclass=etf&fromdate=2016-07-26&todate=2026-07-26&limit=5000
DIA,2024-04-29,383.1,384.03,382.07,383.8,3265901,,https://api.nasdaq.com/api/quote/DIA/historical?assetclass=etf&fromdate=2016-07-26&todate=2026-07-26&limit=5000
DIA,2024-04-30,382.46,382.749,378.08,378.13,3463622,,https://api.nasdaq.com/api/quote/DIA/historical?assetclass=etf&fromdate=2016-07-26&todate=2026-07-26&limit=5000
DIA,2024-05-01,378.38,383.48,377.98,378.89,5731591,,https://api.nasdaq.com/api/quote/DIA/historical?assetclass=etf&fromdate=2016-07-26&todate=2026-07-26&limit=5000
DIA,2024-05-02,381.15,382.91,378.9,382.23,3535552,,https://api.nasdaq.com/api/quote/DIA/historical?assetclass=etf&fromdate=2016-07-26&todate=2026-07-26&limit=5000
DIA,2024-05-03,387.14,387.99,385.06,386.77,4471092,,https://api.nasdaq.com/api/quote/DIA/historical?assetclass=etf&fromdate=2016-07-26&todate=2026-07-26&limit=5000
DIA,2024-05-06,388.32,388.74,386.83,388.45,2596106,,https://api.nasdaq.com/api/quote/DIA/historical?assetclass=etf&fromdate=2016-07-26&todate=2026-07-26&limit=5000
DIA,2024-05-07,389.17,389.75,388.34,388.74,2428600,,https://api.nasdaq.com/api/quote/DIA/historical?assetclass=etf&fromdate=2016-07-26&todate=2026-07-26&limit=5000
DIA,2024-05-08,388.34,390.91,388.19,390.48,2855082,,https://api.nasdaq.com/api/quote/DIA/historical?assetclass=etf&fromdate=2016-07-26&todate=2026-07-26&limit=5000
DIA,2024-05-09,390.11,394.26,390.01,394,4141242,,https://api.nasdaq.com/api/quote/DIA/historical?assetclass=etf&fromdate=2016-07-26&todate=2026-07-26&limit=5000
DIA,2024-05-10,395.25,395.8989,394.0958,395.18,3505595,,https://api.nasdaq.com/api/quote/DIA/historical?assetclass=etf&fromdate=2016-07-26&todate=2026-07-26&limit=5000
DIA,2024-05-13,396.38,396.61,394.07,394.46,2635805,,https://api.nasdaq.com/api/quote/DIA/historical?assetclass=etf&fromdate=2016-07-26&todate=2026-07-26&limit=5000
DIA,2024-05-14,394.54,396.245,393.81,395.58,2702732,,https://api.nasdaq.com/api/quote/DIA/historical?assetclass=etf&fromdate=2016-07-26&todate=2026-07-26&limit=5000
DIA,2024-05-15,397.24,399.5,396.94,399.28,3421205,,https://api.nasdaq.com/api/quote/DIA/historical?assetclass=etf&fromdate=2016-07-26&todate=2026-07-26&limit=5000
DIA,2024-05-16,399.75,400.995,399.13,399.21,2877239,,https://api.nasdaq.com/api/quote/DIA/historical?assetclass=etf&fromdate=2016-07-26&todate=2026-07-26&limit=5000
DIA,2024-05-17,399.11,400.02,398.44,399.95,2703120,,https://api.nasdaq.com/api/quote/DIA/historical?assetclass=etf&fromdate=2016-07-26&todate=2026-07-26&limit=5000
DIA,2024-05-20,399.77,400.72,397.8401,398.1,2094760,,https://api.nasdaq.com/api/quote/DIA/historical?assetclass=etf&fromdate=2016-07-26&todate=2026-07-26&limit=5000
DIA,2024-05-21,398.32,399.06,397.7697,398.78,1618266,,https://api.nasdaq.com/api/quote/DIA/historical?assetclass=etf&fromdate=2016-07-26&todate=2026-07-26&limit=5000
DIA,2024-05-22,397.95,398.8451,395.51,396.66,2647164,,https://api.nasdaq.com/api/quote/DIA/historical?assetclass=etf&fromdate=2016-07-26&todate=2026-07-26&limit=5000
DIA,2024-05-23,397.06,397.09,390.25,390.66,3361204,,https://api.nasdaq.com/api/quote/DIA/historical?assetclass=etf&fromdate=2016-07-26&todate=2026-07-26&limit=5000
DIA,2024-05-24,391.22,392.251,390.16,390.64,2072175,,https://api.nasdaq.com/api/quote/DIA/historical?assetclass=etf&fromdate=2016-07-26&todate=2026-07-26&limit=5000
DIA,2024-05-28,389.81,390.22,387.02,388.6,2176119,,https://api.nasdaq.com/api/quote/DIA/historical?assetclass=etf&fromdate=2016-07-26&todate=2026-07-26&limit=5000
DIA,2024-05-29,385.31,385.72,384.241,384.58,2714977,,https://api.nasdaq.com/api/quote/DIA/historical?assetclass=etf&fromdate=2016-07-26&todate=2026-07-26&limit=5000
DIA,2024-05-30,381.37,382.4,380.41,381.48,4070361,,https://api.nasdaq.com/api/quote/DIA/historical?assetclass=etf&fromdate=2016-07-26&todate=2026-07-26&limit=5000
DIA,2024-05-31,381.98,387.61,381.27,387.53,4748353,,https://api.nasdaq.com/api/quote/DIA/historical?assetclass=etf&fromdate=2016-07-26&todate=2026-07-26&limit=5000
DIA,2024-06-03,387.87,387.89,382.93,386.24,3614283,,https://api.nasdaq.com/api/quote/DIA/historical?assetclass=etf&fromdate=2016-07-26&todate=2026-07-26&limit=5000
DIA,2024-06-04,385,388.3783,384.54,387.51,2822456,,https://api.nasdaq.com/api/quote/DIA/historical?assetclass=etf&fromdate=2016-07-26&todate=2026-07-26&limit=5000
DIA,2024-06-05,388.6,388.97,385.9699,388.53,2181357,,https://api.nasdaq.com/api/quote/DIA/historical?assetclass=etf&fromdate=2016-07-26&todate=2026-07-26&limit=5000
DIA,2024-06-06,388.81,390.59,387.785,389.33,2241901,,https://api.nasdaq.com/api/quote/DIA/historical?assetclass=etf&fromdate=2016-07-26&todate=2026-07-26&limit=5000
DIA,2024-06-07,388.88,391.62,387.89,388.49,1952036,,https://api.nasdaq.com/api/quote/DIA/historical?assetclass=etf&fromdate=2016-07-26&todate=2026-07-26&limit=5000
DIA,2024-06-10,388.03,389.36,387.19,389.29,1382234,,https://api.nasdaq.com/api/quote/DIA/historical?assetclass=etf&fromdate=2016-07-26&todate=2026-07-26&limit=5000
DIA,2024-06-11,387.66,388.2,384.8971,387.97,2522641,,https://api.nasdaq.com/api/quote/DIA/historical?assetclass=etf&fromdate=2016-07-26&todate=2026-07-26&limit=5000
DIA,2024-06-12,391.58,391.91,386.69,387.69,3866703,,https://api.nasdaq.com/api/quote/DIA/historical?assetclass=etf&fromdate=2016-07-26&todate=2026-07-26&limit=5000
DIA,2024-06-13,386.82,387.67,384.59,386.88,3136085,,https://api.nasdaq.com/api/quote/DIA/historical?assetclass=etf&fromdate=2016-07-26&todate=2026-07-26&limit=5000
DIA,2024-06-14,384.62,386.54,383.63,386.46,2884306,,https://api.nasdaq.com/api/quote/DIA/historical?assetclass=etf&fromdate=2016-07-26&todate=2026-07-26&limit=5000
DIA,2024-06-17,385.25,389.21,384.98,388.58,2025268,,https://api.nasdaq.com/api/quote/DIA/historical?assetclass=etf&fromdate=2016-07-26&todate=2026-07-26&limit=5000
DIA,2024-06-18,388.91,390.19,388.02,389.14,1848654,,https://api.nasdaq.com/api/quote/DIA/historical?assetclass=etf&fromdate=2016-07-26&todate=2026-07-26&limit=5000
DIA,2024-06-20,388.74,393.11,388.38,392.07,3588047,,https://api.nasdaq.com/api/quote/DIA/historical?assetclass=etf&fromdate=2016-07-26&todate=2026-07-26&limit=5000
DIA,2024-06-21,391.67,392.47,390.46,391.34,2594616,,https://api.nasdaq.com/api/quote/DIA/historical?assetclass=etf&fromdate=2016-07-26&todate=2026-07-26&limit=5000
DIA,2024-06-24,392.47,395.59,391.9,393.98,3096624,,https://api.nasdaq.com/api/quote/DIA/historical?assetclass=etf&fromdate=2016-07-26&todate=2026-07-26&limit=5000
DIA,2024-06-25,393.56,394.1055,389.82,391.02,2923874,,https://api.nasdaq.com/api/quote/DIA/historical?assetclass=etf&fromdate=2016-07-26&todate=2026-07-26&limit=5000
DIA,2024-06-26,390.09,391.73,389.01,391.24,1501877,,https://api.nasdaq.com/api/quote/DIA/historical?assetclass=etf&fromdate=2016-07-26&todate=2026-07-26&limit=5000
DIA,2024-06-27,390.61,392.39,390.156,391.56,1601054,,https://api.nasdaq.com/api/quote/DIA/historical?assetclass=etf&fromdate=2016-07-26&todate=2026-07-26&limit=5000
DIA,2024-06-28,391.37,394.3199,389.2,391.13,3624358,,https://api.nasdaq.com/api/quote/DIA/historical?assetclass=etf&fromdate=2016-07-26&todate=2026-07-26&limit=5000
DIA,2024-07-01,392.08,394.29,390.26,391.46,2536492,,https://api.nasdaq.com/api/quote/DIA/historical?assetclass=etf&fromdate=2016-07-26&todate=2026-07-26&limit=5000
DIA,2024-07-02,390.79,393.29,390.69,393.29,1711557,,https://api.nasdaq.com/api/quote/DIA/historical?assetclass=etf&fromdate=2016-07-26&todate=2026-07-26&limit=5000
DIA,2024-07-03,393.73,394.055,392.1401,392.83,2319124,,https://api.nasdaq.com/api/quote/DIA/historical?assetclass=etf&fromdate=2016-07-26&todate=2026-07-26&limit=5000
DIA,2024-07-05,393.19,394,391.65,393.7,2011070,,https://api.nasdaq.com/api/quote/DIA/historical?assetclass=etf&fromdate=2016-07-26&todate=2026-07-26&limit=5000
DIA,2024-07-08,394.41,396.732,392.78,393.46,3374525,,https://api.nasdaq.com/api/quote/DIA/historical?assetclass=etf&fromdate=2016-07-26&todate=2026-07-26&limit=5000
DIA,2024-07-09,393.22,395.04,391.47,392.94,3826722,,https://api.nasdaq.com/api/quote/DIA/historical?assetclass=etf&fromdate=2016-07-26&todate=2026-07-26&limit=5000
DIA,2024-07-10,392.94,397.46,392.6303,397.26,4234313,,https://api.nasdaq.com/api/quote/DIA/historical?assetclass=etf&fromdate=2016-07-26&todate=2026-07-26&limit=5000
DIA,2024-07-11,397.5,398.89,396.31,397.63,4027421,,https://api.nasdaq.com/api/quote/DIA/historical?assetclass=etf&fromdate=2016-07-26&todate=2026-07-26&limit=5000
DIA,2024-07-12,398.86,402.69,398.12,400.32,4711778,,https://api.nasdaq.com/api/quote/DIA/historical?assetclass=etf&fromdate=2016-07-26&todate=2026-07-26&limit=5000
DIA,2024-07-15,402.47,403.58,401.4,402.36,4433484,,https://api.nasdaq.com/api/quote/DIA/historical?assetclass=etf&fromdate=2016-07-26&todate=2026-07-26&limit=5000
DIA,2024-07-16,403.86,409.985,403.85,409.66,6547601,,https://api.nasdaq.com/api/quote/DIA/historical?assetclass=etf&fromdate=2016-07-26&todate=2026-07-26&limit=5000
DIA,2024-07-17,408.56,412.34,408.56,411.93,4490623,,https://api.nasdaq.com/api/quote/DIA/historical?assetclass=etf&fromdate=2016-07-26&todate=2026-07-26&limit=5000
DIA,2024-07-18,410.68,413.86,406.05,406.72,4922194,,https://api.nasdaq.com/api/quote/DIA/historical?assetclass=etf&fromdate=2016-07-26&todate=2026-07-26&limit=5000
DIA,2024-07-19,405.37,406.06,401.95,402.95,4284514,,https://api.nasdaq.com/api/quote/DIA/historical?assetclass=etf&fromdate=2016-07-26&todate=2026-07-26&limit=5000
DIA,2024-07-22,404.04,404.73,402.22,404.15,2313989,,https://api.nasdaq.com/api/quote/DIA/historical?assetclass=etf&fromdate=2016-07-26&todate=2026-07-26&limit=5000
DIA,2024-07-23,404.29,405.29,403.22,403.49,1693478,,https://api.nasdaq.com/api/quote/DIA/historical?assetclass=etf&fromdate=2016-07-26&todate=2026-07-26&limit=5000
DIA,2024-07-24,401.73,402.63,398.08,398.67,3701277,,https://api.nasdaq.com/api/quote/DIA/historical?assetclass=etf&fromdate=2016-07-26&todate=2026-07-26&limit=5000
DIA,2024-07-25,398.63,404.39,398.3713,399.49,4179842,,https://api.nasdaq.com/api/quote/DIA/historical?assetclass=etf&fromdate=2016-07-26&todate=2026-07-26&limit=5000
DIA,2024-07-26,401.81,407.617,401.71,405.97,2810634,,https://api.nasdaq.com/api/quote/DIA/historical?assetclass=etf&fromdate=2016-07-26&todate=2026-07-26&limit=5000
DIA,2024-07-29,406.86,407,403.96,405.51,2039018,,https://api.nasdaq.com/api/quote/DIA/historical?assetclass=etf&fromdate=2016-07-26&todate=2026-07-26&limit=5000
DIA,2024-07-30,405.87,408.72,405.28,407.41,2576403,,https://api.nasdaq.com/api/quote/DIA/historical?assetclass=etf&fromdate=2016-07-26&todate=2026-07-26&limit=5000
DIA,2024-07-31,407.46,412.01,406.49,408.49,5634760,,https://api.nasdaq.com/api/quote/DIA/historical?assetclass=etf&fromdate=2016-07-26&todate=2026-07-26&limit=5000
DIA,2024-08-01,409.7,410.93,400.96,403.23,5497860,,https://api.nasdaq.com/api/quote/DIA/historical?assetclass=etf&fromdate=2016-07-26&todate=2026-07-26&limit=5000
DIA,2024-08-02,399.93,400.38,393.56,397.13,4844932,,https://api.nasdaq.com/api/quote/DIA/historical?assetclass=etf&fromdate=2016-07-26&todate=2026-07-26&limit=5000
DIA,2024-08-05,386.515,390.3,384.9309,386.81,8680170,,https://api.nasdaq.com/api/quote/DIA/historical?assetclass=etf&fromdate=2016-07-26&todate=2026-07-26&limit=5000
DIA,2024-08-06,387.56,394.52,386.26,389.96,4058038,,https://api.nasdaq.com/api/quote/DIA/historical?assetclass=etf&fromdate=2016-07-26&todate=2026-07-26&limit=5000
DIA,2024-08-07,392.63,394.79,387.2796,387.77,3969365,,https://api.nasdaq.com/api/quote/DIA/historical?assetclass=etf&fromdate=2016-07-26&todate=2026-07-26&limit=5000
DIA,2024-08-08,389.51,395.14,389.24,394.52,2993543,,https://api.nasdaq.com/api/quote/DIA/historical?assetclass=etf&fromdate=2016-07-26&todate=2026-07-26&limit=5000
DIA,2024-08-09,394.18,396.49,392.415,395.15,3380211,,https://api.nasdaq.com/api/quote/DIA/historical?assetclass=etf&fromdate=2016-07-26&todate=2026-07-26&limit=5000
DIA,2024-08-12,395.95,396.04,392.61,393.77,1902029,,https://api.nasdaq.com/api/quote/DIA/historical?assetclass=etf&fromdate=2016-07-26&todate=2026-07-26&limit=5000
DIA,2024-08-13,395.07,398.13,394.07,397.79,3510789,,https://api.nasdaq.com/api/quote/DIA/historical?assetclass=etf&fromdate=2016-07-26&todate=2026-07-26&limit=5000
DIA,2024-08-14,397.74,400.88,397.51,400.09,5230413,,https://api.nasdaq.com/api/quote/DIA/historical?assetclass=etf&fromdate=2016-07-26&todate=2026-07-26&limit=5000
DIA,2024-08-15,404.74,406.14,403.18,405.88,3764149,,https://api.nasdaq.com/api/quote/DIA/historical?assetclass=etf&fromdate=2016-07-26&todate=2026-07-26&limit=5000
DIA,2024-08-16,405.03,407.37,404.6,406.74,2789195,,https://api.nasdaq.com/api/quote/DIA/historical?assetclass=etf&fromdate=2016-07-26&todate=2026-07-26&limit=5000
DIA,2024-08-19,407.36,409.32,407.26,409.11,2012428,,https://api.nasdaq.com/api/quote/DIA/historical?assetclass=etf&fromdate=2016-07-26&todate=2026-07-26&limit=5000
DIA,2024-08-20,408.62,409.35,407.78,408.56,1999606,,https://api.nasdaq.com/api/quote/DIA/historical?assetclass=etf&fromdate=2016-07-26&todate=2026-07-26&limit=5000
DIA,2024-08-21,409.32,409.991,407.5901,408.99,1439005,,https://api.nasdaq.com/api/quote/DIA/historical?assetclass=etf&fromdate=2016-07-26&todate=2026-07-26&limit=5000
DIA,2024-08-22,409.7,410.5,406.02,407.48,2353499,,https://api.nasdaq.com/api/quote/DIA/historical?assetclass=etf&fromdate=2016-07-26&todate=2026-07-26&limit=5000
DIA,2024-08-23,409.29,412.32,408.56,411.83,3818288,,https://api.nasdaq.com/api/quote/DIA/historical?assetclass=etf&fromdate=2016-07-26&todate=2026-07-26&limit=5000
DIA,2024-08-26,412.64,414.515,411.6528,412.72,3144951,,https://api.nasdaq.com/api/quote/DIA/historical?assetclass=etf&fromdate=2016-07-26&todate=2026-07-26&limit=5000
DIA,2024-08-27,412.29,413.07,411.36,412.89,1710225,,https://api.nasdaq.com/api/quote/DIA/historical?assetclass=etf&fromdate=2016-07-26&todate=2026-07-26&limit=5000
DIA,2024-08-28,412.66,413.93,408.71,411.34,2732564,,https://api.nasdaq.com/api/quote/DIA/historical?assetclass=etf&fromdate=2016-07-26&todate=2026-07-26&limit=5000
DIA,2024-08-29,414.37,416.3,411.3,413.91,5024760,,https://api.nasdaq.com/api/quote/DIA/historical?assetclass=etf&fromdate=2016-07-26&todate=2026-07-26&limit=5000
DIA,2024-08-30,414.51,416.55,412.1212,416.21,2283768,,https://api.nasdaq.com/api/quote/DIA/historical?assetclass=etf&fromdate=2016-07-26&todate=2026-07-26&limit=5000
DIA,2024-09-03,414.19,415.18,408.62,410.25,3754717,,https://api.nasdaq.com/api/quote/DIA/historical?assetclass=etf&fromdate=2016-07-26&todate=2026-07-26&limit=5000
DIA,2024-09-04,409.97,412.5499,409.23,410.42,2131249,,https://api.nasdaq.com/api/quote/DIA/historical?assetclass=etf&fromdate=2016-07-26&todate=2026-07-26&limit=5000
DIA,2024-09-05,411.34,411.66,405.98,408.46,2234723,,https://api.nasdaq.com/api/quote/DIA/historical?assetclass=etf&fromdate=2016-07-26&todate=2026-07-26&limit=5000
DIA,2024-09-06,408.96,411,403.78,404.47,3350997,,https://api.nasdaq.com/api/quote/DIA/historical?assetclass=etf&fromdate=2016-07-26&todate=2026-07-26&limit=5000
DIA,2024-09-09,407.36,410.89,406.11,409.05,3038245,,https://api.nasdaq.com/api/quote/DIA/historical?assetclass=etf&fromdate=2016-07-26&todate=2026-07-26&limit=5000
DIA,2024-09-10,410.1,410.13,404.97,408.26,1970733,,https://api.nasdaq.com/api/quote/DIA/historical?assetclass=etf&fromdate=2016-07-26&todate=2026-07-26&limit=5000
DIA,2024-09-11,407.15,409.93,400.81,409.27,3134569,,https://api.nasdaq.com/api/quote/DIA/historical?assetclass=etf&fromdate=2016-07-26&todate=2026-07-26&limit=5000
DIA,2024-09-12,409.7,412,407.48,411.97,3132876,,https://api.nasdaq.com/api/quote/DIA/historical?assetclass=etf&fromdate=2016-07-26&todate=2026-07-26&limit=5000
DIA,2024-09-13,412.59,416.31,412.35,414.94,5210253,,https://api.nasdaq.com/api/quote/DIA/historical?assetclass=etf&fromdate=2016-07-26&todate=2026-07-26&limit=5000
DIA,2024-09-16,416.45,418.55,415.65,417.38,3881097,,https://api.nasdaq.com/api/quote/DIA/historical?assetclass=etf&fromdate=2016-07-26&todate=2026-07-26&limit=5000
DIA,2024-09-17,418.29,419.49,415.81,417.26,2561665,,https://api.nasdaq.com/api/quote/DIA/historical?assetclass=etf&fromdate=2016-07-26&todate=2026-07-26&limit=5000
DIA,2024-09-18,417.5,421,415.55,416.19,3173627,,https://api.nasdaq.com/api/quote/DIA/historical?assetclass=etf&fromdate=2016-07-26&todate=2026-07-26&limit=5000
DIA,2024-09-19,421.98,422.78,419.38,421.41,4073004,,https://api.nasdaq.com/api/quote/DIA/historical?assetclass=etf&fromdate=2016-07-26&todate=2026-07-26&limit=5000
DIA,2024-09-20,419.38,421.2988,418.5,420.57,2902184,,https://api.nasdaq.com/api/quote/DIA/historical?assetclass=etf&fromdate=2016-07-26&todate=2026-07-26&limit=5000
DIA,2024-09-23,421.12,421.7,420,421.11,2318707,,https://api.nasdaq.com/api/quote/DIA/historical?assetclass=etf&fromdate=2016-07-26&todate=2026-07-26&limit=5000
DIA,2024-09-24,421.67,422.65,420.38,422.13,2790689,,https://api.nasdaq.com/api/quote/DIA/historical?assetclass=etf&fromdate=2016-07-26&todate=2026-07-26&limit=5000
DIA,2024-09-25,422.44,422.94,418.38,419.12,2047993,,https://api.nasdaq.com/api/quote/DIA/historical?assetclass=etf&fromdate=2016-07-26&todate=2026-07-26&limit=5000
DIA,2024-09-26,421.24,422.12,420.2,421.62,2703650,,https://api.nasdaq.com/api/quote/DIA/historical?assetclass=etf&fromdate=2016-07-26&todate=2026-07-26&limit=5000
DIA,2024-09-27,422.59,426.2,422.24,422.95,3667678,,https://api.nasdaq.com/api/quote/DIA/historical?assetclass=etf&fromdate=2016-07-26&todate=2026-07-26&limit=5000
DIA,2024-09-30,422.42,423.3,419.08,423.12,3822989,,https://api.nasdaq.com/api/quote/DIA/historical?assetclass=etf&fromdate=2016-07-26&todate=2026-07-26&limit=5000
DIA,2024-10-01,422.42,423.15,419.29,421.5,5101268,,https://api.nasdaq.com/api/quote/DIA/historical?assetclass=etf&fromdate=2016-07-26&todate=2026-07-26&limit=5000
DIA,2024-10-02,421.83,422.5,419.58,421.91,2599556,,https://api.nasdaq.com/api/quote/DIA/historical?assetclass=etf&fromdate=2016-07-26&todate=2026-07-26&limit=5000
DIA,2024-10-03,420.34,421.1237,418.28,419.98,2534363,,https://api.nasdaq.com/api/quote/DIA/historical?assetclass=etf&fromdate=2016-07-26&todate=2026-07-26&limit=5000
DIA,2024-10-04,422.37,423.61,419.66,423.41,2522161,,https://api.nasdaq.com/api/quote/DIA/historical?assetclass=etf&fromdate=2016-07-26&todate=2026-07-26&limit=5000
DIA,2024-10-07,422.11,422.93,418.26,419.61,2632595,,https://api.nasdaq.com/api/quote/DIA/historical?assetclass=etf&fromdate=2016-07-26&todate=2026-07-26&limit=5000
DIA,2024-10-08,420.51,421.28,418.71,420.8,1872930,,https://api.nasdaq.com/api/quote/DIA/historical?assetclass=etf&fromdate=2016-07-26&todate=2026-07-26&limit=5000
DIA,2024-10-09,420.89,425.66,420.03,425.05,3935112,,https://api.nasdaq.com/api/quote/DIA/historical?assetclass=etf&fromdate=2016-07-26&todate=2026-07-26&limit=5000
DIA,2024-10-10,425,425.07,423.04,424.66,2178990,,https://api.nasdaq.com/api/quote/DIA/historical?assetclass=etf&fromdate=2016-07-26&todate=2026-07-26&limit=5000
DIA,2024-10-11,425.28,429.07,425.01,428.73,3753545,,https://api.nasdaq.com/api/quote/DIA/historical?assetclass=etf&fromdate=2016-07-26&todate=2026-07-26&limit=5000
DIA,2024-10-14,428.32,431.42,427.19,430.89,2180640,,https://api.nasdaq.com/api/quote/DIA/historical?assetclass=etf&fromdate=2016-07-26&todate=2026-07-26&limit=5000
DIA,2024-10-15,429.33,430.13,427.03,427.54,3291230,,https://api.nasdaq.com/api/quote/DIA/historical?assetclass=etf&fromdate=2016-07-26&todate=2026-07-26&limit=5000
DIA,2024-10-16,427.18,431.08,426.92,430.72,2583653,,https://api.nasdaq.com/api/quote/DIA/historical?assetclass=etf&fromdate=2016-07-26&todate=2026-07-26&limit=5000
DIA,2024-10-17,432.54,432.89,431.2,432.45,3462757,,https://api.nasdaq.com/api/quote/DIA/historical?assetclass=etf&fromdate=2016-07-26&todate=2026-07-26&limit=5000
DIA,2024-10-18,432.26,433.2,430.33,432.64,2303743,,https://api.nasdaq.com/api/quote/DIA/historical?assetclass=etf&fromdate=2016-07-26&todate=2026-07-26&limit=5000
DIA,2024-10-21,432.43,433.04,428.76,429.37,2702554,,https://api.nasdaq.com/api/quote/DIA/historical?assetclass=etf&fromdate=2016-07-26&todate=2026-07-26&limit=5000
DIA,2024-10-22,427.64,430.42,427.1596,429.31,2306146,,https://api.nasdaq.com/api/quote/DIA/historical?assetclass=etf&fromdate=2016-07-26&todate=2026-07-26&limit=5000
DIA,2024-10-23,427.03,427.7599,422.92,425.16,4006476,,https://api.nasdaq.com/api/quote/DIA/historical?assetclass=etf&fromdate=2016-07-26&todate=2026-07-26&limit=5000
DIA,2024-10-24,424.32,424.67,421.94,423.78,1936579,,https://api.nasdaq.com/api/quote/DIA/historical?assetclass=etf&fromdate=2016-07-26&todate=2026-07-26&limit=5000
DIA,2024-10-25,425.45,426,420.47,421.14,2518806,,https://api.nasdaq.com/api/quote/DIA/historical?assetclass=etf&fromdate=2016-07-26&todate=2026-07-26&limit=5000
DIA,2024-10-28,423.55,424.82,423.27,424.07,2912041,,https://api.nasdaq.com/api/quote/DIA/historical?assetclass=etf&fromdate=2016-07-26&todate=2026-07-26&limit=5000
DIA,2024-10-29,422.23,424.97,421.76,422.5,2697731,,https://api.nasdaq.com/api/quote/DIA/historical?assetclass=etf&fromdate=2016-07-26&todate=2026-07-26&limit=5000
DIA,2024-10-30,422.02,424.6501,421.45,421.75,2921224,,https://api.nasdaq.com/api/quote/DIA/historical?assetclass=etf&fromdate=2016-07-26&todate=2026-07-26&limit=5000
DIA,2024-10-31,419.23,419.93,417.02,417.67,4297147,,https://api.nasdaq.com/api/quote/DIA/historical?assetclass=etf&fromdate=2016-07-26&todate=2026-07-26&limit=5000
DIA,2024-11-01,419.67,423.2996,419.31,420.42,3856415,,https://api.nasdaq.com/api/quote/DIA/historical?assetclass=etf&fromdate=2016-07-26&todate=2026-07-26&limit=5000
DIA,2024-11-04,419.84,420.3,416.44,418.05,3125409,,https://api.nasdaq.com/api/quote/DIA/historical?assetclass=etf&fromdate=2016-07-26&todate=2026-07-26&limit=5000
DIA,2024-11-05,418.27,422.6199,417.71,422.3,3093111,,https://api.nasdaq.com/api/quote/DIA/historical?assetclass=etf&fromdate=2016-07-26&todate=2026-07-26&limit=5000
DIA,2024-11-06,434.66,437.785,433.71,437.23,7271813,,https://api.nasdaq.com/api/quote/DIA/historical?assetclass=etf&fromdate=2016-07-26&todate=2026-07-26&limit=5000
DIA,2024-11-07,437.53,438.2471,436.43,437.39,4267866,,https://api.nasdaq.com/api/quote/DIA/historical?assetclass=etf&fromdate=2016-07-26&todate=2026-07-26&limit=5000
DIA,2024-11-08,438.3,441.7,437.4,440.11,5014343,,https://api.nasdaq.com/api/quote/DIA/historical?assetclass=etf&fromdate=2016-07-26&todate=2026-07-26&limit=5000
DIA,2024-11-11,441.88,444.87,441.82,443.01,4065119,,https://api.nasdaq.com/api/quote/DIA/historical?assetclass=etf&fromdate=2016-07-26&todate=2026-07-26&limit=5000
DIA,2024-11-12,443.58,444.22,439.0501,439.39,3482998,,https://api.nasdaq.com/api/quote/DIA/historical?assetclass=etf&fromdate=2016-07-26&todate=2026-07-26&limit=5000
DIA,2024-11-13,439.91,441.55,438.44,439.81,2631015,,https://api.nasdaq.com/api/quote/DIA/historical?assetclass=etf&fromdate=2016-07-26&todate=2026-07-26&limit=5000
DIA,2024-11-14,440.59,440.94,437.101,437.7,2528346,,https://api.nasdaq.com/api/quote/DIA/historical?assetclass=etf&fromdate=2016-07-26&todate=2026-07-26&limit=5000
DIA,2024-11-15,435.84,436.51,433.52,434.51,3486886,,https://api.nasdaq.com/api/quote/DIA/historical?assetclass=etf&fromdate=2016-07-26&todate=2026-07-26&limit=5000
DIA,2024-11-18,434.17,435.33,433.19,434.19,2245512,,https://api.nasdaq.com/api/quote/DIA/historical?assetclass=etf&fromdate=2016-07-26&todate=2026-07-26&limit=5000
DIA,2024-11-19,430.73,434.12,429.6401,432.84,3202450,,https://api.nasdaq.com/api/quote/DIA/historical?assetclass=etf&fromdate=2016-07-26&todate=2026-07-26&limit=5000
DIA,2024-11-20,433.55,434.91,430.92,434.29,3955955,,https://api.nasdaq.com/api/quote/DIA/historical?assetclass=etf&fromdate=2016-07-26&todate=2026-07-26&limit=5000
DIA,2024-11-21,435.86,440.54,433.63,438.97,7557979,,https://api.nasdaq.com/api/quote/DIA/historical?assetclass=etf&fromdate=2016-07-26&todate=2026-07-26&limit=5000
DIA,2024-11-22,439.59,443.57,439.32,443.16,5492783,,https://api.nasdaq.com/api/quote/DIA/historical?assetclass=etf&fromdate=2016-07-26&todate=2026-07-26&limit=5000
DIA,2024-11-25,446.61,448.4,445.4,447.56,2976142,,https://api.nasdaq.com/api/quote/DIA/historical?assetclass=etf&fromdate=2016-07-26&todate=2026-07-26&limit=5000
DIA,2024-11-26,446.56,449.33,444.66,448.88,4126540,,https://api.nasdaq.com/api/quote/DIA/historical?assetclass=etf&fromdate=2016-07-26&todate=2026-07-26&limit=5000
DIA,2024-11-27,449.18,450.64,447.37,447.74,2985905,,https://api.nasdaq.com/api/quote/DIA/historical?assetclass=etf&fromdate=2016-07-26&todate=2026-07-26&limit=5000
DIA,2024-11-29,448.3,451.28,448.24,450.09,3474056,,https://api.nasdaq.com/api/quote/DIA/historical?assetclass=etf&fromdate=2016-07-26&todate=2026-07-26&limit=5000
DIA,2024-12-02,450.61,451,447.93,448.74,2661196,,https://api.nasdaq.com/api/quote/DIA/historical?assetclass=etf&fromdate=2016-07-26&todate=2026-07-26&limit=5000
DIA,2024-12-03,449.15,449.6,446.61,447.89,1697433,,https://api.nasdaq.com/api/quote/DIA/historical?assetclass=etf&fromdate=2016-07-26&todate=2026-07-26&limit=5000
DIA,2024-12-04,449.85,451.55,448.78,450.94,3694365,,https://api.nasdaq.com/api/quote/DIA/historical?assetclass=etf&fromdate=2016-07-26&todate=2026-07-26&limit=5000
DIA,2024-12-05,450.48,451.48,448.35,448.67,1917595,,https://api.nasdaq.com/api/quote/DIA/historical?assetclass=etf&fromdate=2016-07-26&todate=2026-07-26&limit=5000
DIA,2024-12-06,449.49,449.96,446.78,447.15,1974297,,https://api.nasdaq.com/api/quote/DIA/historical?assetclass=etf&fromdate=2016-07-26&todate=2026-07-26&limit=5000
DIA,2024-12-09,447.65,448.28,444.8005,445.08,1998597,,https://api.nasdaq.com/api/quote/DIA/historical?assetclass=etf&fromdate=2016-07-26&todate=2026-07-26&limit=5000
DIA,2024-12-10,444.51,445.8,442.95,443.69,2460960,,https://api.nasdaq.com/api/quote/DIA/historical?assetclass=etf&fromdate=2016-07-26&todate=2026-07-26&limit=5000
DIA,2024-12-11,444.11,444.74,442.38,442.51,2084329,,https://api.nasdaq.com/api/quote/DIA/historical?assetclass=etf&fromdate=2016-07-26&todate=2026-07-26&limit=5000
DIA,2024-12-12,442.49,443.12,440.0549,440.27,3585334,,https://api.nasdaq.com/api/quote/DIA/historical?assetclass=etf&fromdate=2016-07-26&todate=2026-07-26&limit=5000
DIA,2024-12-13,440.86,441.53,438.92,439.37,2548412,,https://api.nasdaq.com/api/quote/DIA/historical?assetclass=etf&fromdate=2016-07-26&todate=2026-07-26&limit=5000
DIA,2024-12-16,439.65,440.67,437.95,438.37,1987507,,https://api.nasdaq.com/api/quote/DIA/historical?assetclass=etf&fromdate=2016-07-26&todate=2026-07-26&limit=5000
DIA,2024-12-17,436.18,436.825,434.43,435.57,3130266,,https://api.nasdaq.com/api/quote/DIA/historical?assetclass=etf&fromdate=2016-07-26&todate=2026-07-26&limit=5000
DIA,2024-12-18,435.98,438.04,423.98,424.22,6135731,,https://api.nasdaq.com/api/quote/DIA/historical?assetclass=etf&fromdate=2016-07-26&todate=2026-07-26&limit=5000
DIA,2024-12-19,427.51,428.97,424.45,424.53,4947992,,https://api.nasdaq.com/api/quote/DIA/historical?assetclass=etf&fromdate=2016-07-26&todate=2026-07-26&limit=5000
DIA,2024-12-20,422.06,432.08,421.72,428.54,6069637,,https://api.nasdaq.com/api/quote/DIA/historical?assetclass=etf&fromdate=2016-07-26&todate=2026-07-26&limit=5000
DIA,2024-12-23,427.3,429.439,424.98,428.89,2602672,,https://api.nasdaq.com/api/quote/DIA/historical?assetclass=etf&fromdate=2016-07-26&todate=2026-07-26&limit=5000
DIA,2024-12-24,428.89,432.63,428.28,432.5,1431692,,https://api.nasdaq.com/api/quote/DIA/historical?assetclass=etf&fromdate=2016-07-26&todate=2026-07-26&limit=5000
DIA,2024-12-26,430.97,433.67,430.92,433.21,1869575,,https://api.nasdaq.com/api/quote/DIA/historical?assetclass=etf&fromdate=2016-07-26&todate=2026-07-26&limit=5000
DIA,2024-12-27,430.58,432.29,427.43,430,2429126,,https://api.nasdaq.com/api/quote/DIA/historical?assetclass=etf&fromdate=2016-07-26&todate=2026-07-26&limit=5000
DIA,2024-12-30,425.47,427.66,422.52,425.77,3858271,,https://api.nasdaq.com/api/quote/DIA/historical?assetclass=etf&fromdate=2016-07-26&todate=2026-07-26&limit=5000
DIA,2024-12-31,426.91,427.7399,424.035,425.5,2442722,,https://api.nasdaq.com/api/quote/DIA/historical?assetclass=etf&fromdate=2016-07-26&todate=2026-07-26&limit=5000
DIA,2025-01-02,428.34,428.96,421.59,423.8,4234923,,https://api.nasdaq.com/api/quote/DIA/historical?assetclass=etf&fromdate=2016-07-26&todate=2026-07-26&limit=5000
DIA,2025-01-03,425.85,427.77,424.2,427.16,2203508,,https://api.nasdaq.com/api/quote/DIA/historical?assetclass=etf&fromdate=2016-07-26&todate=2026-07-26&limit=5000
DIA,2025-01-06,428.86,431.12,426.08,427.13,3463299,,https://api.nasdaq.com/api/quote/DIA/historical?assetclass=etf&fromdate=2016-07-26&todate=2026-07-26&limit=5000
DIA,2025-01-07,428.9,429.32,423.86,425.33,2053905,,https://api.nasdaq.com/api/quote/DIA/historical?assetclass=etf&fromdate=2016-07-26&todate=2026-07-26&limit=5000
DIA,2025-01-08,425.41,426.56,423.26,426.13,2020174,,https://api.nasdaq.com/api/quote/DIA/historical?assetclass=etf&fromdate=2016-07-26&todate=2026-07-26&limit=5000
DIA,2025-01-10,424.28,424.33,418.8,419.33,3415503,,https://api.nasdaq.com/api/quote/DIA/historical?assetclass=etf&fromdate=2016-07-26&todate=2026-07-26&limit=5000
DIA,2025-01-13,418.76,423.24,418.51,422.96,2608118,,https://api.nasdaq.com/api/quote/DIA/historical?assetclass=etf&fromdate=2016-07-26&todate=2026-07-26&limit=5000
DIA,2025-01-14,424.88,425.51,421.55,425.15,2643309,,https://api.nasdaq.com/api/quote/DIA/historical?assetclass=etf&fromdate=2016-07-26&todate=2026-07-26&limit=5000
DIA,2025-01-15,431.56,433.28,430.5,432.24,4059801,,https://api.nasdaq.com/api/quote/DIA/historical?assetclass=etf&fromdate=2016-07-26&todate=2026-07-26&limit=5000
DIA,2025-01-16,432.09,432.91,430.76,431.56,2532462,,https://api.nasdaq.com/api/quote/DIA/historical?assetclass=etf&fromdate=2016-07-26&todate=2026-07-26&limit=5000
DIA,2025-01-17,434.54,436.39,433.97,434.72,2771044,,https://api.nasdaq.com/api/quote/DIA/historical?assetclass=etf&fromdate=2016-07-26&todate=2026-07-26&limit=5000
DIA,2025-01-21,436.35,440.43,436.31,440.1,2113769,,https://api.nasdaq.com/api/quote/DIA/historical?assetclass=etf&fromdate=2016-07-26&todate=2026-07-26&limit=5000
DIA,2025-01-22,441.49,442,440.3501,441.28,3724065,,https://api.nasdaq.com/api/quote/DIA/historical?assetclass=etf&fromdate=2016-07-26&todate=2026-07-26&limit=5000
DIA,2025-01-23,441.52,445.45,441.52,445.38,2352493,,https://api.nasdaq.com/api/quote/DIA/historical?assetclass=etf&fromdate=2016-07-26&todate=2026-07-26&limit=5000
DIA,2025-01-24,444.8,445.48,443.34,444.12,2022306,,https://api.nasdaq.com/api/quote/DIA/historical?assetclass=etf&fromdate=2016-07-26&todate=2026-07-26&limit=5000
DIA,2025-01-27,440.64,447.31,440.54,447.12,3822372,,https://api.nasdaq.com/api/quote/DIA/historical?assetclass=etf&fromdate=2016-07-26&todate=2026-07-26&limit=5000
DIA,2025-01-28,447.2,449.74,446.18,448.41,2233472,,https://api.nasdaq.com/api/quote/DIA/historical?assetclass=etf&fromdate=2016-07-26&todate=2026-07-26&limit=5000
DIA,2025-01-29,448.21,449.61,445.768,447.18,2225147,,https://api.nasdaq.com/api/quote/DIA/historical?assetclass=etf&fromdate=2016-07-26&todate=2026-07-26&limit=5000
DIA,2025-01-30,446.54,450.11,446.35,448.82,2322567,,https://api.nasdaq.com/api/quote/DIA/historical?assetclass=etf&fromdate=2016-07-26&todate=2026-07-26&limit=5000
DIA,2025-01-31,450.03,450.36,445.04,445.39,3087430,,https://api.nasdaq.com/api/quote/DIA/historical?assetclass=etf&fromdate=2016-07-26&todate=2026-07-26&limit=5000
DIA,2025-02-03,439.61,445.895,438.7,444.27,4527691,,https://api.nasdaq.com/api/quote/DIA/historical?assetclass=etf&fromdate=2016-07-26&todate=2026-07-26&limit=5000
DIA,2025-02-04,444.23,446,443.27,445.53,1890532,,https://api.nasdaq.com/api/quote/DIA/historical?assetclass=etf&fromdate=2016-07-26&todate=2026-07-26&limit=5000
DIA,2025-02-05,445.72,448.8499,443.41,448.67,2273413,,https://api.nasdaq.com/api/quote/DIA/historical?assetclass=etf&fromdate=2016-07-26&todate=2026-07-26&limit=5000
DIA,2025-02-06,449.35,449.73,445.39,447.36,1867218,,https://api.nasdaq.com/api/quote/DIA/historical?assetclass=etf&fromdate=2016-07-26&todate=2026-07-26&limit=5000
DIA,2025-02-07,447.78,448.49,442.8,443.12,2259216,,https://api.nasdaq.com/api/quote/DIA/historical?assetclass=etf&fromdate=2016-07-26&todate=2026-07-26&limit=5000
DIA,2025-02-10,445.82,446.27,443.1,444.78,1858118,,https://api.nasdaq.com/api/quote/DIA/historical?assetclass=etf&fromdate=2016-07-26&todate=2026-07-26&limit=5000
DIA,2025-02-11,443.34,446.54,443.2347,446.11,1436190,,https://api.nasdaq.com/api/quote/DIA/historical?assetclass=etf&fromdate=2016-07-26&todate=2026-07-26&limit=5000
DIA,2025-02-12,442.34,444.79,441.07,443.63,2444480,,https://api.nasdaq.com/api/quote/DIA/historical?assetclass=etf&fromdate=2016-07-26&todate=2026-07-26&limit=5000
DIA,2025-02-13,445.33,447.85,443.7,447.26,2961542,,https://api.nasdaq.com/api/quote/DIA/historical?assetclass=etf&fromdate=2016-07-26&todate=2026-07-26&limit=5000
DIA,2025-02-14,447.1,448.0387,445.35,445.79,2005431,,https://api.nasdaq.com/api/quote/DIA/historical?assetclass=etf&fromdate=2016-07-26&todate=2026-07-26&limit=5000
DIA,2025-02-18,445.28,446,443.63,445.92,2451246,,https://api.nasdaq.com/api/quote/DIA/historical?assetclass=etf&fromdate=2016-07-26&todate=2026-07-26&limit=5000
DIA,2025-02-19,444.78,446.8,443.55,446.67,2239430,,https://api.nasdaq.com/api/quote/DIA/historical?assetclass=etf&fromdate=2016-07-26&todate=2026-07-26&limit=5000
DIA,2025-02-20,445.27,445.56,439.965,442.39,2959978,,https://api.nasdaq.com/api/quote/DIA/historical?assetclass=etf&fromdate=2016-07-26&todate=2026-07-26&limit=5000
DIA,2025-02-21,439.1,439.39,433.3504,434.15,3842204,,https://api.nasdaq.com/api/quote/DIA/historical?assetclass=etf&fromdate=2016-07-26&todate=2026-07-26&limit=5000
DIA,2025-02-24,435.83,436.9,433.345,434.53,3629338,,https://api.nasdaq.com/api/quote/DIA/historical?assetclass=etf&fromdate=2016-07-26&todate=2026-07-26&limit=5000
DIA,2025-02-25,435.535,437.54,432.6518,436.13,2953060,,https://api.nasdaq.com/api/quote/DIA/historical?assetclass=etf&fromdate=2016-07-26&todate=2026-07-26&limit=5000
DIA,2025-02-26,436.44,438.52,433,434.34,2427844,,https://api.nasdaq.com/api/quote/DIA/historical?assetclass=etf&fromdate=2016-07-26&todate=2026-07-26&limit=5000
DIA,2025-02-27,434.44,438.75,432.1,432.35,3296871,,https://api.nasdaq.com/api/quote/DIA/historical?assetclass=etf&fromdate=2016-07-26&todate=2026-07-26&limit=5000
DIA,2025-02-28,433.06,438.82,431.02,438.37,3249923,,https://api.nasdaq.com/api/quote/DIA/historical?assetclass=etf&fromdate=2016-07-26&todate=2026-07-26&limit=5000
DIA,2025-03-03,439.54,440.69,429.4763,432.09,3925156,,https://api.nasdaq.com/api/quote/DIA/historical?assetclass=etf&fromdate=2016-07-26&todate=2026-07-26&limit=5000
DIA,2025-03-04,429.68,431.089,423.85,425.57,3586896,,https://api.nasdaq.com/api/quote/DIA/historical?assetclass=etf&fromdate=2016-07-26&todate=2026-07-26&limit=5000
DIA,2025-03-05,425.21,431.6,424.4468,430.47,3018256,,https://api.nasdaq.com/api/quote/DIA/historical?assetclass=etf&fromdate=2016-07-26&todate=2026-07-26&limit=5000
DIA,2025-03-06,426.17,430.12,424.0432,425.9,2824083,,https://api.nasdaq.com/api/quote/DIA/historical?assetclass=etf&fromdate=2016-07-26&todate=2026-07-26&limit=5000
DIA,2025-03-07,424.1,429.32,421.98,428.26,3719528,,https://api.nasdaq.com/api/quote/DIA/historical?assetclass=etf&fromdate=2016-07-26&todate=2026-07-26&limit=5000
DIA,2025-03-10,423.39,426.05,416.62,419.49,3442821,,https://api.nasdaq.com/api/quote/DIA/historical?assetclass=etf&fromdate=2016-07-26&todate=2026-07-26&limit=5000
DIA,2025-03-11,418.47,419.03,412.25,414.74,3893357,,https://api.nasdaq.com/api/quote/DIA/historical?assetclass=etf&fromdate=2016-07-26&todate=2026-07-26&limit=5000
DIA,2025-03-12,416.96,417.57,410.56,413.95,2960538,,https://api.nasdaq.com/api/quote/DIA/historical?assetclass=etf&fromdate=2016-07-26&todate=2026-07-26&limit=5000
DIA,2025-03-13,413.35,414.19,407.25,408.78,2557224,,https://api.nasdaq.com/api/quote/DIA/historical?assetclass=etf&fromdate=2016-07-26&todate=2026-07-26&limit=5000
DIA,2025-03-14,410.83,415.91,409.91,415.36,2422739,,https://api.nasdaq.com/api/quote/DIA/historical?assetclass=etf&fromdate=2016-07-26&todate=2026-07-26&limit=5000
DIA,2025-03-17,414.94,420.7803,414.84,419.21,2140987,,https://api.nasdaq.com/api/quote/DIA/historical?assetclass=etf&fromdate=2016-07-26&todate=2026-07-26&limit=5000
DIA,2025-03-18,418.42,418.67,414.88,416.53,1844136,,https://api.nasdaq.com/api/quote/DIA/historical?assetclass=etf&fromdate=2016-07-26&todate=2026-07-26&limit=5000
DIA,2025-03-19,417.61,422.493,416.8007,420.42,1813839,,https://api.nasdaq.com/api/quote/DIA/historical?assetclass=etf&fromdate=2016-07-26&todate=2026-07-26&limit=5000
DIA,2025-03-20,417.92,423.14,417.64,420.12,1646459,,https://api.nasdaq.com/api/quote/DIA/historical?assetclass=etf&fromdate=2016-07-26&todate=2026-07-26&limit=5000
DIA,2025-03-21,416.05,420.005,414.19,419.62,2486041,,https://api.nasdaq.com/api/quote/DIA/historical?assetclass=etf&fromdate=2016-07-26&todate=2026-07-26&limit=5000
DIA,2025-03-24,423.35,426.23,422.785,425.49,2474881,,https://api.nasdaq.com/api/quote/DIA/historical?assetclass=etf&fromdate=2016-07-26&todate=2026-07-26&limit=5000
DIA,2025-03-25,426.32,426.84,424.36,425.82,3997626,,https://api.nasdaq.com/api/quote/DIA/historical?assetclass=etf&fromdate=2016-07-26&todate=2026-07-26&limit=5000
DIA,2025-03-26,426.33,428.14,423.14,424.23,2444349,,https://api.nasdaq.com/api/quote/DIA/historical?assetclass=etf&fromdate=2016-07-26&todate=2026-07-26&limit=5000
DIA,2025-03-27,423.68,425.09,421.455,422.94,1645967,,https://api.nasdaq.com/api/quote/DIA/historical?assetclass=etf&fromdate=2016-07-26&todate=2026-07-26&limit=5000
DIA,2025-03-28,421.98,422.38,415.2,415.62,2600579,,https://api.nasdaq.com/api/quote/DIA/historical?assetclass=etf&fromdate=2016-07-26&todate=2026-07-26&limit=5000
DIA,2025-03-31,412.2,421.36,411.4366,419.88,2985264,,https://api.nasdaq.com/api/quote/DIA/historical?assetclass=etf&fromdate=2016-07-26&todate=2026-07-26&limit=5000
DIA,2025-04-01,418.41,421.2845,415,419.59,2384809,,https://api.nasdaq.com/api/quote/DIA/historical?assetclass=etf&fromdate=2016-07-26&todate=2026-07-26&limit=5000
DIA,2025-04-02,416.37,423.65,416.18,422.03,2299827,,https://api.nasdaq.com/api/quote/DIA/historical?assetclass=etf&fromdate=2016-07-26&todate=2026-07-26&limit=5000
DIA,2025-04-03,410.92,411.61,404.995,405.22,7440084,,https://api.nasdaq.com/api/quote/DIA/historical?assetclass=etf&fromdate=2016-07-26&todate=2026-07-26&limit=5000
DIA,2025-04-04,394.93,396.65,382.68,383.22,8667239,,https://api.nasdaq.com/api/quote/DIA/historical?assetclass=etf&fromdate=2016-07-26&todate=2026-07-26&limit=5000
DIA,2025-04-07,371.38,392.21,366.32,379.57,12718200,,https://api.nasdaq.com/api/quote/DIA/historical?assetclass=etf&fromdate=2016-07-26&todate=2026-07-26&limit=5000
DIA,2025-04-08,393.475,394.36,371.03,376.48,7282963,,https://api.nasdaq.com/api/quote/DIA/historical?assetclass=etf&fromdate=2016-07-26&todate=2026-07-26&limit=5000
DIA,2025-04-09,372.04,407.79,372.04,406.08,9861130,,https://api.nasdaq.com/api/quote/DIA/historical?assetclass=etf&fromdate=2016-07-26&todate=2026-07-26&limit=5000
DIA,2025-04-10,399.6,400.19,384.31,395.68,6624236,,https://api.nasdaq.com/api/quote/DIA/historical?assetclass=etf&fromdate=2016-07-26&todate=2026-07-26&limit=5000
DIA,2025-04-11,394.44,404.09,392.69,401.91,3789884,,https://api.nasdaq.com/api/quote/DIA/historical?assetclass=etf&fromdate=2016-07-26&todate=2026-07-26&limit=5000
DIA,2025-04-14,407.48,407.86,401.71,405.42,2286204,,https://api.nasdaq.com/api/quote/DIA/historical?assetclass=etf&fromdate=2016-07-26&todate=2026-07-26&limit=5000
DIA,2025-04-15,405.79,408.02,403.53,403.71,2387293,,https://api.nasdaq.com/api/quote/DIA/historical?assetclass=etf&fromdate=2016-07-26&todate=2026-07-26&limit=5000
DIA,2025-04-16,402.31,404.29,394.04,396.77,3004415,,https://api.nasdaq.com/api/quote/DIA/historical?assetclass=etf&fromdate=2016-07-26&todate=2026-07-26&limit=5000
DIA,2025-04-17,391.48,394.415,389.51,391.36,4537456,,https://api.nasdaq.com/api/quote/DIA/historical?assetclass=etf&fromdate=2016-07-26&todate=2026-07-26&limit=5000
DIA,2025-04-21,388.46,388.7,378.35,381.62,2881801,,https://api.nasdaq.com/api/quote/DIA/historical?assetclass=etf&fromdate=2016-07-26&todate=2026-07-26&limit=5000
DIA,2025-04-22,386.07,392.66,385.2,391.87,3308116,,https://api.nasdaq.com/api/quote/DIA/historical?assetclass=etf&fromdate=2016-07-26&todate=2026-07-26&limit=5000
DIA,2025-04-23,399.29,403.75,394.9,395.91,4049198,,https://api.nasdaq.com/api/quote/DIA/historical?assetclass=etf&fromdate=2016-07-26&todate=2026-07-26&limit=5000
DIA,2025-04-24,395.51,401.68,393.8,400.98,4010459,,https://api.nasdaq.com/api/quote/DIA/historical?assetclass=etf&fromdate=2016-07-26&todate=2026-07-26&limit=5000
DIA,2025-04-25,399.88,401.365,397.14,401.02,1790787,,https://api.nasdaq.com/api/quote/DIA/historical?assetclass=etf&fromdate=2016-07-26&todate=2026-07-26&limit=5000
DIA,2025-04-28,401.8,404.17,398.72,402.27,1534705,,https://api.nasdaq.com/api/quote/DIA/historical?assetclass=etf&fromdate=2016-07-26&todate=2026-07-26&limit=5000
DIA,2025-04-29,402.4,406.315,402.2,405.21,1888093,,https://api.nasdaq.com/api/quote/DIA/historical?assetclass=etf&fromdate=2016-07-26&todate=2026-07-26&limit=5000
DIA,2025-04-30,402.43,407.78,397.41,406.34,2487378,,https://api.nasdaq.com/api/quote/DIA/historical?assetclass=etf&fromdate=2016-07-26&todate=2026-07-26&limit=5000
DIA,2025-05-01,408.55,410.93,407.02,407.42,1917616,,https://api.nasdaq.com/api/quote/DIA/historical?assetclass=etf&fromdate=2016-07-26&todate=2026-07-26&limit=5000
DIA,2025-05-02,411.78,413.87,410.33,413.04,2277654,,https://api.nasdaq.com/api/quote/DIA/historical?assetclass=etf&fromdate=2016-07-26&todate=2026-07-26&limit=5000
DIA,2025-05-05,410.82,414.44,410.46,412.26,3866016,,https://api.nasdaq.com/api/quote/DIA/historical?assetclass=etf&fromdate=2016-07-26&todate=2026-07-26&limit=5000
DIA,2025-05-06,408.47,411.74,407.51,408.24,1745633,,https://api.nasdaq.com/api/quote/DIA/historical?assetclass=etf&fromdate=2016-07-26&todate=2026-07-26&limit=5000
DIA,2025-05-07,409.86,412.8,408.15,411.05,2421805,,https://api.nasdaq.com/api/quote/DIA/historical?assetclass=etf&fromdate=2016-07-26&todate=2026-07-26&limit=5000
DIA,2025-05-08,413.1,417.745,411.57,413.88,2001047,,https://api.nasdaq.com/api/quote/DIA/historical?assetclass=etf&fromdate=2016-07-26&todate=2026-07-26&limit=5000
DIA,2025-05-09,414.44,415.17,411.57,412.42,1789232,,https://api.nasdaq.com/api/quote/DIA/historical?assetclass=etf&fromdate=2016-07-26&todate=2026-07-26&limit=5000
DIA,2025-05-12,422.96,424.3,421.09,424.23,2398556,,https://api.nasdaq.com/api/quote/DIA/historical?assetclass=etf&fromdate=2016-07-26&todate=2026-07-26&limit=5000
DIA,2025-05-13,422.68,423.99,421.42,421.51,3018020,,https://api.nasdaq.com/api/quote/DIA/historical?assetclass=etf&fromdate=2016-07-26&todate=2026-07-26&limit=5000
DIA,2025-05-14,422.08,422.66,419.61,420.55,3064821,,https://api.nasdaq.com/api/quote/DIA/historical?assetclass=etf&fromdate=2016-07-26&todate=2026-07-26&limit=5000
DIA,2025-05-15,418.54,423.68,418.49,423.48,3927032,,https://api.nasdaq.com/api/quote/DIA/historical?assetclass=etf&fromdate=2016-07-26&todate=2026-07-26&limit=5000
DIA,2025-05-16,423.74,426.7762,422.5,426.55,2430329,,https://api.nasdaq.com/api/quote/DIA/historical?assetclass=etf&fromdate=2016-07-26&todate=2026-07-26&limit=5000
DIA,2025-05-19,423.7,428.655,423.63,428.04,3121517,,https://api.nasdaq.com/api/quote/DIA/historical?assetclass=etf&fromdate=2016-07-26&todate=2026-07-26&limit=5000
DIA,2025-05-20,427.4,428.2,425.03,426.97,1970965,,https://api.nasdaq.com/api/quote/DIA/historical?assetclass=etf&fromdate=2016-07-26&todate=2026-07-26&limit=5000
DIA,2025-05-21,423.09,424.57,418.09,418.75,3624765,,https://api.nasdaq.com/api/quote/DIA/historical?assetclass=etf&fromdate=2016-07-26&todate=2026-07-26&limit=5000
DIA,2025-05-22,417.87,421.15,417.37,418.82,2638591,,https://api.nasdaq.com/api/quote/DIA/historical?assetclass=etf&fromdate=2016-07-26&todate=2026-07-26&limit=5000
DIA,2025-05-23,413.935,418.17,413.83,416.33,3117772,,https://api.nasdaq.com/api/quote/DIA/historical?assetclass=etf&fromdate=2016-07-26&todate=2026-07-26&limit=5000
DIA,2025-05-27,420.7,423.86,419.19,423.85,3126608,,https://api.nasdaq.com/api/quote/DIA/historical?assetclass=etf&fromdate=2016-07-26&todate=2026-07-26&limit=5000
DIA,2025-05-28,423.73,424.83,420.7447,421.42,1790927,,https://api.nasdaq.com/api/quote/DIA/historical?assetclass=etf&fromdate=2016-07-26&todate=2026-07-26&limit=5000
DIA,2025-05-29,422.46,423.02,418.58,422.46,2753800,,https://api.nasdaq.com/api/quote/DIA/historical?assetclass=etf&fromdate=2016-07-26&todate=2026-07-26&limit=5000
DIA,2025-05-30,422.16,424.27,419.51,422.85,2957485,,https://api.nasdaq.com/api/quote/DIA/historical?assetclass=etf&fromdate=2016-07-26&todate=2026-07-26&limit=5000
DIA,2025-06-02,421.31,423.85,419.08,423.71,2636116,,https://api.nasdaq.com/api/quote/DIA/historical?assetclass=etf&fromdate=2016-07-26&todate=2026-07-26&limit=5000
DIA,2025-06-03,423.07,426.37,422.47,426.01,2332639,,https://api.nasdaq.com/api/quote/DIA/historical?assetclass=etf&fromdate=2016-07-26&todate=2026-07-26&limit=5000
DIA,2025-06-04,426.38,427.16,424.86,424.94,2163286,,https://api.nasdaq.com/api/quote/DIA/historical?assetclass=etf&fromdate=2016-07-26&todate=2026-07-26&limit=5000
DIA,2025-06-05,425.945,426.82,422.86,423.97,3045541,,https://api.nasdaq.com/api/quote/DIA/historical?assetclass=etf&fromdate=2016-07-26&todate=2026-07-26&limit=5000
DIA,2025-06-06,427.78,430.09,426.55,428.38,3081395,,https://api.nasdaq.com/api/quote/DIA/historical?assetclass=etf&fromdate=2016-07-26&todate=2026-07-26&limit=5000
DIA,2025-06-09,428.52,429.72,426.43,428.36,2680153,,https://api.nasdaq.com/api/quote/DIA/historical?assetclass=etf&fromdate=2016-07-26&todate=2026-07-26&limit=5000
DIA,2025-06-10,428.265,430.1,427.87,429.61,2022579,,https://api.nasdaq.com/api/quote/DIA/historical?assetclass=etf&fromdate=2016-07-26&todate=2026-07-26&limit=5000
DIA,2025-06-11,429.86,432.06,428.1701,429.6,3024990,,https://api.nasdaq.com/api/quote/DIA/historical?assetclass=etf&fromdate=2016-07-26&todate=2026-07-26&limit=5000
DIA,2025-06-12,428.2,430.55,426.97,430.49,2587726,,https://api.nasdaq.com/api/quote/DIA/historical?assetclass=etf&fromdate=2016-07-26&todate=2026-07-26&limit=5000
DIA,2025-06-13,426.11,426.92,421.6,422.81,4826106,,https://api.nasdaq.com/api/quote/DIA/historical?assetclass=etf&fromdate=2016-07-26&todate=2026-07-26&limit=5000
DIA,2025-06-16,425.05,428.2,424.88,426.28,3177117,,https://api.nasdaq.com/api/quote/DIA/historical?assetclass=etf&fromdate=2016-07-26&todate=2026-07-26&limit=5000
DIA,2025-06-17,424.46,426.42,422.355,423.11,2450203,,https://api.nasdaq.com/api/quote/DIA/historical?assetclass=etf&fromdate=2016-07-26&todate=2026-07-26&limit=5000
DIA,2025-06-18,423.67,426.21,422.23,422.84,2786662,,https://api.nasdaq.com/api/quote/DIA/historical?assetclass=etf&fromdate=2016-07-26&todate=2026-07-26&limit=5000
DIA,2025-06-20,423.37,424.15,420.72,421.76,3810581,,https://api.nasdaq.com/api/quote/DIA/historical?assetclass=etf&fromdate=2016-07-26&todate=2026-07-26&limit=5000
DIA,2025-06-23,422,425.96,419.62,425.72,4314993,,https://api.nasdaq.com/api/quote/DIA/historical?assetclass=etf&fromdate=2016-07-26&todate=2026-07-26&limit=5000
DIA,2025-06-24,428.53,431.73,427.68,430.79,4958177,,https://api.nasdaq.com/api/quote/DIA/historical?assetclass=etf&fromdate=2016-07-26&todate=2026-07-26&limit=5000
DIA,2025-06-25,430.75,430.91,428.5107,429.86,3265488,,https://api.nasdaq.com/api/quote/DIA/historical?assetclass=etf&fromdate=2016-07-26&todate=2026-07-26&limit=5000
DIA,2025-06-26,430.82,434.19,430.8,433.93,2444826,,https://api.nasdaq.com/api/quote/DIA/historical?assetclass=etf&fromdate=2016-07-26&todate=2026-07-26&limit=5000
DIA,2025-06-27,435.15,439.5599,435.1,438,3620975,,https://api.nasdaq.com/api/quote/DIA/historical?assetclass=etf&fromdate=2016-07-26&todate=2026-07-26&limit=5000
DIA,2025-06-30,440.45,441.26,438.66,440.65,2827785,,https://api.nasdaq.com/api/quote/DIA/historical?assetclass=etf&fromdate=2016-07-26&todate=2026-07-26&limit=5000
DIA,2025-07-01,440.19,445.9698,440,444.89,4520301,,https://api.nasdaq.com/api/quote/DIA/historical?assetclass=etf&fromdate=2016-07-26&todate=2026-07-26&limit=5000
DIA,2025-07-02,444.68,445.4,443.37,444.71,3141705,,https://api.nasdaq.com/api/quote/DIA/historical?assetclass=etf&fromdate=2016-07-26&todate=2026-07-26&limit=5000
DIA,2025-07-03,445.67,448.86,445.57,448.09,2807079,,https://api.nasdaq.com/api/quote/DIA/historical?assetclass=etf&fromdate=2016-07-26&todate=2026-07-26&limit=5000
DIA,2025-07-07,447.38,447.84,441.56,444,3657454,,https://api.nasdaq.com/api/quote/DIA/historical?assetclass=etf&fromdate=2016-07-26&todate=2026-07-26&limit=5000
DIA,2025-07-08,443.69,444.38,442.05,442.38,3563168,,https://api.nasdaq.com/api/quote/DIA/historical?assetclass=etf&fromdate=2016-07-26&todate=2026-07-26&limit=5000
DIA,2025-07-09,444.39,445.6,442.28,444.52,3251947,,https://api.nasdaq.com/api/quote/DIA/historical?assetclass=etf&fromdate=2016-07-26&todate=2026-07-26&limit=5000
DIA,2025-07-10,444.38,447.81,443.7,446.5,2265474,,https://api.nasdaq.com/api/quote/DIA/historical?assetclass=etf&fromdate=2016-07-26&todate=2026-07-26&limit=5000
DIA,2025-07-11,443.67,444.46,442.76,443.57,3345528,,https://api.nasdaq.com/api/quote/DIA/historical?assetclass=etf&fromdate=2016-07-26&todate=2026-07-26&limit=5000
DIA,2025-07-14,443.11,444.76,442.475,444.58,2244693,,https://api.nasdaq.com/api/quote/DIA/historical?assetclass=etf&fromdate=2016-07-26&todate=2026-07-26&limit=5000
DIA,2025-07-15,444.58,445.17,440.14,440.15,3810728,,https://api.nasdaq.com/api/quote/DIA/historical?assetclass=etf&fromdate=2016-07-26&todate=2026-07-26&limit=5000
DIA,2025-07-16,441.86,442.61,437.64,442.36,4230349,,https://api.nasdaq.com/api/quote/DIA/historical?assetclass=etf&fromdate=2016-07-26&todate=2026-07-26&limit=5000
DIA,2025-07-17,442.05,445.61,441.98,445.22,3790818,,https://api.nasdaq.com/api/quote/DIA/historical?assetclass=etf&fromdate=2016-07-26&todate=2026-07-26&limit=5000
DIA,2025-07-18,445.73,445.78,442.12,443.26,3901882,,https://api.nasdaq.com/api/quote/DIA/historical?assetclass=etf&fromdate=2016-07-26&todate=2026-07-26&limit=5000
DIA,2025-07-21,444.2,446.01,443.14,443.44,2548793,,https://api.nasdaq.com/api/quote/DIA/historical?assetclass=etf&fromdate=2016-07-26&todate=2026-07-26&limit=5000
DIA,2025-07-22,442.86,445.45,442.84,444.96,3091574,,https://api.nasdaq.com/api/quote/DIA/historical?assetclass=etf&fromdate=2016-07-26&todate=2026-07-26&limit=5000
DIA,2025-07-23,447.25,450.25,446.35,450.21,5486453,,https://api.nasdaq.com/api/quote/DIA/historical?assetclass=etf&fromdate=2016-07-26&todate=2026-07-26&limit=5000
DIA,2025-07-24,447.01,449.1299,446.75,447.11,5078312,,https://api.nasdaq.com/api/quote/DIA/historical?assetclass=etf&fromdate=2016-07-26&todate=2026-07-26&limit=5000
DIA,2025-07-25,447.53,449.41,446.4102,449.02,3710570,,https://api.nasdaq.com/api/quote/DIA/historical?assetclass=etf&fromdate=2016-07-26&todate=2026-07-26&limit=5000
DIA,2025-07-28,448.66,449.48,447.375,448.34,2864164,,https://api.nasdaq.com/api/quote/DIA/historical?assetclass=etf&fromdate=2016-07-26&todate=2026-07-26&limit=5000
DIA,2025-07-29,448.63,448.85,445.65,446.48,3146231,,https://api.nasdaq.com/api/quote/DIA/historical?assetclass=etf&fromdate=2016-07-26&todate=2026-07-26&limit=5000
DIA,2025-07-30,446.71,447.38,442.61,444.76,3765038,,https://api.nasdaq.com/api/quote/DIA/historical?assetclass=etf&fromdate=2016-07-26&todate=2026-07-26&limit=5000
DIA,2025-07-31,445.27,446.2,440.5,441.33,4223300,,https://api.nasdaq.com/api/quote/DIA/historical?assetclass=etf&fromdate=2016-07-26&todate=2026-07-26&limit=5000
DIA,2025-08-01,437.75,437.76,433.4,435.72,5980267,,https://api.nasdaq.com/api/quote/DIA/historical?assetclass=etf&fromdate=2016-07-26&todate=2026-07-26&limit=5000
DIA,2025-08-04,437.88,441.9,437.59,441.81,5065759,,https://api.nasdaq.com/api/quote/DIA/historical?assetclass=etf&fromdate=2016-07-26&todate=2026-07-26&limit=5000
DIA,2025-08-05,441.8,443,439.21,441.14,4081646,,https://api.nasdaq.com/api/quote/DIA/historical?assetclass=etf&fromdate=2016-07-26&todate=2026-07-26&limit=5000
DIA,2025-08-06,442.11,442.95,440.13,441.97,2975320,,https://api.nasdaq.com/api/quote/DIA/historical?assetclass=etf&fromdate=2016-07-26&todate=2026-07-26&limit=5000
DIA,2025-08-07,444.27,445.01,437.98,439.72,5205117,,https://api.nasdaq.com/api/quote/DIA/historical?assetclass=etf&fromdate=2016-07-26&todate=2026-07-26&limit=5000
DIA,2025-08-08,440.805,442.88,440.31,441.92,3684535,,https://api.nasdaq.com/api/quote/DIA/historical?assetclass=etf&fromdate=2016-07-26&todate=2026-07-26&limit=5000
DIA,2025-08-11,442.33,442.87,439.23,440.01,3538085,,https://api.nasdaq.com/api/quote/DIA/historical?assetclass=etf&fromdate=2016-07-26&todate=2026-07-26&limit=5000
DIA,2025-08-12,441.69,445.15,441.14,444.68,5022444,,https://api.nasdaq.com/api/quote/DIA/historical?assetclass=etf&fromdate=2016-07-26&todate=2026-07-26&limit=5000
DIA,2025-08-13,446.44,449.65,446.05,449.42,6203249,,https://api.nasdaq.com/api/quote/DIA/historical?assetclass=etf&fromdate=2016-07-26&todate=2026-07-26&limit=5000
DIA,2025-08-14,447.74,449.64,446.98,449.16,4553233,,https://api.nasdaq.com/api/quote/DIA/historical?assetclass=etf&fromdate=2016-07-26&todate=2026-07-26&limit=5000
DIA,2025-08-15,451.9,452.05,448.97,449.53,5584422,,https://api.nasdaq.com/api/quote/DIA/historical?assetclass=etf&fromdate=2016-07-26&todate=2026-07-26&limit=5000
DIA,2025-08-18,449.35,449.97,448.63,449.05,3809103,,https://api.nasdaq.com/api/quote/DIA/historical?assetclass=etf&fromdate=2016-07-26&todate=2026-07-26&limit=5000
DIA,2025-08-19,449.85,452.15,448.21,449.29,5794907,,https://api.nasdaq.com/api/quote/DIA/historical?assetclass=etf&fromdate=2016-07-26&todate=2026-07-26&limit=5000
DIA,2025-08-20,449.79,450.521,447.67,449.36,4731362,,https://api.nasdaq.com/api/quote/DIA/historical?assetclass=etf&fromdate=2016-07-26&todate=2026-07-26&limit=5000
DIA,2025-08-21,447.72,449.07,445.88,447.95,3780697,,https://api.nasdaq.com/api/quote/DIA/historical?assetclass=etf&fromdate=2016-07-26&todate=2026-07-26&limit=5000
DIA,2025-08-22,450.42,457.87,450.29,456.64,8534747,,https://api.nasdaq.com/api/quote/DIA/historical?assetclass=etf&fromdate=2016-07-26&todate=2026-07-26&limit=5000
DIA,2025-08-25,455.64,456.19,453.03,453.07,3898185,,https://api.nasdaq.com/api/quote/DIA/historical?assetclass=etf&fromdate=2016-07-26&todate=2026-07-26&limit=5000
DIA,2025-08-26,452.79,454.75,452.54,454.49,3190529,,https://api.nasdaq.com/api/quote/DIA/historical?assetclass=etf&fromdate=2016-07-26&todate=2026-07-26&limit=5000
DIA,2025-08-27,454.28,456.64,454.21,456.03,2943854,,https://api.nasdaq.com/api/quote/DIA/historical?assetclass=etf&fromdate=2016-07-26&todate=2026-07-26&limit=5000
DIA,2025-08-28,456.53,457.2,454.79,456.79,3576486,,https://api.nasdaq.com/api/quote/DIA/historical?assetclass=etf&fromdate=2016-07-26&todate=2026-07-26&limit=5000
DIA,2025-08-29,456.12,456.84,454.28,456.09,3606349,,https://api.nasdaq.com/api/quote/DIA/historical?assetclass=etf&fromdate=2016-07-26&todate=2026-07-26&limit=5000
DIA,2025-09-02,451.99,453.7,450.155,453.61,6009245,,https://api.nasdaq.com/api/quote/DIA/historical?assetclass=etf&fromdate=2016-07-26&todate=2026-07-26&limit=5000
DIA,2025-09-03,452.88,453.74,450.53,453.26,3948168,,https://api.nasdaq.com/api/quote/DIA/historical?assetclass=etf&fromdate=2016-07-26&todate=2026-07-26&limit=5000
DIA,2025-09-04,453.55,457.26,452.56,457.05,4524180,,https://api.nasdaq.com/api/quote/DIA/historical?assetclass=etf&fromdate=2016-07-26&todate=2026-07-26&limit=5000
DIA,2025-09-05,457.12,458.67,452.98,454.99,5828244,,https://api.nasdaq.com/api/quote/DIA/historical?assetclass=etf&fromdate=2016-07-26&todate=2026-07-26&limit=5000
DIA,2025-09-08,455.38,456.29,453.63,456.2,4395206,,https://api.nasdaq.com/api/quote/DIA/historical?assetclass=etf&fromdate=2016-07-26&todate=2026-07-26&limit=5000
DIA,2025-09-09,455.96,458.55,455.215,458.01,5979376,,https://api.nasdaq.com/api/quote/DIA/historical?assetclass=etf&fromdate=2016-07-26&todate=2026-07-26&limit=5000
DIA,2025-09-10,457.71,457.9,454.71,455.93,5412176,,https://api.nasdaq.com/api/quote/DIA/historical?assetclass=etf&fromdate=2016-07-26&todate=2026-07-26&limit=5000
DIA,2025-09-11,456.85,462.32,456.6,461.92,6352064,,https://api.nasdaq.com/api/quote/DIA/historical?assetclass=etf&fromdate=2016-07-26&todate=2026-07-26&limit=5000
DIA,2025-09-12,461.25,461.69,459.07,459.32,3784556,,https://api.nasdaq.com/api/quote/DIA/historical?assetclass=etf&fromdate=2016-07-26&todate=2026-07-26&limit=5000
DIA,2025-09-15,460.005,460.91,458.83,460.07,4862187,,https://api.nasdaq.com/api/quote/DIA/historical?assetclass=etf&fromdate=2016-07-26&todate=2026-07-26&limit=5000
DIA,2025-09-16,460.11,460.795,457.78,458.78,4526064,,https://api.nasdaq.com/api/quote/DIA/historical?assetclass=etf&fromdate=2016-07-26&todate=2026-07-26&limit=5000
DIA,2025-09-17,459.79,463.8496,457.96,461.26,5998016,,https://api.nasdaq.com/api/quote/DIA/historical?assetclass=etf&fromdate=2016-07-26&todate=2026-07-26&limit=5000
DIA,2025-09-18,461.29,464.37,460.66,462.63,6681016,,https://api.nasdaq.com/api/quote/DIA/historical?assetclass=etf&fromdate=2016-07-26&todate=2026-07-26&limit=5000
DIA,2025-09-19,462.72,463.78,460.87,462.94,5871474,,https://api.nasdaq.com/api/quote/DIA/historical?assetclass=etf&fromdate=2016-07-26&todate=2026-07-26&limit=5000
DIA,2025-09-22,461.16,464.29,460.16,463.67,4074879,,https://api.nasdaq.com/api/quote/DIA/historical?assetclass=etf&fromdate=2016-07-26&todate=2026-07-26&limit=5000
DIA,2025-09-23,464.22,467,462.025,462.87,5904580,,https://api.nasdaq.com/api/quote/DIA/historical?assetclass=etf&fromdate=2016-07-26&todate=2026-07-26&limit=5000
DIA,2025-09-24,463.45,464.4241,460.795,461.02,4588788,,https://api.nasdaq.com/api/quote/DIA/historical?assetclass=etf&fromdate=2016-07-26&todate=2026-07-26&limit=5000
DIA,2025-09-25,459.9,461.08,457.71,459.43,4767189,,https://api.nasdaq.com/api/quote/DIA/historical?assetclass=etf&fromdate=2016-07-26&todate=2026-07-26&limit=5000
DIA,2025-09-26,461.27,463.41,460.3171,462.28,4167209,,https://api.nasdaq.com/api/quote/DIA/historical?assetclass=etf&fromdate=2016-07-26&todate=2026-07-26&limit=5000
DIA,2025-09-29,463.76,463.775,461.31,463.04,3752701,,https://api.nasdaq.com/api/quote/DIA/historical?assetclass=etf&fromdate=2016-07-26&todate=2026-07-26&limit=5000
DIA,2025-09-30,462.615,464.09,460.84,463.74,4253321,,https://api.nasdaq.com/api/quote/DIA/historical?assetclass=etf&fromdate=2016-07-26&todate=2026-07-26&limit=5000
DIA,2025-10-01,462.57,465.14,462.55,464.26,4551576,,https://api.nasdaq.com/api/quote/DIA/historical?assetclass=etf&fromdate=2016-07-26&todate=2026-07-26&limit=5000
DIA,2025-10-02,464.31,465.77,462.615,465.11,5458620,,https://api.nasdaq.com/api/quote/DIA/historical?assetclass=etf&fromdate=2016-07-26&todate=2026-07-26&limit=5000
DIA,2025-10-03,465.79,470.38,465.68,467.51,9693908,,https://api.nasdaq.com/api/quote/DIA/historical?assetclass=etf&fromdate=2016-07-26&todate=2026-07-26&limit=5000
DIA,2025-10-06,468.315,468.47,464.23,466.84,7405391,,https://api.nasdaq.com/api/quote/DIA/historical?assetclass=etf&fromdate=2016-07-26&todate=2026-07-26&limit=5000
DIA,2025-10-07,467.55,468.61,464.39,465.97,7368743,,https://api.nasdaq.com/api/quote/DIA/historical?assetclass=etf&fromdate=2016-07-26&todate=2026-07-26&limit=5000
DIA,2025-10-08,467.32,468.13,464.93,466.07,4621175,,https://api.nasdaq.com/api/quote/DIA/historical?assetclass=etf&fromdate=2016-07-26&todate=2026-07-26&limit=5000
DIA,2025-10-09,466.17,466.78,462.61,463.5,5410969,,https://api.nasdaq.com/api/quote/DIA/historical?assetclass=etf&fromdate=2016-07-26&todate=2026-07-26&limit=5000
DIA,2025-10-10,465.12,466.5,454.72,454.87,9309145,,https://api.nasdaq.com/api/quote/DIA/historical?assetclass=etf&fromdate=2016-07-26&todate=2026-07-26&limit=5000
DIA,2025-10-13,458.23,461.56,458.06,460.68,6272494,,https://api.nasdaq.com/api/quote/DIA/historical?assetclass=etf&fromdate=2016-07-26&todate=2026-07-26&limit=5000
DIA,2025-10-14,457.03,465.22,454.56,462.71,7827371,,https://api.nasdaq.com/api/quote/DIA/historical?assetclass=etf&fromdate=2016-07-26&todate=2026-07-26&limit=5000
DIA,2025-10-15,464.67,466.94,460.25,462.71,6187089,,https://api.nasdaq.com/api/quote/DIA/historical?assetclass=etf&fromdate=2016-07-26&todate=2026-07-26&limit=5000
DIA,2025-10-16,463.37,464.27,457.84,459.56,8149547,,https://api.nasdaq.com/api/quote/DIA/historical?assetclass=etf&fromdate=2016-07-26&todate=2026-07-26&limit=5000
DIA,2025-10-17,459.3,463.11,458.92,461.78,8439860,,https://api.nasdaq.com/api/quote/DIA/historical?assetclass=etf&fromdate=2016-07-26&todate=2026-07-26&limit=5000
DIA,2025-10-20,463.45,467.53,463.43,467.02,4556554,,https://api.nasdaq.com/api/quote/DIA/historical?assetclass=etf&fromdate=2016-07-26&todate=2026-07-26&limit=5000
DIA,2025-10-21,467.07,471.2499,466.91,469.22,5951558,,https://api.nasdaq.com/api/quote/DIA/historical?assetclass=etf&fromdate=2016-07-26&todate=2026-07-26&limit=5000
DIA,2025-10-22,469.21,469.24,464.48,465.78,7604676,,https://api.nasdaq.com/api/quote/DIA/historical?assetclass=etf&fromdate=2016-07-26&todate=2026-07-26&limit=5000
DIA,2025-10-23,465.55,467.97,464.86,467.29,5144161,,https://api.nasdaq.com/api/quote/DIA/historical?assetclass=etf&fromdate=2016-07-26&todate=2026-07-26&limit=5000
DIA,2025-10-24,470.02,473.24,469.28,472.21,7228912,,https://api.nasdaq.com/api/quote/DIA/historical?assetclass=etf&fromdate=2016-07-26&todate=2026-07-26&limit=5000
DIA,2025-10-27,474.755,475.62,473.71,475.35,4720172,,https://api.nasdaq.com/api/quote/DIA/historical?assetclass=etf&fromdate=2016-07-26&todate=2026-07-26&limit=5000
DIA,2025-10-28,478.8,479.405,476.815,477.15,9435484,,https://api.nasdaq.com/api/quote/DIA/historical?assetclass=etf&fromdate=2016-07-26&todate=2026-07-26&limit=5000
DIA,2025-10-29,478.65,480.39,474.49,476.37,9955484,,https://api.nasdaq.com/api/quote/DIA/historical?assetclass=etf&fromdate=2016-07-26&todate=2026-07-26&limit=5000
DIA,2025-10-30,474.1,480.15,473.91,475.01,9338304,,https://api.nasdaq.com/api/quote/DIA/historical?assetclass=etf&fromdate=2016-07-26&todate=2026-07-26&limit=5000
DIA,2025-10-31,475.86,477.16,473.42,475.67,7990939,,https://api.nasdaq.com/api/quote/DIA/historical?assetclass=etf&fromdate=2016-07-26&todate=2026-07-26&limit=5000
DIA,2025-11-03,476.16,476.3,471.3,473.47,4858730,,https://api.nasdaq.com/api/quote/DIA/historical?assetclass=etf&fromdate=2016-07-26&todate=2026-07-26&limit=5000
DIA,2025-11-04,470.42,472.71,468.8,470.9,6013318,,https://api.nasdaq.com/api/quote/DIA/historical?assetclass=etf&fromdate=2016-07-26&todate=2026-07-26&limit=5000
DIA,2025-11-05,470.8,474.56,470.4,473.11,7030187,,https://api.nasdaq.com/api/quote/DIA/historical?assetclass=etf&fromdate=2016-07-26&todate=2026-07-26&limit=5000
DIA,2025-11-06,472.09,473.44,467.85,469.28,7125163,,https://api.nasdaq.com/api/quote/DIA/historical?assetclass=etf&fromdate=2016-07-26&todate=2026-07-26&limit=5000
DIA,2025-11-07,468.28,469.95,464.86,469.86,8604366,,https://api.nasdaq.com/api/quote/DIA/historical?assetclass=etf&fromdate=2016-07-26&todate=2026-07-26&limit=5000
DIA,2025-11-10,471.9,474.195,469.45,473.82,5636638,,https://api.nasdaq.com/api/quote/DIA/historical?assetclass=etf&fromdate=2016-07-26&todate=2026-07-26&limit=5000
DIA,2025-11-11,474.26,479.86,474,479.41,4839092,,https://api.nasdaq.com/api/quote/DIA/historical?assetclass=etf&fromdate=2016-07-26&todate=2026-07-26&limit=5000
DIA,2025-11-12,480.49,484.395,480.49,482.76,7066941,,https://api.nasdaq.com/api/quote/DIA/historical?assetclass=etf&fromdate=2016-07-26&todate=2026-07-26&limit=5000
DIA,2025-11-13,481.4,482.41,474.22,474.74,8722328,,https://api.nasdaq.com/api/quote/DIA/historical?assetclass=etf&fromdate=2016-07-26&todate=2026-07-26&limit=5000
DIA,2025-11-14,471.38,474.05,468.87,471.8,10940170,,https://api.nasdaq.com/api/quote/DIA/historical?assetclass=etf&fromdate=2016-07-26&todate=2026-07-26&limit=5000
DIA,2025-11-17,470.87,472.36,464.54,466.32,7599491,,https://api.nasdaq.com/api/quote/DIA/historical?assetclass=etf&fromdate=2016-07-26&todate=2026-07-26&limit=5000
DIA,2025-11-18,462.17,464.1,459.53,461.3,12817480,,https://api.nasdaq.com/api/quote/DIA/historical?assetclass=etf&fromdate=2016-07-26&todate=2026-07-26&limit=5000
DIA,2025-11-19,461.51,463.4,459.42,461.76,5833430,,https://api.nasdaq.com/api/quote/DIA/historical?assetclass=etf&fromdate=2016-07-26&todate=2026-07-26&limit=5000
DIA,2025-11-20,466.64,469.03,457.71,458.1,13414190,,https://api.nasdaq.com/api/quote/DIA/historical?assetclass=etf&fromdate=2016-07-26&todate=2026-07-26&limit=5000
DIA,2025-11-21,459.54,465.82,457.85,462.57,11821390,,https://api.nasdaq.com/api/quote/DIA/historical?assetclass=etf&fromdate=2016-07-26&todate=2026-07-26&limit=5000
DIA,2025-11-24,463.75,465.865,461.01,464.44,6206809,,https://api.nasdaq.com/api/quote/DIA/historical?assetclass=etf&fromdate=2016-07-26&todate=2026-07-26&limit=5000
DIA,2025-11-25,465.58,471.9,463.45,471.18,7203612,,https://api.nasdaq.com/api/quote/DIA/historical?assetclass=etf&fromdate=2016-07-26&todate=2026-07-26&limit=5000
DIA,2025-11-26,472.2,475.7928,471.93,474.35,5689125,,https://api.nasdaq.com/api/quote/DIA/historical?assetclass=etf&fromdate=2016-07-26&todate=2026-07-26&limit=5000
DIA,2025-11-28,474.82,477.61,474.82,477.18,2281763,,https://api.nasdaq.com/api/quote/DIA/historical?assetclass=etf&fromdate=2016-07-26&todate=2026-07-26&limit=5000
DIA,2025-12-01,474.34,476.95,472.95,473.32,4413941,,https://api.nasdaq.com/api/quote/DIA/historical?assetclass=etf&fromdate=2016-07-26&todate=2026-07-26&limit=5000
DIA,2025-12-02,474.21,476.46,473.12,475.26,5233486,,https://api.nasdaq.com/api/quote/DIA/historical?assetclass=etf&fromdate=2016-07-26&todate=2026-07-26&limit=5000
DIA,2025-12-03,474.83,480.18,474.67,479.41,5994233,,https://api.nasdaq.com/api/quote/DIA/historical?assetclass=etf&fromdate=2016-07-26&todate=2026-07-26&limit=5000
DIA,2025-12-04,479.71,481.23,477.5,479.07,4003759,,https://api.nasdaq.com/api/quote/DIA/historical?assetclass=etf&fromdate=2016-07-26&todate=2026-07-26&limit=5000
DIA,2025-12-05,479.48,481.93,479.29,480.03,4596622,,https://api.nasdaq.com/api/quote/DIA/historical?assetclass=etf&fromdate=2016-07-26&todate=2026-07-26&limit=5000
DIA,2025-12-08,480.49,480.52,476.84,478.15,4427636,,https://api.nasdaq.com/api/quote/DIA/historical?assetclass=etf&fromdate=2016-07-26&todate=2026-07-26&limit=5000
DIA,2025-12-09,478.07,480.275,476.09,476.42,4266901,,https://api.nasdaq.com/api/quote/DIA/historical?assetclass=etf&fromdate=2016-07-26&todate=2026-07-26&limit=5000
DIA,2025-12-10,476.13,482.75,475.36,481.35,5476245,,https://api.nasdaq.com/api/quote/DIA/historical?assetclass=etf&fromdate=2016-07-26&todate=2026-07-26&limit=5000
DIA,2025-12-11,482.2,488.38,481.96,487.87,6972311,,https://api.nasdaq.com/api/quote/DIA/historical?assetclass=etf&fromdate=2016-07-26&todate=2026-07-26&limit=5000
DIA,2025-12-12,488.7,489.66,484.17,485.4,7089900,,https://api.nasdaq.com/api/quote/DIA/historical?assetclass=etf&fromdate=2016-07-26&todate=2026-07-26&limit=5000
DIA,2025-12-15,487.58,487.73,483.71,485.17,4891296,,https://api.nasdaq.com/api/quote/DIA/historical?assetclass=etf&fromdate=2016-07-26&todate=2026-07-26&limit=5000
DIA,2025-12-16,484.455,485.48,480.33,481.98,5373224,,https://api.nasdaq.com/api/quote/DIA/historical?assetclass=etf&fromdate=2016-07-26&todate=2026-07-26&limit=5000
DIA,2025-12-17,482.81,484.79,479.49,479.8,6381605,,https://api.nasdaq.com/api/quote/DIA/historical?assetclass=etf&fromdate=2016-07-26&todate=2026-07-26&limit=5000
DIA,2025-12-18,482.18,484.631,479.41,480.51,6422815,,https://api.nasdaq.com/api/quote/DIA/historical?assetclass=etf&fromdate=2016-07-26&todate=2026-07-26&limit=5000
DIA,2025-12-19,480.62,482.8,480.43,481.15,6439062,,https://api.nasdaq.com/api/quote/DIA/historical?assetclass=etf&fromdate=2016-07-26&todate=2026-07-26&limit=5000
DIA,2025-12-22,481.86,484.43,481.86,483.46,4162011,,https://api.nasdaq.com/api/quote/DIA/historical?assetclass=etf&fromdate=2016-07-26&todate=2026-07-26&limit=5000
DIA,2025-12-23,482.18,485.12,482.18,484.23,3678095,,https://api.nasdaq.com/api/quote/DIA/historical?assetclass=etf&fromdate=2016-07-26&todate=2026-07-26&limit=5000
DIA,2025-12-24,484.185,487.57,483.59,487.01,1543970,,https://api.nasdaq.com/api/quote/DIA/historical?assetclass=etf&fromdate=2016-07-26&todate=2026-07-26&limit=5000
DIA,2025-12-26,486.84,487.62,485.73,487.03,2711695,,https://api.nasdaq.com/api/quote/DIA/historical?assetclass=etf&fromdate=2016-07-26&todate=2026-07-26&limit=5000
DIA,2025-12-29,485.89,486.91,483.75,484.59,3390127,,https://api.nasdaq.com/api/quote/DIA/historical?assetclass=etf&fromdate=2016-07-26&todate=2026-07-26&limit=5000
DIA,2025-12-30,484.62,484.665,482.815,483.59,3042677,,https://api.nasdaq.com/api/quote/DIA/historical?assetclass=etf&fromdate=2016-07-26&todate=2026-07-26&limit=5000
DIA,2025-12-31,483.65,483.81,480.36,480.57,3441935,,https://api.nasdaq.com/api/quote/DIA/historical?assetclass=etf&fromdate=2016-07-26&todate=2026-07-26&limit=5000
DIA,2026-01-02,481.85,483.95,478.38,483.63,7021060,,https://api.nasdaq.com/api/quote/DIA/historical?assetclass=etf&fromdate=2016-07-26&todate=2026-07-26&limit=5000
DIA,2026-01-05,484.41,492.04,484.245,489.77,7574434,,https://api.nasdaq.com/api/quote/DIA/historical?assetclass=etf&fromdate=2016-07-26&todate=2026-07-26&limit=5000
DIA,2026-01-06,489.33,495.12,488.96,494.61,6061391,,https://api.nasdaq.com/api/quote/DIA/historical?assetclass=etf&fromdate=2016-07-26&todate=2026-07-26&limit=5000
DIA,2026-01-07,495.65,496.25,489.5,489.96,5603675,,https://api.nasdaq.com/api/quote/DIA/historical?assetclass=etf&fromdate=2016-07-26&todate=2026-07-26&limit=5000
DIA,2026-01-08,487.81,493.52,487.81,492.53,6544768,,https://api.nasdaq.com/api/quote/DIA/historical?assetclass=etf&fromdate=2016-07-26&todate=2026-07-26&limit=5000
DIA,2026-01-09,492.86,495.695,491.91,495.02,6004585,,https://api.nasdaq.com/api/quote/DIA/historical?assetclass=etf&fromdate=2016-07-26&todate=2026-07-26&limit=5000
DIA,2026-01-12,492.33,496.34,490.05,495.9,5722424,,https://api.nasdaq.com/api/quote/DIA/historical?assetclass=etf&fromdate=2016-07-26&todate=2026-07-26&limit=5000
DIA,2026-01-13,495.55,495.96,490.63,491.94,5966351,,https://api.nasdaq.com/api/quote/DIA/historical?assetclass=etf&fromdate=2016-07-26&todate=2026-07-26&limit=5000
DIA,2026-01-14,490.66,491.94,488.5517,491.58,6767817,,https://api.nasdaq.com/api/quote/DIA/historical?assetclass=etf&fromdate=2016-07-26&todate=2026-07-26&limit=5000
DIA,2026-01-15,492.37,495.83,492.21,494.48,8519856,,https://api.nasdaq.com/api/quote/DIA/historical?assetclass=etf&fromdate=2016-07-26&todate=2026-07-26&limit=5000
DIA,2026-01-16,494.5,496,492.27,493.42,5845489,,https://api.nasdaq.com/api/quote/DIA/historical?assetclass=etf&fromdate=2016-07-26&todate=2026-07-26&limit=5000
DIA,2026-01-20,486.17,489.06,484.245,484.88,7416275,,https://api.nasdaq.com/api/quote/DIA/historical?assetclass=etf&fromdate=2016-07-26&todate=2026-07-26&limit=5000
DIA,2026-01-21,485.67,492.91,485.56,490.8,6718595,,https://api.nasdaq.com/api/quote/DIA/historical?assetclass=etf&fromdate=2016-07-26&todate=2026-07-26&limit=5000
DIA,2026-01-22,493.47,496.01,492.46,493.69,5087188,,https://api.nasdaq.com/api/quote/DIA/historical?assetclass=etf&fromdate=2016-07-26&todate=2026-07-26&limit=5000
DIA,2026-01-23,491.82,492.13,489.56,490.93,4915704,,https://api.nasdaq.com/api/quote/DIA/historical?assetclass=etf&fromdate=2016-07-26&todate=2026-07-26&limit=5000
DIA,2026-01-26,491.91,494.85,491.47,494.06,3722814,,https://api.nasdaq.com/api/quote/DIA/historical?assetclass=etf&fromdate=2016-07-26&todate=2026-07-26&limit=5000
DIA,2026-01-27,490.69,491.59,488.56,490.06,5971409,,https://api.nasdaq.com/api/quote/DIA/historical?assetclass=etf&fromdate=2016-07-26&todate=2026-07-26&limit=5000
DIA,2026-01-28,490.28,491.39,488.93,490.13,4726498,,https://api.nasdaq.com/api/quote/DIA/historical?assetclass=etf&fromdate=2016-07-26&todate=2026-07-26&limit=5000
DIA,2026-01-29,490.075,492.9512,485.89,490.21,9706467,,https://api.nasdaq.com/api/quote/DIA/historical?assetclass=etf&fromdate=2016-07-26&todate=2026-07-26&limit=5000
DIA,2026-01-30,489.11,490.48,484.56,489.03,8112096,,https://api.nasdaq.com/api/quote/DIA/historical?assetclass=etf&fromdate=2016-07-26&todate=2026-07-26&limit=5000
DIA,2026-02-02,488.87,494.8101,486.98,494.03,5584454,,https://api.nasdaq.com/api/quote/DIA/historical?assetclass=etf&fromdate=2016-07-26&todate=2026-07-26&limit=5000
DIA,2026-02-03,493.14,496.518,488.28,492.31,8799129,,https://api.nasdaq.com/api/quote/DIA/historical?assetclass=etf&fromdate=2016-07-26&todate=2026-07-26&limit=5000
DIA,2026-02-04,493.92,496.5,491.11,494.75,8797109,,https://api.nasdaq.com/api/quote/DIA/historical?assetclass=etf&fromdate=2016-07-26&todate=2026-07-26&limit=5000
DIA,2026-02-05,492.51,493.44,488.23,488.91,7767470,,https://api.nasdaq.com/api/quote/DIA/historical?assetclass=etf&fromdate=2016-07-26&todate=2026-07-26&limit=5000
DIA,2026-02-06,492.37,501.671,492.13,501.03,10635290,,https://api.nasdaq.com/api/quote/DIA/historical?assetclass=etf&fromdate=2016-07-26&todate=2026-07-26&limit=5000
DIA,2026-02-09,500.11,502.16,498.305,501.22,6414839,,https://api.nasdaq.com/api/quote/DIA/historical?assetclass=etf&fromdate=2016-07-26&todate=2026-07-26&limit=5000
DIA,2026-02-10,502.34,505.3,501.26,501.9,8163068,,https://api.nasdaq.com/api/quote/DIA/historical?assetclass=etf&fromdate=2016-07-26&todate=2026-07-26&limit=5000
DIA,2026-02-11,504.21,505.12,499.13,501.33,5743835,,https://api.nasdaq.com/api/quote/DIA/historical?assetclass=etf&fromdate=2016-07-26&todate=2026-07-26&limit=5000
DIA,2026-02-12,503.13,504.54,494.32,494.67,9160254,,https://api.nasdaq.com/api/quote/DIA/historical?assetclass=etf&fromdate=2016-07-26&todate=2026-07-26&limit=5000
DIA,2026-02-13,495.04,497.78,491.2,495.28,8378127,,https://api.nasdaq.com/api/quote/DIA/historical?assetclass=etf&fromdate=2016-07-26&todate=2026-07-26&limit=5000
DIA,2026-02-17,495.33,497.5743,492.11,495.85,6779371,,https://api.nasdaq.com/api/quote/DIA/historical?assetclass=etf&fromdate=2016-07-26&todate=2026-07-26&limit=5000
DIA,2026-02-18,496.78,499.34,494.65,497,4454285,,https://api.nasdaq.com/api/quote/DIA/historical?assetclass=etf&fromdate=2016-07-26&todate=2026-07-26&limit=5000
DIA,2026-02-19,495.555,496.49,492.41,494.38,4625358,,https://api.nasdaq.com/api/quote/DIA/historical?assetclass=etf&fromdate=2016-07-26&todate=2026-07-26&limit=5000
DIA,2026-02-20,492.54,497,491.39,496.08,6086802,,https://api.nasdaq.com/api/quote/DIA/historical?assetclass=etf&fromdate=2016-07-26&todate=2026-07-26&limit=5000
DIA,2026-02-23,494.5,496.99,487.15,488.01,8269234,,https://api.nasdaq.com/api/quote/DIA/historical?assetclass=etf&fromdate=2016-07-26&todate=2026-07-26&limit=5000
DIA,2026-02-24,488.39,492.85,487.45,491.79,5334965,,https://api.nasdaq.com/api/quote/DIA/historical?assetclass=etf&fromdate=2016-07-26&todate=2026-07-26&limit=5000
DIA,2026-02-25,493.63,495.13,491.9,494.82,4446243,,https://api.nasdaq.com/api/quote/DIA/historical?assetclass=etf&fromdate=2016-07-26&todate=2026-07-26&limit=5000
DIA,2026-02-26,497,498.21,492.237,494.86,6467010,,https://api.nasdaq.com/api/quote/DIA/historical?assetclass=etf&fromdate=2016-07-26&todate=2026-07-26&limit=5000
DIA,2026-02-27,489.63,490.95,486.76,489.66,7198388,,https://api.nasdaq.com/api/quote/DIA/historical?assetclass=etf&fromdate=2016-07-26&todate=2026-07-26&limit=5000
DIA,2026-03-02,484.34,490.98,484.15,489.18,7218544,,https://api.nasdaq.com/api/quote/DIA/historical?assetclass=etf&fromdate=2016-07-26&todate=2026-07-26&limit=5000
DIA,2026-03-03,480.16,487.39,476.73,485.52,11570720,,https://api.nasdaq.com/api/quote/DIA/historical?assetclass=etf&fromdate=2016-07-26&todate=2026-07-26&limit=5000
DIA,2026-03-04,486.56,489.03,483.95,487.74,7590661,,https://api.nasdaq.com/api/quote/DIA/historical?assetclass=etf&fromdate=2016-07-26&todate=2026-07-26&limit=5000
DIA,2026-03-05,483.82,485.49,476.15,479.84,8768186,,https://api.nasdaq.com/api/quote/DIA/historical?assetclass=etf&fromdate=2016-07-26&todate=2026-07-26&limit=5000
DIA,2026-03-06,473.72,476.23,470.46,475.23,8206051,,https://api.nasdaq.com/api/quote/DIA/historical?assetclass=etf&fromdate=2016-07-26&todate=2026-07-26&limit=5000
DIA,2026-03-09,470.88,479.38,466.68,477.88,10305560,,https://api.nasdaq.com/api/quote/DIA/historical?assetclass=etf&fromdate=2016-07-26&todate=2026-07-26&limit=5000
DIA,2026-03-10,477.74,482.87,475.01,477.7,6265551,,https://api.nasdaq.com/api/quote/DIA/historical?assetclass=etf&fromdate=2016-07-26&todate=2026-07-26&limit=5000
DIA,2026-03-11,477.4,477.77,472.46,474.81,6701727,,https://api.nasdaq.com/api/quote/DIA/historical?assetclass=etf&fromdate=2016-07-26&todate=2026-07-26&limit=5000
DIA,2026-03-12,470.34,471.48,467.41,467.48,8000156,,https://api.nasdaq.com/api/quote/DIA/historical?assetclass=etf&fromdate=2016-07-26&todate=2026-07-26&limit=5000
DIA,2026-03-13,469.94,472.1,465.78,466.41,7471659,,https://api.nasdaq.com/api/quote/DIA/historical?assetclass=etf&fromdate=2016-07-26&todate=2026-07-26&limit=5000
DIA,2026-03-16,470.07,472.7,468.98,470.3,7059905,,https://api.nasdaq.com/api/quote/DIA/historical?assetclass=etf&fromdate=2016-07-26&todate=2026-07-26&limit=5000
DIA,2026-03-17,473.38,475.13,470.625,470.9,6189359,,https://api.nasdaq.com/api/quote/DIA/historical?assetclass=etf&fromdate=2016-07-26&todate=2026-07-26&limit=5000
DIA,2026-03-18,468.77,469.75,462.76,463,7090658,,https://api.nasdaq.com/api/quote/DIA/historical?assetclass=etf&fromdate=2016-07-26&todate=2026-07-26&limit=5000
DIA,2026-03-19,459.97,463.37,458.16,461.06,7882772,,https://api.nasdaq.com/api/quote/DIA/historical?assetclass=etf&fromdate=2016-07-26&todate=2026-07-26&limit=5000
DIA,2026-03-20,458.73,460.57,453.542,455.89,10543330,,https://api.nasdaq.com/api/quote/DIA/historical?assetclass=etf&fromdate=2016-07-26&todate=2026-07-26&limit=5000
DIA,2026-03-23,463.3,467.04,460.92,461.97,9978109,,https://api.nasdaq.com/api/quote/DIA/historical?assetclass=etf&fromdate=2016-07-26&todate=2026-07-26&limit=5000
DIA,2026-03-24,458.42,463.94,457.44,461.17,8187957,,https://api.nasdaq.com/api/quote/DIA/historical?assetclass=etf&fromdate=2016-07-26&todate=2026-07-26&limit=5000
DIA,2026-03-25,465.73,467.24,461.8,464.14,7019656,,https://api.nasdaq.com/api/quote/DIA/historical?assetclass=etf&fromdate=2016-07-26&todate=2026-07-26&limit=5000
DIA,2026-03-26,461.54,465.43,458.94,459.31,8283970,,https://api.nasdaq.com/api/quote/DIA/historical?assetclass=etf&fromdate=2016-07-26&todate=2026-07-26&limit=5000
DIA,2026-03-27,457.36,457.5,450.49,451.39,6938536,,https://api.nasdaq.com/api/quote/DIA/historical?assetclass=etf&fromdate=2016-07-26&todate=2026-07-26&limit=5000
DIA,2026-03-30,455.6,456.12,450.44,452.06,9181633,,https://api.nasdaq.com/api/quote/DIA/historical?assetclass=etf&fromdate=2016-07-26&todate=2026-07-26&limit=5000
DIA,2026-03-31,456.81,463.82,454.67,463.19,11656260,,https://api.nasdaq.com/api/quote/DIA/historical?assetclass=etf&fromdate=2016-07-26&todate=2026-07-26&limit=5000
DIA,2026-04-01,466,467.9,464.5,465.48,7790319,,https://api.nasdaq.com/api/quote/DIA/historical?assetclass=etf&fromdate=2016-07-26&todate=2026-07-26&limit=5000
DIA,2026-04-02,460.16,467.52,458.88,465.06,3955899,,https://api.nasdaq.com/api/quote/DIA/historical?assetclass=etf&fromdate=2016-07-26&todate=2026-07-26&limit=5000
DIA,2026-04-06,464.16,467.02,463.46,466.77,2905316,,https://api.nasdaq.com/api/quote/DIA/historical?assetclass=etf&fromdate=2016-07-26&todate=2026-07-26&limit=5000
DIA,2026-04-07,465.75,466.31,462.11,465.88,3943164,,https://api.nasdaq.com/api/quote/DIA/historical?assetclass=etf&fromdate=2016-07-26&todate=2026-07-26&limit=5000
DIA,2026-04-08,478.88,480.2,475.56,479.16,4697522,,https://api.nasdaq.com/api/quote/DIA/historical?assetclass=etf&fromdate=2016-07-26&todate=2026-07-26&limit=5000
DIA,2026-04-09,477.49,483.27,477.01,481.9,4213669,,https://api.nasdaq.com/api/quote/DIA/historical?assetclass=etf&fromdate=2016-07-26&todate=2026-07-26&limit=5000
DIA,2026-04-10,482.195,482.4,478.63,479.25,2659020,,https://api.nasdaq.com/api/quote/DIA/historical?assetclass=etf&fromdate=2016-07-26&todate=2026-07-26&limit=5000
DIA,2026-04-13,476.1,482.28,475.15,482.13,3768673,,https://api.nasdaq.com/api/quote/DIA/historical?assetclass=etf&fromdate=2016-07-26&todate=2026-07-26&limit=5000
DIA,2026-04-14,482.41,485.97,481.86,485.49,4217886,,https://api.nasdaq.com/api/quote/DIA/historical?assetclass=etf&fromdate=2016-07-26&todate=2026-07-26&limit=5000
DIA,2026-04-15,486.51,487.0801,482.86,484.72,3474538,,https://api.nasdaq.com/api/quote/DIA/historical?assetclass=etf&fromdate=2016-07-26&todate=2026-07-26&limit=5000
DIA,2026-04-16,485.82,486.78,483.35,485.63,4111479,,https://api.nasdaq.com/api/quote/DIA/historical?assetclass=etf&fromdate=2016-07-26&todate=2026-07-26&limit=5000
DIA,2026-04-17,490.67,497.04,490.36,494.22,10238740,,https://api.nasdaq.com/api/quote/DIA/historical?assetclass=etf&fromdate=2016-07-26&todate=2026-07-26&limit=5000
DIA,2026-04-20,493.45,494.775,492.31,494.33,3764008,,https://api.nasdaq.com/api/quote/DIA/historical?assetclass=etf&fromdate=2016-07-26&todate=2026-07-26&limit=5000
DIA,2026-04-21,497.24,498.38,490.315,491.36,4322233,,https://api.nasdaq.com/api/quote/DIA/historical?assetclass=etf&fromdate=2016-07-26&todate=2026-07-26&limit=5000
DIA,2026-04-22,495.32,496.14,493.23,494.76,4022387,,https://api.nasdaq.com/api/quote/DIA/historical?assetclass=etf&fromdate=2016-07-26&todate=2026-07-26&limit=5000
DIA,2026-04-23,492.55,495.13,488.51,493,4077321,,https://api.nasdaq.com/api/quote/DIA/historical?assetclass=etf&fromdate=2016-07-26&todate=2026-07-26&limit=5000
DIA,2026-04-24,493.05,493.49,490.77,492.21,3372258,,https://api.nasdaq.com/api/quote/DIA/historical?assetclass=etf&fromdate=2016-07-26&todate=2026-07-26&limit=5000
DIA,2026-04-27,491.6,493.55,490.29,491.83,2132060,,https://api.nasdaq.com/api/quote/DIA/historical?assetclass=etf&fromdate=2016-07-26&todate=2026-07-26&limit=5000
DIA,2026-04-28,493.46,493.82,490.77,491.42,3057137,,https://api.nasdaq.com/api/quote/DIA/historical?assetclass=etf&fromdate=2016-07-26&todate=2026-07-26&limit=5000
DIA,2026-04-29,490.95,491.49,487,488.67,3322302,,https://api.nasdaq.com/api/quote/DIA/historical?assetclass=etf&fromdate=2016-07-26&todate=2026-07-26&limit=5000
DIA,2026-04-30,490.98,497.58,490.39,496.65,5352282,,https://api.nasdaq.com/api/quote/DIA/historical?assetclass=etf&fromdate=2016-07-26&todate=2026-07-26&limit=5000
DIA,2026-05-01,498.84,499.93,494.91,495.02,4402582,,https://api.nasdaq.com/api/quote/DIA/historical?assetclass=etf&fromdate=2016-07-26&todate=2026-07-26&limit=5000
DIA,2026-05-04,493.5,494.33,489,489.56,3310394,,https://api.nasdaq.com/api/quote/DIA/historical?assetclass=etf&fromdate=2016-07-26&todate=2026-07-26&limit=5000
DIA,2026-05-05,491.89,493.585,490.03,492.96,3386211,,https://api.nasdaq.com/api/quote/DIA/historical?assetclass=etf&fromdate=2016-07-26&todate=2026-07-26&limit=5000
DIA,2026-05-06,496.98,500.08,496.9,499.05,4317279,,https://api.nasdaq.com/api/quote/DIA/historical?assetclass=etf&fromdate=2016-07-26&todate=2026-07-26&limit=5000
DIA,2026-05-07,500.51,501.2,494.77,495.91,4490483,,https://api.nasdaq.com/api/quote/DIA/historical?assetclass=etf&fromdate=2016-07-26&todate=2026-07-26&limit=5000
DIA,2026-05-08,498.48,498.55,494.93,496.13,3495210,,https://api.nasdaq.com/api/quote/DIA/historical?assetclass=etf&fromdate=2016-07-26&todate=2026-07-26&limit=5000
DIA,2026-05-11,495.8,497.84,494.76,497.11,4249103,,https://api.nasdaq.com/api/quote/DIA/historical?assetclass=etf&fromdate=2016-07-26&todate=2026-07-26&limit=5000
DIA,2026-05-12,496.51,498.41,493.19,497.89,7445672,,https://api.nasdaq.com/api/quote/DIA/historical?assetclass=etf&fromdate=2016-07-26&todate=2026-07-26&limit=5000
DIA,2026-05-13,496.16,497.61,494.635,497.14,3256845,,https://api.nasdaq.com/api/quote/DIA/historical?assetclass=etf&fromdate=2016-07-26&todate=2026-07-26&limit=5000
DIA,2026-05-14,501.39,502.16,498.85,500.8,4920475,,https://api.nasdaq.com/api/quote/DIA/historical?assetclass=etf&fromdate=2016-07-26&todate=2026-07-26&limit=5000
DIA,2026-05-15,497.32,497.74,495.08,495.37,5300701,,https://api.nasdaq.com/api/quote/DIA/historical?assetclass=etf&fromdate=2016-07-26&todate=2026-07-26&limit=5000
DIA,2026-05-18,495.65,497.64,493.6,497.01,5496211,,https://api.nasdaq.com/api/quote/DIA/historical?assetclass=etf&fromdate=2016-07-26&todate=2026-07-26&limit=5000
DIA,2026-05-19,494.83,496.34,492.58,493.98,5361298,,https://api.nasdaq.com/api/quote/DIA/historical?assetclass=etf&fromdate=2016-07-26&todate=2026-07-26&limit=5000
DIA,2026-05-20,495.87,500.93,492.49,500.24,6516124,,https://api.nasdaq.com/api/quote/DIA/historical?assetclass=etf&fromdate=2016-07-26&todate=2026-07-26&limit=5000
DIA,2026-05-21,498.78,504.05,497.21,503.11,6575983,,https://api.nasdaq.com/api/quote/DIA/historical?assetclass=etf&fromdate=2016-07-26&todate=2026-07-26&limit=5000
DIA,2026-05-22,507.01,508.74,505.69,506.12,5176149,,https://api.nasdaq.com/api/quote/DIA/historical?assetclass=etf&fromdate=2016-07-26&todate=2026-07-26&limit=5000
DIA,2026-05-26,507.57,508.24,503.97,505.25,3897759,,https://api.nasdaq.com/api/quote/DIA/historical?assetclass=etf&fromdate=2016-07-26&todate=2026-07-26&limit=5000
DIA,2026-05-27,505.93,508.7,505.81,506.88,4247835,,https://api.nasdaq.com/api/quote/DIA/historical?assetclass=etf&fromdate=2016-07-26&todate=2026-07-26&limit=5000
DIA,2026-05-28,505.335,508.21,503.64,507.05,3716022,,https://api.nasdaq.com/api/quote/DIA/historical?assetclass=etf&fromdate=2016-07-26&todate=2026-07-26&limit=5000
DIA,2026-05-29,507.9,511.305,507.2,510.78,5346659,,https://api.nasdaq.com/api/quote/DIA/historical?assetclass=etf&fromdate=2016-07-26&todate=2026-07-26&limit=5000
DIA,2026-06-01,509.85,511.855,508.33,511.44,4424845,,https://api.nasdaq.com/api/quote/DIA/historical?assetclass=etf&fromdate=2016-07-26&todate=2026-07-26&limit=5000
DIA,2026-06-02,509.08,514.49,508.93,514.05,5078013,,https://api.nasdaq.com/api/quote/DIA/historical?assetclass=etf&fromdate=2016-07-26&todate=2026-07-26&limit=5000
DIA,2026-06-03,511.17,512.85,507.99,508.26,4098010,,https://api.nasdaq.com/api/quote/DIA/historical?assetclass=etf&fromdate=2016-07-26&todate=2026-07-26&limit=5000
DIA,2026-06-04,513.69,517.58,512.68,516.7,6390701,,https://api.nasdaq.com/api/quote/DIA/historical?assetclass=etf&fromdate=2016-07-26&todate=2026-07-26&limit=5000
DIA,2026-06-05,517.71,517.75,508.75,509.7,6610717,,https://api.nasdaq.com/api/quote/DIA/historical?assetclass=etf&fromdate=2016-07-26&todate=2026-07-26&limit=5000
DIA,2026-06-08,510.765,513.755,508.32,508.91,4825656,,https://api.nasdaq.com/api/quote/DIA/historical?assetclass=etf&fromdate=2016-07-26&todate=2026-07-26&limit=5000
DIA,2026-06-09,511.48,513.54,503.08,509.41,6249368,,https://api.nasdaq.com/api/quote/DIA/historical?assetclass=etf&fromdate=2016-07-26&todate=2026-07-26&limit=5000
DIA,2026-06-10,507.485,508.74,500.1,500.25,5153353,,https://api.nasdaq.com/api/quote/DIA/historical?assetclass=etf&fromdate=2016-07-26&todate=2026-07-26&limit=5000
DIA,2026-06-11,503.19,510.76,501.57,509.36,6353938,,https://api.nasdaq.com/api/quote/DIA/historical?assetclass=etf&fromdate=2016-07-26&todate=2026-07-26&limit=5000
DIA,2026-06-12,512.89,515.3,509.48,513.06,8384505,,https://api.nasdaq.com/api/quote/DIA/historical?assetclass=etf&fromdate=2016-07-26&todate=2026-07-26&limit=5000
DIA,2026-06-15,519.23,520.84,517.865,518.44,5379359,,https://api.nasdaq.com/api/quote/DIA/historical?assetclass=etf&fromdate=2016-07-26&todate=2026-07-26&limit=5000
DIA,2026-06-16,520.32,523.3,520.06,521.44,4812555,,https://api.nasdaq.com/api/quote/DIA/historical?assetclass=etf&fromdate=2016-07-26&todate=2026-07-26&limit=5000
DIA,2026-06-17,521.26,524.17,515.3,516.3,6563468,,https://api.nasdaq.com/api/quote/DIA/historical?assetclass=etf&fromdate=2016-07-26&todate=2026-07-26&limit=5000
DIA,2026-06-18,518.43,519.52,515.43,515.52,7134373,,https://api.nasdaq.com/api/quote/DIA/historical?assetclass=etf&fromdate=2016-07-26&todate=2026-07-26&limit=5000
DIA,2026-06-22,516.84,518.91,515.99,517.08,6552163,,https://api.nasdaq.com/api/quote/DIA/historical?assetclass=etf&fromdate=2016-07-26&todate=2026-07-26&limit=5000
DIA,2026-06-23,514.68,518.7182,512.97,516.62,5039189,,https://api.nasdaq.com/api/quote/DIA/historical?assetclass=etf&fromdate=2016-07-26&todate=2026-07-26&limit=5000
DIA,2026-06-24,516.19,522.43,516.01,518.52,4395936,,https://api.nasdaq.com/api/quote/DIA/historical?assetclass=etf&fromdate=2016-07-26&todate=2026-07-26&limit=5000
DIA,2026-06-25,521.19,526.57,518.55,519.26,5379836,,https://api.nasdaq.com/api/quote/DIA/historical?assetclass=etf&fromdate=2016-07-26&todate=2026-07-26&limit=5000
DIA,2026-06-26,517,521.28,516.1,517.75,3823618,,https://api.nasdaq.com/api/quote/DIA/historical?assetclass=etf&fromdate=2016-07-26&todate=2026-07-26&limit=5000
DIA,2026-06-29,520.63,522.975,519.4,521.68,5733423,,https://api.nasdaq.com/api/quote/DIA/historical?assetclass=etf&fromdate=2016-07-26&todate=2026-07-26&limit=5000
DIA,2026-06-30,522.35,523.14,519.59,522.39,3607943,,https://api.nasdaq.com/api/quote/DIA/historical?assetclass=etf&fromdate=2016-07-26&todate=2026-07-26&limit=5000
DIA,2026-07-01,521.43,526.72,519.62,522.4,3438379,,https://api.nasdaq.com/api/quote/DIA/historical?assetclass=etf&fromdate=2016-07-26&todate=2026-07-26&limit=5000
DIA,2026-07-02,525.49,528.26,523.73,527.88,3536644,,https://api.nasdaq.com/api/quote/DIA/historical?assetclass=etf&fromdate=2016-07-26&todate=2026-07-26&limit=5000
DIA,2026-07-06,528.72,530.09,525.85,530.09,3236864,,https://api.nasdaq.com/api/quote/DIA/historical?assetclass=etf&fromdate=2016-07-26&todate=2026-07-26&limit=5000
DIA,2026-07-07,532.505,532.54,527.11,528.45,4489168,,https://api.nasdaq.com/api/quote/DIA/historical?assetclass=etf&fromdate=2016-07-26&todate=2026-07-26&limit=5000
DIA,2026-07-08,523.34,524.46,520.03,522.77,3574981,,https://api.nasdaq.com/api/quote/DIA/historical?assetclass=etf&fromdate=2016-07-26&todate=2026-07-26&limit=5000
DIA,2026-07-09,523.65,525.15,522.135,524.19,3056449,,https://api.nasdaq.com/api/quote/DIA/historical?assetclass=etf&fromdate=2016-07-26&todate=2026-07-26&limit=5000
DIA,2026-07-10,525.64,526.47,521.74,525.78,3469449,,https://api.nasdaq.com/api/quote/DIA/historical?assetclass=etf&fromdate=2016-07-26&todate=2026-07-26&limit=5000
DIA,2026-07-13,525.84,527.86,522.9,524.47,2723754,,https://api.nasdaq.com/api/quote/DIA/historical?assetclass=etf&fromdate=2016-07-26&todate=2026-07-26&limit=5000
DIA,2026-07-14,523.32,526.72,522.56,524.69,3664023,,https://api.nasdaq.com/api/quote/DIA/historical?assetclass=etf&fromdate=2016-07-26&todate=2026-07-26&limit=5000
DIA,2026-07-15,525.895,527.73,523.7,525.95,3246876,,https://api.nasdaq.com/api/quote/DIA/historical?assetclass=etf&fromdate=2016-07-26&todate=2026-07-26&limit=5000
DIA,2026-07-16,526.81,527.93,523.07,524.83,3173322,,https://api.nasdaq.com/api/quote/DIA/historical?assetclass=etf&fromdate=2016-07-26&todate=2026-07-26&limit=5000
DIA,2026-07-17,519.64,525.36,518.9,520.81,4741258,,https://api.nasdaq.com/api/quote/DIA/historical?assetclass=etf&fromdate=2016-07-26&todate=2026-07-26&limit=5000
DIA,2026-07-20,522.04,523.4,517.16,517.94,2336645,,https://api.nasdaq.com/api/quote/DIA/historical?assetclass=etf&fromdate=2016-07-26&todate=2026-07-26&limit=5000
DIA,2026-07-21,519.63,523.01,518.12,521.51,3240689,,https://api.nasdaq.com/api/quote/DIA/historical?assetclass=etf&fromdate=2016-07-26&todate=2026-07-26&limit=5000
DIA,2026-07-22,521.63,524.37,521.01,521.47,3204054,,https://api.nasdaq.com/api/quote/DIA/historical?assetclass=etf&fromdate=2016-07-26&todate=2026-07-26&limit=5000
DIA,2026-07-23,515.07,518.17,514.72,516.26,4305149,,https://api.nasdaq.com/api/quote/DIA/historical?assetclass=etf&fromdate=2016-07-26&todate=2026-07-26&limit=5000
DIA,2026-07-24,517.28,520.5599,516.27,518.76,3328437,,https://api.nasdaq.com/api/quote/DIA/historical?assetclass=etf&fromdate=2016-07-26&todate=2026-07-26&limit=5000
