Symbol,Date,Open,High,Low,Close,Volume,QualityFlag,SourceURL
KO,2016-07-26,45.53,45.65,44.83,44.88,15818030,,https://api.nasdaq.com/api/quote/KO/historical?assetclass=stocks&fromdate=2016-07-26&todate=2026-07-26&limit=5000
KO,2016-07-27,43.9,44.06,43.1,43.4,37452670,,https://api.nasdaq.com/api/quote/KO/historical?assetclass=stocks&fromdate=2016-07-26&todate=2026-07-26&limit=5000
KO,2016-07-28,43.27,43.69,43.22,43.65,13068390,,https://api.nasdaq.com/api/quote/KO/historical?assetclass=stocks&fromdate=2016-07-26&todate=2026-07-26&limit=5000
KO,2016-07-29,43.72,43.75,43.48,43.63,16529300,,https://api.nasdaq.com/api/quote/KO/historical?assetclass=stocks&fromdate=2016-07-26&todate=2026-07-26&limit=5000
KO,2016-08-01,43.69,43.83,43.43,43.45,12349420,,https://api.nasdaq.com/api/quote/KO/historical?assetclass=stocks&fromdate=2016-07-26&todate=2026-07-26&limit=5000
KO,2016-08-02,43.35,43.58,43.31,43.53,12824320,,https://api.nasdaq.com/api/quote/KO/historical?assetclass=stocks&fromdate=2016-07-26&todate=2026-07-26&limit=5000
KO,2016-08-03,43.66,43.7,43.37,43.64,12119060,,https://api.nasdaq.com/api/quote/KO/historical?assetclass=stocks&fromdate=2016-07-26&todate=2026-07-26&limit=5000
KO,2016-08-04,43.56,43.795,43.4,43.51,11236060,,https://api.nasdaq.com/api/quote/KO/historical?assetclass=stocks&fromdate=2016-07-26&todate=2026-07-26&limit=5000
KO,2016-08-05,43.65,43.75,43.41,43.48,10390060,,https://api.nasdaq.com/api/quote/KO/historical?assetclass=stocks&fromdate=2016-07-26&todate=2026-07-26&limit=5000
KO,2016-08-08,43.43,43.5166,43.22,43.44,8672915,,https://api.nasdaq.com/api/quote/KO/historical?assetclass=stocks&fromdate=2016-07-26&todate=2026-07-26&limit=5000
KO,2016-08-09,43.5,43.64,43.3762,43.47,7281032,,https://api.nasdaq.com/api/quote/KO/historical?assetclass=stocks&fromdate=2016-07-26&todate=2026-07-26&limit=5000
KO,2016-08-10,43.64,43.69,43.5,43.61,8381336,,https://api.nasdaq.com/api/quote/KO/historical?assetclass=stocks&fromdate=2016-07-26&todate=2026-07-26&limit=5000
KO,2016-08-11,43.72,43.87,43.62,43.75,11303260,,https://api.nasdaq.com/api/quote/KO/historical?assetclass=stocks&fromdate=2016-07-26&todate=2026-07-26&limit=5000
KO,2016-08-12,43.91,44.19,43.79,44.03,10918080,,https://api.nasdaq.com/api/quote/KO/historical?assetclass=stocks&fromdate=2016-07-26&todate=2026-07-26&limit=5000
KO,2016-08-15,44.1,44.33,44.01,44.24,10390640,,https://api.nasdaq.com/api/quote/KO/historical?assetclass=stocks&fromdate=2016-07-26&todate=2026-07-26&limit=5000
KO,2016-08-16,44.25,44.25,43.83,43.83,9705816,,https://api.nasdaq.com/api/quote/KO/historical?assetclass=stocks&fromdate=2016-07-26&todate=2026-07-26&limit=5000
KO,2016-08-17,44.01,44.07,43.78,44.06,11207120,,https://api.nasdaq.com/api/quote/KO/historical?assetclass=stocks&fromdate=2016-07-26&todate=2026-07-26&limit=5000
KO,2016-08-18,44.01,44.26,44,44.1,9132903,,https://api.nasdaq.com/api/quote/KO/historical?assetclass=stocks&fromdate=2016-07-26&todate=2026-07-26&limit=5000
KO,2016-08-19,44.05,44.06,43.74,43.92,9385896,,https://api.nasdaq.com/api/quote/KO/historical?assetclass=stocks&fromdate=2016-07-26&todate=2026-07-26&limit=5000
KO,2016-08-22,43.94,43.945,43.725,43.74,8687414,,https://api.nasdaq.com/api/quote/KO/historical?assetclass=stocks&fromdate=2016-07-26&todate=2026-07-26&limit=5000
KO,2016-08-23,43.85,43.98,43.74,43.85,8420847,,https://api.nasdaq.com/api/quote/KO/historical?assetclass=stocks&fromdate=2016-07-26&todate=2026-07-26&limit=5000
KO,2016-08-24,43.82,43.94,43.6641,43.85,11508870,,https://api.nasdaq.com/api/quote/KO/historical?assetclass=stocks&fromdate=2016-07-26&todate=2026-07-26&limit=5000
KO,2016-08-25,43.85,43.94,43.63,43.67,9815158,,https://api.nasdaq.com/api/quote/KO/historical?assetclass=stocks&fromdate=2016-07-26&todate=2026-07-26&limit=5000
KO,2016-08-26,43.72,43.92,43.31,43.32,11817540,,https://api.nasdaq.com/api/quote/KO/historical?assetclass=stocks&fromdate=2016-07-26&todate=2026-07-26&limit=5000
KO,2016-08-29,43.34,43.61,43.33,43.54,9544543,,https://api.nasdaq.com/api/quote/KO/historical?assetclass=stocks&fromdate=2016-07-26&todate=2026-07-26&limit=5000
KO,2016-08-30,43.46,43.53,43.12,43.24,9710276,,https://api.nasdaq.com/api/quote/KO/historical?assetclass=stocks&fromdate=2016-07-26&todate=2026-07-26&limit=5000
KO,2016-08-31,43.43,43.46,43.08,43.43,10200280,,https://api.nasdaq.com/api/quote/KO/historical?assetclass=stocks&fromdate=2016-07-26&todate=2026-07-26&limit=5000
KO,2016-09-01,43.21,43.41,43.2,43.35,8450090,,https://api.nasdaq.com/api/quote/KO/historical?assetclass=stocks&fromdate=2016-07-26&todate=2026-07-26&limit=5000
KO,2016-09-02,43.52,43.83,43.47,43.66,9025875,,https://api.nasdaq.com/api/quote/KO/historical?assetclass=stocks&fromdate=2016-07-26&todate=2026-07-26&limit=5000
KO,2016-09-06,43.74,43.8,43.395,43.79,8585062,,https://api.nasdaq.com/api/quote/KO/historical?assetclass=stocks&fromdate=2016-07-26&todate=2026-07-26&limit=5000
KO,2016-09-07,43.72,43.8,43.53,43.64,8656552,,https://api.nasdaq.com/api/quote/KO/historical?assetclass=stocks&fromdate=2016-07-26&todate=2026-07-26&limit=5000
KO,2016-09-08,43.67,43.73,43.45,43.63,10020220,,https://api.nasdaq.com/api/quote/KO/historical?assetclass=stocks&fromdate=2016-07-26&todate=2026-07-26&limit=5000
KO,2016-09-09,43.43,43.43,42.27,42.27,23607230,,https://api.nasdaq.com/api/quote/KO/historical?assetclass=stocks&fromdate=2016-07-26&todate=2026-07-26&limit=5000
KO,2016-09-12,42.36,43.23,42.34,43.19,15921270,,https://api.nasdaq.com/api/quote/KO/historical?assetclass=stocks&fromdate=2016-07-26&todate=2026-07-26&limit=5000
KO,2016-09-13,42.77,42.77,42.21,42.28,12962670,,https://api.nasdaq.com/api/quote/KO/historical?assetclass=stocks&fromdate=2016-07-26&todate=2026-07-26&limit=5000
KO,2016-09-14,42.27,42.41,41.99,42.11,9823526,,https://api.nasdaq.com/api/quote/KO/historical?assetclass=stocks&fromdate=2016-07-26&todate=2026-07-26&limit=5000
KO,2016-09-15,42.01,42.39,41.88,42.36,10244480,,https://api.nasdaq.com/api/quote/KO/historical?assetclass=stocks&fromdate=2016-07-26&todate=2026-07-26&limit=5000
KO,2016-09-16,42.17,42.26,41.965,42.14,16344770,,https://api.nasdaq.com/api/quote/KO/historical?assetclass=stocks&fromdate=2016-07-26&todate=2026-07-26&limit=5000
KO,2016-09-19,42.16,42.37,42.08,42.1,7659863,,https://api.nasdaq.com/api/quote/KO/historical?assetclass=stocks&fromdate=2016-07-26&todate=2026-07-26&limit=5000
KO,2016-09-20,42.31,42.53,42.24,42.34,8391298,,https://api.nasdaq.com/api/quote/KO/historical?assetclass=stocks&fromdate=2016-07-26&todate=2026-07-26&limit=5000
KO,2016-09-21,42.28,42.61,42.1,42.53,13645260,,https://api.nasdaq.com/api/quote/KO/historical?assetclass=stocks&fromdate=2016-07-26&todate=2026-07-26&limit=5000
KO,2016-09-22,42.71,43.01,42.69,42.96,9288216,,https://api.nasdaq.com/api/quote/KO/historical?assetclass=stocks&fromdate=2016-07-26&todate=2026-07-26&limit=5000
KO,2016-09-23,42.81,42.94,42.65,42.74,8851990,,https://api.nasdaq.com/api/quote/KO/historical?assetclass=stocks&fromdate=2016-07-26&todate=2026-07-26&limit=5000
KO,2016-09-26,42.71,42.72,42.01,42.05,15035270,,https://api.nasdaq.com/api/quote/KO/historical?assetclass=stocks&fromdate=2016-07-26&todate=2026-07-26&limit=5000
KO,2016-09-27,42.19,42.63,42,42.59,11899760,,https://api.nasdaq.com/api/quote/KO/historical?assetclass=stocks&fromdate=2016-07-26&todate=2026-07-26&limit=5000
KO,2016-09-28,42.63,42.76,42.03,42.15,15503710,,https://api.nasdaq.com/api/quote/KO/historical?assetclass=stocks&fromdate=2016-07-26&todate=2026-07-26&limit=5000
KO,2016-09-29,42.02,42.39,41.85,42.03,12629680,,https://api.nasdaq.com/api/quote/KO/historical?assetclass=stocks&fromdate=2016-07-26&todate=2026-07-26&limit=5000
KO,2016-09-30,42.21,42.5,42.06,42.32,14333040,,https://api.nasdaq.com/api/quote/KO/historical?assetclass=stocks&fromdate=2016-07-26&todate=2026-07-26&limit=5000
KO,2016-10-03,42.31,42.31,41.885,42.03,11141200,,https://api.nasdaq.com/api/quote/KO/historical?assetclass=stocks&fromdate=2016-07-26&todate=2026-07-26&limit=5000
KO,2016-10-04,42.34,42.34,41.78,41.84,13679780,,https://api.nasdaq.com/api/quote/KO/historical?assetclass=stocks&fromdate=2016-07-26&todate=2026-07-26&limit=5000
KO,2016-10-05,41.93,42.07,41.67,41.81,9593355,,https://api.nasdaq.com/api/quote/KO/historical?assetclass=stocks&fromdate=2016-07-26&todate=2026-07-26&limit=5000
KO,2016-10-06,41.68,41.94,41.58,41.71,9722473,,https://api.nasdaq.com/api/quote/KO/historical?assetclass=stocks&fromdate=2016-07-26&todate=2026-07-26&limit=5000
KO,2016-10-07,41.83,41.94,41.565,41.73,8108210,,https://api.nasdaq.com/api/quote/KO/historical?assetclass=stocks&fromdate=2016-07-26&todate=2026-07-26&limit=5000
KO,2016-10-10,41.92,41.99,41.6,41.73,8983410,,https://api.nasdaq.com/api/quote/KO/historical?assetclass=stocks&fromdate=2016-07-26&todate=2026-07-26&limit=5000
KO,2016-10-11,41.66,41.7,41.4,41.54,12249060,,https://api.nasdaq.com/api/quote/KO/historical?assetclass=stocks&fromdate=2016-07-26&todate=2026-07-26&limit=5000
KO,2016-10-12,41.63,41.84,41.5,41.78,12216480,,https://api.nasdaq.com/api/quote/KO/historical?assetclass=stocks&fromdate=2016-07-26&todate=2026-07-26&limit=5000
KO,2016-10-13,41.65,41.89,41.51,41.76,17637030,,https://api.nasdaq.com/api/quote/KO/historical?assetclass=stocks&fromdate=2016-07-26&todate=2026-07-26&limit=5000
KO,2016-10-14,41.85,41.905,41.62,41.67,9873325,,https://api.nasdaq.com/api/quote/KO/historical?assetclass=stocks&fromdate=2016-07-26&todate=2026-07-26&limit=5000
KO,2016-10-17,41.73,41.86,41.57,41.6,10777530,,https://api.nasdaq.com/api/quote/KO/historical?assetclass=stocks&fromdate=2016-07-26&todate=2026-07-26&limit=5000
KO,2016-10-18,41.81,42,41.73,41.97,11288520,,https://api.nasdaq.com/api/quote/KO/historical?assetclass=stocks&fromdate=2016-07-26&todate=2026-07-26&limit=5000
KO,2016-10-19,41.93,42.115,41.81,42.05,16365540,,https://api.nasdaq.com/api/quote/KO/historical?assetclass=stocks&fromdate=2016-07-26&todate=2026-07-26&limit=5000
KO,2016-10-20,41.97,42.11,41.89,41.93,10620490,,https://api.nasdaq.com/api/quote/KO/historical?assetclass=stocks&fromdate=2016-07-26&todate=2026-07-26&limit=5000
KO,2016-10-21,41.85,42.17,41.68,42.13,14390510,,https://api.nasdaq.com/api/quote/KO/historical?assetclass=stocks&fromdate=2016-07-26&todate=2026-07-26&limit=5000
KO,2016-10-24,42.32,42.77,42.25,42.56,13392990,,https://api.nasdaq.com/api/quote/KO/historical?assetclass=stocks&fromdate=2016-07-26&todate=2026-07-26&limit=5000
KO,2016-10-25,42.64,42.88,42.43,42.54,16443740,,https://api.nasdaq.com/api/quote/KO/historical?assetclass=stocks&fromdate=2016-07-26&todate=2026-07-26&limit=5000
KO,2016-10-26,43,43.03,42.41,42.44,16872330,,https://api.nasdaq.com/api/quote/KO/historical?assetclass=stocks&fromdate=2016-07-26&todate=2026-07-26&limit=5000
KO,2016-10-27,42.63,42.645,41.9,42.12,14515660,,https://api.nasdaq.com/api/quote/KO/historical?assetclass=stocks&fromdate=2016-07-26&todate=2026-07-26&limit=5000
KO,2016-10-28,42.26,42.47,42.1,42.23,13396010,,https://api.nasdaq.com/api/quote/KO/historical?assetclass=stocks&fromdate=2016-07-26&todate=2026-07-26&limit=5000
KO,2016-10-31,42.12,42.41,42.12,42.4,13316310,,https://api.nasdaq.com/api/quote/KO/historical?assetclass=stocks&fromdate=2016-07-26&todate=2026-07-26&limit=5000
KO,2016-11-01,42.4,42.425,41.91,42.12,12211030,,https://api.nasdaq.com/api/quote/KO/historical?assetclass=stocks&fromdate=2016-07-26&todate=2026-07-26&limit=5000
KO,2016-11-02,42.1,42.34,42.01,42.05,11996530,,https://api.nasdaq.com/api/quote/KO/historical?assetclass=stocks&fromdate=2016-07-26&todate=2026-07-26&limit=5000
KO,2016-11-03,42.22,42.22,41.96,42.03,11238740,,https://api.nasdaq.com/api/quote/KO/historical?assetclass=stocks&fromdate=2016-07-26&todate=2026-07-26&limit=5000
KO,2016-11-04,41.85,42.04,41.69,41.69,14448000,,https://api.nasdaq.com/api/quote/KO/historical?assetclass=stocks&fromdate=2016-07-26&todate=2026-07-26&limit=5000
KO,2016-11-07,42.04,42.5,42.04,42.46,13999530,,https://api.nasdaq.com/api/quote/KO/historical?assetclass=stocks&fromdate=2016-07-26&todate=2026-07-26&limit=5000
KO,2016-11-08,42.37,42.98,42.37,42.88,12016470,,https://api.nasdaq.com/api/quote/KO/historical?assetclass=stocks&fromdate=2016-07-26&todate=2026-07-26&limit=5000
KO,2016-11-09,41.76,42.32,41.7,42.27,21223260,,https://api.nasdaq.com/api/quote/KO/historical?assetclass=stocks&fromdate=2016-07-26&todate=2026-07-26&limit=5000
KO,2016-11-10,41.86,42.26,40.855,40.94,33225230,,https://api.nasdaq.com/api/quote/KO/historical?assetclass=stocks&fromdate=2016-07-26&todate=2026-07-26&limit=5000
KO,2016-11-11,40.95,41.13,40.63,41.03,13403460,,https://api.nasdaq.com/api/quote/KO/historical?assetclass=stocks&fromdate=2016-07-26&todate=2026-07-26&limit=5000
KO,2016-11-14,41.13,41.42,40.85,41.17,19513760,,https://api.nasdaq.com/api/quote/KO/historical?assetclass=stocks&fromdate=2016-07-26&todate=2026-07-26&limit=5000
KO,2016-11-15,41.18,41.52,41.17,41.44,16543380,,https://api.nasdaq.com/api/quote/KO/historical?assetclass=stocks&fromdate=2016-07-26&todate=2026-07-26&limit=5000
KO,2016-11-16,41.4,41.65,41.155,41.26,12671380,,https://api.nasdaq.com/api/quote/KO/historical?assetclass=stocks&fromdate=2016-07-26&todate=2026-07-26&limit=5000
KO,2016-11-17,41.28,41.3,41,41.12,12398310,,https://api.nasdaq.com/api/quote/KO/historical?assetclass=stocks&fromdate=2016-07-26&todate=2026-07-26&limit=5000
KO,2016-11-18,41.03,41.2,40.9,40.91,16324700,,https://api.nasdaq.com/api/quote/KO/historical?assetclass=stocks&fromdate=2016-07-26&todate=2026-07-26&limit=5000
KO,2016-11-21,40.74,41.36,40.73,41.36,12291840,,https://api.nasdaq.com/api/quote/KO/historical?assetclass=stocks&fromdate=2016-07-26&todate=2026-07-26&limit=5000
KO,2016-11-22,41.45,41.7,41.24,41.37,12743500,,https://api.nasdaq.com/api/quote/KO/historical?assetclass=stocks&fromdate=2016-07-26&todate=2026-07-26&limit=5000
KO,2016-11-23,41.22,41.31,41.03,41.12,9293976,,https://api.nasdaq.com/api/quote/KO/historical?assetclass=stocks&fromdate=2016-07-26&todate=2026-07-26&limit=5000
KO,2016-11-25,41.39,41.58,41.24,41.53,7402652,,https://api.nasdaq.com/api/quote/KO/historical?assetclass=stocks&fromdate=2016-07-26&todate=2026-07-26&limit=5000
KO,2016-11-28,41.51,41.79,41.27,41.75,19389540,,https://api.nasdaq.com/api/quote/KO/historical?assetclass=stocks&fromdate=2016-07-26&todate=2026-07-26&limit=5000
KO,2016-11-29,41.52,41.52,41.14,41.15,11399890,,https://api.nasdaq.com/api/quote/KO/historical?assetclass=stocks&fromdate=2016-07-26&todate=2026-07-26&limit=5000
KO,2016-11-30,41,41.2,40.35,40.35,22390720,,https://api.nasdaq.com/api/quote/KO/historical?assetclass=stocks&fromdate=2016-07-26&todate=2026-07-26&limit=5000
KO,2016-12-01,40.31,40.39,39.88,40.17,20397120,,https://api.nasdaq.com/api/quote/KO/historical?assetclass=stocks&fromdate=2016-07-26&todate=2026-07-26&limit=5000
KO,2016-12-02,40.3,40.495,40.19,40.36,11163100,,https://api.nasdaq.com/api/quote/KO/historical?assetclass=stocks&fromdate=2016-07-26&todate=2026-07-26&limit=5000
KO,2016-12-05,40.34,40.69,40.31,40.62,15958390,,https://api.nasdaq.com/api/quote/KO/historical?assetclass=stocks&fromdate=2016-07-26&todate=2026-07-26&limit=5000
KO,2016-12-06,40.75,40.77,40.42,40.57,11303130,,https://api.nasdaq.com/api/quote/KO/historical?assetclass=stocks&fromdate=2016-07-26&todate=2026-07-26&limit=5000
KO,2016-12-07,40.54,41.29,40.51,41.29,13710580,,https://api.nasdaq.com/api/quote/KO/historical?assetclass=stocks&fromdate=2016-07-26&todate=2026-07-26&limit=5000
KO,2016-12-08,41.07,41.21,40.845,40.98,13069030,,https://api.nasdaq.com/api/quote/KO/historical?assetclass=stocks&fromdate=2016-07-26&todate=2026-07-26&limit=5000
KO,2016-12-09,41.5,42.22,41.29,42,28113450,,https://api.nasdaq.com/api/quote/KO/historical?assetclass=stocks&fromdate=2016-07-26&todate=2026-07-26&limit=5000
KO,2016-12-12,42,42.01,41.72,41.9,17545760,,https://api.nasdaq.com/api/quote/KO/historical?assetclass=stocks&fromdate=2016-07-26&todate=2026-07-26&limit=5000
KO,2016-12-13,41.72,41.96,41.54,41.76,18687090,,https://api.nasdaq.com/api/quote/KO/historical?assetclass=stocks&fromdate=2016-07-26&todate=2026-07-26&limit=5000
KO,2016-12-14,41.89,41.99,41.06,41.21,17920550,,https://api.nasdaq.com/api/quote/KO/historical?assetclass=stocks&fromdate=2016-07-26&todate=2026-07-26&limit=5000
KO,2016-12-15,41.095,41.81,41.095,41.55,14263310,,https://api.nasdaq.com/api/quote/KO/historical?assetclass=stocks&fromdate=2016-07-26&todate=2026-07-26&limit=5000
KO,2016-12-16,41.61,41.76,41.48,41.74,19673670,,https://api.nasdaq.com/api/quote/KO/historical?assetclass=stocks&fromdate=2016-07-26&todate=2026-07-26&limit=5000
KO,2016-12-19,41.69,41.8,41.58,41.67,8668245,,https://api.nasdaq.com/api/quote/KO/historical?assetclass=stocks&fromdate=2016-07-26&todate=2026-07-26&limit=5000
KO,2016-12-20,41.7,41.72,41.44,41.66,10598270,,https://api.nasdaq.com/api/quote/KO/historical?assetclass=stocks&fromdate=2016-07-26&todate=2026-07-26&limit=5000
KO,2016-12-21,41.6,41.8301,41.52,41.57,9693274,,https://api.nasdaq.com/api/quote/KO/historical?assetclass=stocks&fromdate=2016-07-26&todate=2026-07-26&limit=5000
KO,2016-12-22,41.57,41.62,41.08,41.55,11893150,,https://api.nasdaq.com/api/quote/KO/historical?assetclass=stocks&fromdate=2016-07-26&todate=2026-07-26&limit=5000
KO,2016-12-23,41.62,41.69,41.35,41.6,6433652,,https://api.nasdaq.com/api/quote/KO/historical?assetclass=stocks&fromdate=2016-07-26&todate=2026-07-26&limit=5000
KO,2016-12-27,41.56,41.76,41.54,41.61,6988456,,https://api.nasdaq.com/api/quote/KO/historical?assetclass=stocks&fromdate=2016-07-26&todate=2026-07-26&limit=5000
KO,2016-12-28,41.49,41.67,41.39,41.39,8827084,,https://api.nasdaq.com/api/quote/KO/historical?assetclass=stocks&fromdate=2016-07-26&todate=2026-07-26&limit=5000
KO,2016-12-29,41.38,41.69,41.38,41.6,6874614,,https://api.nasdaq.com/api/quote/KO/historical?assetclass=stocks&fromdate=2016-07-26&todate=2026-07-26&limit=5000
KO,2016-12-30,41.69,41.84,41.35,41.46,11470060,,https://api.nasdaq.com/api/quote/KO/historical?assetclass=stocks&fromdate=2016-07-26&todate=2026-07-26&limit=5000
KO,2017-01-03,41.5,41.81,41.28,41.8,14689550,,https://api.nasdaq.com/api/quote/KO/historical?assetclass=stocks&fromdate=2016-07-26&todate=2026-07-26&limit=5000
KO,2017-01-04,41.88,41.97,41.59,41.65,9942417,,https://api.nasdaq.com/api/quote/KO/historical?assetclass=stocks&fromdate=2016-07-26&todate=2026-07-26&limit=5000
KO,2017-01-05,41.66,41.86,41.525,41.75,8968202,,https://api.nasdaq.com/api/quote/KO/historical?assetclass=stocks&fromdate=2016-07-26&todate=2026-07-26&limit=5000
KO,2017-01-06,41.7,41.81,41.54,41.74,10246710,,https://api.nasdaq.com/api/quote/KO/historical?assetclass=stocks&fromdate=2016-07-26&todate=2026-07-26&limit=5000
KO,2017-01-09,41.23,41.58,41.21,41.32,14804790,,https://api.nasdaq.com/api/quote/KO/historical?assetclass=stocks&fromdate=2016-07-26&todate=2026-07-26&limit=5000
KO,2017-01-10,41.44,41.44,40.86,41.04,19678850,,https://api.nasdaq.com/api/quote/KO/historical?assetclass=stocks&fromdate=2016-07-26&todate=2026-07-26&limit=5000
KO,2017-01-11,40.85,41.12,40.83,41.05,9256622,,https://api.nasdaq.com/api/quote/KO/historical?assetclass=stocks&fromdate=2016-07-26&todate=2026-07-26&limit=5000
KO,2017-01-12,41.01,41.04,40.8,40.95,8541181,,https://api.nasdaq.com/api/quote/KO/historical?assetclass=stocks&fromdate=2016-07-26&todate=2026-07-26&limit=5000
KO,2017-01-13,41,41.04,40.69,40.88,8114893,,https://api.nasdaq.com/api/quote/KO/historical?assetclass=stocks&fromdate=2016-07-26&todate=2026-07-26&limit=5000
KO,2017-01-17,40.84,41.3,40.8,41.22,12469340,,https://api.nasdaq.com/api/quote/KO/historical?assetclass=stocks&fromdate=2016-07-26&todate=2026-07-26&limit=5000
KO,2017-01-18,41.25,41.379,41.14,41.29,10383360,,https://api.nasdaq.com/api/quote/KO/historical?assetclass=stocks&fromdate=2016-07-26&todate=2026-07-26&limit=5000
KO,2017-01-19,41.14,41.29,41.03,41.14,10985990,,https://api.nasdaq.com/api/quote/KO/historical?assetclass=stocks&fromdate=2016-07-26&todate=2026-07-26&limit=5000
KO,2017-01-20,41.27,41.44,41.13,41.32,14695290,,https://api.nasdaq.com/api/quote/KO/historical?assetclass=stocks&fromdate=2016-07-26&todate=2026-07-26&limit=5000
KO,2017-01-23,41.31,41.5,41.21,41.43,11628890,,https://api.nasdaq.com/api/quote/KO/historical?assetclass=stocks&fromdate=2016-07-26&todate=2026-07-26&limit=5000
KO,2017-01-24,41.47,41.97,41.47,41.9,17003010,,https://api.nasdaq.com/api/quote/KO/historical?assetclass=stocks&fromdate=2016-07-26&todate=2026-07-26&limit=5000
KO,2017-01-25,41.94,42.25,41.9,42.12,12530400,,https://api.nasdaq.com/api/quote/KO/historical?assetclass=stocks&fromdate=2016-07-26&todate=2026-07-26&limit=5000
KO,2017-01-26,42.03,42.11,41.79,41.81,8977122,,https://api.nasdaq.com/api/quote/KO/historical?assetclass=stocks&fromdate=2016-07-26&todate=2026-07-26&limit=5000
KO,2017-01-27,41.91,41.95,41.42,41.45,12967300,,https://api.nasdaq.com/api/quote/KO/historical?assetclass=stocks&fromdate=2016-07-26&todate=2026-07-26&limit=5000
KO,2017-01-30,41.3,41.48,41.205,41.38,11621660,,https://api.nasdaq.com/api/quote/KO/historical?assetclass=stocks&fromdate=2016-07-26&todate=2026-07-26&limit=5000
KO,2017-01-31,41.39,41.685,41.36,41.57,12647270,,https://api.nasdaq.com/api/quote/KO/historical?assetclass=stocks&fromdate=2016-07-26&todate=2026-07-26&limit=5000
KO,2017-02-01,41.52,41.66,41.25,41.26,11122640,,https://api.nasdaq.com/api/quote/KO/historical?assetclass=stocks&fromdate=2016-07-26&todate=2026-07-26&limit=5000
KO,2017-02-02,41.41,41.49,41.25,41.4,9450408,,https://api.nasdaq.com/api/quote/KO/historical?assetclass=stocks&fromdate=2016-07-26&todate=2026-07-26&limit=5000
KO,2017-02-03,41.58,41.79,41.455,41.54,11879390,,https://api.nasdaq.com/api/quote/KO/historical?assetclass=stocks&fromdate=2016-07-26&todate=2026-07-26&limit=5000
KO,2017-02-06,41.53,41.67,41.4,41.56,15742810,,https://api.nasdaq.com/api/quote/KO/historical?assetclass=stocks&fromdate=2016-07-26&todate=2026-07-26&limit=5000
KO,2017-02-07,41.7,41.98,41.67,41.9,13314670,,https://api.nasdaq.com/api/quote/KO/historical?assetclass=stocks&fromdate=2016-07-26&todate=2026-07-26&limit=5000
KO,2017-02-08,41.91,42.15,41.84,42.02,14206990,,https://api.nasdaq.com/api/quote/KO/historical?assetclass=stocks&fromdate=2016-07-26&todate=2026-07-26&limit=5000
KO,2017-02-09,41.52,41.68,40.72,41.25,27227420,,https://api.nasdaq.com/api/quote/KO/historical?assetclass=stocks&fromdate=2016-07-26&todate=2026-07-26&limit=5000
KO,2017-02-10,41.02,41.2,40.55,40.58,28841100,,https://api.nasdaq.com/api/quote/KO/historical?assetclass=stocks&fromdate=2016-07-26&todate=2026-07-26&limit=5000
KO,2017-02-13,40.77,40.83,40.5,40.62,23614180,,https://api.nasdaq.com/api/quote/KO/historical?assetclass=stocks&fromdate=2016-07-26&todate=2026-07-26&limit=5000
KO,2017-02-14,40.38,40.6,40.22,40.53,32176470,,https://api.nasdaq.com/api/quote/KO/historical?assetclass=stocks&fromdate=2016-07-26&todate=2026-07-26&limit=5000
KO,2017-02-15,40.42,40.63,40.395,40.44,26599580,,https://api.nasdaq.com/api/quote/KO/historical?assetclass=stocks&fromdate=2016-07-26&todate=2026-07-26&limit=5000
KO,2017-02-16,40.55,41.28,40.5,41.2,22214320,,https://api.nasdaq.com/api/quote/KO/historical?assetclass=stocks&fromdate=2016-07-26&todate=2026-07-26&limit=5000
KO,2017-02-17,41.13,41.36,41.05,41.23,15064820,,https://api.nasdaq.com/api/quote/KO/historical?assetclass=stocks&fromdate=2016-07-26&todate=2026-07-26&limit=5000
KO,2017-02-21,41.2,41.5,41.2,41.46,17072490,,https://api.nasdaq.com/api/quote/KO/historical?assetclass=stocks&fromdate=2016-07-26&todate=2026-07-26&limit=5000
KO,2017-02-22,41.51,41.68,41.4,41.6,11185550,,https://api.nasdaq.com/api/quote/KO/historical?assetclass=stocks&fromdate=2016-07-26&todate=2026-07-26&limit=5000
KO,2017-02-23,41.67,42,41.62,41.66,12856740,,https://api.nasdaq.com/api/quote/KO/historical?assetclass=stocks&fromdate=2016-07-26&todate=2026-07-26&limit=5000
KO,2017-02-24,41.7,41.91,41.6,41.78,13198740,,https://api.nasdaq.com/api/quote/KO/historical?assetclass=stocks&fromdate=2016-07-26&todate=2026-07-26&limit=5000
KO,2017-02-27,41.75,41.75,41.585,41.67,12170140,,https://api.nasdaq.com/api/quote/KO/historical?assetclass=stocks&fromdate=2016-07-26&todate=2026-07-26&limit=5000
KO,2017-02-28,41.68,42.07,41.64,41.96,15946360,,https://api.nasdaq.com/api/quote/KO/historical?assetclass=stocks&fromdate=2016-07-26&todate=2026-07-26&limit=5000
KO,2017-03-01,42.01,42.35,41.88,42.16,14661760,,https://api.nasdaq.com/api/quote/KO/historical?assetclass=stocks&fromdate=2016-07-26&todate=2026-07-26&limit=5000
KO,2017-03-02,42.08,42.56,42.07,42.47,15500610,,https://api.nasdaq.com/api/quote/KO/historical?assetclass=stocks&fromdate=2016-07-26&todate=2026-07-26&limit=5000
KO,2017-03-03,42.44,42.49,42.25,42.48,11742980,,https://api.nasdaq.com/api/quote/KO/historical?assetclass=stocks&fromdate=2016-07-26&todate=2026-07-26&limit=5000
KO,2017-03-06,42.34,42.43,42.12,42.18,16299460,,https://api.nasdaq.com/api/quote/KO/historical?assetclass=stocks&fromdate=2016-07-26&todate=2026-07-26&limit=5000
KO,2017-03-07,42,42.24,41.95,41.99,11271950,,https://api.nasdaq.com/api/quote/KO/historical?assetclass=stocks&fromdate=2016-07-26&todate=2026-07-26&limit=5000
KO,2017-03-08,42,42.025,41.74,41.99,14639750,,https://api.nasdaq.com/api/quote/KO/historical?assetclass=stocks&fromdate=2016-07-26&todate=2026-07-26&limit=5000
KO,2017-03-09,42.09,42.11,41.92,42.03,14495790,,https://api.nasdaq.com/api/quote/KO/historical?assetclass=stocks&fromdate=2016-07-26&todate=2026-07-26&limit=5000
KO,2017-03-10,42.23,42.4,42.15,42.29,16336230,,https://api.nasdaq.com/api/quote/KO/historical?assetclass=stocks&fromdate=2016-07-26&todate=2026-07-26&limit=5000
KO,2017-03-13,41.92,42.12,41.84,42.03,12546790,,https://api.nasdaq.com/api/quote/KO/historical?assetclass=stocks&fromdate=2016-07-26&todate=2026-07-26&limit=5000
KO,2017-03-14,41.98,42.1,41.83,41.97,9841360,,https://api.nasdaq.com/api/quote/KO/historical?assetclass=stocks&fromdate=2016-07-26&todate=2026-07-26&limit=5000
KO,2017-03-15,41.98,42.275,41.97,42.12,22756150,,https://api.nasdaq.com/api/quote/KO/historical?assetclass=stocks&fromdate=2016-07-26&todate=2026-07-26&limit=5000
KO,2017-03-16,42.03,42.39,41.9,42.25,16004180,,https://api.nasdaq.com/api/quote/KO/historical?assetclass=stocks&fromdate=2016-07-26&todate=2026-07-26&limit=5000
KO,2017-03-17,42.28,42.35,42.01,42.03,37497570,,https://api.nasdaq.com/api/quote/KO/historical?assetclass=stocks&fromdate=2016-07-26&todate=2026-07-26&limit=5000
KO,2017-03-20,42.1,42.34,42.0701,42.18,11484230,,https://api.nasdaq.com/api/quote/KO/historical?assetclass=stocks&fromdate=2016-07-26&todate=2026-07-26&limit=5000
KO,2017-03-21,42.31,42.63,42.21,42.5,17178350,,https://api.nasdaq.com/api/quote/KO/historical?assetclass=stocks&fromdate=2016-07-26&todate=2026-07-26&limit=5000
KO,2017-03-22,42.56,42.7,42.25,42.38,11595670,,https://api.nasdaq.com/api/quote/KO/historical?assetclass=stocks&fromdate=2016-07-26&todate=2026-07-26&limit=5000
KO,2017-03-23,42.21,42.39,42.06,42.17,11502350,,https://api.nasdaq.com/api/quote/KO/historical?assetclass=stocks&fromdate=2016-07-26&todate=2026-07-26&limit=5000
KO,2017-03-24,42.23,42.25,41.91,42.12,13804410,,https://api.nasdaq.com/api/quote/KO/historical?assetclass=stocks&fromdate=2016-07-26&todate=2026-07-26&limit=5000
KO,2017-03-27,42.11,42.34,42.05,42.32,12386370,,https://api.nasdaq.com/api/quote/KO/historical?assetclass=stocks&fromdate=2016-07-26&todate=2026-07-26&limit=5000
KO,2017-03-28,42.24,42.56,42.24,42.43,14123720,,https://api.nasdaq.com/api/quote/KO/historical?assetclass=stocks&fromdate=2016-07-26&todate=2026-07-26&limit=5000
KO,2017-03-29,42.51,42.525,42.29,42.42,9579224,,https://api.nasdaq.com/api/quote/KO/historical?assetclass=stocks&fromdate=2016-07-26&todate=2026-07-26&limit=5000
KO,2017-03-30,42.35,42.6155,42.26,42.6,11987810,,https://api.nasdaq.com/api/quote/KO/historical?assetclass=stocks&fromdate=2016-07-26&todate=2026-07-26&limit=5000
KO,2017-03-31,42.55,42.65,42.43,42.44,11543620,,https://api.nasdaq.com/api/quote/KO/historical?assetclass=stocks&fromdate=2016-07-26&todate=2026-07-26&limit=5000
KO,2017-04-03,42.58,42.625,42.27,42.41,11239960,,https://api.nasdaq.com/api/quote/KO/historical?assetclass=stocks&fromdate=2016-07-26&todate=2026-07-26&limit=5000
KO,2017-04-04,42.51,42.69,42.37,42.68,10945520,,https://api.nasdaq.com/api/quote/KO/historical?assetclass=stocks&fromdate=2016-07-26&todate=2026-07-26&limit=5000
KO,2017-04-05,42.65,42.855,42.53,42.57,10126890,,https://api.nasdaq.com/api/quote/KO/historical?assetclass=stocks&fromdate=2016-07-26&todate=2026-07-26&limit=5000
KO,2017-04-06,42.58,42.76,42.47,42.67,14583520,,https://api.nasdaq.com/api/quote/KO/historical?assetclass=stocks&fromdate=2016-07-26&todate=2026-07-26&limit=5000
KO,2017-04-07,42.64,42.74,42.51,42.61,11010420,,https://api.nasdaq.com/api/quote/KO/historical?assetclass=stocks&fromdate=2016-07-26&todate=2026-07-26&limit=5000
KO,2017-04-10,42.73,42.8,42.5566,42.69,9413282,,https://api.nasdaq.com/api/quote/KO/historical?assetclass=stocks&fromdate=2016-07-26&todate=2026-07-26&limit=5000
KO,2017-04-11,42.68,42.75,42.515,42.66,8909134,,https://api.nasdaq.com/api/quote/KO/historical?assetclass=stocks&fromdate=2016-07-26&todate=2026-07-26&limit=5000
KO,2017-04-12,42.54,42.99,42.51,42.94,13417090,,https://api.nasdaq.com/api/quote/KO/historical?assetclass=stocks&fromdate=2016-07-26&todate=2026-07-26&limit=5000
KO,2017-04-13,42.87,43.08,42.78,42.79,9891015,,https://api.nasdaq.com/api/quote/KO/historical?assetclass=stocks&fromdate=2016-07-26&todate=2026-07-26&limit=5000
KO,2017-04-17,42.79,43.07,42.78,43.07,11304720,,https://api.nasdaq.com/api/quote/KO/historical?assetclass=stocks&fromdate=2016-07-26&todate=2026-07-26&limit=5000
KO,2017-04-18,43.11,43.59,43.09,43.48,13164640,,https://api.nasdaq.com/api/quote/KO/historical?assetclass=stocks&fromdate=2016-07-26&todate=2026-07-26&limit=5000
KO,2017-04-19,43.74,43.79,43.19,43.23,13885910,,https://api.nasdaq.com/api/quote/KO/historical?assetclass=stocks&fromdate=2016-07-26&todate=2026-07-26&limit=5000
KO,2017-04-20,43.2,43.3,43.05,43.09,10836510,,https://api.nasdaq.com/api/quote/KO/historical?assetclass=stocks&fromdate=2016-07-26&todate=2026-07-26&limit=5000
KO,2017-04-21,42.98,43.1,42.89,43.07,13811170,,https://api.nasdaq.com/api/quote/KO/historical?assetclass=stocks&fromdate=2016-07-26&todate=2026-07-26&limit=5000
KO,2017-04-24,43.24,43.43,43.15,43.28,16603970,,https://api.nasdaq.com/api/quote/KO/historical?assetclass=stocks&fromdate=2016-07-26&todate=2026-07-26&limit=5000
KO,2017-04-25,42.85,43.43,42.82,43.11,18667650,,https://api.nasdaq.com/api/quote/KO/historical?assetclass=stocks&fromdate=2016-07-26&todate=2026-07-26&limit=5000
KO,2017-04-26,43.06,43.43,42.98,43.24,13625150,,https://api.nasdaq.com/api/quote/KO/historical?assetclass=stocks&fromdate=2016-07-26&todate=2026-07-26&limit=5000
KO,2017-04-27,43.17,43.28,42.92,43.01,10383720,,https://api.nasdaq.com/api/quote/KO/historical?assetclass=stocks&fromdate=2016-07-26&todate=2026-07-26&limit=5000
KO,2017-04-28,42.96,43.2,42.85,43.15,10337760,,https://api.nasdaq.com/api/quote/KO/historical?assetclass=stocks&fromdate=2016-07-26&todate=2026-07-26&limit=5000
KO,2017-05-01,43.15,43.5,43.1,43.22,13208090,,https://api.nasdaq.com/api/quote/KO/historical?assetclass=stocks&fromdate=2016-07-26&todate=2026-07-26&limit=5000
KO,2017-05-02,43.22,43.44,43.16,43.39,11341460,,https://api.nasdaq.com/api/quote/KO/historical?assetclass=stocks&fromdate=2016-07-26&todate=2026-07-26&limit=5000
KO,2017-05-03,43.33,43.485,43.15,43.32,10384950,,https://api.nasdaq.com/api/quote/KO/historical?assetclass=stocks&fromdate=2016-07-26&todate=2026-07-26&limit=5000
KO,2017-05-04,43.42,43.81,43.4,43.66,10193060,,https://api.nasdaq.com/api/quote/KO/historical?assetclass=stocks&fromdate=2016-07-26&todate=2026-07-26&limit=5000
KO,2017-05-05,43.79,43.84,43.56,43.69,8132539,,https://api.nasdaq.com/api/quote/KO/historical?assetclass=stocks&fromdate=2016-07-26&todate=2026-07-26&limit=5000
KO,2017-05-08,43.59,43.91,43.54,43.89,14282330,,https://api.nasdaq.com/api/quote/KO/historical?assetclass=stocks&fromdate=2016-07-26&todate=2026-07-26&limit=5000
KO,2017-05-09,43.89,43.89,43.38,43.51,8691955,,https://api.nasdaq.com/api/quote/KO/historical?assetclass=stocks&fromdate=2016-07-26&todate=2026-07-26&limit=5000
KO,2017-05-10,43.48,43.62,43.36,43.57,7597653,,https://api.nasdaq.com/api/quote/KO/historical?assetclass=stocks&fromdate=2016-07-26&todate=2026-07-26&limit=5000
KO,2017-05-11,43.49,43.68,43.43,43.67,6859814,,https://api.nasdaq.com/api/quote/KO/historical?assetclass=stocks&fromdate=2016-07-26&todate=2026-07-26&limit=5000
KO,2017-05-12,43.64,43.68,43.455,43.59,7275753,,https://api.nasdaq.com/api/quote/KO/historical?assetclass=stocks&fromdate=2016-07-26&todate=2026-07-26&limit=5000
KO,2017-05-15,43.46,43.76,43.46,43.73,7705928,,https://api.nasdaq.com/api/quote/KO/historical?assetclass=stocks&fromdate=2016-07-26&todate=2026-07-26&limit=5000
KO,2017-05-16,43.87,44.11,43.77,43.85,10453040,,https://api.nasdaq.com/api/quote/KO/historical?assetclass=stocks&fromdate=2016-07-26&todate=2026-07-26&limit=5000
KO,2017-05-17,43.81,44.165,43.71,43.93,14536580,,https://api.nasdaq.com/api/quote/KO/historical?assetclass=stocks&fromdate=2016-07-26&todate=2026-07-26&limit=5000
KO,2017-05-18,43.87,43.96,43.64,43.8,13823280,,https://api.nasdaq.com/api/quote/KO/historical?assetclass=stocks&fromdate=2016-07-26&todate=2026-07-26&limit=5000
KO,2017-05-19,43.85,44,43.76,43.9,11741290,,https://api.nasdaq.com/api/quote/KO/historical?assetclass=stocks&fromdate=2016-07-26&todate=2026-07-26&limit=5000
KO,2017-05-22,43.89,44.22,43.81,44.18,12849170,,https://api.nasdaq.com/api/quote/KO/historical?assetclass=stocks&fromdate=2016-07-26&todate=2026-07-26&limit=5000
KO,2017-05-23,44.25,44.6,44.21,44.39,11995860,,https://api.nasdaq.com/api/quote/KO/historical?assetclass=stocks&fromdate=2016-07-26&todate=2026-07-26&limit=5000
KO,2017-05-24,44.51,45.09,44.51,45.03,12854330,,https://api.nasdaq.com/api/quote/KO/historical?assetclass=stocks&fromdate=2016-07-26&todate=2026-07-26&limit=5000
KO,2017-05-25,45,45.48,44.97,45.41,16690640,,https://api.nasdaq.com/api/quote/KO/historical?assetclass=stocks&fromdate=2016-07-26&todate=2026-07-26&limit=5000
KO,2017-05-26,45.35,45.56,45.33,45.39,11341230,,https://api.nasdaq.com/api/quote/KO/historical?assetclass=stocks&fromdate=2016-07-26&todate=2026-07-26&limit=5000
KO,2017-05-30,45.16,45.46,45.11,45.43,13093260,,https://api.nasdaq.com/api/quote/KO/historical?assetclass=stocks&fromdate=2016-07-26&todate=2026-07-26&limit=5000
KO,2017-05-31,45.43,45.7,45.37,45.47,14187740,,https://api.nasdaq.com/api/quote/KO/historical?assetclass=stocks&fromdate=2016-07-26&todate=2026-07-26&limit=5000
KO,2017-06-01,45.45,45.79,45.2332,45.79,10978750,,https://api.nasdaq.com/api/quote/KO/historical?assetclass=stocks&fromdate=2016-07-26&todate=2026-07-26&limit=5000
KO,2017-06-02,45.83,45.89,45.605,45.89,9912847,,https://api.nasdaq.com/api/quote/KO/historical?assetclass=stocks&fromdate=2016-07-26&todate=2026-07-26&limit=5000
KO,2017-06-05,45.78,45.99,45.69,45.99,10014970,,https://api.nasdaq.com/api/quote/KO/historical?assetclass=stocks&fromdate=2016-07-26&todate=2026-07-26&limit=5000
KO,2017-06-06,45.9,46.06,45.78,45.98,9836716,,https://api.nasdaq.com/api/quote/KO/historical?assetclass=stocks&fromdate=2016-07-26&todate=2026-07-26&limit=5000
KO,2017-06-07,45.5,45.7,45.35,45.51,12766290,,https://api.nasdaq.com/api/quote/KO/historical?assetclass=stocks&fromdate=2016-07-26&todate=2026-07-26&limit=5000
KO,2017-06-08,45.39,45.51,45.03,45.13,12803850,,https://api.nasdaq.com/api/quote/KO/historical?assetclass=stocks&fromdate=2016-07-26&todate=2026-07-26&limit=5000
KO,2017-06-09,45.06,45.35,44.97,45.32,9358785,,https://api.nasdaq.com/api/quote/KO/historical?assetclass=stocks&fromdate=2016-07-26&todate=2026-07-26&limit=5000
KO,2017-06-12,45.35,45.48,45.15,45.33,11217810,,https://api.nasdaq.com/api/quote/KO/historical?assetclass=stocks&fromdate=2016-07-26&todate=2026-07-26&limit=5000
KO,2017-06-13,45,45.11,44.8,45.03,10023160,,https://api.nasdaq.com/api/quote/KO/historical?assetclass=stocks&fromdate=2016-07-26&todate=2026-07-26&limit=5000
KO,2017-06-14,45.18,45.47,45.16,45.3,11457070,,https://api.nasdaq.com/api/quote/KO/historical?assetclass=stocks&fromdate=2016-07-26&todate=2026-07-26&limit=5000
KO,2017-06-15,45.18,45.34,45.04,45.25,9908518,,https://api.nasdaq.com/api/quote/KO/historical?assetclass=stocks&fromdate=2016-07-26&todate=2026-07-26&limit=5000
KO,2017-06-16,45.31,45.35,45.01,45.31,27022700,,https://api.nasdaq.com/api/quote/KO/historical?assetclass=stocks&fromdate=2016-07-26&todate=2026-07-26&limit=5000
KO,2017-06-19,45.35,45.38,45.1,45.38,7531218,,https://api.nasdaq.com/api/quote/KO/historical?assetclass=stocks&fromdate=2016-07-26&todate=2026-07-26&limit=5000
KO,2017-06-20,45.35,45.865,45.32,45.61,14918860,,https://api.nasdaq.com/api/quote/KO/historical?assetclass=stocks&fromdate=2016-07-26&todate=2026-07-26&limit=5000
KO,2017-06-21,45.62,45.68,45.165,45.22,9515844,,https://api.nasdaq.com/api/quote/KO/historical?assetclass=stocks&fromdate=2016-07-26&todate=2026-07-26&limit=5000
KO,2017-06-22,45.17,45.28,45.03,45.07,7446299,,https://api.nasdaq.com/api/quote/KO/historical?assetclass=stocks&fromdate=2016-07-26&todate=2026-07-26&limit=5000
KO,2017-06-23,45.05,45.38,45.03,45.25,9528777,,https://api.nasdaq.com/api/quote/KO/historical?assetclass=stocks&fromdate=2016-07-26&todate=2026-07-26&limit=5000
KO,2017-06-26,45.32,45.51,45.3,45.43,7747057,,https://api.nasdaq.com/api/quote/KO/historical?assetclass=stocks&fromdate=2016-07-26&todate=2026-07-26&limit=5000
KO,2017-06-27,45.34,45.395,45,45.05,11419080,,https://api.nasdaq.com/api/quote/KO/historical?assetclass=stocks&fromdate=2016-07-26&todate=2026-07-26&limit=5000
KO,2017-06-28,45.25,45.5,45.23,45.32,9209241,,https://api.nasdaq.com/api/quote/KO/historical?assetclass=stocks&fromdate=2016-07-26&todate=2026-07-26&limit=5000
KO,2017-06-29,45.13,45.24,44.65,44.83,9280793,,https://api.nasdaq.com/api/quote/KO/historical?assetclass=stocks&fromdate=2016-07-26&todate=2026-07-26&limit=5000
KO,2017-06-30,44.89,45.12,44.85,44.85,9351684,,https://api.nasdaq.com/api/quote/KO/historical?assetclass=stocks&fromdate=2016-07-26&todate=2026-07-26&limit=5000
KO,2017-07-03,45.11,45.27,44.76,44.76,6434460,,https://api.nasdaq.com/api/quote/KO/historical?assetclass=stocks&fromdate=2016-07-26&todate=2026-07-26&limit=5000
KO,2017-07-05,44.79,44.99,44.73,44.82,6839183,,https://api.nasdaq.com/api/quote/KO/historical?assetclass=stocks&fromdate=2016-07-26&todate=2026-07-26&limit=5000
KO,2017-07-06,44.72,44.85,44.29,44.4,13105290,,https://api.nasdaq.com/api/quote/KO/historical?assetclass=stocks&fromdate=2016-07-26&todate=2026-07-26&limit=5000
KO,2017-07-07,44.47,44.52,44.24,44.39,9223957,,https://api.nasdaq.com/api/quote/KO/historical?assetclass=stocks&fromdate=2016-07-26&todate=2026-07-26&limit=5000
KO,2017-07-10,44.45,44.575,44.23,44.38,9533873,,https://api.nasdaq.com/api/quote/KO/historical?assetclass=stocks&fromdate=2016-07-26&todate=2026-07-26&limit=5000
KO,2017-07-11,44.32,44.48,44.15,44.33,10300690,,https://api.nasdaq.com/api/quote/KO/historical?assetclass=stocks&fromdate=2016-07-26&todate=2026-07-26&limit=5000
KO,2017-07-12,44.59,44.77,44.44,44.51,7737298,,https://api.nasdaq.com/api/quote/KO/historical?assetclass=stocks&fromdate=2016-07-26&todate=2026-07-26&limit=5000
KO,2017-07-13,44.49,44.525,44.37,44.43,6371854,,https://api.nasdaq.com/api/quote/KO/historical?assetclass=stocks&fromdate=2016-07-26&todate=2026-07-26&limit=5000
KO,2017-07-14,44.52,44.72,44.495,44.68,8481027,,https://api.nasdaq.com/api/quote/KO/historical?assetclass=stocks&fromdate=2016-07-26&todate=2026-07-26&limit=5000
KO,2017-07-17,44.66,44.785,44.61,44.73,7186727,,https://api.nasdaq.com/api/quote/KO/historical?assetclass=stocks&fromdate=2016-07-26&todate=2026-07-26&limit=5000
KO,2017-07-18,44.78,44.85,44.615,44.67,9035946,,https://api.nasdaq.com/api/quote/KO/historical?assetclass=stocks&fromdate=2016-07-26&todate=2026-07-26&limit=5000
KO,2017-07-19,44.67,44.84,44.545,44.83,6851751,,https://api.nasdaq.com/api/quote/KO/historical?assetclass=stocks&fromdate=2016-07-26&todate=2026-07-26&limit=5000
KO,2017-07-20,44.9,44.98,44.75,44.82,7397453,,https://api.nasdaq.com/api/quote/KO/historical?assetclass=stocks&fromdate=2016-07-26&todate=2026-07-26&limit=5000
KO,2017-07-21,44.78,45.07,44.67,45.03,8545560,,https://api.nasdaq.com/api/quote/KO/historical?assetclass=stocks&fromdate=2016-07-26&todate=2026-07-26&limit=5000
KO,2017-07-24,45.04,45.045,44.83,44.84,9101569,,https://api.nasdaq.com/api/quote/KO/historical?assetclass=stocks&fromdate=2016-07-26&todate=2026-07-26&limit=5000
KO,2017-07-25,45.02,45.29,44.935,45.24,14092450,,https://api.nasdaq.com/api/quote/KO/historical?assetclass=stocks&fromdate=2016-07-26&todate=2026-07-26&limit=5000
KO,2017-07-26,44.55,45.79,44.31,45.74,13606580,,https://api.nasdaq.com/api/quote/KO/historical?assetclass=stocks&fromdate=2016-07-26&todate=2026-07-26&limit=5000
KO,2017-07-27,45.8,46.425,45.7,46.12,15119740,,https://api.nasdaq.com/api/quote/KO/historical?assetclass=stocks&fromdate=2016-07-26&todate=2026-07-26&limit=5000
KO,2017-07-28,46,46.12,45.73,46.01,11945230,,https://api.nasdaq.com/api/quote/KO/historical?assetclass=stocks&fromdate=2016-07-26&todate=2026-07-26&limit=5000
KO,2017-07-31,46,46.0762,45.79,45.84,13621900,,https://api.nasdaq.com/api/quote/KO/historical?assetclass=stocks&fromdate=2016-07-26&todate=2026-07-26&limit=5000
KO,2017-08-01,45.97,46.06,45.645,45.7,10277880,,https://api.nasdaq.com/api/quote/KO/historical?assetclass=stocks&fromdate=2016-07-26&todate=2026-07-26&limit=5000
KO,2017-08-02,45.6,46,45.38,45.59,9899271,,https://api.nasdaq.com/api/quote/KO/historical?assetclass=stocks&fromdate=2016-07-26&todate=2026-07-26&limit=5000
KO,2017-08-03,45.65,45.95,45.63,45.67,14260000,,https://api.nasdaq.com/api/quote/KO/historical?assetclass=stocks&fromdate=2016-07-26&todate=2026-07-26&limit=5000
KO,2017-08-04,45.67,45.76,45.47,45.5,9523356,,https://api.nasdaq.com/api/quote/KO/historical?assetclass=stocks&fromdate=2016-07-26&todate=2026-07-26&limit=5000
KO,2017-08-07,45.52,45.76,45.5,45.64,6226293,,https://api.nasdaq.com/api/quote/KO/historical?assetclass=stocks&fromdate=2016-07-26&todate=2026-07-26&limit=5000
KO,2017-08-08,45.64,45.82,45.545,45.6,5685987,,https://api.nasdaq.com/api/quote/KO/historical?assetclass=stocks&fromdate=2016-07-26&todate=2026-07-26&limit=5000
KO,2017-08-09,45.56,45.6611,45.325,45.59,9635170,,https://api.nasdaq.com/api/quote/KO/historical?assetclass=stocks&fromdate=2016-07-26&todate=2026-07-26&limit=5000
KO,2017-08-10,45.56,45.84,45.46,45.74,8892137,,https://api.nasdaq.com/api/quote/KO/historical?assetclass=stocks&fromdate=2016-07-26&todate=2026-07-26&limit=5000
KO,2017-08-11,45.86,45.9,45.57,45.59,8357356,,https://api.nasdaq.com/api/quote/KO/historical?assetclass=stocks&fromdate=2016-07-26&todate=2026-07-26&limit=5000
KO,2017-08-14,45.67,45.94,45.62,45.8,8411812,,https://api.nasdaq.com/api/quote/KO/historical?assetclass=stocks&fromdate=2016-07-26&todate=2026-07-26&limit=5000
KO,2017-08-15,45.8,46.25,45.8,46.19,9624729,,https://api.nasdaq.com/api/quote/KO/historical?assetclass=stocks&fromdate=2016-07-26&todate=2026-07-26&limit=5000
KO,2017-08-16,46.15,46.34,46.12,46.2,8076003,,https://api.nasdaq.com/api/quote/KO/historical?assetclass=stocks&fromdate=2016-07-26&todate=2026-07-26&limit=5000
KO,2017-08-17,46.12,46.33,45.85,45.86,8185243,,https://api.nasdaq.com/api/quote/KO/historical?assetclass=stocks&fromdate=2016-07-26&todate=2026-07-26&limit=5000
KO,2017-08-18,45.8,45.9,45.63,45.67,10877090,,https://api.nasdaq.com/api/quote/KO/historical?assetclass=stocks&fromdate=2016-07-26&todate=2026-07-26&limit=5000
KO,2017-08-21,45.67,45.8,45.5601,45.68,9429536,,https://api.nasdaq.com/api/quote/KO/historical?assetclass=stocks&fromdate=2016-07-26&todate=2026-07-26&limit=5000
KO,2017-08-22,45.7,45.75,45.54,45.6,10523860,,https://api.nasdaq.com/api/quote/KO/historical?assetclass=stocks&fromdate=2016-07-26&todate=2026-07-26&limit=5000
KO,2017-08-23,45.63,45.66,45.44,45.54,6517657,,https://api.nasdaq.com/api/quote/KO/historical?assetclass=stocks&fromdate=2016-07-26&todate=2026-07-26&limit=5000
KO,2017-08-24,45.54,45.61,45.31,45.41,7534364,,https://api.nasdaq.com/api/quote/KO/historical?assetclass=stocks&fromdate=2016-07-26&todate=2026-07-26&limit=5000
KO,2017-08-25,45.6,45.76,45.56,45.57,8767112,,https://api.nasdaq.com/api/quote/KO/historical?assetclass=stocks&fromdate=2016-07-26&todate=2026-07-26&limit=5000
KO,2017-08-28,45.63,45.69,45.38,45.42,8009386,,https://api.nasdaq.com/api/quote/KO/historical?assetclass=stocks&fromdate=2016-07-26&todate=2026-07-26&limit=5000
KO,2017-08-29,45.4,45.57,45.25,45.45,7750959,,https://api.nasdaq.com/api/quote/KO/historical?assetclass=stocks&fromdate=2016-07-26&todate=2026-07-26&limit=5000
KO,2017-08-30,45.36,45.54,45.29,45.39,7134877,,https://api.nasdaq.com/api/quote/KO/historical?assetclass=stocks&fromdate=2016-07-26&todate=2026-07-26&limit=5000
KO,2017-08-31,45.4,45.65,45.34,45.55,14256010,,https://api.nasdaq.com/api/quote/KO/historical?assetclass=stocks&fromdate=2016-07-26&todate=2026-07-26&limit=5000
KO,2017-09-01,45.64,45.8,45.54,45.78,7391249,,https://api.nasdaq.com/api/quote/KO/historical?assetclass=stocks&fromdate=2016-07-26&todate=2026-07-26&limit=5000
KO,2017-09-05,45.75,45.93,45.65,45.92,10455170,,https://api.nasdaq.com/api/quote/KO/historical?assetclass=stocks&fromdate=2016-07-26&todate=2026-07-26&limit=5000
KO,2017-09-06,45.98,46.04,45.79,45.96,9238704,,https://api.nasdaq.com/api/quote/KO/historical?assetclass=stocks&fromdate=2016-07-26&todate=2026-07-26&limit=5000
KO,2017-09-07,46.01,46.32,45.96,46.28,9418120,,https://api.nasdaq.com/api/quote/KO/historical?assetclass=stocks&fromdate=2016-07-26&todate=2026-07-26&limit=5000
KO,2017-09-08,46.19,46.37,46.02,46.3,10522650,,https://api.nasdaq.com/api/quote/KO/historical?assetclass=stocks&fromdate=2016-07-26&todate=2026-07-26&limit=5000
KO,2017-09-11,46.35,46.59,46.22,46.52,10417180,,https://api.nasdaq.com/api/quote/KO/historical?assetclass=stocks&fromdate=2016-07-26&todate=2026-07-26&limit=5000
KO,2017-09-12,46.5,46.75,46.45,46.72,8572870,,https://api.nasdaq.com/api/quote/KO/historical?assetclass=stocks&fromdate=2016-07-26&todate=2026-07-26&limit=5000
KO,2017-09-13,46.68,46.98,46.65,46.87,10209150,,https://api.nasdaq.com/api/quote/KO/historical?assetclass=stocks&fromdate=2016-07-26&todate=2026-07-26&limit=5000
KO,2017-09-14,46.4,46.465,45.94,46.11,13723330,,https://api.nasdaq.com/api/quote/KO/historical?assetclass=stocks&fromdate=2016-07-26&todate=2026-07-26&limit=5000
KO,2017-09-15,46.3,46.36,46,46.18,16141410,,https://api.nasdaq.com/api/quote/KO/historical?assetclass=stocks&fromdate=2016-07-26&todate=2026-07-26&limit=5000
KO,2017-09-18,46.15,46.24,45.91,46.11,8532869,,https://api.nasdaq.com/api/quote/KO/historical?assetclass=stocks&fromdate=2016-07-26&todate=2026-07-26&limit=5000
KO,2017-09-19,46.14,46.19,45.89,45.98,7297932,,https://api.nasdaq.com/api/quote/KO/historical?assetclass=stocks&fromdate=2016-07-26&todate=2026-07-26&limit=5000
KO,2017-09-20,45.76,46.145,45.55,45.78,11026430,,https://api.nasdaq.com/api/quote/KO/historical?assetclass=stocks&fromdate=2016-07-26&todate=2026-07-26&limit=5000
KO,2017-09-21,45.71,45.79,45.36,45.4,7497911,,https://api.nasdaq.com/api/quote/KO/historical?assetclass=stocks&fromdate=2016-07-26&todate=2026-07-26&limit=5000
KO,2017-09-22,45.45,45.63,45.37,45.49,8023173,,https://api.nasdaq.com/api/quote/KO/historical?assetclass=stocks&fromdate=2016-07-26&todate=2026-07-26&limit=5000
KO,2017-09-25,45.5,45.76,45.35,45.69,9215026,,https://api.nasdaq.com/api/quote/KO/historical?assetclass=stocks&fromdate=2016-07-26&todate=2026-07-26&limit=5000
KO,2017-09-26,45.69,45.87,45.56,45.57,6480138,,https://api.nasdaq.com/api/quote/KO/historical?assetclass=stocks&fromdate=2016-07-26&todate=2026-07-26&limit=5000
KO,2017-09-27,45.47,45.5,44.38,44.64,14710570,,https://api.nasdaq.com/api/quote/KO/historical?assetclass=stocks&fromdate=2016-07-26&todate=2026-07-26&limit=5000
KO,2017-09-28,44.67,45,44.65,44.91,8789462,,https://api.nasdaq.com/api/quote/KO/historical?assetclass=stocks&fromdate=2016-07-26&todate=2026-07-26&limit=5000
KO,2017-09-29,44.86,45.11,44.79,45.01,10026020,,https://api.nasdaq.com/api/quote/KO/historical?assetclass=stocks&fromdate=2016-07-26&todate=2026-07-26&limit=5000
KO,2017-10-02,45.05,45.265,44.745,44.8,10705710,,https://api.nasdaq.com/api/quote/KO/historical?assetclass=stocks&fromdate=2016-07-26&todate=2026-07-26&limit=5000
KO,2017-10-03,44.86,45.26,44.76,45.19,12038100,,https://api.nasdaq.com/api/quote/KO/historical?assetclass=stocks&fromdate=2016-07-26&todate=2026-07-26&limit=5000
KO,2017-10-04,45.11,45.56,44.935,45.5,14059810,,https://api.nasdaq.com/api/quote/KO/historical?assetclass=stocks&fromdate=2016-07-26&todate=2026-07-26&limit=5000
KO,2017-10-05,45.51,45.745,45.5,45.52,10215320,,https://api.nasdaq.com/api/quote/KO/historical?assetclass=stocks&fromdate=2016-07-26&todate=2026-07-26&limit=5000
KO,2017-10-06,45.39,45.52,45.28,45.49,5294141,,https://api.nasdaq.com/api/quote/KO/historical?assetclass=stocks&fromdate=2016-07-26&todate=2026-07-26&limit=5000
KO,2017-10-09,45.55,45.65,45.34,45.41,5249376,,https://api.nasdaq.com/api/quote/KO/historical?assetclass=stocks&fromdate=2016-07-26&todate=2026-07-26&limit=5000
KO,2017-10-10,45.6,45.9,45.525,45.87,6302478,,https://api.nasdaq.com/api/quote/KO/historical?assetclass=stocks&fromdate=2016-07-26&todate=2026-07-26&limit=5000
KO,2017-10-11,45.88,46.2,45.87,46.1,6630144,,https://api.nasdaq.com/api/quote/KO/historical?assetclass=stocks&fromdate=2016-07-26&todate=2026-07-26&limit=5000
KO,2017-10-12,45.98,46.14,45.94,46.11,7909742,,https://api.nasdaq.com/api/quote/KO/historical?assetclass=stocks&fromdate=2016-07-26&todate=2026-07-26&limit=5000
KO,2017-10-13,46.25,46.38,46.15,46.18,7125633,,https://api.nasdaq.com/api/quote/KO/historical?assetclass=stocks&fromdate=2016-07-26&todate=2026-07-26&limit=5000
KO,2017-10-16,46.12,46.75,46.1003,46.62,12708560,,https://api.nasdaq.com/api/quote/KO/historical?assetclass=stocks&fromdate=2016-07-26&todate=2026-07-26&limit=5000
KO,2017-10-17,46.53,46.63,46.31,46.52,7697897,,https://api.nasdaq.com/api/quote/KO/historical?assetclass=stocks&fromdate=2016-07-26&todate=2026-07-26&limit=5000
KO,2017-10-18,46.41,46.535,46.24,46.4,6259318,,https://api.nasdaq.com/api/quote/KO/historical?assetclass=stocks&fromdate=2016-07-26&todate=2026-07-26&limit=5000
KO,2017-10-19,46.37,46.79,46.32,46.59,7515545,,https://api.nasdaq.com/api/quote/KO/historical?assetclass=stocks&fromdate=2016-07-26&todate=2026-07-26&limit=5000
KO,2017-10-20,46.58,46.59,46.28,46.38,9623470,,https://api.nasdaq.com/api/quote/KO/historical?assetclass=stocks&fromdate=2016-07-26&todate=2026-07-26&limit=5000
KO,2017-10-23,46.38,46.65,46.23,46.32,7139919,,https://api.nasdaq.com/api/quote/KO/historical?assetclass=stocks&fromdate=2016-07-26&todate=2026-07-26&limit=5000
KO,2017-10-24,46.26,46.29,45.95,46.18,9438660,,https://api.nasdaq.com/api/quote/KO/historical?assetclass=stocks&fromdate=2016-07-26&todate=2026-07-26&limit=5000
KO,2017-10-25,46.37,46.76,45.93,46.05,11993620,,https://api.nasdaq.com/api/quote/KO/historical?assetclass=stocks&fromdate=2016-07-26&todate=2026-07-26&limit=5000
KO,2017-10-26,46.32,46.75,46.22,46.23,10563520,,https://api.nasdaq.com/api/quote/KO/historical?assetclass=stocks&fromdate=2016-07-26&todate=2026-07-26&limit=5000
KO,2017-10-27,46.13,46.33,45.91,46.07,9987243,,https://api.nasdaq.com/api/quote/KO/historical?assetclass=stocks&fromdate=2016-07-26&todate=2026-07-26&limit=5000
KO,2017-10-30,46,46.07,45.82,45.86,7201864,,https://api.nasdaq.com/api/quote/KO/historical?assetclass=stocks&fromdate=2016-07-26&todate=2026-07-26&limit=5000
KO,2017-10-31,45.92,46.17,45.84,45.98,6560540,,https://api.nasdaq.com/api/quote/KO/historical?assetclass=stocks&fromdate=2016-07-26&todate=2026-07-26&limit=5000
KO,2017-11-01,45.75,46.09,45.63,45.8,7035880,,https://api.nasdaq.com/api/quote/KO/historical?assetclass=stocks&fromdate=2016-07-26&todate=2026-07-26&limit=5000
KO,2017-11-02,45.81,45.95,45.745,45.88,8317807,,https://api.nasdaq.com/api/quote/KO/historical?assetclass=stocks&fromdate=2016-07-26&todate=2026-07-26&limit=5000
KO,2017-11-03,45.97,46.155,45.9166,45.97,4730266,,https://api.nasdaq.com/api/quote/KO/historical?assetclass=stocks&fromdate=2016-07-26&todate=2026-07-26&limit=5000
KO,2017-11-06,45.91,45.92,45.42,45.47,7451290,,https://api.nasdaq.com/api/quote/KO/historical?assetclass=stocks&fromdate=2016-07-26&todate=2026-07-26&limit=5000
KO,2017-11-07,45.41,45.95,45.31,45.94,9866033,,https://api.nasdaq.com/api/quote/KO/historical?assetclass=stocks&fromdate=2016-07-26&todate=2026-07-26&limit=5000
KO,2017-11-08,45.98,46.19,45.87,46.18,7585864,,https://api.nasdaq.com/api/quote/KO/historical?assetclass=stocks&fromdate=2016-07-26&todate=2026-07-26&limit=5000
KO,2017-11-09,46.12,46.385,46.02,46.23,6524750,,https://api.nasdaq.com/api/quote/KO/historical?assetclass=stocks&fromdate=2016-07-26&todate=2026-07-26&limit=5000
KO,2017-11-10,46.2,46.64,46.135,46.54,8022883,,https://api.nasdaq.com/api/quote/KO/historical?assetclass=stocks&fromdate=2016-07-26&todate=2026-07-26&limit=5000
KO,2017-11-13,46.6,46.815,46.54,46.72,7640384,,https://api.nasdaq.com/api/quote/KO/historical?assetclass=stocks&fromdate=2016-07-26&todate=2026-07-26&limit=5000
KO,2017-11-14,46.71,47.48,46.62,47.43,17198680,,https://api.nasdaq.com/api/quote/KO/historical?assetclass=stocks&fromdate=2016-07-26&todate=2026-07-26&limit=5000
KO,2017-11-15,47.32,47.46,46.78,46.81,12409620,,https://api.nasdaq.com/api/quote/KO/historical?assetclass=stocks&fromdate=2016-07-26&todate=2026-07-26&limit=5000
KO,2017-11-16,46.95,46.98,46.51,46.55,12506160,,https://api.nasdaq.com/api/quote/KO/historical?assetclass=stocks&fromdate=2016-07-26&todate=2026-07-26&limit=5000
KO,2017-11-17,46.34,46.38,45.25,45.71,19715450,,https://api.nasdaq.com/api/quote/KO/historical?assetclass=stocks&fromdate=2016-07-26&todate=2026-07-26&limit=5000
KO,2017-11-20,45.65,45.88,45.42,45.46,19151830,,https://api.nasdaq.com/api/quote/KO/historical?assetclass=stocks&fromdate=2016-07-26&todate=2026-07-26&limit=5000
KO,2017-11-21,45.56,45.95,45.54,45.78,10205880,,https://api.nasdaq.com/api/quote/KO/historical?assetclass=stocks&fromdate=2016-07-26&todate=2026-07-26&limit=5000
KO,2017-11-22,45.89,45.93,45.54,45.84,8434404,,https://api.nasdaq.com/api/quote/KO/historical?assetclass=stocks&fromdate=2016-07-26&todate=2026-07-26&limit=5000
KO,2017-11-24,45.89,46.045,45.86,45.88,2996338,,https://api.nasdaq.com/api/quote/KO/historical?assetclass=stocks&fromdate=2016-07-26&todate=2026-07-26&limit=5000
KO,2017-11-27,45.88,45.99,45.81,45.9,5649096,,https://api.nasdaq.com/api/quote/KO/historical?assetclass=stocks&fromdate=2016-07-26&todate=2026-07-26&limit=5000
KO,2017-11-28,45.99,46.15,45.78,45.83,8432150,,https://api.nasdaq.com/api/quote/KO/historical?assetclass=stocks&fromdate=2016-07-26&todate=2026-07-26&limit=5000
KO,2017-11-29,45.77,45.82,45.21,45.5,16471060,,https://api.nasdaq.com/api/quote/KO/historical?assetclass=stocks&fromdate=2016-07-26&todate=2026-07-26&limit=5000
KO,2017-11-30,45.14,45.84,45.03,45.77,17147540,,https://api.nasdaq.com/api/quote/KO/historical?assetclass=stocks&fromdate=2016-07-26&todate=2026-07-26&limit=5000
KO,2017-12-01,45.8,46.02,45.21,45.97,12468780,,https://api.nasdaq.com/api/quote/KO/historical?assetclass=stocks&fromdate=2016-07-26&todate=2026-07-26&limit=5000
KO,2017-12-04,45.99,46.378,45.77,46.23,17523480,,https://api.nasdaq.com/api/quote/KO/historical?assetclass=stocks&fromdate=2016-07-26&todate=2026-07-26&limit=5000
KO,2017-12-05,46.25,46.44,46.06,46.26,13664120,,https://api.nasdaq.com/api/quote/KO/historical?assetclass=stocks&fromdate=2016-07-26&todate=2026-07-26&limit=5000
KO,2017-12-06,46.33,46.48,46.2612,46.45,8137857,,https://api.nasdaq.com/api/quote/KO/historical?assetclass=stocks&fromdate=2016-07-26&todate=2026-07-26&limit=5000
KO,2017-12-07,46.29,46.32,45.72,45.78,9075654,,https://api.nasdaq.com/api/quote/KO/historical?assetclass=stocks&fromdate=2016-07-26&todate=2026-07-26&limit=5000
KO,2017-12-08,45.7,45.73,45.05,45.31,13238080,,https://api.nasdaq.com/api/quote/KO/historical?assetclass=stocks&fromdate=2016-07-26&todate=2026-07-26&limit=5000
KO,2017-12-11,45.18,45.41,44.92,45.33,9680377,,https://api.nasdaq.com/api/quote/KO/historical?assetclass=stocks&fromdate=2016-07-26&todate=2026-07-26&limit=5000
KO,2017-12-12,45.25,45.52,45.06,45.29,13986050,,https://api.nasdaq.com/api/quote/KO/historical?assetclass=stocks&fromdate=2016-07-26&todate=2026-07-26&limit=5000
KO,2017-12-13,45.45,46.05,45.4,45.9,12395070,,https://api.nasdaq.com/api/quote/KO/historical?assetclass=stocks&fromdate=2016-07-26&todate=2026-07-26&limit=5000
KO,2017-12-14,45.81,46.17,45.8,46.03,9013212,,https://api.nasdaq.com/api/quote/KO/historical?assetclass=stocks&fromdate=2016-07-26&todate=2026-07-26&limit=5000
KO,2017-12-15,46.29,46.42,46.04,46.19,21172990,,https://api.nasdaq.com/api/quote/KO/historical?assetclass=stocks&fromdate=2016-07-26&todate=2026-07-26&limit=5000
KO,2017-12-18,46.2,46.38,45.91,45.93,10156760,,https://api.nasdaq.com/api/quote/KO/historical?assetclass=stocks&fromdate=2016-07-26&todate=2026-07-26&limit=5000
KO,2017-12-19,46.04,46.38,45.91,46.13,8242609,,https://api.nasdaq.com/api/quote/KO/historical?assetclass=stocks&fromdate=2016-07-26&todate=2026-07-26&limit=5000
KO,2017-12-20,46.21,46.3,45.955,46.08,7302907,,https://api.nasdaq.com/api/quote/KO/historical?assetclass=stocks&fromdate=2016-07-26&todate=2026-07-26&limit=5000
KO,2017-12-21,46.14,46.22,45.56,45.6,9647069,,https://api.nasdaq.com/api/quote/KO/historical?assetclass=stocks&fromdate=2016-07-26&todate=2026-07-26&limit=5000
KO,2017-12-22,45.69,45.73,45.55,45.59,5406200,,https://api.nasdaq.com/api/quote/KO/historical?assetclass=stocks&fromdate=2016-07-26&todate=2026-07-26&limit=5000
KO,2017-12-26,45.7,45.855,45.61,45.81,6045659,,https://api.nasdaq.com/api/quote/KO/historical?assetclass=stocks&fromdate=2016-07-26&todate=2026-07-26&limit=5000
KO,2017-12-27,45.9,45.94,45.715,45.93,5657412,,https://api.nasdaq.com/api/quote/KO/historical?assetclass=stocks&fromdate=2016-07-26&todate=2026-07-26&limit=5000
KO,2017-12-28,45.91,45.99,45.64,45.72,6538769,,https://api.nasdaq.com/api/quote/KO/historical?assetclass=stocks&fromdate=2016-07-26&todate=2026-07-26&limit=5000
KO,2017-12-29,45.7,46.18,45.6925,45.88,8371436,,https://api.nasdaq.com/api/quote/KO/historical?assetclass=stocks&fromdate=2016-07-26&todate=2026-07-26&limit=5000
KO,2018-01-02,45.91,45.94,45.505,45.54,10863040,,https://api.nasdaq.com/api/quote/KO/historical?assetclass=stocks&fromdate=2016-07-26&todate=2026-07-26&limit=5000
KO,2018-01-03,45.49,45.69,45.34,45.44,12338120,,https://api.nasdaq.com/api/quote/KO/historical?assetclass=stocks&fromdate=2016-07-26&todate=2026-07-26&limit=5000
KO,2018-01-04,45.56,46.215,45.45,46.08,12701440,,https://api.nasdaq.com/api/quote/KO/historical?assetclass=stocks&fromdate=2016-07-26&todate=2026-07-26&limit=5000
KO,2018-01-05,46.02,46.2,45.79,46.07,13113150,,https://api.nasdaq.com/api/quote/KO/historical?assetclass=stocks&fromdate=2016-07-26&todate=2026-07-26&limit=5000
KO,2018-01-08,45.95,46.1,45.88,46,7035245,,https://api.nasdaq.com/api/quote/KO/historical?assetclass=stocks&fromdate=2016-07-26&todate=2026-07-26&limit=5000
KO,2018-01-09,46,46.36,45.935,46.23,9962424,,https://api.nasdaq.com/api/quote/KO/historical?assetclass=stocks&fromdate=2016-07-26&todate=2026-07-26&limit=5000
KO,2018-01-10,46.23,46.26,45.93,46.07,10700170,,https://api.nasdaq.com/api/quote/KO/historical?assetclass=stocks&fromdate=2016-07-26&todate=2026-07-26&limit=5000
KO,2018-01-11,46.23,46.23,45.86,46.04,7583025,,https://api.nasdaq.com/api/quote/KO/historical?assetclass=stocks&fromdate=2016-07-26&todate=2026-07-26&limit=5000
KO,2018-01-12,46.28,46.39,46.03,46.15,14562200,,https://api.nasdaq.com/api/quote/KO/historical?assetclass=stocks&fromdate=2016-07-26&todate=2026-07-26&limit=5000
KO,2018-01-16,46.15,46.62,46.14,46.53,15589070,,https://api.nasdaq.com/api/quote/KO/historical?assetclass=stocks&fromdate=2016-07-26&todate=2026-07-26&limit=5000
KO,2018-01-17,46.58,47,46.55,46.82,12118960,,https://api.nasdaq.com/api/quote/KO/historical?assetclass=stocks&fromdate=2016-07-26&todate=2026-07-26&limit=5000
KO,2018-01-18,46.75,47.07,46.61,46.88,11416620,,https://api.nasdaq.com/api/quote/KO/historical?assetclass=stocks&fromdate=2016-07-26&todate=2026-07-26&limit=5000
KO,2018-01-19,46.99,47.25,46.87,47.16,15977150,,https://api.nasdaq.com/api/quote/KO/historical?assetclass=stocks&fromdate=2016-07-26&todate=2026-07-26&limit=5000
KO,2018-01-22,47.14,47.5,47.09,47.38,9548182,,https://api.nasdaq.com/api/quote/KO/historical?assetclass=stocks&fromdate=2016-07-26&todate=2026-07-26&limit=5000
KO,2018-01-23,47.21,47.7,47.13,47.45,10591090,,https://api.nasdaq.com/api/quote/KO/historical?assetclass=stocks&fromdate=2016-07-26&todate=2026-07-26&limit=5000
KO,2018-01-24,47.53,47.95,47.48,47.83,15949240,,https://api.nasdaq.com/api/quote/KO/historical?assetclass=stocks&fromdate=2016-07-26&todate=2026-07-26&limit=5000
KO,2018-01-25,47.7,48,47.7,47.84,11743890,,https://api.nasdaq.com/api/quote/KO/historical?assetclass=stocks&fromdate=2016-07-26&todate=2026-07-26&limit=5000
KO,2018-01-26,47.78,48.615,47.74,48.53,15948980,,https://api.nasdaq.com/api/quote/KO/historical?assetclass=stocks&fromdate=2016-07-26&todate=2026-07-26&limit=5000
KO,2018-01-29,48.21,48.46,47.575,47.7,11653710,,https://api.nasdaq.com/api/quote/KO/historical?assetclass=stocks&fromdate=2016-07-26&todate=2026-07-26&limit=5000
KO,2018-01-30,47.73,48.16,47.4,47.41,12013390,,https://api.nasdaq.com/api/quote/KO/historical?assetclass=stocks&fromdate=2016-07-26&todate=2026-07-26&limit=5000
KO,2018-01-31,47.45,47.9,47.37,47.59,10960080,,https://api.nasdaq.com/api/quote/KO/historical?assetclass=stocks&fromdate=2016-07-26&todate=2026-07-26&limit=5000
KO,2018-02-01,47.41,47.73,47.11,47.45,10274290,,https://api.nasdaq.com/api/quote/KO/historical?assetclass=stocks&fromdate=2016-07-26&todate=2026-07-26&limit=5000
KO,2018-02-02,47.35,47.41,46.63,46.73,12877750,,https://api.nasdaq.com/api/quote/KO/historical?assetclass=stocks&fromdate=2016-07-26&todate=2026-07-26&limit=5000
KO,2018-02-05,46.65,46.92,44.411,44.89,23187770,,https://api.nasdaq.com/api/quote/KO/historical?assetclass=stocks&fromdate=2016-07-26&todate=2026-07-26&limit=5000
KO,2018-02-06,43.87,44.74,43.44,44.67,25157930,,https://api.nasdaq.com/api/quote/KO/historical?assetclass=stocks&fromdate=2016-07-26&todate=2026-07-26&limit=5000
KO,2018-02-07,44.58,45.495,44.28,44.56,18019200,,https://api.nasdaq.com/api/quote/KO/historical?assetclass=stocks&fromdate=2016-07-26&todate=2026-07-26&limit=5000
KO,2018-02-08,44.62,44.62,43.07,43.1,22872830,,https://api.nasdaq.com/api/quote/KO/historical?assetclass=stocks&fromdate=2016-07-26&todate=2026-07-26&limit=5000
KO,2018-02-09,43.36,43.46,42.19,43.13,22852120,,https://api.nasdaq.com/api/quote/KO/historical?assetclass=stocks&fromdate=2016-07-26&todate=2026-07-26&limit=5000
KO,2018-02-12,43.56,44.23,43.3721,43.97,14688380,,https://api.nasdaq.com/api/quote/KO/historical?assetclass=stocks&fromdate=2016-07-26&todate=2026-07-26&limit=5000
KO,2018-02-13,43.92,44.41,43.69,44.19,13157260,,https://api.nasdaq.com/api/quote/KO/historical?assetclass=stocks&fromdate=2016-07-26&todate=2026-07-26&limit=5000
KO,2018-02-14,44.02,44.19,43.63,44.1,13455040,,https://api.nasdaq.com/api/quote/KO/historical?assetclass=stocks&fromdate=2016-07-26&todate=2026-07-26&limit=5000
KO,2018-02-15,44.25,44.83,44.12,44.78,13438690,,https://api.nasdaq.com/api/quote/KO/historical?assetclass=stocks&fromdate=2016-07-26&todate=2026-07-26&limit=5000
KO,2018-02-16,45.57,45.6401,44.72,44.98,17200790,,https://api.nasdaq.com/api/quote/KO/historical?assetclass=stocks&fromdate=2016-07-26&todate=2026-07-26&limit=5000
KO,2018-02-20,44.75,44.83,43.94,43.99,14134740,,https://api.nasdaq.com/api/quote/KO/historical?assetclass=stocks&fromdate=2016-07-26&todate=2026-07-26&limit=5000
KO,2018-02-21,44.11,44.26,43.33,43.34,12771240,,https://api.nasdaq.com/api/quote/KO/historical?assetclass=stocks&fromdate=2016-07-26&todate=2026-07-26&limit=5000
KO,2018-02-22,43.43,43.82,43.22,43.52,12359750,,https://api.nasdaq.com/api/quote/KO/historical?assetclass=stocks&fromdate=2016-07-26&todate=2026-07-26&limit=5000
KO,2018-02-23,43.58,44.06,43.42,44.04,8276106,,https://api.nasdaq.com/api/quote/KO/historical?assetclass=stocks&fromdate=2016-07-26&todate=2026-07-26&limit=5000
KO,2018-02-26,44.23,44.39,43.81,44.03,12677030,,https://api.nasdaq.com/api/quote/KO/historical?assetclass=stocks&fromdate=2016-07-26&todate=2026-07-26&limit=5000
KO,2018-02-27,44.15,44.311,43.62,43.62,12727800,,https://api.nasdaq.com/api/quote/KO/historical?assetclass=stocks&fromdate=2016-07-26&todate=2026-07-26&limit=5000
KO,2018-02-28,43.83,43.91,43.22,43.22,11903520,,https://api.nasdaq.com/api/quote/KO/historical?assetclass=stocks&fromdate=2016-07-26&todate=2026-07-26&limit=5000
KO,2018-03-01,43.1,43.64,42.82,43.43,17744820,,https://api.nasdaq.com/api/quote/KO/historical?assetclass=stocks&fromdate=2016-07-26&todate=2026-07-26&limit=5000
KO,2018-03-02,43.25,43.8,43.24,43.72,14032580,,https://api.nasdaq.com/api/quote/KO/historical?assetclass=stocks&fromdate=2016-07-26&todate=2026-07-26&limit=5000
KO,2018-03-05,43.57,43.935,43.5,43.89,11992250,,https://api.nasdaq.com/api/quote/KO/historical?assetclass=stocks&fromdate=2016-07-26&todate=2026-07-26&limit=5000
KO,2018-03-06,43.95,44.05,43.59,43.93,9998249,,https://api.nasdaq.com/api/quote/KO/historical?assetclass=stocks&fromdate=2016-07-26&todate=2026-07-26&limit=5000
KO,2018-03-07,43.59,43.92,43.47,43.82,9470169,,https://api.nasdaq.com/api/quote/KO/historical?assetclass=stocks&fromdate=2016-07-26&todate=2026-07-26&limit=5000
KO,2018-03-08,43.9,44.46,43.8,44.45,12125860,,https://api.nasdaq.com/api/quote/KO/historical?assetclass=stocks&fromdate=2016-07-26&todate=2026-07-26&limit=5000
KO,2018-03-09,44.57,44.82,44.39,44.82,9768476,,https://api.nasdaq.com/api/quote/KO/historical?assetclass=stocks&fromdate=2016-07-26&todate=2026-07-26&limit=5000
KO,2018-03-12,44.95,45.09,44.33,44.53,11839300,,https://api.nasdaq.com/api/quote/KO/historical?assetclass=stocks&fromdate=2016-07-26&todate=2026-07-26&limit=5000
KO,2018-03-13,44.67,44.825,44.4,44.57,11122330,,https://api.nasdaq.com/api/quote/KO/historical?assetclass=stocks&fromdate=2016-07-26&todate=2026-07-26&limit=5000
KO,2018-03-14,44.38,44.43,43.725,43.78,15308600,,https://api.nasdaq.com/api/quote/KO/historical?assetclass=stocks&fromdate=2016-07-26&todate=2026-07-26&limit=5000
KO,2018-03-15,43.88,44,43.55,43.67,12416530,,https://api.nasdaq.com/api/quote/KO/historical?assetclass=stocks&fromdate=2016-07-26&todate=2026-07-26&limit=5000
KO,2018-03-16,43.7,44.02,43.45,43.46,26588700,,https://api.nasdaq.com/api/quote/KO/historical?assetclass=stocks&fromdate=2016-07-26&todate=2026-07-26&limit=5000
KO,2018-03-19,43.46,43.71,43.175,43.26,12335250,,https://api.nasdaq.com/api/quote/KO/historical?assetclass=stocks&fromdate=2016-07-26&todate=2026-07-26&limit=5000
KO,2018-03-20,43.32,43.48,43.01,43.16,13537000,,https://api.nasdaq.com/api/quote/KO/historical?assetclass=stocks&fromdate=2016-07-26&todate=2026-07-26&limit=5000
KO,2018-03-21,43.13,43.45,42.79,43,13041720,,https://api.nasdaq.com/api/quote/KO/historical?assetclass=stocks&fromdate=2016-07-26&todate=2026-07-26&limit=5000
KO,2018-03-22,42.88,43.365,42.7,42.76,12167490,,https://api.nasdaq.com/api/quote/KO/historical?assetclass=stocks&fromdate=2016-07-26&todate=2026-07-26&limit=5000
KO,2018-03-23,42.82,43.1556,42.29,42.33,13459370,,https://api.nasdaq.com/api/quote/KO/historical?assetclass=stocks&fromdate=2016-07-26&todate=2026-07-26&limit=5000
KO,2018-03-26,42.61,42.8099,42.25,42.69,11091800,,https://api.nasdaq.com/api/quote/KO/historical?assetclass=stocks&fromdate=2016-07-26&todate=2026-07-26&limit=5000
KO,2018-03-27,42.7,43.31,42.525,42.89,11626410,,https://api.nasdaq.com/api/quote/KO/historical?assetclass=stocks&fromdate=2016-07-26&todate=2026-07-26&limit=5000
KO,2018-03-28,43,43.7,43,43.32,16258150,,https://api.nasdaq.com/api/quote/KO/historical?assetclass=stocks&fromdate=2016-07-26&todate=2026-07-26&limit=5000
KO,2018-03-29,43.54,43.92,43.29,43.43,10429560,,https://api.nasdaq.com/api/quote/KO/historical?assetclass=stocks&fromdate=2016-07-26&todate=2026-07-26&limit=5000
KO,2018-04-02,43.44,43.5,42.473,42.67,14065250,,https://api.nasdaq.com/api/quote/KO/historical?assetclass=stocks&fromdate=2016-07-26&todate=2026-07-26&limit=5000
KO,2018-04-03,42.98,43.535,42.84,43.38,15477350,,https://api.nasdaq.com/api/quote/KO/historical?assetclass=stocks&fromdate=2016-07-26&todate=2026-07-26&limit=5000
KO,2018-04-04,43.14,44.4,43.11,44.24,13551700,,https://api.nasdaq.com/api/quote/KO/historical?assetclass=stocks&fromdate=2016-07-26&todate=2026-07-26&limit=5000
KO,2018-04-05,44.28,44.61,43.94,44.4,11538470,,https://api.nasdaq.com/api/quote/KO/historical?assetclass=stocks&fromdate=2016-07-26&todate=2026-07-26&limit=5000
KO,2018-04-06,44.28,44.52,43.71,43.92,11326830,,https://api.nasdaq.com/api/quote/KO/historical?assetclass=stocks&fromdate=2016-07-26&todate=2026-07-26&limit=5000
KO,2018-04-09,44.03,44.31,43.78,43.83,11905180,,https://api.nasdaq.com/api/quote/KO/historical?assetclass=stocks&fromdate=2016-07-26&todate=2026-07-26&limit=5000
KO,2018-04-10,44.07,44.18,43.715,43.99,10399900,,https://api.nasdaq.com/api/quote/KO/historical?assetclass=stocks&fromdate=2016-07-26&todate=2026-07-26&limit=5000
KO,2018-04-11,43.81,44.14,43.76,43.99,8406289,,https://api.nasdaq.com/api/quote/KO/historical?assetclass=stocks&fromdate=2016-07-26&todate=2026-07-26&limit=5000
KO,2018-04-12,44.08,44.405,43.95,44.03,8475352,,https://api.nasdaq.com/api/quote/KO/historical?assetclass=stocks&fromdate=2016-07-26&todate=2026-07-26&limit=5000
KO,2018-04-13,44.19,44.69,44.14,44.51,10761820,,https://api.nasdaq.com/api/quote/KO/historical?assetclass=stocks&fromdate=2016-07-26&todate=2026-07-26&limit=5000
KO,2018-04-16,44.65,44.89,44.4,44.68,8961705,,https://api.nasdaq.com/api/quote/KO/historical?assetclass=stocks&fromdate=2016-07-26&todate=2026-07-26&limit=5000
KO,2018-04-17,44.95,45.03,44.65,44.88,8406004,,https://api.nasdaq.com/api/quote/KO/historical?assetclass=stocks&fromdate=2016-07-26&todate=2026-07-26&limit=5000
KO,2018-04-18,44.9,44.97,44.325,44.51,7315284,,https://api.nasdaq.com/api/quote/KO/historical?assetclass=stocks&fromdate=2016-07-26&todate=2026-07-26&limit=5000
KO,2018-04-19,44.34,44.47,44.015,44.31,10346370,,https://api.nasdaq.com/api/quote/KO/historical?assetclass=stocks&fromdate=2016-07-26&todate=2026-07-26&limit=5000
KO,2018-04-20,44.31,44.41,43.58,43.74,14663560,,https://api.nasdaq.com/api/quote/KO/historical?assetclass=stocks&fromdate=2016-07-26&todate=2026-07-26&limit=5000
KO,2018-04-23,43.74,43.99,43.56,43.98,11857010,,https://api.nasdaq.com/api/quote/KO/historical?assetclass=stocks&fromdate=2016-07-26&todate=2026-07-26&limit=5000
KO,2018-04-24,43.98,44.1,42.73,43.07,18485040,,https://api.nasdaq.com/api/quote/KO/historical?assetclass=stocks&fromdate=2016-07-26&todate=2026-07-26&limit=5000
KO,2018-04-25,42.74,42.89,41.905,42.43,19556400,,https://api.nasdaq.com/api/quote/KO/historical?assetclass=stocks&fromdate=2016-07-26&todate=2026-07-26&limit=5000
KO,2018-04-26,42.4,43.1,42.26,42.75,13510690,,https://api.nasdaq.com/api/quote/KO/historical?assetclass=stocks&fromdate=2016-07-26&todate=2026-07-26&limit=5000
KO,2018-04-27,42.73,43.34,42.71,43.31,9777662,,https://api.nasdaq.com/api/quote/KO/historical?assetclass=stocks&fromdate=2016-07-26&todate=2026-07-26&limit=5000
KO,2018-04-30,43.5,43.69,42.97,43.21,16035950,,https://api.nasdaq.com/api/quote/KO/historical?assetclass=stocks&fromdate=2016-07-26&todate=2026-07-26&limit=5000
KO,2018-05-01,42.96,42.99,42.18,42.59,11510850,,https://api.nasdaq.com/api/quote/KO/historical?assetclass=stocks&fromdate=2016-07-26&todate=2026-07-26&limit=5000
KO,2018-05-02,42.4,42.585,41.94,42.06,13735980,,https://api.nasdaq.com/api/quote/KO/historical?assetclass=stocks&fromdate=2016-07-26&todate=2026-07-26&limit=5000
KO,2018-05-03,42.22,42.4,41.52,41.89,18351950,,https://api.nasdaq.com/api/quote/KO/historical?assetclass=stocks&fromdate=2016-07-26&todate=2026-07-26&limit=5000
KO,2018-05-04,41.79,42.5,41.77,42.36,10945690,,https://api.nasdaq.com/api/quote/KO/historical?assetclass=stocks&fromdate=2016-07-26&todate=2026-07-26&limit=5000
KO,2018-05-07,42.34,42.49,41.9642,42.14,9334870,,https://api.nasdaq.com/api/quote/KO/historical?assetclass=stocks&fromdate=2016-07-26&todate=2026-07-26&limit=5000
KO,2018-05-08,41.97,42.09,41.69,41.81,14804870,,https://api.nasdaq.com/api/quote/KO/historical?assetclass=stocks&fromdate=2016-07-26&todate=2026-07-26&limit=5000
KO,2018-05-09,41.97,42.23,41.67,41.78,9294084,,https://api.nasdaq.com/api/quote/KO/historical?assetclass=stocks&fromdate=2016-07-26&todate=2026-07-26&limit=5000
KO,2018-05-10,41.99,42.36,41.94,42.18,7923039,,https://api.nasdaq.com/api/quote/KO/historical?assetclass=stocks&fromdate=2016-07-26&todate=2026-07-26&limit=5000
KO,2018-05-11,42.24,42.47,42.04,42.14,6331802,,https://api.nasdaq.com/api/quote/KO/historical?assetclass=stocks&fromdate=2016-07-26&todate=2026-07-26&limit=5000
KO,2018-05-14,42.25,42.315,41.9,42.04,10585080,,https://api.nasdaq.com/api/quote/KO/historical?assetclass=stocks&fromdate=2016-07-26&todate=2026-07-26&limit=5000
KO,2018-05-15,41.78,41.92,41.45,41.72,16446840,,https://api.nasdaq.com/api/quote/KO/historical?assetclass=stocks&fromdate=2016-07-26&todate=2026-07-26&limit=5000
KO,2018-05-16,41.74,41.94,41.54,41.55,11116460,,https://api.nasdaq.com/api/quote/KO/historical?assetclass=stocks&fromdate=2016-07-26&todate=2026-07-26&limit=5000
KO,2018-05-17,42.01,42.35,41.87,42.3,14757350,,https://api.nasdaq.com/api/quote/KO/historical?assetclass=stocks&fromdate=2016-07-26&todate=2026-07-26&limit=5000
KO,2018-05-18,42.3,42.38,42.08,42.18,11950070,,https://api.nasdaq.com/api/quote/KO/historical?assetclass=stocks&fromdate=2016-07-26&todate=2026-07-26&limit=5000
KO,2018-05-21,42.31,42.52,42.27,42.41,9098893,,https://api.nasdaq.com/api/quote/KO/historical?assetclass=stocks&fromdate=2016-07-26&todate=2026-07-26&limit=5000
KO,2018-05-22,42.5,42.6,42.205,42.25,8222694,,https://api.nasdaq.com/api/quote/KO/historical?assetclass=stocks&fromdate=2016-07-26&todate=2026-07-26&limit=5000
KO,2018-05-23,42.25,42.45,41.93,42.4,8945441,,https://api.nasdaq.com/api/quote/KO/historical?assetclass=stocks&fromdate=2016-07-26&todate=2026-07-26&limit=5000
KO,2018-05-24,42.4,42.47,42.185,42.32,9268373,,https://api.nasdaq.com/api/quote/KO/historical?assetclass=stocks&fromdate=2016-07-26&todate=2026-07-26&limit=5000
KO,2018-05-25,42.34,42.58,42.2,42.4,8785376,,https://api.nasdaq.com/api/quote/KO/historical?assetclass=stocks&fromdate=2016-07-26&todate=2026-07-26&limit=5000
KO,2018-05-29,42.12,42.85,42.1,42.68,14818010,,https://api.nasdaq.com/api/quote/KO/historical?assetclass=stocks&fromdate=2016-07-26&todate=2026-07-26&limit=5000
KO,2018-05-30,42.77,43.28,42.7,43.13,10114170,,https://api.nasdaq.com/api/quote/KO/historical?assetclass=stocks&fromdate=2016-07-26&todate=2026-07-26&limit=5000
KO,2018-05-31,43.2,43.21,42.68,43,15557850,,https://api.nasdaq.com/api/quote/KO/historical?assetclass=stocks&fromdate=2016-07-26&todate=2026-07-26&limit=5000
KO,2018-06-01,43.1,43.32,43.04,43.12,10662070,,https://api.nasdaq.com/api/quote/KO/historical?assetclass=stocks&fromdate=2016-07-26&todate=2026-07-26&limit=5000
KO,2018-06-04,43.36,43.59,43.29,43.49,11727410,,https://api.nasdaq.com/api/quote/KO/historical?assetclass=stocks&fromdate=2016-07-26&todate=2026-07-26&limit=5000
KO,2018-06-05,43.5,43.54,43.1,43.11,9966098,,https://api.nasdaq.com/api/quote/KO/historical?assetclass=stocks&fromdate=2016-07-26&todate=2026-07-26&limit=5000
KO,2018-06-06,43.06,43.46,43.04,43.46,9202814,,https://api.nasdaq.com/api/quote/KO/historical?assetclass=stocks&fromdate=2016-07-26&todate=2026-07-26&limit=5000
KO,2018-06-07,43.33,43.73,43.33,43.44,11945740,,https://api.nasdaq.com/api/quote/KO/historical?assetclass=stocks&fromdate=2016-07-26&todate=2026-07-26&limit=5000
KO,2018-06-08,43.57,44,43.56,43.95,12078230,,https://api.nasdaq.com/api/quote/KO/historical?assetclass=stocks&fromdate=2016-07-26&todate=2026-07-26&limit=5000
KO,2018-06-11,43.95,44.245,43.89,44.13,7432807,,https://api.nasdaq.com/api/quote/KO/historical?assetclass=stocks&fromdate=2016-07-26&todate=2026-07-26&limit=5000
KO,2018-06-12,44.13,44.42,44.075,44.41,8174183,,https://api.nasdaq.com/api/quote/KO/historical?assetclass=stocks&fromdate=2016-07-26&todate=2026-07-26&limit=5000
KO,2018-06-13,44.35,44.52,44.1515,44.18,16413260,,https://api.nasdaq.com/api/quote/KO/historical?assetclass=stocks&fromdate=2016-07-26&todate=2026-07-26&limit=5000
KO,2018-06-14,43.75,43.85,43.52,43.58,12694740,,https://api.nasdaq.com/api/quote/KO/historical?assetclass=stocks&fromdate=2016-07-26&todate=2026-07-26&limit=5000
KO,2018-06-15,43.56,44.15,43.45,44.12,21544620,,https://api.nasdaq.com/api/quote/KO/historical?assetclass=stocks&fromdate=2016-07-26&todate=2026-07-26&limit=5000
KO,2018-06-18,43.88,43.955,43.4,43.55,12156740,,https://api.nasdaq.com/api/quote/KO/historical?assetclass=stocks&fromdate=2016-07-26&todate=2026-07-26&limit=5000
KO,2018-06-19,43.3,43.75,43.2,43.6,12929970,,https://api.nasdaq.com/api/quote/KO/historical?assetclass=stocks&fromdate=2016-07-26&todate=2026-07-26&limit=5000
KO,2018-06-20,43.62,43.775,43.23,43.26,10893670,,https://api.nasdaq.com/api/quote/KO/historical?assetclass=stocks&fromdate=2016-07-26&todate=2026-07-26&limit=5000
KO,2018-06-21,43.27,43.3,42.96,43.09,10390910,,https://api.nasdaq.com/api/quote/KO/historical?assetclass=stocks&fromdate=2016-07-26&todate=2026-07-26&limit=5000
KO,2018-06-22,43.15,43.41,43.075,43.25,16018970,,https://api.nasdaq.com/api/quote/KO/historical?assetclass=stocks&fromdate=2016-07-26&todate=2026-07-26&limit=5000
KO,2018-06-25,43.16,43.75,43.16,43.58,12091970,,https://api.nasdaq.com/api/quote/KO/historical?assetclass=stocks&fromdate=2016-07-26&todate=2026-07-26&limit=5000
KO,2018-06-26,43.56,43.84,43.28,43.33,13957560,,https://api.nasdaq.com/api/quote/KO/historical?assetclass=stocks&fromdate=2016-07-26&todate=2026-07-26&limit=5000
KO,2018-06-27,43.33,43.61,42.99,43.07,15330050,,https://api.nasdaq.com/api/quote/KO/historical?assetclass=stocks&fromdate=2016-07-26&todate=2026-07-26&limit=5000
KO,2018-06-28,43.24,43.675,43.17,43.47,12666510,,https://api.nasdaq.com/api/quote/KO/historical?assetclass=stocks&fromdate=2016-07-26&todate=2026-07-26&limit=5000
KO,2018-06-29,43.57,44.1,43.31,43.86,11484510,,https://api.nasdaq.com/api/quote/KO/historical?assetclass=stocks&fromdate=2016-07-26&todate=2026-07-26&limit=5000
KO,2018-07-02,43.78,44.16,43.58,43.75,9232430,,https://api.nasdaq.com/api/quote/KO/historical?assetclass=stocks&fromdate=2016-07-26&todate=2026-07-26&limit=5000
KO,2018-07-03,44.06,44.33,43.99,43.99,8214329,,https://api.nasdaq.com/api/quote/KO/historical?assetclass=stocks&fromdate=2016-07-26&todate=2026-07-26&limit=5000
KO,2018-07-05,44.16,44.67,44.13,44.66,11617140,,https://api.nasdaq.com/api/quote/KO/historical?assetclass=stocks&fromdate=2016-07-26&todate=2026-07-26&limit=5000
KO,2018-07-06,44.67,44.94,44.575,44.64,8733676,,https://api.nasdaq.com/api/quote/KO/historical?assetclass=stocks&fromdate=2016-07-26&todate=2026-07-26&limit=5000
KO,2018-07-09,44.54,44.73,44.34,44.4,7360841,,https://api.nasdaq.com/api/quote/KO/historical?assetclass=stocks&fromdate=2016-07-26&todate=2026-07-26&limit=5000
KO,2018-07-10,44.51,45,44.5,44.97,10593480,,https://api.nasdaq.com/api/quote/KO/historical?assetclass=stocks&fromdate=2016-07-26&todate=2026-07-26&limit=5000
KO,2018-07-11,44.99,45,44.64,44.79,7706984,,https://api.nasdaq.com/api/quote/KO/historical?assetclass=stocks&fromdate=2016-07-26&todate=2026-07-26&limit=5000
KO,2018-07-12,44.83,44.96,44.49,44.67,6329358,,https://api.nasdaq.com/api/quote/KO/historical?assetclass=stocks&fromdate=2016-07-26&todate=2026-07-26&limit=5000
KO,2018-07-13,44.7,44.78,44.465,44.74,5585830,,https://api.nasdaq.com/api/quote/KO/historical?assetclass=stocks&fromdate=2016-07-26&todate=2026-07-26&limit=5000
KO,2018-07-16,44.73,44.8,44.53,44.73,5831292,,https://api.nasdaq.com/api/quote/KO/historical?assetclass=stocks&fromdate=2016-07-26&todate=2026-07-26&limit=5000
KO,2018-07-17,44.75,45.39,44.68,45.25,11586310,,https://api.nasdaq.com/api/quote/KO/historical?assetclass=stocks&fromdate=2016-07-26&todate=2026-07-26&limit=5000
KO,2018-07-18,45.19,45.285,44.84,45.12,7351313,,https://api.nasdaq.com/api/quote/KO/historical?assetclass=stocks&fromdate=2016-07-26&todate=2026-07-26&limit=5000
KO,2018-07-19,44.99,45.43,44.92,45.11,10097350,,https://api.nasdaq.com/api/quote/KO/historical?assetclass=stocks&fromdate=2016-07-26&todate=2026-07-26&limit=5000
KO,2018-07-20,45.02,45.28,44.9,45.28,8588268,,https://api.nasdaq.com/api/quote/KO/historical?assetclass=stocks&fromdate=2016-07-26&todate=2026-07-26&limit=5000
KO,2018-07-23,45.28,45.36,44.7742,44.95,8925927,,https://api.nasdaq.com/api/quote/KO/historical?assetclass=stocks&fromdate=2016-07-26&todate=2026-07-26&limit=5000
KO,2018-07-24,44.78,45.27,44.61,45.26,13784430,,https://api.nasdaq.com/api/quote/KO/historical?assetclass=stocks&fromdate=2016-07-26&todate=2026-07-26&limit=5000
KO,2018-07-25,46,46.58,45.75,46.09,21326780,,https://api.nasdaq.com/api/quote/KO/historical?assetclass=stocks&fromdate=2016-07-26&todate=2026-07-26&limit=5000
KO,2018-07-26,46.36,46.59,46.2,46.24,12673080,,https://api.nasdaq.com/api/quote/KO/historical?assetclass=stocks&fromdate=2016-07-26&todate=2026-07-26&limit=5000
KO,2018-07-27,46.32,46.495,46.06,46.21,10516940,,https://api.nasdaq.com/api/quote/KO/historical?assetclass=stocks&fromdate=2016-07-26&todate=2026-07-26&limit=5000
KO,2018-07-30,46.1,46.44,46.05,46.23,8967861,,https://api.nasdaq.com/api/quote/KO/historical?assetclass=stocks&fromdate=2016-07-26&todate=2026-07-26&limit=5000
KO,2018-07-31,46.4,46.67,46.31,46.63,12423880,,https://api.nasdaq.com/api/quote/KO/historical?assetclass=stocks&fromdate=2016-07-26&todate=2026-07-26&limit=5000
KO,2018-08-01,46.45,46.49,46.17,46.39,9902539,,https://api.nasdaq.com/api/quote/KO/historical?assetclass=stocks&fromdate=2016-07-26&todate=2026-07-26&limit=5000
KO,2018-08-02,46.48,46.63,46.18,46.18,12007220,,https://api.nasdaq.com/api/quote/KO/historical?assetclass=stocks&fromdate=2016-07-26&todate=2026-07-26&limit=5000
KO,2018-08-03,46.23,46.76,46.14,46.62,11462750,,https://api.nasdaq.com/api/quote/KO/historical?assetclass=stocks&fromdate=2016-07-26&todate=2026-07-26&limit=5000
KO,2018-08-06,46.6,46.87,46.55,46.65,10055550,,https://api.nasdaq.com/api/quote/KO/historical?assetclass=stocks&fromdate=2016-07-26&todate=2026-07-26&limit=5000
KO,2018-08-07,46.52,46.61,46.13,46.5,8613078,,https://api.nasdaq.com/api/quote/KO/historical?assetclass=stocks&fromdate=2016-07-26&todate=2026-07-26&limit=5000
KO,2018-08-08,46.49,46.56,46.1226,46.15,6810027,,https://api.nasdaq.com/api/quote/KO/historical?assetclass=stocks&fromdate=2016-07-26&todate=2026-07-26&limit=5000
KO,2018-08-09,46.25,46.42,46.075,46.35,8924053,,https://api.nasdaq.com/api/quote/KO/historical?assetclass=stocks&fromdate=2016-07-26&todate=2026-07-26&limit=5000
KO,2018-08-10,46.21,46.42,45.965,46.08,7435576,,https://api.nasdaq.com/api/quote/KO/historical?assetclass=stocks&fromdate=2016-07-26&todate=2026-07-26&limit=5000
KO,2018-08-13,46.05,46.13,45.7,45.83,7914108,,https://api.nasdaq.com/api/quote/KO/historical?assetclass=stocks&fromdate=2016-07-26&todate=2026-07-26&limit=5000
KO,2018-08-14,45.91,46.1,45.8732,45.89,6831115,,https://api.nasdaq.com/api/quote/KO/historical?assetclass=stocks&fromdate=2016-07-26&todate=2026-07-26&limit=5000
KO,2018-08-15,45.77,46.145,45.65,46.08,9669725,,https://api.nasdaq.com/api/quote/KO/historical?assetclass=stocks&fromdate=2016-07-26&todate=2026-07-26&limit=5000
KO,2018-08-16,46.11,46.38,45.97,46.22,10600700,,https://api.nasdaq.com/api/quote/KO/historical?assetclass=stocks&fromdate=2016-07-26&todate=2026-07-26&limit=5000
KO,2018-08-17,46.29,46.73,46.24,46.6,8465489,,https://api.nasdaq.com/api/quote/KO/historical?assetclass=stocks&fromdate=2016-07-26&todate=2026-07-26&limit=5000
KO,2018-08-20,46.68,46.865,46.59,46.73,6257021,,https://api.nasdaq.com/api/quote/KO/historical?assetclass=stocks&fromdate=2016-07-26&todate=2026-07-26&limit=5000
KO,2018-08-21,46.73,46.75,46.21,46.22,13618790,,https://api.nasdaq.com/api/quote/KO/historical?assetclass=stocks&fromdate=2016-07-26&todate=2026-07-26&limit=5000
KO,2018-08-22,46.34,46.38,45.92,45.93,7147045,,https://api.nasdaq.com/api/quote/KO/historical?assetclass=stocks&fromdate=2016-07-26&todate=2026-07-26&limit=5000
KO,2018-08-23,45.89,46.08,45.69,45.7,13013990,,https://api.nasdaq.com/api/quote/KO/historical?assetclass=stocks&fromdate=2016-07-26&todate=2026-07-26&limit=5000
KO,2018-08-24,45.65,45.8,45.58,45.63,10719550,,https://api.nasdaq.com/api/quote/KO/historical?assetclass=stocks&fromdate=2016-07-26&todate=2026-07-26&limit=5000
KO,2018-08-27,46.05,46.05,45.564,45.69,9581236,,https://api.nasdaq.com/api/quote/KO/historical?assetclass=stocks&fromdate=2016-07-26&todate=2026-07-26&limit=5000
KO,2018-08-28,45.65,45.73,45.28,45.37,8476182,,https://api.nasdaq.com/api/quote/KO/historical?assetclass=stocks&fromdate=2016-07-26&todate=2026-07-26&limit=5000
KO,2018-08-29,45.25,45.415,45.22,45.33,12410410,,https://api.nasdaq.com/api/quote/KO/historical?assetclass=stocks&fromdate=2016-07-26&todate=2026-07-26&limit=5000
KO,2018-08-30,45.28,45.32,44.885,44.95,9705580,,https://api.nasdaq.com/api/quote/KO/historical?assetclass=stocks&fromdate=2016-07-26&todate=2026-07-26&limit=5000
KO,2018-08-31,45,45.07,44.39,44.57,19834010,,https://api.nasdaq.com/api/quote/KO/historical?assetclass=stocks&fromdate=2016-07-26&todate=2026-07-26&limit=5000
KO,2018-09-04,44.6,44.9,44.51,44.76,11138530,,https://api.nasdaq.com/api/quote/KO/historical?assetclass=stocks&fromdate=2016-07-26&todate=2026-07-26&limit=5000
KO,2018-09-05,44.66,45.42,44.66,45.38,10554840,,https://api.nasdaq.com/api/quote/KO/historical?assetclass=stocks&fromdate=2016-07-26&todate=2026-07-26&limit=5000
KO,2018-09-06,45.4,46,45.3,45.77,11395300,,https://api.nasdaq.com/api/quote/KO/historical?assetclass=stocks&fromdate=2016-07-26&todate=2026-07-26&limit=5000
KO,2018-09-07,45.6,45.82,45.28,45.72,10172300,,https://api.nasdaq.com/api/quote/KO/historical?assetclass=stocks&fromdate=2016-07-26&todate=2026-07-26&limit=5000
KO,2018-09-10,45.91,46.31,45.795,46.06,8558534,,https://api.nasdaq.com/api/quote/KO/historical?assetclass=stocks&fromdate=2016-07-26&todate=2026-07-26&limit=5000
KO,2018-09-11,46.1,46.15,45.88,46.02,9278264,,https://api.nasdaq.com/api/quote/KO/historical?assetclass=stocks&fromdate=2016-07-26&todate=2026-07-26&limit=5000
KO,2018-09-12,46.16,46.3,46.02,46.24,13199850,,https://api.nasdaq.com/api/quote/KO/historical?assetclass=stocks&fromdate=2016-07-26&todate=2026-07-26&limit=5000
KO,2018-09-13,46.01,46.12,45.71,45.83,8228718,,https://api.nasdaq.com/api/quote/KO/historical?assetclass=stocks&fromdate=2016-07-26&todate=2026-07-26&limit=5000
KO,2018-09-14,45.92,46.0264,45.61,45.99,7547411,,https://api.nasdaq.com/api/quote/KO/historical?assetclass=stocks&fromdate=2016-07-26&todate=2026-07-26&limit=5000
KO,2018-09-17,46,46.33,45.91,46.32,8524864,,https://api.nasdaq.com/api/quote/KO/historical?assetclass=stocks&fromdate=2016-07-26&todate=2026-07-26&limit=5000
KO,2018-09-18,46.39,46.53,45.93,45.93,9846714,,https://api.nasdaq.com/api/quote/KO/historical?assetclass=stocks&fromdate=2016-07-26&todate=2026-07-26&limit=5000
KO,2018-09-19,46,46.105,45.865,45.96,7118911,,https://api.nasdaq.com/api/quote/KO/historical?assetclass=stocks&fromdate=2016-07-26&todate=2026-07-26&limit=5000
KO,2018-09-20,46.22,46.68,46.15,46.64,9475199,,https://api.nasdaq.com/api/quote/KO/historical?assetclass=stocks&fromdate=2016-07-26&todate=2026-07-26&limit=5000
KO,2018-09-21,46.64,46.69,46.375,46.58,19202270,,https://api.nasdaq.com/api/quote/KO/historical?assetclass=stocks&fromdate=2016-07-26&todate=2026-07-26&limit=5000
KO,2018-09-24,46.49,46.53,45.84,46.07,10590840,,https://api.nasdaq.com/api/quote/KO/historical?assetclass=stocks&fromdate=2016-07-26&todate=2026-07-26&limit=5000
KO,2018-09-25,46.06,46.1754,45.61,45.68,7750868,,https://api.nasdaq.com/api/quote/KO/historical?assetclass=stocks&fromdate=2016-07-26&todate=2026-07-26&limit=5000
KO,2018-09-26,45.77,46.07,45.565,45.85,10109490,,https://api.nasdaq.com/api/quote/KO/historical?assetclass=stocks&fromdate=2016-07-26&todate=2026-07-26&limit=5000
KO,2018-09-27,45.73,46.18,45.68,46.01,10826780,,https://api.nasdaq.com/api/quote/KO/historical?assetclass=stocks&fromdate=2016-07-26&todate=2026-07-26&limit=5000
KO,2018-09-28,46,46.19,45.97,46.19,8745871,,https://api.nasdaq.com/api/quote/KO/historical?assetclass=stocks&fromdate=2016-07-26&todate=2026-07-26&limit=5000
KO,2018-10-01,46.17,46.35,46.05,46.23,9338966,,https://api.nasdaq.com/api/quote/KO/historical?assetclass=stocks&fromdate=2016-07-26&todate=2026-07-26&limit=5000
KO,2018-10-02,46.28,46.555,46.06,46.51,7353675,,https://api.nasdaq.com/api/quote/KO/historical?assetclass=stocks&fromdate=2016-07-26&todate=2026-07-26&limit=5000
KO,2018-10-03,46.46,46.55,45.8,45.87,10532770,,https://api.nasdaq.com/api/quote/KO/historical?assetclass=stocks&fromdate=2016-07-26&todate=2026-07-26&limit=5000
KO,2018-10-04,45.66,45.895,45.425,45.85,9582257,,https://api.nasdaq.com/api/quote/KO/historical?assetclass=stocks&fromdate=2016-07-26&todate=2026-07-26&limit=5000
KO,2018-10-05,45.94,46.16,45.69,45.88,8696592,,https://api.nasdaq.com/api/quote/KO/historical?assetclass=stocks&fromdate=2016-07-26&todate=2026-07-26&limit=5000
KO,2018-10-08,45.99,46.58,45.97,46.48,8706227,,https://api.nasdaq.com/api/quote/KO/historical?assetclass=stocks&fromdate=2016-07-26&todate=2026-07-26&limit=5000
KO,2018-10-09,46.38,46.55,46.22,46.39,10824150,,https://api.nasdaq.com/api/quote/KO/historical?assetclass=stocks&fromdate=2016-07-26&todate=2026-07-26&limit=5000
KO,2018-10-10,46.3,46.7,45.67,45.68,13182670,,https://api.nasdaq.com/api/quote/KO/historical?assetclass=stocks&fromdate=2016-07-26&todate=2026-07-26&limit=5000
KO,2018-10-11,45.8,45.97,44.5,44.64,17467290,,https://api.nasdaq.com/api/quote/KO/historical?assetclass=stocks&fromdate=2016-07-26&todate=2026-07-26&limit=5000
KO,2018-10-12,44.48,44.8799,44.25,44.68,11158610,,https://api.nasdaq.com/api/quote/KO/historical?assetclass=stocks&fromdate=2016-07-26&todate=2026-07-26&limit=5000
KO,2018-10-15,44.64,45.265,44.59,44.91,11052170,,https://api.nasdaq.com/api/quote/KO/historical?assetclass=stocks&fromdate=2016-07-26&todate=2026-07-26&limit=5000
KO,2018-10-16,45.02,45.595,44.8626,45.49,10164310,,https://api.nasdaq.com/api/quote/KO/historical?assetclass=stocks&fromdate=2016-07-26&todate=2026-07-26&limit=5000
KO,2018-10-17,45.41,45.99,45.36,45.86,10542520,,https://api.nasdaq.com/api/quote/KO/historical?assetclass=stocks&fromdate=2016-07-26&todate=2026-07-26&limit=5000
KO,2018-10-18,45.9,46.08,45.455,45.61,11154140,,https://api.nasdaq.com/api/quote/KO/historical?assetclass=stocks&fromdate=2016-07-26&todate=2026-07-26&limit=5000
KO,2018-10-19,45.83,46.49,45.83,46.33,13797660,,https://api.nasdaq.com/api/quote/KO/historical?assetclass=stocks&fromdate=2016-07-26&todate=2026-07-26&limit=5000
KO,2018-10-22,46.37,46.455,45.81,45.97,14107470,,https://api.nasdaq.com/api/quote/KO/historical?assetclass=stocks&fromdate=2016-07-26&todate=2026-07-26&limit=5000
KO,2018-10-23,45.62,46.455,45.45,46.36,17458680,,https://api.nasdaq.com/api/quote/KO/historical?assetclass=stocks&fromdate=2016-07-26&todate=2026-07-26&limit=5000
KO,2018-10-24,46.33,47.39,46.24,46.73,21182860,,https://api.nasdaq.com/api/quote/KO/historical?assetclass=stocks&fromdate=2016-07-26&todate=2026-07-26&limit=5000
KO,2018-10-25,46.65,46.74,46.12,46.51,14099370,,https://api.nasdaq.com/api/quote/KO/historical?assetclass=stocks&fromdate=2016-07-26&todate=2026-07-26&limit=5000
KO,2018-10-26,46.37,46.48,45.43,45.92,21452670,,https://api.nasdaq.com/api/quote/KO/historical?assetclass=stocks&fromdate=2016-07-26&todate=2026-07-26&limit=5000
KO,2018-10-29,46.15,46.555,46.05,46.46,20672910,,https://api.nasdaq.com/api/quote/KO/historical?assetclass=stocks&fromdate=2016-07-26&todate=2026-07-26&limit=5000
KO,2018-10-30,46.62,47.74,46.0384,47.63,20806340,,https://api.nasdaq.com/api/quote/KO/historical?assetclass=stocks&fromdate=2016-07-26&todate=2026-07-26&limit=5000
KO,2018-10-31,47.5,48.08,47.22,47.88,25293280,,https://api.nasdaq.com/api/quote/KO/historical?assetclass=stocks&fromdate=2016-07-26&todate=2026-07-26&limit=5000
KO,2018-11-01,47.81,48.15,47.295,47.74,16481110,,https://api.nasdaq.com/api/quote/KO/historical?assetclass=stocks&fromdate=2016-07-26&todate=2026-07-26&limit=5000
KO,2018-11-02,47.82,48,47.435,48,16993150,,https://api.nasdaq.com/api/quote/KO/historical?assetclass=stocks&fromdate=2016-07-26&todate=2026-07-26&limit=5000
KO,2018-11-05,48,48.775,47.92,48.69,16384380,,https://api.nasdaq.com/api/quote/KO/historical?assetclass=stocks&fromdate=2016-07-26&todate=2026-07-26&limit=5000
KO,2018-11-06,48.65,49.13,48.6,49.11,14112070,,https://api.nasdaq.com/api/quote/KO/historical?assetclass=stocks&fromdate=2016-07-26&todate=2026-07-26&limit=5000
KO,2018-11-07,49.39,49.55,49.0301,49.37,12224380,,https://api.nasdaq.com/api/quote/KO/historical?assetclass=stocks&fromdate=2016-07-26&todate=2026-07-26&limit=5000
KO,2018-11-08,49.12,49.37,49.1,49.33,9601656,,https://api.nasdaq.com/api/quote/KO/historical?assetclass=stocks&fromdate=2016-07-26&todate=2026-07-26&limit=5000
KO,2018-11-09,49.39,49.89,49.36,49.68,12397920,,https://api.nasdaq.com/api/quote/KO/historical?assetclass=stocks&fromdate=2016-07-26&todate=2026-07-26&limit=5000
KO,2018-11-12,49.61,50.24,49.54,49.87,13872810,,https://api.nasdaq.com/api/quote/KO/historical?assetclass=stocks&fromdate=2016-07-26&todate=2026-07-26&limit=5000
KO,2018-11-13,49.81,50,49.58,49.86,13778220,,https://api.nasdaq.com/api/quote/KO/historical?assetclass=stocks&fromdate=2016-07-26&todate=2026-07-26&limit=5000
KO,2018-11-14,49.85,49.94,49.59,49.76,12100150,,https://api.nasdaq.com/api/quote/KO/historical?assetclass=stocks&fromdate=2016-07-26&todate=2026-07-26&limit=5000
KO,2018-11-15,49.66,49.75,49.27,49.74,11999210,,https://api.nasdaq.com/api/quote/KO/historical?assetclass=stocks&fromdate=2016-07-26&todate=2026-07-26&limit=5000
KO,2018-11-16,49.66,50.25,49.63,50.17,13388400,,https://api.nasdaq.com/api/quote/KO/historical?assetclass=stocks&fromdate=2016-07-26&todate=2026-07-26&limit=5000
KO,2018-11-19,50.31,50.76,50.25,50.51,13043420,,https://api.nasdaq.com/api/quote/KO/historical?assetclass=stocks&fromdate=2016-07-26&todate=2026-07-26&limit=5000
KO,2018-11-20,50.82,50.84,49.21,49.38,16255290,,https://api.nasdaq.com/api/quote/KO/historical?assetclass=stocks&fromdate=2016-07-26&todate=2026-07-26&limit=5000
KO,2018-11-21,49.23,49.44,48.59,48.73,13559210,,https://api.nasdaq.com/api/quote/KO/historical?assetclass=stocks&fromdate=2016-07-26&todate=2026-07-26&limit=5000
KO,2018-11-23,48.75,49.23,48.55,49.02,4792475,,https://api.nasdaq.com/api/quote/KO/historical?assetclass=stocks&fromdate=2016-07-26&todate=2026-07-26&limit=5000
KO,2018-11-26,49.01,49.23,48.67,48.87,9120680,,https://api.nasdaq.com/api/quote/KO/historical?assetclass=stocks&fromdate=2016-07-26&todate=2026-07-26&limit=5000
KO,2018-11-27,48.88,49.405,48.73,49.37,9177232,,https://api.nasdaq.com/api/quote/KO/historical?assetclass=stocks&fromdate=2016-07-26&todate=2026-07-26&limit=5000
KO,2018-11-28,49.21,49.72,49.21,49.71,11367500,,https://api.nasdaq.com/api/quote/KO/historical?assetclass=stocks&fromdate=2016-07-26&todate=2026-07-26&limit=5000
KO,2018-11-29,49.28,49.43,48.97,48.98,11494370,,https://api.nasdaq.com/api/quote/KO/historical?assetclass=stocks&fromdate=2016-07-26&todate=2026-07-26&limit=5000
KO,2018-11-30,49,50.485,48.99,50.4,25515120,,https://api.nasdaq.com/api/quote/KO/historical?assetclass=stocks&fromdate=2016-07-26&todate=2026-07-26&limit=5000
KO,2018-12-03,49.87,49.96,48.89,49.69,14867020,,https://api.nasdaq.com/api/quote/KO/historical?assetclass=stocks&fromdate=2016-07-26&todate=2026-07-26&limit=5000
KO,2018-12-04,49.97,50.51,49.5,49.58,18907820,,https://api.nasdaq.com/api/quote/KO/historical?assetclass=stocks&fromdate=2016-07-26&todate=2026-07-26&limit=5000
KO,2018-12-06,49.51,49.63,48.66,49.38,17071210,,https://api.nasdaq.com/api/quote/KO/historical?assetclass=stocks&fromdate=2016-07-26&todate=2026-07-26&limit=5000
KO,2018-12-07,49.57,49.68,48.88,49.09,14929890,,https://api.nasdaq.com/api/quote/KO/historical?assetclass=stocks&fromdate=2016-07-26&todate=2026-07-26&limit=5000
KO,2018-12-10,49.45,49.45,48.465,49.24,11585850,,https://api.nasdaq.com/api/quote/KO/historical?assetclass=stocks&fromdate=2016-07-26&todate=2026-07-26&limit=5000
KO,2018-12-11,49.59,50.01,49.18,49.54,16543320,,https://api.nasdaq.com/api/quote/KO/historical?assetclass=stocks&fromdate=2016-07-26&todate=2026-07-26&limit=5000
KO,2018-12-12,49.95,50.02,49.19,49.22,12247820,,https://api.nasdaq.com/api/quote/KO/historical?assetclass=stocks&fromdate=2016-07-26&todate=2026-07-26&limit=5000
KO,2018-12-13,48.72,49.6099,48.57,49.47,12703110,,https://api.nasdaq.com/api/quote/KO/historical?assetclass=stocks&fromdate=2016-07-26&todate=2026-07-26&limit=5000
KO,2018-12-14,49.23,49.52,49.02,49.34,13835920,,https://api.nasdaq.com/api/quote/KO/historical?assetclass=stocks&fromdate=2016-07-26&todate=2026-07-26&limit=5000
KO,2018-12-17,49.34,49.53,48.02,48.33,18447710,,https://api.nasdaq.com/api/quote/KO/historical?assetclass=stocks&fromdate=2016-07-26&todate=2026-07-26&limit=5000
KO,2018-12-18,48.61,48.83,47.85,48.32,14403880,,https://api.nasdaq.com/api/quote/KO/historical?assetclass=stocks&fromdate=2016-07-26&todate=2026-07-26&limit=5000
KO,2018-12-19,48.24,48.76,47.62,47.9,17902660,,https://api.nasdaq.com/api/quote/KO/historical?assetclass=stocks&fromdate=2016-07-26&todate=2026-07-26&limit=5000
KO,2018-12-20,47.81,48.1331,47.1,47.54,20560100,,https://api.nasdaq.com/api/quote/KO/historical?assetclass=stocks&fromdate=2016-07-26&todate=2026-07-26&limit=5000
KO,2018-12-21,47.26,48.75,47.23,47.57,32469090,,https://api.nasdaq.com/api/quote/KO/historical?assetclass=stocks&fromdate=2016-07-26&todate=2026-07-26&limit=5000
KO,2018-12-24,47.62,47.87,45.83,45.96,10733720,,https://api.nasdaq.com/api/quote/KO/historical?assetclass=stocks&fromdate=2016-07-26&todate=2026-07-26&limit=5000
KO,2018-12-26,45.88,46.96,45.66,46.94,14206790,,https://api.nasdaq.com/api/quote/KO/historical?assetclass=stocks&fromdate=2016-07-26&todate=2026-07-26&limit=5000
KO,2018-12-27,46.74,47.55,46.03,47.53,16747670,,https://api.nasdaq.com/api/quote/KO/historical?assetclass=stocks&fromdate=2016-07-26&todate=2026-07-26&limit=5000
KO,2018-12-28,47.89,48.01,47.025,47.2,13197690,,https://api.nasdaq.com/api/quote/KO/historical?assetclass=stocks&fromdate=2016-07-26&todate=2026-07-26&limit=5000
KO,2018-12-31,47.49,47.54,46.96,47.35,10575210,,https://api.nasdaq.com/api/quote/KO/historical?assetclass=stocks&fromdate=2016-07-26&todate=2026-07-26&limit=5000
KO,2019-01-02,46.94,47.215,46.555,46.93,11472440,,https://api.nasdaq.com/api/quote/KO/historical?assetclass=stocks&fromdate=2016-07-26&todate=2026-07-26&limit=5000
KO,2019-01-03,46.82,47.37,46.53,46.64,14725710,,https://api.nasdaq.com/api/quote/KO/historical?assetclass=stocks&fromdate=2016-07-26&todate=2026-07-26&limit=5000
KO,2019-01-04,46.75,47.57,46.64,47.57,12871860,,https://api.nasdaq.com/api/quote/KO/historical?assetclass=stocks&fromdate=2016-07-26&todate=2026-07-26&limit=5000
KO,2019-01-07,47.57,47.75,46.895,46.95,13039170,,https://api.nasdaq.com/api/quote/KO/historical?assetclass=stocks&fromdate=2016-07-26&todate=2026-07-26&limit=5000
KO,2019-01-08,47.25,47.57,47.035,47.48,15252630,,https://api.nasdaq.com/api/quote/KO/historical?assetclass=stocks&fromdate=2016-07-26&todate=2026-07-26&limit=5000
KO,2019-01-09,47.08,47.28,46.43,46.57,17995500,,https://api.nasdaq.com/api/quote/KO/historical?assetclass=stocks&fromdate=2016-07-26&todate=2026-07-26&limit=5000
KO,2019-01-10,46.66,47.09,46.34,47.07,15738180,,https://api.nasdaq.com/api/quote/KO/historical?assetclass=stocks&fromdate=2016-07-26&todate=2026-07-26&limit=5000
KO,2019-01-11,47.29,47.355,46.97,47.34,10935960,,https://api.nasdaq.com/api/quote/KO/historical?assetclass=stocks&fromdate=2016-07-26&todate=2026-07-26&limit=5000
KO,2019-01-14,47.25,47.3966,46.99,47.15,11389830,,https://api.nasdaq.com/api/quote/KO/historical?assetclass=stocks&fromdate=2016-07-26&todate=2026-07-26&limit=5000
KO,2019-01-15,46.89,47.6,46.81,47.57,11319850,,https://api.nasdaq.com/api/quote/KO/historical?assetclass=stocks&fromdate=2016-07-26&todate=2026-07-26&limit=5000
KO,2019-01-16,47.4,47.47,46.86,46.92,16797030,,https://api.nasdaq.com/api/quote/KO/historical?assetclass=stocks&fromdate=2016-07-26&todate=2026-07-26&limit=5000
KO,2019-01-17,46.92,47.1385,46.88,47.06,11832680,,https://api.nasdaq.com/api/quote/KO/historical?assetclass=stocks&fromdate=2016-07-26&todate=2026-07-26&limit=5000
KO,2019-01-18,47.25,47.69,47.12,47.61,12760450,,https://api.nasdaq.com/api/quote/KO/historical?assetclass=stocks&fromdate=2016-07-26&todate=2026-07-26&limit=5000
KO,2019-01-22,47.7,47.79,47.205,47.72,11314410,,https://api.nasdaq.com/api/quote/KO/historical?assetclass=stocks&fromdate=2016-07-26&todate=2026-07-26&limit=5000
KO,2019-01-23,47.82,48.29,47.65,48.27,11459970,,https://api.nasdaq.com/api/quote/KO/historical?assetclass=stocks&fromdate=2016-07-26&todate=2026-07-26&limit=5000
KO,2019-01-24,48.11,48.11,47.375,47.69,10168950,,https://api.nasdaq.com/api/quote/KO/historical?assetclass=stocks&fromdate=2016-07-26&todate=2026-07-26&limit=5000
KO,2019-01-25,47.88,48.025,47.24,47.37,12054880,,https://api.nasdaq.com/api/quote/KO/historical?assetclass=stocks&fromdate=2016-07-26&todate=2026-07-26&limit=5000
KO,2019-01-28,47.22,47.3,46.94,47.17,9759362,,https://api.nasdaq.com/api/quote/KO/historical?assetclass=stocks&fromdate=2016-07-26&todate=2026-07-26&limit=5000
KO,2019-01-29,47.2,47.63,47.13,47.4,11979820,,https://api.nasdaq.com/api/quote/KO/historical?assetclass=stocks&fromdate=2016-07-26&todate=2026-07-26&limit=5000
KO,2019-01-30,47.25,47.89,47.19,47.86,12557520,,https://api.nasdaq.com/api/quote/KO/historical?assetclass=stocks&fromdate=2016-07-26&todate=2026-07-26&limit=5000
KO,2019-01-31,47.85,48.78,47.47,48.13,32010790,,https://api.nasdaq.com/api/quote/KO/historical?assetclass=stocks&fromdate=2016-07-26&todate=2026-07-26&limit=5000
KO,2019-02-01,48.48,48.78,48.4,48.7,18985990,,https://api.nasdaq.com/api/quote/KO/historical?assetclass=stocks&fromdate=2016-07-26&todate=2026-07-26&limit=5000
KO,2019-02-04,48.7,49.45,48.54,49.25,15061230,,https://api.nasdaq.com/api/quote/KO/historical?assetclass=stocks&fromdate=2016-07-26&todate=2026-07-26&limit=5000
KO,2019-02-05,49.33,49.465,49.1,49.26,12358430,,https://api.nasdaq.com/api/quote/KO/historical?assetclass=stocks&fromdate=2016-07-26&todate=2026-07-26&limit=5000
KO,2019-02-06,49.21,49.36,49.02,49.26,8689037,,https://api.nasdaq.com/api/quote/KO/historical?assetclass=stocks&fromdate=2016-07-26&todate=2026-07-26&limit=5000
KO,2019-02-07,49.17,49.46,49.0025,49.42,10009370,,https://api.nasdaq.com/api/quote/KO/historical?assetclass=stocks&fromdate=2016-07-26&todate=2026-07-26&limit=5000
KO,2019-02-08,49.37,49.5,49.11,49.5,9095377,,https://api.nasdaq.com/api/quote/KO/historical?assetclass=stocks&fromdate=2016-07-26&todate=2026-07-26&limit=5000
KO,2019-02-11,49.57,49.88,49.475,49.61,9193115,,https://api.nasdaq.com/api/quote/KO/historical?assetclass=stocks&fromdate=2016-07-26&todate=2026-07-26&limit=5000
KO,2019-02-12,49.69,49.8,49.46,49.66,10983210,,https://api.nasdaq.com/api/quote/KO/historical?assetclass=stocks&fromdate=2016-07-26&todate=2026-07-26&limit=5000
KO,2019-02-13,49.61,49.94,49.56,49.79,12477120,,https://api.nasdaq.com/api/quote/KO/historical?assetclass=stocks&fromdate=2016-07-26&todate=2026-07-26&limit=5000
KO,2019-02-14,46.7,46.96,45.5,45.59,58833910,,https://api.nasdaq.com/api/quote/KO/historical?assetclass=stocks&fromdate=2016-07-26&todate=2026-07-26&limit=5000
KO,2019-02-15,45.9,46.255,45.2,45.24,35684790,,https://api.nasdaq.com/api/quote/KO/historical?assetclass=stocks&fromdate=2016-07-26&todate=2026-07-26&limit=5000
KO,2019-02-19,45.32,45.59,44.77,44.83,25493830,,https://api.nasdaq.com/api/quote/KO/historical?assetclass=stocks&fromdate=2016-07-26&todate=2026-07-26&limit=5000
KO,2019-02-20,44.91,45.2354,44.8,45.1,26902180,,https://api.nasdaq.com/api/quote/KO/historical?assetclass=stocks&fromdate=2016-07-26&todate=2026-07-26&limit=5000
KO,2019-02-21,45,45.91,44.96,45.86,22898390,,https://api.nasdaq.com/api/quote/KO/historical?assetclass=stocks&fromdate=2016-07-26&todate=2026-07-26&limit=5000
KO,2019-02-22,45.76,45.95,45.2,45.28,24725730,,https://api.nasdaq.com/api/quote/KO/historical?assetclass=stocks&fromdate=2016-07-26&todate=2026-07-26&limit=5000
KO,2019-02-25,45.44,45.57,44.84,44.94,23764130,,https://api.nasdaq.com/api/quote/KO/historical?assetclass=stocks&fromdate=2016-07-26&todate=2026-07-26&limit=5000
KO,2019-02-26,45.1,45.14,44.66,44.69,20460240,,https://api.nasdaq.com/api/quote/KO/historical?assetclass=stocks&fromdate=2016-07-26&todate=2026-07-26&limit=5000
KO,2019-02-27,44.6,45.02,44.42,44.94,17827000,,https://api.nasdaq.com/api/quote/KO/historical?assetclass=stocks&fromdate=2016-07-26&todate=2026-07-26&limit=5000
KO,2019-02-28,45.12,45.6084,45.11,45.34,22434730,,https://api.nasdaq.com/api/quote/KO/historical?assetclass=stocks&fromdate=2016-07-26&todate=2026-07-26&limit=5000
KO,2019-03-01,45.47,45.64,45.2,45.38,16074130,,https://api.nasdaq.com/api/quote/KO/historical?assetclass=stocks&fromdate=2016-07-26&todate=2026-07-26&limit=5000
KO,2019-03-04,45.53,45.67,45.3,45.65,13334350,,https://api.nasdaq.com/api/quote/KO/historical?assetclass=stocks&fromdate=2016-07-26&todate=2026-07-26&limit=5000
KO,2019-03-05,45.65,45.7,45.4,45.6,12455360,,https://api.nasdaq.com/api/quote/KO/historical?assetclass=stocks&fromdate=2016-07-26&todate=2026-07-26&limit=5000
KO,2019-03-06,45.67,45.785,45.44,45.45,14231970,,https://api.nasdaq.com/api/quote/KO/historical?assetclass=stocks&fromdate=2016-07-26&todate=2026-07-26&limit=5000
KO,2019-03-07,45.49,45.53,45.125,45.28,11980750,,https://api.nasdaq.com/api/quote/KO/historical?assetclass=stocks&fromdate=2016-07-26&todate=2026-07-26&limit=5000
KO,2019-03-08,45.15,45.25,44.61,44.84,15578470,,https://api.nasdaq.com/api/quote/KO/historical?assetclass=stocks&fromdate=2016-07-26&todate=2026-07-26&limit=5000
KO,2019-03-11,45.14,46.235,45.1,46.18,22123360,,https://api.nasdaq.com/api/quote/KO/historical?assetclass=stocks&fromdate=2016-07-26&todate=2026-07-26&limit=5000
KO,2019-03-12,45.95,46.25,45.9,46.05,19344910,,https://api.nasdaq.com/api/quote/KO/historical?assetclass=stocks&fromdate=2016-07-26&todate=2026-07-26&limit=5000
KO,2019-03-13,46.13,46.34,45.91,46.22,16210900,,https://api.nasdaq.com/api/quote/KO/historical?assetclass=stocks&fromdate=2016-07-26&todate=2026-07-26&limit=5000
KO,2019-03-14,45.84,46.11,45.63,45.7,18504010,,https://api.nasdaq.com/api/quote/KO/historical?assetclass=stocks&fromdate=2016-07-26&todate=2026-07-26&limit=5000
KO,2019-03-15,45.72,45.895,45.14,45.3,47249810,,https://api.nasdaq.com/api/quote/KO/historical?assetclass=stocks&fromdate=2016-07-26&todate=2026-07-26&limit=5000
KO,2019-03-18,45.43,45.68,45.36,45.41,20800780,,https://api.nasdaq.com/api/quote/KO/historical?assetclass=stocks&fromdate=2016-07-26&todate=2026-07-26&limit=5000
KO,2019-03-19,45.55,45.69,45.34,45.56,14633410,,https://api.nasdaq.com/api/quote/KO/historical?assetclass=stocks&fromdate=2016-07-26&todate=2026-07-26&limit=5000
KO,2019-03-20,45.4,45.895,45.18,45.53,13373590,,https://api.nasdaq.com/api/quote/KO/historical?assetclass=stocks&fromdate=2016-07-26&todate=2026-07-26&limit=5000
KO,2019-03-21,45.53,45.76,45.44,45.51,20040850,,https://api.nasdaq.com/api/quote/KO/historical?assetclass=stocks&fromdate=2016-07-26&todate=2026-07-26&limit=5000
KO,2019-03-22,45.46,46.105,45.46,45.93,18946690,,https://api.nasdaq.com/api/quote/KO/historical?assetclass=stocks&fromdate=2016-07-26&todate=2026-07-26&limit=5000
KO,2019-03-25,45.86,46.2,45.79,46.03,11666880,,https://api.nasdaq.com/api/quote/KO/historical?assetclass=stocks&fromdate=2016-07-26&todate=2026-07-26&limit=5000
KO,2019-03-26,46.17,46.79,46.17,46.64,11433490,,https://api.nasdaq.com/api/quote/KO/historical?assetclass=stocks&fromdate=2016-07-26&todate=2026-07-26&limit=5000
KO,2019-03-27,46.65,46.905,46.33,46.61,11461690,,https://api.nasdaq.com/api/quote/KO/historical?assetclass=stocks&fromdate=2016-07-26&todate=2026-07-26&limit=5000
KO,2019-03-28,46.68,46.92,46.48,46.58,9987956,,https://api.nasdaq.com/api/quote/KO/historical?assetclass=stocks&fromdate=2016-07-26&todate=2026-07-26&limit=5000
KO,2019-03-29,46.67,46.905,46.4801,46.86,16041810,,https://api.nasdaq.com/api/quote/KO/historical?assetclass=stocks&fromdate=2016-07-26&todate=2026-07-26&limit=5000
KO,2019-04-01,46.99,47.165,46.59,46.72,11047950,,https://api.nasdaq.com/api/quote/KO/historical?assetclass=stocks&fromdate=2016-07-26&todate=2026-07-26&limit=5000
KO,2019-04-02,46.75,46.93,46.57,46.57,8471553,,https://api.nasdaq.com/api/quote/KO/historical?assetclass=stocks&fromdate=2016-07-26&todate=2026-07-26&limit=5000
KO,2019-04-03,46.42,46.59,46.035,46.18,12853550,,https://api.nasdaq.com/api/quote/KO/historical?assetclass=stocks&fromdate=2016-07-26&todate=2026-07-26&limit=5000
KO,2019-04-04,46.34,46.54,46.11,46.48,7813951,,https://api.nasdaq.com/api/quote/KO/historical?assetclass=stocks&fromdate=2016-07-26&todate=2026-07-26&limit=5000
KO,2019-04-05,46.49,46.58,46.2,46.47,7677534,,https://api.nasdaq.com/api/quote/KO/historical?assetclass=stocks&fromdate=2016-07-26&todate=2026-07-26&limit=5000
KO,2019-04-08,46.54,46.57,46.265,46.55,9421189,,https://api.nasdaq.com/api/quote/KO/historical?assetclass=stocks&fromdate=2016-07-26&todate=2026-07-26&limit=5000
KO,2019-04-09,46.45,46.72,46.27,46.67,8640877,,https://api.nasdaq.com/api/quote/KO/historical?assetclass=stocks&fromdate=2016-07-26&todate=2026-07-26&limit=5000
KO,2019-04-10,46.84,47,46.56,46.64,7787526,,https://api.nasdaq.com/api/quote/KO/historical?assetclass=stocks&fromdate=2016-07-26&todate=2026-07-26&limit=5000
KO,2019-04-11,46.72,46.75,46.54,46.71,7352279,,https://api.nasdaq.com/api/quote/KO/historical?assetclass=stocks&fromdate=2016-07-26&todate=2026-07-26&limit=5000
KO,2019-04-12,46.67,46.9299,46.57,46.74,10688590,,https://api.nasdaq.com/api/quote/KO/historical?assetclass=stocks&fromdate=2016-07-26&todate=2026-07-26&limit=5000
KO,2019-04-15,46.88,47.04,46.7,47,10261160,,https://api.nasdaq.com/api/quote/KO/historical?assetclass=stocks&fromdate=2016-07-26&todate=2026-07-26&limit=5000
KO,2019-04-16,47.05,47.1,46.7,46.95,10804550,,https://api.nasdaq.com/api/quote/KO/historical?assetclass=stocks&fromdate=2016-07-26&todate=2026-07-26&limit=5000
KO,2019-04-17,47.2,47.545,47.15,47.28,11849150,,https://api.nasdaq.com/api/quote/KO/historical?assetclass=stocks&fromdate=2016-07-26&todate=2026-07-26&limit=5000
KO,2019-04-18,47.33,47.58,47.27,47.48,12166130,,https://api.nasdaq.com/api/quote/KO/historical?assetclass=stocks&fromdate=2016-07-26&todate=2026-07-26&limit=5000
KO,2019-04-22,47.4,47.61,47.015,47.4,8952810,,https://api.nasdaq.com/api/quote/KO/historical?assetclass=stocks&fromdate=2016-07-26&todate=2026-07-26&limit=5000
KO,2019-04-23,48.09,48.72,47.55,48.21,25327670,,https://api.nasdaq.com/api/quote/KO/historical?assetclass=stocks&fromdate=2016-07-26&todate=2026-07-26&limit=5000
KO,2019-04-24,48.03,48.225,47.915,47.98,15053370,,https://api.nasdaq.com/api/quote/KO/historical?assetclass=stocks&fromdate=2016-07-26&todate=2026-07-26&limit=5000
KO,2019-04-25,47.74,47.89,47.47,47.84,11444180,,https://api.nasdaq.com/api/quote/KO/historical?assetclass=stocks&fromdate=2016-07-26&todate=2026-07-26&limit=5000
KO,2019-04-26,47.99,48.45,47.98,48.26,10153410,,https://api.nasdaq.com/api/quote/KO/historical?assetclass=stocks&fromdate=2016-07-26&todate=2026-07-26&limit=5000
KO,2019-04-29,48.17,48.45,48.11,48.42,9730817,,https://api.nasdaq.com/api/quote/KO/historical?assetclass=stocks&fromdate=2016-07-26&todate=2026-07-26&limit=5000
KO,2019-04-30,48.53,49.18,48.39,49.06,17912710,,https://api.nasdaq.com/api/quote/KO/historical?assetclass=stocks&fromdate=2016-07-26&todate=2026-07-26&limit=5000
KO,2019-05-01,48.95,49.075,48.55,48.59,10551590,,https://api.nasdaq.com/api/quote/KO/historical?assetclass=stocks&fromdate=2016-07-26&todate=2026-07-26&limit=5000
KO,2019-05-02,48.53,48.7657,48.27,48.39,8724932,,https://api.nasdaq.com/api/quote/KO/historical?assetclass=stocks&fromdate=2016-07-26&todate=2026-07-26&limit=5000
KO,2019-05-03,48.6,48.96,48.52,48.72,7076949,,https://api.nasdaq.com/api/quote/KO/historical?assetclass=stocks&fromdate=2016-07-26&todate=2026-07-26&limit=5000
KO,2019-05-06,48.33,48.61,48.26,48.47,8658209,,https://api.nasdaq.com/api/quote/KO/historical?assetclass=stocks&fromdate=2016-07-26&todate=2026-07-26&limit=5000
KO,2019-05-07,48.23,48.29,47.77,48,12487480,,https://api.nasdaq.com/api/quote/KO/historical?assetclass=stocks&fromdate=2016-07-26&todate=2026-07-26&limit=5000
KO,2019-05-08,48.05,48.23,47.82,47.85,9281542,,https://api.nasdaq.com/api/quote/KO/historical?assetclass=stocks&fromdate=2016-07-26&todate=2026-07-26&limit=5000
KO,2019-05-09,47.8,47.98,47.07,47.4,11450530,,https://api.nasdaq.com/api/quote/KO/historical?assetclass=stocks&fromdate=2016-07-26&todate=2026-07-26&limit=5000
KO,2019-05-10,47.41,48.295,47.4,48.19,9653803,,https://api.nasdaq.com/api/quote/KO/historical?assetclass=stocks&fromdate=2016-07-26&todate=2026-07-26&limit=5000
KO,2019-05-13,47.91,48.13,47.73,48.05,11911500,,https://api.nasdaq.com/api/quote/KO/historical?assetclass=stocks&fromdate=2016-07-26&todate=2026-07-26&limit=5000
KO,2019-05-14,48.53,49.32,48.35,48.69,16844200,,https://api.nasdaq.com/api/quote/KO/historical?assetclass=stocks&fromdate=2016-07-26&todate=2026-07-26&limit=5000
KO,2019-05-15,48.67,49.38,48.6,49.18,11422540,,https://api.nasdaq.com/api/quote/KO/historical?assetclass=stocks&fromdate=2016-07-26&todate=2026-07-26&limit=5000
KO,2019-05-16,49.27,49.66,49.21,49.58,17771460,,https://api.nasdaq.com/api/quote/KO/historical?assetclass=stocks&fromdate=2016-07-26&todate=2026-07-26&limit=5000
KO,2019-05-17,49.27,49.55,49.174,49.2,11257020,,https://api.nasdaq.com/api/quote/KO/historical?assetclass=stocks&fromdate=2016-07-26&todate=2026-07-26&limit=5000
KO,2019-05-20,49.04,49.14,48.76,48.85,13850530,,https://api.nasdaq.com/api/quote/KO/historical?assetclass=stocks&fromdate=2016-07-26&todate=2026-07-26&limit=5000
KO,2019-05-21,49,49.03,48.445,48.6,10587370,,https://api.nasdaq.com/api/quote/KO/historical?assetclass=stocks&fromdate=2016-07-26&todate=2026-07-26&limit=5000
KO,2019-05-22,48.78,49.71,48.72,49.65,16050700,,https://api.nasdaq.com/api/quote/KO/historical?assetclass=stocks&fromdate=2016-07-26&todate=2026-07-26&limit=5000
KO,2019-05-23,49.5,49.9,49.4601,49.85,12199510,,https://api.nasdaq.com/api/quote/KO/historical?assetclass=stocks&fromdate=2016-07-26&todate=2026-07-26&limit=5000
KO,2019-05-24,49.82,49.89,49.53,49.61,6887900,,https://api.nasdaq.com/api/quote/KO/historical?assetclass=stocks&fromdate=2016-07-26&todate=2026-07-26&limit=5000
KO,2019-05-28,49.6,49.67,49.03,49.1,18614230,,https://api.nasdaq.com/api/quote/KO/historical?assetclass=stocks&fromdate=2016-07-26&todate=2026-07-26&limit=5000
KO,2019-05-29,48.74,49.03,48.41,48.61,12534850,,https://api.nasdaq.com/api/quote/KO/historical?assetclass=stocks&fromdate=2016-07-26&todate=2026-07-26&limit=5000
KO,2019-05-30,48.72,49.31,48.67,49.25,9087412,,https://api.nasdaq.com/api/quote/KO/historical?assetclass=stocks&fromdate=2016-07-26&todate=2026-07-26&limit=5000
KO,2019-05-31,49,49.31,48.78,49.13,11368640,,https://api.nasdaq.com/api/quote/KO/historical?assetclass=stocks&fromdate=2016-07-26&todate=2026-07-26&limit=5000
KO,2019-06-03,49.16,49.98,49.02,49.98,14167450,,https://api.nasdaq.com/api/quote/KO/historical?assetclass=stocks&fromdate=2016-07-26&todate=2026-07-26&limit=5000
KO,2019-06-04,50,50.28,49.615,50,12010730,,https://api.nasdaq.com/api/quote/KO/historical?assetclass=stocks&fromdate=2016-07-26&todate=2026-07-26&limit=5000
KO,2019-06-05,50.01,51.14,49.685,50.78,15837550,,https://api.nasdaq.com/api/quote/KO/historical?assetclass=stocks&fromdate=2016-07-26&todate=2026-07-26&limit=5000
KO,2019-06-06,50.91,51.54,50.59,51.4,15190440,,https://api.nasdaq.com/api/quote/KO/historical?assetclass=stocks&fromdate=2016-07-26&todate=2026-07-26&limit=5000
KO,2019-06-07,51.47,52.185,51.45,51.49,15293560,,https://api.nasdaq.com/api/quote/KO/historical?assetclass=stocks&fromdate=2016-07-26&todate=2026-07-26&limit=5000
KO,2019-06-10,51.54,51.54,51.09,51.38,9737469,,https://api.nasdaq.com/api/quote/KO/historical?assetclass=stocks&fromdate=2016-07-26&todate=2026-07-26&limit=5000
KO,2019-06-11,51.45,51.59,51.18,51.33,9915822,,https://api.nasdaq.com/api/quote/KO/historical?assetclass=stocks&fromdate=2016-07-26&todate=2026-07-26&limit=5000
KO,2019-06-12,51.5,52.135,51.47,51.64,11088120,,https://api.nasdaq.com/api/quote/KO/historical?assetclass=stocks&fromdate=2016-07-26&todate=2026-07-26&limit=5000
KO,2019-06-13,51.46,51.7,50.775,51.13,10353650,,https://api.nasdaq.com/api/quote/KO/historical?assetclass=stocks&fromdate=2016-07-26&todate=2026-07-26&limit=5000
KO,2019-06-14,51.05,51.53,51.05,51.31,8694261,,https://api.nasdaq.com/api/quote/KO/historical?assetclass=stocks&fromdate=2016-07-26&todate=2026-07-26&limit=5000
KO,2019-06-17,51.25,51.48,50.61,50.87,12322610,,https://api.nasdaq.com/api/quote/KO/historical?assetclass=stocks&fromdate=2016-07-26&todate=2026-07-26&limit=5000
KO,2019-06-18,51.25,51.3,50.53,50.64,9221096,,https://api.nasdaq.com/api/quote/KO/historical?assetclass=stocks&fromdate=2016-07-26&todate=2026-07-26&limit=5000
KO,2019-06-19,50.54,51.24,50.47,51.12,9414126,,https://api.nasdaq.com/api/quote/KO/historical?assetclass=stocks&fromdate=2016-07-26&todate=2026-07-26&limit=5000
KO,2019-06-20,51.5,51.785,51.35,51.66,10656580,,https://api.nasdaq.com/api/quote/KO/historical?assetclass=stocks&fromdate=2016-07-26&todate=2026-07-26&limit=5000
KO,2019-06-21,51.53,51.89,51.41,51.55,21264420,,https://api.nasdaq.com/api/quote/KO/historical?assetclass=stocks&fromdate=2016-07-26&todate=2026-07-26&limit=5000
KO,2019-06-24,51.74,52.2,51.7,51.92,10780170,,https://api.nasdaq.com/api/quote/KO/historical?assetclass=stocks&fromdate=2016-07-26&todate=2026-07-26&limit=5000
KO,2019-06-25,52,52.1,51.64,51.76,11519910,,https://api.nasdaq.com/api/quote/KO/historical?assetclass=stocks&fromdate=2016-07-26&todate=2026-07-26&limit=5000
KO,2019-06-26,51.52,51.64,51.085,51.12,12405070,,https://api.nasdaq.com/api/quote/KO/historical?assetclass=stocks&fromdate=2016-07-26&todate=2026-07-26&limit=5000
KO,2019-06-27,51.29,51.4,50.965,51.08,12374920,,https://api.nasdaq.com/api/quote/KO/historical?assetclass=stocks&fromdate=2016-07-26&todate=2026-07-26&limit=5000
KO,2019-06-28,51.27,51.4,50.52,50.92,16339870,,https://api.nasdaq.com/api/quote/KO/historical?assetclass=stocks&fromdate=2016-07-26&todate=2026-07-26&limit=5000
KO,2019-07-01,51.07,51.63,50.78,51.6,14983240,,https://api.nasdaq.com/api/quote/KO/historical?assetclass=stocks&fromdate=2016-07-26&todate=2026-07-26&limit=5000
KO,2019-07-02,51.78,52.05,51.55,51.98,8570397,,https://api.nasdaq.com/api/quote/KO/historical?assetclass=stocks&fromdate=2016-07-26&todate=2026-07-26&limit=5000
KO,2019-07-03,52,52.329,52,52.1,7253702,,https://api.nasdaq.com/api/quote/KO/historical?assetclass=stocks&fromdate=2016-07-26&todate=2026-07-26&limit=5000
KO,2019-07-05,51.89,52.12,51.48,52.11,8916270,,https://api.nasdaq.com/api/quote/KO/historical?assetclass=stocks&fromdate=2016-07-26&todate=2026-07-26&limit=5000
KO,2019-07-08,52.2,52.33,51.89,52,9495084,,https://api.nasdaq.com/api/quote/KO/historical?assetclass=stocks&fromdate=2016-07-26&todate=2026-07-26&limit=5000
KO,2019-07-09,51.72,51.97,51.43,51.59,10584930,,https://api.nasdaq.com/api/quote/KO/historical?assetclass=stocks&fromdate=2016-07-26&todate=2026-07-26&limit=5000
KO,2019-07-10,51.8,51.97,51.655,51.82,7620933,,https://api.nasdaq.com/api/quote/KO/historical?assetclass=stocks&fromdate=2016-07-26&todate=2026-07-26&limit=5000
KO,2019-07-11,51.99,52.06,51.66,52.04,10376530,,https://api.nasdaq.com/api/quote/KO/historical?assetclass=stocks&fromdate=2016-07-26&todate=2026-07-26&limit=5000
KO,2019-07-12,52.25,52.29,51.91,52.12,7347728,,https://api.nasdaq.com/api/quote/KO/historical?assetclass=stocks&fromdate=2016-07-26&todate=2026-07-26&limit=5000
KO,2019-07-15,52.28,52.29,51.865,52.13,5876139,,https://api.nasdaq.com/api/quote/KO/historical?assetclass=stocks&fromdate=2016-07-26&todate=2026-07-26&limit=5000
KO,2019-07-16,51.96,52.47,51.81,52.14,7132540,,https://api.nasdaq.com/api/quote/KO/historical?assetclass=stocks&fromdate=2016-07-26&todate=2026-07-26&limit=5000
KO,2019-07-17,52.22,52.26,52.01,52.18,8264361,,https://api.nasdaq.com/api/quote/KO/historical?assetclass=stocks&fromdate=2016-07-26&todate=2026-07-26&limit=5000
KO,2019-07-18,52.04,52.1651,51.67,52.03,11912290,,https://api.nasdaq.com/api/quote/KO/historical?assetclass=stocks&fromdate=2016-07-26&todate=2026-07-26&limit=5000
KO,2019-07-19,52.14,52.15,51.37,51.39,10355790,,https://api.nasdaq.com/api/quote/KO/historical?assetclass=stocks&fromdate=2016-07-26&todate=2026-07-26&limit=5000
KO,2019-07-22,51.52,51.52,51.13,51.22,12095780,,https://api.nasdaq.com/api/quote/KO/historical?assetclass=stocks&fromdate=2016-07-26&todate=2026-07-26&limit=5000
KO,2019-07-23,53.25,54.635,52.76,54.33,33417950,,https://api.nasdaq.com/api/quote/KO/historical?assetclass=stocks&fromdate=2016-07-26&todate=2026-07-26&limit=5000
KO,2019-07-24,54.12,54.82,53.62,53.78,15633380,,https://api.nasdaq.com/api/quote/KO/historical?assetclass=stocks&fromdate=2016-07-26&todate=2026-07-26&limit=5000
KO,2019-07-25,53.63,53.8,52.715,53.07,19134960,,https://api.nasdaq.com/api/quote/KO/historical?assetclass=stocks&fromdate=2016-07-26&todate=2026-07-26&limit=5000
KO,2019-07-26,53.34,54.31,53.19,54.17,11452090,,https://api.nasdaq.com/api/quote/KO/historical?assetclass=stocks&fromdate=2016-07-26&todate=2026-07-26&limit=5000
KO,2019-07-29,54.17,54.295,53.9001,53.99,12283930,,https://api.nasdaq.com/api/quote/KO/historical?assetclass=stocks&fromdate=2016-07-26&todate=2026-07-26&limit=5000
KO,2019-07-30,53.96,54.3,53.565,53.72,8127139,,https://api.nasdaq.com/api/quote/KO/historical?assetclass=stocks&fromdate=2016-07-26&todate=2026-07-26&limit=5000
KO,2019-07-31,53.51,53.51,52.04,52.63,16865530,,https://api.nasdaq.com/api/quote/KO/historical?assetclass=stocks&fromdate=2016-07-26&todate=2026-07-26&limit=5000
KO,2019-08-01,52.78,53.2,52.01,52.03,19527450,,https://api.nasdaq.com/api/quote/KO/historical?assetclass=stocks&fromdate=2016-07-26&todate=2026-07-26&limit=5000
KO,2019-08-02,51.91,52.73,51.91,52.33,13102310,,https://api.nasdaq.com/api/quote/KO/historical?assetclass=stocks&fromdate=2016-07-26&todate=2026-07-26&limit=5000
KO,2019-08-05,52.39,52.66,51.4,51.65,19986480,,https://api.nasdaq.com/api/quote/KO/historical?assetclass=stocks&fromdate=2016-07-26&todate=2026-07-26&limit=5000
KO,2019-08-06,51.87,52.759,51.61,52.27,19903080,,https://api.nasdaq.com/api/quote/KO/historical?assetclass=stocks&fromdate=2016-07-26&todate=2026-07-26&limit=5000
KO,2019-08-07,52.27,53.39,51.77,53.18,17937040,,https://api.nasdaq.com/api/quote/KO/historical?assetclass=stocks&fromdate=2016-07-26&todate=2026-07-26&limit=5000
KO,2019-08-08,53.21,53.7835,52.85,53.69,10799080,,https://api.nasdaq.com/api/quote/KO/historical?assetclass=stocks&fromdate=2016-07-26&todate=2026-07-26&limit=5000
KO,2019-08-09,53.79,53.9,53.08,53.42,9260870,,https://api.nasdaq.com/api/quote/KO/historical?assetclass=stocks&fromdate=2016-07-26&todate=2026-07-26&limit=5000
KO,2019-08-12,53.28,53.435,52.99,53.2,6588611,,https://api.nasdaq.com/api/quote/KO/historical?assetclass=stocks&fromdate=2016-07-26&todate=2026-07-26&limit=5000
KO,2019-08-13,52.9,53.61,52.87,53.5,8657591,,https://api.nasdaq.com/api/quote/KO/historical?assetclass=stocks&fromdate=2016-07-26&todate=2026-07-26&limit=5000
KO,2019-08-14,53.34,53.965,52.97,52.99,17088930,,https://api.nasdaq.com/api/quote/KO/historical?assetclass=stocks&fromdate=2016-07-26&todate=2026-07-26&limit=5000
KO,2019-08-15,53.43,54,53.23,53.87,12393220,,https://api.nasdaq.com/api/quote/KO/historical?assetclass=stocks&fromdate=2016-07-26&todate=2026-07-26&limit=5000
KO,2019-08-16,53.98,54.49,53.95,54.41,14288690,,https://api.nasdaq.com/api/quote/KO/historical?assetclass=stocks&fromdate=2016-07-26&todate=2026-07-26&limit=5000
KO,2019-08-19,54.44,54.78,54.31,54.69,10936540,,https://api.nasdaq.com/api/quote/KO/historical?assetclass=stocks&fromdate=2016-07-26&todate=2026-07-26&limit=5000
KO,2019-08-20,54.62,54.68,53.84,53.88,8176977,,https://api.nasdaq.com/api/quote/KO/historical?assetclass=stocks&fromdate=2016-07-26&todate=2026-07-26&limit=5000
KO,2019-08-21,54.25,54.41,53.85,54.1,10886650,,https://api.nasdaq.com/api/quote/KO/historical?assetclass=stocks&fromdate=2016-07-26&todate=2026-07-26&limit=5000
KO,2019-08-22,54.12,54.64,54.1,54.49,7467949,,https://api.nasdaq.com/api/quote/KO/historical?assetclass=stocks&fromdate=2016-07-26&todate=2026-07-26&limit=5000
KO,2019-08-23,54.42,54.71,53.39,53.74,14160660,,https://api.nasdaq.com/api/quote/KO/historical?assetclass=stocks&fromdate=2016-07-26&todate=2026-07-26&limit=5000
KO,2019-08-26,54,54.54,53.73,54.54,9227331,,https://api.nasdaq.com/api/quote/KO/historical?assetclass=stocks&fromdate=2016-07-26&todate=2026-07-26&limit=5000
KO,2019-08-27,54.7,54.945,54.41,54.72,13538720,,https://api.nasdaq.com/api/quote/KO/historical?assetclass=stocks&fromdate=2016-07-26&todate=2026-07-26&limit=5000
KO,2019-08-28,54.66,55.15,54.421,55.11,10052410,,https://api.nasdaq.com/api/quote/KO/historical?assetclass=stocks&fromdate=2016-07-26&todate=2026-07-26&limit=5000
KO,2019-08-29,55.26,55.34,54.6,55.05,9262980,,https://api.nasdaq.com/api/quote/KO/historical?assetclass=stocks&fromdate=2016-07-26&todate=2026-07-26&limit=5000
KO,2019-08-30,55.16,55.22,54.81,55.04,8746708,,https://api.nasdaq.com/api/quote/KO/historical?assetclass=stocks&fromdate=2016-07-26&todate=2026-07-26&limit=5000
KO,2019-09-03,54.98,55.33,54.87,55.3,12991500,,https://api.nasdaq.com/api/quote/KO/historical?assetclass=stocks&fromdate=2016-07-26&todate=2026-07-26&limit=5000
KO,2019-09-04,55.35,55.92,55.3,55.77,10733810,,https://api.nasdaq.com/api/quote/KO/historical?assetclass=stocks&fromdate=2016-07-26&todate=2026-07-26&limit=5000
KO,2019-09-05,55.75,55.77,55.03,55.12,13677160,,https://api.nasdaq.com/api/quote/KO/historical?assetclass=stocks&fromdate=2016-07-26&todate=2026-07-26&limit=5000
KO,2019-09-06,55.44,55.44,54.76,55.23,9093514,,https://api.nasdaq.com/api/quote/KO/historical?assetclass=stocks&fromdate=2016-07-26&todate=2026-07-26&limit=5000
KO,2019-09-09,55.03,55.08,54.36,54.52,10814950,,https://api.nasdaq.com/api/quote/KO/historical?assetclass=stocks&fromdate=2016-07-26&todate=2026-07-26&limit=5000
KO,2019-09-10,54.23,54.44,53.85,54.4,12038560,,https://api.nasdaq.com/api/quote/KO/historical?assetclass=stocks&fromdate=2016-07-26&todate=2026-07-26&limit=5000
KO,2019-09-11,54.29,54.8,53.9696,54.77,9740376,,https://api.nasdaq.com/api/quote/KO/historical?assetclass=stocks&fromdate=2016-07-26&todate=2026-07-26&limit=5000
KO,2019-09-12,55.1,55.31,54.98,55.11,12357890,,https://api.nasdaq.com/api/quote/KO/historical?assetclass=stocks&fromdate=2016-07-26&todate=2026-07-26&limit=5000
KO,2019-09-13,54.48,54.79,54.07,54.26,11486110,,https://api.nasdaq.com/api/quote/KO/historical?assetclass=stocks&fromdate=2016-07-26&todate=2026-07-26&limit=5000
KO,2019-09-16,54.1,54.34,53.63,53.96,11172000,,https://api.nasdaq.com/api/quote/KO/historical?assetclass=stocks&fromdate=2016-07-26&todate=2026-07-26&limit=5000
KO,2019-09-17,54.1,54.697,53.96,54.24,11402940,,https://api.nasdaq.com/api/quote/KO/historical?assetclass=stocks&fromdate=2016-07-26&todate=2026-07-26&limit=5000
KO,2019-09-18,54.2,54.285,53.82,54.23,9786556,,https://api.nasdaq.com/api/quote/KO/historical?assetclass=stocks&fromdate=2016-07-26&todate=2026-07-26&limit=5000
KO,2019-09-19,54.23,54.595,54.13,54.52,8088639,,https://api.nasdaq.com/api/quote/KO/historical?assetclass=stocks&fromdate=2016-07-26&todate=2026-07-26&limit=5000
KO,2019-09-20,54.69,54.69,53.9,53.91,19349480,,https://api.nasdaq.com/api/quote/KO/historical?assetclass=stocks&fromdate=2016-07-26&todate=2026-07-26&limit=5000
KO,2019-09-23,53.91,54.36,53.88,54.14,6837554,,https://api.nasdaq.com/api/quote/KO/historical?assetclass=stocks&fromdate=2016-07-26&todate=2026-07-26&limit=5000
KO,2019-09-24,54.25,54.61,54.04,54.3,10336540,,https://api.nasdaq.com/api/quote/KO/historical?assetclass=stocks&fromdate=2016-07-26&todate=2026-07-26&limit=5000
KO,2019-09-25,54.44,54.48,54,54.17,10289530,,https://api.nasdaq.com/api/quote/KO/historical?assetclass=stocks&fromdate=2016-07-26&todate=2026-07-26&limit=5000
KO,2019-09-26,54.47,54.575,54.13,54.39,11252680,,https://api.nasdaq.com/api/quote/KO/historical?assetclass=stocks&fromdate=2016-07-26&todate=2026-07-26&limit=5000
KO,2019-09-27,54.56,54.635,54,54.31,7941142,,https://api.nasdaq.com/api/quote/KO/historical?assetclass=stocks&fromdate=2016-07-26&todate=2026-07-26&limit=5000
KO,2019-09-30,54.15,54.68,54.15,54.44,9822826,,https://api.nasdaq.com/api/quote/KO/historical?assetclass=stocks&fromdate=2016-07-26&todate=2026-07-26&limit=5000
KO,2019-10-01,54.53,54.78,54.01,54.65,14650920,,https://api.nasdaq.com/api/quote/KO/historical?assetclass=stocks&fromdate=2016-07-26&todate=2026-07-26&limit=5000
KO,2019-10-02,54.21,54.435,52.9,53.08,15384000,,https://api.nasdaq.com/api/quote/KO/historical?assetclass=stocks&fromdate=2016-07-26&todate=2026-07-26&limit=5000
KO,2019-10-03,53.5,53.9773,52.8236,53.84,14206690,,https://api.nasdaq.com/api/quote/KO/historical?assetclass=stocks&fromdate=2016-07-26&todate=2026-07-26&limit=5000
KO,2019-10-04,54,54.54,53.89,54.54,9926618,,https://api.nasdaq.com/api/quote/KO/historical?assetclass=stocks&fromdate=2016-07-26&todate=2026-07-26&limit=5000
KO,2019-10-07,54.33,54.36,53.77,53.87,6105344,,https://api.nasdaq.com/api/quote/KO/historical?assetclass=stocks&fromdate=2016-07-26&todate=2026-07-26&limit=5000
KO,2019-10-08,53.88,54.07,53.45,53.58,13558240,,https://api.nasdaq.com/api/quote/KO/historical?assetclass=stocks&fromdate=2016-07-26&todate=2026-07-26&limit=5000
KO,2019-10-09,54.06,54.065,53.535,53.83,7168098,,https://api.nasdaq.com/api/quote/KO/historical?assetclass=stocks&fromdate=2016-07-26&todate=2026-07-26&limit=5000
KO,2019-10-10,53.55,53.88,53.36,53.66,9054321,,https://api.nasdaq.com/api/quote/KO/historical?assetclass=stocks&fromdate=2016-07-26&todate=2026-07-26&limit=5000
KO,2019-10-11,53.65,53.7,53.195,53.3,9433728,,https://api.nasdaq.com/api/quote/KO/historical?assetclass=stocks&fromdate=2016-07-26&todate=2026-07-26&limit=5000
KO,2019-10-14,53.49,53.68,53.22,53.3,7363270,,https://api.nasdaq.com/api/quote/KO/historical?assetclass=stocks&fromdate=2016-07-26&todate=2026-07-26&limit=5000
KO,2019-10-15,53.43,53.68,53.27,53.51,9575426,,https://api.nasdaq.com/api/quote/KO/historical?assetclass=stocks&fromdate=2016-07-26&todate=2026-07-26&limit=5000
KO,2019-10-16,53.46,53.57,53.1341,53.49,10675920,,https://api.nasdaq.com/api/quote/KO/historical?assetclass=stocks&fromdate=2016-07-26&todate=2026-07-26&limit=5000
KO,2019-10-17,53.69,54.12,53.58,53.79,13336940,,https://api.nasdaq.com/api/quote/KO/historical?assetclass=stocks&fromdate=2016-07-26&todate=2026-07-26&limit=5000
KO,2019-10-18,55,55.39,54.45,54.78,18122510,,https://api.nasdaq.com/api/quote/KO/historical?assetclass=stocks&fromdate=2016-07-26&todate=2026-07-26&limit=5000
KO,2019-10-21,54.45,54.56,53.68,54.23,12879180,,https://api.nasdaq.com/api/quote/KO/historical?assetclass=stocks&fromdate=2016-07-26&todate=2026-07-26&limit=5000
KO,2019-10-22,54.23,54.42,53.74,53.85,9618980,,https://api.nasdaq.com/api/quote/KO/historical?assetclass=stocks&fromdate=2016-07-26&todate=2026-07-26&limit=5000
KO,2019-10-23,54.06,54.66,54.01,54.64,8648741,,https://api.nasdaq.com/api/quote/KO/historical?assetclass=stocks&fromdate=2016-07-26&todate=2026-07-26&limit=5000
KO,2019-10-24,54.57,54.817,54.485,54.61,11069470,,https://api.nasdaq.com/api/quote/KO/historical?assetclass=stocks&fromdate=2016-07-26&todate=2026-07-26&limit=5000
KO,2019-10-25,54.55,54.56,53.67,53.75,9782440,,https://api.nasdaq.com/api/quote/KO/historical?assetclass=stocks&fromdate=2016-07-26&todate=2026-07-26&limit=5000
KO,2019-10-28,53.74,53.95,53.37,53.57,8866055,,https://api.nasdaq.com/api/quote/KO/historical?assetclass=stocks&fromdate=2016-07-26&todate=2026-07-26&limit=5000
KO,2019-10-29,53.39,53.66,53.26,53.41,7999726,,https://api.nasdaq.com/api/quote/KO/historical?assetclass=stocks&fromdate=2016-07-26&todate=2026-07-26&limit=5000
KO,2019-10-30,53.52,54.05,53.16,53.94,8620879,,https://api.nasdaq.com/api/quote/KO/historical?assetclass=stocks&fromdate=2016-07-26&todate=2026-07-26&limit=5000
KO,2019-10-31,53.96,54.47,53.85,54.43,13981960,,https://api.nasdaq.com/api/quote/KO/historical?assetclass=stocks&fromdate=2016-07-26&todate=2026-07-26&limit=5000
KO,2019-11-01,54.63,54.74,53.85,53.9,9889529,,https://api.nasdaq.com/api/quote/KO/historical?assetclass=stocks&fromdate=2016-07-26&todate=2026-07-26&limit=5000
KO,2019-11-04,53.96,54,52.97,53.14,17515050,,https://api.nasdaq.com/api/quote/KO/historical?assetclass=stocks&fromdate=2016-07-26&todate=2026-07-26&limit=5000
KO,2019-11-05,52.89,52.89,52.12,52.42,19283970,,https://api.nasdaq.com/api/quote/KO/historical?assetclass=stocks&fromdate=2016-07-26&todate=2026-07-26&limit=5000
KO,2019-11-06,52.53,52.8,52.41,52.8,13288900,,https://api.nasdaq.com/api/quote/KO/historical?assetclass=stocks&fromdate=2016-07-26&todate=2026-07-26&limit=5000
KO,2019-11-07,52.88,53,51.96,52.29,11725820,,https://api.nasdaq.com/api/quote/KO/historical?assetclass=stocks&fromdate=2016-07-26&todate=2026-07-26&limit=5000
KO,2019-11-08,52.46,52.6,52.09,52.21,7141931,,https://api.nasdaq.com/api/quote/KO/historical?assetclass=stocks&fromdate=2016-07-26&todate=2026-07-26&limit=5000
KO,2019-11-11,52.33,52.37,51.775,51.84,8198919,,https://api.nasdaq.com/api/quote/KO/historical?assetclass=stocks&fromdate=2016-07-26&todate=2026-07-26&limit=5000
KO,2019-11-12,51.91,51.91,51.5831,51.71,12656900,,https://api.nasdaq.com/api/quote/KO/historical?assetclass=stocks&fromdate=2016-07-26&todate=2026-07-26&limit=5000
KO,2019-11-13,52.18,52.45,51.9612,52.41,12538460,,https://api.nasdaq.com/api/quote/KO/historical?assetclass=stocks&fromdate=2016-07-26&todate=2026-07-26&limit=5000
KO,2019-11-14,52.53,52.67,52.35,52.63,8660825,,https://api.nasdaq.com/api/quote/KO/historical?assetclass=stocks&fromdate=2016-07-26&todate=2026-07-26&limit=5000
KO,2019-11-15,52.64,52.68,52.375,52.67,8982554,,https://api.nasdaq.com/api/quote/KO/historical?assetclass=stocks&fromdate=2016-07-26&todate=2026-07-26&limit=5000
KO,2019-11-18,52.68,53.44,52.67,53.03,13783410,,https://api.nasdaq.com/api/quote/KO/historical?assetclass=stocks&fromdate=2016-07-26&todate=2026-07-26&limit=5000
KO,2019-11-19,53.15,53.31,52.87,53.08,12679740,,https://api.nasdaq.com/api/quote/KO/historical?assetclass=stocks&fromdate=2016-07-26&todate=2026-07-26&limit=5000
KO,2019-11-20,53.1,53.4,53.01,53.22,11970310,,https://api.nasdaq.com/api/quote/KO/historical?assetclass=stocks&fromdate=2016-07-26&todate=2026-07-26&limit=5000
KO,2019-11-21,53.11,53.34,52.775,52.96,7856139,,https://api.nasdaq.com/api/quote/KO/historical?assetclass=stocks&fromdate=2016-07-26&todate=2026-07-26&limit=5000
KO,2019-11-22,52.96,53.1878,52.75,53.03,9113348,,https://api.nasdaq.com/api/quote/KO/historical?assetclass=stocks&fromdate=2016-07-26&todate=2026-07-26&limit=5000
KO,2019-11-25,53.28,53.39,52.77,53.22,10965780,,https://api.nasdaq.com/api/quote/KO/historical?assetclass=stocks&fromdate=2016-07-26&todate=2026-07-26&limit=5000
KO,2019-11-26,53.31,53.94,53.22,53.9,13240290,,https://api.nasdaq.com/api/quote/KO/historical?assetclass=stocks&fromdate=2016-07-26&todate=2026-07-26&limit=5000
KO,2019-11-27,53.93,54.1,53.6,53.95,9596440,,https://api.nasdaq.com/api/quote/KO/historical?assetclass=stocks&fromdate=2016-07-26&todate=2026-07-26&limit=5000
KO,2019-11-29,53.7,53.725,53.22,53.4,7222347,,https://api.nasdaq.com/api/quote/KO/historical?assetclass=stocks&fromdate=2016-07-26&todate=2026-07-26&limit=5000
KO,2019-12-02,53.32,53.75,52.85,53.75,13182510,,https://api.nasdaq.com/api/quote/KO/historical?assetclass=stocks&fromdate=2016-07-26&todate=2026-07-26&limit=5000
KO,2019-12-03,53.71,53.84,53.4,53.8,15847770,,https://api.nasdaq.com/api/quote/KO/historical?assetclass=stocks&fromdate=2016-07-26&todate=2026-07-26&limit=5000
KO,2019-12-04,53.8,54.31,53.72,54.29,13624910,,https://api.nasdaq.com/api/quote/KO/historical?assetclass=stocks&fromdate=2016-07-26&todate=2026-07-26&limit=5000
KO,2019-12-05,54.21,54.29,53.83,54.19,14069780,,https://api.nasdaq.com/api/quote/KO/historical?assetclass=stocks&fromdate=2016-07-26&todate=2026-07-26&limit=5000
KO,2019-12-06,54.31,54.5,54.17,54.42,7843836,,https://api.nasdaq.com/api/quote/KO/historical?assetclass=stocks&fromdate=2016-07-26&todate=2026-07-26&limit=5000
KO,2019-12-09,54.3,54.51,54.02,54.07,13925130,,https://api.nasdaq.com/api/quote/KO/historical?assetclass=stocks&fromdate=2016-07-26&todate=2026-07-26&limit=5000
KO,2019-12-10,54.04,54.07,53.73,53.77,8994061,,https://api.nasdaq.com/api/quote/KO/historical?assetclass=stocks&fromdate=2016-07-26&todate=2026-07-26&limit=5000
KO,2019-12-11,53.94,54.15,53.66,53.95,8879196,,https://api.nasdaq.com/api/quote/KO/historical?assetclass=stocks&fromdate=2016-07-26&todate=2026-07-26&limit=5000
KO,2019-12-12,54.01,54.45,53.94,54.14,11233470,,https://api.nasdaq.com/api/quote/KO/historical?assetclass=stocks&fromdate=2016-07-26&todate=2026-07-26&limit=5000
KO,2019-12-13,53.94,54.55,53.84,54.42,13072400,,https://api.nasdaq.com/api/quote/KO/historical?assetclass=stocks&fromdate=2016-07-26&todate=2026-07-26&limit=5000
KO,2019-12-16,54.69,54.83,54.37,54.42,9538429,,https://api.nasdaq.com/api/quote/KO/historical?assetclass=stocks&fromdate=2016-07-26&todate=2026-07-26&limit=5000
KO,2019-12-17,54.4,54.58,54.29,54.42,9230076,,https://api.nasdaq.com/api/quote/KO/historical?assetclass=stocks&fromdate=2016-07-26&todate=2026-07-26&limit=5000
KO,2019-12-18,54.53,54.75,53.885,53.91,15132350,,https://api.nasdaq.com/api/quote/KO/historical?assetclass=stocks&fromdate=2016-07-26&todate=2026-07-26&limit=5000
KO,2019-12-19,54.04,54.34,53.92,54.32,15150940,,https://api.nasdaq.com/api/quote/KO/historical?assetclass=stocks&fromdate=2016-07-26&todate=2026-07-26&limit=5000
KO,2019-12-20,54.94,55.2,54.47,54.97,23833290,,https://api.nasdaq.com/api/quote/KO/historical?assetclass=stocks&fromdate=2016-07-26&todate=2026-07-26&limit=5000
KO,2019-12-23,55,55.24,54.84,54.91,9300763,,https://api.nasdaq.com/api/quote/KO/historical?assetclass=stocks&fromdate=2016-07-26&todate=2026-07-26&limit=5000
KO,2019-12-24,54.8,55,54.64,54.71,3359259,,https://api.nasdaq.com/api/quote/KO/historical?assetclass=stocks&fromdate=2016-07-26&todate=2026-07-26&limit=5000
KO,2019-12-26,54.92,55.02,54.79,55.02,6228683,,https://api.nasdaq.com/api/quote/KO/historical?assetclass=stocks&fromdate=2016-07-26&todate=2026-07-26&limit=5000
KO,2019-12-27,55.01,55.445,55,55.35,6895612,,https://api.nasdaq.com/api/quote/KO/historical?assetclass=stocks&fromdate=2016-07-26&todate=2026-07-26&limit=5000
KO,2019-12-30,55.18,55.385,55.06,55.27,6432611,,https://api.nasdaq.com/api/quote/KO/historical?assetclass=stocks&fromdate=2016-07-26&todate=2026-07-26&limit=5000
KO,2019-12-31,55.2,55.38,54.98,55.35,7982821,,https://api.nasdaq.com/api/quote/KO/historical?assetclass=stocks&fromdate=2016-07-26&todate=2026-07-26&limit=5000
KO,2020-01-02,55.32,55.43,54.76,54.99,11099120,,https://api.nasdaq.com/api/quote/KO/historical?assetclass=stocks&fromdate=2016-07-26&todate=2026-07-26&limit=5000
KO,2020-01-03,54.32,54.99,54.09,54.69,11354500,,https://api.nasdaq.com/api/quote/KO/historical?assetclass=stocks&fromdate=2016-07-26&todate=2026-07-26&limit=5000
KO,2020-01-06,54.65,54.905,54.52,54.67,14698440,,https://api.nasdaq.com/api/quote/KO/historical?assetclass=stocks&fromdate=2016-07-26&todate=2026-07-26&limit=5000
KO,2020-01-07,54.45,54.6,54.15,54.25,10230670,,https://api.nasdaq.com/api/quote/KO/historical?assetclass=stocks&fromdate=2016-07-26&todate=2026-07-26&limit=5000
KO,2020-01-08,54.27,54.64,54.15,54.35,10676710,,https://api.nasdaq.com/api/quote/KO/historical?assetclass=stocks&fromdate=2016-07-26&todate=2026-07-26&limit=5000
KO,2020-01-09,55,55.395,54.839,55.34,15410150,,https://api.nasdaq.com/api/quote/KO/historical?assetclass=stocks&fromdate=2016-07-26&todate=2026-07-26&limit=5000
KO,2020-01-10,55.48,55.93,55.45,55.53,13041110,,https://api.nasdaq.com/api/quote/KO/historical?assetclass=stocks&fromdate=2016-07-26&todate=2026-07-26&limit=5000
KO,2020-01-13,55.53,56.23,55.42,56.13,14303170,,https://api.nasdaq.com/api/quote/KO/historical?assetclass=stocks&fromdate=2016-07-26&todate=2026-07-26&limit=5000
KO,2020-01-14,56.24,56.292,55.83,56,16347160,,https://api.nasdaq.com/api/quote/KO/historical?assetclass=stocks&fromdate=2016-07-26&todate=2026-07-26&limit=5000
KO,2020-01-15,56,56.98,56,56.7,17735380,,https://api.nasdaq.com/api/quote/KO/historical?assetclass=stocks&fromdate=2016-07-26&todate=2026-07-26&limit=5000
KO,2020-01-16,56.85,56.95,56.605,56.82,10234420,,https://api.nasdaq.com/api/quote/KO/historical?assetclass=stocks&fromdate=2016-07-26&todate=2026-07-26&limit=5000
KO,2020-01-17,56.87,57.15,56.8,56.94,14264300,,https://api.nasdaq.com/api/quote/KO/historical?assetclass=stocks&fromdate=2016-07-26&todate=2026-07-26&limit=5000
KO,2020-01-21,56.85,57.245,56.5745,57.17,11968920,,https://api.nasdaq.com/api/quote/KO/historical?assetclass=stocks&fromdate=2016-07-26&todate=2026-07-26&limit=5000
KO,2020-01-22,57.25,57.64,57.1799,57.61,12869730,,https://api.nasdaq.com/api/quote/KO/historical?assetclass=stocks&fromdate=2016-07-26&todate=2026-07-26&limit=5000
KO,2020-01-23,57.38,57.845,57.24,57.83,12858950,,https://api.nasdaq.com/api/quote/KO/historical?assetclass=stocks&fromdate=2016-07-26&todate=2026-07-26&limit=5000
KO,2020-01-24,57.85,57.87,57.46,57.68,8594325,,https://api.nasdaq.com/api/quote/KO/historical?assetclass=stocks&fromdate=2016-07-26&todate=2026-07-26&limit=5000
KO,2020-01-27,57.21,57.85,57.13,57.48,14359940,,https://api.nasdaq.com/api/quote/KO/historical?assetclass=stocks&fromdate=2016-07-26&todate=2026-07-26&limit=5000
KO,2020-01-28,57.45,57.75,56.97,57.01,15240430,,https://api.nasdaq.com/api/quote/KO/historical?assetclass=stocks&fromdate=2016-07-26&todate=2026-07-26&limit=5000
KO,2020-01-29,57,57.2571,56.66,57.01,13173960,,https://api.nasdaq.com/api/quote/KO/historical?assetclass=stocks&fromdate=2016-07-26&todate=2026-07-26&limit=5000
KO,2020-01-30,57.93,58.98,57.76,58.86,20225580,,https://api.nasdaq.com/api/quote/KO/historical?assetclass=stocks&fromdate=2016-07-26&todate=2026-07-26&limit=5000
KO,2020-01-31,58.97,59.075,58.145,58.4,17685230,,https://api.nasdaq.com/api/quote/KO/historical?assetclass=stocks&fromdate=2016-07-26&todate=2026-07-26&limit=5000
KO,2020-02-03,58.75,58.97,58.52,58.58,12336760,,https://api.nasdaq.com/api/quote/KO/historical?assetclass=stocks&fromdate=2016-07-26&todate=2026-07-26&limit=5000
KO,2020-02-04,58.75,59.45,58.62,58.84,15417920,,https://api.nasdaq.com/api/quote/KO/historical?assetclass=stocks&fromdate=2016-07-26&todate=2026-07-26&limit=5000
KO,2020-02-05,58.9,59.08,58.535,58.85,11414910,,https://api.nasdaq.com/api/quote/KO/historical?assetclass=stocks&fromdate=2016-07-26&todate=2026-07-26&limit=5000
KO,2020-02-06,58.98,59.34,58.84,58.99,9347024,,https://api.nasdaq.com/api/quote/KO/historical?assetclass=stocks&fromdate=2016-07-26&todate=2026-07-26&limit=5000
KO,2020-02-07,58.88,59.315,58.85,59.19,8757800,,https://api.nasdaq.com/api/quote/KO/historical?assetclass=stocks&fromdate=2016-07-26&todate=2026-07-26&limit=5000
KO,2020-02-10,59.32,59.84,59.285,59.75,7984915,,https://api.nasdaq.com/api/quote/KO/historical?assetclass=stocks&fromdate=2016-07-26&todate=2026-07-26&limit=5000
KO,2020-02-11,59.72,59.8,59.32,59.59,7431244,,https://api.nasdaq.com/api/quote/KO/historical?assetclass=stocks&fromdate=2016-07-26&todate=2026-07-26&limit=5000
KO,2020-02-12,59.48,59.765,59.315,59.41,9179101,,https://api.nasdaq.com/api/quote/KO/historical?assetclass=stocks&fromdate=2016-07-26&todate=2026-07-26&limit=5000
KO,2020-02-13,59.38,59.84,59.21,59.61,8173191,,https://api.nasdaq.com/api/quote/KO/historical?assetclass=stocks&fromdate=2016-07-26&todate=2026-07-26&limit=5000
KO,2020-02-14,59.63,60.07,59.62,59.95,9965811,,https://api.nasdaq.com/api/quote/KO/historical?assetclass=stocks&fromdate=2016-07-26&todate=2026-07-26&limit=5000
KO,2020-02-18,59.81,59.93,59.45,59.53,10076120,,https://api.nasdaq.com/api/quote/KO/historical?assetclass=stocks&fromdate=2016-07-26&todate=2026-07-26&limit=5000
KO,2020-02-19,59.51,60,59.47,59.77,6265794,,https://api.nasdaq.com/api/quote/KO/historical?assetclass=stocks&fromdate=2016-07-26&todate=2026-07-26&limit=5000
KO,2020-02-20,59.68,59.86,59.11,59.72,7597337,,https://api.nasdaq.com/api/quote/KO/historical?assetclass=stocks&fromdate=2016-07-26&todate=2026-07-26&limit=5000
KO,2020-02-21,59.51,60.13,59.43,60.13,10842360,,https://api.nasdaq.com/api/quote/KO/historical?assetclass=stocks&fromdate=2016-07-26&todate=2026-07-26&limit=5000
KO,2020-02-24,59.11,59.8,58.57,58.65,14415500,,https://api.nasdaq.com/api/quote/KO/historical?assetclass=stocks&fromdate=2016-07-26&todate=2026-07-26&limit=5000
KO,2020-02-25,58.7,59.2,57.62,57.82,15915090,,https://api.nasdaq.com/api/quote/KO/historical?assetclass=stocks&fromdate=2016-07-26&todate=2026-07-26&limit=5000
KO,2020-02-26,57.98,58.47,57.475,57.6,15839660,,https://api.nasdaq.com/api/quote/KO/historical?assetclass=stocks&fromdate=2016-07-26&todate=2026-07-26&limit=5000
KO,2020-02-27,57.15,57.89,54.88,54.93,23754010,,https://api.nasdaq.com/api/quote/KO/historical?assetclass=stocks&fromdate=2016-07-26&todate=2026-07-26&limit=5000
KO,2020-02-28,53.83,53.89,51.58,53.49,40891820,,https://api.nasdaq.com/api/quote/KO/historical?assetclass=stocks&fromdate=2016-07-26&todate=2026-07-26&limit=5000
KO,2020-03-02,53.93,55.96,53.7,55.92,25698630,,https://api.nasdaq.com/api/quote/KO/historical?assetclass=stocks&fromdate=2016-07-26&todate=2026-07-26&limit=5000
KO,2020-03-03,56.76,57.49,55.64,56.06,27099170,,https://api.nasdaq.com/api/quote/KO/historical?assetclass=stocks&fromdate=2016-07-26&todate=2026-07-26&limit=5000
KO,2020-03-04,56.41,59,56.41,58.92,20526140,,https://api.nasdaq.com/api/quote/KO/historical?assetclass=stocks&fromdate=2016-07-26&todate=2026-07-26&limit=5000
KO,2020-03-05,57.8,58.17,56.19,56.74,17948490,,https://api.nasdaq.com/api/quote/KO/historical?assetclass=stocks&fromdate=2016-07-26&todate=2026-07-26&limit=5000
KO,2020-03-06,54.94,55.91,53.98,55.26,22353930,,https://api.nasdaq.com/api/quote/KO/historical?assetclass=stocks&fromdate=2016-07-26&todate=2026-07-26&limit=5000
KO,2020-03-09,52.05,53.58,51.475,51.86,27898260,,https://api.nasdaq.com/api/quote/KO/historical?assetclass=stocks&fromdate=2016-07-26&todate=2026-07-26&limit=5000
KO,2020-03-10,53.22,53.795,51.17,53.66,27457400,,https://api.nasdaq.com/api/quote/KO/historical?assetclass=stocks&fromdate=2016-07-26&todate=2026-07-26&limit=5000
KO,2020-03-11,52.35,52.65,51.14,52.21,22660710,,https://api.nasdaq.com/api/quote/KO/historical?assetclass=stocks&fromdate=2016-07-26&todate=2026-07-26&limit=5000
KO,2020-03-12,48.54,49.93,46.69,47.16,31913100,,https://api.nasdaq.com/api/quote/KO/historical?assetclass=stocks&fromdate=2016-07-26&todate=2026-07-26&limit=5000
KO,2020-03-13,49.51,49.56,46.605,48.47,33697150,,https://api.nasdaq.com/api/quote/KO/historical?assetclass=stocks&fromdate=2016-07-26&todate=2026-07-26&limit=5000
KO,2020-03-16,42.24,47.88,41.17,45.26,28682290,,https://api.nasdaq.com/api/quote/KO/historical?assetclass=stocks&fromdate=2016-07-26&todate=2026-07-26&limit=5000
KO,2020-03-17,45.88,47.5,45.37,47.18,32106680,,https://api.nasdaq.com/api/quote/KO/historical?assetclass=stocks&fromdate=2016-07-26&todate=2026-07-26&limit=5000
KO,2020-03-18,44.74,45.15,41.59,44.85,35408290,,https://api.nasdaq.com/api/quote/KO/historical?assetclass=stocks&fromdate=2016-07-26&todate=2026-07-26&limit=5000
KO,2020-03-19,44.36,44.66,41.04,41.83,41956850,,https://api.nasdaq.com/api/quote/KO/historical?assetclass=stocks&fromdate=2016-07-26&todate=2026-07-26&limit=5000
KO,2020-03-20,41.95,42.07,37.51,38.3,51513500,,https://api.nasdaq.com/api/quote/KO/historical?assetclass=stocks&fromdate=2016-07-26&todate=2026-07-26&limit=5000
KO,2020-03-23,38.755,38.8862,36.27,37.56,44978500,,https://api.nasdaq.com/api/quote/KO/historical?assetclass=stocks&fromdate=2016-07-26&todate=2026-07-26&limit=5000
KO,2020-03-24,41.22,41.4,38.83,39.45,49096210,,https://api.nasdaq.com/api/quote/KO/historical?assetclass=stocks&fromdate=2016-07-26&todate=2026-07-26&limit=5000
KO,2020-03-25,40.63,43.45,39.91,41.61,42511650,,https://api.nasdaq.com/api/quote/KO/historical?assetclass=stocks&fromdate=2016-07-26&todate=2026-07-26&limit=5000
KO,2020-03-26,42.84,45.27,42.45,44.29,37828290,,https://api.nasdaq.com/api/quote/KO/historical?assetclass=stocks&fromdate=2016-07-26&todate=2026-07-26&limit=5000
KO,2020-03-27,43.66,44.03,42.4,42.81,23297900,,https://api.nasdaq.com/api/quote/KO/historical?assetclass=stocks&fromdate=2016-07-26&todate=2026-07-26&limit=5000
KO,2020-03-30,43.04,45.56,43.04,45,23445970,,https://api.nasdaq.com/api/quote/KO/historical?assetclass=stocks&fromdate=2016-07-26&todate=2026-07-26&limit=5000
KO,2020-03-31,45.07,45.51,44.06,44.25,25373930,,https://api.nasdaq.com/api/quote/KO/historical?assetclass=stocks&fromdate=2016-07-26&todate=2026-07-26&limit=5000
KO,2020-04-01,42.48,43.65,41.8,42.12,21936410,,https://api.nasdaq.com/api/quote/KO/historical?assetclass=stocks&fromdate=2016-07-26&todate=2026-07-26&limit=5000
KO,2020-04-02,42.22,44.19,41.8623,43.95,17621880,,https://api.nasdaq.com/api/quote/KO/historical?assetclass=stocks&fromdate=2016-07-26&todate=2026-07-26&limit=5000
KO,2020-04-03,43.58,44.335,43.31,43.83,14207110,,https://api.nasdaq.com/api/quote/KO/historical?assetclass=stocks&fromdate=2016-07-26&todate=2026-07-26&limit=5000
KO,2020-04-06,45.39,47.01,44.69,46.67,22849980,,https://api.nasdaq.com/api/quote/KO/historical?assetclass=stocks&fromdate=2016-07-26&todate=2026-07-26&limit=5000
KO,2020-04-07,48.5,48.6,46.48,46.51,21279570,,https://api.nasdaq.com/api/quote/KO/historical?assetclass=stocks&fromdate=2016-07-26&todate=2026-07-26&limit=5000
KO,2020-04-08,46.64,48.09,46.33,47.82,18937130,,https://api.nasdaq.com/api/quote/KO/historical?assetclass=stocks&fromdate=2016-07-26&todate=2026-07-26&limit=5000
KO,2020-04-09,48.44,49.73,48.35,49,19167280,,https://api.nasdaq.com/api/quote/KO/historical?assetclass=stocks&fromdate=2016-07-26&todate=2026-07-26&limit=5000
KO,2020-04-13,48.35,48.64,46.5,46.93,19586020,,https://api.nasdaq.com/api/quote/KO/historical?assetclass=stocks&fromdate=2016-07-26&todate=2026-07-26&limit=5000
KO,2020-04-14,47.94,49.25,46.93,48.92,21801880,,https://api.nasdaq.com/api/quote/KO/historical?assetclass=stocks&fromdate=2016-07-26&todate=2026-07-26&limit=5000
KO,2020-04-15,47.71,48.4,47.41,47.61,12893170,,https://api.nasdaq.com/api/quote/KO/historical?assetclass=stocks&fromdate=2016-07-26&todate=2026-07-26&limit=5000
KO,2020-04-16,47.4,47.85,46.76,47.1,17606780,,https://api.nasdaq.com/api/quote/KO/historical?assetclass=stocks&fromdate=2016-07-26&todate=2026-07-26&limit=5000
KO,2020-04-17,48.3,48.3,47.37,48.06,19844640,,https://api.nasdaq.com/api/quote/KO/historical?assetclass=stocks&fromdate=2016-07-26&todate=2026-07-26&limit=5000
KO,2020-04-20,47.79,48,46.31,46.53,18957920,,https://api.nasdaq.com/api/quote/KO/historical?assetclass=stocks&fromdate=2016-07-26&todate=2026-07-26&limit=5000
KO,2020-04-21,45.88,46.9014,44.26,45.38,26863720,,https://api.nasdaq.com/api/quote/KO/historical?assetclass=stocks&fromdate=2016-07-26&todate=2026-07-26&limit=5000
KO,2020-04-22,46.05,46.145,45.5,45.68,15815150,,https://api.nasdaq.com/api/quote/KO/historical?assetclass=stocks&fromdate=2016-07-26&todate=2026-07-26&limit=5000
KO,2020-04-23,45.95,46.1,44.97,45.07,17668170,,https://api.nasdaq.com/api/quote/KO/historical?assetclass=stocks&fromdate=2016-07-26&todate=2026-07-26&limit=5000
KO,2020-04-24,45.5,45.75,45.1201,45.43,15177580,,https://api.nasdaq.com/api/quote/KO/historical?assetclass=stocks&fromdate=2016-07-26&todate=2026-07-26&limit=5000
KO,2020-04-27,46,46.975,45.71,46.78,19175540,,https://api.nasdaq.com/api/quote/KO/historical?assetclass=stocks&fromdate=2016-07-26&todate=2026-07-26&limit=5000
KO,2020-04-28,47.9,48,46.57,46.74,17246700,,https://api.nasdaq.com/api/quote/KO/historical?assetclass=stocks&fromdate=2016-07-26&todate=2026-07-26&limit=5000
KO,2020-04-29,47.27,47.86,46.88,47.12,15780000,,https://api.nasdaq.com/api/quote/KO/historical?assetclass=stocks&fromdate=2016-07-26&todate=2026-07-26&limit=5000
KO,2020-04-30,47,47,45.7,45.89,20801090,,https://api.nasdaq.com/api/quote/KO/historical?assetclass=stocks&fromdate=2016-07-26&todate=2026-07-26&limit=5000
KO,2020-05-01,45.62,46.39,45.21,45.6,14290420,,https://api.nasdaq.com/api/quote/KO/historical?assetclass=stocks&fromdate=2016-07-26&todate=2026-07-26&limit=5000
KO,2020-05-04,45.32,45.48,44.6,45.14,22544160,,https://api.nasdaq.com/api/quote/KO/historical?assetclass=stocks&fromdate=2016-07-26&todate=2026-07-26&limit=5000
KO,2020-05-05,45.36,46.1,45.15,45.4,13370530,,https://api.nasdaq.com/api/quote/KO/historical?assetclass=stocks&fromdate=2016-07-26&todate=2026-07-26&limit=5000
KO,2020-05-06,45.4,45.63,44.72,44.75,11892890,,https://api.nasdaq.com/api/quote/KO/historical?assetclass=stocks&fromdate=2016-07-26&todate=2026-07-26&limit=5000
KO,2020-05-07,45.15,45.24,44.5,44.6,16474650,,https://api.nasdaq.com/api/quote/KO/historical?assetclass=stocks&fromdate=2016-07-26&todate=2026-07-26&limit=5000
KO,2020-05-08,45.08,46.22,44.88,46.11,13987840,,https://api.nasdaq.com/api/quote/KO/historical?assetclass=stocks&fromdate=2016-07-26&todate=2026-07-26&limit=5000
KO,2020-05-11,45.69,46.11,45.52,45.54,10874600,,https://api.nasdaq.com/api/quote/KO/historical?assetclass=stocks&fromdate=2016-07-26&todate=2026-07-26&limit=5000
KO,2020-05-12,45.6,45.85,44.8,44.82,13424420,,https://api.nasdaq.com/api/quote/KO/historical?assetclass=stocks&fromdate=2016-07-26&todate=2026-07-26&limit=5000
KO,2020-05-13,44.71,44.78,43.5217,43.94,15854780,,https://api.nasdaq.com/api/quote/KO/historical?assetclass=stocks&fromdate=2016-07-26&todate=2026-07-26&limit=5000
KO,2020-05-14,43.38,44.06,43.23,43.7,18000820,,https://api.nasdaq.com/api/quote/KO/historical?assetclass=stocks&fromdate=2016-07-26&todate=2026-07-26&limit=5000
KO,2020-05-15,43.96,44.69,43.2,43.26,31579430,,https://api.nasdaq.com/api/quote/KO/historical?assetclass=stocks&fromdate=2016-07-26&todate=2026-07-26&limit=5000
KO,2020-05-18,44.82,45.39,44.13,44.97,26122330,,https://api.nasdaq.com/api/quote/KO/historical?assetclass=stocks&fromdate=2016-07-26&todate=2026-07-26&limit=5000
KO,2020-05-19,45.01,45.33,44.25,44.54,17839920,,https://api.nasdaq.com/api/quote/KO/historical?assetclass=stocks&fromdate=2016-07-26&todate=2026-07-26&limit=5000
KO,2020-05-20,45.2,46.17,45.02,45.89,22295930,,https://api.nasdaq.com/api/quote/KO/historical?assetclass=stocks&fromdate=2016-07-26&todate=2026-07-26&limit=5000
KO,2020-05-21,46.08,46.09,45.03,45.17,13193530,,https://api.nasdaq.com/api/quote/KO/historical?assetclass=stocks&fromdate=2016-07-26&todate=2026-07-26&limit=5000
KO,2020-05-22,45.22,45.305,44.65,45.03,13008410,,https://api.nasdaq.com/api/quote/KO/historical?assetclass=stocks&fromdate=2016-07-26&todate=2026-07-26&limit=5000
KO,2020-05-26,46.92,46.93,45.93,46.09,22223100,,https://api.nasdaq.com/api/quote/KO/historical?assetclass=stocks&fromdate=2016-07-26&todate=2026-07-26&limit=5000
KO,2020-05-27,47,47.09,46.165,46.73,18447620,,https://api.nasdaq.com/api/quote/KO/historical?assetclass=stocks&fromdate=2016-07-26&todate=2026-07-26&limit=5000
KO,2020-05-28,47.3,47.46,46.82,47.09,16234420,,https://api.nasdaq.com/api/quote/KO/historical?assetclass=stocks&fromdate=2016-07-26&todate=2026-07-26&limit=5000
KO,2020-05-29,46.68,47.19,46.14,46.68,51129920,,https://api.nasdaq.com/api/quote/KO/historical?assetclass=stocks&fromdate=2016-07-26&todate=2026-07-26&limit=5000
KO,2020-06-01,46.66,47.23,46.59,46.99,17013040,,https://api.nasdaq.com/api/quote/KO/historical?assetclass=stocks&fromdate=2016-07-26&todate=2026-07-26&limit=5000
KO,2020-06-02,47.16,47.28,46.56,46.9,15255150,,https://api.nasdaq.com/api/quote/KO/historical?assetclass=stocks&fromdate=2016-07-26&todate=2026-07-26&limit=5000
KO,2020-06-03,47.27,48.115,47.12,47.9,15508290,,https://api.nasdaq.com/api/quote/KO/historical?assetclass=stocks&fromdate=2016-07-26&todate=2026-07-26&limit=5000
KO,2020-06-04,47.94,48.265,47.38,47.92,13604670,,https://api.nasdaq.com/api/quote/KO/historical?assetclass=stocks&fromdate=2016-07-26&todate=2026-07-26&limit=5000
KO,2020-06-05,48.54,49.49,48.46,49.09,20504800,,https://api.nasdaq.com/api/quote/KO/historical?assetclass=stocks&fromdate=2016-07-26&todate=2026-07-26&limit=5000
KO,2020-06-08,49.54,49.97,49.47,49.85,19896660,,https://api.nasdaq.com/api/quote/KO/historical?assetclass=stocks&fromdate=2016-07-26&todate=2026-07-26&limit=5000
KO,2020-06-09,49.59,49.59,48.68,49,16713660,,https://api.nasdaq.com/api/quote/KO/historical?assetclass=stocks&fromdate=2016-07-26&todate=2026-07-26&limit=5000
KO,2020-06-10,49.16,49.265,48.57,48.62,15716570,,https://api.nasdaq.com/api/quote/KO/historical?assetclass=stocks&fromdate=2016-07-26&todate=2026-07-26&limit=5000
KO,2020-06-11,47.81,47.92,45.46,45.54,26070380,,https://api.nasdaq.com/api/quote/KO/historical?assetclass=stocks&fromdate=2016-07-26&todate=2026-07-26&limit=5000
KO,2020-06-12,46.21,46.25,45.01,45.6,21822740,,https://api.nasdaq.com/api/quote/KO/historical?assetclass=stocks&fromdate=2016-07-26&todate=2026-07-26&limit=5000
KO,2020-06-15,44.57,46.45,44.47,46.3,15627070,,https://api.nasdaq.com/api/quote/KO/historical?assetclass=stocks&fromdate=2016-07-26&todate=2026-07-26&limit=5000
KO,2020-06-16,47.56,47.685,46.19,46.77,18808010,,https://api.nasdaq.com/api/quote/KO/historical?assetclass=stocks&fromdate=2016-07-26&todate=2026-07-26&limit=5000
KO,2020-06-17,46.78,47.06,46.44,46.58,12602790,,https://api.nasdaq.com/api/quote/KO/historical?assetclass=stocks&fromdate=2016-07-26&todate=2026-07-26&limit=5000
KO,2020-06-18,46.3,47.04,46.07,46.99,9380779,,https://api.nasdaq.com/api/quote/KO/historical?assetclass=stocks&fromdate=2016-07-26&todate=2026-07-26&limit=5000
KO,2020-06-19,47.77,47.79,46.02,46.02,30432090,,https://api.nasdaq.com/api/quote/KO/historical?assetclass=stocks&fromdate=2016-07-26&todate=2026-07-26&limit=5000
KO,2020-06-22,46.03,46.15,45.38,45.74,20876170,,https://api.nasdaq.com/api/quote/KO/historical?assetclass=stocks&fromdate=2016-07-26&todate=2026-07-26&limit=5000
KO,2020-06-23,46,46.29,45.58,45.64,14675300,,https://api.nasdaq.com/api/quote/KO/historical?assetclass=stocks&fromdate=2016-07-26&todate=2026-07-26&limit=5000
KO,2020-06-24,45.37,45.44,44.5,44.65,17631820,,https://api.nasdaq.com/api/quote/KO/historical?assetclass=stocks&fromdate=2016-07-26&todate=2026-07-26&limit=5000
KO,2020-06-25,44.47,44.98,44.03,44.93,13829650,,https://api.nasdaq.com/api/quote/KO/historical?assetclass=stocks&fromdate=2016-07-26&todate=2026-07-26&limit=5000
KO,2020-06-26,44.92,45.01,43.51,43.57,21955060,,https://api.nasdaq.com/api/quote/KO/historical?assetclass=stocks&fromdate=2016-07-26&todate=2026-07-26&limit=5000
KO,2020-06-29,44,44.57,43.55,44.36,17603890,,https://api.nasdaq.com/api/quote/KO/historical?assetclass=stocks&fromdate=2016-07-26&todate=2026-07-26&limit=5000
KO,2020-06-30,44.25,44.83,44.04,44.68,23679840,,https://api.nasdaq.com/api/quote/KO/historical?assetclass=stocks&fromdate=2016-07-26&todate=2026-07-26&limit=5000
KO,2020-07-01,44.93,45.53,44.71,44.82,14316520,,https://api.nasdaq.com/api/quote/KO/historical?assetclass=stocks&fromdate=2016-07-26&todate=2026-07-26&limit=5000
KO,2020-07-02,45.29,45.43,44.8,44.88,15111890,,https://api.nasdaq.com/api/quote/KO/historical?assetclass=stocks&fromdate=2016-07-26&todate=2026-07-26&limit=5000
KO,2020-07-06,45.14,45.27,44.605,45.23,15146040,,https://api.nasdaq.com/api/quote/KO/historical?assetclass=stocks&fromdate=2016-07-26&todate=2026-07-26&limit=5000
KO,2020-07-07,45,45.495,44.8,45.21,13043560,,https://api.nasdaq.com/api/quote/KO/historical?assetclass=stocks&fromdate=2016-07-26&todate=2026-07-26&limit=5000
KO,2020-07-08,45.14,45.18,44.47,45.07,13851200,,https://api.nasdaq.com/api/quote/KO/historical?assetclass=stocks&fromdate=2016-07-26&todate=2026-07-26&limit=5000
KO,2020-07-09,45.05,45.05,43.825,43.91,16087070,,https://api.nasdaq.com/api/quote/KO/historical?assetclass=stocks&fromdate=2016-07-26&todate=2026-07-26&limit=5000
KO,2020-07-10,43.88,45.25,43.86,45.15,15627760,,https://api.nasdaq.com/api/quote/KO/historical?assetclass=stocks&fromdate=2016-07-26&todate=2026-07-26&limit=5000
KO,2020-07-13,45.53,45.675,44.96,45.25,16705350,,https://api.nasdaq.com/api/quote/KO/historical?assetclass=stocks&fromdate=2016-07-26&todate=2026-07-26&limit=5000
KO,2020-07-14,44.91,45.94,44.6711,45.87,17080130,,https://api.nasdaq.com/api/quote/KO/historical?assetclass=stocks&fromdate=2016-07-26&todate=2026-07-26&limit=5000
KO,2020-07-15,46.3,47.19,46.2,46.4,23738000,,https://api.nasdaq.com/api/quote/KO/historical?assetclass=stocks&fromdate=2016-07-26&todate=2026-07-26&limit=5000
KO,2020-07-16,46.26,46.69,45.94,46.15,13306110,,https://api.nasdaq.com/api/quote/KO/historical?assetclass=stocks&fromdate=2016-07-26&todate=2026-07-26&limit=5000
KO,2020-07-17,46.47,46.91,46.125,46.82,13906060,,https://api.nasdaq.com/api/quote/KO/historical?assetclass=stocks&fromdate=2016-07-26&todate=2026-07-26&limit=5000
KO,2020-07-20,46.72,46.83,45.85,46.12,16633180,,https://api.nasdaq.com/api/quote/KO/historical?assetclass=stocks&fromdate=2016-07-26&todate=2026-07-26&limit=5000
KO,2020-07-21,47.52,47.99,46.931,47.2,25686340,,https://api.nasdaq.com/api/quote/KO/historical?assetclass=stocks&fromdate=2016-07-26&todate=2026-07-26&limit=5000
KO,2020-07-22,47.93,48.515,47.03,48.48,29831180,,https://api.nasdaq.com/api/quote/KO/historical?assetclass=stocks&fromdate=2016-07-26&todate=2026-07-26&limit=5000
KO,2020-07-23,48.47,48.5682,48.03,48.28,15934950,,https://api.nasdaq.com/api/quote/KO/historical?assetclass=stocks&fromdate=2016-07-26&todate=2026-07-26&limit=5000
KO,2020-07-24,48.4,48.8,48.07,48.49,16196840,,https://api.nasdaq.com/api/quote/KO/historical?assetclass=stocks&fromdate=2016-07-26&todate=2026-07-26&limit=5000
KO,2020-07-27,48.18,48.51,48.18,48.48,17346530,,https://api.nasdaq.com/api/quote/KO/historical?assetclass=stocks&fromdate=2016-07-26&todate=2026-07-26&limit=5000
KO,2020-07-28,48.34,49.28,48.1,48.18,13872700,,https://api.nasdaq.com/api/quote/KO/historical?assetclass=stocks&fromdate=2016-07-26&todate=2026-07-26&limit=5000
KO,2020-07-29,48.14,48.5,47.82,48.02,13758070,,https://api.nasdaq.com/api/quote/KO/historical?assetclass=stocks&fromdate=2016-07-26&todate=2026-07-26&limit=5000
KO,2020-07-30,47.67,48.23,47.2,47.69,17276480,,https://api.nasdaq.com/api/quote/KO/historical?assetclass=stocks&fromdate=2016-07-26&todate=2026-07-26&limit=5000
KO,2020-07-31,47.44,47.77,46.73,47.24,14850570,,https://api.nasdaq.com/api/quote/KO/historical?assetclass=stocks&fromdate=2016-07-26&todate=2026-07-26&limit=5000
KO,2020-08-03,47.14,47.36,46.23,46.3,14141810,,https://api.nasdaq.com/api/quote/KO/historical?assetclass=stocks&fromdate=2016-07-26&todate=2026-07-26&limit=5000
KO,2020-08-04,46.29,46.86,46.22,46.69,11707040,,https://api.nasdaq.com/api/quote/KO/historical?assetclass=stocks&fromdate=2016-07-26&todate=2026-07-26&limit=5000
KO,2020-08-05,46.9,47.265,46.81,47.22,10561640,,https://api.nasdaq.com/api/quote/KO/historical?assetclass=stocks&fromdate=2016-07-26&todate=2026-07-26&limit=5000
KO,2020-08-06,46.66,47.53,46.6,47.48,10745030,,https://api.nasdaq.com/api/quote/KO/historical?assetclass=stocks&fromdate=2016-07-26&todate=2026-07-26&limit=5000
KO,2020-08-07,47.47,48.08,47.21,47.8,11669710,,https://api.nasdaq.com/api/quote/KO/historical?assetclass=stocks&fromdate=2016-07-26&todate=2026-07-26&limit=5000
KO,2020-08-10,48.06,48.275,47.66,47.72,11887960,,https://api.nasdaq.com/api/quote/KO/historical?assetclass=stocks&fromdate=2016-07-26&todate=2026-07-26&limit=5000
KO,2020-08-11,48.46,48.6527,47.7,47.93,16531560,,https://api.nasdaq.com/api/quote/KO/historical?assetclass=stocks&fromdate=2016-07-26&todate=2026-07-26&limit=5000
KO,2020-08-12,48.3,48.69,48.12,48.43,9564025,,https://api.nasdaq.com/api/quote/KO/historical?assetclass=stocks&fromdate=2016-07-26&todate=2026-07-26&limit=5000
KO,2020-08-13,48.26,48.73,48.06,48.38,9882909,,https://api.nasdaq.com/api/quote/KO/historical?assetclass=stocks&fromdate=2016-07-26&todate=2026-07-26&limit=5000
KO,2020-08-14,48.34,48.69,48.03,48.45,10075810,,https://api.nasdaq.com/api/quote/KO/historical?assetclass=stocks&fromdate=2016-07-26&todate=2026-07-26&limit=5000
KO,2020-08-17,48.32,48.75,48.2,48.21,9102364,,https://api.nasdaq.com/api/quote/KO/historical?assetclass=stocks&fromdate=2016-07-26&todate=2026-07-26&limit=5000
KO,2020-08-18,48.2,48.5,47.96,48.42,9828985,,https://api.nasdaq.com/api/quote/KO/historical?assetclass=stocks&fromdate=2016-07-26&todate=2026-07-26&limit=5000
KO,2020-08-19,48.12,48.38,47.22,47.37,17371040,,https://api.nasdaq.com/api/quote/KO/historical?assetclass=stocks&fromdate=2016-07-26&todate=2026-07-26&limit=5000
KO,2020-08-20,47.27,47.6,47.0923,47.35,11308740,,https://api.nasdaq.com/api/quote/KO/historical?assetclass=stocks&fromdate=2016-07-26&todate=2026-07-26&limit=5000
KO,2020-08-21,47.34,47.495,46.97,47.28,14734120,,https://api.nasdaq.com/api/quote/KO/historical?assetclass=stocks&fromdate=2016-07-26&todate=2026-07-26&limit=5000
KO,2020-08-24,47.43,47.98,47.175,47.97,9257725,,https://api.nasdaq.com/api/quote/KO/historical?assetclass=stocks&fromdate=2016-07-26&todate=2026-07-26&limit=5000
KO,2020-08-25,48,48.05,47.65,47.91,7827833,,https://api.nasdaq.com/api/quote/KO/historical?assetclass=stocks&fromdate=2016-07-26&todate=2026-07-26&limit=5000
KO,2020-08-26,47.76,48.18,47.47,48.16,10124150,,https://api.nasdaq.com/api/quote/KO/historical?assetclass=stocks&fromdate=2016-07-26&todate=2026-07-26&limit=5000
KO,2020-08-27,48.25,48.82,48.2,48.23,10931640,,https://api.nasdaq.com/api/quote/KO/historical?assetclass=stocks&fromdate=2016-07-26&todate=2026-07-26&limit=5000
KO,2020-08-28,48.75,49.85,48.53,49.83,16420260,,https://api.nasdaq.com/api/quote/KO/historical?assetclass=stocks&fromdate=2016-07-26&todate=2026-07-26&limit=5000
KO,2020-08-31,49.8,50.07,49.35,49.53,18510780,,https://api.nasdaq.com/api/quote/KO/historical?assetclass=stocks&fromdate=2016-07-26&todate=2026-07-26&limit=5000
KO,2020-09-01,49.31,49.35,48.83,49.12,12590430,,https://api.nasdaq.com/api/quote/KO/historical?assetclass=stocks&fromdate=2016-07-26&todate=2026-07-26&limit=5000
KO,2020-09-02,49.36,51.36,49.36,51.19,26332630,,https://api.nasdaq.com/api/quote/KO/historical?assetclass=stocks&fromdate=2016-07-26&todate=2026-07-26&limit=5000
KO,2020-09-03,51.4,52.1378,50.1,50.48,22289380,,https://api.nasdaq.com/api/quote/KO/historical?assetclass=stocks&fromdate=2016-07-26&todate=2026-07-26&limit=5000
KO,2020-09-04,50.94,51.465,50.28,51.04,21019550,,https://api.nasdaq.com/api/quote/KO/historical?assetclass=stocks&fromdate=2016-07-26&todate=2026-07-26&limit=5000
KO,2020-09-08,50.93,51.04,49.36,49.81,17776750,,https://api.nasdaq.com/api/quote/KO/historical?assetclass=stocks&fromdate=2016-07-26&todate=2026-07-26&limit=5000
KO,2020-09-09,49.6,50.755,49.55,50.19,15252280,,https://api.nasdaq.com/api/quote/KO/historical?assetclass=stocks&fromdate=2016-07-26&todate=2026-07-26&limit=5000
KO,2020-09-10,50.35,50.675,49.95,50,15439510,,https://api.nasdaq.com/api/quote/KO/historical?assetclass=stocks&fromdate=2016-07-26&todate=2026-07-26&limit=5000
KO,2020-09-11,50.4,51.2,50.1,51.06,18272340,,https://api.nasdaq.com/api/quote/KO/historical?assetclass=stocks&fromdate=2016-07-26&todate=2026-07-26&limit=5000
KO,2020-09-14,50.97,51.23,50.57,50.71,10911660,,https://api.nasdaq.com/api/quote/KO/historical?assetclass=stocks&fromdate=2016-07-26&todate=2026-07-26&limit=5000
KO,2020-09-15,51,51.38,50.84,51.05,12838390,,https://api.nasdaq.com/api/quote/KO/historical?assetclass=stocks&fromdate=2016-07-26&todate=2026-07-26&limit=5000
KO,2020-09-16,50.95,51.4462,50.74,50.79,15354680,,https://api.nasdaq.com/api/quote/KO/historical?assetclass=stocks&fromdate=2016-07-26&todate=2026-07-26&limit=5000
KO,2020-09-17,50.22,50.63,49.94,50.55,13287140,,https://api.nasdaq.com/api/quote/KO/historical?assetclass=stocks&fromdate=2016-07-26&todate=2026-07-26&limit=5000
KO,2020-09-18,50.75,51.155,50.21,50.45,23816600,,https://api.nasdaq.com/api/quote/KO/historical?assetclass=stocks&fromdate=2016-07-26&todate=2026-07-26&limit=5000
KO,2020-09-21,49.75,50.02,48.605,49.09,17514770,,https://api.nasdaq.com/api/quote/KO/historical?assetclass=stocks&fromdate=2016-07-26&todate=2026-07-26&limit=5000
KO,2020-09-22,49.11,50.035,49.07,49.66,13034620,,https://api.nasdaq.com/api/quote/KO/historical?assetclass=stocks&fromdate=2016-07-26&todate=2026-07-26&limit=5000
KO,2020-09-23,49.73,49.92,48.17,48.21,17121210,,https://api.nasdaq.com/api/quote/KO/historical?assetclass=stocks&fromdate=2016-07-26&todate=2026-07-26&limit=5000
KO,2020-09-24,48.21,49.1,47.56,48.7,16788100,,https://api.nasdaq.com/api/quote/KO/historical?assetclass=stocks&fromdate=2016-07-26&todate=2026-07-26&limit=5000
KO,2020-09-25,48.2,48.76,47.98,48.72,12603380,,https://api.nasdaq.com/api/quote/KO/historical?assetclass=stocks&fromdate=2016-07-26&todate=2026-07-26&limit=5000
KO,2020-09-28,49.31,49.71,49.14,49.28,11215710,,https://api.nasdaq.com/api/quote/KO/historical?assetclass=stocks&fromdate=2016-07-26&todate=2026-07-26&limit=5000
KO,2020-09-29,49.39,49.555,48.91,48.92,12427770,,https://api.nasdaq.com/api/quote/KO/historical?assetclass=stocks&fromdate=2016-07-26&todate=2026-07-26&limit=5000
KO,2020-09-30,49.27,49.62,48.8916,49.37,15755900,,https://api.nasdaq.com/api/quote/KO/historical?assetclass=stocks&fromdate=2016-07-26&todate=2026-07-26&limit=5000
KO,2020-10-01,49.44,49.6577,48.59,49.18,17577260,,https://api.nasdaq.com/api/quote/KO/historical?assetclass=stocks&fromdate=2016-07-26&todate=2026-07-26&limit=5000
KO,2020-10-02,48.76,49.58,48.55,49.36,13610070,,https://api.nasdaq.com/api/quote/KO/historical?assetclass=stocks&fromdate=2016-07-26&todate=2026-07-26&limit=5000
KO,2020-10-05,49.43,49.55,49.12,49.38,10628740,,https://api.nasdaq.com/api/quote/KO/historical?assetclass=stocks&fromdate=2016-07-26&todate=2026-07-26&limit=5000
KO,2020-10-06,49.55,49.725,48.83,48.94,10077430,,https://api.nasdaq.com/api/quote/KO/historical?assetclass=stocks&fromdate=2016-07-26&todate=2026-07-26&limit=5000
KO,2020-10-07,49.02,49.76,48.95,49.56,10135650,,https://api.nasdaq.com/api/quote/KO/historical?assetclass=stocks&fromdate=2016-07-26&todate=2026-07-26&limit=5000
KO,2020-10-08,49.71,50.54,49.535,50.46,12143920,,https://api.nasdaq.com/api/quote/KO/historical?assetclass=stocks&fromdate=2016-07-26&todate=2026-07-26&limit=5000
KO,2020-10-09,50.67,51.23,50.6,50.81,11407810,,https://api.nasdaq.com/api/quote/KO/historical?assetclass=stocks&fromdate=2016-07-26&todate=2026-07-26&limit=5000
KO,2020-10-12,50.84,51.525,50.83,51.09,11386510,,https://api.nasdaq.com/api/quote/KO/historical?assetclass=stocks&fromdate=2016-07-26&todate=2026-07-26&limit=5000
KO,2020-10-13,50.99,50.99,49.9,50.22,14365290,,https://api.nasdaq.com/api/quote/KO/historical?assetclass=stocks&fromdate=2016-07-26&todate=2026-07-26&limit=5000
KO,2020-10-14,50.05,50.49,49.65,50.12,10582940,,https://api.nasdaq.com/api/quote/KO/historical?assetclass=stocks&fromdate=2016-07-26&todate=2026-07-26&limit=5000
KO,2020-10-15,49.4,50.13,49.3,49.99,9963190,,https://api.nasdaq.com/api/quote/KO/historical?assetclass=stocks&fromdate=2016-07-26&todate=2026-07-26&limit=5000
KO,2020-10-16,49.99,50.35,49.87,50.03,13570890,,https://api.nasdaq.com/api/quote/KO/historical?assetclass=stocks&fromdate=2016-07-26&todate=2026-07-26&limit=5000
KO,2020-10-19,50.03,50.48,49.46,49.62,9930443,,https://api.nasdaq.com/api/quote/KO/historical?assetclass=stocks&fromdate=2016-07-26&todate=2026-07-26&limit=5000
KO,2020-10-20,49.89,50.62,49.79,50.25,10972730,,https://api.nasdaq.com/api/quote/KO/historical?assetclass=stocks&fromdate=2016-07-26&todate=2026-07-26&limit=5000
KO,2020-10-21,49.96,50.43,49.77,49.99,12517410,,https://api.nasdaq.com/api/quote/KO/historical?assetclass=stocks&fromdate=2016-07-26&todate=2026-07-26&limit=5000
KO,2020-10-22,51.17,51.2,50.38,50.68,20189230,,https://api.nasdaq.com/api/quote/KO/historical?assetclass=stocks&fromdate=2016-07-26&todate=2026-07-26&limit=5000
KO,2020-10-23,51,51.18,50.465,50.52,13491270,,https://api.nasdaq.com/api/quote/KO/historical?assetclass=stocks&fromdate=2016-07-26&todate=2026-07-26&limit=5000
KO,2020-10-26,50.34,50.51,49.2,49.8,14696400,,https://api.nasdaq.com/api/quote/KO/historical?assetclass=stocks&fromdate=2016-07-26&todate=2026-07-26&limit=5000
KO,2020-10-27,49.81,50.285,49.5533,49.9,13892110,,https://api.nasdaq.com/api/quote/KO/historical?assetclass=stocks&fromdate=2016-07-26&todate=2026-07-26&limit=5000
KO,2020-10-28,49,49.15,47.78,47.96,19886160,,https://api.nasdaq.com/api/quote/KO/historical?assetclass=stocks&fromdate=2016-07-26&todate=2026-07-26&limit=5000
KO,2020-10-29,47.73,48.475,47.3,48.02,15369880,,https://api.nasdaq.com/api/quote/KO/historical?assetclass=stocks&fromdate=2016-07-26&todate=2026-07-26&limit=5000
KO,2020-10-30,47.81,48.1216,47.365,48.06,15805000,,https://api.nasdaq.com/api/quote/KO/historical?assetclass=stocks&fromdate=2016-07-26&todate=2026-07-26&limit=5000
KO,2020-11-02,48.75,48.95,48.24,48.62,15156150,,https://api.nasdaq.com/api/quote/KO/historical?assetclass=stocks&fromdate=2016-07-26&todate=2026-07-26&limit=5000
KO,2020-11-03,49.22,49.96,49,49.35,15285090,,https://api.nasdaq.com/api/quote/KO/historical?assetclass=stocks&fromdate=2016-07-26&todate=2026-07-26&limit=5000
KO,2020-11-04,49.43,50.21,49.08,49.17,12930820,,https://api.nasdaq.com/api/quote/KO/historical?assetclass=stocks&fromdate=2016-07-26&todate=2026-07-26&limit=5000
KO,2020-11-05,49.76,50.21,49.34,49.44,12452430,,https://api.nasdaq.com/api/quote/KO/historical?assetclass=stocks&fromdate=2016-07-26&todate=2026-07-26&limit=5000
KO,2020-11-06,49.65,49.99,49.25,49.45,9294903,,https://api.nasdaq.com/api/quote/KO/historical?assetclass=stocks&fromdate=2016-07-26&todate=2026-07-26&limit=5000
KO,2020-11-09,52.5,53.26,52.07,52.57,33441950,,https://api.nasdaq.com/api/quote/KO/historical?assetclass=stocks&fromdate=2016-07-26&todate=2026-07-26&limit=5000
KO,2020-11-10,52.57,54.28,52.45,53.98,29706670,,https://api.nasdaq.com/api/quote/KO/historical?assetclass=stocks&fromdate=2016-07-26&todate=2026-07-26&limit=5000
KO,2020-11-11,53.93,54.3,53.33,53.58,17399920,,https://api.nasdaq.com/api/quote/KO/historical?assetclass=stocks&fromdate=2016-07-26&todate=2026-07-26&limit=5000
KO,2020-11-12,53.05,53.21,52.605,53.01,15026960,,https://api.nasdaq.com/api/quote/KO/historical?assetclass=stocks&fromdate=2016-07-26&todate=2026-07-26&limit=5000
KO,2020-11-13,53.25,53.5,52.8901,53.45,12449440,,https://api.nasdaq.com/api/quote/KO/historical?assetclass=stocks&fromdate=2016-07-26&todate=2026-07-26&limit=5000
KO,2020-11-16,54.5,54.62,53.28,53.85,14908180,,https://api.nasdaq.com/api/quote/KO/historical?assetclass=stocks&fromdate=2016-07-26&todate=2026-07-26&limit=5000
KO,2020-11-17,53.66,53.75,53.025,53.68,14248360,,https://api.nasdaq.com/api/quote/KO/historical?assetclass=stocks&fromdate=2016-07-26&todate=2026-07-26&limit=5000
KO,2020-11-18,53.75,54.02,52.56,52.61,15278210,,https://api.nasdaq.com/api/quote/KO/historical?assetclass=stocks&fromdate=2016-07-26&todate=2026-07-26&limit=5000
KO,2020-11-19,52.49,53.23,51.95,53.13,17189550,,https://api.nasdaq.com/api/quote/KO/historical?assetclass=stocks&fromdate=2016-07-26&todate=2026-07-26&limit=5000
KO,2020-11-20,53.19,53.25,52.59,52.67,15647920,,https://api.nasdaq.com/api/quote/KO/historical?assetclass=stocks&fromdate=2016-07-26&todate=2026-07-26&limit=5000
KO,2020-11-23,52.95,53.17,52.2,52.68,13194020,,https://api.nasdaq.com/api/quote/KO/historical?assetclass=stocks&fromdate=2016-07-26&todate=2026-07-26&limit=5000
KO,2020-11-24,53.14,53.59,53.02,53.22,13836370,,https://api.nasdaq.com/api/quote/KO/historical?assetclass=stocks&fromdate=2016-07-26&todate=2026-07-26&limit=5000
KO,2020-11-25,53.07,53.28,52.79,52.93,10194760,,https://api.nasdaq.com/api/quote/KO/historical?assetclass=stocks&fromdate=2016-07-26&todate=2026-07-26&limit=5000
KO,2020-11-27,53.11,53.19,52.61,52.7,8499289,,https://api.nasdaq.com/api/quote/KO/historical?assetclass=stocks&fromdate=2016-07-26&todate=2026-07-26&limit=5000
KO,2020-11-30,52.09,52.19,51.08,51.6,43203590,,https://api.nasdaq.com/api/quote/KO/historical?assetclass=stocks&fromdate=2016-07-26&todate=2026-07-26&limit=5000
KO,2020-12-01,52.14,52.33,51.785,52.04,18969340,,https://api.nasdaq.com/api/quote/KO/historical?assetclass=stocks&fromdate=2016-07-26&todate=2026-07-26&limit=5000
KO,2020-12-02,51.9,52.13,51.635,52.11,14913070,,https://api.nasdaq.com/api/quote/KO/historical?assetclass=stocks&fromdate=2016-07-26&todate=2026-07-26&limit=5000
KO,2020-12-03,51.9,52.94,51.9,52.78,17318880,,https://api.nasdaq.com/api/quote/KO/historical?assetclass=stocks&fromdate=2016-07-26&todate=2026-07-26&limit=5000
KO,2020-12-04,52.78,53.87,52.76,53.85,18122400,,https://api.nasdaq.com/api/quote/KO/historical?assetclass=stocks&fromdate=2016-07-26&todate=2026-07-26&limit=5000
KO,2020-12-07,53.76,53.78,52.7,52.99,16210860,,https://api.nasdaq.com/api/quote/KO/historical?assetclass=stocks&fromdate=2016-07-26&todate=2026-07-26&limit=5000
KO,2020-12-08,52.94,53.48,52.785,53.18,12485800,,https://api.nasdaq.com/api/quote/KO/historical?assetclass=stocks&fromdate=2016-07-26&todate=2026-07-26&limit=5000
KO,2020-12-09,53.37,53.6,53,53.33,11508590,,https://api.nasdaq.com/api/quote/KO/historical?assetclass=stocks&fromdate=2016-07-26&todate=2026-07-26&limit=5000
KO,2020-12-10,53.4,53.51,52.98,53.05,12097340,,https://api.nasdaq.com/api/quote/KO/historical?assetclass=stocks&fromdate=2016-07-26&todate=2026-07-26&limit=5000
KO,2020-12-11,52.8,53.54,52.78,53.35,10638100,,https://api.nasdaq.com/api/quote/KO/historical?assetclass=stocks&fromdate=2016-07-26&todate=2026-07-26&limit=5000
KO,2020-12-14,53.65,53.84,53.18,53.27,22292030,,https://api.nasdaq.com/api/quote/KO/historical?assetclass=stocks&fromdate=2016-07-26&todate=2026-07-26&limit=5000
KO,2020-12-15,53.79,54.22,53.595,53.84,16194490,,https://api.nasdaq.com/api/quote/KO/historical?assetclass=stocks&fromdate=2016-07-26&todate=2026-07-26&limit=5000
KO,2020-12-16,53.6,53.8,52.94,53.06,15679650,,https://api.nasdaq.com/api/quote/KO/historical?assetclass=stocks&fromdate=2016-07-26&todate=2026-07-26&limit=5000
KO,2020-12-17,53.3,53.71,53.15,53.27,12677330,,https://api.nasdaq.com/api/quote/KO/historical?assetclass=stocks&fromdate=2016-07-26&todate=2026-07-26&limit=5000
KO,2020-12-18,53.08,53.84,52.62,53.74,35480120,,https://api.nasdaq.com/api/quote/KO/historical?assetclass=stocks&fromdate=2016-07-26&todate=2026-07-26&limit=5000
KO,2020-12-21,52.68,53,51.98,52.81,14926600,,https://api.nasdaq.com/api/quote/KO/historical?assetclass=stocks&fromdate=2016-07-26&todate=2026-07-26&limit=5000
KO,2020-12-22,52.81,53.18,52.39,52.76,9691586,,https://api.nasdaq.com/api/quote/KO/historical?assetclass=stocks&fromdate=2016-07-26&todate=2026-07-26&limit=5000
KO,2020-12-23,52.95,53.3861,52.94,53.08,7040628,,https://api.nasdaq.com/api/quote/KO/historical?assetclass=stocks&fromdate=2016-07-26&todate=2026-07-26&limit=5000
KO,2020-12-24,53.02,53.55,53.02,53.44,3265532,,https://api.nasdaq.com/api/quote/KO/historical?assetclass=stocks&fromdate=2016-07-26&todate=2026-07-26&limit=5000
KO,2020-12-28,53.85,54.435,53.73,54.16,9020482,,https://api.nasdaq.com/api/quote/KO/historical?assetclass=stocks&fromdate=2016-07-26&todate=2026-07-26&limit=5000
KO,2020-12-29,54.45,54.49,54.02,54.13,8320600,,https://api.nasdaq.com/api/quote/KO/historical?assetclass=stocks&fromdate=2016-07-26&todate=2026-07-26&limit=5000
KO,2020-12-30,54.05,54.63,54.03,54.44,8142749,,https://api.nasdaq.com/api/quote/KO/historical?assetclass=stocks&fromdate=2016-07-26&todate=2026-07-26&limit=5000
KO,2020-12-31,54.45,54.93,54.27,54.84,8494972,,https://api.nasdaq.com/api/quote/KO/historical?assetclass=stocks&fromdate=2016-07-26&todate=2026-07-26&limit=5000
KO,2021-01-04,54.27,54.63,52.03,52.76,25611100,,https://api.nasdaq.com/api/quote/KO/historical?assetclass=stocks&fromdate=2016-07-26&todate=2026-07-26&limit=5000
KO,2021-01-05,52.33,52.62,52.03,52.18,20323820,,https://api.nasdaq.com/api/quote/KO/historical?assetclass=stocks&fromdate=2016-07-26&todate=2026-07-26&limit=5000
KO,2021-01-06,51.97,52.02,50.1879,50.52,38724520,,https://api.nasdaq.com/api/quote/KO/historical?assetclass=stocks&fromdate=2016-07-26&todate=2026-07-26&limit=5000
KO,2021-01-07,50.09,50.255,49.52,49.96,53225700,,https://api.nasdaq.com/api/quote/KO/historical?assetclass=stocks&fromdate=2016-07-26&todate=2026-07-26&limit=5000
KO,2021-01-08,50.03,51.125,49.84,51.08,29673950,,https://api.nasdaq.com/api/quote/KO/historical?assetclass=stocks&fromdate=2016-07-26&todate=2026-07-26&limit=5000
KO,2021-01-11,50.62,50.86,49.95,50.2,19310580,,https://api.nasdaq.com/api/quote/KO/historical?assetclass=stocks&fromdate=2016-07-26&todate=2026-07-26&limit=5000
KO,2021-01-12,50.04,50.3684,49.76,50.11,18538660,,https://api.nasdaq.com/api/quote/KO/historical?assetclass=stocks&fromdate=2016-07-26&todate=2026-07-26&limit=5000
KO,2021-01-13,49.98,50.36,49.9533,50.16,18864150,,https://api.nasdaq.com/api/quote/KO/historical?assetclass=stocks&fromdate=2016-07-26&todate=2026-07-26&limit=5000
KO,2021-01-14,50.16,50.18,49.22,49.23,34303580,,https://api.nasdaq.com/api/quote/KO/historical?assetclass=stocks&fromdate=2016-07-26&todate=2026-07-26&limit=5000
KO,2021-01-15,49.155,49.1799,48.53,48.7,24366790,,https://api.nasdaq.com/api/quote/KO/historical?assetclass=stocks&fromdate=2016-07-26&todate=2026-07-26&limit=5000
KO,2021-01-19,48.74,49.04,48.24,48.51,29114470,,https://api.nasdaq.com/api/quote/KO/historical?assetclass=stocks&fromdate=2016-07-26&todate=2026-07-26&limit=5000
KO,2021-01-20,48.54,48.82,48.31,48.68,23115800,,https://api.nasdaq.com/api/quote/KO/historical?assetclass=stocks&fromdate=2016-07-26&todate=2026-07-26&limit=5000
KO,2021-01-21,48.78,49.09,48.46,48.95,19707200,,https://api.nasdaq.com/api/quote/KO/historical?assetclass=stocks&fromdate=2016-07-26&todate=2026-07-26&limit=5000
KO,2021-01-22,48.81,48.94,48.49,48.49,15400350,,https://api.nasdaq.com/api/quote/KO/historical?assetclass=stocks&fromdate=2016-07-26&todate=2026-07-26&limit=5000
KO,2021-01-25,48.42,48.84,48.24,48.78,16604210,,https://api.nasdaq.com/api/quote/KO/historical?assetclass=stocks&fromdate=2016-07-26&todate=2026-07-26&limit=5000
KO,2021-01-26,48.91,49.4,48.61,49.29,12922630,,https://api.nasdaq.com/api/quote/KO/historical?assetclass=stocks&fromdate=2016-07-26&todate=2026-07-26&limit=5000
KO,2021-01-27,48.89,49.32,48.23,48.53,21242410,,https://api.nasdaq.com/api/quote/KO/historical?assetclass=stocks&fromdate=2016-07-26&todate=2026-07-26&limit=5000
KO,2021-01-28,48.69,49.5,48.61,49.15,17498870,,https://api.nasdaq.com/api/quote/KO/historical?assetclass=stocks&fromdate=2016-07-26&todate=2026-07-26&limit=5000
KO,2021-01-29,49.03,49.12,48.11,48.15,18670260,,https://api.nasdaq.com/api/quote/KO/historical?assetclass=stocks&fromdate=2016-07-26&todate=2026-07-26&limit=5000
KO,2021-02-01,48.27,48.69,48.18,48.48,12183610,,https://api.nasdaq.com/api/quote/KO/historical?assetclass=stocks&fromdate=2016-07-26&todate=2026-07-26&limit=5000
KO,2021-02-02,48.8,49.35,48.63,48.96,13319750,,https://api.nasdaq.com/api/quote/KO/historical?assetclass=stocks&fromdate=2016-07-26&todate=2026-07-26&limit=5000
KO,2021-02-03,48.95,49.0883,48.67,48.77,12274120,,https://api.nasdaq.com/api/quote/KO/historical?assetclass=stocks&fromdate=2016-07-26&todate=2026-07-26&limit=5000
KO,2021-02-04,48.96,49.07,48.65,49.01,20597410,,https://api.nasdaq.com/api/quote/KO/historical?assetclass=stocks&fromdate=2016-07-26&todate=2026-07-26&limit=5000
KO,2021-02-05,49.5,49.78,49.27,49.65,12742030,,https://api.nasdaq.com/api/quote/KO/historical?assetclass=stocks&fromdate=2016-07-26&todate=2026-07-26&limit=5000
KO,2021-02-08,49.96,50.17,49.49,49.92,17833220,,https://api.nasdaq.com/api/quote/KO/historical?assetclass=stocks&fromdate=2016-07-26&todate=2026-07-26&limit=5000
KO,2021-02-09,49.85,50.02,49.63,49.7,14592920,,https://api.nasdaq.com/api/quote/KO/historical?assetclass=stocks&fromdate=2016-07-26&todate=2026-07-26&limit=5000
KO,2021-02-10,50.41,50.58,49.53,49.6,22965430,,https://api.nasdaq.com/api/quote/KO/historical?assetclass=stocks&fromdate=2016-07-26&todate=2026-07-26&limit=5000
KO,2021-02-11,49.81,50.59,49.8,50.3,21928580,,https://api.nasdaq.com/api/quote/KO/historical?assetclass=stocks&fromdate=2016-07-26&todate=2026-07-26&limit=5000
KO,2021-02-12,50.57,50.8481,50.39,50.69,13137060,,https://api.nasdaq.com/api/quote/KO/historical?assetclass=stocks&fromdate=2016-07-26&todate=2026-07-26&limit=5000
KO,2021-02-16,50.62,50.72,50.16,50.27,15093410,,https://api.nasdaq.com/api/quote/KO/historical?assetclass=stocks&fromdate=2016-07-26&todate=2026-07-26&limit=5000
KO,2021-02-17,50,50.485,49.885,50.13,12810510,,https://api.nasdaq.com/api/quote/KO/historical?assetclass=stocks&fromdate=2016-07-26&todate=2026-07-26&limit=5000
KO,2021-02-18,50.16,50.845,50.0316,50.77,12749840,,https://api.nasdaq.com/api/quote/KO/historical?assetclass=stocks&fromdate=2016-07-26&todate=2026-07-26&limit=5000
KO,2021-02-19,50.79,50.825,49.97,50.11,15968770,,https://api.nasdaq.com/api/quote/KO/historical?assetclass=stocks&fromdate=2016-07-26&todate=2026-07-26&limit=5000
KO,2021-02-22,49.85,50.88,49.67,50.63,14370880,,https://api.nasdaq.com/api/quote/KO/historical?assetclass=stocks&fromdate=2016-07-26&todate=2026-07-26&limit=5000
KO,2021-02-23,51,51.51,50.42,50.54,16222250,,https://api.nasdaq.com/api/quote/KO/historical?assetclass=stocks&fromdate=2016-07-26&todate=2026-07-26&limit=5000
KO,2021-02-24,50.39,50.9,50.13,50.71,14442000,,https://api.nasdaq.com/api/quote/KO/historical?assetclass=stocks&fromdate=2016-07-26&todate=2026-07-26&limit=5000
KO,2021-02-25,50.47,50.745,49.98,50.17,14211090,,https://api.nasdaq.com/api/quote/KO/historical?assetclass=stocks&fromdate=2016-07-26&todate=2026-07-26&limit=5000
KO,2021-02-26,50.2,50.21,48.97,48.99,23638350,,https://api.nasdaq.com/api/quote/KO/historical?assetclass=stocks&fromdate=2016-07-26&todate=2026-07-26&limit=5000
KO,2021-03-01,49.44,50.44,49.4,49.9,13904860,,https://api.nasdaq.com/api/quote/KO/historical?assetclass=stocks&fromdate=2016-07-26&todate=2026-07-26&limit=5000
KO,2021-03-02,49.84,50.56,49.7,50.1,11755130,,https://api.nasdaq.com/api/quote/KO/historical?assetclass=stocks&fromdate=2016-07-26&todate=2026-07-26&limit=5000
KO,2021-03-03,49.72,50.56,49.71,49.98,15410670,,https://api.nasdaq.com/api/quote/KO/historical?assetclass=stocks&fromdate=2016-07-26&todate=2026-07-26&limit=5000
KO,2021-03-04,50.31,51.09,49.62,49.94,22036420,,https://api.nasdaq.com/api/quote/KO/historical?assetclass=stocks&fromdate=2016-07-26&todate=2026-07-26&limit=5000
KO,2021-03-05,50.05,50.95,49.9,50.79,21310760,,https://api.nasdaq.com/api/quote/KO/historical?assetclass=stocks&fromdate=2016-07-26&todate=2026-07-26&limit=5000
KO,2021-03-08,51.47,52.49,51.16,51.64,25084870,,https://api.nasdaq.com/api/quote/KO/historical?assetclass=stocks&fromdate=2016-07-26&todate=2026-07-26&limit=5000
KO,2021-03-09,51.72,51.88,50.82,50.86,23082680,,https://api.nasdaq.com/api/quote/KO/historical?assetclass=stocks&fromdate=2016-07-26&todate=2026-07-26&limit=5000
KO,2021-03-10,51.18,51.63,50.715,51.44,21331590,,https://api.nasdaq.com/api/quote/KO/historical?assetclass=stocks&fromdate=2016-07-26&todate=2026-07-26&limit=5000
KO,2021-03-11,51.41,51.43,50.81,50.88,17417650,,https://api.nasdaq.com/api/quote/KO/historical?assetclass=stocks&fromdate=2016-07-26&todate=2026-07-26&limit=5000
KO,2021-03-12,50.59,50.679,50.2,50.36,17598590,,https://api.nasdaq.com/api/quote/KO/historical?assetclass=stocks&fromdate=2016-07-26&todate=2026-07-26&limit=5000
KO,2021-03-15,50.5,51.12,50.47,51.03,13414080,,https://api.nasdaq.com/api/quote/KO/historical?assetclass=stocks&fromdate=2016-07-26&todate=2026-07-26&limit=5000
KO,2021-03-16,51.2,51.52,51.04,51.22,14214190,,https://api.nasdaq.com/api/quote/KO/historical?assetclass=stocks&fromdate=2016-07-26&todate=2026-07-26&limit=5000
KO,2021-03-17,51.25,51.62,51.15,51.24,17502650,,https://api.nasdaq.com/api/quote/KO/historical?assetclass=stocks&fromdate=2016-07-26&todate=2026-07-26&limit=5000
KO,2021-03-18,51.06,51.19,50.485,50.57,18007310,,https://api.nasdaq.com/api/quote/KO/historical?assetclass=stocks&fromdate=2016-07-26&todate=2026-07-26&limit=5000
KO,2021-03-19,50.46,51.08,50.17,50.81,67845720,,https://api.nasdaq.com/api/quote/KO/historical?assetclass=stocks&fromdate=2016-07-26&todate=2026-07-26&limit=5000
KO,2021-03-22,50.32,51.08,50.32,51,17911390,,https://api.nasdaq.com/api/quote/KO/historical?assetclass=stocks&fromdate=2016-07-26&todate=2026-07-26&limit=5000
KO,2021-03-23,50.99,51.65,50.825,51.39,16936690,,https://api.nasdaq.com/api/quote/KO/historical?assetclass=stocks&fromdate=2016-07-26&todate=2026-07-26&limit=5000
KO,2021-03-24,51.17,51.89,51.15,51.52,14997370,,https://api.nasdaq.com/api/quote/KO/historical?assetclass=stocks&fromdate=2016-07-26&todate=2026-07-26&limit=5000
KO,2021-03-25,51.7,52.06,51.17,52.02,17091940,,https://api.nasdaq.com/api/quote/KO/historical?assetclass=stocks&fromdate=2016-07-26&todate=2026-07-26&limit=5000
KO,2021-03-26,52.14,53.11,51.76,53.04,17126690,,https://api.nasdaq.com/api/quote/KO/historical?assetclass=stocks&fromdate=2016-07-26&todate=2026-07-26&limit=5000
KO,2021-03-29,52.73,53.94,52.71,53.85,17514070,,https://api.nasdaq.com/api/quote/KO/historical?assetclass=stocks&fromdate=2016-07-26&todate=2026-07-26&limit=5000
KO,2021-03-30,53.75,53.79,52.925,53.15,14871750,,https://api.nasdaq.com/api/quote/KO/historical?assetclass=stocks&fromdate=2016-07-26&todate=2026-07-26&limit=5000
KO,2021-03-31,53.03,53.17,52.5,52.71,15826470,,https://api.nasdaq.com/api/quote/KO/historical?assetclass=stocks&fromdate=2016-07-26&todate=2026-07-26&limit=5000
KO,2021-04-01,52.96,53.15,52.455,52.51,15834730,,https://api.nasdaq.com/api/quote/KO/historical?assetclass=stocks&fromdate=2016-07-26&todate=2026-07-26&limit=5000
KO,2021-04-05,52.35,53.215,52.29,52.81,16368720,,https://api.nasdaq.com/api/quote/KO/historical?assetclass=stocks&fromdate=2016-07-26&todate=2026-07-26&limit=5000
KO,2021-04-06,53.04,53.65,52.9,53.19,15614270,,https://api.nasdaq.com/api/quote/KO/historical?assetclass=stocks&fromdate=2016-07-26&todate=2026-07-26&limit=5000
KO,2021-04-07,53.28,53.5,53.12,53.28,10062690,,https://api.nasdaq.com/api/quote/KO/historical?assetclass=stocks&fromdate=2016-07-26&todate=2026-07-26&limit=5000
KO,2021-04-08,53.17,53.38,52.97,53.12,9695561,,https://api.nasdaq.com/api/quote/KO/historical?assetclass=stocks&fromdate=2016-07-26&todate=2026-07-26&limit=5000
KO,2021-04-09,53.17,53.28,52.81,53.18,10828170,,https://api.nasdaq.com/api/quote/KO/historical?assetclass=stocks&fromdate=2016-07-26&todate=2026-07-26&limit=5000
KO,2021-04-12,53.33,53.55,53.095,53.35,8565279,,https://api.nasdaq.com/api/quote/KO/historical?assetclass=stocks&fromdate=2016-07-26&todate=2026-07-26&limit=5000
KO,2021-04-13,53.04,53.285,52.81,53.09,11071690,,https://api.nasdaq.com/api/quote/KO/historical?assetclass=stocks&fromdate=2016-07-26&todate=2026-07-26&limit=5000
KO,2021-04-14,52.98,53.19,52.645,53.08,9787597,,https://api.nasdaq.com/api/quote/KO/historical?assetclass=stocks&fromdate=2016-07-26&todate=2026-07-26&limit=5000
KO,2021-04-15,53.13,53.66,53.12,53.33,13078100,,https://api.nasdaq.com/api/quote/KO/historical?assetclass=stocks&fromdate=2016-07-26&todate=2026-07-26&limit=5000
KO,2021-04-16,53.74,53.8,53.375,53.68,17974110,,https://api.nasdaq.com/api/quote/KO/historical?assetclass=stocks&fromdate=2016-07-26&todate=2026-07-26&limit=5000
KO,2021-04-19,54,54.3582,53.3,54,19352940,,https://api.nasdaq.com/api/quote/KO/historical?assetclass=stocks&fromdate=2016-07-26&todate=2026-07-26&limit=5000
KO,2021-04-20,53.84,54.59,53.81,54.17,14419250,,https://api.nasdaq.com/api/quote/KO/historical?assetclass=stocks&fromdate=2016-07-26&todate=2026-07-26&limit=5000
KO,2021-04-21,54.24,54.74,54.24,54.61,13866500,,https://api.nasdaq.com/api/quote/KO/historical?assetclass=stocks&fromdate=2016-07-26&todate=2026-07-26&limit=5000
KO,2021-04-22,54.47,54.865,54.315,54.44,12558860,,https://api.nasdaq.com/api/quote/KO/historical?assetclass=stocks&fromdate=2016-07-26&todate=2026-07-26&limit=5000
KO,2021-04-23,54.4,54.59,54.17,54.47,9023480,,https://api.nasdaq.com/api/quote/KO/historical?assetclass=stocks&fromdate=2016-07-26&todate=2026-07-26&limit=5000
KO,2021-04-26,54.47,54.51,53.58,53.66,11684630,,https://api.nasdaq.com/api/quote/KO/historical?assetclass=stocks&fromdate=2016-07-26&todate=2026-07-26&limit=5000
KO,2021-04-27,53.56,53.7,53.32,53.58,9852430,,https://api.nasdaq.com/api/quote/KO/historical?assetclass=stocks&fromdate=2016-07-26&todate=2026-07-26&limit=5000
KO,2021-04-28,53.98,54.047,53.435,53.59,10868140,,https://api.nasdaq.com/api/quote/KO/historical?assetclass=stocks&fromdate=2016-07-26&todate=2026-07-26&limit=5000
KO,2021-04-29,53.54,54.36,53.43,54.26,15390990,,https://api.nasdaq.com/api/quote/KO/historical?assetclass=stocks&fromdate=2016-07-26&todate=2026-07-26&limit=5000
KO,2021-04-30,54.25,54.27,53.69,53.98,14912570,,https://api.nasdaq.com/api/quote/KO/historical?assetclass=stocks&fromdate=2016-07-26&todate=2026-07-26&limit=5000
KO,2021-05-03,54.27,54.795,54.16,54.48,10417920,,https://api.nasdaq.com/api/quote/KO/historical?assetclass=stocks&fromdate=2016-07-26&todate=2026-07-26&limit=5000
KO,2021-05-04,54.57,54.62,53.94,54.14,14151240,,https://api.nasdaq.com/api/quote/KO/historical?assetclass=stocks&fromdate=2016-07-26&todate=2026-07-26&limit=5000
KO,2021-05-05,54.14,54.24,53.745,54,6505842,,https://api.nasdaq.com/api/quote/KO/historical?assetclass=stocks&fromdate=2016-07-26&todate=2026-07-26&limit=5000
KO,2021-05-06,54.12,54.605,54.05,54.54,11572700,,https://api.nasdaq.com/api/quote/KO/historical?assetclass=stocks&fromdate=2016-07-26&todate=2026-07-26&limit=5000
KO,2021-05-07,54.44,54.77,54.16,54.51,10637480,,https://api.nasdaq.com/api/quote/KO/historical?assetclass=stocks&fromdate=2016-07-26&todate=2026-07-26&limit=5000
KO,2021-05-10,54.88,55.495,54.831,54.91,15545820,,https://api.nasdaq.com/api/quote/KO/historical?assetclass=stocks&fromdate=2016-07-26&todate=2026-07-26&limit=5000
KO,2021-05-11,55.03,55.14,54.045,54.32,12986730,,https://api.nasdaq.com/api/quote/KO/historical?assetclass=stocks&fromdate=2016-07-26&todate=2026-07-26&limit=5000
KO,2021-05-12,54.36,54.555,53.875,54.04,15836460,,https://api.nasdaq.com/api/quote/KO/historical?assetclass=stocks&fromdate=2016-07-26&todate=2026-07-26&limit=5000
KO,2021-05-13,53.97,54.775,53.83,54.51,15476900,,https://api.nasdaq.com/api/quote/KO/historical?assetclass=stocks&fromdate=2016-07-26&todate=2026-07-26&limit=5000
KO,2021-05-14,54.9,55.1,54.69,54.73,11725560,,https://api.nasdaq.com/api/quote/KO/historical?assetclass=stocks&fromdate=2016-07-26&todate=2026-07-26&limit=5000
KO,2021-05-17,54.84,55.02,54.5,54.64,12115470,,https://api.nasdaq.com/api/quote/KO/historical?assetclass=stocks&fromdate=2016-07-26&todate=2026-07-26&limit=5000
KO,2021-05-18,54.39,54.5599,54.1,54.34,13232500,,https://api.nasdaq.com/api/quote/KO/historical?assetclass=stocks&fromdate=2016-07-26&todate=2026-07-26&limit=5000
KO,2021-05-19,54.12,54.18,53.61,54.17,15126120,,https://api.nasdaq.com/api/quote/KO/historical?assetclass=stocks&fromdate=2016-07-26&todate=2026-07-26&limit=5000
KO,2021-05-20,54.12,54.8,54.12,54.65,10948430,,https://api.nasdaq.com/api/quote/KO/historical?assetclass=stocks&fromdate=2016-07-26&todate=2026-07-26&limit=5000
KO,2021-05-21,54.8,55.115,54.22,54.62,16033220,,https://api.nasdaq.com/api/quote/KO/historical?assetclass=stocks&fromdate=2016-07-26&todate=2026-07-26&limit=5000
KO,2021-05-24,54.63,54.93,54.49,54.8,10326140,,https://api.nasdaq.com/api/quote/KO/historical?assetclass=stocks&fromdate=2016-07-26&todate=2026-07-26&limit=5000
KO,2021-05-25,54.82,54.82,54.345,54.79,11916450,,https://api.nasdaq.com/api/quote/KO/historical?assetclass=stocks&fromdate=2016-07-26&todate=2026-07-26&limit=5000
KO,2021-05-26,54.98,55.05,54.59,55.03,16064280,,https://api.nasdaq.com/api/quote/KO/historical?assetclass=stocks&fromdate=2016-07-26&todate=2026-07-26&limit=5000
KO,2021-05-27,55.21,55.57,54.775,55.49,59109570,,https://api.nasdaq.com/api/quote/KO/historical?assetclass=stocks&fromdate=2016-07-26&todate=2026-07-26&limit=5000
KO,2021-05-28,55.35,55.71,55.2,55.29,17011950,,https://api.nasdaq.com/api/quote/KO/historical?assetclass=stocks&fromdate=2016-07-26&todate=2026-07-26&limit=5000
KO,2021-06-01,55.34,55.65,55.095,55.28,13304330,,https://api.nasdaq.com/api/quote/KO/historical?assetclass=stocks&fromdate=2016-07-26&todate=2026-07-26&limit=5000
KO,2021-06-02,55.5,55.56,55.26,55.5,11328700,,https://api.nasdaq.com/api/quote/KO/historical?assetclass=stocks&fromdate=2016-07-26&todate=2026-07-26&limit=5000
KO,2021-06-03,55.18,55.74,55.1,55.64,17364320,,https://api.nasdaq.com/api/quote/KO/historical?assetclass=stocks&fromdate=2016-07-26&todate=2026-07-26&limit=5000
KO,2021-06-04,55.9,56.48,55.78,56.24,18935060,,https://api.nasdaq.com/api/quote/KO/historical?assetclass=stocks&fromdate=2016-07-26&todate=2026-07-26&limit=5000
KO,2021-06-07,56.31,56.34,55.81,56.04,14011110,,https://api.nasdaq.com/api/quote/KO/historical?assetclass=stocks&fromdate=2016-07-26&todate=2026-07-26&limit=5000
KO,2021-06-08,56.25,56.25,55.545,55.65,10968280,,https://api.nasdaq.com/api/quote/KO/historical?assetclass=stocks&fromdate=2016-07-26&todate=2026-07-26&limit=5000
KO,2021-06-09,55.75,55.92,55.48,55.48,9838835,,https://api.nasdaq.com/api/quote/KO/historical?assetclass=stocks&fromdate=2016-07-26&todate=2026-07-26&limit=5000
KO,2021-06-10,55.91,56.12,55.76,55.91,12444370,,https://api.nasdaq.com/api/quote/KO/historical?assetclass=stocks&fromdate=2016-07-26&todate=2026-07-26&limit=5000
KO,2021-06-11,55.99,56.21,55.655,56.16,11825800,,https://api.nasdaq.com/api/quote/KO/historical?assetclass=stocks&fromdate=2016-07-26&todate=2026-07-26&limit=5000
KO,2021-06-14,55.69,55.71,55.2,55.55,9710829,,https://api.nasdaq.com/api/quote/KO/historical?assetclass=stocks&fromdate=2016-07-26&todate=2026-07-26&limit=5000
KO,2021-06-15,55.78,55.79,55.19,55.41,11154220,,https://api.nasdaq.com/api/quote/KO/historical?assetclass=stocks&fromdate=2016-07-26&todate=2026-07-26&limit=5000
KO,2021-06-16,55.44,55.46,54.64,54.67,15211720,,https://api.nasdaq.com/api/quote/KO/historical?assetclass=stocks&fromdate=2016-07-26&todate=2026-07-26&limit=5000
KO,2021-06-17,54.67,55.15,54.645,54.95,10658390,,https://api.nasdaq.com/api/quote/KO/historical?assetclass=stocks&fromdate=2016-07-26&todate=2026-07-26&limit=5000
KO,2021-06-18,54.51,54.62,53.72,53.77,31445560,,https://api.nasdaq.com/api/quote/KO/historical?assetclass=stocks&fromdate=2016-07-26&todate=2026-07-26&limit=5000
KO,2021-06-21,54.22,54.43,54,54.36,14404310,,https://api.nasdaq.com/api/quote/KO/historical?assetclass=stocks&fromdate=2016-07-26&todate=2026-07-26&limit=5000
KO,2021-06-22,54.34,54.85,54.255,54.56,13072840,,https://api.nasdaq.com/api/quote/KO/historical?assetclass=stocks&fromdate=2016-07-26&todate=2026-07-26&limit=5000
KO,2021-06-23,54.56,54.6,54.11,54.12,12339160,,https://api.nasdaq.com/api/quote/KO/historical?assetclass=stocks&fromdate=2016-07-26&todate=2026-07-26&limit=5000
KO,2021-06-24,54.26,54.415,54,54.39,11488440,,https://api.nasdaq.com/api/quote/KO/historical?assetclass=stocks&fromdate=2016-07-26&todate=2026-07-26&limit=5000
KO,2021-06-25,54.24,54.47,54.01,54.32,18880340,,https://api.nasdaq.com/api/quote/KO/historical?assetclass=stocks&fromdate=2016-07-26&todate=2026-07-26&limit=5000
KO,2021-06-28,54.25,54.37,54,54.26,10556910,,https://api.nasdaq.com/api/quote/KO/historical?assetclass=stocks&fromdate=2016-07-26&todate=2026-07-26&limit=5000
KO,2021-06-29,54.13,54.34,53.72,53.86,12300920,,https://api.nasdaq.com/api/quote/KO/historical?assetclass=stocks&fromdate=2016-07-26&todate=2026-07-26&limit=5000
KO,2021-06-30,53.8,54.18,53.75,54.11,14614200,,https://api.nasdaq.com/api/quote/KO/historical?assetclass=stocks&fromdate=2016-07-26&todate=2026-07-26&limit=5000
KO,2021-07-01,54.34,54.48,53.855,53.96,13214700,,https://api.nasdaq.com/api/quote/KO/historical?assetclass=stocks&fromdate=2016-07-26&todate=2026-07-26&limit=5000
KO,2021-07-02,54,54.45,54,54.18,10605050,,https://api.nasdaq.com/api/quote/KO/historical?assetclass=stocks&fromdate=2016-07-26&todate=2026-07-26&limit=5000
KO,2021-07-06,53.99,54.09,53.55,53.88,15278170,,https://api.nasdaq.com/api/quote/KO/historical?assetclass=stocks&fromdate=2016-07-26&todate=2026-07-26&limit=5000
KO,2021-07-07,53.72,54.375,53.72,54.32,14377870,,https://api.nasdaq.com/api/quote/KO/historical?assetclass=stocks&fromdate=2016-07-26&todate=2026-07-26&limit=5000
KO,2021-07-08,54.01,54.165,53.735,54.13,11943920,,https://api.nasdaq.com/api/quote/KO/historical?assetclass=stocks&fromdate=2016-07-26&todate=2026-07-26&limit=5000
KO,2021-07-09,54.25,54.52,54.18,54.46,10847010,,https://api.nasdaq.com/api/quote/KO/historical?assetclass=stocks&fromdate=2016-07-26&todate=2026-07-26&limit=5000
KO,2021-07-12,54.32,54.595,54.27,54.48,15107580,,https://api.nasdaq.com/api/quote/KO/historical?assetclass=stocks&fromdate=2016-07-26&todate=2026-07-26&limit=5000
KO,2021-07-13,54.95,55.295,54.75,55.02,15170810,,https://api.nasdaq.com/api/quote/KO/historical?assetclass=stocks&fromdate=2016-07-26&todate=2026-07-26&limit=5000
KO,2021-07-14,55.02,56.3499,54.96,56.26,22002680,,https://api.nasdaq.com/api/quote/KO/historical?assetclass=stocks&fromdate=2016-07-26&todate=2026-07-26&limit=5000
KO,2021-07-15,56.24,56.47,55.91,56.44,15068180,,https://api.nasdaq.com/api/quote/KO/historical?assetclass=stocks&fromdate=2016-07-26&todate=2026-07-26&limit=5000
KO,2021-07-16,56.46,56.68,56.26,56.4,14860540,,https://api.nasdaq.com/api/quote/KO/historical?assetclass=stocks&fromdate=2016-07-26&todate=2026-07-26&limit=5000
KO,2021-07-19,56.08,56.35,55.16,55.73,19526980,,https://api.nasdaq.com/api/quote/KO/historical?assetclass=stocks&fromdate=2016-07-26&todate=2026-07-26&limit=5000
KO,2021-07-20,55.73,56.3299,55.52,55.83,16257890,,https://api.nasdaq.com/api/quote/KO/historical?assetclass=stocks&fromdate=2016-07-26&todate=2026-07-26&limit=5000
KO,2021-07-21,57.33,57.56,56.425,56.55,20918160,,https://api.nasdaq.com/api/quote/KO/historical?assetclass=stocks&fromdate=2016-07-26&todate=2026-07-26&limit=5000
KO,2021-07-22,56.62,56.74,56.05,56.47,13402710,,https://api.nasdaq.com/api/quote/KO/historical?assetclass=stocks&fromdate=2016-07-26&todate=2026-07-26&limit=5000
KO,2021-07-23,56.59,57.33,56.45,57.01,12143960,,https://api.nasdaq.com/api/quote/KO/historical?assetclass=stocks&fromdate=2016-07-26&todate=2026-07-26&limit=5000
KO,2021-07-26,56.89,57.12,56.56,57.06,8681136,,https://api.nasdaq.com/api/quote/KO/historical?assetclass=stocks&fromdate=2016-07-26&todate=2026-07-26&limit=5000
KO,2021-07-27,57.11,57.54,56.92,57.26,12794360,,https://api.nasdaq.com/api/quote/KO/historical?assetclass=stocks&fromdate=2016-07-26&todate=2026-07-26&limit=5000
KO,2021-07-28,56.99,57.16,56.629,56.74,9857959,,https://api.nasdaq.com/api/quote/KO/historical?assetclass=stocks&fromdate=2016-07-26&todate=2026-07-26&limit=5000
KO,2021-07-29,57.07,57.25,56.86,57.05,9599110,,https://api.nasdaq.com/api/quote/KO/historical?assetclass=stocks&fromdate=2016-07-26&todate=2026-07-26&limit=5000
KO,2021-07-30,57.15,57.25,56.9,57.03,11727290,,https://api.nasdaq.com/api/quote/KO/historical?assetclass=stocks&fromdate=2016-07-26&todate=2026-07-26&limit=5000
KO,2021-08-02,57.2,57.24,56.705,56.88,9777990,,https://api.nasdaq.com/api/quote/KO/historical?assetclass=stocks&fromdate=2016-07-26&todate=2026-07-26&limit=5000
KO,2021-08-03,57,57,56.745,56.92,8825480,,https://api.nasdaq.com/api/quote/KO/historical?assetclass=stocks&fromdate=2016-07-26&todate=2026-07-26&limit=5000
KO,2021-08-04,56.75,56.95,56.0101,56.1,11888360,,https://api.nasdaq.com/api/quote/KO/historical?assetclass=stocks&fromdate=2016-07-26&todate=2026-07-26&limit=5000
KO,2021-08-05,56.44,56.59,56.29,56.5,9806780,,https://api.nasdaq.com/api/quote/KO/historical?assetclass=stocks&fromdate=2016-07-26&todate=2026-07-26&limit=5000
KO,2021-08-06,56.6,56.74,56.44,56.64,10409250,,https://api.nasdaq.com/api/quote/KO/historical?assetclass=stocks&fromdate=2016-07-26&todate=2026-07-26&limit=5000
KO,2021-08-09,56.795,56.88,56.4308,56.65,8859893,,https://api.nasdaq.com/api/quote/KO/historical?assetclass=stocks&fromdate=2016-07-26&todate=2026-07-26&limit=5000
KO,2021-08-10,56.84,57.17,56.655,56.8,10906920,,https://api.nasdaq.com/api/quote/KO/historical?assetclass=stocks&fromdate=2016-07-26&todate=2026-07-26&limit=5000
KO,2021-08-11,56.89,57.18,56.71,56.73,8370669,,https://api.nasdaq.com/api/quote/KO/historical?assetclass=stocks&fromdate=2016-07-26&todate=2026-07-26&limit=5000
KO,2021-08-12,56.73,56.98,56.73,56.84,6169450,,https://api.nasdaq.com/api/quote/KO/historical?assetclass=stocks&fromdate=2016-07-26&todate=2026-07-26&limit=5000
KO,2021-08-13,56.81,57.3,56.771,57.23,7714175,,https://api.nasdaq.com/api/quote/KO/historical?assetclass=stocks&fromdate=2016-07-26&todate=2026-07-26&limit=5000
KO,2021-08-16,57.2,57.49,57.03,57.48,7973528,,https://api.nasdaq.com/api/quote/KO/historical?assetclass=stocks&fromdate=2016-07-26&todate=2026-07-26&limit=5000
KO,2021-08-17,57.46,57.555,57.01,57.28,10346450,,https://api.nasdaq.com/api/quote/KO/historical?assetclass=stocks&fromdate=2016-07-26&todate=2026-07-26&limit=5000
KO,2021-08-18,57.19,57.23,56.42,56.5,13873730,,https://api.nasdaq.com/api/quote/KO/historical?assetclass=stocks&fromdate=2016-07-26&todate=2026-07-26&limit=5000
KO,2021-08-19,56.06,56.98,55.95,56.86,9223662,,https://api.nasdaq.com/api/quote/KO/historical?assetclass=stocks&fromdate=2016-07-26&todate=2026-07-26&limit=5000
KO,2021-08-20,56.84,57.0299,56.58,56.64,10543570,,https://api.nasdaq.com/api/quote/KO/historical?assetclass=stocks&fromdate=2016-07-26&todate=2026-07-26&limit=5000
KO,2021-08-23,56.67,56.75,56.38,56.44,8912813,,https://api.nasdaq.com/api/quote/KO/historical?assetclass=stocks&fromdate=2016-07-26&todate=2026-07-26&limit=5000
KO,2021-08-24,56.64,56.64,55.9,56.01,12067190,,https://api.nasdaq.com/api/quote/KO/historical?assetclass=stocks&fromdate=2016-07-26&todate=2026-07-26&limit=5000
KO,2021-08-25,56.06,56.17,55.73,56.07,11270670,,https://api.nasdaq.com/api/quote/KO/historical?assetclass=stocks&fromdate=2016-07-26&todate=2026-07-26&limit=5000
KO,2021-08-26,55.95,55.98,55.51,55.54,10331490,,https://api.nasdaq.com/api/quote/KO/historical?assetclass=stocks&fromdate=2016-07-26&todate=2026-07-26&limit=5000
KO,2021-08-27,55.66,55.785,55.45,55.65,8844146,,https://api.nasdaq.com/api/quote/KO/historical?assetclass=stocks&fromdate=2016-07-26&todate=2026-07-26&limit=5000
KO,2021-08-30,55.69,56.2,55.64,56.18,10034680,,https://api.nasdaq.com/api/quote/KO/historical?assetclass=stocks&fromdate=2016-07-26&todate=2026-07-26&limit=5000
KO,2021-08-31,56.16,56.515,56,56.31,14185710,,https://api.nasdaq.com/api/quote/KO/historical?assetclass=stocks&fromdate=2016-07-26&todate=2026-07-26&limit=5000
KO,2021-09-01,56.38,56.8,56.28,56.69,9519203,,https://api.nasdaq.com/api/quote/KO/historical?assetclass=stocks&fromdate=2016-07-26&todate=2026-07-26&limit=5000
KO,2021-09-02,56.77,57.03,56.41,56.77,11654230,,https://api.nasdaq.com/api/quote/KO/historical?assetclass=stocks&fromdate=2016-07-26&todate=2026-07-26&limit=5000
KO,2021-09-03,56.46,56.765,56.245,56.73,13220670,,https://api.nasdaq.com/api/quote/KO/historical?assetclass=stocks&fromdate=2016-07-26&todate=2026-07-26&limit=5000
KO,2021-09-07,56.6,56.69,55.51,55.67,20037970,,https://api.nasdaq.com/api/quote/KO/historical?assetclass=stocks&fromdate=2016-07-26&todate=2026-07-26&limit=5000
KO,2021-09-08,55.61,56.48,55.61,56.42,12040070,,https://api.nasdaq.com/api/quote/KO/historical?assetclass=stocks&fromdate=2016-07-26&todate=2026-07-26&limit=5000
KO,2021-09-09,56.18,56.42,55.8,55.86,12545370,,https://api.nasdaq.com/api/quote/KO/historical?assetclass=stocks&fromdate=2016-07-26&todate=2026-07-26&limit=5000
KO,2021-09-10,56.01,56.13,55.515,55.61,10573710,,https://api.nasdaq.com/api/quote/KO/historical?assetclass=stocks&fromdate=2016-07-26&todate=2026-07-26&limit=5000
KO,2021-09-13,55.74,56.395,55.74,56.07,20274270,,https://api.nasdaq.com/api/quote/KO/historical?assetclass=stocks&fromdate=2016-07-26&todate=2026-07-26&limit=5000
KO,2021-09-14,55.92,55.98,55.55,55.69,13918850,,https://api.nasdaq.com/api/quote/KO/historical?assetclass=stocks&fromdate=2016-07-26&todate=2026-07-26&limit=5000
KO,2021-09-15,55.68,56,55.42,55.88,15745980,,https://api.nasdaq.com/api/quote/KO/historical?assetclass=stocks&fromdate=2016-07-26&todate=2026-07-26&limit=5000
KO,2021-09-16,55.72,55.985,54.82,55.35,17430420,,https://api.nasdaq.com/api/quote/KO/historical?assetclass=stocks&fromdate=2016-07-26&todate=2026-07-26&limit=5000
KO,2021-09-17,55.02,55.194,54.37,54.44,33383190,,https://api.nasdaq.com/api/quote/KO/historical?assetclass=stocks&fromdate=2016-07-26&todate=2026-07-26&limit=5000
KO,2021-09-20,54.11,54.4,53.7273,54.06,27542450,,https://api.nasdaq.com/api/quote/KO/historical?assetclass=stocks&fromdate=2016-07-26&todate=2026-07-26&limit=5000
KO,2021-09-21,54.39,54.82,53.94,54.05,16418160,,https://api.nasdaq.com/api/quote/KO/historical?assetclass=stocks&fromdate=2016-07-26&todate=2026-07-26&limit=5000
KO,2021-09-22,54.505,54.56,54.0623,54.13,12719720,,https://api.nasdaq.com/api/quote/KO/historical?assetclass=stocks&fromdate=2016-07-26&todate=2026-07-26&limit=5000
KO,2021-09-23,54.26,54.6175,54,54.04,13836220,,https://api.nasdaq.com/api/quote/KO/historical?assetclass=stocks&fromdate=2016-07-26&todate=2026-07-26&limit=5000
KO,2021-09-24,54,54.24,53.86,53.89,9682234,,https://api.nasdaq.com/api/quote/KO/historical?assetclass=stocks&fromdate=2016-07-26&todate=2026-07-26&limit=5000
KO,2021-09-27,53.85,54.245,53.57,53.61,12429470,,https://api.nasdaq.com/api/quote/KO/historical?assetclass=stocks&fromdate=2016-07-26&todate=2026-07-26&limit=5000
KO,2021-09-28,53.46,53.46,52.43,52.64,19926090,,https://api.nasdaq.com/api/quote/KO/historical?assetclass=stocks&fromdate=2016-07-26&todate=2026-07-26&limit=5000
KO,2021-09-29,52.64,53.155,52.56,52.96,13941470,,https://api.nasdaq.com/api/quote/KO/historical?assetclass=stocks&fromdate=2016-07-26&todate=2026-07-26&limit=5000
KO,2021-09-30,53.17,53.325,52.43,52.47,17674370,,https://api.nasdaq.com/api/quote/KO/historical?assetclass=stocks&fromdate=2016-07-26&todate=2026-07-26&limit=5000
KO,2021-10-01,52.78,53.2,52.5707,53.02,16277410,,https://api.nasdaq.com/api/quote/KO/historical?assetclass=stocks&fromdate=2016-07-26&todate=2026-07-26&limit=5000
KO,2021-10-04,53.06,53.525,52.4,52.99,18973450,,https://api.nasdaq.com/api/quote/KO/historical?assetclass=stocks&fromdate=2016-07-26&todate=2026-07-26&limit=5000
KO,2021-10-05,53.02,53.47,52.93,53.08,17173140,,https://api.nasdaq.com/api/quote/KO/historical?assetclass=stocks&fromdate=2016-07-26&todate=2026-07-26&limit=5000
KO,2021-10-06,52.77,53.765,52.51,53.71,21284530,,https://api.nasdaq.com/api/quote/KO/historical?assetclass=stocks&fromdate=2016-07-26&todate=2026-07-26&limit=5000
KO,2021-10-07,53.99,54.28,53.81,53.88,13774370,,https://api.nasdaq.com/api/quote/KO/historical?assetclass=stocks&fromdate=2016-07-26&todate=2026-07-26&limit=5000
KO,2021-10-08,54,54.39,53.895,54.12,13786820,,https://api.nasdaq.com/api/quote/KO/historical?assetclass=stocks&fromdate=2016-07-26&todate=2026-07-26&limit=5000
KO,2021-10-11,54.21,54.39,54.01,54.23,12378520,,https://api.nasdaq.com/api/quote/KO/historical?assetclass=stocks&fromdate=2016-07-26&todate=2026-07-26&limit=5000
KO,2021-10-12,54.42,54.83,54.22,54.23,19474370,,https://api.nasdaq.com/api/quote/KO/historical?assetclass=stocks&fromdate=2016-07-26&todate=2026-07-26&limit=5000
KO,2021-10-13,54.17,54.43,53.79,54.24,12143660,,https://api.nasdaq.com/api/quote/KO/historical?assetclass=stocks&fromdate=2016-07-26&todate=2026-07-26&limit=5000
KO,2021-10-14,54.39,54.805,54.31,54.61,13704290,,https://api.nasdaq.com/api/quote/KO/historical?assetclass=stocks&fromdate=2016-07-26&todate=2026-07-26&limit=5000
KO,2021-10-15,54.64,54.88,54.285,54.48,17867140,,https://api.nasdaq.com/api/quote/KO/historical?assetclass=stocks&fromdate=2016-07-26&todate=2026-07-26&limit=5000
KO,2021-10-18,54.35,54.39,53.86,53.94,15861790,,https://api.nasdaq.com/api/quote/KO/historical?assetclass=stocks&fromdate=2016-07-26&todate=2026-07-26&limit=5000
KO,2021-10-19,54.04,54.2,53.77,54.15,11068620,,https://api.nasdaq.com/api/quote/KO/historical?assetclass=stocks&fromdate=2016-07-26&todate=2026-07-26&limit=5000
KO,2021-10-20,54.18,54.76,54.11,54.63,12474870,,https://api.nasdaq.com/api/quote/KO/historical?assetclass=stocks&fromdate=2016-07-26&todate=2026-07-26&limit=5000
KO,2021-10-21,54.6,54.67,54.21,54.35,14388310,,https://api.nasdaq.com/api/quote/KO/historical?assetclass=stocks&fromdate=2016-07-26&todate=2026-07-26&limit=5000
KO,2021-10-22,54.39,54.53,54.07,54.45,12828800,,https://api.nasdaq.com/api/quote/KO/historical?assetclass=stocks&fromdate=2016-07-26&todate=2026-07-26&limit=5000
KO,2021-10-25,54.38,54.47,54.015,54.23,11855030,,https://api.nasdaq.com/api/quote/KO/historical?assetclass=stocks&fromdate=2016-07-26&todate=2026-07-26&limit=5000
KO,2021-10-26,54.32,54.58,54.2345,54.47,12086750,,https://api.nasdaq.com/api/quote/KO/historical?assetclass=stocks&fromdate=2016-07-26&todate=2026-07-26&limit=5000
KO,2021-10-27,55.97,56.08,55.265,55.52,24019830,,https://api.nasdaq.com/api/quote/KO/historical?assetclass=stocks&fromdate=2016-07-26&todate=2026-07-26&limit=5000
KO,2021-10-28,55.75,56.11,55.62,56.04,15927960,,https://api.nasdaq.com/api/quote/KO/historical?assetclass=stocks&fromdate=2016-07-26&todate=2026-07-26&limit=5000
KO,2021-10-29,55.87,56.465,55.78,56.37,24463740,,https://api.nasdaq.com/api/quote/KO/historical?assetclass=stocks&fromdate=2016-07-26&todate=2026-07-26&limit=5000
KO,2021-11-01,56.39,56.4,55.9,56.17,11651090,,https://api.nasdaq.com/api/quote/KO/historical?assetclass=stocks&fromdate=2016-07-26&todate=2026-07-26&limit=5000
KO,2021-11-02,56.47,56.5,55.965,56.1,11498860,,https://api.nasdaq.com/api/quote/KO/historical?assetclass=stocks&fromdate=2016-07-26&todate=2026-07-26&limit=5000
KO,2021-11-03,56,56.33,55.775,56.29,10788280,,https://api.nasdaq.com/api/quote/KO/historical?assetclass=stocks&fromdate=2016-07-26&todate=2026-07-26&limit=5000
KO,2021-11-04,56.11,56.63,56.03,56.6,10820200,,https://api.nasdaq.com/api/quote/KO/historical?assetclass=stocks&fromdate=2016-07-26&todate=2026-07-26&limit=5000
KO,2021-11-05,56.84,57.16,56.59,56.84,12886660,,https://api.nasdaq.com/api/quote/KO/historical?assetclass=stocks&fromdate=2016-07-26&todate=2026-07-26&limit=5000
KO,2021-11-08,56.75,56.89,56.13,56.33,12827970,,https://api.nasdaq.com/api/quote/KO/historical?assetclass=stocks&fromdate=2016-07-26&todate=2026-07-26&limit=5000
KO,2021-11-09,56.41,56.52,56.09,56.49,10155820,,https://api.nasdaq.com/api/quote/KO/historical?assetclass=stocks&fromdate=2016-07-26&todate=2026-07-26&limit=5000
KO,2021-11-10,56.54,56.92,56.29,56.72,8813611,,https://api.nasdaq.com/api/quote/KO/historical?assetclass=stocks&fromdate=2016-07-26&todate=2026-07-26&limit=5000
KO,2021-11-11,56.825,56.88,56.57,56.74,7257681,,https://api.nasdaq.com/api/quote/KO/historical?assetclass=stocks&fromdate=2016-07-26&todate=2026-07-26&limit=5000
KO,2021-11-12,56.75,56.985,56.545,56.61,10162510,,https://api.nasdaq.com/api/quote/KO/historical?assetclass=stocks&fromdate=2016-07-26&todate=2026-07-26&limit=5000
KO,2021-11-15,56.53,56.68,56.27,56.62,10289190,,https://api.nasdaq.com/api/quote/KO/historical?assetclass=stocks&fromdate=2016-07-26&todate=2026-07-26&limit=5000
KO,2021-11-16,56.62,56.94,56.185,56.22,13756460,,https://api.nasdaq.com/api/quote/KO/historical?assetclass=stocks&fromdate=2016-07-26&todate=2026-07-26&limit=5000
KO,2021-11-17,56.04,56.05,55.65,55.91,13288680,,https://api.nasdaq.com/api/quote/KO/historical?assetclass=stocks&fromdate=2016-07-26&todate=2026-07-26&limit=5000
KO,2021-11-18,55.83,55.93,55.14,55.41,15380380,,https://api.nasdaq.com/api/quote/KO/historical?assetclass=stocks&fromdate=2016-07-26&todate=2026-07-26&limit=5000
KO,2021-11-19,55.44,55.485,54.9047,55.13,15813660,,https://api.nasdaq.com/api/quote/KO/historical?assetclass=stocks&fromdate=2016-07-26&todate=2026-07-26&limit=5000
KO,2021-11-22,55.1,56.02,55.08,55.47,16906230,,https://api.nasdaq.com/api/quote/KO/historical?assetclass=stocks&fromdate=2016-07-26&todate=2026-07-26&limit=5000
KO,2021-11-23,55.66,56.1064,55.5,55.88,13836260,,https://api.nasdaq.com/api/quote/KO/historical?assetclass=stocks&fromdate=2016-07-26&todate=2026-07-26&limit=5000
KO,2021-11-24,55.71,55.835,55.03,55.43,12598980,,https://api.nasdaq.com/api/quote/KO/historical?assetclass=stocks&fromdate=2016-07-26&todate=2026-07-26&limit=5000
KO,2021-11-26,54.59,54.75,53.58,53.73,14754340,,https://api.nasdaq.com/api/quote/KO/historical?assetclass=stocks&fromdate=2016-07-26&todate=2026-07-26&limit=5000
KO,2021-11-29,54.045,54.73,53.93,54.58,22712470,,https://api.nasdaq.com/api/quote/KO/historical?assetclass=stocks&fromdate=2016-07-26&todate=2026-07-26&limit=5000
KO,2021-11-30,53.6,53.625,52.44,52.45,30485170,,https://api.nasdaq.com/api/quote/KO/historical?assetclass=stocks&fromdate=2016-07-26&todate=2026-07-26&limit=5000
KO,2021-12-01,52.98,53.52,52.28,52.3,18724140,,https://api.nasdaq.com/api/quote/KO/historical?assetclass=stocks&fromdate=2016-07-26&todate=2026-07-26&limit=5000
KO,2021-12-02,52.6,53.34,52.505,53.07,17074170,,https://api.nasdaq.com/api/quote/KO/historical?assetclass=stocks&fromdate=2016-07-26&todate=2026-07-26&limit=5000
KO,2021-12-03,53.33,53.61,52.98,53.54,21064350,,https://api.nasdaq.com/api/quote/KO/historical?assetclass=stocks&fromdate=2016-07-26&todate=2026-07-26&limit=5000
KO,2021-12-06,54.31,55.25,54.14,54.91,26624140,,https://api.nasdaq.com/api/quote/KO/historical?assetclass=stocks&fromdate=2016-07-26&todate=2026-07-26&limit=5000
KO,2021-12-07,55.02,55.415,54.85,55.21,23832720,,https://api.nasdaq.com/api/quote/KO/historical?assetclass=stocks&fromdate=2016-07-26&todate=2026-07-26&limit=5000
KO,2021-12-08,55.12,55.35,54.36,55,18026450,,https://api.nasdaq.com/api/quote/KO/historical?assetclass=stocks&fromdate=2016-07-26&todate=2026-07-26&limit=5000
KO,2021-12-09,54.75,55.13,54.585,54.86,13846420,,https://api.nasdaq.com/api/quote/KO/historical?assetclass=stocks&fromdate=2016-07-26&todate=2026-07-26&limit=5000
KO,2021-12-10,55.25,56.32,55.07,56.28,23153570,,https://api.nasdaq.com/api/quote/KO/historical?assetclass=stocks&fromdate=2016-07-26&todate=2026-07-26&limit=5000
KO,2021-12-13,56.98,57.93,56.955,57.76,31362830,,https://api.nasdaq.com/api/quote/KO/historical?assetclass=stocks&fromdate=2016-07-26&todate=2026-07-26&limit=5000
KO,2021-12-14,57.4,58.17,57.4,57.8,24806570,,https://api.nasdaq.com/api/quote/KO/historical?assetclass=stocks&fromdate=2016-07-26&todate=2026-07-26&limit=5000
KO,2021-12-15,57.93,58.25,57.65,58.06,24923790,,https://api.nasdaq.com/api/quote/KO/historical?assetclass=stocks&fromdate=2016-07-26&todate=2026-07-26&limit=5000
KO,2021-12-16,57.98,58.88,57.9,58.65,24696860,,https://api.nasdaq.com/api/quote/KO/historical?assetclass=stocks&fromdate=2016-07-26&todate=2026-07-26&limit=5000
KO,2021-12-17,58.49,58.92,57.7,57.73,51899380,,https://api.nasdaq.com/api/quote/KO/historical?assetclass=stocks&fromdate=2016-07-26&todate=2026-07-26&limit=5000
KO,2021-12-20,57.2,57.78,57,57.54,20879480,,https://api.nasdaq.com/api/quote/KO/historical?assetclass=stocks&fromdate=2016-07-26&todate=2026-07-26&limit=5000
KO,2021-12-21,57.61,57.965,57.53,57.77,15864890,,https://api.nasdaq.com/api/quote/KO/historical?assetclass=stocks&fromdate=2016-07-26&todate=2026-07-26&limit=5000
KO,2021-12-22,57.71,58.19,57.49,58.18,12447440,,https://api.nasdaq.com/api/quote/KO/historical?assetclass=stocks&fromdate=2016-07-26&todate=2026-07-26&limit=5000
KO,2021-12-23,58.52,58.61,57.94,58.22,11027340,,https://api.nasdaq.com/api/quote/KO/historical?assetclass=stocks&fromdate=2016-07-26&todate=2026-07-26&limit=5000
KO,2021-12-27,58,58.69,58,58.65,9862192,,https://api.nasdaq.com/api/quote/KO/historical?assetclass=stocks&fromdate=2016-07-26&todate=2026-07-26&limit=5000
KO,2021-12-28,58.4,58.94,58.3,58.88,8982271,,https://api.nasdaq.com/api/quote/KO/historical?assetclass=stocks&fromdate=2016-07-26&todate=2026-07-26&limit=5000
KO,2021-12-29,58.95,59.095,58.66,58.95,9996046,,https://api.nasdaq.com/api/quote/KO/historical?assetclass=stocks&fromdate=2016-07-26&todate=2026-07-26&limit=5000
KO,2021-12-30,59.06,59.23,58.76,58.78,7703896,,https://api.nasdaq.com/api/quote/KO/historical?assetclass=stocks&fromdate=2016-07-26&todate=2026-07-26&limit=5000
KO,2021-12-31,58.75,59.35,58.695,59.21,10021250,,https://api.nasdaq.com/api/quote/KO/historical?assetclass=stocks&fromdate=2016-07-26&todate=2026-07-26&limit=5000
KO,2022-01-03,58.82,59.31,58.375,59.3,20188380,,https://api.nasdaq.com/api/quote/KO/historical?assetclass=stocks&fromdate=2016-07-26&todate=2026-07-26&limit=5000
KO,2022-01-04,59.73,60.535,59.59,60.29,26141580,,https://api.nasdaq.com/api/quote/KO/historical?assetclass=stocks&fromdate=2016-07-26&todate=2026-07-26&limit=5000
KO,2022-01-05,60.09,61.195,60.05,60.79,22507260,,https://api.nasdaq.com/api/quote/KO/historical?assetclass=stocks&fromdate=2016-07-26&todate=2026-07-26&limit=5000
KO,2022-01-06,60.465,61.115,60.435,60.47,17902350,,https://api.nasdaq.com/api/quote/KO/historical?assetclass=stocks&fromdate=2016-07-26&todate=2026-07-26&limit=5000
KO,2022-01-07,60.275,60.72,60.06,60.33,12307900,,https://api.nasdaq.com/api/quote/KO/historical?assetclass=stocks&fromdate=2016-07-26&todate=2026-07-26&limit=5000
KO,2022-01-10,60.55,60.82,60.18,60.43,20954350,,https://api.nasdaq.com/api/quote/KO/historical?assetclass=stocks&fromdate=2016-07-26&todate=2026-07-26&limit=5000
KO,2022-01-11,60.43,60.49,59.84,60.45,19369590,,https://api.nasdaq.com/api/quote/KO/historical?assetclass=stocks&fromdate=2016-07-26&todate=2026-07-26&limit=5000
KO,2022-01-12,60.53,60.685,60.19,60.54,15753810,,https://api.nasdaq.com/api/quote/KO/historical?assetclass=stocks&fromdate=2016-07-26&todate=2026-07-26&limit=5000
KO,2022-01-13,60.54,61.04,60.385,60.9,14317990,,https://api.nasdaq.com/api/quote/KO/historical?assetclass=stocks&fromdate=2016-07-26&todate=2026-07-26&limit=5000
KO,2022-01-14,60.94,61.45,60.36,61.39,19729630,,https://api.nasdaq.com/api/quote/KO/historical?assetclass=stocks&fromdate=2016-07-26&todate=2026-07-26&limit=5000
KO,2022-01-18,61.06,61.19,60.45,60.9,21977600,,https://api.nasdaq.com/api/quote/KO/historical?assetclass=stocks&fromdate=2016-07-26&todate=2026-07-26&limit=5000
KO,2022-01-19,60.66,61.18,60.555,61,18654750,,https://api.nasdaq.com/api/quote/KO/historical?assetclass=stocks&fromdate=2016-07-26&todate=2026-07-26&limit=5000
KO,2022-01-20,61,61.44,60.72,60.75,23002350,,https://api.nasdaq.com/api/quote/KO/historical?assetclass=stocks&fromdate=2016-07-26&todate=2026-07-26&limit=5000
KO,2022-01-21,61.08,61.3,60.3982,60.45,26643160,,https://api.nasdaq.com/api/quote/KO/historical?assetclass=stocks&fromdate=2016-07-26&todate=2026-07-26&limit=5000
KO,2022-01-24,59.9,60.35,58.57,59.96,30207460,,https://api.nasdaq.com/api/quote/KO/historical?assetclass=stocks&fromdate=2016-07-26&todate=2026-07-26&limit=5000
KO,2022-01-25,59.36,60.045,58.69,59.82,19027110,,https://api.nasdaq.com/api/quote/KO/historical?assetclass=stocks&fromdate=2016-07-26&todate=2026-07-26&limit=5000
KO,2022-01-26,59.79,60.345,59.21,59.6,19190240,,https://api.nasdaq.com/api/quote/KO/historical?assetclass=stocks&fromdate=2016-07-26&todate=2026-07-26&limit=5000
KO,2022-01-27,59.88,60.925,59.5,59.65,18898680,,https://api.nasdaq.com/api/quote/KO/historical?assetclass=stocks&fromdate=2016-07-26&todate=2026-07-26&limit=5000
KO,2022-01-28,59.39,60.89,58.94,60.84,19101490,,https://api.nasdaq.com/api/quote/KO/historical?assetclass=stocks&fromdate=2016-07-26&todate=2026-07-26&limit=5000
KO,2022-01-31,60.3,61.14,60.15,61.01,22045320,,https://api.nasdaq.com/api/quote/KO/historical?assetclass=stocks&fromdate=2016-07-26&todate=2026-07-26&limit=5000
KO,2022-02-01,60.91,61.14,60.16,60.56,20841660,,https://api.nasdaq.com/api/quote/KO/historical?assetclass=stocks&fromdate=2016-07-26&todate=2026-07-26&limit=5000
KO,2022-02-02,60.62,61.27,60.56,61.18,20225580,,https://api.nasdaq.com/api/quote/KO/historical?assetclass=stocks&fromdate=2016-07-26&todate=2026-07-26&limit=5000
KO,2022-02-03,60.94,61.78,60.585,61.61,19440490,,https://api.nasdaq.com/api/quote/KO/historical?assetclass=stocks&fromdate=2016-07-26&todate=2026-07-26&limit=5000
KO,2022-02-04,61.49,61.68,60.57,60.96,17403730,,https://api.nasdaq.com/api/quote/KO/historical?assetclass=stocks&fromdate=2016-07-26&todate=2026-07-26&limit=5000
KO,2022-02-07,61.38,61.72,60.86,61.6,17846410,,https://api.nasdaq.com/api/quote/KO/historical?assetclass=stocks&fromdate=2016-07-26&todate=2026-07-26&limit=5000
KO,2022-02-08,61.83,62.325,61.74,62,18771750,,https://api.nasdaq.com/api/quote/KO/historical?assetclass=stocks&fromdate=2016-07-26&todate=2026-07-26&limit=5000
KO,2022-02-09,62.17,62.32,60.9,61.04,23595560,,https://api.nasdaq.com/api/quote/KO/historical?assetclass=stocks&fromdate=2016-07-26&todate=2026-07-26&limit=5000
KO,2022-02-10,60.36,62.3,60.2,61.38,23561530,,https://api.nasdaq.com/api/quote/KO/historical?assetclass=stocks&fromdate=2016-07-26&todate=2026-07-26&limit=5000
KO,2022-02-11,61.77,61.98,60.15,60.29,22781390,,https://api.nasdaq.com/api/quote/KO/historical?assetclass=stocks&fromdate=2016-07-26&todate=2026-07-26&limit=5000
KO,2022-02-14,60.16,60.79,59.28,60.68,23641310,,https://api.nasdaq.com/api/quote/KO/historical?assetclass=stocks&fromdate=2016-07-26&todate=2026-07-26&limit=5000
KO,2022-02-15,60.955,61.78,60.63,60.91,13409340,,https://api.nasdaq.com/api/quote/KO/historical?assetclass=stocks&fromdate=2016-07-26&todate=2026-07-26&limit=5000
KO,2022-02-16,60.86,61.395,60.555,60.9,15484660,,https://api.nasdaq.com/api/quote/KO/historical?assetclass=stocks&fromdate=2016-07-26&todate=2026-07-26&limit=5000
KO,2022-02-17,60.55,62.275,60.405,62.12,21468720,,https://api.nasdaq.com/api/quote/KO/historical?assetclass=stocks&fromdate=2016-07-26&todate=2026-07-26&limit=5000
KO,2022-02-18,62.12,62.82,61.99,62.54,21975020,,https://api.nasdaq.com/api/quote/KO/historical?assetclass=stocks&fromdate=2016-07-26&todate=2026-07-26&limit=5000
KO,2022-02-22,62.43,62.64,61.72,62.28,21731390,,https://api.nasdaq.com/api/quote/KO/historical?assetclass=stocks&fromdate=2016-07-26&todate=2026-07-26&limit=5000
KO,2022-02-23,62.24,62.33,61.34,61.59,19248470,,https://api.nasdaq.com/api/quote/KO/historical?assetclass=stocks&fromdate=2016-07-26&todate=2026-07-26&limit=5000
KO,2022-02-24,59.97,60.62,59.22,60.51,27207440,,https://api.nasdaq.com/api/quote/KO/historical?assetclass=stocks&fromdate=2016-07-26&todate=2026-07-26&limit=5000
KO,2022-02-25,60.94,62.895,60.92,62.85,21487800,,https://api.nasdaq.com/api/quote/KO/historical?assetclass=stocks&fromdate=2016-07-26&todate=2026-07-26&limit=5000
KO,2022-02-28,61.65,62.335,61.41,62.24,25879120,,https://api.nasdaq.com/api/quote/KO/historical?assetclass=stocks&fromdate=2016-07-26&todate=2026-07-26&limit=5000
KO,2022-03-01,62.14,62.75,61.51,61.97,15871090,,https://api.nasdaq.com/api/quote/KO/historical?assetclass=stocks&fromdate=2016-07-26&todate=2026-07-26&limit=5000
KO,2022-03-02,62.23,62.88,61.78,62.43,17319120,,https://api.nasdaq.com/api/quote/KO/historical?assetclass=stocks&fromdate=2016-07-26&todate=2026-07-26&limit=5000
KO,2022-03-03,62.61,63.02,62.285,62.47,21262800,,https://api.nasdaq.com/api/quote/KO/historical?assetclass=stocks&fromdate=2016-07-26&todate=2026-07-26&limit=5000
KO,2022-03-04,61.46,62.59,61.2,62.57,17164630,,https://api.nasdaq.com/api/quote/KO/historical?assetclass=stocks&fromdate=2016-07-26&todate=2026-07-26&limit=5000
KO,2022-03-07,62.01,62.07,60.72,61.08,29151420,,https://api.nasdaq.com/api/quote/KO/historical?assetclass=stocks&fromdate=2016-07-26&todate=2026-07-26&limit=5000
KO,2022-03-08,61.45,61.54,58.59,58.66,30242130,,https://api.nasdaq.com/api/quote/KO/historical?assetclass=stocks&fromdate=2016-07-26&todate=2026-07-26&limit=5000
KO,2022-03-09,59.82,59.84,58.66,58.96,23022700,,https://api.nasdaq.com/api/quote/KO/historical?assetclass=stocks&fromdate=2016-07-26&todate=2026-07-26&limit=5000
KO,2022-03-10,58.48,58.66,57.5,57.88,20887280,,https://api.nasdaq.com/api/quote/KO/historical?assetclass=stocks&fromdate=2016-07-26&todate=2026-07-26&limit=5000
KO,2022-03-11,57.96,58.85,57.86,57.92,19855650,,https://api.nasdaq.com/api/quote/KO/historical?assetclass=stocks&fromdate=2016-07-26&todate=2026-07-26&limit=5000
KO,2022-03-14,57.97,59.035,57.97,58.54,17799380,,https://api.nasdaq.com/api/quote/KO/historical?assetclass=stocks&fromdate=2016-07-26&todate=2026-07-26&limit=5000
KO,2022-03-15,59.08,59.89,58.98,59.62,18607190,,https://api.nasdaq.com/api/quote/KO/historical?assetclass=stocks&fromdate=2016-07-26&todate=2026-07-26&limit=5000
KO,2022-03-16,59.78,59.935,58.605,59.46,17347250,,https://api.nasdaq.com/api/quote/KO/historical?assetclass=stocks&fromdate=2016-07-26&todate=2026-07-26&limit=5000
KO,2022-03-17,59.46,60.135,59.23,60.09,15586230,,https://api.nasdaq.com/api/quote/KO/historical?assetclass=stocks&fromdate=2016-07-26&todate=2026-07-26&limit=5000
KO,2022-03-18,60.3,60.3,59.705,60.1,30197780,,https://api.nasdaq.com/api/quote/KO/historical?assetclass=stocks&fromdate=2016-07-26&todate=2026-07-26&limit=5000
KO,2022-03-21,60.5,61.1,60.245,60.58,17440140,,https://api.nasdaq.com/api/quote/KO/historical?assetclass=stocks&fromdate=2016-07-26&todate=2026-07-26&limit=5000
KO,2022-03-22,60.93,60.95,60.055,60.8,17559540,,https://api.nasdaq.com/api/quote/KO/historical?assetclass=stocks&fromdate=2016-07-26&todate=2026-07-26&limit=5000
KO,2022-03-23,60.75,60.98,59.995,60.4,15529240,,https://api.nasdaq.com/api/quote/KO/historical?assetclass=stocks&fromdate=2016-07-26&todate=2026-07-26&limit=5000
KO,2022-03-24,60.64,61.02,60.455,60.98,13151350,,https://api.nasdaq.com/api/quote/KO/historical?assetclass=stocks&fromdate=2016-07-26&todate=2026-07-26&limit=5000
KO,2022-03-25,61.12,61.61,61.05,61.53,12260750,,https://api.nasdaq.com/api/quote/KO/historical?assetclass=stocks&fromdate=2016-07-26&todate=2026-07-26&limit=5000
KO,2022-03-28,61.53,61.94,61.21,61.92,11485220,,https://api.nasdaq.com/api/quote/KO/historical?assetclass=stocks&fromdate=2016-07-26&todate=2026-07-26&limit=5000
KO,2022-03-29,62.21,62.53,61.74,62.16,14720570,,https://api.nasdaq.com/api/quote/KO/historical?assetclass=stocks&fromdate=2016-07-26&todate=2026-07-26&limit=5000
KO,2022-03-30,62.01,62.21,61.555,62.21,13641000,,https://api.nasdaq.com/api/quote/KO/historical?assetclass=stocks&fromdate=2016-07-26&todate=2026-07-26&limit=5000
KO,2022-03-31,62.22,62.64,62,62,16822900,,https://api.nasdaq.com/api/quote/KO/historical?assetclass=stocks&fromdate=2016-07-26&todate=2026-07-26&limit=5000
KO,2022-04-01,62.33,62.95,62.085,62.87,12644880,,https://api.nasdaq.com/api/quote/KO/historical?assetclass=stocks&fromdate=2016-07-26&todate=2026-07-26&limit=5000
KO,2022-04-04,62.6,62.785,61.72,62.54,11506550,,https://api.nasdaq.com/api/quote/KO/historical?assetclass=stocks&fromdate=2016-07-26&todate=2026-07-26&limit=5000
KO,2022-04-05,62.4,63.235,62.37,62.47,15721230,,https://api.nasdaq.com/api/quote/KO/historical?assetclass=stocks&fromdate=2016-07-26&todate=2026-07-26&limit=5000
KO,2022-04-06,62.77,63.26,62.3,63.1,19267420,,https://api.nasdaq.com/api/quote/KO/historical?assetclass=stocks&fromdate=2016-07-26&todate=2026-07-26&limit=5000
KO,2022-04-07,63.13,63.67,62.711,63.44,13960820,,https://api.nasdaq.com/api/quote/KO/historical?assetclass=stocks&fromdate=2016-07-26&todate=2026-07-26&limit=5000
KO,2022-04-08,63.48,64.04,63.16,63.83,12703470,,https://api.nasdaq.com/api/quote/KO/historical?assetclass=stocks&fromdate=2016-07-26&todate=2026-07-26&limit=5000
KO,2022-04-11,63.905,64.3,63.635,63.81,12720110,,https://api.nasdaq.com/api/quote/KO/historical?assetclass=stocks&fromdate=2016-07-26&todate=2026-07-26&limit=5000
KO,2022-04-12,64.38,64.805,63.89,64.56,18089910,,https://api.nasdaq.com/api/quote/KO/historical?assetclass=stocks&fromdate=2016-07-26&todate=2026-07-26&limit=5000
KO,2022-04-13,64.44,64.87,64.23,64.73,11882990,,https://api.nasdaq.com/api/quote/KO/historical?assetclass=stocks&fromdate=2016-07-26&todate=2026-07-26&limit=5000
KO,2022-04-14,64.96,65.57,64.82,65.02,16388430,,https://api.nasdaq.com/api/quote/KO/historical?assetclass=stocks&fromdate=2016-07-26&todate=2026-07-26&limit=5000
KO,2022-04-18,64.77,65.18,64.18,64.44,11679370,,https://api.nasdaq.com/api/quote/KO/historical?assetclass=stocks&fromdate=2016-07-26&todate=2026-07-26&limit=5000
KO,2022-04-19,64.5,65.25,64.44,65.07,11993780,,https://api.nasdaq.com/api/quote/KO/historical?assetclass=stocks&fromdate=2016-07-26&todate=2026-07-26&limit=5000
KO,2022-04-20,65.44,66.24,65.4,65.96,14827070,,https://api.nasdaq.com/api/quote/KO/historical?assetclass=stocks&fromdate=2016-07-26&todate=2026-07-26&limit=5000
KO,2022-04-21,65.98,67,65.72,66.21,15120410,,https://api.nasdaq.com/api/quote/KO/historical?assetclass=stocks&fromdate=2016-07-26&todate=2026-07-26&limit=5000
KO,2022-04-22,66.08,66.34,65.18,65.25,14902200,,https://api.nasdaq.com/api/quote/KO/historical?assetclass=stocks&fromdate=2016-07-26&todate=2026-07-26&limit=5000
KO,2022-04-25,67,67.2,64.78,65.94,25082000,,https://api.nasdaq.com/api/quote/KO/historical?assetclass=stocks&fromdate=2016-07-26&todate=2026-07-26&limit=5000
KO,2022-04-26,65.52,66.367,65.04,65.05,21982610,,https://api.nasdaq.com/api/quote/KO/historical?assetclass=stocks&fromdate=2016-07-26&todate=2026-07-26&limit=5000
KO,2022-04-27,65,66.28,65,65.56,16971010,,https://api.nasdaq.com/api/quote/KO/historical?assetclass=stocks&fromdate=2016-07-26&todate=2026-07-26&limit=5000
KO,2022-04-28,64.66,66.28,64.5,66.19,22020520,,https://api.nasdaq.com/api/quote/KO/historical?assetclass=stocks&fromdate=2016-07-26&todate=2026-07-26&limit=5000
KO,2022-04-29,65.87,66.03,64.49,64.61,20137150,,https://api.nasdaq.com/api/quote/KO/historical?assetclass=stocks&fromdate=2016-07-26&todate=2026-07-26&limit=5000
KO,2022-05-02,65.28,65.31,62.58,63.44,24970310,,https://api.nasdaq.com/api/quote/KO/historical?assetclass=stocks&fromdate=2016-07-26&todate=2026-07-26&limit=5000
KO,2022-05-03,63.72,63.94,62.67,63.08,21686340,,https://api.nasdaq.com/api/quote/KO/historical?assetclass=stocks&fromdate=2016-07-26&todate=2026-07-26&limit=5000
KO,2022-05-04,63,65.12,62.94,65.03,19780190,,https://api.nasdaq.com/api/quote/KO/historical?assetclass=stocks&fromdate=2016-07-26&todate=2026-07-26&limit=5000
KO,2022-05-05,64.69,65.03,64.01,64.51,20155240,,https://api.nasdaq.com/api/quote/KO/historical?assetclass=stocks&fromdate=2016-07-26&todate=2026-07-26&limit=5000
KO,2022-05-06,64.2,65.31,64.07,64.74,18984020,,https://api.nasdaq.com/api/quote/KO/historical?assetclass=stocks&fromdate=2016-07-26&todate=2026-07-26&limit=5000
KO,2022-05-09,64.47,65.365,64.04,64.61,20055330,,https://api.nasdaq.com/api/quote/KO/historical?assetclass=stocks&fromdate=2016-07-26&todate=2026-07-26&limit=5000
KO,2022-05-10,64.5,65.32,63.85,64.01,21322220,,https://api.nasdaq.com/api/quote/KO/historical?assetclass=stocks&fromdate=2016-07-26&todate=2026-07-26&limit=5000
KO,2022-05-11,64.33,65.2,63.96,64.31,19648400,,https://api.nasdaq.com/api/quote/KO/historical?assetclass=stocks&fromdate=2016-07-26&todate=2026-07-26&limit=5000
KO,2022-05-12,64.16,64.53,63.205,64.51,22574720,,https://api.nasdaq.com/api/quote/KO/historical?assetclass=stocks&fromdate=2016-07-26&todate=2026-07-26&limit=5000
KO,2022-05-13,64.81,65.8,64.12,65.72,16166960,,https://api.nasdaq.com/api/quote/KO/historical?assetclass=stocks&fromdate=2016-07-26&todate=2026-07-26&limit=5000
KO,2022-05-16,65.44,66.38,65.44,65.96,13223180,,https://api.nasdaq.com/api/quote/KO/historical?assetclass=stocks&fromdate=2016-07-26&todate=2026-07-26&limit=5000
KO,2022-05-17,66.1,66.1,65.01,65.78,21300590,,https://api.nasdaq.com/api/quote/KO/historical?assetclass=stocks&fromdate=2016-07-26&todate=2026-07-26&limit=5000
KO,2022-05-18,65.42,65.52,60.9639,61.2,31437310,,https://api.nasdaq.com/api/quote/KO/historical?assetclass=stocks&fromdate=2016-07-26&todate=2026-07-26&limit=5000
KO,2022-05-19,60.96,60.96,59.66,60,31493880,,https://api.nasdaq.com/api/quote/KO/historical?assetclass=stocks&fromdate=2016-07-26&todate=2026-07-26&limit=5000
KO,2022-05-20,60.49,61.235,59.66,60.98,29133760,,https://api.nasdaq.com/api/quote/KO/historical?assetclass=stocks&fromdate=2016-07-26&todate=2026-07-26&limit=5000
KO,2022-05-23,61.65,63.1,61.59,62.86,19406880,,https://api.nasdaq.com/api/quote/KO/historical?assetclass=stocks&fromdate=2016-07-26&todate=2026-07-26&limit=5000
KO,2022-05-24,62.88,64.19,62.75,64.02,16154240,,https://api.nasdaq.com/api/quote/KO/historical?assetclass=stocks&fromdate=2016-07-26&todate=2026-07-26&limit=5000
KO,2022-05-25,64,64.475,63.6,64.07,15360490,,https://api.nasdaq.com/api/quote/KO/historical?assetclass=stocks&fromdate=2016-07-26&todate=2026-07-26&limit=5000
KO,2022-05-26,64.07,65.095,63.96,64.3,16159830,,https://api.nasdaq.com/api/quote/KO/historical?assetclass=stocks&fromdate=2016-07-26&todate=2026-07-26&limit=5000
KO,2022-05-27,64.26,64.83,64.14,64.68,17708980,,https://api.nasdaq.com/api/quote/KO/historical?assetclass=stocks&fromdate=2016-07-26&todate=2026-07-26&limit=5000
KO,2022-05-31,64.08,64.315,63.05,63.38,43159050,,https://api.nasdaq.com/api/quote/KO/historical?assetclass=stocks&fromdate=2016-07-26&todate=2026-07-26&limit=5000
KO,2022-06-01,63.42,63.68,62.13,63.07,15408310,,https://api.nasdaq.com/api/quote/KO/historical?assetclass=stocks&fromdate=2016-07-26&todate=2026-07-26&limit=5000
KO,2022-06-02,63.18,63.735,62.11,63.73,14585980,,https://api.nasdaq.com/api/quote/KO/historical?assetclass=stocks&fromdate=2016-07-26&todate=2026-07-26&limit=5000
KO,2022-06-03,63.57,63.625,62.81,62.97,13539860,,https://api.nasdaq.com/api/quote/KO/historical?assetclass=stocks&fromdate=2016-07-26&todate=2026-07-26&limit=5000
KO,2022-06-06,63.33,63.77,62.66,62.87,15112810,,https://api.nasdaq.com/api/quote/KO/historical?assetclass=stocks&fromdate=2016-07-26&todate=2026-07-26&limit=5000
KO,2022-06-07,62.38,63.365,62.22,63.25,17886320,,https://api.nasdaq.com/api/quote/KO/historical?assetclass=stocks&fromdate=2016-07-26&todate=2026-07-26&limit=5000
KO,2022-06-08,62.99,63.21,62.555,62.89,10211450,,https://api.nasdaq.com/api/quote/KO/historical?assetclass=stocks&fromdate=2016-07-26&todate=2026-07-26&limit=5000
KO,2022-06-09,62.87,63.35,61.78,61.8,13391880,,https://api.nasdaq.com/api/quote/KO/historical?assetclass=stocks&fromdate=2016-07-26&todate=2026-07-26&limit=5000
KO,2022-06-10,61.01,61.885,60.4601,61.41,14973490,,https://api.nasdaq.com/api/quote/KO/historical?assetclass=stocks&fromdate=2016-07-26&todate=2026-07-26&limit=5000
KO,2022-06-13,60.75,62.291,60.67,61.34,23064190,,https://api.nasdaq.com/api/quote/KO/historical?assetclass=stocks&fromdate=2016-07-26&todate=2026-07-26&limit=5000
KO,2022-06-14,60.73,60.89,58.655,59.23,24620020,,https://api.nasdaq.com/api/quote/KO/historical?assetclass=stocks&fromdate=2016-07-26&todate=2026-07-26&limit=5000
KO,2022-06-15,60,60.635,58.97,59.67,19684700,,https://api.nasdaq.com/api/quote/KO/historical?assetclass=stocks&fromdate=2016-07-26&todate=2026-07-26&limit=5000
KO,2022-06-16,58.64,59.52,58.2528,59.07,15053840,,https://api.nasdaq.com/api/quote/KO/historical?assetclass=stocks&fromdate=2016-07-26&todate=2026-07-26&limit=5000
KO,2022-06-17,59.7,60.125,59.13,59.43,34781920,,https://api.nasdaq.com/api/quote/KO/historical?assetclass=stocks&fromdate=2016-07-26&todate=2026-07-26&limit=5000
KO,2022-06-21,59.49,60.88,59.01,60.7,17705020,,https://api.nasdaq.com/api/quote/KO/historical?assetclass=stocks&fromdate=2016-07-26&todate=2026-07-26&limit=5000
KO,2022-06-22,60.6,61.445,60.315,61.15,15209870,,https://api.nasdaq.com/api/quote/KO/historical?assetclass=stocks&fromdate=2016-07-26&todate=2026-07-26&limit=5000
KO,2022-06-23,61.3,61.91,61.2263,61.88,17190870,,https://api.nasdaq.com/api/quote/KO/historical?assetclass=stocks&fromdate=2016-07-26&todate=2026-07-26&limit=5000
KO,2022-06-24,62.11,63.06,62.11,63.04,18147070,,https://api.nasdaq.com/api/quote/KO/historical?assetclass=stocks&fromdate=2016-07-26&todate=2026-07-26&limit=5000
KO,2022-06-27,62.98,63.2867,62.63,62.91,12142110,,https://api.nasdaq.com/api/quote/KO/historical?assetclass=stocks&fromdate=2016-07-26&todate=2026-07-26&limit=5000
KO,2022-06-28,63.08,63.76,62.105,62.28,13181560,,https://api.nasdaq.com/api/quote/KO/historical?assetclass=stocks&fromdate=2016-07-26&todate=2026-07-26&limit=5000
KO,2022-06-29,62.54,63.11,62.43,62.73,11795510,,https://api.nasdaq.com/api/quote/KO/historical?assetclass=stocks&fromdate=2016-07-26&todate=2026-07-26&limit=5000
KO,2022-06-30,62.32,63.1144,62.16,62.91,15514150,,https://api.nasdaq.com/api/quote/KO/historical?assetclass=stocks&fromdate=2016-07-26&todate=2026-07-26&limit=5000
KO,2022-07-01,63.12,64.45,62.82,64.38,15143200,,https://api.nasdaq.com/api/quote/KO/historical?assetclass=stocks&fromdate=2016-07-26&todate=2026-07-26&limit=5000
KO,2022-07-05,64.18,64.18,62.415,63.28,15925030,,https://api.nasdaq.com/api/quote/KO/historical?assetclass=stocks&fromdate=2016-07-26&todate=2026-07-26&limit=5000
KO,2022-07-06,63.6,64.09,63.19,63.41,13450510,,https://api.nasdaq.com/api/quote/KO/historical?assetclass=stocks&fromdate=2016-07-26&todate=2026-07-26&limit=5000
KO,2022-07-07,63.26,63.58,62.7,62.91,14828430,,https://api.nasdaq.com/api/quote/KO/historical?assetclass=stocks&fromdate=2016-07-26&todate=2026-07-26&limit=5000
KO,2022-07-08,63.03,63.42,62.88,63.14,11311460,,https://api.nasdaq.com/api/quote/KO/historical?assetclass=stocks&fromdate=2016-07-26&todate=2026-07-26&limit=5000
KO,2022-07-11,62.99,63.46,62.585,62.94,12704110,,https://api.nasdaq.com/api/quote/KO/historical?assetclass=stocks&fromdate=2016-07-26&todate=2026-07-26&limit=5000
KO,2022-07-12,63,63.45,62.47,62.67,14731070,,https://api.nasdaq.com/api/quote/KO/historical?assetclass=stocks&fromdate=2016-07-26&todate=2026-07-26&limit=5000
KO,2022-07-13,62.33,63,61.9811,62.38,13145290,,https://api.nasdaq.com/api/quote/KO/historical?assetclass=stocks&fromdate=2016-07-26&todate=2026-07-26&limit=5000
KO,2022-07-14,61.33,62.25,61.3,62.18,14433040,,https://api.nasdaq.com/api/quote/KO/historical?assetclass=stocks&fromdate=2016-07-26&todate=2026-07-26&limit=5000
KO,2022-07-15,62.75,62.97,62.07,62.5,21968420,,https://api.nasdaq.com/api/quote/KO/historical?assetclass=stocks&fromdate=2016-07-26&todate=2026-07-26&limit=5000
KO,2022-07-18,62.52,62.56,61.51,61.65,10780840,,https://api.nasdaq.com/api/quote/KO/historical?assetclass=stocks&fromdate=2016-07-26&todate=2026-07-26&limit=5000
KO,2022-07-19,62.09,62.65,61.925,62.53,10998230,,https://api.nasdaq.com/api/quote/KO/historical?assetclass=stocks&fromdate=2016-07-26&todate=2026-07-26&limit=5000
KO,2022-07-20,62.4,62.58,61.145,61.5,11010450,,https://api.nasdaq.com/api/quote/KO/historical?assetclass=stocks&fromdate=2016-07-26&todate=2026-07-26&limit=5000
KO,2022-07-21,61.26,61.875,60.79,61.36,11959620,,https://api.nasdaq.com/api/quote/KO/historical?assetclass=stocks&fromdate=2016-07-26&todate=2026-07-26&limit=5000
KO,2022-07-22,61.38,61.87,61.32,61.59,11644690,,https://api.nasdaq.com/api/quote/KO/historical?assetclass=stocks&fromdate=2016-07-26&todate=2026-07-26&limit=5000
KO,2022-07-25,61.55,62.3,61.31,62.19,14941650,,https://api.nasdaq.com/api/quote/KO/historical?assetclass=stocks&fromdate=2016-07-26&todate=2026-07-26&limit=5000
KO,2022-07-26,62.75,63.8,62.53,63.21,20117950,,https://api.nasdaq.com/api/quote/KO/historical?assetclass=stocks&fromdate=2016-07-26&todate=2026-07-26&limit=5000
KO,2022-07-27,62.88,63.185,61.785,63.01,12142870,,https://api.nasdaq.com/api/quote/KO/historical?assetclass=stocks&fromdate=2016-07-26&todate=2026-07-26&limit=5000
KO,2022-07-28,62.92,64.245,62.89,64.06,10837000,,https://api.nasdaq.com/api/quote/KO/historical?assetclass=stocks&fromdate=2016-07-26&todate=2026-07-26&limit=5000
KO,2022-07-29,63.71,64.29,63.63,64.17,13734240,,https://api.nasdaq.com/api/quote/KO/historical?assetclass=stocks&fromdate=2016-07-26&todate=2026-07-26&limit=5000
KO,2022-08-01,64.09,65.04,64.03,64.52,12831540,,https://api.nasdaq.com/api/quote/KO/historical?assetclass=stocks&fromdate=2016-07-26&todate=2026-07-26&limit=5000
KO,2022-08-02,64.59,64.6,63.43,63.64,15241900,,https://api.nasdaq.com/api/quote/KO/historical?assetclass=stocks&fromdate=2016-07-26&todate=2026-07-26&limit=5000
KO,2022-08-03,63.55,64.095,63.31,63.92,11316990,,https://api.nasdaq.com/api/quote/KO/historical?assetclass=stocks&fromdate=2016-07-26&todate=2026-07-26&limit=5000
KO,2022-08-04,63.64,63.73,62.92,63.67,11795650,,https://api.nasdaq.com/api/quote/KO/historical?assetclass=stocks&fromdate=2016-07-26&todate=2026-07-26&limit=5000
KO,2022-08-05,63.63,63.63,62.67,63.38,10445390,,https://api.nasdaq.com/api/quote/KO/historical?assetclass=stocks&fromdate=2016-07-26&todate=2026-07-26&limit=5000
KO,2022-08-08,63.5,63.81,62.75,62.97,9166673,,https://api.nasdaq.com/api/quote/KO/historical?assetclass=stocks&fromdate=2016-07-26&todate=2026-07-26&limit=5000
KO,2022-08-09,63.18,63.31,62.85,63.05,7910877,,https://api.nasdaq.com/api/quote/KO/historical?assetclass=stocks&fromdate=2016-07-26&todate=2026-07-26&limit=5000
KO,2022-08-10,63.63,63.79,63.1,63.65,8857253,,https://api.nasdaq.com/api/quote/KO/historical?assetclass=stocks&fromdate=2016-07-26&todate=2026-07-26&limit=5000
KO,2022-08-11,63.69,63.99,63.08,63.22,8507766,,https://api.nasdaq.com/api/quote/KO/historical?assetclass=stocks&fromdate=2016-07-26&todate=2026-07-26&limit=5000
KO,2022-08-12,63.43,63.76,63.09,63.7,9489284,,https://api.nasdaq.com/api/quote/KO/historical?assetclass=stocks&fromdate=2016-07-26&todate=2026-07-26&limit=5000
KO,2022-08-15,63.64,64.69,63.57,64.5,9863332,,https://api.nasdaq.com/api/quote/KO/historical?assetclass=stocks&fromdate=2016-07-26&todate=2026-07-26&limit=5000
KO,2022-08-16,64.57,65.23,64.33,65.03,9569616,,https://api.nasdaq.com/api/quote/KO/historical?assetclass=stocks&fromdate=2016-07-26&todate=2026-07-26&limit=5000
KO,2022-08-17,64.83,65.22,64.76,64.88,8144045,,https://api.nasdaq.com/api/quote/KO/historical?assetclass=stocks&fromdate=2016-07-26&todate=2026-07-26&limit=5000
KO,2022-08-18,64.96,65.35,64.71,65.22,6532028,,https://api.nasdaq.com/api/quote/KO/historical?assetclass=stocks&fromdate=2016-07-26&todate=2026-07-26&limit=5000
KO,2022-08-19,65.205,65.47,64.96,65.17,8921062,,https://api.nasdaq.com/api/quote/KO/historical?assetclass=stocks&fromdate=2016-07-26&todate=2026-07-26&limit=5000
KO,2022-08-22,64.84,64.92,63.99,64.2,9087893,,https://api.nasdaq.com/api/quote/KO/historical?assetclass=stocks&fromdate=2016-07-26&todate=2026-07-26&limit=5000
KO,2022-08-23,63.82,64.37,63.68,64.27,8443752,,https://api.nasdaq.com/api/quote/KO/historical?assetclass=stocks&fromdate=2016-07-26&todate=2026-07-26&limit=5000
KO,2022-08-24,64.24,64.575,64.05,64.36,6844730,,https://api.nasdaq.com/api/quote/KO/historical?assetclass=stocks&fromdate=2016-07-26&todate=2026-07-26&limit=5000
KO,2022-08-25,64.36,64.705,63.9,64.67,7913869,,https://api.nasdaq.com/api/quote/KO/historical?assetclass=stocks&fromdate=2016-07-26&todate=2026-07-26&limit=5000
KO,2022-08-26,64.73,64.8,62.98,63.11,10089510,,https://api.nasdaq.com/api/quote/KO/historical?assetclass=stocks&fromdate=2016-07-26&todate=2026-07-26&limit=5000
KO,2022-08-29,62.685,63.025,62.41,62.73,9115904,,https://api.nasdaq.com/api/quote/KO/historical?assetclass=stocks&fromdate=2016-07-26&todate=2026-07-26&limit=5000
KO,2022-08-30,62.91,62.91,61.9937,62.15,8456837,,https://api.nasdaq.com/api/quote/KO/historical?assetclass=stocks&fromdate=2016-07-26&todate=2026-07-26&limit=5000
KO,2022-08-31,62.38,62.53,61.7,61.71,14633570,,https://api.nasdaq.com/api/quote/KO/historical?assetclass=stocks&fromdate=2016-07-26&todate=2026-07-26&limit=5000
KO,2022-09-01,61.58,62.04,61.29,62,14939680,,https://api.nasdaq.com/api/quote/KO/historical?assetclass=stocks&fromdate=2016-07-26&todate=2026-07-26&limit=5000
KO,2022-09-02,62.39,62.77,60.895,61.15,11809820,,https://api.nasdaq.com/api/quote/KO/historical?assetclass=stocks&fromdate=2016-07-26&todate=2026-07-26&limit=5000
KO,2022-09-06,61.29,61.965,60.99,61.18,12181820,,https://api.nasdaq.com/api/quote/KO/historical?assetclass=stocks&fromdate=2016-07-26&todate=2026-07-26&limit=5000
KO,2022-09-07,61.32,62.49,61.32,62.31,13290710,,https://api.nasdaq.com/api/quote/KO/historical?assetclass=stocks&fromdate=2016-07-26&todate=2026-07-26&limit=5000
KO,2022-09-08,62.08,62.3,61.34,62.12,17193460,,https://api.nasdaq.com/api/quote/KO/historical?assetclass=stocks&fromdate=2016-07-26&todate=2026-07-26&limit=5000
KO,2022-09-09,62.17,62.88,61.855,62.32,11855890,,https://api.nasdaq.com/api/quote/KO/historical?assetclass=stocks&fromdate=2016-07-26&todate=2026-07-26&limit=5000
KO,2022-09-12,62.43,62.81,62.27,62.5,13026940,,https://api.nasdaq.com/api/quote/KO/historical?assetclass=stocks&fromdate=2016-07-26&todate=2026-07-26&limit=5000
KO,2022-09-13,62.2,62.22,60.28,60.47,18532830,,https://api.nasdaq.com/api/quote/KO/historical?assetclass=stocks&fromdate=2016-07-26&todate=2026-07-26&limit=5000
KO,2022-09-14,60.64,61.08,60.44,60.79,12881590,,https://api.nasdaq.com/api/quote/KO/historical?assetclass=stocks&fromdate=2016-07-26&todate=2026-07-26&limit=5000
KO,2022-09-15,60.4,60.4,59.36,59.53,11451930,,https://api.nasdaq.com/api/quote/KO/historical?assetclass=stocks&fromdate=2016-07-26&todate=2026-07-26&limit=5000
KO,2022-09-16,59.66,59.795,59.11,59.54,20493540,,https://api.nasdaq.com/api/quote/KO/historical?assetclass=stocks&fromdate=2016-07-26&todate=2026-07-26&limit=5000
KO,2022-09-19,59.39,60.1,59.225,59.99,12596250,,https://api.nasdaq.com/api/quote/KO/historical?assetclass=stocks&fromdate=2016-07-26&todate=2026-07-26&limit=5000
KO,2022-09-20,59.68,60.03,59.315,59.9,11984610,,https://api.nasdaq.com/api/quote/KO/historical?assetclass=stocks&fromdate=2016-07-26&todate=2026-07-26&limit=5000
KO,2022-09-21,60.14,60.7,59.39,59.4,14165340,,https://api.nasdaq.com/api/quote/KO/historical?assetclass=stocks&fromdate=2016-07-26&todate=2026-07-26&limit=5000
KO,2022-09-22,59.55,59.73,59.2,59.26,11657600,,https://api.nasdaq.com/api/quote/KO/historical?assetclass=stocks&fromdate=2016-07-26&todate=2026-07-26&limit=5000
KO,2022-09-23,58.96,59.1,58,58.6,14824050,,https://api.nasdaq.com/api/quote/KO/historical?assetclass=stocks&fromdate=2016-07-26&todate=2026-07-26&limit=5000
KO,2022-09-26,58.49,58.57,57.685,57.87,18670050,,https://api.nasdaq.com/api/quote/KO/historical?assetclass=stocks&fromdate=2016-07-26&todate=2026-07-26&limit=5000
KO,2022-09-27,58.08,58.37,56.31,56.38,23829350,,https://api.nasdaq.com/api/quote/KO/historical?assetclass=stocks&fromdate=2016-07-26&todate=2026-07-26&limit=5000
KO,2022-09-28,56.66,57.25,55.91,56.98,21480150,,https://api.nasdaq.com/api/quote/KO/historical?assetclass=stocks&fromdate=2016-07-26&todate=2026-07-26&limit=5000
KO,2022-09-29,57.09,57.29,56,56.57,14570700,,https://api.nasdaq.com/api/quote/KO/historical?assetclass=stocks&fromdate=2016-07-26&todate=2026-07-26&limit=5000
KO,2022-09-30,56.87,57.13,56,56.02,16124620,,https://api.nasdaq.com/api/quote/KO/historical?assetclass=stocks&fromdate=2016-07-26&todate=2026-07-26&limit=5000
KO,2022-10-03,56.36,56.85,56.06,56.65,16277620,,https://api.nasdaq.com/api/quote/KO/historical?assetclass=stocks&fromdate=2016-07-26&todate=2026-07-26&limit=5000
KO,2022-10-04,56.95,57.81,56.46,56.78,18861430,,https://api.nasdaq.com/api/quote/KO/historical?assetclass=stocks&fromdate=2016-07-26&todate=2026-07-26&limit=5000
KO,2022-10-05,56.5,56.65,55.51,56.24,14324850,,https://api.nasdaq.com/api/quote/KO/historical?assetclass=stocks&fromdate=2016-07-26&todate=2026-07-26&limit=5000
KO,2022-10-06,56,56.1,54.87,55.03,17192840,,https://api.nasdaq.com/api/quote/KO/historical?assetclass=stocks&fromdate=2016-07-26&todate=2026-07-26&limit=5000
KO,2022-10-07,54.99,55.09,54.25,54.51,11479800,,https://api.nasdaq.com/api/quote/KO/historical?assetclass=stocks&fromdate=2016-07-26&todate=2026-07-26&limit=5000
KO,2022-10-10,54.6,54.96,54.015,54.39,10239120,,https://api.nasdaq.com/api/quote/KO/historical?assetclass=stocks&fromdate=2016-07-26&todate=2026-07-26&limit=5000
KO,2022-10-11,54.46,55.22,54.24,54.48,14303920,,https://api.nasdaq.com/api/quote/KO/historical?assetclass=stocks&fromdate=2016-07-26&todate=2026-07-26&limit=5000
KO,2022-10-12,55.23,56.0365,55.04,55.14,18377450,,https://api.nasdaq.com/api/quote/KO/historical?assetclass=stocks&fromdate=2016-07-26&todate=2026-07-26&limit=5000
KO,2022-10-13,54.48,56.08,54.26,55.87,16220720,,https://api.nasdaq.com/api/quote/KO/historical?assetclass=stocks&fromdate=2016-07-26&todate=2026-07-26&limit=5000
KO,2022-10-14,56.29,56.47,54.94,54.98,16001400,,https://api.nasdaq.com/api/quote/KO/historical?assetclass=stocks&fromdate=2016-07-26&todate=2026-07-26&limit=5000
KO,2022-10-17,55.63,56.215,55.57,55.69,13721430,,https://api.nasdaq.com/api/quote/KO/historical?assetclass=stocks&fromdate=2016-07-26&todate=2026-07-26&limit=5000
KO,2022-10-18,56.31,56.78,56.1009,56.44,11823120,,https://api.nasdaq.com/api/quote/KO/historical?assetclass=stocks&fromdate=2016-07-26&todate=2026-07-26&limit=5000
KO,2022-10-19,56.31,56.54,55.73,55.96,10182290,,https://api.nasdaq.com/api/quote/KO/historical?assetclass=stocks&fromdate=2016-07-26&todate=2026-07-26&limit=5000
KO,2022-10-20,55.77,55.92,54.96,55.08,16905150,,https://api.nasdaq.com/api/quote/KO/historical?assetclass=stocks&fromdate=2016-07-26&todate=2026-07-26&limit=5000
KO,2022-10-21,55,56.105,54.985,55.96,15034050,,https://api.nasdaq.com/api/quote/KO/historical?assetclass=stocks&fromdate=2016-07-26&todate=2026-07-26&limit=5000
KO,2022-10-24,56.64,57.73,56.57,57.57,17416680,,https://api.nasdaq.com/api/quote/KO/historical?assetclass=stocks&fromdate=2016-07-26&todate=2026-07-26&limit=5000
KO,2022-10-25,59.04,59.11,57.75,58.95,28829930,,https://api.nasdaq.com/api/quote/KO/historical?assetclass=stocks&fromdate=2016-07-26&todate=2026-07-26&limit=5000
KO,2022-10-26,59.01,59.78,58.86,59.39,15841370,,https://api.nasdaq.com/api/quote/KO/historical?assetclass=stocks&fromdate=2016-07-26&todate=2026-07-26&limit=5000
KO,2022-10-27,59.77,59.84,59.375,59.53,16026120,,https://api.nasdaq.com/api/quote/KO/historical?assetclass=stocks&fromdate=2016-07-26&todate=2026-07-26&limit=5000
KO,2022-10-28,59.57,60.91,59.47,60.76,12888860,,https://api.nasdaq.com/api/quote/KO/historical?assetclass=stocks&fromdate=2016-07-26&todate=2026-07-26&limit=5000
KO,2022-10-31,60.51,60.57,59.67,59.85,14016380,,https://api.nasdaq.com/api/quote/KO/historical?assetclass=stocks&fromdate=2016-07-26&todate=2026-07-26&limit=5000
KO,2022-11-01,60.03,60.29,59.37,59.64,10659460,,https://api.nasdaq.com/api/quote/KO/historical?assetclass=stocks&fromdate=2016-07-26&todate=2026-07-26&limit=5000
KO,2022-11-02,59.64,60.23,58.77,58.81,14551130,,https://api.nasdaq.com/api/quote/KO/historical?assetclass=stocks&fromdate=2016-07-26&todate=2026-07-26&limit=5000
KO,2022-11-03,58.11,58.9972,58.1,58.78,9193970,,https://api.nasdaq.com/api/quote/KO/historical?assetclass=stocks&fromdate=2016-07-26&todate=2026-07-26&limit=5000
KO,2022-11-04,59.3,59.585,58.56,59.26,9726126,,https://api.nasdaq.com/api/quote/KO/historical?assetclass=stocks&fromdate=2016-07-26&todate=2026-07-26&limit=5000
KO,2022-11-07,59.26,59.77,59.24,59.49,8849704,,https://api.nasdaq.com/api/quote/KO/historical?assetclass=stocks&fromdate=2016-07-26&todate=2026-07-26&limit=5000
KO,2022-11-08,59.75,59.79,58.94,59.6,10081650,,https://api.nasdaq.com/api/quote/KO/historical?assetclass=stocks&fromdate=2016-07-26&todate=2026-07-26&limit=5000
KO,2022-11-09,59.59,59.64,58.751,58.77,10115160,,https://api.nasdaq.com/api/quote/KO/historical?assetclass=stocks&fromdate=2016-07-26&todate=2026-07-26&limit=5000
KO,2022-11-10,60.25,61.04,59.68,60.88,16804850,,https://api.nasdaq.com/api/quote/KO/historical?assetclass=stocks&fromdate=2016-07-26&todate=2026-07-26&limit=5000
KO,2022-11-11,61.37,61.45,60.21,61.32,18972080,,https://api.nasdaq.com/api/quote/KO/historical?assetclass=stocks&fromdate=2016-07-26&todate=2026-07-26&limit=5000
KO,2022-11-14,61.32,61.715,60.71,60.73,16361030,,https://api.nasdaq.com/api/quote/KO/historical?assetclass=stocks&fromdate=2016-07-26&todate=2026-07-26&limit=5000
KO,2022-11-15,61.13,61.45,60,60.63,13295840,,https://api.nasdaq.com/api/quote/KO/historical?assetclass=stocks&fromdate=2016-07-26&todate=2026-07-26&limit=5000
KO,2022-11-16,60.79,61.03,60.285,60.52,14199490,,https://api.nasdaq.com/api/quote/KO/historical?assetclass=stocks&fromdate=2016-07-26&todate=2026-07-26&limit=5000
KO,2022-11-17,60.19,60.74,60.13,60.71,11220300,,https://api.nasdaq.com/api/quote/KO/historical?assetclass=stocks&fromdate=2016-07-26&todate=2026-07-26&limit=5000
KO,2022-11-18,60.99,61.37,60.8,61.14,10415640,,https://api.nasdaq.com/api/quote/KO/historical?assetclass=stocks&fromdate=2016-07-26&todate=2026-07-26&limit=5000
KO,2022-11-21,61.41,62.21,61.2,62.08,15399350,,https://api.nasdaq.com/api/quote/KO/historical?assetclass=stocks&fromdate=2016-07-26&todate=2026-07-26&limit=5000
KO,2022-11-22,62.47,62.5,62.0538,62.35,12319640,,https://api.nasdaq.com/api/quote/KO/historical?assetclass=stocks&fromdate=2016-07-26&todate=2026-07-26&limit=5000
KO,2022-11-23,62.49,62.79,62.3008,62.63,8990385,,https://api.nasdaq.com/api/quote/KO/historical?assetclass=stocks&fromdate=2016-07-26&todate=2026-07-26&limit=5000
KO,2022-11-25,62.73,62.81,62.38,62.69,5165499,,https://api.nasdaq.com/api/quote/KO/historical?assetclass=stocks&fromdate=2016-07-26&todate=2026-07-26&limit=5000
KO,2022-11-28,62.69,63.1,62.56,62.7,12268000,,https://api.nasdaq.com/api/quote/KO/historical?assetclass=stocks&fromdate=2016-07-26&todate=2026-07-26&limit=5000
KO,2022-11-29,62.52,62.57,61.98,62.48,10969560,,https://api.nasdaq.com/api/quote/KO/historical?assetclass=stocks&fromdate=2016-07-26&todate=2026-07-26&limit=5000
KO,2022-11-30,62.01,63.68,61.75,63.61,30433940,,https://api.nasdaq.com/api/quote/KO/historical?assetclass=stocks&fromdate=2016-07-26&todate=2026-07-26&limit=5000
KO,2022-12-01,63.61,64.11,63.43,63.79,12001360,,https://api.nasdaq.com/api/quote/KO/historical?assetclass=stocks&fromdate=2016-07-26&todate=2026-07-26&limit=5000
KO,2022-12-02,63.61,64.52,63.4,64.35,13643450,,https://api.nasdaq.com/api/quote/KO/historical?assetclass=stocks&fromdate=2016-07-26&todate=2026-07-26&limit=5000
KO,2022-12-05,63.41,63.795,63.26,63.47,9185090,,https://api.nasdaq.com/api/quote/KO/historical?assetclass=stocks&fromdate=2016-07-26&todate=2026-07-26&limit=5000
KO,2022-12-06,63.52,63.88,63.225,63.44,10099530,,https://api.nasdaq.com/api/quote/KO/historical?assetclass=stocks&fromdate=2016-07-26&todate=2026-07-26&limit=5000
KO,2022-12-07,63.45,63.72,63.25,63.54,12307610,,https://api.nasdaq.com/api/quote/KO/historical?assetclass=stocks&fromdate=2016-07-26&todate=2026-07-26&limit=5000
KO,2022-12-08,63.6,63.85,63.345,63.81,9946173,,https://api.nasdaq.com/api/quote/KO/historical?assetclass=stocks&fromdate=2016-07-26&todate=2026-07-26&limit=5000
KO,2022-12-09,63.61,63.84,63.09,63.14,13914860,,https://api.nasdaq.com/api/quote/KO/historical?assetclass=stocks&fromdate=2016-07-26&todate=2026-07-26&limit=5000
KO,2022-12-12,63.3,64.005,63.01,63.97,11647900,,https://api.nasdaq.com/api/quote/KO/historical?assetclass=stocks&fromdate=2016-07-26&todate=2026-07-26&limit=5000
KO,2022-12-13,64.59,64.7,63.8,63.99,17521550,,https://api.nasdaq.com/api/quote/KO/historical?assetclass=stocks&fromdate=2016-07-26&todate=2026-07-26&limit=5000
KO,2022-12-14,64.19,64.65,63.57,63.99,12826650,,https://api.nasdaq.com/api/quote/KO/historical?assetclass=stocks&fromdate=2016-07-26&todate=2026-07-26&limit=5000
KO,2022-12-15,63.59,63.89,62.49,63.11,12213290,,https://api.nasdaq.com/api/quote/KO/historical?assetclass=stocks&fromdate=2016-07-26&todate=2026-07-26&limit=5000
KO,2022-12-16,62.75,63.14,62.325,62.75,33631530,,https://api.nasdaq.com/api/quote/KO/historical?assetclass=stocks&fromdate=2016-07-26&todate=2026-07-26&limit=5000
KO,2022-12-19,62.83,63.405,62.47,62.84,10919730,,https://api.nasdaq.com/api/quote/KO/historical?assetclass=stocks&fromdate=2016-07-26&todate=2026-07-26&limit=5000
KO,2022-12-20,62.822,63.15,62.75,62.79,10286480,,https://api.nasdaq.com/api/quote/KO/historical?assetclass=stocks&fromdate=2016-07-26&todate=2026-07-26&limit=5000
KO,2022-12-21,63.07,64.05,63.07,63.8,10411290,,https://api.nasdaq.com/api/quote/KO/historical?assetclass=stocks&fromdate=2016-07-26&todate=2026-07-26&limit=5000
KO,2022-12-22,63.42,63.59,62.645,63.34,9668107,,https://api.nasdaq.com/api/quote/KO/historical?assetclass=stocks&fromdate=2016-07-26&todate=2026-07-26&limit=5000
KO,2022-12-23,63.5,63.87,63.2,63.82,6463261,,https://api.nasdaq.com/api/quote/KO/historical?assetclass=stocks&fromdate=2016-07-26&todate=2026-07-26&limit=5000
KO,2022-12-27,63.93,64.29,63.71,64.21,7320717,,https://api.nasdaq.com/api/quote/KO/historical?assetclass=stocks&fromdate=2016-07-26&todate=2026-07-26&limit=5000
KO,2022-12-28,64.46,64.65,63.485,63.57,7159417,,https://api.nasdaq.com/api/quote/KO/historical?assetclass=stocks&fromdate=2016-07-26&todate=2026-07-26&limit=5000
KO,2022-12-29,63.8,64.15,63.7,63.95,7169256,,https://api.nasdaq.com/api/quote/KO/historical?assetclass=stocks&fromdate=2016-07-26&todate=2026-07-26&limit=5000
KO,2022-12-30,63.92,63.92,63.17,63.61,7650228,,https://api.nasdaq.com/api/quote/KO/historical?assetclass=stocks&fromdate=2016-07-26&todate=2026-07-26&limit=5000
KO,2023-01-03,63.56,63.56,62.175,62.95,12180510,,https://api.nasdaq.com/api/quote/KO/historical?assetclass=stocks&fromdate=2016-07-26&todate=2026-07-26&limit=5000
KO,2023-01-04,63.15,63.3294,62.511,62.92,13387920,,https://api.nasdaq.com/api/quote/KO/historical?assetclass=stocks&fromdate=2016-07-26&todate=2026-07-26&limit=5000
KO,2023-01-05,62.6,62.8,62.08,62.2,9814674,,https://api.nasdaq.com/api/quote/KO/historical?assetclass=stocks&fromdate=2016-07-26&todate=2026-07-26&limit=5000
KO,2023-01-06,62.91,63.67,62.58,63.4,9989986,,https://api.nasdaq.com/api/quote/KO/historical?assetclass=stocks&fromdate=2016-07-26&todate=2026-07-26&limit=5000
KO,2023-01-09,63.3,63.72,62.575,62.61,9442623,,https://api.nasdaq.com/api/quote/KO/historical?assetclass=stocks&fromdate=2016-07-26&todate=2026-07-26&limit=5000
KO,2023-01-10,62.6,62.73,61.92,62.13,10134610,,https://api.nasdaq.com/api/quote/KO/historical?assetclass=stocks&fromdate=2016-07-26&todate=2026-07-26&limit=5000
KO,2023-01-11,62.38,62.56,61.411,62.01,10823000,,https://api.nasdaq.com/api/quote/KO/historical?assetclass=stocks&fromdate=2016-07-26&todate=2026-07-26&limit=5000
KO,2023-01-12,62.11,62.18,60.97,61.21,13907330,,https://api.nasdaq.com/api/quote/KO/historical?assetclass=stocks&fromdate=2016-07-26&todate=2026-07-26&limit=5000
KO,2023-01-13,60.7,61.46,60.585,61.43,13986360,,https://api.nasdaq.com/api/quote/KO/historical?assetclass=stocks&fromdate=2016-07-26&todate=2026-07-26&limit=5000
KO,2023-01-17,61.73,62.38,61.56,61.68,18327780,,https://api.nasdaq.com/api/quote/KO/historical?assetclass=stocks&fromdate=2016-07-26&todate=2026-07-26&limit=5000
KO,2023-01-18,61.51,61.59,59.6817,59.81,19679440,,https://api.nasdaq.com/api/quote/KO/historical?assetclass=stocks&fromdate=2016-07-26&todate=2026-07-26&limit=5000
KO,2023-01-19,59.725,60.64,59.705,59.72,14894460,,https://api.nasdaq.com/api/quote/KO/historical?assetclass=stocks&fromdate=2016-07-26&todate=2026-07-26&limit=5000
KO,2023-01-20,59.72,60.09,59.4,60.08,14237700,,https://api.nasdaq.com/api/quote/KO/historical?assetclass=stocks&fromdate=2016-07-26&todate=2026-07-26&limit=5000
KO,2023-01-23,60.28,60.565,60.05,60.23,12613430,,https://api.nasdaq.com/api/quote/KO/historical?assetclass=stocks&fromdate=2016-07-26&todate=2026-07-26&limit=5000
KO,2023-01-24,60.08,63.26,59.8,60.55,10103310,,https://api.nasdaq.com/api/quote/KO/historical?assetclass=stocks&fromdate=2016-07-26&todate=2026-07-26&limit=5000
KO,2023-01-25,60.2,60.94,59.885,60.93,11265840,,https://api.nasdaq.com/api/quote/KO/historical?assetclass=stocks&fromdate=2016-07-26&todate=2026-07-26&limit=5000
KO,2023-01-26,60.81,61.095,60.57,60.81,11884830,,https://api.nasdaq.com/api/quote/KO/historical?assetclass=stocks&fromdate=2016-07-26&todate=2026-07-26&limit=5000
KO,2023-01-27,60.84,60.96,60.37,60.49,14087040,,https://api.nasdaq.com/api/quote/KO/historical?assetclass=stocks&fromdate=2016-07-26&todate=2026-07-26&limit=5000
KO,2023-01-30,60.54,61.17,60.46,60.64,15632010,,https://api.nasdaq.com/api/quote/KO/historical?assetclass=stocks&fromdate=2016-07-26&todate=2026-07-26&limit=5000
KO,2023-01-31,60.98,61.34,60.51,61.32,14344380,,https://api.nasdaq.com/api/quote/KO/historical?assetclass=stocks&fromdate=2016-07-26&todate=2026-07-26&limit=5000
KO,2023-02-01,61.14,61.58,60.62,61.33,12535440,,https://api.nasdaq.com/api/quote/KO/historical?assetclass=stocks&fromdate=2016-07-26&todate=2026-07-26&limit=5000
KO,2023-02-02,60.8,61.02,59.91,60.28,16947220,,https://api.nasdaq.com/api/quote/KO/historical?assetclass=stocks&fromdate=2016-07-26&todate=2026-07-26&limit=5000
KO,2023-02-03,60.35,60.42,59.23,59.83,15404440,,https://api.nasdaq.com/api/quote/KO/historical?assetclass=stocks&fromdate=2016-07-26&todate=2026-07-26&limit=5000
KO,2023-02-06,59.79,60.34,59.72,60.17,11330900,,https://api.nasdaq.com/api/quote/KO/historical?assetclass=stocks&fromdate=2016-07-26&todate=2026-07-26&limit=5000
KO,2023-02-07,59.67,60.24,59.535,60.07,14922740,,https://api.nasdaq.com/api/quote/KO/historical?assetclass=stocks&fromdate=2016-07-26&todate=2026-07-26&limit=5000
KO,2023-02-08,59.92,59.92,59.59,59.72,11012020,,https://api.nasdaq.com/api/quote/KO/historical?assetclass=stocks&fromdate=2016-07-26&todate=2026-07-26&limit=5000
KO,2023-02-09,60.15,60.32,59.595,59.62,12515310,,https://api.nasdaq.com/api/quote/KO/historical?assetclass=stocks&fromdate=2016-07-26&todate=2026-07-26&limit=5000
KO,2023-02-10,59.72,59.9,58.88,59.62,14420660,,https://api.nasdaq.com/api/quote/KO/historical?assetclass=stocks&fromdate=2016-07-26&todate=2026-07-26&limit=5000
KO,2023-02-13,59.9,60.76,59.73,60.6,16191790,,https://api.nasdaq.com/api/quote/KO/historical?assetclass=stocks&fromdate=2016-07-26&todate=2026-07-26&limit=5000
KO,2023-02-14,60.21,60.9,59.56,59.59,20505680,,https://api.nasdaq.com/api/quote/KO/historical?assetclass=stocks&fromdate=2016-07-26&todate=2026-07-26&limit=5000
KO,2023-02-15,59.9,59.93,59.225,59.59,13172700,,https://api.nasdaq.com/api/quote/KO/historical?assetclass=stocks&fromdate=2016-07-26&todate=2026-07-26&limit=5000
KO,2023-02-16,59.23,59.82,58.95,59.22,16538280,,https://api.nasdaq.com/api/quote/KO/historical?assetclass=stocks&fromdate=2016-07-26&todate=2026-07-26&limit=5000
KO,2023-02-17,59.5,60.23,59.38,60.12,16814650,,https://api.nasdaq.com/api/quote/KO/historical?assetclass=stocks&fromdate=2016-07-26&todate=2026-07-26&limit=5000
KO,2023-02-21,59.99,60.23,59.72,59.8,14278310,,https://api.nasdaq.com/api/quote/KO/historical?assetclass=stocks&fromdate=2016-07-26&todate=2026-07-26&limit=5000
KO,2023-02-22,59.85,60.36,59.7539,59.98,12409560,,https://api.nasdaq.com/api/quote/KO/historical?assetclass=stocks&fromdate=2016-07-26&todate=2026-07-26&limit=5000
KO,2023-02-23,60.01,60.42,59.81,60.09,12222830,,https://api.nasdaq.com/api/quote/KO/historical?assetclass=stocks&fromdate=2016-07-26&todate=2026-07-26&limit=5000
KO,2023-02-24,59.68,59.91,59.385,59.84,9736249,,https://api.nasdaq.com/api/quote/KO/historical?assetclass=stocks&fromdate=2016-07-26&todate=2026-07-26&limit=5000
KO,2023-02-27,60.18,60.3,59.74,59.82,8849821,,https://api.nasdaq.com/api/quote/KO/historical?assetclass=stocks&fromdate=2016-07-26&todate=2026-07-26&limit=5000
KO,2023-02-28,59.7,59.7,59.14,59.51,16082220,,https://api.nasdaq.com/api/quote/KO/historical?assetclass=stocks&fromdate=2016-07-26&todate=2026-07-26&limit=5000
KO,2023-03-01,59.13,59.18,58.37,58.86,13275810,,https://api.nasdaq.com/api/quote/KO/historical?assetclass=stocks&fromdate=2016-07-26&todate=2026-07-26&limit=5000
KO,2023-03-02,58.84,59.78,58.8,59.72,11772110,,https://api.nasdaq.com/api/quote/KO/historical?assetclass=stocks&fromdate=2016-07-26&todate=2026-07-26&limit=5000
KO,2023-03-03,59.55,59.68,59.205,59.44,13101770,,https://api.nasdaq.com/api/quote/KO/historical?assetclass=stocks&fromdate=2016-07-26&todate=2026-07-26&limit=5000
KO,2023-03-06,59.26,60.375,59.215,60.36,16282680,,https://api.nasdaq.com/api/quote/KO/historical?assetclass=stocks&fromdate=2016-07-26&todate=2026-07-26&limit=5000
KO,2023-03-07,60.49,60.57,59.75,60.01,13961200,,https://api.nasdaq.com/api/quote/KO/historical?assetclass=stocks&fromdate=2016-07-26&todate=2026-07-26&limit=5000
KO,2023-03-08,60.04,60.325,59.725,60.04,10851580,,https://api.nasdaq.com/api/quote/KO/historical?assetclass=stocks&fromdate=2016-07-26&todate=2026-07-26&limit=5000
KO,2023-03-09,60.54,60.54,59.275,59.46,13900860,,https://api.nasdaq.com/api/quote/KO/historical?assetclass=stocks&fromdate=2016-07-26&todate=2026-07-26&limit=5000
KO,2023-03-10,59.7,60.14,58.99,59.21,13745840,,https://api.nasdaq.com/api/quote/KO/historical?assetclass=stocks&fromdate=2016-07-26&todate=2026-07-26&limit=5000
KO,2023-03-13,59.29,60.87,59.25,59.81,21956010,,https://api.nasdaq.com/api/quote/KO/historical?assetclass=stocks&fromdate=2016-07-26&todate=2026-07-26&limit=5000
KO,2023-03-14,60,60.455,59.35,60.03,19496900,,https://api.nasdaq.com/api/quote/KO/historical?assetclass=stocks&fromdate=2016-07-26&todate=2026-07-26&limit=5000
KO,2023-03-15,59.43,60.475,59.24,60.43,21089910,,https://api.nasdaq.com/api/quote/KO/historical?assetclass=stocks&fromdate=2016-07-26&todate=2026-07-26&limit=5000
KO,2023-03-16,60.09,60.335,59.7,60.3,15658970,,https://api.nasdaq.com/api/quote/KO/historical?assetclass=stocks&fromdate=2016-07-26&todate=2026-07-26&limit=5000
KO,2023-03-17,60.31,60.35,59.635,60.02,27351230,,https://api.nasdaq.com/api/quote/KO/historical?assetclass=stocks&fromdate=2016-07-26&todate=2026-07-26&limit=5000
KO,2023-03-20,60.16,60.6,59.97,60.6,12904120,,https://api.nasdaq.com/api/quote/KO/historical?assetclass=stocks&fromdate=2016-07-26&todate=2026-07-26&limit=5000
KO,2023-03-21,60.57,60.75,59.88,60.32,13716480,,https://api.nasdaq.com/api/quote/KO/historical?assetclass=stocks&fromdate=2016-07-26&todate=2026-07-26&limit=5000
KO,2023-03-22,60.4,60.87,60.03,60.05,10494210,,https://api.nasdaq.com/api/quote/KO/historical?assetclass=stocks&fromdate=2016-07-26&todate=2026-07-26&limit=5000
KO,2023-03-23,60.09,60.39,59.72,59.92,15479000,,https://api.nasdaq.com/api/quote/KO/historical?assetclass=stocks&fromdate=2016-07-26&todate=2026-07-26&limit=5000
KO,2023-03-24,60.25,61.015,59.91,60.9,12977610,,https://api.nasdaq.com/api/quote/KO/historical?assetclass=stocks&fromdate=2016-07-26&todate=2026-07-26&limit=5000
KO,2023-03-27,61.14,61.48,60.95,61.35,12777400,,https://api.nasdaq.com/api/quote/KO/historical?assetclass=stocks&fromdate=2016-07-26&todate=2026-07-26&limit=5000
KO,2023-03-28,61.39,61.74,61.27,61.42,10925740,,https://api.nasdaq.com/api/quote/KO/historical?assetclass=stocks&fromdate=2016-07-26&todate=2026-07-26&limit=5000
KO,2023-03-29,61.72,61.95,61.59,61.86,9441019,,https://api.nasdaq.com/api/quote/KO/historical?assetclass=stocks&fromdate=2016-07-26&todate=2026-07-26&limit=5000
KO,2023-03-30,61.88,62.09,61.66,61.85,9870659,,https://api.nasdaq.com/api/quote/KO/historical?assetclass=stocks&fromdate=2016-07-26&todate=2026-07-26&limit=5000
KO,2023-03-31,62.06,62.25,61.87,62.03,14440890,,https://api.nasdaq.com/api/quote/KO/historical?assetclass=stocks&fromdate=2016-07-26&todate=2026-07-26&limit=5000
KO,2023-04-03,62.3,62.52,61.86,62.4,12300660,,https://api.nasdaq.com/api/quote/KO/historical?assetclass=stocks&fromdate=2016-07-26&todate=2026-07-26&limit=5000
KO,2023-04-04,62.39,62.74,62.075,62.21,11433400,,https://api.nasdaq.com/api/quote/KO/historical?assetclass=stocks&fromdate=2016-07-26&todate=2026-07-26&limit=5000
KO,2023-04-05,62.53,63.02,62.5,62.8,12789550,,https://api.nasdaq.com/api/quote/KO/historical?assetclass=stocks&fromdate=2016-07-26&todate=2026-07-26&limit=5000
KO,2023-04-06,62.86,63.0399,62.38,62.84,9644204,,https://api.nasdaq.com/api/quote/KO/historical?assetclass=stocks&fromdate=2016-07-26&todate=2026-07-26&limit=5000
KO,2023-04-10,62.49,62.69,62.02,62.69,7952575,,https://api.nasdaq.com/api/quote/KO/historical?assetclass=stocks&fromdate=2016-07-26&todate=2026-07-26&limit=5000
KO,2023-04-11,62.65,62.71,62.4,62.58,9913049,,https://api.nasdaq.com/api/quote/KO/historical?assetclass=stocks&fromdate=2016-07-26&todate=2026-07-26&limit=5000
KO,2023-04-12,62.48,63.03,62.31,62.69,9593704,,https://api.nasdaq.com/api/quote/KO/historical?assetclass=stocks&fromdate=2016-07-26&todate=2026-07-26&limit=5000
KO,2023-04-13,62.76,63.16,62.48,63.15,9871424,,https://api.nasdaq.com/api/quote/KO/historical?assetclass=stocks&fromdate=2016-07-26&todate=2026-07-26&limit=5000
KO,2023-04-14,63.05,63.15,62.775,63.05,8946011,,https://api.nasdaq.com/api/quote/KO/historical?assetclass=stocks&fromdate=2016-07-26&todate=2026-07-26&limit=5000
KO,2023-04-17,63.32,63.53,63.1401,63.46,9452394,,https://api.nasdaq.com/api/quote/KO/historical?assetclass=stocks&fromdate=2016-07-26&todate=2026-07-26&limit=5000
KO,2023-04-18,63.51,63.6,63.19,63.56,9035679,,https://api.nasdaq.com/api/quote/KO/historical?assetclass=stocks&fromdate=2016-07-26&todate=2026-07-26&limit=5000
KO,2023-04-19,63.73,63.83,63.425,63.68,9769543,,https://api.nasdaq.com/api/quote/KO/historical?assetclass=stocks&fromdate=2016-07-26&todate=2026-07-26&limit=5000
KO,2023-04-20,63.63,64,63.44,63.96,10706390,,https://api.nasdaq.com/api/quote/KO/historical?assetclass=stocks&fromdate=2016-07-26&todate=2026-07-26&limit=5000
KO,2023-04-21,64,64.27,63.8,64.05,12931100,,https://api.nasdaq.com/api/quote/KO/historical?assetclass=stocks&fromdate=2016-07-26&todate=2026-07-26&limit=5000
KO,2023-04-24,64.75,64.99,63.6237,63.95,15532270,,https://api.nasdaq.com/api/quote/KO/historical?assetclass=stocks&fromdate=2016-07-26&todate=2026-07-26&limit=5000
KO,2023-04-25,64.17,64.17,63.63,63.85,12818860,,https://api.nasdaq.com/api/quote/KO/historical?assetclass=stocks&fromdate=2016-07-26&todate=2026-07-26&limit=5000
KO,2023-04-26,63.56,63.77,63.39,63.55,13179560,,https://api.nasdaq.com/api/quote/KO/historical?assetclass=stocks&fromdate=2016-07-26&todate=2026-07-26&limit=5000
KO,2023-04-27,63.53,63.76,63.1141,63.68,13795820,,https://api.nasdaq.com/api/quote/KO/historical?assetclass=stocks&fromdate=2016-07-26&todate=2026-07-26&limit=5000
KO,2023-04-28,63.61,64.16,63.48,64.15,13687620,,https://api.nasdaq.com/api/quote/KO/historical?assetclass=stocks&fromdate=2016-07-26&todate=2026-07-26&limit=5000
KO,2023-05-01,64.15,64.69,64.06,64.3,9091540,,https://api.nasdaq.com/api/quote/KO/historical?assetclass=stocks&fromdate=2016-07-26&todate=2026-07-26&limit=5000
KO,2023-05-02,64.14,64.14,63.27,64.01,10948420,,https://api.nasdaq.com/api/quote/KO/historical?assetclass=stocks&fromdate=2016-07-26&todate=2026-07-26&limit=5000
KO,2023-05-03,64.02,64.18,63.58,63.65,11084590,,https://api.nasdaq.com/api/quote/KO/historical?assetclass=stocks&fromdate=2016-07-26&todate=2026-07-26&limit=5000
KO,2023-05-04,63.74,63.93,63.51,63.72,11938310,,https://api.nasdaq.com/api/quote/KO/historical?assetclass=stocks&fromdate=2016-07-26&todate=2026-07-26&limit=5000
KO,2023-05-05,63.64,64.205,63.63,64.02,9039023,,https://api.nasdaq.com/api/quote/KO/historical?assetclass=stocks&fromdate=2016-07-26&todate=2026-07-26&limit=5000
KO,2023-05-08,63.81,64.055,63.61,63.92,7240719,,https://api.nasdaq.com/api/quote/KO/historical?assetclass=stocks&fromdate=2016-07-26&todate=2026-07-26&limit=5000
KO,2023-05-09,63.64,63.75,63.28,63.39,9067653,,https://api.nasdaq.com/api/quote/KO/historical?assetclass=stocks&fromdate=2016-07-26&todate=2026-07-26&limit=5000
KO,2023-05-10,63.32,63.64,62.99,63.5,10134030,,https://api.nasdaq.com/api/quote/KO/historical?assetclass=stocks&fromdate=2016-07-26&todate=2026-07-26&limit=5000
KO,2023-05-11,63.58,63.93,63.01,63.86,9581525,,https://api.nasdaq.com/api/quote/KO/historical?assetclass=stocks&fromdate=2016-07-26&todate=2026-07-26&limit=5000
KO,2023-05-12,63.86,64.19,63.7,64.11,8740752,,https://api.nasdaq.com/api/quote/KO/historical?assetclass=stocks&fromdate=2016-07-26&todate=2026-07-26&limit=5000
KO,2023-05-15,64.22,64.25,63.71,63.94,8149993,,https://api.nasdaq.com/api/quote/KO/historical?assetclass=stocks&fromdate=2016-07-26&todate=2026-07-26&limit=5000
KO,2023-05-16,63.895,63.895,63.16,63.22,9130361,,https://api.nasdaq.com/api/quote/KO/historical?assetclass=stocks&fromdate=2016-07-26&todate=2026-07-26&limit=5000
KO,2023-05-17,63.4,63.42,62.73,63.15,11582950,,https://api.nasdaq.com/api/quote/KO/historical?assetclass=stocks&fromdate=2016-07-26&todate=2026-07-26&limit=5000
KO,2023-05-18,63.01,63.04,62.57,62.8,13595050,,https://api.nasdaq.com/api/quote/KO/historical?assetclass=stocks&fromdate=2016-07-26&todate=2026-07-26&limit=5000
KO,2023-05-19,63.04,63.1,62.605,62.83,14251360,,https://api.nasdaq.com/api/quote/KO/historical?assetclass=stocks&fromdate=2016-07-26&todate=2026-07-26&limit=5000
KO,2023-05-22,62.785,62.865,61.44,61.51,15055370,,https://api.nasdaq.com/api/quote/KO/historical?assetclass=stocks&fromdate=2016-07-26&todate=2026-07-26&limit=5000
KO,2023-05-23,61.51,61.67,61.17,61.4,13932720,,https://api.nasdaq.com/api/quote/KO/historical?assetclass=stocks&fromdate=2016-07-26&todate=2026-07-26&limit=5000
KO,2023-05-24,61.38,61.43,60.72,60.88,11090130,,https://api.nasdaq.com/api/quote/KO/historical?assetclass=stocks&fromdate=2016-07-26&todate=2026-07-26&limit=5000
KO,2023-05-25,60.47,60.73,60.15,60.41,14463630,,https://api.nasdaq.com/api/quote/KO/historical?assetclass=stocks&fromdate=2016-07-26&todate=2026-07-26&limit=5000
KO,2023-05-26,60.45,60.64,60.11,60.26,12570280,,https://api.nasdaq.com/api/quote/KO/historical?assetclass=stocks&fromdate=2016-07-26&todate=2026-07-26&limit=5000
KO,2023-05-30,60.09,60.195,59.52,59.78,15634210,,https://api.nasdaq.com/api/quote/KO/historical?assetclass=stocks&fromdate=2016-07-26&todate=2026-07-26&limit=5000
KO,2023-05-31,59.92,60.28,59.365,59.66,59432170,,https://api.nasdaq.com/api/quote/KO/historical?assetclass=stocks&fromdate=2016-07-26&todate=2026-07-26&limit=5000
KO,2023-06-01,59.94,60.165,59.77,60,13402680,,https://api.nasdaq.com/api/quote/KO/historical?assetclass=stocks&fromdate=2016-07-26&todate=2026-07-26&limit=5000
KO,2023-06-02,60.27,61.32,60.08,61.16,15259850,,https://api.nasdaq.com/api/quote/KO/historical?assetclass=stocks&fromdate=2016-07-26&todate=2026-07-26&limit=5000
KO,2023-06-05,61,61.44,60.5548,60.75,12915650,,https://api.nasdaq.com/api/quote/KO/historical?assetclass=stocks&fromdate=2016-07-26&todate=2026-07-26&limit=5000
KO,2023-06-06,60.95,60.99,60.1244,60.31,10943520,,https://api.nasdaq.com/api/quote/KO/historical?assetclass=stocks&fromdate=2016-07-26&todate=2026-07-26&limit=5000
KO,2023-06-07,60.01,60.355,59.82,60.22,16817910,,https://api.nasdaq.com/api/quote/KO/historical?assetclass=stocks&fromdate=2016-07-26&todate=2026-07-26&limit=5000
KO,2023-06-08,60.13,60.405,59.98,60.37,15589980,,https://api.nasdaq.com/api/quote/KO/historical?assetclass=stocks&fromdate=2016-07-26&todate=2026-07-26&limit=5000
KO,2023-06-09,60.27,60.6667,60.17,60.47,12582570,,https://api.nasdaq.com/api/quote/KO/historical?assetclass=stocks&fromdate=2016-07-26&todate=2026-07-26&limit=5000
KO,2023-06-12,60.59,60.65,60.02,60.21,14220960,,https://api.nasdaq.com/api/quote/KO/historical?assetclass=stocks&fromdate=2016-07-26&todate=2026-07-26&limit=5000
KO,2023-06-13,60.21,60.67,60.04,60.45,13397780,,https://api.nasdaq.com/api/quote/KO/historical?assetclass=stocks&fromdate=2016-07-26&todate=2026-07-26&limit=5000
KO,2023-06-14,60.73,61.08,60.6,60.86,14099680,,https://api.nasdaq.com/api/quote/KO/historical?assetclass=stocks&fromdate=2016-07-26&todate=2026-07-26&limit=5000
KO,2023-06-15,60.61,61.2985,60.34,61.23,15271390,,https://api.nasdaq.com/api/quote/KO/historical?assetclass=stocks&fromdate=2016-07-26&todate=2026-07-26&limit=5000
KO,2023-06-16,61.6,62.17,61.48,61.67,26737980,,https://api.nasdaq.com/api/quote/KO/historical?assetclass=stocks&fromdate=2016-07-26&todate=2026-07-26&limit=5000
KO,2023-06-20,61.59,61.96,61.24,61.26,13973440,,https://api.nasdaq.com/api/quote/KO/historical?assetclass=stocks&fromdate=2016-07-26&todate=2026-07-26&limit=5000
KO,2023-06-21,61.31,61.7199,60.98,61.43,13948670,,https://api.nasdaq.com/api/quote/KO/historical?assetclass=stocks&fromdate=2016-07-26&todate=2026-07-26&limit=5000
KO,2023-06-22,61.81,62.1,61.585,61.85,15194160,,https://api.nasdaq.com/api/quote/KO/historical?assetclass=stocks&fromdate=2016-07-26&todate=2026-07-26&limit=5000
KO,2023-06-23,61.94,61.97,61.18,61.2,25112060,,https://api.nasdaq.com/api/quote/KO/historical?assetclass=stocks&fromdate=2016-07-26&todate=2026-07-26&limit=5000
KO,2023-06-26,61.205,61.29,60.39,61.22,12856070,,https://api.nasdaq.com/api/quote/KO/historical?assetclass=stocks&fromdate=2016-07-26&todate=2026-07-26&limit=5000
KO,2023-06-27,61.22,61.36,60.98,61.09,9068545,,https://api.nasdaq.com/api/quote/KO/historical?assetclass=stocks&fromdate=2016-07-26&todate=2026-07-26&limit=5000
KO,2023-06-28,60.88,61.04,60.4,60.52,11173180,,https://api.nasdaq.com/api/quote/KO/historical?assetclass=stocks&fromdate=2016-07-26&todate=2026-07-26&limit=5000
KO,2023-06-29,60.22,60.35,59.765,60.02,17142310,,https://api.nasdaq.com/api/quote/KO/historical?assetclass=stocks&fromdate=2016-07-26&todate=2026-07-26&limit=5000
KO,2023-06-30,60,60.35,59.87,60.22,19739190,,https://api.nasdaq.com/api/quote/KO/historical?assetclass=stocks&fromdate=2016-07-26&todate=2026-07-26&limit=5000
KO,2023-07-03,60.2,60.63,60.03,60.58,9694520,,https://api.nasdaq.com/api/quote/KO/historical?assetclass=stocks&fromdate=2016-07-26&todate=2026-07-26&limit=5000
KO,2023-07-05,60.28,61.1,60.16,61.03,14717680,,https://api.nasdaq.com/api/quote/KO/historical?assetclass=stocks&fromdate=2016-07-26&todate=2026-07-26&limit=5000
KO,2023-07-06,60.73,61.02,60.5,60.56,12604350,,https://api.nasdaq.com/api/quote/KO/historical?assetclass=stocks&fromdate=2016-07-26&todate=2026-07-26&limit=5000
KO,2023-07-07,60.31,60.495,59.73,59.76,14573960,,https://api.nasdaq.com/api/quote/KO/historical?assetclass=stocks&fromdate=2016-07-26&todate=2026-07-26&limit=5000
KO,2023-07-10,59.97,60.15,59.14,59.31,15480650,,https://api.nasdaq.com/api/quote/KO/historical?assetclass=stocks&fromdate=2016-07-26&todate=2026-07-26&limit=5000
KO,2023-07-11,59.46,59.56,58.84,59.52,15970130,,https://api.nasdaq.com/api/quote/KO/historical?assetclass=stocks&fromdate=2016-07-26&todate=2026-07-26&limit=5000
KO,2023-07-12,59.75,60.05,59.445,59.84,14241270,,https://api.nasdaq.com/api/quote/KO/historical?assetclass=stocks&fromdate=2016-07-26&todate=2026-07-26&limit=5000
KO,2023-07-13,60.12,60.46,59.98,60.35,11269750,,https://api.nasdaq.com/api/quote/KO/historical?assetclass=stocks&fromdate=2016-07-26&todate=2026-07-26&limit=5000
KO,2023-07-14,60.14,61.04,60.09,60.9,11634210,,https://api.nasdaq.com/api/quote/KO/historical?assetclass=stocks&fromdate=2016-07-26&todate=2026-07-26&limit=5000
KO,2023-07-17,60.76,61.1,60.49,60.81,10015420,,https://api.nasdaq.com/api/quote/KO/historical?assetclass=stocks&fromdate=2016-07-26&todate=2026-07-26&limit=5000
KO,2023-07-18,60.96,61.2488,60.41,60.57,11152930,,https://api.nasdaq.com/api/quote/KO/historical?assetclass=stocks&fromdate=2016-07-26&todate=2026-07-26&limit=5000
KO,2023-07-19,60.77,61.79,60.68,61.64,12936040,,https://api.nasdaq.com/api/quote/KO/historical?assetclass=stocks&fromdate=2016-07-26&todate=2026-07-26&limit=5000
KO,2023-07-20,61.68,62.41,61.67,62.39,11563020,,https://api.nasdaq.com/api/quote/KO/historical?assetclass=stocks&fromdate=2016-07-26&todate=2026-07-26&limit=5000
KO,2023-07-21,62.46,62.68,62.24,62.44,12815070,,https://api.nasdaq.com/api/quote/KO/historical?assetclass=stocks&fromdate=2016-07-26&todate=2026-07-26&limit=5000
KO,2023-07-24,62.42,62.81,62.4,62.46,10251140,,https://api.nasdaq.com/api/quote/KO/historical?assetclass=stocks&fromdate=2016-07-26&todate=2026-07-26&limit=5000
KO,2023-07-25,62.3,62.39,62.045,62.25,13422660,,https://api.nasdaq.com/api/quote/KO/historical?assetclass=stocks&fromdate=2016-07-26&todate=2026-07-26&limit=5000
KO,2023-07-26,61.86,63.17,61.39,63.05,17145520,,https://api.nasdaq.com/api/quote/KO/historical?assetclass=stocks&fromdate=2016-07-26&todate=2026-07-26&limit=5000
KO,2023-07-27,63.05,63.265,62.38,62.44,11517110,,https://api.nasdaq.com/api/quote/KO/historical?assetclass=stocks&fromdate=2016-07-26&todate=2026-07-26&limit=5000
KO,2023-07-28,62.585,62.77,62.2207,62.48,9723263,,https://api.nasdaq.com/api/quote/KO/historical?assetclass=stocks&fromdate=2016-07-26&todate=2026-07-26&limit=5000
KO,2023-07-31,62.45,62.45,61.73,61.93,15584500,,https://api.nasdaq.com/api/quote/KO/historical?assetclass=stocks&fromdate=2016-07-26&todate=2026-07-26&limit=5000
KO,2023-08-01,62.09,62.36,61.62,61.77,9283438,,https://api.nasdaq.com/api/quote/KO/historical?assetclass=stocks&fromdate=2016-07-26&todate=2026-07-26&limit=5000
KO,2023-08-02,61.56,62.585,61.56,61.96,11061080,,https://api.nasdaq.com/api/quote/KO/historical?assetclass=stocks&fromdate=2016-07-26&todate=2026-07-26&limit=5000
KO,2023-08-03,61.87,62.12,61.525,61.64,8039062,,https://api.nasdaq.com/api/quote/KO/historical?assetclass=stocks&fromdate=2016-07-26&todate=2026-07-26&limit=5000
KO,2023-08-04,61.68,61.89,60.62,60.71,9359298,,https://api.nasdaq.com/api/quote/KO/historical?assetclass=stocks&fromdate=2016-07-26&todate=2026-07-26&limit=5000
KO,2023-08-07,60.79,61.329,60.74,61.19,6982647,,https://api.nasdaq.com/api/quote/KO/historical?assetclass=stocks&fromdate=2016-07-26&todate=2026-07-26&limit=5000
KO,2023-08-08,61.19,61.35,60.62,60.92,7956064,,https://api.nasdaq.com/api/quote/KO/historical?assetclass=stocks&fromdate=2016-07-26&todate=2026-07-26&limit=5000
KO,2023-08-09,60.91,61.63,60.75,61.06,7904067,,https://api.nasdaq.com/api/quote/KO/historical?assetclass=stocks&fromdate=2016-07-26&todate=2026-07-26&limit=5000
KO,2023-08-10,61.35,61.73,60.79,60.92,7870314,,https://api.nasdaq.com/api/quote/KO/historical?assetclass=stocks&fromdate=2016-07-26&todate=2026-07-26&limit=5000
KO,2023-08-11,60.84,61.1982,60.69,61.17,8483912,,https://api.nasdaq.com/api/quote/KO/historical?assetclass=stocks&fromdate=2016-07-26&todate=2026-07-26&limit=5000
KO,2023-08-14,61.32,61.48,60.75,60.88,7176291,,https://api.nasdaq.com/api/quote/KO/historical?assetclass=stocks&fromdate=2016-07-26&todate=2026-07-26&limit=5000
KO,2023-08-15,60.69,60.8999,60.37,60.47,7187444,,https://api.nasdaq.com/api/quote/KO/historical?assetclass=stocks&fromdate=2016-07-26&todate=2026-07-26&limit=5000
KO,2023-08-16,60.54,60.82,60.4,60.48,8372266,,https://api.nasdaq.com/api/quote/KO/historical?assetclass=stocks&fromdate=2016-07-26&todate=2026-07-26&limit=5000
KO,2023-08-17,60.58,61.02,60.45,60.61,12873500,,https://api.nasdaq.com/api/quote/KO/historical?assetclass=stocks&fromdate=2016-07-26&todate=2026-07-26&limit=5000
KO,2023-08-18,60.54,61.085,60.37,60.95,11083770,,https://api.nasdaq.com/api/quote/KO/historical?assetclass=stocks&fromdate=2016-07-26&todate=2026-07-26&limit=5000
KO,2023-08-21,60.86,60.93,60.3206,60.43,8648519,,https://api.nasdaq.com/api/quote/KO/historical?assetclass=stocks&fromdate=2016-07-26&todate=2026-07-26&limit=5000
KO,2023-08-22,60.34,60.575,59.975,60.06,9412208,,https://api.nasdaq.com/api/quote/KO/historical?assetclass=stocks&fromdate=2016-07-26&todate=2026-07-26&limit=5000
KO,2023-08-23,60.2,60.435,60.16,60.27,7749490,,https://api.nasdaq.com/api/quote/KO/historical?assetclass=stocks&fromdate=2016-07-26&todate=2026-07-26&limit=5000
KO,2023-08-24,60.27,60.88,60.09,60.11,8955130,,https://api.nasdaq.com/api/quote/KO/historical?assetclass=stocks&fromdate=2016-07-26&todate=2026-07-26&limit=5000
KO,2023-08-25,60.41,60.57,60.01,60.39,7629222,,https://api.nasdaq.com/api/quote/KO/historical?assetclass=stocks&fromdate=2016-07-26&todate=2026-07-26&limit=5000
KO,2023-08-28,60.55,60.725,60.3692,60.56,6254255,,https://api.nasdaq.com/api/quote/KO/historical?assetclass=stocks&fromdate=2016-07-26&todate=2026-07-26&limit=5000
KO,2023-08-29,60.56,60.63,60.15,60.5,8189592,,https://api.nasdaq.com/api/quote/KO/historical?assetclass=stocks&fromdate=2016-07-26&todate=2026-07-26&limit=5000
KO,2023-08-30,60.64,60.74,60.2941,60.47,9447912,,https://api.nasdaq.com/api/quote/KO/historical?assetclass=stocks&fromdate=2016-07-26&todate=2026-07-26&limit=5000
KO,2023-08-31,60.3,60.47,59.805,59.83,14663460,,https://api.nasdaq.com/api/quote/KO/historical?assetclass=stocks&fromdate=2016-07-26&todate=2026-07-26&limit=5000
KO,2023-09-01,60,60.13,59.12,59.31,11262280,,https://api.nasdaq.com/api/quote/KO/historical?assetclass=stocks&fromdate=2016-07-26&todate=2026-07-26&limit=5000
KO,2023-09-05,59.25,59.32,58.67,58.82,12474640,,https://api.nasdaq.com/api/quote/KO/historical?assetclass=stocks&fromdate=2016-07-26&todate=2026-07-26&limit=5000
KO,2023-09-06,58.62,58.83,58.42,58.78,13923550,,https://api.nasdaq.com/api/quote/KO/historical?assetclass=stocks&fromdate=2016-07-26&todate=2026-07-26&limit=5000
KO,2023-09-07,58.95,59.16,58.3,58.33,17628590,,https://api.nasdaq.com/api/quote/KO/historical?assetclass=stocks&fromdate=2016-07-26&todate=2026-07-26&limit=5000
KO,2023-09-08,58.3,58.41,58.01,58.33,14332810,,https://api.nasdaq.com/api/quote/KO/historical?assetclass=stocks&fromdate=2016-07-26&todate=2026-07-26&limit=5000
KO,2023-09-11,58.4,58.99,58.225,58.88,14767420,,https://api.nasdaq.com/api/quote/KO/historical?assetclass=stocks&fromdate=2016-07-26&todate=2026-07-26&limit=5000
KO,2023-09-12,58.99,59,58.19,58.3,12292720,,https://api.nasdaq.com/api/quote/KO/historical?assetclass=stocks&fromdate=2016-07-26&todate=2026-07-26&limit=5000
KO,2023-09-13,58.4,58.68,58.34,58.44,12641370,,https://api.nasdaq.com/api/quote/KO/historical?assetclass=stocks&fromdate=2016-07-26&todate=2026-07-26&limit=5000
KO,2023-09-14,58.24,58.59,58.19,58.46,12311580,,https://api.nasdaq.com/api/quote/KO/historical?assetclass=stocks&fromdate=2016-07-26&todate=2026-07-26&limit=5000
KO,2023-09-15,58.41,58.635,57.75,57.94,55727510,,https://api.nasdaq.com/api/quote/KO/historical?assetclass=stocks&fromdate=2016-07-26&todate=2026-07-26&limit=5000
KO,2023-09-18,57.98,58.3499,57.63,58.3,13617370,,https://api.nasdaq.com/api/quote/KO/historical?assetclass=stocks&fromdate=2016-07-26&todate=2026-07-26&limit=5000
KO,2023-09-19,58.26,58.39,57.92,58.18,12000090,,https://api.nasdaq.com/api/quote/KO/historical?assetclass=stocks&fromdate=2016-07-26&todate=2026-07-26&limit=5000
KO,2023-09-20,58.3,58.83,58.08,58.44,14767920,,https://api.nasdaq.com/api/quote/KO/historical?assetclass=stocks&fromdate=2016-07-26&todate=2026-07-26&limit=5000
KO,2023-09-21,58.37,58.42,57.42,57.54,15945820,,https://api.nasdaq.com/api/quote/KO/historical?assetclass=stocks&fromdate=2016-07-26&todate=2026-07-26&limit=5000
KO,2023-09-22,57.85,57.965,57.5,57.6,14645390,,https://api.nasdaq.com/api/quote/KO/historical?assetclass=stocks&fromdate=2016-07-26&todate=2026-07-26&limit=5000
KO,2023-09-25,57.4,57.485,56.74,57,12358820,,https://api.nasdaq.com/api/quote/KO/historical?assetclass=stocks&fromdate=2016-07-26&todate=2026-07-26&limit=5000
KO,2023-09-26,56.73,56.895,56.4,56.53,11194700,,https://api.nasdaq.com/api/quote/KO/historical?assetclass=stocks&fromdate=2016-07-26&todate=2026-07-26&limit=5000
KO,2023-09-27,56.42,56.53,55.68,55.95,13766300,,https://api.nasdaq.com/api/quote/KO/historical?assetclass=stocks&fromdate=2016-07-26&todate=2026-07-26&limit=5000
KO,2023-09-28,56.23,56.32,55.7,55.81,12484770,,https://api.nasdaq.com/api/quote/KO/historical?assetclass=stocks&fromdate=2016-07-26&todate=2026-07-26&limit=5000
KO,2023-09-29,56.14,56.27,55.615,55.98,12271560,,https://api.nasdaq.com/api/quote/KO/historical?assetclass=stocks&fromdate=2016-07-26&todate=2026-07-26&limit=5000
KO,2023-10-02,55.91,56.009,55.075,55.48,11792500,,https://api.nasdaq.com/api/quote/KO/historical?assetclass=stocks&fromdate=2016-07-26&todate=2026-07-26&limit=5000
KO,2023-10-03,55.16,55.425,54.78,54.88,13604200,,https://api.nasdaq.com/api/quote/KO/historical?assetclass=stocks&fromdate=2016-07-26&todate=2026-07-26&limit=5000
KO,2023-10-04,54.89,55.28,54.71,55.04,12100520,,https://api.nasdaq.com/api/quote/KO/historical?assetclass=stocks&fromdate=2016-07-26&todate=2026-07-26&limit=5000
KO,2023-10-05,54.74,54.95,52.235,52.38,29878070,,https://api.nasdaq.com/api/quote/KO/historical?assetclass=stocks&fromdate=2016-07-26&todate=2026-07-26&limit=5000
KO,2023-10-06,52.04,53.29,51.55,53.14,30298870,,https://api.nasdaq.com/api/quote/KO/historical?assetclass=stocks&fromdate=2016-07-26&todate=2026-07-26&limit=5000
KO,2023-10-09,52.96,53.15,52.11,52.88,15704750,,https://api.nasdaq.com/api/quote/KO/historical?assetclass=stocks&fromdate=2016-07-26&todate=2026-07-26&limit=5000
KO,2023-10-10,54.13,54.33,53.56,54.03,20909680,,https://api.nasdaq.com/api/quote/KO/historical?assetclass=stocks&fromdate=2016-07-26&todate=2026-07-26&limit=5000
KO,2023-10-11,54.22,54.28,53.02,53.71,21138930,,https://api.nasdaq.com/api/quote/KO/historical?assetclass=stocks&fromdate=2016-07-26&todate=2026-07-26&limit=5000
KO,2023-10-12,53.76,53.83,52.4299,52.81,19330360,,https://api.nasdaq.com/api/quote/KO/historical?assetclass=stocks&fromdate=2016-07-26&todate=2026-07-26&limit=5000
KO,2023-10-13,52.74,53.42,52.64,52.89,14526990,,https://api.nasdaq.com/api/quote/KO/historical?assetclass=stocks&fromdate=2016-07-26&todate=2026-07-26&limit=5000
KO,2023-10-16,53.02,53.56,52.84,53.43,12816820,,https://api.nasdaq.com/api/quote/KO/historical?assetclass=stocks&fromdate=2016-07-26&todate=2026-07-26&limit=5000
KO,2023-10-17,53.31,54.1,53.21,54.07,16457190,,https://api.nasdaq.com/api/quote/KO/historical?assetclass=stocks&fromdate=2016-07-26&todate=2026-07-26&limit=5000
KO,2023-10-18,54.1,54.53,53.92,54.05,12809450,,https://api.nasdaq.com/api/quote/KO/historical?assetclass=stocks&fromdate=2016-07-26&todate=2026-07-26&limit=5000
KO,2023-10-19,54.16,54.76,53.86,54.35,16202190,,https://api.nasdaq.com/api/quote/KO/historical?assetclass=stocks&fromdate=2016-07-26&todate=2026-07-26&limit=5000
KO,2023-10-20,54.53,55.02,54.44,54.57,15686350,,https://api.nasdaq.com/api/quote/KO/historical?assetclass=stocks&fromdate=2016-07-26&todate=2026-07-26&limit=5000
KO,2023-10-23,54.38,54.89,54.045,54.08,21212650,,https://api.nasdaq.com/api/quote/KO/historical?assetclass=stocks&fromdate=2016-07-26&todate=2026-07-26&limit=5000
KO,2023-10-24,55.65,56.17,55.3,55.64,25290850,,https://api.nasdaq.com/api/quote/KO/historical?assetclass=stocks&fromdate=2016-07-26&todate=2026-07-26&limit=5000
KO,2023-10-25,55.76,56.2178,55.56,56.12,16701020,,https://api.nasdaq.com/api/quote/KO/historical?assetclass=stocks&fromdate=2016-07-26&todate=2026-07-26&limit=5000
KO,2023-10-26,56.37,56.625,55.72,55.78,16228390,,https://api.nasdaq.com/api/quote/KO/historical?assetclass=stocks&fromdate=2016-07-26&todate=2026-07-26&limit=5000
KO,2023-10-27,55.55,56.135,55.1,55.24,13626520,,https://api.nasdaq.com/api/quote/KO/historical?assetclass=stocks&fromdate=2016-07-26&todate=2026-07-26&limit=5000
KO,2023-10-30,55.43,56.275,55.42,56.15,15014290,,https://api.nasdaq.com/api/quote/KO/historical?assetclass=stocks&fromdate=2016-07-26&todate=2026-07-26&limit=5000
KO,2023-10-31,56.57,56.72,56.15,56.49,16639380,,https://api.nasdaq.com/api/quote/KO/historical?assetclass=stocks&fromdate=2016-07-26&todate=2026-07-26&limit=5000
KO,2023-11-01,56.8,56.88,56.26,56.44,14110800,,https://api.nasdaq.com/api/quote/KO/historical?assetclass=stocks&fromdate=2016-07-26&todate=2026-07-26&limit=5000
KO,2023-11-02,56.5,57.15,56.355,57.09,13087240,,https://api.nasdaq.com/api/quote/KO/historical?assetclass=stocks&fromdate=2016-07-26&todate=2026-07-26&limit=5000
KO,2023-11-03,57.4,57.59,56.7,56.74,13958730,,https://api.nasdaq.com/api/quote/KO/historical?assetclass=stocks&fromdate=2016-07-26&todate=2026-07-26&limit=5000
KO,2023-11-06,56.78,57.275,56.74,56.97,12673190,,https://api.nasdaq.com/api/quote/KO/historical?assetclass=stocks&fromdate=2016-07-26&todate=2026-07-26&limit=5000
KO,2023-11-07,56.92,57.3995,56.73,57.18,10449300,,https://api.nasdaq.com/api/quote/KO/historical?assetclass=stocks&fromdate=2016-07-26&todate=2026-07-26&limit=5000
KO,2023-11-08,57.32,57.465,56.92,57.09,13744010,,https://api.nasdaq.com/api/quote/KO/historical?assetclass=stocks&fromdate=2016-07-26&todate=2026-07-26&limit=5000
KO,2023-11-09,57.03,57.14,56.37,56.66,12021090,,https://api.nasdaq.com/api/quote/KO/historical?assetclass=stocks&fromdate=2016-07-26&todate=2026-07-26&limit=5000
KO,2023-11-10,56.87,56.925,56.055,56.72,11680430,,https://api.nasdaq.com/api/quote/KO/historical?assetclass=stocks&fromdate=2016-07-26&todate=2026-07-26&limit=5000
KO,2023-11-13,56.62,57.095,56.6,56.93,12798180,,https://api.nasdaq.com/api/quote/KO/historical?assetclass=stocks&fromdate=2016-07-26&todate=2026-07-26&limit=5000
KO,2023-11-14,57.02,57.24,56.805,57.1,12697070,,https://api.nasdaq.com/api/quote/KO/historical?assetclass=stocks&fromdate=2016-07-26&todate=2026-07-26&limit=5000
KO,2023-11-15,57.3,57.335,56.75,57.21,10201860,,https://api.nasdaq.com/api/quote/KO/historical?assetclass=stocks&fromdate=2016-07-26&todate=2026-07-26&limit=5000
KO,2023-11-16,57.25,57.53,56.81,57.15,16010450,,https://api.nasdaq.com/api/quote/KO/historical?assetclass=stocks&fromdate=2016-07-26&todate=2026-07-26&limit=5000
KO,2023-11-17,57.19,57.34,56.7,57.26,14476630,,https://api.nasdaq.com/api/quote/KO/historical?assetclass=stocks&fromdate=2016-07-26&todate=2026-07-26&limit=5000
KO,2023-11-20,57.05,57.575,56.955,57.4,13053920,,https://api.nasdaq.com/api/quote/KO/historical?assetclass=stocks&fromdate=2016-07-26&todate=2026-07-26&limit=5000
KO,2023-11-21,57.46,58.04,57.33,58.03,13891650,,https://api.nasdaq.com/api/quote/KO/historical?assetclass=stocks&fromdate=2016-07-26&todate=2026-07-26&limit=5000
KO,2023-11-22,58.26,58.535,58.1271,58.42,11327150,,https://api.nasdaq.com/api/quote/KO/historical?assetclass=stocks&fromdate=2016-07-26&todate=2026-07-26&limit=5000
KO,2023-11-24,58.46,58.75,58.335,58.57,4816024,,https://api.nasdaq.com/api/quote/KO/historical?assetclass=stocks&fromdate=2016-07-26&todate=2026-07-26&limit=5000
KO,2023-11-27,58.54,58.69,58.27,58.46,16246510,,https://api.nasdaq.com/api/quote/KO/historical?assetclass=stocks&fromdate=2016-07-26&todate=2026-07-26&limit=5000
KO,2023-11-28,58.4,58.83,58.36,58.58,13739610,,https://api.nasdaq.com/api/quote/KO/historical?assetclass=stocks&fromdate=2016-07-26&todate=2026-07-26&limit=5000
KO,2023-11-29,58.58,58.67,58.1,58.23,11263630,,https://api.nasdaq.com/api/quote/KO/historical?assetclass=stocks&fromdate=2016-07-26&todate=2026-07-26&limit=5000
KO,2023-11-30,57.96,58.455,57.6,58.44,22727490,,https://api.nasdaq.com/api/quote/KO/historical?assetclass=stocks&fromdate=2016-07-26&todate=2026-07-26&limit=5000
KO,2023-12-01,58.27,58.685,58.24,58.64,15371150,,https://api.nasdaq.com/api/quote/KO/historical?assetclass=stocks&fromdate=2016-07-26&todate=2026-07-26&limit=5000
KO,2023-12-04,58.59,58.955,58.44,58.57,14942250,,https://api.nasdaq.com/api/quote/KO/historical?assetclass=stocks&fromdate=2016-07-26&todate=2026-07-26&limit=5000
KO,2023-12-05,58.55,58.83,58.415,58.66,11891510,,https://api.nasdaq.com/api/quote/KO/historical?assetclass=stocks&fromdate=2016-07-26&todate=2026-07-26&limit=5000
KO,2023-12-06,58.56,58.73,58.205,58.6,14868550,,https://api.nasdaq.com/api/quote/KO/historical?assetclass=stocks&fromdate=2016-07-26&todate=2026-07-26&limit=5000
KO,2023-12-07,58.67,58.8901,58.39,58.74,11587870,,https://api.nasdaq.com/api/quote/KO/historical?assetclass=stocks&fromdate=2016-07-26&todate=2026-07-26&limit=5000
KO,2023-12-08,58.74,58.75,58.365,58.61,11178670,,https://api.nasdaq.com/api/quote/KO/historical?assetclass=stocks&fromdate=2016-07-26&todate=2026-07-26&limit=5000
KO,2023-12-11,58.83,59.09,58.5,59.04,14524770,,https://api.nasdaq.com/api/quote/KO/historical?assetclass=stocks&fromdate=2016-07-26&todate=2026-07-26&limit=5000
KO,2023-12-12,59.2,59.42,58.895,59.42,12899010,,https://api.nasdaq.com/api/quote/KO/historical?assetclass=stocks&fromdate=2016-07-26&todate=2026-07-26&limit=5000
KO,2023-12-13,59.45,60.02,59.26,59.93,16196750,,https://api.nasdaq.com/api/quote/KO/historical?assetclass=stocks&fromdate=2016-07-26&todate=2026-07-26&limit=5000
KO,2023-12-14,59.97,60.04,58.77,59.04,22478310,,https://api.nasdaq.com/api/quote/KO/historical?assetclass=stocks&fromdate=2016-07-26&todate=2026-07-26&limit=5000
KO,2023-12-15,58.83,59.17,57.8,58.6,65177380,,https://api.nasdaq.com/api/quote/KO/historical?assetclass=stocks&fromdate=2016-07-26&todate=2026-07-26&limit=5000
KO,2023-12-18,58.8,59.49,58.62,59.02,16717660,,https://api.nasdaq.com/api/quote/KO/historical?assetclass=stocks&fromdate=2016-07-26&todate=2026-07-26&limit=5000
KO,2023-12-19,59,59.2,58.635,58.83,14612200,,https://api.nasdaq.com/api/quote/KO/historical?assetclass=stocks&fromdate=2016-07-26&todate=2026-07-26&limit=5000
KO,2023-12-20,58.5,58.67,57.57,57.61,17701000,,https://api.nasdaq.com/api/quote/KO/historical?assetclass=stocks&fromdate=2016-07-26&todate=2026-07-26&limit=5000
KO,2023-12-21,57.85,58.07,57.47,57.99,11725120,,https://api.nasdaq.com/api/quote/KO/historical?assetclass=stocks&fromdate=2016-07-26&todate=2026-07-26&limit=5000
KO,2023-12-22,58.12,58.46,58.02,58.32,9029440,,https://api.nasdaq.com/api/quote/KO/historical?assetclass=stocks&fromdate=2016-07-26&todate=2026-07-26&limit=5000
KO,2023-12-26,58.06,58.705,58.06,58.56,6422531,,https://api.nasdaq.com/api/quote/KO/historical?assetclass=stocks&fromdate=2016-07-26&todate=2026-07-26&limit=5000
KO,2023-12-27,58.64,58.77,58.4,58.71,8560060,,https://api.nasdaq.com/api/quote/KO/historical?assetclass=stocks&fromdate=2016-07-26&todate=2026-07-26&limit=5000
KO,2023-12-28,58.65,58.87,58.525,58.75,8400138,,https://api.nasdaq.com/api/quote/KO/historical?assetclass=stocks&fromdate=2016-07-26&todate=2026-07-26&limit=5000
KO,2023-12-29,58.74,58.98,58.63,58.93,9244339,,https://api.nasdaq.com/api/quote/KO/historical?assetclass=stocks&fromdate=2016-07-26&todate=2026-07-26&limit=5000
KO,2024-01-02,58.8,59.88,58.67,59.82,16322590,,https://api.nasdaq.com/api/quote/KO/historical?assetclass=stocks&fromdate=2016-07-26&todate=2026-07-26&limit=5000
KO,2024-01-03,59.93,60.2,59.76,59.96,14830630,,https://api.nasdaq.com/api/quote/KO/historical?assetclass=stocks&fromdate=2016-07-26&todate=2026-07-26&limit=5000
KO,2024-01-04,60.05,60.26,59.66,59.76,12912930,,https://api.nasdaq.com/api/quote/KO/historical?assetclass=stocks&fromdate=2016-07-26&todate=2026-07-26&limit=5000
KO,2024-01-05,59.8,59.95,59.0921,59.67,10412800,,https://api.nasdaq.com/api/quote/KO/historical?assetclass=stocks&fromdate=2016-07-26&todate=2026-07-26&limit=5000
KO,2024-01-08,59.68,60.18,59.42,60.11,11554630,,https://api.nasdaq.com/api/quote/KO/historical?assetclass=stocks&fromdate=2016-07-26&todate=2026-07-26&limit=5000
KO,2024-01-09,59.99,60.135,59.62,60,10493650,,https://api.nasdaq.com/api/quote/KO/historical?assetclass=stocks&fromdate=2016-07-26&todate=2026-07-26&limit=5000
KO,2024-01-10,60.22,60.41,59.98,60.2,12257980,,https://api.nasdaq.com/api/quote/KO/historical?assetclass=stocks&fromdate=2016-07-26&todate=2026-07-26&limit=5000
KO,2024-01-11,60.25,60.26,59.69,59.81,13754230,,https://api.nasdaq.com/api/quote/KO/historical?assetclass=stocks&fromdate=2016-07-26&todate=2026-07-26&limit=5000
KO,2024-01-12,60.08,60.46,59.87,60.39,13218010,,https://api.nasdaq.com/api/quote/KO/historical?assetclass=stocks&fromdate=2016-07-26&todate=2026-07-26&limit=5000
KO,2024-01-16,60.39,60.43,59.85,59.99,11826910,,https://api.nasdaq.com/api/quote/KO/historical?assetclass=stocks&fromdate=2016-07-26&todate=2026-07-26&limit=5000
KO,2024-01-17,59.86,60.21,59.82,59.99,8982132,,https://api.nasdaq.com/api/quote/KO/historical?assetclass=stocks&fromdate=2016-07-26&todate=2026-07-26&limit=5000
KO,2024-01-18,59.69,60.23,59.525,60.16,10397680,,https://api.nasdaq.com/api/quote/KO/historical?assetclass=stocks&fromdate=2016-07-26&todate=2026-07-26&limit=5000
KO,2024-01-19,60.26,60.28,59.64,59.83,14392600,,https://api.nasdaq.com/api/quote/KO/historical?assetclass=stocks&fromdate=2016-07-26&todate=2026-07-26&limit=5000
KO,2024-01-22,59.755,60.065,59.44,59.57,14314270,,https://api.nasdaq.com/api/quote/KO/historical?assetclass=stocks&fromdate=2016-07-26&todate=2026-07-26&limit=5000
KO,2024-01-23,59.53,60,59.46,59.85,14481640,,https://api.nasdaq.com/api/quote/KO/historical?assetclass=stocks&fromdate=2016-07-26&todate=2026-07-26&limit=5000
KO,2024-01-24,59.8,59.81,58.89,58.91,16370480,,https://api.nasdaq.com/api/quote/KO/historical?assetclass=stocks&fromdate=2016-07-26&todate=2026-07-26&limit=5000
KO,2024-01-25,59.01,59.17,58.66,59.16,14899710,,https://api.nasdaq.com/api/quote/KO/historical?assetclass=stocks&fromdate=2016-07-26&todate=2026-07-26&limit=5000
KO,2024-01-26,59.25,59.49,59.125,59.37,13025070,,https://api.nasdaq.com/api/quote/KO/historical?assetclass=stocks&fromdate=2016-07-26&todate=2026-07-26&limit=5000
KO,2024-01-29,59.34,59.79,59.17,59.73,14547070,,https://api.nasdaq.com/api/quote/KO/historical?assetclass=stocks&fromdate=2016-07-26&todate=2026-07-26&limit=5000
KO,2024-01-30,59.85,60.02,59.445,59.9,22061540,,https://api.nasdaq.com/api/quote/KO/historical?assetclass=stocks&fromdate=2016-07-26&todate=2026-07-26&limit=5000
KO,2024-01-31,60.1,60.45,59.29,59.49,22837000,,https://api.nasdaq.com/api/quote/KO/historical?assetclass=stocks&fromdate=2016-07-26&todate=2026-07-26&limit=5000
KO,2024-02-01,59.57,61.005,59.36,60.98,15870880,,https://api.nasdaq.com/api/quote/KO/historical?assetclass=stocks&fromdate=2016-07-26&todate=2026-07-26&limit=5000
KO,2024-02-02,60.82,60.87,60.23,60.54,17544910,,https://api.nasdaq.com/api/quote/KO/historical?assetclass=stocks&fromdate=2016-07-26&todate=2026-07-26&limit=5000
KO,2024-02-05,60.38,60.38,59.88,60.04,12759570,,https://api.nasdaq.com/api/quote/KO/historical?assetclass=stocks&fromdate=2016-07-26&todate=2026-07-26&limit=5000
KO,2024-02-06,59.96,60.05,59.68,59.94,12777150,,https://api.nasdaq.com/api/quote/KO/historical?assetclass=stocks&fromdate=2016-07-26&todate=2026-07-26&limit=5000
KO,2024-02-07,60.07,60.21,59.94,59.99,10259890,,https://api.nasdaq.com/api/quote/KO/historical?assetclass=stocks&fromdate=2016-07-26&todate=2026-07-26&limit=5000
KO,2024-02-08,59.89,59.97,59.41,59.83,12874760,,https://api.nasdaq.com/api/quote/KO/historical?assetclass=stocks&fromdate=2016-07-26&todate=2026-07-26&limit=5000
KO,2024-02-09,59.47,59.58,59.03,59.56,15235250,,https://api.nasdaq.com/api/quote/KO/historical?assetclass=stocks&fromdate=2016-07-26&todate=2026-07-26&limit=5000
KO,2024-02-12,59.66,59.76,58.96,59.7,13516780,,https://api.nasdaq.com/api/quote/KO/historical?assetclass=stocks&fromdate=2016-07-26&todate=2026-07-26&limit=5000
KO,2024-02-13,59.5,60.655,58.79,59.35,24195710,,https://api.nasdaq.com/api/quote/KO/historical?assetclass=stocks&fromdate=2016-07-26&todate=2026-07-26&limit=5000
KO,2024-02-14,59.17,59.59,59.035,59.29,15872450,,https://api.nasdaq.com/api/quote/KO/historical?assetclass=stocks&fromdate=2016-07-26&todate=2026-07-26&limit=5000
KO,2024-02-15,59.42,59.59,59.13,59.4,13695850,,https://api.nasdaq.com/api/quote/KO/historical?assetclass=stocks&fromdate=2016-07-26&todate=2026-07-26&limit=5000
KO,2024-02-16,59.35,59.62,58.955,59.39,13947060,,https://api.nasdaq.com/api/quote/KO/historical?assetclass=stocks&fromdate=2016-07-26&todate=2026-07-26&limit=5000
KO,2024-02-20,59.595,60.84,59.51,60.7,18339320,,https://api.nasdaq.com/api/quote/KO/historical?assetclass=stocks&fromdate=2016-07-26&todate=2026-07-26&limit=5000
KO,2024-02-21,60.99,61.28,60.83,61.24,14378260,,https://api.nasdaq.com/api/quote/KO/historical?assetclass=stocks&fromdate=2016-07-26&todate=2026-07-26&limit=5000
KO,2024-02-22,60.99,61.25,60.5,61.15,12982800,,https://api.nasdaq.com/api/quote/KO/historical?assetclass=stocks&fromdate=2016-07-26&todate=2026-07-26&limit=5000
KO,2024-02-23,61.09,61.62,61,61.2,13612910,,https://api.nasdaq.com/api/quote/KO/historical?assetclass=stocks&fromdate=2016-07-26&todate=2026-07-26&limit=5000
KO,2024-02-26,61.24,61.27,60.66,60.71,10336100,,https://api.nasdaq.com/api/quote/KO/historical?assetclass=stocks&fromdate=2016-07-26&todate=2026-07-26&limit=5000
KO,2024-02-27,60.54,60.78,60.12,60.34,9931088,,https://api.nasdaq.com/api/quote/KO/historical?assetclass=stocks&fromdate=2016-07-26&todate=2026-07-26&limit=5000
KO,2024-02-28,60.37,60.49,60.06,60.4,8076536,,https://api.nasdaq.com/api/quote/KO/historical?assetclass=stocks&fromdate=2016-07-26&todate=2026-07-26&limit=5000
KO,2024-02-29,60.35,60.64,59.9,60.02,18152650,,https://api.nasdaq.com/api/quote/KO/historical?assetclass=stocks&fromdate=2016-07-26&todate=2026-07-26&limit=5000
KO,2024-03-01,59.9,59.9,59.34,59.53,10927560,,https://api.nasdaq.com/api/quote/KO/historical?assetclass=stocks&fromdate=2016-07-26&todate=2026-07-26&limit=5000
KO,2024-03-04,59.23,59.95,59.22,59.81,10150240,,https://api.nasdaq.com/api/quote/KO/historical?assetclass=stocks&fromdate=2016-07-26&todate=2026-07-26&limit=5000
KO,2024-03-05,59.91,60.11,59.42,59.52,12309960,,https://api.nasdaq.com/api/quote/KO/historical?assetclass=stocks&fromdate=2016-07-26&todate=2026-07-26&limit=5000
KO,2024-03-06,59.52,59.995,59.38,59.55,12378820,,https://api.nasdaq.com/api/quote/KO/historical?assetclass=stocks&fromdate=2016-07-26&todate=2026-07-26&limit=5000
KO,2024-03-07,59.69,59.77,59.24,59.44,13686860,,https://api.nasdaq.com/api/quote/KO/historical?assetclass=stocks&fromdate=2016-07-26&todate=2026-07-26&limit=5000
KO,2024-03-08,59.3,59.79,58.97,59.52,13239010,,https://api.nasdaq.com/api/quote/KO/historical?assetclass=stocks&fromdate=2016-07-26&todate=2026-07-26&limit=5000
KO,2024-03-11,59.78,60.29,59.575,60.24,14114260,,https://api.nasdaq.com/api/quote/KO/historical?assetclass=stocks&fromdate=2016-07-26&todate=2026-07-26&limit=5000
KO,2024-03-12,60.32,60.75,60.21,60.5,12684650,,https://api.nasdaq.com/api/quote/KO/historical?assetclass=stocks&fromdate=2016-07-26&todate=2026-07-26&limit=5000
KO,2024-03-13,60.88,61.21,60.8001,61.12,13909460,,https://api.nasdaq.com/api/quote/KO/historical?assetclass=stocks&fromdate=2016-07-26&todate=2026-07-26&limit=5000
KO,2024-03-14,60.58,60.8,60.4,60.5,13996610,,https://api.nasdaq.com/api/quote/KO/historical?assetclass=stocks&fromdate=2016-07-26&todate=2026-07-26&limit=5000
KO,2024-03-15,60.02,60.45,59.64,59.88,36849930,,https://api.nasdaq.com/api/quote/KO/historical?assetclass=stocks&fromdate=2016-07-26&todate=2026-07-26&limit=5000
KO,2024-03-18,59.89,60.4,59.801,60.13,15856690,,https://api.nasdaq.com/api/quote/KO/historical?assetclass=stocks&fromdate=2016-07-26&todate=2026-07-26&limit=5000
KO,2024-03-19,60.24,60.35,60.06,60.23,15030630,,https://api.nasdaq.com/api/quote/KO/historical?assetclass=stocks&fromdate=2016-07-26&todate=2026-07-26&limit=5000
KO,2024-03-20,60.18,60.81,60.155,60.75,15258760,,https://api.nasdaq.com/api/quote/KO/historical?assetclass=stocks&fromdate=2016-07-26&todate=2026-07-26&limit=5000
KO,2024-03-21,60.56,60.99,60.32,60.47,13067080,,https://api.nasdaq.com/api/quote/KO/historical?assetclass=stocks&fromdate=2016-07-26&todate=2026-07-26&limit=5000
KO,2024-03-22,60.52,60.79,60.43,60.49,11502840,,https://api.nasdaq.com/api/quote/KO/historical?assetclass=stocks&fromdate=2016-07-26&todate=2026-07-26&limit=5000
KO,2024-03-25,60.48,60.71,60.12,60.4,13144650,,https://api.nasdaq.com/api/quote/KO/historical?assetclass=stocks&fromdate=2016-07-26&todate=2026-07-26&limit=5000
KO,2024-03-26,60.5,60.71,60.38,60.54,13277390,,https://api.nasdaq.com/api/quote/KO/historical?assetclass=stocks&fromdate=2016-07-26&todate=2026-07-26&limit=5000
KO,2024-03-27,60.79,61.43,60.7,61.03,12551220,,https://api.nasdaq.com/api/quote/KO/historical?assetclass=stocks&fromdate=2016-07-26&todate=2026-07-26&limit=5000
KO,2024-03-28,61.14,61.26,60.995,61.18,13683530,,https://api.nasdaq.com/api/quote/KO/historical?assetclass=stocks&fromdate=2016-07-26&todate=2026-07-26&limit=5000
KO,2024-04-01,61.18,61.3,60.63,60.68,11668690,,https://api.nasdaq.com/api/quote/KO/historical?assetclass=stocks&fromdate=2016-07-26&todate=2026-07-26&limit=5000
KO,2024-04-02,60.45,60.73,60.11,60.15,13017260,,https://api.nasdaq.com/api/quote/KO/historical?assetclass=stocks&fromdate=2016-07-26&todate=2026-07-26&limit=5000
KO,2024-04-03,60.05,60.39,59.78,59.83,13672920,,https://api.nasdaq.com/api/quote/KO/historical?assetclass=stocks&fromdate=2016-07-26&todate=2026-07-26&limit=5000
KO,2024-04-04,60.09,60.15,59.17,59.3,14320690,,https://api.nasdaq.com/api/quote/KO/historical?assetclass=stocks&fromdate=2016-07-26&todate=2026-07-26&limit=5000
KO,2024-04-05,59.25,59.68,58.9101,59.51,10157760,,https://api.nasdaq.com/api/quote/KO/historical?assetclass=stocks&fromdate=2016-07-26&todate=2026-07-26&limit=5000
KO,2024-04-08,59.4,59.47,59.07,59.27,10284540,,https://api.nasdaq.com/api/quote/KO/historical?assetclass=stocks&fromdate=2016-07-26&todate=2026-07-26&limit=5000
KO,2024-04-09,59.48,59.74,59.13,59.72,10792140,,https://api.nasdaq.com/api/quote/KO/historical?assetclass=stocks&fromdate=2016-07-26&todate=2026-07-26&limit=5000
KO,2024-04-10,59.32,59.39,58.69,58.92,11861880,,https://api.nasdaq.com/api/quote/KO/historical?assetclass=stocks&fromdate=2016-07-26&todate=2026-07-26&limit=5000
KO,2024-04-11,59.15,59.37,58.785,59.05,11109010,,https://api.nasdaq.com/api/quote/KO/historical?assetclass=stocks&fromdate=2016-07-26&todate=2026-07-26&limit=5000
KO,2024-04-12,58.95,59.01,58.13,58.28,12250950,,https://api.nasdaq.com/api/quote/KO/historical?assetclass=stocks&fromdate=2016-07-26&todate=2026-07-26&limit=5000
KO,2024-04-15,58.61,58.805,58.04,58.14,12425050,,https://api.nasdaq.com/api/quote/KO/historical?assetclass=stocks&fromdate=2016-07-26&todate=2026-07-26&limit=5000
KO,2024-04-16,58.25,58.38,57.93,58.06,11236840,,https://api.nasdaq.com/api/quote/KO/historical?assetclass=stocks&fromdate=2016-07-26&todate=2026-07-26&limit=5000
KO,2024-04-17,58.28,58.555,58.1,58.51,13805070,,https://api.nasdaq.com/api/quote/KO/historical?assetclass=stocks&fromdate=2016-07-26&todate=2026-07-26&limit=5000
KO,2024-04-18,58.62,58.98,58.54,58.91,11125870,,https://api.nasdaq.com/api/quote/KO/historical?assetclass=stocks&fromdate=2016-07-26&todate=2026-07-26&limit=5000
KO,2024-04-19,59.1,60.355,58.995,60.17,21207850,,https://api.nasdaq.com/api/quote/KO/historical?assetclass=stocks&fromdate=2016-07-26&todate=2026-07-26&limit=5000
KO,2024-04-22,60.14,60.63,59.715,60.55,15624550,,https://api.nasdaq.com/api/quote/KO/historical?assetclass=stocks&fromdate=2016-07-26&todate=2026-07-26&limit=5000
KO,2024-04-23,60.53,60.675,60.13,60.64,13689130,,https://api.nasdaq.com/api/quote/KO/historical?assetclass=stocks&fromdate=2016-07-26&todate=2026-07-26&limit=5000
KO,2024-04-24,60.32,61.65,59.84,61.55,19548320,,https://api.nasdaq.com/api/quote/KO/historical?assetclass=stocks&fromdate=2016-07-26&todate=2026-07-26&limit=5000
KO,2024-04-25,61.87,62.59,61.37,61.74,19048540,,https://api.nasdaq.com/api/quote/KO/historical?assetclass=stocks&fromdate=2016-07-26&todate=2026-07-26&limit=5000
KO,2024-04-26,61.55,61.93,61.35,61.74,10994260,,https://api.nasdaq.com/api/quote/KO/historical?assetclass=stocks&fromdate=2016-07-26&todate=2026-07-26&limit=5000
KO,2024-04-29,61.92,62.05,61.53,62.04,13420750,,https://api.nasdaq.com/api/quote/KO/historical?assetclass=stocks&fromdate=2016-07-26&todate=2026-07-26&limit=5000
KO,2024-04-30,62.14,62.83,61.465,61.77,19349150,,https://api.nasdaq.com/api/quote/KO/historical?assetclass=stocks&fromdate=2016-07-26&todate=2026-07-26&limit=5000
KO,2024-05-01,61.8,62.57,61.21,61.93,16730830,,https://api.nasdaq.com/api/quote/KO/historical?assetclass=stocks&fromdate=2016-07-26&todate=2026-07-26&limit=5000
KO,2024-05-02,62.18,62.3991,61.72,61.99,10991300,,https://api.nasdaq.com/api/quote/KO/historical?assetclass=stocks&fromdate=2016-07-26&todate=2026-07-26&limit=5000
KO,2024-05-03,61.99,62.33,61.64,62.17,11628680,,https://api.nasdaq.com/api/quote/KO/historical?assetclass=stocks&fromdate=2016-07-26&todate=2026-07-26&limit=5000
KO,2024-05-06,62.3,62.38,61.895,62.35,9310699,,https://api.nasdaq.com/api/quote/KO/historical?assetclass=stocks&fromdate=2016-07-26&todate=2026-07-26&limit=5000
KO,2024-05-07,62.76,62.82,62.25,62.62,9807029,,https://api.nasdaq.com/api/quote/KO/historical?assetclass=stocks&fromdate=2016-07-26&todate=2026-07-26&limit=5000
KO,2024-05-08,62.85,62.97,62.48,62.85,10484410,,https://api.nasdaq.com/api/quote/KO/historical?assetclass=stocks&fromdate=2016-07-26&todate=2026-07-26&limit=5000
KO,2024-05-09,62.81,63.15,62.75,62.88,9113662,,https://api.nasdaq.com/api/quote/KO/historical?assetclass=stocks&fromdate=2016-07-26&todate=2026-07-26&limit=5000
KO,2024-05-10,62.92,63.36,62.79,63.26,8371691,,https://api.nasdaq.com/api/quote/KO/historical?assetclass=stocks&fromdate=2016-07-26&todate=2026-07-26&limit=5000
KO,2024-05-13,63.24,63.62,63.18,63.58,10137620,,https://api.nasdaq.com/api/quote/KO/historical?assetclass=stocks&fromdate=2016-07-26&todate=2026-07-26&limit=5000
KO,2024-05-14,63.58,63.76,62.8,63.1,10852230,,https://api.nasdaq.com/api/quote/KO/historical?assetclass=stocks&fromdate=2016-07-26&todate=2026-07-26&limit=5000
KO,2024-05-15,63.06,63.3915,63,63.13,9838897,,https://api.nasdaq.com/api/quote/KO/historical?assetclass=stocks&fromdate=2016-07-26&todate=2026-07-26&limit=5000
KO,2024-05-16,63.24,63.725,63.07,63.32,10228000,,https://api.nasdaq.com/api/quote/KO/historical?assetclass=stocks&fromdate=2016-07-26&todate=2026-07-26&limit=5000
KO,2024-05-17,63.34,63.37,62.935,63.03,11539020,,https://api.nasdaq.com/api/quote/KO/historical?assetclass=stocks&fromdate=2016-07-26&todate=2026-07-26&limit=5000
KO,2024-05-20,62.93,63.01,62.46,62.57,11000890,,https://api.nasdaq.com/api/quote/KO/historical?assetclass=stocks&fromdate=2016-07-26&todate=2026-07-26&limit=5000
KO,2024-05-21,62.82,62.98,62.44,62.91,9796202,,https://api.nasdaq.com/api/quote/KO/historical?assetclass=stocks&fromdate=2016-07-26&todate=2026-07-26&limit=5000
KO,2024-05-22,62.71,63.02,62.66,63,7419406,,https://api.nasdaq.com/api/quote/KO/historical?assetclass=stocks&fromdate=2016-07-26&todate=2026-07-26&limit=5000
KO,2024-05-23,62.49,62.88,62.05,62.09,9834292,,https://api.nasdaq.com/api/quote/KO/historical?assetclass=stocks&fromdate=2016-07-26&todate=2026-07-26&limit=5000
KO,2024-05-24,62.22,62.42,61.97,62,8203136,,https://api.nasdaq.com/api/quote/KO/historical?assetclass=stocks&fromdate=2016-07-26&todate=2026-07-26&limit=5000
KO,2024-05-28,61.79,62.13,61.4,61.82,12347000,,https://api.nasdaq.com/api/quote/KO/historical?assetclass=stocks&fromdate=2016-07-26&todate=2026-07-26&limit=5000
KO,2024-05-29,61.47,61.88,61.07,61.7,11861820,,https://api.nasdaq.com/api/quote/KO/historical?assetclass=stocks&fromdate=2016-07-26&todate=2026-07-26&limit=5000
KO,2024-05-30,61.85,62.08,61.6,61.97,9436821,,https://api.nasdaq.com/api/quote/KO/historical?assetclass=stocks&fromdate=2016-07-26&todate=2026-07-26&limit=5000
KO,2024-05-31,61.99,63.025,61.69,62.93,19816630,,https://api.nasdaq.com/api/quote/KO/historical?assetclass=stocks&fromdate=2016-07-26&todate=2026-07-26&limit=5000
KO,2024-06-03,62.71,63.09,62.445,62.93,9369046,,https://api.nasdaq.com/api/quote/KO/historical?assetclass=stocks&fromdate=2016-07-26&todate=2026-07-26&limit=5000
KO,2024-06-04,63.2,63.97,62.94,63.94,11895620,,https://api.nasdaq.com/api/quote/KO/historical?assetclass=stocks&fromdate=2016-07-26&todate=2026-07-26&limit=5000
KO,2024-06-05,63.99,64.07,63.35,63.92,9632525,,https://api.nasdaq.com/api/quote/KO/historical?assetclass=stocks&fromdate=2016-07-26&todate=2026-07-26&limit=5000
KO,2024-06-06,63.92,64.36,63.84,64.15,8658456,,https://api.nasdaq.com/api/quote/KO/historical?assetclass=stocks&fromdate=2016-07-26&todate=2026-07-26&limit=5000
KO,2024-06-07,64.09,64.225,63.81,63.91,9523089,,https://api.nasdaq.com/api/quote/KO/historical?assetclass=stocks&fromdate=2016-07-26&todate=2026-07-26&limit=5000
KO,2024-06-10,63.94,63.99,63.365,63.59,15687130,,https://api.nasdaq.com/api/quote/KO/historical?assetclass=stocks&fromdate=2016-07-26&todate=2026-07-26&limit=5000
KO,2024-06-11,63.59,63.645,63.07,63.55,8395960,,https://api.nasdaq.com/api/quote/KO/historical?assetclass=stocks&fromdate=2016-07-26&todate=2026-07-26&limit=5000
KO,2024-06-12,63.69,63.69,62.685,62.88,9569550,,https://api.nasdaq.com/api/quote/KO/historical?assetclass=stocks&fromdate=2016-07-26&todate=2026-07-26&limit=5000
KO,2024-06-13,62.86,63.035,62.45,62.99,9668888,,https://api.nasdaq.com/api/quote/KO/historical?assetclass=stocks&fromdate=2016-07-26&todate=2026-07-26&limit=5000
KO,2024-06-14,62.38,62.69,62.09,62.55,8179239,,https://api.nasdaq.com/api/quote/KO/historical?assetclass=stocks&fromdate=2016-07-26&todate=2026-07-26&limit=5000
KO,2024-06-17,62.37,62.895,62.18,62.62,10532720,,https://api.nasdaq.com/api/quote/KO/historical?assetclass=stocks&fromdate=2016-07-26&todate=2026-07-26&limit=5000
KO,2024-06-18,62.53,62.82,62.44,62.63,10651660,,https://api.nasdaq.com/api/quote/KO/historical?assetclass=stocks&fromdate=2016-07-26&todate=2026-07-26&limit=5000
KO,2024-06-20,62.4,62.74,61.945,62.18,13306270,,https://api.nasdaq.com/api/quote/KO/historical?assetclass=stocks&fromdate=2016-07-26&todate=2026-07-26&limit=5000
KO,2024-06-21,62.18,63.1,62.18,62.77,28282190,,https://api.nasdaq.com/api/quote/KO/historical?assetclass=stocks&fromdate=2016-07-26&todate=2026-07-26&limit=5000
KO,2024-06-24,62.99,64.055,62.91,63.97,13212450,,https://api.nasdaq.com/api/quote/KO/historical?assetclass=stocks&fromdate=2016-07-26&todate=2026-07-26&limit=5000
KO,2024-06-25,63.935,64.07,63.51,63.84,10546790,,https://api.nasdaq.com/api/quote/KO/historical?assetclass=stocks&fromdate=2016-07-26&todate=2026-07-26&limit=5000
KO,2024-06-26,63.4,64.11,63.23,64.05,9402502,,https://api.nasdaq.com/api/quote/KO/historical?assetclass=stocks&fromdate=2016-07-26&todate=2026-07-26&limit=5000
KO,2024-06-27,64.05,64.27,63.62,63.91,8494123,,https://api.nasdaq.com/api/quote/KO/historical?assetclass=stocks&fromdate=2016-07-26&todate=2026-07-26&limit=5000
KO,2024-06-28,63.9,64.06,63.52,63.65,17358830,,https://api.nasdaq.com/api/quote/KO/historical?assetclass=stocks&fromdate=2016-07-26&todate=2026-07-26&limit=5000
KO,2024-07-01,64.03,64.3,63.12,63.28,10033360,,https://api.nasdaq.com/api/quote/KO/historical?assetclass=stocks&fromdate=2016-07-26&todate=2026-07-26&limit=5000
KO,2024-07-02,63.26,63.38,62.855,63.15,8878156,,https://api.nasdaq.com/api/quote/KO/historical?assetclass=stocks&fromdate=2016-07-26&todate=2026-07-26&limit=5000
KO,2024-07-03,63.19,63.665,62.93,63.33,9154198,,https://api.nasdaq.com/api/quote/KO/historical?assetclass=stocks&fromdate=2016-07-26&todate=2026-07-26&limit=5000
KO,2024-07-05,63.33,63.79,62.995,63.76,11735460,,https://api.nasdaq.com/api/quote/KO/historical?assetclass=stocks&fromdate=2016-07-26&todate=2026-07-26&limit=5000
KO,2024-07-08,63.59,63.59,62.84,62.96,11235140,,https://api.nasdaq.com/api/quote/KO/historical?assetclass=stocks&fromdate=2016-07-26&todate=2026-07-26&limit=5000
KO,2024-07-09,63.06,63.23,62.59,62.69,11660200,,https://api.nasdaq.com/api/quote/KO/historical?assetclass=stocks&fromdate=2016-07-26&todate=2026-07-26&limit=5000
KO,2024-07-10,62.72,62.86,62.285,62.83,11930410,,https://api.nasdaq.com/api/quote/KO/historical?assetclass=stocks&fromdate=2016-07-26&todate=2026-07-26&limit=5000
KO,2024-07-11,62.64,63.46,62.395,63.1,11434420,,https://api.nasdaq.com/api/quote/KO/historical?assetclass=stocks&fromdate=2016-07-26&todate=2026-07-26&limit=5000
KO,2024-07-12,63.46,64.115,63.385,63.7,9201516,,https://api.nasdaq.com/api/quote/KO/historical?assetclass=stocks&fromdate=2016-07-26&todate=2026-07-26&limit=5000
KO,2024-07-15,63.79,63.94,63.35,63.41,8207521,,https://api.nasdaq.com/api/quote/KO/historical?assetclass=stocks&fromdate=2016-07-26&todate=2026-07-26&limit=5000
KO,2024-07-16,63.43,64.31,63.39,64.27,9025066,,https://api.nasdaq.com/api/quote/KO/historical?assetclass=stocks&fromdate=2016-07-26&todate=2026-07-26&limit=5000
KO,2024-07-17,64.47,65.39,64.405,65.21,12508220,,https://api.nasdaq.com/api/quote/KO/historical?assetclass=stocks&fromdate=2016-07-26&todate=2026-07-26&limit=5000
KO,2024-07-18,64.8,65.805,64.72,65.19,11128200,,https://api.nasdaq.com/api/quote/KO/historical?assetclass=stocks&fromdate=2016-07-26&todate=2026-07-26&limit=5000
KO,2024-07-19,65.64,65.64,64.82,65.29,13775670,,https://api.nasdaq.com/api/quote/KO/historical?assetclass=stocks&fromdate=2016-07-26&todate=2026-07-26&limit=5000
KO,2024-07-22,65.25,65.29,64.315,64.77,11794210,,https://api.nasdaq.com/api/quote/KO/historical?assetclass=stocks&fromdate=2016-07-26&todate=2026-07-26&limit=5000
KO,2024-07-23,65.43,66.04,64.845,64.96,11810260,,https://api.nasdaq.com/api/quote/KO/historical?assetclass=stocks&fromdate=2016-07-26&todate=2026-07-26&limit=5000
KO,2024-07-24,65.09,65.965,64.835,65.81,13244570,,https://api.nasdaq.com/api/quote/KO/historical?assetclass=stocks&fromdate=2016-07-26&todate=2026-07-26&limit=5000
KO,2024-07-25,66.04,66.89,65.86,66.07,16328580,,https://api.nasdaq.com/api/quote/KO/historical?assetclass=stocks&fromdate=2016-07-26&todate=2026-07-26&limit=5000
KO,2024-07-26,66.07,67.11,66.01,67.05,13530070,,https://api.nasdaq.com/api/quote/KO/historical?assetclass=stocks&fromdate=2016-07-26&todate=2026-07-26&limit=5000
KO,2024-07-29,66.88,67.025,66.39,66.83,12140150,,https://api.nasdaq.com/api/quote/KO/historical?assetclass=stocks&fromdate=2016-07-26&todate=2026-07-26&limit=5000
KO,2024-07-30,66.48,67.83,66.36,67.68,13257960,,https://api.nasdaq.com/api/quote/KO/historical?assetclass=stocks&fromdate=2016-07-26&todate=2026-07-26&limit=5000
KO,2024-07-31,67.5,67.61,66.61,66.74,15576850,,https://api.nasdaq.com/api/quote/KO/historical?assetclass=stocks&fromdate=2016-07-26&todate=2026-07-26&limit=5000
KO,2024-08-01,67,68.105,66.7,67.96,16495910,,https://api.nasdaq.com/api/quote/KO/historical?assetclass=stocks&fromdate=2016-07-26&todate=2026-07-26&limit=5000
KO,2024-08-02,68.53,69.67,67.69,69.33,22514780,,https://api.nasdaq.com/api/quote/KO/historical?assetclass=stocks&fromdate=2016-07-26&todate=2026-07-26&limit=5000
KO,2024-08-05,68.99,69.55,67.73,68.1,25484270,,https://api.nasdaq.com/api/quote/KO/historical?assetclass=stocks&fromdate=2016-07-26&todate=2026-07-26&limit=5000
KO,2024-08-06,68.15,68.84,67.77,68.05,12969100,,https://api.nasdaq.com/api/quote/KO/historical?assetclass=stocks&fromdate=2016-07-26&todate=2026-07-26&limit=5000
KO,2024-08-07,68.05,69.18,67.83,68.46,13365270,,https://api.nasdaq.com/api/quote/KO/historical?assetclass=stocks&fromdate=2016-07-26&todate=2026-07-26&limit=5000
KO,2024-08-08,68,68.865,67.85,68.73,15240910,,https://api.nasdaq.com/api/quote/KO/historical?assetclass=stocks&fromdate=2016-07-26&todate=2026-07-26&limit=5000
KO,2024-08-09,68.7,68.785,68.245,68.68,12080420,,https://api.nasdaq.com/api/quote/KO/historical?assetclass=stocks&fromdate=2016-07-26&todate=2026-07-26&limit=5000
KO,2024-08-12,68.45,68.54,67.83,68.17,11012320,,https://api.nasdaq.com/api/quote/KO/historical?assetclass=stocks&fromdate=2016-07-26&todate=2026-07-26&limit=5000
KO,2024-08-13,68.08,68.61,68.01,68.46,9877569,,https://api.nasdaq.com/api/quote/KO/historical?assetclass=stocks&fromdate=2016-07-26&todate=2026-07-26&limit=5000
KO,2024-08-14,68.23,68.89,68.13,68.58,14328030,,https://api.nasdaq.com/api/quote/KO/historical?assetclass=stocks&fromdate=2016-07-26&todate=2026-07-26&limit=5000
KO,2024-08-15,68.62,68.92,68.5,68.65,11285120,,https://api.nasdaq.com/api/quote/KO/historical?assetclass=stocks&fromdate=2016-07-26&todate=2026-07-26&limit=5000
KO,2024-08-16,68.84,69.3,68.64,69.18,12651230,,https://api.nasdaq.com/api/quote/KO/historical?assetclass=stocks&fromdate=2016-07-26&todate=2026-07-26&limit=5000
KO,2024-08-19,69.35,69.42,68.845,68.98,9843861,,https://api.nasdaq.com/api/quote/KO/historical?assetclass=stocks&fromdate=2016-07-26&todate=2026-07-26&limit=5000
KO,2024-08-20,68.99,69.39,68.765,69.38,11957370,,https://api.nasdaq.com/api/quote/KO/historical?assetclass=stocks&fromdate=2016-07-26&todate=2026-07-26&limit=5000
KO,2024-08-21,69.48,70.13,69.335,69.57,8792397,,https://api.nasdaq.com/api/quote/KO/historical?assetclass=stocks&fromdate=2016-07-26&todate=2026-07-26&limit=5000
KO,2024-08-22,69.92,69.92,68.79,69.33,12509200,,https://api.nasdaq.com/api/quote/KO/historical?assetclass=stocks&fromdate=2016-07-26&todate=2026-07-26&limit=5000
KO,2024-08-23,69.4,69.85,68.935,69.79,11834750,,https://api.nasdaq.com/api/quote/KO/historical?assetclass=stocks&fromdate=2016-07-26&todate=2026-07-26&limit=5000
KO,2024-08-26,69.83,70.92,69.73,70.84,12912250,,https://api.nasdaq.com/api/quote/KO/historical?assetclass=stocks&fromdate=2016-07-26&todate=2026-07-26&limit=5000
KO,2024-08-27,71.32,71.53,71.05,71.5,16988410,,https://api.nasdaq.com/api/quote/KO/historical?assetclass=stocks&fromdate=2016-07-26&todate=2026-07-26&limit=5000
KO,2024-08-28,71.61,71.81,71.295,71.75,13272580,,https://api.nasdaq.com/api/quote/KO/historical?assetclass=stocks&fromdate=2016-07-26&todate=2026-07-26&limit=5000
KO,2024-08-29,71.9,72.22,71.23,72.05,17201680,,https://api.nasdaq.com/api/quote/KO/historical?assetclass=stocks&fromdate=2016-07-26&todate=2026-07-26&limit=5000
KO,2024-08-30,72.2,72.57,71.78,72.47,18624230,,https://api.nasdaq.com/api/quote/KO/historical?assetclass=stocks&fromdate=2016-07-26&todate=2026-07-26&limit=5000
KO,2024-09-03,72.44,73.285,72.245,73.01,14755750,,https://api.nasdaq.com/api/quote/KO/historical?assetclass=stocks&fromdate=2016-07-26&todate=2026-07-26&limit=5000
KO,2024-09-04,73.3,73.53,71.91,72.56,18140830,,https://api.nasdaq.com/api/quote/KO/historical?assetclass=stocks&fromdate=2016-07-26&todate=2026-07-26&limit=5000
KO,2024-09-05,72.62,72.68,70.98,71.17,23866130,,https://api.nasdaq.com/api/quote/KO/historical?assetclass=stocks&fromdate=2016-07-26&todate=2026-07-26&limit=5000
KO,2024-09-06,70.99,71.67,70.89,71.14,17485710,,https://api.nasdaq.com/api/quote/KO/historical?assetclass=stocks&fromdate=2016-07-26&todate=2026-07-26&limit=5000
KO,2024-09-09,71.23,72.305,70.98,71.85,12939260,,https://api.nasdaq.com/api/quote/KO/historical?assetclass=stocks&fromdate=2016-07-26&todate=2026-07-26&limit=5000
KO,2024-09-10,71.97,72.42,71.52,71.55,10277590,,https://api.nasdaq.com/api/quote/KO/historical?assetclass=stocks&fromdate=2016-07-26&todate=2026-07-26&limit=5000
KO,2024-09-11,71.36,71.37,70.5701,71.08,11418230,,https://api.nasdaq.com/api/quote/KO/historical?assetclass=stocks&fromdate=2016-07-26&todate=2026-07-26&limit=5000
KO,2024-09-12,71,71.38,70.655,71.23,12340780,,https://api.nasdaq.com/api/quote/KO/historical?assetclass=stocks&fromdate=2016-07-26&todate=2026-07-26&limit=5000
KO,2024-09-13,70.84,71.465,70.48,71.41,11073850,,https://api.nasdaq.com/api/quote/KO/historical?assetclass=stocks&fromdate=2016-07-26&todate=2026-07-26&limit=5000
KO,2024-09-16,71.77,72.24,71.62,72.1,10786530,,https://api.nasdaq.com/api/quote/KO/historical?assetclass=stocks&fromdate=2016-07-26&todate=2026-07-26&limit=5000
KO,2024-09-17,71.9,72.35,71.725,71.8,12974380,,https://api.nasdaq.com/api/quote/KO/historical?assetclass=stocks&fromdate=2016-07-26&todate=2026-07-26&limit=5000
KO,2024-09-18,71.89,72.38,71.27,71.75,10719710,,https://api.nasdaq.com/api/quote/KO/historical?assetclass=stocks&fromdate=2016-07-26&todate=2026-07-26&limit=5000
KO,2024-09-19,71.56,71.94,70.6,70.62,13635650,,https://api.nasdaq.com/api/quote/KO/historical?assetclass=stocks&fromdate=2016-07-26&todate=2026-07-26&limit=5000
KO,2024-09-20,70.41,71.8,70.38,71.64,48578480,,https://api.nasdaq.com/api/quote/KO/historical?assetclass=stocks&fromdate=2016-07-26&todate=2026-07-26&limit=5000
KO,2024-09-23,71.55,72.2,71.18,71.73,11613020,,https://api.nasdaq.com/api/quote/KO/historical?assetclass=stocks&fromdate=2016-07-26&todate=2026-07-26&limit=5000
KO,2024-09-24,71.22,71.815,70.6,71.33,13330640,,https://api.nasdaq.com/api/quote/KO/historical?assetclass=stocks&fromdate=2016-07-26&todate=2026-07-26&limit=5000
KO,2024-09-25,71.71,71.92,71.305,71.45,12329130,,https://api.nasdaq.com/api/quote/KO/historical?assetclass=stocks&fromdate=2016-07-26&todate=2026-07-26&limit=5000
KO,2024-09-26,70.86,71.61,70.84,71.4,10815220,,https://api.nasdaq.com/api/quote/KO/historical?assetclass=stocks&fromdate=2016-07-26&todate=2026-07-26&limit=5000
KO,2024-09-27,71.54,72.2,71.46,71.79,11175710,,https://api.nasdaq.com/api/quote/KO/historical?assetclass=stocks&fromdate=2016-07-26&todate=2026-07-26&limit=5000
KO,2024-09-30,72,72.2,71.69,71.86,18016010,,https://api.nasdaq.com/api/quote/KO/historical?assetclass=stocks&fromdate=2016-07-26&todate=2026-07-26&limit=5000
KO,2024-10-01,72.1,72.745,71.63,71.71,13294500,,https://api.nasdaq.com/api/quote/KO/historical?assetclass=stocks&fromdate=2016-07-26&todate=2026-07-26&limit=5000
KO,2024-10-02,71.39,71.43,70.41,71.01,11155480,,https://api.nasdaq.com/api/quote/KO/historical?assetclass=stocks&fromdate=2016-07-26&todate=2026-07-26&limit=5000
KO,2024-10-03,70.86,70.99,70.2,70.52,9374794,,https://api.nasdaq.com/api/quote/KO/historical?assetclass=stocks&fromdate=2016-07-26&todate=2026-07-26&limit=5000
KO,2024-10-04,69.96,70.28,69.72,70.17,12687290,,https://api.nasdaq.com/api/quote/KO/historical?assetclass=stocks&fromdate=2016-07-26&todate=2026-07-26&limit=5000
KO,2024-10-07,70.05,70.1,68.87,69.01,14511960,,https://api.nasdaq.com/api/quote/KO/historical?assetclass=stocks&fromdate=2016-07-26&todate=2026-07-26&limit=5000
KO,2024-10-08,69.04,69.44,68.86,69.18,13549700,,https://api.nasdaq.com/api/quote/KO/historical?assetclass=stocks&fromdate=2016-07-26&todate=2026-07-26&limit=5000
KO,2024-10-09,69.19,69.74,69.07,69.57,9037735,,https://api.nasdaq.com/api/quote/KO/historical?assetclass=stocks&fromdate=2016-07-26&todate=2026-07-26&limit=5000
KO,2024-10-10,69.83,69.91,68.985,69.25,8635150,,https://api.nasdaq.com/api/quote/KO/historical?assetclass=stocks&fromdate=2016-07-26&todate=2026-07-26&limit=5000
KO,2024-10-11,69.46,69.59,68.995,69.57,8786318,,https://api.nasdaq.com/api/quote/KO/historical?assetclass=stocks&fromdate=2016-07-26&todate=2026-07-26&limit=5000
KO,2024-10-14,69.57,70.47,69.47,70.34,7659318,,https://api.nasdaq.com/api/quote/KO/historical?assetclass=stocks&fromdate=2016-07-26&todate=2026-07-26&limit=5000
KO,2024-10-15,70.46,71.21,70.16,70.34,10358730,,https://api.nasdaq.com/api/quote/KO/historical?assetclass=stocks&fromdate=2016-07-26&todate=2026-07-26&limit=5000
KO,2024-10-16,70.09,70.7,69.97,70.57,7937347,,https://api.nasdaq.com/api/quote/KO/historical?assetclass=stocks&fromdate=2016-07-26&todate=2026-07-26&limit=5000
KO,2024-10-17,70.63,70.69,69.58,69.9,14674630,,https://api.nasdaq.com/api/quote/KO/historical?assetclass=stocks&fromdate=2016-07-26&todate=2026-07-26&limit=5000
KO,2024-10-18,69.87,70.55,69.605,70.44,15087520,,https://api.nasdaq.com/api/quote/KO/historical?assetclass=stocks&fromdate=2016-07-26&todate=2026-07-26&limit=5000
KO,2024-10-21,70,70.325,69.305,69.45,11981160,,https://api.nasdaq.com/api/quote/KO/historical?assetclass=stocks&fromdate=2016-07-26&todate=2026-07-26&limit=5000
KO,2024-10-22,69,69.745,68.68,69.45,18603250,,https://api.nasdaq.com/api/quote/KO/historical?assetclass=stocks&fromdate=2016-07-26&todate=2026-07-26&limit=5000
KO,2024-10-23,66.99,68.7,66.58,68.01,24655200,,https://api.nasdaq.com/api/quote/KO/historical?assetclass=stocks&fromdate=2016-07-26&todate=2026-07-26&limit=5000
KO,2024-10-24,67.65,68.04,66.952,67.3,17568830,,https://api.nasdaq.com/api/quote/KO/historical?assetclass=stocks&fromdate=2016-07-26&todate=2026-07-26&limit=5000
KO,2024-10-25,67.07,67.7,66.79,66.92,11138130,,https://api.nasdaq.com/api/quote/KO/historical?assetclass=stocks&fromdate=2016-07-26&todate=2026-07-26&limit=5000
KO,2024-10-28,66.96,67.395,66.6,66.67,10761420,,https://api.nasdaq.com/api/quote/KO/historical?assetclass=stocks&fromdate=2016-07-26&todate=2026-07-26&limit=5000
KO,2024-10-29,66.29,66.34,65.52,65.56,16525920,,https://api.nasdaq.com/api/quote/KO/historical?assetclass=stocks&fromdate=2016-07-26&todate=2026-07-26&limit=5000
KO,2024-10-30,65.51,66.535,65.32,65.92,14177770,,https://api.nasdaq.com/api/quote/KO/historical?assetclass=stocks&fromdate=2016-07-26&todate=2026-07-26&limit=5000
KO,2024-10-31,65.81,65.99,65.255,65.31,13383720,,https://api.nasdaq.com/api/quote/KO/historical?assetclass=stocks&fromdate=2016-07-26&todate=2026-07-26&limit=5000
KO,2024-11-01,65.47,65.66,64.89,65.01,12163090,,https://api.nasdaq.com/api/quote/KO/historical?assetclass=stocks&fromdate=2016-07-26&todate=2026-07-26&limit=5000
KO,2024-11-04,65.08,65.42,64.6507,65.11,10984500,,https://api.nasdaq.com/api/quote/KO/historical?assetclass=stocks&fromdate=2016-07-26&todate=2026-07-26&limit=5000
KO,2024-11-05,64.64,65.4698,64.64,65.37,8780220,,https://api.nasdaq.com/api/quote/KO/historical?assetclass=stocks&fromdate=2016-07-26&todate=2026-07-26&limit=5000
KO,2024-11-06,64.42,64.86,63.18,63.7,22899260,,https://api.nasdaq.com/api/quote/KO/historical?assetclass=stocks&fromdate=2016-07-26&todate=2026-07-26&limit=5000
KO,2024-11-07,64.29,64.39,63.6,63.66,14856050,,https://api.nasdaq.com/api/quote/KO/historical?assetclass=stocks&fromdate=2016-07-26&todate=2026-07-26&limit=5000
KO,2024-11-08,63.91,64.24,63.74,63.92,14719310,,https://api.nasdaq.com/api/quote/KO/historical?assetclass=stocks&fromdate=2016-07-26&todate=2026-07-26&limit=5000
KO,2024-11-11,63.99,64.12,63.2509,63.36,13980870,,https://api.nasdaq.com/api/quote/KO/historical?assetclass=stocks&fromdate=2016-07-26&todate=2026-07-26&limit=5000
KO,2024-11-12,63.68,63.75,63.12,63.2,15020980,,https://api.nasdaq.com/api/quote/KO/historical?assetclass=stocks&fromdate=2016-07-26&todate=2026-07-26&limit=5000
KO,2024-11-13,63.05,63.26,62.49,63,13177640,,https://api.nasdaq.com/api/quote/KO/historical?assetclass=stocks&fromdate=2016-07-26&todate=2026-07-26&limit=5000
KO,2024-11-14,63.11,63.11,62.43,62.55,15910820,,https://api.nasdaq.com/api/quote/KO/historical?assetclass=stocks&fromdate=2016-07-26&todate=2026-07-26&limit=5000
KO,2024-11-15,62.49,62.63,61.39,61.74,26284330,,https://api.nasdaq.com/api/quote/KO/historical?assetclass=stocks&fromdate=2016-07-26&todate=2026-07-26&limit=5000
KO,2024-11-18,61.85,62.14,61.56,61.86,16079360,,https://api.nasdaq.com/api/quote/KO/historical?assetclass=stocks&fromdate=2016-07-26&todate=2026-07-26&limit=5000
KO,2024-11-19,61.9,62.62,61.63,62.59,16254830,,https://api.nasdaq.com/api/quote/KO/historical?assetclass=stocks&fromdate=2016-07-26&todate=2026-07-26&limit=5000
KO,2024-11-20,62.7,63.01,62.02,62.99,18904910,,https://api.nasdaq.com/api/quote/KO/historical?assetclass=stocks&fromdate=2016-07-26&todate=2026-07-26&limit=5000
KO,2024-11-21,63.15,63.81,62.95,63.76,17292300,,https://api.nasdaq.com/api/quote/KO/historical?assetclass=stocks&fromdate=2016-07-26&todate=2026-07-26&limit=5000
KO,2024-11-22,64.24,64.48,63.65,63.92,19562230,,https://api.nasdaq.com/api/quote/KO/historical?assetclass=stocks&fromdate=2016-07-26&todate=2026-07-26&limit=5000
KO,2024-11-25,64.32,64.71,63.84,64.38,36805250,,https://api.nasdaq.com/api/quote/KO/historical?assetclass=stocks&fromdate=2016-07-26&todate=2026-07-26&limit=5000
KO,2024-11-26,64.31,64.64,64.06,64.55,14473270,,https://api.nasdaq.com/api/quote/KO/historical?assetclass=stocks&fromdate=2016-07-26&todate=2026-07-26&limit=5000
KO,2024-11-27,64.96,65.1,64.25,64.43,13263400,,https://api.nasdaq.com/api/quote/KO/historical?assetclass=stocks&fromdate=2016-07-26&todate=2026-07-26&limit=5000
KO,2024-11-29,64.02,64.25,63.77,64.08,10648350,,https://api.nasdaq.com/api/quote/KO/historical?assetclass=stocks&fromdate=2016-07-26&todate=2026-07-26&limit=5000
KO,2024-12-02,64.05,64.19,63.345,63.65,16500100,,https://api.nasdaq.com/api/quote/KO/historical?assetclass=stocks&fromdate=2016-07-26&todate=2026-07-26&limit=5000
KO,2024-12-03,63.72,64.08,63.025,63.52,24874490,,https://api.nasdaq.com/api/quote/KO/historical?assetclass=stocks&fromdate=2016-07-26&todate=2026-07-26&limit=5000
KO,2024-12-04,63.275,63.35,61.9,62.21,28137660,,https://api.nasdaq.com/api/quote/KO/historical?assetclass=stocks&fromdate=2016-07-26&todate=2026-07-26&limit=5000
KO,2024-12-05,62.47,63.12,62.1,62.92,21040360,,https://api.nasdaq.com/api/quote/KO/historical?assetclass=stocks&fromdate=2016-07-26&todate=2026-07-26&limit=5000
KO,2024-12-06,62.83,63.36,62.51,62.53,15581150,,https://api.nasdaq.com/api/quote/KO/historical?assetclass=stocks&fromdate=2016-07-26&todate=2026-07-26&limit=5000
KO,2024-12-09,62.69,62.929,61.9,62.6,22348330,,https://api.nasdaq.com/api/quote/KO/historical?assetclass=stocks&fromdate=2016-07-26&todate=2026-07-26&limit=5000
KO,2024-12-10,62.7,63.04,61.79,62.91,14949420,,https://api.nasdaq.com/api/quote/KO/historical?assetclass=stocks&fromdate=2016-07-26&todate=2026-07-26&limit=5000
KO,2024-12-11,63,63.63,62.4,62.64,32819010,,https://api.nasdaq.com/api/quote/KO/historical?assetclass=stocks&fromdate=2016-07-26&todate=2026-07-26&limit=5000
KO,2024-12-12,63.55,63.92,63.22,63.84,17542090,,https://api.nasdaq.com/api/quote/KO/historical?assetclass=stocks&fromdate=2016-07-26&todate=2026-07-26&limit=5000
KO,2024-12-13,63.57,63.835,63.11,63.12,13429030,,https://api.nasdaq.com/api/quote/KO/historical?assetclass=stocks&fromdate=2016-07-26&todate=2026-07-26&limit=5000
KO,2024-12-16,63.23,63.86,62.35,62.55,24559740,,https://api.nasdaq.com/api/quote/KO/historical?assetclass=stocks&fromdate=2016-07-26&todate=2026-07-26&limit=5000
KO,2024-12-17,62.45,63.55,62.32,63.4,21902380,,https://api.nasdaq.com/api/quote/KO/historical?assetclass=stocks&fromdate=2016-07-26&todate=2026-07-26&limit=5000
KO,2024-12-18,62.81,63.64,62.79,62.85,20946090,,https://api.nasdaq.com/api/quote/KO/historical?assetclass=stocks&fromdate=2016-07-26&todate=2026-07-26&limit=5000
KO,2024-12-19,62.7,63.17,62.4,62.45,21300650,,https://api.nasdaq.com/api/quote/KO/historical?assetclass=stocks&fromdate=2016-07-26&todate=2026-07-26&limit=5000
KO,2024-12-20,62.47,63.06,62.28,62.55,42458100,,https://api.nasdaq.com/api/quote/KO/historical?assetclass=stocks&fromdate=2016-07-26&todate=2026-07-26&limit=5000
KO,2024-12-23,62.5,62.76,61.5318,62.38,13010760,,https://api.nasdaq.com/api/quote/KO/historical?assetclass=stocks&fromdate=2016-07-26&todate=2026-07-26&limit=5000
KO,2024-12-24,62.2,62.84,62.01,62.84,5019131,,https://api.nasdaq.com/api/quote/KO/historical?assetclass=stocks&fromdate=2016-07-26&todate=2026-07-26&limit=5000
KO,2024-12-26,62.62,62.74,62.4,62.57,7945641,,https://api.nasdaq.com/api/quote/KO/historical?assetclass=stocks&fromdate=2016-07-26&todate=2026-07-26&limit=5000
KO,2024-12-27,62.45,62.95,62.209,62.45,8542773,,https://api.nasdaq.com/api/quote/KO/historical?assetclass=stocks&fromdate=2016-07-26&todate=2026-07-26&limit=5000
KO,2024-12-30,62.34,62.34,61.68,62.03,8972212,,https://api.nasdaq.com/api/quote/KO/historical?assetclass=stocks&fromdate=2016-07-26&todate=2026-07-26&limit=5000
KO,2024-12-31,62.02,62.43,61.8,62.26,9256664,,https://api.nasdaq.com/api/quote/KO/historical?assetclass=stocks&fromdate=2016-07-26&todate=2026-07-26&limit=5000
KO,2025-01-02,62.35,62.75,61.62,61.84,12990980,,https://api.nasdaq.com/api/quote/KO/historical?assetclass=stocks&fromdate=2016-07-26&todate=2026-07-26&limit=5000
KO,2025-01-03,61.9,62.075,61.62,61.75,10403200,,https://api.nasdaq.com/api/quote/KO/historical?assetclass=stocks&fromdate=2016-07-26&todate=2026-07-26&limit=5000
KO,2025-01-06,61.5,61.565,60.66,60.81,17924240,,https://api.nasdaq.com/api/quote/KO/historical?assetclass=stocks&fromdate=2016-07-26&todate=2026-07-26&limit=5000
KO,2025-01-07,61.11,61.7175,60.615,60.84,17799630,,https://api.nasdaq.com/api/quote/KO/historical?assetclass=stocks&fromdate=2016-07-26&todate=2026-07-26&limit=5000
KO,2025-01-08,60.99,61.77,60.93,61.71,14412400,,https://api.nasdaq.com/api/quote/KO/historical?assetclass=stocks&fromdate=2016-07-26&todate=2026-07-26&limit=5000
KO,2025-01-10,61.58,61.65,60.73,61.07,22424950,,https://api.nasdaq.com/api/quote/KO/historical?assetclass=stocks&fromdate=2016-07-26&todate=2026-07-26&limit=5000
KO,2025-01-13,61.13,61.845,60.71,61.65,18016170,,https://api.nasdaq.com/api/quote/KO/historical?assetclass=stocks&fromdate=2016-07-26&todate=2026-07-26&limit=5000
KO,2025-01-14,61.655,62.065,61.3,62.04,16658290,,https://api.nasdaq.com/api/quote/KO/historical?assetclass=stocks&fromdate=2016-07-26&todate=2026-07-26&limit=5000
KO,2025-01-15,62.33,62.62,61.68,61.77,16187200,,https://api.nasdaq.com/api/quote/KO/historical?assetclass=stocks&fromdate=2016-07-26&todate=2026-07-26&limit=5000
KO,2025-01-16,61.42,62.3,61.32,62.25,12585530,,https://api.nasdaq.com/api/quote/KO/historical?assetclass=stocks&fromdate=2016-07-26&todate=2026-07-26&limit=5000
KO,2025-01-17,62.31,62.765,62.17,62.71,17948870,,https://api.nasdaq.com/api/quote/KO/historical?assetclass=stocks&fromdate=2016-07-26&todate=2026-07-26&limit=5000
KO,2025-01-21,62.9,63.23,62.3,62.42,19817070,,https://api.nasdaq.com/api/quote/KO/historical?assetclass=stocks&fromdate=2016-07-26&todate=2026-07-26&limit=5000
KO,2025-01-22,62.12,62.285,61.66,61.78,18191890,,https://api.nasdaq.com/api/quote/KO/historical?assetclass=stocks&fromdate=2016-07-26&todate=2026-07-26&limit=5000
KO,2025-01-23,61.8,61.98,61.37,61.53,16528420,,https://api.nasdaq.com/api/quote/KO/historical?assetclass=stocks&fromdate=2016-07-26&todate=2026-07-26&limit=5000
KO,2025-01-24,61.72,62.01,61.435,61.92,19244600,,https://api.nasdaq.com/api/quote/KO/historical?assetclass=stocks&fromdate=2016-07-26&todate=2026-07-26&limit=5000
KO,2025-01-27,62.87,64.18,62.473,63.87,20742920,,https://api.nasdaq.com/api/quote/KO/historical?assetclass=stocks&fromdate=2016-07-26&todate=2026-07-26&limit=5000
KO,2025-01-28,63.51,64.04,62.28,62.36,14956030,,https://api.nasdaq.com/api/quote/KO/historical?assetclass=stocks&fromdate=2016-07-26&todate=2026-07-26&limit=5000
KO,2025-01-29,62.56,63.36,62.55,62.83,11325640,,https://api.nasdaq.com/api/quote/KO/historical?assetclass=stocks&fromdate=2016-07-26&todate=2026-07-26&limit=5000
KO,2025-01-30,63.85,64.285,63.23,64.05,13200980,,https://api.nasdaq.com/api/quote/KO/historical?assetclass=stocks&fromdate=2016-07-26&todate=2026-07-26&limit=5000
KO,2025-01-31,63.7,63.93,63.39,63.48,12102060,,https://api.nasdaq.com/api/quote/KO/historical?assetclass=stocks&fromdate=2016-07-26&todate=2026-07-26&limit=5000
KO,2025-02-03,63.18,63.6299,62.43,63.35,12067880,,https://api.nasdaq.com/api/quote/KO/historical?assetclass=stocks&fromdate=2016-07-26&todate=2026-07-26&limit=5000
KO,2025-02-04,63.61,63.63,62.35,62.67,15678000,,https://api.nasdaq.com/api/quote/KO/historical?assetclass=stocks&fromdate=2016-07-26&todate=2026-07-26&limit=5000
KO,2025-02-05,62.72,63.29,62.585,63.12,10686750,,https://api.nasdaq.com/api/quote/KO/historical?assetclass=stocks&fromdate=2016-07-26&todate=2026-07-26&limit=5000
KO,2025-02-06,63.62,63.74,62.91,63.36,13423410,,https://api.nasdaq.com/api/quote/KO/historical?assetclass=stocks&fromdate=2016-07-26&todate=2026-07-26&limit=5000
KO,2025-02-07,63.43,63.92,63.27,63.84,13184670,,https://api.nasdaq.com/api/quote/KO/historical?assetclass=stocks&fromdate=2016-07-26&todate=2026-07-26&limit=5000
KO,2025-02-10,64.1,64.65,63.66,64.55,16154300,,https://api.nasdaq.com/api/quote/KO/historical?assetclass=stocks&fromdate=2016-07-26&todate=2026-07-26&limit=5000
KO,2025-02-11,67.5,67.67,66.41,67.6,30589150,,https://api.nasdaq.com/api/quote/KO/historical?assetclass=stocks&fromdate=2016-07-26&todate=2026-07-26&limit=5000
KO,2025-02-12,66.87,68.82,66.87,68.71,26033760,,https://api.nasdaq.com/api/quote/KO/historical?assetclass=stocks&fromdate=2016-07-26&todate=2026-07-26&limit=5000
KO,2025-02-13,69,69.61,68.762,69.5,24393150,,https://api.nasdaq.com/api/quote/KO/historical?assetclass=stocks&fromdate=2016-07-26&todate=2026-07-26&limit=5000
KO,2025-02-14,69.365,70.03,68.76,68.87,20779090,,https://api.nasdaq.com/api/quote/KO/historical?assetclass=stocks&fromdate=2016-07-26&todate=2026-07-26&limit=5000
KO,2025-02-18,68.55,69.37,68.42,69.05,15569120,,https://api.nasdaq.com/api/quote/KO/historical?assetclass=stocks&fromdate=2016-07-26&todate=2026-07-26&limit=5000
KO,2025-02-19,69.21,70.13,69.17,70.07,16032270,,https://api.nasdaq.com/api/quote/KO/historical?assetclass=stocks&fromdate=2016-07-26&todate=2026-07-26&limit=5000
KO,2025-02-20,69.71,70.07,69.42,70.04,13398010,,https://api.nasdaq.com/api/quote/KO/historical?assetclass=stocks&fromdate=2016-07-26&todate=2026-07-26&limit=5000
KO,2025-02-21,70.32,71.6,70.13,71.35,21662250,,https://api.nasdaq.com/api/quote/KO/historical?assetclass=stocks&fromdate=2016-07-26&todate=2026-07-26&limit=5000
KO,2025-02-24,70.84,71.73,70.33,70.59,21418440,,https://api.nasdaq.com/api/quote/KO/historical?assetclass=stocks&fromdate=2016-07-26&todate=2026-07-26&limit=5000
KO,2025-02-25,70.86,71.7699,70.73,71.49,21555590,,https://api.nasdaq.com/api/quote/KO/historical?assetclass=stocks&fromdate=2016-07-26&todate=2026-07-26&limit=5000
KO,2025-02-26,71.27,71.275,70.525,70.8,14531180,,https://api.nasdaq.com/api/quote/KO/historical?assetclass=stocks&fromdate=2016-07-26&todate=2026-07-26&limit=5000
KO,2025-02-27,70.72,71.535,70.42,70.87,16789480,,https://api.nasdaq.com/api/quote/KO/historical?assetclass=stocks&fromdate=2016-07-26&todate=2026-07-26&limit=5000
KO,2025-02-28,71.45,71.57,70.56,71.21,22167380,,https://api.nasdaq.com/api/quote/KO/historical?assetclass=stocks&fromdate=2016-07-26&todate=2026-07-26&limit=5000
KO,2025-03-03,70.24,72.36,69.73,72.32,21717600,,https://api.nasdaq.com/api/quote/KO/historical?assetclass=stocks&fromdate=2016-07-26&todate=2026-07-26&limit=5000
KO,2025-03-04,72.07,72.65,69.88,70.19,25411860,,https://api.nasdaq.com/api/quote/KO/historical?assetclass=stocks&fromdate=2016-07-26&todate=2026-07-26&limit=5000
KO,2025-03-05,69.9,70.74,69.84,70.08,23933630,,https://api.nasdaq.com/api/quote/KO/historical?assetclass=stocks&fromdate=2016-07-26&todate=2026-07-26&limit=5000
KO,2025-03-06,70.41,70.529,69.45,70.46,21694030,,https://api.nasdaq.com/api/quote/KO/historical?assetclass=stocks&fromdate=2016-07-26&todate=2026-07-26&limit=5000
KO,2025-03-07,69.65,71.82,69.65,71.43,28393260,,https://api.nasdaq.com/api/quote/KO/historical?assetclass=stocks&fromdate=2016-07-26&todate=2026-07-26&limit=5000
KO,2025-03-10,71.96,73.22,71.315,71.45,25251190,,https://api.nasdaq.com/api/quote/KO/historical?assetclass=stocks&fromdate=2016-07-26&todate=2026-07-26&limit=5000
KO,2025-03-11,71.875,72.04,70.61,71.04,28076440,,https://api.nasdaq.com/api/quote/KO/historical?assetclass=stocks&fromdate=2016-07-26&todate=2026-07-26&limit=5000
KO,2025-03-12,70.37,70.73,69.74,69.94,18923300,,https://api.nasdaq.com/api/quote/KO/historical?assetclass=stocks&fromdate=2016-07-26&todate=2026-07-26&limit=5000
KO,2025-03-13,70.25,70.25,69.281,69.62,15746570,,https://api.nasdaq.com/api/quote/KO/historical?assetclass=stocks&fromdate=2016-07-26&todate=2026-07-26&limit=5000
KO,2025-03-14,68.51,69.26,68.3803,69.16,14205090,,https://api.nasdaq.com/api/quote/KO/historical?assetclass=stocks&fromdate=2016-07-26&todate=2026-07-26&limit=5000
KO,2025-03-17,69.24,70.17,69.08,70.12,15634810,,https://api.nasdaq.com/api/quote/KO/historical?assetclass=stocks&fromdate=2016-07-26&todate=2026-07-26&limit=5000
KO,2025-03-18,70.11,70.19,69.3,69.38,12657620,,https://api.nasdaq.com/api/quote/KO/historical?assetclass=stocks&fromdate=2016-07-26&todate=2026-07-26&limit=5000
KO,2025-03-19,68.55,69.38,68.54,69.28,14780010,,https://api.nasdaq.com/api/quote/KO/historical?assetclass=stocks&fromdate=2016-07-26&todate=2026-07-26&limit=5000
KO,2025-03-20,69.305,69.81,69.09,69.71,16295260,,https://api.nasdaq.com/api/quote/KO/historical?assetclass=stocks&fromdate=2016-07-26&todate=2026-07-26&limit=5000
KO,2025-03-21,69.71,69.97,68.18,68.67,47479470,,https://api.nasdaq.com/api/quote/KO/historical?assetclass=stocks&fromdate=2016-07-26&todate=2026-07-26&limit=5000
KO,2025-03-24,68.8,69.08,68.33,68.95,12575410,,https://api.nasdaq.com/api/quote/KO/historical?assetclass=stocks&fromdate=2016-07-26&todate=2026-07-26&limit=5000
KO,2025-03-25,68.95,69.08,68.6,68.81,12513900,,https://api.nasdaq.com/api/quote/KO/historical?assetclass=stocks&fromdate=2016-07-26&todate=2026-07-26&limit=5000
KO,2025-03-26,68.92,70.35,68.9,70.02,14482760,,https://api.nasdaq.com/api/quote/KO/historical?assetclass=stocks&fromdate=2016-07-26&todate=2026-07-26&limit=5000
KO,2025-03-27,70.18,70.985,70.07,70.74,11663370,,https://api.nasdaq.com/api/quote/KO/historical?assetclass=stocks&fromdate=2016-07-26&todate=2026-07-26&limit=5000
KO,2025-03-28,70.81,71.315,69.53,70.37,17412920,,https://api.nasdaq.com/api/quote/KO/historical?assetclass=stocks&fromdate=2016-07-26&todate=2026-07-26&limit=5000
KO,2025-03-31,70.73,71.9375,70.49,71.62,24016870,,https://api.nasdaq.com/api/quote/KO/historical?assetclass=stocks&fromdate=2016-07-26&todate=2026-07-26&limit=5000
KO,2025-04-01,71.68,71.91,71.185,71.87,15309150,,https://api.nasdaq.com/api/quote/KO/historical?assetclass=stocks&fromdate=2016-07-26&todate=2026-07-26&limit=5000
KO,2025-04-02,71.96,72.36,71.05,71.33,14606520,,https://api.nasdaq.com/api/quote/KO/historical?assetclass=stocks&fromdate=2016-07-26&todate=2026-07-26&limit=5000
KO,2025-04-03,72.48,73.95,72.32,73.18,24959590,,https://api.nasdaq.com/api/quote/KO/historical?assetclass=stocks&fromdate=2016-07-26&todate=2026-07-26&limit=5000
KO,2025-04-04,72.42,73.01,69.79,69.93,26517290,,https://api.nasdaq.com/api/quote/KO/historical?assetclass=stocks&fromdate=2016-07-26&todate=2026-07-26&limit=5000
KO,2025-04-07,66.23,69.38,66.05,68.37,34258360,,https://api.nasdaq.com/api/quote/KO/historical?assetclass=stocks&fromdate=2016-07-26&todate=2026-07-26&limit=5000
KO,2025-04-08,68.96,69.9815,67.76,68.42,22774430,,https://api.nasdaq.com/api/quote/KO/historical?assetclass=stocks&fromdate=2016-07-26&todate=2026-07-26&limit=5000
KO,2025-04-09,67.92,70.47,67.28,69.95,27918680,,https://api.nasdaq.com/api/quote/KO/historical?assetclass=stocks&fromdate=2016-07-26&todate=2026-07-26&limit=5000
KO,2025-04-10,70.19,71.205,68.98,70.76,22450160,,https://api.nasdaq.com/api/quote/KO/historical?assetclass=stocks&fromdate=2016-07-26&todate=2026-07-26&limit=5000
KO,2025-04-11,70.905,71.85,70.54,71.43,19988200,,https://api.nasdaq.com/api/quote/KO/historical?assetclass=stocks&fromdate=2016-07-26&todate=2026-07-26&limit=5000
KO,2025-04-14,71.3,72.66,70.93,72.45,13930210,,https://api.nasdaq.com/api/quote/KO/historical?assetclass=stocks&fromdate=2016-07-26&todate=2026-07-26&limit=5000
KO,2025-04-15,72.62,72.63,71.725,71.86,14965490,,https://api.nasdaq.com/api/quote/KO/historical?assetclass=stocks&fromdate=2016-07-26&todate=2026-07-26&limit=5000
KO,2025-04-16,72.36,72.665,71.385,71.68,15276220,,https://api.nasdaq.com/api/quote/KO/historical?assetclass=stocks&fromdate=2016-07-26&todate=2026-07-26&limit=5000
KO,2025-04-17,71.9,73.425,71.72,73,20754500,,https://api.nasdaq.com/api/quote/KO/historical?assetclass=stocks&fromdate=2016-07-26&todate=2026-07-26&limit=5000
KO,2025-04-21,73.38,73.4723,71.82,72.77,16037190,,https://api.nasdaq.com/api/quote/KO/historical?assetclass=stocks&fromdate=2016-07-26&todate=2026-07-26&limit=5000
KO,2025-04-22,73,74.38,72.92,73.9,15613520,,https://api.nasdaq.com/api/quote/KO/historical?assetclass=stocks&fromdate=2016-07-26&todate=2026-07-26&limit=5000
KO,2025-04-23,73.29,73.95,72.38,73.3,16353930,,https://api.nasdaq.com/api/quote/KO/historical?assetclass=stocks&fromdate=2016-07-26&todate=2026-07-26&limit=5000
KO,2025-04-24,73.02,73.425,72.3,72.52,16893860,,https://api.nasdaq.com/api/quote/KO/historical?assetclass=stocks&fromdate=2016-07-26&todate=2026-07-26&limit=5000
KO,2025-04-25,72.65,72.92,71.125,71.91,16315980,,https://api.nasdaq.com/api/quote/KO/historical?assetclass=stocks&fromdate=2016-07-26&todate=2026-07-26&limit=5000
KO,2025-04-28,72.075,72.26,71.31,71.79,15997500,,https://api.nasdaq.com/api/quote/KO/historical?assetclass=stocks&fromdate=2016-07-26&todate=2026-07-26&limit=5000
KO,2025-04-29,71.19,72.71,70.28,72.35,16244060,,https://api.nasdaq.com/api/quote/KO/historical?assetclass=stocks&fromdate=2016-07-26&todate=2026-07-26&limit=5000
KO,2025-04-30,73.35,73.48,71.685,72.55,21074650,,https://api.nasdaq.com/api/quote/KO/historical?assetclass=stocks&fromdate=2016-07-26&todate=2026-07-26&limit=5000
KO,2025-05-01,72,72.04,71.23,71.29,18034160,,https://api.nasdaq.com/api/quote/KO/historical?assetclass=stocks&fromdate=2016-07-26&todate=2026-07-26&limit=5000
KO,2025-05-02,71.5,71.815,71.095,71.65,12629590,,https://api.nasdaq.com/api/quote/KO/historical?assetclass=stocks&fromdate=2016-07-26&todate=2026-07-26&limit=5000
KO,2025-05-05,71.67,71.8,71.01,71.7,11932690,,https://api.nasdaq.com/api/quote/KO/historical?assetclass=stocks&fromdate=2016-07-26&todate=2026-07-26&limit=5000
KO,2025-05-06,71.675,71.9,71.16,71.72,12705480,,https://api.nasdaq.com/api/quote/KO/historical?assetclass=stocks&fromdate=2016-07-26&todate=2026-07-26&limit=5000
KO,2025-05-07,71.72,72.685,71.67,72.4,15025790,,https://api.nasdaq.com/api/quote/KO/historical?assetclass=stocks&fromdate=2016-07-26&todate=2026-07-26&limit=5000
KO,2025-05-08,72.2,72.47,71.13,71.17,14371060,,https://api.nasdaq.com/api/quote/KO/historical?assetclass=stocks&fromdate=2016-07-26&todate=2026-07-26&limit=5000
KO,2025-05-09,70.99,71.15,70.46,70.52,11228950,,https://api.nasdaq.com/api/quote/KO/historical?assetclass=stocks&fromdate=2016-07-26&todate=2026-07-26&limit=5000
KO,2025-05-12,70.145,70.33,68.7,69.53,21539010,,https://api.nasdaq.com/api/quote/KO/historical?assetclass=stocks&fromdate=2016-07-26&todate=2026-07-26&limit=5000
KO,2025-05-13,69.59,69.69,68.87,68.96,14389050,,https://api.nasdaq.com/api/quote/KO/historical?assetclass=stocks&fromdate=2016-07-26&todate=2026-07-26&limit=5000
KO,2025-05-14,68.88,69.34,68.58,69.16,16286800,,https://api.nasdaq.com/api/quote/KO/historical?assetclass=stocks&fromdate=2016-07-26&todate=2026-07-26&limit=5000
KO,2025-05-15,69.7,71.73,69.6,71.61,19817100,,https://api.nasdaq.com/api/quote/KO/historical?assetclass=stocks&fromdate=2016-07-26&todate=2026-07-26&limit=5000
KO,2025-05-16,71.86,72.26,71.43,72,18441200,,https://api.nasdaq.com/api/quote/KO/historical?assetclass=stocks&fromdate=2016-07-26&todate=2026-07-26&limit=5000
KO,2025-05-19,72.03,72.17,71.64,71.93,13282780,,https://api.nasdaq.com/api/quote/KO/historical?assetclass=stocks&fromdate=2016-07-26&todate=2026-07-26&limit=5000
KO,2025-05-20,71.8,72.13,71.43,71.69,12137800,,https://api.nasdaq.com/api/quote/KO/historical?assetclass=stocks&fromdate=2016-07-26&todate=2026-07-26&limit=5000
KO,2025-05-21,71.69,72.08,71.585,71.85,12094420,,https://api.nasdaq.com/api/quote/KO/historical?assetclass=stocks&fromdate=2016-07-26&todate=2026-07-26&limit=5000
KO,2025-05-22,71.84,71.985,70.96,71.14,11101800,,https://api.nasdaq.com/api/quote/KO/historical?assetclass=stocks&fromdate=2016-07-26&todate=2026-07-26&limit=5000
KO,2025-05-23,71.54,71.98,70.685,71.77,12822150,,https://api.nasdaq.com/api/quote/KO/historical?assetclass=stocks&fromdate=2016-07-26&todate=2026-07-26&limit=5000
KO,2025-05-27,71.74,72.22,71.56,71.78,10666100,,https://api.nasdaq.com/api/quote/KO/historical?assetclass=stocks&fromdate=2016-07-26&todate=2026-07-26&limit=5000
KO,2025-05-28,71.7,71.9,71.05,71.15,8710896,,https://api.nasdaq.com/api/quote/KO/historical?assetclass=stocks&fromdate=2016-07-26&todate=2026-07-26&limit=5000
KO,2025-05-29,71,71.66,70.46,71.49,10294100,,https://api.nasdaq.com/api/quote/KO/historical?assetclass=stocks&fromdate=2016-07-26&todate=2026-07-26&limit=5000
KO,2025-05-30,71.605,72.47,71.605,72.1,28019550,,https://api.nasdaq.com/api/quote/KO/historical?assetclass=stocks&fromdate=2016-07-26&todate=2026-07-26&limit=5000
KO,2025-06-02,72.025,72.04,71.36,72,10202740,,https://api.nasdaq.com/api/quote/KO/historical?assetclass=stocks&fromdate=2016-07-26&todate=2026-07-26&limit=5000
KO,2025-06-03,71.71,71.78,70.475,71.16,20139770,,https://api.nasdaq.com/api/quote/KO/historical?assetclass=stocks&fromdate=2016-07-26&todate=2026-07-26&limit=5000
KO,2025-06-04,71.26,71.845,70.68,71.37,13565890,,https://api.nasdaq.com/api/quote/KO/historical?assetclass=stocks&fromdate=2016-07-26&todate=2026-07-26&limit=5000
KO,2025-06-05,71.38,71.455,70.835,70.91,13535620,,https://api.nasdaq.com/api/quote/KO/historical?assetclass=stocks&fromdate=2016-07-26&todate=2026-07-26&limit=5000
KO,2025-06-06,71.085,71.48,70.9448,71.35,9524036,,https://api.nasdaq.com/api/quote/KO/historical?assetclass=stocks&fromdate=2016-07-26&todate=2026-07-26&limit=5000
KO,2025-06-09,71.35,71.83,71.09,71.77,12281340,,https://api.nasdaq.com/api/quote/KO/historical?assetclass=stocks&fromdate=2016-07-26&todate=2026-07-26&limit=5000
KO,2025-06-10,71.9,72.685,71.76,72.35,12264970,,https://api.nasdaq.com/api/quote/KO/historical?assetclass=stocks&fromdate=2016-07-26&todate=2026-07-26&limit=5000
KO,2025-06-11,72.265,72.36,71.76,72.07,12718510,,https://api.nasdaq.com/api/quote/KO/historical?assetclass=stocks&fromdate=2016-07-26&todate=2026-07-26&limit=5000
KO,2025-06-12,72.25,72.3999,71.6,72.24,12806910,,https://api.nasdaq.com/api/quote/KO/historical?assetclass=stocks&fromdate=2016-07-26&todate=2026-07-26&limit=5000
KO,2025-06-13,71.77,71.88,70.73,71.02,17467160,,https://api.nasdaq.com/api/quote/KO/historical?assetclass=stocks&fromdate=2016-07-26&todate=2026-07-26&limit=5000
KO,2025-06-16,71.2,71.62,70.24,70.52,15045880,,https://api.nasdaq.com/api/quote/KO/historical?assetclass=stocks&fromdate=2016-07-26&todate=2026-07-26&limit=5000
KO,2025-06-17,70.38,70.46,69.58,69.62,15437030,,https://api.nasdaq.com/api/quote/KO/historical?assetclass=stocks&fromdate=2016-07-26&todate=2026-07-26&limit=5000
KO,2025-06-18,70,70,69.09,69.21,16227580,,https://api.nasdaq.com/api/quote/KO/historical?assetclass=stocks&fromdate=2016-07-26&todate=2026-07-26&limit=5000
KO,2025-06-20,69.09,69.5554,68.78,68.84,40859430,,https://api.nasdaq.com/api/quote/KO/historical?assetclass=stocks&fromdate=2016-07-26&todate=2026-07-26&limit=5000
KO,2025-06-23,69.14,69.81,68.97,69.74,21822770,,https://api.nasdaq.com/api/quote/KO/historical?assetclass=stocks&fromdate=2016-07-26&todate=2026-07-26&limit=5000
KO,2025-06-24,69.945,70.35,69.685,70.21,15216080,,https://api.nasdaq.com/api/quote/KO/historical?assetclass=stocks&fromdate=2016-07-26&todate=2026-07-26&limit=5000
KO,2025-06-25,69.925,70.02,69.43,69.63,12540370,,https://api.nasdaq.com/api/quote/KO/historical?assetclass=stocks&fromdate=2016-07-26&todate=2026-07-26&limit=5000
KO,2025-06-26,69.7,69.92,69.145,69.47,14454090,,https://api.nasdaq.com/api/quote/KO/historical?assetclass=stocks&fromdate=2016-07-26&todate=2026-07-26&limit=5000
KO,2025-06-27,69.59,70.56,69.47,70.33,23470690,,https://api.nasdaq.com/api/quote/KO/historical?assetclass=stocks&fromdate=2016-07-26&todate=2026-07-26&limit=5000
KO,2025-06-30,70.125,70.79,70.09,70.75,15428970,,https://api.nasdaq.com/api/quote/KO/historical?assetclass=stocks&fromdate=2016-07-26&todate=2026-07-26&limit=5000
KO,2025-07-01,70.99,72.45,70.9,71.67,21729280,,https://api.nasdaq.com/api/quote/KO/historical?assetclass=stocks&fromdate=2016-07-26&todate=2026-07-26&limit=5000
KO,2025-07-02,71.69,71.825,70.735,70.91,13050240,,https://api.nasdaq.com/api/quote/KO/historical?assetclass=stocks&fromdate=2016-07-26&todate=2026-07-26&limit=5000
KO,2025-07-03,71.04,71.395,70.45,71.35,9440457,,https://api.nasdaq.com/api/quote/KO/historical?assetclass=stocks&fromdate=2016-07-26&todate=2026-07-26&limit=5000
KO,2025-07-07,71.37,71.37,70.8,71.01,16984680,,https://api.nasdaq.com/api/quote/KO/historical?assetclass=stocks&fromdate=2016-07-26&todate=2026-07-26&limit=5000
KO,2025-07-08,70.68,70.68,69.88,70.24,17115520,,https://api.nasdaq.com/api/quote/KO/historical?assetclass=stocks&fromdate=2016-07-26&todate=2026-07-26&limit=5000
KO,2025-07-09,70.16,70.25,68.97,69.48,33704120,,https://api.nasdaq.com/api/quote/KO/historical?assetclass=stocks&fromdate=2016-07-26&todate=2026-07-26&limit=5000
KO,2025-07-10,69.29,69.845,69.16,69.77,14615050,,https://api.nasdaq.com/api/quote/KO/historical?assetclass=stocks&fromdate=2016-07-26&todate=2026-07-26&limit=5000
KO,2025-07-11,69.565,70.155,69.25,69.87,12916670,,https://api.nasdaq.com/api/quote/KO/historical?assetclass=stocks&fromdate=2016-07-26&todate=2026-07-26&limit=5000
KO,2025-07-14,69.8,70.08,69.2719,69.47,13983250,,https://api.nasdaq.com/api/quote/KO/historical?assetclass=stocks&fromdate=2016-07-26&todate=2026-07-26&limit=5000
KO,2025-07-15,69.51,69.55,69.15,69.36,12639810,,https://api.nasdaq.com/api/quote/KO/historical?assetclass=stocks&fromdate=2016-07-26&todate=2026-07-26&limit=5000
KO,2025-07-16,69.35,69.5,68.79,69.27,13178290,,https://api.nasdaq.com/api/quote/KO/historical?assetclass=stocks&fromdate=2016-07-26&todate=2026-07-26&limit=5000
KO,2025-07-17,69.81,70.685,69.51,70.59,20464660,,https://api.nasdaq.com/api/quote/KO/historical?assetclass=stocks&fromdate=2016-07-26&todate=2026-07-26&limit=5000
KO,2025-07-18,70.445,70.7,69.835,69.85,14927950,,https://api.nasdaq.com/api/quote/KO/historical?assetclass=stocks&fromdate=2016-07-26&todate=2026-07-26&limit=5000
KO,2025-07-21,70.195,70.62,69.93,70.07,17811720,,https://api.nasdaq.com/api/quote/KO/historical?assetclass=stocks&fromdate=2016-07-26&todate=2026-07-26&limit=5000
KO,2025-07-22,69.45,70.2592,68.69,69.66,22339880,,https://api.nasdaq.com/api/quote/KO/historical?assetclass=stocks&fromdate=2016-07-26&todate=2026-07-26&limit=5000
KO,2025-07-23,69.66,69.74,68.6,69.16,21029990,,https://api.nasdaq.com/api/quote/KO/historical?assetclass=stocks&fromdate=2016-07-26&todate=2026-07-26&limit=5000
KO,2025-07-24,69.255,69.55,68.99,69.1,12511370,,https://api.nasdaq.com/api/quote/KO/historical?assetclass=stocks&fromdate=2016-07-26&todate=2026-07-26&limit=5000
KO,2025-07-25,69.13,69.23,68.75,69.17,12574820,,https://api.nasdaq.com/api/quote/KO/historical?assetclass=stocks&fromdate=2016-07-26&todate=2026-07-26&limit=5000
KO,2025-07-28,68.74,68.9,68.06,68.09,13668800,,https://api.nasdaq.com/api/quote/KO/historical?assetclass=stocks&fromdate=2016-07-26&todate=2026-07-26&limit=5000
KO,2025-07-29,68.34,69.42,68.15,69.38,16223380,,https://api.nasdaq.com/api/quote/KO/historical?assetclass=stocks&fromdate=2016-07-26&todate=2026-07-26&limit=5000
KO,2025-07-30,69.11,69.33,68.525,68.75,10448180,,https://api.nasdaq.com/api/quote/KO/historical?assetclass=stocks&fromdate=2016-07-26&todate=2026-07-26&limit=5000
KO,2025-07-31,68.15,68.65,67.74,67.89,17193420,,https://api.nasdaq.com/api/quote/KO/historical?assetclass=stocks&fromdate=2016-07-26&todate=2026-07-26&limit=5000
KO,2025-08-01,68.595,69.04,68.27,68.86,16107510,,https://api.nasdaq.com/api/quote/KO/historical?assetclass=stocks&fromdate=2016-07-26&todate=2026-07-26&limit=5000
KO,2025-08-04,68.715,69.085,68.31,68.96,10701530,,https://api.nasdaq.com/api/quote/KO/historical?assetclass=stocks&fromdate=2016-07-26&todate=2026-07-26&limit=5000
KO,2025-08-05,68.9,69.485,68.75,69.05,11993390,,https://api.nasdaq.com/api/quote/KO/historical?assetclass=stocks&fromdate=2016-07-26&todate=2026-07-26&limit=5000
KO,2025-08-06,69.12,69.8,68.63,69.51,10782980,,https://api.nasdaq.com/api/quote/KO/historical?assetclass=stocks&fromdate=2016-07-26&todate=2026-07-26&limit=5000
KO,2025-08-07,69.46,70.715,69.33,70.43,15790800,,https://api.nasdaq.com/api/quote/KO/historical?assetclass=stocks&fromdate=2016-07-26&todate=2026-07-26&limit=5000
KO,2025-08-08,70.365,70.871,70.08,70.34,9232651,,https://api.nasdaq.com/api/quote/KO/historical?assetclass=stocks&fromdate=2016-07-26&todate=2026-07-26&limit=5000
KO,2025-08-11,70.3,70.86,69.96,70.75,10909370,,https://api.nasdaq.com/api/quote/KO/historical?assetclass=stocks&fromdate=2016-07-26&todate=2026-07-26&limit=5000
KO,2025-08-12,70.815,71.06,70.22,70.71,11065040,,https://api.nasdaq.com/api/quote/KO/historical?assetclass=stocks&fromdate=2016-07-26&todate=2026-07-26&limit=5000
KO,2025-08-13,70.69,70.77,70.23,70.46,10356520,,https://api.nasdaq.com/api/quote/KO/historical?assetclass=stocks&fromdate=2016-07-26&todate=2026-07-26&limit=5000
KO,2025-08-14,70.38,70.46,69.39,69.55,10722370,,https://api.nasdaq.com/api/quote/KO/historical?assetclass=stocks&fromdate=2016-07-26&todate=2026-07-26&limit=5000
KO,2025-08-15,69.74,70.385,69.57,69.92,12381110,,https://api.nasdaq.com/api/quote/KO/historical?assetclass=stocks&fromdate=2016-07-26&todate=2026-07-26&limit=5000
KO,2025-08-18,69.98,70.05,69.05,69.13,14094880,,https://api.nasdaq.com/api/quote/KO/historical?assetclass=stocks&fromdate=2016-07-26&todate=2026-07-26&limit=5000
KO,2025-08-19,69.3,70.22,69.24,70.13,13862210,,https://api.nasdaq.com/api/quote/KO/historical?assetclass=stocks&fromdate=2016-07-26&todate=2026-07-26&limit=5000
KO,2025-08-20,70.74,71.705,70.405,70.7,17530850,,https://api.nasdaq.com/api/quote/KO/historical?assetclass=stocks&fromdate=2016-07-26&todate=2026-07-26&limit=5000
KO,2025-08-21,70.6,70.905,70.33,70.66,8840427,,https://api.nasdaq.com/api/quote/KO/historical?assetclass=stocks&fromdate=2016-07-26&todate=2026-07-26&limit=5000
KO,2025-08-22,70.96,71.02,69.92,70.13,12999610,,https://api.nasdaq.com/api/quote/KO/historical?assetclass=stocks&fromdate=2016-07-26&todate=2026-07-26&limit=5000
KO,2025-08-25,70.11,70.23,68.715,68.93,13634560,,https://api.nasdaq.com/api/quote/KO/historical?assetclass=stocks&fromdate=2016-07-26&todate=2026-07-26&limit=5000
KO,2025-08-26,69.04,69.08,68.575,68.73,17964230,,https://api.nasdaq.com/api/quote/KO/historical?assetclass=stocks&fromdate=2016-07-26&todate=2026-07-26&limit=5000
KO,2025-08-27,68.82,68.87,68.465,68.83,11562740,,https://api.nasdaq.com/api/quote/KO/historical?assetclass=stocks&fromdate=2016-07-26&todate=2026-07-26&limit=5000
KO,2025-08-28,68.88,68.9,68.28,68.36,16209870,,https://api.nasdaq.com/api/quote/KO/historical?assetclass=stocks&fromdate=2016-07-26&todate=2026-07-26&limit=5000
KO,2025-08-29,68.67,69.14,68.425,68.99,14601090,,https://api.nasdaq.com/api/quote/KO/historical?assetclass=stocks&fromdate=2016-07-26&todate=2026-07-26&limit=5000
KO,2025-09-02,68.96,69.34,68.255,69.06,24770070,,https://api.nasdaq.com/api/quote/KO/historical?assetclass=stocks&fromdate=2016-07-26&todate=2026-07-26&limit=5000
KO,2025-09-03,68.66,69.095,67.37,68.99,33581490,,https://api.nasdaq.com/api/quote/KO/historical?assetclass=stocks&fromdate=2016-07-26&todate=2026-07-26&limit=5000
KO,2025-09-04,69.11,69.46,68.115,68.25,16736010,,https://api.nasdaq.com/api/quote/KO/historical?assetclass=stocks&fromdate=2016-07-26&todate=2026-07-26&limit=5000
KO,2025-09-05,68.01,68.58,67.87,67.96,23978000,,https://api.nasdaq.com/api/quote/KO/historical?assetclass=stocks&fromdate=2016-07-26&todate=2026-07-26&limit=5000
KO,2025-09-08,67.855,67.88,67.16,67.43,21671750,,https://api.nasdaq.com/api/quote/KO/historical?assetclass=stocks&fromdate=2016-07-26&todate=2026-07-26&limit=5000
KO,2025-09-09,67.28,68.105,67.28,67.86,14120570,,https://api.nasdaq.com/api/quote/KO/historical?assetclass=stocks&fromdate=2016-07-26&todate=2026-07-26&limit=5000
KO,2025-09-10,67.79,68.0854,67.21,67.82,16041930,,https://api.nasdaq.com/api/quote/KO/historical?assetclass=stocks&fromdate=2016-07-26&todate=2026-07-26&limit=5000
KO,2025-09-11,67.92,68.165,67.58,67.62,15128730,,https://api.nasdaq.com/api/quote/KO/historical?assetclass=stocks&fromdate=2016-07-26&todate=2026-07-26&limit=5000
KO,2025-09-12,67.6,67.715,66.935,67.01,18712350,,https://api.nasdaq.com/api/quote/KO/historical?assetclass=stocks&fromdate=2016-07-26&todate=2026-07-26&limit=5000
KO,2025-09-15,66.68,66.78,66.1,66.21,15986130,,https://api.nasdaq.com/api/quote/KO/historical?assetclass=stocks&fromdate=2016-07-26&todate=2026-07-26&limit=5000
KO,2025-09-16,66.35,66.51,66.055,66.24,18555910,,https://api.nasdaq.com/api/quote/KO/historical?assetclass=stocks&fromdate=2016-07-26&todate=2026-07-26&limit=5000
KO,2025-09-17,66.405,67.13,66.405,67.04,17372330,,https://api.nasdaq.com/api/quote/KO/historical?assetclass=stocks&fromdate=2016-07-26&todate=2026-07-26&limit=5000
KO,2025-09-18,66.8,67.035,66.35,66.46,17722920,,https://api.nasdaq.com/api/quote/KO/historical?assetclass=stocks&fromdate=2016-07-26&todate=2026-07-26&limit=5000
KO,2025-09-19,66.49,66.73,66.045,66.43,31192850,,https://api.nasdaq.com/api/quote/KO/historical?assetclass=stocks&fromdate=2016-07-26&todate=2026-07-26&limit=5000
KO,2025-09-22,66.16,66.59,66.08,66.21,13298740,,https://api.nasdaq.com/api/quote/KO/historical?assetclass=stocks&fromdate=2016-07-26&todate=2026-07-26&limit=5000
KO,2025-09-23,66.35,66.76,65.9,66.71,15072790,,https://api.nasdaq.com/api/quote/KO/historical?assetclass=stocks&fromdate=2016-07-26&todate=2026-07-26&limit=5000
KO,2025-09-24,66.405,66.78,65.96,66.45,14759290,,https://api.nasdaq.com/api/quote/KO/historical?assetclass=stocks&fromdate=2016-07-26&todate=2026-07-26&limit=5000
KO,2025-09-25,66.75,66.92,65.95,65.98,14395010,,https://api.nasdaq.com/api/quote/KO/historical?assetclass=stocks&fromdate=2016-07-26&todate=2026-07-26&limit=5000
KO,2025-09-26,66.07,66.335,65.5,65.67,17821570,,https://api.nasdaq.com/api/quote/KO/historical?assetclass=stocks&fromdate=2016-07-26&todate=2026-07-26&limit=5000
KO,2025-09-29,65.67,66.1,65.3538,66.04,14818530,,https://api.nasdaq.com/api/quote/KO/historical?assetclass=stocks&fromdate=2016-07-26&todate=2026-07-26&limit=5000
KO,2025-09-30,66.07,66.64,65.9601,66.32,13814990,,https://api.nasdaq.com/api/quote/KO/historical?assetclass=stocks&fromdate=2016-07-26&todate=2026-07-26&limit=5000
KO,2025-10-01,66.505,66.83,66.29,66.78,14877540,,https://api.nasdaq.com/api/quote/KO/historical?assetclass=stocks&fromdate=2016-07-26&todate=2026-07-26&limit=5000
KO,2025-10-02,66.525,66.65,65.86,66.1,14350720,,https://api.nasdaq.com/api/quote/KO/historical?assetclass=stocks&fromdate=2016-07-26&todate=2026-07-26&limit=5000
KO,2025-10-03,66.1,66.985,66.04,66.65,12249240,,https://api.nasdaq.com/api/quote/KO/historical?assetclass=stocks&fromdate=2016-07-26&todate=2026-07-26&limit=5000
KO,2025-10-06,66.49,66.5,65.84,66.1,14333320,,https://api.nasdaq.com/api/quote/KO/historical?assetclass=stocks&fromdate=2016-07-26&todate=2026-07-26&limit=5000
KO,2025-10-07,66.225,67.26,65.87,66.79,13328270,,https://api.nasdaq.com/api/quote/KO/historical?assetclass=stocks&fromdate=2016-07-26&todate=2026-07-26&limit=5000
KO,2025-10-08,66.665,66.87,66.06,66.12,12606680,,https://api.nasdaq.com/api/quote/KO/historical?assetclass=stocks&fromdate=2016-07-26&todate=2026-07-26&limit=5000
KO,2025-10-09,66.29,66.8,66.12,66.37,12705190,,https://api.nasdaq.com/api/quote/KO/historical?assetclass=stocks&fromdate=2016-07-26&todate=2026-07-26&limit=5000
KO,2025-10-10,66.52,67.395,66.375,67.04,17991740,,https://api.nasdaq.com/api/quote/KO/historical?assetclass=stocks&fromdate=2016-07-26&todate=2026-07-26&limit=5000
KO,2025-10-13,66.23,66.8,66,66.8,13690030,,https://api.nasdaq.com/api/quote/KO/historical?assetclass=stocks&fromdate=2016-07-26&todate=2026-07-26&limit=5000
KO,2025-10-14,66.87,67.57,66.745,67.51,14245560,,https://api.nasdaq.com/api/quote/KO/historical?assetclass=stocks&fromdate=2016-07-26&todate=2026-07-26&limit=5000
KO,2025-10-15,67.265,67.72,66.92,67.08,11193720,,https://api.nasdaq.com/api/quote/KO/historical?assetclass=stocks&fromdate=2016-07-26&todate=2026-07-26&limit=5000
KO,2025-10-16,67.175,68.105,67.16,67.59,15707230,,https://api.nasdaq.com/api/quote/KO/historical?assetclass=stocks&fromdate=2016-07-26&todate=2026-07-26&limit=5000
KO,2025-10-17,68,68.495,67.8,68.44,15541770,,https://api.nasdaq.com/api/quote/KO/historical?assetclass=stocks&fromdate=2016-07-26&todate=2026-07-26&limit=5000
KO,2025-10-20,68.425,68.64,67.92,68.44,17786780,,https://api.nasdaq.com/api/quote/KO/historical?assetclass=stocks&fromdate=2016-07-26&todate=2026-07-26&limit=5000
KO,2025-10-21,70.565,71.39,70.23,71.22,33651300,,https://api.nasdaq.com/api/quote/KO/historical?assetclass=stocks&fromdate=2016-07-26&todate=2026-07-26&limit=5000
KO,2025-10-22,71.36,71.615,70.51,70.81,18292950,,https://api.nasdaq.com/api/quote/KO/historical?assetclass=stocks&fromdate=2016-07-26&todate=2026-07-26&limit=5000
KO,2025-10-23,70.81,70.9287,69.72,69.94,13989410,,https://api.nasdaq.com/api/quote/KO/historical?assetclass=stocks&fromdate=2016-07-26&todate=2026-07-26&limit=5000
KO,2025-10-24,69.91,70.05,69.645,69.71,15688200,,https://api.nasdaq.com/api/quote/KO/historical?assetclass=stocks&fromdate=2016-07-26&todate=2026-07-26&limit=5000
KO,2025-10-27,69.78,70.115,69.25,70.06,13800050,,https://api.nasdaq.com/api/quote/KO/historical?assetclass=stocks&fromdate=2016-07-26&todate=2026-07-26&limit=5000
KO,2025-10-28,70.045,70.9,69.95,70.16,12730490,,https://api.nasdaq.com/api/quote/KO/historical?assetclass=stocks&fromdate=2016-07-26&todate=2026-07-26&limit=5000
KO,2025-10-29,69.92,70.03,68.155,68.35,19789610,,https://api.nasdaq.com/api/quote/KO/historical?assetclass=stocks&fromdate=2016-07-26&todate=2026-07-26&limit=5000
KO,2025-10-30,68.45,69.29,68.3872,68.98,14751740,,https://api.nasdaq.com/api/quote/KO/historical?assetclass=stocks&fromdate=2016-07-26&todate=2026-07-26&limit=5000
KO,2025-10-31,68.545,69.07,67.9001,68.9,16742680,,https://api.nasdaq.com/api/quote/KO/historical?assetclass=stocks&fromdate=2016-07-26&todate=2026-07-26&limit=5000
KO,2025-11-03,68.8,68.89,67.66,67.97,15660350,,https://api.nasdaq.com/api/quote/KO/historical?assetclass=stocks&fromdate=2016-07-26&todate=2026-07-26&limit=5000
KO,2025-11-04,68.47,68.73,68.16,68.66,12743780,,https://api.nasdaq.com/api/quote/KO/historical?assetclass=stocks&fromdate=2016-07-26&todate=2026-07-26&limit=5000
KO,2025-11-05,68.66,68.83,68.175,68.51,12850130,,https://api.nasdaq.com/api/quote/KO/historical?assetclass=stocks&fromdate=2016-07-26&todate=2026-07-26&limit=5000
KO,2025-11-06,68.3,69.135,67.92,69.06,15906650,,https://api.nasdaq.com/api/quote/KO/historical?assetclass=stocks&fromdate=2016-07-26&todate=2026-07-26&limit=5000
KO,2025-11-07,69.81,70.87,69.41,70.55,25108310,,https://api.nasdaq.com/api/quote/KO/historical?assetclass=stocks&fromdate=2016-07-26&todate=2026-07-26&limit=5000
KO,2025-11-10,70.01,70.66,69.44,70.52,15317990,,https://api.nasdaq.com/api/quote/KO/historical?assetclass=stocks&fromdate=2016-07-26&todate=2026-07-26&limit=5000
KO,2025-11-11,70.98,71.75,70.66,71.61,16160210,,https://api.nasdaq.com/api/quote/KO/historical?assetclass=stocks&fromdate=2016-07-26&todate=2026-07-26&limit=5000
KO,2025-11-12,71.49,71.89,71.34,71.51,13612610,,https://api.nasdaq.com/api/quote/KO/historical?assetclass=stocks&fromdate=2016-07-26&todate=2026-07-26&limit=5000
KO,2025-11-13,71.415,71.6675,71,71.07,14002820,,https://api.nasdaq.com/api/quote/KO/historical?assetclass=stocks&fromdate=2016-07-26&todate=2026-07-26&limit=5000
KO,2025-11-14,71.405,71.64,70.6,71.16,13172020,,https://api.nasdaq.com/api/quote/KO/historical?assetclass=stocks&fromdate=2016-07-26&todate=2026-07-26&limit=5000
KO,2025-11-17,71.2,71.525,70.62,70.68,14772290,,https://api.nasdaq.com/api/quote/KO/historical?assetclass=stocks&fromdate=2016-07-26&todate=2026-07-26&limit=5000
KO,2025-11-18,70.99,71.34,70.57,71.22,12838920,,https://api.nasdaq.com/api/quote/KO/historical?assetclass=stocks&fromdate=2016-07-26&todate=2026-07-26&limit=5000
KO,2025-11-19,71.2,71.445,70.8143,71.11,12401530,,https://api.nasdaq.com/api/quote/KO/historical?assetclass=stocks&fromdate=2016-07-26&todate=2026-07-26&limit=5000
KO,2025-11-20,70.95,71.48,70.61,71.21,15396540,,https://api.nasdaq.com/api/quote/KO/historical?assetclass=stocks&fromdate=2016-07-26&todate=2026-07-26&limit=5000
KO,2025-11-21,71.68,73.19,71.485,72.95,26492530,,https://api.nasdaq.com/api/quote/KO/historical?assetclass=stocks&fromdate=2016-07-26&todate=2026-07-26&limit=5000
KO,2025-11-24,73.16,73.16,71.57,72.59,39818550,,https://api.nasdaq.com/api/quote/KO/historical?assetclass=stocks&fromdate=2016-07-26&todate=2026-07-26&limit=5000
KO,2025-11-25,72.795,72.925,72.1395,72.61,17451160,,https://api.nasdaq.com/api/quote/KO/historical?assetclass=stocks&fromdate=2016-07-26&todate=2026-07-26&limit=5000
KO,2025-11-26,72.6,73.085,72.39,72.88,11795060,,https://api.nasdaq.com/api/quote/KO/historical?assetclass=stocks&fromdate=2016-07-26&todate=2026-07-26&limit=5000
KO,2025-11-28,73,73.23,72.76,73.12,7423049,,https://api.nasdaq.com/api/quote/KO/historical?assetclass=stocks&fromdate=2016-07-26&todate=2026-07-26&limit=5000
KO,2025-12-01,72.6,72.905,71.93,71.95,14388080,,https://api.nasdaq.com/api/quote/KO/historical?assetclass=stocks&fromdate=2016-07-26&todate=2026-07-26&limit=5000
KO,2025-12-02,71.8,71.8,70.43,70.67,19871300,,https://api.nasdaq.com/api/quote/KO/historical?assetclass=stocks&fromdate=2016-07-26&todate=2026-07-26&limit=5000
KO,2025-12-03,70.88,71.4,70.61,70.81,17001670,,https://api.nasdaq.com/api/quote/KO/historical?assetclass=stocks&fromdate=2016-07-26&todate=2026-07-26&limit=5000
KO,2025-12-04,70.83,71.34,70.3701,70.45,17710030,,https://api.nasdaq.com/api/quote/KO/historical?assetclass=stocks&fromdate=2016-07-26&todate=2026-07-26&limit=5000
KO,2025-12-05,70.315,70.71,69.8735,70,13978240,,https://api.nasdaq.com/api/quote/KO/historical?assetclass=stocks&fromdate=2016-07-26&todate=2026-07-26&limit=5000
KO,2025-12-08,69.84,70.38,69.49,70.25,17775100,,https://api.nasdaq.com/api/quote/KO/historical?assetclass=stocks&fromdate=2016-07-26&todate=2026-07-26&limit=5000
KO,2025-12-09,70.37,70.625,69.83,70.09,13010620,,https://api.nasdaq.com/api/quote/KO/historical?assetclass=stocks&fromdate=2016-07-26&todate=2026-07-26&limit=5000
KO,2025-12-10,70.39,70.53,69.78,70.21,29789360,,https://api.nasdaq.com/api/quote/KO/historical?assetclass=stocks&fromdate=2016-07-26&todate=2026-07-26&limit=5000
KO,2025-12-11,70.55,70.69,68.79,69.11,23124160,,https://api.nasdaq.com/api/quote/KO/historical?assetclass=stocks&fromdate=2016-07-26&todate=2026-07-26&limit=5000
KO,2025-12-12,69.11,70.6199,69.04,70.52,18444510,,https://api.nasdaq.com/api/quote/KO/historical?assetclass=stocks&fromdate=2016-07-26&todate=2026-07-26&limit=5000
KO,2025-12-15,70.43,71.315,70.32,70.97,18660050,,https://api.nasdaq.com/api/quote/KO/historical?assetclass=stocks&fromdate=2016-07-26&todate=2026-07-26&limit=5000
KO,2025-12-16,71.3,71.3,70.32,70.37,17370020,,https://api.nasdaq.com/api/quote/KO/historical?assetclass=stocks&fromdate=2016-07-26&todate=2026-07-26&limit=5000
KO,2025-12-17,70.57,70.92,70.305,70.67,13672700,,https://api.nasdaq.com/api/quote/KO/historical?assetclass=stocks&fromdate=2016-07-26&todate=2026-07-26&limit=5000
KO,2025-12-18,70.27,70.795,70.17,70.36,15524800,,https://api.nasdaq.com/api/quote/KO/historical?assetclass=stocks&fromdate=2016-07-26&todate=2026-07-26&limit=5000
KO,2025-12-19,70.06,70.765,70.03,70.06,36911060,,https://api.nasdaq.com/api/quote/KO/historical?assetclass=stocks&fromdate=2016-07-26&todate=2026-07-26&limit=5000
KO,2025-12-22,69.93,70.22,69.655,70.21,12828520,,https://api.nasdaq.com/api/quote/KO/historical?assetclass=stocks&fromdate=2016-07-26&todate=2026-07-26&limit=5000
KO,2025-12-23,70.2,70.255,69.69,69.87,9471036,,https://api.nasdaq.com/api/quote/KO/historical?assetclass=stocks&fromdate=2016-07-26&todate=2026-07-26&limit=5000
KO,2025-12-24,69.895,70.16,69.75,70.11,4515327,,https://api.nasdaq.com/api/quote/KO/historical?assetclass=stocks&fromdate=2016-07-26&todate=2026-07-26&limit=5000
KO,2025-12-26,69.95,70.16,69.725,69.87,5711350,,https://api.nasdaq.com/api/quote/KO/historical?assetclass=stocks&fromdate=2016-07-26&todate=2026-07-26&limit=5000
KO,2025-12-29,70,70.42,69.85,70.16,9686936,,https://api.nasdaq.com/api/quote/KO/historical?assetclass=stocks&fromdate=2016-07-26&todate=2026-07-26&limit=5000
KO,2025-12-30,70,70.235,69.8,70.07,8610896,,https://api.nasdaq.com/api/quote/KO/historical?assetclass=stocks&fromdate=2016-07-26&todate=2026-07-26&limit=5000
KO,2025-12-31,70.07,70.16,69.8801,69.91,8127801,,https://api.nasdaq.com/api/quote/KO/historical?assetclass=stocks&fromdate=2016-07-26&todate=2026-07-26&limit=5000
KO,2026-01-02,69.85,69.87,68.975,69.12,12151310,,https://api.nasdaq.com/api/quote/KO/historical?assetclass=stocks&fromdate=2016-07-26&todate=2026-07-26&limit=5000
KO,2026-01-05,68.92,68.92,67.92,67.94,21186640,,https://api.nasdaq.com/api/quote/KO/historical?assetclass=stocks&fromdate=2016-07-26&todate=2026-07-26&limit=5000
KO,2026-01-06,68.01,68.25,67.59,67.84,21019860,,https://api.nasdaq.com/api/quote/KO/historical?assetclass=stocks&fromdate=2016-07-26&todate=2026-07-26&limit=5000
KO,2026-01-07,67.99,68.07,67.274,67.54,20223360,,https://api.nasdaq.com/api/quote/KO/historical?assetclass=stocks&fromdate=2016-07-26&todate=2026-07-26&limit=5000
KO,2026-01-08,67.54,69.455,67.45,69.37,19236980,,https://api.nasdaq.com/api/quote/KO/historical?assetclass=stocks&fromdate=2016-07-26&todate=2026-07-26&limit=5000
KO,2026-01-09,69.43,70.66,69.12,70.51,19638650,,https://api.nasdaq.com/api/quote/KO/historical?assetclass=stocks&fromdate=2016-07-26&todate=2026-07-26&limit=5000
KO,2026-01-12,70.895,70.965,70.235,70.5,20582470,,https://api.nasdaq.com/api/quote/KO/historical?assetclass=stocks&fromdate=2016-07-26&todate=2026-07-26&limit=5000
KO,2026-01-13,70.42,71.24,70.27,71.24,18324760,,https://api.nasdaq.com/api/quote/KO/historical?assetclass=stocks&fromdate=2016-07-26&todate=2026-07-26&limit=5000
KO,2026-01-14,71.17,71.71,70.81,71.44,16739070,,https://api.nasdaq.com/api/quote/KO/historical?assetclass=stocks&fromdate=2016-07-26&todate=2026-07-26&limit=5000
KO,2026-01-15,71.59,71.6,70.365,70.48,15464120,,https://api.nasdaq.com/api/quote/KO/historical?assetclass=stocks&fromdate=2016-07-26&todate=2026-07-26&limit=5000
KO,2026-01-16,70.29,70.74,70.04,70.44,20027540,,https://api.nasdaq.com/api/quote/KO/historical?assetclass=stocks&fromdate=2016-07-26&todate=2026-07-26&limit=5000
KO,2026-01-20,70,71.78,69.79,71.75,22152210,,https://api.nasdaq.com/api/quote/KO/historical?assetclass=stocks&fromdate=2016-07-26&todate=2026-07-26&limit=5000
KO,2026-01-21,71.98,72.24,70.83,72.01,21660570,,https://api.nasdaq.com/api/quote/KO/historical?assetclass=stocks&fromdate=2016-07-26&todate=2026-07-26&limit=5000
KO,2026-01-22,71.825,72.04,71.44,71.87,13962780,,https://api.nasdaq.com/api/quote/KO/historical?assetclass=stocks&fromdate=2016-07-26&todate=2026-07-26&limit=5000
KO,2026-01-23,72.015,73.06,71.775,72.88,18307080,,https://api.nasdaq.com/api/quote/KO/historical?assetclass=stocks&fromdate=2016-07-26&todate=2026-07-26&limit=5000
KO,2026-01-26,72.86,73.295,72.54,72.56,14017420,,https://api.nasdaq.com/api/quote/KO/historical?assetclass=stocks&fromdate=2016-07-26&todate=2026-07-26&limit=5000
KO,2026-01-27,72.44,73.5551,72.268,73.55,13239180,,https://api.nasdaq.com/api/quote/KO/historical?assetclass=stocks&fromdate=2016-07-26&todate=2026-07-26&limit=5000
KO,2026-01-28,73.21,73.62,72.565,73.06,14633680,,https://api.nasdaq.com/api/quote/KO/historical?assetclass=stocks&fromdate=2016-07-26&todate=2026-07-26&limit=5000
KO,2026-01-29,73.18,74.085,73.14,73.43,20862070,,https://api.nasdaq.com/api/quote/KO/historical?assetclass=stocks&fromdate=2016-07-26&todate=2026-07-26&limit=5000
KO,2026-01-30,73.71,74.895,73.54,74.81,26420470,,https://api.nasdaq.com/api/quote/KO/historical?assetclass=stocks&fromdate=2016-07-26&todate=2026-07-26&limit=5000
KO,2026-02-02,75.01,75.695,74.4,75.33,19301500,,https://api.nasdaq.com/api/quote/KO/historical?assetclass=stocks&fromdate=2016-07-26&todate=2026-07-26&limit=5000
KO,2026-02-03,75.27,77.5,75.13,76.89,27007050,,https://api.nasdaq.com/api/quote/KO/historical?assetclass=stocks&fromdate=2016-07-26&todate=2026-07-26&limit=5000
KO,2026-02-04,77.265,78.105,77.08,77.35,28607290,,https://api.nasdaq.com/api/quote/KO/historical?assetclass=stocks&fromdate=2016-07-26&todate=2026-07-26&limit=5000
KO,2026-02-05,77.82,78.855,77.59,78.51,21633460,,https://api.nasdaq.com/api/quote/KO/historical?assetclass=stocks&fromdate=2016-07-26&todate=2026-07-26&limit=5000
KO,2026-02-06,78.5,79.2,78.26,79.03,18512360,,https://api.nasdaq.com/api/quote/KO/historical?assetclass=stocks&fromdate=2016-07-26&todate=2026-07-26&limit=5000
KO,2026-02-09,78.67,79.11,77.535,77.97,23415620,,https://api.nasdaq.com/api/quote/KO/historical?assetclass=stocks&fromdate=2016-07-26&todate=2026-07-26&limit=5000
KO,2026-02-10,76.63,77.51,76.01,76.81,28848180,,https://api.nasdaq.com/api/quote/KO/historical?assetclass=stocks&fromdate=2016-07-26&todate=2026-07-26&limit=5000
KO,2026-02-11,76.88,79.05,76.58,78.6,22649710,,https://api.nasdaq.com/api/quote/KO/historical?assetclass=stocks&fromdate=2016-07-26&todate=2026-07-26&limit=5000
KO,2026-02-12,78.98,80.41,78.79,79,26043530,,https://api.nasdaq.com/api/quote/KO/historical?assetclass=stocks&fromdate=2016-07-26&todate=2026-07-26&limit=5000
KO,2026-02-13,78.45,79.4,78.13,78.68,16711870,,https://api.nasdaq.com/api/quote/KO/historical?assetclass=stocks&fromdate=2016-07-26&todate=2026-07-26&limit=5000
KO,2026-02-17,78.99,79.635,78.74,79.56,16260200,,https://api.nasdaq.com/api/quote/KO/historical?assetclass=stocks&fromdate=2016-07-26&todate=2026-07-26&limit=5000
KO,2026-02-18,79.5,79.84,78.9232,79.49,16304880,,https://api.nasdaq.com/api/quote/KO/historical?assetclass=stocks&fromdate=2016-07-26&todate=2026-07-26&limit=5000
KO,2026-02-19,79.46,79.6712,78.59,78.91,14924650,,https://api.nasdaq.com/api/quote/KO/historical?assetclass=stocks&fromdate=2016-07-26&todate=2026-07-26&limit=5000
KO,2026-02-20,79.33,79.84,78.89,79.84,17175100,,https://api.nasdaq.com/api/quote/KO/historical?assetclass=stocks&fromdate=2016-07-26&todate=2026-07-26&limit=5000
KO,2026-02-23,79.52,80.845,79.5,80.56,17157670,,https://api.nasdaq.com/api/quote/KO/historical?assetclass=stocks&fromdate=2016-07-26&todate=2026-07-26&limit=5000
KO,2026-02-24,80.54,81.09,79.85,80.72,16448500,,https://api.nasdaq.com/api/quote/KO/historical?assetclass=stocks&fromdate=2016-07-26&todate=2026-07-26&limit=5000
KO,2026-02-25,80.4,80.69,79.555,80.47,18086880,,https://api.nasdaq.com/api/quote/KO/historical?assetclass=stocks&fromdate=2016-07-26&todate=2026-07-26&limit=5000
KO,2026-02-26,80.75,80.89,80.021,80.5,12843190,,https://api.nasdaq.com/api/quote/KO/historical?assetclass=stocks&fromdate=2016-07-26&todate=2026-07-26&limit=5000
KO,2026-02-27,80.94,82,80.82,81.56,28483490,,https://api.nasdaq.com/api/quote/KO/historical?assetclass=stocks&fromdate=2016-07-26&todate=2026-07-26&limit=5000
KO,2026-03-02,81.25,81.4,80.15,80.22,18137230,,https://api.nasdaq.com/api/quote/KO/historical?assetclass=stocks&fromdate=2016-07-26&todate=2026-07-26&limit=5000
KO,2026-03-03,79.86,80.08,78.555,79.34,20549270,,https://api.nasdaq.com/api/quote/KO/historical?assetclass=stocks&fromdate=2016-07-26&todate=2026-07-26&limit=5000
KO,2026-03-04,79.29,79.47,77.75,78.1,21011850,,https://api.nasdaq.com/api/quote/KO/historical?assetclass=stocks&fromdate=2016-07-26&todate=2026-07-26&limit=5000
KO,2026-03-05,77.675,77.72,76.495,77.03,23165650,,https://api.nasdaq.com/api/quote/KO/historical?assetclass=stocks&fromdate=2016-07-26&todate=2026-07-26&limit=5000
KO,2026-03-06,76.8,77.19,76.35,77.04,15516030,,https://api.nasdaq.com/api/quote/KO/historical?assetclass=stocks&fromdate=2016-07-26&todate=2026-07-26&limit=5000
KO,2026-03-09,76.62,78.07,76.53,77.8,18554050,,https://api.nasdaq.com/api/quote/KO/historical?assetclass=stocks&fromdate=2016-07-26&todate=2026-07-26&limit=5000
KO,2026-03-10,77.475,78.405,77.1,77.88,17243870,,https://api.nasdaq.com/api/quote/KO/historical?assetclass=stocks&fromdate=2016-07-26&todate=2026-07-26&limit=5000
KO,2026-03-11,77.71,77.71,76.595,77.63,11551200,,https://api.nasdaq.com/api/quote/KO/historical?assetclass=stocks&fromdate=2016-07-26&todate=2026-07-26&limit=5000
KO,2026-03-12,77.42,78.16,76.895,77.61,16842180,,https://api.nasdaq.com/api/quote/KO/historical?assetclass=stocks&fromdate=2016-07-26&todate=2026-07-26&limit=5000
KO,2026-03-13,77.47,78.045,77.19,77.34,11974500,,https://api.nasdaq.com/api/quote/KO/historical?assetclass=stocks&fromdate=2016-07-26&todate=2026-07-26&limit=5000
KO,2026-03-16,78,78.43,77.74,77.82,11761240,,https://api.nasdaq.com/api/quote/KO/historical?assetclass=stocks&fromdate=2016-07-26&todate=2026-07-26&limit=5000
KO,2026-03-17,78,78.3,77.451,77.58,14900070,,https://api.nasdaq.com/api/quote/KO/historical?assetclass=stocks&fromdate=2016-07-26&todate=2026-07-26&limit=5000
KO,2026-03-18,77.08,77.125,75.85,75.97,13134640,,https://api.nasdaq.com/api/quote/KO/historical?assetclass=stocks&fromdate=2016-07-26&todate=2026-07-26&limit=5000
KO,2026-03-19,76,76.45,75.525,75.55,13023340,,https://api.nasdaq.com/api/quote/KO/historical?assetclass=stocks&fromdate=2016-07-26&todate=2026-07-26&limit=5000
KO,2026-03-20,75.565,76.05,74.39,74.75,33298720,,https://api.nasdaq.com/api/quote/KO/historical?assetclass=stocks&fromdate=2016-07-26&todate=2026-07-26&limit=5000
KO,2026-03-23,75.34,75.4471,74.55,75.11,15054920,,https://api.nasdaq.com/api/quote/KO/historical?assetclass=stocks&fromdate=2016-07-26&todate=2026-07-26&limit=5000
KO,2026-03-24,74.86,75.685,74.63,74.67,15653730,,https://api.nasdaq.com/api/quote/KO/historical?assetclass=stocks&fromdate=2016-07-26&todate=2026-07-26&limit=5000
KO,2026-03-25,74.59,75.645,74.07,75.25,14787910,,https://api.nasdaq.com/api/quote/KO/historical?assetclass=stocks&fromdate=2016-07-26&todate=2026-07-26&limit=5000
KO,2026-03-26,75.19,75.745,74.65,74.69,11202130,,https://api.nasdaq.com/api/quote/KO/historical?assetclass=stocks&fromdate=2016-07-26&todate=2026-07-26&limit=5000
KO,2026-03-27,74.82,76.05,74.7,75.71,17461030,,https://api.nasdaq.com/api/quote/KO/historical?assetclass=stocks&fromdate=2016-07-26&todate=2026-07-26&limit=5000
KO,2026-03-30,75.93,76.995,75.72,76.27,18502820,,https://api.nasdaq.com/api/quote/KO/historical?assetclass=stocks&fromdate=2016-07-26&todate=2026-07-26&limit=5000
KO,2026-03-31,76.53,77.015,75.505,76.05,18301810,,https://api.nasdaq.com/api/quote/KO/historical?assetclass=stocks&fromdate=2016-07-26&todate=2026-07-26&limit=5000
KO,2026-04-01,76.15,76.36,75.26,76.08,15834260,,https://api.nasdaq.com/api/quote/KO/historical?assetclass=stocks&fromdate=2016-07-26&todate=2026-07-26&limit=5000
KO,2026-04-02,76.58,76.958,76.12,76.72,14573420,,https://api.nasdaq.com/api/quote/KO/historical?assetclass=stocks&fromdate=2016-07-26&todate=2026-07-26&limit=5000
KO,2026-04-06,76.64,77.275,76.2218,77.22,8259893,,https://api.nasdaq.com/api/quote/KO/historical?assetclass=stocks&fromdate=2016-07-26&todate=2026-07-26&limit=5000
KO,2026-04-07,77.2,77.595,75.625,75.91,12769170,,https://api.nasdaq.com/api/quote/KO/historical?assetclass=stocks&fromdate=2016-07-26&todate=2026-07-26&limit=5000
KO,2026-04-08,75.81,77.37,75.315,77.29,12331300,,https://api.nasdaq.com/api/quote/KO/historical?assetclass=stocks&fromdate=2016-07-26&todate=2026-07-26&limit=5000
KO,2026-04-09,76.65,78.29,76.37,78.18,14310990,,https://api.nasdaq.com/api/quote/KO/historical?assetclass=stocks&fromdate=2016-07-26&todate=2026-07-26&limit=5000
KO,2026-04-10,77.98,78.17,77.305,77.47,11081410,,https://api.nasdaq.com/api/quote/KO/historical?assetclass=stocks&fromdate=2016-07-26&todate=2026-07-26&limit=5000
KO,2026-04-13,77.32,77.45,75.825,76.41,12696170,,https://api.nasdaq.com/api/quote/KO/historical?assetclass=stocks&fromdate=2016-07-26&todate=2026-07-26&limit=5000
KO,2026-04-14,75.97,76.62,75.8,75.9,12397630,,https://api.nasdaq.com/api/quote/KO/historical?assetclass=stocks&fromdate=2016-07-26&todate=2026-07-26&limit=5000
KO,2026-04-15,75.74,75.74,74.72,75.31,16212100,,https://api.nasdaq.com/api/quote/KO/historical?assetclass=stocks&fromdate=2016-07-26&todate=2026-07-26&limit=5000
KO,2026-04-16,75.03,75.835,74.9,75.18,11501940,,https://api.nasdaq.com/api/quote/KO/historical?assetclass=stocks&fromdate=2016-07-26&todate=2026-07-26&limit=5000
KO,2026-04-17,74.95,76.055,74.8,75.74,15033870,,https://api.nasdaq.com/api/quote/KO/historical?assetclass=stocks&fromdate=2016-07-26&todate=2026-07-26&limit=5000
KO,2026-04-20,75.82,76.22,75.36,75.48,10141760,,https://api.nasdaq.com/api/quote/KO/historical?assetclass=stocks&fromdate=2016-07-26&todate=2026-07-26&limit=5000
KO,2026-04-21,75.475,75.53,74.615,74.7,11806940,,https://api.nasdaq.com/api/quote/KO/historical?assetclass=stocks&fromdate=2016-07-26&todate=2026-07-26&limit=5000
KO,2026-04-22,74.9,75.38,74.55,74.63,9352264,,https://api.nasdaq.com/api/quote/KO/historical?assetclass=stocks&fromdate=2016-07-26&todate=2026-07-26&limit=5000
KO,2026-04-23,75.44,76.66,75.16,76.28,12060270,,https://api.nasdaq.com/api/quote/KO/historical?assetclass=stocks&fromdate=2016-07-26&todate=2026-07-26&limit=5000
KO,2026-04-24,76.71,77.005,76.17,76.63,12008680,,https://api.nasdaq.com/api/quote/KO/historical?assetclass=stocks&fromdate=2016-07-26&todate=2026-07-26&limit=5000
KO,2026-04-27,76.71,76.71,75.4,75.44,15812210,,https://api.nasdaq.com/api/quote/KO/historical?assetclass=stocks&fromdate=2016-07-26&todate=2026-07-26&limit=5000
KO,2026-04-28,79.52,80.32,78.075,78.35,30710680,,https://api.nasdaq.com/api/quote/KO/historical?assetclass=stocks&fromdate=2016-07-26&todate=2026-07-26&limit=5000
KO,2026-04-29,78.37,79.275,78.19,78.87,18294750,,https://api.nasdaq.com/api/quote/KO/historical?assetclass=stocks&fromdate=2016-07-26&todate=2026-07-26&limit=5000
KO,2026-04-30,78.795,79.12,78.325,78.76,15142170,,https://api.nasdaq.com/api/quote/KO/historical?assetclass=stocks&fromdate=2016-07-26&todate=2026-07-26&limit=5000
KO,2026-05-01,79.29,79.64,78.035,78.58,12610370,,https://api.nasdaq.com/api/quote/KO/historical?assetclass=stocks&fromdate=2016-07-26&todate=2026-07-26&limit=5000
KO,2026-05-04,78.06,78.77,77.73,78.19,12672440,,https://api.nasdaq.com/api/quote/KO/historical?assetclass=stocks&fromdate=2016-07-26&todate=2026-07-26&limit=5000
KO,2026-05-05,78.19,78.78,77.74,78.48,11637540,,https://api.nasdaq.com/api/quote/KO/historical?assetclass=stocks&fromdate=2016-07-26&todate=2026-07-26&limit=5000
KO,2026-05-06,78.78,79.33,78.565,79.23,14060320,,https://api.nasdaq.com/api/quote/KO/historical?assetclass=stocks&fromdate=2016-07-26&todate=2026-07-26&limit=5000
KO,2026-05-07,78.79,79.145,78.095,78.43,16531420,,https://api.nasdaq.com/api/quote/KO/historical?assetclass=stocks&fromdate=2016-07-26&todate=2026-07-26&limit=5000
KO,2026-05-08,78.565,79.2,78.115,78.42,12447170,,https://api.nasdaq.com/api/quote/KO/historical?assetclass=stocks&fromdate=2016-07-26&todate=2026-07-26&limit=5000
KO,2026-05-11,78.16,78.73,77.8423,78.66,10967890,,https://api.nasdaq.com/api/quote/KO/historical?assetclass=stocks&fromdate=2016-07-26&todate=2026-07-26&limit=5000
KO,2026-05-12,79,80.32,78.28,80.03,19883100,,https://api.nasdaq.com/api/quote/KO/historical?assetclass=stocks&fromdate=2016-07-26&todate=2026-07-26&limit=5000
KO,2026-05-13,79.865,81.03,79.84,80.26,12356950,,https://api.nasdaq.com/api/quote/KO/historical?assetclass=stocks&fromdate=2016-07-26&todate=2026-07-26&limit=5000
KO,2026-05-14,80.73,80.92,79.91,80.45,10641990,,https://api.nasdaq.com/api/quote/KO/historical?assetclass=stocks&fromdate=2016-07-26&todate=2026-07-26&limit=5000
KO,2026-05-15,81.36,81.36,80.45,80.82,17527200,,https://api.nasdaq.com/api/quote/KO/historical?assetclass=stocks&fromdate=2016-07-26&todate=2026-07-26&limit=5000
KO,2026-05-18,80.87,81.385,80.39,81.2,12375520,,https://api.nasdaq.com/api/quote/KO/historical?assetclass=stocks&fromdate=2016-07-26&todate=2026-07-26&limit=5000
KO,2026-05-19,81.405,82.6635,81.26,81.92,16595250,,https://api.nasdaq.com/api/quote/KO/historical?assetclass=stocks&fromdate=2016-07-26&todate=2026-07-26&limit=5000
KO,2026-05-20,82.17,82.4,81.52,81.55,16999670,,https://api.nasdaq.com/api/quote/KO/historical?assetclass=stocks&fromdate=2016-07-26&todate=2026-07-26&limit=5000
KO,2026-05-21,81.79,81.8007,80.72,81.17,15708430,,https://api.nasdaq.com/api/quote/KO/historical?assetclass=stocks&fromdate=2016-07-26&todate=2026-07-26&limit=5000
KO,2026-05-22,81.18,81.675,80.92,81.48,8244441,,https://api.nasdaq.com/api/quote/KO/historical?assetclass=stocks&fromdate=2016-07-26&todate=2026-07-26&limit=5000
KO,2026-05-26,80.84,81.6,80.24,80.46,13012310,,https://api.nasdaq.com/api/quote/KO/historical?assetclass=stocks&fromdate=2016-07-26&todate=2026-07-26&limit=5000
KO,2026-05-27,81.1,82.51,80.8,81.62,13212860,,https://api.nasdaq.com/api/quote/KO/historical?assetclass=stocks&fromdate=2016-07-26&todate=2026-07-26&limit=5000
KO,2026-05-28,81.32,81.76,80.335,80.41,14691360,,https://api.nasdaq.com/api/quote/KO/historical?assetclass=stocks&fromdate=2016-07-26&todate=2026-07-26&limit=5000
KO,2026-05-29,80.04,80.33,78.905,79.01,32476970,,https://api.nasdaq.com/api/quote/KO/historical?assetclass=stocks&fromdate=2016-07-26&todate=2026-07-26&limit=5000
KO,2026-06-01,78.575,79.2,78.43,78.64,12776260,,https://api.nasdaq.com/api/quote/KO/historical?assetclass=stocks&fromdate=2016-07-26&todate=2026-07-26&limit=5000
KO,2026-06-02,78.88,79.2,78.245,78.41,12533220,,https://api.nasdaq.com/api/quote/KO/historical?assetclass=stocks&fromdate=2016-07-26&todate=2026-07-26&limit=5000
KO,2026-06-03,78.285,79.03,78.11,78.76,14964270,,https://api.nasdaq.com/api/quote/KO/historical?assetclass=stocks&fromdate=2016-07-26&todate=2026-07-26&limit=5000
KO,2026-06-04,79.78,80.04,76.81,76.82,19361650,,https://api.nasdaq.com/api/quote/KO/historical?assetclass=stocks&fromdate=2016-07-26&todate=2026-07-26&limit=5000
KO,2026-06-05,77.51,80.7393,77.48,79.48,25708070,,https://api.nasdaq.com/api/quote/KO/historical?assetclass=stocks&fromdate=2016-07-26&todate=2026-07-26&limit=5000
KO,2026-06-08,79.31,79.93,79.1,79.54,12828920,,https://api.nasdaq.com/api/quote/KO/historical?assetclass=stocks&fromdate=2016-07-26&todate=2026-07-26&limit=5000
KO,2026-06-09,79.55,81.76,79.38,81.34,20591570,,https://api.nasdaq.com/api/quote/KO/historical?assetclass=stocks&fromdate=2016-07-26&todate=2026-07-26&limit=5000
KO,2026-06-10,82.68,83.85,82.12,83.59,20880460,,https://api.nasdaq.com/api/quote/KO/historical?assetclass=stocks&fromdate=2016-07-26&todate=2026-07-26&limit=5000
KO,2026-06-11,83.92,84.04,82.485,82.53,14264530,,https://api.nasdaq.com/api/quote/KO/historical?assetclass=stocks&fromdate=2016-07-26&todate=2026-07-26&limit=5000
KO,2026-06-12,82.71,82.89,81.87,82.62,11757680,,https://api.nasdaq.com/api/quote/KO/historical?assetclass=stocks&fromdate=2016-07-26&todate=2026-07-26&limit=5000
KO,2026-06-15,81.08,81.2,80.25,80.91,20055210,,https://api.nasdaq.com/api/quote/KO/historical?assetclass=stocks&fromdate=2016-07-26&todate=2026-07-26&limit=5000
KO,2026-06-16,81.15,81.39,79.84,80.28,17565150,,https://api.nasdaq.com/api/quote/KO/historical?assetclass=stocks&fromdate=2016-07-26&todate=2026-07-26&limit=5000
KO,2026-06-17,79.95,80.33,78.99,79.93,17055400,,https://api.nasdaq.com/api/quote/KO/historical?assetclass=stocks&fromdate=2016-07-26&todate=2026-07-26&limit=5000
KO,2026-06-18,79.87,80.01,78.74,79.39,46857950,,https://api.nasdaq.com/api/quote/KO/historical?assetclass=stocks&fromdate=2016-07-26&todate=2026-07-26&limit=5000
KO,2026-06-22,79.25,80.055,79.06,79.53,21205890,,https://api.nasdaq.com/api/quote/KO/historical?assetclass=stocks&fromdate=2016-07-26&todate=2026-07-26&limit=5000
KO,2026-06-23,81.325,81.325,79.83,80.31,16853960,,https://api.nasdaq.com/api/quote/KO/historical?assetclass=stocks&fromdate=2016-07-26&todate=2026-07-26&limit=5000
KO,2026-06-24,80.89,81.575,80.56,80.6,20632550,,https://api.nasdaq.com/api/quote/KO/historical?assetclass=stocks&fromdate=2016-07-26&todate=2026-07-26&limit=5000
KO,2026-06-25,80.53,81.38,79.97,80.42,16034480,,https://api.nasdaq.com/api/quote/KO/historical?assetclass=stocks&fromdate=2016-07-26&todate=2026-07-26&limit=5000
KO,2026-06-26,80.96,82.81,80.695,82.63,53357490,,https://api.nasdaq.com/api/quote/KO/historical?assetclass=stocks&fromdate=2016-07-26&todate=2026-07-26&limit=5000
KO,2026-06-29,82.83,83.62,82.205,82.65,15015760,,https://api.nasdaq.com/api/quote/KO/historical?assetclass=stocks&fromdate=2016-07-26&todate=2026-07-26&limit=5000
KO,2026-06-30,82.5,82.5381,81.01,81.27,16422120,,https://api.nasdaq.com/api/quote/KO/historical?assetclass=stocks&fromdate=2016-07-26&todate=2026-07-26&limit=5000
KO,2026-07-01,81.7,81.975,80.96,81.29,21734810,,https://api.nasdaq.com/api/quote/KO/historical?assetclass=stocks&fromdate=2016-07-26&todate=2026-07-26&limit=5000
KO,2026-07-02,81.63,84.14,81.395,84.14,18320540,,https://api.nasdaq.com/api/quote/KO/historical?assetclass=stocks&fromdate=2016-07-26&todate=2026-07-26&limit=5000
KO,2026-07-06,84.1,84.56,82.315,82.96,18992640,,https://api.nasdaq.com/api/quote/KO/historical?assetclass=stocks&fromdate=2016-07-26&todate=2026-07-26&limit=5000
KO,2026-07-07,84.6,85.68,83.64,84.05,17835230,,https://api.nasdaq.com/api/quote/KO/historical?assetclass=stocks&fromdate=2016-07-26&todate=2026-07-26&limit=5000
KO,2026-07-08,84.17,84.83,83.27,83.4,14160010,,https://api.nasdaq.com/api/quote/KO/historical?assetclass=stocks&fromdate=2016-07-26&todate=2026-07-26&limit=5000
KO,2026-07-09,82.09,82.815,81.71,82.63,15782460,,https://api.nasdaq.com/api/quote/KO/historical?assetclass=stocks&fromdate=2016-07-26&todate=2026-07-26&limit=5000
KO,2026-07-10,82.73,83.735,82.406,83.49,10694620,,https://api.nasdaq.com/api/quote/KO/historical?assetclass=stocks&fromdate=2016-07-26&todate=2026-07-26&limit=5000
KO,2026-07-13,83.9,84.68,83.67,84.25,12085770,,https://api.nasdaq.com/api/quote/KO/historical?assetclass=stocks&fromdate=2016-07-26&todate=2026-07-26&limit=5000
KO,2026-07-14,84.17,84.6299,83.08,83.08,13775390,,https://api.nasdaq.com/api/quote/KO/historical?assetclass=stocks&fromdate=2016-07-26&todate=2026-07-26&limit=5000
KO,2026-07-15,82.93,83.235,82.23,82.45,18383760,,https://api.nasdaq.com/api/quote/KO/historical?assetclass=stocks&fromdate=2016-07-26&todate=2026-07-26&limit=5000
KO,2026-07-16,83.5,84.95,83.28,84.92,17889850,,https://api.nasdaq.com/api/quote/KO/historical?assetclass=stocks&fromdate=2016-07-26&todate=2026-07-26&limit=5000
KO,2026-07-17,85.37,85.555,80.83,81.56,32902960,,https://api.nasdaq.com/api/quote/KO/historical?assetclass=stocks&fromdate=2016-07-26&todate=2026-07-26&limit=5000
KO,2026-07-20,81.55,82.37,81.3,82.12,14967200,,https://api.nasdaq.com/api/quote/KO/historical?assetclass=stocks&fromdate=2016-07-26&todate=2026-07-26&limit=5000
KO,2026-07-21,81.97,82.395,81.32,81.97,12949410,,https://api.nasdaq.com/api/quote/KO/historical?assetclass=stocks&fromdate=2016-07-26&todate=2026-07-26&limit=5000
KO,2026-07-22,82.85,82.92,81.955,82.2,11701280,,https://api.nasdaq.com/api/quote/KO/historical?assetclass=stocks&fromdate=2016-07-26&todate=2026-07-26&limit=5000
KO,2026-07-23,81.67,81.869,80.88,81.17,13755640,,https://api.nasdaq.com/api/quote/KO/historical?assetclass=stocks&fromdate=2016-07-26&todate=2026-07-26&limit=5000
KO,2026-07-24,81.57,82.33,80.9,82.25,11980400,,https://api.nasdaq.com/api/quote/KO/historical?assetclass=stocks&fromdate=2016-07-26&todate=2026-07-26&limit=5000
