Symbol,Date,Open,High,Low,Close,Volume,QualityFlag,SourceURL
QQQ,2016-07-26,113.63,114.2,113.22,113.79,21081370,,https://api.nasdaq.com/api/quote/QQQ/historical?assetclass=etf&fromdate=2016-07-26&todate=2026-07-26&limit=5000
QQQ,2016-07-27,114.76,114.88,114.1,114.58,27596840,,https://api.nasdaq.com/api/quote/QQQ/historical?assetclass=etf&fromdate=2016-07-26&todate=2026-07-26&limit=5000
QQQ,2016-07-28,114.76,115.11,114.4,114.98,16841290,,https://api.nasdaq.com/api/quote/QQQ/historical?assetclass=etf&fromdate=2016-07-26&todate=2026-07-26&limit=5000
QQQ,2016-07-29,115.24,115.54,114.87,115.23,22119110,,https://api.nasdaq.com/api/quote/QQQ/historical?assetclass=etf&fromdate=2016-07-26&todate=2026-07-26&limit=5000
QQQ,2016-08-01,115.31,118.7799,115.17,115.84,13947800,,https://api.nasdaq.com/api/quote/QQQ/historical?assetclass=etf&fromdate=2016-07-26&todate=2026-07-26&limit=5000
QQQ,2016-08-02,115.68,115.77,114.22,114.96,21251930,,https://api.nasdaq.com/api/quote/QQQ/historical?assetclass=etf&fromdate=2016-07-26&todate=2026-07-26&limit=5000
QQQ,2016-08-03,114.88,115.35,114.8005,115.34,14990240,,https://api.nasdaq.com/api/quote/QQQ/historical?assetclass=etf&fromdate=2016-07-26&todate=2026-07-26&limit=5000
QQQ,2016-08-04,115.32,115.78,115.03,115.67,12816780,,https://api.nasdaq.com/api/quote/QQQ/historical?assetclass=etf&fromdate=2016-07-26&todate=2026-07-26&limit=5000
QQQ,2016-08-05,116.28,117.04,116.13,116.78,23182600,,https://api.nasdaq.com/api/quote/QQQ/historical?assetclass=etf&fromdate=2016-07-26&todate=2026-07-26&limit=5000
QQQ,2016-08-08,116.82,116.87,116.28,116.65,12345510,,https://api.nasdaq.com/api/quote/QQQ/historical?assetclass=etf&fromdate=2016-07-26&todate=2026-07-26&limit=5000
QQQ,2016-08-09,116.73,117.29,116.67,116.92,13244990,,https://api.nasdaq.com/api/quote/QQQ/historical?assetclass=etf&fromdate=2016-07-26&todate=2026-07-26&limit=5000
QQQ,2016-08-10,116.96,117.02,116.31,116.62,14677300,,https://api.nasdaq.com/api/quote/QQQ/historical?assetclass=etf&fromdate=2016-07-26&todate=2026-07-26&limit=5000
QQQ,2016-08-11,117.01,117.37,116.78,117.12,12952730,,https://api.nasdaq.com/api/quote/QQQ/historical?assetclass=etf&fromdate=2016-07-26&todate=2026-07-26&limit=5000
QQQ,2016-08-12,116.91,117.21,116.79,117.2,19362370,,https://api.nasdaq.com/api/quote/QQQ/historical?assetclass=etf&fromdate=2016-07-26&todate=2026-07-26&limit=5000
QQQ,2016-08-15,117.33,117.97,117.31,117.7,11765700,,https://api.nasdaq.com/api/quote/QQQ/historical?assetclass=etf&fromdate=2016-07-26&todate=2026-07-26&limit=5000
QQQ,2016-08-16,117.47,117.49,117.03,117.05,14139090,,https://api.nasdaq.com/api/quote/QQQ/historical?assetclass=etf&fromdate=2016-07-26&todate=2026-07-26&limit=5000
QQQ,2016-08-17,117.08,117.3,116.43,117.26,15968490,,https://api.nasdaq.com/api/quote/QQQ/historical?assetclass=etf&fromdate=2016-07-26&todate=2026-07-26&limit=5000
QQQ,2016-08-18,117.15,117.46,116.945,117.29,10024100,,https://api.nasdaq.com/api/quote/QQQ/historical?assetclass=etf&fromdate=2016-07-26&todate=2026-07-26&limit=5000
QQQ,2016-08-19,117.1,117.52,116.76,117.26,18719840,,https://api.nasdaq.com/api/quote/QQQ/historical?assetclass=etf&fromdate=2016-07-26&todate=2026-07-26&limit=5000
QQQ,2016-08-22,117.09,117.55,116.87,117.35,14496500,,https://api.nasdaq.com/api/quote/QQQ/historical?assetclass=etf&fromdate=2016-07-26&todate=2026-07-26&limit=5000
QQQ,2016-08-23,117.79,118.0095,117.51,117.56,11960470,,https://api.nasdaq.com/api/quote/QQQ/historical?assetclass=etf&fromdate=2016-07-26&todate=2026-07-26&limit=5000
QQQ,2016-08-24,117.49,117.64,116.41,116.8,17660140,,https://api.nasdaq.com/api/quote/QQQ/historical?assetclass=etf&fromdate=2016-07-26&todate=2026-07-26&limit=5000
QQQ,2016-08-25,116.48,116.97,116.36,116.61,24245320,,https://api.nasdaq.com/api/quote/QQQ/historical?assetclass=etf&fromdate=2016-07-26&todate=2026-07-26&limit=5000
QQQ,2016-08-26,116.66,117.54,116.08,116.78,23889340,,https://api.nasdaq.com/api/quote/QQQ/historical?assetclass=etf&fromdate=2016-07-26&todate=2026-07-26&limit=5000
QQQ,2016-08-29,116.81,117.251,116.79,116.94,11174780,,https://api.nasdaq.com/api/quote/QQQ/historical?assetclass=etf&fromdate=2016-07-26&todate=2026-07-26&limit=5000
QQQ,2016-08-30,116.73,117.09,116.16,116.56,19837040,,https://api.nasdaq.com/api/quote/QQQ/historical?assetclass=etf&fromdate=2016-07-26&todate=2026-07-26&limit=5000
QQQ,2016-08-31,116.38,116.56,115.95,116.44,16068760,,https://api.nasdaq.com/api/quote/QQQ/historical?assetclass=etf&fromdate=2016-07-26&todate=2026-07-26&limit=5000
QQQ,2016-09-01,116.48,116.88,115.91,116.74,20936680,,https://api.nasdaq.com/api/quote/QQQ/historical?assetclass=etf&fromdate=2016-07-26&todate=2026-07-26&limit=5000
QQQ,2016-09-02,117.32,117.56,116.68,117.12,18082250,,https://api.nasdaq.com/api/quote/QQQ/historical?assetclass=etf&fromdate=2016-07-26&todate=2026-07-26&limit=5000
QQQ,2016-09-06,117.29,117.85,117.06,117.85,18502030,,https://api.nasdaq.com/api/quote/QQQ/historical?assetclass=etf&fromdate=2016-07-26&todate=2026-07-26&limit=5000
QQQ,2016-09-07,117.95,118.12,117.47,117.92,17532760,,https://api.nasdaq.com/api/quote/QQQ/historical?assetclass=etf&fromdate=2016-07-26&todate=2026-07-26&limit=5000
QQQ,2016-09-08,117.57,117.6,116.92,117.23,20101830,,https://api.nasdaq.com/api/quote/QQQ/historical?assetclass=etf&fromdate=2016-07-26&todate=2026-07-26&limit=5000
QQQ,2016-09-09,116.23,116.51,114.26,114.28,50496340,,https://api.nasdaq.com/api/quote/QQQ/historical?assetclass=etf&fromdate=2016-07-26&todate=2026-07-26&limit=5000
QQQ,2016-09-12,113.64,116.49,113.63,116.33,39558520,,https://api.nasdaq.com/api/quote/QQQ/historical?assetclass=etf&fromdate=2016-07-26&todate=2026-07-26&limit=5000
QQQ,2016-09-13,115.73,116.09,114.73,115.29,45838390,,https://api.nasdaq.com/api/quote/QQQ/historical?assetclass=etf&fromdate=2016-07-26&todate=2026-07-26&limit=5000
QQQ,2016-09-14,115.43,116.47,115.38,115.84,28147200,,https://api.nasdaq.com/api/quote/QQQ/historical?assetclass=etf&fromdate=2016-07-26&todate=2026-07-26&limit=5000
QQQ,2016-09-15,115.89,117.815,115.86,117.64,38796350,,https://api.nasdaq.com/api/quote/QQQ/historical?assetclass=etf&fromdate=2016-07-26&todate=2026-07-26&limit=5000
QQQ,2016-09-16,117.22,117.412,116.71,117.29,27590030,,https://api.nasdaq.com/api/quote/QQQ/historical?assetclass=etf&fromdate=2016-07-26&todate=2026-07-26&limit=5000
QQQ,2016-09-19,117.57,117.95,116.55,116.78,16211280,,https://api.nasdaq.com/api/quote/QQQ/historical?assetclass=etf&fromdate=2016-07-26&todate=2026-07-26&limit=5000
QQQ,2016-09-20,117.19,117.48,116.8,117,18042080,,https://api.nasdaq.com/api/quote/QQQ/historical?assetclass=etf&fromdate=2016-07-26&todate=2026-07-26&limit=5000
QQQ,2016-09-21,117.48,118.32,116.81,118.15,31487710,,https://api.nasdaq.com/api/quote/QQQ/historical?assetclass=etf&fromdate=2016-07-26&todate=2026-07-26&limit=5000
QQQ,2016-09-22,118.85,119.22,118.7177,119.09,22575270,,https://api.nasdaq.com/api/quote/QQQ/historical?assetclass=etf&fromdate=2016-07-26&todate=2026-07-26&limit=5000
QQQ,2016-09-23,118.92,119,118.16,118.33,22195130,,https://api.nasdaq.com/api/quote/QQQ/historical?assetclass=etf&fromdate=2016-07-26&todate=2026-07-26&limit=5000
QQQ,2016-09-26,117.66,117.8,117.17,117.34,16387330,,https://api.nasdaq.com/api/quote/QQQ/historical?assetclass=etf&fromdate=2016-07-26&todate=2026-07-26&limit=5000
QQQ,2016-09-27,117.31,118.5552,117.15,118.5,18672990,,https://api.nasdaq.com/api/quote/QQQ/historical?assetclass=etf&fromdate=2016-07-26&todate=2026-07-26&limit=5000
QQQ,2016-09-28,118.62,118.77,118.09,118.7,14768690,,https://api.nasdaq.com/api/quote/QQQ/historical?assetclass=etf&fromdate=2016-07-26&todate=2026-07-26&limit=5000
QQQ,2016-09-29,118.51,118.72,117.3338,117.84,27138670,,https://api.nasdaq.com/api/quote/QQQ/historical?assetclass=etf&fromdate=2016-07-26&todate=2026-07-26&limit=5000
QQQ,2016-09-30,118.145,119.07,118.03,118.72,25337630,,https://api.nasdaq.com/api/quote/QQQ/historical?assetclass=etf&fromdate=2016-07-26&todate=2026-07-26&limit=5000
QQQ,2016-10-03,118.53,118.7,118.09,118.55,19189520,,https://api.nasdaq.com/api/quote/QQQ/historical?assetclass=etf&fromdate=2016-07-26&todate=2026-07-26&limit=5000
QQQ,2016-10-04,118.86,119.16,117.92,118.37,21227720,,https://api.nasdaq.com/api/quote/QQQ/historical?assetclass=etf&fromdate=2016-07-26&todate=2026-07-26&limit=5000
QQQ,2016-10-05,118.7,119.17,118.67,118.79,14461890,,https://api.nasdaq.com/api/quote/QQQ/historical?assetclass=etf&fromdate=2016-07-26&todate=2026-07-26&limit=5000
QQQ,2016-10-06,118.63,118.981,118.15,118.73,11926200,,https://api.nasdaq.com/api/quote/QQQ/historical?assetclass=etf&fromdate=2016-07-26&todate=2026-07-26&limit=5000
QQQ,2016-10-07,118.86,119.01,117.89,118.47,19979450,,https://api.nasdaq.com/api/quote/QQQ/historical?assetclass=etf&fromdate=2016-07-26&todate=2026-07-26&limit=5000
QQQ,2016-10-10,119.06,119.48,119.03,119.22,19674040,,https://api.nasdaq.com/api/quote/QQQ/historical?assetclass=etf&fromdate=2016-07-26&todate=2026-07-26&limit=5000
QQQ,2016-10-11,119.1,119.14,117,117.52,27735200,,https://api.nasdaq.com/api/quote/QQQ/historical?assetclass=etf&fromdate=2016-07-26&todate=2026-07-26&limit=5000
QQQ,2016-10-12,117.575,117.82,117.06,117.42,14216810,,https://api.nasdaq.com/api/quote/QQQ/historical?assetclass=etf&fromdate=2016-07-26&todate=2026-07-26&limit=5000
QQQ,2016-10-13,116.635,117.32,115.94,117,22674980,,https://api.nasdaq.com/api/quote/QQQ/historical?assetclass=etf&fromdate=2016-07-26&todate=2026-07-26&limit=5000
QQQ,2016-10-14,117.58,118.05,117.07,117.14,21305040,,https://api.nasdaq.com/api/quote/QQQ/historical?assetclass=etf&fromdate=2016-07-26&todate=2026-07-26&limit=5000
QQQ,2016-10-17,117.1,117.3,116.672,116.82,14143310,,https://api.nasdaq.com/api/quote/QQQ/historical?assetclass=etf&fromdate=2016-07-26&todate=2026-07-26&limit=5000
QQQ,2016-10-18,118.18,118.41,117.8,117.86,19250530,,https://api.nasdaq.com/api/quote/QQQ/historical?assetclass=etf&fromdate=2016-07-26&todate=2026-07-26&limit=5000
QQQ,2016-10-19,117.77,118.02,117.64,117.85,13681110,,https://api.nasdaq.com/api/quote/QQQ/historical?assetclass=etf&fromdate=2016-07-26&todate=2026-07-26&limit=5000
QQQ,2016-10-20,117.68,117.97,117.03,117.71,18087500,,https://api.nasdaq.com/api/quote/QQQ/historical?assetclass=etf&fromdate=2016-07-26&todate=2026-07-26&limit=5000
QQQ,2016-10-21,117.8,118.22,117.41,118.15,15695890,,https://api.nasdaq.com/api/quote/QQQ/historical?assetclass=etf&fromdate=2016-07-26&todate=2026-07-26&limit=5000
QQQ,2016-10-24,118.93,119.65,118.8918,119.57,19130070,,https://api.nasdaq.com/api/quote/QQQ/historical?assetclass=etf&fromdate=2016-07-26&todate=2026-07-26&limit=5000
QQQ,2016-10-25,119.62,119.66,119.01,119.19,20259080,,https://api.nasdaq.com/api/quote/QQQ/historical?assetclass=etf&fromdate=2016-07-26&todate=2026-07-26&limit=5000
QQQ,2016-10-26,118.41,119.03,118.03,118.38,20445470,,https://api.nasdaq.com/api/quote/QQQ/historical?assetclass=etf&fromdate=2016-07-26&todate=2026-07-26&limit=5000
QQQ,2016-10-27,118.9,118.99,117.67,117.84,19028180,,https://api.nasdaq.com/api/quote/QQQ/historical?assetclass=etf&fromdate=2016-07-26&todate=2026-07-26&limit=5000
QQQ,2016-10-28,117.47,118.11,116.74,117.1,35292290,,https://api.nasdaq.com/api/quote/QQQ/historical?assetclass=etf&fromdate=2016-07-26&todate=2026-07-26&limit=5000
QQQ,2016-10-31,117.53,117.53,116.93,116.99,18726820,,https://api.nasdaq.com/api/quote/QQQ/historical?assetclass=etf&fromdate=2016-07-26&todate=2026-07-26&limit=5000
QQQ,2016-11-01,117.19,117.21,115.1047,116.11,23455500,,https://api.nasdaq.com/api/quote/QQQ/historical?assetclass=etf&fromdate=2016-07-26&todate=2026-07-26&limit=5000
QQQ,2016-11-02,116.05,116.3,114.89,115.18,26465710,,https://api.nasdaq.com/api/quote/QQQ/historical?assetclass=etf&fromdate=2016-07-26&todate=2026-07-26&limit=5000
QQQ,2016-11-03,115.02,115.37,113.92,114.05,36157570,,https://api.nasdaq.com/api/quote/QQQ/historical?assetclass=etf&fromdate=2016-07-26&todate=2026-07-26&limit=5000
QQQ,2016-11-04,113.72,114.54,113.45,113.65,26961060,,https://api.nasdaq.com/api/quote/QQQ/historical?assetclass=etf&fromdate=2016-07-26&todate=2026-07-26&limit=5000
QQQ,2016-11-07,115.45,116.47,115.3,116.35,26547620,,https://api.nasdaq.com/api/quote/QQQ/historical?assetclass=etf&fromdate=2016-07-26&todate=2026-07-26&limit=5000
QQQ,2016-11-08,116.21,117.64,115.96,117.11,20522090,,https://api.nasdaq.com/api/quote/QQQ/historical?assetclass=etf&fromdate=2016-07-26&todate=2026-07-26&limit=5000
QQQ,2016-11-09,115.71,117.84,115.6,117.65,70125120,,https://api.nasdaq.com/api/quote/QQQ/historical?assetclass=etf&fromdate=2016-07-26&todate=2026-07-26&limit=5000
QQQ,2016-11-10,118.14,118.38,114.195,115.75,72716840,,https://api.nasdaq.com/api/quote/QQQ/historical?assetclass=etf&fromdate=2016-07-26&todate=2026-07-26&limit=5000
QQQ,2016-11-11,115.21,116.05,114.84,115.8,41093240,,https://api.nasdaq.com/api/quote/QQQ/historical?assetclass=etf&fromdate=2016-07-26&todate=2026-07-26&limit=5000
QQQ,2016-11-14,115.84,115.94,114.03,114.63,35550570,,https://api.nasdaq.com/api/quote/QQQ/historical?assetclass=etf&fromdate=2016-07-26&todate=2026-07-26&limit=5000
QQQ,2016-11-15,115.47,116.62,115.33,116.22,31753500,,https://api.nasdaq.com/api/quote/QQQ/historical?assetclass=etf&fromdate=2016-07-26&todate=2026-07-26&limit=5000
QQQ,2016-11-16,115.7,116.9932,115.67,116.91,16513410,,https://api.nasdaq.com/api/quote/QQQ/historical?assetclass=etf&fromdate=2016-07-26&todate=2026-07-26&limit=5000
QQQ,2016-11-17,116.86,117.78,116.61,117.76,20550860,,https://api.nasdaq.com/api/quote/QQQ/historical?assetclass=etf&fromdate=2016-07-26&todate=2026-07-26&limit=5000
QQQ,2016-11-18,117.83,118.1,117.21,117.32,16386800,,https://api.nasdaq.com/api/quote/QQQ/historical?assetclass=etf&fromdate=2016-07-26&todate=2026-07-26&limit=5000
QQQ,2016-11-21,117.6,118.65,117.57,118.54,20190550,,https://api.nasdaq.com/api/quote/QQQ/historical?assetclass=etf&fromdate=2016-07-26&todate=2026-07-26&limit=5000
QQQ,2016-11-22,118.97,119.19,118.61,118.9,18800690,,https://api.nasdaq.com/api/quote/QQQ/historical?assetclass=etf&fromdate=2016-07-26&todate=2026-07-26&limit=5000
QQQ,2016-11-23,118.51,118.64,117.9,118.42,22906770,,https://api.nasdaq.com/api/quote/QQQ/historical?assetclass=etf&fromdate=2016-07-26&todate=2026-07-26&limit=5000
QQQ,2016-11-25,118.56,118.85,118.42,118.8,7162785,,https://api.nasdaq.com/api/quote/QQQ/historical?assetclass=etf&fromdate=2016-07-26&todate=2026-07-26&limit=5000
QQQ,2016-11-28,118.64,119.08,118.4101,118.53,13447900,,https://api.nasdaq.com/api/quote/QQQ/historical?assetclass=etf&fromdate=2016-07-26&todate=2026-07-26&limit=5000
QQQ,2016-11-29,118.63,119.51,118.3,118.94,18539440,,https://api.nasdaq.com/api/quote/QQQ/historical?assetclass=etf&fromdate=2016-07-26&todate=2026-07-26&limit=5000
QQQ,2016-11-30,119.06,119.1335,117.46,117.5,29467440,,https://api.nasdaq.com/api/quote/QQQ/historical?assetclass=etf&fromdate=2016-07-26&todate=2026-07-26&limit=5000
QQQ,2016-12-01,117.46,117.47,115.29,115.47,39708500,,https://api.nasdaq.com/api/quote/QQQ/historical?assetclass=etf&fromdate=2016-07-26&todate=2026-07-26&limit=5000
QQQ,2016-12-02,115.57,116.16,115.22,115.7,32866990,,https://api.nasdaq.com/api/quote/QQQ/historical?assetclass=etf&fromdate=2016-07-26&todate=2026-07-26&limit=5000
QQQ,2016-12-05,116.32,117.06,115.77,116.6,21401540,,https://api.nasdaq.com/api/quote/QQQ/historical?assetclass=etf&fromdate=2016-07-26&todate=2026-07-26&limit=5000
QQQ,2016-12-06,116.88,117.08,116.39,116.88,27280220,,https://api.nasdaq.com/api/quote/QQQ/historical?assetclass=etf&fromdate=2016-07-26&todate=2026-07-26&limit=5000
QQQ,2016-12-07,116.64,118.51,116.2919,118.36,26593360,,https://api.nasdaq.com/api/quote/QQQ/historical?assetclass=etf&fromdate=2016-07-26&todate=2026-07-26&limit=5000
QQQ,2016-12-08,118.4,118.87,118.18,118.57,18552220,,https://api.nasdaq.com/api/quote/QQQ/historical?assetclass=etf&fromdate=2016-07-26&todate=2026-07-26&limit=5000
QQQ,2016-12-09,119.03,119.5402,119,119.5,21835180,,https://api.nasdaq.com/api/quote/QQQ/historical?assetclass=etf&fromdate=2016-07-26&todate=2026-07-26&limit=5000
QQQ,2016-12-12,118.95,119.21,118.47,118.96,23218110,,https://api.nasdaq.com/api/quote/QQQ/historical?assetclass=etf&fromdate=2016-07-26&todate=2026-07-26&limit=5000
QQQ,2016-12-13,119.35,121.11,119.32,120.46,54391480,,https://api.nasdaq.com/api/quote/QQQ/historical?assetclass=etf&fromdate=2016-07-26&todate=2026-07-26&limit=5000
QQQ,2016-12-14,120.56,121,119.86,120.21,28616170,,https://api.nasdaq.com/api/quote/QQQ/historical?assetclass=etf&fromdate=2016-07-26&todate=2026-07-26&limit=5000
QQQ,2016-12-15,120.37,121.11,120.08,120.4,22266270,,https://api.nasdaq.com/api/quote/QQQ/historical?assetclass=etf&fromdate=2016-07-26&todate=2026-07-26&limit=5000
QQQ,2016-12-16,120.28,120.5817,119.36,119.6,26244210,,https://api.nasdaq.com/api/quote/QQQ/historical?assetclass=etf&fromdate=2016-07-26&todate=2026-07-26&limit=5000
QQQ,2016-12-19,119.74,120.83,119.55,120.09,21119640,,https://api.nasdaq.com/api/quote/QQQ/historical?assetclass=etf&fromdate=2016-07-26&todate=2026-07-26&limit=5000
QQQ,2016-12-20,120.43,120.77,120.33,120.55,11458940,,https://api.nasdaq.com/api/quote/QQQ/historical?assetclass=etf&fromdate=2016-07-26&todate=2026-07-26&limit=5000
QQQ,2016-12-21,120.57,120.68,120.19,120.46,7052539,,https://api.nasdaq.com/api/quote/QQQ/historical?assetclass=etf&fromdate=2016-07-26&todate=2026-07-26&limit=5000
QQQ,2016-12-22,120.46,120.5,119.65,120.12,16618060,,https://api.nasdaq.com/api/quote/QQQ/historical?assetclass=etf&fromdate=2016-07-26&todate=2026-07-26&limit=5000
QQQ,2016-12-23,119.96,120.25,119.81,120.2,9001276,,https://api.nasdaq.com/api/quote/QQQ/historical?assetclass=etf&fromdate=2016-07-26&todate=2026-07-26&limit=5000
QQQ,2016-12-27,120.44,121.52,120.41,120.82,16072010,,https://api.nasdaq.com/api/quote/QQQ/historical?assetclass=etf&fromdate=2016-07-26&todate=2026-07-26&limit=5000
QQQ,2016-12-28,121.06,121.19,119.795,119.88,17957390,,https://api.nasdaq.com/api/quote/QQQ/historical?assetclass=etf&fromdate=2016-07-26&todate=2026-07-26&limit=5000
QQQ,2016-12-29,119.86,120.13,119.33,119.71,13250980,,https://api.nasdaq.com/api/quote/QQQ/historical?assetclass=etf&fromdate=2016-07-26&todate=2026-07-26&limit=5000
QQQ,2016-12-30,119.93,119.95,118.14,118.48,41574380,,https://api.nasdaq.com/api/quote/QQQ/historical?assetclass=etf&fromdate=2016-07-26&todate=2026-07-26&limit=5000
QQQ,2017-01-03,119.31,119.99,118.89,119.54,22262460,,https://api.nasdaq.com/api/quote/QQQ/historical?assetclass=etf&fromdate=2016-07-26&todate=2026-07-26&limit=5000
QQQ,2017-01-04,119.67,120.41,119.6561,120.19,19675960,,https://api.nasdaq.com/api/quote/QQQ/historical?assetclass=etf&fromdate=2016-07-26&todate=2026-07-26&limit=5000
QQQ,2017-01-05,120.16,120.95,120.1,120.87,20613260,,https://api.nasdaq.com/api/quote/QQQ/historical?assetclass=etf&fromdate=2016-07-26&todate=2026-07-26&limit=5000
QQQ,2017-01-06,120.99,122.25,120.685,121.93,24013960,,https://api.nasdaq.com/api/quote/QQQ/historical?assetclass=etf&fromdate=2016-07-26&todate=2026-07-26&limit=5000
QQQ,2017-01-09,122.03,122.55,121.95,122.33,18870050,,https://api.nasdaq.com/api/quote/QQQ/historical?assetclass=etf&fromdate=2016-07-26&todate=2026-07-26&limit=5000
QQQ,2017-01-10,122.37,122.97,122.1,122.6,16161420,,https://api.nasdaq.com/api/quote/QQQ/historical?assetclass=etf&fromdate=2016-07-26&todate=2026-07-26&limit=5000
QQQ,2017-01-11,122.63,122.93,122.02,122.93,20617710,,https://api.nasdaq.com/api/quote/QQQ/historical?assetclass=etf&fromdate=2016-07-26&todate=2026-07-26&limit=5000
QQQ,2017-01-12,122.49,122.819,121.6,122.74,19583300,,https://api.nasdaq.com/api/quote/QQQ/historical?assetclass=etf&fromdate=2016-07-26&todate=2026-07-26&limit=5000
QQQ,2017-01-13,122.81,123.37,122.8,123.16,16910070,,https://api.nasdaq.com/api/quote/QQQ/historical?assetclass=etf&fromdate=2016-07-26&todate=2026-07-26&limit=5000
QQQ,2017-01-17,122.79,123.03,122.4342,122.79,14473180,,https://api.nasdaq.com/api/quote/QQQ/historical?assetclass=etf&fromdate=2016-07-26&todate=2026-07-26&limit=5000
QQQ,2017-01-18,122.96,123.16,122.66,123.04,12470370,,https://api.nasdaq.com/api/quote/QQQ/historical?assetclass=etf&fromdate=2016-07-26&todate=2026-07-26&limit=5000
QQQ,2017-01-19,123.19,123.65,122.72,122.98,12631070,,https://api.nasdaq.com/api/quote/QQQ/historical?assetclass=etf&fromdate=2016-07-26&todate=2026-07-26&limit=5000
QQQ,2017-01-20,123.51,123.83,122.92,123.25,21995740,,https://api.nasdaq.com/api/quote/QQQ/historical?assetclass=etf&fromdate=2016-07-26&todate=2026-07-26&limit=5000
QQQ,2017-01-23,123.16,123.53,122.57,123.35,17397930,,https://api.nasdaq.com/api/quote/QQQ/historical?assetclass=etf&fromdate=2016-07-26&todate=2026-07-26&limit=5000
QQQ,2017-01-24,123.59,124.37,123.3847,124.18,17595740,,https://api.nasdaq.com/api/quote/QQQ/historical?assetclass=etf&fromdate=2016-07-26&todate=2026-07-26&limit=5000
QQQ,2017-01-25,124.94,125.46,124.85,125.43,14997490,,https://api.nasdaq.com/api/quote/QQQ/historical?assetclass=etf&fromdate=2016-07-26&todate=2026-07-26&limit=5000
QQQ,2017-01-26,125.59,125.82,125.3438,125.56,15792880,,https://api.nasdaq.com/api/quote/QQQ/historical?assetclass=etf&fromdate=2016-07-26&todate=2026-07-26&limit=5000
QQQ,2017-01-27,125.8,125.9211,125.39,125.8,15033140,,https://api.nasdaq.com/api/quote/QQQ/historical?assetclass=etf&fromdate=2016-07-26&todate=2026-07-26&limit=5000
QQQ,2017-01-30,125.37,125.38,124.13,124.82,24959320,,https://api.nasdaq.com/api/quote/QQQ/historical?assetclass=etf&fromdate=2016-07-26&todate=2026-07-26&limit=5000
QQQ,2017-01-31,124.4,124.6,123.85,124.57,18928280,,https://api.nasdaq.com/api/quote/QQQ/historical?assetclass=etf&fromdate=2016-07-26&todate=2026-07-26&limit=5000
QQQ,2017-02-01,125.42,125.68,124.86,125.43,22784880,,https://api.nasdaq.com/api/quote/QQQ/historical?assetclass=etf&fromdate=2016-07-26&todate=2026-07-26&limit=5000
QQQ,2017-02-02,125.21,125.7,124.86,125.32,15044230,,https://api.nasdaq.com/api/quote/QQQ/historical?assetclass=etf&fromdate=2016-07-26&todate=2026-07-26&limit=5000
QQQ,2017-02-03,125.49,125.81,125.33,125.68,16951050,,https://api.nasdaq.com/api/quote/QQQ/historical?assetclass=etf&fromdate=2016-07-26&todate=2026-07-26&limit=5000
QQQ,2017-02-06,125.42,125.85,125.35,125.83,11613660,,https://api.nasdaq.com/api/quote/QQQ/historical?assetclass=etf&fromdate=2016-07-26&todate=2026-07-26&limit=5000
QQQ,2017-02-07,126.06,126.55,125.97,126.29,17524530,,https://api.nasdaq.com/api/quote/QQQ/historical?assetclass=etf&fromdate=2016-07-26&todate=2026-07-26&limit=5000
QQQ,2017-02-08,126.12,126.68,125.88,126.5,12497080,,https://api.nasdaq.com/api/quote/QQQ/historical?assetclass=etf&fromdate=2016-07-26&todate=2026-07-26&limit=5000
QQQ,2017-02-09,126.63,127.24,126.56,126.96,17531660,,https://api.nasdaq.com/api/quote/QQQ/historical?assetclass=etf&fromdate=2016-07-26&todate=2026-07-26&limit=5000
QQQ,2017-02-10,127.2,127.56,127.02,127.38,13885550,,https://api.nasdaq.com/api/quote/QQQ/historical?assetclass=etf&fromdate=2016-07-26&todate=2026-07-26&limit=5000
QQQ,2017-02-13,127.76,128.26,127.7199,128.1,19108770,,https://api.nasdaq.com/api/quote/QQQ/historical?assetclass=etf&fromdate=2016-07-26&todate=2026-07-26&limit=5000
QQQ,2017-02-14,128.15,128.535,127.74,128.53,16309480,,https://api.nasdaq.com/api/quote/QQQ/historical?assetclass=etf&fromdate=2016-07-26&todate=2026-07-26&limit=5000
QQQ,2017-02-15,128.44,129.35,128.37,129.29,17785000,,https://api.nasdaq.com/api/quote/QQQ/historical?assetclass=etf&fromdate=2016-07-26&todate=2026-07-26&limit=5000
QQQ,2017-02-16,129.36,129.63,128.92,129.25,15083610,,https://api.nasdaq.com/api/quote/QQQ/historical?assetclass=etf&fromdate=2016-07-26&todate=2026-07-26&limit=5000
QQQ,2017-02-17,129.09,129.82,129.04,129.81,15529590,,https://api.nasdaq.com/api/quote/QQQ/historical?assetclass=etf&fromdate=2016-07-26&todate=2026-07-26&limit=5000
QQQ,2017-02-21,130.03,130.53,129.99,130.45,18461390,,https://api.nasdaq.com/api/quote/QQQ/historical?assetclass=etf&fromdate=2016-07-26&todate=2026-07-26&limit=5000
QQQ,2017-02-22,130.32,130.59,130.111,130.5,12097690,,https://api.nasdaq.com/api/quote/QQQ/historical?assetclass=etf&fromdate=2016-07-26&todate=2026-07-26&limit=5000
QQQ,2017-02-23,130.7,130.7,129.49,130.01,17467450,,https://api.nasdaq.com/api/quote/QQQ/historical?assetclass=etf&fromdate=2016-07-26&todate=2026-07-26&limit=5000
QQQ,2017-02-24,129.47,130.26,129.38,130.26,18611880,,https://api.nasdaq.com/api/quote/QQQ/historical?assetclass=etf&fromdate=2016-07-26&todate=2026-07-26&limit=5000
QQQ,2017-02-27,130.02,130.43,129.8,130.42,11996190,,https://api.nasdaq.com/api/quote/QQQ/historical?assetclass=etf&fromdate=2016-07-26&todate=2026-07-26&limit=5000
QQQ,2017-02-28,130.39,130.45,129.66,130.02,16119750,,https://api.nasdaq.com/api/quote/QQQ/historical?assetclass=etf&fromdate=2016-07-26&todate=2026-07-26&limit=5000
QQQ,2017-03-01,130.81,131.68,130.6,131.44,25776570,,https://api.nasdaq.com/api/quote/QQQ/historical?assetclass=etf&fromdate=2016-07-26&todate=2026-07-26&limit=5000
QQQ,2017-03-02,131.43,131.43,130.62,130.78,19942000,,https://api.nasdaq.com/api/quote/QQQ/historical?assetclass=etf&fromdate=2016-07-26&todate=2026-07-26&limit=5000
QQQ,2017-03-03,130.65,131.06,130.341,131.02,13713900,,https://api.nasdaq.com/api/quote/QQQ/historical?assetclass=etf&fromdate=2016-07-26&todate=2026-07-26&limit=5000
QQQ,2017-03-06,130.56,130.95,130.21,130.73,11996250,,https://api.nasdaq.com/api/quote/QQQ/historical?assetclass=etf&fromdate=2016-07-26&todate=2026-07-26&limit=5000
QQQ,2017-03-07,130.45,131.08,130.28,130.51,15483130,,https://api.nasdaq.com/api/quote/QQQ/historical?assetclass=etf&fromdate=2016-07-26&todate=2026-07-26&limit=5000
QQQ,2017-03-08,130.57,131.15,130.46,130.74,15755950,,https://api.nasdaq.com/api/quote/QQQ/historical?assetclass=etf&fromdate=2016-07-26&todate=2026-07-26&limit=5000
QQQ,2017-03-09,130.71,131.02,130.14,130.84,20839590,,https://api.nasdaq.com/api/quote/QQQ/historical?assetclass=etf&fromdate=2016-07-26&todate=2026-07-26&limit=5000
QQQ,2017-03-10,131.42,131.6,130.82,131.39,21892650,,https://api.nasdaq.com/api/quote/QQQ/historical?assetclass=etf&fromdate=2016-07-26&todate=2026-07-26&limit=5000
QQQ,2017-03-13,131.34,131.64,131.27,131.61,10719190,,https://api.nasdaq.com/api/quote/QQQ/historical?assetclass=etf&fromdate=2016-07-26&todate=2026-07-26&limit=5000
QQQ,2017-03-14,131.31,131.36,130.76,131.29,13995500,,https://api.nasdaq.com/api/quote/QQQ/historical?assetclass=etf&fromdate=2016-07-26&todate=2026-07-26&limit=5000
QQQ,2017-03-15,131.58,132.405,131.14,132.1,22694570,,https://api.nasdaq.com/api/quote/QQQ/historical?assetclass=etf&fromdate=2016-07-26&todate=2026-07-26&limit=5000
QQQ,2017-03-16,132.33,132.35,131.71,132.01,18381520,,https://api.nasdaq.com/api/quote/QQQ/historical?assetclass=etf&fromdate=2016-07-26&todate=2026-07-26&limit=5000
QQQ,2017-03-17,131.86,132.04,131.62,131.69,20942900,,https://api.nasdaq.com/api/quote/QQQ/historical?assetclass=etf&fromdate=2016-07-26&todate=2026-07-26&limit=5000
QQQ,2017-03-20,131.65,132.11,131.4601,131.81,10092600,,https://api.nasdaq.com/api/quote/QQQ/historical?assetclass=etf&fromdate=2016-07-26&todate=2026-07-26&limit=5000
QQQ,2017-03-21,132.31,132.43,129.73,129.81,35808590,,https://api.nasdaq.com/api/quote/QQQ/historical?assetclass=etf&fromdate=2016-07-26&todate=2026-07-26&limit=5000
QQQ,2017-03-22,129.89,130.82,129.68,130.69,29050790,,https://api.nasdaq.com/api/quote/QQQ/historical?assetclass=etf&fromdate=2016-07-26&todate=2026-07-26&limit=5000
QQQ,2017-03-23,130.52,130.88,130.14,130.36,20280990,,https://api.nasdaq.com/api/quote/QQQ/historical?assetclass=etf&fromdate=2016-07-26&todate=2026-07-26&limit=5000
QQQ,2017-03-24,130.78,131.29,130.13,130.63,22955090,,https://api.nasdaq.com/api/quote/QQQ/historical?assetclass=etf&fromdate=2016-07-26&todate=2026-07-26&limit=5000
QQQ,2017-03-27,129.73,131.07,129.4,130.84,18417650,,https://api.nasdaq.com/api/quote/QQQ/historical?assetclass=etf&fromdate=2016-07-26&todate=2026-07-26&limit=5000
QQQ,2017-03-28,130.81,132.03,130.55,131.64,23691030,,https://api.nasdaq.com/api/quote/QQQ/historical?assetclass=etf&fromdate=2016-07-26&todate=2026-07-26&limit=5000
QQQ,2017-03-29,131.73,132.3,131.59,132.25,13172020,,https://api.nasdaq.com/api/quote/QQQ/historical?assetclass=etf&fromdate=2016-07-26&todate=2026-07-26&limit=5000
QQQ,2017-03-30,132.22,132.61,132.08,132.47,16065120,,https://api.nasdaq.com/api/quote/QQQ/historical?assetclass=etf&fromdate=2016-07-26&todate=2026-07-26&limit=5000
QQQ,2017-03-31,132.27,132.74,132.125,132.38,19430600,,https://api.nasdaq.com/api/quote/QQQ/historical?assetclass=etf&fromdate=2016-07-26&todate=2026-07-26&limit=5000
QQQ,2017-04-03,132.48,132.81,131.56,132.3,23666830,,https://api.nasdaq.com/api/quote/QQQ/historical?assetclass=etf&fromdate=2016-07-26&todate=2026-07-26&limit=5000
QQQ,2017-04-04,131.9,132.53,131.87,132.51,13372180,,https://api.nasdaq.com/api/quote/QQQ/historical?assetclass=etf&fromdate=2016-07-26&todate=2026-07-26&limit=5000
QQQ,2017-04-05,132.68,133.48,131.72,131.97,31958940,,https://api.nasdaq.com/api/quote/QQQ/historical?assetclass=etf&fromdate=2016-07-26&todate=2026-07-26&limit=5000
QQQ,2017-04-06,132.12,132.39,131.7,132.04,18769900,,https://api.nasdaq.com/api/quote/QQQ/historical?assetclass=etf&fromdate=2016-07-26&todate=2026-07-26&limit=5000
QQQ,2017-04-07,131.99,132.37,131.5,131.97,16729570,,https://api.nasdaq.com/api/quote/QQQ/historical?assetclass=etf&fromdate=2016-07-26&todate=2026-07-26&limit=5000
QQQ,2017-04-10,132.11,132.565,131.6564,132.02,15600480,,https://api.nasdaq.com/api/quote/QQQ/historical?assetclass=etf&fromdate=2016-07-26&todate=2026-07-26&limit=5000
QQQ,2017-04-11,131.86,132.095,130.5,131.45,33749440,,https://api.nasdaq.com/api/quote/QQQ/historical?assetclass=etf&fromdate=2016-07-26&todate=2026-07-26&limit=5000
QQQ,2017-04-12,131.45,131.54,130.78,130.92,15930010,,https://api.nasdaq.com/api/quote/QQQ/historical?assetclass=etf&fromdate=2016-07-26&todate=2026-07-26&limit=5000
QQQ,2017-04-13,130.75,131.51,130.38,130.4,23670300,,https://api.nasdaq.com/api/quote/QQQ/historical?assetclass=etf&fromdate=2016-07-26&todate=2026-07-26&limit=5000
QQQ,2017-04-17,130.8,131.5,130.72,131.48,13302050,,https://api.nasdaq.com/api/quote/QQQ/historical?assetclass=etf&fromdate=2016-07-26&todate=2026-07-26&limit=5000
QQQ,2017-04-18,131.01,131.66,130.95,131.28,12818660,,https://api.nasdaq.com/api/quote/QQQ/historical?assetclass=etf&fromdate=2016-07-26&todate=2026-07-26&limit=5000
QQQ,2017-04-19,131.85,132.29,131.31,131.49,17738470,,https://api.nasdaq.com/api/quote/QQQ/historical?assetclass=etf&fromdate=2016-07-26&todate=2026-07-26&limit=5000
QQQ,2017-04-20,132.04,132.88,131.82,132.59,21906070,,https://api.nasdaq.com/api/quote/QQQ/historical?assetclass=etf&fromdate=2016-07-26&todate=2026-07-26&limit=5000
QQQ,2017-04-21,132.7,132.76,132.22,132.56,22428450,,https://api.nasdaq.com/api/quote/QQQ/historical?assetclass=etf&fromdate=2016-07-26&todate=2026-07-26&limit=5000
QQQ,2017-04-24,134.02,134.285,133.8042,134.16,22444520,,https://api.nasdaq.com/api/quote/QQQ/historical?assetclass=etf&fromdate=2016-07-26&todate=2026-07-26&limit=5000
QQQ,2017-04-25,134.58,135.3664,134.48,135.13,19368260,,https://api.nasdaq.com/api/quote/QQQ/historical?assetclass=etf&fromdate=2016-07-26&todate=2026-07-26&limit=5000
QQQ,2017-04-26,135.17,135.51,134.86,134.94,25378890,,https://api.nasdaq.com/api/quote/QQQ/historical?assetclass=etf&fromdate=2016-07-26&todate=2026-07-26&limit=5000
QQQ,2017-04-27,135.28,135.75,135.19,135.75,16032420,,https://api.nasdaq.com/api/quote/QQQ/historical?assetclass=etf&fromdate=2016-07-26&todate=2026-07-26&limit=5000
QQQ,2017-04-28,136.28,136.34,135.77,135.99,20842790,,https://api.nasdaq.com/api/quote/QQQ/historical?assetclass=etf&fromdate=2016-07-26&todate=2026-07-26&limit=5000
QQQ,2017-05-01,136.46,137.38,136.38,137.2,24790980,,https://api.nasdaq.com/api/quote/QQQ/historical?assetclass=etf&fromdate=2016-07-26&todate=2026-07-26&limit=5000
QQQ,2017-05-02,137.38,137.49,137.02,137.43,18263320,,https://api.nasdaq.com/api/quote/QQQ/historical?assetclass=etf&fromdate=2016-07-26&todate=2026-07-26&limit=5000
QQQ,2017-05-03,137.14,137.17,136.615,136.99,23763880,,https://api.nasdaq.com/api/quote/QQQ/historical?assetclass=etf&fromdate=2016-07-26&todate=2026-07-26&limit=5000
QQQ,2017-05-04,137.01,137.43,136.56,137.04,14603510,,https://api.nasdaq.com/api/quote/QQQ/historical?assetclass=etf&fromdate=2016-07-26&todate=2026-07-26&limit=5000
QQQ,2017-05-05,137.39,137.54,136.88,137.54,19294030,,https://api.nasdaq.com/api/quote/QQQ/historical?assetclass=etf&fromdate=2016-07-26&todate=2026-07-26&limit=5000
QQQ,2017-05-08,137.61,137.84,137.33,137.84,13250560,,https://api.nasdaq.com/api/quote/QQQ/historical?assetclass=etf&fromdate=2016-07-26&todate=2026-07-26&limit=5000
QQQ,2017-05-09,138.05,138.628,137.93,138.32,28391190,,https://api.nasdaq.com/api/quote/QQQ/historical?assetclass=etf&fromdate=2016-07-26&todate=2026-07-26&limit=5000
QQQ,2017-05-10,138.4,138.45,137.91,138.4,20486480,,https://api.nasdaq.com/api/quote/QQQ/historical?assetclass=etf&fromdate=2016-07-26&todate=2026-07-26&limit=5000
QQQ,2017-05-11,138.03,138.33,137.38,138.29,27218700,,https://api.nasdaq.com/api/quote/QQQ/historical?assetclass=etf&fromdate=2016-07-26&todate=2026-07-26&limit=5000
QQQ,2017-05-12,138.37,138.63,138.23,138.6,18165020,,https://api.nasdaq.com/api/quote/QQQ/historical?assetclass=etf&fromdate=2016-07-26&todate=2026-07-26&limit=5000
QQQ,2017-05-15,138.63,139.12,138.53,139.04,20459030,,https://api.nasdaq.com/api/quote/QQQ/historical?assetclass=etf&fromdate=2016-07-26&todate=2026-07-26&limit=5000
QQQ,2017-05-16,139.36,139.64,138.99,139.62,21626380,,https://api.nasdaq.com/api/quote/QQQ/historical?assetclass=etf&fromdate=2016-07-26&todate=2026-07-26&limit=5000
QQQ,2017-05-17,138.55,138.77,136.05,136.07,54000510,,https://api.nasdaq.com/api/quote/QQQ/historical?assetclass=etf&fromdate=2016-07-26&todate=2026-07-26&limit=5000
QQQ,2017-05-18,136.06,137.72,135.87,137.26,41290310,,https://api.nasdaq.com/api/quote/QQQ/historical?assetclass=etf&fromdate=2016-07-26&todate=2026-07-26&limit=5000
QQQ,2017-05-19,137.71,138.42,137.66,137.84,36709990,,https://api.nasdaq.com/api/quote/QQQ/historical?assetclass=etf&fromdate=2016-07-26&todate=2026-07-26&limit=5000
QQQ,2017-05-22,138.14,139.075,138.0967,139,19439230,,https://api.nasdaq.com/api/quote/QQQ/historical?assetclass=etf&fromdate=2016-07-26&todate=2026-07-26&limit=5000
QQQ,2017-05-23,139.42,139.42,138.7801,139.14,19675390,,https://api.nasdaq.com/api/quote/QQQ/historical?assetclass=etf&fromdate=2016-07-26&todate=2026-07-26&limit=5000
QQQ,2017-05-24,139.56,139.85,139.17,139.78,16065010,,https://api.nasdaq.com/api/quote/QQQ/historical?assetclass=etf&fromdate=2016-07-26&todate=2026-07-26&limit=5000
QQQ,2017-05-25,140.315,141.33,140.01,140.97,23900910,,https://api.nasdaq.com/api/quote/QQQ/historical?assetclass=etf&fromdate=2016-07-26&todate=2026-07-26&limit=5000
QQQ,2017-05-26,141,141.28,140.81,141.22,13845420,,https://api.nasdaq.com/api/quote/QQQ/historical?assetclass=etf&fromdate=2016-07-26&todate=2026-07-26&limit=5000
QQQ,2017-05-30,141.13,141.505,141.06,141.34,20289020,,https://api.nasdaq.com/api/quote/QQQ/historical?assetclass=etf&fromdate=2016-07-26&todate=2026-07-26&limit=5000
QQQ,2017-05-31,141.8,141.84,140.57,141.29,32016070,,https://api.nasdaq.com/api/quote/QQQ/historical?assetclass=etf&fromdate=2016-07-26&todate=2026-07-26&limit=5000
QQQ,2017-06-01,141.57,141.9,140.98,141.84,20100460,,https://api.nasdaq.com/api/quote/QQQ/historical?assetclass=etf&fromdate=2016-07-26&todate=2026-07-26&limit=5000
QQQ,2017-06-02,142.34,143.49,142.11,143.46,37211860,,https://api.nasdaq.com/api/quote/QQQ/historical?assetclass=etf&fromdate=2016-07-26&todate=2026-07-26&limit=5000
QQQ,2017-06-05,143.44,143.68,143.23,143.43,15718920,,https://api.nasdaq.com/api/quote/QQQ/historical?assetclass=etf&fromdate=2016-07-26&todate=2026-07-26&limit=5000
QQQ,2017-06-06,143.28,143.73,142.65,142.86,22367090,,https://api.nasdaq.com/api/quote/QQQ/historical?assetclass=etf&fromdate=2016-07-26&todate=2026-07-26&limit=5000
QQQ,2017-06-07,143.23,143.54,142.6,143.42,18824520,,https://api.nasdaq.com/api/quote/QQQ/historical?assetclass=etf&fromdate=2016-07-26&todate=2026-07-26&limit=5000
QQQ,2017-06-08,143.74,143.8,142.79,143.57,25326410,,https://api.nasdaq.com/api/quote/QQQ/historical?assetclass=etf&fromdate=2016-07-26&todate=2026-07-26&limit=5000
QQQ,2017-06-09,143.73,143.9,138.11,139.98,109752000,,https://api.nasdaq.com/api/quote/QQQ/historical?assetclass=etf&fromdate=2016-07-26&todate=2026-07-26&limit=5000
QQQ,2017-06-12,138.84,139.48,137.47,139.23,104155200,,https://api.nasdaq.com/api/quote/QQQ/historical?assetclass=etf&fromdate=2016-07-26&todate=2026-07-26&limit=5000
QQQ,2017-06-13,140.01,140.56,139.28,140.36,51084050,,https://api.nasdaq.com/api/quote/QQQ/historical?assetclass=etf&fromdate=2016-07-26&todate=2026-07-26&limit=5000
QQQ,2017-06-14,140.92,140.93,138.62,139.75,59880320,,https://api.nasdaq.com/api/quote/QQQ/historical?assetclass=etf&fromdate=2016-07-26&todate=2026-07-26&limit=5000
QQQ,2017-06-15,138.35,139.28,137.49,139.13,54378300,,https://api.nasdaq.com/api/quote/QQQ/historical?assetclass=etf&fromdate=2016-07-26&todate=2026-07-26&limit=5000
QQQ,2017-06-16,138.72,138.777,137.638,138.15,47779020,,https://api.nasdaq.com/api/quote/QQQ/historical?assetclass=etf&fromdate=2016-07-26&todate=2026-07-26&limit=5000
QQQ,2017-06-19,139.45,140.59,139.28,140.46,38466860,,https://api.nasdaq.com/api/quote/QQQ/historical?assetclass=etf&fromdate=2016-07-26&todate=2026-07-26&limit=5000
QQQ,2017-06-20,140.31,140.5,139.31,139.36,40872880,,https://api.nasdaq.com/api/quote/QQQ/historical?assetclass=etf&fromdate=2016-07-26&todate=2026-07-26&limit=5000
QQQ,2017-06-21,139.66,140.81,139.59,140.74,34609420,,https://api.nasdaq.com/api/quote/QQQ/historical?assetclass=etf&fromdate=2016-07-26&todate=2026-07-26&limit=5000
QQQ,2017-06-22,140.94,141.22,140.34,140.7,24065760,,https://api.nasdaq.com/api/quote/QQQ/historical?assetclass=etf&fromdate=2016-07-26&todate=2026-07-26&limit=5000
QQQ,2017-06-23,140.53,141.42,140.15,141.24,21623220,,https://api.nasdaq.com/api/quote/QQQ/historical?assetclass=etf&fromdate=2016-07-26&todate=2026-07-26&limit=5000
QQQ,2017-06-26,142,142.29,140.27,140.58,34341850,,https://api.nasdaq.com/api/quote/QQQ/historical?assetclass=etf&fromdate=2016-07-26&todate=2026-07-26&limit=5000
QQQ,2017-06-27,140.07,140.22,138.02,138.03,65821880,,https://api.nasdaq.com/api/quote/QQQ/historical?assetclass=etf&fromdate=2016-07-26&todate=2026-07-26&limit=5000
QQQ,2017-06-28,138.54,140.14,137.74,140.02,57368690,,https://api.nasdaq.com/api/quote/QQQ/historical?assetclass=etf&fromdate=2016-07-26&todate=2026-07-26&limit=5000
QQQ,2017-06-29,139.4,139.44,136.25,137.59,88656480,,https://api.nasdaq.com/api/quote/QQQ/historical?assetclass=etf&fromdate=2016-07-26&todate=2026-07-26&limit=5000
QQQ,2017-06-30,138,138.6687,137.19,137.64,64262950,,https://api.nasdaq.com/api/quote/QQQ/historical?assetclass=etf&fromdate=2016-07-26&todate=2026-07-26&limit=5000
QQQ,2017-07-03,138.25,138.43,136.1,136.19,32797010,,https://api.nasdaq.com/api/quote/QQQ/historical?assetclass=etf&fromdate=2016-07-26&todate=2026-07-26&limit=5000
QQQ,2017-07-05,136.57,137.9,136.16,137.53,42082480,,https://api.nasdaq.com/api/quote/QQQ/historical?assetclass=etf&fromdate=2016-07-26&todate=2026-07-26&limit=5000
QQQ,2017-07-06,136.47,137.06,135.8,136.29,48406170,,https://api.nasdaq.com/api/quote/QQQ/historical?assetclass=etf&fromdate=2016-07-26&todate=2026-07-26&limit=5000
QQQ,2017-07-07,136.74,138.13,136.74,137.76,36961050,,https://api.nasdaq.com/api/quote/QQQ/historical?assetclass=etf&fromdate=2016-07-26&todate=2026-07-26&limit=5000
QQQ,2017-07-10,137.84,138.985,137.5,138.66,24815630,,https://api.nasdaq.com/api/quote/QQQ/historical?assetclass=etf&fromdate=2016-07-26&todate=2026-07-26&limit=5000
QQQ,2017-07-11,138.44,139.22,137.94,139.05,31507780,,https://api.nasdaq.com/api/quote/QQQ/historical?assetclass=etf&fromdate=2016-07-26&todate=2026-07-26&limit=5000
QQQ,2017-07-12,140.21,140.86,139.955,140.7,35925790,,https://api.nasdaq.com/api/quote/QQQ/historical?assetclass=etf&fromdate=2016-07-26&todate=2026-07-26&limit=5000
QQQ,2017-07-13,140.85,141.35,140.6,141.01,31003660,,https://api.nasdaq.com/api/quote/QQQ/historical?assetclass=etf&fromdate=2016-07-26&todate=2026-07-26&limit=5000
QQQ,2017-07-14,141.57,142.3,141.19,142.12,34533680,,https://api.nasdaq.com/api/quote/QQQ/historical?assetclass=etf&fromdate=2016-07-26&todate=2026-07-26&limit=5000
QQQ,2017-07-17,142.25,142.69,141.92,142.19,25313070,,https://api.nasdaq.com/api/quote/QQQ/historical?assetclass=etf&fromdate=2016-07-26&todate=2026-07-26&limit=5000
QQQ,2017-07-18,142.06,143.17,141.64,143.14,25662700,,https://api.nasdaq.com/api/quote/QQQ/historical?assetclass=etf&fromdate=2016-07-26&todate=2026-07-26&limit=5000
QQQ,2017-07-19,143.53,144.19,143.5,143.98,33742460,,https://api.nasdaq.com/api/quote/QQQ/historical?assetclass=etf&fromdate=2016-07-26&todate=2026-07-26&limit=5000
QQQ,2017-07-20,144.31,144.44,143.52,144.17,35937250,,https://api.nasdaq.com/api/quote/QQQ/historical?assetclass=etf&fromdate=2016-07-26&todate=2026-07-26&limit=5000
QQQ,2017-07-21,143.62,144.11,143.35,144.11,39683180,,https://api.nasdaq.com/api/quote/QQQ/historical?assetclass=etf&fromdate=2016-07-26&todate=2026-07-26&limit=5000
QQQ,2017-07-24,144.07,144.87,143.92,144.77,26661710,,https://api.nasdaq.com/api/quote/QQQ/historical?assetclass=etf&fromdate=2016-07-26&todate=2026-07-26&limit=5000
QQQ,2017-07-25,144.29,144.74,144.01,144.4,28089860,,https://api.nasdaq.com/api/quote/QQQ/historical?assetclass=etf&fromdate=2016-07-26&todate=2026-07-26&limit=5000
QQQ,2017-07-26,144.74,144.95,144.53,144.87,18523260,,https://api.nasdaq.com/api/quote/QQQ/historical?assetclass=etf&fromdate=2016-07-26&todate=2026-07-26&limit=5000
QQQ,2017-07-27,145.86,145.96,142.3,143.96,80375400,,https://api.nasdaq.com/api/quote/QQQ/historical?assetclass=etf&fromdate=2016-07-26&todate=2026-07-26&limit=5000
QQQ,2017-07-28,143.14,144.0752,142.87,143.84,38008010,,https://api.nasdaq.com/api/quote/QQQ/historical?assetclass=etf&fromdate=2016-07-26&todate=2026-07-26&limit=5000
QQQ,2017-07-31,144.22,144.43,142.92,143.23,33342260,,https://api.nasdaq.com/api/quote/QQQ/historical?assetclass=etf&fromdate=2016-07-26&todate=2026-07-26&limit=5000
QQQ,2017-08-01,143.7,143.76,143.12,143.56,19931380,,https://api.nasdaq.com/api/quote/QQQ/historical?assetclass=etf&fromdate=2016-07-26&todate=2026-07-26&limit=5000
QQQ,2017-08-02,144.45,144.52,142.61,143.95,41736950,,https://api.nasdaq.com/api/quote/QQQ/historical?assetclass=etf&fromdate=2016-07-26&todate=2026-07-26&limit=5000
QQQ,2017-08-03,144.17,144.17,143.13,143.39,27077870,,https://api.nasdaq.com/api/quote/QQQ/historical?assetclass=etf&fromdate=2016-07-26&todate=2026-07-26&limit=5000
QQQ,2017-08-04,143.65,143.97,143.06,143.65,29466030,,https://api.nasdaq.com/api/quote/QQQ/historical?assetclass=etf&fromdate=2016-07-26&todate=2026-07-26&limit=5000
QQQ,2017-08-07,143.89,144.56,143.71,144.56,17899100,,https://api.nasdaq.com/api/quote/QQQ/historical?assetclass=etf&fromdate=2016-07-26&todate=2026-07-26&limit=5000
QQQ,2017-08-08,144.27,145.47,143.9,144.31,30631840,,https://api.nasdaq.com/api/quote/QQQ/historical?assetclass=etf&fromdate=2016-07-26&todate=2026-07-26&limit=5000
QQQ,2017-08-09,143.14,144.19,142.795,144.12,36113230,,https://api.nasdaq.com/api/quote/QQQ/historical?assetclass=etf&fromdate=2016-07-26&todate=2026-07-26&limit=5000
QQQ,2017-08-10,143.33,143.4,140.89,141.03,63167440,,https://api.nasdaq.com/api/quote/QQQ/historical?assetclass=etf&fromdate=2016-07-26&todate=2026-07-26&limit=5000
QQQ,2017-08-11,141.24,142.41,140.9,142.1,45848380,,https://api.nasdaq.com/api/quote/QQQ/historical?assetclass=etf&fromdate=2016-07-26&todate=2026-07-26&limit=5000
QQQ,2017-08-14,143.23,144.15,143.19,143.93,34097350,,https://api.nasdaq.com/api/quote/QQQ/historical?assetclass=etf&fromdate=2016-07-26&todate=2026-07-26&limit=5000
QQQ,2017-08-15,144.22,144.302,143.64,144.03,25433980,,https://api.nasdaq.com/api/quote/QQQ/historical?assetclass=etf&fromdate=2016-07-26&todate=2026-07-26&limit=5000
QQQ,2017-08-16,144.37,144.96,143.8007,144.28,31912840,,https://api.nasdaq.com/api/quote/QQQ/historical?assetclass=etf&fromdate=2016-07-26&todate=2026-07-26&limit=5000
QQQ,2017-08-17,143.73,143.94,141.33,141.33,70171970,,https://api.nasdaq.com/api/quote/QQQ/historical?assetclass=etf&fromdate=2016-07-26&todate=2026-07-26&limit=5000
QQQ,2017-08-18,141.43,142.2,140.65,141.23,60682920,,https://api.nasdaq.com/api/quote/QQQ/historical?assetclass=etf&fromdate=2016-07-26&todate=2026-07-26&limit=5000
QQQ,2017-08-21,141.23,141.53,140.18,141.05,37126930,,https://api.nasdaq.com/api/quote/QQQ/historical?assetclass=etf&fromdate=2016-07-26&todate=2026-07-26&limit=5000
QQQ,2017-08-22,141.8,143.35,141.76,143.2,36219410,,https://api.nasdaq.com/api/quote/QQQ/historical?assetclass=etf&fromdate=2016-07-26&todate=2026-07-26&limit=5000
QQQ,2017-08-23,142.5,143.01,142.38,142.69,25590600,,https://api.nasdaq.com/api/quote/QQQ/historical?assetclass=etf&fromdate=2016-07-26&todate=2026-07-26&limit=5000
QQQ,2017-08-24,143.03,143.17,141.47,142.27,38141230,,https://api.nasdaq.com/api/quote/QQQ/historical?assetclass=etf&fromdate=2016-07-26&todate=2026-07-26&limit=5000
QQQ,2017-08-25,142.8,143.18,141.78,141.97,26329300,,https://api.nasdaq.com/api/quote/QQQ/historical?assetclass=etf&fromdate=2016-07-26&todate=2026-07-26&limit=5000
QQQ,2017-08-28,142.41,142.74,141.9501,142.41,14859030,,https://api.nasdaq.com/api/quote/QQQ/historical?assetclass=etf&fromdate=2016-07-26&todate=2026-07-26&limit=5000
QQQ,2017-08-29,141.18,143.21,141.06,142.97,24434770,,https://api.nasdaq.com/api/quote/QQQ/historical?assetclass=etf&fromdate=2016-07-26&todate=2026-07-26&limit=5000
QQQ,2017-08-30,143.11,144.89,143,144.65,33584320,,https://api.nasdaq.com/api/quote/QQQ/historical?assetclass=etf&fromdate=2016-07-26&todate=2026-07-26&limit=5000
QQQ,2017-08-31,145.03,146.21,144.98,146.2,38027040,,https://api.nasdaq.com/api/quote/QQQ/historical?assetclass=etf&fromdate=2016-07-26&todate=2026-07-26&limit=5000
QQQ,2017-09-01,146.36,146.585,145.61,146,22278400,,https://api.nasdaq.com/api/quote/QQQ/historical?assetclass=etf&fromdate=2016-07-26&todate=2026-07-26&limit=5000
QQQ,2017-09-05,145.55,145.88,143.6,144.69,45429410,,https://api.nasdaq.com/api/quote/QQQ/historical?assetclass=etf&fromdate=2016-07-26&todate=2026-07-26&limit=5000
QQQ,2017-09-06,145.06,145.46,144.08,145.13,30197860,,https://api.nasdaq.com/api/quote/QQQ/historical?assetclass=etf&fromdate=2016-07-26&todate=2026-07-26&limit=5000
QQQ,2017-09-07,145.4,145.84,144.94,145.47,22679890,,https://api.nasdaq.com/api/quote/QQQ/historical?assetclass=etf&fromdate=2016-07-26&todate=2026-07-26&limit=5000
QQQ,2017-09-08,145.28,145.35,144.06,144.21,27877560,,https://api.nasdaq.com/api/quote/QQQ/historical?assetclass=etf&fromdate=2016-07-26&todate=2026-07-26&limit=5000
QQQ,2017-09-11,145.3,146.12,145.3,145.87,26792930,,https://api.nasdaq.com/api/quote/QQQ/historical?assetclass=etf&fromdate=2016-07-26&todate=2026-07-26&limit=5000
QQQ,2017-09-12,146.25,146.41,145.53,146.22,30237420,,https://api.nasdaq.com/api/quote/QQQ/historical?assetclass=etf&fromdate=2016-07-26&todate=2026-07-26&limit=5000
QQQ,2017-09-13,145.95,146.44,145.73,146.42,28388000,,https://api.nasdaq.com/api/quote/QQQ/historical?assetclass=etf&fromdate=2016-07-26&todate=2026-07-26&limit=5000
QQQ,2017-09-14,145.85,146.2869,145.47,145.56,33929330,,https://api.nasdaq.com/api/quote/QQQ/historical?assetclass=etf&fromdate=2016-07-26&todate=2026-07-26&limit=5000
QQQ,2017-09-15,145.56,146.59,145.29,146.06,46274930,,https://api.nasdaq.com/api/quote/QQQ/historical?assetclass=etf&fromdate=2016-07-26&todate=2026-07-26&limit=5000
QQQ,2017-09-18,145.88,146.37,145.11,145.55,24727170,,https://api.nasdaq.com/api/quote/QQQ/historical?assetclass=etf&fromdate=2016-07-26&todate=2026-07-26&limit=5000
QQQ,2017-09-19,145.81,146.01,145.31,145.8,20813840,,https://api.nasdaq.com/api/quote/QQQ/historical?assetclass=etf&fromdate=2016-07-26&todate=2026-07-26&limit=5000
QQQ,2017-09-20,145.75,145.91,144.23,145.35,34188180,,https://api.nasdaq.com/api/quote/QQQ/historical?assetclass=etf&fromdate=2016-07-26&todate=2026-07-26&limit=5000
QQQ,2017-09-21,145.25,145.26,143.95,144.46,28850010,,https://api.nasdaq.com/api/quote/QQQ/historical?assetclass=etf&fromdate=2016-07-26&todate=2026-07-26&limit=5000
QQQ,2017-09-22,144,144.53,143.855,144.32,21689480,,https://api.nasdaq.com/api/quote/QQQ/historical?assetclass=etf&fromdate=2016-07-26&todate=2026-07-26&limit=5000
QQQ,2017-09-25,143.75,143.8299,142.1,142.8,54891540,,https://api.nasdaq.com/api/quote/QQQ/historical?assetclass=etf&fromdate=2016-07-26&todate=2026-07-26&limit=5000
QQQ,2017-09-26,143.51,143.8,142.67,143.17,29613760,,https://api.nasdaq.com/api/quote/QQQ/historical?assetclass=etf&fromdate=2016-07-26&todate=2026-07-26&limit=5000
QQQ,2017-09-27,143.93,145,143.57,144.46,33030730,,https://api.nasdaq.com/api/quote/QQQ/historical?assetclass=etf&fromdate=2016-07-26&todate=2026-07-26&limit=5000
QQQ,2017-09-28,144.14,144.5566,143.78,144.41,24109360,,https://api.nasdaq.com/api/quote/QQQ/historical?assetclass=etf&fromdate=2016-07-26&todate=2026-07-26&limit=5000
QQQ,2017-09-29,144.7,145.555,144.32,145.45,42873480,,https://api.nasdaq.com/api/quote/QQQ/historical?assetclass=etf&fromdate=2016-07-26&todate=2026-07-26&limit=5000
QQQ,2017-10-02,145.67,146.17,144.93,145.58,27267910,,https://api.nasdaq.com/api/quote/QQQ/historical?assetclass=etf&fromdate=2016-07-26&todate=2026-07-26&limit=5000
QQQ,2017-10-03,145.74,146.06,145.45,145.89,19681750,,https://api.nasdaq.com/api/quote/QQQ/historical?assetclass=etf&fromdate=2016-07-26&todate=2026-07-26&limit=5000
QQQ,2017-10-04,145.6,146.34,145.47,146.03,26371020,,https://api.nasdaq.com/api/quote/QQQ/historical?assetclass=etf&fromdate=2016-07-26&todate=2026-07-26&limit=5000
QQQ,2017-10-05,146.54,147.54,146.4063,147.46,31396150,,https://api.nasdaq.com/api/quote/QQQ/historical?assetclass=etf&fromdate=2016-07-26&todate=2026-07-26&limit=5000
QQQ,2017-10-06,146.97,147.66,146.96,147.66,23546200,,https://api.nasdaq.com/api/quote/QQQ/historical?assetclass=etf&fromdate=2016-07-26&todate=2026-07-26&limit=5000
QQQ,2017-10-09,147.86,148.0093,147.3,147.49,13695060,,https://api.nasdaq.com/api/quote/QQQ/historical?assetclass=etf&fromdate=2016-07-26&todate=2026-07-26&limit=5000
QQQ,2017-10-10,147.98,148.14,146.95,147.6,19168230,,https://api.nasdaq.com/api/quote/QQQ/historical?assetclass=etf&fromdate=2016-07-26&todate=2026-07-26&limit=5000
QQQ,2017-10-11,147.53,148.07,147.34,148.04,12392580,,https://api.nasdaq.com/api/quote/QQQ/historical?assetclass=etf&fromdate=2016-07-26&todate=2026-07-26&limit=5000
QQQ,2017-10-12,147.84,148.355,147.615,147.77,14453220,,https://api.nasdaq.com/api/quote/QQQ/historical?assetclass=etf&fromdate=2016-07-26&todate=2026-07-26&limit=5000
QQQ,2017-10-13,148.4,148.51,147.7772,148.34,18338430,,https://api.nasdaq.com/api/quote/QQQ/historical?assetclass=etf&fromdate=2016-07-26&todate=2026-07-26&limit=5000
QQQ,2017-10-16,148.7,148.89,148.3928,148.85,21787240,,https://api.nasdaq.com/api/quote/QQQ/historical?assetclass=etf&fromdate=2016-07-26&todate=2026-07-26&limit=5000
QQQ,2017-10-17,148.79,149.06,148.57,149.04,13097170,,https://api.nasdaq.com/api/quote/QQQ/historical?assetclass=etf&fromdate=2016-07-26&todate=2026-07-26&limit=5000
QQQ,2017-10-18,149.21,149.21,148.64,148.86,17184740,,https://api.nasdaq.com/api/quote/QQQ/historical?assetclass=etf&fromdate=2016-07-26&todate=2026-07-26&limit=5000
QQQ,2017-10-19,148.02,148.33,147.27,148.31,27635280,,https://api.nasdaq.com/api/quote/QQQ/historical?assetclass=etf&fromdate=2016-07-26&todate=2026-07-26&limit=5000
QQQ,2017-10-20,148.91,149.04,148.53,148.71,29753680,,https://api.nasdaq.com/api/quote/QQQ/historical?assetclass=etf&fromdate=2016-07-26&todate=2026-07-26&limit=5000
QQQ,2017-10-23,149.01,149.03,147.53,147.74,29135880,,https://api.nasdaq.com/api/quote/QQQ/historical?assetclass=etf&fromdate=2016-07-26&todate=2026-07-26&limit=5000
QQQ,2017-10-24,148,148.3,147.44,147.99,20246850,,https://api.nasdaq.com/api/quote/QQQ/historical?assetclass=etf&fromdate=2016-07-26&todate=2026-07-26&limit=5000
QQQ,2017-10-25,147.7,148.18,146.33,147.43,36116810,,https://api.nasdaq.com/api/quote/QQQ/historical?assetclass=etf&fromdate=2016-07-26&todate=2026-07-26&limit=5000
QQQ,2017-10-26,147.36,147.705,146.92,146.96,28067960,,https://api.nasdaq.com/api/quote/QQQ/historical?assetclass=etf&fromdate=2016-07-26&todate=2026-07-26&limit=5000
QQQ,2017-10-27,149.33,151.52,149.2,151.24,60054810,,https://api.nasdaq.com/api/quote/QQQ/historical?assetclass=etf&fromdate=2016-07-26&todate=2026-07-26&limit=5000
QQQ,2017-10-30,151.08,152.19,150.9899,151.58,31676410,,https://api.nasdaq.com/api/quote/QQQ/historical?assetclass=etf&fromdate=2016-07-26&todate=2026-07-26&limit=5000
QQQ,2017-10-31,152.04,152.37,151.63,152.15,25681390,,https://api.nasdaq.com/api/quote/QQQ/historical?assetclass=etf&fromdate=2016-07-26&todate=2026-07-26&limit=5000
QQQ,2017-11-01,152.75,152.83,151.5,152.1,29412080,,https://api.nasdaq.com/api/quote/QQQ/historical?assetclass=etf&fromdate=2016-07-26&todate=2026-07-26&limit=5000
QQQ,2017-11-02,151.92,151.99,150.77,151.81,30908120,,https://api.nasdaq.com/api/quote/QQQ/historical?assetclass=etf&fromdate=2016-07-26&todate=2026-07-26&limit=5000
QQQ,2017-11-03,152.39,153.29,151.84,153.27,26184510,,https://api.nasdaq.com/api/quote/QQQ/historical?assetclass=etf&fromdate=2016-07-26&todate=2026-07-26&limit=5000
QQQ,2017-11-06,153.13,153.85,153.1,153.79,28685460,,https://api.nasdaq.com/api/quote/QQQ/historical?assetclass=etf&fromdate=2016-07-26&todate=2026-07-26&limit=5000
QQQ,2017-11-07,153.67,154.0823,153.34,153.88,21282820,,https://api.nasdaq.com/api/quote/QQQ/historical?assetclass=etf&fromdate=2016-07-26&todate=2026-07-26&limit=5000
QQQ,2017-11-08,153.81,154.54,153.62,154.5,17326210,,https://api.nasdaq.com/api/quote/QQQ/historical?assetclass=etf&fromdate=2016-07-26&todate=2026-07-26&limit=5000
QQQ,2017-11-09,153.26,153.77,152.11,153.69,40553220,,https://api.nasdaq.com/api/quote/QQQ/historical?assetclass=etf&fromdate=2016-07-26&todate=2026-07-26&limit=5000
QQQ,2017-11-10,153.36,153.8,153.06,153.68,19957070,,https://api.nasdaq.com/api/quote/QQQ/historical?assetclass=etf&fromdate=2016-07-26&todate=2026-07-26&limit=5000
QQQ,2017-11-13,153.12,154.0693,153.1,153.87,12468670,,https://api.nasdaq.com/api/quote/QQQ/historical?assetclass=etf&fromdate=2016-07-26&todate=2026-07-26&limit=5000
QQQ,2017-11-14,153.31,153.5,152.57,153.31,25050310,,https://api.nasdaq.com/api/quote/QQQ/historical?assetclass=etf&fromdate=2016-07-26&todate=2026-07-26&limit=5000
QQQ,2017-11-15,152.61,153,151.78,152.59,24762510,,https://api.nasdaq.com/api/quote/QQQ/historical?assetclass=etf&fromdate=2016-07-26&todate=2026-07-26&limit=5000
QQQ,2017-11-16,153.38,154.89,153.33,154.54,34731280,,https://api.nasdaq.com/api/quote/QQQ/historical?assetclass=etf&fromdate=2016-07-26&todate=2026-07-26&limit=5000
QQQ,2017-11-17,154.58,154.69,153.8,153.95,28702690,,https://api.nasdaq.com/api/quote/QQQ/historical?assetclass=etf&fromdate=2016-07-26&todate=2026-07-26&limit=5000
QQQ,2017-11-20,154.08,154.2,153.61,153.83,21126900,,https://api.nasdaq.com/api/quote/QQQ/historical?assetclass=etf&fromdate=2016-07-26&todate=2026-07-26&limit=5000
QQQ,2017-11-21,154.56,155.57,154.485,155.5,20125750,,https://api.nasdaq.com/api/quote/QQQ/historical?assetclass=etf&fromdate=2016-07-26&todate=2026-07-26&limit=5000
QQQ,2017-11-22,155.63,155.84,155.341,155.69,17254940,,https://api.nasdaq.com/api/quote/QQQ/historical?assetclass=etf&fromdate=2016-07-26&todate=2026-07-26&limit=5000
QQQ,2017-11-24,155.86,156.31,155.76,156.26,8280586,,https://api.nasdaq.com/api/quote/QQQ/historical?assetclass=etf&fromdate=2016-07-26&todate=2026-07-26&limit=5000
QQQ,2017-11-27,156.2,156.56,155.83,156.19,22607080,,https://api.nasdaq.com/api/quote/QQQ/historical?assetclass=etf&fromdate=2016-07-26&todate=2026-07-26&limit=5000
QQQ,2017-11-28,156.52,156.69,155.7,156.59,25167130,,https://api.nasdaq.com/api/quote/QQQ/historical?assetclass=etf&fromdate=2016-07-26&todate=2026-07-26&limit=5000
QQQ,2017-11-29,156.45,156.45,153.12,153.86,71860430,,https://api.nasdaq.com/api/quote/QQQ/historical?assetclass=etf&fromdate=2016-07-26&todate=2026-07-26&limit=5000
QQQ,2017-11-30,154.46,155.45,154.145,155.15,55968420,,https://api.nasdaq.com/api/quote/QQQ/historical?assetclass=etf&fromdate=2016-07-26&todate=2026-07-26&limit=5000
QQQ,2017-12-01,154.19,155.24,152.26,154.49,58985750,,https://api.nasdaq.com/api/quote/QQQ/historical?assetclass=etf&fromdate=2016-07-26&todate=2026-07-26&limit=5000
QQQ,2017-12-04,155.47,155.625,152.56,152.71,51246020,,https://api.nasdaq.com/api/quote/QQQ/historical?assetclass=etf&fromdate=2016-07-26&todate=2026-07-26&limit=5000
QQQ,2017-12-05,152.64,154.55,152.1,152.81,40556100,,https://api.nasdaq.com/api/quote/QQQ/historical?assetclass=etf&fromdate=2016-07-26&todate=2026-07-26&limit=5000
QQQ,2017-12-06,152.26,153.735,152.06,153.5,28567940,,https://api.nasdaq.com/api/quote/QQQ/historical?assetclass=etf&fromdate=2016-07-26&todate=2026-07-26&limit=5000
QQQ,2017-12-07,153.49,154.46,153.33,154.02,32364860,,https://api.nasdaq.com/api/quote/QQQ/historical?assetclass=etf&fromdate=2016-07-26&todate=2026-07-26&limit=5000
QQQ,2017-12-08,155.1,155.53,154.46,154.7,27866000,,https://api.nasdaq.com/api/quote/QQQ/historical?assetclass=etf&fromdate=2016-07-26&todate=2026-07-26&limit=5000
QQQ,2017-12-11,154.76,155.95,154.76,155.9,20667300,,https://api.nasdaq.com/api/quote/QQQ/historical?assetclass=etf&fromdate=2016-07-26&todate=2026-07-26&limit=5000
QQQ,2017-12-12,155.81,156.15,155.36,155.69,20370830,,https://api.nasdaq.com/api/quote/QQQ/historical?assetclass=etf&fromdate=2016-07-26&todate=2026-07-26&limit=5000
QQQ,2017-12-13,156.28,156.49,155.76,155.99,24388990,,https://api.nasdaq.com/api/quote/QQQ/historical?assetclass=etf&fromdate=2016-07-26&todate=2026-07-26&limit=5000
QQQ,2017-12-14,156.28,156.66,155.71,155.88,24323930,,https://api.nasdaq.com/api/quote/QQQ/historical?assetclass=etf&fromdate=2016-07-26&todate=2026-07-26&limit=5000
QQQ,2017-12-15,156.49,157.82,156.23,157.65,49084190,,https://api.nasdaq.com/api/quote/QQQ/historical?assetclass=etf&fromdate=2016-07-26&todate=2026-07-26&limit=5000
QQQ,2017-12-18,158.29,158.77,158.07,158.64,25749450,,https://api.nasdaq.com/api/quote/QQQ/historical?assetclass=etf&fromdate=2016-07-26&todate=2026-07-26&limit=5000
QQQ,2017-12-19,158.34,158.5,157.26,157.7,31389590,,https://api.nasdaq.com/api/quote/QQQ/historical?assetclass=etf&fromdate=2016-07-26&todate=2026-07-26&limit=5000
QQQ,2017-12-20,158.25,158.28,156.91,157.53,38097240,,https://api.nasdaq.com/api/quote/QQQ/historical?assetclass=etf&fromdate=2016-07-26&todate=2026-07-26&limit=5000
QQQ,2017-12-21,157.73,158.25,157.37,157.55,18629420,,https://api.nasdaq.com/api/quote/QQQ/historical?assetclass=etf&fromdate=2016-07-26&todate=2026-07-26&limit=5000
QQQ,2017-12-22,157.31,157.432,156.95,157.37,23328390,,https://api.nasdaq.com/api/quote/QQQ/historical?assetclass=etf&fromdate=2016-07-26&todate=2026-07-26&limit=5000
QQQ,2017-12-26,156.53,156.72,155.95,156.52,21885320,,https://api.nasdaq.com/api/quote/QQQ/historical?assetclass=etf&fromdate=2016-07-26&todate=2026-07-26&limit=5000
QQQ,2017-12-27,156.52,156.96,156.39,156.54,22371430,,https://api.nasdaq.com/api/quote/QQQ/historical?assetclass=etf&fromdate=2016-07-26&todate=2026-07-26&limit=5000
QQQ,2017-12-28,157.05,157.0653,156.54,156.73,25369960,,https://api.nasdaq.com/api/quote/QQQ/historical?assetclass=etf&fromdate=2016-07-26&todate=2026-07-26&limit=5000
QQQ,2017-12-29,156.9,156.9,155.7,155.76,33127850,,https://api.nasdaq.com/api/quote/QQQ/historical?assetclass=etf&fromdate=2016-07-26&todate=2026-07-26&limit=5000
QQQ,2018-01-02,156.5,158.525,156.17,158.49,32520670,,https://api.nasdaq.com/api/quote/QQQ/historical?assetclass=etf&fromdate=2016-07-26&todate=2026-07-26&limit=5000
QQQ,2018-01-03,158.61,160.17,158.61,160.03,29328900,,https://api.nasdaq.com/api/quote/QQQ/historical?assetclass=etf&fromdate=2016-07-26&todate=2026-07-26&limit=5000
QQQ,2018-01-04,160.59,160.79,160.0825,160.31,24690760,,https://api.nasdaq.com/api/quote/QQQ/historical?assetclass=etf&fromdate=2016-07-26&todate=2026-07-26&limit=5000
QQQ,2018-01-05,161.04,162.03,160.77,161.92,27021090,,https://api.nasdaq.com/api/quote/QQQ/historical?assetclass=etf&fromdate=2016-07-26&todate=2026-07-26&limit=5000
QQQ,2018-01-08,161.9,162.63,161.86,162.55,23127940,,https://api.nasdaq.com/api/quote/QQQ/historical?assetclass=etf&fromdate=2016-07-26&todate=2026-07-26&limit=5000
QQQ,2018-01-09,162.85,163.04,162.07,162.56,24714470,,https://api.nasdaq.com/api/quote/QQQ/historical?assetclass=etf&fromdate=2016-07-26&todate=2026-07-26&limit=5000
QQQ,2018-01-10,161.8,162.21,161.12,162.18,33125690,,https://api.nasdaq.com/api/quote/QQQ/historical?assetclass=etf&fromdate=2016-07-26&todate=2026-07-26&limit=5000
QQQ,2018-01-11,162.48,163.3,162.21,163.29,20433590,,https://api.nasdaq.com/api/quote/QQQ/historical?assetclass=etf&fromdate=2016-07-26&todate=2026-07-26&limit=5000
QQQ,2018-01-12,163.03,164.66,162.94,164.49,37739700,,https://api.nasdaq.com/api/quote/QQQ/historical?assetclass=etf&fromdate=2016-07-26&todate=2026-07-26&limit=5000
QQQ,2018-01-16,165.55,166.415,163.53,164.02,41166390,,https://api.nasdaq.com/api/quote/QQQ/historical?assetclass=etf&fromdate=2016-07-26&todate=2026-07-26&limit=5000
QQQ,2018-01-17,164.77,166.04,163.9982,165.79,33679740,,https://api.nasdaq.com/api/quote/QQQ/historical?assetclass=etf&fromdate=2016-07-26&todate=2026-07-26&limit=5000
QQQ,2018-01-18,165.55,166.1999,165.135,165.82,26327920,,https://api.nasdaq.com/api/quote/QQQ/historical?assetclass=etf&fromdate=2016-07-26&todate=2026-07-26&limit=5000
QQQ,2018-01-19,166.32,166.61,165.535,166.34,38896830,,https://api.nasdaq.com/api/quote/QQQ/historical?assetclass=etf&fromdate=2016-07-26&todate=2026-07-26&limit=5000
QQQ,2018-01-22,166.27,168.12,166.09,168.12,25972700,,https://api.nasdaq.com/api/quote/QQQ/historical?assetclass=etf&fromdate=2016-07-26&todate=2026-07-26&limit=5000
QQQ,2018-01-23,168.64,169.66,168.555,169.51,35045420,,https://api.nasdaq.com/api/quote/QQQ/historical?assetclass=etf&fromdate=2016-07-26&todate=2026-07-26&limit=5000
QQQ,2018-01-24,169.81,170.24,167.44,168.41,53773390,,https://api.nasdaq.com/api/quote/QQQ/historical?assetclass=etf&fromdate=2016-07-26&todate=2026-07-26&limit=5000
QQQ,2018-01-25,169.55,169.63,167.81,168.35,28879470,,https://api.nasdaq.com/api/quote/QQQ/historical?assetclass=etf&fromdate=2016-07-26&todate=2026-07-26&limit=5000
QQQ,2018-01-26,169.27,170.952,168.96,170.93,32012930,,https://api.nasdaq.com/api/quote/QQQ/historical?assetclass=etf&fromdate=2016-07-26&todate=2026-07-26&limit=5000
QQQ,2018-01-29,170.52,170.91,169.74,170.1,37213320,,https://api.nasdaq.com/api/quote/QQQ/historical?assetclass=etf&fromdate=2016-07-26&todate=2026-07-26&limit=5000
QQQ,2018-01-30,168.55,169.42,167.82,168.7,44879510,,https://api.nasdaq.com/api/quote/QQQ/historical?assetclass=etf&fromdate=2016-07-26&todate=2026-07-26&limit=5000
QQQ,2018-01-31,169.67,169.9899,168.34,169.4,40995070,,https://api.nasdaq.com/api/quote/QQQ/historical?assetclass=etf&fromdate=2016-07-26&todate=2026-07-26&limit=5000
QQQ,2018-02-01,168.12,169.73,167.42,167.96,37825600,,https://api.nasdaq.com/api/quote/QQQ/historical?assetclass=etf&fromdate=2016-07-26&todate=2026-07-26&limit=5000
QQQ,2018-02-02,167.34,167.7,164.47,164.61,67966900,,https://api.nasdaq.com/api/quote/QQQ/historical?assetclass=etf&fromdate=2016-07-26&todate=2026-07-26&limit=5000
QQQ,2018-02-05,163.13,165.75,158,158.12,104576300,,https://api.nasdaq.com/api/quote/QQQ/historical?assetclass=etf&fromdate=2016-07-26&todate=2026-07-26&limit=5000
QQQ,2018-02-06,155.96,162.51,155.1,162.31,118207900,,https://api.nasdaq.com/api/quote/QQQ/historical?assetclass=etf&fromdate=2016-07-26&todate=2026-07-26&limit=5000
QQQ,2018-02-07,161.79,163.55,160.2,160.21,89696280,,https://api.nasdaq.com/api/quote/QQQ/historical?assetclass=etf&fromdate=2016-07-26&todate=2026-07-26&limit=5000
QQQ,2018-02-08,160.69,160.8,153.45,153.45,93533250,,https://api.nasdaq.com/api/quote/QQQ/historical?assetclass=etf&fromdate=2016-07-26&todate=2026-07-26&limit=5000
QQQ,2018-02-09,155.66,157.24,150.125,156.1,112965900,,https://api.nasdaq.com/api/quote/QQQ/historical?assetclass=etf&fromdate=2016-07-26&todate=2026-07-26&limit=5000
QQQ,2018-02-12,157.67,159.95,156.46,158.87,61536730,,https://api.nasdaq.com/api/quote/QQQ/historical?assetclass=etf&fromdate=2016-07-26&todate=2026-07-26&limit=5000
QQQ,2018-02-13,157.98,160.01,157.7197,159.69,31739270,,https://api.nasdaq.com/api/quote/QQQ/historical?assetclass=etf&fromdate=2016-07-26&todate=2026-07-26&limit=5000
QQQ,2018-02-14,158.79,162.93,158,162.68,52046200,,https://api.nasdaq.com/api/quote/QQQ/historical?assetclass=etf&fromdate=2016-07-26&todate=2026-07-26&limit=5000
QQQ,2018-02-15,164.14,165.7,162.44,165.7,51145600,,https://api.nasdaq.com/api/quote/QQQ/historical?assetclass=etf&fromdate=2016-07-26&todate=2026-07-26&limit=5000
QQQ,2018-02-16,165.18,166.755,164.6799,164.96,56263030,,https://api.nasdaq.com/api/quote/QQQ/historical?assetclass=etf&fromdate=2016-07-26&todate=2026-07-26&limit=5000
QQQ,2018-02-20,164.39,166.68,164.31,165.29,36579260,,https://api.nasdaq.com/api/quote/QQQ/historical?assetclass=etf&fromdate=2016-07-26&todate=2026-07-26&limit=5000
QQQ,2018-02-21,166.06,167.72,164.72,164.82,40574080,,https://api.nasdaq.com/api/quote/QQQ/historical?assetclass=etf&fromdate=2016-07-26&todate=2026-07-26&limit=5000
QQQ,2018-02-22,165.54,166.42,164.3769,164.8,36221400,,https://api.nasdaq.com/api/quote/QQQ/historical?assetclass=etf&fromdate=2016-07-26&todate=2026-07-26&limit=5000
QQQ,2018-02-23,166.06,168.17,165.45,168.17,50038470,,https://api.nasdaq.com/api/quote/QQQ/historical?assetclass=etf&fromdate=2016-07-26&todate=2026-07-26&limit=5000
QQQ,2018-02-26,168.93,170.4,168.82,170.4,38617940,,https://api.nasdaq.com/api/quote/QQQ/historical?assetclass=etf&fromdate=2016-07-26&todate=2026-07-26&limit=5000
QQQ,2018-02-27,170.42,170.73,168.21,168.29,42143790,,https://api.nasdaq.com/api/quote/QQQ/historical?assetclass=etf&fromdate=2016-07-26&todate=2026-07-26&limit=5000
QQQ,2018-02-28,169.25,169.8,167.1,167.21,42562900,,https://api.nasdaq.com/api/quote/QQQ/historical?assetclass=etf&fromdate=2016-07-26&todate=2026-07-26&limit=5000
QQQ,2018-03-01,167.29,168.07,163.001,164.48,76494070,,https://api.nasdaq.com/api/quote/QQQ/historical?assetclass=etf&fromdate=2016-07-26&todate=2026-07-26&limit=5000
QQQ,2018-03-02,162.59,166.28,161.96,165.99,57420880,,https://api.nasdaq.com/api/quote/QQQ/historical?assetclass=etf&fromdate=2016-07-26&todate=2026-07-26&limit=5000
QQQ,2018-03-05,165.26,168.26,164.59,167.83,38476030,,https://api.nasdaq.com/api/quote/QQQ/historical?assetclass=etf&fromdate=2016-07-26&todate=2026-07-26&limit=5000
QQQ,2018-03-06,168.61,169.11,167.48,168.54,28858000,,https://api.nasdaq.com/api/quote/QQQ/historical?assetclass=etf&fromdate=2016-07-26&todate=2026-07-26&limit=5000
QQQ,2018-03-07,167.26,169.07,166.96,168.93,34555390,,https://api.nasdaq.com/api/quote/QQQ/historical?assetclass=etf&fromdate=2016-07-26&todate=2026-07-26&limit=5000
QQQ,2018-03-08,169.54,169.98,168.95,169.86,25679460,,https://api.nasdaq.com/api/quote/QQQ/historical?assetclass=etf&fromdate=2016-07-26&todate=2026-07-26&limit=5000
QQQ,2018-03-09,171.1,173.16,170.82,173.16,38177460,,https://api.nasdaq.com/api/quote/QQQ/historical?assetclass=etf&fromdate=2016-07-26&todate=2026-07-26&limit=5000
QQQ,2018-03-12,173.65,174.48,173.28,174.08,37517520,,https://api.nasdaq.com/api/quote/QQQ/historical?assetclass=etf&fromdate=2016-07-26&todate=2026-07-26&limit=5000
QQQ,2018-03-13,174.8,175.21,171.2666,171.71,54338070,,https://api.nasdaq.com/api/quote/QQQ/historical?assetclass=etf&fromdate=2016-07-26&todate=2026-07-26&limit=5000
QQQ,2018-03-14,172.58,172.74,170.93,171.68,40426260,,https://api.nasdaq.com/api/quote/QQQ/historical?assetclass=etf&fromdate=2016-07-26&todate=2026-07-26&limit=5000
QQQ,2018-03-15,171.83,172.53,170.9,171.53,28755610,,https://api.nasdaq.com/api/quote/QQQ/historical?assetclass=etf&fromdate=2016-07-26&todate=2026-07-26&limit=5000
QQQ,2018-03-16,171.78,172.2,170.935,171.02,30710620,,https://api.nasdaq.com/api/quote/QQQ/historical?assetclass=etf&fromdate=2016-07-26&todate=2026-07-26&limit=5000
QQQ,2018-03-19,169.16,169.22,165.6393,167.1,70683890,,https://api.nasdaq.com/api/quote/QQQ/historical?assetclass=etf&fromdate=2016-07-26&todate=2026-07-26&limit=5000
QQQ,2018-03-20,167.1,168.04,166.61,167.65,34009060,,https://api.nasdaq.com/api/quote/QQQ/historical?assetclass=etf&fromdate=2016-07-26&todate=2026-07-26&limit=5000
QQQ,2018-03-21,167.23,168.76,166.19,166.92,43801150,,https://api.nasdaq.com/api/quote/QQQ/historical?assetclass=etf&fromdate=2016-07-26&todate=2026-07-26&limit=5000
QQQ,2018-03-22,164.7,165.77,162.59,162.8,65933570,,https://api.nasdaq.com/api/quote/QQQ/historical?assetclass=etf&fromdate=2016-07-26&todate=2026-07-26&limit=5000
QQQ,2018-03-23,162.6,163.3,158.43,158.51,78830190,,https://api.nasdaq.com/api/quote/QQQ/historical?assetclass=etf&fromdate=2016-07-26&todate=2026-07-26&limit=5000
QQQ,2018-03-26,161.68,164.6,159.16,164.4,57382220,,https://api.nasdaq.com/api/quote/QQQ/historical?assetclass=etf&fromdate=2016-07-26&todate=2026-07-26&limit=5000
QQQ,2018-03-27,165.6,165.62,157.68,159.08,77048110,,https://api.nasdaq.com/api/quote/QQQ/historical?assetclass=etf&fromdate=2016-07-26&todate=2026-07-26&limit=5000
QQQ,2018-03-28,158.25,159.78,156.04,157.25,88348850,,https://api.nasdaq.com/api/quote/QQQ/historical?assetclass=etf&fromdate=2016-07-26&todate=2026-07-26&limit=5000
QQQ,2018-03-29,158.13,161.71,156.6338,160.13,68624710,,https://api.nasdaq.com/api/quote/QQQ/historical?assetclass=etf&fromdate=2016-07-26&todate=2026-07-26&limit=5000
QQQ,2018-04-02,159,159.74,153.88,155.51,85317660,,https://api.nasdaq.com/api/quote/QQQ/historical?assetclass=etf&fromdate=2016-07-26&todate=2026-07-26&limit=5000
QQQ,2018-04-03,156.92,157.92,154.44,157.26,63936220,,https://api.nasdaq.com/api/quote/QQQ/historical?assetclass=etf&fromdate=2016-07-26&todate=2026-07-26&limit=5000
QQQ,2018-04-04,154.27,160.23,154.04,159.74,65353850,,https://api.nasdaq.com/api/quote/QQQ/historical?assetclass=etf&fromdate=2016-07-26&todate=2026-07-26&limit=5000
QQQ,2018-04-05,161.33,161.58,159.48,160.65,43028990,,https://api.nasdaq.com/api/quote/QQQ/historical?assetclass=etf&fromdate=2016-07-26&todate=2026-07-26&limit=5000
QQQ,2018-04-06,158.94,160.4601,155.88,156.63,59848320,,https://api.nasdaq.com/api/quote/QQQ/historical?assetclass=etf&fromdate=2016-07-26&todate=2026-07-26&limit=5000
QQQ,2018-04-09,158.01,160.88,157.46,157.73,41607510,,https://api.nasdaq.com/api/quote/QQQ/historical?assetclass=etf&fromdate=2016-07-26&todate=2026-07-26&limit=5000
QQQ,2018-04-10,160.13,161.73,159.07,161.21,48498910,,https://api.nasdaq.com/api/quote/QQQ/historical?assetclass=etf&fromdate=2016-07-26&todate=2026-07-26&limit=5000
QQQ,2018-04-11,160.2,162,160.1,160.28,41535620,,https://api.nasdaq.com/api/quote/QQQ/historical?assetclass=etf&fromdate=2016-07-26&todate=2026-07-26&limit=5000
QQQ,2018-04-12,161.3,162.77,161.16,162.21,30334890,,https://api.nasdaq.com/api/quote/QQQ/historical?assetclass=etf&fromdate=2016-07-26&todate=2026-07-26&limit=5000
QQQ,2018-04-13,163.01,163.26,160.67,161.37,44569420,,https://api.nasdaq.com/api/quote/QQQ/historical?assetclass=etf&fromdate=2016-07-26&todate=2026-07-26&limit=5000
QQQ,2018-04-16,162.45,163.19,161.48,162.6,28112960,,https://api.nasdaq.com/api/quote/QQQ/historical?assetclass=etf&fromdate=2016-07-26&todate=2026-07-26&limit=5000
QQQ,2018-04-17,164.19,166.4592,163.91,166.1,35273870,,https://api.nasdaq.com/api/quote/QQQ/historical?assetclass=etf&fromdate=2016-07-26&todate=2026-07-26&limit=5000
QQQ,2018-04-18,166.12,167,165.31,166.44,29516140,,https://api.nasdaq.com/api/quote/QQQ/historical?assetclass=etf&fromdate=2016-07-26&todate=2026-07-26&limit=5000
QQQ,2018-04-19,165.65,165.99,164.34,164.91,34406650,,https://api.nasdaq.com/api/quote/QQQ/historical?assetclass=etf&fromdate=2016-07-26&todate=2026-07-26&limit=5000
QQQ,2018-04-20,164.49,164.61,161.73,162.3,48913880,,https://api.nasdaq.com/api/quote/QQQ/historical?assetclass=etf&fromdate=2016-07-26&todate=2026-07-26&limit=5000
QQQ,2018-04-23,163.08,163.73,161.02,161.89,32961250,,https://api.nasdaq.com/api/quote/QQQ/historical?assetclass=etf&fromdate=2016-07-26&todate=2026-07-26&limit=5000
QQQ,2018-04-24,162.62,162.905,157.39,158.46,70092400,,https://api.nasdaq.com/api/quote/QQQ/historical?assetclass=etf&fromdate=2016-07-26&todate=2026-07-26&limit=5000
QQQ,2018-04-25,158.8,159.31,156.47,158.65,51694680,,https://api.nasdaq.com/api/quote/QQQ/historical?assetclass=etf&fromdate=2016-07-26&todate=2026-07-26&limit=5000
QQQ,2018-04-26,160.72,162.53,160.18,161.99,42734050,,https://api.nasdaq.com/api/quote/QQQ/historical?assetclass=etf&fromdate=2016-07-26&todate=2026-07-26&limit=5000
QQQ,2018-04-27,164.35,164.41,161.17,162.09,51032270,,https://api.nasdaq.com/api/quote/QQQ/historical?assetclass=etf&fromdate=2016-07-26&todate=2026-07-26&limit=5000
QQQ,2018-04-30,162.48,163.48,160.54,160.94,35204640,,https://api.nasdaq.com/api/quote/QQQ/historical?assetclass=etf&fromdate=2016-07-26&todate=2026-07-26&limit=5000
QQQ,2018-05-01,160.52,162.8,160.14,162.78,36343010,,https://api.nasdaq.com/api/quote/QQQ/historical?assetclass=etf&fromdate=2016-07-26&todate=2026-07-26&limit=5000
QQQ,2018-05-02,163.1,163.57,161.63,161.82,38491700,,https://api.nasdaq.com/api/quote/QQQ/historical?assetclass=etf&fromdate=2016-07-26&todate=2026-07-26&limit=5000
QQQ,2018-05-03,161.08,162.4,159.22,161.8,60210860,,https://api.nasdaq.com/api/quote/QQQ/historical?assetclass=etf&fromdate=2016-07-26&todate=2026-07-26&limit=5000
QQQ,2018-05-04,161.11,165.25,160.98,164.87,41516340,,https://api.nasdaq.com/api/quote/QQQ/historical?assetclass=etf&fromdate=2016-07-26&todate=2026-07-26&limit=5000
QQQ,2018-05-07,165.64,166.78,165.51,166.24,32471650,,https://api.nasdaq.com/api/quote/QQQ/historical?assetclass=etf&fromdate=2016-07-26&todate=2026-07-26&limit=5000
QQQ,2018-05-08,165.83,166.43,164.86,166.07,25995450,,https://api.nasdaq.com/api/quote/QQQ/historical?assetclass=etf&fromdate=2016-07-26&todate=2026-07-26&limit=5000
QQQ,2018-05-09,166.4,168,165.78,167.88,29056120,,https://api.nasdaq.com/api/quote/QQQ/historical?assetclass=etf&fromdate=2016-07-26&todate=2026-07-26&limit=5000
QQQ,2018-05-10,168.43,169.74,168.29,169.62,27017510,,https://api.nasdaq.com/api/quote/QQQ/historical?assetclass=etf&fromdate=2016-07-26&todate=2026-07-26&limit=5000
QQQ,2018-05-11,169.35,169.86,168.72,169.46,24642650,,https://api.nasdaq.com/api/quote/QQQ/historical?assetclass=etf&fromdate=2016-07-26&todate=2026-07-26&limit=5000
QQQ,2018-05-14,169.84,170.82,169.47,169.75,21772820,,https://api.nasdaq.com/api/quote/QQQ/historical?assetclass=etf&fromdate=2016-07-26&todate=2026-07-26&limit=5000
QQQ,2018-05-15,168.4,168.5,166.98,167.87,49317430,,https://api.nasdaq.com/api/quote/QQQ/historical?assetclass=etf&fromdate=2016-07-26&todate=2026-07-26&limit=5000
QQQ,2018-05-16,168.1,169.37,168.01,168.98,22900740,,https://api.nasdaq.com/api/quote/QQQ/historical?assetclass=etf&fromdate=2016-07-26&todate=2026-07-26&limit=5000
QQQ,2018-05-17,168.4,169.61,167.51,168.33,27408700,,https://api.nasdaq.com/api/quote/QQQ/historical?assetclass=etf&fromdate=2016-07-26&todate=2026-07-26&limit=5000
QQQ,2018-05-18,167.71,168.26,167.21,167.46,26201580,,https://api.nasdaq.com/api/quote/QQQ/historical?assetclass=etf&fromdate=2016-07-26&todate=2026-07-26&limit=5000
QQQ,2018-05-21,168.73,169.5,167.68,168.4,22936470,,https://api.nasdaq.com/api/quote/QQQ/historical?assetclass=etf&fromdate=2016-07-26&todate=2026-07-26&limit=5000
QQQ,2018-05-22,169.15,169.45,167.88,168.18,19414170,,https://api.nasdaq.com/api/quote/QQQ/historical?assetclass=etf&fromdate=2016-07-26&todate=2026-07-26&limit=5000
QQQ,2018-05-23,166.9,169.62,166.88,169.6,26528830,,https://api.nasdaq.com/api/quote/QQQ/historical?assetclass=etf&fromdate=2016-07-26&todate=2026-07-26&limit=5000
QQQ,2018-05-24,169.56,169.85,167.84,169.55,27625230,,https://api.nasdaq.com/api/quote/QQQ/historical?assetclass=etf&fromdate=2016-07-26&todate=2026-07-26&limit=5000
QQQ,2018-05-25,169.54,170.33,169.21,169.72,27427230,,https://api.nasdaq.com/api/quote/QQQ/historical?assetclass=etf&fromdate=2016-07-26&todate=2026-07-26&limit=5000
QQQ,2018-05-29,168.91,169.92,167.96,168.97,41124480,,https://api.nasdaq.com/api/quote/QQQ/historical?assetclass=etf&fromdate=2016-07-26&todate=2026-07-26&limit=5000
QQQ,2018-05-30,169.63,170.48,169.22,170.18,21578370,,https://api.nasdaq.com/api/quote/QQQ/historical?assetclass=etf&fromdate=2016-07-26&todate=2026-07-26&limit=5000
QQQ,2018-05-31,170.13,171.2,169.63,170.07,35517240,,https://api.nasdaq.com/api/quote/QQQ/historical?assetclass=etf&fromdate=2016-07-26&todate=2026-07-26&limit=5000
QQQ,2018-06-01,170.88,172.84,170.87,172.74,45446770,,https://api.nasdaq.com/api/quote/QQQ/historical?assetclass=etf&fromdate=2016-07-26&todate=2026-07-26&limit=5000
QQQ,2018-06-04,173.16,174.34,173.07,174.3,19984280,,https://api.nasdaq.com/api/quote/QQQ/historical?assetclass=etf&fromdate=2016-07-26&todate=2026-07-26&limit=5000
QQQ,2018-06-05,174.69,175.13,174.065,174.84,24739120,,https://api.nasdaq.com/api/quote/QQQ/historical?assetclass=etf&fromdate=2016-07-26&todate=2026-07-26&limit=5000
QQQ,2018-06-06,175.025,175.89,174.14,175.86,24972980,,https://api.nasdaq.com/api/quote/QQQ/historical?assetclass=etf&fromdate=2016-07-26&todate=2026-07-26&limit=5000
QQQ,2018-06-07,175.91,175.93,173.55,174.43,39548600,,https://api.nasdaq.com/api/quote/QQQ/historical?assetclass=etf&fromdate=2016-07-26&todate=2026-07-26&limit=5000
QQQ,2018-06-08,173.57,174.8803,173.18,174.44,31768760,,https://api.nasdaq.com/api/quote/QQQ/historical?assetclass=etf&fromdate=2016-07-26&todate=2026-07-26&limit=5000
QQQ,2018-06-11,174.3,175.34,174.28,174.91,22275480,,https://api.nasdaq.com/api/quote/QQQ/historical?assetclass=etf&fromdate=2016-07-26&todate=2026-07-26&limit=5000
QQQ,2018-06-12,175.15,176,174.96,175.83,22435740,,https://api.nasdaq.com/api/quote/QQQ/historical?assetclass=etf&fromdate=2016-07-26&todate=2026-07-26&limit=5000
QQQ,2018-06-13,176.09,177.14,175.43,175.82,37793920,,https://api.nasdaq.com/api/quote/QQQ/historical?assetclass=etf&fromdate=2016-07-26&todate=2026-07-26&limit=5000
QQQ,2018-06-14,176.62,177.89,176.5,177.6,35590310,,https://api.nasdaq.com/api/quote/QQQ/historical?assetclass=etf&fromdate=2016-07-26&todate=2026-07-26&limit=5000
QQQ,2018-06-15,176.98,177.325,176.11,176.98,49073490,,https://api.nasdaq.com/api/quote/QQQ/historical?assetclass=etf&fromdate=2016-07-26&todate=2026-07-26&limit=5000
QQQ,2018-06-18,175.53,176.65,174.94,176.5,31432960,,https://api.nasdaq.com/api/quote/QQQ/historical?assetclass=etf&fromdate=2016-07-26&todate=2026-07-26&limit=5000
QQQ,2018-06-19,174.26,176.04,173.71,176,37636330,,https://api.nasdaq.com/api/quote/QQQ/historical?assetclass=etf&fromdate=2016-07-26&todate=2026-07-26&limit=5000
QQQ,2018-06-20,176.79,177.98,176.65,177.25,32958420,,https://api.nasdaq.com/api/quote/QQQ/historical?assetclass=etf&fromdate=2016-07-26&todate=2026-07-26&limit=5000
QQQ,2018-06-21,177.69,177.88,175.37,175.71,43392150,,https://api.nasdaq.com/api/quote/QQQ/historical?assetclass=etf&fromdate=2016-07-26&todate=2026-07-26&limit=5000
QQQ,2018-06-22,176.31,176.369,174.69,175.32,30055890,,https://api.nasdaq.com/api/quote/QQQ/historical?assetclass=etf&fromdate=2016-07-26&todate=2026-07-26&limit=5000
QQQ,2018-06-25,173.76,173.99,169.81,171.37,77651470,,https://api.nasdaq.com/api/quote/QQQ/historical?assetclass=etf&fromdate=2016-07-26&todate=2026-07-26&limit=5000
QQQ,2018-06-26,171.99,173.0585,171.37,172.07,38959490,,https://api.nasdaq.com/api/quote/QQQ/historical?assetclass=etf&fromdate=2016-07-26&todate=2026-07-26&limit=5000
QQQ,2018-06-27,172.77,173.58,169.61,169.73,52724500,,https://api.nasdaq.com/api/quote/QQQ/historical?assetclass=etf&fromdate=2016-07-26&todate=2026-07-26&limit=5000
QQQ,2018-06-28,169.52,171.77,169.17,171.19,46338350,,https://api.nasdaq.com/api/quote/QQQ/historical?assetclass=etf&fromdate=2016-07-26&todate=2026-07-26&limit=5000
QQQ,2018-06-29,172,172.92,171.395,171.65,36286310,,https://api.nasdaq.com/api/quote/QQQ/historical?assetclass=etf&fromdate=2016-07-26&todate=2026-07-26&limit=5000
QQQ,2018-07-02,170.04,172.85,169.67,172.8,31692200,,https://api.nasdaq.com/api/quote/QQQ/historical?assetclass=etf&fromdate=2016-07-26&todate=2026-07-26&limit=5000
QQQ,2018-07-03,173.41,173.45,170.63,170.8,25512710,,https://api.nasdaq.com/api/quote/QQQ/historical?assetclass=etf&fromdate=2016-07-26&todate=2026-07-26&limit=5000
QQQ,2018-07-05,171.91,173.06,171.03,172.92,31521250,,https://api.nasdaq.com/api/quote/QQQ/historical?assetclass=etf&fromdate=2016-07-26&todate=2026-07-26&limit=5000
QQQ,2018-07-06,173.31,175.74,173,175.61,36100400,,https://api.nasdaq.com/api/quote/QQQ/historical?assetclass=etf&fromdate=2016-07-26&todate=2026-07-26&limit=5000
QQQ,2018-07-09,176.49,177.23,175.82,177.19,26197520,,https://api.nasdaq.com/api/quote/QQQ/historical?assetclass=etf&fromdate=2016-07-26&todate=2026-07-26&limit=5000
QQQ,2018-07-10,177.41,177.72,176.71,177.32,23505970,,https://api.nasdaq.com/api/quote/QQQ/historical?assetclass=etf&fromdate=2016-07-26&todate=2026-07-26&limit=5000
QQQ,2018-07-11,175.96,177.07,175.8,176.42,30211570,,https://api.nasdaq.com/api/quote/QQQ/historical?assetclass=etf&fromdate=2016-07-26&todate=2026-07-26&limit=5000
QQQ,2018-07-12,177.21,179.46,177.08,179.46,27851930,,https://api.nasdaq.com/api/quote/QQQ/historical?assetclass=etf&fromdate=2016-07-26&todate=2026-07-26&limit=5000
QQQ,2018-07-13,179.42,179.9,178.95,179.61,28049260,,https://api.nasdaq.com/api/quote/QQQ/historical?assetclass=etf&fromdate=2016-07-26&todate=2026-07-26&limit=5000
QQQ,2018-07-16,179.64,179.95,178.88,179.18,21142350,,https://api.nasdaq.com/api/quote/QQQ/historical?assetclass=etf&fromdate=2016-07-26&todate=2026-07-26&limit=5000
QQQ,2018-07-17,177.3,180.65,177.28,180.27,30968280,,https://api.nasdaq.com/api/quote/QQQ/historical?assetclass=etf&fromdate=2016-07-26&todate=2026-07-26&limit=5000
QQQ,2018-07-18,180.28,180.44,179.38,179.93,23170600,,https://api.nasdaq.com/api/quote/QQQ/historical?assetclass=etf&fromdate=2016-07-26&todate=2026-07-26&limit=5000
QQQ,2018-07-19,179.34,179.88,178.82,179.03,30822830,,https://api.nasdaq.com/api/quote/QQQ/historical?assetclass=etf&fromdate=2016-07-26&todate=2026-07-26&limit=5000
QQQ,2018-07-20,179.57,180.17,178.79,178.99,35886100,,https://api.nasdaq.com/api/quote/QQQ/historical?assetclass=etf&fromdate=2016-07-26&todate=2026-07-26&limit=5000
QQQ,2018-07-23,178.45,179.64,177.74,179.56,21926920,,https://api.nasdaq.com/api/quote/QQQ/historical?assetclass=etf&fromdate=2016-07-26&todate=2026-07-26&limit=5000
QQQ,2018-07-24,181.39,182.05,179.56,180.3,36857020,,https://api.nasdaq.com/api/quote/QQQ/historical?assetclass=etf&fromdate=2016-07-26&todate=2026-07-26&limit=5000
QQQ,2018-07-25,180.36,182.93,180.29,182.82,33918800,,https://api.nasdaq.com/api/quote/QQQ/historical?assetclass=etf&fromdate=2016-07-26&todate=2026-07-26&limit=5000
QQQ,2018-07-26,180.35,180.92,179.81,180.05,40492100,,https://api.nasdaq.com/api/quote/QQQ/historical?assetclass=etf&fromdate=2016-07-26&todate=2026-07-26&limit=5000
QQQ,2018-07-27,181.26,181.31,176.6,177.62,59433870,,https://api.nasdaq.com/api/quote/QQQ/historical?assetclass=etf&fromdate=2016-07-26&todate=2026-07-26&limit=5000
QQQ,2018-07-30,177.66,177.73,174.27,175.11,60034900,,https://api.nasdaq.com/api/quote/QQQ/historical?assetclass=etf&fromdate=2016-07-26&todate=2026-07-26&limit=5000
QQQ,2018-07-31,175.75,177.13,174.82,176.45,46321680,,https://api.nasdaq.com/api/quote/QQQ/historical?assetclass=etf&fromdate=2016-07-26&todate=2026-07-26&limit=5000
QQQ,2018-08-01,176.87,177.65,176.0967,177.12,37060650,,https://api.nasdaq.com/api/quote/QQQ/historical?assetclass=etf&fromdate=2016-07-26&todate=2026-07-26&limit=5000
QQQ,2018-08-02,175.87,179.74,175.79,179.53,47075790,,https://api.nasdaq.com/api/quote/QQQ/historical?assetclass=etf&fromdate=2016-07-26&todate=2026-07-26&limit=5000
QQQ,2018-08-03,179.8,180.09,179.08,180.08,28516090,,https://api.nasdaq.com/api/quote/QQQ/historical?assetclass=etf&fromdate=2016-07-26&todate=2026-07-26&limit=5000
QQQ,2018-08-06,179.97,181.19,179.74,181.14,24785650,,https://api.nasdaq.com/api/quote/QQQ/historical?assetclass=etf&fromdate=2016-07-26&todate=2026-07-26&limit=5000
QQQ,2018-08-07,181.63,182.14,181.26,181.8,29734460,,https://api.nasdaq.com/api/quote/QQQ/historical?assetclass=etf&fromdate=2016-07-26&todate=2026-07-26&limit=5000
QQQ,2018-08-08,181.55,182.35,181.06,182.02,22559320,,https://api.nasdaq.com/api/quote/QQQ/historical?assetclass=etf&fromdate=2016-07-26&todate=2026-07-26&limit=5000
QQQ,2018-08-09,181.94,182.63,181.64,181.91,18748400,,https://api.nasdaq.com/api/quote/QQQ/historical?assetclass=etf&fromdate=2016-07-26&todate=2026-07-26&limit=5000
QQQ,2018-08-10,180.68,181.22,179.84,180.52,33796070,,https://api.nasdaq.com/api/quote/QQQ/historical?assetclass=etf&fromdate=2016-07-26&todate=2026-07-26&limit=5000
QQQ,2018-08-13,180.85,182.01,180.241,180.32,26047610,,https://api.nasdaq.com/api/quote/QQQ/historical?assetclass=etf&fromdate=2016-07-26&todate=2026-07-26&limit=5000
QQQ,2018-08-14,181.01,181.66,180.04,181.45,20867960,,https://api.nasdaq.com/api/quote/QQQ/historical?assetclass=etf&fromdate=2016-07-26&todate=2026-07-26&limit=5000
QQQ,2018-08-15,180.09,180.58,178.12,179.23,58190130,,https://api.nasdaq.com/api/quote/QQQ/historical?assetclass=etf&fromdate=2016-07-26&todate=2026-07-26&limit=5000
QQQ,2018-08-16,180.57,180.99,179.47,179.82,27598180,,https://api.nasdaq.com/api/quote/QQQ/historical?assetclass=etf&fromdate=2016-07-26&todate=2026-07-26&limit=5000
QQQ,2018-08-17,179.36,180.31,178.2679,179.86,36062090,,https://api.nasdaq.com/api/quote/QQQ/historical?assetclass=etf&fromdate=2016-07-26&todate=2026-07-26&limit=5000
QQQ,2018-08-20,180.28,180.3251,179,179.7,23551400,,https://api.nasdaq.com/api/quote/QQQ/historical?assetclass=etf&fromdate=2016-07-26&todate=2026-07-26&limit=5000
QQQ,2018-08-21,180.26,181.44,180.13,180.36,24547850,,https://api.nasdaq.com/api/quote/QQQ/historical?assetclass=etf&fromdate=2016-07-26&todate=2026-07-26&limit=5000
QQQ,2018-08-22,179.96,181.27,179.75,181.06,17929550,,https://api.nasdaq.com/api/quote/QQQ/historical?assetclass=etf&fromdate=2016-07-26&todate=2026-07-26&limit=5000
QQQ,2018-08-23,180.77,182.045,180.5,180.8,25755720,,https://api.nasdaq.com/api/quote/QQQ/historical?assetclass=etf&fromdate=2016-07-26&todate=2026-07-26&limit=5000
QQQ,2018-08-24,181.4,182.63,181.36,182.48,23124510,,https://api.nasdaq.com/api/quote/QQQ/historical?assetclass=etf&fromdate=2016-07-26&todate=2026-07-26&limit=5000
QQQ,2018-08-27,183.43,184.34,183.11,184.34,28923070,,https://api.nasdaq.com/api/quote/QQQ/historical?assetclass=etf&fromdate=2016-07-26&todate=2026-07-26&limit=5000
QQQ,2018-08-28,184.8,185.02,184.22,184.61,20215210,,https://api.nasdaq.com/api/quote/QQQ/historical?assetclass=etf&fromdate=2016-07-26&todate=2026-07-26&limit=5000
QQQ,2018-08-29,184.91,186.84,184.86,186.74,29117530,,https://api.nasdaq.com/api/quote/QQQ/historical?assetclass=etf&fromdate=2016-07-26&todate=2026-07-26&limit=5000
QQQ,2018-08-30,186.41,187.5199,185.79,186.41,29266740,,https://api.nasdaq.com/api/quote/QQQ/historical?assetclass=etf&fromdate=2016-07-26&todate=2026-07-26&limit=5000
QQQ,2018-08-31,186.18,187.18,185.98,186.65,28432350,,https://api.nasdaq.com/api/quote/QQQ/historical?assetclass=etf&fromdate=2016-07-26&todate=2026-07-26&limit=5000
QQQ,2018-09-04,186.1,186.4,184.85,185.85,29006610,,https://api.nasdaq.com/api/quote/QQQ/historical?assetclass=etf&fromdate=2016-07-26&todate=2026-07-26&limit=5000
QQQ,2018-09-05,185.55,185.55,182.82,183.45,42581490,,https://api.nasdaq.com/api/quote/QQQ/historical?assetclass=etf&fromdate=2016-07-26&todate=2026-07-26&limit=5000
QQQ,2018-09-06,183.54,183.75,180.58,181.81,45971350,,https://api.nasdaq.com/api/quote/QQQ/historical?assetclass=etf&fromdate=2016-07-26&todate=2026-07-26&limit=5000
QQQ,2018-09-07,180.53,182.67,180.44,181.11,46410060,,https://api.nasdaq.com/api/quote/QQQ/historical?assetclass=etf&fromdate=2016-07-26&todate=2026-07-26&limit=5000
QQQ,2018-09-10,182.12,182.25,180.725,181.72,26068010,,https://api.nasdaq.com/api/quote/QQQ/historical?assetclass=etf&fromdate=2016-07-26&todate=2026-07-26&limit=5000
QQQ,2018-09-11,180.97,183.42,180.52,183.12,29870220,,https://api.nasdaq.com/api/quote/QQQ/historical?assetclass=etf&fromdate=2016-07-26&todate=2026-07-26&limit=5000
QQQ,2018-09-12,182.87,182.98,181.01,182.58,36127660,,https://api.nasdaq.com/api/quote/QQQ/historical?assetclass=etf&fromdate=2016-07-26&todate=2026-07-26&limit=5000
QQQ,2018-09-13,183.67,184.88,183.6401,184.53,31104030,,https://api.nasdaq.com/api/quote/QQQ/historical?assetclass=etf&fromdate=2016-07-26&todate=2026-07-26&limit=5000
QQQ,2018-09-14,184.66,184.945,183.26,183.99,30654680,,https://api.nasdaq.com/api/quote/QQQ/historical?assetclass=etf&fromdate=2016-07-26&todate=2026-07-26&limit=5000
QQQ,2018-09-17,183.66,183.81,181.17,181.34,32830800,,https://api.nasdaq.com/api/quote/QQQ/historical?assetclass=etf&fromdate=2016-07-26&todate=2026-07-26&limit=5000
QQQ,2018-09-18,181.52,183.73,181.4,182.84,31813390,,https://api.nasdaq.com/api/quote/QQQ/historical?assetclass=etf&fromdate=2016-07-26&todate=2026-07-26&limit=5000
QQQ,2018-09-19,182.86,183.3,181.51,182.7,31757560,,https://api.nasdaq.com/api/quote/QQQ/historical?assetclass=etf&fromdate=2016-07-26&todate=2026-07-26&limit=5000
QQQ,2018-09-20,183.95,184.97,183.5199,184.72,33187840,,https://api.nasdaq.com/api/quote/QQQ/historical?assetclass=etf&fromdate=2016-07-26&todate=2026-07-26&limit=5000
QQQ,2018-09-21,185.27,185.48,183.48,183.71,38085660,,https://api.nasdaq.com/api/quote/QQQ/historical?assetclass=etf&fromdate=2016-07-26&todate=2026-07-26&limit=5000
QQQ,2018-09-24,182.05,183.96,181.3,183.89,34428710,,https://api.nasdaq.com/api/quote/QQQ/historical?assetclass=etf&fromdate=2016-07-26&todate=2026-07-26&limit=5000
QQQ,2018-09-25,183.78,184.28,183.18,184.14,24736100,,https://api.nasdaq.com/api/quote/QQQ/historical?assetclass=etf&fromdate=2016-07-26&todate=2026-07-26&limit=5000
QQQ,2018-09-26,184.25,185.99,183.905,184.27,35918610,,https://api.nasdaq.com/api/quote/QQQ/historical?assetclass=etf&fromdate=2016-07-26&todate=2026-07-26&limit=5000
QQQ,2018-09-27,185.04,186.49,184.92,185.83,33071560,,https://api.nasdaq.com/api/quote/QQQ/historical?assetclass=etf&fromdate=2016-07-26&todate=2026-07-26&limit=5000
QQQ,2018-09-28,185.25,186.28,184.97,185.79,27743730,,https://api.nasdaq.com/api/quote/QQQ/historical?assetclass=etf&fromdate=2016-07-26&todate=2026-07-26&limit=5000
QQQ,2018-10-01,186.82,187.53,185.7,186.17,27318030,,https://api.nasdaq.com/api/quote/QQQ/historical?assetclass=etf&fromdate=2016-07-26&todate=2026-07-26&limit=5000
QQQ,2018-10-02,185.95,187.175,185.32,185.75,25536870,,https://api.nasdaq.com/api/quote/QQQ/historical?assetclass=etf&fromdate=2016-07-26&todate=2026-07-26&limit=5000
QQQ,2018-10-03,186.52,186.97,185.66,185.95,29031810,,https://api.nasdaq.com/api/quote/QQQ/historical?assetclass=etf&fromdate=2016-07-26&todate=2026-07-26&limit=5000
QQQ,2018-10-04,185.22,185.32,181.06,182.38,80436330,,https://api.nasdaq.com/api/quote/QQQ/historical?assetclass=etf&fromdate=2016-07-26&todate=2026-07-26&limit=5000
QQQ,2018-10-05,182.39,182.97,178.43,180.15,83295960,,https://api.nasdaq.com/api/quote/QQQ/historical?assetclass=etf&fromdate=2016-07-26&todate=2026-07-26&limit=5000
QQQ,2018-10-08,179.37,180.6427,176.93,179.05,66788520,,https://api.nasdaq.com/api/quote/QQQ/historical?assetclass=etf&fromdate=2016-07-26&todate=2026-07-26&limit=5000
QQQ,2018-10-09,179.2,181.02,178.75,179.63,49046720,,https://api.nasdaq.com/api/quote/QQQ/historical?assetclass=etf&fromdate=2016-07-26&todate=2026-07-26&limit=5000
QQQ,2018-10-10,178.53,178.62,171.5,171.73,113121100,,https://api.nasdaq.com/api/quote/QQQ/historical?assetclass=etf&fromdate=2016-07-26&todate=2026-07-26&limit=5000
QQQ,2018-10-11,171.04,173.4,167.81,169.6,141994900,,https://api.nasdaq.com/api/quote/QQQ/historical?assetclass=etf&fromdate=2016-07-26&todate=2026-07-26&limit=5000
QQQ,2018-10-12,173.99,174.86,170.9328,174.32,101609500,,https://api.nasdaq.com/api/quote/QQQ/historical?assetclass=etf&fromdate=2016-07-26&todate=2026-07-26&limit=5000
QQQ,2018-10-15,173.69,174.04,171.56,172.21,64645800,,https://api.nasdaq.com/api/quote/QQQ/historical?assetclass=etf&fromdate=2016-07-26&todate=2026-07-26&limit=5000
QQQ,2018-10-16,174.02,177.65,173.7,177.22,71686270,,https://api.nasdaq.com/api/quote/QQQ/historical?assetclass=etf&fromdate=2016-07-26&todate=2026-07-26&limit=5000
QQQ,2018-10-17,178.14,178.2585,175.47,177.29,66877610,,https://api.nasdaq.com/api/quote/QQQ/historical?assetclass=etf&fromdate=2016-07-26&todate=2026-07-26&limit=5000
QQQ,2018-10-18,176.6,176.68,172.44,173.18,82224190,,https://api.nasdaq.com/api/quote/QQQ/historical?assetclass=etf&fromdate=2016-07-26&todate=2026-07-26&limit=5000
QQQ,2018-10-19,174.39,176.07,172.39,173.02,82901160,,https://api.nasdaq.com/api/quote/QQQ/historical?assetclass=etf&fromdate=2016-07-26&todate=2026-07-26&limit=5000
QQQ,2018-10-22,174.06,175.2485,172.59,173.91,52567250,,https://api.nasdaq.com/api/quote/QQQ/historical?assetclass=etf&fromdate=2016-07-26&todate=2026-07-26&limit=5000
QQQ,2018-10-23,170.79,174.13,168.82,173.27,77296800,,https://api.nasdaq.com/api/quote/QQQ/historical?assetclass=etf&fromdate=2016-07-26&todate=2026-07-26&limit=5000
QQQ,2018-10-24,173.12,173.36,165.04,165.34,101626000,,https://api.nasdaq.com/api/quote/QQQ/historical?assetclass=etf&fromdate=2016-07-26&todate=2026-07-26&limit=5000
QQQ,2018-10-25,167.99,172.08,167.16,171.06,82562710,,https://api.nasdaq.com/api/quote/QQQ/historical?assetclass=etf&fromdate=2016-07-26&todate=2026-07-26&limit=5000
QQQ,2018-10-26,165.24,169.96,164.23,166.66,129811600,,https://api.nasdaq.com/api/quote/QQQ/historical?assetclass=etf&fromdate=2016-07-26&todate=2026-07-26&limit=5000
QQQ,2018-10-29,169.16,169.86,160.09,163.23,110804000,,https://api.nasdaq.com/api/quote/QQQ/historical?assetclass=etf&fromdate=2016-07-26&todate=2026-07-26&limit=5000
QQQ,2018-10-30,162.8,166.035,162.015,165.92,91523860,,https://api.nasdaq.com/api/quote/QQQ/historical?assetclass=etf&fromdate=2016-07-26&todate=2026-07-26&limit=5000
QQQ,2018-10-31,168.55,171.25,168.54,169.82,73099220,,https://api.nasdaq.com/api/quote/QQQ/historical?assetclass=etf&fromdate=2016-07-26&todate=2026-07-26&limit=5000
QQQ,2018-11-01,170.08,172.24,168.78,172.06,51725200,,https://api.nasdaq.com/api/quote/QQQ/historical?assetclass=etf&fromdate=2016-07-26&todate=2026-07-26&limit=5000
QQQ,2018-11-02,171.53,172.55,168.22,169.38,75443570,,https://api.nasdaq.com/api/quote/QQQ/historical?assetclass=etf&fromdate=2016-07-26&todate=2026-07-26&limit=5000
QQQ,2018-11-05,169.61,169.66,167.08,168.96,39281540,,https://api.nasdaq.com/api/quote/QQQ/historical?assetclass=etf&fromdate=2016-07-26&todate=2026-07-26&limit=5000
QQQ,2018-11-06,168.93,171.19,168.72,170.24,33454230,,https://api.nasdaq.com/api/quote/QQQ/historical?assetclass=etf&fromdate=2016-07-26&todate=2026-07-26&limit=5000
QQQ,2018-11-07,172.25,175.58,171.87,175.58,51052200,,https://api.nasdaq.com/api/quote/QQQ/historical?assetclass=etf&fromdate=2016-07-26&todate=2026-07-26&limit=5000
QQQ,2018-11-08,174.76,175.302,173.63,174.46,40198700,,https://api.nasdaq.com/api/quote/QQQ/historical?assetclass=etf&fromdate=2016-07-26&todate=2026-07-26&limit=5000
QQQ,2018-11-09,172.83,173.25,170.16,171.52,50565460,,https://api.nasdaq.com/api/quote/QQQ/historical?assetclass=etf&fromdate=2016-07-26&todate=2026-07-26&limit=5000
QQQ,2018-11-12,170.33,170.64,166.18,166.33,62297440,,https://api.nasdaq.com/api/quote/QQQ/historical?assetclass=etf&fromdate=2016-07-26&todate=2026-07-26&limit=5000
QQQ,2018-11-13,167.15,169.48,166,166.47,63724300,,https://api.nasdaq.com/api/quote/QQQ/historical?assetclass=etf&fromdate=2016-07-26&todate=2026-07-26&limit=5000
QQQ,2018-11-14,168.09,168.7,164.25,165.2,73728310,,https://api.nasdaq.com/api/quote/QQQ/historical?assetclass=etf&fromdate=2016-07-26&todate=2026-07-26&limit=5000
QQQ,2018-11-15,164.84,168.54,163.46,168.09,72896350,,https://api.nasdaq.com/api/quote/QQQ/historical?assetclass=etf&fromdate=2016-07-26&todate=2026-07-26&limit=5000
QQQ,2018-11-16,166.49,168.31,165.78,167.5,61888670,,https://api.nasdaq.com/api/quote/QQQ/historical?assetclass=etf&fromdate=2016-07-26&todate=2026-07-26&limit=5000
QQQ,2018-11-19,166.74,166.9,161.54,162.06,65726860,,https://api.nasdaq.com/api/quote/QQQ/historical?assetclass=etf&fromdate=2016-07-26&todate=2026-07-26&limit=5000
QQQ,2018-11-20,158.37,161.38,157.13,159.16,102350100,,https://api.nasdaq.com/api/quote/QQQ/historical?assetclass=etf&fromdate=2016-07-26&todate=2026-07-26&limit=5000
QQQ,2018-11-21,161.29,161.97,159.2323,160.37,42905000,,https://api.nasdaq.com/api/quote/QQQ/historical?assetclass=etf&fromdate=2016-07-26&todate=2026-07-26&limit=5000
QQQ,2018-11-23,159.09,160.84,159.09,159.21,23503730,,https://api.nasdaq.com/api/quote/QQQ/historical?assetclass=etf&fromdate=2016-07-26&todate=2026-07-26&limit=5000
QQQ,2018-11-26,161.44,162.97,160.76,162.89,41679230,,https://api.nasdaq.com/api/quote/QQQ/historical?assetclass=etf&fromdate=2016-07-26&todate=2026-07-26&limit=5000
QQQ,2018-11-27,162,163.85,161.18,163.44,36425100,,https://api.nasdaq.com/api/quote/QQQ/historical?assetclass=etf&fromdate=2016-07-26&todate=2026-07-26&limit=5000
QQQ,2018-11-28,164.62,168.7,163.4719,168.7,69775250,,https://api.nasdaq.com/api/quote/QQQ/historical?assetclass=etf&fromdate=2016-07-26&todate=2026-07-26&limit=5000
QQQ,2018-11-29,168,169.26,166.82,168.15,42859150,,https://api.nasdaq.com/api/quote/QQQ/historical?assetclass=etf&fromdate=2016-07-26&todate=2026-07-26&limit=5000
QQQ,2018-11-30,168.38,169.47,167.54,169.37,36461710,,https://api.nasdaq.com/api/quote/QQQ/historical?assetclass=etf&fromdate=2016-07-26&todate=2026-07-26&limit=5000
QQQ,2018-12-03,173.1,173.31,169.5101,172.33,50573210,,https://api.nasdaq.com/api/quote/QQQ/historical?assetclass=etf&fromdate=2016-07-26&todate=2026-07-26&limit=5000
QQQ,2018-12-04,171.38,171.91,165.52,165.72,69388200,,https://api.nasdaq.com/api/quote/QQQ/historical?assetclass=etf&fromdate=2016-07-26&todate=2026-07-26&limit=5000
QQQ,2018-12-06,162.46,166.91,161.77,166.89,71540830,,https://api.nasdaq.com/api/quote/QQQ/historical?assetclass=etf&fromdate=2016-07-26&todate=2026-07-26&limit=5000
QQQ,2018-12-07,166.13,167.12,160.86,161.38,80326350,,https://api.nasdaq.com/api/quote/QQQ/historical?assetclass=etf&fromdate=2016-07-26&todate=2026-07-26&limit=5000
QQQ,2018-12-10,161.11,163.78,159.41,163.07,73807880,,https://api.nasdaq.com/api/quote/QQQ/historical?assetclass=etf&fromdate=2016-07-26&todate=2026-07-26&limit=5000
QQQ,2018-12-11,165.66,165.77,162.23,163.61,56510140,,https://api.nasdaq.com/api/quote/QQQ/historical?assetclass=etf&fromdate=2016-07-26&todate=2026-07-26&limit=5000
QQQ,2018-12-12,166.06,167.6,164.96,165.05,53653420,,https://api.nasdaq.com/api/quote/QQQ/historical?assetclass=etf&fromdate=2016-07-26&todate=2026-07-26&limit=5000
QQQ,2018-12-13,166.06,166.82,164.03,165.1,46207260,,https://api.nasdaq.com/api/quote/QQQ/historical?assetclass=etf&fromdate=2016-07-26&todate=2026-07-26&limit=5000
QQQ,2018-12-14,163.19,163.81,160.7,161.08,56059030,,https://api.nasdaq.com/api/quote/QQQ/historical?assetclass=etf&fromdate=2016-07-26&todate=2026-07-26&limit=5000
QQQ,2018-12-17,160.41,161.67,156.17,157.43,74500530,,https://api.nasdaq.com/api/quote/QQQ/historical?assetclass=etf&fromdate=2016-07-26&todate=2026-07-26&limit=5000
QQQ,2018-12-18,158.67,159.95,157.04,158.42,63447140,,https://api.nasdaq.com/api/quote/QQQ/historical?assetclass=etf&fromdate=2016-07-26&todate=2026-07-26&limit=5000
QQQ,2018-12-19,158.24,160.72,153.34,154.53,78048010,,https://api.nasdaq.com/api/quote/QQQ/historical?assetclass=etf&fromdate=2016-07-26&todate=2026-07-26&limit=5000
QQQ,2018-12-20,154.16,155.87,150.39,152.29,98551900,,https://api.nasdaq.com/api/quote/QQQ/historical?assetclass=etf&fromdate=2016-07-26&todate=2026-07-26&limit=5000
QQQ,2018-12-21,153.06,154.09,146.72,147.57,135371500,,https://api.nasdaq.com/api/quote/QQQ/historical?assetclass=etf&fromdate=2016-07-26&todate=2026-07-26&limit=5000
QQQ,2018-12-24,146.14,147.98,143.46,143.5,56163290,,https://api.nasdaq.com/api/quote/QQQ/historical?assetclass=etf&fromdate=2016-07-26&todate=2026-07-26&limit=5000
QQQ,2018-12-26,145.12,152.54,144.09,152.46,98625150,,https://api.nasdaq.com/api/quote/QQQ/historical?assetclass=etf&fromdate=2016-07-26&todate=2026-07-26&limit=5000
QQQ,2018-12-27,150.57,153.18,147.08,153.05,84912580,,https://api.nasdaq.com/api/quote/QQQ/historical?assetclass=etf&fromdate=2016-07-26&todate=2026-07-26&limit=5000
QQQ,2018-12-28,154.01,155.59,151.72,152.97,77812430,,https://api.nasdaq.com/api/quote/QQQ/historical?assetclass=etf&fromdate=2016-07-26&todate=2026-07-26&limit=5000
QQQ,2018-12-31,154.47,154.98,152.71,154.26,52413050,,https://api.nasdaq.com/api/quote/QQQ/historical?assetclass=etf&fromdate=2016-07-26&todate=2026-07-26&limit=5000
QQQ,2019-01-02,150.99,155.75,150.88,154.88,57740380,,https://api.nasdaq.com/api/quote/QQQ/historical?assetclass=etf&fromdate=2016-07-26&todate=2026-07-26&limit=5000
QQQ,2019-01-03,152.6,153.26,149.49,149.82,74300430,,https://api.nasdaq.com/api/quote/QQQ/historical?assetclass=etf&fromdate=2016-07-26&todate=2026-07-26&limit=5000
QQQ,2019-01-04,152.18,157,151.74,156.23,74668840,,https://api.nasdaq.com/api/quote/QQQ/historical?assetclass=etf&fromdate=2016-07-26&todate=2026-07-26&limit=5000
QQQ,2019-01-07,156.54,158.86,156.11,158.09,51837620,,https://api.nasdaq.com/api/quote/QQQ/historical?assetclass=etf&fromdate=2016-07-26&todate=2026-07-26&limit=5000
QQQ,2019-01-08,159.56,160.11,157.2,159.52,49219870,,https://api.nasdaq.com/api/quote/QQQ/historical?assetclass=etf&fromdate=2016-07-26&todate=2026-07-26&limit=5000
QQQ,2019-01-09,160.15,161.5229,159.47,160.82,46319540,,https://api.nasdaq.com/api/quote/QQQ/historical?assetclass=etf&fromdate=2016-07-26&todate=2026-07-26&limit=5000
QQQ,2019-01-10,159.59,161.37,158.7,161.28,38758860,,https://api.nasdaq.com/api/quote/QQQ/historical?assetclass=etf&fromdate=2016-07-26&todate=2026-07-26&limit=5000
QQQ,2019-01-11,160.32,160.86,159.79,160.69,30143300,,https://api.nasdaq.com/api/quote/QQQ/historical?assetclass=etf&fromdate=2016-07-26&todate=2026-07-26&limit=5000
QQQ,2019-01-14,159.32,159.96,158.59,159.27,30603980,,https://api.nasdaq.com/api/quote/QQQ/historical?assetclass=etf&fromdate=2016-07-26&todate=2026-07-26&limit=5000
QQQ,2019-01-15,159.97,162.6,159.9096,162.38,40729130,,https://api.nasdaq.com/api/quote/QQQ/historical?assetclass=etf&fromdate=2016-07-26&todate=2026-07-26&limit=5000
QQQ,2019-01-16,162.63,163.78,162.29,162.35,33649600,,https://api.nasdaq.com/api/quote/QQQ/historical?assetclass=etf&fromdate=2016-07-26&todate=2026-07-26&limit=5000
QQQ,2019-01-17,161.84,164.36,161.57,163.63,39056850,,https://api.nasdaq.com/api/quote/QQQ/historical?assetclass=etf&fromdate=2016-07-26&todate=2026-07-26&limit=5000
QQQ,2019-01-18,164.84,166.02,163.82,165.25,56950030,,https://api.nasdaq.com/api/quote/QQQ/historical?assetclass=etf&fromdate=2016-07-26&todate=2026-07-26&limit=5000
QQQ,2019-01-22,164.05,164.14,160.76,161.94,56598060,,https://api.nasdaq.com/api/quote/QQQ/historical?assetclass=etf&fromdate=2016-07-26&todate=2026-07-26&limit=5000
QQQ,2019-01-23,162.77,163.51,160.32,162.15,37976030,,https://api.nasdaq.com/api/quote/QQQ/historical?assetclass=etf&fromdate=2016-07-26&todate=2026-07-26&limit=5000
QQQ,2019-01-24,162.66,163.44,162.0626,163.2,32312860,,https://api.nasdaq.com/api/quote/QQQ/historical?assetclass=etf&fromdate=2016-07-26&todate=2026-07-26&limit=5000
QQQ,2019-01-25,164.48,165.65,163.95,165.15,36398670,,https://api.nasdaq.com/api/quote/QQQ/historical?assetclass=etf&fromdate=2016-07-26&todate=2026-07-26&limit=5000
QQQ,2019-01-28,163.03,163.12,161.75,163.11,33320760,,https://api.nasdaq.com/api/quote/QQQ/historical?assetclass=etf&fromdate=2016-07-26&todate=2026-07-26&limit=5000
QQQ,2019-01-29,163.2,163.24,160.99,161.57,30372440,,https://api.nasdaq.com/api/quote/QQQ/historical?assetclass=etf&fromdate=2016-07-26&todate=2026-07-26&limit=5000
QQQ,2019-01-30,163.39,166.28,162.89,165.68,40366340,,https://api.nasdaq.com/api/quote/QQQ/historical?assetclass=etf&fromdate=2016-07-26&todate=2026-07-26&limit=5000
QQQ,2019-01-31,166.65,168.99,166.4701,168.16,36232970,,https://api.nasdaq.com/api/quote/QQQ/historical?assetclass=etf&fromdate=2016-07-26&todate=2026-07-26&limit=5000
QQQ,2019-02-01,167.37,168.6,166.99,167.45,32119720,,https://api.nasdaq.com/api/quote/QQQ/historical?assetclass=etf&fromdate=2016-07-26&todate=2026-07-26&limit=5000
QQQ,2019-02-04,167.51,169.53,167.33,169.53,26541210,,https://api.nasdaq.com/api/quote/QQQ/historical?assetclass=etf&fromdate=2016-07-26&todate=2026-07-26&limit=5000
QQQ,2019-02-05,169.75,171.23,169.69,171.03,27991960,,https://api.nasdaq.com/api/quote/QQQ/historical?assetclass=etf&fromdate=2016-07-26&todate=2026-07-26&limit=5000
QQQ,2019-02-06,171.06,171.37,169.75,170.52,27878000,,https://api.nasdaq.com/api/quote/QQQ/historical?assetclass=etf&fromdate=2016-07-26&todate=2026-07-26&limit=5000
QQQ,2019-02-07,169.03,169.4499,166.95,168.23,41918270,,https://api.nasdaq.com/api/quote/QQQ/historical?assetclass=etf&fromdate=2016-07-26&todate=2026-07-26&limit=5000
QQQ,2019-02-08,166.73,168.59,166.57,168.56,28981800,,https://api.nasdaq.com/api/quote/QQQ/historical?assetclass=etf&fromdate=2016-07-26&todate=2026-07-26&limit=5000
QQQ,2019-02-11,169.14,169.58,167.98,168.4,21323070,,https://api.nasdaq.com/api/quote/QQQ/historical?assetclass=etf&fromdate=2016-07-26&todate=2026-07-26&limit=5000
QQQ,2019-02-12,169.59,171.14,169.33,170.89,29564110,,https://api.nasdaq.com/api/quote/QQQ/historical?assetclass=etf&fromdate=2016-07-26&todate=2026-07-26&limit=5000
QQQ,2019-02-13,171.62,172.16,170.82,171.01,25963870,,https://api.nasdaq.com/api/quote/QQQ/historical?assetclass=etf&fromdate=2016-07-26&todate=2026-07-26&limit=5000
QQQ,2019-02-14,170.38,171.83,169.83,171.22,30197790,,https://api.nasdaq.com/api/quote/QQQ/historical?assetclass=etf&fromdate=2016-07-26&todate=2026-07-26&limit=5000
QQQ,2019-02-15,172.51,172.5623,171.1392,171.94,32471410,,https://api.nasdaq.com/api/quote/QQQ/historical?assetclass=etf&fromdate=2016-07-26&todate=2026-07-26&limit=5000
QQQ,2019-02-19,171.39,172.8,171.38,172.28,19408130,,https://api.nasdaq.com/api/quote/QQQ/historical?assetclass=etf&fromdate=2016-07-26&todate=2026-07-26&limit=5000
QQQ,2019-02-20,172.43,173.08,171.32,172.25,32551950,,https://api.nasdaq.com/api/quote/QQQ/historical?assetclass=etf&fromdate=2016-07-26&todate=2026-07-26&limit=5000
QQQ,2019-02-21,171.77,172.26,170.71,171.62,25115740,,https://api.nasdaq.com/api/quote/QQQ/historical?assetclass=etf&fromdate=2016-07-26&todate=2026-07-26&limit=5000
QQQ,2019-02-22,171.98,173.01,171.9,172.89,27715160,,https://api.nasdaq.com/api/quote/QQQ/historical?assetclass=etf&fromdate=2016-07-26&todate=2026-07-26&limit=5000
QQQ,2019-02-25,174.2,174.66,173.4,173.52,32305610,,https://api.nasdaq.com/api/quote/QQQ/historical?assetclass=etf&fromdate=2016-07-26&todate=2026-07-26&limit=5000
QQQ,2019-02-26,173.04,174.25,172.81,173.7,21858100,,https://api.nasdaq.com/api/quote/QQQ/historical?assetclass=etf&fromdate=2016-07-26&todate=2026-07-26&limit=5000
QQQ,2019-02-27,172.92,173.8,171.76,173.59,25009640,,https://api.nasdaq.com/api/quote/QQQ/historical?assetclass=etf&fromdate=2016-07-26&todate=2026-07-26&limit=5000
QQQ,2019-02-28,173.04,173.81,172.7,173.19,24681810,,https://api.nasdaq.com/api/quote/QQQ/historical?assetclass=etf&fromdate=2016-07-26&todate=2026-07-26&limit=5000
QQQ,2019-03-01,174.41,174.65,173.18,174.39,31407930,,https://api.nasdaq.com/api/quote/QQQ/historical?assetclass=etf&fromdate=2016-07-26&todate=2026-07-26&limit=5000
QQQ,2019-03-04,175.37,175.79,172.47,174.42,37833930,,https://api.nasdaq.com/api/quote/QQQ/historical?assetclass=etf&fromdate=2016-07-26&todate=2026-07-26&limit=5000
QQQ,2019-03-05,174.52,175.085,173.685,174.55,22154710,,https://api.nasdaq.com/api/quote/QQQ/historical?assetclass=etf&fromdate=2016-07-26&todate=2026-07-26&limit=5000
QQQ,2019-03-06,174.68,174.75,173.28,173.56,26895520,,https://api.nasdaq.com/api/quote/QQQ/historical?assetclass=etf&fromdate=2016-07-26&todate=2026-07-26&limit=5000
QQQ,2019-03-07,173.09,173.18,170.79,171.43,39190790,,https://api.nasdaq.com/api/quote/QQQ/historical?assetclass=etf&fromdate=2016-07-26&todate=2026-07-26&limit=5000
QQQ,2019-03-08,169.51,171.26,169.3375,171.17,39216120,,https://api.nasdaq.com/api/quote/QQQ/historical?assetclass=etf&fromdate=2016-07-26&todate=2026-07-26&limit=5000
QQQ,2019-03-11,171.86,174.85,171.85,174.73,30271660,,https://api.nasdaq.com/api/quote/QQQ/historical?assetclass=etf&fromdate=2016-07-26&todate=2026-07-26&limit=5000
QQQ,2019-03-12,175.17,176.14,174.7715,175.69,33869410,,https://api.nasdaq.com/api/quote/QQQ/historical?assetclass=etf&fromdate=2016-07-26&todate=2026-07-26&limit=5000
QQQ,2019-03-13,176.6,177.93,176.35,177.01,42223960,,https://api.nasdaq.com/api/quote/QQQ/historical?assetclass=etf&fromdate=2016-07-26&todate=2026-07-26&limit=5000
QQQ,2019-03-14,177.115,177.34,176.66,176.71,23675320,,https://api.nasdaq.com/api/quote/QQQ/historical?assetclass=etf&fromdate=2016-07-26&todate=2026-07-26&limit=5000
QQQ,2019-03-15,177.43,178.88,177.28,178.35,37965890,,https://api.nasdaq.com/api/quote/QQQ/historical?assetclass=etf&fromdate=2016-07-26&todate=2026-07-26&limit=5000
QQQ,2019-03-18,177.95,178.99,177.5915,178.45,32871170,,https://api.nasdaq.com/api/quote/QQQ/historical?assetclass=etf&fromdate=2016-07-26&todate=2026-07-26&limit=5000
QQQ,2019-03-19,179.16,180,178.29,179.05,36834050,,https://api.nasdaq.com/api/quote/QQQ/historical?assetclass=etf&fromdate=2016-07-26&todate=2026-07-26&limit=5000
QQQ,2019-03-20,179.06,180.86,178.24,179.76,49916060,,https://api.nasdaq.com/api/quote/QQQ/historical?assetclass=etf&fromdate=2016-07-26&todate=2026-07-26&limit=5000
QQQ,2019-03-21,179.24,182.83,179.2,182.57,42355600,,https://api.nasdaq.com/api/quote/QQQ/historical?assetclass=etf&fromdate=2016-07-26&todate=2026-07-26&limit=5000
QQQ,2019-03-22,181.76,182.27,178.37,178.56,70727190,,https://api.nasdaq.com/api/quote/QQQ/historical?assetclass=etf&fromdate=2016-07-26&todate=2026-07-26&limit=5000
QQQ,2019-03-25,177.92,178.84,176.93,178.22,46259290,,https://api.nasdaq.com/api/quote/QQQ/historical?assetclass=etf&fromdate=2016-07-26&todate=2026-07-26&limit=5000
QQQ,2019-03-26,179.58,180.69,178.14,179.05,33167650,,https://api.nasdaq.com/api/quote/QQQ/historical?assetclass=etf&fromdate=2016-07-26&todate=2026-07-26&limit=5000
QQQ,2019-03-27,179.27,179.72,176.6,177.9,36977660,,https://api.nasdaq.com/api/quote/QQQ/historical?assetclass=etf&fromdate=2016-07-26&todate=2026-07-26&limit=5000
QQQ,2019-03-28,178.36,178.98,177.24,178.31,30221050,,https://api.nasdaq.com/api/quote/QQQ/historical?assetclass=etf&fromdate=2016-07-26&todate=2026-07-26&limit=5000
QQQ,2019-03-29,179.63,179.83,178.59,179.66,34983400,,https://api.nasdaq.com/api/quote/QQQ/historical?assetclass=etf&fromdate=2016-07-26&todate=2026-07-26&limit=5000
QQQ,2019-04-01,181.42,182.26,180.77,182.04,30813910,,https://api.nasdaq.com/api/quote/QQQ/historical?assetclass=etf&fromdate=2016-07-26&todate=2026-07-26&limit=5000
QQQ,2019-04-02,182.23,182.905,181.78,182.73,22574480,,https://api.nasdaq.com/api/quote/QQQ/historical?assetclass=etf&fromdate=2016-07-26&todate=2026-07-26&limit=5000
QQQ,2019-04-03,183.74,184.92,183.2089,183.78,31570330,,https://api.nasdaq.com/api/quote/QQQ/historical?assetclass=etf&fromdate=2016-07-26&todate=2026-07-26&limit=5000
QQQ,2019-04-04,183.81,184.5,182.65,183.71,28482300,,https://api.nasdaq.com/api/quote/QQQ/historical?assetclass=etf&fromdate=2016-07-26&todate=2026-07-26&limit=5000
QQQ,2019-04-05,184.3,184.77,184.0183,184.66,25605160,,https://api.nasdaq.com/api/quote/QQQ/historical?assetclass=etf&fromdate=2016-07-26&todate=2026-07-26&limit=5000
QQQ,2019-04-08,184.37,185.28,183.63,185.13,22657550,,https://api.nasdaq.com/api/quote/QQQ/historical?assetclass=etf&fromdate=2016-07-26&todate=2026-07-26&limit=5000
QQQ,2019-04-09,184.5,185.11,184.09,184.48,25551900,,https://api.nasdaq.com/api/quote/QQQ/historical?assetclass=etf&fromdate=2016-07-26&todate=2026-07-26&limit=5000
QQQ,2019-04-10,184.75,185.53,184.52,185.47,24475550,,https://api.nasdaq.com/api/quote/QQQ/historical?assetclass=etf&fromdate=2016-07-26&todate=2026-07-26&limit=5000
QQQ,2019-04-11,185.77,185.78,184.6899,185.03,19355690,,https://api.nasdaq.com/api/quote/QQQ/historical?assetclass=etf&fromdate=2016-07-26&todate=2026-07-26&limit=5000
QQQ,2019-04-12,185.86,185.95,185.0601,185.83,24509700,,https://api.nasdaq.com/api/quote/QQQ/historical?assetclass=etf&fromdate=2016-07-26&todate=2026-07-26&limit=5000
QQQ,2019-04-15,185.81,186.07,184.62,185.86,21033370,,https://api.nasdaq.com/api/quote/QQQ/historical?assetclass=etf&fromdate=2016-07-26&todate=2026-07-26&limit=5000
QQQ,2019-04-16,186.51,186.91,185.93,186.5,27154630,,https://api.nasdaq.com/api/quote/QQQ/historical?assetclass=etf&fromdate=2016-07-26&todate=2026-07-26&limit=5000
QQQ,2019-04-17,187.75,187.93,186.6,187.15,29564920,,https://api.nasdaq.com/api/quote/QQQ/historical?assetclass=etf&fromdate=2016-07-26&todate=2026-07-26&limit=5000
QQQ,2019-04-18,187.48,187.7905,186.29,187.39,28573600,,https://api.nasdaq.com/api/quote/QQQ/historical?assetclass=etf&fromdate=2016-07-26&todate=2026-07-26&limit=5000
QQQ,2019-04-22,186.54,187.99,186.43,187.92,15472210,,https://api.nasdaq.com/api/quote/QQQ/historical?assetclass=etf&fromdate=2016-07-26&todate=2026-07-26&limit=5000
QQQ,2019-04-23,188.37,190.54,188.13,190.31,32585200,,https://api.nasdaq.com/api/quote/QQQ/historical?assetclass=etf&fromdate=2016-07-26&todate=2026-07-26&limit=5000
QQQ,2019-04-24,190.44,190.71,189.65,189.71,24597600,,https://api.nasdaq.com/api/quote/QQQ/historical?assetclass=etf&fromdate=2016-07-26&todate=2026-07-26&limit=5000
QQQ,2019-04-25,191.15,191.22,189.45,190.48,29345030,,https://api.nasdaq.com/api/quote/QQQ/historical?assetclass=etf&fromdate=2016-07-26&todate=2026-07-26&limit=5000
QQQ,2019-04-26,190.2,190.69,188.59,190.65,26352140,,https://api.nasdaq.com/api/quote/QQQ/historical?assetclass=etf&fromdate=2016-07-26&todate=2026-07-26&limit=5000
QQQ,2019-04-29,190.62,191.32,190.34,191.02,21609760,,https://api.nasdaq.com/api/quote/QQQ/historical?assetclass=etf&fromdate=2016-07-26&todate=2026-07-26&limit=5000
QQQ,2019-04-30,189.48,189.85,188.21,189.54,30679460,,https://api.nasdaq.com/api/quote/QQQ/historical?assetclass=etf&fromdate=2016-07-26&todate=2026-07-26&limit=5000
QQQ,2019-05-01,190.76,191.32,188.795,188.93,34797110,,https://api.nasdaq.com/api/quote/QQQ/historical?assetclass=etf&fromdate=2016-07-26&todate=2026-07-26&limit=5000
QQQ,2019-05-02,188.88,189.85,186.87,188.11,44110120,,https://api.nasdaq.com/api/quote/QQQ/historical?assetclass=etf&fromdate=2016-07-26&todate=2026-07-26&limit=5000
QQQ,2019-05-03,189.69,191.25,189.33,191.11,30386180,,https://api.nasdaq.com/api/quote/QQQ/historical?assetclass=etf&fromdate=2016-07-26&todate=2026-07-26&limit=5000
QQQ,2019-05-06,187.1,190.2,186.76,189.94,38371780,,https://api.nasdaq.com/api/quote/QQQ/historical?assetclass=etf&fromdate=2016-07-26&todate=2026-07-26&limit=5000
QQQ,2019-05-07,187.86,188.67,184.51,186.24,58818130,,https://api.nasdaq.com/api/quote/QQQ/historical?assetclass=etf&fromdate=2016-07-26&todate=2026-07-26&limit=5000
QQQ,2019-05-08,185.68,187.17,184.96,185.77,37165320,,https://api.nasdaq.com/api/quote/QQQ/historical?assetclass=etf&fromdate=2016-07-26&todate=2026-07-26&limit=5000
QQQ,2019-05-09,183.76,185.4121,182.09,184.77,55351670,,https://api.nasdaq.com/api/quote/QQQ/historical?assetclass=etf&fromdate=2016-07-26&todate=2026-07-26&limit=5000
QQQ,2019-05-10,184.06,185.89,181.0302,185,58526400,,https://api.nasdaq.com/api/quote/QQQ/historical?assetclass=etf&fromdate=2016-07-26&todate=2026-07-26&limit=5000
QQQ,2019-05-13,180.3,181.26,178.06,178.58,67185770,,https://api.nasdaq.com/api/quote/QQQ/historical?assetclass=etf&fromdate=2016-07-26&todate=2026-07-26&limit=5000
QQQ,2019-05-14,179.51,181.63,178.86,180.54,43360640,,https://api.nasdaq.com/api/quote/QQQ/historical?assetclass=etf&fromdate=2016-07-26&todate=2026-07-26&limit=5000
QQQ,2019-05-15,179.39,183.55,179.31,183.09,40944550,,https://api.nasdaq.com/api/quote/QQQ/historical?assetclass=etf&fromdate=2016-07-26&todate=2026-07-26&limit=5000
QQQ,2019-05-16,183.11,186.07,182.95,184.93,39281160,,https://api.nasdaq.com/api/quote/QQQ/historical?assetclass=etf&fromdate=2016-07-26&todate=2026-07-26&limit=5000
QQQ,2019-05-17,183.1,185.5813,182.88,183.04,44702280,,https://api.nasdaq.com/api/quote/QQQ/historical?assetclass=etf&fromdate=2016-07-26&todate=2026-07-26&limit=5000
QQQ,2019-05-20,180.51,181.1799,179.34,179.95,38608290,,https://api.nasdaq.com/api/quote/QQQ/historical?assetclass=etf&fromdate=2016-07-26&todate=2026-07-26&limit=5000
QQQ,2019-05-21,181.5,182.33,180.92,181.83,31613790,,https://api.nasdaq.com/api/quote/QQQ/historical?assetclass=etf&fromdate=2016-07-26&todate=2026-07-26&limit=5000
QQQ,2019-05-22,180.81,182.07,180.75,181.02,24332550,,https://api.nasdaq.com/api/quote/QQQ/historical?assetclass=etf&fromdate=2016-07-26&todate=2026-07-26&limit=5000
QQQ,2019-05-23,179,179.023,177.14,178.25,45351310,,https://api.nasdaq.com/api/quote/QQQ/historical?assetclass=etf&fromdate=2016-07-26&todate=2026-07-26&limit=5000
QQQ,2019-05-24,179.3,179.85,177.94,178.16,25903270,,https://api.nasdaq.com/api/quote/QQQ/historical?assetclass=etf&fromdate=2016-07-26&todate=2026-07-26&limit=5000
QQQ,2019-05-28,178.67,179.66,177.47,177.49,24763820,,https://api.nasdaq.com/api/quote/QQQ/historical?assetclass=etf&fromdate=2016-07-26&todate=2026-07-26&limit=5000
QQQ,2019-05-29,176.45,177,175.09,176.03,42178770,,https://api.nasdaq.com/api/quote/QQQ/historical?assetclass=etf&fromdate=2016-07-26&todate=2026-07-26&limit=5000
QQQ,2019-05-30,176.54,177.27,175.77,176.77,30354790,,https://api.nasdaq.com/api/quote/QQQ/historical?assetclass=etf&fromdate=2016-07-26&todate=2026-07-26&limit=5000
QQQ,2019-05-31,174.71,175.29,173.87,173.95,45446210,,https://api.nasdaq.com/api/quote/QQQ/historical?assetclass=etf&fromdate=2016-07-26&todate=2026-07-26&limit=5000
QQQ,2019-06-03,173.52,173.95,169.27,170.12,75842290,,https://api.nasdaq.com/api/quote/QQQ/historical?assetclass=etf&fromdate=2016-07-26&todate=2026-07-26&limit=5000
QQQ,2019-06-04,171.98,174.97,171.37,174.91,47797850,,https://api.nasdaq.com/api/quote/QQQ/historical?assetclass=etf&fromdate=2016-07-26&todate=2026-07-26&limit=5000
QQQ,2019-06-05,176.6,176.61,174.38,176.21,34412700,,https://api.nasdaq.com/api/quote/QQQ/historical?assetclass=etf&fromdate=2016-07-26&todate=2026-07-26&limit=5000
QQQ,2019-06-06,176.52,178.04,175.73,177.61,29913210,,https://api.nasdaq.com/api/quote/QQQ/historical?assetclass=etf&fromdate=2016-07-26&todate=2026-07-26&limit=5000
QQQ,2019-06-07,178.5,181.7666,178.33,181.04,45888350,,https://api.nasdaq.com/api/quote/QQQ/historical?assetclass=etf&fromdate=2016-07-26&todate=2026-07-26&limit=5000
QQQ,2019-06-10,182.23,184.85,182.21,183.15,41385280,,https://api.nasdaq.com/api/quote/QQQ/historical?assetclass=etf&fromdate=2016-07-26&todate=2026-07-26&limit=5000
QQQ,2019-06-11,185.07,185.4,182.78,183.4,41260320,,https://api.nasdaq.com/api/quote/QQQ/historical?assetclass=etf&fromdate=2016-07-26&todate=2026-07-26&limit=5000
QQQ,2019-06-12,182.88,183.28,182,182.34,27758120,,https://api.nasdaq.com/api/quote/QQQ/historical?assetclass=etf&fromdate=2016-07-26&todate=2026-07-26&limit=5000
QQQ,2019-06-13,183.12,183.87,182.74,183.42,23715830,,https://api.nasdaq.com/api/quote/QQQ/historical?assetclass=etf&fromdate=2016-07-26&todate=2026-07-26&limit=5000
QQQ,2019-06-14,182.44,183.11,181.94,182.64,22844090,,https://api.nasdaq.com/api/quote/QQQ/historical?assetclass=etf&fromdate=2016-07-26&todate=2026-07-26&limit=5000
QQQ,2019-06-17,183.01,184.25,182.835,183.74,20379480,,https://api.nasdaq.com/api/quote/QQQ/historical?assetclass=etf&fromdate=2016-07-26&todate=2026-07-26&limit=5000
QQQ,2019-06-18,185.88,187.72,185.4291,186.41,48177300,,https://api.nasdaq.com/api/quote/QQQ/historical?assetclass=etf&fromdate=2016-07-26&todate=2026-07-26&limit=5000
QQQ,2019-06-19,186.73,187.53,185.57,187.11,31672860,,https://api.nasdaq.com/api/quote/QQQ/historical?assetclass=etf&fromdate=2016-07-26&todate=2026-07-26&limit=5000
QQQ,2019-06-20,189.72,189.76,187.1585,188.85,40921960,,https://api.nasdaq.com/api/quote/QQQ/historical?assetclass=etf&fromdate=2016-07-26&todate=2026-07-26&limit=5000
QQQ,2019-06-21,188.57,189.77,188.1736,188.57,39980420,,https://api.nasdaq.com/api/quote/QQQ/historical?assetclass=etf&fromdate=2016-07-26&todate=2026-07-26&limit=5000
QQQ,2019-06-24,188.52,188.72,188.06,188.16,19375210,,https://api.nasdaq.com/api/quote/QQQ/historical?assetclass=etf&fromdate=2016-07-26&todate=2026-07-26&limit=5000
QQQ,2019-06-25,188.06,188.14,184.65,184.93,33921110,,https://api.nasdaq.com/api/quote/QQQ/historical?assetclass=etf&fromdate=2016-07-26&todate=2026-07-26&limit=5000
QQQ,2019-06-26,186.13,187.33,185.49,185.79,22595720,,https://api.nasdaq.com/api/quote/QQQ/historical?assetclass=etf&fromdate=2016-07-26&todate=2026-07-26&limit=5000
QQQ,2019-06-27,186.47,186.94,185.99,186.5,19709230,,https://api.nasdaq.com/api/quote/QQQ/historical?assetclass=etf&fromdate=2016-07-26&todate=2026-07-26&limit=5000
QQQ,2019-06-28,186.95,187.15,186.07,186.74,21179250,,https://api.nasdaq.com/api/quote/QQQ/historical?assetclass=etf&fromdate=2016-07-26&todate=2026-07-26&limit=5000
QQQ,2019-07-01,190.3,190.5699,188.38,189.26,31193390,,https://api.nasdaq.com/api/quote/QQQ/historical?assetclass=etf&fromdate=2016-07-26&todate=2026-07-26&limit=5000
QQQ,2019-07-02,189.19,190.03,188.66,190.01,18035770,,https://api.nasdaq.com/api/quote/QQQ/historical?assetclass=etf&fromdate=2016-07-26&todate=2026-07-26&limit=5000
QQQ,2019-07-03,190.45,191.44,190.29,191.44,15792070,,https://api.nasdaq.com/api/quote/QQQ/historical?assetclass=etf&fromdate=2016-07-26&todate=2026-07-26&limit=5000
QQQ,2019-07-05,190.15,191.4,189.39,191.05,21415620,,https://api.nasdaq.com/api/quote/QQQ/historical?assetclass=etf&fromdate=2016-07-26&todate=2026-07-26&limit=5000
QQQ,2019-07-08,189.86,189.87,188.93,189.71,17598830,,https://api.nasdaq.com/api/quote/QQQ/historical?assetclass=etf&fromdate=2016-07-26&todate=2026-07-26&limit=5000
QQQ,2019-07-09,188.79,190.9,188.65,190.66,19193500,,https://api.nasdaq.com/api/quote/QQQ/historical?assetclass=etf&fromdate=2016-07-26&todate=2026-07-26&limit=5000
QQQ,2019-07-10,191.79,193.09,191.47,192.56,28374510,,https://api.nasdaq.com/api/quote/QQQ/historical?assetclass=etf&fromdate=2016-07-26&todate=2026-07-26&limit=5000
QQQ,2019-07-11,192.88,193.34,191.81,192.42,23736120,,https://api.nasdaq.com/api/quote/QQQ/historical?assetclass=etf&fromdate=2016-07-26&todate=2026-07-26&limit=5000
QQQ,2019-07-12,192.63,193.54,192.45,193.53,20211880,,https://api.nasdaq.com/api/quote/QQQ/historical?assetclass=etf&fromdate=2016-07-26&todate=2026-07-26&limit=5000
QQQ,2019-07-15,193.97,194.19,193.44,194.15,15606070,,https://api.nasdaq.com/api/quote/QQQ/historical?assetclass=etf&fromdate=2016-07-26&todate=2026-07-26&limit=5000
QQQ,2019-07-16,193.86,194.09,192.56,193.15,20190890,,https://api.nasdaq.com/api/quote/QQQ/historical?assetclass=etf&fromdate=2016-07-26&todate=2026-07-26&limit=5000
QQQ,2019-07-17,193.2,193.49,192.18,192.2,16765070,,https://api.nasdaq.com/api/quote/QQQ/historical?assetclass=etf&fromdate=2016-07-26&todate=2026-07-26&limit=5000
QQQ,2019-07-18,191.3,192.79,190.69,192.42,29066340,,https://api.nasdaq.com/api/quote/QQQ/historical?assetclass=etf&fromdate=2016-07-26&todate=2026-07-26&limit=5000
QQQ,2019-07-19,193.82,193.83,190.81,191.01,29387950,,https://api.nasdaq.com/api/quote/QQQ/historical?assetclass=etf&fromdate=2016-07-26&todate=2026-07-26&limit=5000
QQQ,2019-07-22,191.5,192.94,191.44,192.53,18953600,,https://api.nasdaq.com/api/quote/QQQ/historical?assetclass=etf&fromdate=2016-07-26&todate=2026-07-26&limit=5000
QQQ,2019-07-23,193.58,193.81,192.29,193.79,23786730,,https://api.nasdaq.com/api/quote/QQQ/historical?assetclass=etf&fromdate=2016-07-26&todate=2026-07-26&limit=5000
QQQ,2019-07-24,193.07,195.16,193.03,195.15,20422870,,https://api.nasdaq.com/api/quote/QQQ/historical?assetclass=etf&fromdate=2016-07-26&todate=2026-07-26&limit=5000
QQQ,2019-07-25,194.48,194.52,192.93,193.3,23434740,,https://api.nasdaq.com/api/quote/QQQ/historical?assetclass=etf&fromdate=2016-07-26&todate=2026-07-26&limit=5000
QQQ,2019-07-26,194.52,195.55,194.43,195.29,20431240,,https://api.nasdaq.com/api/quote/QQQ/historical?assetclass=etf&fromdate=2016-07-26&todate=2026-07-26&limit=5000
QQQ,2019-07-29,195.18,195.18,193.39,194.62,20451650,,https://api.nasdaq.com/api/quote/QQQ/historical?assetclass=etf&fromdate=2016-07-26&todate=2026-07-26&limit=5000
QQQ,2019-07-30,193.16,194.54,192.99,193.78,18705010,,https://api.nasdaq.com/api/quote/QQQ/historical?assetclass=etf&fromdate=2016-07-26&todate=2026-07-26&limit=5000
QQQ,2019-07-31,194.31,194.43,189.32,191.1,41627470,,https://api.nasdaq.com/api/quote/QQQ/historical?assetclass=etf&fromdate=2016-07-26&todate=2026-07-26&limit=5000
QQQ,2019-08-01,191.51,194.98,189.23,190.15,63251650,,https://api.nasdaq.com/api/quote/QQQ/historical?assetclass=etf&fromdate=2016-07-26&todate=2026-07-26&limit=5000
QQQ,2019-08-02,188.82,188.99,186.21,187.35,55214010,,https://api.nasdaq.com/api/quote/QQQ/historical?assetclass=etf&fromdate=2016-07-26&todate=2026-07-26&limit=5000
QQQ,2019-08-05,183.51,183.51,179.2,180.73,75039970,,https://api.nasdaq.com/api/quote/QQQ/historical?assetclass=etf&fromdate=2016-07-26&todate=2026-07-26&limit=5000
QQQ,2019-08-06,182.38,183.8,181.07,183.26,41897250,,https://api.nasdaq.com/api/quote/QQQ/historical?assetclass=etf&fromdate=2016-07-26&todate=2026-07-26&limit=5000
QQQ,2019-08-07,181.32,184.51,179.89,184.25,49990590,,https://api.nasdaq.com/api/quote/QQQ/historical?assetclass=etf&fromdate=2016-07-26&todate=2026-07-26&limit=5000
QQQ,2019-08-08,185.15,188.32,184.57,188.26,38418080,,https://api.nasdaq.com/api/quote/QQQ/historical?assetclass=etf&fromdate=2016-07-26&todate=2026-07-26&limit=5000
QQQ,2019-08-09,187.32,188,185.03,186.49,33608930,,https://api.nasdaq.com/api/quote/QQQ/historical?assetclass=etf&fromdate=2016-07-26&todate=2026-07-26&limit=5000
QQQ,2019-08-12,185.34,185.9,183.5,184.35,24642870,,https://api.nasdaq.com/api/quote/QQQ/historical?assetclass=etf&fromdate=2016-07-26&todate=2026-07-26&limit=5000
QQQ,2019-08-13,184.27,189.68,184.02,188.39,40473040,,https://api.nasdaq.com/api/quote/QQQ/historical?assetclass=etf&fromdate=2016-07-26&todate=2026-07-26&limit=5000
QQQ,2019-08-14,185.31,185.95,182.42,182.76,51000550,,https://api.nasdaq.com/api/quote/QQQ/historical?assetclass=etf&fromdate=2016-07-26&todate=2026-07-26&limit=5000
QQQ,2019-08-15,183.11,183.59,181.16,182.55,36848180,,https://api.nasdaq.com/api/quote/QQQ/historical?assetclass=etf&fromdate=2016-07-26&todate=2026-07-26&limit=5000
QQQ,2019-08-16,184.11,185.95,184.1,185.48,34785010,,https://api.nasdaq.com/api/quote/QQQ/historical?assetclass=etf&fromdate=2016-07-26&todate=2026-07-26&limit=5000
QQQ,2019-08-19,188.03,188.83,187.5,188.43,22568630,,https://api.nasdaq.com/api/quote/QQQ/historical?assetclass=etf&fromdate=2016-07-26&todate=2026-07-26&limit=5000
QQQ,2019-08-20,188,188.635,186.92,186.97,19939550,,https://api.nasdaq.com/api/quote/QQQ/historical?assetclass=etf&fromdate=2016-07-26&todate=2026-07-26&limit=5000
QQQ,2019-08-21,188.66,189.23,187.96,188.63,20745480,,https://api.nasdaq.com/api/quote/QQQ/historical?assetclass=etf&fromdate=2016-07-26&todate=2026-07-26&limit=5000
QQQ,2019-08-22,188.98,189.46,186.54,188.02,24270520,,https://api.nasdaq.com/api/quote/QQQ/historical?assetclass=etf&fromdate=2016-07-26&todate=2026-07-26&limit=5000
QQQ,2019-08-23,186.76,188.45,181.56,182.07,55442890,,https://api.nasdaq.com/api/quote/QQQ/historical?assetclass=etf&fromdate=2016-07-26&todate=2026-07-26&limit=5000
QQQ,2019-08-26,184.19,184.87,183.08,184.82,27689840,,https://api.nasdaq.com/api/quote/QQQ/historical?assetclass=etf&fromdate=2016-07-26&todate=2026-07-26&limit=5000
QQQ,2019-08-27,186.08,186.42,183.71,184.43,28080090,,https://api.nasdaq.com/api/quote/QQQ/historical?assetclass=etf&fromdate=2016-07-26&todate=2026-07-26&limit=5000
QQQ,2019-08-28,183.84,185.4,182.91,185.09,21848790,,https://api.nasdaq.com/api/quote/QQQ/historical?assetclass=etf&fromdate=2016-07-26&todate=2026-07-26&limit=5000
QQQ,2019-08-29,187.37,188.4562,186.675,187.92,25427210,,https://api.nasdaq.com/api/quote/QQQ/historical?assetclass=etf&fromdate=2016-07-26&todate=2026-07-26&limit=5000
QQQ,2019-08-30,188.94,188.97,186.41,187.47,26332750,,https://api.nasdaq.com/api/quote/QQQ/historical?assetclass=etf&fromdate=2016-07-26&todate=2026-07-26&limit=5000
QQQ,2019-09-03,186.26,187.18,185.03,185.65,28026620,,https://api.nasdaq.com/api/quote/QQQ/historical?assetclass=etf&fromdate=2016-07-26&todate=2026-07-26&limit=5000
QQQ,2019-09-04,187.43,188.49,186.9,188.33,21676340,,https://api.nasdaq.com/api/quote/QQQ/historical?assetclass=etf&fromdate=2016-07-26&todate=2026-07-26&limit=5000
QQQ,2019-09-05,190.39,192.325,190.34,191.78,34060990,,https://api.nasdaq.com/api/quote/QQQ/historical?assetclass=etf&fromdate=2016-07-26&todate=2026-07-26&limit=5000
QQQ,2019-09-06,192.03,192.17,191.17,191.59,19487820,,https://api.nasdaq.com/api/quote/QQQ/historical?assetclass=etf&fromdate=2016-07-26&todate=2026-07-26&limit=5000
QQQ,2019-09-09,192.18,192.27,190.215,191.19,24407580,,https://api.nasdaq.com/api/quote/QQQ/historical?assetclass=etf&fromdate=2016-07-26&todate=2026-07-26&limit=5000
QQQ,2019-09-10,190.19,190.74,188.91,190.64,23744690,,https://api.nasdaq.com/api/quote/QQQ/historical?assetclass=etf&fromdate=2016-07-26&todate=2026-07-26&limit=5000
QQQ,2019-09-11,190.98,192.53,190.56,192.43,25063620,,https://api.nasdaq.com/api/quote/QQQ/historical?assetclass=etf&fromdate=2016-07-26&todate=2026-07-26&limit=5000
QQQ,2019-09-12,193.64,194.71,192.97,193.23,28689880,,https://api.nasdaq.com/api/quote/QQQ/historical?assetclass=etf&fromdate=2016-07-26&todate=2026-07-26&limit=5000
QQQ,2019-09-13,192.95,193.4,192.29,192.54,27669800,,https://api.nasdaq.com/api/quote/QQQ/historical?assetclass=etf&fromdate=2016-07-26&todate=2026-07-26&limit=5000
QQQ,2019-09-16,191.3,192.08,191.11,191.68,20318990,,https://api.nasdaq.com/api/quote/QQQ/historical?assetclass=etf&fromdate=2016-07-26&todate=2026-07-26&limit=5000
QQQ,2019-09-17,191.7,192.6,191.29,192.6,21113680,,https://api.nasdaq.com/api/quote/QQQ/historical?assetclass=etf&fromdate=2016-07-26&todate=2026-07-26&limit=5000
QQQ,2019-09-18,192.2,192.6,190.11,192.52,31173060,,https://api.nasdaq.com/api/quote/QQQ/historical?assetclass=etf&fromdate=2016-07-26&todate=2026-07-26&limit=5000
QQQ,2019-09-19,192.86,194.035,192.47,192.84,26214870,,https://api.nasdaq.com/api/quote/QQQ/historical?assetclass=etf&fromdate=2016-07-26&todate=2026-07-26&limit=5000
QQQ,2019-09-20,193.11,193.31,190.16,190.8,30131530,,https://api.nasdaq.com/api/quote/QQQ/historical?assetclass=etf&fromdate=2016-07-26&todate=2026-07-26&limit=5000
QQQ,2019-09-23,190.36,191.07,189.72,190.5,22917560,,https://api.nasdaq.com/api/quote/QQQ/historical?assetclass=etf&fromdate=2016-07-26&todate=2026-07-26&limit=5000
QQQ,2019-09-24,191.37,191.79,187.151,187.97,41096610,,https://api.nasdaq.com/api/quote/QQQ/historical?assetclass=etf&fromdate=2016-07-26&todate=2026-07-26&limit=5000
QQQ,2019-09-25,187.79,190.58,186.21,190.08,36499190,,https://api.nasdaq.com/api/quote/QQQ/historical?assetclass=etf&fromdate=2016-07-26&todate=2026-07-26&limit=5000
QQQ,2019-09-26,189.87,190,187.98,189.38,27030030,,https://api.nasdaq.com/api/quote/QQQ/historical?assetclass=etf&fromdate=2016-07-26&todate=2026-07-26&limit=5000
QQQ,2019-09-27,189.7,189.83,185.75,187.03,40804220,,https://api.nasdaq.com/api/quote/QQQ/historical?assetclass=etf&fromdate=2016-07-26&todate=2026-07-26&limit=5000
QQQ,2019-09-30,187.75,189.11,187.4,188.81,26559840,,https://api.nasdaq.com/api/quote/QQQ/historical?assetclass=etf&fromdate=2016-07-26&todate=2026-07-26&limit=5000
QQQ,2019-10-01,189.54,190.5898,186.955,187.27,32665030,,https://api.nasdaq.com/api/quote/QQQ/historical?assetclass=etf&fromdate=2016-07-26&todate=2026-07-26&limit=5000
QQQ,2019-10-02,186.01,187.204,183.02,184.05,48931980,,https://api.nasdaq.com/api/quote/QQQ/historical?assetclass=etf&fromdate=2016-07-26&todate=2026-07-26&limit=5000
QQQ,2019-10-03,184.07,186.2065,181.82,186.07,39612320,,https://api.nasdaq.com/api/quote/QQQ/historical?assetclass=etf&fromdate=2016-07-26&todate=2026-07-26&limit=5000
QQQ,2019-10-04,186.99,189.08,186.88,188.81,32752670,,https://api.nasdaq.com/api/quote/QQQ/historical?assetclass=etf&fromdate=2016-07-26&todate=2026-07-26&limit=5000
QQQ,2019-10-07,188.23,189.74,187.91,188.24,21404580,,https://api.nasdaq.com/api/quote/QQQ/historical?assetclass=etf&fromdate=2016-07-26&todate=2026-07-26&limit=5000
QQQ,2019-10-08,187.01,187.8562,185.27,185.42,33201940,,https://api.nasdaq.com/api/quote/QQQ/historical?assetclass=etf&fromdate=2016-07-26&todate=2026-07-26&limit=5000
QQQ,2019-10-09,186.96,188.08,186.43,187.23,20829010,,https://api.nasdaq.com/api/quote/QQQ/historical?assetclass=etf&fromdate=2016-07-26&todate=2026-07-26&limit=5000
QQQ,2019-10-10,187.25,189.43,187.12,188.68,26693780,,https://api.nasdaq.com/api/quote/QQQ/historical?assetclass=etf&fromdate=2016-07-26&todate=2026-07-26&limit=5000
QQQ,2019-10-11,190.8,192.63,190.72,191.11,41428910,,https://api.nasdaq.com/api/quote/QQQ/historical?assetclass=etf&fromdate=2016-07-26&todate=2026-07-26&limit=5000
QQQ,2019-10-14,190.82,191.7,190.645,191.09,15372770,,https://api.nasdaq.com/api/quote/QQQ/historical?assetclass=etf&fromdate=2016-07-26&todate=2026-07-26&limit=5000
QQQ,2019-10-15,191.65,193.97,191.56,193.52,23735830,,https://api.nasdaq.com/api/quote/QQQ/historical?assetclass=etf&fromdate=2016-07-26&todate=2026-07-26&limit=5000
QQQ,2019-10-16,192.88,193.53,192.43,193.04,20689210,,https://api.nasdaq.com/api/quote/QQQ/historical?assetclass=etf&fromdate=2016-07-26&todate=2026-07-26&limit=5000
QQQ,2019-10-17,194.18,194.5,192.81,193.55,19161820,,https://api.nasdaq.com/api/quote/QQQ/historical?assetclass=etf&fromdate=2016-07-26&todate=2026-07-26&limit=5000
QQQ,2019-10-18,193.26,193.67,190.705,191.69,27719070,,https://api.nasdaq.com/api/quote/QQQ/historical?assetclass=etf&fromdate=2016-07-26&todate=2026-07-26&limit=5000
QQQ,2019-10-21,192.65,193.52,192.14,193.39,15868950,,https://api.nasdaq.com/api/quote/QQQ/historical?assetclass=etf&fromdate=2016-07-26&todate=2026-07-26&limit=5000
QQQ,2019-10-22,194.06,194.42,191.79,191.85,22988990,,https://api.nasdaq.com/api/quote/QQQ/historical?assetclass=etf&fromdate=2016-07-26&todate=2026-07-26&limit=5000
QQQ,2019-10-23,191.43,192.2582,191.15,192.22,15198330,,https://api.nasdaq.com/api/quote/QQQ/historical?assetclass=etf&fromdate=2016-07-26&todate=2026-07-26&limit=5000
QQQ,2019-10-24,193.62,194.21,192.74,194.09,19264220,,https://api.nasdaq.com/api/quote/QQQ/historical?assetclass=etf&fromdate=2016-07-26&todate=2026-07-26&limit=5000
QQQ,2019-10-25,193.09,195.74,193.05,195.64,21507120,,https://api.nasdaq.com/api/quote/QQQ/historical?assetclass=etf&fromdate=2016-07-26&todate=2026-07-26&limit=5000
QQQ,2019-10-28,196.57,197.83,196.55,197.57,18842300,,https://api.nasdaq.com/api/quote/QQQ/historical?assetclass=etf&fromdate=2016-07-26&todate=2026-07-26&limit=5000
QQQ,2019-10-29,197.24,197.535,196.01,196.04,18569680,,https://api.nasdaq.com/api/quote/QQQ/historical?assetclass=etf&fromdate=2016-07-26&todate=2026-07-26&limit=5000
QQQ,2019-10-30,196.42,197.32,195.29,196.99,21764310,,https://api.nasdaq.com/api/quote/QQQ/historical?assetclass=etf&fromdate=2016-07-26&todate=2026-07-26&limit=5000
QQQ,2019-10-31,197.56,197.65,195.94,197.08,26801800,,https://api.nasdaq.com/api/quote/QQQ/historical?assetclass=etf&fromdate=2016-07-26&todate=2026-07-26&limit=5000
QQQ,2019-11-01,197.93,198.88,197.63,198.87,22131880,,https://api.nasdaq.com/api/quote/QQQ/historical?assetclass=etf&fromdate=2016-07-26&todate=2026-07-26&limit=5000
QQQ,2019-11-04,200.19,200.5251,198.8658,200.1,19015860,,https://api.nasdaq.com/api/quote/QQQ/historical?assetclass=etf&fromdate=2016-07-26&todate=2026-07-26&limit=5000
QQQ,2019-11-05,200.35,200.55,199.55,200.21,15048860,,https://api.nasdaq.com/api/quote/QQQ/historical?assetclass=etf&fromdate=2016-07-26&todate=2026-07-26&limit=5000
QQQ,2019-11-06,199.98,200,198.785,199.76,19725490,,https://api.nasdaq.com/api/quote/QQQ/historical?assetclass=etf&fromdate=2016-07-26&todate=2026-07-26&limit=5000
QQQ,2019-11-07,200.76,201.72,199.85,200.43,17832360,,https://api.nasdaq.com/api/quote/QQQ/historical?assetclass=etf&fromdate=2016-07-26&todate=2026-07-26&limit=5000
QQQ,2019-11-08,200.02,201.25,199.54,201.23,15272520,,https://api.nasdaq.com/api/quote/QQQ/historical?assetclass=etf&fromdate=2016-07-26&todate=2026-07-26&limit=5000
QQQ,2019-11-11,200.23,201.0363,199.94,200.96,10187220,,https://api.nasdaq.com/api/quote/QQQ/historical?assetclass=etf&fromdate=2016-07-26&todate=2026-07-26&limit=5000
QQQ,2019-11-12,201.13,202.21,200.82,201.54,14778280,,https://api.nasdaq.com/api/quote/QQQ/historical?assetclass=etf&fromdate=2016-07-26&todate=2026-07-26&limit=5000
QQQ,2019-11-13,200.84,201.775,200.71,201.59,16110340,,https://api.nasdaq.com/api/quote/QQQ/historical?assetclass=etf&fromdate=2016-07-26&todate=2026-07-26&limit=5000
QQQ,2019-11-14,200.83,201.56,200.22,201.43,17055690,,https://api.nasdaq.com/api/quote/QQQ/historical?assetclass=etf&fromdate=2016-07-26&todate=2026-07-26&limit=5000
QQQ,2019-11-15,202.61,202.91,202,202.91,18434520,,https://api.nasdaq.com/api/quote/QQQ/historical?assetclass=etf&fromdate=2016-07-26&todate=2026-07-26&limit=5000
QQQ,2019-11-18,202.61,203.39,201.77,203.07,18408800,,https://api.nasdaq.com/api/quote/QQQ/historical?assetclass=etf&fromdate=2016-07-26&todate=2026-07-26&limit=5000
QQQ,2019-11-19,203.84,203.84,202.59,203.37,16997570,,https://api.nasdaq.com/api/quote/QQQ/historical?assetclass=etf&fromdate=2016-07-26&todate=2026-07-26&limit=5000
QQQ,2019-11-20,202.85,203.45,200.62,202.15,36706280,,https://api.nasdaq.com/api/quote/QQQ/historical?assetclass=etf&fromdate=2016-07-26&todate=2026-07-26&limit=5000
QQQ,2019-11-21,201.94,202.07,201.07,201.7,17934350,,https://api.nasdaq.com/api/quote/QQQ/historical?assetclass=etf&fromdate=2016-07-26&todate=2026-07-26&limit=5000
QQQ,2019-11-22,202.17,202.32,200.74,201.83,17197020,,https://api.nasdaq.com/api/quote/QQQ/historical?assetclass=etf&fromdate=2016-07-26&todate=2026-07-26&limit=5000
QQQ,2019-11-25,202.67,204.26,202.67,204.22,17794720,,https://api.nasdaq.com/api/quote/QQQ/historical?assetclass=etf&fromdate=2016-07-26&todate=2026-07-26&limit=5000
QQQ,2019-11-26,204.32,204.87,204.05,204.61,14812920,,https://api.nasdaq.com/api/quote/QQQ/historical?assetclass=etf&fromdate=2016-07-26&todate=2026-07-26&limit=5000
QQQ,2019-11-27,205.13,206.05,204.89,206.04,17060230,,https://api.nasdaq.com/api/quote/QQQ/historical?assetclass=etf&fromdate=2016-07-26&todate=2026-07-26&limit=5000
QQQ,2019-11-29,205.59,205.83,205,205.1,9854553,,https://api.nasdaq.com/api/quote/QQQ/historical?assetclass=etf&fromdate=2016-07-26&todate=2026-07-26&limit=5000
QQQ,2019-12-02,205.11,205.18,201.78,203,28121020,,https://api.nasdaq.com/api/quote/QQQ/historical?assetclass=etf&fromdate=2016-07-26&todate=2026-07-26&limit=5000
QQQ,2019-12-03,200.32,201.49,193.785,201.41,31425400,,https://api.nasdaq.com/api/quote/QQQ/historical?assetclass=etf&fromdate=2016-07-26&todate=2026-07-26&limit=5000
QQQ,2019-12-04,202.49,202.91,202.14,202.43,15336750,,https://api.nasdaq.com/api/quote/QQQ/historical?assetclass=etf&fromdate=2016-07-26&todate=2026-07-26&limit=5000
QQQ,2019-12-05,203.15,203.15,201.84,202.83,15038790,,https://api.nasdaq.com/api/quote/QQQ/historical?assetclass=etf&fromdate=2016-07-26&todate=2026-07-26&limit=5000
QQQ,2019-12-06,204.25,205.145,204.1501,205,16562250,,https://api.nasdaq.com/api/quote/QQQ/historical?assetclass=etf&fromdate=2016-07-26&todate=2026-07-26&limit=5000
QQQ,2019-12-09,204.63,205.5937,203.98,204.07,14032180,,https://api.nasdaq.com/api/quote/QQQ/historical?assetclass=etf&fromdate=2016-07-26&todate=2026-07-26&limit=5000
QQQ,2019-12-10,204.17,204.88,203.44,203.9,21849710,,https://api.nasdaq.com/api/quote/QQQ/historical?assetclass=etf&fromdate=2016-07-26&todate=2026-07-26&limit=5000
QQQ,2019-12-11,204.37,205.19,204.04,204.98,18897760,,https://api.nasdaq.com/api/quote/QQQ/historical?assetclass=etf&fromdate=2016-07-26&todate=2026-07-26&limit=5000
QQQ,2019-12-12,204.77,207.32,204.491,206.51,32704630,,https://api.nasdaq.com/api/quote/QQQ/historical?assetclass=etf&fromdate=2016-07-26&todate=2026-07-26&limit=5000
QQQ,2019-12-13,206.36,207.91,205.96,207.19,32534390,,https://api.nasdaq.com/api/quote/QQQ/historical?assetclass=etf&fromdate=2016-07-26&todate=2026-07-26&limit=5000
QQQ,2019-12-16,208.5,209.53,208.48,209.27,21366180,,https://api.nasdaq.com/api/quote/QQQ/historical?assetclass=etf&fromdate=2016-07-26&todate=2026-07-26&limit=5000
QQQ,2019-12-17,209.5,209.71,209.04,209.39,16034650,,https://api.nasdaq.com/api/quote/QQQ/historical?assetclass=etf&fromdate=2016-07-26&todate=2026-07-26&limit=5000
QQQ,2019-12-18,209.6,210.13,209.33,209.55,15490830,,https://api.nasdaq.com/api/quote/QQQ/historical?assetclass=etf&fromdate=2016-07-26&todate=2026-07-26&limit=5000
QQQ,2019-12-19,209.64,210.93,209.62,210.86,17892060,,https://api.nasdaq.com/api/quote/QQQ/historical?assetclass=etf&fromdate=2016-07-26&todate=2026-07-26&limit=5000
QQQ,2019-12-20,211.81,212.5186,211.27,211.71,27690930,,https://api.nasdaq.com/api/quote/QQQ/historical?assetclass=etf&fromdate=2016-07-26&todate=2026-07-26&limit=5000
QQQ,2019-12-23,212.03,212.15,211.63,211.81,23798670,,https://api.nasdaq.com/api/quote/QQQ/historical?assetclass=etf&fromdate=2016-07-26&todate=2026-07-26&limit=5000
QQQ,2019-12-24,211.97,212.09,211.44,211.92,7089020,,https://api.nasdaq.com/api/quote/QQQ/historical?assetclass=etf&fromdate=2016-07-26&todate=2026-07-26&limit=5000
QQQ,2019-12-26,212.26,213.81,212.23,213.79,17159310,,https://api.nasdaq.com/api/quote/QQQ/historical?assetclass=etf&fromdate=2016-07-26&todate=2026-07-26&limit=5000
QQQ,2019-12-27,214.55,214.56,213.04,213.61,18142240,,https://api.nasdaq.com/api/quote/QQQ/historical?assetclass=etf&fromdate=2016-07-26&todate=2026-07-26&limit=5000
QQQ,2019-12-30,213.51,213.63,211.16,212.21,21829910,,https://api.nasdaq.com/api/quote/QQQ/historical?assetclass=etf&fromdate=2016-07-26&todate=2026-07-26&limit=5000
QQQ,2019-12-31,211.62,212.76,211.2,212.61,18201590,,https://api.nasdaq.com/api/quote/QQQ/historical?assetclass=etf&fromdate=2016-07-26&todate=2026-07-26&limit=5000
QQQ,2020-01-02,214.4,216.16,213.98,216.16,31014900,,https://api.nasdaq.com/api/quote/QQQ/historical?assetclass=etf&fromdate=2016-07-26&todate=2026-07-26&limit=5000
QQQ,2020-01-03,213.29,215.47,213.28,214.18,27532660,,https://api.nasdaq.com/api/quote/QQQ/historical?assetclass=etf&fromdate=2016-07-26&todate=2026-07-26&limit=5000
QQQ,2020-01-06,212.49,215.59,212.24,215.56,21726990,,https://api.nasdaq.com/api/quote/QQQ/historical?assetclass=etf&fromdate=2016-07-26&todate=2026-07-26&limit=5000
QQQ,2020-01-07,215.64,216.14,214.85,215.53,23120990,,https://api.nasdaq.com/api/quote/QQQ/historical?assetclass=etf&fromdate=2016-07-26&todate=2026-07-26&limit=5000
QQQ,2020-01-08,215.47,218.14,215.16,217.15,26464210,,https://api.nasdaq.com/api/quote/QQQ/historical?assetclass=etf&fromdate=2016-07-26&todate=2026-07-26&limit=5000
QQQ,2020-01-09,218.91,219.41,217.7125,218.99,23641290,,https://api.nasdaq.com/api/quote/QQQ/historical?assetclass=etf&fromdate=2016-07-26&todate=2026-07-26&limit=5000
QQQ,2020-01-10,219.76,219.87,218.04,218.43,21914630,,https://api.nasdaq.com/api/quote/QQQ/historical?assetclass=etf&fromdate=2016-07-26&todate=2026-07-26&limit=5000
QQQ,2020-01-13,219.31,220.98,218.98,220.95,22846100,,https://api.nasdaq.com/api/quote/QQQ/historical?assetclass=etf&fromdate=2016-07-26&todate=2026-07-26&limit=5000
QQQ,2020-01-14,220.75,221.21,219.74,220.08,24573340,,https://api.nasdaq.com/api/quote/QQQ/historical?assetclass=etf&fromdate=2016-07-26&todate=2026-07-26&limit=5000
QQQ,2020-01-15,220.18,221.2,219.45,220.17,25742080,,https://api.nasdaq.com/api/quote/QQQ/historical?assetclass=etf&fromdate=2016-07-26&todate=2026-07-26&limit=5000
QQQ,2020-01-16,221.24,222.32,220.8,222.28,18804960,,https://api.nasdaq.com/api/quote/QQQ/historical?assetclass=etf&fromdate=2016-07-26&todate=2026-07-26&limit=5000
QQQ,2020-01-17,223.24,223.56,222.1221,223.38,24325170,,https://api.nasdaq.com/api/quote/QQQ/historical?assetclass=etf&fromdate=2016-07-26&todate=2026-07-26&limit=5000
QQQ,2020-01-21,222.73,223.84,222.66,223.28,21146260,,https://api.nasdaq.com/api/quote/QQQ/historical?assetclass=etf&fromdate=2016-07-26&todate=2026-07-26&limit=5000
QQQ,2020-01-22,224.38,225.15,223.59,223.87,20736400,,https://api.nasdaq.com/api/quote/QQQ/historical?assetclass=etf&fromdate=2016-07-26&todate=2026-07-26&limit=5000
QQQ,2020-01-23,223.71,224.69,222.7,224.59,26496110,,https://api.nasdaq.com/api/quote/QQQ/historical?assetclass=etf&fromdate=2016-07-26&todate=2026-07-26&limit=5000
QQQ,2020-01-24,225.62,225.88,221.6701,222.7,37436480,,https://api.nasdaq.com/api/quote/QQQ/historical?assetclass=etf&fromdate=2016-07-26&todate=2026-07-26&limit=5000
QQQ,2020-01-27,217.72,219.2845,217.18,218.1,42264420,,https://api.nasdaq.com/api/quote/QQQ/historical?assetclass=etf&fromdate=2016-07-26&todate=2026-07-26&limit=5000
QQQ,2020-01-28,219.6,221.96,219.06,221.45,26731880,,https://api.nasdaq.com/api/quote/QQQ/historical?assetclass=etf&fromdate=2016-07-26&todate=2026-07-26&limit=5000
QQQ,2020-01-29,222.66,222.93,220.83,221.81,29063130,,https://api.nasdaq.com/api/quote/QQQ/historical?assetclass=etf&fromdate=2016-07-26&todate=2026-07-26&limit=5000
QQQ,2020-01-30,220.37,222.7,219.6891,222.6,39568090,,https://api.nasdaq.com/api/quote/QQQ/historical?assetclass=etf&fromdate=2016-07-26&todate=2026-07-26&limit=5000
QQQ,2020-01-31,223.5,223.56,218.285,219.07,52015830,,https://api.nasdaq.com/api/quote/QQQ/historical?assetclass=etf&fromdate=2016-07-26&todate=2026-07-26&limit=5000
QQQ,2020-02-03,220.14,222.885,219.99,222.38,25468310,,https://api.nasdaq.com/api/quote/QQQ/historical?assetclass=etf&fromdate=2016-07-26&todate=2026-07-26&limit=5000
QQQ,2020-02-04,225.39,227.86,224.6523,227.47,30691210,,https://api.nasdaq.com/api/quote/QQQ/historical?assetclass=etf&fromdate=2016-07-26&todate=2026-07-26&limit=5000
QQQ,2020-02-05,230.22,230.25,226.85,228.22,38534820,,https://api.nasdaq.com/api/quote/QQQ/historical?assetclass=etf&fromdate=2016-07-26&todate=2026-07-26&limit=5000
QQQ,2020-02-06,228.77,230.25,227.98,230.19,22467080,,https://api.nasdaq.com/api/quote/QQQ/historical?assetclass=etf&fromdate=2016-07-26&todate=2026-07-26&limit=5000
QQQ,2020-02-07,229.16,230.44,228.54,229.2,25884930,,https://api.nasdaq.com/api/quote/QQQ/historical?assetclass=etf&fromdate=2016-07-26&todate=2026-07-26&limit=5000
QQQ,2020-02-10,228.43,231.98,228.38,231.97,21478930,,https://api.nasdaq.com/api/quote/QQQ/historical?assetclass=etf&fromdate=2016-07-26&todate=2026-07-26&limit=5000
QQQ,2020-02-11,233.21,234.02,231.3999,232.01,30197980,,https://api.nasdaq.com/api/quote/QQQ/historical?assetclass=etf&fromdate=2016-07-26&todate=2026-07-26&limit=5000
QQQ,2020-02-12,233.34,234.38,232.8,234.27,24471280,,https://api.nasdaq.com/api/quote/QQQ/historical?assetclass=etf&fromdate=2016-07-26&todate=2026-07-26&limit=5000
QQQ,2020-02-13,232.62,234.93,232.36,233.97,22773160,,https://api.nasdaq.com/api/quote/QQQ/historical?assetclass=etf&fromdate=2016-07-26&todate=2026-07-26&limit=5000
QQQ,2020-02-14,234.28,234.86,233.5501,234.64,23438530,,https://api.nasdaq.com/api/quote/QQQ/historical?assetclass=etf&fromdate=2016-07-26&todate=2026-07-26&limit=5000
QQQ,2020-02-18,233.47,235.17,233.25,234.73,24521240,,https://api.nasdaq.com/api/quote/QQQ/historical?assetclass=etf&fromdate=2016-07-26&todate=2026-07-26&limit=5000
QQQ,2020-02-19,236.07,237.47,235.85,236.98,22230460,,https://api.nasdaq.com/api/quote/QQQ/historical?assetclass=etf&fromdate=2016-07-26&todate=2026-07-26&limit=5000
QQQ,2020-02-20,236.46,236.95,231.88,234.78,42604020,,https://api.nasdaq.com/api/quote/QQQ/historical?assetclass=etf&fromdate=2016-07-26&todate=2026-07-26&limit=5000
QQQ,2020-02-21,233.64,234.01,229.3211,230.27,66058610,,https://api.nasdaq.com/api/quote/QQQ/historical?assetclass=etf&fromdate=2016-07-26&todate=2026-07-26&limit=5000
QQQ,2020-02-24,221.84,224.25,220.26,221.39,84522550,,https://api.nasdaq.com/api/quote/QQQ/historical?assetclass=etf&fromdate=2016-07-26&todate=2026-07-26&limit=5000
QQQ,2020-02-25,223.19,223.9879,214.74,215.37,97742980,,https://api.nasdaq.com/api/quote/QQQ/historical?assetclass=etf&fromdate=2016-07-26&todate=2026-07-26&limit=5000
QQQ,2020-02-26,216.67,220.28,214.9,216.48,80400050,,https://api.nasdaq.com/api/quote/QQQ/historical?assetclass=etf&fromdate=2016-07-26&todate=2026-07-26&limit=5000
QQQ,2020-02-27,211.05,216.4235,205.5,205.64,121822600,,https://api.nasdaq.com/api/quote/QQQ/historical?assetclass=etf&fromdate=2016-07-26&todate=2026-07-26&limit=5000
QQQ,2020-02-28,198.92,207.17,198.17,205.8,149247100,,https://api.nasdaq.com/api/quote/QQQ/historical?assetclass=etf&fromdate=2016-07-26&todate=2026-07-26&limit=5000
QQQ,2020-03-02,208.88,216.57,205.94,216.42,112933900,,https://api.nasdaq.com/api/quote/QQQ/historical?assetclass=etf&fromdate=2016-07-26&todate=2026-07-26&limit=5000
QQQ,2020-03-03,217.11,219.61,207.62,209.48,131953500,,https://api.nasdaq.com/api/quote/QQQ/historical?assetclass=etf&fromdate=2016-07-26&todate=2026-07-26&limit=5000
QQQ,2020-03-04,213.32,218.33,211.37,218.22,73086210,,https://api.nasdaq.com/api/quote/QQQ/historical?assetclass=etf&fromdate=2016-07-26&todate=2026-07-26&limit=5000
QQQ,2020-03-05,212.69,216.36,210.1,211.59,78705460,,https://api.nasdaq.com/api/quote/QQQ/historical?assetclass=etf&fromdate=2016-07-26&todate=2026-07-26&limit=5000
QQQ,2020-03-06,204.67,209.15,202.91,208.02,89828390,,https://api.nasdaq.com/api/quote/QQQ/historical?assetclass=etf&fromdate=2016-07-26&todate=2026-07-26&limit=5000
QQQ,2020-03-09,193.48,201.16,192.11,193.57,116424000,,https://api.nasdaq.com/api/quote/QQQ/historical?assetclass=etf&fromdate=2016-07-26&todate=2026-07-26&limit=5000
QQQ,2020-03-10,201.11,204.3,193.6802,204.11,100599200,,https://api.nasdaq.com/api/quote/QQQ/historical?assetclass=etf&fromdate=2016-07-26&todate=2026-07-26&limit=5000
QQQ,2020-03-11,199.35,200.75,192.73,195.22,89168780,,https://api.nasdaq.com/api/quote/QQQ/historical?assetclass=etf&fromdate=2016-07-26&todate=2026-07-26&limit=5000
QQQ,2020-03-12,182.09,190.78,176.94,177.32,137820700,,https://api.nasdaq.com/api/quote/QQQ/historical?assetclass=etf&fromdate=2016-07-26&todate=2026-07-26&limit=5000
QQQ,2020-03-13,187.07,194.48,178.13,192.34,134882000,,https://api.nasdaq.com/api/quote/QQQ/historical?assetclass=etf&fromdate=2016-07-26&todate=2026-07-26&limit=5000
QQQ,2020-03-16,174.15,184.68,169.16,169.3,92054390,,https://api.nasdaq.com/api/quote/QQQ/historical?assetclass=etf&fromdate=2016-07-26&todate=2026-07-26&limit=5000
QQQ,2020-03-17,175.47,184.39,169.78,182.14,121257100,,https://api.nasdaq.com/api/quote/QQQ/historical?assetclass=etf&fromdate=2016-07-26&todate=2026-07-26&limit=5000
QQQ,2020-03-18,171.605,179.22,166.8,176.6,114156300,,https://api.nasdaq.com/api/quote/QQQ/historical?assetclass=etf&fromdate=2016-07-26&todate=2026-07-26&limit=5000
QQQ,2020-03-19,175.69,183.49,171.63,177.66,120896500,,https://api.nasdaq.com/api/quote/QQQ/historical?assetclass=etf&fromdate=2016-07-26&todate=2026-07-26&limit=5000
QQQ,2020-03-20,181.74,182.87,170.1,170.7,118983900,,https://api.nasdaq.com/api/quote/QQQ/historical?assetclass=etf&fromdate=2016-07-26&todate=2026-07-26&limit=5000
QQQ,2020-03-23,170.92,174.21,164.93,170.46,124639600,,https://api.nasdaq.com/api/quote/QQQ/historical?assetclass=etf&fromdate=2016-07-26&todate=2026-07-26&limit=5000
QQQ,2020-03-24,179.91,183.83,177.95,183.66,94881790,,https://api.nasdaq.com/api/quote/QQQ/historical?assetclass=etf&fromdate=2016-07-26&todate=2026-07-26&limit=5000
QQQ,2020-03-25,184.42,189.51,179.98,182.3,88754910,,https://api.nasdaq.com/api/quote/QQQ/historical?assetclass=etf&fromdate=2016-07-26&todate=2026-07-26&limit=5000
QQQ,2020-03-26,183.87,192.72,183.61,191.9,79887560,,https://api.nasdaq.com/api/quote/QQQ/historical?assetclass=etf&fromdate=2016-07-26&todate=2026-07-26&limit=5000
QQQ,2020-03-27,186.93,190.5149,184.66,185.3,58844980,,https://api.nasdaq.com/api/quote/QQQ/historical?assetclass=etf&fromdate=2016-07-26&todate=2026-07-26&limit=5000
QQQ,2020-03-30,187.1,192.49,186.3406,192.04,49356940,,https://api.nasdaq.com/api/quote/QQQ/historical?assetclass=etf&fromdate=2016-07-26&todate=2026-07-26&limit=5000
QQQ,2020-03-31,191.53,195.25,189.2,190.4,62659270,,https://api.nasdaq.com/api/quote/QQQ/historical?assetclass=etf&fromdate=2016-07-26&todate=2026-07-26&limit=5000
QQQ,2020-04-01,184.81,187.66,180.86,182.31,53715380,,https://api.nasdaq.com/api/quote/QQQ/historical?assetclass=etf&fromdate=2016-07-26&todate=2026-07-26&limit=5000
QQQ,2020-04-02,181.59,190.1,180.97,186.01,56465350,,https://api.nasdaq.com/api/quote/QQQ/historical?assetclass=etf&fromdate=2016-07-26&todate=2026-07-26&limit=5000
QQQ,2020-04-03,185.5,187.0716,181.29,183.37,47487620,,https://api.nasdaq.com/api/quote/QQQ/historical?assetclass=etf&fromdate=2016-07-26&todate=2026-07-26&limit=5000
QQQ,2020-04-06,190.38,197.65,189.19,196.48,64763520,,https://api.nasdaq.com/api/quote/QQQ/historical?assetclass=etf&fromdate=2016-07-26&todate=2026-07-26&limit=5000
QQQ,2020-04-07,202.14,202.66,196,196.4,69904480,,https://api.nasdaq.com/api/quote/QQQ/historical?assetclass=etf&fromdate=2016-07-26&todate=2026-07-26&limit=5000
QQQ,2020-04-08,198.0835,201.17,196.1733,200.57,45940440,,https://api.nasdaq.com/api/quote/QQQ/historical?assetclass=etf&fromdate=2016-07-26&todate=2026-07-26&limit=5000
QQQ,2020-04-09,202.27,203.22,199.0281,200.86,68323930,,https://api.nasdaq.com/api/quote/QQQ/historical?assetclass=etf&fromdate=2016-07-26&todate=2026-07-26&limit=5000
QQQ,2020-04-13,199.92,203.42,198.75,203.03,42853950,,https://api.nasdaq.com/api/quote/QQQ/historical?assetclass=etf&fromdate=2016-07-26&todate=2026-07-26&limit=5000
QQQ,2020-04-14,207.17,212.5,206.42,211.86,63959560,,https://api.nasdaq.com/api/quote/QQQ/historical?assetclass=etf&fromdate=2016-07-26&todate=2026-07-26&limit=5000
QQQ,2020-04-15,208.48,211.8338,207.12,209.43,47035950,,https://api.nasdaq.com/api/quote/QQQ/historical?assetclass=etf&fromdate=2016-07-26&todate=2026-07-26&limit=5000
QQQ,2020-04-16,211.78,214.369,209.69,213.25,64657360,,https://api.nasdaq.com/api/quote/QQQ/historical?assetclass=etf&fromdate=2016-07-26&todate=2026-07-26&limit=5000
QQQ,2020-04-17,215.96,216.51,212.0801,215.29,62863220,,https://api.nasdaq.com/api/quote/QQQ/historical?assetclass=etf&fromdate=2016-07-26&todate=2026-07-26&limit=5000
QQQ,2020-04-20,213.27,215.88,212.57,212.74,38249130,,https://api.nasdaq.com/api/quote/QQQ/historical?assetclass=etf&fromdate=2016-07-26&todate=2026-07-26&limit=5000
QQQ,2020-04-21,210.63,211.16,203.63,204.89,72932770,,https://api.nasdaq.com/api/quote/QQQ/historical?assetclass=etf&fromdate=2016-07-26&todate=2026-07-26&limit=5000
QQQ,2020-04-22,209.14,212.35,208.33,210.97,40188770,,https://api.nasdaq.com/api/quote/QQQ/historical?assetclass=etf&fromdate=2016-07-26&todate=2026-07-26&limit=5000
QQQ,2020-04-23,211.8,214.435,210.095,210.52,43278540,,https://api.nasdaq.com/api/quote/QQQ/historical?assetclass=etf&fromdate=2016-07-26&todate=2026-07-26&limit=5000
QQQ,2020-04-24,210.94,214.3,209.5,213.84,34303370,,https://api.nasdaq.com/api/quote/QQQ/historical?assetclass=etf&fromdate=2016-07-26&todate=2026-07-26&limit=5000
QQQ,2020-04-27,216.18,216.63,214.5,215.56,36451700,,https://api.nasdaq.com/api/quote/QQQ/historical?assetclass=etf&fromdate=2016-07-26&todate=2026-07-26&limit=5000
QQQ,2020-04-28,217.27,217.32,211.21,211.5,46862820,,https://api.nasdaq.com/api/quote/QQQ/historical?assetclass=etf&fromdate=2016-07-26&todate=2026-07-26&limit=5000
QQQ,2020-04-29,216.21,219.97,215.14,219,48716410,,https://api.nasdaq.com/api/quote/QQQ/historical?assetclass=etf&fromdate=2016-07-26&todate=2026-07-26&limit=5000
QQQ,2020-04-30,220.01,220.04,217.35,218.91,43359480,,https://api.nasdaq.com/api/quote/QQQ/historical?assetclass=etf&fromdate=2016-07-26&todate=2026-07-26&limit=5000
QQQ,2020-05-01,214.54,216.67,211.68,212.74,48794970,,https://api.nasdaq.com/api/quote/QQQ/historical?assetclass=etf&fromdate=2016-07-26&todate=2026-07-26&limit=5000
QQQ,2020-05-04,211.61,215.45,211.12,215.22,32841020,,https://api.nasdaq.com/api/quote/QQQ/historical?assetclass=etf&fromdate=2016-07-26&todate=2026-07-26&limit=5000
QQQ,2020-05-05,217.4,220.14,216.85,217.66,37783080,,https://api.nasdaq.com/api/quote/QQQ/historical?assetclass=etf&fromdate=2016-07-26&todate=2026-07-26&limit=5000
QQQ,2020-05-06,219.37,221.04,218.11,219,36455220,,https://api.nasdaq.com/api/quote/QQQ/historical?assetclass=etf&fromdate=2016-07-26&todate=2026-07-26&limit=5000
QQQ,2020-05-07,221.75,222.73,220.42,221.82,38624840,,https://api.nasdaq.com/api/quote/QQQ/historical?assetclass=etf&fromdate=2016-07-26&todate=2026-07-26&limit=5000
QQQ,2020-05-08,223.55,225,222.48,224.86,31964420,,https://api.nasdaq.com/api/quote/QQQ/historical?assetclass=etf&fromdate=2016-07-26&todate=2026-07-26&limit=5000
QQQ,2020-05-11,223.5,227.93,223.25,226.87,35714130,,https://api.nasdaq.com/api/quote/QQQ/historical?assetclass=etf&fromdate=2016-07-26&todate=2026-07-26&limit=5000
QQQ,2020-05-12,227.48,228.095,222.09,222.12,41054120,,https://api.nasdaq.com/api/quote/QQQ/historical?assetclass=etf&fromdate=2016-07-26&todate=2026-07-26&limit=5000
QQQ,2020-05-13,222.65,224.61,216.71,219.34,65521210,,https://api.nasdaq.com/api/quote/QQQ/historical?assetclass=etf&fromdate=2016-07-26&todate=2026-07-26&limit=5000
QQQ,2020-05-14,218.12,221.87,215.99,221.83,51549350,,https://api.nasdaq.com/api/quote/QQQ/historical?assetclass=etf&fromdate=2016-07-26&todate=2026-07-26&limit=5000
QQQ,2020-05-15,218.77,223.33,218.33,223.27,55747210,,https://api.nasdaq.com/api/quote/QQQ/historical?assetclass=etf&fromdate=2016-07-26&todate=2026-07-26&limit=5000
QQQ,2020-05-18,226.28,228.68,225.47,227.43,42597550,,https://api.nasdaq.com/api/quote/QQQ/historical?assetclass=etf&fromdate=2016-07-26&todate=2026-07-26&limit=5000
QQQ,2020-05-19,227.66,229.85,226.71,226.86,36237300,,https://api.nasdaq.com/api/quote/QQQ/historical?assetclass=etf&fromdate=2016-07-26&todate=2026-07-26&limit=5000
QQQ,2020-05-20,229.48,231.76,229.48,231.39,37417000,,https://api.nasdaq.com/api/quote/QQQ/historical?assetclass=etf&fromdate=2016-07-26&todate=2026-07-26&limit=5000
QQQ,2020-05-21,231.49,232.135,228.34,228.87,43642910,,https://api.nasdaq.com/api/quote/QQQ/historical?assetclass=etf&fromdate=2016-07-26&todate=2026-07-26&limit=5000
QQQ,2020-05-22,228.46,229.87,227.5,229.66,28762390,,https://api.nasdaq.com/api/quote/QQQ/historical?assetclass=etf&fromdate=2016-07-26&todate=2026-07-26&limit=5000
QQQ,2020-05-26,233.44,233.57,228.79,229.04,33055350,,https://api.nasdaq.com/api/quote/QQQ/historical?assetclass=etf&fromdate=2016-07-26&todate=2026-07-26&limit=5000
QQQ,2020-05-27,228.51,230.41,223.94,230.29,55665570,,https://api.nasdaq.com/api/quote/QQQ/historical?assetclass=etf&fromdate=2016-07-26&todate=2026-07-26&limit=5000
QQQ,2020-05-28,229.05,233.47,229.05,229.99,43008480,,https://api.nasdaq.com/api/quote/QQQ/historical?assetclass=etf&fromdate=2016-07-26&todate=2026-07-26&limit=5000
QQQ,2020-05-29,230.43,233.6,228.76,233.36,50878600,,https://api.nasdaq.com/api/quote/QQQ/historical?assetclass=etf&fromdate=2016-07-26&todate=2026-07-26&limit=5000
QQQ,2020-06-01,232.4,234.45,232,234.06,26140130,,https://api.nasdaq.com/api/quote/QQQ/historical?assetclass=etf&fromdate=2016-07-26&todate=2026-07-26&limit=5000
QQQ,2020-06-02,234.42,235.69,232.01,235.63,33383420,,https://api.nasdaq.com/api/quote/QQQ/historical?assetclass=etf&fromdate=2016-07-26&todate=2026-07-26&limit=5000
QQQ,2020-06-03,236.23,237.47,235.35,236.69,37228700,,https://api.nasdaq.com/api/quote/QQQ/historical?assetclass=etf&fromdate=2016-07-26&todate=2026-07-26&limit=5000
QQQ,2020-06-04,236.32,237.79,233.68,235.03,38716100,,https://api.nasdaq.com/api/quote/QQQ/historical?assetclass=etf&fromdate=2016-07-26&todate=2026-07-26&limit=5000
QQQ,2020-06-05,236.06,240.297,235.63,239.69,47365570,,https://api.nasdaq.com/api/quote/QQQ/historical?assetclass=etf&fromdate=2016-07-26&todate=2026-07-26&limit=5000
QQQ,2020-06-08,239.54,241.68,237.91,241.55,32937310,,https://api.nasdaq.com/api/quote/QQQ/historical?assetclass=etf&fromdate=2016-07-26&todate=2026-07-26&limit=5000
QQQ,2020-06-09,240.66,244.18,240.47,243.3,35046250,,https://api.nasdaq.com/api/quote/QQQ/historical?assetclass=etf&fromdate=2016-07-26&todate=2026-07-26&limit=5000
QQQ,2020-06-10,245,247.815,244.51,246.22,58084410,,https://api.nasdaq.com/api/quote/QQQ/historical?assetclass=etf&fromdate=2016-07-26&todate=2026-07-26&limit=5000
QQQ,2020-06-11,242.29,243.59,233.96,234.02,72919440,,https://api.nasdaq.com/api/quote/QQQ/historical?assetclass=etf&fromdate=2016-07-26&todate=2026-07-26&limit=5000
QQQ,2020-06-12,239.09,240.4,231.74,235.88,72034790,,https://api.nasdaq.com/api/quote/QQQ/historical?assetclass=etf&fromdate=2016-07-26&todate=2026-07-26&limit=5000
QQQ,2020-06-15,232.44,239.45,231.47,238.75,45307370,,https://api.nasdaq.com/api/quote/QQQ/historical?assetclass=etf&fromdate=2016-07-26&todate=2026-07-26&limit=5000
QQQ,2020-06-16,243.78,244.39,239.1,242.85,48890100,,https://api.nasdaq.com/api/quote/QQQ/historical?assetclass=etf&fromdate=2016-07-26&todate=2026-07-26&limit=5000
QQQ,2020-06-17,244.4,245.5,242.73,243.62,34749270,,https://api.nasdaq.com/api/quote/QQQ/historical?assetclass=etf&fromdate=2016-07-26&todate=2026-07-26&limit=5000
QQQ,2020-06-18,243.29,244.53,242.49,244.28,30578650,,https://api.nasdaq.com/api/quote/QQQ/historical?assetclass=etf&fromdate=2016-07-26&todate=2026-07-26&limit=5000
QQQ,2020-06-19,246.74,247,242.45,244.24,49422110,,https://api.nasdaq.com/api/quote/QQQ/historical?assetclass=etf&fromdate=2016-07-26&todate=2026-07-26&limit=5000
QQQ,2020-06-22,243.77,246.87,243.38,246.74,24068680,,https://api.nasdaq.com/api/quote/QQQ/historical?assetclass=etf&fromdate=2016-07-26&todate=2026-07-26&limit=5000
QQQ,2020-06-23,248.39,251.15,247.82,248.84,32767370,,https://api.nasdaq.com/api/quote/QQQ/historical?assetclass=etf&fromdate=2016-07-26&todate=2026-07-26&limit=5000
QQQ,2020-06-24,247.99,249.325,242.16,243.71,46032380,,https://api.nasdaq.com/api/quote/QQQ/historical?assetclass=etf&fromdate=2016-07-26&todate=2026-07-26&limit=5000
QQQ,2020-06-25,243.91,246.34,241.14,246.03,36940810,,https://api.nasdaq.com/api/quote/QQQ/historical?assetclass=etf&fromdate=2016-07-26&todate=2026-07-26&limit=5000
QQQ,2020-06-26,245.75,245.96,239.68,240.22,52824550,,https://api.nasdaq.com/api/quote/QQQ/historical?assetclass=etf&fromdate=2016-07-26&todate=2026-07-26&limit=5000
QQQ,2020-06-29,239.98,242.85,237.35,242.84,34377800,,https://api.nasdaq.com/api/quote/QQQ/historical?assetclass=etf&fromdate=2016-07-26&todate=2026-07-26&limit=5000
QQQ,2020-06-30,242.77,248.16,242.58,247.6,38909220,,https://api.nasdaq.com/api/quote/QQQ/historical?assetclass=etf&fromdate=2016-07-26&todate=2026-07-26&limit=5000
QQQ,2020-07-01,247.66,251.52,247.0802,250.49,34689210,,https://api.nasdaq.com/api/quote/QQQ/historical?assetclass=etf&fromdate=2016-07-26&todate=2026-07-26&limit=5000
QQQ,2020-07-02,252.97,254.27,251.71,252.19,31956500,,https://api.nasdaq.com/api/quote/QQQ/historical?assetclass=etf&fromdate=2016-07-26&todate=2026-07-26&limit=5000
QQQ,2020-07-06,255.46,258.928,255.43,258.39,34589050,,https://api.nasdaq.com/api/quote/QQQ/historical?assetclass=etf&fromdate=2016-07-26&todate=2026-07-26&limit=5000
QQQ,2020-07-07,258.1,260.88,256.3,256.61,36578190,,https://api.nasdaq.com/api/quote/QQQ/historical?assetclass=etf&fromdate=2016-07-26&todate=2026-07-26&limit=5000
QQQ,2020-07-08,258,260.02,256.5,259.99,30426270,,https://api.nasdaq.com/api/quote/QQQ/historical?assetclass=etf&fromdate=2016-07-26&todate=2026-07-26&limit=5000
QQQ,2020-07-09,261.89,262.87,257.63,262.18,40312910,,https://api.nasdaq.com/api/quote/QQQ/historical?assetclass=etf&fromdate=2016-07-26&todate=2026-07-26&limit=5000
QQQ,2020-07-10,262,264.23,259.26,263.97,32885300,,https://api.nasdaq.com/api/quote/QQQ/historical?assetclass=etf&fromdate=2016-07-26&todate=2026-07-26&limit=5000
QQQ,2020-07-13,266.87,269.79,257.69,258.54,64108090,,https://api.nasdaq.com/api/quote/QQQ/historical?assetclass=etf&fromdate=2016-07-26&todate=2026-07-26&limit=5000
QQQ,2020-07-14,256.07,260.79,252.76,260.37,72230510,,https://api.nasdaq.com/api/quote/QQQ/historical?assetclass=etf&fromdate=2016-07-26&todate=2026-07-26&limit=5000
QQQ,2020-07-15,261.68,262.69,257.49,260.9,54523870,,https://api.nasdaq.com/api/quote/QQQ/historical?assetclass=etf&fromdate=2016-07-26&todate=2026-07-26&limit=5000
QQQ,2020-07-16,257.97,259.78,255.62,259.12,47594110,,https://api.nasdaq.com/api/quote/QQQ/historical?assetclass=etf&fromdate=2016-07-26&todate=2026-07-26&limit=5000
QQQ,2020-07-17,259.71,260.31,257.17,259.42,35137870,,https://api.nasdaq.com/api/quote/QQQ/historical?assetclass=etf&fromdate=2016-07-26&todate=2026-07-26&limit=5000
QQQ,2020-07-20,260.12,267.43,258.79,266.78,40610130,,https://api.nasdaq.com/api/quote/QQQ/historical?assetclass=etf&fromdate=2016-07-26&todate=2026-07-26&limit=5000
QQQ,2020-07-21,268.41,268.41,263.125,264,43442970,,https://api.nasdaq.com/api/quote/QQQ/historical?assetclass=etf&fromdate=2016-07-26&todate=2026-07-26&limit=5000
QQQ,2020-07-22,264.46,265.89,262.55,264.93,29865520,,https://api.nasdaq.com/api/quote/QQQ/historical?assetclass=etf&fromdate=2016-07-26&todate=2026-07-26&limit=5000
QQQ,2020-07-23,264.55,265.24,256.55,258.01,51363540,,https://api.nasdaq.com/api/quote/QQQ/historical?assetclass=etf&fromdate=2016-07-26&todate=2026-07-26&limit=5000
QQQ,2020-07-24,254.12,256.93,251.32,255.56,54054540,,https://api.nasdaq.com/api/quote/QQQ/historical?assetclass=etf&fromdate=2016-07-26&todate=2026-07-26&limit=5000
QQQ,2020-07-27,257.36,260.52,256.445,260.12,36445740,,https://api.nasdaq.com/api/quote/QQQ/historical?assetclass=etf&fromdate=2016-07-26&todate=2026-07-26&limit=5000
QQQ,2020-07-28,259.33,259.85,256.51,256.81,31302390,,https://api.nasdaq.com/api/quote/QQQ/historical?assetclass=etf&fromdate=2016-07-26&todate=2026-07-26&limit=5000
QQQ,2020-07-29,258.33,260.66,257.91,259.77,27556880,,https://api.nasdaq.com/api/quote/QQQ/historical?assetclass=etf&fromdate=2016-07-26&todate=2026-07-26&limit=5000
QQQ,2020-07-30,257.78,261.71,256.55,261.13,41774460,,https://api.nasdaq.com/api/quote/QQQ/historical?assetclass=etf&fromdate=2016-07-26&todate=2026-07-26&limit=5000
QQQ,2020-07-31,265.83,265.95,260.85,265.79,53756160,,https://api.nasdaq.com/api/quote/QQQ/historical?assetclass=etf&fromdate=2016-07-26&todate=2026-07-26&limit=5000
QQQ,2020-08-03,268.05,270.15,267.87,269.38,32081570,,https://api.nasdaq.com/api/quote/QQQ/historical?assetclass=etf&fromdate=2016-07-26&todate=2026-07-26&limit=5000
QQQ,2020-08-04,268.74,270.48,268.09,270.38,24911290,,https://api.nasdaq.com/api/quote/QQQ/historical?assetclass=etf&fromdate=2016-07-26&todate=2026-07-26&limit=5000
QQQ,2020-08-05,270.83,271.52,269.96,271.05,21685920,,https://api.nasdaq.com/api/quote/QQQ/historical?assetclass=etf&fromdate=2016-07-26&todate=2026-07-26&limit=5000
QQQ,2020-08-06,270.78,274.98,270.19,274.64,28048220,,https://api.nasdaq.com/api/quote/QQQ/historical?assetclass=etf&fromdate=2016-07-26&todate=2026-07-26&limit=5000
QQQ,2020-08-07,274.04,274.8818,269.245,271.47,44969360,,https://api.nasdaq.com/api/quote/QQQ/historical?assetclass=etf&fromdate=2016-07-26&todate=2026-07-26&limit=5000
QQQ,2020-08-10,271.74,271.98,266.67,270.31,35088370,,https://api.nasdaq.com/api/quote/QQQ/historical?assetclass=etf&fromdate=2016-07-26&todate=2026-07-26&limit=5000
QQQ,2020-08-11,269.1,270.44,264.63,265.19,43104320,,https://api.nasdaq.com/api/quote/QQQ/historical?assetclass=etf&fromdate=2016-07-26&todate=2026-07-26&limit=5000
QQQ,2020-08-12,267.37,272.84,267.37,271.86,38894270,,https://api.nasdaq.com/api/quote/QQQ/historical?assetclass=etf&fromdate=2016-07-26&todate=2026-07-26&limit=5000
QQQ,2020-08-13,272.64,274.83,271.51,272.48,31895720,,https://api.nasdaq.com/api/quote/QQQ/historical?assetclass=etf&fromdate=2016-07-26&todate=2026-07-26&limit=5000
QQQ,2020-08-14,273.01,273.4,270.72,272.16,30799490,,https://api.nasdaq.com/api/quote/QQQ/historical?assetclass=etf&fromdate=2016-07-26&todate=2026-07-26&limit=5000
QQQ,2020-08-17,273.91,275.84,272.1978,275.32,24802970,,https://api.nasdaq.com/api/quote/QQQ/historical?assetclass=etf&fromdate=2016-07-26&todate=2026-07-26&limit=5000
QQQ,2020-08-18,276.41,278.465,274.91,277.97,23529500,,https://api.nasdaq.com/api/quote/QQQ/historical?assetclass=etf&fromdate=2016-07-26&todate=2026-07-26&limit=5000
QQQ,2020-08-19,277.93,279.02,275.57,276.1,31999360,,https://api.nasdaq.com/api/quote/QQQ/historical?assetclass=etf&fromdate=2016-07-26&todate=2026-07-26&limit=5000
QQQ,2020-08-20,275.3,280.43,274.86,279.93,27723380,,https://api.nasdaq.com/api/quote/QQQ/historical?assetclass=etf&fromdate=2016-07-26&todate=2026-07-26&limit=5000
QQQ,2020-08-21,280.07,282.34,279.461,281.87,34748930,,https://api.nasdaq.com/api/quote/QQQ/historical?assetclass=etf&fromdate=2016-07-26&todate=2026-07-26&limit=5000
QQQ,2020-08-24,285.06,286,281.27,283.63,36418530,,https://api.nasdaq.com/api/quote/QQQ/historical?assetclass=etf&fromdate=2016-07-26&todate=2026-07-26&limit=5000
QQQ,2020-08-25,282.78,286.06,282.37,285.86,34866590,,https://api.nasdaq.com/api/quote/QQQ/historical?assetclass=etf&fromdate=2016-07-26&todate=2026-07-26&limit=5000
QQQ,2020-08-26,287.11,292.22,285.829,291.96,42216690,,https://api.nasdaq.com/api/quote/QQQ/historical?assetclass=etf&fromdate=2016-07-26&todate=2026-07-26&limit=5000
QQQ,2020-08-27,293.08,293.851,288.705,291.05,49482720,,https://api.nasdaq.com/api/quote/QQQ/historical?assetclass=etf&fromdate=2016-07-26&todate=2026-07-26&limit=5000
QQQ,2020-08-28,292.27,293.18,290.93,292.53,28021020,,https://api.nasdaq.com/api/quote/QQQ/historical?assetclass=etf&fromdate=2016-07-26&todate=2026-07-26&limit=5000
QQQ,2020-08-31,293.16,296.745,292.62,294.88,36321030,,https://api.nasdaq.com/api/quote/QQQ/historical?assetclass=etf&fromdate=2016-07-26&todate=2026-07-26&limit=5000
QQQ,2020-09-01,297.6,300.04,295.79,299.92,36395770,,https://api.nasdaq.com/api/quote/QQQ/historical?assetclass=etf&fromdate=2016-07-26&todate=2026-07-26&limit=5000
QQQ,2020-09-02,303.26,303.5,296.89,302.76,50836770,,https://api.nasdaq.com/api/quote/QQQ/historical?assetclass=etf&fromdate=2016-07-26&todate=2026-07-26&limit=5000
QQQ,2020-09-03,298.2,298.62,284.41,287.41,110083300,,https://api.nasdaq.com/api/quote/QQQ/historical?assetclass=etf&fromdate=2016-07-26&todate=2026-07-26&limit=5000
QQQ,2020-09-04,285.76,288.93,271.8,283.58,123959000,,https://api.nasdaq.com/api/quote/QQQ/historical?assetclass=etf&fromdate=2016-07-26&todate=2026-07-26&limit=5000
QQQ,2020-09-08,272.27,278.22,269.66,269.95,99568650,,https://api.nasdaq.com/api/quote/QQQ/historical?assetclass=etf&fromdate=2016-07-26&todate=2026-07-26&limit=5000
QQQ,2020-09-09,275.54,280.045,273,277.88,64837870,,https://api.nasdaq.com/api/quote/QQQ/historical?assetclass=etf&fromdate=2016-07-26&todate=2026-07-26&limit=5000
QQQ,2020-09-10,280.97,282.195,270.56,272.34,69667460,,https://api.nasdaq.com/api/quote/QQQ/historical?assetclass=etf&fromdate=2016-07-26&todate=2026-07-26&limit=5000
QQQ,2020-09-11,274.33,275.22,266.9,270.45,71809010,,https://api.nasdaq.com/api/quote/QQQ/historical?assetclass=etf&fromdate=2016-07-26&todate=2026-07-26&limit=5000
QQQ,2020-09-14,274.28,277.22,272.96,275.16,38525190,,https://api.nasdaq.com/api/quote/QQQ/historical?assetclass=etf&fromdate=2016-07-26&todate=2026-07-26&limit=5000
QQQ,2020-09-15,278.9,280.45,275.1332,279.06,41849930,,https://api.nasdaq.com/api/quote/QQQ/historical?assetclass=etf&fromdate=2016-07-26&todate=2026-07-26&limit=5000
QQQ,2020-09-16,279.77,280.36,274.25,274.61,42435630,,https://api.nasdaq.com/api/quote/QQQ/historical?assetclass=etf&fromdate=2016-07-26&todate=2026-07-26&limit=5000
QQQ,2020-09-17,267.52,274.3955,266.68,270.32,81570840,,https://api.nasdaq.com/api/quote/QQQ/historical?assetclass=etf&fromdate=2016-07-26&todate=2026-07-26&limit=5000
QQQ,2020-09-18,271.62,272.09,262.63,266.87,86251120,,https://api.nasdaq.com/api/quote/QQQ/historical?assetclass=etf&fromdate=2016-07-26&todate=2026-07-26&limit=5000
QQQ,2020-09-21,262.52,267.65,260.11,267.51,57168570,,https://api.nasdaq.com/api/quote/QQQ/historical?assetclass=etf&fromdate=2016-07-26&todate=2026-07-26&limit=5000
QQQ,2020-09-22,270.05,273.08,266.54,272.48,41128890,,https://api.nasdaq.com/api/quote/QQQ/historical?assetclass=etf&fromdate=2016-07-26&todate=2026-07-26&limit=5000
QQQ,2020-09-23,272.15,272.34,263.2502,264.16,48837270,,https://api.nasdaq.com/api/quote/QQQ/historical?assetclass=etf&fromdate=2016-07-26&todate=2026-07-26&limit=5000
QQQ,2020-09-24,261.58,268.7,261.22,265.39,70631700,,https://api.nasdaq.com/api/quote/QQQ/historical?assetclass=etf&fromdate=2016-07-26&todate=2026-07-26&limit=5000
QQQ,2020-09-25,265.82,272.395,264.2999,271.56,55242380,,https://api.nasdaq.com/api/quote/QQQ/historical?assetclass=etf&fromdate=2016-07-26&todate=2026-07-26&limit=5000
QQQ,2020-09-28,276.615,277.2,271.674,277.2,58438290,,https://api.nasdaq.com/api/quote/QQQ/historical?assetclass=etf&fromdate=2016-07-26&todate=2026-07-26&limit=5000
QQQ,2020-09-29,276.72,277.71,275.3719,275.95,27178920,,https://api.nasdaq.com/api/quote/QQQ/historical?assetclass=etf&fromdate=2016-07-26&todate=2026-07-26&limit=5000
QQQ,2020-09-30,276.09,281.09,275.8717,277.84,49380800,,https://api.nasdaq.com/api/quote/QQQ/historical?assetclass=etf&fromdate=2016-07-26&todate=2026-07-26&limit=5000
QQQ,2020-10-01,281.79,282.8794,279.84,282.25,50020220,,https://api.nasdaq.com/api/quote/QQQ/historical?assetclass=etf&fromdate=2016-07-26&todate=2026-07-26&limit=5000
QQQ,2020-10-02,276.01,282.2412,273.44,274.31,75497390,,https://api.nasdaq.com/api/quote/QQQ/historical?assetclass=etf&fromdate=2016-07-26&todate=2026-07-26&limit=5000
QQQ,2020-10-05,276.34,280.49,276.23,280.16,28184580,,https://api.nasdaq.com/api/quote/QQQ/historical?assetclass=etf&fromdate=2016-07-26&todate=2026-07-26&limit=5000
QQQ,2020-10-06,279.29,281.19,274.25,275.16,49704240,,https://api.nasdaq.com/api/quote/QQQ/historical?assetclass=etf&fromdate=2016-07-26&todate=2026-07-26&limit=5000
QQQ,2020-10-07,277.83,280.74,277.28,279.92,27539660,,https://api.nasdaq.com/api/quote/QQQ/historical?assetclass=etf&fromdate=2016-07-26&todate=2026-07-26&limit=5000
QQQ,2020-10-08,282.32,282.47,280.31,281.41,25443290,,https://api.nasdaq.com/api/quote/QQQ/historical?assetclass=etf&fromdate=2016-07-26&todate=2026-07-26&limit=5000
QQQ,2020-10-09,283.09,285.79,282.71,285.71,30201140,,https://api.nasdaq.com/api/quote/QQQ/historical?assetclass=etf&fromdate=2016-07-26&todate=2026-07-26&limit=5000
QQQ,2020-10-12,290.6,297.46,289.47,294.53,79370660,,https://api.nasdaq.com/api/quote/QQQ/historical?assetclass=etf&fromdate=2016-07-26&todate=2026-07-26&limit=5000
QQQ,2020-10-13,296.34,297.0496,293.11,294.52,64240030,,https://api.nasdaq.com/api/quote/QQQ/historical?assetclass=etf&fromdate=2016-07-26&todate=2026-07-26&limit=5000
QQQ,2020-10-14,295.32,296.35,290.26,292.06,37181230,,https://api.nasdaq.com/api/quote/QQQ/historical?assetclass=etf&fromdate=2016-07-26&todate=2026-07-26&limit=5000
QQQ,2020-10-15,287.25,290.71,286.54,290.1,42514180,,https://api.nasdaq.com/api/quote/QQQ/historical?assetclass=etf&fromdate=2016-07-26&todate=2026-07-26&limit=5000
QQQ,2020-10-16,291.8,293.269,288.15,288.51,40570700,,https://api.nasdaq.com/api/quote/QQQ/historical?assetclass=etf&fromdate=2016-07-26&todate=2026-07-26&limit=5000
QQQ,2020-10-19,290.49,291.48,282.79,283.8,36756750,,https://api.nasdaq.com/api/quote/QQQ/historical?assetclass=etf&fromdate=2016-07-26&todate=2026-07-26&limit=5000
QQQ,2020-10-20,284.56,287.62,282.95,284.41,32195360,,https://api.nasdaq.com/api/quote/QQQ/historical?assetclass=etf&fromdate=2016-07-26&todate=2026-07-26&limit=5000
QQQ,2020-10-21,284.67,287.32,283.69,284.19,29306140,,https://api.nasdaq.com/api/quote/QQQ/historical?assetclass=etf&fromdate=2016-07-26&todate=2026-07-26&limit=5000
QQQ,2020-10-22,285.05,285.98,280.82,284.18,32196160,,https://api.nasdaq.com/api/quote/QQQ/historical?assetclass=etf&fromdate=2016-07-26&todate=2026-07-26&limit=5000
QQQ,2020-10-23,284.79,284.91,281.7818,284.74,24658540,,https://api.nasdaq.com/api/quote/QQQ/historical?assetclass=etf&fromdate=2016-07-26&todate=2026-07-26&limit=5000
QQQ,2020-10-26,282.32,285.3,276.76,280.47,38421090,,https://api.nasdaq.com/api/quote/QQQ/historical?assetclass=etf&fromdate=2016-07-26&todate=2026-07-26&limit=5000
QQQ,2020-10-27,281.42,283.505,280.2,282.66,30559120,,https://api.nasdaq.com/api/quote/QQQ/historical?assetclass=etf&fromdate=2016-07-26&todate=2026-07-26&limit=5000
QQQ,2020-10-28,278.13,278.6401,271.38,271.64,53413520,,https://api.nasdaq.com/api/quote/QQQ/historical?assetclass=etf&fromdate=2016-07-26&todate=2026-07-26&limit=5000
QQQ,2020-10-29,273.04,279.49,272.52,276.39,43246300,,https://api.nasdaq.com/api/quote/QQQ/historical?assetclass=etf&fromdate=2016-07-26&todate=2026-07-26&limit=5000
QQQ,2020-10-30,274.375,275.24,267.07,269.38,65935890,,https://api.nasdaq.com/api/quote/QQQ/historical?assetclass=etf&fromdate=2016-07-26&todate=2026-07-26&limit=5000
QQQ,2020-11-02,271.73,273.52,266.97,269.98,39987410,,https://api.nasdaq.com/api/quote/QQQ/historical?assetclass=etf&fromdate=2016-07-26&todate=2026-07-26&limit=5000
QQQ,2020-11-03,271.86,276.82,270.84,274.65,43604150,,https://api.nasdaq.com/api/quote/QQQ/historical?assetclass=etf&fromdate=2016-07-26&todate=2026-07-26&limit=5000
QQQ,2020-11-04,283.56,288.77,281.87,286.91,75728210,,https://api.nasdaq.com/api/quote/QQQ/historical?assetclass=etf&fromdate=2016-07-26&todate=2026-07-26&limit=5000
QQQ,2020-11-05,293.41,295.39,292,294.39,52054190,,https://api.nasdaq.com/api/quote/QQQ/historical?assetclass=etf&fromdate=2016-07-26&todate=2026-07-26&limit=5000
QQQ,2020-11-06,293.58,295.36,289.83,294.61,40959760,,https://api.nasdaq.com/api/quote/QQQ/historical?assetclass=etf&fromdate=2016-07-26&todate=2026-07-26&limit=5000
QQQ,2020-11-09,297.31,299.14,288.12,288.59,86537070,,https://api.nasdaq.com/api/quote/QQQ/historical?assetclass=etf&fromdate=2016-07-26&todate=2026-07-26&limit=5000
QQQ,2020-11-10,285.26,286.6599,280.62,283.42,69024880,,https://api.nasdaq.com/api/quote/QQQ/historical?assetclass=etf&fromdate=2016-07-26&todate=2026-07-26&limit=5000
QQQ,2020-11-11,285.92,290.25,283.38,289.76,36102930,,https://api.nasdaq.com/api/quote/QQQ/historical?assetclass=etf&fromdate=2016-07-26&todate=2026-07-26&limit=5000
QQQ,2020-11-12,290.72,292.074,287.25,288.4,34516830,,https://api.nasdaq.com/api/quote/QQQ/historical?assetclass=etf&fromdate=2016-07-26&todate=2026-07-26&limit=5000
QQQ,2020-11-13,290.01,291.57,287.8701,290.93,24880580,,https://api.nasdaq.com/api/quote/QQQ/historical?assetclass=etf&fromdate=2016-07-26&todate=2026-07-26&limit=5000
QQQ,2020-11-16,290.68,293.51,289.99,293.2,30168360,,https://api.nasdaq.com/api/quote/QQQ/historical?assetclass=etf&fromdate=2016-07-26&todate=2026-07-26&limit=5000
QQQ,2020-11-17,293.4,293.74,291.61,292.27,21843460,,https://api.nasdaq.com/api/quote/QQQ/historical?assetclass=etf&fromdate=2016-07-26&todate=2026-07-26&limit=5000
QQQ,2020-11-18,291.7,293.37,290.02,290.11,28069620,,https://api.nasdaq.com/api/quote/QQQ/historical?assetclass=etf&fromdate=2016-07-26&todate=2026-07-26&limit=5000
QQQ,2020-11-19,289.48,292.7,288.85,292.38,22718420,,https://api.nasdaq.com/api/quote/QQQ/historical?assetclass=etf&fromdate=2016-07-26&todate=2026-07-26&limit=5000
QQQ,2020-11-20,292.3,293.065,290.29,290.38,25907310,,https://api.nasdaq.com/api/quote/QQQ/historical?assetclass=etf&fromdate=2016-07-26&todate=2026-07-26&limit=5000
QQQ,2020-11-23,291.41,292.75,288.07,290.39,26875590,,https://api.nasdaq.com/api/quote/QQQ/historical?assetclass=etf&fromdate=2016-07-26&todate=2026-07-26&limit=5000
QQQ,2020-11-24,291.49,294.98,289.63,294.47,24516790,,https://api.nasdaq.com/api/quote/QQQ/historical?assetclass=etf&fromdate=2016-07-26&todate=2026-07-26&limit=5000
QQQ,2020-11-25,295.44,296.94,294.59,296.28,23326830,,https://api.nasdaq.com/api/quote/QQQ/historical?assetclass=etf&fromdate=2016-07-26&todate=2026-07-26&limit=5000
QQQ,2020-11-27,298.29,300.17,297.9,299.01,17163120,,https://api.nasdaq.com/api/quote/QQQ/historical?assetclass=etf&fromdate=2016-07-26&todate=2026-07-26&limit=5000
QQQ,2020-11-30,299.3,299.97,294.78,299.62,27836230,,https://api.nasdaq.com/api/quote/QQQ/historical?assetclass=etf&fromdate=2016-07-26&todate=2026-07-26&limit=5000
QQQ,2020-12-01,301.87,305.14,300.83,303.46,27642640,,https://api.nasdaq.com/api/quote/QQQ/historical?assetclass=etf&fromdate=2016-07-26&todate=2026-07-26&limit=5000
QQQ,2020-12-02,302.22,304.195,300.35,303.85,23620000,,https://api.nasdaq.com/api/quote/QQQ/historical?assetclass=etf&fromdate=2016-07-26&todate=2026-07-26&limit=5000
QQQ,2020-12-03,304.07,305.88,303.531,304.28,22828730,,https://api.nasdaq.com/api/quote/QQQ/historical?assetclass=etf&fromdate=2016-07-26&todate=2026-07-26&limit=5000
QQQ,2020-12-04,304.33,305.67,303.63,305.52,19332080,,https://api.nasdaq.com/api/quote/QQQ/historical?assetclass=etf&fromdate=2016-07-26&todate=2026-07-26&limit=5000
QQQ,2020-12-07,305.71,307.63,305.52,307.25,20850970,,https://api.nasdaq.com/api/quote/QQQ/historical?assetclass=etf&fromdate=2016-07-26&todate=2026-07-26&limit=5000
QQQ,2020-12-08,306.76,308.6,304.95,308.29,18341460,,https://api.nasdaq.com/api/quote/QQQ/historical?assetclass=etf&fromdate=2016-07-26&todate=2026-07-26&limit=5000
QQQ,2020-12-09,308.07,308.36,300.21,301.31,48839310,,https://api.nasdaq.com/api/quote/QQQ/historical?assetclass=etf&fromdate=2016-07-26&todate=2026-07-26&limit=5000
QQQ,2020-12-10,299.21,303.68,298.09,302.52,27519540,,https://api.nasdaq.com/api/quote/QQQ/historical?assetclass=etf&fromdate=2016-07-26&todate=2026-07-26&limit=5000
QQQ,2020-12-11,300.81,301.98,298.47,301.85,26760420,,https://api.nasdaq.com/api/quote/QQQ/historical?assetclass=etf&fromdate=2016-07-26&todate=2026-07-26&limit=5000
QQQ,2020-12-14,303.08,306.05,303.01,304.04,28804830,,https://api.nasdaq.com/api/quote/QQQ/historical?assetclass=etf&fromdate=2016-07-26&todate=2026-07-26&limit=5000
QQQ,2020-12-15,306.37,307.29,304.11,307.29,25790460,,https://api.nasdaq.com/api/quote/QQQ/historical?assetclass=etf&fromdate=2016-07-26&todate=2026-07-26&limit=5000
QQQ,2020-12-16,307.7,309.785,306.621,308.98,25461890,,https://api.nasdaq.com/api/quote/QQQ/historical?assetclass=etf&fromdate=2016-07-26&todate=2026-07-26&limit=5000
QQQ,2020-12-17,310.63,311.24,309.39,311,23730520,,https://api.nasdaq.com/api/quote/QQQ/historical?assetclass=etf&fromdate=2016-07-26&todate=2026-07-26&limit=5000
QQQ,2020-12-18,311.66,311.98,307.61,310.06,41173390,,https://api.nasdaq.com/api/quote/QQQ/historical?assetclass=etf&fromdate=2016-07-26&todate=2026-07-26&limit=5000
QQQ,2020-12-21,306.46,309.47,303.6,308.92,37095480,,https://api.nasdaq.com/api/quote/QQQ/historical?assetclass=etf&fromdate=2016-07-26&todate=2026-07-26&limit=5000
QQQ,2020-12-22,309.85,310.7105,306.845,309.76,26378340,,https://api.nasdaq.com/api/quote/QQQ/historical?assetclass=etf&fromdate=2016-07-26&todate=2026-07-26&limit=5000
QQQ,2020-12-23,309.81,310.18,308.035,308.2,21201280,,https://api.nasdaq.com/api/quote/QQQ/historical?assetclass=etf&fromdate=2016-07-26&todate=2026-07-26&limit=5000
QQQ,2020-12-24,308.47,310.02,308.39,309.56,16785000,,https://api.nasdaq.com/api/quote/QQQ/historical?assetclass=etf&fromdate=2016-07-26&todate=2026-07-26&limit=5000
QQQ,2020-12-28,312.25,313.17,310.36,312.68,22497750,,https://api.nasdaq.com/api/quote/QQQ/historical?assetclass=etf&fromdate=2016-07-26&todate=2026-07-26&limit=5000
QQQ,2020-12-29,314.05,314.685,312.03,312.96,25871930,,https://api.nasdaq.com/api/quote/QQQ/historical?assetclass=etf&fromdate=2016-07-26&todate=2026-07-26&limit=5000
QQQ,2020-12-30,314.16,314.49,312.33,312.97,18138070,,https://api.nasdaq.com/api/quote/QQQ/historical?assetclass=etf&fromdate=2016-07-26&todate=2026-07-26&limit=5000
QQQ,2020-12-31,312.87,314.24,311.76,313.74,21611410,,https://api.nasdaq.com/api/quote/QQQ/historical?assetclass=etf&fromdate=2016-07-26&todate=2026-07-26&limit=5000
QQQ,2021-01-04,315.11,315.29,305.18,309.31,45305900,,https://api.nasdaq.com/api/quote/QQQ/historical?assetclass=etf&fromdate=2016-07-26&todate=2026-07-26&limit=5000
QQQ,2021-01-05,308.29,312.14,308.29,311.86,29323410,,https://api.nasdaq.com/api/quote/QQQ/historical?assetclass=etf&fromdate=2016-07-26&todate=2026-07-26&limit=5000
QQQ,2021-01-06,307,311.88,305.98,307.54,52809620,,https://api.nasdaq.com/api/quote/QQQ/historical?assetclass=etf&fromdate=2016-07-26&todate=2026-07-26&limit=5000
QQQ,2021-01-07,310.28,315.84,310.25,314.98,30394830,,https://api.nasdaq.com/api/quote/QQQ/historical?assetclass=etf&fromdate=2016-07-26&todate=2026-07-26&limit=5000
QQQ,2021-01-08,317.34,319.39,315.0814,319.03,33955850,,https://api.nasdaq.com/api/quote/QQQ/historical?assetclass=etf&fromdate=2016-07-26&todate=2026-07-26&limit=5000
QQQ,2021-01-11,315.98,317.19,313.75,314.42,32869100,,https://api.nasdaq.com/api/quote/QQQ/historical?assetclass=etf&fromdate=2016-07-26&todate=2026-07-26&limit=5000
QQQ,2021-01-12,314.46,315.58,311.2,313.92,29266760,,https://api.nasdaq.com/api/quote/QQQ/historical?assetclass=etf&fromdate=2016-07-26&todate=2026-07-26&limit=5000
QQQ,2021-01-13,314.19,316.86,313.57,316.04,22898420,,https://api.nasdaq.com/api/quote/QQQ/historical?assetclass=etf&fromdate=2016-07-26&todate=2026-07-26&limit=5000
QQQ,2021-01-14,316.5,317.53,313.8616,314.35,23500130,,https://api.nasdaq.com/api/quote/QQQ/historical?assetclass=etf&fromdate=2016-07-26&todate=2026-07-26&limit=5000
QQQ,2021-01-15,314.13,315.12,310.58,311.86,35118720,,https://api.nasdaq.com/api/quote/QQQ/historical?assetclass=etf&fromdate=2016-07-26&todate=2026-07-26&limit=5000
QQQ,2021-01-19,314.25,316.93,313.12,316.41,24537050,,https://api.nasdaq.com/api/quote/QQQ/historical?assetclass=etf&fromdate=2016-07-26&todate=2026-07-26&limit=5000
QQQ,2021-01-20,320.14,324.74,316.509,323.77,30728100,,https://api.nasdaq.com/api/quote/QQQ/historical?assetclass=etf&fromdate=2016-07-26&todate=2026-07-26&limit=5000
QQQ,2021-01-21,325.15,327.13,323.73,326.36,25316940,,https://api.nasdaq.com/api/quote/QQQ/historical?assetclass=etf&fromdate=2016-07-26&todate=2026-07-26&limit=5000
QQQ,2021-01-22,325.29,326.46,324.71,325.42,21609440,,https://api.nasdaq.com/api/quote/QQQ/historical?assetclass=etf&fromdate=2016-07-26&todate=2026-07-26&limit=5000
QQQ,2021-01-25,328.91,330.32,321.41,328.11,39080640,,https://api.nasdaq.com/api/quote/QQQ/historical?assetclass=etf&fromdate=2016-07-26&todate=2026-07-26&limit=5000
QQQ,2021-01-26,328.85,329.76,327.22,328.59,25498110,,https://api.nasdaq.com/api/quote/QQQ/historical?assetclass=etf&fromdate=2016-07-26&todate=2026-07-26&limit=5000
QQQ,2021-01-27,326.26,326.27,317.36,319.43,55263990,,https://api.nasdaq.com/api/quote/QQQ/historical?assetclass=etf&fromdate=2016-07-26&todate=2026-07-26&limit=5000
QQQ,2021-01-28,320.67,326.42,320.03,321.32,42836320,,https://api.nasdaq.com/api/quote/QQQ/historical?assetclass=etf&fromdate=2016-07-26&todate=2026-07-26&limit=5000
QQQ,2021-01-29,319.58,320.7193,312.76,314.56,55259020,,https://api.nasdaq.com/api/quote/QQQ/historical?assetclass=etf&fromdate=2016-07-26&todate=2026-07-26&limit=5000
QQQ,2021-02-01,318.11,323.54,316.02,322.42,35646010,,https://api.nasdaq.com/api/quote/QQQ/historical?assetclass=etf&fromdate=2016-07-26&todate=2026-07-26&limit=5000
QQQ,2021-02-02,325.48,328.87,325.31,327.68,33930840,,https://api.nasdaq.com/api/quote/QQQ/historical?assetclass=etf&fromdate=2016-07-26&todate=2026-07-26&limit=5000
QQQ,2021-02-03,329.82,330.195,326.32,326.38,24824520,,https://api.nasdaq.com/api/quote/QQQ/historical?assetclass=etf&fromdate=2016-07-26&todate=2026-07-26&limit=5000
QQQ,2021-02-04,327.82,330.33,326.46,330.24,22350950,,https://api.nasdaq.com/api/quote/QQQ/historical?assetclass=etf&fromdate=2016-07-26&todate=2026-07-26&limit=5000
QQQ,2021-02-05,331.22,332.4025,329.53,331.36,22731960,,https://api.nasdaq.com/api/quote/QQQ/historical?assetclass=etf&fromdate=2016-07-26&todate=2026-07-26&limit=5000
QQQ,2021-02-08,333.1,333.74,331.41,333.58,20462810,,https://api.nasdaq.com/api/quote/QQQ/historical?assetclass=etf&fromdate=2016-07-26&todate=2026-07-26&limit=5000
QQQ,2021-02-09,332.62,334.81,332.61,333.51,17597480,,https://api.nasdaq.com/api/quote/QQQ/historical?assetclass=etf&fromdate=2016-07-26&todate=2026-07-26&limit=5000
QQQ,2021-02-10,334.99,335.46,329.5,332.75,28068700,,https://api.nasdaq.com/api/quote/QQQ/historical?assetclass=etf&fromdate=2016-07-26&todate=2026-07-26&limit=5000
QQQ,2021-02-11,334.33,335,332.12,334.58,22046070,,https://api.nasdaq.com/api/quote/QQQ/historical?assetclass=etf&fromdate=2016-07-26&todate=2026-07-26&limit=5000
QQQ,2021-02-12,333.71,336.62,332.63,336.45,20346820,,https://api.nasdaq.com/api/quote/QQQ/historical?assetclass=etf&fromdate=2016-07-26&todate=2026-07-26&limit=5000
QQQ,2021-02-16,337.27,338.19,334.34,335.54,27080780,,https://api.nasdaq.com/api/quote/QQQ/historical?assetclass=etf&fromdate=2016-07-26&todate=2026-07-26&limit=5000
QQQ,2021-02-17,332.47,335.657,330.17,333.93,31467460,,https://api.nasdaq.com/api/quote/QQQ/historical?assetclass=etf&fromdate=2016-07-26&todate=2026-07-26&limit=5000
QQQ,2021-02-18,330.23,333.8661,328.36,332.47,32236240,,https://api.nasdaq.com/api/quote/QQQ/historical?assetclass=etf&fromdate=2016-07-26&todate=2026-07-26&limit=5000
QQQ,2021-02-19,333.86,333.99,329.97,331.02,39157680,,https://api.nasdaq.com/api/quote/QQQ/historical?assetclass=etf&fromdate=2016-07-26&todate=2026-07-26&limit=5000
QQQ,2021-02-22,326.5,327.8,322.23,322.44,47256940,,https://api.nasdaq.com/api/quote/QQQ/historical?assetclass=etf&fromdate=2016-07-26&todate=2026-07-26&limit=5000
QQQ,2021-02-23,317,323.2,311,321.48,97241940,,https://api.nasdaq.com/api/quote/QQQ/historical?assetclass=etf&fromdate=2016-07-26&todate=2026-07-26&limit=5000
QQQ,2021-02-24,318.74,324.45,315.96,324.13,58206270,,https://api.nasdaq.com/api/quote/QQQ/historical?assetclass=etf&fromdate=2016-07-26&todate=2026-07-26&limit=5000
QQQ,2021-02-25,321.39,324.03,311.24,312.83,110182600,,https://api.nasdaq.com/api/quote/QQQ/historical?assetclass=etf&fromdate=2016-07-26&todate=2026-07-26&limit=5000
QQQ,2021-02-26,315.85,319.11,310.88,314.14,104739800,,https://api.nasdaq.com/api/quote/QQQ/historical?assetclass=etf&fromdate=2016-07-26&todate=2026-07-26&limit=5000
QQQ,2021-03-01,319.27,323.94,317.935,323.59,49164520,,https://api.nasdaq.com/api/quote/QQQ/historical?assetclass=etf&fromdate=2016-07-26&todate=2026-07-26&limit=5000
QQQ,2021-03-02,324.25,324.33,318.14,318.4,48370030,,https://api.nasdaq.com/api/quote/QQQ/historical?assetclass=etf&fromdate=2016-07-26&todate=2026-07-26&limit=5000
QQQ,2021-03-03,317.27,318.24,309.1,309.16,86301070,,https://api.nasdaq.com/api/quote/QQQ/historical?assetclass=etf&fromdate=2016-07-26&todate=2026-07-26&limit=5000
QQQ,2021-03-04,308.78,312.04,300.11,304.1,139131600,,https://api.nasdaq.com/api/quote/QQQ/historical?assetclass=etf&fromdate=2016-07-26&todate=2026-07-26&limit=5000
QQQ,2021-03-05,306.795,309.609,297.45,308.68,121523700,,https://api.nasdaq.com/api/quote/QQQ/historical?assetclass=etf&fromdate=2016-07-26&todate=2026-07-26&limit=5000
QQQ,2021-03-08,308.12,310.06,299.51,299.94,88409780,,https://api.nasdaq.com/api/quote/QQQ/historical?assetclass=etf&fromdate=2016-07-26&todate=2026-07-26&limit=5000
QQQ,2021-03-09,307.47,313.73,306.92,311.77,80391110,,https://api.nasdaq.com/api/quote/QQQ/historical?assetclass=etf&fromdate=2016-07-26&todate=2026-07-26&limit=5000
QQQ,2021-03-10,316.16,316.47,310.17,310.88,76798070,,https://api.nasdaq.com/api/quote/QQQ/historical?assetclass=etf&fromdate=2016-07-26&todate=2026-07-26&limit=5000
QQQ,2021-03-11,315.77,319.86,314.85,318.04,53484800,,https://api.nasdaq.com/api/quote/QQQ/historical?assetclass=etf&fromdate=2016-07-26&todate=2026-07-26&limit=5000
QQQ,2021-03-12,313.86,318.2302,311.391,315.46,69315600,,https://api.nasdaq.com/api/quote/QQQ/historical?assetclass=etf&fromdate=2016-07-26&todate=2026-07-26&limit=5000
QQQ,2021-03-15,315.79,319,314.095,318.83,43123180,,https://api.nasdaq.com/api/quote/QQQ/historical?assetclass=etf&fromdate=2016-07-26&todate=2026-07-26&limit=5000
QQQ,2021-03-16,321.09,324.2,319.1,320.58,54925900,,https://api.nasdaq.com/api/quote/QQQ/historical?assetclass=etf&fromdate=2016-07-26&todate=2026-07-26&limit=5000
QQQ,2021-03-17,317.45,323.85,315.68,321.9,78258730,,https://api.nasdaq.com/api/quote/QQQ/historical?assetclass=etf&fromdate=2016-07-26&todate=2026-07-26&limit=5000
QQQ,2021-03-18,316.87,317.8801,311.57,312.04,82942270,,https://api.nasdaq.com/api/quote/QQQ/historical?assetclass=etf&fromdate=2016-07-26&todate=2026-07-26&limit=5000
QQQ,2021-03-19,311.87,314.73,309.6601,313.14,78446200,,https://api.nasdaq.com/api/quote/QQQ/historical?assetclass=etf&fromdate=2016-07-26&todate=2026-07-26&limit=5000
QQQ,2021-03-22,315.21,320.74,315.21,318.61,56194760,,https://api.nasdaq.com/api/quote/QQQ/historical?assetclass=etf&fromdate=2016-07-26&todate=2026-07-26&limit=5000
QQQ,2021-03-23,319.73,321.09,316.375,317.22,53455410,,https://api.nasdaq.com/api/quote/QQQ/historical?assetclass=etf&fromdate=2016-07-26&todate=2026-07-26&limit=5000
QQQ,2021-03-24,318.63,318.67,311.72,311.87,64803730,,https://api.nasdaq.com/api/quote/QQQ/historical?assetclass=etf&fromdate=2016-07-26&todate=2026-07-26&limit=5000
QQQ,2021-03-25,309.968,312.885,307.3899,311.33,78729010,,https://api.nasdaq.com/api/quote/QQQ/historical?assetclass=etf&fromdate=2016-07-26&todate=2026-07-26&limit=5000
QQQ,2021-03-26,311.11,316.33,309.67,316,63519630,,https://api.nasdaq.com/api/quote/QQQ/historical?assetclass=etf&fromdate=2016-07-26&todate=2026-07-26&limit=5000
QQQ,2021-03-29,315.45,316.99,312.47,315.91,54607960,,https://api.nasdaq.com/api/quote/QQQ/historical?assetclass=etf&fromdate=2016-07-26&todate=2026-07-26&limit=5000
QQQ,2021-03-30,313.89,314.91,311.54,314.32,44635680,,https://api.nasdaq.com/api/quote/QQQ/historical?assetclass=etf&fromdate=2016-07-26&todate=2026-07-26&limit=5000
QQQ,2021-03-31,316.16,320.74,315.81,319.13,55032540,,https://api.nasdaq.com/api/quote/QQQ/historical?assetclass=etf&fromdate=2016-07-26&todate=2026-07-26&limit=5000
QQQ,2021-04-01,323.07,324.71,322.81,324.57,55685600,,https://api.nasdaq.com/api/quote/QQQ/historical?assetclass=etf&fromdate=2016-07-26&todate=2026-07-26&limit=5000
QQQ,2021-04-05,327.13,331.84,324.6375,331.05,42172480,,https://api.nasdaq.com/api/quote/QQQ/historical?assetclass=etf&fromdate=2016-07-26&todate=2026-07-26&limit=5000
QQQ,2021-04-06,330.73,332.83,330.02,330.82,33537210,,https://api.nasdaq.com/api/quote/QQQ/historical?assetclass=etf&fromdate=2016-07-26&todate=2026-07-26&limit=5000
QQQ,2021-04-07,330.33,332.48,329.37,331.62,32046380,,https://api.nasdaq.com/api/quote/QQQ/historical?assetclass=etf&fromdate=2016-07-26&todate=2026-07-26&limit=5000
QQQ,2021-04-08,334.56,335.27,333.7399,335.08,29940800,,https://api.nasdaq.com/api/quote/QQQ/historical?assetclass=etf&fromdate=2016-07-26&todate=2026-07-26&limit=5000
QQQ,2021-04-09,333.68,337.32,332.92,337.11,36664890,,https://api.nasdaq.com/api/quote/QQQ/historical?assetclass=etf&fromdate=2016-07-26&todate=2026-07-26&limit=5000
QQQ,2021-04-12,336.04,337.1,334.73,336.67,25833010,,https://api.nasdaq.com/api/quote/QQQ/historical?assetclass=etf&fromdate=2016-07-26&todate=2026-07-26&limit=5000
QQQ,2021-04-13,338.24,341.08,338.02,340.6,30374030,,https://api.nasdaq.com/api/quote/QQQ/historical?assetclass=etf&fromdate=2016-07-26&todate=2026-07-26&limit=5000
QQQ,2021-04-14,340.85,340.98,335.67,336.51,42564340,,https://api.nasdaq.com/api/quote/QQQ/historical?assetclass=etf&fromdate=2016-07-26&todate=2026-07-26&limit=5000
QQQ,2021-04-15,339.47,342.01,336.2153,341.61,36342820,,https://api.nasdaq.com/api/quote/QQQ/historical?assetclass=etf&fromdate=2016-07-26&todate=2026-07-26&limit=5000
QQQ,2021-04-16,342.15,342.23,340.08,342.01,40860100,,https://api.nasdaq.com/api/quote/QQQ/historical?assetclass=etf&fromdate=2016-07-26&todate=2026-07-26&limit=5000
QQQ,2021-04-19,340.39,341.58,336.9016,338.88,34533130,,https://api.nasdaq.com/api/quote/QQQ/historical?assetclass=etf&fromdate=2016-07-26&todate=2026-07-26&limit=5000
QQQ,2021-04-20,338.2,339.52,334.3816,336.41,38081820,,https://api.nasdaq.com/api/quote/QQQ/historical?assetclass=etf&fromdate=2016-07-26&todate=2026-07-26&limit=5000
QQQ,2021-04-21,335.09,339.48,333.97,339.29,36598080,,https://api.nasdaq.com/api/quote/QQQ/historical?assetclass=etf&fromdate=2016-07-26&todate=2026-07-26&limit=5000
QQQ,2021-04-22,338.89,339.9,334.01,335.2,45936140,,https://api.nasdaq.com/api/quote/QQQ/historical?assetclass=etf&fromdate=2016-07-26&todate=2026-07-26&limit=5000
QQQ,2021-04-23,335.85,340.767,335.85,339.42,36414920,,https://api.nasdaq.com/api/quote/QQQ/historical?assetclass=etf&fromdate=2016-07-26&todate=2026-07-26&limit=5000
QQQ,2021-04-26,339.67,341.92,338.9,341.63,30811970,,https://api.nasdaq.com/api/quote/QQQ/historical?assetclass=etf&fromdate=2016-07-26&todate=2026-07-26&limit=5000
QQQ,2021-04-27,341.93,342.15,339.17,340.15,33187180,,https://api.nasdaq.com/api/quote/QQQ/historical?assetclass=etf&fromdate=2016-07-26&todate=2026-07-26&limit=5000
QQQ,2021-04-28,339.81,340.85,338.3301,339,33615700,,https://api.nasdaq.com/api/quote/QQQ/historical?assetclass=etf&fromdate=2016-07-26&todate=2026-07-26&limit=5000
QQQ,2021-04-29,342.37,342.8,336.9001,340.22,37708880,,https://api.nasdaq.com/api/quote/QQQ/historical?assetclass=etf&fromdate=2016-07-26&todate=2026-07-26&limit=5000
QQQ,2021-04-30,337.7,340.26,337.05,337.99,38263420,,https://api.nasdaq.com/api/quote/QQQ/historical?assetclass=etf&fromdate=2016-07-26&todate=2026-07-26&limit=5000
QQQ,2021-05-03,339.23,340,335.73,336.19,29729730,,https://api.nasdaq.com/api/quote/QQQ/historical?assetclass=etf&fromdate=2016-07-26&todate=2026-07-26&limit=5000
QQQ,2021-05-04,333.56,333.89,326.21,330.14,65146970,,https://api.nasdaq.com/api/quote/QQQ/historical?assetclass=etf&fromdate=2016-07-26&todate=2026-07-26&limit=5000
QQQ,2021-05-05,332.25,333.14,328.23,329.03,46219310,,https://api.nasdaq.com/api/quote/QQQ/historical?assetclass=etf&fromdate=2016-07-26&todate=2026-07-26&limit=5000
QQQ,2021-05-06,328.76,331.67,326.45,331.51,46814280,,https://api.nasdaq.com/api/quote/QQQ/historical?assetclass=etf&fromdate=2016-07-26&todate=2026-07-26&limit=5000
QQQ,2021-05-07,334.37,336.65,331.6914,334.2,53324460,,https://api.nasdaq.com/api/quote/QQQ/historical?assetclass=etf&fromdate=2016-07-26&todate=2026-07-26&limit=5000
QQQ,2021-05-10,332.78,332.96,325.55,325.76,60700460,,https://api.nasdaq.com/api/quote/QQQ/historical?assetclass=etf&fromdate=2016-07-26&todate=2026-07-26&limit=5000
QQQ,2021-05-11,319.7,326.1299,319.02,325.31,71963610,,https://api.nasdaq.com/api/quote/QQQ/historical?assetclass=etf&fromdate=2016-07-26&todate=2026-07-26&limit=5000
QQQ,2021-05-12,320.23,322.62,316,316.89,91164860,,https://api.nasdaq.com/api/quote/QQQ/historical?assetclass=etf&fromdate=2016-07-26&todate=2026-07-26&limit=5000
QQQ,2021-05-13,319.92,322.4,316.9,319.34,69877770,,https://api.nasdaq.com/api/quote/QQQ/historical?assetclass=etf&fromdate=2016-07-26&todate=2026-07-26&limit=5000
QQQ,2021-05-14,322.6,327.33,322.08,326.39,44370020,,https://api.nasdaq.com/api/quote/QQQ/historical?assetclass=etf&fromdate=2016-07-26&todate=2026-07-26&limit=5000
QQQ,2021-05-17,324.63,326.3721,321.45,324.41,39187120,,https://api.nasdaq.com/api/quote/QQQ/historical?assetclass=etf&fromdate=2016-07-26&todate=2026-07-26&limit=5000
QQQ,2021-05-18,325.39,326.65,321.94,322.22,36528450,,https://api.nasdaq.com/api/quote/QQQ/historical?assetclass=etf&fromdate=2016-07-26&todate=2026-07-26&limit=5000
QQQ,2021-05-19,316.66,322.9,316.3,322.59,66319110,,https://api.nasdaq.com/api/quote/QQQ/historical?assetclass=etf&fromdate=2016-07-26&todate=2026-07-26&limit=5000
QQQ,2021-05-20,324.12,329.71,323.89,328.83,46466140,,https://api.nasdaq.com/api/quote/QQQ/historical?assetclass=etf&fromdate=2016-07-26&todate=2026-07-26&limit=5000
QQQ,2021-05-21,330.43,330.86,326.64,327.01,50330450,,https://api.nasdaq.com/api/quote/QQQ/historical?assetclass=etf&fromdate=2016-07-26&todate=2026-07-26&limit=5000
QQQ,2021-05-24,329.37,333.67,326.9032,332.51,32475770,,https://api.nasdaq.com/api/quote/QQQ/historical?assetclass=etf&fromdate=2016-07-26&todate=2026-07-26&limit=5000
QQQ,2021-05-25,334.07,334.81,331.755,332.97,31280310,,https://api.nasdaq.com/api/quote/QQQ/historical?assetclass=etf&fromdate=2016-07-26&todate=2026-07-26&limit=5000
QQQ,2021-05-26,333.66,334.61,332.95,334.13,25444930,,https://api.nasdaq.com/api/quote/QQQ/historical?assetclass=etf&fromdate=2016-07-26&todate=2026-07-26&limit=5000
QQQ,2021-05-27,333.67,334.54,332.67,332.88,27931750,,https://api.nasdaq.com/api/quote/QQQ/historical?assetclass=etf&fromdate=2016-07-26&todate=2026-07-26&limit=5000
QQQ,2021-05-28,334.12,335.5699,333.6,333.93,29927450,,https://api.nasdaq.com/api/quote/QQQ/historical?assetclass=etf&fromdate=2016-07-26&todate=2026-07-26&limit=5000
QQQ,2021-06-01,335.3,335.785,331.43,332.82,31145420,,https://api.nasdaq.com/api/quote/QQQ/historical?assetclass=etf&fromdate=2016-07-26&todate=2026-07-26&limit=5000
QQQ,2021-06-02,333.25,334.34,331.695,333.47,22047940,,https://api.nasdaq.com/api/quote/QQQ/historical?assetclass=etf&fromdate=2016-07-26&todate=2026-07-26&limit=5000
QQQ,2021-06-03,330.55,331.86,328.28,330,37057830,,https://api.nasdaq.com/api/quote/QQQ/historical?assetclass=etf&fromdate=2016-07-26&todate=2026-07-26&limit=5000
QQQ,2021-06-04,331.85,336.0582,331.78,335.6,38736550,,https://api.nasdaq.com/api/quote/QQQ/historical?assetclass=etf&fromdate=2016-07-26&todate=2026-07-26&limit=5000
QQQ,2021-06-07,335.05,336.66,334.34,336.6,32611850,,https://api.nasdaq.com/api/quote/QQQ/historical?assetclass=etf&fromdate=2016-07-26&todate=2026-07-26&limit=5000
QQQ,2021-06-08,338.395,339.29,335.03,336.76,27282820,,https://api.nasdaq.com/api/quote/QQQ/historical?assetclass=etf&fromdate=2016-07-26&todate=2026-07-26&limit=5000
QQQ,2021-06-09,338.17,338.97,336.651,336.84,21485320,,https://api.nasdaq.com/api/quote/QQQ/historical?assetclass=etf&fromdate=2016-07-26&todate=2026-07-26&limit=5000
QQQ,2021-06-10,337.19,340.46,336.73,340.35,33702070,,https://api.nasdaq.com/api/quote/QQQ/historical?assetclass=etf&fromdate=2016-07-26&todate=2026-07-26&limit=5000
QQQ,2021-06-11,340.36,341.25,339.69,341.24,21222830,,https://api.nasdaq.com/api/quote/QQQ/historical?assetclass=etf&fromdate=2016-07-26&todate=2026-07-26&limit=5000
QQQ,2021-06-14,341.68,344.52,340.46,344.51,27827720,,https://api.nasdaq.com/api/quote/QQQ/historical?assetclass=etf&fromdate=2016-07-26&todate=2026-07-26&limit=5000
QQQ,2021-06-15,344.15,344.47,341.52,342.26,35963780,,https://api.nasdaq.com/api/quote/QQQ/historical?assetclass=etf&fromdate=2016-07-26&todate=2026-07-26&limit=5000
QQQ,2021-06-16,342.74,343.84,337.45,341.01,55399540,,https://api.nasdaq.com/api/quote/QQQ/historical?assetclass=etf&fromdate=2016-07-26&todate=2026-07-26&limit=5000
QQQ,2021-06-17,339.97,346.38,339.92,345.34,59722700,,https://api.nasdaq.com/api/quote/QQQ/historical?assetclass=etf&fromdate=2016-07-26&todate=2026-07-26&limit=5000
QQQ,2021-06-18,343.63,344.8082,341.86,342.63,55414860,,https://api.nasdaq.com/api/quote/QQQ/historical?assetclass=etf&fromdate=2016-07-26&todate=2026-07-26&limit=5000
QQQ,2021-06-21,342.43,344.69,340.15,344.36,32992650,,https://api.nasdaq.com/api/quote/QQQ/historical?assetclass=etf&fromdate=2016-07-26&todate=2026-07-26&limit=5000
QQQ,2021-06-22,344.15,348.03,343.84,347.57,28941630,,https://api.nasdaq.com/api/quote/QQQ/historical?assetclass=etf&fromdate=2016-07-26&todate=2026-07-26&limit=5000
QQQ,2021-06-23,347.51,348.92,346.88,347.74,27188450,,https://api.nasdaq.com/api/quote/QQQ/historical?assetclass=etf&fromdate=2016-07-26&todate=2026-07-26&limit=5000
QQQ,2021-06-24,349.73,351.46,349.17,349.89,32581610,,https://api.nasdaq.com/api/quote/QQQ/historical?assetclass=etf&fromdate=2016-07-26&todate=2026-07-26&limit=5000
QQQ,2021-06-25,350.47,350.72,348.84,349.46,28682800,,https://api.nasdaq.com/api/quote/QQQ/historical?assetclass=etf&fromdate=2016-07-26&todate=2026-07-26&limit=5000
QQQ,2021-06-28,350.78,353.85,350.72,353.71,39130310,,https://api.nasdaq.com/api/quote/QQQ/historical?assetclass=etf&fromdate=2016-07-26&todate=2026-07-26&limit=5000
QQQ,2021-06-29,353.53,355.0199,352.67,354.99,29426040,,https://api.nasdaq.com/api/quote/QQQ/historical?assetclass=etf&fromdate=2016-07-26&todate=2026-07-26&limit=5000
QQQ,2021-06-30,354.83,355.23,353.83,354.43,32723960,,https://api.nasdaq.com/api/quote/QQQ/historical?assetclass=etf&fromdate=2016-07-26&todate=2026-07-26&limit=5000
QQQ,2021-07-01,354.07,355.09,352.68,354.57,29289980,,https://api.nasdaq.com/api/quote/QQQ/historical?assetclass=etf&fromdate=2016-07-26&todate=2026-07-26&limit=5000
QQQ,2021-07-02,356.52,358.97,356.28,358.64,32727240,,https://api.nasdaq.com/api/quote/QQQ/historical?assetclass=etf&fromdate=2016-07-26&todate=2026-07-26&limit=5000
QQQ,2021-07-06,359.26,360.48,356.49,360.19,38842400,,https://api.nasdaq.com/api/quote/QQQ/historical?assetclass=etf&fromdate=2016-07-26&todate=2026-07-26&limit=5000
QQQ,2021-07-07,362.45,362.76,358.94,360.95,35265240,,https://api.nasdaq.com/api/quote/QQQ/historical?assetclass=etf&fromdate=2016-07-26&todate=2026-07-26&limit=5000
QQQ,2021-07-08,355.74,359.65,354.42,358.77,50890020,,https://api.nasdaq.com/api/quote/QQQ/historical?assetclass=etf&fromdate=2016-07-26&todate=2026-07-26&limit=5000
QQQ,2021-07-09,358.17,361.5,357.57,361.01,35184530,,https://api.nasdaq.com/api/quote/QQQ/historical?assetclass=etf&fromdate=2016-07-26&todate=2026-07-26&limit=5000
QQQ,2021-07-12,362.45,362.89,360.83,362.42,25717680,,https://api.nasdaq.com/api/quote/QQQ/historical?assetclass=etf&fromdate=2016-07-26&todate=2026-07-26&limit=5000
QQQ,2021-07-13,362.03,365.465,361.54,362.42,39723020,,https://api.nasdaq.com/api/quote/QQQ/historical?assetclass=etf&fromdate=2016-07-26&todate=2026-07-26&limit=5000
QQQ,2021-07-14,364.83,365.49,362.22,363.07,35336350,,https://api.nasdaq.com/api/quote/QQQ/historical?assetclass=etf&fromdate=2016-07-26&todate=2026-07-26&limit=5000
QQQ,2021-07-15,362.98,363.19,358.46,360.52,53391560,,https://api.nasdaq.com/api/quote/QQQ/historical?assetclass=etf&fromdate=2016-07-26&todate=2026-07-26&limit=5000
QQQ,2021-07-16,361.4,362.41,357.24,357.6,47261960,,https://api.nasdaq.com/api/quote/QQQ/historical?assetclass=etf&fromdate=2016-07-26&todate=2026-07-26&limit=5000
QQQ,2021-07-19,354.05,355.18,352.04,354.67,64404630,,https://api.nasdaq.com/api/quote/QQQ/historical?assetclass=etf&fromdate=2016-07-26&todate=2026-07-26&limit=5000
QQQ,2021-07-20,355.63,360.28,353.8,358.79,42183700,,https://api.nasdaq.com/api/quote/QQQ/historical?assetclass=etf&fromdate=2016-07-26&todate=2026-07-26&limit=5000
QQQ,2021-07-21,358.35,361.56,358.12,361.56,30259860,,https://api.nasdaq.com/api/quote/QQQ/historical?assetclass=etf&fromdate=2016-07-26&todate=2026-07-26&limit=5000
QQQ,2021-07-22,361.77,363.96,361.77,363.95,30252240,,https://api.nasdaq.com/api/quote/QQQ/historical?assetclass=etf&fromdate=2016-07-26&todate=2026-07-26&limit=5000
QQQ,2021-07-23,365.31,368.485,363.9157,368.2,31960800,,https://api.nasdaq.com/api/quote/QQQ/historical?assetclass=etf&fromdate=2016-07-26&todate=2026-07-26&limit=5000
QQQ,2021-07-26,367.49,368.89,366.601,368.49,28438130,,https://api.nasdaq.com/api/quote/QQQ/historical?assetclass=etf&fromdate=2016-07-26&todate=2026-07-26&limit=5000
QQQ,2021-07-27,368.22,368.22,360.16,364.43,57933150,,https://api.nasdaq.com/api/quote/QQQ/historical?assetclass=etf&fromdate=2016-07-26&todate=2026-07-26&limit=5000
QQQ,2021-07-28,365.6,367.45,363.24,365.83,42066200,,https://api.nasdaq.com/api/quote/QQQ/historical?assetclass=etf&fromdate=2016-07-26&todate=2026-07-26&limit=5000
QQQ,2021-07-29,365.25,367.6794,365.25,366.48,25672530,,https://api.nasdaq.com/api/quote/QQQ/historical?assetclass=etf&fromdate=2016-07-26&todate=2026-07-26&limit=5000
QQQ,2021-07-30,362.44,365.17,362.41,364.57,36484650,,https://api.nasdaq.com/api/quote/QQQ/historical?assetclass=etf&fromdate=2016-07-26&todate=2026-07-26&limit=5000
QQQ,2021-08-02,366.28,366.88,363.87,364.6,27334100,,https://api.nasdaq.com/api/quote/QQQ/historical?assetclass=etf&fromdate=2016-07-26&todate=2026-07-26&limit=5000
QQQ,2021-08-03,365.28,366.93,362,366.81,35558510,,https://api.nasdaq.com/api/quote/QQQ/historical?assetclass=etf&fromdate=2016-07-26&todate=2026-07-26&limit=5000
QQQ,2021-08-04,366.77,368.32,365.63,367.34,29602240,,https://api.nasdaq.com/api/quote/QQQ/historical?assetclass=etf&fromdate=2016-07-26&todate=2026-07-26&limit=5000
QQQ,2021-08-05,368.18,369.91,367.45,369.67,21443930,,https://api.nasdaq.com/api/quote/QQQ/historical?assetclass=etf&fromdate=2016-07-26&todate=2026-07-26&limit=5000
QQQ,2021-08-06,368.37,369.37,366.905,368.05,33332110,,https://api.nasdaq.com/api/quote/QQQ/historical?assetclass=etf&fromdate=2016-07-26&todate=2026-07-26&limit=5000
QQQ,2021-08-09,368.52,369.27,367.39,368.73,25960250,,https://api.nasdaq.com/api/quote/QQQ/historical?assetclass=etf&fromdate=2016-07-26&todate=2026-07-26&limit=5000
QQQ,2021-08-10,369.26,369.56,365.62,366.84,35130800,,https://api.nasdaq.com/api/quote/QQQ/historical?assetclass=etf&fromdate=2016-07-26&todate=2026-07-26&limit=5000
QQQ,2021-08-11,368.14,368.65,364.84,366.21,34249810,,https://api.nasdaq.com/api/quote/QQQ/historical?assetclass=etf&fromdate=2016-07-26&todate=2026-07-26&limit=5000
QQQ,2021-08-12,365.69,367.9,364.295,367.53,26003880,,https://api.nasdaq.com/api/quote/QQQ/historical?assetclass=etf&fromdate=2016-07-26&todate=2026-07-26&limit=5000
QQQ,2021-08-13,367.89,369.16,367.38,368.82,19336190,,https://api.nasdaq.com/api/quote/QQQ/historical?assetclass=etf&fromdate=2016-07-26&todate=2026-07-26&limit=5000
QQQ,2021-08-16,367.67,369.02,363.7,368.98,35044110,,https://api.nasdaq.com/api/quote/QQQ/historical?assetclass=etf&fromdate=2016-07-26&todate=2026-07-26&limit=5000
QQQ,2021-08-17,366.15,367.15,363.23,365.73,44793900,,https://api.nasdaq.com/api/quote/QQQ/historical?assetclass=etf&fromdate=2016-07-26&todate=2026-07-26&limit=5000
QQQ,2021-08-18,365.18,366.62,361.865,362.21,38541940,,https://api.nasdaq.com/api/quote/QQQ/historical?assetclass=etf&fromdate=2016-07-26&todate=2026-07-26&limit=5000
QQQ,2021-08-19,360.22,365.68,359.96,363.96,48499370,,https://api.nasdaq.com/api/quote/QQQ/historical?assetclass=etf&fromdate=2016-07-26&todate=2026-07-26&limit=5000
QQQ,2021-08-20,365.06,368.14,364.74,367.73,39486030,,https://api.nasdaq.com/api/quote/QQQ/historical?assetclass=etf&fromdate=2016-07-26&todate=2026-07-26&limit=5000
QQQ,2021-08-23,368.8,373.935,368.79,373.23,34034740,,https://api.nasdaq.com/api/quote/QQQ/historical?assetclass=etf&fromdate=2016-07-26&todate=2026-07-26&limit=5000
QQQ,2021-08-24,373.84,374.99,373.36,374.37,21732910,,https://api.nasdaq.com/api/quote/QQQ/historical?assetclass=etf&fromdate=2016-07-26&todate=2026-07-26&limit=5000
QQQ,2021-08-25,374.63,375.39,373.855,374.8,20441880,,https://api.nasdaq.com/api/quote/QQQ/historical?assetclass=etf&fromdate=2016-07-26&todate=2026-07-26&limit=5000
QQQ,2021-08-26,373.92,374.62,371.97,372.42,29133330,,https://api.nasdaq.com/api/quote/QQQ/historical?assetclass=etf&fromdate=2016-07-26&todate=2026-07-26&limit=5000
QQQ,2021-08-27,373.07,376.56,372.57,376.04,27104750,,https://api.nasdaq.com/api/quote/QQQ/historical?assetclass=etf&fromdate=2016-07-26&todate=2026-07-26&limit=5000
QQQ,2021-08-30,376.85,380.76,376.83,380.26,27295670,,https://api.nasdaq.com/api/quote/QQQ/historical?assetclass=etf&fromdate=2016-07-26&todate=2026-07-26&limit=5000
QQQ,2021-08-31,380.51,380.579,378.36,379.95,29628180,,https://api.nasdaq.com/api/quote/QQQ/historical?assetclass=etf&fromdate=2016-07-26&todate=2026-07-26&limit=5000
QQQ,2021-09-01,381.04,382.71,380.37,380.58,28138310,,https://api.nasdaq.com/api/quote/QQQ/historical?assetclass=etf&fromdate=2016-07-26&todate=2026-07-26&limit=5000
QQQ,2021-09-02,381.97,382.31,379.15,380.4,25503540,,https://api.nasdaq.com/api/quote/QQQ/historical?assetclass=etf&fromdate=2016-07-26&todate=2026-07-26&limit=5000
QQQ,2021-09-03,379.22,381.98,379.2003,381.57,24624940,,https://api.nasdaq.com/api/quote/QQQ/historical?assetclass=etf&fromdate=2016-07-26&todate=2026-07-26&limit=5000
QQQ,2021-09-07,381.68,382.778,380.4882,382.11,23970200,,https://api.nasdaq.com/api/quote/QQQ/historical?assetclass=etf&fromdate=2016-07-26&todate=2026-07-26&limit=5000
QQQ,2021-09-08,381.93,381.93,378.45,380.78,32949160,,https://api.nasdaq.com/api/quote/QQQ/historical?assetclass=etf&fromdate=2016-07-26&todate=2026-07-26&limit=5000
QQQ,2021-09-09,381.01,382.15,379.22,379.47,29398980,,https://api.nasdaq.com/api/quote/QQQ/historical?assetclass=etf&fromdate=2016-07-26&todate=2026-07-26&limit=5000
QQQ,2021-09-10,381.23,381.97,376.245,376.59,40249410,,https://api.nasdaq.com/api/quote/QQQ/historical?assetclass=etf&fromdate=2016-07-26&todate=2026-07-26&limit=5000
QQQ,2021-09-13,378.99,379.43,374.22,376.33,48741780,,https://api.nasdaq.com/api/quote/QQQ/historical?assetclass=etf&fromdate=2016-07-26&todate=2026-07-26&limit=5000
QQQ,2021-09-14,377.86,378.61,374.28,375.26,41826620,,https://api.nasdaq.com/api/quote/QQQ/historical?assetclass=etf&fromdate=2016-07-26&todate=2026-07-26&limit=5000
QQQ,2021-09-15,375.73,378.41,373.37,378.05,34097870,,https://api.nasdaq.com/api/quote/QQQ/historical?assetclass=etf&fromdate=2016-07-26&todate=2026-07-26&limit=5000
QQQ,2021-09-16,376.68,378.9,374.695,378.31,35193080,,https://api.nasdaq.com/api/quote/QQQ/historical?assetclass=etf&fromdate=2016-07-26&todate=2026-07-26&limit=5000
QQQ,2021-09-17,377.82,377.87,372.76,373.83,60912270,,https://api.nasdaq.com/api/quote/QQQ/historical?assetclass=etf&fromdate=2016-07-26&todate=2026-07-26&limit=5000
QQQ,2021-09-20,367.46,369.25,360.93,365.7,76203200,,https://api.nasdaq.com/api/quote/QQQ/historical?assetclass=etf&fromdate=2016-07-26&todate=2026-07-26&limit=5000
QQQ,2021-09-21,367.58,368.81,364.99,366.15,41927480,,https://api.nasdaq.com/api/quote/QQQ/historical?assetclass=etf&fromdate=2016-07-26&todate=2026-07-26&limit=5000
QQQ,2021-09-22,367.09,371.07,365.9584,369.57,46972920,,https://api.nasdaq.com/api/quote/QQQ/historical?assetclass=etf&fromdate=2016-07-26&todate=2026-07-26&limit=5000
QQQ,2021-09-23,370.76,374.04,370.099,372.98,44652000,,https://api.nasdaq.com/api/quote/QQQ/historical?assetclass=etf&fromdate=2016-07-26&todate=2026-07-26&limit=5000
QQQ,2021-09-24,370.65,373.76,370.27,373.33,36056800,,https://api.nasdaq.com/api/quote/QQQ/historical?assetclass=etf&fromdate=2016-07-26&todate=2026-07-26&limit=5000
QQQ,2021-09-27,370.2,371.2516,367.73,370.35,43338080,,https://api.nasdaq.com/api/quote/QQQ/historical?assetclass=etf&fromdate=2016-07-26&todate=2026-07-26&limit=5000
QQQ,2021-09-28,365.67,370.302,359.35,359.87,97701630,,https://api.nasdaq.com/api/quote/QQQ/historical?assetclass=etf&fromdate=2016-07-26&todate=2026-07-26&limit=5000
QQQ,2021-09-29,361.17,363.37,358.635,359.28,58076620,,https://api.nasdaq.com/api/quote/QQQ/historical?assetclass=etf&fromdate=2016-07-26&todate=2026-07-26&limit=5000
QQQ,2021-09-30,360.97,362.68,357.1,357.96,61384580,,https://api.nasdaq.com/api/quote/QQQ/historical?assetclass=etf&fromdate=2016-07-26&todate=2026-07-26&limit=5000
QQQ,2021-10-01,358.6,361.25,354.38,360.18,56375490,,https://api.nasdaq.com/api/quote/QQQ/historical?assetclass=etf&fromdate=2016-07-26&todate=2026-07-26&limit=5000
QQQ,2021-10-04,358.52,358.86,350.32,352.62,76766010,,https://api.nasdaq.com/api/quote/QQQ/historical?assetclass=etf&fromdate=2016-07-26&todate=2026-07-26&limit=5000
QQQ,2021-10-05,353.71,359.69,353.48,357.38,47232900,,https://api.nasdaq.com/api/quote/QQQ/historical?assetclass=etf&fromdate=2016-07-26&todate=2026-07-26&limit=5000
QQQ,2021-10-06,354.08,359.95,353.15,359.67,56806540,,https://api.nasdaq.com/api/quote/QQQ/historical?assetclass=etf&fromdate=2016-07-26&todate=2026-07-26&limit=5000
QQQ,2021-10-07,362.8,365.69,362.25,362.97,39411170,,https://api.nasdaq.com/api/quote/QQQ/historical?assetclass=etf&fromdate=2016-07-26&todate=2026-07-26&limit=5000
QQQ,2021-10-08,364.08,364.3166,360.61,361.16,41822310,,https://api.nasdaq.com/api/quote/QQQ/historical?assetclass=etf&fromdate=2016-07-26&todate=2026-07-26&limit=5000
QQQ,2021-10-11,359.58,363.2,358.3,358.39,34847180,,https://api.nasdaq.com/api/quote/QQQ/historical?assetclass=etf&fromdate=2016-07-26&todate=2026-07-26&limit=5000
QQQ,2021-10-12,359.88,360.33,356.48,357.14,43905100,,https://api.nasdaq.com/api/quote/QQQ/historical?assetclass=etf&fromdate=2016-07-26&todate=2026-07-26&limit=5000
QQQ,2021-10-13,359.51,360.69,357.43,360,40120800,,https://api.nasdaq.com/api/quote/QQQ/historical?assetclass=etf&fromdate=2016-07-26&todate=2026-07-26&limit=5000
QQQ,2021-10-14,363.69,366.85,363.01,366.63,43433870,,https://api.nasdaq.com/api/quote/QQQ/historical?assetclass=etf&fromdate=2016-07-26&todate=2026-07-26&limit=5000
QQQ,2021-10-15,367.88,369.06,366.82,368.94,40419880,,https://api.nasdaq.com/api/quote/QQQ/historical?assetclass=etf&fromdate=2016-07-26&todate=2026-07-26&limit=5000
QQQ,2021-10-18,367.61,372.87,366.99,372.65,34513510,,https://api.nasdaq.com/api/quote/QQQ/historical?assetclass=etf&fromdate=2016-07-26&todate=2026-07-26&limit=5000
QQQ,2021-10-19,373.75,375.52,372.6974,375.47,29090960,,https://api.nasdaq.com/api/quote/QQQ/historical?assetclass=etf&fromdate=2016-07-26&todate=2026-07-26&limit=5000
QQQ,2021-10-20,375.94,376.565,373.46,374.98,31390340,,https://api.nasdaq.com/api/quote/QQQ/historical?assetclass=etf&fromdate=2016-07-26&todate=2026-07-26&limit=5000
QQQ,2021-10-21,374.16,377.47,373.85,377.27,25469280,,https://api.nasdaq.com/api/quote/QQQ/historical?assetclass=etf&fromdate=2016-07-26&todate=2026-07-26&limit=5000
QQQ,2021-10-22,375.98,376.97,372.385,374.1,36275820,,https://api.nasdaq.com/api/quote/QQQ/historical?assetclass=etf&fromdate=2016-07-26&todate=2026-07-26&limit=5000
QQQ,2021-10-25,375.56,378.87,373.56,377.93,32597800,,https://api.nasdaq.com/api/quote/QQQ/historical?assetclass=etf&fromdate=2016-07-26&todate=2026-07-26&limit=5000
QQQ,2021-10-26,380.23,382.71,377.905,379.12,47191280,,https://api.nasdaq.com/api/quote/QQQ/historical?assetclass=etf&fromdate=2016-07-26&todate=2026-07-26&limit=5000
QQQ,2021-10-27,379.58,383.15,379.31,380,45760500,,https://api.nasdaq.com/api/quote/QQQ/historical?assetclass=etf&fromdate=2016-07-26&todate=2026-07-26&limit=5000
QQQ,2021-10-28,381.95,384.48,381.155,384.22,38007010,,https://api.nasdaq.com/api/quote/QQQ/historical?assetclass=etf&fromdate=2016-07-26&todate=2026-07-26&limit=5000
QQQ,2021-10-29,381.06,386.28,380.7,386.11,37310120,,https://api.nasdaq.com/api/quote/QQQ/historical?assetclass=etf&fromdate=2016-07-26&todate=2026-07-26&limit=5000
QQQ,2021-11-01,386.56,387.56,384.42,387.43,30765300,,https://api.nasdaq.com/api/quote/QQQ/historical?assetclass=etf&fromdate=2016-07-26&todate=2026-07-26&limit=5000
QQQ,2021-11-02,386.8,389.54,386.75,389.05,25135290,,https://api.nasdaq.com/api/quote/QQQ/historical?assetclass=etf&fromdate=2016-07-26&todate=2026-07-26&limit=5000
QQQ,2021-11-03,389.55,393.61,388.48,393.18,33748900,,https://api.nasdaq.com/api/quote/QQQ/historical?assetclass=etf&fromdate=2016-07-26&todate=2026-07-26&limit=5000
QQQ,2021-11-04,394.48,399.2,393.92,398.22,40265310,,https://api.nasdaq.com/api/quote/QQQ/historical?assetclass=etf&fromdate=2016-07-26&todate=2026-07-26&limit=5000
QQQ,2021-11-05,400.04,400.99,397.16,398.6,43383800,,https://api.nasdaq.com/api/quote/QQQ/historical?assetclass=etf&fromdate=2016-07-26&todate=2026-07-26&limit=5000
QQQ,2021-11-08,398.57,399.62,397.4,398.06,29256270,,https://api.nasdaq.com/api/quote/QQQ/historical?assetclass=etf&fromdate=2016-07-26&todate=2026-07-26&limit=5000
QQQ,2021-11-09,399.16,399.57,393.92,395.32,50490720,,https://api.nasdaq.com/api/quote/QQQ/historical?assetclass=etf&fromdate=2016-07-26&todate=2026-07-26&limit=5000
QQQ,2021-11-10,392.47,395.36,387.53,389.51,54937390,,https://api.nasdaq.com/api/quote/QQQ/historical?assetclass=etf&fromdate=2016-07-26&todate=2026-07-26&limit=5000
QQQ,2021-11-11,392.57,392.75,390.24,390.59,32242980,,https://api.nasdaq.com/api/quote/QQQ/historical?assetclass=etf&fromdate=2016-07-26&todate=2026-07-26&limit=5000
QQQ,2021-11-12,391.77,395.25,390.13,394.7,34730560,,https://api.nasdaq.com/api/quote/QQQ/historical?assetclass=etf&fromdate=2016-07-26&todate=2026-07-26&limit=5000
QQQ,2021-11-15,395.91,396.24,392.095,394.61,33716860,,https://api.nasdaq.com/api/quote/QQQ/historical?assetclass=etf&fromdate=2016-07-26&todate=2026-07-26&limit=5000
QQQ,2021-11-16,393.86,397.93,393.66,397.42,27872940,,https://api.nasdaq.com/api/quote/QQQ/historical?assetclass=etf&fromdate=2016-07-26&todate=2026-07-26&limit=5000
QQQ,2021-11-17,397.75,399.7196,396.64,397.63,28703260,,https://api.nasdaq.com/api/quote/QQQ/historical?assetclass=etf&fromdate=2016-07-26&todate=2026-07-26&limit=5000
QQQ,2021-11-18,399.73,402.27,397.45,401.75,45721520,,https://api.nasdaq.com/api/quote/QQQ/historical?assetclass=etf&fromdate=2016-07-26&todate=2026-07-26&limit=5000
QQQ,2021-11-19,403.43,405.3,402.58,403.99,45191720,,https://api.nasdaq.com/api/quote/QQQ/historical?assetclass=etf&fromdate=2016-07-26&todate=2026-07-26&limit=5000
QQQ,2021-11-22,405.57,408.71,399.19,399.3,61715370,,https://api.nasdaq.com/api/quote/QQQ/historical?assetclass=etf&fromdate=2016-07-26&todate=2026-07-26&limit=5000
QQQ,2021-11-23,398.11,400.23,392.92,397.48,70098740,,https://api.nasdaq.com/api/quote/QQQ/historical?assetclass=etf&fromdate=2016-07-26&todate=2026-07-26&limit=5000
QQQ,2021-11-24,394.93,399.05,392.54,398.76,46954380,,https://api.nasdaq.com/api/quote/QQQ/historical?assetclass=etf&fromdate=2016-07-26&todate=2026-07-26&limit=5000
QQQ,2021-11-26,396.11,397.54,389.77,391.2,51533310,,https://api.nasdaq.com/api/quote/QQQ/historical?assetclass=etf&fromdate=2016-07-26&todate=2026-07-26&limit=5000
QQQ,2021-11-29,395.89,400.73,395.14,399.69,54447110,,https://api.nasdaq.com/api/quote/QQQ/historical?assetclass=etf&fromdate=2016-07-26&todate=2026-07-26&limit=5000
QQQ,2021-11-30,398.78,401.19,391.75,393.82,81332690,,https://api.nasdaq.com/api/quote/QQQ/historical?assetclass=etf&fromdate=2016-07-26&todate=2026-07-26&limit=5000
QQQ,2021-12-01,398.28,400.48,386.64,387.12,78379250,,https://api.nasdaq.com/api/quote/QQQ/historical?assetclass=etf&fromdate=2016-07-26&todate=2026-07-26&limit=5000
QQQ,2021-12-02,385.8,391.74,384.34,389.91,84416620,,https://api.nasdaq.com/api/quote/QQQ/historical?assetclass=etf&fromdate=2016-07-26&todate=2026-07-26&limit=5000
QQQ,2021-12-03,391.31,392.34,378.9,383.13,105349100,,https://api.nasdaq.com/api/quote/QQQ/historical?assetclass=etf&fromdate=2016-07-26&todate=2026-07-26&limit=5000
QQQ,2021-12-06,383.63,387.6,379.3,386.2,67588800,,https://api.nasdaq.com/api/quote/QQQ/historical?assetclass=etf&fromdate=2016-07-26&todate=2026-07-26&limit=5000
QQQ,2021-12-07,393.03,398.46,392.99,397.83,56005260,,https://api.nasdaq.com/api/quote/QQQ/historical?assetclass=etf&fromdate=2016-07-26&todate=2026-07-26&limit=5000
QQQ,2021-12-08,398.17,399.82,396.22,399.61,39204040,,https://api.nasdaq.com/api/quote/QQQ/historical?assetclass=etf&fromdate=2016-07-26&todate=2026-07-26&limit=5000
QQQ,2021-12-09,398.35,400.2,393.5299,393.73,49973710,,https://api.nasdaq.com/api/quote/QQQ/historical?assetclass=etf&fromdate=2016-07-26&todate=2026-07-26&limit=5000
QQQ,2021-12-10,396.62,398.28,393.36,398.01,52545770,,https://api.nasdaq.com/api/quote/QQQ/historical?assetclass=etf&fromdate=2016-07-26&todate=2026-07-26&limit=5000
QQQ,2021-12-13,398,398.325,391.88,392.26,50166410,,https://api.nasdaq.com/api/quote/QQQ/historical?assetclass=etf&fromdate=2016-07-26&todate=2026-07-26&limit=5000
QQQ,2021-12-14,387.3,390.09,383.63,388.2,75199180,,https://api.nasdaq.com/api/quote/QQQ/historical?assetclass=etf&fromdate=2016-07-26&todate=2026-07-26&limit=5000
QQQ,2021-12-15,387.94,397.4198,383.88,397.05,73858030,,https://api.nasdaq.com/api/quote/QQQ/historical?assetclass=etf&fromdate=2016-07-26&todate=2026-07-26&limit=5000
QQQ,2021-12-16,398.04,398.475,385.21,386.84,82591370,,https://api.nasdaq.com/api/quote/QQQ/historical?assetclass=etf&fromdate=2016-07-26&todate=2026-07-26&limit=5000
QQQ,2021-12-17,383.33,389.19,381.77,384.91,81642850,,https://api.nasdaq.com/api/quote/QQQ/historical?assetclass=etf&fromdate=2016-07-26&todate=2026-07-26&limit=5000
QQQ,2021-12-20,379.565,381.5,377.47,380.69,65336830,,https://api.nasdaq.com/api/quote/QQQ/historical?assetclass=etf&fromdate=2016-07-26&todate=2026-07-26&limit=5000
QQQ,2021-12-21,384.05,389.53,380.201,389.21,48899480,,https://api.nasdaq.com/api/quote/QQQ/historical?assetclass=etf&fromdate=2016-07-26&todate=2026-07-26&limit=5000
QQQ,2021-12-22,388.91,394.16,388.23,393.95,37042200,,https://api.nasdaq.com/api/quote/QQQ/historical?assetclass=etf&fromdate=2016-07-26&todate=2026-07-26&limit=5000
QQQ,2021-12-23,394.31,398.425,394.14,396.92,29595540,,https://api.nasdaq.com/api/quote/QQQ/historical?assetclass=etf&fromdate=2016-07-26&todate=2026-07-26&limit=5000
QQQ,2021-12-27,398.25,403.48,398.2194,403.48,32820710,,https://api.nasdaq.com/api/quote/QQQ/historical?assetclass=etf&fromdate=2016-07-26&todate=2026-07-26&limit=5000
QQQ,2021-12-28,404.4,404.58,400.71,401.61,33113730,,https://api.nasdaq.com/api/quote/QQQ/historical?assetclass=etf&fromdate=2016-07-26&todate=2026-07-26&limit=5000
QQQ,2021-12-29,401.75,403.05,399.11,401.55,32248480,,https://api.nasdaq.com/api/quote/QQQ/historical?assetclass=etf&fromdate=2016-07-26&todate=2026-07-26&limit=5000
QQQ,2021-12-30,401.33,403.5699,399.75,400.35,23850070,,https://api.nasdaq.com/api/quote/QQQ/historical?assetclass=etf&fromdate=2016-07-26&todate=2026-07-26&limit=5000
QQQ,2021-12-31,399.66,401.0589,397.34,397.85,34752880,,https://api.nasdaq.com/api/quote/QQQ/historical?assetclass=etf&fromdate=2016-07-26&todate=2026-07-26&limit=5000
QQQ,2022-01-03,399.05,401.94,396.88,401.68,40575850,,https://api.nasdaq.com/api/quote/QQQ/historical?assetclass=etf&fromdate=2016-07-26&todate=2026-07-26&limit=5000
QQQ,2022-01-04,402.24,402.28,393.288,396.47,58027210,,https://api.nasdaq.com/api/quote/QQQ/historical?assetclass=etf&fromdate=2016-07-26&todate=2026-07-26&limit=5000
QQQ,2022-01-05,394.74,395.89,384.03,384.29,75739850,,https://api.nasdaq.com/api/quote/QQQ/historical?assetclass=etf&fromdate=2016-07-26&todate=2026-07-26&limit=5000
QQQ,2022-01-06,382.42,387.35,380.13,384.02,70814320,,https://api.nasdaq.com/api/quote/QQQ/historical?assetclass=etf&fromdate=2016-07-26&todate=2026-07-26&limit=5000
QQQ,2022-01-07,384.03,385.76,378.04,379.86,72652300,,https://api.nasdaq.com/api/quote/QQQ/historical?assetclass=etf&fromdate=2016-07-26&todate=2026-07-26&limit=5000
QQQ,2022-01-10,374.82,380.64,369.31,380.11,91770500,,https://api.nasdaq.com/api/quote/QQQ/historical?assetclass=etf&fromdate=2016-07-26&todate=2026-07-26&limit=5000
QQQ,2022-01-11,379.355,385.9899,377.2182,385.82,68295700,,https://api.nasdaq.com/api/quote/QQQ/historical?assetclass=etf&fromdate=2016-07-26&todate=2026-07-26&limit=5000
QQQ,2022-01-12,388.46,390.2,385.01,387.35,54576370,,https://api.nasdaq.com/api/quote/QQQ/historical?assetclass=etf&fromdate=2016-07-26&todate=2026-07-26&limit=5000
QQQ,2022-01-13,388.77,389.47,376.7,377.66,77993960,,https://api.nasdaq.com/api/quote/QQQ/historical?assetclass=etf&fromdate=2016-07-26&todate=2026-07-26&limit=5000
QQQ,2022-01-14,375.07,380.35,374.86,380.01,80121210,,https://api.nasdaq.com/api/quote/QQQ/historical?assetclass=etf&fromdate=2016-07-26&todate=2026-07-26&limit=5000
QQQ,2022-01-18,374.04,376.22,369.7704,370.55,75812300,,https://api.nasdaq.com/api/quote/QQQ/historical?assetclass=etf&fromdate=2016-07-26&todate=2026-07-26&limit=5000
QQQ,2022-01-19,372.15,374.69,366.21,366.48,81791480,,https://api.nasdaq.com/api/quote/QQQ/historical?assetclass=etf&fromdate=2016-07-26&todate=2026-07-26&limit=5000
QQQ,2022-01-20,369.79,373.87,361.17,361.72,88610680,,https://api.nasdaq.com/api/quote/QQQ/historical?assetclass=etf&fromdate=2016-07-26&todate=2026-07-26&limit=5000
QQQ,2022-01-21,359.47,362.18,351.4,351.69,143388900,,https://api.nasdaq.com/api/quote/QQQ/historical?assetclass=etf&fromdate=2016-07-26&todate=2026-07-26&limit=5000
QQQ,2022-01-24,345.905,353.98,334.15,353.3,199448100,,https://api.nasdaq.com/api/quote/QQQ/historical?assetclass=etf&fromdate=2016-07-26&todate=2026-07-26&limit=5000
QQQ,2022-01-25,346.67,351.0295,341.68,345.11,124398400,,https://api.nasdaq.com/api/quote/QQQ/historical?assetclass=etf&fromdate=2016-07-26&todate=2026-07-26&limit=5000
QQQ,2022-01-26,352.91,356.88,340.78,344.57,146559500,,https://api.nasdaq.com/api/quote/QQQ/historical?assetclass=etf&fromdate=2016-07-26&todate=2026-07-26&limit=5000
QQQ,2022-01-27,349.4,351.27,340.05,341.1,95255660,,https://api.nasdaq.com/api/quote/QQQ/historical?assetclass=etf&fromdate=2016-07-26&todate=2026-07-26&limit=5000
QQQ,2022-01-28,343.03,352.02,337.95,351.8,108167900,,https://api.nasdaq.com/api/quote/QQQ/historical?assetclass=etf&fromdate=2016-07-26&todate=2026-07-26&limit=5000
QQQ,2022-01-31,353.2,363.65,351.52,363.05,94326390,,https://api.nasdaq.com/api/quote/QQQ/historical?assetclass=etf&fromdate=2016-07-26&todate=2026-07-26&limit=5000
QQQ,2022-02-01,364.43,366.19,359.14,365.52,74433020,,https://api.nasdaq.com/api/quote/QQQ/historical?assetclass=etf&fromdate=2016-07-26&todate=2026-07-26&limit=5000
QQQ,2022-02-02,369.76,370.1,364.285,368.49,78777140,,https://api.nasdaq.com/api/quote/QQQ/historical?assetclass=etf&fromdate=2016-07-26&todate=2026-07-26&limit=5000
QQQ,2022-02-03,358.53,361.93,352.46,353.55,95384770,,https://api.nasdaq.com/api/quote/QQQ/historical?assetclass=etf&fromdate=2016-07-26&todate=2026-07-26&limit=5000
QQQ,2022-02-04,354.08,361.4,351.97,358.01,86318300,,https://api.nasdaq.com/api/quote/QQQ/historical?assetclass=etf&fromdate=2016-07-26&todate=2026-07-26&limit=5000
QQQ,2022-02-07,358.62,361.05,353.84,355.13,58198090,,https://api.nasdaq.com/api/quote/QQQ/historical?assetclass=etf&fromdate=2016-07-26&todate=2026-07-26&limit=5000
QQQ,2022-02-08,353.96,360.24,352.8,359.12,64720900,,https://api.nasdaq.com/api/quote/QQQ/historical?assetclass=etf&fromdate=2016-07-26&todate=2026-07-26&limit=5000
QQQ,2022-02-09,363.76,366.81,362.12,366.73,55766420,,https://api.nasdaq.com/api/quote/QQQ/historical?assetclass=etf&fromdate=2016-07-26&todate=2026-07-26&limit=5000
QQQ,2022-02-10,359.52,366.4885,356.54,358.43,112468500,,https://api.nasdaq.com/api/quote/QQQ/historical?assetclass=etf&fromdate=2016-07-26&todate=2026-07-26&limit=5000
QQQ,2022-02-11,358.43,360.07,345.8,347.06,101569100,,https://api.nasdaq.com/api/quote/QQQ/historical?assetclass=etf&fromdate=2016-07-26&todate=2026-07-26&limit=5000
QQQ,2022-02-14,346.49,350.98,343.89,347.49,80254440,,https://api.nasdaq.com/api/quote/QQQ/historical?assetclass=etf&fromdate=2016-07-26&todate=2026-07-26&limit=5000
QQQ,2022-02-15,352.91,356.37,351.82,356.13,55390810,,https://api.nasdaq.com/api/quote/QQQ/historical?assetclass=etf&fromdate=2016-07-26&todate=2026-07-26&limit=5000
QQQ,2022-02-16,353.82,357.0896,350.71,356.04,58947090,,https://api.nasdaq.com/api/quote/QQQ/historical?assetclass=etf&fromdate=2016-07-26&todate=2026-07-26&limit=5000
QQQ,2022-02-17,352.74,353.46,345.02,345.45,61801350,,https://api.nasdaq.com/api/quote/QQQ/historical?assetclass=etf&fromdate=2016-07-26&todate=2026-07-26&limit=5000
QQQ,2022-02-18,346.41,346.81,339.14,341.51,80001510,,https://api.nasdaq.com/api/quote/QQQ/historical?assetclass=etf&fromdate=2016-07-26&todate=2026-07-26&limit=5000
QQQ,2022-02-22,338.49,344.04,334.35,338.08,85967100,,https://api.nasdaq.com/api/quote/QQQ/historical?assetclass=etf&fromdate=2016-07-26&todate=2026-07-26&limit=5000
QQQ,2022-02-23,341.32,342.183,329.1,329.42,86215370,,https://api.nasdaq.com/api/quote/QQQ/historical?assetclass=etf&fromdate=2016-07-26&todate=2026-07-26&limit=5000
QQQ,2022-02-24,318.84,341.04,318.26,340.49,130614100,,https://api.nasdaq.com/api/quote/QQQ/historical?assetclass=etf&fromdate=2016-07-26&todate=2026-07-26&limit=5000
QQQ,2022-02-25,341.31,345.98,337.39,345.77,78842090,,https://api.nasdaq.com/api/quote/QQQ/historical?assetclass=etf&fromdate=2016-07-26&todate=2026-07-26&limit=5000
QQQ,2022-02-28,342.51,348.54,341.32,346.8,77515540,,https://api.nasdaq.com/api/quote/QQQ/historical?assetclass=etf&fromdate=2016-07-26&todate=2026-07-26&limit=5000
QQQ,2022-03-01,345.75,348.078,338.9,341.49,67407000,,https://api.nasdaq.com/api/quote/QQQ/historical?assetclass=etf&fromdate=2016-07-26&todate=2026-07-26&limit=5000
QQQ,2022-03-02,343.08,348.59,340.24,347.22,70609020,,https://api.nasdaq.com/api/quote/QQQ/historical?assetclass=etf&fromdate=2016-07-26&todate=2026-07-26&limit=5000
QQQ,2022-03-03,349.93,350.04,340.35,342.26,71089390,,https://api.nasdaq.com/api/quote/QQQ/historical?assetclass=etf&fromdate=2016-07-26&todate=2026-07-26&limit=5000
QQQ,2022-03-04,339.84,341.31,334.92,337.3,77009760,,https://api.nasdaq.com/api/quote/QQQ/historical?assetclass=etf&fromdate=2016-07-26&todate=2026-07-26&limit=5000
QQQ,2022-03-07,337.29,338.48,324.65,324.86,89933790,,https://api.nasdaq.com/api/quote/QQQ/historical?assetclass=etf&fromdate=2016-07-26&todate=2026-07-26&limit=5000
QQQ,2022-03-08,324.05,333.21,319.94,323.35,116153900,,https://api.nasdaq.com/api/quote/QQQ/historical?assetclass=etf&fromdate=2016-07-26&todate=2026-07-26&limit=5000
QQQ,2022-03-09,331.75,336.38,329.09,334.99,64723370,,https://api.nasdaq.com/api/quote/QQQ/historical?assetclass=etf&fromdate=2016-07-26&todate=2026-07-26&limit=5000
QQQ,2022-03-10,330.82,332.51,326.71,331.27,69362710,,https://api.nasdaq.com/api/quote/QQQ/historical?assetclass=etf&fromdate=2016-07-26&todate=2026-07-26&limit=5000
QQQ,2022-03-11,334.32,334.64,323.9,324.4,66228430,,https://api.nasdaq.com/api/quote/QQQ/historical?assetclass=etf&fromdate=2016-07-26&todate=2026-07-26&limit=5000
QQQ,2022-03-14,323.13,326.59,317.45,318.17,79802610,,https://api.nasdaq.com/api/quote/QQQ/historical?assetclass=etf&fromdate=2016-07-26&todate=2026-07-26&limit=5000
QQQ,2022-03-15,320.88,328.95,319.23,328.15,76470990,,https://api.nasdaq.com/api/quote/QQQ/historical?assetclass=etf&fromdate=2016-07-26&todate=2026-07-26&limit=5000
QQQ,2022-03-16,332.17,340.44,328.401,340.32,105243000,,https://api.nasdaq.com/api/quote/QQQ/historical?assetclass=etf&fromdate=2016-07-26&todate=2026-07-26&limit=5000
QQQ,2022-03-17,338.37,344.5,337.0406,344.44,67809950,,https://api.nasdaq.com/api/quote/QQQ/historical?assetclass=etf&fromdate=2016-07-26&todate=2026-07-26&limit=5000
QQQ,2022-03-18,342.74,351.79,341.55,351.49,85446350,,https://api.nasdaq.com/api/quote/QQQ/historical?assetclass=etf&fromdate=2016-07-26&todate=2026-07-26&limit=5000
QQQ,2022-03-21,350.2,352.48,345.575,350.08,73799070,,https://api.nasdaq.com/api/quote/QQQ/historical?assetclass=etf&fromdate=2016-07-26&todate=2026-07-26&limit=5000
QQQ,2022-03-22,350.59,357.85,350.2,356.96,63345930,,https://api.nasdaq.com/api/quote/QQQ/historical?assetclass=etf&fromdate=2016-07-26&todate=2026-07-26&limit=5000
QQQ,2022-03-23,354.01,357.66,351.77,351.83,70615460,,https://api.nasdaq.com/api/quote/QQQ/historical?assetclass=etf&fromdate=2016-07-26&todate=2026-07-26&limit=5000
QQQ,2022-03-24,353.8,359.7,351.5939,359.65,53555250,,https://api.nasdaq.com/api/quote/QQQ/historical?assetclass=etf&fromdate=2016-07-26&todate=2026-07-26&limit=5000
QQQ,2022-03-25,359.59,360.67,354.9438,359.35,57584160,,https://api.nasdaq.com/api/quote/QQQ/historical?assetclass=etf&fromdate=2016-07-26&todate=2026-07-26&limit=5000
QQQ,2022-03-28,359.34,365.01,358.07,364.91,56833870,,https://api.nasdaq.com/api/quote/QQQ/historical?assetclass=etf&fromdate=2016-07-26&todate=2026-07-26&limit=5000
QQQ,2022-03-29,368.9,371.83,366.06,371.19,68072960,,https://api.nasdaq.com/api/quote/QQQ/historical?assetclass=etf&fromdate=2016-07-26&todate=2026-07-26&limit=5000
QQQ,2022-03-30,369.275,370.98,365.57,367.09,68757710,,https://api.nasdaq.com/api/quote/QQQ/historical?assetclass=etf&fromdate=2016-07-26&todate=2026-07-26&limit=5000
QQQ,2022-03-31,367.24,367.6,361.68,362.54,67011410,,https://api.nasdaq.com/api/quote/QQQ/historical?assetclass=etf&fromdate=2016-07-26&todate=2026-07-26&limit=5000
QQQ,2022-04-01,362.81,363.61,358.59,361.85,54527760,,https://api.nasdaq.com/api/quote/QQQ/historical?assetclass=etf&fromdate=2016-07-26&todate=2026-07-26&limit=5000
QQQ,2022-04-04,362.71,369.31,362.44,369.3,45950170,,https://api.nasdaq.com/api/quote/QQQ/historical?assetclass=etf&fromdate=2016-07-26&todate=2026-07-26&limit=5000
QQQ,2022-04-05,367.81,368.54,359.93,361.1,62738660,,https://api.nasdaq.com/api/quote/QQQ/historical?assetclass=etf&fromdate=2016-07-26&todate=2026-07-26&limit=5000
QQQ,2022-04-06,355.65,356.78,350.56,353.26,90077070,,https://api.nasdaq.com/api/quote/QQQ/historical?assetclass=etf&fromdate=2016-07-26&todate=2026-07-26&limit=5000
QQQ,2022-04-07,352.24,356.35,348.69,354.1,63777370,,https://api.nasdaq.com/api/quote/QQQ/historical?assetclass=etf&fromdate=2016-07-26&todate=2026-07-26&limit=5000
QQQ,2022-04-08,352.32,353.09,348.5,349.15,61956090,,https://api.nasdaq.com/api/quote/QQQ/historical?assetclass=etf&fromdate=2016-07-26&todate=2026-07-26&limit=5000
QQQ,2022-04-11,344.81,345.75,340.535,340.89,66107400,,https://api.nasdaq.com/api/quote/QQQ/historical?assetclass=etf&fromdate=2016-07-26&todate=2026-07-26&limit=5000
QQQ,2022-04-12,345.76,347.69,338.035,339.45,72790220,,https://api.nasdaq.com/api/quote/QQQ/historical?assetclass=etf&fromdate=2016-07-26&todate=2026-07-26&limit=5000
QQQ,2022-04-13,339.8,347.43,339.06,346.35,61367760,,https://api.nasdaq.com/api/quote/QQQ/historical?assetclass=etf&fromdate=2016-07-26&todate=2026-07-26&limit=5000
QQQ,2022-04-14,346.44,346.97,338.21,338.43,73519370,,https://api.nasdaq.com/api/quote/QQQ/historical?assetclass=etf&fromdate=2016-07-26&todate=2026-07-26&limit=5000
QQQ,2022-04-18,337.35,341.04,335.791,338.69,58560560,,https://api.nasdaq.com/api/quote/QQQ/historical?assetclass=etf&fromdate=2016-07-26&todate=2026-07-26&limit=5000
QQQ,2022-04-19,338.03,346.85,336.98,346.26,56515680,,https://api.nasdaq.com/api/quote/QQQ/historical?assetclass=etf&fromdate=2016-07-26&todate=2026-07-26&limit=5000
QQQ,2022-04-20,347.09,347.56,339.96,341.21,65500020,,https://api.nasdaq.com/api/quote/QQQ/historical?assetclass=etf&fromdate=2016-07-26&todate=2026-07-26&limit=5000
QQQ,2022-04-21,345.19,347.87,333.2,334.15,75801010,,https://api.nasdaq.com/api/quote/QQQ/historical?assetclass=etf&fromdate=2016-07-26&todate=2026-07-26&limit=5000
QQQ,2022-04-22,334.31,335.56,324.96,325.4,82562150,,https://api.nasdaq.com/api/quote/QQQ/historical?assetclass=etf&fromdate=2016-07-26&todate=2026-07-26&limit=5000
QQQ,2022-04-25,323.73,329.9,322.43,329.58,101755900,,https://api.nasdaq.com/api/quote/QQQ/historical?assetclass=etf&fromdate=2016-07-26&todate=2026-07-26&limit=5000
QQQ,2022-04-26,327.47,327.66,316.855,317.14,105819600,,https://api.nasdaq.com/api/quote/QQQ/historical?assetclass=etf&fromdate=2016-07-26&todate=2026-07-26&limit=5000
QQQ,2022-04-27,317.24,322.88,315,316.76,111204200,,https://api.nasdaq.com/api/quote/QQQ/historical?assetclass=etf&fromdate=2016-07-26&todate=2026-07-26&limit=5000
QQQ,2022-04-28,321.85,329.89,317.52,328.01,99449960,,https://api.nasdaq.com/api/quote/QQQ/historical?assetclass=etf&fromdate=2016-07-26&todate=2026-07-26&limit=5000
QQQ,2022-04-29,323.7,327.225,312.6,313.25,91977860,,https://api.nasdaq.com/api/quote/QQQ/historical?assetclass=etf&fromdate=2016-07-26&todate=2026-07-26&limit=5000
QQQ,2022-05-02,312.83,318.72,309.645,318.48,115511800,,https://api.nasdaq.com/api/quote/QQQ/historical?assetclass=etf&fromdate=2016-07-26&todate=2026-07-26&limit=5000
QQQ,2022-05-03,318.5,321.17,315.98,318.82,78185530,,https://api.nasdaq.com/api/quote/QQQ/historical?assetclass=etf&fromdate=2016-07-26&todate=2026-07-26&limit=5000
QQQ,2022-05-04,319.31,330.29,313.891,329.6,116083400,,https://api.nasdaq.com/api/quote/QQQ/historical?assetclass=etf&fromdate=2016-07-26&todate=2026-07-26&limit=5000
QQQ,2022-05-05,325.17,325.25,309.62,313,154607400,,https://api.nasdaq.com/api/quote/QQQ/historical?assetclass=etf&fromdate=2016-07-26&todate=2026-07-26&limit=5000
QQQ,2022-05-06,310.95,315.09,305.105,309.25,139572800,,https://api.nasdaq.com/api/quote/QQQ/historical?assetclass=etf&fromdate=2016-07-26&todate=2026-07-26&limit=5000
QQQ,2022-05-09,303.48,309.3487,295.72,297.15,113387300,,https://api.nasdaq.com/api/quote/QQQ/historical?assetclass=etf&fromdate=2016-07-26&todate=2026-07-26&limit=5000
QQQ,2022-05-10,304.51,305.76,296.57,300.76,124124600,,https://api.nasdaq.com/api/quote/QQQ/historical?assetclass=etf&fromdate=2016-07-26&todate=2026-07-26&limit=5000
QQQ,2022-05-11,298.44,304.09,290.95,291.84,140326100,,https://api.nasdaq.com/api/quote/QQQ/historical?assetclass=etf&fromdate=2016-07-26&todate=2026-07-26&limit=5000
QQQ,2022-05-12,287.45,295.75,284.94,291.15,120910900,,https://api.nasdaq.com/api/quote/QQQ/historical?assetclass=etf&fromdate=2016-07-26&todate=2026-07-26&limit=5000
QQQ,2022-05-13,295.72,302.999,294.0825,301.94,83684930,,https://api.nasdaq.com/api/quote/QQQ/historical?assetclass=etf&fromdate=2016-07-26&todate=2026-07-26&limit=5000
QQQ,2022-05-16,300.15,302.26,297.13,298.44,59190430,,https://api.nasdaq.com/api/quote/QQQ/historical?assetclass=etf&fromdate=2016-07-26&todate=2026-07-26&limit=5000
QQQ,2022-05-17,304.45,306.56,300.55,306.17,62715290,,https://api.nasdaq.com/api/quote/QQQ/historical?assetclass=etf&fromdate=2016-07-26&todate=2026-07-26&limit=5000
QQQ,2022-05-18,301.54,302.25,289.85,291.14,79477110,,https://api.nasdaq.com/api/quote/QQQ/historical?assetclass=etf&fromdate=2016-07-26&todate=2026-07-26&limit=5000
QQQ,2022-05-19,289.29,294.39,287.58,289.58,79920710,,https://api.nasdaq.com/api/quote/QQQ/historical?assetclass=etf&fromdate=2016-07-26&todate=2026-07-26&limit=5000
QQQ,2022-05-20,293.13,293.8,280.21,288.68,91764170,,https://api.nasdaq.com/api/quote/QQQ/historical?assetclass=etf&fromdate=2016-07-26&todate=2026-07-26&limit=5000
QQQ,2022-05-23,289.75,293.87,287.29,293.48,63648400,,https://api.nasdaq.com/api/quote/QQQ/historical?assetclass=etf&fromdate=2016-07-26&todate=2026-07-26&limit=5000
QQQ,2022-05-24,288.125,288.86,282.25,287.24,73491120,,https://api.nasdaq.com/api/quote/QQQ/historical?assetclass=etf&fromdate=2016-07-26&todate=2026-07-26&limit=5000
QQQ,2022-05-25,285.71,293.39,285.5,291.26,67144550,,https://api.nasdaq.com/api/quote/QQQ/historical?assetclass=etf&fromdate=2016-07-26&todate=2026-07-26&limit=5000
QQQ,2022-05-26,290.44,300.92,290.15,299.33,59462230,,https://api.nasdaq.com/api/quote/QQQ/historical?assetclass=etf&fromdate=2016-07-26&todate=2026-07-26&limit=5000
QQQ,2022-05-27,302.54,309.25,302.42,309.1,66985600,,https://api.nasdaq.com/api/quote/QQQ/historical?assetclass=etf&fromdate=2016-07-26&todate=2026-07-26&limit=5000
QQQ,2022-05-31,309.07,311.33,304.33,308.28,60968330,,https://api.nasdaq.com/api/quote/QQQ/historical?assetclass=etf&fromdate=2016-07-26&todate=2026-07-26&limit=5000
QQQ,2022-06-01,310.47,312.65,303.73,306,65341650,,https://api.nasdaq.com/api/quote/QQQ/historical?assetclass=etf&fromdate=2016-07-26&todate=2026-07-26&limit=5000
QQQ,2022-06-02,304.85,314.56,303.4001,314.38,59291330,,https://api.nasdaq.com/api/quote/QQQ/historical?assetclass=etf&fromdate=2016-07-26&todate=2026-07-26&limit=5000
QQQ,2022-06-03,309.03,310.47,304.92,306.2,60914680,,https://api.nasdaq.com/api/quote/QQQ/historical?assetclass=etf&fromdate=2016-07-26&todate=2026-07-26&limit=5000
QQQ,2022-06-06,310.75,312.35,305.62,307.22,51785010,,https://api.nasdaq.com/api/quote/QQQ/historical?assetclass=etf&fromdate=2016-07-26&todate=2026-07-26&limit=5000
QQQ,2022-06-07,303.81,310.67,302.6886,309.87,44900290,,https://api.nasdaq.com/api/quote/QQQ/historical?assetclass=etf&fromdate=2016-07-26&todate=2026-07-26&limit=5000
QQQ,2022-06-08,309.05,311.72,306.77,307.64,38342060,,https://api.nasdaq.com/api/quote/QQQ/historical?assetclass=etf&fromdate=2016-07-26&todate=2026-07-26&limit=5000
QQQ,2022-06-09,305.91,309.05,299.23,299.4,55900480,,https://api.nasdaq.com/api/quote/QQQ/historical?assetclass=etf&fromdate=2016-07-26&todate=2026-07-26&limit=5000
QQQ,2022-06-10,293.65,294.87,288.384,288.84,85963460,,https://api.nasdaq.com/api/quote/QQQ/historical?assetclass=etf&fromdate=2016-07-26&todate=2026-07-26&limit=5000
QQQ,2022-06-13,279.75,282.34,274.53,275.41,94442010,,https://api.nasdaq.com/api/quote/QQQ/historical?assetclass=etf&fromdate=2016-07-26&todate=2026-07-26&limit=5000
QQQ,2022-06-14,277.66,278.66,273.3375,275.91,64697520,,https://api.nasdaq.com/api/quote/QQQ/historical?assetclass=etf&fromdate=2016-07-26&todate=2026-07-26&limit=5000
QQQ,2022-06-15,279.415,286.83,276.61,282.8,86051430,,https://api.nasdaq.com/api/quote/QQQ/historical?assetclass=etf&fromdate=2016-07-26&todate=2026-07-26&limit=5000
QQQ,2022-06-16,275.59,276.06,269.28,271.39,81910300,,https://api.nasdaq.com/api/quote/QQQ/historical?assetclass=etf&fromdate=2016-07-26&todate=2026-07-26&limit=5000
QQQ,2022-06-17,272.18,277.19,270.5119,274.69,82703400,,https://api.nasdaq.com/api/quote/QQQ/historical?assetclass=etf&fromdate=2016-07-26&todate=2026-07-26&limit=5000
QQQ,2022-06-21,278.75,283.45,278.64,281.08,51633740,,https://api.nasdaq.com/api/quote/QQQ/historical?assetclass=etf&fromdate=2016-07-26&todate=2026-07-26&limit=5000
QQQ,2022-06-22,278.52,285.18,277.91,280.67,67472920,,https://api.nasdaq.com/api/quote/QQQ/historical?assetclass=etf&fromdate=2016-07-26&todate=2026-07-26&limit=5000
QQQ,2022-06-23,283.21,285.72,280.31,284.85,57457800,,https://api.nasdaq.com/api/quote/QQQ/historical?assetclass=etf&fromdate=2016-07-26&todate=2026-07-26&limit=5000
QQQ,2022-06-24,287.74,295.04,287.5001,294.61,58422260,,https://api.nasdaq.com/api/quote/QQQ/historical?assetclass=etf&fromdate=2016-07-26&todate=2026-07-26&limit=5000
QQQ,2022-06-27,296,296.5799,291.29,292.45,54151450,,https://api.nasdaq.com/api/quote/QQQ/historical?assetclass=etf&fromdate=2016-07-26&todate=2026-07-26&limit=5000
QQQ,2022-06-28,293,295.65,283.35,283.54,61867060,,https://api.nasdaq.com/api/quote/QQQ/historical?assetclass=etf&fromdate=2016-07-26&todate=2026-07-26&limit=5000
QQQ,2022-06-29,283.4,285.34,280.84,283.8,57302730,,https://api.nasdaq.com/api/quote/QQQ/historical?assetclass=etf&fromdate=2016-07-26&todate=2026-07-26&limit=5000
QQQ,2022-06-30,280.75,283.9441,275.78,280.28,79313580,,https://api.nasdaq.com/api/quote/QQQ/historical?assetclass=etf&fromdate=2016-07-26&todate=2026-07-26&limit=5000
QQQ,2022-07-01,278.95,282.53,277.03,282.13,56675110,,https://api.nasdaq.com/api/quote/QQQ/historical?assetclass=etf&fromdate=2016-07-26&todate=2026-07-26&limit=5000
QQQ,2022-07-05,278.31,287.08,276.7501,286.96,61829270,,https://api.nasdaq.com/api/quote/QQQ/historical?assetclass=etf&fromdate=2016-07-26&todate=2026-07-26&limit=5000
QQQ,2022-07-06,287.35,290.95,285.59,288.8,63194720,,https://api.nasdaq.com/api/quote/QQQ/historical?assetclass=etf&fromdate=2016-07-26&todate=2026-07-26&limit=5000
QQQ,2022-07-07,289.63,295.7,289.63,294.98,56620110,,https://api.nasdaq.com/api/quote/QQQ/historical?assetclass=etf&fromdate=2016-07-26&todate=2026-07-26&limit=5000
QQQ,2022-07-08,292.08,296.75,291.12,295.35,59895480,,https://api.nasdaq.com/api/quote/QQQ/historical?assetclass=etf&fromdate=2016-07-26&todate=2026-07-26&limit=5000
QQQ,2022-07-11,292.88,293.11,288.14,289.04,55273920,,https://api.nasdaq.com/api/quote/QQQ/historical?assetclass=etf&fromdate=2016-07-26&todate=2026-07-26&limit=5000
QQQ,2022-07-12,290.32,292.28,284.61,286.24,55797090,,https://api.nasdaq.com/api/quote/QQQ/historical?assetclass=etf&fromdate=2016-07-26&todate=2026-07-26&limit=5000
QQQ,2022-07-13,280.6,288.05,280.02,285.65,73939420,,https://api.nasdaq.com/api/quote/QQQ/historical?assetclass=etf&fromdate=2016-07-26&todate=2026-07-26&limit=5000
QQQ,2022-07-14,282.99,287.56,279.8,286.67,63741840,,https://api.nasdaq.com/api/quote/QQQ/historical?assetclass=etf&fromdate=2016-07-26&todate=2026-07-26&limit=5000
QQQ,2022-07-15,289.73,291.98,288.08,291.87,63818150,,https://api.nasdaq.com/api/quote/QQQ/historical?assetclass=etf&fromdate=2016-07-26&todate=2026-07-26&limit=5000
QQQ,2022-07-18,294.72,296.16,288.2,289.4,59519580,,https://api.nasdaq.com/api/quote/QQQ/historical?assetclass=etf&fromdate=2016-07-26&todate=2026-07-26&limit=5000
QQQ,2022-07-19,293.11,298.6,291.47,298.3,55172640,,https://api.nasdaq.com/api/quote/QQQ/historical?assetclass=etf&fromdate=2016-07-26&todate=2026-07-26&limit=5000
QQQ,2022-07-20,298.73,304.24,297.9329,303.03,67769430,,https://api.nasdaq.com/api/quote/QQQ/historical?assetclass=etf&fromdate=2016-07-26&todate=2026-07-26&limit=5000
QQQ,2022-07-21,303.5,307.435,300.78,307.38,55049360,,https://api.nasdaq.com/api/quote/QQQ/historical?assetclass=etf&fromdate=2016-07-26&todate=2026-07-26&limit=5000
QQQ,2022-07-22,306.43,308.55,300.115,301.99,57127720,,https://api.nasdaq.com/api/quote/QQQ/historical?assetclass=etf&fromdate=2016-07-26&todate=2026-07-26&limit=5000
QQQ,2022-07-25,302.02,302.5,298.22,300.27,40582380,,https://api.nasdaq.com/api/quote/QQQ/historical?assetclass=etf&fromdate=2016-07-26&todate=2026-07-26&limit=5000
QQQ,2022-07-26,298.53,298.79,293.54,294.37,50074120,,https://api.nasdaq.com/api/quote/QQQ/historical?assetclass=etf&fromdate=2016-07-26&todate=2026-07-26&limit=5000
QQQ,2022-07-27,299.04,308.54,298.46,306.81,69304360,,https://api.nasdaq.com/api/quote/QQQ/historical?assetclass=etf&fromdate=2016-07-26&todate=2026-07-26&limit=5000
QQQ,2022-07-28,306.59,310.3965,302.745,309.81,55139940,,https://api.nasdaq.com/api/quote/QQQ/historical?assetclass=etf&fromdate=2016-07-26&todate=2026-07-26&limit=5000
QQQ,2022-07-29,311.385,316.39,309.931,315.46,57501040,,https://api.nasdaq.com/api/quote/QQQ/historical?assetclass=etf&fromdate=2016-07-26&todate=2026-07-26&limit=5000
QQQ,2022-08-01,313.65,318.81,312.53,315.27,46358830,,https://api.nasdaq.com/api/quote/QQQ/historical?assetclass=etf&fromdate=2016-07-26&todate=2026-07-26&limit=5000
QQQ,2022-08-02,312.92,318.545,311.8401,314.33,48676500,,https://api.nasdaq.com/api/quote/QQQ/historical?assetclass=etf&fromdate=2016-07-26&todate=2026-07-26&limit=5000
QQQ,2022-08-03,316.05,323.7291,315.99,322.89,53735730,,https://api.nasdaq.com/api/quote/QQQ/historical?assetclass=etf&fromdate=2016-07-26&todate=2026-07-26&limit=5000
QQQ,2022-08-04,322.97,324.72,320.77,324.4,38973660,,https://api.nasdaq.com/api/quote/QQQ/historical?assetclass=etf&fromdate=2016-07-26&todate=2026-07-26&limit=5000
QQQ,2022-08-05,319.19,323.83,318.39,321.75,53893970,,https://api.nasdaq.com/api/quote/QQQ/historical?assetclass=etf&fromdate=2016-07-26&todate=2026-07-26&limit=5000
QQQ,2022-08-08,322.69,326.47,319.21,320.71,44066300,,https://api.nasdaq.com/api/quote/QQQ/historical?assetclass=etf&fromdate=2016-07-26&todate=2026-07-26&limit=5000
QQQ,2022-08-09,318.77,319.03,315.42,317.08,39764220,,https://api.nasdaq.com/api/quote/QQQ/historical?assetclass=etf&fromdate=2016-07-26&todate=2026-07-26&limit=5000
QQQ,2022-08-10,324.59,326.23,322.0601,325.93,51459560,,https://api.nasdaq.com/api/quote/QQQ/historical?assetclass=etf&fromdate=2016-07-26&todate=2026-07-26&limit=5000
QQQ,2022-08-11,328.305,330.36,323.36,324.08,45897650,,https://api.nasdaq.com/api/quote/QQQ/historical?assetclass=etf&fromdate=2016-07-26&todate=2026-07-26&limit=5000
QQQ,2022-08-12,326.175,330.585,325.1001,330.39,40928380,,https://api.nasdaq.com/api/quote/QQQ/historical?assetclass=etf&fromdate=2016-07-26&todate=2026-07-26&limit=5000
QQQ,2022-08-15,329.42,333.5652,329.4,333.06,38266610,,https://api.nasdaq.com/api/quote/QQQ/historical?assetclass=etf&fromdate=2016-07-26&todate=2026-07-26&limit=5000
QQQ,2022-08-16,332.055,334.4209,329.16,332.28,41186860,,https://api.nasdaq.com/api/quote/QQQ/historical?assetclass=etf&fromdate=2016-07-26&todate=2026-07-26&limit=5000
QQQ,2022-08-17,329.07,331.43,326.36,328.49,47842160,,https://api.nasdaq.com/api/quote/QQQ/historical?assetclass=etf&fromdate=2016-07-26&todate=2026-07-26&limit=5000
QQQ,2022-08-18,328.44,330.49,326.79,329.28,41937170,,https://api.nasdaq.com/api/quote/QQQ/historical?assetclass=etf&fromdate=2016-07-26&todate=2026-07-26&limit=5000
QQQ,2022-08-19,326.17,326.84,322.08,322.86,51770570,,https://api.nasdaq.com/api/quote/QQQ/historical?assetclass=etf&fromdate=2016-07-26&todate=2026-07-26&limit=5000
QQQ,2022-08-22,318.5,318.74,313.53,314.36,51098890,,https://api.nasdaq.com/api/quote/QQQ/historical?assetclass=etf&fromdate=2016-07-26&todate=2026-07-26&limit=5000
QQQ,2022-08-23,314.12,317,313.33,314.1,39497070,,https://api.nasdaq.com/api/quote/QQQ/historical?assetclass=etf&fromdate=2016-07-26&todate=2026-07-26&limit=5000
QQQ,2022-08-24,313.61,316.87,312.99,315.01,38057060,,https://api.nasdaq.com/api/quote/QQQ/historical?assetclass=etf&fromdate=2016-07-26&todate=2026-07-26&limit=5000
QQQ,2022-08-25,316.83,320.6,315.7577,320.58,38098260,,https://api.nasdaq.com/api/quote/QQQ/historical?assetclass=etf&fromdate=2016-07-26&todate=2026-07-26&limit=5000
QQQ,2022-08-26,320.28,321.51,307.35,307.44,69047740,,https://api.nasdaq.com/api/quote/QQQ/historical?assetclass=etf&fromdate=2016-07-26&todate=2026-07-26&limit=5000
QQQ,2022-08-29,304.62,307.22,303.28,304.41,48321850,,https://api.nasdaq.com/api/quote/QQQ/historical?assetclass=etf&fromdate=2016-07-26&todate=2026-07-26&limit=5000
QQQ,2022-08-30,306.1,306.73,298.44,301.02,51184500,,https://api.nasdaq.com/api/quote/QQQ/historical?assetclass=etf&fromdate=2016-07-26&todate=2026-07-26&limit=5000
QQQ,2022-08-31,303.99,304.91,299.16,299.27,50044040,,https://api.nasdaq.com/api/quote/QQQ/historical?assetclass=etf&fromdate=2016-07-26&todate=2026-07-26&limit=5000
QQQ,2022-09-01,296.72,299.78,292.95,299.4,57990750,,https://api.nasdaq.com/api/quote/QQQ/historical?assetclass=etf&fromdate=2016-07-26&todate=2026-07-26&limit=5000
QQQ,2022-09-02,302.34,303.75,293.52,295.17,64666840,,https://api.nasdaq.com/api/quote/QQQ/historical?assetclass=etf&fromdate=2016-07-26&todate=2026-07-26&limit=5000
QQQ,2022-09-06,295.66,296.6,290.87,293.05,57005440,,https://api.nasdaq.com/api/quote/QQQ/historical?assetclass=etf&fromdate=2016-07-26&todate=2026-07-26&limit=5000
QQQ,2022-09-07,293.54,299.99,293.27,298.97,49260380,,https://api.nasdaq.com/api/quote/QQQ/historical?assetclass=etf&fromdate=2016-07-26&todate=2026-07-26&limit=5000
QQQ,2022-09-08,296.85,301.87,295.45,300.52,55649820,,https://api.nasdaq.com/api/quote/QQQ/historical?assetclass=etf&fromdate=2016-07-26&todate=2026-07-26&limit=5000
QQQ,2022-09-09,302.83,307.6,300.5209,307.09,56125220,,https://api.nasdaq.com/api/quote/QQQ/historical?assetclass=etf&fromdate=2016-07-26&todate=2026-07-26&limit=5000
QQQ,2022-09-12,308.5,311.08,308.18,310.74,45905740,,https://api.nasdaq.com/api/quote/QQQ/historical?assetclass=etf&fromdate=2016-07-26&todate=2026-07-26&limit=5000
QQQ,2022-09-13,301.8,303.02,292.785,293.7,79562170,,https://api.nasdaq.com/api/quote/QQQ/historical?assetclass=etf&fromdate=2016-07-26&todate=2026-07-26&limit=5000
QQQ,2022-09-14,294.865,296.93,293.06,296.03,54907200,,https://api.nasdaq.com/api/quote/QQQ/historical?assetclass=etf&fromdate=2016-07-26&todate=2026-07-26&limit=5000
QQQ,2022-09-15,294.07,296.53,289.46,291.1,65299410,,https://api.nasdaq.com/api/quote/QQQ/historical?assetclass=etf&fromdate=2016-07-26&todate=2026-07-26&limit=5000
QQQ,2022-09-16,287.72,289.72,285.62,289.32,79920390,,https://api.nasdaq.com/api/quote/QQQ/historical?assetclass=etf&fromdate=2016-07-26&todate=2026-07-26&limit=5000
QQQ,2022-09-19,286.1,291.21,286.04,291.05,52613830,,https://api.nasdaq.com/api/quote/QQQ/historical?assetclass=etf&fromdate=2016-07-26&todate=2026-07-26&limit=5000
QQQ,2022-09-20,288.49,291.07,286.38,288.73,51271120,,https://api.nasdaq.com/api/quote/QQQ/historical?assetclass=etf&fromdate=2016-07-26&todate=2026-07-26&limit=5000
QQQ,2022-09-21,289.59,293.95,283.42,283.56,82930960,,https://api.nasdaq.com/api/quote/QQQ/historical?assetclass=etf&fromdate=2016-07-26&todate=2026-07-26&limit=5000
QQQ,2022-09-22,282,283.03,278.815,280.07,62757070,,https://api.nasdaq.com/api/quote/QQQ/historical?assetclass=etf&fromdate=2016-07-26&todate=2026-07-26&limit=5000
QQQ,2022-09-23,277.55,277.85,272.02,275.51,74815190,,https://api.nasdaq.com/api/quote/QQQ/historical?assetclass=etf&fromdate=2016-07-26&todate=2026-07-26&limit=5000
QQQ,2022-09-26,275.03,279.49,273.56,274.37,71176690,,https://api.nasdaq.com/api/quote/QQQ/historical?assetclass=etf&fromdate=2016-07-26&todate=2026-07-26&limit=5000
QQQ,2022-09-27,277.81,280.21,272.11,274.48,69780120,,https://api.nasdaq.com/api/quote/QQQ/historical?assetclass=etf&fromdate=2016-07-26&todate=2026-07-26&limit=5000
QQQ,2022-09-28,274.46,281.25,272.945,279.94,79652140,,https://api.nasdaq.com/api/quote/QQQ/historical?assetclass=etf&fromdate=2016-07-26&todate=2026-07-26&limit=5000
QQQ,2022-09-29,275.86,276.25,268.84,271.87,81215960,,https://api.nasdaq.com/api/quote/QQQ/historical?assetclass=etf&fromdate=2016-07-26&todate=2026-07-26&limit=5000
QQQ,2022-09-30,271.03,275.19,267.1,267.26,78482380,,https://api.nasdaq.com/api/quote/QQQ/historical?assetclass=etf&fromdate=2016-07-26&todate=2026-07-26&limit=5000
QQQ,2022-10-03,269.07,275.16,267.53,273.53,61267450,,https://api.nasdaq.com/api/quote/QQQ/historical?assetclass=etf&fromdate=2016-07-26&todate=2026-07-26&limit=5000
QQQ,2022-10-04,278.99,282.85,278.99,282.13,66696930,,https://api.nasdaq.com/api/quote/QQQ/historical?assetclass=etf&fromdate=2016-07-26&todate=2026-07-26&limit=5000
QQQ,2022-10-05,278.28,283.81,275.42,281.98,55766320,,https://api.nasdaq.com/api/quote/QQQ/historical?assetclass=etf&fromdate=2016-07-26&todate=2026-07-26&limit=5000
QQQ,2022-10-06,280.96,284.18,279.43,279.76,53489410,,https://api.nasdaq.com/api/quote/QQQ/historical?assetclass=etf&fromdate=2016-07-26&todate=2026-07-26&limit=5000
QQQ,2022-10-07,275.02,275.15,267.74,269.1,71354670,,https://api.nasdaq.com/api/quote/QQQ/historical?assetclass=etf&fromdate=2016-07-26&todate=2026-07-26&limit=5000
QQQ,2022-10-10,269.3,269.7,263.64,266.41,60392990,,https://api.nasdaq.com/api/quote/QQQ/historical?assetclass=etf&fromdate=2016-07-26&todate=2026-07-26&limit=5000
QQQ,2022-10-11,264.7,267.63,261.03,262.75,66522510,,https://api.nasdaq.com/api/quote/QQQ/historical?assetclass=etf&fromdate=2016-07-26&todate=2026-07-26&limit=5000
QQQ,2022-10-12,263.4,265.36,261.95,262.66,50580180,,https://api.nasdaq.com/api/quote/QQQ/historical?assetclass=etf&fromdate=2016-07-26&todate=2026-07-26&limit=5000
QQQ,2022-10-13,255.16,270.17,254.26,268.82,112894100,,https://api.nasdaq.com/api/quote/QQQ/historical?assetclass=etf&fromdate=2016-07-26&todate=2026-07-26&limit=5000
QQQ,2022-10-14,271.2,271.81,260.14,260.74,77244300,,https://api.nasdaq.com/api/quote/QQQ/historical?assetclass=etf&fromdate=2016-07-26&todate=2026-07-26&limit=5000
QQQ,2022-10-17,266.84,270.24,266.74,269.35,64576450,,https://api.nasdaq.com/api/quote/QQQ/historical?assetclass=etf&fromdate=2016-07-26&todate=2026-07-26&limit=5000
QQQ,2022-10-18,276.53,277.21,268.74,271.48,69781000,,https://api.nasdaq.com/api/quote/QQQ/historical?assetclass=etf&fromdate=2016-07-26&todate=2026-07-26&limit=5000
QQQ,2022-10-19,269.93,273.68,268.07,270.49,53115410,,https://api.nasdaq.com/api/quote/QQQ/historical?assetclass=etf&fromdate=2016-07-26&todate=2026-07-26&limit=5000
QQQ,2022-10-20,269.58,274.84,267.92,269.11,60605500,,https://api.nasdaq.com/api/quote/QQQ/historical?assetclass=etf&fromdate=2016-07-26&todate=2026-07-26&limit=5000
QQQ,2022-10-21,267.98,275.969,266.8236,275.42,77897690,,https://api.nasdaq.com/api/quote/QQQ/historical?assetclass=etf&fromdate=2016-07-26&todate=2026-07-26&limit=5000
QQQ,2022-10-24,275.69,279.4,271.97,278.45,63963570,,https://api.nasdaq.com/api/quote/QQQ/historical?assetclass=etf&fromdate=2016-07-26&todate=2026-07-26&limit=5000
QQQ,2022-10-25,279.41,284.6,277.9,284.21,59014490,,https://api.nasdaq.com/api/quote/QQQ/historical?assetclass=etf&fromdate=2016-07-26&todate=2026-07-26&limit=5000
QQQ,2022-10-26,278.46,283.98,277.43,277.93,63898250,,https://api.nasdaq.com/api/quote/QQQ/historical?assetclass=etf&fromdate=2016-07-26&todate=2026-07-26&limit=5000
QQQ,2022-10-27,276.79,278.2795,272.34,272.87,57760300,,https://api.nasdaq.com/api/quote/QQQ/historical?assetclass=etf&fromdate=2016-07-26&todate=2026-07-26&limit=5000
QQQ,2022-10-28,272.23,281.698,272.06,281.22,62651310,,https://api.nasdaq.com/api/quote/QQQ/historical?assetclass=etf&fromdate=2016-07-26&todate=2026-07-26&limit=5000
QQQ,2022-10-31,278.92,279.76,275.99,277.95,47741950,,https://api.nasdaq.com/api/quote/QQQ/historical?assetclass=etf&fromdate=2016-07-26&todate=2026-07-26&limit=5000
QQQ,2022-11-01,281.495,282.07,274.74,275.11,45895900,,https://api.nasdaq.com/api/quote/QQQ/historical?assetclass=etf&fromdate=2016-07-26&todate=2026-07-26&limit=5000
QQQ,2022-11-02,275.08,278.21,265.61,265.68,79803140,,https://api.nasdaq.com/api/quote/QQQ/historical?assetclass=etf&fromdate=2016-07-26&todate=2026-07-26&limit=5000
QQQ,2022-11-03,263.01,264.5,260.1,260.49,70038900,,https://api.nasdaq.com/api/quote/QQQ/historical?assetclass=etf&fromdate=2016-07-26&todate=2026-07-26&limit=5000
QQQ,2022-11-04,265.53,266.61,259.08,264.68,78313210,,https://api.nasdaq.com/api/quote/QQQ/historical?assetclass=etf&fromdate=2016-07-26&todate=2026-07-26&limit=5000
QQQ,2022-11-07,265.75,268.14,263.57,267.59,47333830,,https://api.nasdaq.com/api/quote/QQQ/historical?assetclass=etf&fromdate=2016-07-26&todate=2026-07-26&limit=5000
QQQ,2022-11-08,269.14,272.85,265.52,269.54,63213790,,https://api.nasdaq.com/api/quote/QQQ/historical?assetclass=etf&fromdate=2016-07-26&todate=2026-07-26&limit=5000
QQQ,2022-11-09,267.76,268.56,263.03,263.32,64862130,,https://api.nasdaq.com/api/quote/QQQ/historical?assetclass=etf&fromdate=2016-07-26&todate=2026-07-26&limit=5000
QQQ,2022-11-10,276.01,283.05,273.85,282.75,99256690,,https://api.nasdaq.com/api/quote/QQQ/historical?assetclass=etf&fromdate=2016-07-26&todate=2026-07-26&limit=5000
QQQ,2022-11-11,282.56,288.64,281.19,287.96,66961750,,https://api.nasdaq.com/api/quote/QQQ/historical?assetclass=etf&fromdate=2016-07-26&todate=2026-07-26&limit=5000
QQQ,2022-11-14,285.86,289.215,284.44,285.44,55080050,,https://api.nasdaq.com/api/quote/QQQ/historical?assetclass=etf&fromdate=2016-07-26&todate=2026-07-26&limit=5000
QQQ,2022-11-15,292.21,293.26,285.97,289.39,73985370,,https://api.nasdaq.com/api/quote/QQQ/historical?assetclass=etf&fromdate=2016-07-26&todate=2026-07-26&limit=5000
QQQ,2022-11-16,287.39,289.4838,284.6,285.44,48859800,,https://api.nasdaq.com/api/quote/QQQ/historical?assetclass=etf&fromdate=2016-07-26&todate=2026-07-26&limit=5000
QQQ,2022-11-17,280.88,286.3189,280.72,284.81,55462080,,https://api.nasdaq.com/api/quote/QQQ/historical?assetclass=etf&fromdate=2016-07-26&todate=2026-07-26&limit=5000
QQQ,2022-11-18,287.89,287.99,282.3211,284.82,53588630,,https://api.nasdaq.com/api/quote/QQQ/historical?assetclass=etf&fromdate=2016-07-26&todate=2026-07-26&limit=5000
QQQ,2022-11-21,283.4,284.58,281.04,281.89,40083530,,https://api.nasdaq.com/api/quote/QQQ/historical?assetclass=etf&fromdate=2016-07-26&todate=2026-07-26&limit=5000
QQQ,2022-11-22,282.64,286.11,280.46,285.95,41873440,,https://api.nasdaq.com/api/quote/QQQ/historical?assetclass=etf&fromdate=2016-07-26&todate=2026-07-26&limit=5000
QQQ,2022-11-23,285.97,289.46,285.79,288.82,46389970,,https://api.nasdaq.com/api/quote/QQQ/historical?assetclass=etf&fromdate=2016-07-26&todate=2026-07-26&limit=5000
QQQ,2022-11-25,287.19,287.91,286.42,286.92,15498800,,https://api.nasdaq.com/api/quote/QQQ/historical?assetclass=etf&fromdate=2016-07-26&todate=2026-07-26&limit=5000
QQQ,2022-11-28,284.9,286.96,281.76,282.71,38877050,,https://api.nasdaq.com/api/quote/QQQ/historical?assetclass=etf&fromdate=2016-07-26&todate=2026-07-26&limit=5000
QQQ,2022-11-29,282.94,283.35,279.17,280.57,35618880,,https://api.nasdaq.com/api/quote/QQQ/historical?assetclass=etf&fromdate=2016-07-26&todate=2026-07-26&limit=5000
QQQ,2022-11-30,280.84,293.47,279.97,293.36,74718090,,https://api.nasdaq.com/api/quote/QQQ/historical?assetclass=etf&fromdate=2016-07-26&todate=2026-07-26&limit=5000
QQQ,2022-12-01,293.69,295.75,290.88,293.72,51547330,,https://api.nasdaq.com/api/quote/QQQ/historical?assetclass=etf&fromdate=2016-07-26&todate=2026-07-26&limit=5000
QQQ,2022-12-02,288.54,293.45,288.36,292.55,53583170,,https://api.nasdaq.com/api/quote/QQQ/historical?assetclass=etf&fromdate=2016-07-26&todate=2026-07-26&limit=5000
QQQ,2022-12-05,290.38,291.68,286.15,287.64,41482120,,https://api.nasdaq.com/api/quote/QQQ/historical?assetclass=etf&fromdate=2016-07-26&todate=2026-07-26&limit=5000
QQQ,2022-12-06,287.48,287.62,280.255,281.68,53937610,,https://api.nasdaq.com/api/quote/QQQ/historical?assetclass=etf&fromdate=2016-07-26&todate=2026-07-26&limit=5000
QQQ,2022-12-07,280.47,282.57,278.7801,280.53,45614250,,https://api.nasdaq.com/api/quote/QQQ/historical?assetclass=etf&fromdate=2016-07-26&todate=2026-07-26&limit=5000
QQQ,2022-12-08,281.91,284.84,279.79,283.85,42594910,,https://api.nasdaq.com/api/quote/QQQ/historical?assetclass=etf&fromdate=2016-07-26&todate=2026-07-26&limit=5000
QQQ,2022-12-09,282.81,285.64,281.59,282.04,47860490,,https://api.nasdaq.com/api/quote/QQQ/historical?assetclass=etf&fromdate=2016-07-26&todate=2026-07-26&limit=5000
QQQ,2022-12-12,282.22,285.64,281.16,285.58,35732520,,https://api.nasdaq.com/api/quote/QQQ/historical?assetclass=etf&fromdate=2016-07-26&todate=2026-07-26&limit=5000
QQQ,2022-12-13,296.65,296.875,285.91,288.65,80667680,,https://api.nasdaq.com/api/quote/QQQ/historical?assetclass=etf&fromdate=2016-07-26&todate=2026-07-26&limit=5000
QQQ,2022-12-14,288.05,291.41,283.19,286.51,64984430,,https://api.nasdaq.com/api/quote/QQQ/historical?assetclass=etf&fromdate=2016-07-26&todate=2026-07-26&limit=5000
QQQ,2022-12-15,282.33,283.01,275.67,276.89,60554120,,https://api.nasdaq.com/api/quote/QQQ/historical?assetclass=etf&fromdate=2016-07-26&todate=2026-07-26&limit=5000
QQQ,2022-12-16,276.2,277.77,272.61,274.25,68300350,,https://api.nasdaq.com/api/quote/QQQ/historical?assetclass=etf&fromdate=2016-07-26&todate=2026-07-26&limit=5000
QQQ,2022-12-19,273.87,273.96,268.49,269.75,44167920,,https://api.nasdaq.com/api/quote/QQQ/historical?assetclass=etf&fromdate=2016-07-26&todate=2026-07-26&limit=5000
QQQ,2022-12-20,268.56,271.32,266.95,269.54,51064200,,https://api.nasdaq.com/api/quote/QQQ/historical?assetclass=etf&fromdate=2016-07-26&todate=2026-07-26&limit=5000
QQQ,2022-12-21,270.6,274.78,269.74,273.45,46394690,,https://api.nasdaq.com/api/quote/QQQ/historical?assetclass=etf&fromdate=2016-07-26&todate=2026-07-26&limit=5000
QQQ,2022-12-22,270.38,270.5149,262.455,266.76,60278380,,https://api.nasdaq.com/api/quote/QQQ/historical?assetclass=etf&fromdate=2016-07-26&todate=2026-07-26&limit=5000
QQQ,2022-12-23,265.47,268.04,263.53,267.36,39373580,,https://api.nasdaq.com/api/quote/QQQ/historical?assetclass=etf&fromdate=2016-07-26&todate=2026-07-26&limit=5000
QQQ,2022-12-27,266.74,266.85,263.03,263.58,38009010,,https://api.nasdaq.com/api/quote/QQQ/historical?assetclass=etf&fromdate=2016-07-26&todate=2026-07-26&limit=5000
QQQ,2022-12-28,263.17,265.47,259.73,260.1,47139040,,https://api.nasdaq.com/api/quote/QQQ/historical?assetclass=etf&fromdate=2016-07-26&todate=2026-07-26&limit=5000
QQQ,2022-12-29,262.96,267.405,262.25,266.44,45893570,,https://api.nasdaq.com/api/quote/QQQ/historical?assetclass=etf&fromdate=2016-07-26&todate=2026-07-26&limit=5000
QQQ,2022-12-30,263.62,266.41,262.29,266.28,37858280,,https://api.nasdaq.com/api/quote/QQQ/historical?assetclass=etf&fromdate=2016-07-26&todate=2026-07-26&limit=5000
QQQ,2023-01-03,268.65,270.155,262.13,264.48,42335330,,https://api.nasdaq.com/api/quote/QQQ/historical?assetclass=etf&fromdate=2016-07-26&todate=2026-07-26&limit=5000
QQQ,2023-01-04,266.64,267.45,262.53,265.74,47754860,,https://api.nasdaq.com/api/quote/QQQ/historical?assetclass=etf&fromdate=2016-07-26&todate=2026-07-26&limit=5000
QQQ,2023-01-05,264.04,264.21,261.26,261.58,45396740,,https://api.nasdaq.com/api/quote/QQQ/historical?assetclass=etf&fromdate=2016-07-26&todate=2026-07-26&limit=5000
QQQ,2023-01-06,263.35,269.94,260.34,268.8,54659740,,https://api.nasdaq.com/api/quote/QQQ/historical?assetclass=etf&fromdate=2016-07-26&todate=2026-07-26&limit=5000
QQQ,2023-01-09,270.83,275.29,269.92,270.54,45568680,,https://api.nasdaq.com/api/quote/QQQ/historical?assetclass=etf&fromdate=2016-07-26&todate=2026-07-26&limit=5000
QQQ,2023-01-10,269.49,272.94,268.97,272.83,35247760,,https://api.nasdaq.com/api/quote/QQQ/historical?assetclass=etf&fromdate=2016-07-26&todate=2026-07-26&limit=5000
QQQ,2023-01-11,273.92,277.66,273.12,277.55,44077040,,https://api.nasdaq.com/api/quote/QQQ/historical?assetclass=etf&fromdate=2016-07-26&todate=2026-07-26&limit=5000
QQQ,2023-01-12,278.12,280.1,273.74,279.05,60599950,,https://api.nasdaq.com/api/quote/QQQ/historical?assetclass=etf&fromdate=2016-07-26&todate=2026-07-26&limit=5000
QQQ,2023-01-13,276.5,281.219,276.16,280.97,44802940,,https://api.nasdaq.com/api/quote/QQQ/historical?assetclass=etf&fromdate=2016-07-26&todate=2026-07-26&limit=5000
QQQ,2023-01-17,280.77,282.85,279.581,281.54,36269740,,https://api.nasdaq.com/api/quote/QQQ/historical?assetclass=etf&fromdate=2016-07-26&todate=2026-07-26&limit=5000
QQQ,2023-01-18,283.11,284.69,277.67,277.88,47754550,,https://api.nasdaq.com/api/quote/QQQ/historical?assetclass=etf&fromdate=2016-07-26&todate=2026-07-26&limit=5000
QQQ,2023-01-19,276.22,277.375,273.89,275.15,44150440,,https://api.nasdaq.com/api/quote/QQQ/historical?assetclass=etf&fromdate=2016-07-26&todate=2026-07-26&limit=5000
QQQ,2023-01-20,276.79,283.02,275.71,282.68,60613610,,https://api.nasdaq.com/api/quote/QQQ/historical?assetclass=etf&fromdate=2016-07-26&todate=2026-07-26&limit=5000
QQQ,2023-01-23,283.54,290.21,282.73,288.96,52799910,,https://api.nasdaq.com/api/quote/QQQ/historical?assetclass=etf&fromdate=2016-07-26&todate=2026-07-26&limit=5000
QQQ,2023-01-24,287.31,289.55,286.78,288.37,44875150,,https://api.nasdaq.com/api/quote/QQQ/historical?assetclass=etf&fromdate=2016-07-26&todate=2026-07-26&limit=5000
QQQ,2023-01-25,283.77,288.36,281.18,287.73,50872020,,https://api.nasdaq.com/api/quote/QQQ/historical?assetclass=etf&fromdate=2016-07-26&todate=2026-07-26&limit=5000
QQQ,2023-01-26,291.22,293.52,288.519,293.34,51596340,,https://api.nasdaq.com/api/quote/QQQ/historical?assetclass=etf&fromdate=2016-07-26&todate=2026-07-26&limit=5000
QQQ,2023-01-27,292,298.26,291.88,296.26,56441940,,https://api.nasdaq.com/api/quote/QQQ/historical?assetclass=etf&fromdate=2016-07-26&todate=2026-07-26&limit=5000
QQQ,2023-01-30,292.93,294.38,289.89,290.27,49405830,,https://api.nasdaq.com/api/quote/QQQ/historical?assetclass=etf&fromdate=2016-07-26&todate=2026-07-26&limit=5000
QQQ,2023-01-31,290.31,294.72,290.2,294.62,46705110,,https://api.nasdaq.com/api/quote/QQQ/historical?assetclass=etf&fromdate=2016-07-26&todate=2026-07-26&limit=5000
QQQ,2023-02-01,294.41,303.43,292.3,300.92,67562170,,https://api.nasdaq.com/api/quote/QQQ/historical?assetclass=etf&fromdate=2016-07-26&todate=2026-07-26&limit=5000
QQQ,2023-02-02,307.57,313.68,306.73,311.72,83070630,,https://api.nasdaq.com/api/quote/QQQ/historical?assetclass=etf&fromdate=2016-07-26&todate=2026-07-26&limit=5000
QQQ,2023-02-03,304.94,312.39,304.54,306.18,76170800,,https://api.nasdaq.com/api/quote/QQQ/historical?assetclass=etf&fromdate=2016-07-26&todate=2026-07-26&limit=5000
QQQ,2023-02-06,303.51,305.91,302.22,303.59,40802350,,https://api.nasdaq.com/api/quote/QQQ/historical?assetclass=etf&fromdate=2016-07-26&todate=2026-07-26&limit=5000
QQQ,2023-02-07,303.46,311.03,302.32,309.88,67583980,,https://api.nasdaq.com/api/quote/QQQ/historical?assetclass=etf&fromdate=2016-07-26&todate=2026-07-26&limit=5000
QQQ,2023-02-08,308.54,309.5,303.67,304.37,56720860,,https://api.nasdaq.com/api/quote/QQQ/historical?assetclass=etf&fromdate=2016-07-26&todate=2026-07-26&limit=5000
QQQ,2023-02-09,308.84,308.99,300.2,301.68,49137820,,https://api.nasdaq.com/api/quote/QQQ/historical?assetclass=etf&fromdate=2016-07-26&todate=2026-07-26&limit=5000
QQQ,2023-02-10,299.48,301.57,297.25,299.7,50050100,,https://api.nasdaq.com/api/quote/QQQ/historical?assetclass=etf&fromdate=2016-07-26&todate=2026-07-26&limit=5000
QQQ,2023-02-13,301.13,305.1,299.93,304.5,39636720,,https://api.nasdaq.com/api/quote/QQQ/historical?assetclass=etf&fromdate=2016-07-26&todate=2026-07-26&limit=5000
QQQ,2023-02-14,302.89,307.72,300.91,306.75,64079060,,https://api.nasdaq.com/api/quote/QQQ/historical?assetclass=etf&fromdate=2016-07-26&todate=2026-07-26&limit=5000
QQQ,2023-02-15,304.9,309.27,304.2,309.1,43427300,,https://api.nasdaq.com/api/quote/QQQ/historical?assetclass=etf&fromdate=2016-07-26&todate=2026-07-26&limit=5000
QQQ,2023-02-16,304.38,308.43,303.15,303.3,59498630,,https://api.nasdaq.com/api/quote/QQQ/historical?assetclass=etf&fromdate=2016-07-26&todate=2026-07-26&limit=5000
QQQ,2023-02-17,301.07,301.93,298.1,301.16,58230730,,https://api.nasdaq.com/api/quote/QQQ/historical?assetclass=etf&fromdate=2016-07-26&todate=2026-07-26&limit=5000
QQQ,2023-02-21,297.26,298.73,293.89,294.03,46526710,,https://api.nasdaq.com/api/quote/QQQ/historical?assetclass=etf&fromdate=2016-07-26&todate=2026-07-26&limit=5000
QQQ,2023-02-22,294.62,296.3599,292.56,294.25,51389240,,https://api.nasdaq.com/api/quote/QQQ/historical?assetclass=etf&fromdate=2016-07-26&todate=2026-07-26&limit=5000
QQQ,2023-02-23,297.97,298.13,292.55,296.82,69294440,,https://api.nasdaq.com/api/quote/QQQ/historical?assetclass=etf&fromdate=2016-07-26&todate=2026-07-26&limit=5000
QQQ,2023-02-24,291.76,292.97,290.05,291.85,74331960,,https://api.nasdaq.com/api/quote/QQQ/historical?assetclass=etf&fromdate=2016-07-26&todate=2026-07-26&limit=5000
QQQ,2023-02-27,295.07,296.49,293.34,293.94,48995010,,https://api.nasdaq.com/api/quote/QQQ/historical?assetclass=etf&fromdate=2016-07-26&todate=2026-07-26&limit=5000
QQQ,2023-02-28,293.3,296.124,292.96,293.56,48243140,,https://api.nasdaq.com/api/quote/QQQ/historical?assetclass=etf&fromdate=2016-07-26&todate=2026-07-26&limit=5000
QQQ,2023-03-01,293.26,293.93,290.2,291.2,58286970,,https://api.nasdaq.com/api/quote/QQQ/historical?assetclass=etf&fromdate=2016-07-26&todate=2026-07-26&limit=5000
QQQ,2023-03-02,288.66,294.43,288.37,293.61,53738560,,https://api.nasdaq.com/api/quote/QQQ/historical?assetclass=etf&fromdate=2016-07-26&todate=2026-07-26&limit=5000
QQQ,2023-03-03,295.39,299.92,294.87,299.68,60511540,,https://api.nasdaq.com/api/quote/QQQ/historical?assetclass=etf&fromdate=2016-07-26&todate=2026-07-26&limit=5000
QQQ,2023-03-06,300.94,304,299.82,300.02,56736290,,https://api.nasdaq.com/api/quote/QQQ/historical?assetclass=etf&fromdate=2016-07-26&todate=2026-07-26&limit=5000
QQQ,2023-03-07,300.07,301.01,295.72,296.34,65955760,,https://api.nasdaq.com/api/quote/QQQ/historical?assetclass=etf&fromdate=2016-07-26&todate=2026-07-26&limit=5000
QQQ,2023-03-08,296.77,298.43,294.88,297.82,50876270,,https://api.nasdaq.com/api/quote/QQQ/historical?assetclass=etf&fromdate=2016-07-26&todate=2026-07-26&limit=5000
QQQ,2023-03-09,298.33,300.98,291.8299,292.66,71456690,,https://api.nasdaq.com/api/quote/QQQ/historical?assetclass=etf&fromdate=2016-07-26&todate=2026-07-26&limit=5000
QQQ,2023-03-10,292.83,294.35,287.38,288.55,98593560,,https://api.nasdaq.com/api/quote/QQQ/historical?assetclass=etf&fromdate=2016-07-26&todate=2026-07-26&limit=5000
QQQ,2023-03-13,286.73,294.47,285.19,290.69,97123600,,https://api.nasdaq.com/api/quote/QQQ/historical?assetclass=etf&fromdate=2016-07-26&todate=2026-07-26&limit=5000
QQQ,2023-03-14,294.31,297.93,293.45,297.37,73602550,,https://api.nasdaq.com/api/quote/QQQ/historical?assetclass=etf&fromdate=2016-07-26&todate=2026-07-26&limit=5000
QQQ,2023-03-15,294.71,299.27,293.24,298.93,83631540,,https://api.nasdaq.com/api/quote/QQQ/historical?assetclass=etf&fromdate=2016-07-26&todate=2026-07-26&limit=5000
QQQ,2023-03-16,298,307.18,297.19,306.81,98556820,,https://api.nasdaq.com/api/quote/QQQ/historical?assetclass=etf&fromdate=2016-07-26&todate=2026-07-26&limit=5000
QQQ,2023-03-17,306.72,309.15,303.37,305.36,89923730,,https://api.nasdaq.com/api/quote/QQQ/historical?assetclass=etf&fromdate=2016-07-26&todate=2026-07-26&limit=5000
QQQ,2023-03-20,304.26,306.3,302.01,305.97,56359490,,https://api.nasdaq.com/api/quote/QQQ/historical?assetclass=etf&fromdate=2016-07-26&todate=2026-07-26&limit=5000
QQQ,2023-03-21,307.94,310.8,306.395,310.34,49757050,,https://api.nasdaq.com/api/quote/QQQ/historical?assetclass=etf&fromdate=2016-07-26&todate=2026-07-26&limit=5000
QQQ,2023-03-22,310.27,315.25,305.95,306.12,75791910,,https://api.nasdaq.com/api/quote/QQQ/historical?assetclass=etf&fromdate=2016-07-26&todate=2026-07-26&limit=5000
QQQ,2023-03-23,309.92,314.15,307.01,309.75,74575980,,https://api.nasdaq.com/api/quote/QQQ/historical?assetclass=etf&fromdate=2016-07-26&todate=2026-07-26&limit=5000
QQQ,2023-03-24,309.32,310.99,306.95,310.89,57245800,,https://api.nasdaq.com/api/quote/QQQ/historical?assetclass=etf&fromdate=2016-07-26&todate=2026-07-26&limit=5000
QQQ,2023-03-27,311.6,312.7,307.89,308.76,50287410,,https://api.nasdaq.com/api/quote/QQQ/historical?assetclass=etf&fromdate=2016-07-26&todate=2026-07-26&limit=5000
QQQ,2023-03-28,308.17,308.2,304.774,307.12,48585920,,https://api.nasdaq.com/api/quote/QQQ/historical?assetclass=etf&fromdate=2016-07-26&todate=2026-07-26&limit=5000
QQQ,2023-03-29,310.88,313.35,310.05,312.72,53274270,,https://api.nasdaq.com/api/quote/QQQ/historical?assetclass=etf&fromdate=2016-07-26&todate=2026-07-26&limit=5000
QQQ,2023-03-30,315.24,316.32,312.8088,315.68,58354810,,https://api.nasdaq.com/api/quote/QQQ/historical?assetclass=etf&fromdate=2016-07-26&todate=2026-07-26&limit=5000
QQQ,2023-03-31,315.91,321.17,315.6,320.93,62138100,,https://api.nasdaq.com/api/quote/QQQ/historical?assetclass=etf&fromdate=2016-07-26&todate=2026-07-26&limit=5000
QQQ,2023-04-03,318.77,320.42,317.4201,320.15,47126840,,https://api.nasdaq.com/api/quote/QQQ/historical?assetclass=etf&fromdate=2016-07-26&todate=2026-07-26&limit=5000
QQQ,2023-04-04,320.6,321.63,317.8251,319.07,45875380,,https://api.nasdaq.com/api/quote/QQQ/historical?assetclass=etf&fromdate=2016-07-26&todate=2026-07-26&limit=5000
QQQ,2023-04-05,318.1,319.06,314.07,315.92,62795710,,https://api.nasdaq.com/api/quote/QQQ/historical?assetclass=etf&fromdate=2016-07-26&todate=2026-07-26&limit=5000
QQQ,2023-04-06,314.24,318.55,312.82,318.05,46916500,,https://api.nasdaq.com/api/quote/QQQ/historical?assetclass=etf&fromdate=2016-07-26&todate=2026-07-26&limit=5000
QQQ,2023-04-10,315.07,317.92,313.25,317.87,45134740,,https://api.nasdaq.com/api/quote/QQQ/historical?assetclass=etf&fromdate=2016-07-26&todate=2026-07-26&limit=5000
QQQ,2023-04-11,317.83,317.89,315.31,315.83,40113590,,https://api.nasdaq.com/api/quote/QQQ/historical?assetclass=etf&fromdate=2016-07-26&todate=2026-07-26&limit=5000
QQQ,2023-04-12,317.82,318.42,312.565,313.04,62813310,,https://api.nasdaq.com/api/quote/QQQ/historical?assetclass=etf&fromdate=2016-07-26&todate=2026-07-26&limit=5000
QQQ,2023-04-13,314.83,319.65,313.63,319.17,54613790,,https://api.nasdaq.com/api/quote/QQQ/historical?assetclass=etf&fromdate=2016-07-26&todate=2026-07-26&limit=5000
QQQ,2023-04-14,317.59,320.36,315.61,318.57,56278280,,https://api.nasdaq.com/api/quote/QQQ/historical?assetclass=etf&fromdate=2016-07-26&todate=2026-07-26&limit=5000
QQQ,2023-04-17,318.15,319.1999,316.04,318.84,43007020,,https://api.nasdaq.com/api/quote/QQQ/historical?assetclass=etf&fromdate=2016-07-26&todate=2026-07-26&limit=5000
QQQ,2023-04-18,320.99,321.42,317.64,318.86,46746940,,https://api.nasdaq.com/api/quote/QQQ/historical?assetclass=etf&fromdate=2016-07-26&todate=2026-07-26&limit=5000
QQQ,2023-04-19,316.41,319.79,316.28,318.71,38960130,,https://api.nasdaq.com/api/quote/QQQ/historical?assetclass=etf&fromdate=2016-07-26&todate=2026-07-26&limit=5000
QQQ,2023-04-20,315.69,319.27,314.97,316.28,62462140,,https://api.nasdaq.com/api/quote/QQQ/historical?assetclass=etf&fromdate=2016-07-26&todate=2026-07-26&limit=5000
QQQ,2023-04-21,315.91,317.4,314.1,316.61,59002290,,https://api.nasdaq.com/api/quote/QQQ/historical?assetclass=etf&fromdate=2016-07-26&todate=2026-07-26&limit=5000
QQQ,2023-04-24,316.38,317.7391,313.74,315.95,44043060,,https://api.nasdaq.com/api/quote/QQQ/historical?assetclass=etf&fromdate=2016-07-26&todate=2026-07-26&limit=5000
QQQ,2023-04-25,314.29,314.97,309.89,309.99,57121640,,https://api.nasdaq.com/api/quote/QQQ/historical?assetclass=etf&fromdate=2016-07-26&todate=2026-07-26&limit=5000
QQQ,2023-04-26,313.44,314.935,311.34,311.87,55400500,,https://api.nasdaq.com/api/quote/QQQ/historical?assetclass=etf&fromdate=2016-07-26&todate=2026-07-26&limit=5000
QQQ,2023-04-27,315.7,320.86,315.05,320.35,65430390,,https://api.nasdaq.com/api/quote/QQQ/historical?assetclass=etf&fromdate=2016-07-26&todate=2026-07-26&limit=5000
QQQ,2023-04-28,320.11,322.65,318.96,322.56,59712640,,https://api.nasdaq.com/api/quote/QQQ/historical?assetclass=etf&fromdate=2016-07-26&todate=2026-07-26&limit=5000
QQQ,2023-05-01,322.09,323.63,321.09,322.19,41013390,,https://api.nasdaq.com/api/quote/QQQ/historical?assetclass=etf&fromdate=2016-07-26&todate=2026-07-26&limit=5000
QQQ,2023-05-02,322.12,322.45,317.61,319.38,56519410,,https://api.nasdaq.com/api/quote/QQQ/historical?assetclass=etf&fromdate=2016-07-26&todate=2026-07-26&limit=5000
QQQ,2023-05-03,319.75,322.47,317.18,317.29,59882070,,https://api.nasdaq.com/api/quote/QQQ/historical?assetclass=etf&fromdate=2016-07-26&todate=2026-07-26&limit=5000
QQQ,2023-05-04,317.06,318.23,315.115,316.17,50224520,,https://api.nasdaq.com/api/quote/QQQ/historical?assetclass=etf&fromdate=2016-07-26&todate=2026-07-26&limit=5000
QQQ,2023-05-05,318.47,323.76,316.2116,322.89,51806100,,https://api.nasdaq.com/api/quote/QQQ/historical?assetclass=etf&fromdate=2016-07-26&todate=2026-07-26&limit=5000
QQQ,2023-05-08,322.42,324.04,321.315,323.69,36465800,,https://api.nasdaq.com/api/quote/QQQ/historical?assetclass=etf&fromdate=2016-07-26&todate=2026-07-26&limit=5000
QQQ,2023-05-09,322,322.88,321.32,321.64,31768800,,https://api.nasdaq.com/api/quote/QQQ/historical?assetclass=etf&fromdate=2016-07-26&todate=2026-07-26&limit=5000
QQQ,2023-05-10,324.12,326.01,321.6,325.14,60446620,,https://api.nasdaq.com/api/quote/QQQ/historical?assetclass=etf&fromdate=2016-07-26&todate=2026-07-26&limit=5000
QQQ,2023-05-11,325.7,326.75,324.12,326.2,44278550,,https://api.nasdaq.com/api/quote/QQQ/historical?assetclass=etf&fromdate=2016-07-26&todate=2026-07-26&limit=5000
QQQ,2023-05-12,326.74,327.17,322.94,325.03,48432840,,https://api.nasdaq.com/api/quote/QQQ/historical?assetclass=etf&fromdate=2016-07-26&todate=2026-07-26&limit=5000
QQQ,2023-05-15,325.51,327.03,323.96,326.79,33375560,,https://api.nasdaq.com/api/quote/QQQ/historical?assetclass=etf&fromdate=2016-07-26&todate=2026-07-26&limit=5000
QQQ,2023-05-16,326.06,328.9025,326.02,327.16,40019150,,https://api.nasdaq.com/api/quote/QQQ/historical?assetclass=etf&fromdate=2016-07-26&todate=2026-07-26&limit=5000
QQQ,2023-05-17,328.24,331.71,327.04,331.12,47486120,,https://api.nasdaq.com/api/quote/QQQ/historical?assetclass=etf&fromdate=2016-07-26&todate=2026-07-26&limit=5000
QQQ,2023-05-18,331.52,337.49,331.5,337.27,64213470,,https://api.nasdaq.com/api/quote/QQQ/historical?assetclass=etf&fromdate=2016-07-26&todate=2026-07-26&limit=5000
QQQ,2023-05-19,337.49,338.205,335.43,336.51,61554930,,https://api.nasdaq.com/api/quote/QQQ/historical?assetclass=etf&fromdate=2016-07-26&todate=2026-07-26&limit=5000
QQQ,2023-05-22,336.25,338.67,336.24,337.64,43015950,,https://api.nasdaq.com/api/quote/QQQ/historical?assetclass=etf&fromdate=2016-07-26&todate=2026-07-26&limit=5000
QQQ,2023-05-23,335.89,337.06,333,333.36,48216660,,https://api.nasdaq.com/api/quote/QQQ/historical?assetclass=etf&fromdate=2016-07-26&todate=2026-07-26&limit=5000
QQQ,2023-05-24,331.37,332.905,329.56,331.65,62891170,,https://api.nasdaq.com/api/quote/QQQ/historical?assetclass=etf&fromdate=2016-07-26&todate=2026-07-26&limit=5000
QQQ,2023-05-25,339.14,341.01,336.665,339.72,66862770,,https://api.nasdaq.com/api/quote/QQQ/historical?assetclass=etf&fromdate=2016-07-26&todate=2026-07-26&limit=5000
QQQ,2023-05-26,340.76,349.245,340.66,348.4,63006950,,https://api.nasdaq.com/api/quote/QQQ/historical?assetclass=etf&fromdate=2016-07-26&todate=2026-07-26&limit=5000
QQQ,2023-05-30,352.71,353.93,348.53,349.98,72652160,,https://api.nasdaq.com/api/quote/QQQ/historical?assetclass=etf&fromdate=2016-07-26&todate=2026-07-26&limit=5000
QQQ,2023-05-31,348.37,350.6,346.51,347.99,65105380,,https://api.nasdaq.com/api/quote/QQQ/historical?assetclass=etf&fromdate=2016-07-26&todate=2026-07-26&limit=5000
QQQ,2023-06-01,347.73,353.36,346.66,352.01,50488600,,https://api.nasdaq.com/api/quote/QQQ/historical?assetclass=etf&fromdate=2016-07-26&todate=2026-07-26&limit=5000
QQQ,2023-06-02,353.8,355.83,352.01,354.65,53372110,,https://api.nasdaq.com/api/quote/QQQ/historical?assetclass=etf&fromdate=2016-07-26&todate=2026-07-26&limit=5000
QQQ,2023-06-05,354.43,357.495,353.85,354.9,47266230,,https://api.nasdaq.com/api/quote/QQQ/historical?assetclass=etf&fromdate=2016-07-26&todate=2026-07-26&limit=5000
QQQ,2023-06-06,354.28,355.82,352.93,354.84,41390400,,https://api.nasdaq.com/api/quote/QQQ/historical?assetclass=etf&fromdate=2016-07-26&todate=2026-07-26&limit=5000
QQQ,2023-06-07,355.13,357.12,348.18,348.82,69225940,,https://api.nasdaq.com/api/quote/QQQ/historical?assetclass=etf&fromdate=2016-07-26&todate=2026-07-26&limit=5000
QQQ,2023-06-08,349.12,353.62,348.89,353.15,47153920,,https://api.nasdaq.com/api/quote/QQQ/historical?assetclass=etf&fromdate=2016-07-26&todate=2026-07-26&limit=5000
QQQ,2023-06-09,354.63,357.66,353.03,354.5,53196930,,https://api.nasdaq.com/api/quote/QQQ/historical?assetclass=etf&fromdate=2016-07-26&todate=2026-07-26&limit=5000
QQQ,2023-06-12,356.19,360.59,355.2,360.49,44817650,,https://api.nasdaq.com/api/quote/QQQ/historical?assetclass=etf&fromdate=2016-07-26&todate=2026-07-26&limit=5000
QQQ,2023-06-13,363.29,364.11,360.03,363.26,57097800,,https://api.nasdaq.com/api/quote/QQQ/historical?assetclass=etf&fromdate=2016-07-26&todate=2026-07-26&limit=5000
QQQ,2023-06-14,363.27,366.19,360.42,365.9,69525640,,https://api.nasdaq.com/api/quote/QQQ/historical?assetclass=etf&fromdate=2016-07-26&todate=2026-07-26&limit=5000
QQQ,2023-06-15,364.61,371.77,363.98,370.26,71138820,,https://api.nasdaq.com/api/quote/QQQ/historical?assetclass=etf&fromdate=2016-07-26&todate=2026-07-26&limit=5000
QQQ,2023-06-16,372.72,372.85,367.48,367.93,80931970,,https://api.nasdaq.com/api/quote/QQQ/historical?assetclass=etf&fromdate=2016-07-26&todate=2026-07-26&limit=5000
QQQ,2023-06-20,365.95,368.32,363.8899,366.9,49204720,,https://api.nasdaq.com/api/quote/QQQ/historical?assetclass=etf&fromdate=2016-07-26&todate=2026-07-26&limit=5000
QQQ,2023-06-21,365.74,366.18,360.96,361.9,53378260,,https://api.nasdaq.com/api/quote/QQQ/historical?assetclass=etf&fromdate=2016-07-26&todate=2026-07-26&limit=5000
QQQ,2023-06-22,360.63,366.33,360.22,366.17,47603040,,https://api.nasdaq.com/api/quote/QQQ/historical?assetclass=etf&fromdate=2016-07-26&todate=2026-07-26&limit=5000
QQQ,2023-06-23,362.21,364.88,360.8227,362.54,48922910,,https://api.nasdaq.com/api/quote/QQQ/historical?assetclass=etf&fromdate=2016-07-26&todate=2026-07-26&limit=5000
QQQ,2023-06-26,362,364.84,357.59,357.68,52685480,,https://api.nasdaq.com/api/quote/QQQ/historical?assetclass=etf&fromdate=2016-07-26&todate=2026-07-26&limit=5000
QQQ,2023-06-27,359.25,364.57,358.51,363.83,49428090,,https://api.nasdaq.com/api/quote/QQQ/historical?assetclass=etf&fromdate=2016-07-26&todate=2026-07-26&limit=5000
QQQ,2023-06-28,361.98,366.52,361.9038,364.54,46498030,,https://api.nasdaq.com/api/quote/QQQ/historical?assetclass=etf&fromdate=2016-07-26&todate=2026-07-26&limit=5000
QQQ,2023-06-29,364.24,364.89,362.14,363.81,46150970,,https://api.nasdaq.com/api/quote/QQQ/historical?assetclass=etf&fromdate=2016-07-26&todate=2026-07-26&limit=5000
QQQ,2023-06-30,367.55,370.49,367.23,369.42,58712500,,https://api.nasdaq.com/api/quote/QQQ/historical?assetclass=etf&fromdate=2016-07-26&todate=2026-07-26&limit=5000
QQQ,2023-07-03,370.07,370.93,368.97,370.29,19379820,,https://api.nasdaq.com/api/quote/QQQ/historical?assetclass=etf&fromdate=2016-07-26&todate=2026-07-26&limit=5000
QQQ,2023-07-05,368.695,372.01,368.66,370.28,34460880,,https://api.nasdaq.com/api/quote/QQQ/historical?assetclass=etf&fromdate=2016-07-26&todate=2026-07-26&limit=5000
QQQ,2023-07-06,366.51,367.91,364.52,367.46,49374730,,https://api.nasdaq.com/api/quote/QQQ/historical?assetclass=etf&fromdate=2016-07-26&todate=2026-07-26&limit=5000
QQQ,2023-07-07,367.23,370.48,366.01,366.24,47133750,,https://api.nasdaq.com/api/quote/QQQ/historical?assetclass=etf&fromdate=2016-07-26&todate=2026-07-26&limit=5000
QQQ,2023-07-10,365.96,367.05,363.41,366.36,48498800,,https://api.nasdaq.com/api/quote/QQQ/historical?assetclass=etf&fromdate=2016-07-26&todate=2026-07-26&limit=5000
QQQ,2023-07-11,366.79,368.632,364.62,368.17,38214150,,https://api.nasdaq.com/api/quote/QQQ/historical?assetclass=etf&fromdate=2016-07-26&todate=2026-07-26&limit=5000
QQQ,2023-07-12,372.34,374.19,370.3,372.82,61703700,,https://api.nasdaq.com/api/quote/QQQ/historical?assetclass=etf&fromdate=2016-07-26&todate=2026-07-26&limit=5000
QQQ,2023-07-13,376.05,379.99,375.46,379.15,46960010,,https://api.nasdaq.com/api/quote/QQQ/historical?assetclass=etf&fromdate=2016-07-26&todate=2026-07-26&limit=5000
QQQ,2023-07-14,379.585,382.86,378.18,379.07,55148500,,https://api.nasdaq.com/api/quote/QQQ/historical?assetclass=etf&fromdate=2016-07-26&todate=2026-07-26&limit=5000
QQQ,2023-07-17,379.8,383.5,379.31,382.61,40868920,,https://api.nasdaq.com/api/quote/QQQ/historical?assetclass=etf&fromdate=2016-07-26&todate=2026-07-26&limit=5000
QQQ,2023-07-18,381.96,387.13,380,385.74,55343440,,https://api.nasdaq.com/api/quote/QQQ/historical?assetclass=etf&fromdate=2016-07-26&todate=2026-07-26&limit=5000
QQQ,2023-07-19,386.82,387.98,384.3,385.65,54092960,,https://api.nasdaq.com/api/quote/QQQ/historical?assetclass=etf&fromdate=2016-07-26&todate=2026-07-26&limit=5000
QQQ,2023-07-20,382.61,384.095,375.72,376.76,71941670,,https://api.nasdaq.com/api/quote/QQQ/historical?assetclass=etf&fromdate=2016-07-26&todate=2026-07-26&limit=5000
QQQ,2023-07-21,379.18,379.92,375.191,375.63,60499640,,https://api.nasdaq.com/api/quote/QQQ/historical?assetclass=etf&fromdate=2016-07-26&todate=2026-07-26&limit=5000
QQQ,2023-07-24,376.62,377.58,374.34,376.23,40380060,,https://api.nasdaq.com/api/quote/QQQ/historical?assetclass=etf&fromdate=2016-07-26&todate=2026-07-26&limit=5000
QQQ,2023-07-25,376.95,380.47,376.93,378.78,38894380,,https://api.nasdaq.com/api/quote/QQQ/historical?assetclass=etf&fromdate=2016-07-26&todate=2026-07-26&limit=5000
QQQ,2023-07-26,377.72,379.24,375.18,377.52,47075710,,https://api.nasdaq.com/api/quote/QQQ/historical?assetclass=etf&fromdate=2016-07-26&todate=2026-07-26&limit=5000
QQQ,2023-07-27,383.07,384.71,375.31,376.62,63940230,,https://api.nasdaq.com/api/quote/QQQ/historical?assetclass=etf&fromdate=2016-07-26&todate=2026-07-26&limit=5000
QQQ,2023-07-28,380.74,384.52,380.22,383.48,56902930,,https://api.nasdaq.com/api/quote/QQQ/historical?assetclass=etf&fromdate=2016-07-26&todate=2026-07-26&limit=5000
QQQ,2023-07-31,383.79,384.88,382.34,383.68,44019910,,https://api.nasdaq.com/api/quote/QQQ/historical?assetclass=etf&fromdate=2016-07-26&todate=2026-07-26&limit=5000
QQQ,2023-08-01,382.31,383.56,380.69,382.79,41308460,,https://api.nasdaq.com/api/quote/QQQ/historical?assetclass=etf&fromdate=2016-07-26&todate=2026-07-26&limit=5000
QQQ,2023-08-02,379.26,379.26,373.13,374.39,72687110,,https://api.nasdaq.com/api/quote/QQQ/historical?assetclass=etf&fromdate=2016-07-26&todate=2026-07-26&limit=5000
QQQ,2023-08-03,371.94,375.95,371.77,373.79,47855380,,https://api.nasdaq.com/api/quote/QQQ/historical?assetclass=etf&fromdate=2016-07-26&todate=2026-07-26&limit=5000
QQQ,2023-08-04,375.75,378.1,371.53,372.04,61702760,,https://api.nasdaq.com/api/quote/QQQ/historical?assetclass=etf&fromdate=2016-07-26&todate=2026-07-26&limit=5000
QQQ,2023-08-07,373.88,375.29,371.51,375.19,37230440,,https://api.nasdaq.com/api/quote/QQQ/historical?assetclass=etf&fromdate=2016-07-26&todate=2026-07-26&limit=5000
QQQ,2023-08-08,372.64,372.66,368.82,372,44726450,,https://api.nasdaq.com/api/quote/QQQ/historical?assetclass=etf&fromdate=2016-07-26&todate=2026-07-26&limit=5000
QQQ,2023-08-09,372.29,372.45,367.14,367.91,51150900,,https://api.nasdaq.com/api/quote/QQQ/historical?assetclass=etf&fromdate=2016-07-26&todate=2026-07-26&limit=5000
QQQ,2023-08-10,370.97,374.36,367.035,368.59,72035270,,https://api.nasdaq.com/api/quote/QQQ/historical?assetclass=etf&fromdate=2016-07-26&todate=2026-07-26&limit=5000
QQQ,2023-08-11,365.99,368,364.69,366.24,48707190,,https://api.nasdaq.com/api/quote/QQQ/historical?assetclass=etf&fromdate=2016-07-26&todate=2026-07-26&limit=5000
QQQ,2023-08-14,365.43,370.47,364.7,370.35,42130800,,https://api.nasdaq.com/api/quote/QQQ/historical?assetclass=etf&fromdate=2016-07-26&todate=2026-07-26&limit=5000
QQQ,2023-08-15,369.36,370.169,365.74,366.42,45539890,,https://api.nasdaq.com/api/quote/QQQ/historical?assetclass=etf&fromdate=2016-07-26&todate=2026-07-26&limit=5000
QQQ,2023-08-16,365.87,367.43,362.44,362.54,53190530,,https://api.nasdaq.com/api/quote/QQQ/historical?assetclass=etf&fromdate=2016-07-26&todate=2026-07-26&limit=5000
QQQ,2023-08-17,363.96,364.31,358.16,358.58,62604340,,https://api.nasdaq.com/api/quote/QQQ/historical?assetclass=etf&fromdate=2016-07-26&todate=2026-07-26&limit=5000
QQQ,2023-08-18,355.26,359.41,354.71,358.13,61191390,,https://api.nasdaq.com/api/quote/QQQ/historical?assetclass=etf&fromdate=2016-07-26&todate=2026-07-26&limit=5000
QQQ,2023-08-21,359.62,364.59,359.15,363.9,50696520,,https://api.nasdaq.com/api/quote/QQQ/historical?assetclass=etf&fromdate=2016-07-26&todate=2026-07-26&limit=5000
QQQ,2023-08-22,366.55,366.56,362.68,363.38,44613510,,https://api.nasdaq.com/api/quote/QQQ/historical?assetclass=etf&fromdate=2016-07-26&todate=2026-07-26&limit=5000
QQQ,2023-08-23,364.58,370.22,364.36,369.11,51770600,,https://api.nasdaq.com/api/quote/QQQ/historical?assetclass=etf&fromdate=2016-07-26&todate=2026-07-26&limit=5000
QQQ,2023-08-24,372.64,372.74,361.01,361.22,66842490,,https://api.nasdaq.com/api/quote/QQQ/historical?assetclass=etf&fromdate=2016-07-26&todate=2026-07-26&limit=5000
QQQ,2023-08-25,362.07,365.74,358.58,364.02,69960470,,https://api.nasdaq.com/api/quote/QQQ/historical?assetclass=etf&fromdate=2016-07-26&todate=2026-07-26&limit=5000
QQQ,2023-08-28,366.99,367.71,364.25,366.76,40910020,,https://api.nasdaq.com/api/quote/QQQ/historical?assetclass=etf&fromdate=2016-07-26&todate=2026-07-26&limit=5000
QQQ,2023-08-29,366.56,375.13,366.231,374.77,58492370,,https://api.nasdaq.com/api/quote/QQQ/historical?assetclass=etf&fromdate=2016-07-26&todate=2026-07-26&limit=5000
QQQ,2023-08-30,374.88,377.4467,373.86,376.86,41731510,,https://api.nasdaq.com/api/quote/QQQ/historical?assetclass=etf&fromdate=2016-07-26&todate=2026-07-26&limit=5000
QQQ,2023-08-31,376.94,379.719,376.87,377.99,35730700,,https://api.nasdaq.com/api/quote/QQQ/historical?assetclass=etf&fromdate=2016-07-26&todate=2026-07-26&limit=5000
QQQ,2023-09-01,380.4,380.83,376.0801,377.59,39801180,,https://api.nasdaq.com/api/quote/QQQ/historical?assetclass=etf&fromdate=2016-07-26&todate=2026-07-26&limit=5000
QQQ,2023-09-05,376.77,379.3093,375.83,378.07,32344220,,https://api.nasdaq.com/api/quote/QQQ/historical?assetclass=etf&fromdate=2016-07-26&todate=2026-07-26&limit=5000
QQQ,2023-09-06,377.28,377.63,372.7,374.74,42998740,,https://api.nasdaq.com/api/quote/QQQ/historical?assetclass=etf&fromdate=2016-07-26&todate=2026-07-26&limit=5000
QQQ,2023-09-07,370.21,372.85,369.15,372.06,52060720,,https://api.nasdaq.com/api/quote/QQQ/historical?assetclass=etf&fromdate=2016-07-26&todate=2026-07-26&limit=5000
QQQ,2023-09-08,372.01,374.85,371.6,372.58,35847360,,https://api.nasdaq.com/api/quote/QQQ/historical?assetclass=etf&fromdate=2016-07-26&todate=2026-07-26&limit=5000
QQQ,2023-09-11,375.66,377.49,373.66,376.97,39936630,,https://api.nasdaq.com/api/quote/QQQ/historical?assetclass=etf&fromdate=2016-07-26&todate=2026-07-26&limit=5000
QQQ,2023-09-12,375.27,376.9517,372.5,372.79,41391020,,https://api.nasdaq.com/api/quote/QQQ/historical?assetclass=etf&fromdate=2016-07-26&todate=2026-07-26&limit=5000
QQQ,2023-09-13,373.03,375.84,371.88,374.21,46300680,,https://api.nasdaq.com/api/quote/QQQ/historical?assetclass=etf&fromdate=2016-07-26&todate=2026-07-26&limit=5000
QQQ,2023-09-14,375.99,378.27,373.89,377.27,48039390,,https://api.nasdaq.com/api/quote/QQQ/historical?assetclass=etf&fromdate=2016-07-26&todate=2026-07-26&limit=5000
QQQ,2023-09-15,375.91,376.32,369.86,370.81,69811210,,https://api.nasdaq.com/api/quote/QQQ/historical?assetclass=etf&fromdate=2016-07-26&todate=2026-07-26&limit=5000
QQQ,2023-09-18,369.32,371.79,369.03,370.66,36903550,,https://api.nasdaq.com/api/quote/QQQ/historical?assetclass=etf&fromdate=2016-07-26&todate=2026-07-26&limit=5000
QQQ,2023-09-19,369.32,370.6826,366.8,369.87,37621730,,https://api.nasdaq.com/api/quote/QQQ/historical?assetclass=etf&fromdate=2016-07-26&todate=2026-07-26&limit=5000
QQQ,2023-09-20,370.95,371.31,364.46,364.54,45514190,,https://api.nasdaq.com/api/quote/QQQ/historical?assetclass=etf&fromdate=2016-07-26&todate=2026-07-26&limit=5000
QQQ,2023-09-21,360.8,361.6,357.69,357.86,69734850,,https://api.nasdaq.com/api/quote/QQQ/historical?assetclass=etf&fromdate=2016-07-26&todate=2026-07-26&limit=5000
QQQ,2023-09-22,359.63,361.8,357.59,357.91,51589690,,https://api.nasdaq.com/api/quote/QQQ/historical?assetclass=etf&fromdate=2016-07-26&todate=2026-07-26&limit=5000
QQQ,2023-09-25,356.93,359.7,355.93,359.61,39167990,,https://api.nasdaq.com/api/quote/QQQ/historical?assetclass=etf&fromdate=2016-07-26&todate=2026-07-26&limit=5000
QQQ,2023-09-26,356.99,357.54,353.2101,354.21,53657750,,https://api.nasdaq.com/api/quote/QQQ/historical?assetclass=etf&fromdate=2016-07-26&todate=2026-07-26&limit=5000
QQQ,2023-09-27,355.38,356.98,351.36,355.04,56065970,,https://api.nasdaq.com/api/quote/QQQ/historical?assetclass=etf&fromdate=2016-07-26&todate=2026-07-26&limit=5000
QQQ,2023-09-28,354.11,360.17,353.24,358.01,56453310,,https://api.nasdaq.com/api/quote/QQQ/historical?assetclass=etf&fromdate=2016-07-26&todate=2026-07-26&limit=5000
QQQ,2023-09-29,361.54,362.95,357.02,358.27,64829620,,https://api.nasdaq.com/api/quote/QQQ/historical?assetclass=etf&fromdate=2016-07-26&todate=2026-07-26&limit=5000
QQQ,2023-10-02,358.54,362.68,357.92,361.26,51625050,,https://api.nasdaq.com/api/quote/QQQ/historical?assetclass=etf&fromdate=2016-07-26&todate=2026-07-26&limit=5000
QQQ,2023-10-03,358.78,361.01,353.275,354.92,60478490,,https://api.nasdaq.com/api/quote/QQQ/historical?assetclass=etf&fromdate=2016-07-26&todate=2026-07-26&limit=5000
QQQ,2023-10-04,355.77,360.61,355.3,359.75,54786690,,https://api.nasdaq.com/api/quote/QQQ/historical?assetclass=etf&fromdate=2016-07-26&todate=2026-07-26&limit=5000
QQQ,2023-10-05,359.74,360.15,355.14,358.69,45897390,,https://api.nasdaq.com/api/quote/QQQ/historical?assetclass=etf&fromdate=2016-07-26&todate=2026-07-26&limit=5000
QQQ,2023-10-06,355.65,365.91,354.85,364.7,75049120,,https://api.nasdaq.com/api/quote/QQQ/historical?assetclass=etf&fromdate=2016-07-26&todate=2026-07-26&limit=5000
QQQ,2023-10-09,362.3,367.11,360.78,366.56,45304770,,https://api.nasdaq.com/api/quote/QQQ/historical?assetclass=etf&fromdate=2016-07-26&todate=2026-07-26&limit=5000
QQQ,2023-10-10,366.9,371.28,366.39,368.59,46968810,,https://api.nasdaq.com/api/quote/QQQ/historical?assetclass=etf&fromdate=2016-07-26&todate=2026-07-26&limit=5000
QQQ,2023-10-11,369.94,371.412,368.19,371.22,38215090,,https://api.nasdaq.com/api/quote/QQQ/historical?assetclass=etf&fromdate=2016-07-26&todate=2026-07-26&limit=5000
QQQ,2023-10-12,371.73,373.74,367.5,369.93,49587940,,https://api.nasdaq.com/api/quote/QQQ/historical?assetclass=etf&fromdate=2016-07-26&todate=2026-07-26&limit=5000
QQQ,2023-10-13,370.57,371.16,363.86,365.28,52519880,,https://api.nasdaq.com/api/quote/QQQ/historical?assetclass=etf&fromdate=2016-07-26&todate=2026-07-26&limit=5000
QQQ,2023-10-16,366.62,370.48,366.47,369.41,44201060,,https://api.nasdaq.com/api/quote/QQQ/historical?assetclass=etf&fromdate=2016-07-26&todate=2026-07-26&limit=5000
QQQ,2023-10-17,365.81,369.92,363.66,368.2,50999100,,https://api.nasdaq.com/api/quote/QQQ/historical?assetclass=etf&fromdate=2016-07-26&todate=2026-07-26&limit=5000
QQQ,2023-10-18,365.67,367.91,362.02,363.37,54280490,,https://api.nasdaq.com/api/quote/QQQ/historical?assetclass=etf&fromdate=2016-07-26&todate=2026-07-26&limit=5000
QQQ,2023-10-19,364.81,366.02,359.16,359.97,72274240,,https://api.nasdaq.com/api/quote/QQQ/historical?assetclass=etf&fromdate=2016-07-26&todate=2026-07-26&limit=5000
QQQ,2023-10-20,359.46,360.04,354.37,354.6,72559720,,https://api.nasdaq.com/api/quote/QQQ/historical?assetclass=etf&fromdate=2016-07-26&todate=2026-07-26&limit=5000
QQQ,2023-10-23,353.26,359.26,351.1199,355.67,60665190,,https://api.nasdaq.com/api/quote/QQQ/historical?assetclass=etf&fromdate=2016-07-26&todate=2026-07-26&limit=5000
QQQ,2023-10-24,357.51,359.91,355.79,359.13,47082080,,https://api.nasdaq.com/api/quote/QQQ/historical?assetclass=etf&fromdate=2016-07-26&todate=2026-07-26&limit=5000
QQQ,2023-10-25,356.7,356.88,349.75,350.34,71190540,,https://api.nasdaq.com/api/quote/QQQ/historical?assetclass=etf&fromdate=2016-07-26&todate=2026-07-26&limit=5000
QQQ,2023-10-26,349.12,350.07,342.35,343.66,78621430,,https://api.nasdaq.com/api/quote/QQQ/historical?assetclass=etf&fromdate=2016-07-26&todate=2026-07-26&limit=5000
QQQ,2023-10-27,346.43,348.84,344.08,345.31,63476710,,https://api.nasdaq.com/api/quote/QQQ/historical?assetclass=etf&fromdate=2016-07-26&todate=2026-07-26&limit=5000
QQQ,2023-10-30,347.83,350.54,346.45,349.2,55298540,,https://api.nasdaq.com/api/quote/QQQ/historical?assetclass=etf&fromdate=2016-07-26&todate=2026-07-26&limit=5000
QQQ,2023-10-31,349.23,351.25,346.62,350.87,47671910,,https://api.nasdaq.com/api/quote/QQQ/historical?assetclass=etf&fromdate=2016-07-26&todate=2026-07-26&limit=5000
QQQ,2023-11-01,351.72,357.5298,351.62,356.96,58992670,,https://api.nasdaq.com/api/quote/QQQ/historical?assetclass=etf&fromdate=2016-07-26&todate=2026-07-26&limit=5000
QQQ,2023-11-02,361.54,363.68,360.3,363.44,58162440,,https://api.nasdaq.com/api/quote/QQQ/historical?assetclass=etf&fromdate=2016-07-26&todate=2026-07-26&limit=5000
QQQ,2023-11-03,364.75,369.02,364.52,367.71,53280460,,https://api.nasdaq.com/api/quote/QQQ/historical?assetclass=etf&fromdate=2016-07-26&todate=2026-07-26&limit=5000
QQQ,2023-11-06,368.49,369.78,366.91,369.21,38848740,,https://api.nasdaq.com/api/quote/QQQ/historical?assetclass=etf&fromdate=2016-07-26&todate=2026-07-26&limit=5000
QQQ,2023-11-07,370.27,373.58,369.045,372.7,50777400,,https://api.nasdaq.com/api/quote/QQQ/historical?assetclass=etf&fromdate=2016-07-26&todate=2026-07-26&limit=5000
QQQ,2023-11-08,373.08,373.79,370.62,372.94,35663370,,https://api.nasdaq.com/api/quote/QQQ/historical?assetclass=etf&fromdate=2016-07-26&todate=2026-07-26&limit=5000
QQQ,2023-11-09,373.64,374.8,369.57,370.07,53859420,,https://api.nasdaq.com/api/quote/QQQ/historical?assetclass=etf&fromdate=2016-07-26&todate=2026-07-26&limit=5000
QQQ,2023-11-10,371.82,378.54,371.28,378.39,58368440,,https://api.nasdaq.com/api/quote/QQQ/historical?assetclass=etf&fromdate=2016-07-26&todate=2026-07-26&limit=5000
QQQ,2023-11-13,376.79,378.28,375.24,377.21,40733510,,https://api.nasdaq.com/api/quote/QQQ/historical?assetclass=etf&fromdate=2016-07-26&todate=2026-07-26&limit=5000
QQQ,2023-11-14,383.71,386.26,383.18,385.33,67792630,,https://api.nasdaq.com/api/quote/QQQ/historical?assetclass=etf&fromdate=2016-07-26&todate=2026-07-26&limit=5000
QQQ,2023-11-15,387.25,387.75,384.235,385.62,54141390,,https://api.nasdaq.com/api/quote/QQQ/historical?assetclass=etf&fromdate=2016-07-26&todate=2026-07-26&limit=5000
QQQ,2023-11-16,384.84,386.19,383.56,385.95,45343540,,https://api.nasdaq.com/api/quote/QQQ/historical?assetclass=etf&fromdate=2016-07-26&todate=2026-07-26&limit=5000
QQQ,2023-11-17,385.21,387.07,384.29,386.04,46622750,,https://api.nasdaq.com/api/quote/QQQ/historical?assetclass=etf&fromdate=2016-07-26&todate=2026-07-26&limit=5000
QQQ,2023-11-20,386.05,391.41,386.05,390.74,44536670,,https://api.nasdaq.com/api/quote/QQQ/historical?assetclass=etf&fromdate=2016-07-26&todate=2026-07-26&limit=5000
QQQ,2023-11-21,389.01,389.23,386.7,388.47,43336990,,https://api.nasdaq.com/api/quote/QQQ/historical?assetclass=etf&fromdate=2016-07-26&todate=2026-07-26&limit=5000
QQQ,2023-11-22,390.57,393.07,389.04,390.06,44178570,,https://api.nasdaq.com/api/quote/QQQ/historical?assetclass=etf&fromdate=2016-07-26&todate=2026-07-26&limit=5000
QQQ,2023-11-24,389.65,390.25,388.5,389.51,15718830,,https://api.nasdaq.com/api/quote/QQQ/historical?assetclass=etf&fromdate=2016-07-26&todate=2026-07-26&limit=5000
QQQ,2023-11-27,389.01,391.1499,388.28,389.17,34139660,,https://api.nasdaq.com/api/quote/QQQ/historical?assetclass=etf&fromdate=2016-07-26&todate=2026-07-26&limit=5000
QQQ,2023-11-28,388.41,390.78,388.05,390.19,35491120,,https://api.nasdaq.com/api/quote/QQQ/historical?assetclass=etf&fromdate=2016-07-26&todate=2026-07-26&limit=5000
QQQ,2023-11-29,392.69,394.14,389.46,389.81,38811750,,https://api.nasdaq.com/api/quote/QQQ/historical?assetclass=etf&fromdate=2016-07-26&todate=2026-07-26&limit=5000
QQQ,2023-11-30,390.08,390.55,385.82,388.83,52834380,,https://api.nasdaq.com/api/quote/QQQ/historical?assetclass=etf&fromdate=2016-07-26&todate=2026-07-26&limit=5000
QQQ,2023-12-01,387.75,390.54,386.0726,389.94,40490070,,https://api.nasdaq.com/api/quote/QQQ/historical?assetclass=etf&fromdate=2016-07-26&todate=2026-07-26&limit=5000
QQQ,2023-12-04,386.09,386.595,382.66,386.32,51186940,,https://api.nasdaq.com/api/quote/QQQ/historical?assetclass=etf&fromdate=2016-07-26&todate=2026-07-26&limit=5000
QQQ,2023-12-05,384.39,388.5,384.21,387.29,42932960,,https://api.nasdaq.com/api/quote/QQQ/historical?assetclass=etf&fromdate=2016-07-26&todate=2026-07-26&limit=5000
QQQ,2023-12-06,390.27,390.37,384.7,385.05,41994070,,https://api.nasdaq.com/api/quote/QQQ/historical?assetclass=etf&fromdate=2016-07-26&todate=2026-07-26&limit=5000
QQQ,2023-12-07,388.07,391.27,386.96,390.43,49593550,,https://api.nasdaq.com/api/quote/QQQ/historical?assetclass=etf&fromdate=2016-07-26&todate=2026-07-26&limit=5000
QQQ,2023-12-08,388.67,392.62,388.4801,392.17,46687530,,https://api.nasdaq.com/api/quote/QQQ/historical?assetclass=etf&fromdate=2016-07-26&todate=2026-07-26&limit=5000
QQQ,2023-12-11,391.74,395.79,391.53,395.52,41198020,,https://api.nasdaq.com/api/quote/QQQ/historical?assetclass=etf&fromdate=2016-07-26&todate=2026-07-26&limit=5000
QQQ,2023-12-12,395.56,398.79,394.41,398.67,39221150,,https://api.nasdaq.com/api/quote/QQQ/historical?assetclass=etf&fromdate=2016-07-26&todate=2026-07-26&limit=5000
QQQ,2023-12-13,399.62,404.36,398.8399,403.74,55408130,,https://api.nasdaq.com/api/quote/QQQ/historical?assetclass=etf&fromdate=2016-07-26&todate=2026-07-26&limit=5000
QQQ,2023-12-14,404.98,406.3,400.34,403.39,55447810,,https://api.nasdaq.com/api/quote/QQQ/historical?assetclass=etf&fromdate=2016-07-26&todate=2026-07-26&limit=5000
QQQ,2023-12-15,404.18,406.5399,403.57,405.34,62896650,,https://api.nasdaq.com/api/quote/QQQ/historical?assetclass=etf&fromdate=2016-07-26&todate=2026-07-26&limit=5000
QQQ,2023-12-18,404.93,407.99,404.6,407.08,46609990,,https://api.nasdaq.com/api/quote/QQQ/historical?assetclass=etf&fromdate=2016-07-26&todate=2026-07-26&limit=5000
QQQ,2023-12-19,407.54,409.28,407.345,409.16,35711860,,https://api.nasdaq.com/api/quote/QQQ/historical?assetclass=etf&fromdate=2016-07-26&todate=2026-07-26&limit=5000
QQQ,2023-12-20,408.35,410.4699,402.9,403.08,54042440,,https://api.nasdaq.com/api/quote/QQQ/historical?assetclass=etf&fromdate=2016-07-26&todate=2026-07-26&limit=5000
QQQ,2023-12-21,407.06,408.14,404.47,407.77,45568910,,https://api.nasdaq.com/api/quote/QQQ/historical?assetclass=etf&fromdate=2016-07-26&todate=2026-07-26&limit=5000
QQQ,2023-12-22,409,409.97,406.4787,408.38,34314000,,https://api.nasdaq.com/api/quote/QQQ/historical?assetclass=etf&fromdate=2016-07-26&todate=2026-07-26&limit=5000
QQQ,2023-12-26,409.25,411.56,409.15,410.88,22722550,,https://api.nasdaq.com/api/quote/QQQ/historical?assetclass=etf&fromdate=2016-07-26&todate=2026-07-26&limit=5000
QQQ,2023-12-27,410.95,411.7875,410.08,411.5,31980480,,https://api.nasdaq.com/api/quote/QQQ/historical?assetclass=etf&fromdate=2016-07-26&todate=2026-07-26&limit=5000
QQQ,2023-12-28,412.67,412.92,410.94,411.3,27029150,,https://api.nasdaq.com/api/quote/QQQ/historical?assetclass=etf&fromdate=2016-07-26&todate=2026-07-26&limit=5000
QQQ,2023-12-29,411.28,411.64,407.58,409.52,42662120,,https://api.nasdaq.com/api/quote/QQQ/historical?assetclass=etf&fromdate=2016-07-26&todate=2026-07-26&limit=5000
QQQ,2024-01-02,405.84,406.09,400.24,402.59,58026950,,https://api.nasdaq.com/api/quote/QQQ/historical?assetclass=etf&fromdate=2016-07-26&todate=2026-07-26&limit=5000
QQQ,2024-01-03,399.93,401,397.89,398.33,47002800,,https://api.nasdaq.com/api/quote/QQQ/historical?assetclass=etf&fromdate=2016-07-26&todate=2026-07-26&limit=5000
QQQ,2024-01-04,396.44,399.59,396.06,396.28,39432800,,https://api.nasdaq.com/api/quote/QQQ/historical?assetclass=etf&fromdate=2016-07-26&todate=2026-07-26&limit=5000
QQQ,2024-01-05,396.45,399.56,395.34,396.75,44922810,,https://api.nasdaq.com/api/quote/QQQ/historical?assetclass=etf&fromdate=2016-07-26&todate=2026-07-26&limit=5000
QQQ,2024-01-08,397.99,405.24,397.8399,404.95,42473800,,https://api.nasdaq.com/api/quote/QQQ/historical?assetclass=etf&fromdate=2016-07-26&todate=2026-07-26&limit=5000
QQQ,2024-01-09,401.91,406.69,401.71,405.75,39132860,,https://api.nasdaq.com/api/quote/QQQ/historical?assetclass=etf&fromdate=2016-07-26&todate=2026-07-26&limit=5000
QQQ,2024-01-10,406.07,409.515,405.17,408.5,33962770,,https://api.nasdaq.com/api/quote/QQQ/historical?assetclass=etf&fromdate=2016-07-26&todate=2026-07-26&limit=5000
QQQ,2024-01-11,409.79,411.2004,404.242,409.35,54536200,,https://api.nasdaq.com/api/quote/QQQ/historical?assetclass=etf&fromdate=2016-07-26&todate=2026-07-26&limit=5000
QQQ,2024-01-12,410.4,411.25,408.15,409.56,39594950,,https://api.nasdaq.com/api/quote/QQQ/historical?assetclass=etf&fromdate=2016-07-26&todate=2026-07-26&limit=5000
QQQ,2024-01-16,408.31,411.12,406.83,409.52,43903030,,https://api.nasdaq.com/api/quote/QQQ/historical?assetclass=etf&fromdate=2016-07-26&todate=2026-07-26&limit=5000
QQQ,2024-01-17,406.17,407.585,402.92,407.21,54385970,,https://api.nasdaq.com/api/quote/QQQ/historical?assetclass=etf&fromdate=2016-07-26&todate=2026-07-26&limit=5000
QQQ,2024-01-18,410.52,413.575,409.1601,412.99,59562510,,https://api.nasdaq.com/api/quote/QQQ/historical?assetclass=etf&fromdate=2016-07-26&todate=2026-07-26&limit=5000
QQQ,2024-01-19,415.22,421.34,414.625,421.18,70325120,,https://api.nasdaq.com/api/quote/QQQ/historical?assetclass=etf&fromdate=2016-07-26&todate=2026-07-26&limit=5000
QQQ,2024-01-22,423.41,424.7275,421.12,421.73,44880640,,https://api.nasdaq.com/api/quote/QQQ/historical?assetclass=etf&fromdate=2016-07-26&todate=2026-07-26&limit=5000
QQQ,2024-01-23,422.43,423.7,420.57,423.48,33003810,,https://api.nasdaq.com/api/quote/QQQ/historical?assetclass=etf&fromdate=2016-07-26&todate=2026-07-26&limit=5000
QQQ,2024-01-24,427.44,429.85,425.33,425.83,46948020,,https://api.nasdaq.com/api/quote/QQQ/historical?assetclass=etf&fromdate=2016-07-26&todate=2026-07-26&limit=5000
QQQ,2024-01-25,428.36,429.04,423.98,426.35,44367210,,https://api.nasdaq.com/api/quote/QQQ/historical?assetclass=etf&fromdate=2016-07-26&todate=2026-07-26&limit=5000
QQQ,2024-01-26,424.44,426.21,423.15,423.81,37137030,,https://api.nasdaq.com/api/quote/QQQ/historical?assetclass=etf&fromdate=2016-07-26&todate=2026-07-26&limit=5000
QQQ,2024-01-29,424.27,428.35,423.61,428.15,38694720,,https://api.nasdaq.com/api/quote/QQQ/historical?assetclass=etf&fromdate=2016-07-26&todate=2026-07-26&limit=5000
QQQ,2024-01-30,427.1,427.68,424.38,425.3,36738960,,https://api.nasdaq.com/api/quote/QQQ/historical?assetclass=etf&fromdate=2016-07-26&todate=2026-07-26&limit=5000
QQQ,2024-01-31,420.85,422.8699,416.79,416.97,64010650,,https://api.nasdaq.com/api/quote/QQQ/historical?assetclass=etf&fromdate=2016-07-26&todate=2026-07-26&limit=5000
QQQ,2024-02-01,418.79,422.375,417.81,421.88,51008620,,https://api.nasdaq.com/api/quote/QQQ/historical?assetclass=etf&fromdate=2016-07-26&todate=2026-07-26&limit=5000
QQQ,2024-02-02,423.8,430.24,422.79,429.01,59602440,,https://api.nasdaq.com/api/quote/QQQ/historical?assetclass=etf&fromdate=2016-07-26&todate=2026-07-26&limit=5000
QQQ,2024-02-05,429.07,429.61,425,428.45,39889210,,https://api.nasdaq.com/api/quote/QQQ/historical?assetclass=etf&fromdate=2016-07-26&todate=2026-07-26&limit=5000
QQQ,2024-02-06,429.61,430.22,425.22,427.59,35846130,,https://api.nasdaq.com/api/quote/QQQ/historical?assetclass=etf&fromdate=2016-07-26&todate=2026-07-26&limit=5000
QQQ,2024-02-07,430.41,432.83,429.09,431.99,37712660,,https://api.nasdaq.com/api/quote/QQQ/historical?assetclass=etf&fromdate=2016-07-26&todate=2026-07-26&limit=5000
QQQ,2024-02-08,432.11,433.56,431.42,432.79,29889890,,https://api.nasdaq.com/api/quote/QQQ/historical?assetclass=etf&fromdate=2016-07-26&todate=2026-07-26&limit=5000
QQQ,2024-02-09,433.94,437.845,433.1401,437.05,36943910,,https://api.nasdaq.com/api/quote/QQQ/historical?assetclass=etf&fromdate=2016-07-26&todate=2026-07-26&limit=5000
QQQ,2024-02-12,436.94,439.14,434.65,435.34,33203310,,https://api.nasdaq.com/api/quote/QQQ/historical?assetclass=etf&fromdate=2016-07-26&todate=2026-07-26&limit=5000
QQQ,2024-02-13,427.28,431.27,425.3305,428.55,64491670,,https://api.nasdaq.com/api/quote/QQQ/historical?assetclass=etf&fromdate=2016-07-26&todate=2026-07-26&limit=5000
QQQ,2024-02-14,431.26,433.65,428.8799,433.22,45092720,,https://api.nasdaq.com/api/quote/QQQ/historical?assetclass=etf&fromdate=2016-07-26&todate=2026-07-26&limit=5000
QQQ,2024-02-15,433.92,434.98,431.33,434.51,38796140,,https://api.nasdaq.com/api/quote/QQQ/historical?assetclass=etf&fromdate=2016-07-26&todate=2026-07-26&limit=5000
QQQ,2024-02-16,434.89,434.99,429.85,430.57,53716480,,https://api.nasdaq.com/api/quote/QQQ/historical?assetclass=etf&fromdate=2016-07-26&todate=2026-07-26&limit=5000
QQQ,2024-02-20,428.55,430.08,423.5,427.32,53999450,,https://api.nasdaq.com/api/quote/QQQ/historical?assetclass=etf&fromdate=2016-07-26&todate=2026-07-26&limit=5000
QQQ,2024-02-21,424.55,425.7,421.63,425.61,50179700,,https://api.nasdaq.com/api/quote/QQQ/historical?assetclass=etf&fromdate=2016-07-26&todate=2026-07-26&limit=5000
QQQ,2024-02-22,434.49,439.12,433.71,438.07,53887750,,https://api.nasdaq.com/api/quote/QQQ/historical?assetclass=etf&fromdate=2016-07-26&todate=2026-07-26&limit=5000
QQQ,2024-02-23,439.65,440.59,435.79,436.78,39853860,,https://api.nasdaq.com/api/quote/QQQ/historical?assetclass=etf&fromdate=2016-07-26&todate=2026-07-26&limit=5000
QQQ,2024-02-26,437.6,438.6,436.355,436.55,33043240,,https://api.nasdaq.com/api/quote/QQQ/historical?assetclass=etf&fromdate=2016-07-26&todate=2026-07-26&limit=5000
QQQ,2024-02-27,437.67,437.99,435.025,437.6,33713220,,https://api.nasdaq.com/api/quote/QQQ/historical?assetclass=etf&fromdate=2016-07-26&todate=2026-07-26&limit=5000
QQQ,2024-02-28,435.43,436.67,434.3,435.27,32938820,,https://api.nasdaq.com/api/quote/QQQ/historical?assetclass=etf&fromdate=2016-07-26&todate=2026-07-26&limit=5000
QQQ,2024-02-29,438.23,440.09,435.02,439,42495150,,https://api.nasdaq.com/api/quote/QQQ/historical?assetclass=etf&fromdate=2016-07-26&todate=2026-07-26&limit=5000
QQQ,2024-03-01,439.9,446.58,439.84,445.61,43853030,,https://api.nasdaq.com/api/quote/QQQ/historical?assetclass=etf&fromdate=2016-07-26&todate=2026-07-26&limit=5000
QQQ,2024-03-04,445.61,446.04,443.77,444.02,34325690,,https://api.nasdaq.com/api/quote/QQQ/historical?assetclass=etf&fromdate=2016-07-26&todate=2026-07-26&limit=5000
QQQ,2024-03-05,440.94,440.95,433.65,436.05,57917140,,https://api.nasdaq.com/api/quote/QQQ/historical?assetclass=etf&fromdate=2016-07-26&todate=2026-07-26&limit=5000
QQQ,2024-03-06,440.32,441.99,436.89,438.79,46234460,,https://api.nasdaq.com/api/quote/QQQ/historical?assetclass=etf&fromdate=2016-07-26&todate=2026-07-26&limit=5000
QQQ,2024-03-07,442.42,446.72,440.86,445.45,44526670,,https://api.nasdaq.com/api/quote/QQQ/historical?assetclass=etf&fromdate=2016-07-26&todate=2026-07-26&limit=5000
QQQ,2024-03-08,445.81,448.64,438.34,439.02,72095960,,https://api.nasdaq.com/api/quote/QQQ/historical?assetclass=etf&fromdate=2016-07-26&todate=2026-07-26&limit=5000
QQQ,2024-03-11,437.51,438.66,435.44,437.39,45859990,,https://api.nasdaq.com/api/quote/QQQ/historical?assetclass=etf&fromdate=2016-07-26&todate=2026-07-26&limit=5000
QQQ,2024-03-12,439.73,444.02,436.46,443.66,55300910,,https://api.nasdaq.com/api/quote/QQQ/historical?assetclass=etf&fromdate=2016-07-26&todate=2026-07-26&limit=5000
QQQ,2024-03-13,442.65,442.67,439.12,440.25,37928690,,https://api.nasdaq.com/api/quote/QQQ/historical?assetclass=etf&fromdate=2016-07-26&todate=2026-07-26&limit=5000
QQQ,2024-03-14,441.5,442.03,436.39,439.14,52195210,,https://api.nasdaq.com/api/quote/QQQ/historical?assetclass=etf&fromdate=2016-07-26&todate=2026-07-26&limit=5000
QQQ,2024-03-15,436.07,438.8733,432.7417,433.92,73069820,,https://api.nasdaq.com/api/quote/QQQ/historical?assetclass=etf&fromdate=2016-07-26&todate=2026-07-26&limit=5000
QQQ,2024-03-18,438.73,441.04,437.24,437.48,47323800,,https://api.nasdaq.com/api/quote/QQQ/historical?assetclass=etf&fromdate=2016-07-26&todate=2026-07-26&limit=5000
QQQ,2024-03-19,435.45,438.98,433.33,438.57,43004110,,https://api.nasdaq.com/api/quote/QQQ/historical?assetclass=etf&fromdate=2016-07-26&todate=2026-07-26&limit=5000
QQQ,2024-03-20,439.78,444.11,438.06,443.77,43653490,,https://api.nasdaq.com/api/quote/QQQ/historical?assetclass=etf&fromdate=2016-07-26&todate=2026-07-26&limit=5000
QQQ,2024-03-21,448.88,449.34,445.67,445.87,39345650,,https://api.nasdaq.com/api/quote/QQQ/historical?assetclass=etf&fromdate=2016-07-26&todate=2026-07-26&limit=5000
QQQ,2024-03-22,445.35,447.49,444.49,446.38,28253900,,https://api.nasdaq.com/api/quote/QQQ/historical?assetclass=etf&fromdate=2016-07-26&todate=2026-07-26&limit=5000
QQQ,2024-03-25,443.55,446.26,442.54,444.76,27789150,,https://api.nasdaq.com/api/quote/QQQ/historical?assetclass=etf&fromdate=2016-07-26&todate=2026-07-26&limit=5000
QQQ,2024-03-26,446.3,447.225,443.09,443.32,34142040,,https://api.nasdaq.com/api/quote/QQQ/historical?assetclass=etf&fromdate=2016-07-26&todate=2026-07-26&limit=5000
QQQ,2024-03-27,446.44,446.54,441.93,444.83,41359240,,https://api.nasdaq.com/api/quote/QQQ/historical?assetclass=etf&fromdate=2016-07-26&todate=2026-07-26&limit=5000
QQQ,2024-03-28,444.78,445.64,443.65,444.01,36839640,,https://api.nasdaq.com/api/quote/QQQ/historical?assetclass=etf&fromdate=2016-07-26&todate=2026-07-26&limit=5000
QQQ,2024-04-01,444.97,447.53,443.02,444.95,38728950,,https://api.nasdaq.com/api/quote/QQQ/historical?assetclass=etf&fromdate=2016-07-26&todate=2026-07-26&limit=5000
QQQ,2024-04-02,440.08,441.43,438.03,441.11,44259670,,https://api.nasdaq.com/api/quote/QQQ/historical?assetclass=etf&fromdate=2016-07-26&todate=2026-07-26&limit=5000
QQQ,2024-04-03,438.96,444,438.95,442.1,39949750,,https://api.nasdaq.com/api/quote/QQQ/historical?assetclass=etf&fromdate=2016-07-26&todate=2026-07-26&limit=5000
QQQ,2024-04-04,446.33,446.95,435.11,435.34,57267660,,https://api.nasdaq.com/api/quote/QQQ/historical?assetclass=etf&fromdate=2016-07-26&todate=2026-07-26&limit=5000
QQQ,2024-04-05,436.78,443.17,435.96,440.47,54744630,,https://api.nasdaq.com/api/quote/QQQ/historical?assetclass=etf&fromdate=2016-07-26&todate=2026-07-26&limit=5000
QQQ,2024-04-08,441.41,442.5,439.2,440.6,28144940,,https://api.nasdaq.com/api/quote/QQQ/historical?assetclass=etf&fromdate=2016-07-26&todate=2026-07-26&limit=5000
QQQ,2024-04-09,442.96,443.24,437.44,442.23,39521570,,https://api.nasdaq.com/api/quote/QQQ/historical?assetclass=etf&fromdate=2016-07-26&todate=2026-07-26&limit=5000
QQQ,2024-04-10,437,439.24,436.28,438.37,61502190,,https://api.nasdaq.com/api/quote/QQQ/historical?assetclass=etf&fromdate=2016-07-26&todate=2026-07-26&limit=5000
QQQ,2024-04-11,440.26,446.33,437.96,445.37,45474550,,https://api.nasdaq.com/api/quote/QQQ/historical?assetclass=etf&fromdate=2016-07-26&todate=2026-07-26&limit=5000
QQQ,2024-04-12,441.1,442.24,436.88,438.27,53665000,,https://api.nasdaq.com/api/quote/QQQ/historical?assetclass=etf&fromdate=2016-07-26&todate=2026-07-26&limit=5000
QQQ,2024-04-15,442.06,442.15,430.21,431.06,63453620,,https://api.nasdaq.com/api/quote/QQQ/historical?assetclass=etf&fromdate=2016-07-26&todate=2026-07-26&limit=5000
QQQ,2024-04-16,430.9,433.76,429.7,431.1,47618960,,https://api.nasdaq.com/api/quote/QQQ/historical?assetclass=etf&fromdate=2016-07-26&todate=2026-07-26&limit=5000
QQQ,2024-04-17,433.1,433.12,424.9,425.84,56880540,,https://api.nasdaq.com/api/quote/QQQ/historical?assetclass=etf&fromdate=2016-07-26&todate=2026-07-26&limit=5000
QQQ,2024-04-18,426.49,428.24,422.83,423.41,46549360,,https://api.nasdaq.com/api/quote/QQQ/historical?assetclass=etf&fromdate=2016-07-26&todate=2026-07-26&limit=5000
QQQ,2024-04-19,422.22,422.75,413.07,414.65,75230990,,https://api.nasdaq.com/api/quote/QQQ/historical?assetclass=etf&fromdate=2016-07-26&todate=2026-07-26&limit=5000
QQQ,2024-04-22,417.31,421.18,413.94,418.82,47807660,,https://api.nasdaq.com/api/quote/QQQ/historical?assetclass=etf&fromdate=2016-07-26&todate=2026-07-26&limit=5000
QQQ,2024-04-23,420.77,426.28,418.8715,425.07,44384740,,https://api.nasdaq.com/api/quote/QQQ/historical?assetclass=etf&fromdate=2016-07-26&todate=2026-07-26&limit=5000
QQQ,2024-04-24,428.2,429.73,424.2,426.51,48440310,,https://api.nasdaq.com/api/quote/QQQ/historical?assetclass=etf&fromdate=2016-07-26&todate=2026-07-26&limit=5000
QQQ,2024-04-25,419.24,425.32,418.14,424.45,57392170,,https://api.nasdaq.com/api/quote/QQQ/historical?assetclass=etf&fromdate=2016-07-26&todate=2026-07-26&limit=5000
QQQ,2024-04-26,427.62,432.55,426.92,431,41874910,,https://api.nasdaq.com/api/quote/QQQ/historical?assetclass=etf&fromdate=2016-07-26&todate=2026-07-26&limit=5000
QQQ,2024-04-29,433.13,433.76,429.98,432.75,30022160,,https://api.nasdaq.com/api/quote/QQQ/historical?assetclass=etf&fromdate=2016-07-26&todate=2026-07-26&limit=5000
QQQ,2024-04-30,431.15,432.56,424.51,424.59,43665930,,https://api.nasdaq.com/api/quote/QQQ/historical?assetclass=etf&fromdate=2016-07-26&todate=2026-07-26&limit=5000
QQQ,2024-05-01,423.15,430.14,420.66,421.52,52251710,,https://api.nasdaq.com/api/quote/QQQ/historical?assetclass=etf&fromdate=2016-07-26&todate=2026-07-26&limit=5000
QQQ,2024-05-02,425.3,427.81,420.63,426.9,36559010,,https://api.nasdaq.com/api/quote/QQQ/historical?assetclass=etf&fromdate=2016-07-26&todate=2026-07-26&limit=5000
QQQ,2024-05-03,434.44,436.48,432.62,435.48,48515250,,https://api.nasdaq.com/api/quote/QQQ/historical?assetclass=etf&fromdate=2016-07-26&todate=2026-07-26&limit=5000
QQQ,2024-05-06,437.3,440.34,436.52,440.25,30227200,,https://api.nasdaq.com/api/quote/QQQ/historical?assetclass=etf&fromdate=2016-07-26&todate=2026-07-26&limit=5000
QQQ,2024-05-07,440.7,441.97,439.58,440.32,30996090,,https://api.nasdaq.com/api/quote/QQQ/historical?assetclass=etf&fromdate=2016-07-26&todate=2026-07-26&limit=5000
QQQ,2024-05-08,437.67,441.48,437.55,440.06,24896720,,https://api.nasdaq.com/api/quote/QQQ/historical?assetclass=etf&fromdate=2016-07-26&todate=2026-07-26&limit=5000
QQQ,2024-05-09,440.33,441.6,438.46,441.02,24580120,,https://api.nasdaq.com/api/quote/QQQ/historical?assetclass=etf&fromdate=2016-07-26&todate=2026-07-26&limit=5000
QQQ,2024-05-10,442.54,444.31,440.499,442.06,27116570,,https://api.nasdaq.com/api/quote/QQQ/historical?assetclass=etf&fromdate=2016-07-26&todate=2026-07-26&limit=5000
QQQ,2024-05-13,443.99,444.09,441.65,443.08,22994190,,https://api.nasdaq.com/api/quote/QQQ/historical?assetclass=etf&fromdate=2016-07-26&todate=2026-07-26&limit=5000
QQQ,2024-05-14,442.65,446.465,442.46,445.93,34478320,,https://api.nasdaq.com/api/quote/QQQ/historical?assetclass=etf&fromdate=2016-07-26&todate=2026-07-26&limit=5000
QQQ,2024-05-15,448.43,453.15,446.9,452.9,41464650,,https://api.nasdaq.com/api/quote/QQQ/historical?assetclass=etf&fromdate=2016-07-26&todate=2026-07-26&limit=5000
QQQ,2024-05-16,452.71,454.69,451.81,451.98,34780410,,https://api.nasdaq.com/api/quote/QQQ/historical?assetclass=etf&fromdate=2016-07-26&todate=2026-07-26&limit=5000
QQQ,2024-05-17,452.11,452.72,449.5399,451.76,35803720,,https://api.nasdaq.com/api/quote/QQQ/historical?assetclass=etf&fromdate=2016-07-26&todate=2026-07-26&limit=5000
QQQ,2024-05-20,451.98,455.58,451.785,454.91,24474230,,https://api.nasdaq.com/api/quote/QQQ/historical?assetclass=etf&fromdate=2016-07-26&todate=2026-07-26&limit=5000
QQQ,2024-05-21,453.04,455.99,452.84,455.8,23167720,,https://api.nasdaq.com/api/quote/QQQ/historical?assetclass=etf&fromdate=2016-07-26&todate=2026-07-26&limit=5000
QQQ,2024-05-22,456.06,456.82,453.08,455.71,25120040,,https://api.nasdaq.com/api/quote/QQQ/historical?assetclass=etf&fromdate=2016-07-26&todate=2026-07-26&limit=5000
QQQ,2024-05-23,460.55,460.58,451.8503,453.66,40899230,,https://api.nasdaq.com/api/quote/QQQ/historical?assetclass=etf&fromdate=2016-07-26&todate=2026-07-26&limit=5000
QQQ,2024-05-24,455.29,459.23,453.5674,457.95,29669460,,https://api.nasdaq.com/api/quote/QQQ/historical?assetclass=etf&fromdate=2016-07-26&todate=2026-07-26&limit=5000
QQQ,2024-05-28,459.18,459.74,456.69,459.68,26216820,,https://api.nasdaq.com/api/quote/QQQ/historical?assetclass=etf&fromdate=2016-07-26&todate=2026-07-26&limit=5000
QQQ,2024-05-29,455.48,458.24,455.34,456.44,29739240,,https://api.nasdaq.com/api/quote/QQQ/historical?assetclass=etf&fromdate=2016-07-26&todate=2026-07-26&limit=5000
QQQ,2024-05-30,455.5,455.64,450.21,451.55,30714120,,https://api.nasdaq.com/api/quote/QQQ/historical?assetclass=etf&fromdate=2016-07-26&todate=2026-07-26&limit=5000
QQQ,2024-05-31,451.78,452.48,443.055,450.71,55941300,,https://api.nasdaq.com/api/quote/QQQ/historical?assetclass=etf&fromdate=2016-07-26&todate=2026-07-26&limit=5000
QQQ,2024-06-03,454.57,455.58,447.9,453.13,32997470,,https://api.nasdaq.com/api/quote/QQQ/historical?assetclass=etf&fromdate=2016-07-26&todate=2026-07-26&limit=5000
QQQ,2024-06-04,452.87,455.575,451.1311,454.37,23767440,,https://api.nasdaq.com/api/quote/QQQ/historical?assetclass=etf&fromdate=2016-07-26&todate=2026-07-26&limit=5000
QQQ,2024-06-05,457.98,463.61,454.408,463.53,33817410,,https://api.nasdaq.com/api/quote/QQQ/historical?assetclass=etf&fromdate=2016-07-26&todate=2026-07-26&limit=5000
QQQ,2024-06-06,464.22,464.54,462.19,463.37,21966820,,https://api.nasdaq.com/api/quote/QQQ/historical?assetclass=etf&fromdate=2016-07-26&todate=2026-07-26&limit=5000
QQQ,2024-06-07,463,465.74,461.84,462.96,25829720,,https://api.nasdaq.com/api/quote/QQQ/historical?assetclass=etf&fromdate=2016-07-26&todate=2026-07-26&limit=5000
QQQ,2024-06-10,461.82,465.19,461.53,464.83,20719770,,https://api.nasdaq.com/api/quote/QQQ/historical?assetclass=etf&fromdate=2016-07-26&todate=2026-07-26&limit=5000
QQQ,2024-06-11,463.54,468.14,462.03,468.02,22053280,,https://api.nasdaq.com/api/quote/QQQ/historical?assetclass=etf&fromdate=2016-07-26&todate=2026-07-26&limit=5000
QQQ,2024-06-12,471.99,476.5,471.29,474.15,34532590,,https://api.nasdaq.com/api/quote/QQQ/historical?assetclass=etf&fromdate=2016-07-26&todate=2026-07-26&limit=5000
QQQ,2024-06-13,477.72,478.39,474.42,476.72,25859010,,https://api.nasdaq.com/api/quote/QQQ/historical?assetclass=etf&fromdate=2016-07-26&todate=2026-07-26&limit=5000
QQQ,2024-06-14,476.52,479.26,476.05,479.19,23372620,,https://api.nasdaq.com/api/quote/QQQ/historical?assetclass=etf&fromdate=2016-07-26&todate=2026-07-26&limit=5000
QQQ,2024-06-17,479.46,486.86,478.14,485.06,37054500,,https://api.nasdaq.com/api/quote/QQQ/historical?assetclass=etf&fromdate=2016-07-26&todate=2026-07-26&limit=5000
QQQ,2024-06-18,485.01,485.9,483.43,485.21,24438570,,https://api.nasdaq.com/api/quote/QQQ/historical?assetclass=etf&fromdate=2016-07-26&todate=2026-07-26&limit=5000
QQQ,2024-06-20,486.42,486.8387,479.62,481.47,33918680,,https://api.nasdaq.com/api/quote/QQQ/historical?assetclass=etf&fromdate=2016-07-26&todate=2026-07-26&limit=5000
QQQ,2024-06-21,481.19,482.535,478.67,480.18,39432910,,https://api.nasdaq.com/api/quote/QQQ/historical?assetclass=etf&fromdate=2016-07-26&todate=2026-07-26&limit=5000
QQQ,2024-06-24,478.18,479.93,473.82,473.96,37750970,,https://api.nasdaq.com/api/quote/QQQ/historical?assetclass=etf&fromdate=2016-07-26&todate=2026-07-26&limit=5000
QQQ,2024-06-25,476.07,479.68,475.12,479.38,29250210,,https://api.nasdaq.com/api/quote/QQQ/historical?assetclass=etf&fromdate=2016-07-26&todate=2026-07-26&limit=5000
QQQ,2024-06-26,478.55,480.92,478.13,480.37,22737110,,https://api.nasdaq.com/api/quote/QQQ/historical?assetclass=etf&fromdate=2016-07-26&todate=2026-07-26&limit=5000
QQQ,2024-06-27,480.12,483.1,479.3,481.61,26222140,,https://api.nasdaq.com/api/quote/QQQ/historical?assetclass=etf&fromdate=2016-07-26&todate=2026-07-26&limit=5000
QQQ,2024-06-28,482.41,487.2,478.46,479.11,34881580,,https://api.nasdaq.com/api/quote/QQQ/historical?assetclass=etf&fromdate=2016-07-26&todate=2026-07-26&limit=5000
QQQ,2024-07-01,480.04,482.49,476.255,481.92,24898340,,https://api.nasdaq.com/api/quote/QQQ/historical?assetclass=etf&fromdate=2016-07-26&todate=2026-07-26&limit=5000
QQQ,2024-07-02,480.41,487.04,480.28,486.98,26723560,,https://api.nasdaq.com/api/quote/QQQ/historical?assetclass=etf&fromdate=2016-07-26&todate=2026-07-26&limit=5000
QQQ,2024-07-03,486.22,491.17,486.22,491.04,18064880,,https://api.nasdaq.com/api/quote/QQQ/historical?assetclass=etf&fromdate=2016-07-26&todate=2026-07-26&limit=5000
QQQ,2024-07-05,491.89,496.6,491.59,496.16,28495940,,https://api.nasdaq.com/api/quote/QQQ/historical?assetclass=etf&fromdate=2016-07-26&todate=2026-07-26&limit=5000
QQQ,2024-07-08,496.53,497.895,495.5,497.34,22109420,,https://api.nasdaq.com/api/quote/QQQ/historical?assetclass=etf&fromdate=2016-07-26&todate=2026-07-26&limit=5000
QQQ,2024-07-09,498.87,500,496.24,497.77,25701250,,https://api.nasdaq.com/api/quote/QQQ/historical?assetclass=etf&fromdate=2016-07-26&todate=2026-07-26&limit=5000
QQQ,2024-07-10,499.71,503.52,498.39,502.96,28046900,,https://api.nasdaq.com/api/quote/QQQ/historical?assetclass=etf&fromdate=2016-07-26&todate=2026-07-26&limit=5000
QQQ,2024-07-11,503.07,503.28,490.725,491.93,49966590,,https://api.nasdaq.com/api/quote/QQQ/historical?assetclass=etf&fromdate=2016-07-26&todate=2026-07-26&limit=5000
QQQ,2024-07-12,492.51,499.62,492.04,494.82,37109400,,https://api.nasdaq.com/api/quote/QQQ/historical?assetclass=etf&fromdate=2016-07-26&todate=2026-07-26&limit=5000
QQQ,2024-07-15,496.61,501.01,494.09,496.15,31151390,,https://api.nasdaq.com/api/quote/QQQ/historical?assetclass=etf&fromdate=2016-07-26&todate=2026-07-26&limit=5000
QQQ,2024-07-16,497.62,498.44,493.15,496.34,25950620,,https://api.nasdaq.com/api/quote/QQQ/historical?assetclass=etf&fromdate=2016-07-26&todate=2026-07-26&limit=5000
QQQ,2024-07-17,488.28,488.7984,481.7,481.77,56268770,,https://api.nasdaq.com/api/quote/QQQ/historical?assetclass=etf&fromdate=2016-07-26&todate=2026-07-26&limit=5000
QQQ,2024-07-18,485.53,485.71,476.27,479.49,49347360,,https://api.nasdaq.com/api/quote/QQQ/historical?assetclass=etf&fromdate=2016-07-26&todate=2026-07-26&limit=5000
QQQ,2024-07-19,479.15,481.69,473.94,475.24,42042860,,https://api.nasdaq.com/api/quote/QQQ/historical?assetclass=etf&fromdate=2016-07-26&todate=2026-07-26&limit=5000
QQQ,2024-07-22,481.16,483.35,477.7068,482.32,40300000,,https://api.nasdaq.com/api/quote/QQQ/historical?assetclass=etf&fromdate=2016-07-26&todate=2026-07-26&limit=5000
QQQ,2024-07-23,481.41,484.43,480.14,480.62,23282450,,https://api.nasdaq.com/api/quote/QQQ/historical?assetclass=etf&fromdate=2016-07-26&todate=2026-07-26&limit=5000
QQQ,2024-07-24,473.82,474.19,462.51,463.38,58818630,,https://api.nasdaq.com/api/quote/QQQ/historical?assetclass=etf&fromdate=2016-07-26&todate=2026-07-26&limit=5000
QQQ,2024-07-25,463.72,467.94,455.63,458.27,59256760,,https://api.nasdaq.com/api/quote/QQQ/historical?assetclass=etf&fromdate=2016-07-26&todate=2026-07-26&limit=5000
QQQ,2024-07-26,462.65,465.93,459.77,462.97,39992130,,https://api.nasdaq.com/api/quote/QQQ/historical?assetclass=etf&fromdate=2016-07-26&todate=2026-07-26&limit=5000
QQQ,2024-07-29,465.71,467.91,461.615,463.9,28218480,,https://api.nasdaq.com/api/quote/QQQ/historical?assetclass=etf&fromdate=2016-07-26&todate=2026-07-26&limit=5000
QQQ,2024-07-30,465.85,466.561,454.15,457.53,41317210,,https://api.nasdaq.com/api/quote/QQQ/historical?assetclass=etf&fromdate=2016-07-26&todate=2026-07-26&limit=5000
QQQ,2024-07-31,467.87,472.79,466.41,471.07,44552130,,https://api.nasdaq.com/api/quote/QQQ/historical?assetclass=etf&fromdate=2016-07-26&todate=2026-07-26&limit=5000
QQQ,2024-08-01,471.76,475.55,455.98,459.66,56653900,,https://api.nasdaq.com/api/quote/QQQ/historical?assetclass=etf&fromdate=2016-07-26&todate=2026-07-26&limit=5000
QQQ,2024-08-02,450.89,453.57,444.47,448.75,66323240,,https://api.nasdaq.com/api/quote/QQQ/historical?assetclass=etf&fromdate=2016-07-26&todate=2026-07-26&limit=5000
QQQ,2024-08-05,424.71,442.29,423.45,435.37,87483450,,https://api.nasdaq.com/api/quote/QQQ/historical?assetclass=etf&fromdate=2016-07-26&todate=2026-07-26&limit=5000
QQQ,2024-08-06,437.23,447.07,434.56,439.53,63164430,,https://api.nasdaq.com/api/quote/QQQ/historical?assetclass=etf&fromdate=2016-07-26&todate=2026-07-26&limit=5000
QQQ,2024-08-07,446.49,449,434.37,434.77,54929160,,https://api.nasdaq.com/api/quote/QQQ/historical?assetclass=etf&fromdate=2016-07-26&todate=2026-07-26&limit=5000
QQQ,2024-08-08,441.06,448.99,437.15,448.07,47890070,,https://api.nasdaq.com/api/quote/QQQ/historical?assetclass=etf&fromdate=2016-07-26&todate=2026-07-26&limit=5000
QQQ,2024-08-09,446.74,452.06,445.61,450.41,33573980,,https://api.nasdaq.com/api/quote/QQQ/historical?assetclass=etf&fromdate=2016-07-26&todate=2026-07-26&limit=5000
QQQ,2024-08-12,451.39,454.37,448.5546,451.38,27795010,,https://api.nasdaq.com/api/quote/QQQ/historical?assetclass=etf&fromdate=2016-07-26&todate=2026-07-26&limit=5000
QQQ,2024-08-13,455.82,462.85,455.68,462.58,40084460,,https://api.nasdaq.com/api/quote/QQQ/historical?assetclass=etf&fromdate=2016-07-26&todate=2026-07-26&limit=5000
QQQ,2024-08-14,463.51,465.1093,458.4,462.73,34733750,,https://api.nasdaq.com/api/quote/QQQ/historical?assetclass=etf&fromdate=2016-07-26&todate=2026-07-26&limit=5000
QQQ,2024-08-15,468.76,474.82,468.38,474.42,38280570,,https://api.nasdaq.com/api/quote/QQQ/historical?assetclass=etf&fromdate=2016-07-26&todate=2026-07-26&limit=5000
QQQ,2024-08-16,472.62,476.41,471.65,475.03,38383620,,https://api.nasdaq.com/api/quote/QQQ/historical?assetclass=etf&fromdate=2016-07-26&todate=2026-07-26&limit=5000
QQQ,2024-08-19,475.17,481.31,473.37,481.27,23737670,,https://api.nasdaq.com/api/quote/QQQ/historical?assetclass=etf&fromdate=2016-07-26&todate=2026-07-26&limit=5000
QQQ,2024-08-20,480.35,482.94,478.55,480.26,29209340,,https://api.nasdaq.com/api/quote/QQQ/historical?assetclass=etf&fromdate=2016-07-26&todate=2026-07-26&limit=5000
QQQ,2024-08-21,481.05,484.37,479.32,482.5,25658790,,https://api.nasdaq.com/api/quote/QQQ/historical?assetclass=etf&fromdate=2016-07-26&todate=2026-07-26&limit=5000
QQQ,2024-08-22,484.84,485.54,473.81,474.85,37739580,,https://api.nasdaq.com/api/quote/QQQ/historical?assetclass=etf&fromdate=2016-07-26&todate=2026-07-26&limit=5000
QQQ,2024-08-23,479.24,482.74,475.28,480,36061510,,https://api.nasdaq.com/api/quote/QQQ/historical?assetclass=etf&fromdate=2016-07-26&todate=2026-07-26&limit=5000
QQQ,2024-08-26,479.45,480.38,473.24,475.34,27452640,,https://api.nasdaq.com/api/quote/QQQ/historical?assetclass=etf&fromdate=2016-07-26&todate=2026-07-26&limit=5000
QQQ,2024-08-27,473.69,477.84,471.71,476.76,27510000,,https://api.nasdaq.com/api/quote/QQQ/historical?assetclass=etf&fromdate=2016-07-26&todate=2026-07-26&limit=5000
QQQ,2024-08-28,476.29,477.02,467.89,471.35,37372440,,https://api.nasdaq.com/api/quote/QQQ/historical?assetclass=etf&fromdate=2016-07-26&todate=2026-07-26&limit=5000
QQQ,2024-08-29,473.28,477.93,469.372,470.66,41081470,,https://api.nasdaq.com/api/quote/QQQ/historical?assetclass=etf&fromdate=2016-07-26&todate=2026-07-26&limit=5000
QQQ,2024-08-30,475.04,476.9,470.51,476.27,33466470,,https://api.nasdaq.com/api/quote/QQQ/historical?assetclass=etf&fromdate=2016-07-26&todate=2026-07-26&limit=5000
QQQ,2024-09-03,473.2,473.33,459.4101,461.81,44985220,,https://api.nasdaq.com/api/quote/QQQ/historical?assetclass=etf&fromdate=2016-07-26&todate=2026-07-26&limit=5000
QQQ,2024-09-04,458.67,464.45,457.73,460.61,32505100,,https://api.nasdaq.com/api/quote/QQQ/historical?assetclass=etf&fromdate=2016-07-26&todate=2026-07-26&limit=5000
QQQ,2024-09-05,458.97,465.36,457.939,461.04,34452390,,https://api.nasdaq.com/api/quote/QQQ/historical?assetclass=etf&fromdate=2016-07-26&todate=2026-07-26&limit=5000
QQQ,2024-09-06,460.33,461.22,448.19,448.69,50624390,,https://api.nasdaq.com/api/quote/QQQ/historical?assetclass=etf&fromdate=2016-07-26&todate=2026-07-26&limit=5000
QQQ,2024-09-09,453.06,455.46,449.8234,454.46,32981170,,https://api.nasdaq.com/api/quote/QQQ/historical?assetclass=etf&fromdate=2016-07-26&todate=2026-07-26&limit=5000
QQQ,2024-09-10,456.24,459.17,452.23,458.66,29680320,,https://api.nasdaq.com/api/quote/QQQ/historical?assetclass=etf&fromdate=2016-07-26&todate=2026-07-26&limit=5000
QQQ,2024-09-11,459.91,469.37,451.28,468.62,57842990,,https://api.nasdaq.com/api/quote/QQQ/historical?assetclass=etf&fromdate=2016-07-26&todate=2026-07-26&limit=5000
QQQ,2024-09-12,468.65,474.04,466.8491,473.22,40175460,,https://api.nasdaq.com/api/quote/QQQ/historical?assetclass=etf&fromdate=2016-07-26&todate=2026-07-26&limit=5000
QQQ,2024-09-13,472.48,476.53,472.25,475.34,29111850,,https://api.nasdaq.com/api/quote/QQQ/historical?assetclass=etf&fromdate=2016-07-26&todate=2026-07-26&limit=5000
QQQ,2024-09-16,473.19,473.8599,469.89,473.24,22585600,,https://api.nasdaq.com/api/quote/QQQ/historical?assetclass=etf&fromdate=2016-07-26&todate=2026-07-26&limit=5000
QQQ,2024-09-17,476.29,477.6,470.97,473.49,30084440,,https://api.nasdaq.com/api/quote/QQQ/historical?assetclass=etf&fromdate=2016-07-26&todate=2026-07-26&limit=5000
QQQ,2024-09-18,474.7,478.83,470.83,471.44,39909220,,https://api.nasdaq.com/api/quote/QQQ/historical?assetclass=etf&fromdate=2016-07-26&todate=2026-07-26&limit=5000
QQQ,2024-09-19,482.61,486.23,480.49,483.36,52782520,,https://api.nasdaq.com/api/quote/QQQ/historical?assetclass=etf&fromdate=2016-07-26&todate=2026-07-26&limit=5000
QQQ,2024-09-20,482.49,483.69,478.3,482.44,34577660,,https://api.nasdaq.com/api/quote/QQQ/historical?assetclass=etf&fromdate=2016-07-26&todate=2026-07-26&limit=5000
QQQ,2024-09-23,482.95,484.14,481.6,483.04,24842970,,https://api.nasdaq.com/api/quote/QQQ/historical?assetclass=etf&fromdate=2016-07-26&todate=2026-07-26&limit=5000
QQQ,2024-09-24,484.46,486.33,480.17,485.37,25952640,,https://api.nasdaq.com/api/quote/QQQ/historical?assetclass=etf&fromdate=2016-07-26&todate=2026-07-26&limit=5000
QQQ,2024-09-25,484.74,487.79,484.56,485.82,26549870,,https://api.nasdaq.com/api/quote/QQQ/historical?assetclass=etf&fromdate=2016-07-26&todate=2026-07-26&limit=5000
QQQ,2024-09-26,493.37,493.7,485.8,489.47,32020210,,https://api.nasdaq.com/api/quote/QQQ/historical?assetclass=etf&fromdate=2016-07-26&todate=2026-07-26&limit=5000
QQQ,2024-09-27,490.5,490.64,485.56,486.75,22851120,,https://api.nasdaq.com/api/quote/QQQ/historical?assetclass=etf&fromdate=2016-07-26&todate=2026-07-26&limit=5000
QQQ,2024-09-30,485.78,488.41,482.92,488.07,30330610,,https://api.nasdaq.com/api/quote/QQQ/historical?assetclass=etf&fromdate=2016-07-26&todate=2026-07-26&limit=5000
QQQ,2024-10-01,487.7,488,477.4,481.27,42735420,,https://api.nasdaq.com/api/quote/QQQ/historical?assetclass=etf&fromdate=2016-07-26&todate=2026-07-26&limit=5000
QQQ,2024-10-02,480.36,483.88,477.72,481.95,23744050,,https://api.nasdaq.com/api/quote/QQQ/historical?assetclass=etf&fromdate=2016-07-26&todate=2026-07-26&limit=5000
QQQ,2024-10-03,479.74,484.545,478.99,481.59,25337220,,https://api.nasdaq.com/api/quote/QQQ/historical?assetclass=etf&fromdate=2016-07-26&todate=2026-07-26&limit=5000
QQQ,2024-10-04,487.45,487.88,482.385,487.32,30744910,,https://api.nasdaq.com/api/quote/QQQ/historical?assetclass=etf&fromdate=2016-07-26&todate=2026-07-26&limit=5000
QQQ,2024-10-07,485.39,486.57,480.87,482.1,24975120,,https://api.nasdaq.com/api/quote/QQQ/historical?assetclass=etf&fromdate=2016-07-26&todate=2026-07-26&limit=5000
QQQ,2024-10-08,484.66,489.99,483.845,489.3,28272020,,https://api.nasdaq.com/api/quote/QQQ/historical?assetclass=etf&fromdate=2016-07-26&todate=2026-07-26&limit=5000
QQQ,2024-10-09,489,493.73,487.95,493.15,24994950,,https://api.nasdaq.com/api/quote/QQQ/historical?assetclass=etf&fromdate=2016-07-26&todate=2026-07-26&limit=5000
QQQ,2024-10-10,490.85,494.47,489.53,492.59,25750450,,https://api.nasdaq.com/api/quote/QQQ/historical?assetclass=etf&fromdate=2016-07-26&todate=2026-07-26&limit=5000
QQQ,2024-10-11,490.74,494.39,490.17,493.36,20644500,,https://api.nasdaq.com/api/quote/QQQ/historical?assetclass=etf&fromdate=2016-07-26&todate=2026-07-26&limit=5000
QQQ,2024-10-14,495.77,498.83,495.26,497.5,26060150,,https://api.nasdaq.com/api/quote/QQQ/historical?assetclass=etf&fromdate=2016-07-26&todate=2026-07-26&limit=5000
QQQ,2024-10-15,497.83,498.5,488.68,490.85,34784510,,https://api.nasdaq.com/api/quote/QQQ/historical?assetclass=etf&fromdate=2016-07-26&todate=2026-07-26&limit=5000
QQQ,2024-10-16,491.18,491.69,487.57,490.91,22996780,,https://api.nasdaq.com/api/quote/QQQ/historical?assetclass=etf&fromdate=2016-07-26&todate=2026-07-26&limit=5000
QQQ,2024-10-17,496.44,496.49,491.1901,491.25,27210660,,https://api.nasdaq.com/api/quote/QQQ/historical?assetclass=etf&fromdate=2016-07-26&todate=2026-07-26&limit=5000
QQQ,2024-10-18,494.06,495.57,493.3,494.47,25335030,,https://api.nasdaq.com/api/quote/QQQ/historical?assetclass=etf&fromdate=2016-07-26&todate=2026-07-26&limit=5000
QQQ,2024-10-21,493.25,496.23,491.31,495.42,30336550,,https://api.nasdaq.com/api/quote/QQQ/historical?assetclass=etf&fromdate=2016-07-26&todate=2026-07-26&limit=5000
QQQ,2024-10-22,492.73,497.445,491.97,495.96,26685840,,https://api.nasdaq.com/api/quote/QQQ/historical?assetclass=etf&fromdate=2016-07-26&todate=2026-07-26&limit=5000
QQQ,2024-10-23,493.59,494.25,485.05,488.36,39346570,,https://api.nasdaq.com/api/quote/QQQ/historical?assetclass=etf&fromdate=2016-07-26&todate=2026-07-26&limit=5000
QQQ,2024-10-24,492.11,493,489.44,492.32,22024930,,https://api.nasdaq.com/api/quote/QQQ/historical?assetclass=etf&fromdate=2016-07-26&todate=2026-07-26&limit=5000
QQQ,2024-10-25,495.14,500.28,494.43,495.32,38762140,,https://api.nasdaq.com/api/quote/QQQ/historical?assetclass=etf&fromdate=2016-07-26&todate=2026-07-26&limit=5000
QQQ,2024-10-28,498.46,498.52,495.1,495.4,20477780,,https://api.nasdaq.com/api/quote/QQQ/historical?assetclass=etf&fromdate=2016-07-26&todate=2026-07-26&limit=5000
QQQ,2024-10-29,495.72,501.35,493.85,500.16,28014060,,https://api.nasdaq.com/api/quote/QQQ/historical?assetclass=etf&fromdate=2016-07-26&todate=2026-07-26&limit=5000
QQQ,2024-10-30,499.39,500.35,495.89,496.38,29755960,,https://api.nasdaq.com/api/quote/QQQ/historical?assetclass=etf&fromdate=2016-07-26&todate=2026-07-26&limit=5000
QQQ,2024-10-31,492.38,492.43,483.75,483.85,41245250,,https://api.nasdaq.com/api/quote/QQQ/historical?assetclass=etf&fromdate=2016-07-26&todate=2026-07-26&limit=5000
QQQ,2024-11-01,485.5,490.7507,485.2,487.43,33655760,,https://api.nasdaq.com/api/quote/QQQ/historical?assetclass=etf&fromdate=2016-07-26&todate=2026-07-26&limit=5000
QQQ,2024-11-04,486.82,489.38,484.2545,486.01,23291580,,https://api.nasdaq.com/api/quote/QQQ/historical?assetclass=etf&fromdate=2016-07-26&todate=2026-07-26&limit=5000
QQQ,2024-11-05,487.61,492.88,487.52,492.21,24353620,,https://api.nasdaq.com/api/quote/QQQ/historical?assetclass=etf&fromdate=2016-07-26&todate=2026-07-26&limit=5000
QQQ,2024-11-06,500.56,506.41,499.6,505.58,43082200,,https://api.nasdaq.com/api/quote/QQQ/historical?assetclass=etf&fromdate=2016-07-26&todate=2026-07-26&limit=5000
QQQ,2024-11-07,508.4,514.33,508.34,513.54,32853120,,https://api.nasdaq.com/api/quote/QQQ/historical?assetclass=etf&fromdate=2016-07-26&todate=2026-07-26&limit=5000
QQQ,2024-11-08,513.035,514.9175,512.41,514.14,22924480,,https://api.nasdaq.com/api/quote/QQQ/historical?assetclass=etf&fromdate=2016-07-26&todate=2026-07-26&limit=5000
QQQ,2024-11-11,515.37,515.58,510.92,513.84,24167480,,https://api.nasdaq.com/api/quote/QQQ/historical?assetclass=etf&fromdate=2016-07-26&todate=2026-07-26&limit=5000
QQQ,2024-11-12,513.77,514.66,509.83,512.91,25835290,,https://api.nasdaq.com/api/quote/QQQ/historical?assetclass=etf&fromdate=2016-07-26&todate=2026-07-26&limit=5000
QQQ,2024-11-13,512.4,514.98,509.95,512.25,24567420,,https://api.nasdaq.com/api/quote/QQQ/historical?assetclass=etf&fromdate=2016-07-26&todate=2026-07-26&limit=5000
QQQ,2024-11-14,511.91,512.79,507.77,508.69,28679520,,https://api.nasdaq.com/api/quote/QQQ/historical?assetclass=etf&fromdate=2016-07-26&todate=2026-07-26&limit=5000
QQQ,2024-11-15,502.94,503.33,494.49,496.57,51461050,,https://api.nasdaq.com/api/quote/QQQ/historical?assetclass=etf&fromdate=2016-07-26&todate=2026-07-26&limit=5000
QQQ,2024-11-18,498.13,502.14,496.73,500.02,27192660,,https://api.nasdaq.com/api/quote/QQQ/historical?assetclass=etf&fromdate=2016-07-26&todate=2026-07-26&limit=5000
QQQ,2024-11-19,497.42,503.9536,497.08,503.46,24523020,,https://api.nasdaq.com/api/quote/QQQ/historical?assetclass=etf&fromdate=2016-07-26&todate=2026-07-26&limit=5000
QQQ,2024-11-20,503.16,503.48,496.555,503.17,29565490,,https://api.nasdaq.com/api/quote/QQQ/historical?assetclass=etf&fromdate=2016-07-26&todate=2026-07-26&limit=5000
QQQ,2024-11-21,506.24,506.96,497.56,504.98,34526740,,https://api.nasdaq.com/api/quote/QQQ/historical?assetclass=etf&fromdate=2016-07-26&todate=2026-07-26&limit=5000
QQQ,2024-11-22,504.42,506.53,502.78,505.79,23826640,,https://api.nasdaq.com/api/quote/QQQ/historical?assetclass=etf&fromdate=2016-07-26&todate=2026-07-26&limit=5000
QQQ,2024-11-25,509.9,511.4525,504.2625,506.59,26375170,,https://api.nasdaq.com/api/quote/QQQ/historical?assetclass=etf&fromdate=2016-07-26&todate=2026-07-26&limit=5000
QQQ,2024-11-26,508.08,510.14,507.23,509.31,26557060,,https://api.nasdaq.com/api/quote/QQQ/historical?assetclass=etf&fromdate=2016-07-26&todate=2026-07-26&limit=5000
QQQ,2024-11-27,508.17,508.24,501.93,505.3,24957440,,https://api.nasdaq.com/api/quote/QQQ/historical?assetclass=etf&fromdate=2016-07-26&todate=2026-07-26&limit=5000
QQQ,2024-11-29,505.93,510.34,505.31,509.74,15333970,,https://api.nasdaq.com/api/quote/QQQ/historical?assetclass=etf&fromdate=2016-07-26&todate=2026-07-26&limit=5000
QQQ,2024-12-02,511.01,516.26,510.62,515.29,25147170,,https://api.nasdaq.com/api/quote/QQQ/historical?assetclass=etf&fromdate=2016-07-26&todate=2026-07-26&limit=5000
QQQ,2024-12-03,513.95,517.15,513.37,516.87,18597900,,https://api.nasdaq.com/api/quote/QQQ/historical?assetclass=etf&fromdate=2016-07-26&todate=2026-07-26&limit=5000
QQQ,2024-12-04,520.32,523.52,519.6,523.26,26086220,,https://api.nasdaq.com/api/quote/QQQ/historical?assetclass=etf&fromdate=2016-07-26&todate=2026-07-26&limit=5000
QQQ,2024-12-05,523.31,524.0399,521.42,521.81,18169630,,https://api.nasdaq.com/api/quote/QQQ/historical?assetclass=etf&fromdate=2016-07-26&todate=2026-07-26&limit=5000
QQQ,2024-12-06,522.48,526.72,522.35,526.48,23762610,,https://api.nasdaq.com/api/quote/QQQ/historical?assetclass=etf&fromdate=2016-07-26&todate=2026-07-26&limit=5000
QQQ,2024-12-09,525.55,526.35,521.22,522.38,20674410,,https://api.nasdaq.com/api/quote/QQQ/historical?assetclass=etf&fromdate=2016-07-26&todate=2026-07-26&limit=5000
QQQ,2024-12-10,523.62,525.38,519.16,520.6,24350040,,https://api.nasdaq.com/api/quote/QQQ/historical?assetclass=etf&fromdate=2016-07-26&todate=2026-07-26&limit=5000
QQQ,2024-12-11,525,530.61,524.59,529.92,32168580,,https://api.nasdaq.com/api/quote/QQQ/historical?assetclass=etf&fromdate=2016-07-26&todate=2026-07-26&limit=5000
QQQ,2024-12-12,527.68,528.96,526.02,526.5,23577500,,https://api.nasdaq.com/api/quote/QQQ/historical?assetclass=etf&fromdate=2016-07-26&todate=2026-07-26&limit=5000
QQQ,2024-12-13,530.46,533.1661,527.3001,530.53,28780410,,https://api.nasdaq.com/api/quote/QQQ/historical?assetclass=etf&fromdate=2016-07-26&todate=2026-07-26&limit=5000
QQQ,2024-12-16,533.08,539.15,533,538.17,31979860,,https://api.nasdaq.com/api/quote/QQQ/historical?assetclass=etf&fromdate=2016-07-26&todate=2026-07-26&limit=5000
QQQ,2024-12-17,536.36,537.48,534.13,535.8,28579070,,https://api.nasdaq.com/api/quote/QQQ/historical?assetclass=etf&fromdate=2016-07-26&todate=2026-07-26&limit=5000
QQQ,2024-12-18,535.15,536.8799,515.01,516.47,54703160,,https://api.nasdaq.com/api/quote/QQQ/historical?assetclass=etf&fromdate=2016-07-26&todate=2026-07-26&limit=5000
QQQ,2024-12-19,521.19,521.7599,513.83,514.17,46441750,,https://api.nasdaq.com/api/quote/QQQ/historical?assetclass=etf&fromdate=2016-07-26&todate=2026-07-26&limit=5000
QQQ,2024-12-20,510.44,524.82,509.29,518.66,60529960,,https://api.nasdaq.com/api/quote/QQQ/historical?assetclass=etf&fromdate=2016-07-26&todate=2026-07-26&limit=5000
QQQ,2024-12-23,519.55,523.25,516.13,522.87,29672800,,https://api.nasdaq.com/api/quote/QQQ/historical?assetclass=etf&fromdate=2016-07-26&todate=2026-07-26&limit=5000
QQQ,2024-12-24,524.83,530.05,524.19,529.96,17558220,,https://api.nasdaq.com/api/quote/QQQ/historical?assetclass=etf&fromdate=2016-07-26&todate=2026-07-26&limit=5000
QQQ,2024-12-26,528.32,531.24,526.31,529.6,19141490,,https://api.nasdaq.com/api/quote/QQQ/historical?assetclass=etf&fromdate=2016-07-26&todate=2026-07-26&limit=5000
QQQ,2024-12-27,526.01,526.45,517.86,522.56,33839560,,https://api.nasdaq.com/api/quote/QQQ/historical?assetclass=etf&fromdate=2016-07-26&todate=2026-07-26&limit=5000
QQQ,2024-12-30,515.51,519.36,511.83,515.61,34584030,,https://api.nasdaq.com/api/quote/QQQ/historical?assetclass=etf&fromdate=2016-07-26&todate=2026-07-26&limit=5000
QQQ,2024-12-31,516.9,517.66,510.26,511.23,29117030,,https://api.nasdaq.com/api/quote/QQQ/historical?assetclass=etf&fromdate=2016-07-26&todate=2026-07-26&limit=5000
QQQ,2025-01-02,514.3,516.64,505.71,510.23,36389780,,https://api.nasdaq.com/api/quote/QQQ/historical?assetclass=etf&fromdate=2016-07-26&todate=2026-07-26&limit=5000
QQQ,2025-01-03,513.35,519.6454,512.53,518.58,29059520,,https://api.nasdaq.com/api/quote/QQQ/historical?assetclass=etf&fromdate=2016-07-26&todate=2026-07-26&limit=5000
QQQ,2025-01-06,524.02,527.92,522.03,524.54,36109730,,https://api.nasdaq.com/api/quote/QQQ/historical?assetclass=etf&fromdate=2016-07-26&todate=2026-07-26&limit=5000
QQQ,2025-01-07,525.59,525.99,513.28,515.18,36690270,,https://api.nasdaq.com/api/quote/QQQ/historical?assetclass=etf&fromdate=2016-07-26&todate=2026-07-26&limit=5000
QQQ,2025-01-08,515.08,516.9199,510.57,515.27,30777780,,https://api.nasdaq.com/api/quote/QQQ/historical?assetclass=etf&fromdate=2016-07-26&todate=2026-07-26&limit=5000
QQQ,2025-01-10,511.48,511.58,503.92,507.19,40532500,,https://api.nasdaq.com/api/quote/QQQ/historical?assetclass=etf&fromdate=2016-07-26&todate=2026-07-26&limit=5000
QQQ,2025-01-13,501.2,506.02,499.7,505.56,31694210,,https://api.nasdaq.com/api/quote/QQQ/historical?assetclass=etf&fromdate=2016-07-26&todate=2026-07-26&limit=5000
QQQ,2025-01-14,508.74,510.155,501.59,505.08,33737240,,https://api.nasdaq.com/api/quote/QQQ/historical?assetclass=etf&fromdate=2016-07-26&todate=2026-07-26&limit=5000
QQQ,2025-01-15,513.03,517.85,511.46,516.7,34957550,,https://api.nasdaq.com/api/quote/QQQ/historical?assetclass=etf&fromdate=2016-07-26&todate=2026-07-26&limit=5000
QQQ,2025-01-16,518.98,519.0599,512.95,513.08,28229040,,https://api.nasdaq.com/api/quote/QQQ/historical?assetclass=etf&fromdate=2016-07-26&todate=2026-07-26&limit=5000
QQQ,2025-01-17,522.85,524.0733,513.1086,521.74,51837940,,https://api.nasdaq.com/api/quote/QQQ/historical?assetclass=etf&fromdate=2016-07-26&todate=2026-07-26&limit=5000
QQQ,2025-01-21,524.48,525.97,520.06,524.8,23627970,,https://api.nasdaq.com/api/quote/QQQ/historical?assetclass=etf&fromdate=2016-07-26&todate=2026-07-26&limit=5000
QQQ,2025-01-22,529.57,533.82,529.26,531.51,33592990,,https://api.nasdaq.com/api/quote/QQQ/historical?assetclass=etf&fromdate=2016-07-26&todate=2026-07-26&limit=5000
QQQ,2025-01-23,529.04,532.76,528.45,532.64,23096590,,https://api.nasdaq.com/api/quote/QQQ/historical?assetclass=etf&fromdate=2016-07-26&todate=2026-07-26&limit=5000
QQQ,2025-01-24,533.02,533.79,528.15,529.63,19878250,,https://api.nasdaq.com/api/quote/QQQ/historical?assetclass=etf&fromdate=2016-07-26&todate=2026-07-26&limit=5000
QQQ,2025-01-27,511,517.99,510.15,514.21,60771700,,https://api.nasdaq.com/api/quote/QQQ/historical?assetclass=etf&fromdate=2016-07-26&todate=2026-07-26&limit=5000
QQQ,2025-01-28,515.22,523,511.78,521.81,33194210,,https://api.nasdaq.com/api/quote/QQQ/historical?assetclass=etf&fromdate=2016-07-26&todate=2026-07-26&limit=5000
QQQ,2025-01-29,522.46,522.59,516.8988,520.83,26649010,,https://api.nasdaq.com/api/quote/QQQ/historical?assetclass=etf&fromdate=2016-07-26&todate=2026-07-26&limit=5000
QQQ,2025-01-30,523.71,526.095,518.21,523.05,27431300,,https://api.nasdaq.com/api/quote/QQQ/historical?assetclass=etf&fromdate=2016-07-26&todate=2026-07-26&limit=5000
QQQ,2025-01-31,526.92,531.5178,521.19,522.29,38845470,,https://api.nasdaq.com/api/quote/QQQ/historical?assetclass=etf&fromdate=2016-07-26&todate=2026-07-26&limit=5000
QQQ,2025-02-03,513.47,520.8496,511.05,518.11,40580840,,https://api.nasdaq.com/api/quote/QQQ/historical?assetclass=etf&fromdate=2016-07-26&todate=2026-07-26&limit=5000
QQQ,2025-02-04,518.63,525.11,518.23,524.47,26046750,,https://api.nasdaq.com/api/quote/QQQ/historical?assetclass=etf&fromdate=2016-07-26&todate=2026-07-26&limit=5000
QQQ,2025-02-05,521.82,527.01,520.62,526.85,21134070,,https://api.nasdaq.com/api/quote/QQQ/historical?assetclass=etf&fromdate=2016-07-26&todate=2026-07-26&limit=5000
QQQ,2025-02-06,527.36,529.81,525.7413,529.6,19434450,,https://api.nasdaq.com/api/quote/QQQ/historical?assetclass=etf&fromdate=2016-07-26&todate=2026-07-26&limit=5000
QQQ,2025-02-07,530.14,532.1,522.19,522.92,29605470,,https://api.nasdaq.com/api/quote/QQQ/historical?assetclass=etf&fromdate=2016-07-26&todate=2026-07-26&limit=5000
QQQ,2025-02-10,527.22,530.3571,526.75,529.25,20852780,,https://api.nasdaq.com/api/quote/QQQ/historical?assetclass=etf&fromdate=2016-07-26&todate=2026-07-26&limit=5000
QQQ,2025-02-11,525.96,529.92,525.83,527.99,19325500,,https://api.nasdaq.com/api/quote/QQQ/historical?assetclass=etf&fromdate=2016-07-26&todate=2026-07-26&limit=5000
QQQ,2025-02-12,522.3,529.19,521.95,528.3,25009360,,https://api.nasdaq.com/api/quote/QQQ/historical?assetclass=etf&fromdate=2016-07-26&todate=2026-07-26&limit=5000
QQQ,2025-02-13,529.98,536.22,529.19,535.9,28714800,,https://api.nasdaq.com/api/quote/QQQ/historical?assetclass=etf&fromdate=2016-07-26&todate=2026-07-26&limit=5000
QQQ,2025-02-14,536.005,538.84,535.67,538.15,17862570,,https://api.nasdaq.com/api/quote/QQQ/historical?assetclass=etf&fromdate=2016-07-26&todate=2026-07-26&limit=5000
QQQ,2025-02-18,539.73,540,536.04,539.37,20565030,,https://api.nasdaq.com/api/quote/QQQ/historical?assetclass=etf&fromdate=2016-07-26&todate=2026-07-26&limit=5000
QQQ,2025-02-19,538.57,540.81,536.46,539.52,19666860,,https://api.nasdaq.com/api/quote/QQQ/historical?assetclass=etf&fromdate=2016-07-26&todate=2026-07-26&limit=5000
QQQ,2025-02-20,538.73,539.1,532.46,537.23,26550750,,https://api.nasdaq.com/api/quote/QQQ/historical?assetclass=etf&fromdate=2016-07-26&todate=2026-07-26&limit=5000
QQQ,2025-02-21,538.38,538.4,525.71,526.08,47093750,,https://api.nasdaq.com/api/quote/QQQ/historical?assetclass=etf&fromdate=2016-07-26&todate=2026-07-26&limit=5000
QQQ,2025-02-24,527.88,529.069,519.53,519.87,39268390,,https://api.nasdaq.com/api/quote/QQQ/historical?assetclass=etf&fromdate=2016-07-26&todate=2026-07-26&limit=5000
QQQ,2025-02-25,519.24,519.32,509.44,513.32,48940030,,https://api.nasdaq.com/api/quote/QQQ/historical?assetclass=etf&fromdate=2016-07-26&todate=2026-07-26&limit=5000
QQQ,2025-02-26,515.53,519.66,511.37,514.56,34457620,,https://api.nasdaq.com/api/quote/QQQ/historical?assetclass=etf&fromdate=2016-07-26&todate=2026-07-26&limit=5000
QQQ,2025-02-27,518.13,519.0699,500.05,500.27,52447970,,https://api.nasdaq.com/api/quote/QQQ/historical?assetclass=etf&fromdate=2016-07-26&todate=2026-07-26&limit=5000
QQQ,2025-02-28,500.13,508.78,496.93,508.17,47654040,,https://api.nasdaq.com/api/quote/QQQ/historical?assetclass=etf&fromdate=2016-07-26&todate=2026-07-26&limit=5000
QQQ,2025-03-03,511.52,513.04,493.58,497.05,44587200,,https://api.nasdaq.com/api/quote/QQQ/historical?assetclass=etf&fromdate=2016-07-26&todate=2026-07-26&limit=5000
QQQ,2025-03-04,494.18,503.74,487.735,495.55,67875400,,https://api.nasdaq.com/api/quote/QQQ/historical?assetclass=etf&fromdate=2016-07-26&todate=2026-07-26&limit=5000
QQQ,2025-03-05,496.2,503.63,491.26,502.01,46323730,,https://api.nasdaq.com/api/quote/QQQ/historical?assetclass=etf&fromdate=2016-07-26&todate=2026-07-26&limit=5000
QQQ,2025-03-06,493.69,498.58,486.2,488.2,57574330,,https://api.nasdaq.com/api/quote/QQQ/historical?assetclass=etf&fromdate=2016-07-26&todate=2026-07-26&limit=5000
QQQ,2025-03-07,487.16,493.28,480.53,491.79,54714730,,https://api.nasdaq.com/api/quote/QQQ/historical?assetclass=etf&fromdate=2016-07-26&todate=2026-07-26&limit=5000
QQQ,2025-03-10,483.45,483.97,468.66,472.73,76668030,,https://api.nasdaq.com/api/quote/QQQ/historical?assetclass=etf&fromdate=2016-07-26&todate=2026-07-26&limit=5000
QQQ,2025-03-11,472.35,478.805,467.01,471.6,68760770,,https://api.nasdaq.com/api/quote/QQQ/historical?assetclass=etf&fromdate=2016-07-26&todate=2026-07-26&limit=5000
QQQ,2025-03-12,479.16,481.06,471.79,476.92,46971080,,https://api.nasdaq.com/api/quote/QQQ/historical?assetclass=etf&fromdate=2016-07-26&todate=2026-07-26&limit=5000
QQQ,2025-03-13,476.25,476.2801,466.43,468.34,46563350,,https://api.nasdaq.com/api/quote/QQQ/historical?assetclass=etf&fromdate=2016-07-26&todate=2026-07-26&limit=5000
QQQ,2025-03-14,473.73,480.56,473.12,479.66,43563010,,https://api.nasdaq.com/api/quote/QQQ/historical?assetclass=etf&fromdate=2016-07-26&todate=2026-07-26&limit=5000
QQQ,2025-03-17,479.61,485.84,477.8,482.77,41744350,,https://api.nasdaq.com/api/quote/QQQ/historical?assetclass=etf&fromdate=2016-07-26&todate=2026-07-26&limit=5000
QQQ,2025-03-18,479.41,479.61,472.41,474.54,39072270,,https://api.nasdaq.com/api/quote/QQQ/historical?assetclass=etf&fromdate=2016-07-26&todate=2026-07-26&limit=5000
QQQ,2025-03-19,476.81,485.33,474.87,480.89,40430330,,https://api.nasdaq.com/api/quote/QQQ/historical?assetclass=etf&fromdate=2016-07-26&todate=2026-07-26&limit=5000
QQQ,2025-03-20,476.88,484.55,476.18,479.26,36780550,,https://api.nasdaq.com/api/quote/QQQ/historical?assetclass=etf&fromdate=2016-07-26&todate=2026-07-26&limit=5000
QQQ,2025-03-21,474.08,481.61,472.905,480.84,42234870,,https://api.nasdaq.com/api/quote/QQQ/historical?assetclass=etf&fromdate=2016-07-26&todate=2026-07-26&limit=5000
QQQ,2025-03-24,487.74,491.51,484.4,490.66,34567190,,https://api.nasdaq.com/api/quote/QQQ/historical?assetclass=etf&fromdate=2016-07-26&todate=2026-07-26&limit=5000
QQQ,2025-03-25,491.39,493.62,490.42,493.46,26035240,,https://api.nasdaq.com/api/quote/QQQ/historical?assetclass=etf&fromdate=2016-07-26&todate=2026-07-26&limit=5000
QQQ,2025-03-26,492.3,493.16,482.82,484.38,35043360,,https://api.nasdaq.com/api/quote/QQQ/historical?assetclass=etf&fromdate=2016-07-26&todate=2026-07-26&limit=5000
QQQ,2025-03-27,482.41,486.5799,480.25,481.62,33469820,,https://api.nasdaq.com/api/quote/QQQ/historical?assetclass=etf&fromdate=2016-07-26&todate=2026-07-26&limit=5000
QQQ,2025-03-28,479.81,480.52,468.05,468.94,46363800,,https://api.nasdaq.com/api/quote/QQQ/historical?assetclass=etf&fromdate=2016-07-26&todate=2026-07-26&limit=5000
QQQ,2025-03-31,461.92,469.86,457.33,468.92,53000300,,https://api.nasdaq.com/api/quote/QQQ/historical?assetclass=etf&fromdate=2016-07-26&todate=2026-07-26&limit=5000
QQQ,2025-04-01,467.3,473.63,464.42,472.7,41156230,,https://api.nasdaq.com/api/quote/QQQ/historical?assetclass=etf&fromdate=2016-07-26&todate=2026-07-26&limit=5000
QQQ,2025-04-02,466.12,479.56,465.86,476.15,49894490,,https://api.nasdaq.com/api/quote/QQQ/historical?assetclass=etf&fromdate=2016-07-26&todate=2026-07-26&limit=5000
QQQ,2025-04-03,456.44,460.07,450.14,450.66,70456340,,https://api.nasdaq.com/api/quote/QQQ/historical?assetclass=etf&fromdate=2016-07-26&todate=2026-07-26&limit=5000
QQQ,2025-04-04,438.14,440.37,422.67,422.67,117088400,,https://api.nasdaq.com/api/quote/QQQ/historical?assetclass=etf&fromdate=2016-07-26&todate=2026-07-26&limit=5000
QQQ,2025-04-07,408.66,443.14,402.39,423.69,161557000,,https://api.nasdaq.com/api/quote/QQQ/historical?assetclass=etf&fromdate=2016-07-26&todate=2026-07-26&limit=5000
QQQ,2025-04-08,438.16,443.1384,409.79,416.06,101248100,,https://api.nasdaq.com/api/quote/QQQ/historical?assetclass=etf&fromdate=2016-07-26&todate=2026-07-26&limit=5000
QQQ,2025-04-09,415.57,467.83,415.43,466,142876900,,https://api.nasdaq.com/api/quote/QQQ/historical?assetclass=etf&fromdate=2016-07-26&todate=2026-07-26&limit=5000
QQQ,2025-04-10,453.56,455.59,432.63,446.18,108384100,,https://api.nasdaq.com/api/quote/QQQ/historical?assetclass=etf&fromdate=2016-07-26&todate=2026-07-26&limit=5000
QQQ,2025-04-11,444.65,455.79,441.33,454.4,52483780,,https://api.nasdaq.com/api/quote/QQQ/historical?assetclass=etf&fromdate=2016-07-26&todate=2026-07-26&limit=5000
QQQ,2025-04-14,464.46,465.05,452.63,457.48,43941180,,https://api.nasdaq.com/api/quote/QQQ/historical?assetclass=etf&fromdate=2016-07-26&todate=2026-07-26&limit=5000
QQQ,2025-04-15,458.54,462.38,456.15,457.99,35404210,,https://api.nasdaq.com/api/quote/QQQ/historical?assetclass=etf&fromdate=2016-07-26&todate=2026-07-26&limit=5000
QQQ,2025-04-16,449.03,452.62,437.76,444.18,48980550,,https://api.nasdaq.com/api/quote/QQQ/historical?assetclass=etf&fromdate=2016-07-26&todate=2026-07-26&limit=5000
QQQ,2025-04-17,447.17,447.75,441.36,444.1,44837050,,https://api.nasdaq.com/api/quote/QQQ/historical?assetclass=etf&fromdate=2016-07-26&todate=2026-07-26&limit=5000
QQQ,2025-04-21,438.23,439.08,427.93,433.11,44149310,,https://api.nasdaq.com/api/quote/QQQ/historical?assetclass=etf&fromdate=2016-07-26&todate=2026-07-26&limit=5000
QQQ,2025-04-22,438.82,447.58,437.62,444.48,52304390,,https://api.nasdaq.com/api/quote/QQQ/historical?assetclass=etf&fromdate=2016-07-26&todate=2026-07-26&limit=5000
QQQ,2025-04-23,458.17,463.38,452.88,454.56,55801140,,https://api.nasdaq.com/api/quote/QQQ/historical?assetclass=etf&fromdate=2016-07-26&todate=2026-07-26&limit=5000
QQQ,2025-04-24,456.48,467.66,455.83,467.35,45956140,,https://api.nasdaq.com/api/quote/QQQ/historical?assetclass=etf&fromdate=2016-07-26&todate=2026-07-26&limit=5000
QQQ,2025-04-25,466.97,473.09,465.39,472.56,38697060,,https://api.nasdaq.com/api/quote/QQQ/historical?assetclass=etf&fromdate=2016-07-26&todate=2026-07-26&limit=5000
QQQ,2025-04-28,473.03,474.808,466.03,472.41,33550780,,https://api.nasdaq.com/api/quote/QQQ/historical?assetclass=etf&fromdate=2016-07-26&todate=2026-07-26&limit=5000
QQQ,2025-04-29,470.17,476.4243,469.59,475.53,30613120,,https://api.nasdaq.com/api/quote/QQQ/historical?assetclass=etf&fromdate=2016-07-26&todate=2026-07-26&limit=5000
QQQ,2025-04-30,467.13,477.2,462.43,475.47,46810610,,https://api.nasdaq.com/api/quote/QQQ/historical?assetclass=etf&fromdate=2016-07-26&todate=2026-07-26&limit=5000
QQQ,2025-05-01,483.41,487.18,480.74,481.68,43316540,,https://api.nasdaq.com/api/quote/QQQ/historical?assetclass=etf&fromdate=2016-07-26&todate=2026-07-26&limit=5000
QQQ,2025-05-02,486.54,490.91,484.83,488.83,39218080,,https://api.nasdaq.com/api/quote/QQQ/historical?assetclass=etf&fromdate=2016-07-26&todate=2026-07-26&limit=5000
QQQ,2025-05-05,484.6,489.03,484.1,485.93,28309490,,https://api.nasdaq.com/api/quote/QQQ/historical?assetclass=etf&fromdate=2016-07-26&todate=2026-07-26&limit=5000
QQQ,2025-05-06,479.56,485.05,478.19,481.41,32786310,,https://api.nasdaq.com/api/quote/QQQ/historical?assetclass=etf&fromdate=2016-07-26&todate=2026-07-26&limit=5000
QQQ,2025-05-07,482.08,485.8,476.782,483.3,38109860,,https://api.nasdaq.com/api/quote/QQQ/historical?assetclass=etf&fromdate=2016-07-26&todate=2026-07-26&limit=5000
QQQ,2025-05-08,488.53,492.7,484.17,488.29,39577590,,https://api.nasdaq.com/api/quote/QQQ/historical?assetclass=etf&fromdate=2016-07-26&todate=2026-07-26&limit=5000
QQQ,2025-05-09,490.21,491.54,486.195,487.97,27767420,,https://api.nasdaq.com/api/quote/QQQ/historical?assetclass=etf&fromdate=2016-07-26&todate=2026-07-26&limit=5000
QQQ,2025-05-12,506.99,507.89,501.48,507.85,45090620,,https://api.nasdaq.com/api/quote/QQQ/historical?assetclass=etf&fromdate=2016-07-26&todate=2026-07-26&limit=5000
QQQ,2025-05-13,509.16,517.39,508.42,515.59,53269570,,https://api.nasdaq.com/api/quote/QQQ/historical?assetclass=etf&fromdate=2016-07-26&todate=2026-07-26&limit=5000
QQQ,2025-05-14,516.77,519.2279,515.75,518.68,47014520,,https://api.nasdaq.com/api/quote/QQQ/historical?assetclass=etf&fromdate=2016-07-26&todate=2026-07-26&limit=5000
QQQ,2025-05-15,516.52,521.93,515.17,519.25,50153280,,https://api.nasdaq.com/api/quote/QQQ/historical?assetclass=etf&fromdate=2016-07-26&todate=2026-07-26&limit=5000
QQQ,2025-05-16,520.66,521.7,517.1,521.51,48394600,,https://api.nasdaq.com/api/quote/QQQ/historical?assetclass=etf&fromdate=2016-07-26&todate=2026-07-26&limit=5000
QQQ,2025-05-19,514.24,522.53,514.24,522.01,52536150,,https://api.nasdaq.com/api/quote/QQQ/historical?assetclass=etf&fromdate=2016-07-26&todate=2026-07-26&limit=5000
QQQ,2025-05-20,519.47,520.93,516.66,520.27,42517560,,https://api.nasdaq.com/api/quote/QQQ/historical?assetclass=etf&fromdate=2016-07-26&todate=2026-07-26&limit=5000
QQQ,2025-05-21,516.27,523,511.24,513.04,71292830,,https://api.nasdaq.com/api/quote/QQQ/historical?assetclass=etf&fromdate=2016-07-26&todate=2026-07-26&limit=5000
QQQ,2025-05-22,513.66,517.71,512.3,514,55607170,,https://api.nasdaq.com/api/quote/QQQ/historical?assetclass=etf&fromdate=2016-07-26&todate=2026-07-26&limit=5000
QQQ,2025-05-23,506.18,511.84,505.58,509.24,58368080,,https://api.nasdaq.com/api/quote/QQQ/historical?assetclass=etf&fromdate=2016-07-26&todate=2026-07-26&limit=5000
QQQ,2025-05-27,516.15,521.71,514.59,521.22,47226320,,https://api.nasdaq.com/api/quote/QQQ/historical?assetclass=etf&fromdate=2016-07-26&todate=2026-07-26&limit=5000
QQQ,2025-05-28,522.18,523.68,518.39,518.91,46637180,,https://api.nasdaq.com/api/quote/QQQ/historical?assetclass=etf&fromdate=2016-07-26&todate=2026-07-26&limit=5000
QQQ,2025-05-29,526.33,526.48,517.32,519.93,58724070,,https://api.nasdaq.com/api/quote/QQQ/historical?assetclass=etf&fromdate=2016-07-26&todate=2026-07-26&limit=5000
QQQ,2025-05-30,519.44,520.68,511.93,519.11,67662840,,https://api.nasdaq.com/api/quote/QQQ/historical?assetclass=etf&fromdate=2016-07-26&todate=2026-07-26&limit=5000
QQQ,2025-06-02,517.24,523.45,515.97,523.21,44762820,,https://api.nasdaq.com/api/quote/QQQ/historical?assetclass=etf&fromdate=2016-07-26&todate=2026-07-26&limit=5000
QQQ,2025-06-03,523.56,528.74,522.69,527.3,44070330,,https://api.nasdaq.com/api/quote/QQQ/historical?assetclass=etf&fromdate=2016-07-26&todate=2026-07-26&limit=5000
QQQ,2025-06-04,528.01,529.84,525.9694,528.77,41359320,,https://api.nasdaq.com/api/quote/QQQ/historical?assetclass=etf&fromdate=2016-07-26&todate=2026-07-26&limit=5000
QQQ,2025-06-05,530.18,533.05,522.66,524.79,61286620,,https://api.nasdaq.com/api/quote/QQQ/historical?assetclass=etf&fromdate=2016-07-26&todate=2026-07-26&limit=5000
QQQ,2025-06-06,530,531.8,528.21,529.92,42467020,,https://api.nasdaq.com/api/quote/QQQ/historical?assetclass=etf&fromdate=2016-07-26&todate=2026-07-26&limit=5000
QQQ,2025-06-09,530.14,532.35,529.01,530.7,33688670,,https://api.nasdaq.com/api/quote/QQQ/historical?assetclass=etf&fromdate=2016-07-26&todate=2026-07-26&limit=5000
QQQ,2025-06-10,531.17,534.9,528.89,534.21,40664800,,https://api.nasdaq.com/api/quote/QQQ/historical?assetclass=etf&fromdate=2016-07-26&todate=2026-07-26&limit=5000
QQQ,2025-06-11,535.62,536.78,530.11,532.41,53701030,,https://api.nasdaq.com/api/quote/QQQ/historical?assetclass=etf&fromdate=2016-07-26&todate=2026-07-26&limit=5000
QQQ,2025-06-12,531.09,534.6438,530.84,533.66,34104890,,https://api.nasdaq.com/api/quote/QQQ/historical?assetclass=etf&fromdate=2016-07-26&todate=2026-07-26&limit=5000
QQQ,2025-06-13,527.68,531.87,525.73,526.96,55814440,,https://api.nasdaq.com/api/quote/QQQ/historical?assetclass=etf&fromdate=2016-07-26&todate=2026-07-26&limit=5000
QQQ,2025-06-16,530.5,535.37,530.45,534.29,37622050,,https://api.nasdaq.com/api/quote/QQQ/historical?assetclass=etf&fromdate=2016-07-26&todate=2026-07-26&limit=5000
QQQ,2025-06-17,531.71,533.325,527.91,529.08,42180870,,https://api.nasdaq.com/api/quote/QQQ/historical?assetclass=etf&fromdate=2016-07-26&todate=2026-07-26&limit=5000
QQQ,2025-06-18,530.1,532.55,527.4,528.99,43983520,,https://api.nasdaq.com/api/quote/QQQ/historical?assetclass=etf&fromdate=2016-07-26&todate=2026-07-26&limit=5000
QQQ,2025-06-20,532.26,533.56,524.88,526.83,61643520,,https://api.nasdaq.com/api/quote/QQQ/historical?assetclass=etf&fromdate=2016-07-26&todate=2026-07-26&limit=5000
QQQ,2025-06-23,526.81,532.17,523.65,531.65,50666150,,https://api.nasdaq.com/api/quote/QQQ/historical?assetclass=etf&fromdate=2016-07-26&todate=2026-07-26&limit=5000
QQQ,2025-06-24,536.89,540.7,536.27,539.78,45441980,,https://api.nasdaq.com/api/quote/QQQ/historical?assetclass=etf&fromdate=2016-07-26&todate=2026-07-26&limit=5000
QQQ,2025-06-25,542.06,543.31,539.38,541.16,44804170,,https://api.nasdaq.com/api/quote/QQQ/historical?assetclass=etf&fromdate=2016-07-26&todate=2026-07-26&limit=5000
QQQ,2025-06-26,543.35,546.67,541.52,546.22,43811430,,https://api.nasdaq.com/api/quote/QQQ/historical?assetclass=etf&fromdate=2016-07-26&todate=2026-07-26&limit=5000
QQQ,2025-06-27,547.26,549.99,544.545,548.09,57577150,,https://api.nasdaq.com/api/quote/QQQ/historical?assetclass=etf&fromdate=2016-07-26&todate=2026-07-26&limit=5000
QQQ,2025-06-30,551.26,552.8,549.01,551.64,45548740,,https://api.nasdaq.com/api/quote/QQQ/historical?assetclass=etf&fromdate=2016-07-26&todate=2026-07-26&limit=5000
QQQ,2025-07-01,549.73,550.71,544.66,546.99,56166740,,https://api.nasdaq.com/api/quote/QQQ/historical?assetclass=etf&fromdate=2016-07-26&todate=2026-07-26&limit=5000
QQQ,2025-07-02,546.16,551,546.12,550.8,36538280,,https://api.nasdaq.com/api/quote/QQQ/historical?assetclass=etf&fromdate=2016-07-26&todate=2026-07-26&limit=5000
QQQ,2025-07-03,553.18,557.2,553.18,556.22,26443520,,https://api.nasdaq.com/api/quote/QQQ/historical?assetclass=etf&fromdate=2016-07-26&todate=2026-07-26&limit=5000
QQQ,2025-07-07,553.52,554.34,549.58,552.03,45349320,,https://api.nasdaq.com/api/quote/QQQ/historical?assetclass=etf&fromdate=2016-07-26&todate=2026-07-26&limit=5000
QQQ,2025-07-08,553.38,554.01,551.1,552.34,36153260,,https://api.nasdaq.com/api/quote/QQQ/historical?assetclass=etf&fromdate=2016-07-26&todate=2026-07-26&limit=5000
QQQ,2025-07-09,554.48,557.63,553.1,556.25,43045530,,https://api.nasdaq.com/api/quote/QQQ/historical?assetclass=etf&fromdate=2016-07-26&todate=2026-07-26&limit=5000
QQQ,2025-07-10,556.89,557.3,552.75,555.45,34710910,,https://api.nasdaq.com/api/quote/QQQ/historical?assetclass=etf&fromdate=2016-07-26&todate=2026-07-26&limit=5000
QQQ,2025-07-11,553.3,555.79,552.05,554.2,39618640,,https://api.nasdaq.com/api/quote/QQQ/historical?assetclass=etf&fromdate=2016-07-26&todate=2026-07-26&limit=5000
QQQ,2025-07-14,553.99,556.945,551.63,556.21,36453310,,https://api.nasdaq.com/api/quote/QQQ/historical?assetclass=etf&fromdate=2016-07-26&todate=2026-07-26&limit=5000
QQQ,2025-07-15,560.25,560.8,556.66,556.72,43277660,,https://api.nasdaq.com/api/quote/QQQ/historical?assetclass=etf&fromdate=2016-07-26&todate=2026-07-26&limit=5000
QQQ,2025-07-16,557.28,560.21,551.56,557.29,52314710,,https://api.nasdaq.com/api/quote/QQQ/historical?assetclass=etf&fromdate=2016-07-26&todate=2026-07-26&limit=5000
QQQ,2025-07-17,558.02,562.31,557.21,561.8,40423780,,https://api.nasdaq.com/api/quote/QQQ/historical?assetclass=etf&fromdate=2016-07-26&todate=2026-07-26&limit=5000
QQQ,2025-07-18,563.12,564.7262,559.98,561.26,50484700,,https://api.nasdaq.com/api/quote/QQQ/historical?assetclass=etf&fromdate=2016-07-26&todate=2026-07-26&limit=5000
QQQ,2025-07-21,562.09,566.06,562.06,564.17,39595210,,https://api.nasdaq.com/api/quote/QQQ/historical?assetclass=etf&fromdate=2016-07-26&todate=2026-07-26&limit=5000
QQQ,2025-07-22,564.3,564.35,558.61,561.25,43270650,,https://api.nasdaq.com/api/quote/QQQ/historical?assetclass=etf&fromdate=2016-07-26&todate=2026-07-26&limit=5000
QQQ,2025-07-23,562.34,563.85,559.58,563.81,40215260,,https://api.nasdaq.com/api/quote/QQQ/historical?assetclass=etf&fromdate=2016-07-26&todate=2026-07-26&limit=5000
QQQ,2025-07-24,565.13,566.24,563.295,565.01,42275540,,https://api.nasdaq.com/api/quote/QQQ/historical?assetclass=etf&fromdate=2016-07-26&todate=2026-07-26&limit=5000
QQQ,2025-07-25,564.93,567.695,564.27,566.37,30630810,,https://api.nasdaq.com/api/quote/QQQ/historical?assetclass=etf&fromdate=2016-07-26&todate=2026-07-26&limit=5000
QQQ,2025-07-28,567.74,569.04,566.87,568.14,31498740,,https://api.nasdaq.com/api/quote/QQQ/historical?assetclass=etf&fromdate=2016-07-26&todate=2026-07-26&limit=5000
QQQ,2025-07-29,570.76,572.11,566.53,567.26,45463320,,https://api.nasdaq.com/api/quote/QQQ/historical?assetclass=etf&fromdate=2016-07-26&todate=2026-07-26&limit=5000
QQQ,2025-07-30,568.18,570.62,565.05,568.02,43433780,,https://api.nasdaq.com/api/quote/QQQ/historical?assetclass=etf&fromdate=2016-07-26&todate=2026-07-26&limit=5000
QQQ,2025-07-31,574.54,574.63,563.87,565.01,64613590,,https://api.nasdaq.com/api/quote/QQQ/historical?assetclass=etf&fromdate=2016-07-26&todate=2026-07-26&limit=5000
QQQ,2025-08-01,558.83,559.02,551.68,553.88,69400790,,https://api.nasdaq.com/api/quote/QQQ/historical?assetclass=etf&fromdate=2016-07-26&todate=2026-07-26&limit=5000
QQQ,2025-08-04,559.05,564.315,558.95,564.1,47669750,,https://api.nasdaq.com/api/quote/QQQ/historical?assetclass=etf&fromdate=2016-07-26&todate=2026-07-26&limit=5000
QQQ,2025-08-05,565.39,566.5607,559.73,560.27,48666640,,https://api.nasdaq.com/api/quote/QQQ/historical?assetclass=etf&fromdate=2016-07-26&todate=2026-07-26&limit=5000
QQQ,2025-08-06,561.11,567.76,560.63,567.32,41823680,,https://api.nasdaq.com/api/quote/QQQ/historical?assetclass=etf&fromdate=2016-07-26&todate=2026-07-26&limit=5000
QQQ,2025-08-07,571.67,573.32,565.11,569.24,44462970,,https://api.nasdaq.com/api/quote/QQQ/historical?assetclass=etf&fromdate=2016-07-26&todate=2026-07-26&limit=5000
QQQ,2025-08-08,570.45,574.77,570.15,574.55,35255470,,https://api.nasdaq.com/api/quote/QQQ/historical?assetclass=etf&fromdate=2016-07-26&todate=2026-07-26&limit=5000
QQQ,2025-08-11,574.69,576.8,571.57,572.85,33112920,,https://api.nasdaq.com/api/quote/QQQ/historical?assetclass=etf&fromdate=2016-07-26&todate=2026-07-26&limit=5000
QQQ,2025-08-12,575.16,580.35,572.485,580.05,42271440,,https://api.nasdaq.com/api/quote/QQQ/historical?assetclass=etf&fromdate=2016-07-26&todate=2026-07-26&limit=5000
QQQ,2025-08-13,582.76,583.3199,578.94,580.34,41209290,,https://api.nasdaq.com/api/quote/QQQ/historical?assetclass=etf&fromdate=2016-07-26&todate=2026-07-26&limit=5000
QQQ,2025-08-14,578.28,581.88,577.91,579.89,45425040,,https://api.nasdaq.com/api/quote/QQQ/historical?assetclass=etf&fromdate=2016-07-26&todate=2026-07-26&limit=5000
QQQ,2025-08-15,579.8,579.84,575.5743,577.34,49480160,,https://api.nasdaq.com/api/quote/QQQ/historical?assetclass=etf&fromdate=2016-07-26&todate=2026-07-26&limit=5000
QQQ,2025-08-18,576.44,577.765,575.2412,577.11,29830960,,https://api.nasdaq.com/api/quote/QQQ/historical?assetclass=etf&fromdate=2016-07-26&todate=2026-07-26&limit=5000
QQQ,2025-08-19,576.39,576.56,568.25,569.28,53752640,,https://api.nasdaq.com/api/quote/QQQ/historical?assetclass=etf&fromdate=2016-07-26&todate=2026-07-26&limit=5000
QQQ,2025-08-20,568.33,568.45,558.84,565.9,76781090,,https://api.nasdaq.com/api/quote/QQQ/historical?assetclass=etf&fromdate=2016-07-26&todate=2026-07-26&limit=5000
QQQ,2025-08-21,564.35,566.49,560.98,563.28,46436900,,https://api.nasdaq.com/api/quote/QQQ/historical?assetclass=etf&fromdate=2016-07-26&todate=2026-07-26&limit=5000
QQQ,2025-08-22,564.67,573.99,563.27,571.97,51502130,,https://api.nasdaq.com/api/quote/QQQ/historical?assetclass=etf&fromdate=2016-07-26&todate=2026-07-26&limit=5000
QQQ,2025-08-25,570.4,573.2871,569.16,570.32,34044750,,https://api.nasdaq.com/api/quote/QQQ/historical?assetclass=etf&fromdate=2016-07-26&todate=2026-07-26&limit=5000
QQQ,2025-08-26,569.83,572.92,568.8,572.61,34103010,,https://api.nasdaq.com/api/quote/QQQ/historical?assetclass=etf&fromdate=2016-07-26&todate=2026-07-26&limit=5000
QQQ,2025-08-27,571.59,574.405,570.37,573.49,36927140,,https://api.nasdaq.com/api/quote/QQQ/historical?assetclass=etf&fromdate=2016-07-26&todate=2026-07-26&limit=5000
QQQ,2025-08-28,574.11,578,572.46,577.08,46787860,,https://api.nasdaq.com/api/quote/QQQ/historical?assetclass=etf&fromdate=2016-07-26&todate=2026-07-26&limit=5000
QQQ,2025-08-29,574.655,575.03,568.54,570.4,56030410,,https://api.nasdaq.com/api/quote/QQQ/historical?assetclass=etf&fromdate=2016-07-26&todate=2026-07-26&limit=5000
QQQ,2025-09-02,561.31,565.965,559.535,565.62,65876770,,https://api.nasdaq.com/api/quote/QQQ/historical?assetclass=etf&fromdate=2016-07-26&todate=2026-07-26&limit=5000
QQQ,2025-09-03,569.23,571.695,566.725,570.07,54230210,,https://api.nasdaq.com/api/quote/QQQ/historical?assetclass=etf&fromdate=2016-07-26&todate=2026-07-26&limit=5000
QQQ,2025-09-04,570.74,575.6,569.025,575.23,47526280,,https://api.nasdaq.com/api/quote/QQQ/historical?assetclass=etf&fromdate=2016-07-26&todate=2026-07-26&limit=5000
QQQ,2025-09-05,580.49,581.12,571.53,576.06,68342530,,https://api.nasdaq.com/api/quote/QQQ/historical?assetclass=etf&fromdate=2016-07-26&todate=2026-07-26&limit=5000
QQQ,2025-09-08,578.37,580.84,577.77,578.87,46371350,,https://api.nasdaq.com/api/quote/QQQ/historical?assetclass=etf&fromdate=2016-07-26&todate=2026-07-26&limit=5000
QQQ,2025-09-09,579.67,580.94,577.04,580.51,44007590,,https://api.nasdaq.com/api/quote/QQQ/historical?assetclass=etf&fromdate=2016-07-26&todate=2026-07-26&limit=5000
QQQ,2025-09-10,583.74,583.77,578.55,580.7,49307960,,https://api.nasdaq.com/api/quote/QQQ/historical?assetclass=etf&fromdate=2016-07-26&todate=2026-07-26&limit=5000
QQQ,2025-09-11,583.24,584.88,581.62,584.08,44745770,,https://api.nasdaq.com/api/quote/QQQ/historical?assetclass=etf&fromdate=2016-07-26&todate=2026-07-26&limit=5000
QQQ,2025-09-12,585.04,587.86,584.1,586.66,50745890,,https://api.nasdaq.com/api/quote/QQQ/historical?assetclass=etf&fromdate=2016-07-26&todate=2026-07-26&limit=5000
QQQ,2025-09-15,588.44,591.79,588.295,591.68,44360320,,https://api.nasdaq.com/api/quote/QQQ/historical?assetclass=etf&fromdate=2016-07-26&todate=2026-07-26&limit=5000
QQQ,2025-09-16,592.61,592.86,590.49,591.18,36942130,,https://api.nasdaq.com/api/quote/QQQ/historical?assetclass=etf&fromdate=2016-07-26&todate=2026-07-26&limit=5000
QQQ,2025-09-17,591.1,591.75,584.365,590,69384820,,https://api.nasdaq.com/api/quote/QQQ/historical?assetclass=etf&fromdate=2016-07-26&todate=2026-07-26&limit=5000
QQQ,2025-09-18,594.91,598.14,592.96,595.32,61069290,,https://api.nasdaq.com/api/quote/QQQ/historical?assetclass=etf&fromdate=2016-07-26&todate=2026-07-26&limit=5000
QQQ,2025-09-19,597.33,600.05,595.85,599.35,58196110,,https://api.nasdaq.com/api/quote/QQQ/historical?assetclass=etf&fromdate=2016-07-26&todate=2026-07-26&limit=5000
QQQ,2025-09-22,597.74,602.87,597.72,602.2,57154770,,https://api.nasdaq.com/api/quote/QQQ/historical?assetclass=etf&fromdate=2016-07-26&todate=2026-07-26&limit=5000
QQQ,2025-09-23,602.37,602.57,596.98,598.2,64635490,,https://api.nasdaq.com/api/quote/QQQ/historical?assetclass=etf&fromdate=2016-07-26&todate=2026-07-26&limit=5000
QQQ,2025-09-24,599.58,599.9,593.36,596.1,49850300,,https://api.nasdaq.com/api/quote/QQQ/historical?assetclass=etf&fromdate=2016-07-26&todate=2026-07-26&limit=5000
QQQ,2025-09-25,592.2,595.115,588.5,593.53,70920210,,https://api.nasdaq.com/api/quote/QQQ/historical?assetclass=etf&fromdate=2016-07-26&todate=2026-07-26&limit=5000
QQQ,2025-09-26,594.35,596.3,591.06,595.97,54337420,,https://api.nasdaq.com/api/quote/QQQ/historical?assetclass=etf&fromdate=2016-07-26&todate=2026-07-26&limit=5000
QQQ,2025-09-29,599.11,602.05,597.41,598.73,48332930,,https://api.nasdaq.com/api/quote/QQQ/historical?assetclass=etf&fromdate=2016-07-26&todate=2026-07-26&limit=5000
QQQ,2025-09-30,598.43,600.71,596.1,600.37,46533810,,https://api.nasdaq.com/api/quote/QQQ/historical?assetclass=etf&fromdate=2016-07-26&todate=2026-07-26&limit=5000
QQQ,2025-10-01,597.17,603.79,596.34,603.25,46899610,,https://api.nasdaq.com/api/quote/QQQ/historical?assetclass=etf&fromdate=2016-07-26&todate=2026-07-26&limit=5000
QQQ,2025-10-02,607.06,607.16,602.93,605.73,43765410,,https://api.nasdaq.com/api/quote/QQQ/historical?assetclass=etf&fromdate=2016-07-26&todate=2026-07-26&limit=5000
QQQ,2025-10-03,606.51,607.3255,601.385,603.18,46482100,,https://api.nasdaq.com/api/quote/QQQ/historical?assetclass=etf&fromdate=2016-07-26&todate=2026-07-26&limit=5000
QQQ,2025-10-06,608.45,609.36,605.97,607.71,41962120,,https://api.nasdaq.com/api/quote/QQQ/historical?assetclass=etf&fromdate=2016-07-26&todate=2026-07-26&limit=5000
QQQ,2025-10-07,609.02,609.71,603.03,604.51,58209460,,https://api.nasdaq.com/api/quote/QQQ/historical?assetclass=etf&fromdate=2016-07-26&todate=2026-07-26&limit=5000
QQQ,2025-10-08,605.41,611.75,605.26,611.44,50629750,,https://api.nasdaq.com/api/quote/QQQ/historical?assetclass=etf&fromdate=2016-07-26&todate=2026-07-26&limit=5000
QQQ,2025-10-09,611.48,611.61,607.48,610.7,45550960,,https://api.nasdaq.com/api/quote/QQQ/historical?assetclass=etf&fromdate=2016-07-26&todate=2026-07-26&limit=5000
QQQ,2025-10-10,611.4,613.18,589.05,589.5,97614780,,https://api.nasdaq.com/api/quote/QQQ/historical?assetclass=etf&fromdate=2016-07-26&todate=2026-07-26&limit=5000
QQQ,2025-10-13,599.68,602.95,597.23,602.01,65872580,,https://api.nasdaq.com/api/quote/QQQ/historical?assetclass=etf&fromdate=2016-07-26&todate=2026-07-26&limit=5000
QQQ,2025-10-14,595.31,602.69,590.13,598,69203190,,https://api.nasdaq.com/api/quote/QQQ/historical?assetclass=etf&fromdate=2016-07-26&todate=2026-07-26&limit=5000
QQQ,2025-10-15,604.01,606.7,595.93,602.22,62805460,,https://api.nasdaq.com/api/quote/QQQ/historical?assetclass=etf&fromdate=2016-07-26&todate=2026-07-26&limit=5000
QQQ,2025-10-16,605.11,608.31,595.5,599.99,70981960,,https://api.nasdaq.com/api/quote/QQQ/historical?assetclass=etf&fromdate=2016-07-26&todate=2026-07-26&limit=5000
QQQ,2025-10-17,597.95,605.51,596.37,603.93,72024870,,https://api.nasdaq.com/api/quote/QQQ/historical?assetclass=etf&fromdate=2016-07-26&todate=2026-07-26&limit=5000
QQQ,2025-10-20,607.14,612.8,607.065,611.54,45761700,,https://api.nasdaq.com/api/quote/QQQ/historical?assetclass=etf&fromdate=2016-07-26&todate=2026-07-26&limit=5000
QQQ,2025-10-21,611.64,612.7213,609.32,611.38,44538160,,https://api.nasdaq.com/api/quote/QQQ/historical?assetclass=etf&fromdate=2016-07-26&todate=2026-07-26&limit=5000
QQQ,2025-10-22,610.82,611.41,599.74,605.49,61478800,,https://api.nasdaq.com/api/quote/QQQ/historical?assetclass=etf&fromdate=2016-07-26&todate=2026-07-26&limit=5000
QQQ,2025-10-23,604.91,611.37,604.52,610.58,42844300,,https://api.nasdaq.com/api/quote/QQQ/historical?assetclass=etf&fromdate=2016-07-26&todate=2026-07-26&limit=5000
QQQ,2025-10-24,615.99,618.42,615.13,617.1,47632470,,https://api.nasdaq.com/api/quote/QQQ/historical?assetclass=etf&fromdate=2016-07-26&todate=2026-07-26&limit=5000
QQQ,2025-10-27,624.52,628.55,624.03,628.09,54098610,,https://api.nasdaq.com/api/quote/QQQ/historical?assetclass=etf&fromdate=2016-07-26&todate=2026-07-26&limit=5000
QQQ,2025-10-28,630.36,634.68,629.25,632.92,61195730,,https://api.nasdaq.com/api/quote/QQQ/historical?assetclass=etf&fromdate=2016-07-26&todate=2026-07-26&limit=5000
QQQ,2025-10-29,635.59,637.01,630.25,635.77,67422810,,https://api.nasdaq.com/api/quote/QQQ/historical?assetclass=etf&fromdate=2016-07-26&todate=2026-07-26&limit=5000
QQQ,2025-10-30,632.17,633.5,625.94,626.05,61628620,,https://api.nasdaq.com/api/quote/QQQ/historical?assetclass=etf&fromdate=2016-07-26&todate=2026-07-26&limit=5000
QQQ,2025-10-31,634.17,634.2,626.69,629.07,66305150,,https://api.nasdaq.com/api/quote/QQQ/historical?assetclass=etf&fromdate=2016-07-26&todate=2026-07-26&limit=5000
QQQ,2025-11-03,635.11,635.82,629.85,632.08,37154310,,https://api.nasdaq.com/api/quote/QQQ/historical?assetclass=etf&fromdate=2016-07-26&todate=2026-07-26&limit=5000
QQQ,2025-11-04,623.28,626.95,618.455,619.25,63830770,,https://api.nasdaq.com/api/quote/QQQ/historical?assetclass=etf&fromdate=2016-07-26&todate=2026-07-26&limit=5000
QQQ,2025-11-05,618.49,626.6,617.21,623.28,48688480,,https://api.nasdaq.com/api/quote/QQQ/historical?assetclass=etf&fromdate=2016-07-26&todate=2026-07-26&limit=5000
QQQ,2025-11-06,621.79,622.04,610.3,611.67,72115130,,https://api.nasdaq.com/api/quote/QQQ/historical?assetclass=etf&fromdate=2016-07-26&todate=2026-07-26&limit=5000
QQQ,2025-11-07,608.31,609.95,598.67,609.74,81835390,,https://api.nasdaq.com/api/quote/QQQ/historical?assetclass=etf&fromdate=2016-07-26&todate=2026-07-26&limit=5000
QQQ,2025-11-10,618.92,624.31,616.89,623.23,55919930,,https://api.nasdaq.com/api/quote/QQQ/historical?assetclass=etf&fromdate=2016-07-26&todate=2026-07-26&limit=5000
QQQ,2025-11-11,620.57,622.72,617.52,621.57,44868840,,https://api.nasdaq.com/api/quote/QQQ/historical?assetclass=etf&fromdate=2016-07-26&todate=2026-07-26&limit=5000
QQQ,2025-11-12,624.84,624.86,617.81,621.08,47444380,,https://api.nasdaq.com/api/quote/QQQ/historical?assetclass=etf&fromdate=2016-07-26&todate=2026-07-26&limit=5000
QQQ,2025-11-13,617.54,618.12,606.08,608.4,71333630,,https://api.nasdaq.com/api/quote/QQQ/historical?assetclass=etf&fromdate=2016-07-26&todate=2026-07-26&limit=5000
QQQ,2025-11-14,599.55,613.35,597.17,608.86,80087290,,https://api.nasdaq.com/api/quote/QQQ/historical?assetclass=etf&fromdate=2016-07-26&todate=2026-07-26&limit=5000
QQQ,2025-11-17,606.3,612.48,599.87,603.66,63850370,,https://api.nasdaq.com/api/quote/QQQ/historical?assetclass=etf&fromdate=2016-07-26&todate=2026-07-26&limit=5000
QQQ,2025-11-18,599.62,602.31,591.34,596.31,83327280,,https://api.nasdaq.com/api/quote/QQQ/historical?assetclass=etf&fromdate=2016-07-26&todate=2026-07-26&limit=5000
QQQ,2025-11-19,597.07,606.16,594.59,599.87,73111490,,https://api.nasdaq.com/api/quote/QQQ/historical?assetclass=etf&fromdate=2016-07-26&todate=2026-07-26&limit=5000
QQQ,2025-11-20,611.62,614.03,584.75,585.67,117743200,,https://api.nasdaq.com/api/quote/QQQ/historical?assetclass=etf&fromdate=2016-07-26&todate=2026-07-26&limit=5000
QQQ,2025-11-21,587.47,596.98,580.74,590.07,103344200,,https://api.nasdaq.com/api/quote/QQQ/historical?assetclass=etf&fromdate=2016-07-26&todate=2026-07-26&limit=5000
QQQ,2025-11-24,595.28,606.68,595.16,605.16,60168150,,https://api.nasdaq.com/api/quote/QQQ/historical?assetclass=etf&fromdate=2016-07-26&todate=2026-07-26&limit=5000
QQQ,2025-11-25,603.51,610.2601,597.32,608.89,57560870,,https://api.nasdaq.com/api/quote/QQQ/historical?assetclass=etf&fromdate=2016-07-26&todate=2026-07-26&limit=5000
QQQ,2025-11-26,612.51,616.19,610.39,614.27,42393600,,https://api.nasdaq.com/api/quote/QQQ/historical?assetclass=etf&fromdate=2016-07-26&todate=2026-07-26&limit=5000
QQQ,2025-11-28,616.11,619.32,615.4174,619.25,23034390,,https://api.nasdaq.com/api/quote/QQQ/historical?assetclass=etf&fromdate=2016-07-26&todate=2026-07-26&limit=5000
QQQ,2025-12-01,613.63,619.4401,612.52,617.17,40957590,,https://api.nasdaq.com/api/quote/QQQ/historical?assetclass=etf&fromdate=2016-07-26&todate=2026-07-26&limit=5000
QQQ,2025-12-02,619.46,623.75,617.59,622,54541830,,https://api.nasdaq.com/api/quote/QQQ/historical?assetclass=etf&fromdate=2016-07-26&todate=2026-07-26&limit=5000
QQQ,2025-12-03,619.62,624.22,618.03,623.52,47841630,,https://api.nasdaq.com/api/quote/QQQ/historical?assetclass=etf&fromdate=2016-07-26&todate=2026-07-26&limit=5000
QQQ,2025-12-04,624.93,624.94,619.54,622.94,47067750,,https://api.nasdaq.com/api/quote/QQQ/historical?assetclass=etf&fromdate=2016-07-26&todate=2026-07-26&limit=5000
QQQ,2025-12-05,624.38,628.92,623.71,625.48,53614170,,https://api.nasdaq.com/api/quote/QQQ/historical?assetclass=etf&fromdate=2016-07-26&todate=2026-07-26&limit=5000
QQQ,2025-12-08,627.21,628.84,621.69,624.28,43462410,,https://api.nasdaq.com/api/quote/QQQ/historical?assetclass=etf&fromdate=2016-07-26&todate=2026-07-26&limit=5000
QQQ,2025-12-09,623.01,625.87,621,625.05,37156000,,https://api.nasdaq.com/api/quote/QQQ/historical?assetclass=etf&fromdate=2016-07-26&todate=2026-07-26&limit=5000
QQQ,2025-12-10,623.85,629.21,620.99,627.61,55031380,,https://api.nasdaq.com/api/quote/QQQ/historical?assetclass=etf&fromdate=2016-07-26&todate=2026-07-26&limit=5000
QQQ,2025-12-11,623.82,625.78,617.72,625.58,58272840,,https://api.nasdaq.com/api/quote/QQQ/historical?assetclass=etf&fromdate=2016-07-26&todate=2026-07-26&limit=5000
QQQ,2025-12-12,622.08,623.54,611.36,613.62,75158730,,https://api.nasdaq.com/api/quote/QQQ/historical?assetclass=etf&fromdate=2016-07-26&todate=2026-07-26&limit=5000
QQQ,2025-12-15,618.37,618.42,609.32,610.54,49538200,,https://api.nasdaq.com/api/quote/QQQ/historical?assetclass=etf&fromdate=2016-07-26&todate=2026-07-26&limit=5000
QQQ,2025-12-16,608.26,613.51,606.9101,611.75,55152820,,https://api.nasdaq.com/api/quote/QQQ/historical?assetclass=etf&fromdate=2016-07-26&todate=2026-07-26&limit=5000
QQQ,2025-12-17,613.06,613.65,600.28,600.41,70654330,,https://api.nasdaq.com/api/quote/QQQ/historical?assetclass=etf&fromdate=2016-07-26&todate=2026-07-26&limit=5000
QQQ,2025-12-18,609.8,612.93,606.92,609.11,78875820,,https://api.nasdaq.com/api/quote/QQQ/historical?assetclass=etf&fromdate=2016-07-26&todate=2026-07-26&limit=5000
QQQ,2025-12-19,611.95,617.62,611.87,617.05,60369830,,https://api.nasdaq.com/api/quote/QQQ/historical?assetclass=etf&fromdate=2016-07-26&todate=2026-07-26&limit=5000
QQQ,2025-12-22,621.35,621.65,617.77,619.21,43703100,,https://api.nasdaq.com/api/quote/QQQ/historical?assetclass=etf&fromdate=2016-07-26&todate=2026-07-26&limit=5000
QQQ,2025-12-23,618.2,622.41,617.78,622.11,41120450,,https://api.nasdaq.com/api/quote/QQQ/historical?assetclass=etf&fromdate=2016-07-26&todate=2026-07-26&limit=5000
QQQ,2025-12-24,621.99,624.28,621.72,623.93,18468710,,https://api.nasdaq.com/api/quote/QQQ/historical?assetclass=etf&fromdate=2016-07-26&todate=2026-07-26&limit=5000
QQQ,2025-12-26,624.66,625.515,623.14,623.89,28959780,,https://api.nasdaq.com/api/quote/QQQ/historical?assetclass=etf&fromdate=2016-07-26&todate=2026-07-26&limit=5000
QQQ,2025-12-29,620.1,622.78,618.73,620.87,32458310,,https://api.nasdaq.com/api/quote/QQQ/historical?assetclass=etf&fromdate=2016-07-26&todate=2026-07-26&limit=5000
QQQ,2025-12-30,619.84,622.18,619.215,619.43,31226750,,https://api.nasdaq.com/api/quote/QQQ/historical?assetclass=etf&fromdate=2016-07-26&todate=2026-07-26&limit=5000
QQQ,2025-12-31,619.65,619.96,614.05,614.31,40746530,,https://api.nasdaq.com/api/quote/QQQ/historical?assetclass=etf&fromdate=2016-07-26&todate=2026-07-26&limit=5000
QQQ,2026-01-02,620.06,622.85,610.15,613.12,61859160,,https://api.nasdaq.com/api/quote/QQQ/historical?assetclass=etf&fromdate=2016-07-26&todate=2026-07-26&limit=5000
QQQ,2026-01-05,619.32,620.81,616.72,617.99,46828360,,https://api.nasdaq.com/api/quote/QQQ/historical?assetclass=etf&fromdate=2016-07-26&todate=2026-07-26&limit=5000
QQQ,2026-01-06,619.23,624.0213,618.54,623.42,43137520,,https://api.nasdaq.com/api/quote/QQQ/historical?assetclass=etf&fromdate=2016-07-26&todate=2026-07-26&limit=5000
QQQ,2026-01-07,623.04,627.94,622.56,624.02,44880340,,https://api.nasdaq.com/api/quote/QQQ/historical?assetclass=etf&fromdate=2016-07-26&todate=2026-07-26&limit=5000
QQQ,2026-01-08,623.03,623.42,617.8,620.47,50435940,,https://api.nasdaq.com/api/quote/QQQ/historical?assetclass=etf&fromdate=2016-07-26&todate=2026-07-26&limit=5000
QQQ,2026-01-09,621.41,627.89,619.06,626.65,49688730,,https://api.nasdaq.com/api/quote/QQQ/historical?assetclass=etf&fromdate=2016-07-26&todate=2026-07-26&limit=5000
QQQ,2026-01-12,622.31,628.845,622.26,627.17,37388650,,https://api.nasdaq.com/api/quote/QQQ/historical?assetclass=etf&fromdate=2016-07-26&todate=2026-07-26&limit=5000
QQQ,2026-01-13,627.27,629.47,623.695,626.24,44481380,,https://api.nasdaq.com/api/quote/QQQ/historical?assetclass=etf&fromdate=2016-07-26&todate=2026-07-26&limit=5000
QQQ,2026-01-14,622.24,623.45,614.56,619.55,72598700,,https://api.nasdaq.com/api/quote/QQQ/historical?assetclass=etf&fromdate=2016-07-26&todate=2026-07-26&limit=5000
QQQ,2026-01-15,626.6,630,620.75,621.78,53934890,,https://api.nasdaq.com/api/quote/QQQ/historical?assetclass=etf&fromdate=2016-07-26&todate=2026-07-26&limit=5000
QQQ,2026-01-16,625.5,626.08,618.88,621.26,61058090,,https://api.nasdaq.com/api/quote/QQQ/historical?assetclass=etf&fromdate=2016-07-26&todate=2026-07-26&limit=5000
QQQ,2026-01-20,610.53,615.055,607.05,608.06,81988900,,https://api.nasdaq.com/api/quote/QQQ/historical?assetclass=etf&fromdate=2016-07-26&todate=2026-07-26&limit=5000
QQQ,2026-01-21,609.47,620.42,607.8635,616.28,79837880,,https://api.nasdaq.com/api/quote/QQQ/historical?assetclass=etf&fromdate=2016-07-26&todate=2026-07-26&limit=5000
QQQ,2026-01-22,622.35,622.46,617.78,620.76,42254760,,https://api.nasdaq.com/api/quote/QQQ/historical?assetclass=etf&fromdate=2016-07-26&todate=2026-07-26&limit=5000
QQQ,2026-01-23,619.73,625.3999,618.65,622.72,43645830,,https://api.nasdaq.com/api/quote/QQQ/historical?assetclass=etf&fromdate=2016-07-26&todate=2026-07-26&limit=5000
QQQ,2026-01-26,623.21,627.61,622.12,625.46,35983010,,https://api.nasdaq.com/api/quote/QQQ/historical?assetclass=etf&fromdate=2016-07-26&todate=2026-07-26&limit=5000
QQQ,2026-01-27,628.91,632.0427,627.34,631.13,38997210,,https://api.nasdaq.com/api/quote/QQQ/historical?assetclass=etf&fromdate=2016-07-26&todate=2026-07-26&limit=5000
QQQ,2026-01-28,635.46,636.6,631.81,633.22,50691690,,https://api.nasdaq.com/api/quote/QQQ/historical?assetclass=etf&fromdate=2016-07-26&todate=2026-07-26&limit=5000
QQQ,2026-01-29,632.65,633.67,618.27,629.43,79944050,,https://api.nasdaq.com/api/quote/QQQ/historical?assetclass=etf&fromdate=2016-07-26&todate=2026-07-26&limit=5000
QQQ,2026-01-30,625.71,628.256,619.2975,621.87,65650710,,https://api.nasdaq.com/api/quote/QQQ/historical?assetclass=etf&fromdate=2016-07-26&todate=2026-07-26&limit=5000
QQQ,2026-02-02,618.7,628.49,618.66,626.14,49020290,,https://api.nasdaq.com/api/quote/QQQ/historical?assetclass=etf&fromdate=2016-07-26&todate=2026-07-26&limit=5000
QQQ,2026-02-03,628.3,629.98,610.96,616.52,81233970,,https://api.nasdaq.com/api/quote/QQQ/historical?assetclass=etf&fromdate=2016-07-26&todate=2026-07-26&limit=5000
QQQ,2026-02-04,615.02,615.1,600.47,605.75,81850750,,https://api.nasdaq.com/api/quote/QQQ/historical?assetclass=etf&fromdate=2016-07-26&todate=2026-07-26&limit=5000
QQQ,2026-02-05,600.21,604.81,594.76,597.03,89354490,,https://api.nasdaq.com/api/quote/QQQ/historical?assetclass=etf&fromdate=2016-07-26&todate=2026-07-26&limit=5000
QQQ,2026-02-06,600.19,611.41,598.77,609.65,78019340,,https://api.nasdaq.com/api/quote/QQQ/historical?assetclass=etf&fromdate=2016-07-26&todate=2026-07-26&limit=5000
QQQ,2026-02-09,607.54,616.46,605.07,614.32,56797560,,https://api.nasdaq.com/api/quote/QQQ/historical?assetclass=etf&fromdate=2016-07-26&todate=2026-07-26&limit=5000
QQQ,2026-02-10,615.305,617.02,611.01,611.47,53938860,,https://api.nasdaq.com/api/quote/QQQ/historical?assetclass=etf&fromdate=2016-07-26&todate=2026-07-26&limit=5000
QQQ,2026-02-11,616.38,617.52,607.69,613.11,58575100,,https://api.nasdaq.com/api/quote/QQQ/historical?assetclass=etf&fromdate=2016-07-26&todate=2026-07-26&limit=5000
QQQ,2026-02-12,614.71,615.81,599.5699,600.64,81378900,,https://api.nasdaq.com/api/quote/QQQ/historical?assetclass=etf&fromdate=2016-07-26&todate=2026-07-26&limit=5000
QQQ,2026-02-13,600.43,606.48,596.42,601.92,69237550,,https://api.nasdaq.com/api/quote/QQQ/historical?assetclass=etf&fromdate=2016-07-26&todate=2026-07-26&limit=5000
QQQ,2026-02-17,598.375,603.95,593.34,601.3,69013760,,https://api.nasdaq.com/api/quote/QQQ/historical?assetclass=etf&fromdate=2016-07-26&todate=2026-07-26&limit=5000
QQQ,2026-02-18,602.11,609.771,600.72,605.79,64250670,,https://api.nasdaq.com/api/quote/QQQ/historical?assetclass=etf&fromdate=2016-07-26&todate=2026-07-26&limit=5000
QQQ,2026-02-19,602.81,605.815,600.75,603.47,60960840,,https://api.nasdaq.com/api/quote/QQQ/historical?assetclass=etf&fromdate=2016-07-26&todate=2026-07-26&limit=5000
QQQ,2026-02-20,600.12,610.35,599.23,608.81,74127320,,https://api.nasdaq.com/api/quote/QQQ/historical?assetclass=etf&fromdate=2016-07-26&todate=2026-07-26&limit=5000
QQQ,2026-02-23,606.605,608.01,599.05,601.41,63859110,,https://api.nasdaq.com/api/quote/QQQ/historical?assetclass=etf&fromdate=2016-07-26&todate=2026-07-26&limit=5000
QQQ,2026-02-24,602.4,608.99,599.73,607.87,55023730,,https://api.nasdaq.com/api/quote/QQQ/historical?assetclass=etf&fromdate=2016-07-26&todate=2026-07-26&limit=5000
QQQ,2026-02-25,611.07,616.83,611,616.68,55710650,,https://api.nasdaq.com/api/quote/QQQ/historical?assetclass=etf&fromdate=2016-07-26&todate=2026-07-26&limit=5000
QQQ,2026-02-26,615.59,615.59,603.98,609.24,96178870,,https://api.nasdaq.com/api/quote/QQQ/historical?assetclass=etf&fromdate=2016-07-26&todate=2026-07-26&limit=5000
QQQ,2026-02-27,602.98,608.32,602.19,607.29,68125200,,https://api.nasdaq.com/api/quote/QQQ/historical?assetclass=etf&fromdate=2016-07-26&todate=2026-07-26&limit=5000
QQQ,2026-03-02,598.86,609.92,597.99,608.09,75264640,,https://api.nasdaq.com/api/quote/QQQ/historical?assetclass=etf&fromdate=2016-07-26&todate=2026-07-26&limit=5000
QQQ,2026-03-03,596.33,603.96,591.87,601.58,97015530,,https://api.nasdaq.com/api/quote/QQQ/historical?assetclass=etf&fromdate=2016-07-26&todate=2026-07-26&limit=5000
QQQ,2026-03-04,604.16,612.88,603.43,610.75,70943890,,https://api.nasdaq.com/api/quote/QQQ/historical?assetclass=etf&fromdate=2016-07-26&todate=2026-07-26&limit=5000
QQQ,2026-03-05,607.4,612.76,602.26,608.91,89602410,,https://api.nasdaq.com/api/quote/QQQ/historical?assetclass=etf&fromdate=2016-07-26&todate=2026-07-26&limit=5000
QQQ,2026-03-06,600.31,606,598.33,599.75,86302310,,https://api.nasdaq.com/api/quote/QQQ/historical?assetclass=etf&fromdate=2016-07-26&todate=2026-07-26&limit=5000
QQQ,2026-03-09,594.225,609.27,591.33,607.76,93068170,,https://api.nasdaq.com/api/quote/QQQ/historical?assetclass=etf&fromdate=2016-07-26&todate=2026-07-26&limit=5000
QQQ,2026-03-10,607.78,613.29,605.42,607.77,64078870,,https://api.nasdaq.com/api/quote/QQQ/historical?assetclass=etf&fromdate=2016-07-26&todate=2026-07-26&limit=5000
QQQ,2026-03-11,608.95,612.43,605.03,607.69,60114800,,https://api.nasdaq.com/api/quote/QQQ/historical?assetclass=etf&fromdate=2016-07-26&todate=2026-07-26&limit=5000
QQQ,2026-03-12,602.76,604.14,597.05,597.26,71836630,,https://api.nasdaq.com/api/quote/QQQ/historical?assetclass=etf&fromdate=2016-07-26&todate=2026-07-26&limit=5000
QQQ,2026-03-13,599.73,603.5999,592.57,593.72,63145490,,https://api.nasdaq.com/api/quote/QQQ/historical?assetclass=etf&fromdate=2016-07-26&todate=2026-07-26&limit=5000
QQQ,2026-03-16,600.04,603.86,599.11,600.38,49077160,,https://api.nasdaq.com/api/quote/QQQ/historical?assetclass=etf&fromdate=2016-07-26&todate=2026-07-26&limit=5000
QQQ,2026-03-17,603.14,605.9,601.87,603.31,47106610,,https://api.nasdaq.com/api/quote/QQQ/historical?assetclass=etf&fromdate=2016-07-26&todate=2026-07-26&limit=5000
QQQ,2026-03-18,601.49,603.16,594.56,594.9,56127960,,https://api.nasdaq.com/api/quote/QQQ/historical?assetclass=etf&fromdate=2016-07-26&todate=2026-07-26&limit=5000
QQQ,2026-03-19,589.51,595.8,587.08,593.02,75597580,,https://api.nasdaq.com/api/quote/QQQ/historical?assetclass=etf&fromdate=2016-07-26&todate=2026-07-26&limit=5000
QQQ,2026-03-20,591.06,591.17,578.54,582.06,91964680,,https://api.nasdaq.com/api/quote/QQQ/historical?assetclass=etf&fromdate=2016-07-26&todate=2026-07-26&limit=5000
QQQ,2026-03-23,590.52,595.08,585.96,588,89936120,,https://api.nasdaq.com/api/quote/QQQ/historical?assetclass=etf&fromdate=2016-07-26&todate=2026-07-26&limit=5000
QQQ,2026-03-24,584.81,587.93,581.93,583.98,57750900,,https://api.nasdaq.com/api/quote/QQQ/historical?assetclass=etf&fromdate=2016-07-26&todate=2026-07-26&limit=5000
QQQ,2026-03-25,589.14,591.37,585.69,587.82,60475490,,https://api.nasdaq.com/api/quote/QQQ/historical?assetclass=etf&fromdate=2016-07-26&todate=2026-07-26&limit=5000
QQQ,2026-03-26,582.6,584.63,573.43,573.79,81492120,,https://api.nasdaq.com/api/quote/QQQ/historical?assetclass=etf&fromdate=2016-07-26&todate=2026-07-26&limit=5000
QQQ,2026-03-27,570.81,571.02,561.57,562.58,82702240,,https://api.nasdaq.com/api/quote/QQQ/historical?assetclass=etf&fromdate=2016-07-26&todate=2026-07-26&limit=5000
QQQ,2026-03-30,567.38,568.05,555.6,558.28,70602620,,https://api.nasdaq.com/api/quote/QQQ/historical?assetclass=etf&fromdate=2016-07-26&todate=2026-07-26&limit=5000
QQQ,2026-03-31,564.29,578.64,564.21,577.18,95878000,,https://api.nasdaq.com/api/quote/QQQ/historical?assetclass=etf&fromdate=2016-07-26&todate=2026-07-26&limit=5000
QQQ,2026-04-01,581.48,587.739,580.42,584.31,79435130,,https://api.nasdaq.com/api/quote/QQQ/historical?assetclass=etf&fromdate=2016-07-26&todate=2026-07-26&limit=5000
QQQ,2026-04-02,573.97,586.05,571.92,584.98,50941710,,https://api.nasdaq.com/api/quote/QQQ/historical?assetclass=etf&fromdate=2016-07-26&todate=2026-07-26&limit=5000
QQQ,2026-04-06,586.23,590.61,584.69,588.5,35108500,,https://api.nasdaq.com/api/quote/QQQ/historical?assetclass=etf&fromdate=2016-07-26&todate=2026-07-26&limit=5000
QQQ,2026-04-07,585.64,588.98,578.4001,588.59,49948200,,https://api.nasdaq.com/api/quote/QQQ/historical?assetclass=etf&fromdate=2016-07-26&todate=2026-07-26&limit=5000
QQQ,2026-04-08,608.71,609.9,602.12,606.09,63086000,,https://api.nasdaq.com/api/quote/QQQ/historical?assetclass=etf&fromdate=2016-07-26&todate=2026-07-26&limit=5000
QQQ,2026-04-09,605.93,610.5,603.03,610.19,37837540,,https://api.nasdaq.com/api/quote/QQQ/historical?assetclass=etf&fromdate=2016-07-26&todate=2026-07-26&limit=5000
QQQ,2026-04-10,611.84,613.67,609.58,611.07,34038530,,https://api.nasdaq.com/api/quote/QQQ/historical?assetclass=etf&fromdate=2016-07-26&todate=2026-07-26&limit=5000
QQQ,2026-04-13,609.48,626.74,608.11,617.39,32972110,,https://api.nasdaq.com/api/quote/QQQ/historical?assetclass=etf&fromdate=2016-07-26&todate=2026-07-26&limit=5000
QQQ,2026-04-14,620.22,628.6,620.1,628.6,49921080,,https://api.nasdaq.com/api/quote/QQQ/historical?assetclass=etf&fromdate=2016-07-26&todate=2026-07-26&limit=5000
QQQ,2026-04-15,629.08,637.83,628.2,637.4,50102390,,https://api.nasdaq.com/api/quote/QQQ/historical?assetclass=etf&fromdate=2016-07-26&todate=2026-07-26&limit=5000
QQQ,2026-04-16,639.21,642.18,635.255,640.47,42320580,,https://api.nasdaq.com/api/quote/QQQ/historical?assetclass=etf&fromdate=2016-07-26&todate=2026-07-26&limit=5000
QQQ,2026-04-17,645.59,650,644.07,648.85,53488870,,https://api.nasdaq.com/api/quote/QQQ/historical?assetclass=etf&fromdate=2016-07-26&todate=2026-07-26&limit=5000
QQQ,2026-04-20,648.04,648.76,642.52,646.79,37138510,,https://api.nasdaq.com/api/quote/QQQ/historical?assetclass=etf&fromdate=2016-07-26&todate=2026-07-26&limit=5000
QQQ,2026-04-21,648.41,650.2,642.21,644.33,39580520,,https://api.nasdaq.com/api/quote/QQQ/historical?assetclass=etf&fromdate=2016-07-26&todate=2026-07-26&limit=5000
QQQ,2026-04-22,650.15,655.33,648.52,655.11,37368400,,https://api.nasdaq.com/api/quote/QQQ/historical?assetclass=etf&fromdate=2016-07-26&todate=2026-07-26&limit=5000
QQQ,2026-04-23,653.55,656.92,645.52,651.42,40099830,,https://api.nasdaq.com/api/quote/QQQ/historical?assetclass=etf&fromdate=2016-07-26&todate=2026-07-26&limit=5000
QQQ,2026-04-24,658.51,664.51,656.5301,663.88,45563050,,https://api.nasdaq.com/api/quote/QQQ/historical?assetclass=etf&fromdate=2016-07-26&todate=2026-07-26&limit=5000
QQQ,2026-04-27,663.4,664.43,660.69,664.23,32717030,,https://api.nasdaq.com/api/quote/QQQ/historical?assetclass=etf&fromdate=2016-07-26&todate=2026-07-26&limit=5000
QQQ,2026-04-28,657.41,659.64,653.81,657.55,34147920,,https://api.nasdaq.com/api/quote/QQQ/historical?assetclass=etf&fromdate=2016-07-26&todate=2026-07-26&limit=5000
QQQ,2026-04-29,658.63,661.72,656.5899,661.57,31724860,,https://api.nasdaq.com/api/quote/QQQ/historical?assetclass=etf&fromdate=2016-07-26&todate=2026-07-26&limit=5000
QQQ,2026-04-30,665.35,668.9,657.56,667.74,40622230,,https://api.nasdaq.com/api/quote/QQQ/historical?assetclass=etf&fromdate=2016-07-26&todate=2026-07-26&limit=5000
QQQ,2026-05-01,669.16,675.97,668.8,674.15,39172610,,https://api.nasdaq.com/api/quote/QQQ/historical?assetclass=etf&fromdate=2016-07-26&todate=2026-07-26&limit=5000
QQQ,2026-05-04,674.66,676.73,668.9,672.88,34541990,,https://api.nasdaq.com/api/quote/QQQ/historical?assetclass=etf&fromdate=2016-07-26&todate=2026-07-26&limit=5000
QQQ,2026-05-05,677.96,682.7734,677.51,681.61,37101060,,https://api.nasdaq.com/api/quote/QQQ/historical?assetclass=etf&fromdate=2016-07-26&todate=2026-07-26&limit=5000
QQQ,2026-05-06,687.78,695.93,686.48,695.77,38778490,,https://api.nasdaq.com/api/quote/QQQ/historical?assetclass=etf&fromdate=2016-07-26&todate=2026-07-26&limit=5000
QQQ,2026-05-07,696.58,701.24,691.77,694.94,43779090,,https://api.nasdaq.com/api/quote/QQQ/historical?assetclass=etf&fromdate=2016-07-26&todate=2026-07-26&limit=5000
QQQ,2026-05-08,699.92,711.23,699.5,711.23,44320420,,https://api.nasdaq.com/api/quote/QQQ/historical?assetclass=etf&fromdate=2016-07-26&todate=2026-07-26&limit=5000
QQQ,2026-05-11,710.36,714.59,708.91,713.29,36019150,,https://api.nasdaq.com/api/quote/QQQ/historical?assetclass=etf&fromdate=2016-07-26&todate=2026-07-26&limit=5000
QQQ,2026-05-12,708.22,710.18,696.64,707.24,45873010,,https://api.nasdaq.com/api/quote/QQQ/historical?assetclass=etf&fromdate=2016-07-26&todate=2026-07-26&limit=5000
QQQ,2026-05-13,709.96,716.65,704.83,714.71,40012530,,https://api.nasdaq.com/api/quote/QQQ/historical?assetclass=etf&fromdate=2016-07-26&todate=2026-07-26&limit=5000
QQQ,2026-05-14,714.62,722.03,714.22,719.79,33327550,,https://api.nasdaq.com/api/quote/QQQ/historical?assetclass=etf&fromdate=2016-07-26&todate=2026-07-26&limit=5000
QQQ,2026-05-15,710.14,715.13,705.55,708.93,51792660,,https://api.nasdaq.com/api/quote/QQQ/historical?assetclass=etf&fromdate=2016-07-26&todate=2026-07-26&limit=5000
QQQ,2026-05-18,711.54,712.07,698.85,705.88,49834550,,https://api.nasdaq.com/api/quote/QQQ/historical?assetclass=etf&fromdate=2016-07-26&todate=2026-07-26&limit=5000
QQQ,2026-05-19,699.81,706.49,695.25,701.53,46827530,,https://api.nasdaq.com/api/quote/QQQ/historical?assetclass=etf&fromdate=2016-07-26&todate=2026-07-26&limit=5000
QQQ,2026-05-20,705.29,713.15,703.79,713.15,36779220,,https://api.nasdaq.com/api/quote/QQQ/historical?assetclass=etf&fromdate=2016-07-26&todate=2026-07-26&limit=5000
QQQ,2026-05-21,708.99,717.12,706.77,714.51,36415360,,https://api.nasdaq.com/api/quote/QQQ/historical?assetclass=etf&fromdate=2016-07-26&todate=2026-07-26&limit=5000
QQQ,2026-05-22,718.07,722.12,715.95,717.54,33118580,,https://api.nasdaq.com/api/quote/QQQ/historical?assetclass=etf&fromdate=2016-07-26&todate=2026-07-26&limit=5000
QQQ,2026-05-26,725.96,731.17,724.16,730.28,34254690,,https://api.nasdaq.com/api/quote/QQQ/historical?assetclass=etf&fromdate=2016-07-26&todate=2026-07-26&limit=5000
QQQ,2026-05-27,732.96,733.32,725.44,729.45,35148670,,https://api.nasdaq.com/api/quote/QQQ/historical?assetclass=etf&fromdate=2016-07-26&todate=2026-07-26&limit=5000
QQQ,2026-05-28,729.73,736.6,726.41,735.6,32839950,,https://api.nasdaq.com/api/quote/QQQ/historical?assetclass=etf&fromdate=2016-07-26&todate=2026-07-26&limit=5000
QQQ,2026-05-29,737.84,741.63,735.25,738.31,37541670,,https://api.nasdaq.com/api/quote/QQQ/historical?assetclass=etf&fromdate=2016-07-26&todate=2026-07-26&limit=5000
QQQ,2026-06-01,737.04,745.65,735.99,742.74,33890560,,https://api.nasdaq.com/api/quote/QQQ/historical?assetclass=etf&fromdate=2016-07-26&todate=2026-07-26&limit=5000
QQQ,2026-06-02,742.4,746.44,739.23,746.16,30085240,,https://api.nasdaq.com/api/quote/QQQ/historical?assetclass=etf&fromdate=2016-07-26&todate=2026-07-26&limit=5000
QQQ,2026-06-03,747.31,748.65,741.01,744.21,40270200,,https://api.nasdaq.com/api/quote/QQQ/historical?assetclass=etf&fromdate=2016-07-26&todate=2026-07-26&limit=5000
QQQ,2026-06-04,735.48,743.4988,732.62,740.61,40782580,,https://api.nasdaq.com/api/quote/QQQ/historical?assetclass=etf&fromdate=2016-07-26&todate=2026-07-26&limit=5000
QQQ,2026-06-05,730.06,731.69,704.32,705.06,99606570,,https://api.nasdaq.com/api/quote/QQQ/historical?assetclass=etf&fromdate=2016-07-26&todate=2026-07-26&limit=5000
QQQ,2026-06-08,717.81,723.03,713.07,716.07,47401450,,https://api.nasdaq.com/api/quote/QQQ/historical?assetclass=etf&fromdate=2016-07-26&todate=2026-07-26&limit=5000
QQQ,2026-06-09,722.98,725.66,686.37,707.83,91932170,,https://api.nasdaq.com/api/quote/QQQ/historical?assetclass=etf&fromdate=2016-07-26&todate=2026-07-26&limit=5000
QQQ,2026-06-10,701.66,711.28,692.93,693.69,65334280,,https://api.nasdaq.com/api/quote/QQQ/historical?assetclass=etf&fromdate=2016-07-26&todate=2026-07-26&limit=5000
QQQ,2026-06-11,699.29,718.3721,695,717.12,71798860,,https://api.nasdaq.com/api/quote/QQQ/historical?assetclass=etf&fromdate=2016-07-26&todate=2026-07-26&limit=5000
QQQ,2026-06-12,717.61,724.01,711.28,721.34,51236020,,https://api.nasdaq.com/api/quote/QQQ/historical?assetclass=etf&fromdate=2016-07-26&todate=2026-07-26&limit=5000
QQQ,2026-06-15,738.1,744.7599,737.38,744,46710220,,https://api.nasdaq.com/api/quote/QQQ/historical?assetclass=etf&fromdate=2016-07-26&todate=2026-07-26&limit=5000
QQQ,2026-06-16,742.25,744.22,729.64,729.86,45348680,,https://api.nasdaq.com/api/quote/QQQ/historical?assetclass=etf&fromdate=2016-07-26&todate=2026-07-26&limit=5000
QQQ,2026-06-17,735.19,735.68,720.85,722.51,51669320,,https://api.nasdaq.com/api/quote/QQQ/historical?assetclass=etf&fromdate=2016-07-26&todate=2026-07-26&limit=5000
QQQ,2026-06-18,737.2,741.82,732.51,740.62,50154600,,https://api.nasdaq.com/api/quote/QQQ/historical?assetclass=etf&fromdate=2016-07-26&todate=2026-07-26&limit=5000
QQQ,2026-06-22,742.02,745.45,734.39,737.95,43518600,,https://api.nasdaq.com/api/quote/QQQ/historical?assetclass=etf&fromdate=2016-07-26&todate=2026-07-26&limit=5000
QQQ,2026-06-23,715.74,723.61,712.1101,713.65,53354150,,https://api.nasdaq.com/api/quote/QQQ/historical?assetclass=etf&fromdate=2016-07-26&todate=2026-07-26&limit=5000
QQQ,2026-06-24,715.37,719.93,704.45,710.62,52480440,,https://api.nasdaq.com/api/quote/QQQ/historical?assetclass=etf&fromdate=2016-07-26&todate=2026-07-26&limit=5000
QQQ,2026-06-25,725.9,726.83,705.3,716.38,50144090,,https://api.nasdaq.com/api/quote/QQQ/historical?assetclass=etf&fromdate=2016-07-26&todate=2026-07-26&limit=5000
QQQ,2026-06-26,707.13,715.555,702.81,706.52,47081820,,https://api.nasdaq.com/api/quote/QQQ/historical?assetclass=etf&fromdate=2016-07-26&todate=2026-07-26&limit=5000
QQQ,2026-06-29,713.99,724.58,705.172,724.08,44939090,,https://api.nasdaq.com/api/quote/QQQ/historical?assetclass=etf&fromdate=2016-07-26&todate=2026-07-26&limit=5000
QQQ,2026-06-30,724.18,737.62,723.91,736.4,42121830,,https://api.nasdaq.com/api/quote/QQQ/historical?assetclass=etf&fromdate=2016-07-26&todate=2026-07-26&limit=5000
QQQ,2026-07-01,729.19,731.92,724.6,725.17,40803790,,https://api.nasdaq.com/api/quote/QQQ/historical?assetclass=etf&fromdate=2016-07-26&todate=2026-07-26&limit=5000
QQQ,2026-07-02,725.58,730.83,707.56,712.6,51086080,,https://api.nasdaq.com/api/quote/QQQ/historical?assetclass=etf&fromdate=2016-07-26&todate=2026-07-26&limit=5000
QQQ,2026-07-06,719.93,726.08,718.45,722.82,30220430,,https://api.nasdaq.com/api/quote/QQQ/historical?assetclass=etf&fromdate=2016-07-26&todate=2026-07-26&limit=5000
QQQ,2026-07-07,714.17,716.35,704.9,709.43,42483080,,https://api.nasdaq.com/api/quote/QQQ/historical?assetclass=etf&fromdate=2016-07-26&todate=2026-07-26&limit=5000
QQQ,2026-07-08,704.95,712.2599,700.91,711.44,35603180,,https://api.nasdaq.com/api/quote/QQQ/historical?assetclass=etf&fromdate=2016-07-26&todate=2026-07-26&limit=5000
QQQ,2026-07-09,718.33,724.23,715.125,723.28,33654710,,https://api.nasdaq.com/api/quote/QQQ/historical?assetclass=etf&fromdate=2016-07-26&todate=2026-07-26&limit=5000
QQQ,2026-07-10,720.7,726.39,717,725.51,26415900,,https://api.nasdaq.com/api/quote/QQQ/historical?assetclass=etf&fromdate=2016-07-26&todate=2026-07-26&limit=5000
QQQ,2026-07-13,717.72,718.74,710.08,711.74,36552360,,https://api.nasdaq.com/api/quote/QQQ/historical?assetclass=etf&fromdate=2016-07-26&todate=2026-07-26&limit=5000
QQQ,2026-07-14,720.22,722.29,714.34,719.69,29448120,,https://api.nasdaq.com/api/quote/QQQ/historical?assetclass=etf&fromdate=2016-07-26&todate=2026-07-26&limit=5000
QQQ,2026-07-15,723.85,724.36,710.23,717.74,32627580,,https://api.nasdaq.com/api/quote/QQQ/historical?assetclass=etf&fromdate=2016-07-26&todate=2026-07-26&limit=5000
QQQ,2026-07-16,712.01,713.599,702.61,705.94,39402020,,https://api.nasdaq.com/api/quote/QQQ/historical?assetclass=etf&fromdate=2016-07-26&todate=2026-07-26&limit=5000
QQQ,2026-07-17,691.65,702.3,686.76,695.33,54109270,,https://api.nasdaq.com/api/quote/QQQ/historical?assetclass=etf&fromdate=2016-07-26&todate=2026-07-26&limit=5000
QQQ,2026-07-20,702.16,705.8,695.51,696.06,29687560,,https://api.nasdaq.com/api/quote/QQQ/historical?assetclass=etf&fromdate=2016-07-26&todate=2026-07-26&limit=5000
QQQ,2026-07-21,706.57,710.05,702.8,708.97,33728340,,https://api.nasdaq.com/api/quote/QQQ/historical?assetclass=etf&fromdate=2016-07-26&todate=2026-07-26&limit=5000
QQQ,2026-07-22,703.62,709.65,703.62,705.35,23692180,,https://api.nasdaq.com/api/quote/QQQ/historical?assetclass=etf&fromdate=2016-07-26&todate=2026-07-26&limit=5000
QQQ,2026-07-23,694.67,698.66,687.79,691.96,44028580,,https://api.nasdaq.com/api/quote/QQQ/historical?assetclass=etf&fromdate=2016-07-26&todate=2026-07-26&limit=5000
QQQ,2026-07-24,690.41,692.63,682.48,684.23,42876660,,https://api.nasdaq.com/api/quote/QQQ/historical?assetclass=etf&fromdate=2016-07-26&todate=2026-07-26&limit=5000
