Symbol,Date,Open,High,Low,Close,Volume,QualityFlag,SourceURL
SDOW,2016-07-26,3397.12,3440.512,3367.68,3394.56,4297,,https://api.nasdaq.com/api/quote/SDOW/historical?assetclass=etf&fromdate=2016-07-26&todate=2026-07-26&limit=5000
SDOW,2016-07-27,3358.72,3417.6,3353.6,3389.44,7699,,https://api.nasdaq.com/api/quote/SDOW/historical?assetclass=etf&fromdate=2016-07-26&todate=2026-07-26&limit=5000
SDOW,2016-07-28,3412.48,3450.88,3386.88,3402.24,3386,,https://api.nasdaq.com/api/quote/SDOW/historical?assetclass=etf&fromdate=2016-07-26&todate=2026-07-26&limit=5000
SDOW,2016-07-29,3432.96,3448.32,3394.56,3415.04,3322,,https://api.nasdaq.com/api/quote/SDOW/historical?assetclass=etf&fromdate=2016-07-26&todate=2026-07-26&limit=5000
SDOW,2016-08-01,3415.04,3458.56,3395.84,3430.4,5139,,https://api.nasdaq.com/api/quote/SDOW/historical?assetclass=etf&fromdate=2016-07-26&todate=2026-07-26&limit=5000
SDOW,2016-08-02,3430.4,3520,3430.4,3484.16,5404,,https://api.nasdaq.com/api/quote/SDOW/historical?assetclass=etf&fromdate=2016-07-26&todate=2026-07-26&limit=5000
SDOW,2016-08-03,3489.28,3496.96,3456,3459.84,4471,,https://api.nasdaq.com/api/quote/SDOW/historical?assetclass=etf&fromdate=2016-07-26&todate=2026-07-26&limit=5000
SDOW,2016-08-04,3448.32,3471.36,3430.016,3456,3770,,https://api.nasdaq.com/api/quote/SDOW/historical?assetclass=etf&fromdate=2016-07-26&todate=2026-07-26&limit=5000
SDOW,2016-08-05,3392,3402.24,3351.04,3353.6,6768,,https://api.nasdaq.com/api/quote/SDOW/historical?assetclass=etf&fromdate=2016-07-26&todate=2026-07-26&limit=5000
SDOW,2016-08-08,3338.24,3364.9408,3325.44,3349.76,4484,,https://api.nasdaq.com/api/quote/SDOW/historical?assetclass=etf&fromdate=2016-07-26&todate=2026-07-26&limit=5000
SDOW,2016-08-09,3345.92,3361.28,3320.32,3348.48,3322,,https://api.nasdaq.com/api/quote/SDOW/historical?assetclass=etf&fromdate=2016-07-26&todate=2026-07-26&limit=5000
SDOW,2016-08-10,3348.48,3374.08,3325.44,3361.28,3282,,https://api.nasdaq.com/api/quote/SDOW/historical?assetclass=etf&fromdate=2016-07-26&todate=2026-07-26&limit=5000
SDOW,2016-08-11,3322.88,3333.12,3279.36,3294.72,6414,,https://api.nasdaq.com/api/quote/SDOW/historical?assetclass=etf&fromdate=2016-07-26&todate=2026-07-26&limit=5000
SDOW,2016-08-12,3307.52,3335.68,3297.28,3315.2,3565,,https://api.nasdaq.com/api/quote/SDOW/historical?assetclass=etf&fromdate=2016-07-26&todate=2026-07-26&limit=5000
SDOW,2016-08-15,3297.28,3297.28,3264,3281.92,4350,,https://api.nasdaq.com/api/quote/SDOW/historical?assetclass=etf&fromdate=2016-07-26&todate=2026-07-26&limit=5000
SDOW,2016-08-16,3307.52,3325.44,3292.16,3325.44,2878,,https://api.nasdaq.com/api/quote/SDOW/historical?assetclass=etf&fromdate=2016-07-26&todate=2026-07-26&limit=5000
SDOW,2016-08-17,3328,3360,3297.28,3307.52,5285,,https://api.nasdaq.com/api/quote/SDOW/historical?assetclass=etf&fromdate=2016-07-26&todate=2026-07-26&limit=5000
SDOW,2016-08-18,3312.64,3325.44,3287.0656,3289.6,1913,,https://api.nasdaq.com/api/quote/SDOW/historical?assetclass=etf&fromdate=2016-07-26&todate=2026-07-26&limit=5000
SDOW,2016-08-19,3320.32,3343.36,3294.72,3312.64,3813,,https://api.nasdaq.com/api/quote/SDOW/historical?assetclass=etf&fromdate=2016-07-26&todate=2026-07-26&limit=5000
SDOW,2016-08-22,3338.24,3358.72,3299.84,3325.44,3944,,https://api.nasdaq.com/api/quote/SDOW/historical?assetclass=etf&fromdate=2016-07-26&todate=2026-07-26&limit=5000
SDOW,2016-08-23,3292.16,3315.2,3266.56,3315.2,4407,,https://api.nasdaq.com/api/quote/SDOW/historical?assetclass=etf&fromdate=2016-07-26&todate=2026-07-26&limit=5000
SDOW,2016-08-24,3330.56,3366.4,3317.7856,3347.584,4354,,https://api.nasdaq.com/api/quote/SDOW/historical?assetclass=etf&fromdate=2016-07-26&todate=2026-07-26&limit=5000
SDOW,2016-08-25,3371.52,3378.2016,3340.8,3366.4,3149,,https://api.nasdaq.com/api/quote/SDOW/historical?assetclass=etf&fromdate=2016-07-26&todate=2026-07-26&limit=5000
SDOW,2016-08-26,3358.72,3429.12,3299.84,3397.12,9886,,https://api.nasdaq.com/api/quote/SDOW/historical?assetclass=etf&fromdate=2016-07-26&todate=2026-07-26&limit=5000
SDOW,2016-08-29,3394.56,3394.56,3325.4656,3335.68,5183,,https://api.nasdaq.com/api/quote/SDOW/historical?assetclass=etf&fromdate=2016-07-26&todate=2026-07-26&limit=5000
SDOW,2016-08-30,3328,3381.76,3317.76,3353.6,3453,,https://api.nasdaq.com/api/quote/SDOW/historical?assetclass=etf&fromdate=2016-07-26&todate=2026-07-26&limit=5000
SDOW,2016-08-31,3376.64,3422.72,3361.28,3389.44,4012,,https://api.nasdaq.com/api/quote/SDOW/historical?assetclass=etf&fromdate=2016-07-26&todate=2026-07-26&limit=5000
SDOW,2016-09-01,3394.56,3441.408,3366.656,3374.08,7699,,https://api.nasdaq.com/api/quote/SDOW/historical?assetclass=etf&fromdate=2016-07-26&todate=2026-07-26&limit=5000
SDOW,2016-09-02,3328,3361.28,3302.4256,3343.36,5362,,https://api.nasdaq.com/api/quote/SDOW/historical?assetclass=etf&fromdate=2016-07-26&todate=2026-07-26&limit=5000
SDOW,2016-09-06,3320.32,3355.0848,3299.84,3307.52,4555,,https://api.nasdaq.com/api/quote/SDOW/historical?assetclass=etf&fromdate=2016-07-26&todate=2026-07-26&limit=5000
SDOW,2016-09-07,3315.2,3338.24,3305.472,3310.08,4369,,https://api.nasdaq.com/api/quote/SDOW/historical?assetclass=etf&fromdate=2016-07-26&todate=2026-07-26&limit=5000
SDOW,2016-09-08,3348.48,3353.6,3320.576,3335.68,4021,,https://api.nasdaq.com/api/quote/SDOW/historical?assetclass=etf&fromdate=2016-07-26&todate=2026-07-26&limit=5000
SDOW,2016-09-09,3407.36,3545.6,3399.68,3543.04,14230,,https://api.nasdaq.com/api/quote/SDOW/historical?assetclass=etf&fromdate=2016-07-26&todate=2026-07-26&limit=5000
SDOW,2016-09-12,3609.6,3609.6,3386.88,3407.36,16364,,https://api.nasdaq.com/api/quote/SDOW/historical?assetclass=etf&fromdate=2016-07-26&todate=2026-07-26&limit=5000
SDOW,2016-09-13,3484.16,3568.64,3461.12,3545.6,14409,,https://api.nasdaq.com/api/quote/SDOW/historical?assetclass=etf&fromdate=2016-07-26&todate=2026-07-26&limit=5000
SDOW,2016-09-14,3553.28,3593.216,3492.1728,3563.52,10301,,https://api.nasdaq.com/api/quote/SDOW/historical?assetclass=etf&fromdate=2016-07-26&todate=2026-07-26&limit=5000
SDOW,2016-09-15,3563.52,3578.8544,3438.08,3463.68,11300,,https://api.nasdaq.com/api/quote/SDOW/historical?assetclass=etf&fromdate=2016-07-26&todate=2026-07-26&limit=5000
SDOW,2016-09-16,3499.52,3543.04,3489.28,3514.88,5781,,https://api.nasdaq.com/api/quote/SDOW/historical?assetclass=etf&fromdate=2016-07-26&todate=2026-07-26&limit=5000
SDOW,2016-09-19,3458.56,3530.24,3434.0096,3512.32,6175,,https://api.nasdaq.com/api/quote/SDOW/historical?assetclass=etf&fromdate=2016-07-26&todate=2026-07-26&limit=5000
SDOW,2016-09-20,3473.92,3508.864,3451.392,3504.64,5302,,https://api.nasdaq.com/api/quote/SDOW/historical?assetclass=etf&fromdate=2016-07-26&todate=2026-07-26&limit=5000
SDOW,2016-09-21,3461.12,3512.32,3404.8,3415.0144,17548,,https://api.nasdaq.com/api/quote/SDOW/historical?assetclass=etf&fromdate=2016-07-26&todate=2026-07-26&limit=5000
SDOW,2016-09-22,3363.84,3376.64,3325.44,3363.84,7179,,https://api.nasdaq.com/api/quote/SDOW/historical?assetclass=etf&fromdate=2016-07-26&todate=2026-07-26&limit=5000
SDOW,2016-09-23,3374.08,3434.24,3368.96,3427.84,5252,,https://api.nasdaq.com/api/quote/SDOW/historical?assetclass=etf&fromdate=2016-07-26&todate=2026-07-26&limit=5000
SDOW,2016-09-26,3481.6,3528.96,3476.48,3520,9520,,https://api.nasdaq.com/api/quote/SDOW/historical?assetclass=etf&fromdate=2016-07-26&todate=2026-07-26&limit=5000
SDOW,2016-09-27,3525.12,3548.16,3440.64,3445.76,7679,,https://api.nasdaq.com/api/quote/SDOW/historical?assetclass=etf&fromdate=2016-07-26&todate=2026-07-26&limit=5000
SDOW,2016-09-28,3430.4,3473.92,3379.2,3386.88,5604,,https://api.nasdaq.com/api/quote/SDOW/historical?assetclass=etf&fromdate=2016-07-26&todate=2026-07-26&limit=5000
SDOW,2016-09-29,3404.8,3520,3368.96,3491.84,15377,,https://api.nasdaq.com/api/quote/SDOW/historical?assetclass=etf&fromdate=2016-07-26&todate=2026-07-26&limit=5000
SDOW,2016-09-30,3448.32,3448.32,3362.56,3399.68,10028,,https://api.nasdaq.com/api/quote/SDOW/historical?assetclass=etf&fromdate=2016-07-26&todate=2026-07-26&limit=5000
SDOW,2016-10-03,3425.28,3453.44,3411.2,3425.536,5965,,https://api.nasdaq.com/api/quote/SDOW/historical?assetclass=etf&fromdate=2016-07-26&todate=2026-07-26&limit=5000
SDOW,2016-10-04,3417.6,3502.08,3390.7968,3473.92,10185,,https://api.nasdaq.com/api/quote/SDOW/historical?assetclass=etf&fromdate=2016-07-26&todate=2026-07-26&limit=5000
SDOW,2016-10-05,3438.08,3438.08,3385.1648,3408.64,7498,,https://api.nasdaq.com/api/quote/SDOW/historical?assetclass=etf&fromdate=2016-07-26&todate=2026-07-26&limit=5000
SDOW,2016-10-06,3425.28,3471.36,3402.24,3412.48,5853,,https://api.nasdaq.com/api/quote/SDOW/historical?assetclass=etf&fromdate=2016-07-26&todate=2026-07-26&limit=5000
SDOW,2016-10-07,3392,3479.04,3389.184,3430.4,8108,,https://api.nasdaq.com/api/quote/SDOW/historical?assetclass=etf&fromdate=2016-07-26&todate=2026-07-26&limit=5000
SDOW,2016-10-10,3374.08,3383.04,3338.2144,3379.2,6316,,https://api.nasdaq.com/api/quote/SDOW/historical?assetclass=etf&fromdate=2016-07-26&todate=2026-07-26&limit=5000
SDOW,2016-10-11,3399.68,3525.12,3389.44,3486.72,11734,,https://api.nasdaq.com/api/quote/SDOW/historical?assetclass=etf&fromdate=2016-07-26&todate=2026-07-26&limit=5000
SDOW,2016-10-12,3484.16,3517.44,3450.88,3476.48,6519,,https://api.nasdaq.com/api/quote/SDOW/historical?assetclass=etf&fromdate=2016-07-26&todate=2026-07-26&limit=5000
SDOW,2016-10-13,3550.72,3586.56,3481.6,3504.64,12423,,https://api.nasdaq.com/api/quote/SDOW/historical?assetclass=etf&fromdate=2016-07-26&todate=2026-07-26&limit=5000
SDOW,2016-10-14,3443.2,3480.4992,3409.92,3479.04,9605,,https://api.nasdaq.com/api/quote/SDOW/historical?assetclass=etf&fromdate=2016-07-26&todate=2026-07-26&limit=5000
SDOW,2016-10-17,3486.72,3525.7856,3466.24,3517.44,6614,,https://api.nasdaq.com/api/quote/SDOW/historical?assetclass=etf&fromdate=2016-07-26&todate=2026-07-26&limit=5000
SDOW,2016-10-18,3443.2,3488.896,3430.4,3468.8,4977,,https://api.nasdaq.com/api/quote/SDOW/historical?assetclass=etf&fromdate=2016-07-26&todate=2026-07-26&limit=5000
SDOW,2016-10-19,3448.32,3461.12,3415.04,3440.64,5945,,https://api.nasdaq.com/api/quote/SDOW/historical?assetclass=etf&fromdate=2016-07-26&todate=2026-07-26&limit=5000
SDOW,2016-10-20,3458.56,3481.6,3412.48,3463.68,6663,,https://api.nasdaq.com/api/quote/SDOW/historical?assetclass=etf&fromdate=2016-07-26&todate=2026-07-26&limit=5000
SDOW,2016-10-21,3509.76,3530.24,3459.8144,3468.8,7394,,https://api.nasdaq.com/api/quote/SDOW/historical?assetclass=etf&fromdate=2016-07-26&todate=2026-07-26&limit=5000
SDOW,2016-10-24,3412.48,3448.2944,3394.56,3430.4,6217,,https://api.nasdaq.com/api/quote/SDOW/historical?assetclass=etf&fromdate=2016-07-26&todate=2026-07-26&limit=5000
SDOW,2016-10-25,3430.4,3466.24,3415.04,3454.72,5456,,https://api.nasdaq.com/api/quote/SDOW/historical?assetclass=etf&fromdate=2016-07-26&todate=2026-07-26&limit=5000
SDOW,2016-10-26,3507.2,3522.56,3417.6,3443.2,8012,,https://api.nasdaq.com/api/quote/SDOW/historical?assetclass=etf&fromdate=2016-07-26&todate=2026-07-26&limit=5000
SDOW,2016-10-27,3417.6,3471.36,3409.3056,3456,6361,,https://api.nasdaq.com/api/quote/SDOW/historical?assetclass=etf&fromdate=2016-07-26&todate=2026-07-26&limit=5000
SDOW,2016-10-28,3435.52,3502.08,3409.0752,3461.12,13145,,https://api.nasdaq.com/api/quote/SDOW/historical?assetclass=etf&fromdate=2016-07-26&todate=2026-07-26&limit=5000
SDOW,2016-10-31,3461.12,3479.04,3443.2,3476.48,4530,,https://api.nasdaq.com/api/quote/SDOW/historical?assetclass=etf&fromdate=2016-07-26&todate=2026-07-26&limit=5000
SDOW,2016-11-01,3458.56,3589.12,3458.56,3532.8,10763,,https://api.nasdaq.com/api/quote/SDOW/historical?assetclass=etf&fromdate=2016-07-26&todate=2026-07-26&limit=5000
SDOW,2016-11-02,3555.84,3596.8,3527.936,3578.88,11415,,https://api.nasdaq.com/api/quote/SDOW/historical?assetclass=etf&fromdate=2016-07-26&todate=2026-07-26&limit=5000
SDOW,2016-11-03,3566.08,3609.6,3548.16,3591.68,6561,,https://api.nasdaq.com/api/quote/SDOW/historical?assetclass=etf&fromdate=2016-07-26&todate=2026-07-26&limit=5000
SDOW,2016-11-04,3604.48,3622.4,3558.4,3612.16,10957,,https://api.nasdaq.com/api/quote/SDOW/historical?assetclass=etf&fromdate=2016-07-26&todate=2026-07-26&limit=5000
SDOW,2016-11-07,3468.8,3476.48,3392,3397.12,11713,,https://api.nasdaq.com/api/quote/SDOW/historical?assetclass=etf&fromdate=2016-07-26&todate=2026-07-26&limit=5000
SDOW,2016-11-08,3407.36,3412.48,3302.4,3335.68,14630,,https://api.nasdaq.com/api/quote/SDOW/historical?assetclass=etf&fromdate=2016-07-26&todate=2026-07-26&limit=5000
SDOW,2016-11-09,3458.56,3458.56,3166.72,3202.56,34124,,https://api.nasdaq.com/api/quote/SDOW/historical?assetclass=etf&fromdate=2016-07-26&todate=2026-07-26&limit=5000
SDOW,2016-11-10,3148.8,3176.9856,3054.08,3084.8,30025,,https://api.nasdaq.com/api/quote/SDOW/historical?assetclass=etf&fromdate=2016-07-26&todate=2026-07-26&limit=5000
SDOW,2016-11-11,3102.72,3120.64,3061.76,3064.32,16556,,https://api.nasdaq.com/api/quote/SDOW/historical?assetclass=etf&fromdate=2016-07-26&todate=2026-07-26&limit=5000
SDOW,2016-11-14,3043.84,3079.68,3024.9216,3056.64,8612,,https://api.nasdaq.com/api/quote/SDOW/historical?assetclass=etf&fromdate=2016-07-26&todate=2026-07-26&limit=5000
SDOW,2016-11-15,3061.76,3084.544,3028.48,3031.04,6363,,https://api.nasdaq.com/api/quote/SDOW/historical?assetclass=etf&fromdate=2016-07-26&todate=2026-07-26&limit=5000
SDOW,2016-11-16,3054.08,3066.88,3036.16,3041.28,6992,,https://api.nasdaq.com/api/quote/SDOW/historical?assetclass=etf&fromdate=2016-07-26&todate=2026-07-26&limit=5000
SDOW,2016-11-17,3048.96,3057.92,3028.48,3031.04,6877,,https://api.nasdaq.com/api/quote/SDOW/historical?assetclass=etf&fromdate=2016-07-26&todate=2026-07-26&limit=5000
SDOW,2016-11-18,3018.24,3048.96,3018.24,3043.84,4407,,https://api.nasdaq.com/api/quote/SDOW/historical?assetclass=etf&fromdate=2016-07-26&todate=2026-07-26&limit=5000
SDOW,2016-11-21,3018.24,3036.16,2997.76,3000.32,5724,,https://api.nasdaq.com/api/quote/SDOW/historical?assetclass=etf&fromdate=2016-07-26&todate=2026-07-26&limit=5000
SDOW,2016-11-22,2974.72,2997.76,2956.8,2967.04,5588,,https://api.nasdaq.com/api/quote/SDOW/historical?assetclass=etf&fromdate=2016-07-26&todate=2026-07-26&limit=5000
SDOW,2016-11-23,2972.16,2974.72,2938.88,2944,7091,,https://api.nasdaq.com/api/quote/SDOW/historical?assetclass=etf&fromdate=2016-07-26&todate=2026-07-26&limit=5000
SDOW,2016-11-25,2915.84,2923.52,2910.72,2913.28,4763,,https://api.nasdaq.com/api/quote/SDOW/historical?assetclass=etf&fromdate=2016-07-26&todate=2026-07-26&limit=5000
SDOW,2016-11-28,2928.64,2944,2913.28,2928.64,4893,,https://api.nasdaq.com/api/quote/SDOW/historical?assetclass=etf&fromdate=2016-07-26&todate=2026-07-26&limit=5000
SDOW,2016-11-29,2931.2,2936.32,2903.04,2910.72,3050,,https://api.nasdaq.com/api/quote/SDOW/historical?assetclass=etf&fromdate=2016-07-26&todate=2026-07-26&limit=5000
SDOW,2016-11-30,2880,2908.16,2864.64,2908.16,10908,,https://api.nasdaq.com/api/quote/SDOW/historical?assetclass=etf&fromdate=2016-07-26&todate=2026-07-26&limit=5000
SDOW,2016-12-01,2897.92,2897.92,2869.76,2877.44,11268,,https://api.nasdaq.com/api/quote/SDOW/historical?assetclass=etf&fromdate=2016-07-26&todate=2026-07-26&limit=5000
SDOW,2016-12-02,2882.56,2902.784,2877.44,2890.24,8983,,https://api.nasdaq.com/api/quote/SDOW/historical?assetclass=etf&fromdate=2016-07-26&todate=2026-07-26&limit=5000
SDOW,2016-12-05,2851.84,2881.28,2842.0608,2872.32,5847,,https://api.nasdaq.com/api/quote/SDOW/historical?assetclass=etf&fromdate=2016-07-26&todate=2026-07-26&limit=5000
SDOW,2016-12-06,2859.52,2882.56,2851.84,2851.84,4243,,https://api.nasdaq.com/api/quote/SDOW/historical?assetclass=etf&fromdate=2016-07-26&todate=2026-07-26&limit=5000
SDOW,2016-12-07,2859.52,2859.52,2713.6,2723.84,15003,,https://api.nasdaq.com/api/quote/SDOW/historical?assetclass=etf&fromdate=2016-07-26&todate=2026-07-26&limit=5000
SDOW,2016-12-08,2713.6,2723.84,2667.52,2688,13029,,https://api.nasdaq.com/api/quote/SDOW/historical?assetclass=etf&fromdate=2016-07-26&todate=2026-07-26&limit=5000
SDOW,2016-12-09,2677.76,2682.88,2630.4,2634.24,10582,,https://api.nasdaq.com/api/quote/SDOW/historical?assetclass=etf&fromdate=2016-07-26&todate=2026-07-26&limit=5000
SDOW,2016-12-12,2624,2631.68,2603.52,2613.76,11689,,https://api.nasdaq.com/api/quote/SDOW/historical?assetclass=etf&fromdate=2016-07-26&todate=2026-07-26&limit=5000
SDOW,2016-12-13,2585.6,2593.2544,2549.76,2570.24,15000,,https://api.nasdaq.com/api/quote/SDOW/historical?assetclass=etf&fromdate=2016-07-26&todate=2026-07-26&limit=5000
SDOW,2016-12-14,2583.04,2631.6544,2547.2,2613.76,20206,,https://api.nasdaq.com/api/quote/SDOW/historical?assetclass=etf&fromdate=2016-07-26&todate=2026-07-26&limit=5000
SDOW,2016-12-15,2595.84,2602.24,2549.76,2593.28,10661,,https://api.nasdaq.com/api/quote/SDOW/historical?assetclass=etf&fromdate=2016-07-26&todate=2026-07-26&limit=5000
SDOW,2016-12-16,2572.8,2600.96,2562.56,2590.72,8218,,https://api.nasdaq.com/api/quote/SDOW/historical?assetclass=etf&fromdate=2016-07-26&todate=2026-07-26&limit=5000
SDOW,2016-12-19,2593.28,2593.28,2562.56,2580.48,5805,,https://api.nasdaq.com/api/quote/SDOW/historical?assetclass=etf&fromdate=2016-07-26&todate=2026-07-26&limit=5000
SDOW,2016-12-20,2560,2560,2536.96,2542.08,5812,,https://api.nasdaq.com/api/quote/SDOW/historical?assetclass=etf&fromdate=2016-07-26&todate=2026-07-26&limit=5000
SDOW,2016-12-21,2549.76,2554.88,2537.7536,2552.32,7779,,https://api.nasdaq.com/api/quote/SDOW/historical?assetclass=etf&fromdate=2016-07-26&todate=2026-07-26&limit=5000
SDOW,2016-12-22,2549.76,2577.8944,2549.76,2562.56,5499,,https://api.nasdaq.com/api/quote/SDOW/historical?assetclass=etf&fromdate=2016-07-26&todate=2026-07-26&limit=5000
SDOW,2016-12-23,2570.24,2570.24,2557.44,2557.44,2490,,https://api.nasdaq.com/api/quote/SDOW/historical?assetclass=etf&fromdate=2016-07-26&todate=2026-07-26&limit=5000
SDOW,2016-12-27,2557.44,2557.44,2539.52,2552.32,3662,,https://api.nasdaq.com/api/quote/SDOW/historical?assetclass=etf&fromdate=2016-07-26&todate=2026-07-26&limit=5000
SDOW,2016-12-28,2539.52,2598.4,2539.52,2595.84,9157,,https://api.nasdaq.com/api/quote/SDOW/historical?assetclass=etf&fromdate=2016-07-26&todate=2026-07-26&limit=5000
SDOW,2016-12-29,2603.52,2615.552,2577.92,2600.96,6059,,https://api.nasdaq.com/api/quote/SDOW/historical?assetclass=etf&fromdate=2016-07-26&todate=2026-07-26&limit=5000
SDOW,2016-12-30,2593.28,2644.2752,2589.44,2616.32,8847,,https://api.nasdaq.com/api/quote/SDOW/historical?assetclass=etf&fromdate=2016-07-26&todate=2026-07-26&limit=5000
SDOW,2017-01-03,2572.8,2621.3632,2554.88,2583.04,9592,,https://api.nasdaq.com/api/quote/SDOW/historical?assetclass=etf&fromdate=2016-07-26&todate=2026-07-26&limit=5000
SDOW,2017-01-04,2577.92,2577.92,2544.64,2554.88,6383,,https://api.nasdaq.com/api/quote/SDOW/historical?assetclass=etf&fromdate=2016-07-26&todate=2026-07-26&limit=5000
SDOW,2017-01-05,2562.56,2600.96,2549.76,2567.68,6703,,https://api.nasdaq.com/api/quote/SDOW/historical?assetclass=etf&fromdate=2016-07-26&todate=2026-07-26&limit=5000
SDOW,2017-01-06,2572.8,2590.72,2526.72,2544.64,8110,,https://api.nasdaq.com/api/quote/SDOW/historical?assetclass=etf&fromdate=2016-07-26&todate=2026-07-26&limit=5000
SDOW,2017-01-09,2560,2570.24,2549.7856,2567.68,4924,,https://api.nasdaq.com/api/quote/SDOW/historical?assetclass=etf&fromdate=2016-07-26&todate=2026-07-26&limit=5000
SDOW,2017-01-10,2577.92,2590.72,2544.64,2585.6,5103,,https://api.nasdaq.com/api/quote/SDOW/historical?assetclass=etf&fromdate=2016-07-26&todate=2026-07-26&limit=5000
SDOW,2017-01-11,2572.8,2595.84,2536.96,2547.2,7322,,https://api.nasdaq.com/api/quote/SDOW/historical?assetclass=etf&fromdate=2016-07-26&todate=2026-07-26&limit=5000
SDOW,2017-01-12,2566.4,2617.6,2566.08,2568.96,10533,,https://api.nasdaq.com/api/quote/SDOW/historical?assetclass=etf&fromdate=2016-07-26&todate=2026-07-26&limit=5000
SDOW,2017-01-13,2561.28,2586.88,2546.56,2575.36,7708,,https://api.nasdaq.com/api/quote/SDOW/historical?assetclass=etf&fromdate=2016-07-26&todate=2026-07-26&limit=5000
SDOW,2017-01-17,2593.28,2615.04,2572.8,2594.56,8645,,https://api.nasdaq.com/api/quote/SDOW/historical?assetclass=etf&fromdate=2016-07-26&todate=2026-07-26&limit=5000
SDOW,2017-01-18,2593.92,2625.92,2592,2602.24,7318,,https://api.nasdaq.com/api/quote/SDOW/historical?assetclass=etf&fromdate=2016-07-26&todate=2026-07-26&limit=5000
SDOW,2017-01-19,2600.32,2650.88,2592.768,2627.2,9064,,https://api.nasdaq.com/api/quote/SDOW/historical?assetclass=etf&fromdate=2016-07-26&todate=2026-07-26&limit=5000
SDOW,2017-01-20,2611.2,2618.88,2583.04,2592,12179,,https://api.nasdaq.com/api/quote/SDOW/historical?assetclass=etf&fromdate=2016-07-26&todate=2026-07-26&limit=5000
SDOW,2017-01-23,2600.96,2628.48,2588.16,2599.04,11080,,https://api.nasdaq.com/api/quote/SDOW/historical?assetclass=etf&fromdate=2016-07-26&todate=2026-07-26&limit=5000
SDOW,2017-01-24,2597.76,2605.952,2543.36,2559.36,8086,,https://api.nasdaq.com/api/quote/SDOW/historical?assetclass=etf&fromdate=2016-07-26&todate=2026-07-26&limit=5000
SDOW,2017-01-25,2513.92,2523.52,2492.8,2496,13535,,https://api.nasdaq.com/api/quote/SDOW/historical?assetclass=etf&fromdate=2016-07-26&todate=2026-07-26&limit=5000
SDOW,2017-01-26,2493.44,2497.28,2476.8,2485.12,10263,,https://api.nasdaq.com/api/quote/SDOW/historical?assetclass=etf&fromdate=2016-07-26&todate=2026-07-26&limit=5000
SDOW,2017-01-27,2486.4,2496.64,2481.0496,2488.96,6276,,https://api.nasdaq.com/api/quote/SDOW/historical?assetclass=etf&fromdate=2016-07-26&todate=2026-07-26&limit=5000
SDOW,2017-01-30,2521.6,2571.52,2517.12,2535.04,19293,,https://api.nasdaq.com/api/quote/SDOW/historical?assetclass=etf&fromdate=2016-07-26&todate=2026-07-26&limit=5000
SDOW,2017-01-31,2561.92,2604.8,2554.88,2576.64,22452,,https://api.nasdaq.com/api/quote/SDOW/historical?assetclass=etf&fromdate=2016-07-26&todate=2026-07-26&limit=5000
SDOW,2017-02-01,2543.36,2581.8944,2534.72,2566.4,10344,,https://api.nasdaq.com/api/quote/SDOW/historical?assetclass=etf&fromdate=2016-07-26&todate=2026-07-26&limit=5000
SDOW,2017-02-02,2585.6,2589.44,2551.6864,2567.04,11314,,https://api.nasdaq.com/api/quote/SDOW/historical?assetclass=etf&fromdate=2016-07-26&todate=2026-07-26&limit=5000
SDOW,2017-02-03,2529.28,2533.76,2490.88,2495.36,14466,,https://api.nasdaq.com/api/quote/SDOW/historical?assetclass=etf&fromdate=2016-07-26&todate=2026-07-26&limit=5000
SDOW,2017-02-06,2509.44,2519.936,2485.12,2501.76,8053,,https://api.nasdaq.com/api/quote/SDOW/historical?assetclass=etf&fromdate=2016-07-26&todate=2026-07-26&limit=5000
SDOW,2017-02-07,2481.28,2495.36,2463.36,2490.24,9629,,https://api.nasdaq.com/api/quote/SDOW/historical?assetclass=etf&fromdate=2016-07-26&todate=2026-07-26&limit=5000
SDOW,2017-02-08,2497.92,2506.24,2486.4,2491.52,7268,,https://api.nasdaq.com/api/quote/SDOW/historical?assetclass=etf&fromdate=2016-07-26&todate=2026-07-26&limit=5000
SDOW,2017-02-09,2483.2,2483.2,2433.92,2448.64,13594,,https://api.nasdaq.com/api/quote/SDOW/historical?assetclass=etf&fromdate=2016-07-26&todate=2026-07-26&limit=5000
SDOW,2017-02-10,2425.6,2432,2401.92,2411.52,12652,,https://api.nasdaq.com/api/quote/SDOW/historical?assetclass=etf&fromdate=2016-07-26&todate=2026-07-26&limit=5000
SDOW,2017-02-13,2390.4,2390.4,2348.8,2361.6,14876,,https://api.nasdaq.com/api/quote/SDOW/historical?assetclass=etf&fromdate=2016-07-26&todate=2026-07-26&limit=5000
SDOW,2017-02-14,2364.8,2366.72,2324.48,2325.12,12320,,https://api.nasdaq.com/api/quote/SDOW/historical?assetclass=etf&fromdate=2016-07-26&todate=2026-07-26&limit=5000
SDOW,2017-02-15,2319.36,2321.28,2280.32,2282.88,15859,,https://api.nasdaq.com/api/quote/SDOW/historical?assetclass=etf&fromdate=2016-07-26&todate=2026-07-26&limit=5000
SDOW,2017-02-16,2277.76,2301.44,2273.28,2280.32,15560,,https://api.nasdaq.com/api/quote/SDOW/historical?assetclass=etf&fromdate=2016-07-26&todate=2026-07-26&limit=5000
SDOW,2017-02-17,2311.68,2311.68,2280.96,2281.6,8646,,https://api.nasdaq.com/api/quote/SDOW/historical?assetclass=etf&fromdate=2016-07-26&todate=2026-07-26&limit=5000
SDOW,2017-02-21,2257.28,2263.04,2235.52,2243.2,14407,,https://api.nasdaq.com/api/quote/SDOW/historical?assetclass=etf&fromdate=2016-07-26&todate=2026-07-26&limit=5000
SDOW,2017-02-22,2250.24,2256,2228.4736,2229.76,12698,,https://api.nasdaq.com/api/quote/SDOW/historical?assetclass=etf&fromdate=2016-07-26&todate=2026-07-26&limit=5000
SDOW,2017-02-23,2213.76,2238.08,2208,2220.16,19385,,https://api.nasdaq.com/api/quote/SDOW/historical?assetclass=etf&fromdate=2016-07-26&todate=2026-07-26&limit=5000
SDOW,2017-02-24,2245.76,2245.76,2215.04,2215.68,14519,,https://api.nasdaq.com/api/quote/SDOW/historical?assetclass=etf&fromdate=2016-07-26&todate=2026-07-26&limit=5000
SDOW,2017-02-27,2222.72,2225.28,2201.6,2207.36,11560,,https://api.nasdaq.com/api/quote/SDOW/historical?assetclass=etf&fromdate=2016-07-26&todate=2026-07-26&limit=5000
SDOW,2017-02-28,2214.4,2222.08,2203.8912,2211.84,11672,,https://api.nasdaq.com/api/quote/SDOW/historical?assetclass=etf&fromdate=2016-07-26&todate=2026-07-26&limit=5000
SDOW,2017-03-01,2149.76,2153.6,2098.56,2115.84,40497,,https://api.nasdaq.com/api/quote/SDOW/historical?assetclass=etf&fromdate=2016-07-26&todate=2026-07-26&limit=5000
SDOW,2017-03-02,2113.28,2151.68,2113.28,2149.12,19440,,https://api.nasdaq.com/api/quote/SDOW/historical?assetclass=etf&fromdate=2016-07-26&todate=2026-07-26&limit=5000
SDOW,2017-03-03,2146.56,2165.12,2136.9664,2151.68,13355,,https://api.nasdaq.com/api/quote/SDOW/historical?assetclass=etf&fromdate=2016-07-26&todate=2026-07-26&limit=5000
SDOW,2017-03-06,2179.2,2179.2,2154.88,2162.56,12381,,https://api.nasdaq.com/api/quote/SDOW/historical?assetclass=etf&fromdate=2016-07-26&todate=2026-07-26&limit=5000
SDOW,2017-03-07,2173.44,2179.776,2158.08,2172.16,11091,,https://api.nasdaq.com/api/quote/SDOW/historical?assetclass=etf&fromdate=2016-07-26&todate=2026-07-26&limit=5000
SDOW,2017-03-08,2162.56,2196.48,2160,2191.36,13334,,https://api.nasdaq.com/api/quote/SDOW/historical?assetclass=etf&fromdate=2016-07-26&todate=2026-07-26&limit=5000
SDOW,2017-03-09,2193.92,2214.4,2176,2189.44,14765,,https://api.nasdaq.com/api/quote/SDOW/historical?assetclass=etf&fromdate=2016-07-26&todate=2026-07-26&limit=5000
SDOW,2017-03-10,2156.16,2199.04,2156.16,2175.36,12262,,https://api.nasdaq.com/api/quote/SDOW/historical?assetclass=etf&fromdate=2016-07-26&todate=2026-07-26&limit=5000
SDOW,2017-03-13,2174.08,2191.36,2168.96,2181.12,7916,,https://api.nasdaq.com/api/quote/SDOW/historical?assetclass=etf&fromdate=2016-07-26&todate=2026-07-26&limit=5000
SDOW,2017-03-14,2199.68,2210.56,2183.68,2194.56,11453,,https://api.nasdaq.com/api/quote/SDOW/historical?assetclass=etf&fromdate=2016-07-26&todate=2026-07-26&limit=5000
SDOW,2017-03-15,2188.8,2188.8,2150.4,2158.72,19778,,https://api.nasdaq.com/api/quote/SDOW/historical?assetclass=etf&fromdate=2016-07-26&todate=2026-07-26&limit=5000
SDOW,2017-03-16,2140.8,2176,2140.8,2167.04,13557,,https://api.nasdaq.com/api/quote/SDOW/historical?assetclass=etf&fromdate=2016-07-26&todate=2026-07-26&limit=5000
SDOW,2017-03-17,2154.24,2171.52,2149.12,2169.6,8458,,https://api.nasdaq.com/api/quote/SDOW/historical?assetclass=etf&fromdate=2016-07-26&todate=2026-07-26&limit=5000
SDOW,2017-03-20,2172.16,2179.84,2158.72,2172.192,11445,,https://api.nasdaq.com/api/quote/SDOW/historical?assetclass=etf&fromdate=2016-07-26&todate=2026-07-26&limit=5000
SDOW,2017-03-21,2160,2252.7936,2153.6,2246.4,31635,,https://api.nasdaq.com/api/quote/SDOW/historical?assetclass=etf&fromdate=2016-07-26&todate=2026-07-26&limit=5000
SDOW,2017-03-22,2261.76,2277.12,2243.2,2250.88,35606,,https://api.nasdaq.com/api/quote/SDOW/historical?assetclass=etf&fromdate=2016-07-26&todate=2026-07-26&limit=5000
SDOW,2017-03-23,2264.32,2264.32,2219.136,2248.96,27284,,https://api.nasdaq.com/api/quote/SDOW/historical?assetclass=etf&fromdate=2016-07-26&todate=2026-07-26&limit=5000
SDOW,2017-03-24,2239.36,2293.8752,2232.7168,2270.08,49798,,https://api.nasdaq.com/api/quote/SDOW/historical?assetclass=etf&fromdate=2016-07-26&todate=2026-07-26&limit=5000
SDOW,2017-03-27,2324.48,2334.08,2277.76,2288,25220,,https://api.nasdaq.com/api/quote/SDOW/historical?assetclass=etf&fromdate=2016-07-26&todate=2026-07-26&limit=5000
SDOW,2017-03-28,2291.2,2297.6,2225.92,2236.8,23177,,https://api.nasdaq.com/api/quote/SDOW/historical?assetclass=etf&fromdate=2016-07-26&todate=2026-07-26&limit=5000
SDOW,2017-03-29,2245.12,2262.4,2242.624,2249.6,12491,,https://api.nasdaq.com/api/quote/SDOW/historical?assetclass=etf&fromdate=2016-07-26&todate=2026-07-26&limit=5000
SDOW,2017-03-30,2253.44,2256.64,2219.52,2230.4,9412,,https://api.nasdaq.com/api/quote/SDOW/historical?assetclass=etf&fromdate=2016-07-26&todate=2026-07-26&limit=5000
SDOW,2017-03-31,2239.36,2250.88,2231.04,2248.32,8468,,https://api.nasdaq.com/api/quote/SDOW/historical?assetclass=etf&fromdate=2016-07-26&todate=2026-07-26&limit=5000
SDOW,2017-04-03,2242.56,2297.6,2241.92,2254.72,22883,,https://api.nasdaq.com/api/quote/SDOW/historical?assetclass=etf&fromdate=2016-07-26&todate=2026-07-26&limit=5000
SDOW,2017-04-04,2262.4,2267.52,2235.8784,2241.28,15313,,https://api.nasdaq.com/api/quote/SDOW/historical?assetclass=etf&fromdate=2016-07-26&todate=2026-07-26&limit=5000
SDOW,2017-04-05,2211.2,2256,2175.36,2252.16,23606,,https://api.nasdaq.com/api/quote/SDOW/historical?assetclass=etf&fromdate=2016-07-26&todate=2026-07-26&limit=5000
SDOW,2017-04-06,2252.16,2264.32,2219.52,2248.32,18013,,https://api.nasdaq.com/api/quote/SDOW/historical?assetclass=etf&fromdate=2016-07-26&todate=2026-07-26&limit=5000
SDOW,2017-04-07,2258.56,2266.24,2227.2,2249.6,17342,,https://api.nasdaq.com/api/quote/SDOW/historical?assetclass=etf&fromdate=2016-07-26&todate=2026-07-26&limit=5000
SDOW,2017-04-10,2244.48,2263.68,2218.88,2250.24,15708,,https://api.nasdaq.com/api/quote/SDOW/historical?assetclass=etf&fromdate=2016-07-26&todate=2026-07-26&limit=5000
SDOW,2017-04-11,2256.64,2296.96,2248.96,2252.8,23319,,https://api.nasdaq.com/api/quote/SDOW/historical?assetclass=etf&fromdate=2016-07-26&todate=2026-07-26&limit=5000
SDOW,2017-04-12,2254.72,2284.16,2254.72,2270.72,14430,,https://api.nasdaq.com/api/quote/SDOW/historical?assetclass=etf&fromdate=2016-07-26&todate=2026-07-26&limit=5000
SDOW,2017-04-13,2286.08,2316.16,2264.96,2314.88,16466,,https://api.nasdaq.com/api/quote/SDOW/historical?assetclass=etf&fromdate=2016-07-26&todate=2026-07-26&limit=5000
SDOW,2017-04-17,2303.36,2303.36,2252.8,2257.28,15579,,https://api.nasdaq.com/api/quote/SDOW/historical?assetclass=etf&fromdate=2016-07-26&todate=2026-07-26&limit=5000
SDOW,2017-04-18,2281.6,2312.96,2268.16,2292.48,15515,,https://api.nasdaq.com/api/quote/SDOW/historical?assetclass=etf&fromdate=2016-07-26&todate=2026-07-26&limit=5000
SDOW,2017-04-19,2290.56,2339.84,2284.8,2333.44,16426,,https://api.nasdaq.com/api/quote/SDOW/historical?assetclass=etf&fromdate=2016-07-26&todate=2026-07-26&limit=5000
SDOW,2017-04-20,2314.24,2322.56,2252.8,2271.36,20292,,https://api.nasdaq.com/api/quote/SDOW/historical?assetclass=etf&fromdate=2016-07-26&todate=2026-07-26&limit=5000
SDOW,2017-04-21,2270.08,2293.76,2262.4,2278.4,11938,,https://api.nasdaq.com/api/quote/SDOW/historical?assetclass=etf&fromdate=2016-07-26&todate=2026-07-26&limit=5000
SDOW,2017-04-24,2208,2219.52,2199.136,2206.72,16259,,https://api.nasdaq.com/api/quote/SDOW/historical?assetclass=etf&fromdate=2016-07-26&todate=2026-07-26&limit=5000
SDOW,2017-04-25,2160.64,2161.28,2125.44,2133.12,17305,,https://api.nasdaq.com/api/quote/SDOW/historical?assetclass=etf&fromdate=2016-07-26&todate=2026-07-26&limit=5000
SDOW,2017-04-26,2131.2,2143.36,2112,2140.8,20695,,https://api.nasdaq.com/api/quote/SDOW/historical?assetclass=etf&fromdate=2016-07-26&todate=2026-07-26&limit=5000
SDOW,2017-04-27,2133.76,2154.24,2132.48,2138.24,16807,,https://api.nasdaq.com/api/quote/SDOW/historical?assetclass=etf&fromdate=2016-07-26&todate=2026-07-26&limit=5000
SDOW,2017-04-28,2140.8,2156.8,2140.16,2151.68,10044,,https://api.nasdaq.com/api/quote/SDOW/historical?assetclass=etf&fromdate=2016-07-26&todate=2026-07-26&limit=5000
SDOW,2017-05-01,2145.28,2165.76,2142.72,2158.08,9373,,https://api.nasdaq.com/api/quote/SDOW/historical?assetclass=etf&fromdate=2016-07-26&todate=2026-07-26&limit=5000
SDOW,2017-05-02,2154.24,2163.84,2147.2,2150.4,11922,,https://api.nasdaq.com/api/quote/SDOW/historical?assetclass=etf&fromdate=2016-07-26&todate=2026-07-26&limit=5000
SDOW,2017-05-03,2162.56,2173.44,2142.08,2147.84,14573,,https://api.nasdaq.com/api/quote/SDOW/historical?assetclass=etf&fromdate=2016-07-26&todate=2026-07-26&limit=5000
SDOW,2017-05-04,2138.24,2181.12,2137.6,2149.76,14420,,https://api.nasdaq.com/api/quote/SDOW/historical?assetclass=etf&fromdate=2016-07-26&todate=2026-07-26&limit=5000
SDOW,2017-05-05,2154.24,2164.48,2132.48,2132.48,6563,,https://api.nasdaq.com/api/quote/SDOW/historical?assetclass=etf&fromdate=2016-07-26&todate=2026-07-26&limit=5000
SDOW,2017-05-08,2135.68,2140.8,2126.1952,2128,5558,,https://api.nasdaq.com/api/quote/SDOW/historical?assetclass=etf&fromdate=2016-07-26&todate=2026-07-26&limit=5000
SDOW,2017-05-09,2124.16,2151.04,2117.76,2138.24,6918,,https://api.nasdaq.com/api/quote/SDOW/historical?assetclass=etf&fromdate=2016-07-26&todate=2026-07-26&limit=5000
SDOW,2017-05-10,2154.24,2161.28,2133.76,2143.36,8993,,https://api.nasdaq.com/api/quote/SDOW/historical?assetclass=etf&fromdate=2016-07-26&todate=2026-07-26&limit=5000
SDOW,2017-05-11,2156.8,2185.6,2144.64,2147.2,13843,,https://api.nasdaq.com/api/quote/SDOW/historical?assetclass=etf&fromdate=2016-07-26&todate=2026-07-26&limit=5000
SDOW,2017-05-12,2160.64,2163.84,2149.888,2156.8,5918,,https://api.nasdaq.com/api/quote/SDOW/historical?assetclass=etf&fromdate=2016-07-26&todate=2026-07-26&limit=5000
SDOW,2017-05-15,2147.84,2147.84,2124.16,2131.2,8832,,https://api.nasdaq.com/api/quote/SDOW/historical?assetclass=etf&fromdate=2016-07-26&todate=2026-07-26&limit=5000
SDOW,2017-05-16,2119.68,2144.576,2113.92,2129.92,7922,,https://api.nasdaq.com/api/quote/SDOW/historical?assetclass=etf&fromdate=2016-07-26&todate=2026-07-26&limit=5000
SDOW,2017-05-17,2184.96,2238.7264,2171.52,2234.88,25655,,https://api.nasdaq.com/api/quote/SDOW/historical?assetclass=etf&fromdate=2016-07-26&todate=2026-07-26&limit=5000
SDOW,2017-05-18,2253.44,2256.384,2187.52,2220.8,24328,,https://api.nasdaq.com/api/quote/SDOW/historical?assetclass=etf&fromdate=2016-07-26&todate=2026-07-26&limit=5000
SDOW,2017-05-19,2204.8,2211.84,2157.44,2173.44,14275,,https://api.nasdaq.com/api/quote/SDOW/historical?assetclass=etf&fromdate=2016-07-26&todate=2026-07-26&limit=5000
SDOW,2017-05-22,2153.6,2156.8,2140.16,2145.92,9299,,https://api.nasdaq.com/api/quote/SDOW/historical?assetclass=etf&fromdate=2016-07-26&todate=2026-07-26&limit=5000
SDOW,2017-05-23,2129.28,2145.9136,2126.08,2132.48,9905,,https://api.nasdaq.com/api/quote/SDOW/historical?assetclass=etf&fromdate=2016-07-26&todate=2026-07-26&limit=5000
SDOW,2017-05-24,2127.36,2134.4,2107.52,2111.36,8557,,https://api.nasdaq.com/api/quote/SDOW/historical?assetclass=etf&fromdate=2016-07-26&todate=2026-07-26&limit=5000
SDOW,2017-05-25,2092.8,2096.64,2079.36,2087.68,14883,,https://api.nasdaq.com/api/quote/SDOW/historical?assetclass=etf&fromdate=2016-07-26&todate=2026-07-26&limit=5000
SDOW,2017-05-26,2089.6,2096.64,2085.76,2088.96,6831,,https://api.nasdaq.com/api/quote/SDOW/historical?assetclass=etf&fromdate=2016-07-26&todate=2026-07-26&limit=5000
SDOW,2017-05-30,2097.28,2106.88,2090.88,2099.84,6990,,https://api.nasdaq.com/api/quote/SDOW/historical?assetclass=etf&fromdate=2016-07-26&todate=2026-07-26&limit=5000
SDOW,2017-05-31,2096,2127.36,2095.36,2105.6,11463,,https://api.nasdaq.com/api/quote/SDOW/historical?assetclass=etf&fromdate=2016-07-26&todate=2026-07-26&limit=5000
SDOW,2017-06-01,2098.56,2109.44,2065.92,2067.84,11200,,https://api.nasdaq.com/api/quote/SDOW/historical?assetclass=etf&fromdate=2016-07-26&todate=2026-07-26&limit=5000
SDOW,2017-06-02,2061.44,2068.48,2041.6,2049.28,11629,,https://api.nasdaq.com/api/quote/SDOW/historical?assetclass=etf&fromdate=2016-07-26&todate=2026-07-26&limit=5000
SDOW,2017-06-05,2053.12,2056.96,2042.24,2053.12,5037,,https://api.nasdaq.com/api/quote/SDOW/historical?assetclass=etf&fromdate=2016-07-26&todate=2026-07-26&limit=5000
SDOW,2017-06-06,2067.84,2072.256,2054.4,2067.2,9102,,https://api.nasdaq.com/api/quote/SDOW/historical?assetclass=etf&fromdate=2016-07-26&todate=2026-07-26&limit=5000
SDOW,2017-06-07,2056.96,2072.96,2050.56,2054.4,12507,,https://api.nasdaq.com/api/quote/SDOW/historical?assetclass=etf&fromdate=2016-07-26&todate=2026-07-26&limit=5000
SDOW,2017-06-08,2059.52,2065.28,2028.4096,2054.4,11497,,https://api.nasdaq.com/api/quote/SDOW/historical?assetclass=etf&fromdate=2016-07-26&todate=2026-07-26&limit=5000
SDOW,2017-06-09,2040.32,2059.52,2017.28,2030.08,32412,,https://api.nasdaq.com/api/quote/SDOW/historical?assetclass=etf&fromdate=2016-07-26&todate=2026-07-26&limit=5000
SDOW,2017-06-12,2037.76,2051.84,2025.6,2037.76,24537,,https://api.nasdaq.com/api/quote/SDOW/historical?assetclass=etf&fromdate=2016-07-26&todate=2026-07-26&limit=5000
SDOW,2017-06-13,2025.6,2026.24,2008.608,2011.52,12996,,https://api.nasdaq.com/api/quote/SDOW/historical?assetclass=etf&fromdate=2016-07-26&todate=2026-07-26&limit=5000
SDOW,2017-06-14,2005.12,2019.84,1991.68,1994.24,29536,,https://api.nasdaq.com/api/quote/SDOW/historical?assetclass=etf&fromdate=2016-07-26&todate=2026-07-26&limit=5000
SDOW,2017-06-15,2023.04,2026.24,1997.44,2001.92,18654,,https://api.nasdaq.com/api/quote/SDOW/historical?assetclass=etf&fromdate=2016-07-26&todate=2026-07-26&limit=5000
SDOW,2017-06-16,2001.28,2013.44,1991.68,1991.68,11880,,https://api.nasdaq.com/api/quote/SDOW/historical?assetclass=etf&fromdate=2016-07-26&todate=2026-07-26&limit=5000
SDOW,2017-06-19,1969.28,1978.8736,1953.28,1955.2,10799,,https://api.nasdaq.com/api/quote/SDOW/historical?assetclass=etf&fromdate=2016-07-26&todate=2026-07-26&limit=5000
SDOW,2017-06-20,1959.68,1970.56,1951.4496,1968,13294,,https://api.nasdaq.com/api/quote/SDOW/historical?assetclass=etf&fromdate=2016-07-26&todate=2026-07-26&limit=5000
SDOW,2017-06-21,1965.44,1990.4,1964.16,1983.36,13939,,https://api.nasdaq.com/api/quote/SDOW/historical?assetclass=etf&fromdate=2016-07-26&todate=2026-07-26&limit=5000
SDOW,2017-06-22,1984,1990.4,1973.12,1989.12,7437,,https://api.nasdaq.com/api/quote/SDOW/historical?assetclass=etf&fromdate=2016-07-26&todate=2026-07-26&limit=5000
SDOW,2017-06-23,1995.52,2007.04,1982.72,1989.12,6793,,https://api.nasdaq.com/api/quote/SDOW/historical?assetclass=etf&fromdate=2016-07-26&todate=2026-07-26&limit=5000
SDOW,2017-06-26,1972.48,1994.24,1960.32,1987.2,10244,,https://api.nasdaq.com/api/quote/SDOW/historical?assetclass=etf&fromdate=2016-07-26&todate=2026-07-26&limit=5000
SDOW,2017-06-27,1992.32,2012.8,1978.528,2012.8,13361,,https://api.nasdaq.com/api/quote/SDOW/historical?assetclass=etf&fromdate=2016-07-26&todate=2026-07-26&limit=5000
SDOW,2017-06-28,1990.4,1991.04,1967.36,1975.68,11886,,https://api.nasdaq.com/api/quote/SDOW/historical?assetclass=etf&fromdate=2016-07-26&todate=2026-07-26&limit=5000
SDOW,2017-06-29,1969.28,2045.44,1969.0304,2021.12,24188,,https://api.nasdaq.com/api/quote/SDOW/historical?assetclass=etf&fromdate=2016-07-26&todate=2026-07-26&limit=5000
SDOW,2017-06-30,2001.92,2009.6,1981.4336,2002.56,14779,,https://api.nasdaq.com/api/quote/SDOW/historical?assetclass=etf&fromdate=2016-07-26&todate=2026-07-26&limit=5000
SDOW,2017-07-03,1978.88,1982.08,1942.4,1968,13168,,https://api.nasdaq.com/api/quote/SDOW/historical?assetclass=etf&fromdate=2016-07-26&todate=2026-07-26&limit=5000
SDOW,2017-07-05,1960.96,1985.28,1960.32,1965.44,12251,,https://api.nasdaq.com/api/quote/SDOW/historical?assetclass=etf&fromdate=2016-07-26&todate=2026-07-26&limit=5000
SDOW,2017-07-06,1977.6,2010.24,1975.68,2006.4,11957,,https://api.nasdaq.com/api/quote/SDOW/historical?assetclass=etf&fromdate=2016-07-26&todate=2026-07-26&limit=5000
SDOW,2017-07-07,1992.32,1997.376,1976.64,1979.52,7261,,https://api.nasdaq.com/api/quote/SDOW/historical?assetclass=etf&fromdate=2016-07-26&todate=2026-07-26&limit=5000
SDOW,2017-07-10,1986.56,1991.68,1971.2,1978.88,4091,,https://api.nasdaq.com/api/quote/SDOW/historical?assetclass=etf&fromdate=2016-07-26&todate=2026-07-26&limit=5000
SDOW,2017-07-11,1978.24,2017.28,1973.76,1982.72,7927,,https://api.nasdaq.com/api/quote/SDOW/historical?assetclass=etf&fromdate=2016-07-26&todate=2026-07-26&limit=5000
SDOW,2017-07-12,1952.64,1956.48,1934.72,1948.16,11452,,https://api.nasdaq.com/api/quote/SDOW/historical?assetclass=etf&fromdate=2016-07-26&todate=2026-07-26&limit=5000
SDOW,2017-07-13,1945.6,1953.2864,1938.56,1942.4,5351,,https://api.nasdaq.com/api/quote/SDOW/historical?assetclass=etf&fromdate=2016-07-26&todate=2026-07-26&limit=5000
SDOW,2017-07-14,1942.4,1950.08,1908.48,1920,10482,,https://api.nasdaq.com/api/quote/SDOW/historical?assetclass=etf&fromdate=2016-07-26&todate=2026-07-26&limit=5000
SDOW,2017-07-17,1916.8,1925.76,1914.24,1922.56,3937,,https://api.nasdaq.com/api/quote/SDOW/historical?assetclass=etf&fromdate=2016-07-26&todate=2026-07-26&limit=5000
SDOW,2017-07-18,1936.64,1962.24,1932.8,1936,6759,,https://api.nasdaq.com/api/quote/SDOW/historical?assetclass=etf&fromdate=2016-07-26&todate=2026-07-26&limit=5000
SDOW,2017-07-19,1931.52,1936.64,1918.72,1920,4981,,https://api.nasdaq.com/api/quote/SDOW/historical?assetclass=etf&fromdate=2016-07-26&todate=2026-07-26&limit=5000
SDOW,2017-07-20,1912.96,1934.72,1912.32,1923.84,4714,,https://api.nasdaq.com/api/quote/SDOW/historical?assetclass=etf&fromdate=2016-07-26&todate=2026-07-26&limit=5000
SDOW,2017-07-21,1943.04,1953.92,1933.44,1935.36,4195,,https://api.nasdaq.com/api/quote/SDOW/historical?assetclass=etf&fromdate=2016-07-26&todate=2026-07-26&limit=5000
SDOW,2017-07-24,1934.08,1956.48,1934.08,1944.96,4143,,https://api.nasdaq.com/api/quote/SDOW/historical?assetclass=etf&fromdate=2016-07-26&todate=2026-07-26&limit=5000
SDOW,2017-07-25,1907.84,1934.08,1907.84,1925.76,6631,,https://api.nasdaq.com/api/quote/SDOW/historical?assetclass=etf&fromdate=2016-07-26&todate=2026-07-26&limit=5000
SDOW,2017-07-26,1902.72,1906.88,1890.56,1900.8,7189,,https://api.nasdaq.com/api/quote/SDOW/historical?assetclass=etf&fromdate=2016-07-26&todate=2026-07-26&limit=5000
SDOW,2017-07-27,1888,1904.64,1875.2,1877.12,12358,,https://api.nasdaq.com/api/quote/SDOW/historical?assetclass=etf&fromdate=2016-07-26&todate=2026-07-26&limit=5000
SDOW,2017-07-28,1886.08,1887.36,1865.6,1869.44,10637,,https://api.nasdaq.com/api/quote/SDOW/historical?assetclass=etf&fromdate=2016-07-26&todate=2026-07-26&limit=5000
SDOW,2017-07-31,1851.52,1857.696,1843.84,1851.52,11651,,https://api.nasdaq.com/api/quote/SDOW/historical?assetclass=etf&fromdate=2016-07-26&todate=2026-07-26&limit=5000
SDOW,2017-08-01,1824,1840,1824,1834.88,9578,,https://api.nasdaq.com/api/quote/SDOW/historical?assetclass=etf&fromdate=2016-07-26&todate=2026-07-26&limit=5000
SDOW,2017-08-02,1825.92,1833.2544,1816.96,1824,14365,,https://api.nasdaq.com/api/quote/SDOW/historical?assetclass=etf&fromdate=2016-07-26&todate=2026-07-26&limit=5000
SDOW,2017-08-03,1823.36,1827.1936,1814.4,1820.16,10116,,https://api.nasdaq.com/api/quote/SDOW/historical?assetclass=etf&fromdate=2016-07-26&todate=2026-07-26&limit=5000
SDOW,2017-08-04,1806.72,1818.88,1803.52,1804.8,8387,,https://api.nasdaq.com/api/quote/SDOW/historical?assetclass=etf&fromdate=2016-07-26&todate=2026-07-26&limit=5000
SDOW,2017-08-07,1802.24,1805.44,1795.84,1798.4,7495,,https://api.nasdaq.com/api/quote/SDOW/historical?assetclass=etf&fromdate=2016-07-26&todate=2026-07-26&limit=5000
SDOW,2017-08-08,1800.96,1809.216,1779.2,1802.24,12549,,https://api.nasdaq.com/api/quote/SDOW/historical?assetclass=etf&fromdate=2016-07-26&todate=2026-07-26&limit=5000
SDOW,2017-08-09,1815.04,1821.44,1805.44,1810.56,15237,,https://api.nasdaq.com/api/quote/SDOW/historical?assetclass=etf&fromdate=2016-07-26&todate=2026-07-26&limit=5000
SDOW,2017-08-10,1825.92,1856,1823.3536,1856,21359,,https://api.nasdaq.com/api/quote/SDOW/historical?assetclass=etf&fromdate=2016-07-26&todate=2026-07-26&limit=5000
SDOW,2017-08-11,1849.6,1857.28,1839.6544,1852.16,12672,,https://api.nasdaq.com/api/quote/SDOW/historical?assetclass=etf&fromdate=2016-07-26&todate=2026-07-26&limit=5000
SDOW,2017-08-14,1821.44,1824.0064,1812.7168,1819.52,10198,,https://api.nasdaq.com/api/quote/SDOW/historical?assetclass=etf&fromdate=2016-07-26&todate=2026-07-26&limit=5000
SDOW,2017-08-15,1806.72,1824,1805.44,1818.24,8161,,https://api.nasdaq.com/api/quote/SDOW/historical?assetclass=etf&fromdate=2016-07-26&todate=2026-07-26&limit=5000
SDOW,2017-08-16,1804.8,1812.576,1793.0816,1806.72,10427,,https://api.nasdaq.com/api/quote/SDOW/historical?assetclass=etf&fromdate=2016-07-26&todate=2026-07-26&limit=5000
SDOW,2017-08-17,1822.72,1875.84,1818.88,1875.84,19854,,https://api.nasdaq.com/api/quote/SDOW/historical?assetclass=etf&fromdate=2016-07-26&todate=2026-07-26&limit=5000
SDOW,2017-08-18,1881.6,1903.36,1865.1712,1896.96,19975,,https://api.nasdaq.com/api/quote/SDOW/historical?assetclass=etf&fromdate=2016-07-26&todate=2026-07-26&limit=5000
SDOW,2017-08-21,1897.6,1915.52,1884.16,1889.92,11058,,https://api.nasdaq.com/api/quote/SDOW/historical?assetclass=etf&fromdate=2016-07-26&todate=2026-07-26&limit=5000
SDOW,2017-08-22,1870.72,1873.28,1833.7088,1838.08,10450,,https://api.nasdaq.com/api/quote/SDOW/historical?assetclass=etf&fromdate=2016-07-26&todate=2026-07-26&limit=5000
SDOW,2017-08-23,1854.72,1859.2,1844.48,1859.2,8885,,https://api.nasdaq.com/api/quote/SDOW/historical?assetclass=etf&fromdate=2016-07-26&todate=2026-07-26&limit=5000
SDOW,2017-08-24,1843.2,1870.08,1843.2,1865.6,7587,,https://api.nasdaq.com/api/quote/SDOW/historical?assetclass=etf&fromdate=2016-07-26&todate=2026-07-26&limit=5000
SDOW,2017-08-25,1848.32,1856.64,1831.68,1856.64,10366,,https://api.nasdaq.com/api/quote/SDOW/historical?assetclass=etf&fromdate=2016-07-26&todate=2026-07-26&limit=5000
SDOW,2017-08-28,1842.56,1868.16,1841.92,1858.56,4580,,https://api.nasdaq.com/api/quote/SDOW/historical?assetclass=etf&fromdate=2016-07-26&todate=2026-07-26&limit=5000
SDOW,2017-08-29,1891.2,1891.2,1837.44,1841.92,10894,,https://api.nasdaq.com/api/quote/SDOW/historical?assetclass=etf&fromdate=2016-07-26&todate=2026-07-26&limit=5000
SDOW,2017-08-30,1836.8,1847.04,1827.264,1834.88,7451,,https://api.nasdaq.com/api/quote/SDOW/historical?assetclass=etf&fromdate=2016-07-26&todate=2026-07-26&limit=5000
SDOW,2017-08-31,1816.96,1828.48,1809.4592,1819.52,9947,,https://api.nasdaq.com/api/quote/SDOW/historical?assetclass=etf&fromdate=2016-07-26&todate=2026-07-26&limit=5000
SDOW,2017-09-01,1806.08,1811.2,1796.5888,1810.56,7014,,https://api.nasdaq.com/api/quote/SDOW/historical?assetclass=etf&fromdate=2016-07-26&todate=2026-07-26&limit=5000
SDOW,2017-09-05,1828.48,1878.4,1824,1867.52,18197,,https://api.nasdaq.com/api/quote/SDOW/historical?assetclass=etf&fromdate=2016-07-26&todate=2026-07-26&limit=5000
SDOW,2017-09-06,1847.04,1856.64,1842.56,1854.08,8334,,https://api.nasdaq.com/api/quote/SDOW/historical?assetclass=etf&fromdate=2016-07-26&todate=2026-07-26&limit=5000
SDOW,2017-09-07,1849.6,1866.88,1840.0064,1858.56,7338,,https://api.nasdaq.com/api/quote/SDOW/historical?assetclass=etf&fromdate=2016-07-26&todate=2026-07-26&limit=5000
SDOW,2017-09-08,1866.88,1870.848,1841.984,1854.72,8031,,https://api.nasdaq.com/api/quote/SDOW/historical?assetclass=etf&fromdate=2016-07-26&todate=2026-07-26&limit=5000
SDOW,2017-09-11,1815.68,1817.6,1786.24,1790.08,11349,,https://api.nasdaq.com/api/quote/SDOW/historical?assetclass=etf&fromdate=2016-07-26&todate=2026-07-26&limit=5000
SDOW,2017-09-12,1778.56,1780.48,1768.96,1775.36,7029,,https://api.nasdaq.com/api/quote/SDOW/historical?assetclass=etf&fromdate=2016-07-26&todate=2026-07-26&limit=5000
SDOW,2017-09-13,1775.36,1777.92,1764.48,1765.76,6784,,https://api.nasdaq.com/api/quote/SDOW/historical?assetclass=etf&fromdate=2016-07-26&todate=2026-07-26&limit=5000
SDOW,2017-09-14,1770.88,1770.88,1749.76,1752.32,8269,,https://api.nasdaq.com/api/quote/SDOW/historical?assetclass=etf&fromdate=2016-07-26&todate=2026-07-26&limit=5000
SDOW,2017-09-15,1750.4,1750.4,1735.68,1738.24,11407,,https://api.nasdaq.com/api/quote/SDOW/historical?assetclass=etf&fromdate=2016-07-26&todate=2026-07-26&limit=5000
SDOW,2017-09-18,1728,1733.12,1717.12,1722.88,10892,,https://api.nasdaq.com/api/quote/SDOW/historical?assetclass=etf&fromdate=2016-07-26&todate=2026-07-26&limit=5000
SDOW,2017-09-19,1716.48,1719.68,1710.08,1712,5945,,https://api.nasdaq.com/api/quote/SDOW/historical?assetclass=etf&fromdate=2016-07-26&todate=2026-07-26&limit=5000
SDOW,2017-09-20,1714.56,1726.08,1704.32,1705.6,12819,,https://api.nasdaq.com/api/quote/SDOW/historical?assetclass=etf&fromdate=2016-07-26&todate=2026-07-26&limit=5000
SDOW,2017-09-21,1705.6,1717.12,1703.744,1717.12,7194,,https://api.nasdaq.com/api/quote/SDOW/historical?assetclass=etf&fromdate=2016-07-26&todate=2026-07-26&limit=5000
SDOW,2017-09-22,1722.88,1730.304,1715.84,1721.6,6650,,https://api.nasdaq.com/api/quote/SDOW/historical?assetclass=etf&fromdate=2016-07-26&todate=2026-07-26&limit=5000
SDOW,2017-09-25,1724.16,1749.76,1717.12,1731.2,8610,,https://api.nasdaq.com/api/quote/SDOW/historical?assetclass=etf&fromdate=2016-07-26&todate=2026-07-26&limit=5000
SDOW,2017-09-26,1722.88,1735.04,1715.2,1733.76,5036,,https://api.nasdaq.com/api/quote/SDOW/historical?assetclass=etf&fromdate=2016-07-26&todate=2026-07-26&limit=5000
SDOW,2017-09-27,1715.2,1740.8,1714.56,1720.96,7329,,https://api.nasdaq.com/api/quote/SDOW/historical?assetclass=etf&fromdate=2016-07-26&todate=2026-07-26&limit=5000
SDOW,2017-09-28,1731.2,1734.144,1708.8,1713.92,5857,,https://api.nasdaq.com/api/quote/SDOW/historical?assetclass=etf&fromdate=2016-07-26&todate=2026-07-26&limit=5000
SDOW,2017-09-29,1719.04,1724.16,1707.52,1707.52,5553,,https://api.nasdaq.com/api/quote/SDOW/historical?assetclass=etf&fromdate=2016-07-26&todate=2026-07-26&limit=5000
SDOW,2017-10-02,1701.12,1703.68,1672.96,1673.6,9433,,https://api.nasdaq.com/api/quote/SDOW/historical?assetclass=etf&fromdate=2016-07-26&todate=2026-07-26&limit=5000
SDOW,2017-10-03,1661.44,1667.52,1653.12,1653.12,8868,,https://api.nasdaq.com/api/quote/SDOW/historical?assetclass=etf&fromdate=2016-07-26&todate=2026-07-26&limit=5000
SDOW,2017-10-04,1656.32,1656.32,1644.16,1649.92,7192,,https://api.nasdaq.com/api/quote/SDOW/historical?assetclass=etf&fromdate=2016-07-26&todate=2026-07-26&limit=5000
SDOW,2017-10-05,1645.44,1650.24,1624.32,1625.6,8992,,https://api.nasdaq.com/api/quote/SDOW/historical?assetclass=etf&fromdate=2016-07-26&todate=2026-07-26&limit=5000
SDOW,2017-10-06,1632,1632.64,1624.32,1626.24,8460,,https://api.nasdaq.com/api/quote/SDOW/historical?assetclass=etf&fromdate=2016-07-26&todate=2026-07-26&limit=5000
SDOW,2017-10-09,1618.56,1631.04,1617.28,1628.16,10764,,https://api.nasdaq.com/api/quote/SDOW/historical?assetclass=etf&fromdate=2016-07-26&todate=2026-07-26&limit=5000
SDOW,2017-10-10,1616.64,1624.32,1607.68,1612.16,7998,,https://api.nasdaq.com/api/quote/SDOW/historical?assetclass=etf&fromdate=2016-07-26&todate=2026-07-26&limit=5000
SDOW,2017-10-11,1612.16,1613.44,1602.624,1603.2,6256,,https://api.nasdaq.com/api/quote/SDOW/historical?assetclass=etf&fromdate=2016-07-26&todate=2026-07-26&limit=5000
SDOW,2017-10-12,1608.32,1613.7856,1600.64,1610.24,8684,,https://api.nasdaq.com/api/quote/SDOW/historical?assetclass=etf&fromdate=2016-07-26&todate=2026-07-26&limit=5000
SDOW,2017-10-13,1602.56,1606.464,1596.8,1601.92,6222,,https://api.nasdaq.com/api/quote/SDOW/historical?assetclass=etf&fromdate=2016-07-26&todate=2026-07-26&limit=5000
SDOW,2017-10-16,1595.52,1600,1585.28,1585.92,8747,,https://api.nasdaq.com/api/quote/SDOW/historical?assetclass=etf&fromdate=2016-07-26&todate=2026-07-26&limit=5000
SDOW,2017-10-17,1583.36,1585.8176,1576.7872,1578.88,6137,,https://api.nasdaq.com/api/quote/SDOW/historical?assetclass=etf&fromdate=2016-07-26&todate=2026-07-26&limit=5000
SDOW,2017-10-18,1555.84,1557.76,1541.76,1544.96,17034,,https://api.nasdaq.com/api/quote/SDOW/historical?assetclass=etf&fromdate=2016-07-26&todate=2026-07-26&limit=5000
SDOW,2017-10-19,1560.32,1565.248,1543.04,1543.04,14437,,https://api.nasdaq.com/api/quote/SDOW/historical?assetclass=etf&fromdate=2016-07-26&todate=2026-07-26&limit=5000
SDOW,2017-10-20,1523.2,1534.08,1510.4,1511.68,13638,,https://api.nasdaq.com/api/quote/SDOW/historical?assetclass=etf&fromdate=2016-07-26&todate=2026-07-26&limit=5000
SDOW,2017-10-23,1504,1519.36,1502.08,1519.36,13579,,https://api.nasdaq.com/api/quote/SDOW/historical?assetclass=etf&fromdate=2016-07-26&todate=2026-07-26&limit=5000
SDOW,2017-10-24,1493.12,1493.12,1479.3088,1488,24617,,https://api.nasdaq.com/api/quote/SDOW/historical?assetclass=etf&fromdate=2016-07-26&todate=2026-07-26&limit=5000
SDOW,2017-10-25,1484.8,1523.84,1484.8,1509.12,24294,,https://api.nasdaq.com/api/quote/SDOW/historical?assetclass=etf&fromdate=2016-07-26&todate=2026-07-26&limit=5000
SDOW,2017-10-26,1494.4,1497.6,1484.8,1495.04,18206,,https://api.nasdaq.com/api/quote/SDOW/historical?assetclass=etf&fromdate=2016-07-26&todate=2026-07-26&limit=5000
SDOW,2017-10-27,1493.76,1504.64,1486.72,1489.92,15447,,https://api.nasdaq.com/api/quote/SDOW/historical?assetclass=etf&fromdate=2016-07-26&todate=2026-07-26&limit=5000
SDOW,2017-10-30,1504,1509.76,1490.56,1505.92,10457,,https://api.nasdaq.com/api/quote/SDOW/historical?assetclass=etf&fromdate=2016-07-26&todate=2026-07-26&limit=5000
SDOW,2017-10-31,1499.52,1508.48,1495.04,1500.16,6618,,https://api.nasdaq.com/api/quote/SDOW/historical?assetclass=etf&fromdate=2016-07-26&todate=2026-07-26&limit=5000
SDOW,2017-11-01,1477.12,1498.24,1473.4976,1489.92,12896,,https://api.nasdaq.com/api/quote/SDOW/historical?assetclass=etf&fromdate=2016-07-26&todate=2026-07-26&limit=5000
SDOW,2017-11-02,1486.08,1506.56,1471.424,1475.84,10435,,https://api.nasdaq.com/api/quote/SDOW/historical?assetclass=etf&fromdate=2016-07-26&todate=2026-07-26&limit=5000
SDOW,2017-11-03,1469.44,1480.96,1467.52,1472,8091,,https://api.nasdaq.com/api/quote/SDOW/historical?assetclass=etf&fromdate=2016-07-26&todate=2026-07-26&limit=5000
SDOW,2017-11-06,1469.44,1472.64,1463.68,1468.8,3973,,https://api.nasdaq.com/api/quote/SDOW/historical?assetclass=etf&fromdate=2016-07-26&todate=2026-07-26&limit=5000
SDOW,2017-11-07,1464.32,1480.0384,1457.92,1466.88,7040,,https://api.nasdaq.com/api/quote/SDOW/historical?assetclass=etf&fromdate=2016-07-26&todate=2026-07-26&limit=5000
SDOW,2017-11-08,1470.08,1475.264,1463.68,1466.88,6906,,https://api.nasdaq.com/api/quote/SDOW/historical?assetclass=etf&fromdate=2016-07-26&todate=2026-07-26&limit=5000
SDOW,2017-11-09,1484.16,1509.12,1470.08,1481.6,23453,,https://api.nasdaq.com/api/quote/SDOW/historical?assetclass=etf&fromdate=2016-07-26&todate=2026-07-26&limit=5000
SDOW,2017-11-10,1484.8,1491.9936,1481.6,1486.08,6438,,https://api.nasdaq.com/api/quote/SDOW/historical?assetclass=etf&fromdate=2016-07-26&todate=2026-07-26&limit=5000
SDOW,2017-11-13,1502.72,1502.72,1479.68,1482.24,10692,,https://api.nasdaq.com/api/quote/SDOW/historical?assetclass=etf&fromdate=2016-07-26&todate=2026-07-26&limit=5000
SDOW,2017-11-14,1494.4,1514.24,1488,1489.28,10110,,https://api.nasdaq.com/api/quote/SDOW/historical?assetclass=etf&fromdate=2016-07-26&todate=2026-07-26&limit=5000
SDOW,2017-11-15,1511.68,1520,1502.08,1514.88,11122,,https://api.nasdaq.com/api/quote/SDOW/historical?assetclass=etf&fromdate=2016-07-26&todate=2026-07-26&limit=5000
SDOW,2017-11-16,1492.48,1492.48,1470.08,1476.48,12611,,https://api.nasdaq.com/api/quote/SDOW/historical?assetclass=etf&fromdate=2016-07-26&todate=2026-07-26&limit=5000
SDOW,2017-11-17,1488,1495.68,1484.608,1495.04,7391,,https://api.nasdaq.com/api/quote/SDOW/historical?assetclass=etf&fromdate=2016-07-26&todate=2026-07-26&limit=5000
SDOW,2017-11-20,1490.56,1495.04,1476.48,1480.96,7258,,https://api.nasdaq.com/api/quote/SDOW/historical?assetclass=etf&fromdate=2016-07-26&todate=2026-07-26&limit=5000
SDOW,2017-11-21,1460.48,1462.4,1446.848,1452.16,13525,,https://api.nasdaq.com/api/quote/SDOW/historical?assetclass=etf&fromdate=2016-07-26&todate=2026-07-26&limit=5000
SDOW,2017-11-22,1445.76,1466.24,1445.76,1462.4,10615,,https://api.nasdaq.com/api/quote/SDOW/historical?assetclass=etf&fromdate=2016-07-26&todate=2026-07-26&limit=5000
SDOW,2017-11-24,1457.92,1457.92,1449.6,1457.28,5469,,https://api.nasdaq.com/api/quote/SDOW/historical?assetclass=etf&fromdate=2016-07-26&todate=2026-07-26&limit=5000
SDOW,2017-11-27,1454.72,1458.24,1441.28,1452.16,10020,,https://api.nasdaq.com/api/quote/SDOW/historical?assetclass=etf&fromdate=2016-07-26&todate=2026-07-26&limit=5000
SDOW,2017-11-28,1440.64,1441.92,1402.24,1405.44,18993,,https://api.nasdaq.com/api/quote/SDOW/historical?assetclass=etf&fromdate=2016-07-26&todate=2026-07-26&limit=5000
SDOW,2017-11-29,1388.8,1396.4736,1381.12,1384.96,22205,,https://api.nasdaq.com/api/quote/SDOW/historical?assetclass=etf&fromdate=2016-07-26&todate=2026-07-26&limit=5000
SDOW,2017-11-30,1366.4,1368.32,1315.84,1328,43288,,https://api.nasdaq.com/api/quote/SDOW/historical?assetclass=etf&fromdate=2016-07-26&todate=2026-07-26&limit=5000
SDOW,2017-12-01,1322.88,1382.4,1316.544,1331.84,45262,,https://api.nasdaq.com/api/quote/SDOW/historical?assetclass=etf&fromdate=2016-07-26&todate=2026-07-26&limit=5000
SDOW,2017-12-04,1289.6,1322.24,1281.28,1321.6,41997,,https://api.nasdaq.com/api/quote/SDOW/historical?assetclass=etf&fromdate=2016-07-26&todate=2026-07-26&limit=5000
SDOW,2017-12-05,1313.92,1344.6336,1311.36,1339.52,26976,,https://api.nasdaq.com/api/quote/SDOW/historical?assetclass=etf&fromdate=2016-07-26&todate=2026-07-26&limit=5000
SDOW,2017-12-06,1344.64,1347.84,1332.48,1345.28,14438,,https://api.nasdaq.com/api/quote/SDOW/historical?assetclass=etf&fromdate=2016-07-26&todate=2026-07-26&limit=5000
SDOW,2017-12-07,1355.52,1355.52,1326.08,1335.68,15106,,https://api.nasdaq.com/api/quote/SDOW/historical?assetclass=etf&fromdate=2016-07-26&todate=2026-07-26&limit=5000
SDOW,2017-12-08,1320.32,1331.2,1313.92,1314.56,10726,,https://api.nasdaq.com/api/quote/SDOW/historical?assetclass=etf&fromdate=2016-07-26&todate=2026-07-26&limit=5000
SDOW,2017-12-11,1312.64,1315.84,1304.32,1304.96,10258,,https://api.nasdaq.com/api/quote/SDOW/historical?assetclass=etf&fromdate=2016-07-26&todate=2026-07-26&limit=5000
SDOW,2017-12-12,1293.44,1295.1168,1278.4448,1284.48,18215,,https://api.nasdaq.com/api/quote/SDOW/historical?assetclass=etf&fromdate=2016-07-26&todate=2026-07-26&limit=5000
SDOW,2017-12-13,1283.84,1283.84,1260.8,1271.68,19620,,https://api.nasdaq.com/api/quote/SDOW/historical?assetclass=etf&fromdate=2016-07-26&todate=2026-07-26&limit=5000
SDOW,2017-12-14,1262.72,1284.48,1260.8,1283.2,16523,,https://api.nasdaq.com/api/quote/SDOW/historical?assetclass=etf&fromdate=2016-07-26&todate=2026-07-26&limit=5000
SDOW,2017-12-15,1265.28,1270.7008,1256.96,1264.64,16898,,https://api.nasdaq.com/api/quote/SDOW/historical?assetclass=etf&fromdate=2016-07-26&todate=2026-07-26&limit=5000
SDOW,2017-12-18,1238.4,1244.8,1229.4336,1240.32,14349,,https://api.nasdaq.com/api/quote/SDOW/historical?assetclass=etf&fromdate=2016-07-26&todate=2026-07-26&limit=5000
SDOW,2017-12-19,1232,1253.184,1232,1246.08,10173,,https://api.nasdaq.com/api/quote/SDOW/historical?assetclass=etf&fromdate=2016-07-26&todate=2026-07-26&limit=5000
SDOW,2017-12-20,1234.56,1255.6736,1232.32,1251.84,12215,,https://api.nasdaq.com/api/quote/SDOW/historical?assetclass=etf&fromdate=2016-07-26&todate=2026-07-26&limit=5000
SDOW,2017-12-21,1244.16,1246.72,1233.9264,1244.16,11139,,https://api.nasdaq.com/api/quote/SDOW/historical?assetclass=etf&fromdate=2016-07-26&todate=2026-07-26&limit=5000
SDOW,2017-12-22,1246.72,1254.08,1244.8,1248,9388,,https://api.nasdaq.com/api/quote/SDOW/historical?assetclass=etf&fromdate=2016-07-26&todate=2026-07-26&limit=5000
SDOW,2017-12-26,1255.04,1255.04,1244.16,1248.64,6321,,https://api.nasdaq.com/api/quote/SDOW/historical?assetclass=etf&fromdate=2016-07-26&todate=2026-07-26&limit=5000
SDOW,2017-12-27,1251.2,1251.264,1242.304,1245.44,7780,,https://api.nasdaq.com/api/quote/SDOW/historical?assetclass=etf&fromdate=2016-07-26&todate=2026-07-26&limit=5000
SDOW,2017-12-28,1237.76,1241.9712,1235.84,1236.48,8070,,https://api.nasdaq.com/api/quote/SDOW/historical?assetclass=etf&fromdate=2016-07-26&todate=2026-07-26&limit=5000
SDOW,2017-12-29,1230.72,1251.2,1230.72,1248,13532,,https://api.nasdaq.com/api/quote/SDOW/historical?assetclass=etf&fromdate=2016-07-26&todate=2026-07-26&limit=5000
SDOW,2018-01-02,1233.92,1250.56,1231.36,1238.4,13832,,https://api.nasdaq.com/api/quote/SDOW/historical?assetclass=etf&fromdate=2016-07-26&todate=2026-07-26&limit=5000
SDOW,2018-01-03,1232.64,1237.76,1221.0496,1223.04,10813,,https://api.nasdaq.com/api/quote/SDOW/historical?assetclass=etf&fromdate=2016-07-26&todate=2026-07-26&limit=5000
SDOW,2018-01-04,1208.96,1214.72,1195.52,1200.64,16789,,https://api.nasdaq.com/api/quote/SDOW/historical?assetclass=etf&fromdate=2016-07-26&todate=2026-07-26&limit=5000
SDOW,2018-01-05,1191.68,1195.52,1168.64,1170.56,18612,,https://api.nasdaq.com/api/quote/SDOW/historical?assetclass=etf&fromdate=2016-07-26&todate=2026-07-26&limit=5000
SDOW,2018-01-08,1168.64,1177.5552,1167.1232,1171.84,9515,,https://api.nasdaq.com/api/quote/SDOW/historical?assetclass=etf&fromdate=2016-07-26&todate=2026-07-26&limit=5000
SDOW,2018-01-09,1162.88,1164.8064,1148.8,1156.48,14340,,https://api.nasdaq.com/api/quote/SDOW/historical?assetclass=etf&fromdate=2016-07-26&todate=2026-07-26&limit=5000
SDOW,2018-01-10,1163.52,1173.76,1153.92,1158.4,13455,,https://api.nasdaq.com/api/quote/SDOW/historical?assetclass=etf&fromdate=2016-07-26&todate=2026-07-26&limit=5000
SDOW,2018-01-11,1152.64,1155.2,1130.88,1132.16,13391,,https://api.nasdaq.com/api/quote/SDOW/historical?assetclass=etf&fromdate=2016-07-26&todate=2026-07-26&limit=5000
SDOW,2018-01-12,1116.8,1120,1100.48,1102.08,23662,,https://api.nasdaq.com/api/quote/SDOW/historical?assetclass=etf&fromdate=2016-07-26&todate=2026-07-26&limit=5000
SDOW,2018-01-16,1074.56,1113.6,1064.96,1102.72,42518,,https://api.nasdaq.com/api/quote/SDOW/historical?assetclass=etf&fromdate=2016-07-26&todate=2026-07-26&limit=5000
SDOW,2018-01-17,1085.44,1093.12,1059.2,1061.76,30477,,https://api.nasdaq.com/api/quote/SDOW/historical?assetclass=etf&fromdate=2016-07-26&todate=2026-07-26&limit=5000
SDOW,2018-01-18,1062.4,1081.6,1057.92,1072,34010,,https://api.nasdaq.com/api/quote/SDOW/historical?assetclass=etf&fromdate=2016-07-26&todate=2026-07-26&limit=5000
SDOW,2018-01-19,1073.28,1081.6,1066.24,1066.88,19280,,https://api.nasdaq.com/api/quote/SDOW/historical?assetclass=etf&fromdate=2016-07-26&todate=2026-07-26&limit=5000
SDOW,2018-01-22,1077.12,1077.12,1048,1048.96,18614,,https://api.nasdaq.com/api/quote/SDOW/historical?assetclass=etf&fromdate=2016-07-26&todate=2026-07-26&limit=5000
SDOW,2018-01-23,1050.88,1056.64,1044.48,1048.96,22589,,https://api.nasdaq.com/api/quote/SDOW/historical?assetclass=etf&fromdate=2016-07-26&todate=2026-07-26&limit=5000
SDOW,2018-01-24,1036.8,1061.76,1027.2,1041.92,46853,,https://api.nasdaq.com/api/quote/SDOW/historical?assetclass=etf&fromdate=2016-07-26&todate=2026-07-26&limit=5000
SDOW,2018-01-25,1029.12,1043.84,1020.16,1027.2,41107,,https://api.nasdaq.com/api/quote/SDOW/historical?assetclass=etf&fromdate=2016-07-26&todate=2026-07-26&limit=5000
SDOW,2018-01-26,1022.72,1024,1002.88,1003.52,22591,,https://api.nasdaq.com/api/quote/SDOW/historical?assetclass=etf&fromdate=2016-07-26&todate=2026-07-26&limit=5000
SDOW,2018-01-29,1008.64,1022.72,1003.52,1022.72,32357,,https://api.nasdaq.com/api/quote/SDOW/historical?assetclass=etf&fromdate=2016-07-26&todate=2026-07-26&limit=5000
SDOW,2018-01-30,1052.8,1070.08,1043.2,1064.32,57401,,https://api.nasdaq.com/api/quote/SDOW/historical?assetclass=etf&fromdate=2016-07-26&todate=2026-07-26&limit=5000
SDOW,2018-01-31,1036.16,1068.16,1032.96,1055.36,38584,,https://api.nasdaq.com/api/quote/SDOW/historical?assetclass=etf&fromdate=2016-07-26&todate=2026-07-26&limit=5000
SDOW,2018-02-01,1075.2,1075.2,1036.8,1051.52,43420,,https://api.nasdaq.com/api/quote/SDOW/historical?assetclass=etf&fromdate=2016-07-26&todate=2026-07-26&limit=5000
SDOW,2018-02-02,1075.2,1136,1074.1312,1133.44,81247,,https://api.nasdaq.com/api/quote/SDOW/historical?assetclass=etf&fromdate=2016-07-26&todate=2026-07-26&limit=5000
SDOW,2018-02-05,1171.2,1344,1132.16,1285.12,247206,,https://api.nasdaq.com/api/quote/SDOW/historical?assetclass=etf&fromdate=2016-07-26&todate=2026-07-26&limit=5000
SDOW,2018-02-06,1365.12,1380.48,1191.68,1196.8,207122,,https://api.nasdaq.com/api/quote/SDOW/historical?assetclass=etf&fromdate=2016-07-26&todate=2026-07-26&limit=5000
SDOW,2018-02-07,1208.96,1217.92,1143.5968,1202.56,173787,,https://api.nasdaq.com/api/quote/SDOW/historical?assetclass=etf&fromdate=2016-07-26&todate=2026-07-26&limit=5000
SDOW,2018-02-08,1196.8,1350.4,1195.52,1349.76,223539,,https://api.nasdaq.com/api/quote/SDOW/historical?assetclass=etf&fromdate=2016-07-26&todate=2026-07-26&limit=5000
SDOW,2018-02-09,1303.68,1432.32,1257.7024,1288.96,279306,,https://api.nasdaq.com/api/quote/SDOW/historical?assetclass=etf&fromdate=2016-07-26&todate=2026-07-26&limit=5000
SDOW,2018-02-12,1256.96,1275.52,1198.72,1224.96,131509,,https://api.nasdaq.com/api/quote/SDOW/historical?assetclass=etf&fromdate=2016-07-26&todate=2026-07-26&limit=5000
SDOW,2018-02-13,1246.72,1251.9104,1208.96,1218.56,79753,,https://api.nasdaq.com/api/quote/SDOW/historical?assetclass=etf&fromdate=2016-07-26&todate=2026-07-26&limit=5000
SDOW,2018-02-14,1240.96,1241.6,1176.32,1180.16,112874,,https://api.nasdaq.com/api/quote/SDOW/historical?assetclass=etf&fromdate=2016-07-26&todate=2026-07-26&limit=5000
SDOW,2018-02-15,1147.52,1191.04,1134.08,1134.08,90962,,https://api.nasdaq.com/api/quote/SDOW/historical?assetclass=etf&fromdate=2016-07-26&todate=2026-07-26&limit=5000
SDOW,2018-02-16,1144.32,1144.32,1103.36,1132.8,116739,,https://api.nasdaq.com/api/quote/SDOW/historical?assetclass=etf&fromdate=2016-07-26&todate=2026-07-26&limit=5000
SDOW,2018-02-20,1154.56,1178.24,1138.112,1168.64,98926,,https://api.nasdaq.com/api/quote/SDOW/historical?assetclass=etf&fromdate=2016-07-26&todate=2026-07-26&limit=5000
SDOW,2018-02-21,1166.72,1192.32,1123.84,1192.32,116847,,https://api.nasdaq.com/api/quote/SDOW/historical?assetclass=etf&fromdate=2016-07-26&todate=2026-07-26&limit=5000
SDOW,2018-02-22,1179.52,1180.16,1139.2384,1166.72,140441,,https://api.nasdaq.com/api/quote/SDOW/historical?assetclass=etf&fromdate=2016-07-26&todate=2026-07-26&limit=5000
SDOW,2018-02-23,1149.44,1158.4,1117.44,1117.44,64871,,https://api.nasdaq.com/api/quote/SDOW/historical?assetclass=etf&fromdate=2016-07-26&todate=2026-07-26&limit=5000
SDOW,2018-02-26,1096.96,1102.7136,1062.4,1064.32,97188,,https://api.nasdaq.com/api/quote/SDOW/historical?assetclass=etf&fromdate=2016-07-26&todate=2026-07-26&limit=5000
SDOW,2018-02-27,1059.84,1102.72,1053.504,1102.72,98712,,https://api.nasdaq.com/api/quote/SDOW/historical?assetclass=etf&fromdate=2016-07-26&todate=2026-07-26&limit=5000
SDOW,2018-02-28,1088,1151.36,1078.5792,1151.36,75521,,https://api.nasdaq.com/api/quote/SDOW/historical?assetclass=etf&fromdate=2016-07-26&todate=2026-07-26&limit=5000
SDOW,2018-03-01,1152.64,1232.576,1128.96,1208.96,184839,,https://api.nasdaq.com/api/quote/SDOW/historical?assetclass=etf&fromdate=2016-07-26&todate=2026-07-26&limit=5000
SDOW,2018-03-02,1249.92,1266.8736,1211.2,1221.12,156110,,https://api.nasdaq.com/api/quote/SDOW/historical?assetclass=etf&fromdate=2016-07-26&todate=2026-07-26&limit=5000
SDOW,2018-03-05,1242.88,1242.88,1156.4864,1168,88989,,https://api.nasdaq.com/api/quote/SDOW/historical?assetclass=etf&fromdate=2016-07-26&todate=2026-07-26&limit=5000
SDOW,2018-03-06,1150.08,1193.3888,1149.44,1168,73000,,https://api.nasdaq.com/api/quote/SDOW/historical?assetclass=etf&fromdate=2016-07-26&todate=2026-07-26&limit=5000
SDOW,2018-03-07,1212.16,1216.64,1172.48,1177.6,97979,,https://api.nasdaq.com/api/quote/SDOW/historical?assetclass=etf&fromdate=2016-07-26&todate=2026-07-26&limit=5000
SDOW,2018-03-08,1164.16,1192.32,1156.48,1165.44,70000,,https://api.nasdaq.com/api/quote/SDOW/historical?assetclass=etf&fromdate=2016-07-26&todate=2026-07-26&limit=5000
SDOW,2018-03-09,1139.84,1147.84,1102.08,1104,67612,,https://api.nasdaq.com/api/quote/SDOW/historical?assetclass=etf&fromdate=2016-07-26&todate=2026-07-26&limit=5000
SDOW,2018-03-12,1095.04,1127.04,1088,1122.56,61429,,https://api.nasdaq.com/api/quote/SDOW/historical?assetclass=etf&fromdate=2016-07-26&todate=2026-07-26&limit=5000
SDOW,2018-03-13,1106.56,1154.6432,1096.96,1147.52,61977,,https://api.nasdaq.com/api/quote/SDOW/historical?assetclass=etf&fromdate=2016-07-26&todate=2026-07-26&limit=5000
SDOW,2018-03-14,1129.6,1192.5184,1128.32,1180.8,88450,,https://api.nasdaq.com/api/quote/SDOW/historical?assetclass=etf&fromdate=2016-07-26&todate=2026-07-26&limit=5000
SDOW,2018-03-15,1167.36,1180.8,1138.56,1164.8,91536,,https://api.nasdaq.com/api/quote/SDOW/historical?assetclass=etf&fromdate=2016-07-26&todate=2026-07-26&limit=5000
SDOW,2018-03-16,1162.24,1167.36,1142.464,1157.76,49169,,https://api.nasdaq.com/api/quote/SDOW/historical?assetclass=etf&fromdate=2016-07-26&todate=2026-07-26&limit=5000
SDOW,2018-03-19,1171.2,1223.68,1168,1200,83700,,https://api.nasdaq.com/api/quote/SDOW/historical?assetclass=etf&fromdate=2016-07-26&todate=2026-07-26&limit=5000
SDOW,2018-03-20,1196.8,1196.8,1172.48,1184,47809,,https://api.nasdaq.com/api/quote/SDOW/historical?assetclass=etf&fromdate=2016-07-26&todate=2026-07-26&limit=5000
SDOW,2018-03-21,1182.08,1192.64,1145.664,1188.48,65939,,https://api.nasdaq.com/api/quote/SDOW/historical?assetclass=etf&fromdate=2016-07-26&todate=2026-07-26&limit=5000
SDOW,2018-03-22,1223.68,1297.28,1212.16,1293.44,123715,,https://api.nasdaq.com/api/quote/SDOW/historical?assetclass=etf&fromdate=2016-07-26&todate=2026-07-26&limit=5000
SDOW,2018-03-23,1285.76,1367.8336,1269.76,1363.84,149623,,https://api.nasdaq.com/api/quote/SDOW/historical?assetclass=etf&fromdate=2016-07-26&todate=2026-07-26&limit=5000
SDOW,2018-03-26,1295.36,1328,1241.6,1248.64,143438,,https://api.nasdaq.com/api/quote/SDOW/historical?assetclass=etf&fromdate=2016-07-26&todate=2026-07-26&limit=5000
SDOW,2018-03-27,1230.72,1324.8,1210.2336,1300.48,142256,,https://api.nasdaq.com/api/quote/SDOW/historical?assetclass=etf&fromdate=2016-07-26&todate=2026-07-26&limit=5000
SDOW,2018-03-28,1290.88,1323.2,1263.904,1303.04,108246,,https://api.nasdaq.com/api/quote/SDOW/historical?assetclass=etf&fromdate=2016-07-26&todate=2026-07-26&limit=5000
SDOW,2018-03-29,1281.28,1290.88,1227.52,1252.48,82547,,https://api.nasdaq.com/api/quote/SDOW/historical?assetclass=etf&fromdate=2016-07-26&todate=2026-07-26&limit=5000
SDOW,2018-04-02,1269.12,1381.76,1258.88,1335.04,153143,,https://api.nasdaq.com/api/quote/SDOW/historical?assetclass=etf&fromdate=2016-07-26&todate=2026-07-26&limit=5000
SDOW,2018-04-03,1315.84,1331.2,1267.2,1269.12,101202,,https://api.nasdaq.com/api/quote/SDOW/historical?assetclass=etf&fromdate=2016-07-26&todate=2026-07-26&limit=5000
SDOW,2018-04-04,1351.68,1352.32,1224.96,1232,103782,,https://api.nasdaq.com/api/quote/SDOW/historical?assetclass=etf&fromdate=2016-07-26&todate=2026-07-26&limit=5000
SDOW,2018-04-05,1212.8,1218.3168,1176.96,1194.88,81678,,https://api.nasdaq.com/api/quote/SDOW/historical?assetclass=etf&fromdate=2016-07-26&todate=2026-07-26&limit=5000
SDOW,2018-04-06,1233.28,1307.52,1205.12,1280,141867,,https://api.nasdaq.com/api/quote/SDOW/historical?assetclass=etf&fromdate=2016-07-26&todate=2026-07-26&limit=5000
SDOW,2018-04-09,1248.64,1275.52,1207.68,1271.68,65874,,https://api.nasdaq.com/api/quote/SDOW/historical?assetclass=etf&fromdate=2016-07-26&todate=2026-07-26&limit=5000
SDOW,2018-04-10,1214.08,1231.36,1187.52,1203.2,111136,,https://api.nasdaq.com/api/quote/SDOW/historical?assetclass=etf&fromdate=2016-07-26&todate=2026-07-26&limit=5000
SDOW,2018-04-11,1232.64,1241.6,1209.6,1234.56,68734,,https://api.nasdaq.com/api/quote/SDOW/historical?assetclass=etf&fromdate=2016-07-26&todate=2026-07-26&limit=5000
SDOW,2018-04-12,1206.4,1211.52,1175.04,1190.4,74541,,https://api.nasdaq.com/api/quote/SDOW/historical?assetclass=etf&fromdate=2016-07-26&todate=2026-07-26&limit=5000
SDOW,2018-04-13,1165.44,1226.24,1165.44,1208.32,69788,,https://api.nasdaq.com/api/quote/SDOW/historical?assetclass=etf&fromdate=2016-07-26&todate=2026-07-26&limit=5000
SDOW,2018-04-16,1184.64,1191.68,1162.88,1177.6,63381,,https://api.nasdaq.com/api/quote/SDOW/historical?assetclass=etf&fromdate=2016-07-26&todate=2026-07-26&limit=5000
SDOW,2018-04-17,1144.32,1154.56,1137.28,1146.88,47207,,https://api.nasdaq.com/api/quote/SDOW/historical?assetclass=etf&fromdate=2016-07-26&todate=2026-07-26&limit=5000
SDOW,2018-04-18,1148.16,1157.12,1141.12,1152,36891,,https://api.nasdaq.com/api/quote/SDOW/historical?assetclass=etf&fromdate=2016-07-26&todate=2026-07-26&limit=5000
SDOW,2018-04-19,1161.6,1179.84,1150.72,1162.88,52997,,https://api.nasdaq.com/api/quote/SDOW/historical?assetclass=etf&fromdate=2016-07-26&todate=2026-07-26&limit=5000
SDOW,2018-04-20,1166.72,1205.44,1162.24,1192.96,52436,,https://api.nasdaq.com/api/quote/SDOW/historical?assetclass=etf&fromdate=2016-07-26&todate=2026-07-26&limit=5000
SDOW,2018-04-23,1184.64,1212.7488,1182.72,1194.88,53490,,https://api.nasdaq.com/api/quote/SDOW/historical?assetclass=etf&fromdate=2016-07-26&todate=2026-07-26&limit=5000
SDOW,2018-04-24,1180.16,1286.6176,1177.6,1257.6,95645,,https://api.nasdaq.com/api/quote/SDOW/historical?assetclass=etf&fromdate=2016-07-26&todate=2026-07-26&limit=5000
SDOW,2018-04-25,1253.76,1289.6,1238.4,1249.28,73001,,https://api.nasdaq.com/api/quote/SDOW/historical?assetclass=etf&fromdate=2016-07-26&todate=2026-07-26&limit=5000
SDOW,2018-04-26,1237.12,1242.24,1200,1211.52,40353,,https://api.nasdaq.com/api/quote/SDOW/historical?assetclass=etf&fromdate=2016-07-26&todate=2026-07-26&limit=5000
SDOW,2018-04-27,1213.44,1232,1207.04,1213.44,49468,,https://api.nasdaq.com/api/quote/SDOW/historical?assetclass=etf&fromdate=2016-07-26&todate=2026-07-26&limit=5000
SDOW,2018-04-30,1197.44,1235.2,1186.56,1234.56,45268,,https://api.nasdaq.com/api/quote/SDOW/historical?assetclass=etf&fromdate=2016-07-26&todate=2026-07-26&limit=5000
SDOW,2018-05-01,1249.92,1292.096,1246.08,1246.72,67765,,https://api.nasdaq.com/api/quote/SDOW/historical?assetclass=etf&fromdate=2016-07-26&todate=2026-07-26&limit=5000
SDOW,2018-05-02,1249.92,1279.68,1233.92,1272.96,46688,,https://api.nasdaq.com/api/quote/SDOW/historical?assetclass=etf&fromdate=2016-07-26&todate=2026-07-26&limit=5000
SDOW,2018-05-03,1292.8,1338.24,1263.36,1273.6,110421,,https://api.nasdaq.com/api/quote/SDOW/historical?assetclass=etf&fromdate=2016-07-26&todate=2026-07-26&limit=5000
SDOW,2018-05-04,1288.96,1297.92,1209.6,1219.84,68672,,https://api.nasdaq.com/api/quote/SDOW/historical?assetclass=etf&fromdate=2016-07-26&todate=2026-07-26&limit=5000
SDOW,2018-05-07,1205.76,1221.12,1188.48,1207.04,56816,,https://api.nasdaq.com/api/quote/SDOW/historical?assetclass=etf&fromdate=2016-07-26&todate=2026-07-26&limit=5000
SDOW,2018-05-08,1210.88,1230.72,1198.72,1205.76,59705,,https://api.nasdaq.com/api/quote/SDOW/historical?assetclass=etf&fromdate=2016-07-26&todate=2026-07-26&limit=5000
SDOW,2018-05-09,1196.16,1210.24,1171.84,1177.6,50962,,https://api.nasdaq.com/api/quote/SDOW/historical?assetclass=etf&fromdate=2016-07-26&todate=2026-07-26&limit=5000
SDOW,2018-05-10,1168.64,1170.56,1139.84,1148.8,51142,,https://api.nasdaq.com/api/quote/SDOW/historical?assetclass=etf&fromdate=2016-07-26&todate=2026-07-26&limit=5000
SDOW,2018-05-11,1146.88,1149.4464,1128.96,1133.44,39234,,https://api.nasdaq.com/api/quote/SDOW/historical?assetclass=etf&fromdate=2016-07-26&todate=2026-07-26&limit=5000
SDOW,2018-05-14,1123.84,1130.24,1111.9744,1124.48,45113,,https://api.nasdaq.com/api/quote/SDOW/historical?assetclass=etf&fromdate=2016-07-26&todate=2026-07-26&limit=5000
SDOW,2018-05-15,1143.04,1162.0352,1139.84,1151.36,60877,,https://api.nasdaq.com/api/quote/SDOW/historical?assetclass=etf&fromdate=2016-07-26&todate=2026-07-26&limit=5000
SDOW,2018-05-16,1153.28,1155.776,1137.472,1141.76,33363,,https://api.nasdaq.com/api/quote/SDOW/historical?assetclass=etf&fromdate=2016-07-26&todate=2026-07-26&limit=5000
SDOW,2018-05-17,1146.24,1158.08,1129.6,1146.88,38420,,https://api.nasdaq.com/api/quote/SDOW/historical?assetclass=etf&fromdate=2016-07-26&todate=2026-07-26&limit=5000
SDOW,2018-05-18,1146.24,1154.2336,1139.2,1146.88,25176,,https://api.nasdaq.com/api/quote/SDOW/historical?assetclass=etf&fromdate=2016-07-26&todate=2026-07-26&limit=5000
SDOW,2018-05-21,1114.88,1115.52,1096.32,1105.92,55403,,https://api.nasdaq.com/api/quote/SDOW/historical?assetclass=etf&fromdate=2016-07-26&todate=2026-07-26&limit=5000
SDOW,2018-05-22,1099.52,1132.224,1099.52,1129.6,34224,,https://api.nasdaq.com/api/quote/SDOW/historical?assetclass=etf&fromdate=2016-07-26&todate=2026-07-26&limit=5000
SDOW,2018-05-23,1150.08,1153.088,1122.56,1122.56,45203,,https://api.nasdaq.com/api/quote/SDOW/historical?assetclass=etf&fromdate=2016-07-26&todate=2026-07-26&limit=5000
SDOW,2018-05-24,1132.8,1162.24,1126.72,1134.72,49690,,https://api.nasdaq.com/api/quote/SDOW/historical?assetclass=etf&fromdate=2016-07-26&todate=2026-07-26&limit=5000
SDOW,2018-05-25,1140.48,1150.72,1131.5712,1141.76,28312,,https://api.nasdaq.com/api/quote/SDOW/historical?assetclass=etf&fromdate=2016-07-26&todate=2026-07-26&limit=5000
SDOW,2018-05-29,1170.56,1212.16,1158.2144,1196.8,68048,,https://api.nasdaq.com/api/quote/SDOW/historical?assetclass=etf&fromdate=2016-07-26&todate=2026-07-26&limit=5000
SDOW,2018-05-30,1171.84,1179.52,1141.76,1150.08,62007,,https://api.nasdaq.com/api/quote/SDOW/historical?assetclass=etf&fromdate=2016-07-26&todate=2026-07-26&limit=5000
SDOW,2018-05-31,1160.96,1193.6,1159.68,1183.36,63486,,https://api.nasdaq.com/api/quote/SDOW/historical?assetclass=etf&fromdate=2016-07-26&todate=2026-07-26&limit=5000
SDOW,2018-06-01,1155.84,1163.328,1146.88,1153.92,46303,,https://api.nasdaq.com/api/quote/SDOW/historical?assetclass=etf&fromdate=2016-07-26&todate=2026-07-26&limit=5000
SDOW,2018-06-04,1133.44,1136.6336,1120.64,1127.04,38339,,https://api.nasdaq.com/api/quote/SDOW/historical?assetclass=etf&fromdate=2016-07-26&todate=2026-07-26&limit=5000
SDOW,2018-06-05,1129.6,1141.76,1123.904,1129.6,34911,,https://api.nasdaq.com/api/quote/SDOW/historical?assetclass=etf&fromdate=2016-07-26&todate=2026-07-26&limit=5000
SDOW,2018-06-06,1113.6,1121.664,1082.24,1082.24,55328,,https://api.nasdaq.com/api/quote/SDOW/historical?assetclass=etf&fromdate=2016-07-26&todate=2026-07-26&limit=5000
SDOW,2018-06-07,1073.92,1080.0896,1059.2,1071.36,58578,,https://api.nasdaq.com/api/quote/SDOW/historical?assetclass=etf&fromdate=2016-07-26&todate=2026-07-26&limit=5000
SDOW,2018-06-08,1076.48,1080.32,1059.2,1061.12,53057,,https://api.nasdaq.com/api/quote/SDOW/historical?assetclass=etf&fromdate=2016-07-26&todate=2026-07-26&limit=5000
SDOW,2018-06-11,1057.92,1064.32,1049.92,1059.84,34742,,https://api.nasdaq.com/api/quote/SDOW/historical?assetclass=etf&fromdate=2016-07-26&todate=2026-07-26&limit=5000
SDOW,2018-06-12,1055.36,1069.76,1054.08,1059.84,26320,,https://api.nasdaq.com/api/quote/SDOW/historical?assetclass=etf&fromdate=2016-07-26&todate=2026-07-26&limit=5000
SDOW,2018-06-13,1058.56,1077.12,1055.36,1076.48,35287,,https://api.nasdaq.com/api/quote/SDOW/historical?assetclass=etf&fromdate=2016-07-26&todate=2026-07-26&limit=5000
SDOW,2018-06-14,1062.4,1083.52,1058.88,1077.76,32573,,https://api.nasdaq.com/api/quote/SDOW/historical?assetclass=etf&fromdate=2016-07-26&todate=2026-07-26&limit=5000
SDOW,2018-06-15,1098.88,1114.7904,1084.16,1090.56,72310,,https://api.nasdaq.com/api/quote/SDOW/historical?assetclass=etf&fromdate=2016-07-26&todate=2026-07-26&limit=5000
SDOW,2018-06-18,1116.8,1123.84,1100.8,1102.72,35702,,https://api.nasdaq.com/api/quote/SDOW/historical?assetclass=etf&fromdate=2016-07-26&todate=2026-07-26&limit=5000
SDOW,2018-06-19,1145.6,1159.04,1136.64,1142.4,62711,,https://api.nasdaq.com/api/quote/SDOW/historical?assetclass=etf&fromdate=2016-07-26&todate=2026-07-26&limit=5000
SDOW,2018-06-20,1123.2,1148.736,1123.2,1143.04,36129,,https://api.nasdaq.com/api/quote/SDOW/historical?assetclass=etf&fromdate=2016-07-26&todate=2026-07-26&limit=5000
SDOW,2018-06-21,1154.56,1180.16,1152.64,1173.12,57248,,https://api.nasdaq.com/api/quote/SDOW/historical?assetclass=etf&fromdate=2016-07-26&todate=2026-07-26&limit=5000
SDOW,2018-06-22,1153.28,1159.04,1143.68,1157.12,43066,,https://api.nasdaq.com/api/quote/SDOW/historical?assetclass=etf&fromdate=2016-07-26&todate=2026-07-26&limit=5000
SDOW,2018-06-25,1178.24,1225.6,1173.76,1202.56,95069,,https://api.nasdaq.com/api/quote/SDOW/historical?assetclass=etf&fromdate=2016-07-26&todate=2026-07-26&limit=5000
SDOW,2018-06-26,1195.52,1203.84,1182.72,1198.72,70665,,https://api.nasdaq.com/api/quote/SDOW/historical?assetclass=etf&fromdate=2016-07-26&todate=2026-07-26&limit=5000
SDOW,2018-06-27,1187.84,1223.6736,1156.48,1223.04,85128,,https://api.nasdaq.com/api/quote/SDOW/historical?assetclass=etf&fromdate=2016-07-26&todate=2026-07-26&limit=5000
SDOW,2018-06-28,1232.64,1241.92,1194.304,1207.04,72849,,https://api.nasdaq.com/api/quote/SDOW/historical?assetclass=etf&fromdate=2016-07-26&todate=2026-07-26&limit=5000
SDOW,2018-06-29,1187.84,1200,1165.12,1198.72,65483,,https://api.nasdaq.com/api/quote/SDOW/historical?assetclass=etf&fromdate=2016-07-26&todate=2026-07-26&limit=5000
SDOW,2018-07-02,1227.52,1230.08,1194.24,1195.52,52855,,https://api.nasdaq.com/api/quote/SDOW/historical?assetclass=etf&fromdate=2016-07-26&todate=2026-07-26&limit=5000
SDOW,2018-07-03,1178.88,1219.2064,1175.68,1212.16,25786,,https://api.nasdaq.com/api/quote/SDOW/historical?assetclass=etf&fromdate=2016-07-26&todate=2026-07-26&limit=5000
SDOW,2018-07-05,1192.96,1215.04,1185.5296,1187.2,65632,,https://api.nasdaq.com/api/quote/SDOW/historical?assetclass=etf&fromdate=2016-07-26&todate=2026-07-26&limit=5000
SDOW,2018-07-06,1190.4,1197.44,1163.2,1172.48,43827,,https://api.nasdaq.com/api/quote/SDOW/historical?assetclass=etf&fromdate=2016-07-26&todate=2026-07-26&limit=5000
SDOW,2018-07-09,1154.56,1155.2,1123.84,1125.12,52129,,https://api.nasdaq.com/api/quote/SDOW/historical?assetclass=etf&fromdate=2016-07-26&todate=2026-07-26&limit=5000
SDOW,2018-07-10,1114.88,1117.44,1103.36,1106.56,42027,,https://api.nasdaq.com/api/quote/SDOW/historical?assetclass=etf&fromdate=2016-07-26&todate=2026-07-26&limit=5000
SDOW,2018-07-11,1130.24,1141.76,1121.92,1135.36,56445,,https://api.nasdaq.com/api/quote/SDOW/historical?assetclass=etf&fromdate=2016-07-26&todate=2026-07-26&limit=5000
SDOW,2018-07-12,1113.6,1121.28,1104.64,1105.92,42837,,https://api.nasdaq.com/api/quote/SDOW/historical?assetclass=etf&fromdate=2016-07-26&todate=2026-07-26&limit=5000
SDOW,2018-07-13,1107.84,1110.9888,1090.56,1094.4,33765,,https://api.nasdaq.com/api/quote/SDOW/historical?assetclass=etf&fromdate=2016-07-26&todate=2026-07-26&limit=5000
SDOW,2018-07-16,1091.84,1099.456,1087.36,1088.64,24285,,https://api.nasdaq.com/api/quote/SDOW/historical?assetclass=etf&fromdate=2016-07-26&todate=2026-07-26&limit=5000
SDOW,2018-07-17,1091.84,1098.24,1076.48,1080.96,23683,,https://api.nasdaq.com/api/quote/SDOW/historical?assetclass=etf&fromdate=2016-07-26&todate=2026-07-26&limit=5000
SDOW,2018-07-18,1077.76,1084.16,1069.44,1070.72,25374,,https://api.nasdaq.com/api/quote/SDOW/historical?assetclass=etf&fromdate=2016-07-26&todate=2026-07-26&limit=5000
SDOW,2018-07-19,1082.88,1089.28,1077.12,1086.72,32160,,https://api.nasdaq.com/api/quote/SDOW/historical?assetclass=etf&fromdate=2016-07-26&todate=2026-07-26&limit=5000
SDOW,2018-07-20,1097.6,1098.24,1080.7168,1089.28,33695,,https://api.nasdaq.com/api/quote/SDOW/historical?assetclass=etf&fromdate=2016-07-26&todate=2026-07-26&limit=5000
SDOW,2018-07-23,1092.48,1098.88,1086.5408,1091.84,23561,,https://api.nasdaq.com/api/quote/SDOW/historical?assetclass=etf&fromdate=2016-07-26&todate=2026-07-26&limit=5000
SDOW,2018-07-24,1075.84,1079.68,1059.264,1064.96,54730,,https://api.nasdaq.com/api/quote/SDOW/historical?assetclass=etf&fromdate=2016-07-26&todate=2026-07-26&limit=5000
SDOW,2018-07-25,1072.64,1081.6,1041.536,1043.2,52427,,https://api.nasdaq.com/api/quote/SDOW/historical?assetclass=etf&fromdate=2016-07-26&todate=2026-07-26&limit=5000
SDOW,2018-07-26,1036.8,1037.12,1023.3536,1029.76,47369,,https://api.nasdaq.com/api/quote/SDOW/historical?assetclass=etf&fromdate=2016-07-26&todate=2026-07-26&limit=5000
SDOW,2018-07-27,1031.04,1049.696,1024.64,1039.36,51700,,https://api.nasdaq.com/api/quote/SDOW/historical?assetclass=etf&fromdate=2016-07-26&todate=2026-07-26&limit=5000
SDOW,2018-07-30,1038.08,1060.48,1034.24,1057.28,52745,,https://api.nasdaq.com/api/quote/SDOW/historical?assetclass=etf&fromdate=2016-07-26&todate=2026-07-26&limit=5000
SDOW,2018-07-31,1046.4,1048.96,1035.52,1045.12,41359,,https://api.nasdaq.com/api/quote/SDOW/historical?assetclass=etf&fromdate=2016-07-26&todate=2026-07-26&limit=5000
SDOW,2018-08-01,1045.12,1061.76,1036.16,1056,36469,,https://api.nasdaq.com/api/quote/SDOW/historical?assetclass=etf&fromdate=2016-07-26&todate=2026-07-26&limit=5000
SDOW,2018-08-02,1075.2,1081.6,1051.5264,1056.64,40763,,https://api.nasdaq.com/api/quote/SDOW/historical?assetclass=etf&fromdate=2016-07-26&todate=2026-07-26&limit=5000
SDOW,2018-08-03,1057.28,1057.28,1038.72,1039.36,32518,,https://api.nasdaq.com/api/quote/SDOW/historical?assetclass=etf&fromdate=2016-07-26&todate=2026-07-26&limit=5000
SDOW,2018-08-06,1043.2,1049.6,1029.76,1034.24,28347,,https://api.nasdaq.com/api/quote/SDOW/historical?assetclass=etf&fromdate=2016-07-26&todate=2026-07-26&limit=5000
SDOW,2018-08-07,1020.8,1025.088,1011.2,1019.52,29187,,https://api.nasdaq.com/api/quote/SDOW/historical?assetclass=etf&fromdate=2016-07-26&todate=2026-07-26&limit=5000
SDOW,2018-08-08,1020.16,1028.48,1018.8864,1025.28,19463,,https://api.nasdaq.com/api/quote/SDOW/historical?assetclass=etf&fromdate=2016-07-26&todate=2026-07-26&limit=5000
SDOW,2018-08-09,1024,1033.536,1018.2464,1030.4,18086,,https://api.nasdaq.com/api/quote/SDOW/historical?assetclass=etf&fromdate=2016-07-26&todate=2026-07-26&limit=5000
SDOW,2018-08-10,1048.96,1065.3952,1047.04,1052.8,60240,,https://api.nasdaq.com/api/quote/SDOW/historical?assetclass=etf&fromdate=2016-07-26&todate=2026-07-26&limit=5000
SDOW,2018-08-13,1051.52,1074.3296,1046.4,1069.44,52395,,https://api.nasdaq.com/api/quote/SDOW/historical?assetclass=etf&fromdate=2016-07-26&todate=2026-07-26&limit=5000
SDOW,2018-08-14,1060.48,1068.16,1050.88,1057.28,28144,,https://api.nasdaq.com/api/quote/SDOW/historical?assetclass=etf&fromdate=2016-07-26&todate=2026-07-26&limit=5000
SDOW,2018-08-15,1072.64,1097.6,1068.8,1072.64,69563,,https://api.nasdaq.com/api/quote/SDOW/historical?assetclass=etf&fromdate=2016-07-26&todate=2026-07-26&limit=5000
SDOW,2018-08-16,1040,1041.92,1015.68,1020.16,62977,,https://api.nasdaq.com/api/quote/SDOW/historical?assetclass=etf&fromdate=2016-07-26&todate=2026-07-26&limit=5000
SDOW,2018-08-17,1025.28,1025.6,1000.96,1008,53628,,https://api.nasdaq.com/api/quote/SDOW/historical?assetclass=etf&fromdate=2016-07-26&todate=2026-07-26&limit=5000
SDOW,2018-08-20,1000.96,1003.04,993.92,997.12,32345,,https://api.nasdaq.com/api/quote/SDOW/historical?assetclass=etf&fromdate=2016-07-26&todate=2026-07-26&limit=5000
SDOW,2018-08-21,992,993.8816,983.04,989.44,32638,,https://api.nasdaq.com/api/quote/SDOW/historical?assetclass=etf&fromdate=2016-07-26&todate=2026-07-26&limit=5000
SDOW,2018-08-22,992,1002.56,988.8,999.68,27183,,https://api.nasdaq.com/api/quote/SDOW/historical?assetclass=etf&fromdate=2016-07-26&todate=2026-07-26&limit=5000
SDOW,2018-08-23,1006.08,1015.0464,997.12,1009.28,36344,,https://api.nasdaq.com/api/quote/SDOW/historical?assetclass=etf&fromdate=2016-07-26&todate=2026-07-26&limit=5000
SDOW,2018-08-24,999.04,1003.52,989.44,993.92,40960,,https://api.nasdaq.com/api/quote/SDOW/historical?assetclass=etf&fromdate=2016-07-26&todate=2026-07-26&limit=5000
SDOW,2018-08-27,976,977.28,961.28,961.92,52768,,https://api.nasdaq.com/api/quote/SDOW/historical?assetclass=etf&fromdate=2016-07-26&todate=2026-07-26&limit=5000
SDOW,2018-08-28,953.6,964.8,953.6,962.56,31403,,https://api.nasdaq.com/api/quote/SDOW/historical?assetclass=etf&fromdate=2016-07-26&todate=2026-07-26&limit=5000
SDOW,2018-08-29,961.28,964.16,949.12,953.6,31237,,https://api.nasdaq.com/api/quote/SDOW/historical?assetclass=etf&fromdate=2016-07-26&todate=2026-07-26&limit=5000
SDOW,2018-08-30,961.92,975.36,956.8,968.32,45890,,https://api.nasdaq.com/api/quote/SDOW/historical?assetclass=etf&fromdate=2016-07-26&todate=2026-07-26&limit=5000
SDOW,2018-08-31,974.72,981.12,964.48,971.52,46954,,https://api.nasdaq.com/api/quote/SDOW/historical?assetclass=etf&fromdate=2016-07-26&todate=2026-07-26&limit=5000
SDOW,2018-09-04,979.2,989.76,970.88,972.8,33592,,https://api.nasdaq.com/api/quote/SDOW/historical?assetclass=etf&fromdate=2016-07-26&todate=2026-07-26&limit=5000
SDOW,2018-09-05,981.12,982.4,966.7648,970.24,59748,,https://api.nasdaq.com/api/quote/SDOW/historical?assetclass=etf&fromdate=2016-07-26&todate=2026-07-26&limit=5000
SDOW,2018-09-06,968.32,981.12,958.72,967.04,47592,,https://api.nasdaq.com/api/quote/SDOW/historical?assetclass=etf&fromdate=2016-07-26&todate=2026-07-26&limit=5000
SDOW,2018-09-07,977.28,988.16,967.04,975.36,56217,,https://api.nasdaq.com/api/quote/SDOW/historical?assetclass=etf&fromdate=2016-07-26&todate=2026-07-26&limit=5000
SDOW,2018-09-10,966.4,983.68,963.84,983.68,40194,,https://api.nasdaq.com/api/quote/SDOW/historical?assetclass=etf&fromdate=2016-07-26&todate=2026-07-26&limit=5000
SDOW,2018-09-11,993.92,995.84,965.76,970.24,50788,,https://api.nasdaq.com/api/quote/SDOW/historical?assetclass=etf&fromdate=2016-07-26&todate=2026-07-26&limit=5000
SDOW,2018-09-12,970.24,975.36,951.04,968.96,74296,,https://api.nasdaq.com/api/quote/SDOW/historical?assetclass=etf&fromdate=2016-07-26&todate=2026-07-26&limit=5000
SDOW,2018-09-13,954.88,960.64,947.2,951.68,37067,,https://api.nasdaq.com/api/quote/SDOW/historical?assetclass=etf&fromdate=2016-07-26&todate=2026-07-26&limit=5000
SDOW,2018-09-14,948.48,960.64,944.64,952.32,34660,,https://api.nasdaq.com/api/quote/SDOW/historical?assetclass=etf&fromdate=2016-07-26&todate=2026-07-26&limit=5000
SDOW,2018-09-17,954.88,965.12,947.84,962.56,33742,,https://api.nasdaq.com/api/quote/SDOW/historical?assetclass=etf&fromdate=2016-07-26&todate=2026-07-26&limit=5000
SDOW,2018-09-18,958.08,959.36,933.2544,940.16,57317,,https://api.nasdaq.com/api/quote/SDOW/historical?assetclass=etf&fromdate=2016-07-26&todate=2026-07-26&limit=5000
SDOW,2018-09-19,936.96,937.7472,918.4,923.52,73036,,https://api.nasdaq.com/api/quote/SDOW/historical?assetclass=etf&fromdate=2016-07-26&todate=2026-07-26&limit=5000
SDOW,2018-09-20,907.52,907.52,894.08,897.92,72368,,https://api.nasdaq.com/api/quote/SDOW/historical?assetclass=etf&fromdate=2016-07-26&todate=2026-07-26&limit=5000
SDOW,2018-09-21,886.4,896,886.4,891.52,41917,,https://api.nasdaq.com/api/quote/SDOW/historical?assetclass=etf&fromdate=2016-07-26&todate=2026-07-26&limit=5000
SDOW,2018-09-24,896,909.4464,895.36,907.52,61782,,https://api.nasdaq.com/api/quote/SDOW/historical?assetclass=etf&fromdate=2016-07-26&todate=2026-07-26&limit=5000
SDOW,2018-09-25,901.76,917.44,901.12,914.56,38273,,https://api.nasdaq.com/api/quote/SDOW/historical?assetclass=etf&fromdate=2016-07-26&todate=2026-07-26&limit=5000
SDOW,2018-09-26,910.72,927.36,900.48,922.88,47335,,https://api.nasdaq.com/api/quote/SDOW/historical?assetclass=etf&fromdate=2016-07-26&todate=2026-07-26&limit=5000
SDOW,2018-09-27,919.04,924.1664,905.6,917.12,48627,,https://api.nasdaq.com/api/quote/SDOW/historical?assetclass=etf&fromdate=2016-07-26&todate=2026-07-26&limit=5000
SDOW,2018-09-28,926.72,926.72,910.24,915.84,43545,,https://api.nasdaq.com/api/quote/SDOW/historical?assetclass=etf&fromdate=2016-07-26&todate=2026-07-26&limit=5000
SDOW,2018-10-01,897.28,902.4,887.68,894.72,70553,,https://api.nasdaq.com/api/quote/SDOW/historical?assetclass=etf&fromdate=2016-07-26&todate=2026-07-26&limit=5000
SDOW,2018-10-02,900.48,900.48,879.36,883.84,67900,,https://api.nasdaq.com/api/quote/SDOW/historical?assetclass=etf&fromdate=2016-07-26&todate=2026-07-26&limit=5000
SDOW,2018-10-03,872.32,883.2,866.8096,878.72,57108,,https://api.nasdaq.com/api/quote/SDOW/historical?assetclass=etf&fromdate=2016-07-26&todate=2026-07-26&limit=5000
SDOW,2018-10-04,883.2,913.92,883.2,898.56,103116,,https://api.nasdaq.com/api/quote/SDOW/historical?assetclass=etf&fromdate=2016-07-26&todate=2026-07-26&limit=5000
SDOW,2018-10-05,897.92,931.84,894.08,917.76,79616,,https://api.nasdaq.com/api/quote/SDOW/historical?assetclass=etf&fromdate=2016-07-26&todate=2026-07-26&limit=5000
SDOW,2018-10-08,930.56,940.8,908.48,912,73475,,https://api.nasdaq.com/api/quote/SDOW/historical?assetclass=etf&fromdate=2016-07-26&todate=2026-07-26&limit=5000
SDOW,2018-10-09,918.4,929.92,907.52,919.04,49394,,https://api.nasdaq.com/api/quote/SDOW/historical?assetclass=etf&fromdate=2016-07-26&todate=2026-07-26&limit=5000
SDOW,2018-10-10,922.88,1006.72,920.4544,1003.52,178418,,https://api.nasdaq.com/api/quote/SDOW/historical?assetclass=etf&fromdate=2016-07-26&todate=2026-07-26&limit=5000
SDOW,2018-10-11,1021.44,1089.28,996.608,1071.36,325128,,https://api.nasdaq.com/api/quote/SDOW/historical?assetclass=etf&fromdate=2016-07-26&todate=2026-07-26&limit=5000
SDOW,2018-10-12,1019.52,1077.76,1017.6,1034.88,236306,,https://api.nasdaq.com/api/quote/SDOW/historical?assetclass=etf&fromdate=2016-07-26&todate=2026-07-26&limit=5000
SDOW,2018-10-15,1041.92,1046.4,1016.96,1046.4,138625,,https://api.nasdaq.com/api/quote/SDOW/historical?assetclass=etf&fromdate=2016-07-26&todate=2026-07-26&limit=5000
SDOW,2018-10-16,1018.88,1025.92,975.36,979.2,133203,,https://api.nasdaq.com/api/quote/SDOW/historical?assetclass=etf&fromdate=2016-07-26&todate=2026-07-26&limit=5000
SDOW,2018-10-17,990.72,1014.4,976.6336,988.16,129932,,https://api.nasdaq.com/api/quote/SDOW/historical?assetclass=etf&fromdate=2016-07-26&todate=2026-07-26&limit=5000
SDOW,2018-10-18,1000.32,1042.56,990.72,1025.28,119158,,https://api.nasdaq.com/api/quote/SDOW/historical?assetclass=etf&fromdate=2016-07-26&todate=2026-07-26&limit=5000
SDOW,2018-10-19,1016.96,1029.76,998.4,1017.6,141799,,https://api.nasdaq.com/api/quote/SDOW/historical?assetclass=etf&fromdate=2016-07-26&todate=2026-07-26&limit=5000
SDOW,2018-10-22,1009.92,1043.2,1004.16,1032.96,102031,,https://api.nasdaq.com/api/quote/SDOW/historical?assetclass=etf&fromdate=2016-07-26&todate=2026-07-26&limit=5000
SDOW,2018-10-23,1084.8,1101.44,1034.88,1048.32,203719,,https://api.nasdaq.com/api/quote/SDOW/historical?assetclass=etf&fromdate=2016-07-26&todate=2026-07-26&limit=5000
SDOW,2018-10-24,1042.56,1132.1536,1035.52,1125.76,178783,,https://api.nasdaq.com/api/quote/SDOW/historical?assetclass=etf&fromdate=2016-07-26&todate=2026-07-26&limit=5000
SDOW,2018-10-25,1103.36,1118.08,1054.72,1070.08,166427,,https://api.nasdaq.com/api/quote/SDOW/historical?assetclass=etf&fromdate=2016-07-26&todate=2026-07-26&limit=5000
SDOW,2018-10-26,1100.8,1141.12,1080.32,1110.4,314528,,https://api.nasdaq.com/api/quote/SDOW/historical?assetclass=etf&fromdate=2016-07-26&todate=2026-07-26&limit=5000
SDOW,2018-10-29,1081.6,1186.56,1062.4,1142.4,260110,,https://api.nasdaq.com/api/quote/SDOW/historical?assetclass=etf&fromdate=2016-07-26&todate=2026-07-26&limit=5000
SDOW,2018-10-30,1141.76,1146.88,1078.0544,1082.88,273392,,https://api.nasdaq.com/api/quote/SDOW/historical?assetclass=etf&fromdate=2016-07-26&todate=2026-07-26&limit=5000
SDOW,2018-10-31,1054.1312,1059.52,1022.2848,1050.88,178877,,https://api.nasdaq.com/api/quote/SDOW/historical?assetclass=etf&fromdate=2016-07-26&todate=2026-07-26&limit=5000
SDOW,2018-11-01,1036.8,1053.44,1016.96,1018.88,110819,,https://api.nasdaq.com/api/quote/SDOW/historical?assetclass=etf&fromdate=2016-07-26&todate=2026-07-26&limit=5000
SDOW,2018-11-02,997.76,1056,995.84,1034.88,172917,,https://api.nasdaq.com/api/quote/SDOW/historical?assetclass=etf&fromdate=2016-07-26&todate=2026-07-26&limit=5000
SDOW,2018-11-05,1031.04,1032.96,1003.52,1008.64,64190,,https://api.nasdaq.com/api/quote/SDOW/historical?assetclass=etf&fromdate=2016-07-26&todate=2026-07-26&limit=5000
SDOW,2018-11-06,1007.36,1010.56,986.24,988.16,45013,,https://api.nasdaq.com/api/quote/SDOW/historical?assetclass=etf&fromdate=2016-07-26&todate=2026-07-26&limit=5000
SDOW,2018-11-07,964.48,974.08,922.88,925.44,101581,,https://api.nasdaq.com/api/quote/SDOW/historical?assetclass=etf&fromdate=2016-07-26&todate=2026-07-26&limit=5000
SDOW,2018-11-08,929.92,933.76,912.64,921.6,75969,,https://api.nasdaq.com/api/quote/SDOW/historical?assetclass=etf&fromdate=2016-07-26&todate=2026-07-26&limit=5000
SDOW,2018-11-09,931.84,954.24,929.28,942.08,69996,,https://api.nasdaq.com/api/quote/SDOW/historical?assetclass=etf&fromdate=2016-07-26&todate=2026-07-26&limit=5000
SDOW,2018-11-12,949.12,1013.376,946.56,1008.64,119664,,https://api.nasdaq.com/api/quote/SDOW/historical?assetclass=etf&fromdate=2016-07-26&todate=2026-07-26&limit=5000
SDOW,2018-11-13,1013.76,1031.68,994.56,1020.8,123663,,https://api.nasdaq.com/api/quote/SDOW/historical?assetclass=etf&fromdate=2016-07-26&todate=2026-07-26&limit=5000
SDOW,2018-11-14,999.04,1063.6736,995.2,1045.12,153456,,https://api.nasdaq.com/api/quote/SDOW/historical?assetclass=etf&fromdate=2016-07-26&todate=2026-07-26&limit=5000
SDOW,2018-11-15,1057.92,1080.96,1009.9264,1017.6,165523,,https://api.nasdaq.com/api/quote/SDOW/historical?assetclass=etf&fromdate=2016-07-26&todate=2026-07-26&limit=5000
SDOW,2018-11-16,1030.4,1035.52,992,1002.88,130268,,https://api.nasdaq.com/api/quote/SDOW/historical?assetclass=etf&fromdate=2016-07-26&todate=2026-07-26&limit=5000
SDOW,2018-11-19,1009.92,1064.96,1006.72,1050.88,107949,,https://api.nasdaq.com/api/quote/SDOW/historical?assetclass=etf&fromdate=2016-07-26&todate=2026-07-26&limit=5000
SDOW,2018-11-20,1097.6,1133.44,1090.56,1120.64,137450,,https://api.nasdaq.com/api/quote/SDOW/historical?assetclass=etf&fromdate=2016-07-26&todate=2026-07-26&limit=5000
SDOW,2018-11-21,1102.72,1120.64,1092.48,1119.36,75317,,https://api.nasdaq.com/api/quote/SDOW/historical?assetclass=etf&fromdate=2016-07-26&todate=2026-07-26&limit=5000
SDOW,2018-11-23,1141.76,1146.88,1128.96,1145.6,41896,,https://api.nasdaq.com/api/quote/SDOW/historical?assetclass=etf&fromdate=2016-07-26&todate=2026-07-26&limit=5000
SDOW,2018-11-26,1114.88,1119.36,1090.24,1095.68,66117,,https://api.nasdaq.com/api/quote/SDOW/historical?assetclass=etf&fromdate=2016-07-26&todate=2026-07-26&limit=5000
SDOW,2018-11-27,1113.6,1125.12,1080,1080.32,63026,,https://api.nasdaq.com/api/quote/SDOW/historical?assetclass=etf&fromdate=2016-07-26&todate=2026-07-26&limit=5000
SDOW,2018-11-28,1058.56,1066.88,998.4,998.4,82759,,https://api.nasdaq.com/api/quote/SDOW/historical?assetclass=etf&fromdate=2016-07-26&todate=2026-07-26&limit=5000
SDOW,2018-11-29,1001.6,1017.6,985.2032,1001.6,47601,,https://api.nasdaq.com/api/quote/SDOW/historical?assetclass=etf&fromdate=2016-07-26&todate=2026-07-26&limit=5000
SDOW,2018-11-30,1007.36,1010.56,974.9184,979.84,32906,,https://api.nasdaq.com/api/quote/SDOW/historical?assetclass=etf&fromdate=2016-07-26&todate=2026-07-26&limit=5000
SDOW,2018-12-03,925.44,961.728,924.8,944,69844,,https://api.nasdaq.com/api/quote/SDOW/historical?assetclass=etf&fromdate=2016-07-26&todate=2026-07-26&limit=5000
SDOW,2018-12-04,954.88,1034.24,949.76,1027.2,132870,,https://api.nasdaq.com/api/quote/SDOW/historical?assetclass=etf&fromdate=2016-07-26&todate=2026-07-26&limit=5000
SDOW,2018-12-06,1086.08,1128.32,1041.28,1041.28,196597,,https://api.nasdaq.com/api/quote/SDOW/historical?assetclass=etf&fromdate=2016-07-26&todate=2026-07-26&limit=5000
SDOW,2018-12-07,1045.76,1124.1024,1022.5472,1110.4,183481,,https://api.nasdaq.com/api/quote/SDOW/historical?assetclass=etf&fromdate=2016-07-26&todate=2026-07-26&limit=5000
SDOW,2018-12-10,1116.8,1180.8,1095.68,1107.2,171320,,https://api.nasdaq.com/api/quote/SDOW/historical?assetclass=etf&fromdate=2016-07-26&todate=2026-07-26&limit=5000
SDOW,2018-12-11,1056,1134.72,1054.72,1113.6,104845,,https://api.nasdaq.com/api/quote/SDOW/historical?assetclass=etf&fromdate=2016-07-26&todate=2026-07-26&limit=5000
SDOW,2018-12-12,1070.72,1093.7664,1051.52,1091.84,105516,,https://api.nasdaq.com/api/quote/SDOW/historical?assetclass=etf&fromdate=2016-07-26&todate=2026-07-26&limit=5000
SDOW,2018-12-13,1082.88,1100.8,1064.96,1085.44,75412,,https://api.nasdaq.com/api/quote/SDOW/historical?assetclass=etf&fromdate=2016-07-26&todate=2026-07-26&limit=5000
SDOW,2018-12-14,1115.52,1158.72,1105.92,1148.8,111565,,https://api.nasdaq.com/api/quote/SDOW/historical?assetclass=etf&fromdate=2016-07-26&todate=2026-07-26&limit=5000
SDOW,2018-12-17,1171.2,1242.24,1151.36,1221.12,149892,,https://api.nasdaq.com/api/quote/SDOW/historical?assetclass=etf&fromdate=2016-07-26&todate=2026-07-26&limit=5000
SDOW,2018-12-18,1189.76,1234.56,1170.56,1208.96,129658,,https://api.nasdaq.com/api/quote/SDOW/historical?assetclass=etf&fromdate=2016-07-26&todate=2026-07-26&limit=5000
SDOW,2018-12-19,1205.76,1289.28,1149.44,1265.28,195965,,https://api.nasdaq.com/api/quote/SDOW/historical?assetclass=etf&fromdate=2016-07-26&todate=2026-07-26&limit=5000
SDOW,2018-12-20,1283.84,1376,1271.68,1342.08,291975,,https://api.nasdaq.com/api/quote/SDOW/historical?assetclass=etf&fromdate=2016-07-26&todate=2026-07-26&limit=5000
SDOW,2018-12-21,1330.56,1422.1632,1271.68,1416.32,297909,,https://api.nasdaq.com/api/quote/SDOW/historical?assetclass=etf&fromdate=2016-07-26&todate=2026-07-26&limit=5000
SDOW,2018-12-24,1452.16,1536,1433.9072,1528.96,132441,,https://api.nasdaq.com/api/quote/SDOW/historical?assetclass=etf&fromdate=2016-07-26&todate=2026-07-26&limit=5000
SDOW,2018-12-26,1504.64,1549.44,1301.792,1303.04,292046,,https://api.nasdaq.com/api/quote/SDOW/historical?assetclass=etf&fromdate=2016-07-26&todate=2026-07-26&limit=5000
SDOW,2018-12-27,1358.08,1408.64,1260.16,1260.16,119234,,https://api.nasdaq.com/api/quote/SDOW/historical?assetclass=etf&fromdate=2016-07-26&todate=2026-07-26&limit=5000
SDOW,2018-12-28,1236.48,1285.76,1219.84,1270.4,189171,,https://api.nasdaq.com/api/quote/SDOW/historical?assetclass=etf&fromdate=2016-07-26&todate=2026-07-26&limit=5000
SDOW,2018-12-31,1242.88,1264,1228.8,1228.8,93851,,https://api.nasdaq.com/api/quote/SDOW/historical?assetclass=etf&fromdate=2016-07-26&todate=2026-07-26&limit=5000
SDOW,2019-01-02,1291.52,1292.8,1214.72,1227.52,93715,,https://api.nasdaq.com/api/quote/SDOW/historical?assetclass=etf&fromdate=2016-07-26&todate=2026-07-26&limit=5000
SDOW,2019-01-03,1260.16,1336.96,1257.6,1328.64,124258,,https://api.nasdaq.com/api/quote/SDOW/historical?assetclass=etf&fromdate=2016-07-26&todate=2026-07-26&limit=5000
SDOW,2019-01-04,1273.6,1279.36,1184,1199.36,154708,,https://api.nasdaq.com/api/quote/SDOW/historical?assetclass=etf&fromdate=2016-07-26&todate=2026-07-26&limit=5000
SDOW,2019-01-07,1192.96,1219.2,1159.68,1183.36,58023,,https://api.nasdaq.com/api/quote/SDOW/historical?assetclass=etf&fromdate=2016-07-26&todate=2026-07-26&limit=5000
SDOW,2019-01-08,1143.68,1176.96,1133.44,1145.6,83799,,https://api.nasdaq.com/api/quote/SDOW/historical?assetclass=etf&fromdate=2016-07-26&todate=2026-07-26&limit=5000
SDOW,2019-01-09,1130.24,1146.88,1116.16,1132.8,80934,,https://api.nasdaq.com/api/quote/SDOW/historical?assetclass=etf&fromdate=2016-07-26&todate=2026-07-26&limit=5000
SDOW,2019-01-10,1149.44,1157.76,1113.6,1116.16,80375,,https://api.nasdaq.com/api/quote/SDOW/historical?assetclass=etf&fromdate=2016-07-26&todate=2026-07-26&limit=5000
SDOW,2019-01-11,1132.16,1144.32,1115.52,1115.52,55367,,https://api.nasdaq.com/api/quote/SDOW/historical?assetclass=etf&fromdate=2016-07-26&todate=2026-07-26&limit=5000
SDOW,2019-01-14,1145.6,1149.12,1121.92,1129.6,42207,,https://api.nasdaq.com/api/quote/SDOW/historical?assetclass=etf&fromdate=2016-07-26&todate=2026-07-26&limit=5000
SDOW,2019-01-15,1130.24,1132.16,1102.08,1107.84,50457,,https://api.nasdaq.com/api/quote/SDOW/historical?assetclass=etf&fromdate=2016-07-26&todate=2026-07-26&limit=5000
SDOW,2019-01-16,1096.96,1100.16,1076.4928,1088,48593,,https://api.nasdaq.com/api/quote/SDOW/historical?assetclass=etf&fromdate=2016-07-26&todate=2026-07-26&limit=5000
SDOW,2019-01-17,1102.72,1102.72,1052.16,1065.6,57948,,https://api.nasdaq.com/api/quote/SDOW/historical?assetclass=etf&fromdate=2016-07-26&todate=2026-07-26&limit=5000
SDOW,2019-01-18,1040,1054.08,1016.32,1022.08,93323,,https://api.nasdaq.com/api/quote/SDOW/historical?assetclass=etf&fromdate=2016-07-26&todate=2026-07-26&limit=5000
SDOW,2019-01-22,1042.56,1079.36,1036.8,1057.92,94923,,https://api.nasdaq.com/api/quote/SDOW/historical?assetclass=etf&fromdate=2016-07-26&todate=2026-07-26&limit=5000
SDOW,2019-01-23,1031.04,1072.64,1021.44,1038.08,80529,,https://api.nasdaq.com/api/quote/SDOW/historical?assetclass=etf&fromdate=2016-07-26&todate=2026-07-26&limit=5000
SDOW,2019-01-24,1040,1057.92,1031.68,1040.64,45539,,https://api.nasdaq.com/api/quote/SDOW/historical?assetclass=etf&fromdate=2016-07-26&todate=2026-07-26&limit=5000
SDOW,2019-01-25,1016.32,1025.92,1002.24,1018.24,64075,,https://api.nasdaq.com/api/quote/SDOW/historical?assetclass=etf&fromdate=2016-07-26&todate=2026-07-26&limit=5000
SDOW,2019-01-28,1050.24,1069.44,1043.2,1044.48,60871,,https://api.nasdaq.com/api/quote/SDOW/historical?assetclass=etf&fromdate=2016-07-26&todate=2026-07-26&limit=5000
SDOW,2019-01-29,1041.92,1047.68,1025.92,1037.44,42346,,https://api.nasdaq.com/api/quote/SDOW/historical?assetclass=etf&fromdate=2016-07-26&todate=2026-07-26&limit=5000
SDOW,2019-01-30,1003.52,1011.7952,970.944,983.68,101006,,https://api.nasdaq.com/api/quote/SDOW/historical?assetclass=etf&fromdate=2016-07-26&todate=2026-07-26&limit=5000
SDOW,2019-01-31,994.56,1002.88,979.2,983.04,49801,,https://api.nasdaq.com/api/quote/SDOW/historical?assetclass=etf&fromdate=2016-07-26&todate=2026-07-26&limit=5000
SDOW,2019-02-01,976.64,987.52,962.5728,977.28,50260,,https://api.nasdaq.com/api/quote/SDOW/historical?assetclass=etf&fromdate=2016-07-26&todate=2026-07-26&limit=5000
SDOW,2019-02-04,978.56,988.8,957.44,958.08,33283,,https://api.nasdaq.com/api/quote/SDOW/historical?assetclass=etf&fromdate=2016-07-26&todate=2026-07-26&limit=5000
SDOW,2019-02-05,947.2,952,936.32,938.88,36551,,https://api.nasdaq.com/api/quote/SDOW/historical?assetclass=etf&fromdate=2016-07-26&todate=2026-07-26&limit=5000
SDOW,2019-02-06,943.36,949.12,935.2704,941.44,23943,,https://api.nasdaq.com/api/quote/SDOW/historical?assetclass=etf&fromdate=2016-07-26&todate=2026-07-26&limit=5000
SDOW,2019-02-07,958.72,982.3744,946.56,961.92,68104,,https://api.nasdaq.com/api/quote/SDOW/historical?assetclass=etf&fromdate=2016-07-26&todate=2026-07-26&limit=5000
SDOW,2019-02-08,979.84,995.0848,969.6,970.88,56153,,https://api.nasdaq.com/api/quote/SDOW/historical?assetclass=etf&fromdate=2016-07-26&todate=2026-07-26&limit=5000
SDOW,2019-02-11,961.28,981.12,959.36,976,35655,,https://api.nasdaq.com/api/quote/SDOW/historical?assetclass=etf&fromdate=2016-07-26&todate=2026-07-26&limit=5000
SDOW,2019-02-12,953.6,954.4128,928.7296,933.76,48696,,https://api.nasdaq.com/api/quote/SDOW/historical?assetclass=etf&fromdate=2016-07-26&todate=2026-07-26&limit=5000
SDOW,2019-02-13,922.88,926.72,910.72,920.96,55345,,https://api.nasdaq.com/api/quote/SDOW/historical?assetclass=etf&fromdate=2016-07-26&todate=2026-07-26&limit=5000
SDOW,2019-02-14,933.76,943.36,915.84,929.92,61853,,https://api.nasdaq.com/api/quote/SDOW/historical?assetclass=etf&fromdate=2016-07-26&todate=2026-07-26&limit=5000
SDOW,2019-02-15,908.16,908.16,881.28,881.92,117779,,https://api.nasdaq.com/api/quote/SDOW/historical?assetclass=etf&fromdate=2016-07-26&todate=2026-07-26&limit=5000
SDOW,2019-02-19,888.32,888.32,872.96,880,46797,,https://api.nasdaq.com/api/quote/SDOW/historical?assetclass=etf&fromdate=2016-07-26&todate=2026-07-26&limit=5000
SDOW,2019-02-20,880,884.8704,870.4,872.96,45831,,https://api.nasdaq.com/api/quote/SDOW/historical?assetclass=etf&fromdate=2016-07-26&todate=2026-07-26&limit=5000
SDOW,2019-02-21,880,893.9008,876.16,884.48,46226,,https://api.nasdaq.com/api/quote/SDOW/historical?assetclass=etf&fromdate=2016-07-26&todate=2026-07-26&limit=5000
SDOW,2019-02-22,876.16,878.272,864,867.2,53482,,https://api.nasdaq.com/api/quote/SDOW/historical?assetclass=etf&fromdate=2016-07-26&todate=2026-07-26&limit=5000
SDOW,2019-02-25,850.56,860.8,844.8,860.8,46743,,https://api.nasdaq.com/api/quote/SDOW/historical?assetclass=etf&fromdate=2016-07-26&todate=2026-07-26&limit=5000
SDOW,2019-02-26,869.12,872.96,853.76,863.36,43871,,https://api.nasdaq.com/api/quote/SDOW/historical?assetclass=etf&fromdate=2016-07-26&todate=2026-07-26&limit=5000
SDOW,2019-02-27,871.04,881.28,864.64,871.04,57870,,https://api.nasdaq.com/api/quote/SDOW/historical?assetclass=etf&fromdate=2016-07-26&todate=2026-07-26&limit=5000
SDOW,2019-02-28,872.32,879.264,865.3056,878.08,45170,,https://api.nasdaq.com/api/quote/SDOW/historical?assetclass=etf&fromdate=2016-07-26&todate=2026-07-26&limit=5000
SDOW,2019-03-01,858.88,877.6256,854.4,865.28,58872,,https://api.nasdaq.com/api/quote/SDOW/historical?assetclass=etf&fromdate=2016-07-26&todate=2026-07-26&limit=5000
SDOW,2019-03-04,854.4,907.9616,853.12,887.04,94530,,https://api.nasdaq.com/api/quote/SDOW/historical?assetclass=etf&fromdate=2016-07-26&todate=2026-07-26&limit=5000
SDOW,2019-03-05,887.68,896.64,881.28,888.96,46382,,https://api.nasdaq.com/api/quote/SDOW/historical?assetclass=etf&fromdate=2016-07-26&todate=2026-07-26&limit=5000
SDOW,2019-03-06,888.32,906.8736,885.216,903.04,68061,,https://api.nasdaq.com/api/quote/SDOW/historical?assetclass=etf&fromdate=2016-07-26&todate=2026-07-26&limit=5000
SDOW,2019-03-07,908.16,936.96,907.52,924.16,102115,,https://api.nasdaq.com/api/quote/SDOW/historical?assetclass=etf&fromdate=2016-07-26&todate=2026-07-26&limit=5000
SDOW,2019-03-08,947.2,947.84,924.16,924.8,93119,,https://api.nasdaq.com/api/quote/SDOW/historical?assetclass=etf&fromdate=2016-07-26&todate=2026-07-26&limit=5000
SDOW,2019-03-11,946.56,950.4,903.04,903.68,104384,,https://api.nasdaq.com/api/quote/SDOW/historical?assetclass=etf&fromdate=2016-07-26&todate=2026-07-26&limit=5000
SDOW,2019-03-12,908.8,918.4,901.76,913.92,53570,,https://api.nasdaq.com/api/quote/SDOW/historical?assetclass=etf&fromdate=2016-07-26&todate=2026-07-26&limit=5000
SDOW,2019-03-13,902.4,912.64,889.6,897.28,72892,,https://api.nasdaq.com/api/quote/SDOW/historical?assetclass=etf&fromdate=2016-07-26&todate=2026-07-26&limit=5000
SDOW,2019-03-14,897.92,906.2336,892.16,896,39732,,https://api.nasdaq.com/api/quote/SDOW/historical?assetclass=etf&fromdate=2016-07-26&todate=2026-07-26&limit=5000
SDOW,2019-03-15,890.24,903.5264,874.24,883.2,55237,,https://api.nasdaq.com/api/quote/SDOW/historical?assetclass=etf&fromdate=2016-07-26&todate=2026-07-26&limit=5000
SDOW,2019-03-18,887.04,889.5936,874.88,876.16,37297,,https://api.nasdaq.com/api/quote/SDOW/historical?assetclass=etf&fromdate=2016-07-26&todate=2026-07-26&limit=5000
SDOW,2019-03-19,865.28,886.4,856.6848,877.44,64827,,https://api.nasdaq.com/api/quote/SDOW/historical?assetclass=etf&fromdate=2016-07-26&todate=2026-07-26&limit=5000
SDOW,2019-03-20,879.36,898.56,872.416,890.88,64004,,https://api.nasdaq.com/api/quote/SDOW/historical?assetclass=etf&fromdate=2016-07-26&todate=2026-07-26&limit=5000
SDOW,2019-03-21,902.4,902.4,864.64,869.12,63444,,https://api.nasdaq.com/api/quote/SDOW/historical?assetclass=etf&fromdate=2016-07-26&todate=2026-07-26&limit=5000
SDOW,2019-03-22,883.84,915.84,877.76,915.2,111125,,https://api.nasdaq.com/api/quote/SDOW/historical?assetclass=etf&fromdate=2016-07-26&todate=2026-07-26&limit=5000
SDOW,2019-03-25,918.4,930.0416,904.96,914.56,88026,,https://api.nasdaq.com/api/quote/SDOW/historical?assetclass=etf&fromdate=2016-07-26&todate=2026-07-26&limit=5000
SDOW,2019-03-26,892.8,911.9936,884.48,899.2,64541,,https://api.nasdaq.com/api/quote/SDOW/historical?assetclass=etf&fromdate=2016-07-26&todate=2026-07-26&limit=5000
SDOW,2019-03-27,897.28,924.7936,888.96,903.68,76985,,https://api.nasdaq.com/api/quote/SDOW/historical?assetclass=etf&fromdate=2016-07-26&todate=2026-07-26&limit=5000
SDOW,2019-03-28,896,909.44,890.88,893.44,41662,,https://api.nasdaq.com/api/quote/SDOW/historical?assetclass=etf&fromdate=2016-07-26&todate=2026-07-26&limit=5000
SDOW,2019-03-29,878.08,888.96,870.4,872.32,48892,,https://api.nasdaq.com/api/quote/SDOW/historical?assetclass=etf&fromdate=2016-07-26&todate=2026-07-26&limit=5000
SDOW,2019-04-01,852.48,858.2336,837.12,840.32,95048,,https://api.nasdaq.com/api/quote/SDOW/historical?assetclass=etf&fromdate=2016-07-26&todate=2026-07-26&limit=5000
SDOW,2019-04-02,843.52,852.48,842.88,847.36,36185,,https://api.nasdaq.com/api/quote/SDOW/historical?assetclass=etf&fromdate=2016-07-26&todate=2026-07-26&limit=5000
SDOW,2019-04-03,838.4,851.2,837.12,844.16,47058,,https://api.nasdaq.com/api/quote/SDOW/historical?assetclass=etf&fromdate=2016-07-26&todate=2026-07-26&limit=5000
SDOW,2019-04-04,842.88,842.88,825.6,826.88,80448,,https://api.nasdaq.com/api/quote/SDOW/historical?assetclass=etf&fromdate=2016-07-26&todate=2026-07-26&limit=5000
SDOW,2019-04-05,820.48,828.8,817.92,823.04,37158,,https://api.nasdaq.com/api/quote/SDOW/historical?assetclass=etf&fromdate=2016-07-26&todate=2026-07-26&limit=5000
SDOW,2019-04-08,837.12,840.96,831.36,832.64,36789,,https://api.nasdaq.com/api/quote/SDOW/historical?assetclass=etf&fromdate=2016-07-26&todate=2026-07-26&limit=5000
SDOW,2019-04-09,843.52,854.4,843.52,849.28,40458,,https://api.nasdaq.com/api/quote/SDOW/historical?assetclass=etf&fromdate=2016-07-26&todate=2026-07-26&limit=5000
SDOW,2019-04-10,844.8,855.04,844.384,849.28,26827,,https://api.nasdaq.com/api/quote/SDOW/historical?assetclass=etf&fromdate=2016-07-26&todate=2026-07-26&limit=5000
SDOW,2019-04-11,844.8,858.88,842.88,850.56,25577,,https://api.nasdaq.com/api/quote/SDOW/historical?assetclass=etf&fromdate=2016-07-26&todate=2026-07-26&limit=5000
SDOW,2019-04-12,828.16,835.008,822.4,826.24,48049,,https://api.nasdaq.com/api/quote/SDOW/historical?assetclass=etf&fromdate=2016-07-26&todate=2026-07-26&limit=5000
SDOW,2019-04-15,826.24,834.0416,824.64,828.16,23459,,https://api.nasdaq.com/api/quote/SDOW/historical?assetclass=etf&fromdate=2016-07-26&todate=2026-07-26&limit=5000
SDOW,2019-04-16,814.08,826.88,814.08,822.4,31388,,https://api.nasdaq.com/api/quote/SDOW/historical?assetclass=etf&fromdate=2016-07-26&todate=2026-07-26&limit=5000
SDOW,2019-04-17,815.36,827.52,815.36,823.04,32382,,https://api.nasdaq.com/api/quote/SDOW/historical?assetclass=etf&fromdate=2016-07-26&todate=2026-07-26&limit=5000
SDOW,2019-04-18,816.64,822.4,808,812.16,50610,,https://api.nasdaq.com/api/quote/SDOW/historical?assetclass=etf&fromdate=2016-07-26&todate=2026-07-26&limit=5000
SDOW,2019-04-22,821.76,822.4,812.8,816,24765,,https://api.nasdaq.com/api/quote/SDOW/historical?assetclass=etf&fromdate=2016-07-26&todate=2026-07-26&limit=5000
SDOW,2019-04-23,812.8,816.4992,800,804.48,37585,,https://api.nasdaq.com/api/quote/SDOW/historical?assetclass=etf&fromdate=2016-07-26&todate=2026-07-26&limit=5000
SDOW,2019-04-24,803.84,810.24,801.92,809.6,24594,,https://api.nasdaq.com/api/quote/SDOW/historical?assetclass=etf&fromdate=2016-07-26&todate=2026-07-26&limit=5000
SDOW,2019-04-25,824.32,835.84,815.36,821.12,41526,,https://api.nasdaq.com/api/quote/SDOW/historical?assetclass=etf&fromdate=2016-07-26&todate=2026-07-26&limit=5000
SDOW,2019-04-26,823.04,828.16,814.08,815.36,32668,,https://api.nasdaq.com/api/quote/SDOW/historical?assetclass=etf&fromdate=2016-07-26&todate=2026-07-26&limit=5000
SDOW,2019-04-29,815.36,817.0816,809.6,814.72,36730,,https://api.nasdaq.com/api/quote/SDOW/historical?assetclass=etf&fromdate=2016-07-26&todate=2026-07-26&limit=5000
SDOW,2019-04-30,807.68,826.1376,807.68,810.24,31937,,https://api.nasdaq.com/api/quote/SDOW/historical?assetclass=etf&fromdate=2016-07-26&todate=2026-07-26&limit=5000
SDOW,2019-05-01,803.84,826.24,801.92,826.24,35750,,https://api.nasdaq.com/api/quote/SDOW/historical?assetclass=etf&fromdate=2016-07-26&todate=2026-07-26&limit=5000
SDOW,2019-05-02,830.08,849.92,823.68,838.4,60596,,https://api.nasdaq.com/api/quote/SDOW/historical?assetclass=etf&fromdate=2016-07-26&todate=2026-07-26&limit=5000
SDOW,2019-05-03,824.32,832,816,819.84,37969,,https://api.nasdaq.com/api/quote/SDOW/historical?assetclass=etf&fromdate=2016-07-26&todate=2026-07-26&limit=5000
SDOW,2019-05-06,862.72,864.64,821.76,825.6,76275,,https://api.nasdaq.com/api/quote/SDOW/historical?assetclass=etf&fromdate=2016-07-26&todate=2026-07-26&limit=5000
SDOW,2019-05-07,848.64,886.4,842.56,870.4,111289,,https://api.nasdaq.com/api/quote/SDOW/historical?assetclass=etf&fromdate=2016-07-26&todate=2026-07-26&limit=5000
SDOW,2019-05-08,871.68,878.0544,855.04,870.4,80965,,https://api.nasdaq.com/api/quote/SDOW/historical?assetclass=etf&fromdate=2016-07-26&todate=2026-07-26&limit=5000
SDOW,2019-05-09,888.96,912.64,875.9232,880.64,111021,,https://api.nasdaq.com/api/quote/SDOW/historical?assetclass=etf&fromdate=2016-07-26&todate=2026-07-26&limit=5000
SDOW,2019-05-10,889.6,917.12,860.8,867.84,121203,,https://api.nasdaq.com/api/quote/SDOW/historical?assetclass=etf&fromdate=2016-07-26&todate=2026-07-26&limit=5000
SDOW,2019-05-13,920.96,940.8,909.44,931.84,111497,,https://api.nasdaq.com/api/quote/SDOW/historical?assetclass=etf&fromdate=2016-07-26&todate=2026-07-26&limit=5000
SDOW,2019-05-14,921.6,923.52,890.88,906.88,80727,,https://api.nasdaq.com/api/quote/SDOW/historical?assetclass=etf&fromdate=2016-07-26&todate=2026-07-26&limit=5000
SDOW,2019-05-15,925.44,928.64,887.68,896.64,79387,,https://api.nasdaq.com/api/quote/SDOW/historical?assetclass=etf&fromdate=2016-07-26&todate=2026-07-26&limit=5000
SDOW,2019-05-16,884.48,886.4,862.7264,872.96,59009,,https://api.nasdaq.com/api/quote/SDOW/historical?assetclass=etf&fromdate=2016-07-26&todate=2026-07-26&limit=5000
SDOW,2019-05-17,894.08,896.64,863.9936,882.56,73418,,https://api.nasdaq.com/api/quote/SDOW/historical?assetclass=etf&fromdate=2016-07-26&todate=2026-07-26&limit=5000
SDOW,2019-05-20,897.28,904.3136,883.84,891.52,49796,,https://api.nasdaq.com/api/quote/SDOW/historical?assetclass=etf&fromdate=2016-07-26&todate=2026-07-26&limit=5000
SDOW,2019-05-21,876.16,881.9136,869.12,872.96,39236,,https://api.nasdaq.com/api/quote/SDOW/historical?assetclass=etf&fromdate=2016-07-26&todate=2026-07-26&limit=5000
SDOW,2019-05-22,880,883.84,871.36,881.28,27840,,https://api.nasdaq.com/api/quote/SDOW/historical?assetclass=etf&fromdate=2016-07-26&todate=2026-07-26&limit=5000
SDOW,2019-05-23,906.24,927.36,906.24,910.08,74840,,https://api.nasdaq.com/api/quote/SDOW/historical?assetclass=etf&fromdate=2016-07-26&todate=2026-07-26&limit=5000
SDOW,2019-05-24,896.48,909.9984,892.32,899.2,287639,,https://api.nasdaq.com/api/quote/SDOW/historical?assetclass=etf&fromdate=2016-07-26&todate=2026-07-26&limit=5000
SDOW,2019-05-28,897.12,926.08,886.88,926.08,115763,,https://api.nasdaq.com/api/quote/SDOW/historical?assetclass=etf&fromdate=2016-07-26&todate=2026-07-26&limit=5000
SDOW,2019-05-29,941.6,970.1312,939.68,949.76,213106,,https://api.nasdaq.com/api/quote/SDOW/historical?assetclass=etf&fromdate=2016-07-26&todate=2026-07-26&limit=5000
SDOW,2019-05-30,945.6,956.48,939.36,944,200215,,https://api.nasdaq.com/api/quote/SDOW/historical?assetclass=etf&fromdate=2016-07-26&todate=2026-07-26&limit=5000
SDOW,2019-05-31,971.52,985.12,964.976,983.84,149322,,https://api.nasdaq.com/api/quote/SDOW/historical?assetclass=etf&fromdate=2016-07-26&todate=2026-07-26&limit=5000
SDOW,2019-06-03,985.76,1000.64,970.224,984.96,154843,,https://api.nasdaq.com/api/quote/SDOW/historical?assetclass=etf&fromdate=2016-07-26&todate=2026-07-26&limit=5000
SDOW,2019-06-04,957.12,959.52,921.92,923.52,136214,,https://api.nasdaq.com/api/quote/SDOW/historical?assetclass=etf&fromdate=2016-07-26&todate=2026-07-26&limit=5000
SDOW,2019-06-05,905.28,917.7936,899.2,899.52,98834,,https://api.nasdaq.com/api/quote/SDOW/historical?assetclass=etf&fromdate=2016-07-26&todate=2026-07-26&limit=5000
SDOW,2019-06-06,895.84,902.56,872.8,880.96,81327,,https://api.nasdaq.com/api/quote/SDOW/historical?assetclass=etf&fromdate=2016-07-26&todate=2026-07-26&limit=5000
SDOW,2019-06-07,871.68,872.8,844.8,854.08,90350,,https://api.nasdaq.com/api/quote/SDOW/historical?assetclass=etf&fromdate=2016-07-26&todate=2026-07-26&limit=5000
SDOW,2019-06-10,837.28,847.344,831.68,846.88,55735,,https://api.nasdaq.com/api/quote/SDOW/historical?assetclass=etf&fromdate=2016-07-26&todate=2026-07-26&limit=5000
SDOW,2019-06-11,830.56,852.8,828.32,848,60145,,https://api.nasdaq.com/api/quote/SDOW/historical?assetclass=etf&fromdate=2016-07-26&todate=2026-07-26&limit=5000
SDOW,2019-06-12,849.12,857.12,844.48,851.52,53071,,https://api.nasdaq.com/api/quote/SDOW/historical?assetclass=etf&fromdate=2016-07-26&todate=2026-07-26&limit=5000
SDOW,2019-06-13,843.68,853.44,838.72,841.6,59513,,https://api.nasdaq.com/api/quote/SDOW/historical?assetclass=etf&fromdate=2016-07-26&todate=2026-07-26&limit=5000
SDOW,2019-06-14,845.44,853.3312,836.64,843.04,47068,,https://api.nasdaq.com/api/quote/SDOW/historical?assetclass=etf&fromdate=2016-07-26&todate=2026-07-26&limit=5000
SDOW,2019-06-17,842.56,848.16,836.64,842.24,36325,,https://api.nasdaq.com/api/quote/SDOW/historical?assetclass=etf&fromdate=2016-07-26&todate=2026-07-26&limit=5000
SDOW,2019-06-18,826.56,829.28,801.76,807.2,114881,,https://api.nasdaq.com/api/quote/SDOW/historical?assetclass=etf&fromdate=2016-07-26&todate=2026-07-26&limit=5000
SDOW,2019-06-19,805.44,812.8,798.4,804.16,97731,,https://api.nasdaq.com/api/quote/SDOW/historical?assetclass=etf&fromdate=2016-07-26&todate=2026-07-26&limit=5000
SDOW,2019-06-20,781.92,801.8768,778.4336,783.52,125806,,https://api.nasdaq.com/api/quote/SDOW/historical?assetclass=etf&fromdate=2016-07-26&todate=2026-07-26&limit=5000
SDOW,2019-06-21,784,787.04,769.12,785.28,92790,,https://api.nasdaq.com/api/quote/SDOW/historical?assetclass=etf&fromdate=2016-07-26&todate=2026-07-26&limit=5000
SDOW,2019-06-24,784.96,785.76,778.3312,785.28,60534,,https://api.nasdaq.com/api/quote/SDOW/historical?assetclass=etf&fromdate=2016-07-26&todate=2026-07-26&limit=5000
SDOW,2019-06-25,778.56,798.24,778.4,795.84,139544,,https://api.nasdaq.com/api/quote/SDOW/historical?assetclass=etf&fromdate=2016-07-26&todate=2026-07-26&limit=5000
SDOW,2019-06-26,789.6,797.92,786.56,797.28,104453,,https://api.nasdaq.com/api/quote/SDOW/historical?assetclass=etf&fromdate=2016-07-26&todate=2026-07-26&limit=5000
SDOW,2019-06-27,796.48,804.8,792,799.84,75518,,https://api.nasdaq.com/api/quote/SDOW/historical?assetclass=etf&fromdate=2016-07-26&todate=2026-07-26&limit=5000
SDOW,2019-06-28,791.84,799.84,789.28,793.28,74703,,https://api.nasdaq.com/api/quote/SDOW/historical?assetclass=etf&fromdate=2016-07-26&todate=2026-07-26&limit=5000
SDOW,2019-07-01,769.76,791.68,767.2,782.88,105002,,https://api.nasdaq.com/api/quote/SDOW/historical?assetclass=etf&fromdate=2016-07-26&todate=2026-07-26&limit=5000
SDOW,2019-07-02,784.8,790.56,776.48,776.48,56131,,https://api.nasdaq.com/api/quote/SDOW/historical?assetclass=etf&fromdate=2016-07-26&todate=2026-07-26&limit=5000
SDOW,2019-07-03,772,772.16,760.96,760.96,37436,,https://api.nasdaq.com/api/quote/SDOW/historical?assetclass=etf&fromdate=2016-07-26&todate=2026-07-26&limit=5000
SDOW,2019-07-05,769.28,780.32,761.92,764.16,58264,,https://api.nasdaq.com/api/quote/SDOW/historical?assetclass=etf&fromdate=2016-07-26&todate=2026-07-26&limit=5000
SDOW,2019-07-08,775.36,779.2,771.216,774.4,36233,,https://api.nasdaq.com/api/quote/SDOW/historical?assetclass=etf&fromdate=2016-07-26&todate=2026-07-26&limit=5000
SDOW,2019-07-09,785.76,786.4,773.9184,775.36,37700,,https://api.nasdaq.com/api/quote/SDOW/historical?assetclass=etf&fromdate=2016-07-26&todate=2026-07-26&limit=5000
SDOW,2019-07-10,768,773.76,758.72,769.92,57263,,https://api.nasdaq.com/api/quote/SDOW/historical?assetclass=etf&fromdate=2016-07-26&todate=2026-07-26&limit=5000
SDOW,2019-07-11,761.44,765.12,750.56,750.56,86836,,https://api.nasdaq.com/api/quote/SDOW/historical?assetclass=etf&fromdate=2016-07-26&todate=2026-07-26&limit=5000
SDOW,2019-07-12,744.16,745.12,730.4,731.36,120933,,https://api.nasdaq.com/api/quote/SDOW/historical?assetclass=etf&fromdate=2016-07-26&todate=2026-07-26&limit=5000
SDOW,2019-07-15,728.8,734.08,728.8,728.8,66477,,https://api.nasdaq.com/api/quote/SDOW/historical?assetclass=etf&fromdate=2016-07-26&todate=2026-07-26&limit=5000
SDOW,2019-07-16,729.44,734.4,725.6,730.88,80246,,https://api.nasdaq.com/api/quote/SDOW/historical?assetclass=etf&fromdate=2016-07-26&todate=2026-07-26&limit=5000
SDOW,2019-07-17,732.32,740.48,730.48,740.48,63023,,https://api.nasdaq.com/api/quote/SDOW/historical?assetclass=etf&fromdate=2016-07-26&todate=2026-07-26&limit=5000
SDOW,2019-07-18,745.76,752.1616,736.3216,740.64,99946,,https://api.nasdaq.com/api/quote/SDOW/historical?assetclass=etf&fromdate=2016-07-26&todate=2026-07-26&limit=5000
SDOW,2019-07-19,730.72,745.9184,730.08,745.28,59791,,https://api.nasdaq.com/api/quote/SDOW/historical?assetclass=etf&fromdate=2016-07-26&todate=2026-07-26&limit=5000
SDOW,2019-07-22,742.72,750.88,739.84,743.2,72601,,https://api.nasdaq.com/api/quote/SDOW/historical?assetclass=etf&fromdate=2016-07-26&todate=2026-07-26&limit=5000
SDOW,2019-07-23,734.72,741.44,727.84,729.76,76524,,https://api.nasdaq.com/api/quote/SDOW/historical?assetclass=etf&fromdate=2016-07-26&todate=2026-07-26&limit=5000
SDOW,2019-07-24,738.56,742.24,734.08,736.48,61447,,https://api.nasdaq.com/api/quote/SDOW/historical?assetclass=etf&fromdate=2016-07-26&todate=2026-07-26&limit=5000
SDOW,2019-07-25,736.96,753.28,736.96,746.4,84326,,https://api.nasdaq.com/api/quote/SDOW/historical?assetclass=etf&fromdate=2016-07-26&todate=2026-07-26&limit=5000
SDOW,2019-07-26,744.16,748.64,741.28,742.56,49669,,https://api.nasdaq.com/api/quote/SDOW/historical?assetclass=etf&fromdate=2016-07-26&todate=2026-07-26&limit=5000
SDOW,2019-07-29,742.72,744.32,736.16,740.96,38991,,https://api.nasdaq.com/api/quote/SDOW/historical?assetclass=etf&fromdate=2016-07-26&todate=2026-07-26&limit=5000
SDOW,2019-07-30,749.92,753.12,740.48,742.24,54294,,https://api.nasdaq.com/api/quote/SDOW/historical?assetclass=etf&fromdate=2016-07-26&todate=2026-07-26&limit=5000
SDOW,2019-07-31,738.88,782.24,736.48,770.88,117867,,https://api.nasdaq.com/api/quote/SDOW/historical?assetclass=etf&fromdate=2016-07-26&todate=2026-07-26&limit=5000
SDOW,2019-08-01,768.48,797.76,743.632,794.88,198113,,https://api.nasdaq.com/api/quote/SDOW/historical?assetclass=etf&fromdate=2016-07-26&todate=2026-07-26&limit=5000
SDOW,2019-08-02,800,824.96,795.84,804.32,171492,,https://api.nasdaq.com/api/quote/SDOW/historical?assetclass=etf&fromdate=2016-07-26&todate=2026-07-26&limit=5000
SDOW,2019-08-05,838.08,891.9776,837.28,874.56,193943,,https://api.nasdaq.com/api/quote/SDOW/historical?assetclass=etf&fromdate=2016-07-26&todate=2026-07-26&limit=5000
SDOW,2019-08-06,859.2,874.88,841.28,842.4,156686,,https://api.nasdaq.com/api/quote/SDOW/historical?assetclass=etf&fromdate=2016-07-26&todate=2026-07-26&limit=5000
SDOW,2019-08-07,873.12,899.52,838.08,844.64,164655,,https://api.nasdaq.com/api/quote/SDOW/historical?assetclass=etf&fromdate=2016-07-26&todate=2026-07-26&limit=5000
SDOW,2019-08-08,831.52,839.84,805.6,805.92,80785,,https://api.nasdaq.com/api/quote/SDOW/historical?assetclass=etf&fromdate=2016-07-26&todate=2026-07-26&limit=5000
SDOW,2019-08-09,812,831.68,802.56,814.4,123777,,https://api.nasdaq.com/api/quote/SDOW/historical?assetclass=etf&fromdate=2016-07-26&todate=2026-07-26&limit=5000
SDOW,2019-08-12,830.56,857.12,823.856,849.12,89898,,https://api.nasdaq.com/api/quote/SDOW/historical?assetclass=etf&fromdate=2016-07-26&todate=2026-07-26&limit=5000
SDOW,2019-08-13,853.76,857.44,798.56,811.84,126202,,https://api.nasdaq.com/api/quote/SDOW/historical?assetclass=etf&fromdate=2016-07-26&todate=2026-07-26&limit=5000
SDOW,2019-08-14,850.56,887.84,844.64,886.24,160797,,https://api.nasdaq.com/api/quote/SDOW/historical?assetclass=etf&fromdate=2016-07-26&todate=2026-07-26&limit=5000
SDOW,2019-08-15,876,900.48,869.12,874.88,137806,,https://api.nasdaq.com/api/quote/SDOW/historical?assetclass=etf&fromdate=2016-07-26&todate=2026-07-26&limit=5000
SDOW,2019-08-16,858.56,863.2,838.88,842.72,79791,,https://api.nasdaq.com/api/quote/SDOW/historical?assetclass=etf&fromdate=2016-07-26&todate=2026-07-26&limit=5000
SDOW,2019-08-19,811.04,823.76,809.6016,819.2,79965,,https://api.nasdaq.com/api/quote/SDOW/historical?assetclass=etf&fromdate=2016-07-26&todate=2026-07-26&limit=5000
SDOW,2019-08-20,822.24,836.32,816.6176,835.04,61796,,https://api.nasdaq.com/api/quote/SDOW/historical?assetclass=etf&fromdate=2016-07-26&todate=2026-07-26&limit=5000
SDOW,2019-08-21,813.44,816.8,805.968,811.2,92671,,https://api.nasdaq.com/api/quote/SDOW/historical?assetclass=etf&fromdate=2016-07-26&todate=2026-07-26&limit=5000
SDOW,2019-08-22,805.92,821.5984,795.52,808.16,90788,,https://api.nasdaq.com/api/quote/SDOW/historical?assetclass=etf&fromdate=2016-07-26&todate=2026-07-26&limit=5000
SDOW,2019-08-23,820.16,876.96,801.76,865.44,193699,,https://api.nasdaq.com/api/quote/SDOW/historical?assetclass=etf&fromdate=2016-07-26&todate=2026-07-26&limit=5000
SDOW,2019-08-26,837.92,856.208,833.6016,836.96,103445,,https://api.nasdaq.com/api/quote/SDOW/historical?assetclass=etf&fromdate=2016-07-26&todate=2026-07-26&limit=5000
SDOW,2019-08-27,823.04,855.2,822.24,850.08,108281,,https://api.nasdaq.com/api/quote/SDOW/historical?assetclass=etf&fromdate=2016-07-26&todate=2026-07-26&limit=5000
SDOW,2019-08-28,857.44,864.32,824,825.12,107267,,https://api.nasdaq.com/api/quote/SDOW/historical?assetclass=etf&fromdate=2016-07-26&todate=2026-07-26&limit=5000
SDOW,2019-08-29,800.32,809.76,788.32,792.48,117261,,https://api.nasdaq.com/api/quote/SDOW/historical?assetclass=etf&fromdate=2016-07-26&todate=2026-07-26&limit=5000
SDOW,2019-08-30,779.68,798.24,778.4,789.28,84595,,https://api.nasdaq.com/api/quote/SDOW/historical?assetclass=etf&fromdate=2016-07-26&todate=2026-07-26&limit=5000
SDOW,2019-09-03,808.16,826.4,807.2,813.76,96627,,https://api.nasdaq.com/api/quote/SDOW/historical?assetclass=etf&fromdate=2016-07-26&todate=2026-07-26&limit=5000
SDOW,2019-09-04,794.08,801.76,790.72,790.88,75895,,https://api.nasdaq.com/api/quote/SDOW/historical?assetclass=etf&fromdate=2016-07-26&todate=2026-07-26&limit=5000
SDOW,2019-09-05,765.76,766.4,748.32,757.6,131718,,https://api.nasdaq.com/api/quote/SDOW/historical?assetclass=etf&fromdate=2016-07-26&todate=2026-07-26&limit=5000
SDOW,2019-09-06,754.24,760,747.04,752.16,81166,,https://api.nasdaq.com/api/quote/SDOW/historical?assetclass=etf&fromdate=2016-07-26&todate=2026-07-26&limit=5000
SDOW,2019-09-09,748,754.88,743.36,748.16,61078,,https://api.nasdaq.com/api/quote/SDOW/historical?assetclass=etf&fromdate=2016-07-26&todate=2026-07-26&limit=5000
SDOW,2019-09-10,752.16,759.04,743.36,743.36,73473,,https://api.nasdaq.com/api/quote/SDOW/historical?assetclass=etf&fromdate=2016-07-26&todate=2026-07-26&limit=5000
SDOW,2019-09-11,740.8,744.8,724.64,725.44,84229,,https://api.nasdaq.com/api/quote/SDOW/historical?assetclass=etf&fromdate=2016-07-26&todate=2026-07-26&limit=5000
SDOW,2019-09-12,718.08,727.04,711.04,720.96,116989,,https://api.nasdaq.com/api/quote/SDOW/historical?assetclass=etf&fromdate=2016-07-26&todate=2026-07-26&limit=5000
SDOW,2019-09-13,715.04,719.0416,712.592,718.08,70254,,https://api.nasdaq.com/api/quote/SDOW/historical?assetclass=etf&fromdate=2016-07-26&todate=2026-07-26&limit=5000
SDOW,2019-09-16,725.76,732.16,721.5984,729.28,67647,,https://api.nasdaq.com/api/quote/SDOW/historical?assetclass=etf&fromdate=2016-07-26&todate=2026-07-26&limit=5000
SDOW,2019-09-17,734.08,736,726.24,727.04,45866,,https://api.nasdaq.com/api/quote/SDOW/historical?assetclass=etf&fromdate=2016-07-26&todate=2026-07-26&limit=5000
SDOW,2019-09-18,729.28,743.0288,721.92,723.68,56332,,https://api.nasdaq.com/api/quote/SDOW/historical?assetclass=etf&fromdate=2016-07-26&todate=2026-07-26&limit=5000
SDOW,2019-09-19,720.16,730.4,713.92,728.64,58941,,https://api.nasdaq.com/api/quote/SDOW/historical?assetclass=etf&fromdate=2016-07-26&todate=2026-07-26&limit=5000
SDOW,2019-09-20,724.32,741.92,720.48,740.8,76364,,https://api.nasdaq.com/api/quote/SDOW/historical?assetclass=etf&fromdate=2016-07-26&todate=2026-07-26&limit=5000
SDOW,2019-09-23,749.28,750.3984,734.976,739.52,48270,,https://api.nasdaq.com/api/quote/SDOW/historical?assetclass=etf&fromdate=2016-07-26&todate=2026-07-26&limit=5000
SDOW,2019-09-24,731.36,760.2032,729.824,750.4,109798,,https://api.nasdaq.com/api/quote/SDOW/historical?assetclass=etf&fromdate=2016-07-26&todate=2026-07-26&limit=5000
SDOW,2019-09-25,743.84,752.4208,730.4,733.92,78322,,https://api.nasdaq.com/api/quote/SDOW/historical?assetclass=etf&fromdate=2016-07-26&todate=2026-07-26&limit=5000
SDOW,2019-09-26,731.36,748.4752,731.36,740.64,54398,,https://api.nasdaq.com/api/quote/SDOW/historical?assetclass=etf&fromdate=2016-07-26&todate=2026-07-26&limit=5000
SDOW,2019-09-27,735.2,756.16,731.68,747.68,110976,,https://api.nasdaq.com/api/quote/SDOW/historical?assetclass=etf&fromdate=2016-07-26&todate=2026-07-26&limit=5000
SDOW,2019-09-30,744,744,732.8,738.56,63134,,https://api.nasdaq.com/api/quote/SDOW/historical?assetclass=etf&fromdate=2016-07-26&todate=2026-07-26&limit=5000
SDOW,2019-10-01,733.12,768.96,729.28,768,98171,,https://api.nasdaq.com/api/quote/SDOW/historical?assetclass=etf&fromdate=2016-07-26&todate=2026-07-26&limit=5000
SDOW,2019-10-02,781.92,820.192,781.92,810.08,153547,,https://api.nasdaq.com/api/quote/SDOW/historical?assetclass=etf&fromdate=2016-07-26&todate=2026-07-26&limit=5000
SDOW,2019-10-03,814.88,841.6,798.7216,799.36,166304,,https://api.nasdaq.com/api/quote/SDOW/historical?assetclass=etf&fromdate=2016-07-26&todate=2026-07-26&limit=5000
SDOW,2019-10-04,790.56,792.48,764.072,766.4,111614,,https://api.nasdaq.com/api/quote/SDOW/historical?assetclass=etf&fromdate=2016-07-26&todate=2026-07-26&limit=5000
SDOW,2019-10-07,772.8,778.56,758.56,774.4,91476,,https://api.nasdaq.com/api/quote/SDOW/historical?assetclass=etf&fromdate=2016-07-26&todate=2026-07-26&limit=5000
SDOW,2019-10-08,792,803.36,778.4,801.12,134741,,https://api.nasdaq.com/api/quote/SDOW/historical?assetclass=etf&fromdate=2016-07-26&todate=2026-07-26&limit=5000
SDOW,2019-10-09,784.16,793.44,777.44,784.32,64192,,https://api.nasdaq.com/api/quote/SDOW/historical?assetclass=etf&fromdate=2016-07-26&todate=2026-07-26&limit=5000
SDOW,2019-10-10,787.36,787.92,762.08,770.56,88708,,https://api.nasdaq.com/api/quote/SDOW/historical?assetclass=etf&fromdate=2016-07-26&todate=2026-07-26&limit=5000
SDOW,2019-10-11,747.04,748.16,726.4016,744,160263,,https://api.nasdaq.com/api/quote/SDOW/historical?assetclass=etf&fromdate=2016-07-26&todate=2026-07-26&limit=5000
SDOW,2019-10-14,748.48,749.9184,739.04,745.92,48315,,https://api.nasdaq.com/api/quote/SDOW/historical?assetclass=etf&fromdate=2016-07-26&todate=2026-07-26&limit=5000
SDOW,2019-10-15,736,737.76,718.48,726.4,68907,,https://api.nasdaq.com/api/quote/SDOW/historical?assetclass=etf&fromdate=2016-07-26&todate=2026-07-26&limit=5000
SDOW,2019-10-16,730.24,733.44,723.8896,727.84,49596,,https://api.nasdaq.com/api/quote/SDOW/historical?assetclass=etf&fromdate=2016-07-26&todate=2026-07-26&limit=5000
SDOW,2019-10-17,723.04,731.2,719.52,725.44,67238,,https://api.nasdaq.com/api/quote/SDOW/historical?assetclass=etf&fromdate=2016-07-26&todate=2026-07-26&limit=5000
SDOW,2019-10-18,731.36,746.56,727.392,746.56,64062,,https://api.nasdaq.com/api/quote/SDOW/historical?assetclass=etf&fromdate=2016-07-26&todate=2026-07-26&limit=5000
SDOW,2019-10-21,742.88,748.64,740.8,742.4,46546,,https://api.nasdaq.com/api/quote/SDOW/historical?assetclass=etf&fromdate=2016-07-26&todate=2026-07-26&limit=5000
SDOW,2019-10-22,740,745.92,732.48,744.8,66296,,https://api.nasdaq.com/api/quote/SDOW/historical?assetclass=etf&fromdate=2016-07-26&todate=2026-07-26&limit=5000
SDOW,2019-10-23,742.4,749.28,736.64,741.6,43502,,https://api.nasdaq.com/api/quote/SDOW/historical?assetclass=etf&fromdate=2016-07-26&todate=2026-07-26&limit=5000
SDOW,2019-10-24,735.84,752.16,735.2,744.32,56540,,https://api.nasdaq.com/api/quote/SDOW/historical?assetclass=etf&fromdate=2016-07-26&todate=2026-07-26&limit=5000
SDOW,2019-10-25,747.04,747.68,726.88,732.16,64721,,https://api.nasdaq.com/api/quote/SDOW/historical?assetclass=etf&fromdate=2016-07-26&todate=2026-07-26&limit=5000
SDOW,2019-10-28,721.6,726.4,715.04,721.76,50255,,https://api.nasdaq.com/api/quote/SDOW/historical?assetclass=etf&fromdate=2016-07-26&todate=2026-07-26&limit=5000
SDOW,2019-10-29,724.32,725.6,715.52,720.96,57072,,https://api.nasdaq.com/api/quote/SDOW/historical?assetclass=etf&fromdate=2016-07-26&todate=2026-07-26&limit=5000
SDOW,2019-10-30,721.28,728.96,712.64,714.24,68191,,https://api.nasdaq.com/api/quote/SDOW/historical?assetclass=etf&fromdate=2016-07-26&todate=2026-07-26&limit=5000
SDOW,2019-10-31,716.32,735.68,715.2,725.76,75360,,https://api.nasdaq.com/api/quote/SDOW/historical?assetclass=etf&fromdate=2016-07-26&todate=2026-07-26&limit=5000
SDOW,2019-11-01,713.76,714.8704,702,702.24,100006,,https://api.nasdaq.com/api/quote/SDOW/historical?assetclass=etf&fromdate=2016-07-26&todate=2026-07-26&limit=5000
SDOW,2019-11-04,690.4,696.96,688.64,692.48,54744,,https://api.nasdaq.com/api/quote/SDOW/historical?assetclass=etf&fromdate=2016-07-26&todate=2026-07-26&limit=5000
SDOW,2019-11-05,688.48,693.6,685.44,691.04,57026,,https://api.nasdaq.com/api/quote/SDOW/historical?assetclass=etf&fromdate=2016-07-26&todate=2026-07-26&limit=5000
SDOW,2019-11-06,689.6,696.8,687.696,691.04,61368,,https://api.nasdaq.com/api/quote/SDOW/historical?assetclass=etf&fromdate=2016-07-26&todate=2026-07-26&limit=5000
SDOW,2019-11-07,678.08,678.08,667.0736,674.56,110298,,https://api.nasdaq.com/api/quote/SDOW/historical?assetclass=etf&fromdate=2016-07-26&todate=2026-07-26&limit=5000
SDOW,2019-11-08,673.76,681.44,673.44,674.24,49713,,https://api.nasdaq.com/api/quote/SDOW/historical?assetclass=etf&fromdate=2016-07-26&todate=2026-07-26&limit=5000
SDOW,2019-11-11,683.52,686.56,671.84,674.08,40217,,https://api.nasdaq.com/api/quote/SDOW/historical?assetclass=etf&fromdate=2016-07-26&todate=2026-07-26&limit=5000
SDOW,2019-11-12,671.52,677.44,667.84,672.8,43499,,https://api.nasdaq.com/api/quote/SDOW/historical?assetclass=etf&fromdate=2016-07-26&todate=2026-07-26&limit=5000
SDOW,2019-11-13,680,680.96,665.36,667.52,62184,,https://api.nasdaq.com/api/quote/SDOW/historical?assetclass=etf&fromdate=2016-07-26&todate=2026-07-26&limit=5000
SDOW,2019-11-14,669.28,674.4,665.616,666.72,38261,,https://api.nasdaq.com/api/quote/SDOW/historical?assetclass=etf&fromdate=2016-07-26&todate=2026-07-26&limit=5000
SDOW,2019-11-15,657.6,660.8,650.24,650.24,72255,,https://api.nasdaq.com/api/quote/SDOW/historical?assetclass=etf&fromdate=2016-07-26&todate=2026-07-26&limit=5000
SDOW,2019-11-18,651.68,652.8,647.6,648.0608,47689,,https://api.nasdaq.com/api/quote/SDOW/historical?assetclass=etf&fromdate=2016-07-26&todate=2026-07-26&limit=5000
SDOW,2019-11-19,644.8,657.92,644.16,655.52,48314,,https://api.nasdaq.com/api/quote/SDOW/historical?assetclass=etf&fromdate=2016-07-26&todate=2026-07-26&limit=5000
SDOW,2019-11-20,660,673.416,658.08,662.88,73472,,https://api.nasdaq.com/api/quote/SDOW/historical?assetclass=etf&fromdate=2016-07-26&todate=2026-07-26&limit=5000
SDOW,2019-11-21,662.24,670.56,661.76,666.88,44942,,https://api.nasdaq.com/api/quote/SDOW/historical?assetclass=etf&fromdate=2016-07-26&todate=2026-07-26&limit=5000
SDOW,2019-11-22,661.76,665.904,657.3456,659.36,49776,,https://api.nasdaq.com/api/quote/SDOW/historical?assetclass=etf&fromdate=2016-07-26&todate=2026-07-26&limit=5000
SDOW,2019-11-25,652.8,653.12,644.8,645.44,46099,,https://api.nasdaq.com/api/quote/SDOW/historical?assetclass=etf&fromdate=2016-07-26&todate=2026-07-26&limit=5000
SDOW,2019-11-26,644,646.4,639.68,641.6,44297,,https://api.nasdaq.com/api/quote/SDOW/historical?assetclass=etf&fromdate=2016-07-26&todate=2026-07-26&limit=5000
SDOW,2019-11-27,640.32,643.68,637.6,637.76,34335,,https://api.nasdaq.com/api/quote/SDOW/historical?assetclass=etf&fromdate=2016-07-26&todate=2026-07-26&limit=5000
SDOW,2019-11-29,642.56,645.28,640.16,643.68,26541,,https://api.nasdaq.com/api/quote/SDOW/historical?assetclass=etf&fromdate=2016-07-26&todate=2026-07-26&limit=5000
SDOW,2019-12-02,640.8,663.52,640.8,662.24,68150,,https://api.nasdaq.com/api/quote/SDOW/historical?assetclass=etf&fromdate=2016-07-26&todate=2026-07-26&limit=5000
SDOW,2019-12-03,683.84,696.32,682.08,683.2,135345,,https://api.nasdaq.com/api/quote/SDOW/historical?assetclass=etf&fromdate=2016-07-26&todate=2026-07-26&limit=5000
SDOW,2019-12-04,672,674.56,666.4,672.16,45813,,https://api.nasdaq.com/api/quote/SDOW/historical?assetclass=etf&fromdate=2016-07-26&todate=2026-07-26&limit=5000
SDOW,2019-12-05,665.76,678.4,665.76,669.6,47108,,https://api.nasdaq.com/api/quote/SDOW/historical?assetclass=etf&fromdate=2016-07-26&todate=2026-07-26&limit=5000
SDOW,2019-12-06,655.36,655.36,643.84,645.28,73386,,https://api.nasdaq.com/api/quote/SDOW/historical?assetclass=etf&fromdate=2016-07-26&todate=2026-07-26&limit=5000
SDOW,2019-12-09,647.68,652.32,645.336,651.68,42112,,https://api.nasdaq.com/api/quote/SDOW/historical?assetclass=etf&fromdate=2016-07-26&todate=2026-07-26&limit=5000
SDOW,2019-12-10,652.8,660.0896,649.6,654.56,41938,,https://api.nasdaq.com/api/quote/SDOW/historical?assetclass=etf&fromdate=2016-07-26&todate=2026-07-26&limit=5000
SDOW,2019-12-11,656,660.144,651.3616,652.16,34803,,https://api.nasdaq.com/api/quote/SDOW/historical?assetclass=etf&fromdate=2016-07-26&todate=2026-07-26&limit=5000
SDOW,2019-12-12,653.92,656.2544,630.72,636.96,112581,,https://api.nasdaq.com/api/quote/SDOW/historical?assetclass=etf&fromdate=2016-07-26&todate=2026-07-26&limit=5000
SDOW,2019-12-13,637.6,643.68,626.08,635.68,80391,,https://api.nasdaq.com/api/quote/SDOW/historical?assetclass=etf&fromdate=2016-07-26&todate=2026-07-26&limit=5000
SDOW,2019-12-16,630.08,630.24,622.56,629.6,48686,,https://api.nasdaq.com/api/quote/SDOW/historical?assetclass=etf&fromdate=2016-07-26&todate=2026-07-26&limit=5000
SDOW,2019-12-17,628.96,630.72,623.696,627.52,44436,,https://api.nasdaq.com/api/quote/SDOW/historical?assetclass=etf&fromdate=2016-07-26&todate=2026-07-26&limit=5000
SDOW,2019-12-18,624.8,629.44,624.48,628.8,38528,,https://api.nasdaq.com/api/quote/SDOW/historical?assetclass=etf&fromdate=2016-07-26&todate=2026-07-26&limit=5000
SDOW,2019-12-19,626.4,626.88,620.64,620.8,42977,,https://api.nasdaq.com/api/quote/SDOW/historical?assetclass=etf&fromdate=2016-07-26&todate=2026-07-26&limit=5000
SDOW,2019-12-20,614.08,616.3296,611.536,615.68,50389,,https://api.nasdaq.com/api/quote/SDOW/historical?assetclass=etf&fromdate=2016-07-26&todate=2026-07-26&limit=5000
SDOW,2019-12-23,608.96,610.72,607.84,609.44,43427,,https://api.nasdaq.com/api/quote/SDOW/historical?assetclass=etf&fromdate=2016-07-26&todate=2026-07-26&limit=5000
SDOW,2019-12-24,606.24,610.72,606.24,609.6,18880,,https://api.nasdaq.com/api/quote/SDOW/historical?assetclass=etf&fromdate=2016-07-26&todate=2026-07-26&limit=5000
SDOW,2019-12-26,607.84,608.968,603.2,603.2,28331,,https://api.nasdaq.com/api/quote/SDOW/historical?assetclass=etf&fromdate=2016-07-26&todate=2026-07-26&limit=5000
SDOW,2019-12-27,598.4,604.48,598.4,601.6,40388,,https://api.nasdaq.com/api/quote/SDOW/historical?assetclass=etf&fromdate=2016-07-26&todate=2026-07-26&limit=5000
SDOW,2019-12-30,601.92,615.92,601.76,613.28,66271,,https://api.nasdaq.com/api/quote/SDOW/historical?assetclass=etf&fromdate=2016-07-26&todate=2026-07-26&limit=5000
SDOW,2019-12-31,618.24,620,608.56,609.28,49307,,https://api.nasdaq.com/api/quote/SDOW/historical?assetclass=etf&fromdate=2016-07-26&todate=2026-07-26&limit=5000
SDOW,2020-01-02,601.6,602.88,587.68,588,81137,,https://api.nasdaq.com/api/quote/SDOW/historical?assetclass=etf&fromdate=2016-07-26&todate=2026-07-26&limit=5000
SDOW,2020-01-03,607.68,608.16,596.9616,601.92,82847,,https://api.nasdaq.com/api/quote/SDOW/historical?assetclass=etf&fromdate=2016-07-26&todate=2026-07-26&limit=5000
SDOW,2020-01-06,614.72,615.52,597.44,597.44,83490,,https://api.nasdaq.com/api/quote/SDOW/historical?assetclass=etf&fromdate=2016-07-26&todate=2026-07-26&limit=5000
SDOW,2020-01-07,601.92,606.4,599.2,605.28,52514,,https://api.nasdaq.com/api/quote/SDOW/historical?assetclass=etf&fromdate=2016-07-26&todate=2026-07-26&limit=5000
SDOW,2020-01-08,608,609.3312,587.552,595.2,96614,,https://api.nasdaq.com/api/quote/SDOW/historical?assetclass=etf&fromdate=2016-07-26&todate=2026-07-26&limit=5000
SDOW,2020-01-09,585.92,589.12,580.288,581.6,92101,,https://api.nasdaq.com/api/quote/SDOW/historical?assetclass=etf&fromdate=2016-07-26&todate=2026-07-26&limit=5000
SDOW,2020-01-10,580,592.4,579.016,589.76,83638,,https://api.nasdaq.com/api/quote/SDOW/historical?assetclass=etf&fromdate=2016-07-26&todate=2026-07-26&limit=5000
SDOW,2020-01-13,586.56,590.56,585.0064,585.28,49425,,https://api.nasdaq.com/api/quote/SDOW/historical?assetclass=etf&fromdate=2016-07-26&todate=2026-07-26&limit=5000
SDOW,2020-01-14,586.4,587.2,576.48,584,140918,,https://api.nasdaq.com/api/quote/SDOW/historical?assetclass=etf&fromdate=2016-07-26&todate=2026-07-26&limit=5000
SDOW,2020-01-15,585.76,585.92,572.16,577.28,102084,,https://api.nasdaq.com/api/quote/SDOW/historical?assetclass=etf&fromdate=2016-07-26&todate=2026-07-26&limit=5000
SDOW,2020-01-16,570.24,571.04,562.1248,562.56,92256,,https://api.nasdaq.com/api/quote/SDOW/historical?assetclass=etf&fromdate=2016-07-26&todate=2026-07-26&limit=5000
SDOW,2020-01-17,558.24,562.5328,557.76,560,79274,,https://api.nasdaq.com/api/quote/SDOW/historical?assetclass=etf&fromdate=2016-07-26&todate=2026-07-26&limit=5000
SDOW,2020-01-21,564.96,570.72,559.8384,568,98059,,https://api.nasdaq.com/api/quote/SDOW/historical?assetclass=etf&fromdate=2016-07-26&todate=2026-07-26&limit=5000
SDOW,2020-01-22,564,569.5552,560.96,568,62165,,https://api.nasdaq.com/api/quote/SDOW/historical?assetclass=etf&fromdate=2016-07-26&todate=2026-07-26&limit=5000
SDOW,2020-01-23,574.72,581.4384,568.32,569.92,103427,,https://api.nasdaq.com/api/quote/SDOW/historical?assetclass=etf&fromdate=2016-07-26&todate=2026-07-26&limit=5000
SDOW,2020-01-24,564.48,589.072,562.8,580.48,177506,,https://api.nasdaq.com/api/quote/SDOW/historical?assetclass=etf&fromdate=2016-07-26&todate=2026-07-26&limit=5000
SDOW,2020-01-27,609.28,612.32,599.52,607.68,157271,,https://api.nasdaq.com/api/quote/SDOW/historical?assetclass=etf&fromdate=2016-07-26&todate=2026-07-26&limit=5000
SDOW,2020-01-28,601.76,604.8,589.28,595.36,132212,,https://api.nasdaq.com/api/quote/SDOW/historical?assetclass=etf&fromdate=2016-07-26&todate=2026-07-26&limit=5000
SDOW,2020-01-29,584.32,595.52,582.72,594.88,146726,,https://api.nasdaq.com/api/quote/SDOW/historical?assetclass=etf&fromdate=2016-07-26&todate=2026-07-26&limit=5000
SDOW,2020-01-30,605.6,610.56,586.24,587.36,200153,,https://api.nasdaq.com/api/quote/SDOW/historical?assetclass=etf&fromdate=2016-07-26&todate=2026-07-26&limit=5000
SDOW,2020-01-31,597.44,630.08,595.84,625.76,215797,,https://api.nasdaq.com/api/quote/SDOW/historical?assetclass=etf&fromdate=2016-07-26&todate=2026-07-26&limit=5000
SDOW,2020-02-03,617.12,618.08,599.92,615.52,151421,,https://api.nasdaq.com/api/quote/SDOW/historical?assetclass=etf&fromdate=2016-07-26&todate=2026-07-26&limit=5000
SDOW,2020-02-04,591.04,592.8,582.24,588.16,165985,,https://api.nasdaq.com/api/quote/SDOW/historical?assetclass=etf&fromdate=2016-07-26&todate=2026-07-26&limit=5000
SDOW,2020-02-05,572.64,576.8256,558.08,559.2,232648,,https://api.nasdaq.com/api/quote/SDOW/historical?assetclass=etf&fromdate=2016-07-26&todate=2026-07-26&limit=5000
SDOW,2020-02-06,552.96,561.6,552,553.76,169126,,https://api.nasdaq.com/api/quote/SDOW/historical?assetclass=etf&fromdate=2016-07-26&todate=2026-07-26&limit=5000
SDOW,2020-02-07,560.16,571.7136,559.68,568.64,141570,,https://api.nasdaq.com/api/quote/SDOW/historical?assetclass=etf&fromdate=2016-07-26&todate=2026-07-26&limit=5000
SDOW,2020-02-10,574.88,575.04,558.72,558.72,132053,,https://api.nasdaq.com/api/quote/SDOW/historical?assetclass=etf&fromdate=2016-07-26&todate=2026-07-26&limit=5000
SDOW,2020-02-11,550.4,562.72,550.24,558.88,117011,,https://api.nasdaq.com/api/quote/SDOW/historical?assetclass=etf&fromdate=2016-07-26&todate=2026-07-26&limit=5000
SDOW,2020-02-12,549.28,549.76,542.16,542.88,152589,,https://api.nasdaq.com/api/quote/SDOW/historical?assetclass=etf&fromdate=2016-07-26&todate=2026-07-26&limit=5000
SDOW,2020-02-13,550.88,552.984,542.576,548,135772,,https://api.nasdaq.com/api/quote/SDOW/historical?assetclass=etf&fromdate=2016-07-26&todate=2026-07-26&limit=5000
SDOW,2020-02-14,547.52,556.16,546.56,549.76,104191,,https://api.nasdaq.com/api/quote/SDOW/historical?assetclass=etf&fromdate=2016-07-26&todate=2026-07-26&limit=5000
SDOW,2020-02-18,557.76,565.44,553.44,558.56,106260,,https://api.nasdaq.com/api/quote/SDOW/historical?assetclass=etf&fromdate=2016-07-26&todate=2026-07-26&limit=5000
SDOW,2020-02-19,553.76,556.48,548.64,552.16,92213,,https://api.nasdaq.com/api/quote/SDOW/historical?assetclass=etf&fromdate=2016-07-26&todate=2026-07-26&limit=5000
SDOW,2020-02-20,555.68,574.88,551.5424,559.84,167770,,https://api.nasdaq.com/api/quote/SDOW/historical?assetclass=etf&fromdate=2016-07-26&todate=2026-07-26&limit=5000
SDOW,2020-02-21,566.88,578.8,565.6,572.8,158157,,https://api.nasdaq.com/api/quote/SDOW/historical?assetclass=etf&fromdate=2016-07-26&todate=2026-07-26&limit=5000
SDOW,2020-02-24,628,636.96,614.24,633.12,339856,,https://api.nasdaq.com/api/quote/SDOW/historical?assetclass=etf&fromdate=2016-07-26&todate=2026-07-26&limit=5000
SDOW,2020-02-25,624.96,699.68,621.4672,693.28,518397,,https://api.nasdaq.com/api/quote/SDOW/historical?assetclass=etf&fromdate=2016-07-26&todate=2026-07-26&limit=5000
SDOW,2020-02-26,683.84,708.48,653.12,702.4,631928,,https://api.nasdaq.com/api/quote/SDOW/historical?assetclass=etf&fromdate=2016-07-26&todate=2026-07-26&limit=5000
SDOW,2020-02-27,740.64,798.24,717.6,798.24,698752,,https://api.nasdaq.com/api/quote/SDOW/historical?assetclass=etf&fromdate=2016-07-26&todate=2026-07-26&limit=5000
SDOW,2020-02-28,864,895.68,819.36,820.8,697649,,https://api.nasdaq.com/api/quote/SDOW/historical?assetclass=etf&fromdate=2016-07-26&todate=2026-07-26&limit=5000
SDOW,2020-03-02,803.2,830.88,704,704.16,546174,,https://api.nasdaq.com/api/quote/SDOW/historical?assetclass=etf&fromdate=2016-07-26&todate=2026-07-26&limit=5000
SDOW,2020-03-03,696.32,781.0096,672,765.28,427073,,https://api.nasdaq.com/api/quote/SDOW/historical?assetclass=etf&fromdate=2016-07-26&todate=2026-07-26&limit=5000
SDOW,2020-03-04,710.4,732.0432,660.8,661.92,525168,,https://api.nasdaq.com/api/quote/SDOW/historical?assetclass=etf&fromdate=2016-07-26&todate=2026-07-26&limit=5000
SDOW,2020-03-05,710.56,744.96,694.4016,731.2,313309,,https://api.nasdaq.com/api/quote/SDOW/historical?assetclass=etf&fromdate=2016-07-26&todate=2026-07-26&limit=5000
SDOW,2020-03-06,797.136,807.328,742.24,752.8,411869,,https://api.nasdaq.com/api/quote/SDOW/historical?assetclass=etf&fromdate=2016-07-26&todate=2026-07-26&limit=5000
SDOW,2020-03-09,914.4,941.92,856.96,931.84,316528,,https://api.nasdaq.com/api/quote/SDOW/historical?assetclass=etf&fromdate=2016-07-26&todate=2026-07-26&limit=5000
SDOW,2020-03-10,832,948.8688,792.952,793.44,408573,,https://api.nasdaq.com/api/quote/SDOW/historical?assetclass=etf&fromdate=2016-07-26&todate=2026-07-26&limit=5000
SDOW,2020-03-11,859.2,952.64,845.024,931.84,287808,,https://api.nasdaq.com/api/quote/SDOW/historical?assetclass=etf&fromdate=2016-07-26&todate=2026-07-26&limit=5000
SDOW,2020-03-12,1148,1215.52,1012.64,1211.84,463000,,https://api.nasdaq.com/api/quote/SDOW/historical?assetclass=etf&fromdate=2016-07-26&todate=2026-07-26&limit=5000
SDOW,2020-03-13,998.24,1197.44,883.2,883.36,545033,,https://api.nasdaq.com/api/quote/SDOW/historical?assetclass=etf&fromdate=2016-07-26&todate=2026-07-26&limit=5000
SDOW,2020-03-16,1182.24,1214.0784,1024.48,1202.08,436654,,https://api.nasdaq.com/api/quote/SDOW/historical?assetclass=etf&fromdate=2016-07-26&todate=2026-07-26&limit=5000
SDOW,2020-03-17,1121.6,1261.92,992,1019.52,478678,,https://api.nasdaq.com/api/quote/SDOW/historical?assetclass=etf&fromdate=2016-07-26&todate=2026-07-26&limit=5000
SDOW,2020-03-18,1209.28,1347.68,1121.6,1217.28,417053,,https://api.nasdaq.com/api/quote/SDOW/historical?assetclass=etf&fromdate=2016-07-26&todate=2026-07-26&limit=5000
SDOW,2020-03-19,1238.08,1343.2,1111.52,1180,415376,,https://api.nasdaq.com/api/quote/SDOW/historical?assetclass=etf&fromdate=2016-07-26&todate=2026-07-26&limit=5000
SDOW,2020-03-20,1130.08,1344,1100,1331.36,433109,,https://api.nasdaq.com/api/quote/SDOW/historical?assetclass=etf&fromdate=2016-07-26&todate=2026-07-26&limit=5000
SDOW,2020-03-23,1366.4,1535.1088,1347.2,1453.92,500271,,https://api.nasdaq.com/api/quote/SDOW/historical?assetclass=etf&fromdate=2016-07-26&todate=2026-07-26&limit=5000
SDOW,2020-03-24,1236,1236,993.76,993.92,732420,,https://api.nasdaq.com/api/quote/SDOW/historical?assetclass=etf&fromdate=2016-07-26&todate=2026-07-26&limit=5000
SDOW,2020-03-25,912.96,985.28,778.4,893.12,1159088,,https://api.nasdaq.com/api/quote/SDOW/historical?assetclass=etf&fromdate=2016-07-26&todate=2026-07-26&limit=5000
SDOW,2020-03-26,859.52,863.68,720,726.72,1146812,,https://api.nasdaq.com/api/quote/SDOW/historical?assetclass=etf&fromdate=2016-07-26&todate=2026-07-26&limit=5000
SDOW,2020-03-27,802.24,824.72,741.92,806.88,978283,,https://api.nasdaq.com/api/quote/SDOW/historical?assetclass=etf&fromdate=2016-07-26&todate=2026-07-26&limit=5000
SDOW,2020-03-30,798.24,822.08,725.28,732.64,908774,,https://api.nasdaq.com/api/quote/SDOW/historical?assetclass=etf&fromdate=2016-07-26&todate=2026-07-26&limit=5000
SDOW,2020-03-31,743.36,776,715.36,771.36,822821,,https://api.nasdaq.com/api/quote/SDOW/historical?assetclass=etf&fromdate=2016-07-26&todate=2026-07-26&limit=5000
SDOW,2020-04-01,861.6,889.0672,816.16,871.52,945348,,https://api.nasdaq.com/api/quote/SDOW/historical?assetclass=etf&fromdate=2016-07-26&todate=2026-07-26&limit=5000
SDOW,2020-04-02,886.4,901.12,804.16,816,1007723,,https://api.nasdaq.com/api/quote/SDOW/historical?assetclass=etf&fromdate=2016-07-26&todate=2026-07-26&limit=5000
SDOW,2020-04-03,828.8,875.2,808.64,851.84,846797,,https://api.nasdaq.com/api/quote/SDOW/historical?assetclass=etf&fromdate=2016-07-26&todate=2026-07-26&limit=5000
SDOW,2020-04-06,749.12,766.72,644.8,663.04,1146684,,https://api.nasdaq.com/api/quote/SDOW/historical?assetclass=etf&fromdate=2016-07-26&todate=2026-07-26&limit=5000
SDOW,2020-04-07,580.48,658.56,575.84,657.92,1503875,,https://api.nasdaq.com/api/quote/SDOW/historical?assetclass=etf&fromdate=2016-07-26&todate=2026-07-26&limit=5000
SDOW,2020-04-08,635.84,655.68,583.2,590.4,1118917,,https://api.nasdaq.com/api/quote/SDOW/historical?assetclass=etf&fromdate=2016-07-26&todate=2026-07-26&limit=5000
SDOW,2020-04-09,562.4,584.64,546.08,567.84,1364744,,https://api.nasdaq.com/api/quote/SDOW/historical?assetclass=etf&fromdate=2016-07-26&todate=2026-07-26&limit=5000
SDOW,2020-04-13,573.76,612.96,572.0048,590.08,1071498,,https://api.nasdaq.com/api/quote/SDOW/historical?assetclass=etf&fromdate=2016-07-26&todate=2026-07-26&limit=5000
SDOW,2020-04-14,556.16,569.6,542.08,548.32,1074531,,https://api.nasdaq.com/api/quote/SDOW/historical?assetclass=etf&fromdate=2016-07-26&todate=2026-07-26&limit=5000
SDOW,2020-04-15,586.32,598.4,569.6,579.2,1098628,,https://api.nasdaq.com/api/quote/SDOW/historical?assetclass=etf&fromdate=2016-07-26&todate=2026-07-26&limit=5000
SDOW,2020-04-16,575.776,601.6,559.84,577.44,1167569,,https://api.nasdaq.com/api/quote/SDOW/historical?assetclass=etf&fromdate=2016-07-26&todate=2026-07-26&limit=5000
SDOW,2020-04-17,531.84,555.8384,522.88,526.24,988349,,https://api.nasdaq.com/api/quote/SDOW/historical?assetclass=etf&fromdate=2016-07-26&todate=2026-07-26&limit=5000
SDOW,2020-04-20,554.72,565.12,533.44,563.2,1205298,,https://api.nasdaq.com/api/quote/SDOW/historical?assetclass=etf&fromdate=2016-07-26&todate=2026-07-26&limit=5000
SDOW,2020-04-21,600,614.0608,585.92,608.16,1355620,,https://api.nasdaq.com/api/quote/SDOW/historical?assetclass=etf&fromdate=2016-07-26&todate=2026-07-26&limit=5000
SDOW,2020-04-22,575.2,583.2,561.12,572.16,867351,,https://api.nasdaq.com/api/quote/SDOW/historical?assetclass=etf&fromdate=2016-07-26&todate=2026-07-26&limit=5000
SDOW,2020-04-23,567.04,571.68,542.08,569.6,1107336,,https://api.nasdaq.com/api/quote/SDOW/historical?assetclass=etf&fromdate=2016-07-26&todate=2026-07-26&limit=5000
SDOW,2020-04-24,559.52,576.16,546.4,549.76,841928,,https://api.nasdaq.com/api/quote/SDOW/historical?assetclass=etf&fromdate=2016-07-26&todate=2026-07-26&limit=5000
SDOW,2020-04-27,541.12,545.44,519.68,525.6,730973,,https://api.nasdaq.com/api/quote/SDOW/historical?assetclass=etf&fromdate=2016-07-26&todate=2026-07-26&limit=5000
SDOW,2020-04-28,501.92,532.16,500.72,526.4,1006784,,https://api.nasdaq.com/api/quote/SDOW/historical?assetclass=etf&fromdate=2016-07-26&todate=2026-07-26&limit=5000
SDOW,2020-04-29,498.24,504.48,483.84,492.48,1113629,,https://api.nasdaq.com/api/quote/SDOW/historical?assetclass=etf&fromdate=2016-07-26&todate=2026-07-26&limit=5000
SDOW,2020-04-30,506.08,519.04,499.536,510.24,760860,,https://api.nasdaq.com/api/quote/SDOW/historical?assetclass=etf&fromdate=2016-07-26&todate=2026-07-26&limit=5000
SDOW,2020-05-01,535.36,553.5792,529.6016,547.84,852928,,https://api.nasdaq.com/api/quote/SDOW/historical?assetclass=etf&fromdate=2016-07-26&todate=2026-07-26&limit=5000
SDOW,2020-05-04,564.16,574.08,545.28,546.72,787003,,https://api.nasdaq.com/api/quote/SDOW/historical?assetclass=etf&fromdate=2016-07-26&todate=2026-07-26&limit=5000
SDOW,2020-05-05,529.6,538.72,517.92,537.6,668536,,https://api.nasdaq.com/api/quote/SDOW/historical?assetclass=etf&fromdate=2016-07-26&todate=2026-07-26&limit=5000
SDOW,2020-05-06,527.84,552.64,526.4,551.68,874359,,https://api.nasdaq.com/api/quote/SDOW/historical?assetclass=etf&fromdate=2016-07-26&todate=2026-07-26&limit=5000
SDOW,2020-05-07,534.4016,539.3584,520.8,535.68,919538,,https://api.nasdaq.com/api/quote/SDOW/historical?assetclass=etf&fromdate=2016-07-26&todate=2026-07-26&limit=5000
SDOW,2020-05-08,513.44,520.464,503.68,505.12,884523,,https://api.nasdaq.com/api/quote/SDOW/historical?assetclass=etf&fromdate=2016-07-26&todate=2026-07-26&limit=5000
SDOW,2020-05-11,517.6,521.44,502.88,511.2,721064,,https://api.nasdaq.com/api/quote/SDOW/historical?assetclass=etf&fromdate=2016-07-26&todate=2026-07-26&limit=5000
SDOW,2020-05-12,503.36,540.32,501.12,540.32,875612,,https://api.nasdaq.com/api/quote/SDOW/historical?assetclass=etf&fromdate=2016-07-26&todate=2026-07-26&limit=5000
SDOW,2020-05-13,547.52,587.84,543.68,574.72,1353699,,https://api.nasdaq.com/api/quote/SDOW/historical?assetclass=etf&fromdate=2016-07-26&todate=2026-07-26&limit=5000
SDOW,2020-05-14,594.08,609.28,546.4,546.4,1604434,,https://api.nasdaq.com/api/quote/SDOW/historical?assetclass=etf&fromdate=2016-07-26&todate=2026-07-26&limit=5000
SDOW,2020-05-15,561.392,566.4,539.84,542.4,976624,,https://api.nasdaq.com/api/quote/SDOW/historical?assetclass=etf&fromdate=2016-07-26&todate=2026-07-26&limit=5000
SDOW,2020-05-18,496.64,497.76,472,480.32,1085338,,https://api.nasdaq.com/api/quote/SDOW/historical?assetclass=etf&fromdate=2016-07-26&todate=2026-07-26&limit=5000
SDOW,2020-05-19,482.4,502.24,479.04,502.24,830050,,https://api.nasdaq.com/api/quote/SDOW/historical?assetclass=etf&fromdate=2016-07-26&todate=2026-07-26&limit=5000
SDOW,2020-05-20,481.92,485.9184,474.24,479.52,792048,,https://api.nasdaq.com/api/quote/SDOW/historical?assetclass=etf&fromdate=2016-07-26&todate=2026-07-26&limit=5000
SDOW,2020-05-21,480.64,490.56,470.08,483.52,1080458,,https://api.nasdaq.com/api/quote/SDOW/historical?assetclass=etf&fromdate=2016-07-26&todate=2026-07-26&limit=5000
SDOW,2020-05-22,484.48,494.56,483.04,484,722381,,https://api.nasdaq.com/api/quote/SDOW/historical?assetclass=etf&fromdate=2016-07-26&todate=2026-07-26&limit=5000
SDOW,2020-05-26,448.96,454.56,442,452,1004954,,https://api.nasdaq.com/api/quote/SDOW/historical?assetclass=etf&fromdate=2016-07-26&todate=2026-07-26&limit=5000
SDOW,2020-05-27,433.6,452.32,422.56,422.56,1255736,,https://api.nasdaq.com/api/quote/SDOW/historical?assetclass=etf&fromdate=2016-07-26&todate=2026-07-26&limit=5000
SDOW,2020-05-28,411.84,431.84,411.2,429.12,920757,,https://api.nasdaq.com/api/quote/SDOW/historical?assetclass=etf&fromdate=2016-07-26&todate=2026-07-26&limit=5000
SDOW,2020-05-29,434.56,448,424.16,430.56,1249548,,https://api.nasdaq.com/api/quote/SDOW/historical?assetclass=etf&fromdate=2016-07-26&todate=2026-07-26&limit=5000
SDOW,2020-06-01,432.32,437.8912,423.2,424.64,642338,,https://api.nasdaq.com/api/quote/SDOW/historical?assetclass=etf&fromdate=2016-07-26&todate=2026-07-26&limit=5000
SDOW,2020-06-02,418.56,422.72,411.68,411.68,802749,,https://api.nasdaq.com/api/quote/SDOW/historical?assetclass=etf&fromdate=2016-07-26&todate=2026-07-26&limit=5000
SDOW,2020-06-03,400,403.12,382.56,386.08,987429,,https://api.nasdaq.com/api/quote/SDOW/historical?assetclass=etf&fromdate=2016-07-26&todate=2026-07-26&limit=5000
SDOW,2020-06-04,390.08,394.0784,380.64,385.28,761094,,https://api.nasdaq.com/api/quote/SDOW/historical?assetclass=etf&fromdate=2016-07-26&todate=2026-07-26&limit=5000
SDOW,2020-06-05,354.56,356.96,339.04,349.28,1456899,,https://api.nasdaq.com/api/quote/SDOW/historical?assetclass=etf&fromdate=2016-07-26&todate=2026-07-26&limit=5000
SDOW,2020-06-08,344,344,330.88,331.52,836448,,https://api.nasdaq.com/api/quote/SDOW/historical?assetclass=etf&fromdate=2016-07-26&todate=2026-07-26&limit=5000
SDOW,2020-06-09,341.76,345.744,335.36,340.8,793605,,https://api.nasdaq.com/api/quote/SDOW/historical?assetclass=etf&fromdate=2016-07-26&todate=2026-07-26&limit=5000
SDOW,2020-06-10,341.76,354.08,338.24,351.84,1005371,,https://api.nasdaq.com/api/quote/SDOW/historical?assetclass=etf&fromdate=2016-07-26&todate=2026-07-26&limit=5000
SDOW,2020-06-11,386.72,427.04,379.36,423.84,1947186,,https://api.nasdaq.com/api/quote/SDOW/historical?assetclass=etf&fromdate=2016-07-26&todate=2026-07-26&limit=5000
SDOW,2020-06-12,388.8,427.2,382.08,400.96,1899530,,https://api.nasdaq.com/api/quote/SDOW/historical?assetclass=etf&fromdate=2016-07-26&todate=2026-07-26&limit=5000
SDOW,2020-06-15,430.88,436.32,386.72,392.16,1285954,,https://api.nasdaq.com/api/quote/SDOW/historical?assetclass=etf&fromdate=2016-07-26&todate=2026-07-26&limit=5000
SDOW,2020-06-16,353.44,391.2,353.28,368,1433451,,https://api.nasdaq.com/api/quote/SDOW/historical?assetclass=etf&fromdate=2016-07-26&todate=2026-07-26&limit=5000
SDOW,2020-06-17,364.8,378.4,364.08,375.68,808318,,https://api.nasdaq.com/api/quote/SDOW/historical?assetclass=etf&fromdate=2016-07-26&todate=2026-07-26&limit=5000
SDOW,2020-06-18,384.16,387.76,374.24,377.6,890703,,https://api.nasdaq.com/api/quote/SDOW/historical?assetclass=etf&fromdate=2016-07-26&todate=2026-07-26&limit=5000
SDOW,2020-06-19,362.592,391.2,361.6,386.88,1227502,,https://api.nasdaq.com/api/quote/SDOW/historical?assetclass=etf&fromdate=2016-07-26&todate=2026-07-26&limit=5000
SDOW,2020-06-22,389.92,395.5008,377.92,379.84,777060,,https://api.nasdaq.com/api/quote/SDOW/historical?assetclass=etf&fromdate=2016-07-26&todate=2026-07-26&limit=5000
SDOW,2020-06-23,368.72,376,366.72,373.28,834247,,https://api.nasdaq.com/api/quote/SDOW/historical?assetclass=etf&fromdate=2016-07-26&todate=2026-07-26&limit=5000
SDOW,2020-06-24,383.84,410.7184,382.24,403.2,1510693,,https://api.nasdaq.com/api/quote/SDOW/historical?assetclass=etf&fromdate=2016-07-26&todate=2026-07-26&limit=5000
SDOW,2020-06-25,409.76,415.5168,388.48,389.76,1098328,,https://api.nasdaq.com/api/quote/SDOW/historical?assetclass=etf&fromdate=2016-07-26&todate=2026-07-26&limit=5000
SDOW,2020-06-26,397.76,425.12,396.0096,422.4,1301616,,https://api.nasdaq.com/api/quote/SDOW/historical?assetclass=etf&fromdate=2016-07-26&todate=2026-07-26&limit=5000
SDOW,2020-06-29,413.28,419.04,393.28,393.6,1142798,,https://api.nasdaq.com/api/quote/SDOW/historical?assetclass=etf&fromdate=2016-07-26&todate=2026-07-26&limit=5000
SDOW,2020-06-30,397.28,399.2,379.2,384.64,782011,,https://api.nasdaq.com/api/quote/SDOW/historical?assetclass=etf&fromdate=2016-07-26&todate=2026-07-26&limit=5000
SDOW,2020-07-01,380.32,387.84,374,387.04,753374,,https://api.nasdaq.com/api/quote/SDOW/historical?assetclass=etf&fromdate=2016-07-26&todate=2026-07-26&limit=5000
SDOW,2020-07-02,369.92,384.6384,365.12,381.92,988246,,https://api.nasdaq.com/api/quote/SDOW/historical?assetclass=etf&fromdate=2016-07-26&todate=2026-07-26&limit=5000
SDOW,2020-07-06,365.6,371.2,360.96,362.08,970487,,https://api.nasdaq.com/api/quote/SDOW/historical?assetclass=etf&fromdate=2016-07-26&todate=2026-07-26&limit=5000
SDOW,2020-07-07,369.76,379.2,366.2416,377.6,805687,,https://api.nasdaq.com/api/quote/SDOW/historical?assetclass=etf&fromdate=2016-07-26&todate=2026-07-26&limit=5000
SDOW,2020-07-08,375.2,381.6,368.64,370.08,673386,,https://api.nasdaq.com/api/quote/SDOW/historical?assetclass=etf&fromdate=2016-07-26&todate=2026-07-26&limit=5000
SDOW,2020-07-09,370.08,393.6,368.9408,385.28,1090925,,https://api.nasdaq.com/api/quote/SDOW/historical?assetclass=etf&fromdate=2016-07-26&todate=2026-07-26&limit=5000
SDOW,2020-07-10,386.24,388.9584,367.68,368.96,849483,,https://api.nasdaq.com/api/quote/SDOW/historical?assetclass=etf&fromdate=2016-07-26&todate=2026-07-26&limit=5000
SDOW,2020-07-13,360,370.24,345.04,367.84,1439772,,https://api.nasdaq.com/api/quote/SDOW/historical?assetclass=etf&fromdate=2016-07-26&todate=2026-07-26&limit=5000
SDOW,2020-07-14,370.4,372.48,342.88,345.28,1261674,,https://api.nasdaq.com/api/quote/SDOW/historical?assetclass=etf&fromdate=2016-07-26&todate=2026-07-26&limit=5000
SDOW,2020-07-15,329.44,343.0224,329.44,335.68,946620,,https://api.nasdaq.com/api/quote/SDOW/historical?assetclass=etf&fromdate=2016-07-26&todate=2026-07-26&limit=5000
SDOW,2020-07-16,342.4,346.88,335.68,340.8,615891,,https://api.nasdaq.com/api/quote/SDOW/historical?assetclass=etf&fromdate=2016-07-26&todate=2026-07-26&limit=5000
SDOW,2020-07-17,338.4,345.28,338.24,342.88,468613,,https://api.nasdaq.com/api/quote/SDOW/historical?assetclass=etf&fromdate=2016-07-26&todate=2026-07-26&limit=5000
SDOW,2020-07-20,344.48,349.76,339.52,343.2,473758,,https://api.nasdaq.com/api/quote/SDOW/historical?assetclass=etf&fromdate=2016-07-26&todate=2026-07-26&limit=5000
SDOW,2020-07-21,334.88,339.52,329.6,336.96,596343,,https://api.nasdaq.com/api/quote/SDOW/historical?assetclass=etf&fromdate=2016-07-26&todate=2026-07-26&limit=5000
SDOW,2020-07-22,338.88,338.88,329.28,330.08,546629,,https://api.nasdaq.com/api/quote/SDOW/historical?assetclass=etf&fromdate=2016-07-26&todate=2026-07-26&limit=5000
SDOW,2020-07-23,332.16,346.72,331.52,342.88,872491,,https://api.nasdaq.com/api/quote/SDOW/historical?assetclass=etf&fromdate=2016-07-26&todate=2026-07-26&limit=5000
SDOW,2020-07-24,348.96,352.96,344.16,349.92,711779,,https://api.nasdaq.com/api/quote/SDOW/historical?assetclass=etf&fromdate=2016-07-26&todate=2026-07-26&limit=5000
SDOW,2020-07-27,349.76,351.9504,344,345.28,413583,,https://api.nasdaq.com/api/quote/SDOW/historical?assetclass=etf&fromdate=2016-07-26&todate=2026-07-26&limit=5000
SDOW,2020-07-28,349.44,354.4,346.72,353.6,499293,,https://api.nasdaq.com/api/quote/SDOW/historical?assetclass=etf&fromdate=2016-07-26&todate=2026-07-26&limit=5000
SDOW,2020-07-29,352,353.9152,344.6416,347.04,412152,,https://api.nasdaq.com/api/quote/SDOW/historical?assetclass=etf&fromdate=2016-07-26&todate=2026-07-26&limit=5000
SDOW,2020-07-30,358.88,368.96,353.6,355.68,685591,,https://api.nasdaq.com/api/quote/SDOW/historical?assetclass=etf&fromdate=2016-07-26&todate=2026-07-26&limit=5000
SDOW,2020-07-31,353.44,368.32,350.8,350.88,734718,,https://api.nasdaq.com/api/quote/SDOW/historical?assetclass=etf&fromdate=2016-07-26&todate=2026-07-26&limit=5000
SDOW,2020-08-03,346.4,347.36,340.32,341.92,446776,,https://api.nasdaq.com/api/quote/SDOW/historical?assetclass=etf&fromdate=2016-07-26&todate=2026-07-26&limit=5000
SDOW,2020-08-04,343.2,344.64,335.2,335.2,401645,,https://api.nasdaq.com/api/quote/SDOW/historical?assetclass=etf&fromdate=2016-07-26&todate=2026-07-26&limit=5000
SDOW,2020-08-05,329.44,329.92,320.96,322.08,615157,,https://api.nasdaq.com/api/quote/SDOW/historical?assetclass=etf&fromdate=2016-07-26&todate=2026-07-26&limit=5000
SDOW,2020-08-06,322.88,323.36,314.72,314.88,495170,,https://api.nasdaq.com/api/quote/SDOW/historical?assetclass=etf&fromdate=2016-07-26&todate=2026-07-26&limit=5000
SDOW,2020-08-07,317.12,320.08,311.84,312.32,617461,,https://api.nasdaq.com/api/quote/SDOW/historical?assetclass=etf&fromdate=2016-07-26&todate=2026-07-26&limit=5000
SDOW,2020-08-10,309.6,309.6,300,300.16,614337,,https://api.nasdaq.com/api/quote/SDOW/historical?assetclass=etf&fromdate=2016-07-26&todate=2026-07-26&limit=5000
SDOW,2020-08-11,291.2,305.904,288.8,303.52,924849,,https://api.nasdaq.com/api/quote/SDOW/historical?assetclass=etf&fromdate=2016-07-26&todate=2026-07-26&limit=5000
SDOW,2020-08-12,294.72,298.56,291.84,294.08,568829,,https://api.nasdaq.com/api/quote/SDOW/historical?assetclass=etf&fromdate=2016-07-26&todate=2026-07-26&limit=5000
SDOW,2020-08-13,297.12,299.8384,293.6,296,451875,,https://api.nasdaq.com/api/quote/SDOW/historical?assetclass=etf&fromdate=2016-07-26&todate=2026-07-26&limit=5000
SDOW,2020-08-14,299.84,300.96,293.616,295.04,421998,,https://api.nasdaq.com/api/quote/SDOW/historical?assetclass=etf&fromdate=2016-07-26&todate=2026-07-26&limit=5000
SDOW,2020-08-17,293.76,299.04,293.44,297.44,199718,,https://api.nasdaq.com/api/quote/SDOW/historical?assetclass=etf&fromdate=2016-07-26&todate=2026-07-26&limit=5000
SDOW,2020-08-18,296.96,303.36,296.16,300,326702,,https://api.nasdaq.com/api/quote/SDOW/historical?assetclass=etf&fromdate=2016-07-26&todate=2026-07-26&limit=5000
SDOW,2020-08-19,298.56,304,295.04,302.72,329384,,https://api.nasdaq.com/api/quote/SDOW/historical?assetclass=etf&fromdate=2016-07-26&todate=2026-07-26&limit=5000
SDOW,2020-08-20,307.2,307.84,299.52,300.64,349682,,https://api.nasdaq.com/api/quote/SDOW/historical?assetclass=etf&fromdate=2016-07-26&todate=2026-07-26&limit=5000
SDOW,2020-08-21,301.6,302.24,293.44,293.76,387402,,https://api.nasdaq.com/api/quote/SDOW/historical?assetclass=etf&fromdate=2016-07-26&todate=2026-07-26&limit=5000
SDOW,2020-08-24,286.72,290.5904,281.76,281.76,423126,,https://api.nasdaq.com/api/quote/SDOW/historical?assetclass=etf&fromdate=2016-07-26&todate=2026-07-26&limit=5000
SDOW,2020-08-25,279.2,288.4816,279.04,283.68,342017,,https://api.nasdaq.com/api/quote/SDOW/historical?assetclass=etf&fromdate=2016-07-26&todate=2026-07-26&limit=5000
SDOW,2020-08-26,283.52,286.8032,280.64,281.6,227584,,https://api.nasdaq.com/api/quote/SDOW/historical?assetclass=etf&fromdate=2016-07-26&todate=2026-07-26&limit=5000
SDOW,2020-08-27,278.08,280.48,272.32,276.64,582780,,https://api.nasdaq.com/api/quote/SDOW/historical?assetclass=etf&fromdate=2016-07-26&todate=2026-07-26&limit=5000
SDOW,2020-08-28,272.96,276.64,269.28,271.04,450850,,https://api.nasdaq.com/api/quote/SDOW/historical?assetclass=etf&fromdate=2016-07-26&todate=2026-07-26&limit=5000
SDOW,2020-08-31,272.8,279.6,272.32,278.72,319953,,https://api.nasdaq.com/api/quote/SDOW/historical?assetclass=etf&fromdate=2016-07-26&todate=2026-07-26&limit=5000
SDOW,2020-09-01,280.1584,281.92,270.7264,270.88,491899,,https://api.nasdaq.com/api/quote/SDOW/historical?assetclass=etf&fromdate=2016-07-26&todate=2026-07-26&limit=5000
SDOW,2020-09-02,267.04,268.8,256.24,258.4,657883,,https://api.nasdaq.com/api/quote/SDOW/historical?assetclass=etf&fromdate=2016-07-26&todate=2026-07-26&limit=5000
SDOW,2020-09-03,259.52,285.44,255.3904,279.2,1221208,,https://api.nasdaq.com/api/quote/SDOW/historical?assetclass=etf&fromdate=2016-07-26&todate=2026-07-26&limit=5000
SDOW,2020-09-04,274.72,298.2368,272,284,1103179,,https://api.nasdaq.com/api/quote/SDOW/historical?assetclass=etf&fromdate=2016-07-26&todate=2026-07-26&limit=5000
SDOW,2020-09-08,293.44,304.4608,293.12,302.88,807239,,https://api.nasdaq.com/api/quote/SDOW/historical?assetclass=etf&fromdate=2016-07-26&todate=2026-07-26&limit=5000
SDOW,2020-09-09,294.56,296.64,279.68,288.32,571733,,https://api.nasdaq.com/api/quote/SDOW/historical?assetclass=etf&fromdate=2016-07-26&todate=2026-07-26&limit=5000
SDOW,2020-09-10,284.64,304,281.36,301.12,659692,,https://api.nasdaq.com/api/quote/SDOW/historical?assetclass=etf&fromdate=2016-07-26&todate=2026-07-26&limit=5000
SDOW,2020-09-11,297.12,303.84,291.36,296.48,748108,,https://api.nasdaq.com/api/quote/SDOW/historical?assetclass=etf&fromdate=2016-07-26&todate=2026-07-26&limit=5000
SDOW,2020-09-14,290.72,291.68,282.8,285.76,354567,,https://api.nasdaq.com/api/quote/SDOW/historical?assetclass=etf&fromdate=2016-07-26&todate=2026-07-26&limit=5000
SDOW,2020-09-15,279.68,287.84,278.4,285.44,271249,,https://api.nasdaq.com/api/quote/SDOW/historical?assetclass=etf&fromdate=2016-07-26&todate=2026-07-26&limit=5000
SDOW,2020-09-16,282.56,284.952,274.24,284.64,464043,,https://api.nasdaq.com/api/quote/SDOW/historical?assetclass=etf&fromdate=2016-07-26&todate=2026-07-26&limit=5000
SDOW,2020-09-17,294.24,296.2672,283.8416,288.32,601231,,https://api.nasdaq.com/api/quote/SDOW/historical?assetclass=etf&fromdate=2016-07-26&todate=2026-07-26&limit=5000
SDOW,2020-09-18,288,301.44,287.04,296.32,454091,,https://api.nasdaq.com/api/quote/SDOW/historical?assetclass=etf&fromdate=2016-07-26&todate=2026-07-26&limit=5000
SDOW,2020-09-21,311.84,326.4,309.92,312.8,677081,,https://api.nasdaq.com/api/quote/SDOW/historical?assetclass=etf&fromdate=2016-07-26&todate=2026-07-26&limit=5000
SDOW,2020-09-22,311.2,318.08,306.08,307.84,426039,,https://api.nasdaq.com/api/quote/SDOW/historical?assetclass=etf&fromdate=2016-07-26&todate=2026-07-26&limit=5000
SDOW,2020-09-23,303.04,327.04,301.52,325.44,556535,,https://api.nasdaq.com/api/quote/SDOW/historical?assetclass=etf&fromdate=2016-07-26&todate=2026-07-26&limit=5000
SDOW,2020-09-24,328,333.744,313.28,323.04,695703,,https://api.nasdaq.com/api/quote/SDOW/historical?assetclass=etf&fromdate=2016-07-26&todate=2026-07-26&limit=5000
SDOW,2020-09-25,328,330.2144,308,310.08,536867,,https://api.nasdaq.com/api/quote/SDOW/historical?assetclass=etf&fromdate=2016-07-26&todate=2026-07-26&limit=5000
SDOW,2020-09-28,297.92,300,291.68,296.16,507211,,https://api.nasdaq.com/api/quote/SDOW/historical?assetclass=etf&fromdate=2016-07-26&todate=2026-07-26&limit=5000
SDOW,2020-09-29,296.8,304.32,295.68,300.96,356101,,https://api.nasdaq.com/api/quote/SDOW/historical?assetclass=etf&fromdate=2016-07-26&todate=2026-07-26&limit=5000
SDOW,2020-09-30,298.88,298.88,281.76,289.92,884099,,https://api.nasdaq.com/api/quote/SDOW/historical?assetclass=etf&fromdate=2016-07-26&todate=2026-07-26&limit=5000
SDOW,2020-10-01,284.64,293.3024,281.4656,288.32,542001,,https://api.nasdaq.com/api/quote/SDOW/historical?assetclass=etf&fromdate=2016-07-26&todate=2026-07-26&limit=5000
SDOW,2020-10-02,300.96,302.72,287.2,292.48,1136491,,https://api.nasdaq.com/api/quote/SDOW/historical?assetclass=etf&fromdate=2016-07-26&todate=2026-07-26&limit=5000
SDOW,2020-10-05,286.24,286.56,277.44,277.92,436943,,https://api.nasdaq.com/api/quote/SDOW/historical?assetclass=etf&fromdate=2016-07-26&todate=2026-07-26&limit=5000
SDOW,2020-10-06,274.4928,290.2656,271.68,289.28,856117,,https://api.nasdaq.com/api/quote/SDOW/historical?assetclass=etf&fromdate=2016-07-26&todate=2026-07-26&limit=5000
SDOW,2020-10-07,281.28,281.28,270.4,272.48,577162,,https://api.nasdaq.com/api/quote/SDOW/historical?assetclass=etf&fromdate=2016-07-26&todate=2026-07-26&limit=5000
SDOW,2020-10-08,268.16,273.4384,267.52,268.8,397088,,https://api.nasdaq.com/api/quote/SDOW/historical?assetclass=etf&fromdate=2016-07-26&todate=2026-07-26&limit=5000
SDOW,2020-10-09,265.28,268.32,261.44,263.84,415044,,https://api.nasdaq.com/api/quote/SDOW/historical?assetclass=etf&fromdate=2016-07-26&todate=2026-07-26&limit=5000
SDOW,2020-10-12,261.12,261.92,253.7616,256.8,389736,,https://api.nasdaq.com/api/quote/SDOW/historical?assetclass=etf&fromdate=2016-07-26&todate=2026-07-26&limit=5000
SDOW,2020-10-13,258.88,263.504,257.92,261.28,330373,,https://api.nasdaq.com/api/quote/SDOW/historical?assetclass=etf&fromdate=2016-07-26&todate=2026-07-26&limit=5000
SDOW,2020-10-14,260.32,267.3488,258.2416,265.6,362356,,https://api.nasdaq.com/api/quote/SDOW/historical?assetclass=etf&fromdate=2016-07-26&todate=2026-07-26&limit=5000
SDOW,2020-10-15,274.72,275.6784,265.12,266.08,477700,,https://api.nasdaq.com/api/quote/SDOW/historical?assetclass=etf&fromdate=2016-07-26&todate=2026-07-26&limit=5000
SDOW,2020-10-16,262.624,263.36,256.48,262.88,404479,,https://api.nasdaq.com/api/quote/SDOW/historical?assetclass=etf&fromdate=2016-07-26&todate=2026-07-26&limit=5000
SDOW,2020-10-19,261.28,276.08,260.1856,274.24,473895,,https://api.nasdaq.com/api/quote/SDOW/historical?assetclass=etf&fromdate=2016-07-26&todate=2026-07-26&limit=5000
SDOW,2020-10-20,271.04,273.28,263.36,271.04,506898,,https://api.nasdaq.com/api/quote/SDOW/historical?assetclass=etf&fromdate=2016-07-26&todate=2026-07-26&limit=5000
SDOW,2020-10-21,272.64,274.56,267.0416,274.24,408272,,https://api.nasdaq.com/api/quote/SDOW/historical?assetclass=etf&fromdate=2016-07-26&todate=2026-07-26&limit=5000
SDOW,2020-10-22,273.92,279.0384,267.832,268.8,366440,,https://api.nasdaq.com/api/quote/SDOW/historical?assetclass=etf&fromdate=2016-07-26&todate=2026-07-26&limit=5000
SDOW,2020-10-23,267.2,275.36,266.7952,269.6,323190,,https://api.nasdaq.com/api/quote/SDOW/historical?assetclass=etf&fromdate=2016-07-26&todate=2026-07-26&limit=5000
SDOW,2020-10-26,279.04,297.6,278.4,288,660911,,https://api.nasdaq.com/api/quote/SDOW/historical?assetclass=etf&fromdate=2016-07-26&todate=2026-07-26&limit=5000
SDOW,2020-10-27,288.16,295.68,287.84,295.2,544745,,https://api.nasdaq.com/api/quote/SDOW/historical?assetclass=etf&fromdate=2016-07-26&todate=2026-07-26&limit=5000
SDOW,2020-10-28,313.92,326.56,308.16,325.44,926743,,https://api.nasdaq.com/api/quote/SDOW/historical?assetclass=etf&fromdate=2016-07-26&todate=2026-07-26&limit=5000
SDOW,2020-10-29,326.24,334.88,312.32,321.28,765088,,https://api.nasdaq.com/api/quote/SDOW/historical?assetclass=etf&fromdate=2016-07-26&todate=2026-07-26&limit=5000
SDOW,2020-10-30,326.72,339.68,321.92,326.08,933570,,https://api.nasdaq.com/api/quote/SDOW/historical?assetclass=etf&fromdate=2016-07-26&todate=2026-07-26&limit=5000
SDOW,2020-11-02,312,319.4336,306.2576,311.04,732921,,https://api.nasdaq.com/api/quote/SDOW/historical?assetclass=etf&fromdate=2016-07-26&todate=2026-07-26&limit=5000
SDOW,2020-11-03,299.04,300.64,285.9648,291.84,1102383,,https://api.nasdaq.com/api/quote/SDOW/historical?assetclass=etf&fromdate=2016-07-26&todate=2026-07-26&limit=5000
SDOW,2020-11-04,288.32,289.28,265.28,279.36,1184019,,https://api.nasdaq.com/api/quote/SDOW/historical?assetclass=etf&fromdate=2016-07-26&todate=2026-07-26&limit=5000
SDOW,2020-11-05,268,269.12,260.32,263.36,1085437,,https://api.nasdaq.com/api/quote/SDOW/historical?assetclass=etf&fromdate=2016-07-26&todate=2026-07-26&limit=5000
SDOW,2020-11-06,263.2,269.12,261.92,264.96,696619,,https://api.nasdaq.com/api/quote/SDOW/historical?assetclass=etf&fromdate=2016-07-26&todate=2026-07-26&limit=5000
SDOW,2020-11-09,222.08,242.56,220,241.12,1869089,,https://api.nasdaq.com/api/quote/SDOW/historical?assetclass=etf&fromdate=2016-07-26&todate=2026-07-26&limit=5000
SDOW,2020-11-10,238.72,242.08,233.44,234.56,1221356,,https://api.nasdaq.com/api/quote/SDOW/historical?assetclass=etf&fromdate=2016-07-26&todate=2026-07-26&limit=5000
SDOW,2020-11-11,230.752,238.24,230.56,235.2,646964,,https://api.nasdaq.com/api/quote/SDOW/historical?assetclass=etf&fromdate=2016-07-26&todate=2026-07-26&limit=5000
SDOW,2020-11-12,239.84,247.2,237.28,242.88,887942,,https://api.nasdaq.com/api/quote/SDOW/historical?assetclass=etf&fromdate=2016-07-26&todate=2026-07-26&limit=5000
SDOW,2020-11-13,237.92,239.28,230.56,232.16,942408,,https://api.nasdaq.com/api/quote/SDOW/historical?assetclass=etf&fromdate=2016-07-26&todate=2026-07-26&limit=5000
SDOW,2020-11-16,222.88,226.72,221.1344,221.28,886958,,https://api.nasdaq.com/api/quote/SDOW/historical?assetclass=etf&fromdate=2016-07-26&todate=2026-07-26&limit=5000
SDOW,2020-11-17,226.56,230.72,222.88,224.48,747898,,https://api.nasdaq.com/api/quote/SDOW/historical?assetclass=etf&fromdate=2016-07-26&todate=2026-07-26&limit=5000
SDOW,2020-11-18,222.72,232.48,221.44,232.32,731561,,https://api.nasdaq.com/api/quote/SDOW/historical?assetclass=etf&fromdate=2016-07-26&todate=2026-07-26&limit=5000
SDOW,2020-11-19,234.4,237.12,230.2656,231.2,678198,,https://api.nasdaq.com/api/quote/SDOW/historical?assetclass=etf&fromdate=2016-07-26&todate=2026-07-26&limit=5000
SDOW,2020-11-20,232.48,237.28,231.56,236.32,561004,,https://api.nasdaq.com/api/quote/SDOW/historical?assetclass=etf&fromdate=2016-07-26&todate=2026-07-26&limit=5000
SDOW,2020-11-23,232,234.08,226.4,228,661184,,https://api.nasdaq.com/api/quote/SDOW/historical?assetclass=etf&fromdate=2016-07-26&todate=2026-07-26&limit=5000
SDOW,2020-11-24,221.28,222.72,216.16,217.6,1009954,,https://api.nasdaq.com/api/quote/SDOW/historical?assetclass=etf&fromdate=2016-07-26&todate=2026-07-26&limit=5000
SDOW,2020-11-25,219.04,222.88,218.72,221.28,541787,,https://api.nasdaq.com/api/quote/SDOW/historical?assetclass=etf&fromdate=2016-07-26&todate=2026-07-26&limit=5000
SDOW,2020-11-27,219.84,222.5776,218.0928,220.48,249947,,https://api.nasdaq.com/api/quote/SDOW/historical?assetclass=etf&fromdate=2016-07-26&todate=2026-07-26&limit=5000
SDOW,2020-11-30,224,230.24,223.36,226.08,577782,,https://api.nasdaq.com/api/quote/SDOW/historical?assetclass=etf&fromdate=2016-07-26&todate=2026-07-26&limit=5000
SDOW,2020-12-01,218.88,222.4,216,221.92,725506,,https://api.nasdaq.com/api/quote/SDOW/historical?assetclass=etf&fromdate=2016-07-26&todate=2026-07-26&limit=5000
SDOW,2020-12-02,224.8,226.56,219.84,220.32,426884,,https://api.nasdaq.com/api/quote/SDOW/historical?assetclass=etf&fromdate=2016-07-26&todate=2026-07-26&limit=5000
SDOW,2020-12-03,219.68,220.48,215.36,218.56,637739,,https://api.nasdaq.com/api/quote/SDOW/historical?assetclass=etf&fromdate=2016-07-26&todate=2026-07-26&limit=5000
SDOW,2020-12-04,216.864,217.2,212.8,212.8,556495,,https://api.nasdaq.com/api/quote/SDOW/historical?assetclass=etf&fromdate=2016-07-26&todate=2026-07-26&limit=5000
SDOW,2020-12-07,214.4,218.08,213.6,215.84,367522,,https://api.nasdaq.com/api/quote/SDOW/historical?assetclass=etf&fromdate=2016-07-26&todate=2026-07-26&limit=5000
SDOW,2020-12-08,218.08,218.24,212,213.44,340338,,https://api.nasdaq.com/api/quote/SDOW/historical?assetclass=etf&fromdate=2016-07-26&todate=2026-07-26&limit=5000
SDOW,2020-12-09,211.2,218.2384,210.56,216,533080,,https://api.nasdaq.com/api/quote/SDOW/historical?assetclass=etf&fromdate=2016-07-26&todate=2026-07-26&limit=5000
SDOW,2020-12-10,218.4,219.84,215.68,216.96,444015,,https://api.nasdaq.com/api/quote/SDOW/historical?assetclass=etf&fromdate=2016-07-26&todate=2026-07-26&limit=5000
SDOW,2020-12-11,219.52,220.96,215.52,215.84,547896,,https://api.nasdaq.com/api/quote/SDOW/historical?assetclass=etf&fromdate=2016-07-26&todate=2026-07-26&limit=5000
SDOW,2020-12-14,211.52,220.32,209.92,220.32,467533,,https://api.nasdaq.com/api/quote/SDOW/historical?assetclass=etf&fromdate=2016-07-26&todate=2026-07-26&limit=5000
SDOW,2020-12-15,216,219.28,211.52,212.16,527530,,https://api.nasdaq.com/api/quote/SDOW/historical?assetclass=etf&fromdate=2016-07-26&todate=2026-07-26&limit=5000
SDOW,2020-12-16,212.64,215.04,211.68,213.12,362885,,https://api.nasdaq.com/api/quote/SDOW/historical?assetclass=etf&fromdate=2016-07-26&todate=2026-07-26&limit=5000
SDOW,2020-12-17,211.04,211.84,209.92,210.56,307263,,https://api.nasdaq.com/api/quote/SDOW/historical?assetclass=etf&fromdate=2016-07-26&todate=2026-07-26&limit=5000
SDOW,2020-12-18,209.92,216,209.92,212.48,469468,,https://api.nasdaq.com/api/quote/SDOW/historical?assetclass=etf&fromdate=2016-07-26&todate=2026-07-26&limit=5000
SDOW,2020-12-21,219.2,221.92,210.08,212,748453,,https://api.nasdaq.com/api/quote/SDOW/historical?assetclass=etf&fromdate=2016-07-26&todate=2026-07-26&limit=5000
SDOW,2020-12-22,212.48,216.8,212.48,216.32,425094,,https://api.nasdaq.com/api/quote/SDOW/historical?assetclass=etf&fromdate=2016-07-26&todate=2026-07-26&limit=5000
SDOW,2020-12-23,214.08,214.4,210.4,213.76,538377,,https://api.nasdaq.com/api/quote/SDOW/historical?assetclass=etf&fromdate=2016-07-26&todate=2026-07-26&limit=5000
SDOW,2020-12-24,212.8,214.4,212,212.32,189233,,https://api.nasdaq.com/api/quote/SDOW/historical?assetclass=etf&fromdate=2016-07-26&todate=2026-07-26&limit=5000
SDOW,2020-12-28,208.64,209.28,205.44,208,446756,,https://api.nasdaq.com/api/quote/SDOW/historical?assetclass=etf&fromdate=2016-07-26&todate=2026-07-26&limit=5000
SDOW,2020-12-29,204.96,210.72,204.48,209.12,495983,,https://api.nasdaq.com/api/quote/SDOW/historical?assetclass=etf&fromdate=2016-07-26&todate=2026-07-26&limit=5000
SDOW,2020-12-30,207.52,208.24,205.44,207.68,420643,,https://api.nasdaq.com/api/quote/SDOW/historical?assetclass=etf&fromdate=2016-07-26&todate=2026-07-26&limit=5000
SDOW,2020-12-31,207.68,209.2736,203.2032,204,404326,,https://api.nasdaq.com/api/quote/SDOW/historical?assetclass=etf&fromdate=2016-07-26&todate=2026-07-26&limit=5000
SDOW,2021-01-04,202.56,218.4,202.4,211.04,943539,,https://api.nasdaq.com/api/quote/SDOW/historical?assetclass=etf&fromdate=2016-07-26&todate=2026-07-26&limit=5000
SDOW,2021-01-05,212,213.12,205.36,207.84,741212,,https://api.nasdaq.com/api/quote/SDOW/historical?assetclass=etf&fromdate=2016-07-26&todate=2026-07-26&limit=5000
SDOW,2021-01-06,208.48,209.44,194.88,198.56,1555129,,https://api.nasdaq.com/api/quote/SDOW/historical?assetclass=etf&fromdate=2016-07-26&todate=2026-07-26&limit=5000
SDOW,2021-01-07,195.84,197.28,191.5216,194.4,805422,,https://api.nasdaq.com/api/quote/SDOW/historical?assetclass=etf&fromdate=2016-07-26&todate=2026-07-26&limit=5000
SDOW,2021-01-08,193.12,199.2,192.64,193.28,570550,,https://api.nasdaq.com/api/quote/SDOW/historical?assetclass=etf&fromdate=2016-07-26&todate=2026-07-26&limit=5000
SDOW,2021-01-11,198.56,198.56,193.44,195.2,602593,,https://api.nasdaq.com/api/quote/SDOW/historical?assetclass=etf&fromdate=2016-07-26&todate=2026-07-26&limit=5000
SDOW,2021-01-12,194.88,197.44,193.12,193.92,459335,,https://api.nasdaq.com/api/quote/SDOW/historical?assetclass=etf&fromdate=2016-07-26&todate=2026-07-26&limit=5000
SDOW,2021-01-13,194.24,195.52,192.32,193.92,330409,,https://api.nasdaq.com/api/quote/SDOW/historical?assetclass=etf&fromdate=2016-07-26&todate=2026-07-26&limit=5000
SDOW,2021-01-14,192.32,195.52,191.04,195.04,381005,,https://api.nasdaq.com/api/quote/SDOW/historical?assetclass=etf&fromdate=2016-07-26&todate=2026-07-26&limit=5000
SDOW,2021-01-15,198.56,202.56,196.32,198.72,674733,,https://api.nasdaq.com/api/quote/SDOW/historical?assetclass=etf&fromdate=2016-07-26&todate=2026-07-26&limit=5000
SDOW,2021-01-19,194.4,197.7472,193.44,196.32,308826,,https://api.nasdaq.com/api/quote/SDOW/historical?assetclass=etf&fromdate=2016-07-26&todate=2026-07-26&limit=5000
SDOW,2021-01-20,194.24,195.1152,190.56,191.52,397543,,https://api.nasdaq.com/api/quote/SDOW/historical?assetclass=etf&fromdate=2016-07-26&todate=2026-07-26&limit=5000
SDOW,2021-01-21,191.104,192.64,189.92,191.36,316526,,https://api.nasdaq.com/api/quote/SDOW/historical?assetclass=etf&fromdate=2016-07-26&todate=2026-07-26&limit=5000
SDOW,2021-01-22,195.04,196.64,192.96,194.72,432847,,https://api.nasdaq.com/api/quote/SDOW/historical?assetclass=etf&fromdate=2016-07-26&todate=2026-07-26&limit=5000
SDOW,2021-01-25,196.8,203.12,195.36,195.52,562417,,https://api.nasdaq.com/api/quote/SDOW/historical?assetclass=etf&fromdate=2016-07-26&todate=2026-07-26&limit=5000
SDOW,2021-01-26,193.7968,196.3184,192.64,196,275281,,https://api.nasdaq.com/api/quote/SDOW/historical?assetclass=etf&fromdate=2016-07-26&todate=2026-07-26&limit=5000
SDOW,2021-01-27,201.12,209.9072,201.12,207.68,842331,,https://api.nasdaq.com/api/quote/SDOW/historical?assetclass=etf&fromdate=2016-07-26&todate=2026-07-26&limit=5000
SDOW,2021-01-28,204,204.32,194.88,201.92,1087646,,https://api.nasdaq.com/api/quote/SDOW/historical?assetclass=etf&fromdate=2016-07-26&todate=2026-07-26&limit=5000
SDOW,2021-01-29,205.92,216.64,204.1728,214.08,1036823,,https://api.nasdaq.com/api/quote/SDOW/historical?assetclass=etf&fromdate=2016-07-26&todate=2026-07-26&limit=5000
SDOW,2021-02-01,209.12,213.6,206.56,209.12,668835,,https://api.nasdaq.com/api/quote/SDOW/historical?assetclass=etf&fromdate=2016-07-26&todate=2026-07-26&limit=5000
SDOW,2021-02-02,204,204.16,196.16,199.04,817626,,https://api.nasdaq.com/api/quote/SDOW/historical?assetclass=etf&fromdate=2016-07-26&todate=2026-07-26&limit=5000
SDOW,2021-02-03,200.64,202.7184,197.28,198.4,446722,,https://api.nasdaq.com/api/quote/SDOW/historical?assetclass=etf&fromdate=2016-07-26&todate=2026-07-26&limit=5000
SDOW,2021-02-04,197.6,197.6,192,192,537388,,https://api.nasdaq.com/api/quote/SDOW/historical?assetclass=etf&fromdate=2016-07-26&todate=2026-07-26&limit=5000
SDOW,2021-02-05,188.96,191.68,188.48,190.4,412011,,https://api.nasdaq.com/api/quote/SDOW/historical?assetclass=etf&fromdate=2016-07-26&todate=2026-07-26&limit=5000
SDOW,2021-02-08,188.48,188.6672,186.24,186.24,399431,,https://api.nasdaq.com/api/quote/SDOW/historical?assetclass=etf&fromdate=2016-07-26&todate=2026-07-26&limit=5000
SDOW,2021-02-09,187.2,188.4784,184.8,186.08,307721,,https://api.nasdaq.com/api/quote/SDOW/historical?assetclass=etf&fromdate=2016-07-26&todate=2026-07-26&limit=5000
SDOW,2021-02-10,183.84,188.8,183.6,184.96,543068,,https://api.nasdaq.com/api/quote/SDOW/historical?assetclass=etf&fromdate=2016-07-26&todate=2026-07-26&limit=5000
SDOW,2021-02-11,183.84,187.92,182.72,184.8,512671,,https://api.nasdaq.com/api/quote/SDOW/historical?assetclass=etf&fromdate=2016-07-26&todate=2026-07-26&limit=5000
SDOW,2021-02-12,185.44,186.0784,183.68,184,337856,,https://api.nasdaq.com/api/quote/SDOW/historical?assetclass=etf&fromdate=2016-07-26&todate=2026-07-26&limit=5000
SDOW,2021-02-16,181.76,184.32,181.28,182.88,439311,,https://api.nasdaq.com/api/quote/SDOW/historical?assetclass=etf&fromdate=2016-07-26&todate=2026-07-26&limit=5000
SDOW,2021-02-17,184.8,185.904,180.64,180.96,443531,,https://api.nasdaq.com/api/quote/SDOW/historical?assetclass=etf&fromdate=2016-07-26&todate=2026-07-26&limit=5000
SDOW,2021-02-18,184.48,186.72,182.0976,183.04,481688,,https://api.nasdaq.com/api/quote/SDOW/historical?assetclass=etf&fromdate=2016-07-26&todate=2026-07-26&limit=5000
SDOW,2021-02-19,181.6,183.536,180.48,183.2,480950,,https://api.nasdaq.com/api/quote/SDOW/historical?assetclass=etf&fromdate=2016-07-26&todate=2026-07-26&limit=5000
SDOW,2021-02-22,186.4,186.72,180.32,182.4,472082,,https://api.nasdaq.com/api/quote/SDOW/historical?assetclass=etf&fromdate=2016-07-26&todate=2026-07-26&limit=5000
SDOW,2021-02-23,183.3104,188.96,180.1632,182.24,1041248,,https://api.nasdaq.com/api/quote/SDOW/historical?assetclass=etf&fromdate=2016-07-26&todate=2026-07-26&limit=5000
SDOW,2021-02-24,183.68,184.32,174.08,174.88,853841,,https://api.nasdaq.com/api/quote/SDOW/historical?assetclass=etf&fromdate=2016-07-26&todate=2026-07-26&limit=5000
SDOW,2021-02-25,174.56,185.76,174.2416,184,1192881,,https://api.nasdaq.com/api/quote/SDOW/historical?assetclass=etf&fromdate=2016-07-26&todate=2026-07-26&limit=5000
SDOW,2021-02-26,183.36,192.32,183.1984,192,982278,,https://api.nasdaq.com/api/quote/SDOW/historical?assetclass=etf&fromdate=2016-07-26&todate=2026-07-26&limit=5000
SDOW,2021-03-01,184.48,184.48,178.0816,180.64,822712,,https://api.nasdaq.com/api/quote/SDOW/historical?assetclass=etf&fromdate=2016-07-26&todate=2026-07-26&limit=5000
SDOW,2021-03-02,180.16,183.3344,179.04,183.04,527014,,https://api.nasdaq.com/api/quote/SDOW/historical?assetclass=etf&fromdate=2016-07-26&todate=2026-07-26&limit=5000
SDOW,2021-03-03,183.52,185.28,180,185.12,820093,,https://api.nasdaq.com/api/quote/SDOW/historical?assetclass=etf&fromdate=2016-07-26&todate=2026-07-26&limit=5000
SDOW,2021-03-04,184.8,198.08,181.6,191.04,1430671,,https://api.nasdaq.com/api/quote/SDOW/historical?assetclass=etf&fromdate=2016-07-26&todate=2026-07-26&limit=5000
SDOW,2021-03-05,185.696,194.24,179.04,180.8,1301999,,https://api.nasdaq.com/api/quote/SDOW/historical?assetclass=etf&fromdate=2016-07-26&todate=2026-07-26&limit=5000
SDOW,2021-03-08,178.4,179.6,169.44,175.36,1741308,,https://api.nasdaq.com/api/quote/SDOW/historical?assetclass=etf&fromdate=2016-07-26&todate=2026-07-26&limit=5000
SDOW,2021-03-09,173.44,174.88,169.6,174.88,879663,,https://api.nasdaq.com/api/quote/SDOW/historical?assetclass=etf&fromdate=2016-07-26&todate=2026-07-26&limit=5000
SDOW,2021-03-10,171.52,171.68,165.44,166.88,1398153,,https://api.nasdaq.com/api/quote/SDOW/historical?assetclass=etf&fromdate=2016-07-26&todate=2026-07-26&limit=5000
SDOW,2021-03-11,164.96,166.24,161.28,164,956273,,https://api.nasdaq.com/api/quote/SDOW/historical?assetclass=etf&fromdate=2016-07-26&todate=2026-07-26&limit=5000
SDOW,2021-03-12,163.36,163.68,159.04,159.36,908940,,https://api.nasdaq.com/api/quote/SDOW/historical?assetclass=etf&fromdate=2016-07-26&todate=2026-07-26&limit=5000
SDOW,2021-03-15,158.08,161.6,156.48,156.96,821618,,https://api.nasdaq.com/api/quote/SDOW/historical?assetclass=etf&fromdate=2016-07-26&todate=2026-07-26&limit=5000
SDOW,2021-03-16,157.28,159.36,156.96,158.56,732952,,https://api.nasdaq.com/api/quote/SDOW/historical?assetclass=etf&fromdate=2016-07-26&todate=2026-07-26&limit=5000
SDOW,2021-03-17,158.24,159.2,155.36,155.84,746464,,https://api.nasdaq.com/api/quote/SDOW/historical?assetclass=etf&fromdate=2016-07-26&todate=2026-07-26&limit=5000
SDOW,2021-03-18,156.32,158.4,152.8,157.76,1423258,,https://api.nasdaq.com/api/quote/SDOW/historical?assetclass=etf&fromdate=2016-07-26&todate=2026-07-26&limit=5000
SDOW,2021-03-19,158.4,163.04,158.4,161.6,1005543,,https://api.nasdaq.com/api/quote/SDOW/historical?assetclass=etf&fromdate=2016-07-26&todate=2026-07-26&limit=5000
SDOW,2021-03-22,162.08,163.04,158.5616,159.84,631395,,https://api.nasdaq.com/api/quote/SDOW/historical?assetclass=etf&fromdate=2016-07-26&todate=2026-07-26&limit=5000
SDOW,2021-03-23,161.28,165.28,159.376,164.16,840843,,https://api.nasdaq.com/api/quote/SDOW/historical?assetclass=etf&fromdate=2016-07-26&todate=2026-07-26&limit=5000
SDOW,2021-03-24,162.56,164.48,158.7328,164.48,908173,,https://api.nasdaq.com/api/quote/SDOW/historical?assetclass=etf&fromdate=2016-07-26&todate=2026-07-26&limit=5000
SDOW,2021-03-25,166.4,169.76,160.48,161.12,1295909,,https://api.nasdaq.com/api/quote/SDOW/historical?assetclass=etf&fromdate=2016-07-26&todate=2026-07-26&limit=5000
SDOW,2021-03-26,159.04,160.4784,154.16,154.72,1053169,,https://api.nasdaq.com/api/quote/SDOW/historical?assetclass=etf&fromdate=2016-07-26&todate=2026-07-26&limit=5000
SDOW,2021-03-29,156.48,156.96,152,153.28,1014788,,https://api.nasdaq.com/api/quote/SDOW/historical?assetclass=etf&fromdate=2016-07-26&todate=2026-07-26&limit=5000
SDOW,2021-03-30,153.92,155.76,153.2,154.24,550006,,https://api.nasdaq.com/api/quote/SDOW/historical?assetclass=etf&fromdate=2016-07-26&todate=2026-07-26&limit=5000
SDOW,2021-03-31,154.704,155.44,153.12,155.2,365909,,https://api.nasdaq.com/api/quote/SDOW/historical?assetclass=etf&fromdate=2016-07-26&todate=2026-07-26&limit=5000
SDOW,2021-04-01,154.4,155.84,153.12,153.12,431439,,https://api.nasdaq.com/api/quote/SDOW/historical?assetclass=etf&fromdate=2016-07-26&todate=2026-07-26&limit=5000
SDOW,2021-04-05,149.92,149.92,146.72,148,667635,,https://api.nasdaq.com/api/quote/SDOW/historical?assetclass=etf&fromdate=2016-07-26&todate=2026-07-26&limit=5000
SDOW,2021-04-06,148.8,149.92,147.8112,149.44,551588,,https://api.nasdaq.com/api/quote/SDOW/historical?assetclass=etf&fromdate=2016-07-26&todate=2026-07-26&limit=5000
SDOW,2021-04-07,149.6,150.4,148,149.28,452222,,https://api.nasdaq.com/api/quote/SDOW/historical?assetclass=etf&fromdate=2016-07-26&todate=2026-07-26&limit=5000
SDOW,2021-04-08,149.28,150.4,148,148,389146,,https://api.nasdaq.com/api/quote/SDOW/historical?assetclass=etf&fromdate=2016-07-26&todate=2026-07-26&limit=5000
SDOW,2021-04-09,147.36,147.8384,144.16,144.32,476360,,https://api.nasdaq.com/api/quote/SDOW/historical?assetclass=etf&fromdate=2016-07-26&todate=2026-07-26&limit=5000
SDOW,2021-04-12,145.12,146.08,144.48,144.8,366425,,https://api.nasdaq.com/api/quote/SDOW/historical?assetclass=etf&fromdate=2016-07-26&todate=2026-07-26&limit=5000
SDOW,2021-04-13,146.24,147.68,145.12,145.92,467513,,https://api.nasdaq.com/api/quote/SDOW/historical?assetclass=etf&fromdate=2016-07-26&todate=2026-07-26&limit=5000
SDOW,2021-04-14,145.76,145.92,142.88,144.96,633861,,https://api.nasdaq.com/api/quote/SDOW/historical?assetclass=etf&fromdate=2016-07-26&todate=2026-07-26&limit=5000
SDOW,2021-04-15,143.2,143.2,140.8,141.12,666550,,https://api.nasdaq.com/api/quote/SDOW/historical?assetclass=etf&fromdate=2016-07-26&todate=2026-07-26&limit=5000
SDOW,2021-04-16,139.36,140.32,138.56,139.2,565881,,https://api.nasdaq.com/api/quote/SDOW/historical?assetclass=etf&fromdate=2016-07-26&todate=2026-07-26&limit=5000
SDOW,2021-04-19,140.32,142.08,139.888,140.48,1385200,,https://api.nasdaq.com/api/quote/SDOW/historical?assetclass=etf&fromdate=2016-07-26&todate=2026-07-26&limit=5000
SDOW,2021-04-20,142.4,145.6,141.6,143.84,1038600,,https://api.nasdaq.com/api/quote/SDOW/historical?assetclass=etf&fromdate=2016-07-26&todate=2026-07-26&limit=5000
SDOW,2021-04-21,144.64,144.64,139.52,139.68,525197,,https://api.nasdaq.com/api/quote/SDOW/historical?assetclass=etf&fromdate=2016-07-26&todate=2026-07-26&limit=5000
SDOW,2021-04-22,140,144.96,139.84,143.52,1069942,,https://api.nasdaq.com/api/quote/SDOW/historical?assetclass=etf&fromdate=2016-07-26&todate=2026-07-26&limit=5000
SDOW,2021-04-23,144.16,144.96,139.2,140.64,544621,,https://api.nasdaq.com/api/quote/SDOW/historical?assetclass=etf&fromdate=2016-07-26&todate=2026-07-26&limit=5000
SDOW,2021-04-26,139.68,142.08,139.36,141.44,370007,,https://api.nasdaq.com/api/quote/SDOW/historical?assetclass=etf&fromdate=2016-07-26&todate=2026-07-26&limit=5000
SDOW,2021-04-27,141.6,142.88,140.64,141.28,449929,,https://api.nasdaq.com/api/quote/SDOW/historical?assetclass=etf&fromdate=2016-07-26&todate=2026-07-26&limit=5000
SDOW,2021-04-28,142.24,143.6784,141.76,143.04,430872,,https://api.nasdaq.com/api/quote/SDOW/historical?assetclass=etf&fromdate=2016-07-26&todate=2026-07-26&limit=5000
SDOW,2021-04-29,141.12,144.48,140,140.32,578127,,https://api.nasdaq.com/api/quote/SDOW/historical?assetclass=etf&fromdate=2016-07-26&todate=2026-07-26&limit=5000
SDOW,2021-04-30,142.56,143.84,141.6,142.56,629066,,https://api.nasdaq.com/api/quote/SDOW/historical?assetclass=etf&fromdate=2016-07-26&todate=2026-07-26&limit=5000
SDOW,2021-05-03,140.16,140.32,138.4,139.68,728807,,https://api.nasdaq.com/api/quote/SDOW/historical?assetclass=etf&fromdate=2016-07-26&todate=2026-07-26&limit=5000
SDOW,2021-05-04,140.96,144,139.336,139.36,958029,,https://api.nasdaq.com/api/quote/SDOW/historical?assetclass=etf&fromdate=2016-07-26&todate=2026-07-26&limit=5000
SDOW,2021-05-05,138.24,140.64,136.9856,138.08,499526,,https://api.nasdaq.com/api/quote/SDOW/historical?assetclass=etf&fromdate=2016-07-26&todate=2026-07-26&limit=5000
SDOW,2021-05-06,137.6,138.72,134.16,134.24,1020990,,https://api.nasdaq.com/api/quote/SDOW/historical?assetclass=etf&fromdate=2016-07-26&todate=2026-07-26&limit=5000
SDOW,2021-05-07,134.56,135.1872,131.0416,131.36,797727,,https://api.nasdaq.com/api/quote/SDOW/historical?assetclass=etf&fromdate=2016-07-26&todate=2026-07-26&limit=5000
SDOW,2021-05-10,130.08,131.84,127.84,131.84,1328778,,https://api.nasdaq.com/api/quote/SDOW/historical?assetclass=etf&fromdate=2016-07-26&todate=2026-07-26&limit=5000
SDOW,2021-05-11,134.72,139.52,134.56,137.12,1725559,,https://api.nasdaq.com/api/quote/SDOW/historical?assetclass=etf&fromdate=2016-07-26&todate=2026-07-26&limit=5000
SDOW,2021-05-12,139.04,145.76,137.92,145.44,1318437,,https://api.nasdaq.com/api/quote/SDOW/historical?assetclass=etf&fromdate=2016-07-26&todate=2026-07-26&limit=5000
SDOW,2021-05-13,145.08,145.08,137.6,139.84,2030806,,https://api.nasdaq.com/api/quote/SDOW/historical?assetclass=etf&fromdate=2016-07-26&todate=2026-07-26&limit=5000
SDOW,2021-05-14,137.28,137.84,134.08,134.88,1137718,,https://api.nasdaq.com/api/quote/SDOW/historical?assetclass=etf&fromdate=2016-07-26&todate=2026-07-26&limit=5000
SDOW,2021-05-17,136.16,137.6,135.04,135.84,1112086,,https://api.nasdaq.com/api/quote/SDOW/historical?assetclass=etf&fromdate=2016-07-26&todate=2026-07-26&limit=5000
SDOW,2021-05-18,135.2,138.88,134.72,138.88,727817,,https://api.nasdaq.com/api/quote/SDOW/historical?assetclass=etf&fromdate=2016-07-26&todate=2026-07-26&limit=5000
SDOW,2021-05-19,143.04,145.92,140.64,140.96,1557996,,https://api.nasdaq.com/api/quote/SDOW/historical?assetclass=etf&fromdate=2016-07-26&todate=2026-07-26&limit=5000
SDOW,2021-05-20,140.32,140.8272,136.32,138.24,739220,,https://api.nasdaq.com/api/quote/SDOW/historical?assetclass=etf&fromdate=2016-07-26&todate=2026-07-26&limit=5000
SDOW,2021-05-21,136.32,137.6,134.08,136.48,1118291,,https://api.nasdaq.com/api/quote/SDOW/historical?assetclass=etf&fromdate=2016-07-26&todate=2026-07-26&limit=5000
SDOW,2021-05-24,134.88,135.44,133.44,134.24,438532,,https://api.nasdaq.com/api/quote/SDOW/historical?assetclass=etf&fromdate=2016-07-26&todate=2026-07-26&limit=5000
SDOW,2021-05-25,133.52,135.88,133.04,135.32,1250355,,https://api.nasdaq.com/api/quote/SDOW/historical?assetclass=etf&fromdate=2016-07-26&todate=2026-07-26&limit=5000
SDOW,2021-05-26,134.72,135.84,134.12,135.24,650067,,https://api.nasdaq.com/api/quote/SDOW/historical?assetclass=etf&fromdate=2016-07-26&todate=2026-07-26&limit=5000
SDOW,2021-05-27,132.72,134.44,131.72,133.64,741718,,https://api.nasdaq.com/api/quote/SDOW/historical?assetclass=etf&fromdate=2016-07-26&todate=2026-07-26&limit=5000
SDOW,2021-05-28,131.56,132.64,131.38,132.32,542863,,https://api.nasdaq.com/api/quote/SDOW/historical?assetclass=etf&fromdate=2016-07-26&todate=2026-07-26&limit=5000
SDOW,2021-06-01,129.04,132.38,128.8532,131.96,630079,,https://api.nasdaq.com/api/quote/SDOW/historical?assetclass=etf&fromdate=2016-07-26&todate=2026-07-26&limit=5000
SDOW,2021-06-02,131,132.2,130.36,131.6,500542,,https://api.nasdaq.com/api/quote/SDOW/historical?assetclass=etf&fromdate=2016-07-26&todate=2026-07-26&limit=5000
SDOW,2021-06-03,133.44,134.68,130.8,131.84,791831,,https://api.nasdaq.com/api/quote/SDOW/historical?assetclass=etf&fromdate=2016-07-26&todate=2026-07-26&limit=5000
SDOW,2021-06-04,130.6,131.28,129.604,129.68,537117,,https://api.nasdaq.com/api/quote/SDOW/historical?assetclass=etf&fromdate=2016-07-26&todate=2026-07-26&limit=5000
SDOW,2021-06-07,129.08,131.838,128.96,131.16,510448,,https://api.nasdaq.com/api/quote/SDOW/historical?assetclass=etf&fromdate=2016-07-26&todate=2026-07-26&limit=5000
SDOW,2021-06-08,131.04,133.24,130.8,131.56,655755,,https://api.nasdaq.com/api/quote/SDOW/historical?assetclass=etf&fromdate=2016-07-26&todate=2026-07-26&limit=5000
SDOW,2021-06-09,131.16,133.28,130.8,133.2,484736,,https://api.nasdaq.com/api/quote/SDOW/historical?assetclass=etf&fromdate=2016-07-26&todate=2026-07-26&limit=5000
SDOW,2021-06-10,131.24,133.2372,129.78,132.84,732192,,https://api.nasdaq.com/api/quote/SDOW/historical?assetclass=etf&fromdate=2016-07-26&todate=2026-07-26&limit=5000
SDOW,2021-06-11,131.72,134.58,131.16,132.76,459568,,https://api.nasdaq.com/api/quote/SDOW/historical?assetclass=etf&fromdate=2016-07-26&todate=2026-07-26&limit=5000
SDOW,2021-06-14,133.04,135.86,133.04,133.64,432717,,https://api.nasdaq.com/api/quote/SDOW/historical?assetclass=etf&fromdate=2016-07-26&todate=2026-07-26&limit=5000
SDOW,2021-06-15,133.6,135.9848,133.44,134.76,383259,,https://api.nasdaq.com/api/quote/SDOW/historical?assetclass=etf&fromdate=2016-07-26&todate=2026-07-26&limit=5000
SDOW,2021-06-16,134.92,139.4,134.48,138,907974,,https://api.nasdaq.com/api/quote/SDOW/historical?assetclass=etf&fromdate=2016-07-26&todate=2026-07-26&limit=5000
SDOW,2021-06-17,138.1152,142.9176,137.24,140.4,921716,,https://api.nasdaq.com/api/quote/SDOW/historical?assetclass=etf&fromdate=2016-07-26&todate=2026-07-26&limit=5000
SDOW,2021-06-18,145.12,147.24,144.04,147.08,1051912,,https://api.nasdaq.com/api/quote/SDOW/historical?assetclass=etf&fromdate=2016-07-26&todate=2026-07-26&limit=5000
SDOW,2021-06-21,143.84,144.92,138.8004,139.16,1178101,,https://api.nasdaq.com/api/quote/SDOW/historical?assetclass=etf&fromdate=2016-07-26&todate=2026-07-26&limit=5000
SDOW,2021-06-22,139.28,140.8,137.168,138.4,1015129,,https://api.nasdaq.com/api/quote/SDOW/historical?assetclass=etf&fromdate=2016-07-26&todate=2026-07-26&limit=5000
SDOW,2021-06-23,138.2,139.248,137.5,139.16,635099,,https://api.nasdaq.com/api/quote/SDOW/historical?assetclass=etf&fromdate=2016-07-26&todate=2026-07-26&limit=5000
SDOW,2021-06-24,136.84,137.2,134.76,135.12,1070354,,https://api.nasdaq.com/api/quote/SDOW/historical?assetclass=etf&fromdate=2016-07-26&todate=2026-07-26&limit=5000
SDOW,2021-06-25,133.24,133.84,131.64,132.2,898651,,https://api.nasdaq.com/api/quote/SDOW/historical?assetclass=etf&fromdate=2016-07-26&todate=2026-07-26&limit=5000
SDOW,2021-06-28,132.4,135.28,132.28,134.08,652633,,https://api.nasdaq.com/api/quote/SDOW/historical?assetclass=etf&fromdate=2016-07-26&todate=2026-07-26&limit=5000
SDOW,2021-06-29,132.72,134.36,131.88,133.96,372973,,https://api.nasdaq.com/api/quote/SDOW/historical?assetclass=etf&fromdate=2016-07-26&todate=2026-07-26&limit=5000
SDOW,2021-06-30,134.68,134.68,131,131.68,513461,,https://api.nasdaq.com/api/quote/SDOW/historical?assetclass=etf&fromdate=2016-07-26&todate=2026-07-26&limit=5000
SDOW,2021-07-01,130.64,131.64,129.96,129.96,431046,,https://api.nasdaq.com/api/quote/SDOW/historical?assetclass=etf&fromdate=2016-07-26&todate=2026-07-26&limit=5000
SDOW,2021-07-02,129.28,130.2,127.8016,128.2,601845,,https://api.nasdaq.com/api/quote/SDOW/historical?assetclass=etf&fromdate=2016-07-26&todate=2026-07-26&limit=5000
SDOW,2021-07-06,128.4,133,128.04,130.52,1793768,,https://api.nasdaq.com/api/quote/SDOW/historical?assetclass=etf&fromdate=2016-07-26&todate=2026-07-26&limit=5000
SDOW,2021-07-07,130.76,132.1936,129.04,129.36,1194391,,https://api.nasdaq.com/api/quote/SDOW/historical?assetclass=etf&fromdate=2016-07-26&todate=2026-07-26&limit=5000
SDOW,2021-07-08,134.2,135.32,131.44,132.04,1703768,,https://api.nasdaq.com/api/quote/SDOW/historical?assetclass=etf&fromdate=2016-07-26&todate=2026-07-26&limit=5000
SDOW,2021-07-09,129.6,130.474,126.76,127.04,1191171,,https://api.nasdaq.com/api/quote/SDOW/historical?assetclass=etf&fromdate=2016-07-26&todate=2026-07-26&limit=5000
SDOW,2021-07-12,127.96,128.6,125.36,125.6,791806,,https://api.nasdaq.com/api/quote/SDOW/historical?assetclass=etf&fromdate=2016-07-26&todate=2026-07-26&limit=5000
SDOW,2021-07-13,126.2,126.96,125.4452,126.68,721424,,https://api.nasdaq.com/api/quote/SDOW/historical?assetclass=etf&fromdate=2016-07-26&todate=2026-07-26&limit=5000
SDOW,2021-07-14,125.44,127.48,124.92,126.32,820774,,https://api.nasdaq.com/api/quote/SDOW/historical?assetclass=etf&fromdate=2016-07-26&todate=2026-07-26&limit=5000
SDOW,2021-07-15,127.96,128.24,125.68,125.8,963877,,https://api.nasdaq.com/api/quote/SDOW/historical?assetclass=etf&fromdate=2016-07-26&todate=2026-07-26&limit=5000
SDOW,2021-07-16,124.72,129.4,124.64,128.92,1080362,,https://api.nasdaq.com/api/quote/SDOW/historical?assetclass=etf&fromdate=2016-07-26&todate=2026-07-26&limit=5000
SDOW,2021-07-19,134.52,139.44,133.64,136.76,2407385,,https://api.nasdaq.com/api/quote/SDOW/historical?assetclass=etf&fromdate=2016-07-26&todate=2026-07-26&limit=5000
SDOW,2021-07-20,136.08,136.72,129.04,130.32,1791006,,https://api.nasdaq.com/api/quote/SDOW/historical?assetclass=etf&fromdate=2016-07-26&todate=2026-07-26&limit=5000
SDOW,2021-07-21,128.16,128.8736,126.8,127,915086,,https://api.nasdaq.com/api/quote/SDOW/historical?assetclass=etf&fromdate=2016-07-26&todate=2026-07-26&limit=5000
SDOW,2021-07-22,127.2,128.44,126.12,126.6,919102,,https://api.nasdaq.com/api/quote/SDOW/historical?assetclass=etf&fromdate=2016-07-26&todate=2026-07-26&limit=5000
SDOW,2021-07-23,124.8,125.64,123.68,124.04,1586241,,https://api.nasdaq.com/api/quote/SDOW/historical?assetclass=etf&fromdate=2016-07-26&todate=2026-07-26&limit=5000
SDOW,2021-07-26,124.76,125.3,123.2,123.2,1300529,,https://api.nasdaq.com/api/quote/SDOW/historical?assetclass=etf&fromdate=2016-07-26&todate=2026-07-26&limit=5000
SDOW,2021-07-27,124.68,126.04,124,124,1880704,,https://api.nasdaq.com/api/quote/SDOW/historical?assetclass=etf&fromdate=2016-07-26&todate=2026-07-26&limit=5000
SDOW,2021-07-28,123.64,126.12,123.36,125.36,1152669,,https://api.nasdaq.com/api/quote/SDOW/historical?assetclass=etf&fromdate=2016-07-26&todate=2026-07-26&limit=5000
SDOW,2021-07-29,123.72,124.36,122.92,123.84,1105057,,https://api.nasdaq.com/api/quote/SDOW/historical?assetclass=etf&fromdate=2016-07-26&todate=2026-07-26&limit=5000
SDOW,2021-07-30,124.8,126.1,123.6,125.32,979533,,https://api.nasdaq.com/api/quote/SDOW/historical?assetclass=etf&fromdate=2016-07-26&todate=2026-07-26&limit=5000
SDOW,2021-08-02,124.2,126.76,122.6396,126.48,1239819,,https://api.nasdaq.com/api/quote/SDOW/historical?assetclass=etf&fromdate=2016-07-26&todate=2026-07-26&limit=5000
SDOW,2021-08-03,125.64,127.8,123.4,123.4,1337345,,https://api.nasdaq.com/api/quote/SDOW/historical?assetclass=etf&fromdate=2016-07-26&todate=2026-07-26&limit=5000
SDOW,2021-08-04,125.08,126.8604,124.52,126.72,938772,,https://api.nasdaq.com/api/quote/SDOW/historical?assetclass=etf&fromdate=2016-07-26&todate=2026-07-26&limit=5000
SDOW,2021-08-05,125.76,125.96,123.84,123.92,542166,,https://api.nasdaq.com/api/quote/SDOW/historical?assetclass=etf&fromdate=2016-07-26&todate=2026-07-26&limit=5000
SDOW,2021-08-06,122.84,122.96,121.88,122.24,1198587,,https://api.nasdaq.com/api/quote/SDOW/historical?assetclass=etf&fromdate=2016-07-26&todate=2026-07-26&limit=5000
SDOW,2021-08-09,122.8,123.9196,122.32,123.2,605301,,https://api.nasdaq.com/api/quote/SDOW/historical?assetclass=etf&fromdate=2016-07-26&todate=2026-07-26&limit=5000
SDOW,2021-08-10,122.96,123.4,121.38,121.52,848997,,https://api.nasdaq.com/api/quote/SDOW/historical?assetclass=etf&fromdate=2016-07-26&todate=2026-07-26&limit=5000
SDOW,2021-08-11,120.36,120.588,119.1276,119.32,1202859,,https://api.nasdaq.com/api/quote/SDOW/historical?assetclass=etf&fromdate=2016-07-26&todate=2026-07-26&limit=5000
SDOW,2021-08-12,119.08,120.52,118.92,118.96,903949,,https://api.nasdaq.com/api/quote/SDOW/historical?assetclass=etf&fromdate=2016-07-26&todate=2026-07-26&limit=5000
SDOW,2021-08-13,118.44,119.28,117.88,118.76,675327,,https://api.nasdaq.com/api/quote/SDOW/historical?assetclass=etf&fromdate=2016-07-26&todate=2026-07-26&limit=5000
SDOW,2021-08-16,119.88,121.58,117.6,117.6,928988,,https://api.nasdaq.com/api/quote/SDOW/historical?assetclass=etf&fromdate=2016-07-26&todate=2026-07-26&limit=5000
SDOW,2021-08-17,120.276,122.62,119.52,120.36,1698083,,https://api.nasdaq.com/api/quote/SDOW/historical?assetclass=etf&fromdate=2016-07-26&todate=2026-07-26&limit=5000
SDOW,2021-08-18,121.6,124.4,120.12,124.24,1122927,,https://api.nasdaq.com/api/quote/SDOW/historical?assetclass=etf&fromdate=2016-07-26&todate=2026-07-26&limit=5000
SDOW,2021-08-19,127.16,127.16,123.76,124.76,1777826,,https://api.nasdaq.com/api/quote/SDOW/historical?assetclass=etf&fromdate=2016-07-26&todate=2026-07-26&limit=5000
SDOW,2021-08-20,124.72,125.2,121.68,122.28,1065333,,https://api.nasdaq.com/api/quote/SDOW/historical?assetclass=etf&fromdate=2016-07-26&todate=2026-07-26&limit=5000
SDOW,2021-08-23,120.44,120.44,119.04,119.96,740668,,https://api.nasdaq.com/api/quote/SDOW/historical?assetclass=etf&fromdate=2016-07-26&todate=2026-07-26&limit=5000
SDOW,2021-08-24,119.32,119.76,118.8928,119.64,692453,,https://api.nasdaq.com/api/quote/SDOW/historical?assetclass=etf&fromdate=2016-07-26&todate=2026-07-26&limit=5000
SDOW,2021-08-25,119.56,120.48,118.34,119.28,614117,,https://api.nasdaq.com/api/quote/SDOW/historical?assetclass=etf&fromdate=2016-07-26&todate=2026-07-26&limit=5000
SDOW,2021-08-26,118.88,121.348,118.36,121.24,1180932,,https://api.nasdaq.com/api/quote/SDOW/historical?assetclass=etf&fromdate=2016-07-26&todate=2026-07-26&limit=5000
SDOW,2021-08-27,120.72,120.72,118.48,118.76,876549,,https://api.nasdaq.com/api/quote/SDOW/historical?assetclass=etf&fromdate=2016-07-26&todate=2026-07-26&limit=5000
SDOW,2021-08-30,118.32,119.4308,118.1008,119.12,624630,,https://api.nasdaq.com/api/quote/SDOW/historical?assetclass=etf&fromdate=2016-07-26&todate=2026-07-26&limit=5000
SDOW,2021-08-31,119.56,120.12,118.48,119.44,721603,,https://api.nasdaq.com/api/quote/SDOW/historical?assetclass=etf&fromdate=2016-07-26&todate=2026-07-26&limit=5000
SDOW,2021-09-01,118.96,120,118.96,119.76,610765,,https://api.nasdaq.com/api/quote/SDOW/historical?assetclass=etf&fromdate=2016-07-26&todate=2026-07-26&limit=5000
SDOW,2021-09-02,118.52,119.4,118.12,118.48,596772,,https://api.nasdaq.com/api/quote/SDOW/historical?assetclass=etf&fromdate=2016-07-26&todate=2026-07-26&limit=5000
SDOW,2021-09-03,119.6,120.16,118.64,119.08,693926,,https://api.nasdaq.com/api/quote/SDOW/historical?assetclass=etf&fromdate=2016-07-26&todate=2026-07-26&limit=5000
SDOW,2021-09-07,119.68,122.28,119.52,121.84,624222,,https://api.nasdaq.com/api/quote/SDOW/historical?assetclass=etf&fromdate=2016-07-26&todate=2026-07-26&limit=5000
SDOW,2021-09-08,122.52,123.68,121.0804,122.6,743197,,https://api.nasdaq.com/api/quote/SDOW/historical?assetclass=etf&fromdate=2016-07-26&todate=2026-07-26&limit=5000
SDOW,2021-09-09,122.8,124.4796,120.7596,124,835214,,https://api.nasdaq.com/api/quote/SDOW/historical?assetclass=etf&fromdate=2016-07-26&todate=2026-07-26&limit=5000
SDOW,2021-09-10,121.96,126.9876,121.58,126.88,1166752,,https://api.nasdaq.com/api/quote/SDOW/historical?assetclass=etf&fromdate=2016-07-26&todate=2026-07-26&limit=5000
SDOW,2021-09-13,124.44,126,123.3,123.96,2139893,,https://api.nasdaq.com/api/quote/SDOW/historical?assetclass=etf&fromdate=2016-07-26&todate=2026-07-26&limit=5000
SDOW,2021-09-14,122.84,127.84,122.64,126.92,1460625,,https://api.nasdaq.com/api/quote/SDOW/historical?assetclass=etf&fromdate=2016-07-26&todate=2026-07-26&limit=5000
SDOW,2021-09-15,127.08,127.76,123.72,124.28,1238255,,https://api.nasdaq.com/api/quote/SDOW/historical?assetclass=etf&fromdate=2016-07-26&todate=2026-07-26&limit=5000
SDOW,2021-09-16,124.36,127.44,123.04,125.16,1262383,,https://api.nasdaq.com/api/quote/SDOW/historical?assetclass=etf&fromdate=2016-07-26&todate=2026-07-26&limit=5000
SDOW,2021-09-17,125.84,127.6796,124.8,126.88,1525517,,https://api.nasdaq.com/api/quote/SDOW/historical?assetclass=etf&fromdate=2016-07-26&todate=2026-07-26&limit=5000
SDOW,2021-09-20,132.92,137.64,130.804,133.76,2139739,,https://api.nasdaq.com/api/quote/SDOW/historical?assetclass=etf&fromdate=2016-07-26&todate=2026-07-26&limit=5000
SDOW,2021-09-21,131.64,134.4,129.6,134.32,2031393,,https://api.nasdaq.com/api/quote/SDOW/historical?assetclass=etf&fromdate=2016-07-26&todate=2026-07-26&limit=5000
SDOW,2021-09-22,131.84,132.66,128.0796,130.16,3083680,,https://api.nasdaq.com/api/quote/SDOW/historical?assetclass=etf&fromdate=2016-07-26&todate=2026-07-26&limit=5000
SDOW,2021-09-23,127.56,127.88,123.16,124.36,2042908,,https://api.nasdaq.com/api/quote/SDOW/historical?assetclass=etf&fromdate=2016-07-26&todate=2026-07-26&limit=5000
SDOW,2021-09-24,125.6,125.76,123.44,124,1040886,,https://api.nasdaq.com/api/quote/SDOW/historical?assetclass=etf&fromdate=2016-07-26&todate=2026-07-26&limit=5000
SDOW,2021-09-27,123.72,123.8,121.28,123.24,1139762,,https://api.nasdaq.com/api/quote/SDOW/historical?assetclass=etf&fromdate=2016-07-26&todate=2026-07-26&limit=5000
SDOW,2021-09-28,124.64,129.88,124.12,129.36,2469718,,https://api.nasdaq.com/api/quote/SDOW/historical?assetclass=etf&fromdate=2016-07-26&todate=2026-07-26&limit=5000
SDOW,2021-09-29,128.2,129.36,126.2048,128.32,1394547,,https://api.nasdaq.com/api/quote/SDOW/historical?assetclass=etf&fromdate=2016-07-26&todate=2026-07-26&limit=5000
SDOW,2021-09-30,126.96,134.68,126.4804,134.44,1980433,,https://api.nasdaq.com/api/quote/SDOW/historical?assetclass=etf&fromdate=2016-07-26&todate=2026-07-26&limit=5000
SDOW,2021-10-01,132.4,135.2396,126.76,128.52,2173326,,https://api.nasdaq.com/api/quote/SDOW/historical?assetclass=etf&fromdate=2016-07-26&todate=2026-07-26&limit=5000
SDOW,2021-10-04,129.24,134.4,127.68,132.16,2096319,,https://api.nasdaq.com/api/quote/SDOW/historical?assetclass=etf&fromdate=2016-07-26&todate=2026-07-26&limit=5000
SDOW,2021-10-05,130.84,131.68,126.52,128.52,1272955,,https://api.nasdaq.com/api/quote/SDOW/historical?assetclass=etf&fromdate=2016-07-26&todate=2026-07-26&limit=5000
SDOW,2021-10-06,131.56,133.78,127.28,127.48,1914487,,https://api.nasdaq.com/api/quote/SDOW/historical?assetclass=etf&fromdate=2016-07-26&todate=2026-07-26&limit=5000
SDOW,2021-10-07,124.4,124.52,121.1624,123.52,1629088,,https://api.nasdaq.com/api/quote/SDOW/historical?assetclass=etf&fromdate=2016-07-26&todate=2026-07-26&limit=5000
SDOW,2021-10-08,123.24,124.68,122.68,123.68,1326697,,https://api.nasdaq.com/api/quote/SDOW/historical?assetclass=etf&fromdate=2016-07-26&todate=2026-07-26&limit=5000
SDOW,2021-10-11,123.52,126.44,121.48,126.32,1225052,,https://api.nasdaq.com/api/quote/SDOW/historical?assetclass=etf&fromdate=2016-07-26&todate=2026-07-26&limit=5000
SDOW,2021-10-12,125.72,128.3196,125.16,127.64,1183772,,https://api.nasdaq.com/api/quote/SDOW/historical?assetclass=etf&fromdate=2016-07-26&todate=2026-07-26&limit=5000
SDOW,2021-10-13,127.44,130.64,126.8,127.48,1532211,,https://api.nasdaq.com/api/quote/SDOW/historical?assetclass=etf&fromdate=2016-07-26&todate=2026-07-26&limit=5000
SDOW,2021-10-14,123.76,124.52,121.6272,121.68,1552987,,https://api.nasdaq.com/api/quote/SDOW/historical?assetclass=etf&fromdate=2016-07-26&todate=2026-07-26&limit=5000
SDOW,2021-10-15,119,119.76,117.4548,117.64,1566071,,https://api.nasdaq.com/api/quote/SDOW/historical?assetclass=etf&fromdate=2016-07-26&todate=2026-07-26&limit=5000
SDOW,2021-10-18,119.12,120.284,117.38,118,1166905,,https://api.nasdaq.com/api/quote/SDOW/historical?assetclass=etf&fromdate=2016-07-26&todate=2026-07-26&limit=5000
SDOW,2021-10-19,116.84,117.72,116.04,116.08,780365,,https://api.nasdaq.com/api/quote/SDOW/historical?assetclass=etf&fromdate=2016-07-26&todate=2026-07-26&limit=5000
SDOW,2021-10-20,115.96,116.12,114,114.48,1204996,,https://api.nasdaq.com/api/quote/SDOW/historical?assetclass=etf&fromdate=2016-07-26&todate=2026-07-26&limit=5000
SDOW,2021-10-21,115.16,116.16,114.4652,114.52,647566,,https://api.nasdaq.com/api/quote/SDOW/historical?assetclass=etf&fromdate=2016-07-26&todate=2026-07-26&limit=5000
SDOW,2021-10-22,114.56,115.2,112.96,113.84,1128566,,https://api.nasdaq.com/api/quote/SDOW/historical?assetclass=etf&fromdate=2016-07-26&todate=2026-07-26&limit=5000
SDOW,2021-10-25,113.2,114.24,112.68,113.08,1111888,,https://api.nasdaq.com/api/quote/SDOW/historical?assetclass=etf&fromdate=2016-07-26&todate=2026-07-26&limit=5000
SDOW,2021-10-26,112.04,113.22,111.72,113.08,1565257,,https://api.nasdaq.com/api/quote/SDOW/historical?assetclass=etf&fromdate=2016-07-26&todate=2026-07-26&limit=5000
SDOW,2021-10-27,112.44,115.48,112.32,115.48,1185092,,https://api.nasdaq.com/api/quote/SDOW/historical?assetclass=etf&fromdate=2016-07-26&todate=2026-07-26&limit=5000
SDOW,2021-10-28,114.72,114.72,113.12,113.24,1056941,,https://api.nasdaq.com/api/quote/SDOW/historical?assetclass=etf&fromdate=2016-07-26&todate=2026-07-26&limit=5000
SDOW,2021-10-29,113.92,114.08,112.0396,112.32,962873,,https://api.nasdaq.com/api/quote/SDOW/historical?assetclass=etf&fromdate=2016-07-26&todate=2026-07-26&limit=5000
SDOW,2021-11-01,111.28,112.52,110.6,111.48,755364,,https://api.nasdaq.com/api/quote/SDOW/historical?assetclass=etf&fromdate=2016-07-26&todate=2026-07-26&limit=5000
SDOW,2021-11-02,111.24,111.8,109.84,110.16,798834,,https://api.nasdaq.com/api/quote/SDOW/historical?assetclass=etf&fromdate=2016-07-26&todate=2026-07-26&limit=5000
SDOW,2021-11-03,110.8,111.64,108.96,109.24,861957,,https://api.nasdaq.com/api/quote/SDOW/historical?assetclass=etf&fromdate=2016-07-26&todate=2026-07-26&limit=5000
SDOW,2021-11-04,109.4,110.72,109.08,109.36,563084,,https://api.nasdaq.com/api/quote/SDOW/historical?assetclass=etf&fromdate=2016-07-26&todate=2026-07-26&limit=5000
SDOW,2021-11-05,107.88,108.9,106.152,107.68,1040058,,https://api.nasdaq.com/api/quote/SDOW/historical?assetclass=etf&fromdate=2016-07-26&todate=2026-07-26&limit=5000
SDOW,2021-11-08,106.08,107.6,105.54,106.64,1133817,,https://api.nasdaq.com/api/quote/SDOW/historical?assetclass=etf&fromdate=2016-07-26&todate=2026-07-26&limit=5000
SDOW,2021-11-09,106.84,108.88,106.76,107.64,1487560,,https://api.nasdaq.com/api/quote/SDOW/historical?assetclass=etf&fromdate=2016-07-26&todate=2026-07-26&limit=5000
SDOW,2021-11-10,108.28,110.24,107.24,109.52,1588041,,https://api.nasdaq.com/api/quote/SDOW/historical?assetclass=etf&fromdate=2016-07-26&todate=2026-07-26&limit=5000
SDOW,2021-11-11,109.44,111.12,109.36,111.08,772958,,https://api.nasdaq.com/api/quote/SDOW/historical?assetclass=etf&fromdate=2016-07-26&todate=2026-07-26&limit=5000
SDOW,2021-11-12,109.92,110.92,108.9204,109.28,1040848,,https://api.nasdaq.com/api/quote/SDOW/historical?assetclass=etf&fromdate=2016-07-26&todate=2026-07-26&limit=5000
SDOW,2021-11-15,108.12,109.92,108,109.32,573288,,https://api.nasdaq.com/api/quote/SDOW/historical?assetclass=etf&fromdate=2016-07-26&todate=2026-07-26&limit=5000
SDOW,2021-11-16,108.84,108.96,107.28,108.8,836625,,https://api.nasdaq.com/api/quote/SDOW/historical?assetclass=etf&fromdate=2016-07-26&todate=2026-07-26&limit=5000
SDOW,2021-11-17,109.2,110.914,109.04,110.56,947900,,https://api.nasdaq.com/api/quote/SDOW/historical?assetclass=etf&fromdate=2016-07-26&todate=2026-07-26&limit=5000
SDOW,2021-11-18,110.44,113.16,110.44,111.04,1705925,,https://api.nasdaq.com/api/quote/SDOW/historical?assetclass=etf&fromdate=2016-07-26&todate=2026-07-26&limit=5000
SDOW,2021-11-19,111.88,114.12,111.84,113.64,1253393,,https://api.nasdaq.com/api/quote/SDOW/historical?assetclass=etf&fromdate=2016-07-26&todate=2026-07-26&limit=5000
SDOW,2021-11-22,112.08,113.4,110.4,113.32,1153019,,https://api.nasdaq.com/api/quote/SDOW/historical?assetclass=etf&fromdate=2016-07-26&todate=2026-07-26&limit=5000
SDOW,2021-11-23,113.28,114.16,111.2176,111.56,2069849,,https://api.nasdaq.com/api/quote/SDOW/historical?assetclass=etf&fromdate=2016-07-26&todate=2026-07-26&limit=5000
SDOW,2021-11-24,113.52,113.6,111.4,111.52,1233746,,https://api.nasdaq.com/api/quote/SDOW/historical?assetclass=etf&fromdate=2016-07-26&todate=2026-07-26&limit=5000
SDOW,2021-11-26,118.72,121.52,117.68,119.96,1742431,,https://api.nasdaq.com/api/quote/SDOW/historical?assetclass=etf&fromdate=2016-07-26&todate=2026-07-26&limit=5000
SDOW,2021-11-29,116.36,120.08,116.12,117.72,1404954,,https://api.nasdaq.com/api/quote/SDOW/historical?assetclass=etf&fromdate=2016-07-26&todate=2026-07-26&limit=5000
SDOW,2021-11-30,120.2,124.5668,118.92,124.12,2569120,,https://api.nasdaq.com/api/quote/SDOW/historical?assetclass=etf&fromdate=2016-07-26&todate=2026-07-26&limit=5000
SDOW,2021-12-01,120.64,128.92,118.08,128.8,2760815,,https://api.nasdaq.com/api/quote/SDOW/historical?assetclass=etf&fromdate=2016-07-26&todate=2026-07-26&limit=5000
SDOW,2021-12-02,127.28,128.04,120.34,121.44,4071118,,https://api.nasdaq.com/api/quote/SDOW/historical?assetclass=etf&fromdate=2016-07-26&todate=2026-07-26&limit=5000
SDOW,2021-12-03,120.44,125.54,119.84,122.16,3782815,,https://api.nasdaq.com/api/quote/SDOW/historical?assetclass=etf&fromdate=2016-07-26&todate=2026-07-26&limit=5000
SDOW,2021-12-06,119.04,119.48,113.96,115.2,2804230,,https://api.nasdaq.com/api/quote/SDOW/historical?assetclass=etf&fromdate=2016-07-26&todate=2026-07-26&limit=5000
SDOW,2021-12-07,112.16,112.3144,109.5252,110.44,1670342,,https://api.nasdaq.com/api/quote/SDOW/historical?assetclass=etf&fromdate=2016-07-26&todate=2026-07-26&limit=5000
SDOW,2021-12-08,109.96,111.56,109.36,110.2,1085871,,https://api.nasdaq.com/api/quote/SDOW/historical?assetclass=etf&fromdate=2016-07-26&todate=2026-07-26&limit=5000
SDOW,2021-12-09,111.36,111.68,109.06,110,1193341,,https://api.nasdaq.com/api/quote/SDOW/historical?assetclass=etf&fromdate=2016-07-26&todate=2026-07-26&limit=5000
SDOW,2021-12-10,108.64,110.5024,108,108.04,1238129,,https://api.nasdaq.com/api/quote/SDOW/historical?assetclass=etf&fromdate=2016-07-26&todate=2026-07-26&limit=5000
SDOW,2021-12-13,108.76,111.34,108.3196,110.96,1129909,,https://api.nasdaq.com/api/quote/SDOW/historical?assetclass=etf&fromdate=2016-07-26&todate=2026-07-26&limit=5000
SDOW,2021-12-14,112.24,112.9156,109.72,111.72,1928324,,https://api.nasdaq.com/api/quote/SDOW/historical?assetclass=etf&fromdate=2016-07-26&todate=2026-07-26&limit=5000
SDOW,2021-12-15,111.96,113.4,108.16,108.36,2410027,,https://api.nasdaq.com/api/quote/SDOW/historical?assetclass=etf&fromdate=2016-07-26&todate=2026-07-26&limit=5000
SDOW,2021-12-16,107,109.6868,105.92,108.64,2302838,,https://api.nasdaq.com/api/quote/SDOW/historical?assetclass=etf&fromdate=2016-07-26&todate=2026-07-26&limit=5000
SDOW,2021-12-17,110.8,114.16,110.36,113.32,2393787,,https://api.nasdaq.com/api/quote/SDOW/historical?assetclass=etf&fromdate=2016-07-26&todate=2026-07-26&limit=5000
SDOW,2021-12-20,117.44,120.12,117.16,117.48,2264781,,https://api.nasdaq.com/api/quote/SDOW/historical?assetclass=etf&fromdate=2016-07-26&todate=2026-07-26&limit=5000
SDOW,2021-12-21,114.56,115.24,111.72,111.84,1347750,,https://api.nasdaq.com/api/quote/SDOW/historical?assetclass=etf&fromdate=2016-07-26&todate=2026-07-26&limit=5000
SDOW,2021-12-22,111.76,112.52,109.34,109.48,1106395,,https://api.nasdaq.com/api/quote/SDOW/historical?assetclass=etf&fromdate=2016-07-26&todate=2026-07-26&limit=5000
SDOW,2021-12-23,108.56,108.76,106.6328,107.72,838320,,https://api.nasdaq.com/api/quote/SDOW/historical?assetclass=etf&fromdate=2016-07-26&todate=2026-07-26&limit=5000
SDOW,2021-12-27,107.08,107.348,104.4,104.4,718691,,https://api.nasdaq.com/api/quote/SDOW/historical?assetclass=etf&fromdate=2016-07-26&todate=2026-07-26&limit=5000
SDOW,2021-12-28,104.36,104.42,102.56,103.52,880585,,https://api.nasdaq.com/api/quote/SDOW/historical?assetclass=etf&fromdate=2016-07-26&todate=2026-07-26&limit=5000
SDOW,2021-12-29,103.56,103.716,102.124,102.84,910273,,https://api.nasdaq.com/api/quote/SDOW/historical?assetclass=etf&fromdate=2016-07-26&todate=2026-07-26&limit=5000
SDOW,2021-12-30,102.08,103.84,101.2,103.6,786175,,https://api.nasdaq.com/api/quote/SDOW/historical?assetclass=etf&fromdate=2016-07-26&todate=2026-07-26&limit=5000
SDOW,2021-12-31,103.96,104.44,102.88,104.04,855393,,https://api.nasdaq.com/api/quote/SDOW/historical?assetclass=etf&fromdate=2016-07-26&todate=2026-07-26&limit=5000
SDOW,2022-01-03,103.28,104.96,101.94,102.12,1076972,,https://api.nasdaq.com/api/quote/SDOW/historical?assetclass=etf&fromdate=2016-07-26&todate=2026-07-26&limit=5000
SDOW,2022-01-04,100.74,100.8,99.12,100.16,2028049,,https://api.nasdaq.com/api/quote/SDOW/historical?assetclass=etf&fromdate=2016-07-26&todate=2026-07-26&limit=5000
SDOW,2022-01-05,100.4,103.3864,98.92,103.28,2981578,,https://api.nasdaq.com/api/quote/SDOW/historical?assetclass=etf&fromdate=2016-07-26&todate=2026-07-26&limit=5000
SDOW,2022-01-06,103.32,105.12,102.86,104.72,2651310,,https://api.nasdaq.com/api/quote/SDOW/historical?assetclass=etf&fromdate=2016-07-26&todate=2026-07-26&limit=5000
SDOW,2022-01-07,105.2,105.8788,103.484,104.76,2060360,,https://api.nasdaq.com/api/quote/SDOW/historical?assetclass=etf&fromdate=2016-07-26&todate=2026-07-26&limit=5000
SDOW,2022-01-10,105.92,109.94,105.8,106.2,2959558,,https://api.nasdaq.com/api/quote/SDOW/historical?assetclass=etf&fromdate=2016-07-26&todate=2026-07-26&limit=5000
SDOW,2022-01-11,106.24,108.88,104.44,104.52,2265450,,https://api.nasdaq.com/api/quote/SDOW/historical?assetclass=etf&fromdate=2016-07-26&todate=2026-07-26&limit=5000
SDOW,2022-01-12,103.56,105.36,102.844,104.12,1368274,,https://api.nasdaq.com/api/quote/SDOW/historical?assetclass=etf&fromdate=2016-07-26&todate=2026-07-26&limit=5000
SDOW,2022-01-13,103.2,106.4,102.3604,105.84,2380435,,https://api.nasdaq.com/api/quote/SDOW/historical?assetclass=etf&fromdate=2016-07-26&todate=2026-07-26&limit=5000
SDOW,2022-01-14,108.36,109.96,106.44,107.64,2285031,,https://api.nasdaq.com/api/quote/SDOW/historical?assetclass=etf&fromdate=2016-07-26&todate=2026-07-26&limit=5000
SDOW,2022-01-18,111,113.44,110.96,112.32,1967835,,https://api.nasdaq.com/api/quote/SDOW/historical?assetclass=etf&fromdate=2016-07-26&todate=2026-07-26&limit=5000
SDOW,2022-01-19,111.24,115.76,110.68,115.56,1615909,,https://api.nasdaq.com/api/quote/SDOW/historical?assetclass=etf&fromdate=2016-07-26&todate=2026-07-26&limit=5000
SDOW,2022-01-20,114.6,119.12,110.96,118.64,2745528,,https://api.nasdaq.com/api/quote/SDOW/historical?assetclass=etf&fromdate=2016-07-26&todate=2026-07-26&limit=5000
SDOW,2022-01-21,118.72,123.6944,116.8,123.4,3817998,,https://api.nasdaq.com/api/quote/SDOW/historical?assetclass=etf&fromdate=2016-07-26&todate=2026-07-26&limit=5000
SDOW,2022-01-24,127.68,135.36,121.56,122,6158075,,https://api.nasdaq.com/api/quote/SDOW/historical?assetclass=etf&fromdate=2016-07-26&todate=2026-07-26&limit=5000
SDOW,2022-01-25,125.96,130.96,119.8,122.88,4189993,,https://api.nasdaq.com/api/quote/SDOW/historical?assetclass=etf&fromdate=2016-07-26&todate=2026-07-26&limit=5000
SDOW,2022-01-26,119.52,127.6,117.38,124.32,5575465,,https://api.nasdaq.com/api/quote/SDOW/historical?assetclass=etf&fromdate=2016-07-26&todate=2026-07-26&limit=5000
SDOW,2022-01-27,121.32,126.12,117.72,124.4,4202283,,https://api.nasdaq.com/api/quote/SDOW/historical?assetclass=etf&fromdate=2016-07-26&todate=2026-07-26&limit=5000
SDOW,2022-01-28,124,128.316,118.2,118.32,3174593,,https://api.nasdaq.com/api/quote/SDOW/historical?assetclass=etf&fromdate=2016-07-26&todate=2026-07-26&limit=5000
SDOW,2022-01-31,119.72,120.68,113.916,114.2,1758981,,https://api.nasdaq.com/api/quote/SDOW/historical?assetclass=etf&fromdate=2016-07-26&todate=2026-07-26&limit=5000
SDOW,2022-02-01,113.52,115.54,111.08,111.4,1495344,,https://api.nasdaq.com/api/quote/SDOW/historical?assetclass=etf&fromdate=2016-07-26&todate=2026-07-26&limit=5000
SDOW,2022-02-02,111.8,112.5,108.84,109.36,2119284,,https://api.nasdaq.com/api/quote/SDOW/historical?assetclass=etf&fromdate=2016-07-26&todate=2026-07-26&limit=5000
SDOW,2022-02-03,110.52,114.44,110.2,113.92,2364497,,https://api.nasdaq.com/api/quote/SDOW/historical?assetclass=etf&fromdate=2016-07-26&todate=2026-07-26&limit=5000
SDOW,2022-02-04,114.8,117.12,111.84,114.24,2196312,,https://api.nasdaq.com/api/quote/SDOW/historical?assetclass=etf&fromdate=2016-07-26&todate=2026-07-26&limit=5000
SDOW,2022-02-07,113.92,115.16,111.92,114.24,1923302,,https://api.nasdaq.com/api/quote/SDOW/historical?assetclass=etf&fromdate=2016-07-26&todate=2026-07-26&limit=5000
SDOW,2022-02-08,113.4,114.24,109.8,110.52,1988646,,https://api.nasdaq.com/api/quote/SDOW/historical?assetclass=etf&fromdate=2016-07-26&todate=2026-07-26&limit=5000
SDOW,2022-02-09,107.92,108.56,107.24,107.76,1636953,,https://api.nasdaq.com/api/quote/SDOW/historical?assetclass=etf&fromdate=2016-07-26&todate=2026-07-26&limit=5000
SDOW,2022-02-10,110.36,113.6,107.28,112.32,2840730,,https://api.nasdaq.com/api/quote/SDOW/historical?assetclass=etf&fromdate=2016-07-26&todate=2026-07-26&limit=5000
SDOW,2022-02-11,112.36,118.32,110.48,117.16,4132968,,https://api.nasdaq.com/api/quote/SDOW/historical?assetclass=etf&fromdate=2016-07-26&todate=2026-07-26&limit=5000
SDOW,2022-02-14,117.84,121.4796,117.04,118.72,2372612,,https://api.nasdaq.com/api/quote/SDOW/historical?assetclass=etf&fromdate=2016-07-26&todate=2026-07-26&limit=5000
SDOW,2022-02-15,115.56,116.14,113.68,114.4,1941250,,https://api.nasdaq.com/api/quote/SDOW/historical?assetclass=etf&fromdate=2016-07-26&todate=2026-07-26&limit=5000
SDOW,2022-02-16,115.64,117.68,113.72,114.68,1931321,,https://api.nasdaq.com/api/quote/SDOW/historical?assetclass=etf&fromdate=2016-07-26&todate=2026-07-26&limit=5000
SDOW,2022-02-17,116.96,121.4796,116.72,120.88,2170732,,https://api.nasdaq.com/api/quote/SDOW/historical?assetclass=etf&fromdate=2016-07-26&todate=2026-07-26&limit=5000
SDOW,2022-02-18,121.24,124.34,119.56,123.12,2722303,,https://api.nasdaq.com/api/quote/SDOW/historical?assetclass=etf&fromdate=2016-07-26&todate=2026-07-26&limit=5000
SDOW,2022-02-22,125.52,130.96,123.76,128.56,3632910,,https://api.nasdaq.com/api/quote/SDOW/historical?assetclass=etf&fromdate=2016-07-26&todate=2026-07-26&limit=5000
SDOW,2022-02-23,125.84,134.24,125.72,133.64,2859145,,https://api.nasdaq.com/api/quote/SDOW/historical?assetclass=etf&fromdate=2016-07-26&todate=2026-07-26&limit=5000
SDOW,2022-02-24,143.92,144.18,131.98,132.6,5094178,,https://api.nasdaq.com/api/quote/SDOW/historical?assetclass=etf&fromdate=2016-07-26&todate=2026-07-26&limit=5000
SDOW,2022-02-25,130.84,131.6,122.04,122.48,5012915,,https://api.nasdaq.com/api/quote/SDOW/historical?assetclass=etf&fromdate=2016-07-26&todate=2026-07-26&limit=5000
SDOW,2022-02-28,127.48,128.7996,123.4,124.04,3891760,,https://api.nasdaq.com/api/quote/SDOW/historical?assetclass=etf&fromdate=2016-07-26&todate=2026-07-26&limit=5000
SDOW,2022-03-01,126,132.72,124.28,130.44,3726963,,https://api.nasdaq.com/api/quote/SDOW/historical?assetclass=etf&fromdate=2016-07-26&todate=2026-07-26&limit=5000
SDOW,2022-03-02,127.96,128.92,122.16,123.8,3477808,,https://api.nasdaq.com/api/quote/SDOW/historical?assetclass=etf&fromdate=2016-07-26&todate=2026-07-26&limit=5000
SDOW,2022-03-03,121.96,126.36,120.4796,124.8,2823410,,https://api.nasdaq.com/api/quote/SDOW/historical?assetclass=etf&fromdate=2016-07-26&todate=2026-07-26&limit=5000
SDOW,2022-03-04,128.6,130.6776,126.1672,126.6,2947855,,https://api.nasdaq.com/api/quote/SDOW/historical?assetclass=etf&fromdate=2016-07-26&todate=2026-07-26&limit=5000
SDOW,2022-03-07,128.2,135.8,127.88,135.76,2515285,,https://api.nasdaq.com/api/quote/SDOW/historical?assetclass=etf&fromdate=2016-07-26&todate=2026-07-26&limit=5000
SDOW,2022-03-08,135.52,138.6284,128.32,137.92,3684325,,https://api.nasdaq.com/api/quote/SDOW/historical?assetclass=etf&fromdate=2016-07-26&todate=2026-07-26&limit=5000
SDOW,2022-03-09,129.68,131.64,127.2004,129.4,3095858,,https://api.nasdaq.com/api/quote/SDOW/historical?assetclass=etf&fromdate=2016-07-26&todate=2026-07-26&limit=5000
SDOW,2022-03-10,134.16,134.84,129.96,130.76,1806953,,https://api.nasdaq.com/api/quote/SDOW/historical?assetclass=etf&fromdate=2016-07-26&todate=2026-07-26&limit=5000
SDOW,2022-03-11,128.52,133.66,126.54,133.24,2575860,,https://api.nasdaq.com/api/quote/SDOW/historical?assetclass=etf&fromdate=2016-07-26&todate=2026-07-26&limit=5000
SDOW,2022-03-14,131.2,134.76,127.74,133.24,3316588,,https://api.nasdaq.com/api/quote/SDOW/historical?assetclass=etf&fromdate=2016-07-26&todate=2026-07-26&limit=5000
SDOW,2022-03-15,130.88,131.96,125,125.84,2354462,,https://api.nasdaq.com/api/quote/SDOW/historical?assetclass=etf&fromdate=2016-07-26&todate=2026-07-26&limit=5000
SDOW,2022-03-16,122.64,127.64,119.92,120.04,3091218,,https://api.nasdaq.com/api/quote/SDOW/historical?assetclass=etf&fromdate=2016-07-26&todate=2026-07-26&limit=5000
SDOW,2022-03-17,121.72,121.8,115.48,115.48,1980379,,https://api.nasdaq.com/api/quote/SDOW/historical?assetclass=etf&fromdate=2016-07-26&todate=2026-07-26&limit=5000
SDOW,2022-03-18,116.48,117.7,112.86,112.96,1781725,,https://api.nasdaq.com/api/quote/SDOW/historical?assetclass=etf&fromdate=2016-07-26&todate=2026-07-26&limit=5000
SDOW,2022-03-21,113.64,116.9,112.38,114.8,1929222,,https://api.nasdaq.com/api/quote/SDOW/historical?assetclass=etf&fromdate=2016-07-26&todate=2026-07-26&limit=5000
SDOW,2022-03-22,113.12,113.4,111.56,112.08,1373651,,https://api.nasdaq.com/api/quote/SDOW/historical?assetclass=etf&fromdate=2016-07-26&todate=2026-07-26&limit=5000
SDOW,2022-03-23,114.16,116.72,113.72,116.6,1534403,,https://api.nasdaq.com/api/quote/SDOW/historical?assetclass=etf&fromdate=2016-07-26&todate=2026-07-26&limit=5000
SDOW,2022-03-24,115.56,116.6796,113,113,1266731,,https://api.nasdaq.com/api/quote/SDOW/historical?assetclass=etf&fromdate=2016-07-26&todate=2026-07-26&limit=5000
SDOW,2022-03-25,112.48,113.84,110.76,111.6,1791410,,https://api.nasdaq.com/api/quote/SDOW/historical?assetclass=etf&fromdate=2016-07-26&todate=2026-07-26&limit=5000
SDOW,2022-03-28,112.2,114.56,110.64,110.72,1177595,,https://api.nasdaq.com/api/quote/SDOW/historical?assetclass=etf&fromdate=2016-07-26&todate=2026-07-26&limit=5000
SDOW,2022-03-29,107.6,110,106.6348,107.4,1619233,,https://api.nasdaq.com/api/quote/SDOW/historical?assetclass=etf&fromdate=2016-07-26&todate=2026-07-26&limit=5000
SDOW,2022-03-30,108.16,109.6272,106.8508,108,1350074,,https://api.nasdaq.com/api/quote/SDOW/historical?assetclass=etf&fromdate=2016-07-26&todate=2026-07-26&limit=5000
SDOW,2022-03-31,109.04,113.04,108.56,112.96,1274411,,https://api.nasdaq.com/api/quote/SDOW/historical?assetclass=etf&fromdate=2016-07-26&todate=2026-07-26&limit=5000
SDOW,2022-04-01,111.768,114.52,111.48,111.76,1363536,,https://api.nasdaq.com/api/quote/SDOW/historical?assetclass=etf&fromdate=2016-07-26&todate=2026-07-26&limit=5000
SDOW,2022-04-04,112.2,113.74,110.6,110.68,979172,,https://api.nasdaq.com/api/quote/SDOW/historical?assetclass=etf&fromdate=2016-07-26&todate=2026-07-26&limit=5000
SDOW,2022-04-05,111.92,114.1136,108.884,113.32,1313794,,https://api.nasdaq.com/api/quote/SDOW/historical?assetclass=etf&fromdate=2016-07-26&todate=2026-07-26&limit=5000
SDOW,2022-04-06,116,116.98,113.64,114.88,1706008,,https://api.nasdaq.com/api/quote/SDOW/historical?assetclass=etf&fromdate=2016-07-26&todate=2026-07-26&limit=5000
SDOW,2022-04-07,116.08,117.82,112.64,113.76,1838015,,https://api.nasdaq.com/api/quote/SDOW/historical?assetclass=etf&fromdate=2016-07-26&todate=2026-07-26&limit=5000
SDOW,2022-04-08,114,115.06,110.64,112.28,1642548,,https://api.nasdaq.com/api/quote/SDOW/historical?assetclass=etf&fromdate=2016-07-26&todate=2026-07-26&limit=5000
SDOW,2022-04-11,114.2,116.84,112.68,116.52,1279852,,https://api.nasdaq.com/api/quote/SDOW/historical?assetclass=etf&fromdate=2016-07-26&todate=2026-07-26&limit=5000
SDOW,2022-04-12,115.24,118.64,112.8,117.4,1643196,,https://api.nasdaq.com/api/quote/SDOW/historical?assetclass=etf&fromdate=2016-07-26&todate=2026-07-26&limit=5000
SDOW,2022-04-13,117.92,118.08,113.48,113.8,1393640,,https://api.nasdaq.com/api/quote/SDOW/historical?assetclass=etf&fromdate=2016-07-26&todate=2026-07-26&limit=5000
SDOW,2022-04-14,112.84,115.16,110.7508,114.96,1586004,,https://api.nasdaq.com/api/quote/SDOW/historical?assetclass=etf&fromdate=2016-07-26&todate=2026-07-26&limit=5000
SDOW,2022-04-18,115.88,116.72,113.3188,115.36,1478860,,https://api.nasdaq.com/api/quote/SDOW/historical?assetclass=etf&fromdate=2016-07-26&todate=2026-07-26&limit=5000
SDOW,2022-04-19,115.16,115.16,109.64,110.16,1415146,,https://api.nasdaq.com/api/quote/SDOW/historical?assetclass=etf&fromdate=2016-07-26&todate=2026-07-26&limit=5000
SDOW,2022-04-20,108.48,109.14,106.5,107.88,2164866,,https://api.nasdaq.com/api/quote/SDOW/historical?assetclass=etf&fromdate=2016-07-26&todate=2026-07-26&limit=5000
SDOW,2022-04-21,105.86,111.98,104.88,111.4,2306829,,https://api.nasdaq.com/api/quote/SDOW/historical?assetclass=etf&fromdate=2016-07-26&todate=2026-07-26&limit=5000
SDOW,2022-04-22,112.8,121.08,112.74,120.56,3023198,,https://api.nasdaq.com/api/quote/SDOW/historical?assetclass=etf&fromdate=2016-07-26&todate=2026-07-26&limit=5000
SDOW,2022-04-25,122.44,125.94,117.48,118.04,3443685,,https://api.nasdaq.com/api/quote/SDOW/historical?assetclass=etf&fromdate=2016-07-26&todate=2026-07-26&limit=5000
SDOW,2022-04-26,120.76,126.76,119.64,126.76,2695175,,https://api.nasdaq.com/api/quote/SDOW/historical?assetclass=etf&fromdate=2016-07-26&todate=2026-07-26&limit=5000
SDOW,2022-04-27,124.8,128.12,121.32,125.92,3912228,,https://api.nasdaq.com/api/quote/SDOW/historical?assetclass=etf&fromdate=2016-07-26&todate=2026-07-26&limit=5000
SDOW,2022-04-28,123.28,126.5,117.32,118.68,3247583,,https://api.nasdaq.com/api/quote/SDOW/historical?assetclass=etf&fromdate=2016-07-26&todate=2026-07-26&limit=5000
SDOW,2022-04-29,120.4,129.48,118.84,128.76,2995080,,https://api.nasdaq.com/api/quote/SDOW/historical?assetclass=etf&fromdate=2016-07-26&todate=2026-07-26&limit=5000
SDOW,2022-05-02,128.16,135,125.764,127.56,3402968,,https://api.nasdaq.com/api/quote/SDOW/historical?assetclass=etf&fromdate=2016-07-26&todate=2026-07-26&limit=5000
SDOW,2022-05-03,127.04,129.5308,124.54,126.96,2022160,,https://api.nasdaq.com/api/quote/SDOW/historical?assetclass=etf&fromdate=2016-07-26&todate=2026-07-26&limit=5000
SDOW,2022-05-04,126.24,128.26,115.6788,116.16,3235463,,https://api.nasdaq.com/api/quote/SDOW/historical?assetclass=etf&fromdate=2016-07-26&todate=2026-07-26&limit=5000
SDOW,2022-05-05,119.16,130.36,118.72,127,3801198,,https://api.nasdaq.com/api/quote/SDOW/historical?assetclass=etf&fromdate=2016-07-26&todate=2026-07-26&limit=5000
SDOW,2022-05-06,129.84,133.2,126.4,128.16,4129860,,https://api.nasdaq.com/api/quote/SDOW/historical?assetclass=etf&fromdate=2016-07-26&todate=2026-07-26&limit=5000
SDOW,2022-05-09,133.2,137.24,131.44,135.68,3337893,,https://api.nasdaq.com/api/quote/SDOW/historical?assetclass=etf&fromdate=2016-07-26&todate=2026-07-26&limit=5000
SDOW,2022-05-10,130.76,140.32,129.48,136.92,4173523,,https://api.nasdaq.com/api/quote/SDOW/historical?assetclass=etf&fromdate=2016-07-26&todate=2026-07-26&limit=5000
SDOW,2022-05-11,136.92,141.48,131.4,141.04,4910330,,https://api.nasdaq.com/api/quote/SDOW/historical?assetclass=etf&fromdate=2016-07-26&todate=2026-07-26&limit=5000
SDOW,2022-05-12,143.28,149,139.88,142.28,5645200,,https://api.nasdaq.com/api/quote/SDOW/historical?assetclass=etf&fromdate=2016-07-26&todate=2026-07-26&limit=5000
SDOW,2022-05-13,138.76,140.6,134.96,135.92,2716440,,https://api.nasdaq.com/api/quote/SDOW/historical?assetclass=etf&fromdate=2016-07-26&todate=2026-07-26&limit=5000
SDOW,2022-05-16,136.84,139.24,131.84,135.4,2572408,,https://api.nasdaq.com/api/quote/SDOW/historical?assetclass=etf&fromdate=2016-07-26&todate=2026-07-26&limit=5000
SDOW,2022-05-17,130.24,134.52,129.68,130,2269653,,https://api.nasdaq.com/api/quote/SDOW/historical?assetclass=etf&fromdate=2016-07-26&todate=2026-07-26&limit=5000
SDOW,2022-05-18,133.48,145.08,133.24,143.72,2052459,,https://api.nasdaq.com/api/quote/SDOW/historical?assetclass=etf&fromdate=2016-07-26&todate=2026-07-26&limit=5000
SDOW,2022-05-19,148.68,150.28,142.68,147.16,4258678,,https://api.nasdaq.com/api/quote/SDOW/historical?assetclass=etf&fromdate=2016-07-26&todate=2026-07-26&limit=5000
SDOW,2022-05-20,143.76,155.76,143.34,146.96,3596320,,https://api.nasdaq.com/api/quote/SDOW/historical?assetclass=etf&fromdate=2016-07-26&todate=2026-07-26&limit=5000
SDOW,2022-05-23,142.92,143.76,136.88,137.96,3229240,,https://api.nasdaq.com/api/quote/SDOW/historical?assetclass=etf&fromdate=2016-07-26&todate=2026-07-26&limit=5000
SDOW,2022-05-24,141,144.84,136.28,137.32,3517155,,https://api.nasdaq.com/api/quote/SDOW/historical?assetclass=etf&fromdate=2016-07-26&todate=2026-07-26&limit=5000
SDOW,2022-05-25,139.4,139.8,133.28,134.88,2033002,,https://api.nasdaq.com/api/quote/SDOW/historical?assetclass=etf&fromdate=2016-07-26&todate=2026-07-26&limit=5000
SDOW,2022-05-26,132.68,132.92,126.76,128.48,1961986,,https://api.nasdaq.com/api/quote/SDOW/historical?assetclass=etf&fromdate=2016-07-26&todate=2026-07-26&limit=5000
SDOW,2022-05-27,127.64,127.96,121.72,121.76,1472427,,https://api.nasdaq.com/api/quote/SDOW/historical?assetclass=etf&fromdate=2016-07-26&todate=2026-07-26&limit=5000
SDOW,2022-05-31,123.88,126.6,121.24,123.76,1868895,,https://api.nasdaq.com/api/quote/SDOW/historical?assetclass=etf&fromdate=2016-07-26&todate=2026-07-26&limit=5000
SDOW,2022-06-01,121.32,128.46,120.72,125.84,2032914,,https://api.nasdaq.com/api/quote/SDOW/historical?assetclass=etf&fromdate=2016-07-26&todate=2026-07-26&limit=5000
SDOW,2022-06-02,125.708,129.36,120.88,120.92,1645343,,https://api.nasdaq.com/api/quote/SDOW/historical?assetclass=etf&fromdate=2016-07-26&todate=2026-07-26&limit=5000
SDOW,2022-06-03,124.16,125.24,121.96,124.56,1289050,,https://api.nasdaq.com/api/quote/SDOW/historical?assetclass=etf&fromdate=2016-07-26&todate=2026-07-26&limit=5000
SDOW,2022-06-06,121.96,125.5,120.72,124.48,1401348,,https://api.nasdaq.com/api/quote/SDOW/historical?assetclass=etf&fromdate=2016-07-26&todate=2026-07-26&limit=5000
SDOW,2022-06-07,127.4,127.56,121.08,121.44,1112661,,https://api.nasdaq.com/api/quote/SDOW/historical?assetclass=etf&fromdate=2016-07-26&todate=2026-07-26&limit=5000
SDOW,2022-06-08,123.08,125.32,121.64,124.36,1076867,,https://api.nasdaq.com/api/quote/SDOW/historical?assetclass=etf&fromdate=2016-07-26&todate=2026-07-26&limit=5000
SDOW,2022-06-09,126,131.6,123.8,131.56,1541286,,https://api.nasdaq.com/api/quote/SDOW/historical?assetclass=etf&fromdate=2016-07-26&todate=2026-07-26&limit=5000
SDOW,2022-06-10,137.52,142.36,136.88,142.28,2307417,,https://api.nasdaq.com/api/quote/SDOW/historical?assetclass=etf&fromdate=2016-07-26&todate=2026-07-26&limit=5000
SDOW,2022-06-13,151.6,156.2204,148.68,154.08,2201840,,https://api.nasdaq.com/api/quote/SDOW/historical?assetclass=etf&fromdate=2016-07-26&todate=2026-07-26&limit=5000
SDOW,2022-06-14,152.8,159.78,151.44,156.04,1731263,,https://api.nasdaq.com/api/quote/SDOW/historical?assetclass=etf&fromdate=2016-07-26&todate=2026-07-26&limit=5000
SDOW,2022-06-15,152.84,159.32,146.36,151.68,3041918,,https://api.nasdaq.com/api/quote/SDOW/historical?assetclass=etf&fromdate=2016-07-26&todate=2026-07-26&limit=5000
SDOW,2022-06-16,160.36,165.4,160,162.44,1946023,,https://api.nasdaq.com/api/quote/SDOW/historical?assetclass=etf&fromdate=2016-07-26&todate=2026-07-26&limit=5000
SDOW,2022-06-17,164.4,167.2,158.76,163.4,1980879,,https://api.nasdaq.com/api/quote/SDOW/historical?assetclass=etf&fromdate=2016-07-26&todate=2026-07-26&limit=5000
SDOW,2022-06-21,156.36,157.04,150.76,152.76,1378506,,https://api.nasdaq.com/api/quote/SDOW/historical?assetclass=etf&fromdate=2016-07-26&todate=2026-07-26&limit=5000
SDOW,2022-06-22,158.32,158.6,149.126,153.8,1395333,,https://api.nasdaq.com/api/quote/SDOW/historical?assetclass=etf&fromdate=2016-07-26&todate=2026-07-26&limit=5000
SDOW,2022-06-23,152.2,156.56,150.08,150.64,1627072,,https://api.nasdaq.com/api/quote/SDOW/historical?assetclass=etf&fromdate=2016-07-26&todate=2026-07-26&limit=5000
SDOW,2022-06-24,146.76,147.12,138.2,138.2,1383850,,https://api.nasdaq.com/api/quote/SDOW/historical?assetclass=etf&fromdate=2016-07-26&todate=2026-07-26&limit=5000
SDOW,2022-06-27,137.84,140.586,137.2756,139.16,1155191,,https://api.nasdaq.com/api/quote/SDOW/historical?assetclass=etf&fromdate=2016-07-26&todate=2026-07-26&limit=5000
SDOW,2022-06-28,136.84,146.2,133.52,145.96,1412919,,https://api.nasdaq.com/api/quote/SDOW/historical?assetclass=etf&fromdate=2016-07-26&todate=2026-07-26&limit=5000
SDOW,2022-06-29,144.64,146.72,142.96,144.92,1057066,,https://api.nasdaq.com/api/quote/SDOW/historical?assetclass=etf&fromdate=2016-07-26&todate=2026-07-26&limit=5000
SDOW,2022-06-30,149.64,153.2,145.4012,148,1396372,,https://api.nasdaq.com/api/quote/SDOW/historical?assetclass=etf&fromdate=2016-07-26&todate=2026-07-26&limit=5000
SDOW,2022-07-01,148.76,152.6,143.174,143.88,1241370,,https://api.nasdaq.com/api/quote/SDOW/historical?assetclass=etf&fromdate=2016-07-26&todate=2026-07-26&limit=5000
SDOW,2022-07-05,149.68,153.9596,145.4,145.44,1370966,,https://api.nasdaq.com/api/quote/SDOW/historical?assetclass=etf&fromdate=2016-07-26&todate=2026-07-26&limit=5000
SDOW,2022-07-06,145.12,147.96,141.8804,144.52,1387949,,https://api.nasdaq.com/api/quote/SDOW/historical?assetclass=etf&fromdate=2016-07-26&todate=2026-07-26&limit=5000
SDOW,2022-07-07,141.84,142.9,139.1204,139.6,917443,,https://api.nasdaq.com/api/quote/SDOW/historical?assetclass=etf&fromdate=2016-07-26&todate=2026-07-26&limit=5000
SDOW,2022-07-08,140.28,141.96,138.0072,140.2,1031865,,https://api.nasdaq.com/api/quote/SDOW/historical?assetclass=etf&fromdate=2016-07-26&todate=2026-07-26&limit=5000
SDOW,2022-07-11,142.68,143.3596,139.88,142.6,1304369,,https://api.nasdaq.com/api/quote/SDOW/historical?assetclass=etf&fromdate=2016-07-26&todate=2026-07-26&limit=5000
SDOW,2022-07-12,144.16,146.88,140.18,145.08,1023053,,https://api.nasdaq.com/api/quote/SDOW/historical?assetclass=etf&fromdate=2016-07-26&todate=2026-07-26&limit=5000
SDOW,2022-07-13,150.32,151.8364,145.12,148.2,1442425,,https://api.nasdaq.com/api/quote/SDOW/historical?assetclass=etf&fromdate=2016-07-26&todate=2026-07-26&limit=5000
SDOW,2022-07-14,155.672,157.2856,149.56,150.24,2638663,,https://api.nasdaq.com/api/quote/SDOW/historical?assetclass=etf&fromdate=2016-07-26&todate=2026-07-26&limit=5000
SDOW,2022-07-15,143.44,145.96,140.6,140.8,2174356,,https://api.nasdaq.com/api/quote/SDOW/historical?assetclass=etf&fromdate=2016-07-26&todate=2026-07-26&limit=5000
SDOW,2022-07-18,136.68,144.76,135.8396,143.56,1056074,,https://api.nasdaq.com/api/quote/SDOW/historical?assetclass=etf&fromdate=2016-07-26&todate=2026-07-26&limit=5000
SDOW,2022-07-19,140.12,140.7184,132.8,133.2,1587848,,https://api.nasdaq.com/api/quote/SDOW/historical?assetclass=etf&fromdate=2016-07-26&todate=2026-07-26&limit=5000
SDOW,2022-07-20,132.84,135.24,131.52,132.44,1260392,,https://api.nasdaq.com/api/quote/SDOW/historical?assetclass=etf&fromdate=2016-07-26&todate=2026-07-26&limit=5000
SDOW,2022-07-21,133.8,136.6396,130.32,130.4,1543594,,https://api.nasdaq.com/api/quote/SDOW/historical?assetclass=etf&fromdate=2016-07-26&todate=2026-07-26&limit=5000
SDOW,2022-07-22,128.84,134.14,128.2344,131.92,1549611,,https://api.nasdaq.com/api/quote/SDOW/historical?assetclass=etf&fromdate=2016-07-26&todate=2026-07-26&limit=5000
SDOW,2022-07-25,130.88,133.08,130.4,130.88,1138760,,https://api.nasdaq.com/api/quote/SDOW/historical?assetclass=etf&fromdate=2016-07-26&todate=2026-07-26&limit=5000
SDOW,2022-07-26,132.32,134.48,131.56,133.92,1291141,,https://api.nasdaq.com/api/quote/SDOW/historical?assetclass=etf&fromdate=2016-07-26&todate=2026-07-26&limit=5000
SDOW,2022-07-27,132.4,133.264,126.52,128.28,1077360,,https://api.nasdaq.com/api/quote/SDOW/historical?assetclass=etf&fromdate=2016-07-26&todate=2026-07-26&limit=5000
SDOW,2022-07-28,127.92,130.96,123.4,124.44,1196536,,https://api.nasdaq.com/api/quote/SDOW/historical?assetclass=etf&fromdate=2016-07-26&todate=2026-07-26&limit=5000
SDOW,2022-07-29,124.32,124.96,119.92,120.64,944955,,https://api.nasdaq.com/api/quote/SDOW/historical?assetclass=etf&fromdate=2016-07-26&todate=2026-07-26&limit=5000
SDOW,2022-08-01,122.72,123.08,119.44,121.24,754781,,https://api.nasdaq.com/api/quote/SDOW/historical?assetclass=etf&fromdate=2016-07-26&todate=2026-07-26&limit=5000
SDOW,2022-08-02,122.52,125.9216,121.68,125.8,973917,,https://api.nasdaq.com/api/quote/SDOW/historical?assetclass=etf&fromdate=2016-07-26&todate=2026-07-26&limit=5000
SDOW,2022-08-03,123.8,124.48,119.86,120.92,862399,,https://api.nasdaq.com/api/quote/SDOW/historical?assetclass=etf&fromdate=2016-07-26&todate=2026-07-26&limit=5000
SDOW,2022-08-04,121.64,122.86,120.88,122,803252,,https://api.nasdaq.com/api/quote/SDOW/historical?assetclass=etf&fromdate=2016-07-26&todate=2026-07-26&limit=5000
SDOW,2022-08-05,124.44,124.64,121.024,121.24,1193399,,https://api.nasdaq.com/api/quote/SDOW/historical?assetclass=etf&fromdate=2016-07-26&todate=2026-07-26&limit=5000
SDOW,2022-08-08,119.44,121.6,117.8388,120.8,995899,,https://api.nasdaq.com/api/quote/SDOW/historical?assetclass=etf&fromdate=2016-07-26&todate=2026-07-26&limit=5000
SDOW,2022-08-09,121.08,122.2256,120.28,121.32,985986,,https://api.nasdaq.com/api/quote/SDOW/historical?assetclass=etf&fromdate=2016-07-26&todate=2026-07-26&limit=5000
SDOW,2022-08-10,116.24,116.96,114.88,115.68,987889,,https://api.nasdaq.com/api/quote/SDOW/historical?assetclass=etf&fromdate=2016-07-26&todate=2026-07-26&limit=5000
SDOW,2022-08-11,113,115.68,111.88,115,1218302,,https://api.nasdaq.com/api/quote/SDOW/historical?assetclass=etf&fromdate=2016-07-26&todate=2026-07-26&limit=5000
SDOW,2022-08-12,114,114.6,110.764,110.96,844127,,https://api.nasdaq.com/api/quote/SDOW/historical?assetclass=etf&fromdate=2016-07-26&todate=2026-07-26&limit=5000
SDOW,2022-08-15,112.68,112.68,108.9,109.4,898493,,https://api.nasdaq.com/api/quote/SDOW/historical?assetclass=etf&fromdate=2016-07-26&todate=2026-07-26&limit=5000
SDOW,2022-08-16,110,110,105.8336,107.04,1103521,,https://api.nasdaq.com/api/quote/SDOW/historical?assetclass=etf&fromdate=2016-07-26&todate=2026-07-26&limit=5000
SDOW,2022-08-17,109.12,110,106.82,108.6,937819,,https://api.nasdaq.com/api/quote/SDOW/historical?assetclass=etf&fromdate=2016-07-26&todate=2026-07-26&limit=5000
SDOW,2022-08-18,108.68,109.84,107.88,108.24,662488,,https://api.nasdaq.com/api/quote/SDOW/historical?assetclass=etf&fromdate=2016-07-26&todate=2026-07-26&limit=5000
SDOW,2022-08-19,109.72,111.8,109.52,110.96,834758,,https://api.nasdaq.com/api/quote/SDOW/historical?assetclass=etf&fromdate=2016-07-26&todate=2026-07-26&limit=5000
SDOW,2022-08-22,114.84,117.9,114.5336,117.2,840360,,https://api.nasdaq.com/api/quote/SDOW/historical?assetclass=etf&fromdate=2016-07-26&todate=2026-07-26&limit=5000
SDOW,2022-08-23,117.76,119.5912,116.58,118.96,914240,,https://api.nasdaq.com/api/quote/SDOW/historical?assetclass=etf&fromdate=2016-07-26&todate=2026-07-26&limit=5000
SDOW,2022-08-24,119.32,119.9004,117.02,118.2,573582,,https://api.nasdaq.com/api/quote/SDOW/historical?assetclass=etf&fromdate=2016-07-26&todate=2026-07-26&limit=5000
SDOW,2022-08-25,118.2,119.2764,114.8,114.84,615274,,https://api.nasdaq.com/api/quote/SDOW/historical?assetclass=etf&fromdate=2016-07-26&todate=2026-07-26&limit=5000
SDOW,2022-08-26,114.6,125.52,114.28,125.4,1386555,,https://api.nasdaq.com/api/quote/SDOW/historical?assetclass=etf&fromdate=2016-07-26&todate=2026-07-26&limit=5000
SDOW,2022-08-29,128.32,129.16,125,127.64,1060746,,https://api.nasdaq.com/api/quote/SDOW/historical?assetclass=etf&fromdate=2016-07-26&todate=2026-07-26&limit=5000
SDOW,2022-08-30,126.52,133.06,126.32,131.16,1283342,,https://api.nasdaq.com/api/quote/SDOW/historical?assetclass=etf&fromdate=2016-07-26&todate=2026-07-26&limit=5000
SDOW,2022-08-31,130.68,134.32,128.68,134.32,1077207,,https://api.nasdaq.com/api/quote/SDOW/historical?assetclass=etf&fromdate=2016-07-26&todate=2026-07-26&limit=5000
SDOW,2022-09-01,136.16,138.16,132.36,132.64,1341385,,https://api.nasdaq.com/api/quote/SDOW/historical?assetclass=etf&fromdate=2016-07-26&todate=2026-07-26&limit=5000
SDOW,2022-09-02,129.08,138.6,127.92,136.84,1336910,,https://api.nasdaq.com/api/quote/SDOW/historical?assetclass=etf&fromdate=2016-07-26&todate=2026-07-26&limit=5000
SDOW,2022-09-06,135.96,140.48,134.8828,138.96,1295241,,https://api.nasdaq.com/api/quote/SDOW/historical?assetclass=etf&fromdate=2016-07-26&todate=2026-07-26&limit=5000
SDOW,2022-09-07,139.52,139.88,132.48,133.36,950919,,https://api.nasdaq.com/api/quote/SDOW/historical?assetclass=etf&fromdate=2016-07-26&todate=2026-07-26&limit=5000
SDOW,2022-09-08,135.32,136.72,130.8,130.92,1229906,,https://api.nasdaq.com/api/quote/SDOW/historical?assetclass=etf&fromdate=2016-07-26&todate=2026-07-26&limit=5000
SDOW,2022-09-09,128.68,129.4764,125.22,126.04,950065,,https://api.nasdaq.com/api/quote/SDOW/historical?assetclass=etf&fromdate=2016-07-26&todate=2026-07-26&limit=5000
SDOW,2022-09-12,124.72,124.96,122.08,123.32,829551,,https://api.nasdaq.com/api/quote/SDOW/historical?assetclass=etf&fromdate=2016-07-26&todate=2026-07-26&limit=5000
SDOW,2022-09-13,130.2,139.12,129.08,138.04,1447607,,https://api.nasdaq.com/api/quote/SDOW/historical?assetclass=etf&fromdate=2016-07-26&todate=2026-07-26&limit=5000
SDOW,2022-09-14,137.52,141.0004,135.76,137.72,1304311,,https://api.nasdaq.com/api/quote/SDOW/historical?assetclass=etf&fromdate=2016-07-26&todate=2026-07-26&limit=5000
SDOW,2022-09-15,138.36,141.08,135.84,140,1311367,,https://api.nasdaq.com/api/quote/SDOW/historical?assetclass=etf&fromdate=2016-07-26&todate=2026-07-26&limit=5000
SDOW,2022-09-16,144.88,145.72,141.36,142.08,1464554,,https://api.nasdaq.com/api/quote/SDOW/historical?assetclass=etf&fromdate=2016-07-26&todate=2026-07-26&limit=5000
SDOW,2022-09-19,145.72,145.84,139.16,139.24,850799,,https://api.nasdaq.com/api/quote/SDOW/historical?assetclass=etf&fromdate=2016-07-26&todate=2026-07-26&limit=5000
SDOW,2022-09-20,142.6,146.752,142.14,143.36,1115709,,https://api.nasdaq.com/api/quote/SDOW/historical?assetclass=etf&fromdate=2016-07-26&todate=2026-07-26&limit=5000
SDOW,2022-09-21,141.24,150.92,138.96,150.92,1602376,,https://api.nasdaq.com/api/quote/SDOW/historical?assetclass=etf&fromdate=2016-07-26&todate=2026-07-26&limit=5000
SDOW,2022-09-22,151.4,153.76,149.2,152.68,1481590,,https://api.nasdaq.com/api/quote/SDOW/historical?assetclass=etf&fromdate=2016-07-26&todate=2026-07-26&limit=5000
SDOW,2022-09-23,157.12,165.2,156.76,159.96,1566310,,https://api.nasdaq.com/api/quote/SDOW/historical?assetclass=etf&fromdate=2016-07-26&todate=2026-07-26&limit=5000
SDOW,2022-09-26,162,167.04,159.4,165.08,1454044,,https://api.nasdaq.com/api/quote/SDOW/historical?assetclass=etf&fromdate=2016-07-26&todate=2026-07-26&limit=5000
SDOW,2022-09-27,161.36,170.6148,158.64,167.52,1464718,,https://api.nasdaq.com/api/quote/SDOW/historical?assetclass=etf&fromdate=2016-07-26&todate=2026-07-26&limit=5000
SDOW,2022-09-28,165.88,168.0796,156,158.32,1539414,,https://api.nasdaq.com/api/quote/SDOW/historical?assetclass=etf&fromdate=2016-07-26&todate=2026-07-26&limit=5000
SDOW,2022-09-29,161.56,169.36,161.36,165.6,1408412,,https://api.nasdaq.com/api/quote/SDOW/historical?assetclass=etf&fromdate=2016-07-26&todate=2026-07-26&limit=5000
SDOW,2022-09-30,167.48,176.2,163.48,174.08,1632934,,https://api.nasdaq.com/api/quote/SDOW/historical?assetclass=etf&fromdate=2016-07-26&todate=2026-07-26&limit=5000
SDOW,2022-10-03,167.96,170.08,157.52,160.24,1652789,,https://api.nasdaq.com/api/quote/SDOW/historical?assetclass=etf&fromdate=2016-07-26&todate=2026-07-26&limit=5000
SDOW,2022-10-04,153.92,154.44,146.76,146.8,1803873,,https://api.nasdaq.com/api/quote/SDOW/historical?assetclass=etf&fromdate=2016-07-26&todate=2026-07-26&limit=5000
SDOW,2022-10-05,151.84,153.2,144.84,147.44,1689753,,https://api.nasdaq.com/api/quote/SDOW/historical?assetclass=etf&fromdate=2016-07-26&todate=2026-07-26&limit=5000
SDOW,2022-10-06,149.4,153.68,146.72,152.76,1216345,,https://api.nasdaq.com/api/quote/SDOW/historical?assetclass=etf&fromdate=2016-07-26&todate=2026-07-26&limit=5000
SDOW,2022-10-07,156.68,164.72,156.32,162.36,1468954,,https://api.nasdaq.com/api/quote/SDOW/historical?assetclass=etf&fromdate=2016-07-26&todate=2026-07-26&limit=5000
SDOW,2022-10-10,160.16,167.2,159.12,163.88,1186939,,https://api.nasdaq.com/api/quote/SDOW/historical?assetclass=etf&fromdate=2016-07-26&todate=2026-07-26&limit=5000
SDOW,2022-10-11,165.28,166.16,157.102,163.48,1766378,,https://api.nasdaq.com/api/quote/SDOW/historical?assetclass=etf&fromdate=2016-07-26&todate=2026-07-26&limit=5000
SDOW,2022-10-12,163.16,165.1552,159.8,163.8,1198092,,https://api.nasdaq.com/api/quote/SDOW/historical?assetclass=etf&fromdate=2016-07-26&todate=2026-07-26&limit=5000
SDOW,2022-10-13,172.4,173.26,147.84,149.84,3217103,,https://api.nasdaq.com/api/quote/SDOW/historical?assetclass=etf&fromdate=2016-07-26&todate=2026-07-26&limit=5000
SDOW,2022-10-14,146.8,156.4776,144.2,155.48,1676098,,https://api.nasdaq.com/api/quote/SDOW/historical?assetclass=etf&fromdate=2016-07-26&todate=2026-07-26&limit=5000
SDOW,2022-10-17,148.84,150.4804,145.36,147.24,1146848,,https://api.nasdaq.com/api/quote/SDOW/historical?assetclass=etf&fromdate=2016-07-26&todate=2026-07-26&limit=5000
SDOW,2022-10-18,138.2,145.84,138,142.04,1577470,,https://api.nasdaq.com/api/quote/SDOW/historical?assetclass=etf&fromdate=2016-07-26&todate=2026-07-26&limit=5000
SDOW,2022-10-19,143.92,146.7604,140.6,143.96,1107741,,https://api.nasdaq.com/api/quote/SDOW/historical?assetclass=etf&fromdate=2016-07-26&todate=2026-07-26&limit=5000
SDOW,2022-10-20,143.2,146.3196,138.28,145.32,1435664,,https://api.nasdaq.com/api/quote/SDOW/historical?assetclass=etf&fromdate=2016-07-26&todate=2026-07-26&limit=5000
SDOW,2022-10-21,145.84,147.16,133.96,134.44,1790314,,https://api.nasdaq.com/api/quote/SDOW/historical?assetclass=etf&fromdate=2016-07-26&todate=2026-07-26&limit=5000
SDOW,2022-10-24,132.16,133.48,127.76,128.88,1471816,,https://api.nasdaq.com/api/quote/SDOW/historical?assetclass=etf&fromdate=2016-07-26&todate=2026-07-26&limit=5000
SDOW,2022-10-25,130.04,130.2,124.48,124.84,1145946,,https://api.nasdaq.com/api/quote/SDOW/historical?assetclass=etf&fromdate=2016-07-26&todate=2026-07-26&limit=5000
SDOW,2022-10-26,125.504,125.728,121.08,125.04,1745205,,https://api.nasdaq.com/api/quote/SDOW/historical?assetclass=etf&fromdate=2016-07-26&todate=2026-07-26&limit=5000
SDOW,2022-10-27,121.344,123.316,118.64,122.64,2447504,,https://api.nasdaq.com/api/quote/SDOW/historical?assetclass=etf&fromdate=2016-07-26&todate=2026-07-26&limit=5000
SDOW,2022-10-28,121.24,121.52,113,113.36,3057788,,https://api.nasdaq.com/api/quote/SDOW/historical?assetclass=etf&fromdate=2016-07-26&todate=2026-07-26&limit=5000
SDOW,2022-10-31,115.12,116.196,113.16,114.72,2076984,,https://api.nasdaq.com/api/quote/SDOW/historical?assetclass=etf&fromdate=2016-07-26&todate=2026-07-26&limit=5000
SDOW,2022-11-01,112.6,117.36,112.12,115.6,2292370,,https://api.nasdaq.com/api/quote/SDOW/historical?assetclass=etf&fromdate=2016-07-26&todate=2026-07-26&limit=5000
SDOW,2022-11-02,116.6,121.08,111.08,120.96,4441718,,https://api.nasdaq.com/api/quote/SDOW/historical?assetclass=etf&fromdate=2016-07-26&todate=2026-07-26&limit=5000
SDOW,2022-11-03,123.36,125.84,120.6,122.8,2266783,,https://api.nasdaq.com/api/quote/SDOW/historical?assetclass=etf&fromdate=2016-07-26&todate=2026-07-26&limit=5000
SDOW,2022-11-04,118.52,123.5,115.6804,117.88,2836265,,https://api.nasdaq.com/api/quote/SDOW/historical?assetclass=etf&fromdate=2016-07-26&todate=2026-07-26&limit=5000
SDOW,2022-11-07,117.032,118,112.8,113.36,1905057,,https://api.nasdaq.com/api/quote/SDOW/historical?assetclass=etf&fromdate=2016-07-26&todate=2026-07-26&limit=5000
SDOW,2022-11-08,112.36,113.5888,108.12,110,3323208,,https://api.nasdaq.com/api/quote/SDOW/historical?assetclass=etf&fromdate=2016-07-26&todate=2026-07-26&limit=5000
SDOW,2022-11-09,112.24,116.88,111.02,116.56,2997443,,https://api.nasdaq.com/api/quote/SDOW/historical?assetclass=etf&fromdate=2016-07-26&todate=2026-07-26&limit=5000
SDOW,2022-11-10,107.004,109.6,103.6,103.92,4745948,,https://api.nasdaq.com/api/quote/SDOW/historical?assetclass=etf&fromdate=2016-07-26&todate=2026-07-26&limit=5000
SDOW,2022-11-11,102.88,106.6,102.64,103.24,2793463,,https://api.nasdaq.com/api/quote/SDOW/historical?assetclass=etf&fromdate=2016-07-26&todate=2026-07-26&limit=5000
SDOW,2022-11-14,104.36,105.32,101.4,105.2,1888832,,https://api.nasdaq.com/api/quote/SDOW/historical?assetclass=etf&fromdate=2016-07-26&todate=2026-07-26&limit=5000
SDOW,2022-11-15,102.6,107.4,101.12,104.8,3452115,,https://api.nasdaq.com/api/quote/SDOW/historical?assetclass=etf&fromdate=2016-07-26&todate=2026-07-26&limit=5000
SDOW,2022-11-16,105.36,105.44,103.8,104.84,2669125,,https://api.nasdaq.com/api/quote/SDOW/historical?assetclass=etf&fromdate=2016-07-26&todate=2026-07-26&limit=5000
SDOW,2022-11-17,108.12,108.16,104.34,104.92,3017565,,https://api.nasdaq.com/api/quote/SDOW/historical?assetclass=etf&fromdate=2016-07-26&todate=2026-07-26&limit=5000
SDOW,2022-11-18,103.1596,105.2,102.4804,103.12,2206346,,https://api.nasdaq.com/api/quote/SDOW/historical?assetclass=etf&fromdate=2016-07-26&todate=2026-07-26&limit=5000
SDOW,2022-11-21,103.04,104.92,102.08,103.56,1693968,,https://api.nasdaq.com/api/quote/SDOW/historical?assetclass=etf&fromdate=2016-07-26&todate=2026-07-26&limit=5000
SDOW,2022-11-22,102.08,102.4,99.92,100.08,2650858,,https://api.nasdaq.com/api/quote/SDOW/historical?assetclass=etf&fromdate=2016-07-26&todate=2026-07-26&limit=5000
SDOW,2022-11-23,100.36,100.96,98.66,99.24,2456466,,https://api.nasdaq.com/api/quote/SDOW/historical?assetclass=etf&fromdate=2016-07-26&todate=2026-07-26&limit=5000
SDOW,2022-11-25,99.16,99.2372,97.7,97.92,1356809,,https://api.nasdaq.com/api/quote/SDOW/historical?assetclass=etf&fromdate=2016-07-26&todate=2026-07-26&limit=5000
SDOW,2022-11-28,99.68,102.72,98.4,102.24,2857518,,https://api.nasdaq.com/api/quote/SDOW/historical?assetclass=etf&fromdate=2016-07-26&todate=2026-07-26&limit=5000
SDOW,2022-11-29,102.84,104,101.48,102.28,2157734,,https://api.nasdaq.com/api/quote/SDOW/historical?assetclass=etf&fromdate=2016-07-26&todate=2026-07-26&limit=5000
SDOW,2022-11-30,102.12,104.4,95.44,95.44,4298020,,https://api.nasdaq.com/api/quote/SDOW/historical?assetclass=etf&fromdate=2016-07-26&todate=2026-07-26&limit=5000
SDOW,2022-12-01,95.04,99.2,95,97.04,2781165,,https://api.nasdaq.com/api/quote/SDOW/historical?assetclass=etf&fromdate=2016-07-26&todate=2026-07-26&limit=5000
SDOW,2022-12-02,99.96,99.96,96.12,96.68,2411976,,https://api.nasdaq.com/api/quote/SDOW/historical?assetclass=etf&fromdate=2016-07-26&todate=2026-07-26&limit=5000
SDOW,2022-12-05,98.52,101.56,97.92,100.68,2331304,,https://api.nasdaq.com/api/quote/SDOW/historical?assetclass=etf&fromdate=2016-07-26&todate=2026-07-26&limit=5000
SDOW,2022-12-06,100.96,105.4796,100.18,103.88,3455633,,https://api.nasdaq.com/api/quote/SDOW/historical?assetclass=etf&fromdate=2016-07-26&todate=2026-07-26&limit=5000
SDOW,2022-12-07,104.28,104.84,102.2,104,2645858,,https://api.nasdaq.com/api/quote/SDOW/historical?assetclass=etf&fromdate=2016-07-26&todate=2026-07-26&limit=5000
SDOW,2022-12-08,102.884,103.524,101.12,102.36,1925263,,https://api.nasdaq.com/api/quote/SDOW/historical?assetclass=etf&fromdate=2016-07-26&todate=2026-07-26&limit=5000
SDOW,2022-12-09,103.08,105.2,101.72,105.08,2038047,,https://api.nasdaq.com/api/quote/SDOW/historical?assetclass=etf&fromdate=2016-07-26&todate=2026-07-26&limit=5000
SDOW,2022-12-12,104.48,104.6,100.12,100.12,2267473,,https://api.nasdaq.com/api/quote/SDOW/historical?assetclass=etf&fromdate=2016-07-26&todate=2026-07-26&limit=5000
SDOW,2022-12-13,93.488,101.2,93.32,99.2,4575390,,https://api.nasdaq.com/api/quote/SDOW/historical?assetclass=etf&fromdate=2016-07-26&todate=2026-07-26&limit=5000
SDOW,2022-12-14,99.18,102.8404,96.72,100.52,4150815,,https://api.nasdaq.com/api/quote/SDOW/historical?assetclass=etf&fromdate=2016-07-26&todate=2026-07-26&limit=5000
SDOW,2022-12-15,103.88,109.08,103.2,107.32,3496963,,https://api.nasdaq.com/api/quote/SDOW/historical?assetclass=etf&fromdate=2016-07-26&todate=2026-07-26&limit=5000
SDOW,2022-12-16,110.08,112.8,108.84,110.32,3474488,,https://api.nasdaq.com/api/quote/SDOW/historical?assetclass=etf&fromdate=2016-07-26&todate=2026-07-26&limit=5000
SDOW,2022-12-19,110.2,113.64,109,111.88,2216551,,https://api.nasdaq.com/api/quote/SDOW/historical?assetclass=etf&fromdate=2016-07-26&todate=2026-07-26&limit=5000
SDOW,2022-12-20,111.76,113,109.48,111.04,2516213,,https://api.nasdaq.com/api/quote/SDOW/historical?assetclass=etf&fromdate=2016-07-26&todate=2026-07-26&limit=5000
SDOW,2022-12-21,107.8,108.2648,105.04,105.8,1884715,,https://api.nasdaq.com/api/quote/SDOW/historical?assetclass=etf&fromdate=2016-07-26&todate=2026-07-26&limit=5000
SDOW,2022-12-22,107.52,113.08,107.1996,108.76,2973508,,https://api.nasdaq.com/api/quote/SDOW/historical?assetclass=etf&fromdate=2016-07-26&todate=2026-07-26&limit=5000
SDOW,2022-12-23,109.4,110.9576,106.88,107.12,2209097,,https://api.nasdaq.com/api/quote/SDOW/historical?assetclass=etf&fromdate=2016-07-26&todate=2026-07-26&limit=5000
SDOW,2022-12-27,106.76,108.48,105.32,106.8,1916188,,https://api.nasdaq.com/api/quote/SDOW/historical?assetclass=etf&fromdate=2016-07-26&todate=2026-07-26&limit=5000
SDOW,2022-12-28,106.6,110.44,105.4,110.32,2620290,,https://api.nasdaq.com/api/quote/SDOW/historical?assetclass=etf&fromdate=2016-07-26&todate=2026-07-26&limit=5000
SDOW,2022-12-29,108.72,109.04,106.284,107,1429398,,https://api.nasdaq.com/api/quote/SDOW/historical?assetclass=etf&fromdate=2016-07-26&todate=2026-07-26&limit=5000
SDOW,2022-12-30,108.64,110.76,107.8,107.8,1827531,,https://api.nasdaq.com/api/quote/SDOW/historical?assetclass=etf&fromdate=2016-07-26&todate=2026-07-26&limit=5000
SDOW,2023-01-03,106.76,110.836,105.5124,108,2168092,,https://api.nasdaq.com/api/quote/SDOW/historical?assetclass=etf&fromdate=2016-07-26&todate=2026-07-26&limit=5000
SDOW,2023-01-04,106.84,109.04,105.28,106.68,2234797,,https://api.nasdaq.com/api/quote/SDOW/historical?assetclass=etf&fromdate=2016-07-26&todate=2026-07-26&limit=5000
SDOW,2023-01-05,108.36,111.1568,108.24,110.08,2201631,,https://api.nasdaq.com/api/quote/SDOW/historical?assetclass=etf&fromdate=2016-07-26&todate=2026-07-26&limit=5000
SDOW,2023-01-06,107.2,109.42,102.24,103.16,3845485,,https://api.nasdaq.com/api/quote/SDOW/historical?assetclass=etf&fromdate=2016-07-26&todate=2026-07-26&limit=5000
SDOW,2023-01-09,101.8,104.3828,100.24,103.96,2593560,,https://api.nasdaq.com/api/quote/SDOW/historical?assetclass=etf&fromdate=2016-07-26&todate=2026-07-26&limit=5000
SDOW,2023-01-10,104.16,105.04,102.14,102.32,1721320,,https://api.nasdaq.com/api/quote/SDOW/historical?assetclass=etf&fromdate=2016-07-26&todate=2026-07-26&limit=5000
SDOW,2023-01-11,101.24,102.36,100,100.12,2066530,,https://api.nasdaq.com/api/quote/SDOW/historical?assetclass=etf&fromdate=2016-07-26&todate=2026-07-26&limit=5000
SDOW,2023-01-12,99.316,101.72,97.2512,98.24,3138405,,https://api.nasdaq.com/api/quote/SDOW/historical?assetclass=etf&fromdate=2016-07-26&todate=2026-07-26&limit=5000
SDOW,2023-01-13,100.68,100.72,96.9492,97.32,1721356,,https://api.nasdaq.com/api/quote/SDOW/historical?assetclass=etf&fromdate=2016-07-26&todate=2026-07-26&limit=5000
SDOW,2023-01-17,98,101.108,97.62,100.64,1865786,,https://api.nasdaq.com/api/quote/SDOW/historical?assetclass=etf&fromdate=2016-07-26&todate=2026-07-26&limit=5000
SDOW,2023-01-18,100.36,106.44,99.76,106.16,4053108,,https://api.nasdaq.com/api/quote/SDOW/historical?assetclass=etf&fromdate=2016-07-26&todate=2026-07-26&limit=5000
SDOW,2023-01-19,108.2,109.2,106.8,108.52,2301853,,https://api.nasdaq.com/api/quote/SDOW/historical?assetclass=etf&fromdate=2016-07-26&todate=2026-07-26&limit=5000
SDOW,2023-01-20,108,109.64,105.32,105.36,3368113,,https://api.nasdaq.com/api/quote/SDOW/historical?assetclass=etf&fromdate=2016-07-26&todate=2026-07-26&limit=5000
SDOW,2023-01-23,104.44,106.04,101.5716,103.12,1964889,,https://api.nasdaq.com/api/quote/SDOW/historical?assetclass=etf&fromdate=2016-07-26&todate=2026-07-26&limit=5000
SDOW,2023-01-24,104.2,105.4,101.68,102.24,1729328,,https://api.nasdaq.com/api/quote/SDOW/historical?assetclass=etf&fromdate=2016-07-26&todate=2026-07-26&limit=5000
SDOW,2023-01-25,104.84,106.4,101.8,102.08,2740633,,https://api.nasdaq.com/api/quote/SDOW/historical?assetclass=etf&fromdate=2016-07-26&todate=2026-07-26&limit=5000
SDOW,2023-01-26,101.2,103.22,100.24,100.4,2483682,,https://api.nasdaq.com/api/quote/SDOW/historical?assetclass=etf&fromdate=2016-07-26&todate=2026-07-26&limit=5000
SDOW,2023-01-27,100.36,101.44,98.48,100.24,1918997,,https://api.nasdaq.com/api/quote/SDOW/historical?assetclass=etf&fromdate=2016-07-26&todate=2026-07-26&limit=5000
SDOW,2023-01-30,101.24,102.68,99.5,102.48,2634478,,https://api.nasdaq.com/api/quote/SDOW/historical?assetclass=etf&fromdate=2016-07-26&todate=2026-07-26&limit=5000
SDOW,2023-01-31,102,103.04,99.08,99.08,2211673,,https://api.nasdaq.com/api/quote/SDOW/historical?assetclass=etf&fromdate=2016-07-26&todate=2026-07-26&limit=5000
SDOW,2023-02-01,100.64,103.76,97,99.12,5536048,,https://api.nasdaq.com/api/quote/SDOW/historical?assetclass=etf&fromdate=2016-07-26&todate=2026-07-26&limit=5000
SDOW,2023-02-02,98.8,101.72,98.8,99.64,2347324,,https://api.nasdaq.com/api/quote/SDOW/historical?assetclass=etf&fromdate=2016-07-26&todate=2026-07-26&limit=5000
SDOW,2023-02-03,101.08,101.82,98.52,100.88,2519313,,https://api.nasdaq.com/api/quote/SDOW/historical?assetclass=etf&fromdate=2016-07-26&todate=2026-07-26&limit=5000
SDOW,2023-02-06,102.12,103,100.4404,101.16,1267106,,https://api.nasdaq.com/api/quote/SDOW/historical?assetclass=etf&fromdate=2016-07-26&todate=2026-07-26&limit=5000
SDOW,2023-02-07,102.84,103.4968,98.04,98.8,5413095,,https://api.nasdaq.com/api/quote/SDOW/historical?assetclass=etf&fromdate=2016-07-26&todate=2026-07-26&limit=5000
SDOW,2023-02-08,99.8,101.0936,98.84,100.6,1712389,,https://api.nasdaq.com/api/quote/SDOW/historical?assetclass=etf&fromdate=2016-07-26&todate=2026-07-26&limit=5000
SDOW,2023-02-09,98.56,103.72,97.92,102.84,3862415,,https://api.nasdaq.com/api/quote/SDOW/historical?assetclass=etf&fromdate=2016-07-26&todate=2026-07-26&limit=5000
SDOW,2023-02-10,103.24,103.9196,101.1,101.32,2249831,,https://api.nasdaq.com/api/quote/SDOW/historical?assetclass=etf&fromdate=2016-07-26&todate=2026-07-26&limit=5000
SDOW,2023-02-13,101.2,101.2,98.004,98.04,1877665,,https://api.nasdaq.com/api/quote/SDOW/historical?assetclass=etf&fromdate=2016-07-26&todate=2026-07-26&limit=5000
SDOW,2023-02-14,98.88,101.58,97.16,99.24,3669598,,https://api.nasdaq.com/api/quote/SDOW/historical?assetclass=etf&fromdate=2016-07-26&todate=2026-07-26&limit=5000
SDOW,2023-02-15,100.8,101.46,98.84,98.92,1750265,,https://api.nasdaq.com/api/quote/SDOW/historical?assetclass=etf&fromdate=2016-07-26&todate=2026-07-26&limit=5000
SDOW,2023-02-16,101.644,102.76,99.64,102.68,2250148,,https://api.nasdaq.com/api/quote/SDOW/historical?assetclass=etf&fromdate=2016-07-26&todate=2026-07-26&limit=5000
SDOW,2023-02-17,103.72,104.38,101.2804,101.44,3851170,,https://api.nasdaq.com/api/quote/SDOW/historical?assetclass=etf&fromdate=2016-07-26&todate=2026-07-26&limit=5000
SDOW,2023-02-21,104.68,107.96,103.58,107.8,2508935,,https://api.nasdaq.com/api/quote/SDOW/historical?assetclass=etf&fromdate=2016-07-26&todate=2026-07-26&limit=5000
SDOW,2023-02-22,107.4,109.6004,106.7184,108.64,3172313,,https://api.nasdaq.com/api/quote/SDOW/historical?assetclass=etf&fromdate=2016-07-26&todate=2026-07-26&limit=5000
SDOW,2023-02-23,107.36,111.2,106.52,107.6,3525300,,https://api.nasdaq.com/api/quote/SDOW/historical?assetclass=etf&fromdate=2016-07-26&todate=2026-07-26&limit=5000
SDOW,2023-02-24,111.4,112.7248,110.12,111.12,3196308,,https://api.nasdaq.com/api/quote/SDOW/historical?assetclass=etf&fromdate=2016-07-26&todate=2026-07-26&limit=5000
SDOW,2023-02-27,108.484,111.08,107.24,110.2,2151505,,https://api.nasdaq.com/api/quote/SDOW/historical?assetclass=etf&fromdate=2016-07-26&todate=2026-07-26&limit=5000
SDOW,2023-02-28,110.44,112.8,110.44,112.76,2303335,,https://api.nasdaq.com/api/quote/SDOW/historical?assetclass=etf&fromdate=2016-07-26&todate=2026-07-26&limit=5000
SDOW,2023-03-01,113.32,114.12,111.48,112.32,2394017,,https://api.nasdaq.com/api/quote/SDOW/historical?assetclass=etf&fromdate=2016-07-26&todate=2026-07-26&limit=5000
SDOW,2023-03-02,111.96,112.5944,108.23,108.92,2188573,,https://api.nasdaq.com/api/quote/SDOW/historical?assetclass=etf&fromdate=2016-07-26&todate=2026-07-26&limit=5000
SDOW,2023-03-03,107.96,109.08,105.08,105.2,1953629,,https://api.nasdaq.com/api/quote/SDOW/historical?assetclass=etf&fromdate=2016-07-26&todate=2026-07-26&limit=5000
SDOW,2023-03-06,104.96,105.4,103.56,104.96,1779355,,https://api.nasdaq.com/api/quote/SDOW/historical?assetclass=etf&fromdate=2016-07-26&todate=2026-07-26&limit=5000
SDOW,2023-03-07,104.96,110.56,104.72,110.28,3115090,,https://api.nasdaq.com/api/quote/SDOW/historical?assetclass=etf&fromdate=2016-07-26&todate=2026-07-26&limit=5000
SDOW,2023-03-08,110.44,112.74,109.84,110.8,2471758,,https://api.nasdaq.com/api/quote/SDOW/historical?assetclass=etf&fromdate=2016-07-26&todate=2026-07-26&limit=5000
SDOW,2023-03-09,109.72,117.18,108.96,116.52,3373983,,https://api.nasdaq.com/api/quote/SDOW/historical?assetclass=etf&fromdate=2016-07-26&todate=2026-07-26&limit=5000
SDOW,2023-03-10,117.16,121.56,114.62,120.2,5792770,,https://api.nasdaq.com/api/quote/SDOW/historical?assetclass=etf&fromdate=2016-07-26&todate=2026-07-26&limit=5000
SDOW,2023-03-13,123.64,123.68,116.4,121.2,8854780,,https://api.nasdaq.com/api/quote/SDOW/historical?assetclass=etf&fromdate=2016-07-26&todate=2026-07-26&limit=5000
SDOW,2023-03-14,117.44,121.44,115.72,117.52,4607350,,https://api.nasdaq.com/api/quote/SDOW/historical?assetclass=etf&fromdate=2016-07-26&todate=2026-07-26&limit=5000
SDOW,2023-03-15,123.32,125.46,120.16,120.48,6411868,,https://api.nasdaq.com/api/quote/SDOW/historical?assetclass=etf&fromdate=2016-07-26&todate=2026-07-26&limit=5000
SDOW,2023-03-16,122.76,124.1,116,116.4,4580703,,https://api.nasdaq.com/api/quote/SDOW/historical?assetclass=etf&fromdate=2016-07-26&todate=2026-07-26&limit=5000
SDOW,2023-03-17,118.24,122.12,117.86,120.72,4584870,,https://api.nasdaq.com/api/quote/SDOW/historical?assetclass=etf&fromdate=2016-07-26&todate=2026-07-26&limit=5000
SDOW,2023-03-20,119.76,119.76,115.88,116.44,3344998,,https://api.nasdaq.com/api/quote/SDOW/historical?assetclass=etf&fromdate=2016-07-26&todate=2026-07-26&limit=5000
SDOW,2023-03-21,113.08,115.3596,112.64,112.84,2216586,,https://api.nasdaq.com/api/quote/SDOW/historical?assetclass=etf&fromdate=2016-07-26&todate=2026-07-26&limit=5000
SDOW,2023-03-22,112.04,117.7868,110.04,117.76,3802323,,https://api.nasdaq.com/api/quote/SDOW/historical?assetclass=etf&fromdate=2016-07-26&todate=2026-07-26&limit=5000
SDOW,2023-03-23,116.48,119.68,112.48,117.08,3298235,,https://api.nasdaq.com/api/quote/SDOW/historical?assetclass=etf&fromdate=2016-07-26&todate=2026-07-26&limit=5000
SDOW,2023-03-24,118.56,120.38,115.38,115.48,3530843,,https://api.nasdaq.com/api/quote/SDOW/historical?assetclass=etf&fromdate=2016-07-26&todate=2026-07-26&limit=5000
SDOW,2023-03-27,113.16,114.5,112.12,113.48,1881818,,https://api.nasdaq.com/api/quote/SDOW/historical?assetclass=etf&fromdate=2016-07-26&todate=2026-07-26&limit=5000
SDOW,2023-03-28,113.84,115.0768,112.36,114,1757734,,https://api.nasdaq.com/api/quote/SDOW/historical?assetclass=etf&fromdate=2016-07-26&todate=2026-07-26&limit=5000
SDOW,2023-03-29,111.12,112.56,110.56,110.68,1385139,,https://api.nasdaq.com/api/quote/SDOW/historical?assetclass=etf&fromdate=2016-07-26&todate=2026-07-26&limit=5000
SDOW,2023-03-30,108.88,111.16,108.88,109.28,1661639,,https://api.nasdaq.com/api/quote/SDOW/historical?assetclass=etf&fromdate=2016-07-26&todate=2026-07-26&limit=5000
SDOW,2023-03-31,108.32,108.36,105.0936,105.4,1729684,,https://api.nasdaq.com/api/quote/SDOW/historical?assetclass=etf&fromdate=2016-07-26&todate=2026-07-26&limit=5000
SDOW,2023-04-03,104.4,104.44,101.9064,102.28,1662401,,https://api.nasdaq.com/api/quote/SDOW/historical?assetclass=etf&fromdate=2016-07-26&todate=2026-07-26&limit=5000
SDOW,2023-04-04,102.28,105.24,101.94,104,1990291,,https://api.nasdaq.com/api/quote/SDOW/historical?assetclass=etf&fromdate=2016-07-26&todate=2026-07-26&limit=5000
SDOW,2023-04-05,104.12,104.4,102.76,103.36,1973798,,https://api.nasdaq.com/api/quote/SDOW/historical?assetclass=etf&fromdate=2016-07-26&todate=2026-07-26&limit=5000
SDOW,2023-04-06,103.96,104.92,103.0144,103.48,1715772,,https://api.nasdaq.com/api/quote/SDOW/historical?assetclass=etf&fromdate=2016-07-26&todate=2026-07-26&limit=5000
SDOW,2023-04-10,104.24,104.7916,102.4,102.4,1011000,,https://api.nasdaq.com/api/quote/SDOW/historical?assetclass=etf&fromdate=2016-07-26&todate=2026-07-26&limit=5000
SDOW,2023-04-11,102.16,102.4696,100.8,101.64,1181824,,https://api.nasdaq.com/api/quote/SDOW/historical?assetclass=etf&fromdate=2016-07-26&todate=2026-07-26&limit=5000
SDOW,2023-04-12,100.2,102.6,99.84,101.96,2226335,,https://api.nasdaq.com/api/quote/SDOW/historical?assetclass=etf&fromdate=2016-07-26&todate=2026-07-26&limit=5000
SDOW,2023-04-13,101.72,102.58,98.48,98.76,1719703,,https://api.nasdaq.com/api/quote/SDOW/historical?assetclass=etf&fromdate=2016-07-26&todate=2026-07-26&limit=5000
SDOW,2023-04-14,99.2,101.4,98.32,100.04,2242115,,https://api.nasdaq.com/api/quote/SDOW/historical?assetclass=etf&fromdate=2016-07-26&todate=2026-07-26&limit=5000
SDOW,2023-04-17,99.92,100.84,99.2,99.2,1134367,,https://api.nasdaq.com/api/quote/SDOW/historical?assetclass=etf&fromdate=2016-07-26&todate=2026-07-26&limit=5000
SDOW,2023-04-18,99.2,100.996,98.92,99.32,1378034,,https://api.nasdaq.com/api/quote/SDOW/historical?assetclass=etf&fromdate=2016-07-26&todate=2026-07-26&limit=5000
SDOW,2023-04-19,99.92,100.76,99.52,100.12,1076394,,https://api.nasdaq.com/api/quote/SDOW/historical?assetclass=etf&fromdate=2016-07-26&todate=2026-07-26&limit=5000
SDOW,2023-04-20,101.56,102.094,100.32,101.12,1291516,,https://api.nasdaq.com/api/quote/SDOW/historical?assetclass=etf&fromdate=2016-07-26&todate=2026-07-26&limit=5000
SDOW,2023-04-21,100.6,102.02,100.44,100.84,1157917,,https://api.nasdaq.com/api/quote/SDOW/historical?assetclass=etf&fromdate=2016-07-26&todate=2026-07-26&limit=5000
SDOW,2023-04-24,101.08,101.74,100.2,100.32,896347,,https://api.nasdaq.com/api/quote/SDOW/historical?assetclass=etf&fromdate=2016-07-26&todate=2026-07-26&limit=5000
SDOW,2023-04-25,100.84,103.52,100.4504,103.4,1592719,,https://api.nasdaq.com/api/quote/SDOW/historical?assetclass=etf&fromdate=2016-07-26&todate=2026-07-26&limit=5000
SDOW,2023-04-26,103.28,106.2968,102.46,105.64,1986059,,https://api.nasdaq.com/api/quote/SDOW/historical?assetclass=etf&fromdate=2016-07-26&todate=2026-07-26&limit=5000
SDOW,2023-04-27,104.52,105.002,100.48,100.8,1754152,,https://api.nasdaq.com/api/quote/SDOW/historical?assetclass=etf&fromdate=2016-07-26&todate=2026-07-26&limit=5000
SDOW,2023-04-28,101.84,101.84,98.4,98.48,2069454,,https://api.nasdaq.com/api/quote/SDOW/historical?assetclass=etf&fromdate=2016-07-26&todate=2026-07-26&limit=5000
SDOW,2023-05-01,98.4,99.08,97.08,98.96,1090266,,https://api.nasdaq.com/api/quote/SDOW/historical?assetclass=etf&fromdate=2016-07-26&todate=2026-07-26&limit=5000
SDOW,2023-05-02,99.36,104.32,99.32,102.12,2810198,,https://api.nasdaq.com/api/quote/SDOW/historical?assetclass=etf&fromdate=2016-07-26&todate=2026-07-26&limit=5000
SDOW,2023-05-03,101.88,104.8004,100.88,104.64,2786935,,https://api.nasdaq.com/api/quote/SDOW/historical?assetclass=etf&fromdate=2016-07-26&todate=2026-07-26&limit=5000
SDOW,2023-05-04,105.56,109.2004,105.24,107.36,2810048,,https://api.nasdaq.com/api/quote/SDOW/historical?assetclass=etf&fromdate=2016-07-26&todate=2026-07-26&limit=5000
SDOW,2023-05-05,104.68,104.92,101.44,102.2,2087357,,https://api.nasdaq.com/api/quote/SDOW/historical?assetclass=etf&fromdate=2016-07-26&todate=2026-07-26&limit=5000
SDOW,2023-05-08,101.88,103.72,101.62,102.76,1022651,,https://api.nasdaq.com/api/quote/SDOW/historical?assetclass=etf&fromdate=2016-07-26&todate=2026-07-26&limit=5000
SDOW,2023-05-09,103.52,103.76,102.36,103.16,947784,,https://api.nasdaq.com/api/quote/SDOW/historical?assetclass=etf&fromdate=2016-07-26&todate=2026-07-26&limit=5000
SDOW,2023-05-10,101.72,106.24,101.26,103.48,2258154,,https://api.nasdaq.com/api/quote/SDOW/historical?assetclass=etf&fromdate=2016-07-26&todate=2026-07-26&limit=5000
SDOW,2023-05-11,105.24,107.3996,105.12,105.6,1622065,,https://api.nasdaq.com/api/quote/SDOW/historical?assetclass=etf&fromdate=2016-07-26&todate=2026-07-26&limit=5000
SDOW,2023-05-12,104.72,107.64,104.68,105.88,1367350,,https://api.nasdaq.com/api/quote/SDOW/historical?assetclass=etf&fromdate=2016-07-26&todate=2026-07-26&limit=5000
SDOW,2023-05-15,105.64,107.16,104.88,105.32,945792,,https://api.nasdaq.com/api/quote/SDOW/historical?assetclass=etf&fromdate=2016-07-26&todate=2026-07-26&limit=5000
SDOW,2023-05-16,106.4,108.7,106.06,108.68,1302910,,https://api.nasdaq.com/api/quote/SDOW/historical?assetclass=etf&fromdate=2016-07-26&todate=2026-07-26&limit=5000
SDOW,2023-05-17,106.92,108.1552,103.94,104.52,1943540,,https://api.nasdaq.com/api/quote/SDOW/historical?assetclass=etf&fromdate=2016-07-26&todate=2026-07-26&limit=5000
SDOW,2023-05-18,105.24,106.36,102.9204,103.28,3128095,,https://api.nasdaq.com/api/quote/SDOW/historical?assetclass=etf&fromdate=2016-07-26&todate=2026-07-26&limit=5000
SDOW,2023-05-19,102.76,105.24,102.3,104.4,1508015,,https://api.nasdaq.com/api/quote/SDOW/historical?assetclass=etf&fromdate=2016-07-26&todate=2026-07-26&limit=5000
SDOW,2023-05-22,104.44,106.48,103.54,105.6,1287697,,https://api.nasdaq.com/api/quote/SDOW/historical?assetclass=etf&fromdate=2016-07-26&todate=2026-07-26&limit=5000
SDOW,2023-05-23,106.8,108.38,105.52,107.88,1315334,,https://api.nasdaq.com/api/quote/SDOW/historical?assetclass=etf&fromdate=2016-07-26&todate=2026-07-26&limit=5000
SDOW,2023-05-24,108.64,111,108.28,110.44,1706926,,https://api.nasdaq.com/api/quote/SDOW/historical?assetclass=etf&fromdate=2016-07-26&todate=2026-07-26&limit=5000
SDOW,2023-05-25,110.6,112.88,109.94,110.96,1845749,,https://api.nasdaq.com/api/quote/SDOW/historical?assetclass=etf&fromdate=2016-07-26&todate=2026-07-26&limit=5000
SDOW,2023-05-26,110.76,110.8396,107.1,107.88,1885989,,https://api.nasdaq.com/api/quote/SDOW/historical?assetclass=etf&fromdate=2016-07-26&todate=2026-07-26&limit=5000
SDOW,2023-05-30,107.88,109.78,107.44,108.28,2094115,,https://api.nasdaq.com/api/quote/SDOW/historical?assetclass=etf&fromdate=2016-07-26&todate=2026-07-26&limit=5000
SDOW,2023-05-31,109.4,111.08,108.6124,109.2,1403125,,https://api.nasdaq.com/api/quote/SDOW/historical?assetclass=etf&fromdate=2016-07-26&todate=2026-07-26&limit=5000
SDOW,2023-06-01,109.96,111.6324,106.96,108.04,1398257,,https://api.nasdaq.com/api/quote/SDOW/historical?assetclass=etf&fromdate=2016-07-26&todate=2026-07-26&limit=5000
SDOW,2023-06-02,105.8,105.96,100.68,101.08,1980106,,https://api.nasdaq.com/api/quote/SDOW/historical?assetclass=etf&fromdate=2016-07-26&todate=2026-07-26&limit=5000
SDOW,2023-06-05,101,103.04,100.76,102.84,1242410,,https://api.nasdaq.com/api/quote/SDOW/historical?assetclass=etf&fromdate=2016-07-26&todate=2026-07-26&limit=5000
SDOW,2023-06-06,103.04,104.44,102.36,102.92,1169993,,https://api.nasdaq.com/api/quote/SDOW/historical?assetclass=etf&fromdate=2016-07-26&todate=2026-07-26&limit=5000
SDOW,2023-06-07,102.56,103.2,101.72,102.04,2837830,,https://api.nasdaq.com/api/quote/SDOW/historical?assetclass=etf&fromdate=2016-07-26&todate=2026-07-26&limit=5000
SDOW,2023-06-08,102.16,102.56,100.26,100.68,1613485,,https://api.nasdaq.com/api/quote/SDOW/historical?assetclass=etf&fromdate=2016-07-26&todate=2026-07-26&limit=5000
SDOW,2023-06-09,101,101.2,99.46,100.24,1259735,,https://api.nasdaq.com/api/quote/SDOW/historical?assetclass=etf&fromdate=2016-07-26&todate=2026-07-26&limit=5000
SDOW,2023-06-12,99.96,100.4368,98.6208,98.64,824313,,https://api.nasdaq.com/api/quote/SDOW/historical?assetclass=etf&fromdate=2016-07-26&todate=2026-07-26&limit=5000
SDOW,2023-06-13,98.2,98.36,96.64,97.56,1157703,,https://api.nasdaq.com/api/quote/SDOW/historical?assetclass=etf&fromdate=2016-07-26&todate=2026-07-26&limit=5000
SDOW,2023-06-14,98.6,101.2,98.04,99.4,2181788,,https://api.nasdaq.com/api/quote/SDOW/historical?assetclass=etf&fromdate=2016-07-26&todate=2026-07-26&limit=5000
SDOW,2023-06-15,99.72,99.84,95.0964,95.72,1870614,,https://api.nasdaq.com/api/quote/SDOW/historical?assetclass=etf&fromdate=2016-07-26&todate=2026-07-26&limit=5000
SDOW,2023-06-16,94.64,96.96,94.44,96.68,1210578,,https://api.nasdaq.com/api/quote/SDOW/historical?assetclass=etf&fromdate=2016-07-26&todate=2026-07-26&limit=5000
SDOW,2023-06-20,98.12,100.1196,97.92,98.88,1045763,,https://api.nasdaq.com/api/quote/SDOW/historical?assetclass=etf&fromdate=2016-07-26&todate=2026-07-26&limit=5000
SDOW,2023-06-21,98.64,99.48,97.5564,98.84,1062644,,https://api.nasdaq.com/api/quote/SDOW/historical?assetclass=etf&fromdate=2016-07-26&todate=2026-07-26&limit=5000
SDOW,2023-06-22,99.44,99.96,98.48,99,773914,,https://api.nasdaq.com/api/quote/SDOW/historical?assetclass=etf&fromdate=2016-07-26&todate=2026-07-26&limit=5000
SDOW,2023-06-23,100.96,101.8,100.08,101,1122026,,https://api.nasdaq.com/api/quote/SDOW/historical?assetclass=etf&fromdate=2016-07-26&todate=2026-07-26&limit=5000
SDOW,2023-06-26,101.44,102.12,100.204,101.04,696566,,https://api.nasdaq.com/api/quote/SDOW/historical?assetclass=etf&fromdate=2016-07-26&todate=2026-07-26&limit=5000
SDOW,2023-06-27,101.12,101.16,98.8644,99.32,812571,,https://api.nasdaq.com/api/quote/SDOW/historical?assetclass=etf&fromdate=2016-07-26&todate=2026-07-26&limit=5000
SDOW,2023-06-28,99.72,100.8408,99.52,99.84,1169235,,https://api.nasdaq.com/api/quote/SDOW/historical?assetclass=etf&fromdate=2016-07-26&todate=2026-07-26&limit=5000
SDOW,2023-06-29,100.08,100.4,97.48,97.76,1197856,,https://api.nasdaq.com/api/quote/SDOW/historical?assetclass=etf&fromdate=2016-07-26&todate=2026-07-26&limit=5000
SDOW,2023-06-30,96.08,96.4,94.88,95.48,942934,,https://api.nasdaq.com/api/quote/SDOW/historical?assetclass=etf&fromdate=2016-07-26&todate=2026-07-26&limit=5000
SDOW,2023-07-03,96.24,96.44,94.96,95.44,454968,,https://api.nasdaq.com/api/quote/SDOW/historical?assetclass=etf&fromdate=2016-07-26&todate=2026-07-26&limit=5000
SDOW,2023-07-05,96.8,96.92,95.6956,96.48,687139,,https://api.nasdaq.com/api/quote/SDOW/historical?assetclass=etf&fromdate=2016-07-26&todate=2026-07-26&limit=5000
SDOW,2023-07-06,98.84,100.9076,98.24,99.6,1163745,,https://api.nasdaq.com/api/quote/SDOW/historical?assetclass=etf&fromdate=2016-07-26&todate=2026-07-26&limit=5000
SDOW,2023-07-07,100.76,101.48,98.66,101.32,920104,,https://api.nasdaq.com/api/quote/SDOW/historical?assetclass=etf&fromdate=2016-07-26&todate=2026-07-26&limit=5000
SDOW,2023-07-10,101.4,101.56,99.32,99.44,753203,,https://api.nasdaq.com/api/quote/SDOW/historical?assetclass=etf&fromdate=2016-07-26&todate=2026-07-26&limit=5000
SDOW,2023-07-11,98.32,99.1128,96.4804,96.8,889994,,https://api.nasdaq.com/api/quote/SDOW/historical?assetclass=etf&fromdate=2016-07-26&todate=2026-07-26&limit=5000
SDOW,2023-07-12,94.88,96.3684,94.04,96.04,1586243,,https://api.nasdaq.com/api/quote/SDOW/historical?assetclass=etf&fromdate=2016-07-26&todate=2026-07-26&limit=5000
SDOW,2023-07-13,95.52,96.0436,95.04,95.84,1198082,,https://api.nasdaq.com/api/quote/SDOW/historical?assetclass=etf&fromdate=2016-07-26&todate=2026-07-26&limit=5000
SDOW,2023-07-14,94.44,95.44,94.24,94.84,1488464,,https://api.nasdaq.com/api/quote/SDOW/historical?assetclass=etf&fromdate=2016-07-26&todate=2026-07-26&limit=5000
SDOW,2023-07-17,95.4,95.7,93.64,94.4,958284,,https://api.nasdaq.com/api/quote/SDOW/historical?assetclass=etf&fromdate=2016-07-26&todate=2026-07-26&limit=5000
SDOW,2023-07-18,94.56,94.92,91.08,91.4,1467616,,https://api.nasdaq.com/api/quote/SDOW/historical?assetclass=etf&fromdate=2016-07-26&todate=2026-07-26&limit=5000
SDOW,2023-07-19,90.76,90.76,89.12,90.48,1410558,,https://api.nasdaq.com/api/quote/SDOW/historical?assetclass=etf&fromdate=2016-07-26&todate=2026-07-26&limit=5000
SDOW,2023-07-20,90.08,90.12,88.16,89.28,1931416,,https://api.nasdaq.com/api/quote/SDOW/historical?assetclass=etf&fromdate=2016-07-26&todate=2026-07-26&limit=5000
SDOW,2023-07-21,88.8,89.72,88.4948,89.36,1452599,,https://api.nasdaq.com/api/quote/SDOW/historical?assetclass=etf&fromdate=2016-07-26&todate=2026-07-26&limit=5000
SDOW,2023-07-24,89.04,89.1196,87.6,87.92,1453179,,https://api.nasdaq.com/api/quote/SDOW/historical?assetclass=etf&fromdate=2016-07-26&todate=2026-07-26&limit=5000
SDOW,2023-07-25,88.2,88.4,87.1696,87.76,1201319,,https://api.nasdaq.com/api/quote/SDOW/historical?assetclass=etf&fromdate=2016-07-26&todate=2026-07-26&limit=5000
SDOW,2023-07-26,88.72,88.76,86.42,87.24,1884416,,https://api.nasdaq.com/api/quote/SDOW/historical?assetclass=etf&fromdate=2016-07-26&todate=2026-07-26&limit=5000
SDOW,2023-07-27,86.84,89.68,86.48,89.08,2404699,,https://api.nasdaq.com/api/quote/SDOW/historical?assetclass=etf&fromdate=2016-07-26&todate=2026-07-26&limit=5000
SDOW,2023-07-28,87.856,88.7,87.04,87.88,1696641,,https://api.nasdaq.com/api/quote/SDOW/historical?assetclass=etf&fromdate=2016-07-26&todate=2026-07-26&limit=5000
SDOW,2023-07-31,87.88,88.16,87.12,87.16,1218045,,https://api.nasdaq.com/api/quote/SDOW/historical?assetclass=etf&fromdate=2016-07-26&todate=2026-07-26&limit=5000
SDOW,2023-08-01,87.44,87.48,86.32,86.76,1395005,,https://api.nasdaq.com/api/quote/SDOW/historical?assetclass=etf&fromdate=2016-07-26&todate=2026-07-26&limit=5000
SDOW,2023-08-02,88.04,89.724,87.482,89.36,2060132,,https://api.nasdaq.com/api/quote/SDOW/historical?assetclass=etf&fromdate=2016-07-26&todate=2026-07-26&limit=5000
SDOW,2023-08-03,90.28,90.64,88.88,89.92,1564040,,https://api.nasdaq.com/api/quote/SDOW/historical?assetclass=etf&fromdate=2016-07-26&todate=2026-07-26&limit=5000
SDOW,2023-08-04,89.16,91.4,87.7604,91.08,2092372,,https://api.nasdaq.com/api/quote/SDOW/historical?assetclass=etf&fromdate=2016-07-26&todate=2026-07-26&limit=5000
SDOW,2023-08-07,90.16,90.16,87.84,87.96,1730880,,https://api.nasdaq.com/api/quote/SDOW/historical?assetclass=etf&fromdate=2016-07-26&todate=2026-07-26&limit=5000
SDOW,2023-08-08,89.68,91.56,89.0004,89.24,1754630,,https://api.nasdaq.com/api/quote/SDOW/historical?assetclass=etf&fromdate=2016-07-26&todate=2026-07-26&limit=5000
SDOW,2023-08-09,89.44,91.16,88.8,90.64,1467978,,https://api.nasdaq.com/api/quote/SDOW/historical?assetclass=etf&fromdate=2016-07-26&todate=2026-07-26&limit=5000
SDOW,2023-08-10,89.32,90.84,87.18,90.28,2311240,,https://api.nasdaq.com/api/quote/SDOW/historical?assetclass=etf&fromdate=2016-07-26&todate=2026-07-26&limit=5000
SDOW,2023-08-11,90.88,91.3216,88.96,89.44,1825130,,https://api.nasdaq.com/api/quote/SDOW/historical?assetclass=etf&fromdate=2016-07-26&todate=2026-07-26&limit=5000
SDOW,2023-08-14,89.76,90.48,89.16,89.44,1119484,,https://api.nasdaq.com/api/quote/SDOW/historical?assetclass=etf&fromdate=2016-07-26&todate=2026-07-26&limit=5000
SDOW,2023-08-15,90.64,92.5,90.36,92.12,1673066,,https://api.nasdaq.com/api/quote/SDOW/historical?assetclass=etf&fromdate=2016-07-26&todate=2026-07-26&limit=5000
SDOW,2023-08-16,92.56,93.72,90.72,93.68,1798760,,https://api.nasdaq.com/api/quote/SDOW/historical?assetclass=etf&fromdate=2016-07-26&todate=2026-07-26&limit=5000
SDOW,2023-08-17,92.92,96.22,92.56,96,2228940,,https://api.nasdaq.com/api/quote/SDOW/historical?assetclass=etf&fromdate=2016-07-26&todate=2026-07-26&limit=5000
SDOW,2023-08-18,97.36,97.64,94.96,95.56,2021581,,https://api.nasdaq.com/api/quote/SDOW/historical?assetclass=etf&fromdate=2016-07-26&todate=2026-07-26&limit=5000
SDOW,2023-08-21,95.44,97.84,95.16,96,1617483,,https://api.nasdaq.com/api/quote/SDOW/historical?assetclass=etf&fromdate=2016-07-26&todate=2026-07-26&limit=5000
SDOW,2023-08-22,95.92,97.84,95.7,97.48,1479450,,https://api.nasdaq.com/api/quote/SDOW/historical?assetclass=etf&fromdate=2016-07-26&todate=2026-07-26&limit=5000
SDOW,2023-08-23,97.08,97.32,95.4804,96,2287665,,https://api.nasdaq.com/api/quote/SDOW/historical?assetclass=etf&fromdate=2016-07-26&todate=2026-07-26&limit=5000
SDOW,2023-08-24,96.56,99.36,94.32,99.28,1706383,,https://api.nasdaq.com/api/quote/SDOW/historical?assetclass=etf&fromdate=2016-07-26&todate=2026-07-26&limit=5000
SDOW,2023-08-25,98.08,99.92,96.3,97.24,2948573,,https://api.nasdaq.com/api/quote/SDOW/historical?assetclass=etf&fromdate=2016-07-26&todate=2026-07-26&limit=5000
SDOW,2023-08-28,95.84,96.4,94.56,95.44,1691941,,https://api.nasdaq.com/api/quote/SDOW/historical?assetclass=etf&fromdate=2016-07-26&todate=2026-07-26&limit=5000
SDOW,2023-08-29,95.56,95.64,92.92,92.96,1822423,,https://api.nasdaq.com/api/quote/SDOW/historical?assetclass=etf&fromdate=2016-07-26&todate=2026-07-26&limit=5000
SDOW,2023-08-30,92.64,93.1596,91.38,92.4,1370292,,https://api.nasdaq.com/api/quote/SDOW/historical?assetclass=etf&fromdate=2016-07-26&todate=2026-07-26&limit=5000
SDOW,2023-08-31,91.48,93.96,91.12,93.88,1289772,,https://api.nasdaq.com/api/quote/SDOW/historical?assetclass=etf&fromdate=2016-07-26&todate=2026-07-26&limit=5000
SDOW,2023-09-01,92.28,94.0004,91.92,93.04,1405006,,https://api.nasdaq.com/api/quote/SDOW/historical?assetclass=etf&fromdate=2016-07-26&todate=2026-07-26&limit=5000
SDOW,2023-09-05,93.04,94.72,92.8,94.72,1019448,,https://api.nasdaq.com/api/quote/SDOW/historical?assetclass=etf&fromdate=2016-07-26&todate=2026-07-26&limit=5000
SDOW,2023-09-06,95.12,97.6,95.1,96.28,1518933,,https://api.nasdaq.com/api/quote/SDOW/historical?assetclass=etf&fromdate=2016-07-26&todate=2026-07-26&limit=5000
SDOW,2023-09-07,96.96,97.04,95.44,95.88,1326684,,https://api.nasdaq.com/api/quote/SDOW/historical?assetclass=etf&fromdate=2016-07-26&todate=2026-07-26&limit=5000
SDOW,2023-09-08,95.92,96.1596,94.84,95.32,1133048,,https://api.nasdaq.com/api/quote/SDOW/historical?assetclass=etf&fromdate=2016-07-26&todate=2026-07-26&limit=5000
SDOW,2023-09-11,94.04,95.324,93.606,94.68,1066596,,https://api.nasdaq.com/api/quote/SDOW/historical?assetclass=etf&fromdate=2016-07-26&todate=2026-07-26&limit=5000
SDOW,2023-09-12,95.28,95.5,93.08,94.76,1088050,,https://api.nasdaq.com/api/quote/SDOW/historical?assetclass=etf&fromdate=2016-07-26&todate=2026-07-26&limit=5000
SDOW,2023-09-13,94.6,96.04,93.76,95.36,1256205,,https://api.nasdaq.com/api/quote/SDOW/historical?assetclass=etf&fromdate=2016-07-26&todate=2026-07-26&limit=5000
SDOW,2023-09-14,93.8,94.5604,92.18,92.64,1372870,,https://api.nasdaq.com/api/quote/SDOW/historical?assetclass=etf&fromdate=2016-07-26&todate=2026-07-26&limit=5000
SDOW,2023-09-15,93.32,95.5456,92.92,95.16,1509802,,https://api.nasdaq.com/api/quote/SDOW/historical?assetclass=etf&fromdate=2016-07-26&todate=2026-07-26&limit=5000
SDOW,2023-09-18,95.04,95.84,94.32,95.12,967092,,https://api.nasdaq.com/api/quote/SDOW/historical?assetclass=etf&fromdate=2016-07-26&todate=2026-07-26&limit=5000
SDOW,2023-09-19,95.72,97.8,95.44,96.08,1318541,,https://api.nasdaq.com/api/quote/SDOW/historical?assetclass=etf&fromdate=2016-07-26&todate=2026-07-26&limit=5000
SDOW,2023-09-20,94.24,95.8396,92.96,95.68,1669719,,https://api.nasdaq.com/api/quote/SDOW/historical?assetclass=etf&fromdate=2016-07-26&todate=2026-07-26&limit=5000
SDOW,2023-09-21,96.88,99.06,96.4004,99.04,1473249,,https://api.nasdaq.com/api/quote/SDOW/historical?assetclass=etf&fromdate=2016-07-26&todate=2026-07-26&limit=5000
SDOW,2023-09-22,98.92,100.14,98.32,99.92,1232407,,https://api.nasdaq.com/api/quote/SDOW/historical?assetclass=etf&fromdate=2016-07-26&todate=2026-07-26&limit=5000
SDOW,2023-09-25,100.8,101.6396,99.552,99.6,1587945,,https://api.nasdaq.com/api/quote/SDOW/historical?assetclass=etf&fromdate=2016-07-26&todate=2026-07-26&limit=5000
SDOW,2023-09-26,101.52,103.56,100.78,103.16,2182416,,https://api.nasdaq.com/api/quote/SDOW/historical?assetclass=etf&fromdate=2016-07-26&todate=2026-07-26&limit=5000
SDOW,2023-09-27,102.28,106.0796,102.16,103.76,2203181,,https://api.nasdaq.com/api/quote/SDOW/historical?assetclass=etf&fromdate=2016-07-26&todate=2026-07-26&limit=5000
SDOW,2023-09-28,104,104.68,101.8,102.88,2037255,,https://api.nasdaq.com/api/quote/SDOW/historical?assetclass=etf&fromdate=2016-07-26&todate=2026-07-26&limit=5000
SDOW,2023-09-29,100.886,105.3596,100.84,104.44,2732433,,https://api.nasdaq.com/api/quote/SDOW/historical?assetclass=etf&fromdate=2016-07-26&todate=2026-07-26&limit=5000
SDOW,2023-10-02,105.08,107.14,104.4,105.2,2417953,,https://api.nasdaq.com/api/quote/SDOW/historical?assetclass=etf&fromdate=2016-07-26&todate=2026-07-26&limit=5000
SDOW,2023-10-03,106.56,110.08,105.52,109.2,2996005,,https://api.nasdaq.com/api/quote/SDOW/historical?assetclass=etf&fromdate=2016-07-26&todate=2026-07-26&limit=5000
SDOW,2023-10-04,109.12,110.6396,107.84,108.2,2283891,,https://api.nasdaq.com/api/quote/SDOW/historical?assetclass=etf&fromdate=2016-07-26&todate=2026-07-26&limit=5000
SDOW,2023-10-05,108.64,110.022,107.68,108.28,2172027,,https://api.nasdaq.com/api/quote/SDOW/historical?assetclass=etf&fromdate=2016-07-26&todate=2026-07-26&limit=5000
SDOW,2023-10-06,109.16,111,104,105.48,3165353,,https://api.nasdaq.com/api/quote/SDOW/historical?assetclass=etf&fromdate=2016-07-26&todate=2026-07-26&limit=5000
SDOW,2023-10-09,106.6,106.88,103.28,103.52,1454941,,https://api.nasdaq.com/api/quote/SDOW/historical?assetclass=etf&fromdate=2016-07-26&todate=2026-07-26&limit=5000
SDOW,2023-10-10,102.56,103.6836,100.92,102.4,1685122,,https://api.nasdaq.com/api/quote/SDOW/historical?assetclass=etf&fromdate=2016-07-26&todate=2026-07-26&limit=5000
SDOW,2023-10-11,101.76,103.64,101.2,101.92,1685174,,https://api.nasdaq.com/api/quote/SDOW/historical?assetclass=etf&fromdate=2016-07-26&todate=2026-07-26&limit=5000
SDOW,2023-10-12,101.48,105.2,101.48,103.6,1906731,,https://api.nasdaq.com/api/quote/SDOW/historical?assetclass=etf&fromdate=2016-07-26&todate=2026-07-26&limit=5000
SDOW,2023-10-13,102.6,104.4,100.64,103.32,2787955,,https://api.nasdaq.com/api/quote/SDOW/historical?assetclass=etf&fromdate=2016-07-26&todate=2026-07-26&limit=5000
SDOW,2023-10-16,101.512,101.8,99.5,100.56,1862343,,https://api.nasdaq.com/api/quote/SDOW/historical?assetclass=etf&fromdate=2016-07-26&todate=2026-07-26&limit=5000
SDOW,2023-10-17,101.88,101.88,99.08,100.4,1894162,,https://api.nasdaq.com/api/quote/SDOW/historical?assetclass=etf&fromdate=2016-07-26&todate=2026-07-26&limit=5000
SDOW,2023-10-18,100.76,104,100.52,103.36,2195739,,https://api.nasdaq.com/api/quote/SDOW/historical?assetclass=etf&fromdate=2016-07-26&todate=2026-07-26&limit=5000
SDOW,2023-10-19,103.56,106.26,101.8,105.96,2750490,,https://api.nasdaq.com/api/quote/SDOW/historical?assetclass=etf&fromdate=2016-07-26&todate=2026-07-26&limit=5000
SDOW,2023-10-20,106.44,108.64,105.76,108.56,2153514,,https://api.nasdaq.com/api/quote/SDOW/historical?assetclass=etf&fromdate=2016-07-26&todate=2026-07-26&limit=5000
SDOW,2023-10-23,109.96,110.92,107.5344,110.48,2147314,,https://api.nasdaq.com/api/quote/SDOW/historical?assetclass=etf&fromdate=2016-07-26&todate=2026-07-26&limit=5000
SDOW,2023-10-24,108.92,110.04,107.12,108.4,2108761,,https://api.nasdaq.com/api/quote/SDOW/historical?assetclass=etf&fromdate=2016-07-26&todate=2026-07-26&limit=5000
SDOW,2023-10-25,107.76,110.04,107.2796,109.56,2398358,,https://api.nasdaq.com/api/quote/SDOW/historical?assetclass=etf&fromdate=2016-07-26&todate=2026-07-26&limit=5000
SDOW,2023-10-26,109.88,112.68,109.0444,112.2,2059004,,https://api.nasdaq.com/api/quote/SDOW/historical?assetclass=etf&fromdate=2016-07-26&todate=2026-07-26&limit=5000
SDOW,2023-10-27,112.2,117.04,112.2,116.08,2398782,,https://api.nasdaq.com/api/quote/SDOW/historical?assetclass=etf&fromdate=2016-07-26&todate=2026-07-26&limit=5000
SDOW,2023-10-30,113.72,113.76,109.84,110.6,2237659,,https://api.nasdaq.com/api/quote/SDOW/historical?assetclass=etf&fromdate=2016-07-26&todate=2026-07-26&limit=5000
SDOW,2023-10-31,110.88,112.12,109.28,109.52,1669620,,https://api.nasdaq.com/api/quote/SDOW/historical?assetclass=etf&fromdate=2016-07-26&todate=2026-07-26&limit=5000
SDOW,2023-11-01,109.2,109.92,106.72,107.36,2544938,,https://api.nasdaq.com/api/quote/SDOW/historical?assetclass=etf&fromdate=2016-07-26&todate=2026-07-26&limit=5000
SDOW,2023-11-02,105.4,105.84,101.8908,101.96,1897672,,https://api.nasdaq.com/api/quote/SDOW/historical?assetclass=etf&fromdate=2016-07-26&todate=2026-07-26&limit=5000
SDOW,2023-11-03,100.48,101.12,99.16,100.04,1691663,,https://api.nasdaq.com/api/quote/SDOW/historical?assetclass=etf&fromdate=2016-07-26&todate=2026-07-26&limit=5000
SDOW,2023-11-06,99.88,100.76,99.2044,99.76,1039793,,https://api.nasdaq.com/api/quote/SDOW/historical?assetclass=etf&fromdate=2016-07-26&todate=2026-07-26&limit=5000
SDOW,2023-11-07,100.12,100.44,98.88,99.4,1136937,,https://api.nasdaq.com/api/quote/SDOW/historical?assetclass=etf&fromdate=2016-07-26&todate=2026-07-26&limit=5000
SDOW,2023-11-08,98.92,100.764,98.52,99.8,1117019,,https://api.nasdaq.com/api/quote/SDOW/historical?assetclass=etf&fromdate=2016-07-26&todate=2026-07-26&limit=5000
SDOW,2023-11-09,99.16,101.982,99.12,101.72,1725671,,https://api.nasdaq.com/api/quote/SDOW/historical?assetclass=etf&fromdate=2016-07-26&todate=2026-07-26&limit=5000
SDOW,2023-11-10,100.28,101.6,97.9612,98.28,1479664,,https://api.nasdaq.com/api/quote/SDOW/historical?assetclass=etf&fromdate=2016-07-26&todate=2026-07-26&limit=5000
SDOW,2023-11-13,98.8,98.9508,97.16,97.8,1186548,,https://api.nasdaq.com/api/quote/SDOW/historical?assetclass=etf&fromdate=2016-07-26&todate=2026-07-26&limit=5000
SDOW,2023-11-14,94.52,95.1984,92.76,93.68,1706273,,https://api.nasdaq.com/api/quote/SDOW/historical?assetclass=etf&fromdate=2016-07-26&todate=2026-07-26&limit=5000
SDOW,2023-11-15,93.12,93.32,91.84,92.28,1118624,,https://api.nasdaq.com/api/quote/SDOW/historical?assetclass=etf&fromdate=2016-07-26&todate=2026-07-26&limit=5000
SDOW,2023-11-16,92.96,93.6,91.9996,92.6,1604483,,https://api.nasdaq.com/api/quote/SDOW/historical?assetclass=etf&fromdate=2016-07-26&todate=2026-07-26&limit=5000
SDOW,2023-11-17,92.28,93.16,91.96,92.64,925332,,https://api.nasdaq.com/api/quote/SDOW/historical?assetclass=etf&fromdate=2016-07-26&todate=2026-07-26&limit=5000
SDOW,2023-11-20,92.96,92.96,90.42,90.96,831732,,https://api.nasdaq.com/api/quote/SDOW/historical?assetclass=etf&fromdate=2016-07-26&todate=2026-07-26&limit=5000
SDOW,2023-11-21,91.4,91.96,91.3172,91.6,663165,,https://api.nasdaq.com/api/quote/SDOW/historical?assetclass=etf&fromdate=2016-07-26&todate=2026-07-26&limit=5000
SDOW,2023-11-22,90.96,91.1908,89.92,90.36,1001504,,https://api.nasdaq.com/api/quote/SDOW/historical?assetclass=etf&fromdate=2016-07-26&todate=2026-07-26&limit=5000
SDOW,2023-11-24,90.04,90.0796,89.36,89.52,401081,,https://api.nasdaq.com/api/quote/SDOW/historical?assetclass=etf&fromdate=2016-07-26&todate=2026-07-26&limit=5000
SDOW,2023-11-27,89.68,90.32,89.3144,89.88,753609,,https://api.nasdaq.com/api/quote/SDOW/historical?assetclass=etf&fromdate=2016-07-26&todate=2026-07-26&limit=5000
SDOW,2023-11-28,89.8,90.14,88.56,89.32,1286226,,https://api.nasdaq.com/api/quote/SDOW/historical?assetclass=etf&fromdate=2016-07-26&todate=2026-07-26&limit=5000
SDOW,2023-11-29,88.76,89.2,87.8556,89,1291434,,https://api.nasdaq.com/api/quote/SDOW/historical?assetclass=etf&fromdate=2016-07-26&todate=2026-07-26&limit=5000
SDOW,2023-11-30,87.616,87.76,85,85.2,2988238,,https://api.nasdaq.com/api/quote/SDOW/historical?assetclass=etf&fromdate=2016-07-26&todate=2026-07-26&limit=5000
SDOW,2023-12-01,85.16,85.24,82.84,83,2900033,,https://api.nasdaq.com/api/quote/SDOW/historical?assetclass=etf&fromdate=2016-07-26&todate=2026-07-26&limit=5000
SDOW,2023-12-04,84.36,84.4,83.0804,83.28,1981911,,https://api.nasdaq.com/api/quote/SDOW/historical?assetclass=etf&fromdate=2016-07-26&todate=2026-07-26&limit=5000
SDOW,2023-12-05,83.96,84.7172,83.6,83.8,1781304,,https://api.nasdaq.com/api/quote/SDOW/historical?assetclass=etf&fromdate=2016-07-26&todate=2026-07-26&limit=5000
SDOW,2023-12-06,83.28,84.6568,82.738,84.44,1707421,,https://api.nasdaq.com/api/quote/SDOW/historical?assetclass=etf&fromdate=2016-07-26&todate=2026-07-26&limit=5000
SDOW,2023-12-07,84.04,84.7528,83.72,84.08,1361782,,https://api.nasdaq.com/api/quote/SDOW/historical?assetclass=etf&fromdate=2016-07-26&todate=2026-07-26&limit=5000
SDOW,2023-12-08,84.2,84.48,82.8708,83.32,2104890,,https://api.nasdaq.com/api/quote/SDOW/historical?assetclass=etf&fromdate=2016-07-26&todate=2026-07-26&limit=5000
SDOW,2023-12-11,83,83.4,82.08,82.12,1146633,,https://api.nasdaq.com/api/quote/SDOW/historical?assetclass=etf&fromdate=2016-07-26&todate=2026-07-26&limit=5000
SDOW,2023-12-12,81.76,82.44,80.88,81.08,1416824,,https://api.nasdaq.com/api/quote/SDOW/historical?assetclass=etf&fromdate=2016-07-26&todate=2026-07-26&limit=5000
SDOW,2023-12-13,81,81.4,77.64,77.64,2341444,,https://api.nasdaq.com/api/quote/SDOW/historical?assetclass=etf&fromdate=2016-07-26&todate=2026-07-26&limit=5000
SDOW,2023-12-14,77.08,78,76.48,76.72,3208140,,https://api.nasdaq.com/api/quote/SDOW/historical?assetclass=etf&fromdate=2016-07-26&todate=2026-07-26&limit=5000
SDOW,2023-12-15,77.24,77.4804,76.2004,76.72,2469805,,https://api.nasdaq.com/api/quote/SDOW/historical?assetclass=etf&fromdate=2016-07-26&todate=2026-07-26&limit=5000
SDOW,2023-12-18,76.32,76.64,75.96,76.48,1581241,,https://api.nasdaq.com/api/quote/SDOW/historical?assetclass=etf&fromdate=2016-07-26&todate=2026-07-26&limit=5000
SDOW,2023-12-19,76.4,76.44,74.96,75,1423117,,https://api.nasdaq.com/api/quote/SDOW/historical?assetclass=etf&fromdate=2016-07-26&todate=2026-07-26&limit=5000
SDOW,2023-12-20,74.56,76.88,73.52,76.8,2482387,,https://api.nasdaq.com/api/quote/SDOW/historical?assetclass=etf&fromdate=2016-07-26&todate=2026-07-26&limit=5000
SDOW,2023-12-21,75.68,76.72,74.9088,74.96,2705408,,https://api.nasdaq.com/api/quote/SDOW/historical?assetclass=etf&fromdate=2016-07-26&todate=2026-07-26&limit=5000
SDOW,2023-12-22,75.24,75.8772,74.2396,75.04,1981948,,https://api.nasdaq.com/api/quote/SDOW/historical?assetclass=etf&fromdate=2016-07-26&todate=2026-07-26&limit=5000
SDOW,2023-12-26,75.24,75.28,73.7996,74.2,1124978,,https://api.nasdaq.com/api/quote/SDOW/historical?assetclass=etf&fromdate=2016-07-26&todate=2026-07-26&limit=5000
SDOW,2023-12-27,74.44,74.6,73.44,73.52,1637368,,https://api.nasdaq.com/api/quote/SDOW/historical?assetclass=etf&fromdate=2016-07-26&todate=2026-07-26&limit=5000
SDOW,2023-12-28,73.74,73.8,73.04,73.4,1368922,,https://api.nasdaq.com/api/quote/SDOW/historical?assetclass=etf&fromdate=2016-07-26&todate=2026-07-26&limit=5000
SDOW,2023-12-29,73.52,74.52,73.24,73.56,2310882,,https://api.nasdaq.com/api/quote/SDOW/historical?assetclass=etf&fromdate=2016-07-26&todate=2026-07-26&limit=5000
SDOW,2024-01-02,74.8,74.8,73.08,73.48,2506763,,https://api.nasdaq.com/api/quote/SDOW/historical?assetclass=etf&fromdate=2016-07-26&todate=2026-07-26&limit=5000
SDOW,2024-01-03,74.36,75.4,74.08,75.2,3290840,,https://api.nasdaq.com/api/quote/SDOW/historical?assetclass=etf&fromdate=2016-07-26&todate=2026-07-26&limit=5000
SDOW,2024-01-04,75,75.2,73.5,75.12,2969620,,https://api.nasdaq.com/api/quote/SDOW/historical?assetclass=etf&fromdate=2016-07-26&todate=2026-07-26&limit=5000
SDOW,2024-01-05,75.24,75.96,74.1204,75.08,3494940,,https://api.nasdaq.com/api/quote/SDOW/historical?assetclass=etf&fromdate=2016-07-26&todate=2026-07-26&limit=5000
SDOW,2024-01-08,75.92,76.44,73.76,73.76,2483429,,https://api.nasdaq.com/api/quote/SDOW/historical?assetclass=etf&fromdate=2016-07-26&todate=2026-07-26&limit=5000
SDOW,2024-01-09,75,75.64,74.5828,74.76,1972991,,https://api.nasdaq.com/api/quote/SDOW/historical?assetclass=etf&fromdate=2016-07-26&todate=2026-07-26&limit=5000
SDOW,2024-01-10,74.68,74.8,73.48,73.8,1722703,,https://api.nasdaq.com/api/quote/SDOW/historical?assetclass=etf&fromdate=2016-07-26&todate=2026-07-26&limit=5000
SDOW,2024-01-11,73.52,75.52,73.28,73.8,3351853,,https://api.nasdaq.com/api/quote/SDOW/historical?assetclass=etf&fromdate=2016-07-26&todate=2026-07-26&limit=5000
SDOW,2024-01-12,73.68,75.3196,73.24,74.6,2506240,,https://api.nasdaq.com/api/quote/SDOW/historical?assetclass=etf&fromdate=2016-07-26&todate=2026-07-26&limit=5000
SDOW,2024-01-16,75.24,76.9596,74.88,76,3486490,,https://api.nasdaq.com/api/quote/SDOW/historical?assetclass=etf&fromdate=2016-07-26&todate=2026-07-26&limit=5000
SDOW,2024-01-17,77.24,77.4568,76,76.56,2712220,,https://api.nasdaq.com/api/quote/SDOW/historical?assetclass=etf&fromdate=2016-07-26&todate=2026-07-26&limit=5000
SDOW,2024-01-18,77,77.56,75.12,75.44,3340635,,https://api.nasdaq.com/api/quote/SDOW/historical?assetclass=etf&fromdate=2016-07-26&todate=2026-07-26&limit=5000
SDOW,2024-01-19,74.76,75.56,72.6,73.12,3262863,,https://api.nasdaq.com/api/quote/SDOW/historical?assetclass=etf&fromdate=2016-07-26&todate=2026-07-26&limit=5000
SDOW,2024-01-22,72.48,72.836,71.64,72.2,2416743,,https://api.nasdaq.com/api/quote/SDOW/historical?assetclass=etf&fromdate=2016-07-26&todate=2026-07-26&limit=5000
SDOW,2024-01-23,72.68,73.48,72.4,72.92,1726151,,https://api.nasdaq.com/api/quote/SDOW/historical?assetclass=etf&fromdate=2016-07-26&todate=2026-07-26&limit=5000
SDOW,2024-01-24,72.2,73.54,72,73.44,2722433,,https://api.nasdaq.com/api/quote/SDOW/historical?assetclass=etf&fromdate=2016-07-26&todate=2026-07-26&limit=5000
SDOW,2024-01-25,73,73.6756,72.12,72.12,2851000,,https://api.nasdaq.com/api/quote/SDOW/historical?assetclass=etf&fromdate=2016-07-26&todate=2026-07-26&limit=5000
SDOW,2024-01-26,72.52,72.56,71.28,71.88,2571023,,https://api.nasdaq.com/api/quote/SDOW/historical?assetclass=etf&fromdate=2016-07-26&todate=2026-07-26&limit=5000
SDOW,2024-01-29,72,72.2044,70.6,70.68,1820060,,https://api.nasdaq.com/api/quote/SDOW/historical?assetclass=etf&fromdate=2016-07-26&todate=2026-07-26&limit=5000
SDOW,2024-01-30,70.96,71.1596,69.776,70,2023654,,https://api.nasdaq.com/api/quote/SDOW/historical?assetclass=etf&fromdate=2016-07-26&todate=2026-07-26&limit=5000
SDOW,2024-01-31,69.72,71.76,69.34,71.72,3638878,,https://api.nasdaq.com/api/quote/SDOW/historical?assetclass=etf&fromdate=2016-07-26&todate=2026-07-26&limit=5000
SDOW,2024-02-01,71.8,72.096,69.76,69.8,3262898,,https://api.nasdaq.com/api/quote/SDOW/historical?assetclass=etf&fromdate=2016-07-26&todate=2026-07-26&limit=5000
SDOW,2024-02-02,70.44,70.82,68.36,69.08,3409130,,https://api.nasdaq.com/api/quote/SDOW/historical?assetclass=etf&fromdate=2016-07-26&todate=2026-07-26&limit=5000
SDOW,2024-02-05,69.4,71.4396,69.38,70.64,2348832,,https://api.nasdaq.com/api/quote/SDOW/historical?assetclass=etf&fromdate=2016-07-26&todate=2026-07-26&limit=5000
SDOW,2024-02-06,70.52,70.76,69.68,69.84,1966039,,https://api.nasdaq.com/api/quote/SDOW/historical?assetclass=etf&fromdate=2016-07-26&todate=2026-07-26&limit=5000
SDOW,2024-02-07,69.2,69.6,68.6004,69.04,1923259,,https://api.nasdaq.com/api/quote/SDOW/historical?assetclass=etf&fromdate=2016-07-26&todate=2026-07-26&limit=5000
SDOW,2024-02-08,68.72,69.76,68.6004,68.8,1285864,,https://api.nasdaq.com/api/quote/SDOW/historical?assetclass=etf&fromdate=2016-07-26&todate=2026-07-26&limit=5000
SDOW,2024-02-09,68.92,69.68,68.76,69.16,1937159,,https://api.nasdaq.com/api/quote/SDOW/historical?assetclass=etf&fromdate=2016-07-26&todate=2026-07-26&limit=5000
SDOW,2024-02-12,69.4,69.4,67.76,68.48,1650217,,https://api.nasdaq.com/api/quote/SDOW/historical?assetclass=etf&fromdate=2016-07-26&todate=2026-07-26&limit=5000
SDOW,2024-02-13,70.16,72.54,70.04,71.32,3371478,,https://api.nasdaq.com/api/quote/SDOW/historical?assetclass=etf&fromdate=2016-07-26&todate=2026-07-26&limit=5000
SDOW,2024-02-14,70.64,71.744,70.36,70.48,2734308,,https://api.nasdaq.com/api/quote/SDOW/historical?assetclass=etf&fromdate=2016-07-26&todate=2026-07-26&limit=5000
SDOW,2024-02-15,70.12,70.28,68.42,68.48,2599265,,https://api.nasdaq.com/api/quote/SDOW/historical?assetclass=etf&fromdate=2016-07-26&todate=2026-07-26&limit=5000
SDOW,2024-02-16,68.72,69.52,68.196,69.28,2856358,,https://api.nasdaq.com/api/quote/SDOW/historical?assetclass=etf&fromdate=2016-07-26&todate=2026-07-26&limit=5000
SDOW,2024-02-20,69.68,70.2,69.1,69.56,2914310,,https://api.nasdaq.com/api/quote/SDOW/historical?assetclass=etf&fromdate=2016-07-26&todate=2026-07-26&limit=5000
SDOW,2024-02-21,70,70.8864,69.36,69.4,2153864,,https://api.nasdaq.com/api/quote/SDOW/historical?assetclass=etf&fromdate=2016-07-26&todate=2026-07-26&limit=5000
SDOW,2024-02-22,68.28,68.4804,66.5724,67.08,3066150,,https://api.nasdaq.com/api/quote/SDOW/historical?assetclass=etf&fromdate=2016-07-26&todate=2026-07-26&limit=5000
SDOW,2024-02-23,66.48,66.96,65.96,66.8,2149835,,https://api.nasdaq.com/api/quote/SDOW/historical?assetclass=etf&fromdate=2016-07-26&todate=2026-07-26&limit=5000
SDOW,2024-02-26,66.76,67.34,66.2096,67.08,1767051,,https://api.nasdaq.com/api/quote/SDOW/historical?assetclass=etf&fromdate=2016-07-26&todate=2026-07-26&limit=5000
SDOW,2024-02-27,67.32,68.1504,67.28,67.6,1984987,,https://api.nasdaq.com/api/quote/SDOW/historical?assetclass=etf&fromdate=2016-07-26&todate=2026-07-26&limit=5000
SDOW,2024-02-28,68.6,68.7876,67.64,67.72,1749197,,https://api.nasdaq.com/api/quote/SDOW/historical?assetclass=etf&fromdate=2016-07-26&todate=2026-07-26&limit=5000
SDOW,2024-02-29,67.2,68.4388,67.04,67.68,2149212,,https://api.nasdaq.com/api/quote/SDOW/historical?assetclass=etf&fromdate=2016-07-26&todate=2026-07-26&limit=5000
SDOW,2024-03-01,67.72,68.24,66.8288,66.96,2395098,,https://api.nasdaq.com/api/quote/SDOW/historical?assetclass=etf&fromdate=2016-07-26&todate=2026-07-26&limit=5000
SDOW,2024-03-04,68,68,67.04,67.56,1674056,,https://api.nasdaq.com/api/quote/SDOW/historical?assetclass=etf&fromdate=2016-07-26&todate=2026-07-26&limit=5000
SDOW,2024-03-05,68.28,70.3596,68.084,69.72,2925673,,https://api.nasdaq.com/api/quote/SDOW/historical?assetclass=etf&fromdate=2016-07-26&todate=2026-07-26&limit=5000
SDOW,2024-03-06,68.52,69.76,68.14,69.16,2984558,,https://api.nasdaq.com/api/quote/SDOW/historical?assetclass=etf&fromdate=2016-07-26&todate=2026-07-26&limit=5000
SDOW,2024-03-07,68.32,68.9596,67.94,68.64,2684890,,https://api.nasdaq.com/api/quote/SDOW/historical?assetclass=etf&fromdate=2016-07-26&todate=2026-07-26&limit=5000
SDOW,2024-03-08,68.72,69.06,67.6388,68.96,4682278,,https://api.nasdaq.com/api/quote/SDOW/historical?assetclass=etf&fromdate=2016-07-26&todate=2026-07-26&limit=5000
SDOW,2024-03-11,69.52,70.28,68.58,68.68,2926318,,https://api.nasdaq.com/api/quote/SDOW/historical?assetclass=etf&fromdate=2016-07-26&todate=2026-07-26&limit=5000
SDOW,2024-03-12,68.28,69.064,67.16,67.48,3334215,,https://api.nasdaq.com/api/quote/SDOW/historical?assetclass=etf&fromdate=2016-07-26&todate=2026-07-26&limit=5000
SDOW,2024-03-13,67.04,67.88,66.5,67.24,2066992,,https://api.nasdaq.com/api/quote/SDOW/historical?assetclass=etf&fromdate=2016-07-26&todate=2026-07-26&limit=5000
SDOW,2024-03-14,66.88,69.16,66.8,68.04,3139933,,https://api.nasdaq.com/api/quote/SDOW/historical?assetclass=etf&fromdate=2016-07-26&todate=2026-07-26&limit=5000
SDOW,2024-03-15,68.8,69.68,68,69.12,3383178,,https://api.nasdaq.com/api/quote/SDOW/historical?assetclass=etf&fromdate=2016-07-26&todate=2026-07-26&limit=5000
SDOW,2024-03-18,68.48,68.94,68.196,68.8,1776049,,https://api.nasdaq.com/api/quote/SDOW/historical?assetclass=etf&fromdate=2016-07-26&todate=2026-07-26&limit=5000
SDOW,2024-03-19,68.56,68.96,67.04,67.08,2933793,,https://api.nasdaq.com/api/quote/SDOW/historical?assetclass=etf&fromdate=2016-07-26&todate=2026-07-26&limit=5000
SDOW,2024-03-20,66.48,66.68,63.9704,64.12,3160388,,https://api.nasdaq.com/api/quote/SDOW/historical?assetclass=etf&fromdate=2016-07-26&todate=2026-07-26&limit=5000
SDOW,2024-03-21,63.56,63.76,62.32,62.84,2249422,,https://api.nasdaq.com/api/quote/SDOW/historical?assetclass=etf&fromdate=2016-07-26&todate=2026-07-26&limit=5000
SDOW,2024-03-22,62.88,64.4,62.76,64.4,1779057,,https://api.nasdaq.com/api/quote/SDOW/historical?assetclass=etf&fromdate=2016-07-26&todate=2026-07-26&limit=5000
SDOW,2024-03-25,64.76,65.26,64.62,65.2,1599470,,https://api.nasdaq.com/api/quote/SDOW/historical?assetclass=etf&fromdate=2016-07-26&todate=2026-07-26&limit=5000
SDOW,2024-03-26,64.88,65.372,64.6,65.28,1527599,,https://api.nasdaq.com/api/quote/SDOW/historical?assetclass=etf&fromdate=2016-07-26&todate=2026-07-26&limit=5000
SDOW,2024-03-27,64.32,64.6,63.08,63.08,2340674,,https://api.nasdaq.com/api/quote/SDOW/historical?assetclass=etf&fromdate=2016-07-26&todate=2026-07-26&limit=5000
SDOW,2024-03-28,62.96,63.38,62.64,63,1919216,,https://api.nasdaq.com/api/quote/SDOW/historical?assetclass=etf&fromdate=2016-07-26&todate=2026-07-26&limit=5000
SDOW,2024-04-01,63.08,64.5,62.92,64.24,1923734,,https://api.nasdaq.com/api/quote/SDOW/historical?assetclass=etf&fromdate=2016-07-26&todate=2026-07-26&limit=5000
SDOW,2024-04-02,65.88,66.68,65.82,66.08,2084105,,https://api.nasdaq.com/api/quote/SDOW/historical?assetclass=etf&fromdate=2016-07-26&todate=2026-07-26&limit=5000
SDOW,2024-04-03,66.08,66.92,65.402,66.24,2222212,,https://api.nasdaq.com/api/quote/SDOW/historical?assetclass=etf&fromdate=2016-07-26&todate=2026-07-26&limit=5000
SDOW,2024-04-04,64.96,69.28,64.84,69.04,3046970,,https://api.nasdaq.com/api/quote/SDOW/historical?assetclass=etf&fromdate=2016-07-26&todate=2026-07-26&limit=5000
SDOW,2024-04-05,68.88,69.06,66.72,67.52,3790783,,https://api.nasdaq.com/api/quote/SDOW/historical?assetclass=etf&fromdate=2016-07-26&todate=2026-07-26&limit=5000
SDOW,2024-04-08,67.5,67.758,66.926,67.48,2013501,,https://api.nasdaq.com/api/quote/SDOW/historical?assetclass=etf&fromdate=2016-07-26&todate=2026-07-26&limit=5000
SDOW,2024-04-09,67.2,69.26,67.04,67.64,2908415,,https://api.nasdaq.com/api/quote/SDOW/historical?assetclass=etf&fromdate=2016-07-26&todate=2026-07-26&limit=5000
SDOW,2024-04-10,69.68,70.72,69.16,69.92,4488463,,https://api.nasdaq.com/api/quote/SDOW/historical?assetclass=etf&fromdate=2016-07-26&todate=2026-07-26&limit=5000
SDOW,2024-04-11,69.48,71.3696,69.1904,70,3235383,,https://api.nasdaq.com/api/quote/SDOW/historical?assetclass=etf&fromdate=2016-07-26&todate=2026-07-26&limit=5000
SDOW,2024-04-12,71.24,73.2,70.926,72.6,3936865,,https://api.nasdaq.com/api/quote/SDOW/historical?assetclass=etf&fromdate=2016-07-26&todate=2026-07-26&limit=5000
SDOW,2024-04-15,70.64,74.5176,70.3608,74.12,4501365,,https://api.nasdaq.com/api/quote/SDOW/historical?assetclass=etf&fromdate=2016-07-26&todate=2026-07-26&limit=5000
SDOW,2024-04-16,72.72,74.32,72.608,73.8,4746505,,https://api.nasdaq.com/api/quote/SDOW/historical?assetclass=etf&fromdate=2016-07-26&todate=2026-07-26&limit=5000
SDOW,2024-04-17,73.08,74.8804,72.48,74.04,4521753,,https://api.nasdaq.com/api/quote/SDOW/historical?assetclass=etf&fromdate=2016-07-26&todate=2026-07-26&limit=5000
SDOW,2024-04-18,73.28,74.6,72.1696,74,3972460,,https://api.nasdaq.com/api/quote/SDOW/historical?assetclass=etf&fromdate=2016-07-26&todate=2026-07-26&limit=5000
SDOW,2024-04-19,73.48,73.8548,72.04,72.8,4038238,,https://api.nasdaq.com/api/quote/SDOW/historical?assetclass=etf&fromdate=2016-07-26&todate=2026-07-26&limit=5000
SDOW,2024-04-22,71.72,72.78,70.12,71.32,3585245,,https://api.nasdaq.com/api/quote/SDOW/historical?assetclass=etf&fromdate=2016-07-26&todate=2026-07-26&limit=5000
SDOW,2024-04-23,70.6,71.04,69.56,69.8,3411735,,https://api.nasdaq.com/api/quote/SDOW/historical?assetclass=etf&fromdate=2016-07-26&todate=2026-07-26&limit=5000
SDOW,2024-04-24,69.92,71,69.66,70.16,3087280,,https://api.nasdaq.com/api/quote/SDOW/historical?assetclass=etf&fromdate=2016-07-26&todate=2026-07-26&limit=5000
SDOW,2024-04-25,72.92,74.12,71.9,72.32,3973958,,https://api.nasdaq.com/api/quote/SDOW/historical?assetclass=etf&fromdate=2016-07-26&todate=2026-07-26&limit=5000
SDOW,2024-04-26,72.36,72.52,70.8804,71.48,2120462,,https://api.nasdaq.com/api/quote/SDOW/historical?assetclass=etf&fromdate=2016-07-26&todate=2026-07-26&limit=5000
SDOW,2024-04-29,71.08,71.68,70.58,70.68,2019697,,https://api.nasdaq.com/api/quote/SDOW/historical?assetclass=etf&fromdate=2016-07-26&todate=2026-07-26&limit=5000
SDOW,2024-04-30,71.44,73.9,71.32,73.84,3225693,,https://api.nasdaq.com/api/quote/SDOW/historical?assetclass=etf&fromdate=2016-07-26&todate=2026-07-26&limit=5000
SDOW,2024-05-01,73.84,74,70.8,73.52,5178983,,https://api.nasdaq.com/api/quote/SDOW/historical?assetclass=etf&fromdate=2016-07-26&todate=2026-07-26&limit=5000
SDOW,2024-05-02,72.24,73.5904,71.24,71.64,4581768,,https://api.nasdaq.com/api/quote/SDOW/historical?assetclass=etf&fromdate=2016-07-26&todate=2026-07-26&limit=5000
SDOW,2024-05-03,68.84,70.08,68.44,69.2,5381223,,https://api.nasdaq.com/api/quote/SDOW/historical?assetclass=etf&fromdate=2016-07-26&todate=2026-07-26&limit=5000
SDOW,2024-05-06,68.32,69.12,68.1004,68.28,2218030,,https://api.nasdaq.com/api/quote/SDOW/historical?assetclass=etf&fromdate=2016-07-26&todate=2026-07-26&limit=5000
SDOW,2024-05-07,67.92,68.36,67.6,68.12,2427844,,https://api.nasdaq.com/api/quote/SDOW/historical?assetclass=etf&fromdate=2016-07-26&todate=2026-07-26&limit=5000
SDOW,2024-05-08,68.4,68.46,67.04,67.28,2337262,,https://api.nasdaq.com/api/quote/SDOW/historical?assetclass=etf&fromdate=2016-07-26&todate=2026-07-26&limit=5000
SDOW,2024-05-09,67.6,67.6,65.4004,65.52,2034782,,https://api.nasdaq.com/api/quote/SDOW/historical?assetclass=etf&fromdate=2016-07-26&todate=2026-07-26&limit=5000
SDOW,2024-05-10,64.96,65.5492,64.64,65,2653005,,https://api.nasdaq.com/api/quote/SDOW/historical?assetclass=etf&fromdate=2016-07-26&todate=2026-07-26&limit=5000
SDOW,2024-05-13,64.44,65.5648,64.3448,65.36,1632501,,https://api.nasdaq.com/api/quote/SDOW/historical?assetclass=etf&fromdate=2016-07-26&todate=2026-07-26&limit=5000
SDOW,2024-05-14,65.36,65.76,64.5252,64.88,2184052,,https://api.nasdaq.com/api/quote/SDOW/historical?assetclass=etf&fromdate=2016-07-26&todate=2026-07-26&limit=5000
SDOW,2024-05-15,64.12,64.24,62.9604,63.08,2420013,,https://api.nasdaq.com/api/quote/SDOW/historical?assetclass=etf&fromdate=2016-07-26&todate=2026-07-26&limit=5000
SDOW,2024-05-16,62.92,63.28,62.36,63.2,2543760,,https://api.nasdaq.com/api/quote/SDOW/historical?assetclass=etf&fromdate=2016-07-26&todate=2026-07-26&limit=5000
SDOW,2024-05-17,63,63.34,62.6,62.6,2041561,,https://api.nasdaq.com/api/quote/SDOW/historical?assetclass=etf&fromdate=2016-07-26&todate=2026-07-26&limit=5000
SDOW,2024-05-20,62.72,63.64,62.28,63.52,2189163,,https://api.nasdaq.com/api/quote/SDOW/historical?assetclass=etf&fromdate=2016-07-26&todate=2026-07-26&limit=5000
SDOW,2024-05-21,63.52,63.7,63.1,63.2,1523545,,https://api.nasdaq.com/api/quote/SDOW/historical?assetclass=etf&fromdate=2016-07-26&todate=2026-07-26&limit=5000
SDOW,2024-05-22,63.64,64.82,63.212,64.28,2314188,,https://api.nasdaq.com/api/quote/SDOW/historical?assetclass=etf&fromdate=2016-07-26&todate=2026-07-26&limit=5000
SDOW,2024-05-23,64.24,67.52,64.2,67.24,4760300,,https://api.nasdaq.com/api/quote/SDOW/historical?assetclass=etf&fromdate=2016-07-26&todate=2026-07-26&limit=5000
SDOW,2024-05-24,67.08,67.64,66.56,67.36,3249888,,https://api.nasdaq.com/api/quote/SDOW/historical?assetclass=etf&fromdate=2016-07-26&todate=2026-07-26&limit=5000
SDOW,2024-05-28,67.84,69.28,67.62,68.48,3519003,,https://api.nasdaq.com/api/quote/SDOW/historical?assetclass=etf&fromdate=2016-07-26&todate=2026-07-26&limit=5000
SDOW,2024-05-29,70.16,70.8004,70.016,70.6,3259578,,https://api.nasdaq.com/api/quote/SDOW/historical?assetclass=etf&fromdate=2016-07-26&todate=2026-07-26&limit=5000
SDOW,2024-05-30,72.4,72.98,71.84,72.4,3728308,,https://api.nasdaq.com/api/quote/SDOW/historical?assetclass=etf&fromdate=2016-07-26&todate=2026-07-26&limit=5000
SDOW,2024-05-31,72.12,72.6,69,69.08,3928388,,https://api.nasdaq.com/api/quote/SDOW/historical?assetclass=etf&fromdate=2016-07-26&todate=2026-07-26&limit=5000
SDOW,2024-06-03,68.92,71.56,68.9,69.84,3844283,,https://api.nasdaq.com/api/quote/SDOW/historical?assetclass=etf&fromdate=2016-07-26&todate=2026-07-26&limit=5000
SDOW,2024-06-04,70.52,70.76,68.64,69.12,3379295,,https://api.nasdaq.com/api/quote/SDOW/historical?assetclass=etf&fromdate=2016-07-26&todate=2026-07-26&limit=5000
SDOW,2024-06-05,68.6,70,68.36,68.64,2907390,,https://api.nasdaq.com/api/quote/SDOW/historical?assetclass=etf&fromdate=2016-07-26&todate=2026-07-26&limit=5000
SDOW,2024-06-06,68.52,69.0404,67.56,68.24,3239435,,https://api.nasdaq.com/api/quote/SDOW/historical?assetclass=etf&fromdate=2016-07-26&todate=2026-07-26&limit=5000
SDOW,2024-06-07,68.6,69.12,67.12,68.76,3905923,,https://api.nasdaq.com/api/quote/SDOW/historical?assetclass=etf&fromdate=2016-07-26&todate=2026-07-26&limit=5000
SDOW,2024-06-10,69.12,69.5156,68.36,68.44,2629310,,https://api.nasdaq.com/api/quote/SDOW/historical?assetclass=etf&fromdate=2016-07-26&todate=2026-07-26&limit=5000
SDOW,2024-06-11,69.28,70.76,69,69.12,2397060,,https://api.nasdaq.com/api/quote/SDOW/historical?assetclass=etf&fromdate=2016-07-26&todate=2026-07-26&limit=5000
SDOW,2024-06-12,67.16,69.82,67.04,69.32,4633878,,https://api.nasdaq.com/api/quote/SDOW/historical?assetclass=etf&fromdate=2016-07-26&todate=2026-07-26&limit=5000
SDOW,2024-06-13,69.88,71.02,69.38,69.76,2224750,,https://api.nasdaq.com/api/quote/SDOW/historical?assetclass=etf&fromdate=2016-07-26&todate=2026-07-26&limit=5000
SDOW,2024-06-14,71.12,71.6796,70.0804,70.2,3082075,,https://api.nasdaq.com/api/quote/SDOW/historical?assetclass=etf&fromdate=2016-07-26&todate=2026-07-26&limit=5000
SDOW,2024-06-17,70.84,70.96,68.68,69,2290296,,https://api.nasdaq.com/api/quote/SDOW/historical?assetclass=etf&fromdate=2016-07-26&todate=2026-07-26&limit=5000
SDOW,2024-06-18,68.92,69.38,68.24,68.76,2464372,,https://api.nasdaq.com/api/quote/SDOW/historical?assetclass=etf&fromdate=2016-07-26&todate=2026-07-26&limit=5000
SDOW,2024-06-20,69.04,69.2396,66.72,67.28,2994058,,https://api.nasdaq.com/api/quote/SDOW/historical?assetclass=etf&fromdate=2016-07-26&todate=2026-07-26&limit=5000
SDOW,2024-06-21,67.12,67.76,66.72,67.28,2935393,,https://api.nasdaq.com/api/quote/SDOW/historical?assetclass=etf&fromdate=2016-07-26&todate=2026-07-26&limit=5000
SDOW,2024-06-24,66.76,67.04,65.1544,65.96,2958038,,https://api.nasdaq.com/api/quote/SDOW/historical?assetclass=etf&fromdate=2016-07-26&todate=2026-07-26&limit=5000
SDOW,2024-06-25,66.24,68.1,65.92,67.52,2751248,,https://api.nasdaq.com/api/quote/SDOW/historical?assetclass=etf&fromdate=2016-07-26&todate=2026-07-26&limit=5000
SDOW,2024-06-26,66.96,67.4404,66.0804,66.32,2324091,,https://api.nasdaq.com/api/quote/SDOW/historical?assetclass=etf&fromdate=2016-07-26&todate=2026-07-26&limit=5000
SDOW,2024-06-27,66.68,66.92,65.7604,66.2,2600345,,https://api.nasdaq.com/api/quote/SDOW/historical?assetclass=etf&fromdate=2016-07-26&todate=2026-07-26&limit=5000
SDOW,2024-06-28,66.4,67.5,64.92,66.52,5824023,,https://api.nasdaq.com/api/quote/SDOW/historical?assetclass=etf&fromdate=2016-07-26&todate=2026-07-26&limit=5000
SDOW,2024-07-01,66.08,67.04,64.92,66.36,4572280,,https://api.nasdaq.com/api/quote/SDOW/historical?assetclass=etf&fromdate=2016-07-26&todate=2026-07-26&limit=5000
SDOW,2024-07-02,66.76,66.84,65.52,65.52,2618398,,https://api.nasdaq.com/api/quote/SDOW/historical?assetclass=etf&fromdate=2016-07-26&todate=2026-07-26&limit=5000
SDOW,2024-07-03,65.36,66.14,65.2,65.8,2112979,,https://api.nasdaq.com/api/quote/SDOW/historical?assetclass=etf&fromdate=2016-07-26&todate=2026-07-26&limit=5000
SDOW,2024-07-05,65.72,66.52,65.336,65.48,2839578,,https://api.nasdaq.com/api/quote/SDOW/historical?assetclass=etf&fromdate=2016-07-26&todate=2026-07-26&limit=5000
SDOW,2024-07-08,65.16,66,64,65.64,2674178,,https://api.nasdaq.com/api/quote/SDOW/historical?assetclass=etf&fromdate=2016-07-26&todate=2026-07-26&limit=5000
SDOW,2024-07-09,65.8,66.66,64.9,65.92,2057608,,https://api.nasdaq.com/api/quote/SDOW/historical?assetclass=etf&fromdate=2016-07-26&todate=2026-07-26&limit=5000
SDOW,2024-07-10,65.96,66.12,63.68,63.8,2984385,,https://api.nasdaq.com/api/quote/SDOW/historical?assetclass=etf&fromdate=2016-07-26&todate=2026-07-26&limit=5000
SDOW,2024-07-11,63.72,64.3,63.04,63.64,5305863,,https://api.nasdaq.com/api/quote/SDOW/historical?assetclass=etf&fromdate=2016-07-26&todate=2026-07-26&limit=5000
SDOW,2024-07-12,63.16,63.52,61.34,62.48,5392080,,https://api.nasdaq.com/api/quote/SDOW/historical?assetclass=etf&fromdate=2016-07-26&todate=2026-07-26&limit=5000
SDOW,2024-07-15,61.64,62,60.96,61.6,6420760,,https://api.nasdaq.com/api/quote/SDOW/historical?assetclass=etf&fromdate=2016-07-26&todate=2026-07-26&limit=5000
SDOW,2024-07-16,60.88,60.88,58.08,58.2,6266770,,https://api.nasdaq.com/api/quote/SDOW/historical?assetclass=etf&fromdate=2016-07-26&todate=2026-07-26&limit=5000
SDOW,2024-07-17,58.72,58.72,57.08,57.24,6258990,,https://api.nasdaq.com/api/quote/SDOW/historical?assetclass=etf&fromdate=2016-07-26&todate=2026-07-26&limit=5000
SDOW,2024-07-18,57.84,59.74,56.5008,59.48,5845933,,https://api.nasdaq.com/api/quote/SDOW/historical?assetclass=etf&fromdate=2016-07-26&todate=2026-07-26&limit=5000
SDOW,2024-07-19,60.08,61.6,59.8,61.2,4893755,,https://api.nasdaq.com/api/quote/SDOW/historical?assetclass=etf&fromdate=2016-07-26&todate=2026-07-26&limit=5000
SDOW,2024-07-22,60.68,61.52,60.36,60.64,4231175,,https://api.nasdaq.com/api/quote/SDOW/historical?assetclass=etf&fromdate=2016-07-26&todate=2026-07-26&limit=5000
SDOW,2024-07-23,60.6,61.1,60.156,60.96,2946525,,https://api.nasdaq.com/api/quote/SDOW/historical?assetclass=etf&fromdate=2016-07-26&todate=2026-07-26&limit=5000
SDOW,2024-07-24,61.8,63.44,61.4,63.16,4701418,,https://api.nasdaq.com/api/quote/SDOW/historical?assetclass=etf&fromdate=2016-07-26&todate=2026-07-26&limit=5000
SDOW,2024-07-25,63.24,63.38,60.5188,62.8,5995613,,https://api.nasdaq.com/api/quote/SDOW/historical?assetclass=etf&fromdate=2016-07-26&todate=2026-07-26&limit=5000
SDOW,2024-07-26,61.84,61.88,59.0884,59.88,7370190,,https://api.nasdaq.com/api/quote/SDOW/historical?assetclass=etf&fromdate=2016-07-26&todate=2026-07-26&limit=5000
SDOW,2024-07-29,59.52,60.84,59.44,60.16,4366593,,https://api.nasdaq.com/api/quote/SDOW/historical?assetclass=etf&fromdate=2016-07-26&todate=2026-07-26&limit=5000
SDOW,2024-07-30,60,60.28,58.72,59.36,4977848,,https://api.nasdaq.com/api/quote/SDOW/historical?assetclass=etf&fromdate=2016-07-26&todate=2026-07-26&limit=5000
SDOW,2024-07-31,59.24,59.74,57.3188,58.84,5765685,,https://api.nasdaq.com/api/quote/SDOW/historical?assetclass=etf&fromdate=2016-07-26&todate=2026-07-26&limit=5000
SDOW,2024-08-01,58.32,62.1596,57.84,61.16,5832460,,https://api.nasdaq.com/api/quote/SDOW/historical?assetclass=etf&fromdate=2016-07-26&todate=2026-07-26&limit=5000
SDOW,2024-08-02,62.8,65.66,62.6,64.04,7907405,,https://api.nasdaq.com/api/quote/SDOW/historical?assetclass=etf&fromdate=2016-07-26&todate=2026-07-26&limit=5000
SDOW,2024-08-05,69.28,70,67.38,68.92,11754345,,https://api.nasdaq.com/api/quote/SDOW/historical?assetclass=etf&fromdate=2016-07-26&todate=2026-07-26&limit=5000
SDOW,2024-08-06,68.8,69.44,65,67.44,6526613,,https://api.nasdaq.com/api/quote/SDOW/historical?assetclass=etf&fromdate=2016-07-26&todate=2026-07-26&limit=5000
SDOW,2024-08-07,66.12,68.8412,65,68.64,5715918,,https://api.nasdaq.com/api/quote/SDOW/historical?assetclass=etf&fromdate=2016-07-26&todate=2026-07-26&limit=5000
SDOW,2024-08-08,67.72,67.84,64.72,65.08,5438145,,https://api.nasdaq.com/api/quote/SDOW/historical?assetclass=etf&fromdate=2016-07-26&todate=2026-07-26&limit=5000
SDOW,2024-08-09,65.36,66.2,64.18,64.84,3704875,,https://api.nasdaq.com/api/quote/SDOW/historical?assetclass=etf&fromdate=2016-07-26&todate=2026-07-26&limit=5000
SDOW,2024-08-12,64.52,66.12,64.48,65.6,3276428,,https://api.nasdaq.com/api/quote/SDOW/historical?assetclass=etf&fromdate=2016-07-26&todate=2026-07-26&limit=5000
SDOW,2024-08-13,64.96,65.46,63.42,63.6,3261963,,https://api.nasdaq.com/api/quote/SDOW/historical?assetclass=etf&fromdate=2016-07-26&todate=2026-07-26&limit=5000
SDOW,2024-08-14,63.56,63.76,62.14,62.52,3641085,,https://api.nasdaq.com/api/quote/SDOW/historical?assetclass=etf&fromdate=2016-07-26&todate=2026-07-26&limit=5000
SDOW,2024-08-15,60.36,61.12,59.72,59.8,3316538,,https://api.nasdaq.com/api/quote/SDOW/historical?assetclass=etf&fromdate=2016-07-26&todate=2026-07-26&limit=5000
SDOW,2024-08-16,60.12,60.3608,59.12,59.4,2973350,,https://api.nasdaq.com/api/quote/SDOW/historical?assetclass=etf&fromdate=2016-07-26&todate=2026-07-26&limit=5000
SDOW,2024-08-19,59.16,59.2,58.32,58.44,2278259,,https://api.nasdaq.com/api/quote/SDOW/historical?assetclass=etf&fromdate=2016-07-26&todate=2026-07-26&limit=5000
SDOW,2024-08-20,58.64,59.02,58.32,58.72,2137670,,https://api.nasdaq.com/api/quote/SDOW/historical?assetclass=etf&fromdate=2016-07-26&todate=2026-07-26&limit=5000
SDOW,2024-08-21,58.4,59.14,58.092,58.52,2899328,,https://api.nasdaq.com/api/quote/SDOW/historical?assetclass=etf&fromdate=2016-07-26&todate=2026-07-26&limit=5000
SDOW,2024-08-22,58.2,59.8396,57.92,59.24,2843028,,https://api.nasdaq.com/api/quote/SDOW/historical?assetclass=etf&fromdate=2016-07-26&todate=2026-07-26&limit=5000
SDOW,2024-08-23,58.48,58.8,57.18,57.36,4358775,,https://api.nasdaq.com/api/quote/SDOW/historical?assetclass=etf&fromdate=2016-07-26&todate=2026-07-26&limit=5000
SDOW,2024-08-26,57.2,57.52,56.3204,57.08,3035110,,https://api.nasdaq.com/api/quote/SDOW/historical?assetclass=etf&fromdate=2016-07-26&todate=2026-07-26&limit=5000
SDOW,2024-08-27,57.2,57.6672,56.92,57.04,3071328,,https://api.nasdaq.com/api/quote/SDOW/historical?assetclass=etf&fromdate=2016-07-26&todate=2026-07-26&limit=5000
SDOW,2024-08-28,57.14,58.7996,56.62,57.72,3675165,,https://api.nasdaq.com/api/quote/SDOW/historical?assetclass=etf&fromdate=2016-07-26&todate=2026-07-26&limit=5000
SDOW,2024-08-29,56.44,57.74,55.6272,56.68,5504760,,https://api.nasdaq.com/api/quote/SDOW/historical?assetclass=etf&fromdate=2016-07-26&todate=2026-07-26&limit=5000
SDOW,2024-08-30,56.48,57.5004,55.68,55.8,3746228,,https://api.nasdaq.com/api/quote/SDOW/historical?assetclass=etf&fromdate=2016-07-26&todate=2026-07-26&limit=5000
SDOW,2024-09-03,56.64,58.9,56.28,58.28,5041930,,https://api.nasdaq.com/api/quote/SDOW/historical?assetclass=etf&fromdate=2016-07-26&todate=2026-07-26&limit=5000
SDOW,2024-09-04,58.4,58.74,57.3,58.2,4655273,,https://api.nasdaq.com/api/quote/SDOW/historical?assetclass=etf&fromdate=2016-07-26&todate=2026-07-26&limit=5000
SDOW,2024-09-05,57.88,60.14,57.72,59.04,4161913,,https://api.nasdaq.com/api/quote/SDOW/historical?assetclass=etf&fromdate=2016-07-26&todate=2026-07-26&limit=5000
SDOW,2024-09-06,58.96,61.22,58.06,60.92,7004208,,https://api.nasdaq.com/api/quote/SDOW/historical?assetclass=etf&fromdate=2016-07-26&todate=2026-07-26&limit=5000
SDOW,2024-09-09,59.6,60.2,58.04,58.84,5298005,,https://api.nasdaq.com/api/quote/SDOW/historical?assetclass=etf&fromdate=2016-07-26&todate=2026-07-26&limit=5000
SDOW,2024-09-10,58.4,60.68,58.4,59.28,4352285,,https://api.nasdaq.com/api/quote/SDOW/historical?assetclass=etf&fromdate=2016-07-26&todate=2026-07-26&limit=5000
SDOW,2024-09-11,59.76,62.54,58.56,58.84,5000838,,https://api.nasdaq.com/api/quote/SDOW/historical?assetclass=etf&fromdate=2016-07-26&todate=2026-07-26&limit=5000
SDOW,2024-09-12,58.68,59.64,57.68,57.72,3830513,,https://api.nasdaq.com/api/quote/SDOW/historical?assetclass=etf&fromdate=2016-07-26&todate=2026-07-26&limit=5000
SDOW,2024-09-13,57.52,57.6,55.96,56.52,4238685,,https://api.nasdaq.com/api/quote/SDOW/historical?assetclass=etf&fromdate=2016-07-26&todate=2026-07-26&limit=5000
SDOW,2024-09-16,55.96,56.28,55.1,55.56,3066113,,https://api.nasdaq.com/api/quote/SDOW/historical?assetclass=etf&fromdate=2016-07-26&todate=2026-07-26&limit=5000
SDOW,2024-09-17,55.24,56.24,54.78,55.68,3726528,,https://api.nasdaq.com/api/quote/SDOW/historical?assetclass=etf&fromdate=2016-07-26&todate=2026-07-26&limit=5000
SDOW,2024-09-18,55.64,56.38,54.176,56.16,5247098,,https://api.nasdaq.com/api/quote/SDOW/historical?assetclass=etf&fromdate=2016-07-26&todate=2026-07-26&limit=5000
SDOW,2024-09-19,53.8,54.8716,53.4804,54.08,4516545,,https://api.nasdaq.com/api/quote/SDOW/historical?assetclass=etf&fromdate=2016-07-26&todate=2026-07-26&limit=5000
SDOW,2024-09-20,54.4,54.76,53.68,54,3496255,,https://api.nasdaq.com/api/quote/SDOW/historical?assetclass=etf&fromdate=2016-07-26&todate=2026-07-26&limit=5000
SDOW,2024-09-23,53.8,54.2004,53.56,53.76,3240403,,https://api.nasdaq.com/api/quote/SDOW/historical?assetclass=etf&fromdate=2016-07-26&todate=2026-07-26&limit=5000
SDOW,2024-09-24,53.6,54.08,53.2,53.44,2450953,,https://api.nasdaq.com/api/quote/SDOW/historical?assetclass=etf&fromdate=2016-07-26&todate=2026-07-26&limit=5000
SDOW,2024-09-25,52.4,53.924,52.24,53.68,3189623,,https://api.nasdaq.com/api/quote/SDOW/historical?assetclass=etf&fromdate=2016-07-26&todate=2026-07-26&limit=5000
SDOW,2024-09-26,52.88,53.26,52.52,52.72,3820273,,https://api.nasdaq.com/api/quote/SDOW/historical?assetclass=etf&fromdate=2016-07-26&todate=2026-07-26&limit=5000
SDOW,2024-09-27,52.36,52.56,51.08,52.28,4233565,,https://api.nasdaq.com/api/quote/SDOW/historical?assetclass=etf&fromdate=2016-07-26&todate=2026-07-26&limit=5000
SDOW,2024-09-30,52.52,53.7284,52.18,52.28,4475250,,https://api.nasdaq.com/api/quote/SDOW/historical?assetclass=etf&fromdate=2016-07-26&todate=2026-07-26&limit=5000
SDOW,2024-10-01,52.56,53.7188,52.28,52.92,6458878,,https://api.nasdaq.com/api/quote/SDOW/historical?assetclass=etf&fromdate=2016-07-26&todate=2026-07-26&limit=5000
SDOW,2024-10-02,52.8,53.64,52.52,52.76,4545770,,https://api.nasdaq.com/api/quote/SDOW/historical?assetclass=etf&fromdate=2016-07-26&todate=2026-07-26&limit=5000
SDOW,2024-10-03,53.36,54.14,53.054,53.52,5383008,,https://api.nasdaq.com/api/quote/SDOW/historical?assetclass=etf&fromdate=2016-07-26&todate=2026-07-26&limit=5000
SDOW,2024-10-04,52.68,53.6956,52.2,52.28,6559423,,https://api.nasdaq.com/api/quote/SDOW/historical?assetclass=etf&fromdate=2016-07-26&todate=2026-07-26&limit=5000
SDOW,2024-10-07,52.76,54.2,52.46,53.72,3966258,,https://api.nasdaq.com/api/quote/SDOW/historical?assetclass=etf&fromdate=2016-07-26&todate=2026-07-26&limit=5000
SDOW,2024-10-08,53.364,54.04,53.08,53.24,3133420,,https://api.nasdaq.com/api/quote/SDOW/historical?assetclass=etf&fromdate=2016-07-26&todate=2026-07-26&limit=5000
SDOW,2024-10-09,53.24,53.58,51.48,51.64,4690898,,https://api.nasdaq.com/api/quote/SDOW/historical?assetclass=etf&fromdate=2016-07-26&todate=2026-07-26&limit=5000
SDOW,2024-10-10,51.72,52.44,51.6916,51.88,3549100,,https://api.nasdaq.com/api/quote/SDOW/historical?assetclass=etf&fromdate=2016-07-26&todate=2026-07-26&limit=5000
SDOW,2024-10-11,51.72,51.8,50.32,50.48,4121045,,https://api.nasdaq.com/api/quote/SDOW/historical?assetclass=etf&fromdate=2016-07-26&todate=2026-07-26&limit=5000
SDOW,2024-10-14,50.64,51.04,49.48,49.68,3269350,,https://api.nasdaq.com/api/quote/SDOW/historical?assetclass=etf&fromdate=2016-07-26&todate=2026-07-26&limit=5000
SDOW,2024-10-15,50.24,51.04,49.98,50.88,4858160,,https://api.nasdaq.com/api/quote/SDOW/historical?assetclass=etf&fromdate=2016-07-26&todate=2026-07-26&limit=5000
SDOW,2024-10-16,51,51.12,49.64,49.8,3353400,,https://api.nasdaq.com/api/quote/SDOW/historical?assetclass=etf&fromdate=2016-07-26&todate=2026-07-26&limit=5000
SDOW,2024-10-17,49.16,49.64,49.04,49.24,3226690,,https://api.nasdaq.com/api/quote/SDOW/historical?assetclass=etf&fromdate=2016-07-26&todate=2026-07-26&limit=5000
SDOW,2024-10-18,49.28,49.96,48.96,49.16,2951235,,https://api.nasdaq.com/api/quote/SDOW/historical?assetclass=etf&fromdate=2016-07-26&todate=2026-07-26&limit=5000
SDOW,2024-10-21,49.28,50.52,49.06,50.32,3758218,,https://api.nasdaq.com/api/quote/SDOW/historical?assetclass=etf&fromdate=2016-07-26&todate=2026-07-26&limit=5000
SDOW,2024-10-22,50.96,51.1196,49.9204,50.32,3197830,,https://api.nasdaq.com/api/quote/SDOW/historical?assetclass=etf&fromdate=2016-07-26&todate=2026-07-26&limit=5000
SDOW,2024-10-23,51.16,52.58,50.92,51.84,4420300,,https://api.nasdaq.com/api/quote/SDOW/historical?assetclass=etf&fromdate=2016-07-26&todate=2026-07-26&limit=5000
SDOW,2024-10-24,52.12,53.04,51.98,52.32,4152043,,https://api.nasdaq.com/api/quote/SDOW/historical?assetclass=etf&fromdate=2016-07-26&todate=2026-07-26&limit=5000
SDOW,2024-10-25,51.8,53.66,51.6,53.36,4239378,,https://api.nasdaq.com/api/quote/SDOW/historical?assetclass=etf&fromdate=2016-07-26&todate=2026-07-26&limit=5000
SDOW,2024-10-28,52.52,52.64,52.04,52.36,4210635,,https://api.nasdaq.com/api/quote/SDOW/historical?assetclass=etf&fromdate=2016-07-26&todate=2026-07-26&limit=5000
SDOW,2024-10-29,53,53.2,52.0084,52.92,3958968,,https://api.nasdaq.com/api/quote/SDOW/historical?assetclass=etf&fromdate=2016-07-26&todate=2026-07-26&limit=5000
SDOW,2024-10-30,53.16,53.32,52.14,53.24,4354655,,https://api.nasdaq.com/api/quote/SDOW/historical?assetclass=etf&fromdate=2016-07-26&todate=2026-07-26&limit=5000
SDOW,2024-10-31,54.2,55.078,53.9212,54.8,4473990,,https://api.nasdaq.com/api/quote/SDOW/historical?assetclass=etf&fromdate=2016-07-26&todate=2026-07-26&limit=5000
SDOW,2024-11-01,54.12,54.24,52.68,53.84,5468530,,https://api.nasdaq.com/api/quote/SDOW/historical?assetclass=etf&fromdate=2016-07-26&todate=2026-07-26&limit=5000
SDOW,2024-11-04,54.04,55.36,53.88,54.76,4809210,,https://api.nasdaq.com/api/quote/SDOW/historical?assetclass=etf&fromdate=2016-07-26&todate=2026-07-26&limit=5000
SDOW,2024-11-05,54.68,54.9196,52.98,53.08,4807268,,https://api.nasdaq.com/api/quote/SDOW/historical?assetclass=etf&fromdate=2016-07-26&todate=2026-07-26&limit=5000
SDOW,2024-11-06,48.48,48.8,47.28,47.52,2500000,,https://api.nasdaq.com/api/quote/SDOW/historical?assetclass=etf&fromdate=2016-07-26&todate=2026-07-26&limit=5000
SDOW,2024-11-07,47.41,47.77,47.18,47.48,2084533,,https://api.nasdaq.com/api/quote/SDOW/historical?assetclass=etf&fromdate=2016-07-26&todate=2026-07-26&limit=5000
SDOW,2024-11-08,47.25,47.54,46.18,46.66,4124695,,https://api.nasdaq.com/api/quote/SDOW/historical?assetclass=etf&fromdate=2016-07-26&todate=2026-07-26&limit=5000
SDOW,2024-11-11,46.09,46.1,45.1452,45.73,3989630,,https://api.nasdaq.com/api/quote/SDOW/historical?assetclass=etf&fromdate=2016-07-26&todate=2026-07-26&limit=5000
SDOW,2024-11-12,45.6,46.985,45.39,46.89,3992368,,https://api.nasdaq.com/api/quote/SDOW/historical?assetclass=etf&fromdate=2016-07-26&todate=2026-07-26&limit=5000
SDOW,2024-11-13,46.73,47.2,46.21,46.78,2948385,,https://api.nasdaq.com/api/quote/SDOW/historical?assetclass=etf&fromdate=2016-07-26&todate=2026-07-26&limit=5000
SDOW,2024-11-14,46.54,47.65,46.43,47.47,2187075,,https://api.nasdaq.com/api/quote/SDOW/historical?assetclass=etf&fromdate=2016-07-26&todate=2026-07-26&limit=5000
SDOW,2024-11-15,48,48.8,47.84,48.47,3052135,,https://api.nasdaq.com/api/quote/SDOW/historical?assetclass=etf&fromdate=2016-07-26&todate=2026-07-26&limit=5000
SDOW,2024-11-18,48.63,48.94,48.23,48.63,2194161,,https://api.nasdaq.com/api/quote/SDOW/historical?assetclass=etf&fromdate=2016-07-26&todate=2026-07-26&limit=5000
SDOW,2024-11-19,49.8,50.18,48.66,49.1,2741100,,https://api.nasdaq.com/api/quote/SDOW/historical?assetclass=etf&fromdate=2016-07-26&todate=2026-07-26&limit=5000
SDOW,2024-11-20,48.9,49.775,48.405,48.61,3405808,,https://api.nasdaq.com/api/quote/SDOW/historical?assetclass=etf&fromdate=2016-07-26&todate=2026-07-26&limit=5000
SDOW,2024-11-21,48.1,48.86,46.555,47.1,5753930,,https://api.nasdaq.com/api/quote/SDOW/historical?assetclass=etf&fromdate=2016-07-26&todate=2026-07-26&limit=5000
SDOW,2024-11-22,46.94,47.025,45.67,45.8,5309054,,https://api.nasdaq.com/api/quote/SDOW/historical?assetclass=etf&fromdate=2016-07-26&todate=2026-07-26&limit=5000
SDOW,2024-11-25,44.75,45.11,44.19,44.46,4767932,,https://api.nasdaq.com/api/quote/SDOW/historical?assetclass=etf&fromdate=2016-07-26&todate=2026-07-26&limit=5000
SDOW,2024-11-26,44.77,45.34,43.95,44.08,3446723,,https://api.nasdaq.com/api/quote/SDOW/historical?assetclass=etf&fromdate=2016-07-26&todate=2026-07-26&limit=5000
SDOW,2024-11-27,44.04,44.55,43.6001,44.46,2743736,,https://api.nasdaq.com/api/quote/SDOW/historical?assetclass=etf&fromdate=2016-07-26&todate=2026-07-26&limit=5000
SDOW,2024-11-29,44.36,44.37,43.4618,43.81,1823157,,https://api.nasdaq.com/api/quote/SDOW/historical?assetclass=etf&fromdate=2016-07-26&todate=2026-07-26&limit=5000
SDOW,2024-12-02,43.69,44.475,43.57,44.25,2770657,,https://api.nasdaq.com/api/quote/SDOW/historical?assetclass=etf&fromdate=2016-07-26&todate=2026-07-26&limit=5000
SDOW,2024-12-03,44.13,44.89,44,44.51,2237739,,https://api.nasdaq.com/api/quote/SDOW/historical?assetclass=etf&fromdate=2016-07-26&todate=2026-07-26&limit=5000
SDOW,2024-12-04,43.94,44.26,43.44,43.63,3493952,,https://api.nasdaq.com/api/quote/SDOW/historical?assetclass=etf&fromdate=2016-07-26&todate=2026-07-26&limit=5000
SDOW,2024-12-05,43.76,44.39,43.4997,44.3,1463568,,https://api.nasdaq.com/api/quote/SDOW/historical?assetclass=etf&fromdate=2016-07-26&todate=2026-07-26&limit=5000
SDOW,2024-12-06,44.13,44.9216,43.9701,44.82,3170894,,https://api.nasdaq.com/api/quote/SDOW/historical?assetclass=etf&fromdate=2016-07-26&todate=2026-07-26&limit=5000
SDOW,2024-12-09,44.69,45.555,44.5,45.48,1961875,,https://api.nasdaq.com/api/quote/SDOW/historical?assetclass=etf&fromdate=2016-07-26&todate=2026-07-26&limit=5000
SDOW,2024-12-10,45.67,46.14,45.27,45.94,2370874,,https://api.nasdaq.com/api/quote/SDOW/historical?assetclass=etf&fromdate=2016-07-26&todate=2026-07-26&limit=5000
SDOW,2024-12-11,45.81,46.33,45.61,46.32,3572348,,https://api.nasdaq.com/api/quote/SDOW/historical?assetclass=etf&fromdate=2016-07-26&todate=2026-07-26&limit=5000
SDOW,2024-12-12,46.34,47.09,46.14,47.05,2091352,,https://api.nasdaq.com/api/quote/SDOW/historical?assetclass=etf&fromdate=2016-07-26&todate=2026-07-26&limit=5000
SDOW,2024-12-13,46.9,47.53,46.69,47.4,2359197,,https://api.nasdaq.com/api/quote/SDOW/historical?assetclass=etf&fromdate=2016-07-26&todate=2026-07-26&limit=5000
SDOW,2024-12-16,47.31,47.86,46.99,47.74,2247938,,https://api.nasdaq.com/api/quote/SDOW/historical?assetclass=etf&fromdate=2016-07-26&todate=2026-07-26&limit=5000
SDOW,2024-12-17,48.47,49.04,48.26,48.68,2251284,,https://api.nasdaq.com/api/quote/SDOW/historical?assetclass=etf&fromdate=2016-07-26&todate=2026-07-26&limit=5000
SDOW,2024-12-18,48.56,52.58,47.8652,52.5,4205822,,https://api.nasdaq.com/api/quote/SDOW/historical?assetclass=etf&fromdate=2016-07-26&todate=2026-07-26&limit=5000
SDOW,2024-12-19,51.33,52.455,50.78,52.41,5192741,,https://api.nasdaq.com/api/quote/SDOW/historical?assetclass=etf&fromdate=2016-07-26&todate=2026-07-26&limit=5000
SDOW,2024-12-20,52.98,53.08,49.25,50.55,4931242,,https://api.nasdaq.com/api/quote/SDOW/historical?assetclass=etf&fromdate=2016-07-26&todate=2026-07-26&limit=5000
SDOW,2024-12-23,49.86,50.64,49.115,49.32,2105385,,https://api.nasdaq.com/api/quote/SDOW/historical?assetclass=etf&fromdate=2016-07-26&todate=2026-07-26&limit=5000
SDOW,2024-12-24,49.35,49.54,48.07,48.11,1064178,,https://api.nasdaq.com/api/quote/SDOW/historical?assetclass=etf&fromdate=2016-07-26&todate=2026-07-26&limit=5000
SDOW,2024-12-26,48.63,48.65,47.73,47.9,1279441,,https://api.nasdaq.com/api/quote/SDOW/historical?assetclass=etf&fromdate=2016-07-26&todate=2026-07-26&limit=5000
SDOW,2024-12-27,48.81,49.86,48.26,49.01,2367557,,https://api.nasdaq.com/api/quote/SDOW/historical?assetclass=etf&fromdate=2016-07-26&todate=2026-07-26&limit=5000
SDOW,2024-12-30,50.59,51.6,49.84,50.5,2812225,,https://api.nasdaq.com/api/quote/SDOW/historical?assetclass=etf&fromdate=2016-07-26&todate=2026-07-26&limit=5000
SDOW,2024-12-31,50.13,51.15,49.845,50.66,2464188,,https://api.nasdaq.com/api/quote/SDOW/historical?assetclass=etf&fromdate=2016-07-26&todate=2026-07-26&limit=5000
SDOW,2025-01-02,49.66,52.04,49.42,51.27,3321021,,https://api.nasdaq.com/api/quote/SDOW/historical?assetclass=etf&fromdate=2016-07-26&todate=2026-07-26&limit=5000
SDOW,2025-01-03,50.59,51.17,49.9,50.13,1961868,,https://api.nasdaq.com/api/quote/SDOW/historical?assetclass=etf&fromdate=2016-07-26&todate=2026-07-26&limit=5000
SDOW,2025-01-06,49.56,50.51,48.745,50.16,1913574,,https://api.nasdaq.com/api/quote/SDOW/historical?assetclass=etf&fromdate=2016-07-26&todate=2026-07-26&limit=5000
SDOW,2025-01-07,49.54,51.33,49.39,50.8,2909291,,https://api.nasdaq.com/api/quote/SDOW/historical?assetclass=etf&fromdate=2016-07-26&todate=2026-07-26&limit=5000
SDOW,2025-01-08,50.82,51.57,50.4,50.55,2104263,,https://api.nasdaq.com/api/quote/SDOW/historical?assetclass=etf&fromdate=2016-07-26&todate=2026-07-26&limit=5000
SDOW,2025-01-10,51.27,53.22,51.2599,53.04,3243916,,https://api.nasdaq.com/api/quote/SDOW/historical?assetclass=etf&fromdate=2016-07-26&todate=2026-07-26&limit=5000
SDOW,2025-01-13,53.29,53.39,51.61,51.72,2541663,,https://api.nasdaq.com/api/quote/SDOW/historical?assetclass=etf&fromdate=2016-07-26&todate=2026-07-26&limit=5000
SDOW,2025-01-14,51.02,52.22,50.78,50.91,2426358,,https://api.nasdaq.com/api/quote/SDOW/historical?assetclass=etf&fromdate=2016-07-26&todate=2026-07-26&limit=5000
SDOW,2025-01-15,48.64,49.0159,48.04,48.41,3422825,,https://api.nasdaq.com/api/quote/SDOW/historical?assetclass=etf&fromdate=2016-07-26&todate=2026-07-26&limit=5000
SDOW,2025-01-16,48.47,48.9,48.19,48.64,2012877,,https://api.nasdaq.com/api/quote/SDOW/historical?assetclass=etf&fromdate=2016-07-26&todate=2026-07-26&limit=5000
SDOW,2025-01-17,47.68,47.86,47.045,47.64,2820459,,https://api.nasdaq.com/api/quote/SDOW/historical?assetclass=etf&fromdate=2016-07-26&todate=2026-07-26&limit=5000
SDOW,2025-01-21,47.09,47.1,45.7601,45.81,2879130,,https://api.nasdaq.com/api/quote/SDOW/historical?assetclass=etf&fromdate=2016-07-26&todate=2026-07-26&limit=5000
SDOW,2025-01-22,45.45,45.79,45.2812,45.48,1700494,,https://api.nasdaq.com/api/quote/SDOW/historical?assetclass=etf&fromdate=2016-07-26&todate=2026-07-26&limit=5000
SDOW,2025-01-23,45.44,45.47,44.25,44.28,2318797,,https://api.nasdaq.com/api/quote/SDOW/historical?assetclass=etf&fromdate=2016-07-26&todate=2026-07-26&limit=5000
SDOW,2025-01-24,44.51,44.925,44.29,44.7,1734235,,https://api.nasdaq.com/api/quote/SDOW/historical?assetclass=etf&fromdate=2016-07-26&todate=2026-07-26&limit=5000
SDOW,2025-01-27,45.76,45.79,43.755,43.8,3543464,,https://api.nasdaq.com/api/quote/SDOW/historical?assetclass=etf&fromdate=2016-07-26&todate=2026-07-26&limit=5000
SDOW,2025-01-28,43.8,44.1099,43.0506,43.47,1939144,,https://api.nasdaq.com/api/quote/SDOW/historical?assetclass=etf&fromdate=2016-07-26&todate=2026-07-26&limit=5000
SDOW,2025-01-29,43.54,44.23,43.12,43.84,2651750,,https://api.nasdaq.com/api/quote/SDOW/historical?assetclass=etf&fromdate=2016-07-26&todate=2026-07-26&limit=5000
SDOW,2025-01-30,44.04,44.09,42.98,43.38,2369293,,https://api.nasdaq.com/api/quote/SDOW/historical?assetclass=etf&fromdate=2016-07-26&todate=2026-07-26&limit=5000
SDOW,2025-01-31,43.06,44.52,42.97,44.43,3202121,,https://api.nasdaq.com/api/quote/SDOW/historical?assetclass=etf&fromdate=2016-07-26&todate=2026-07-26&limit=5000
SDOW,2025-02-03,46.08,46.42,44.2845,44.78,6125596,,https://api.nasdaq.com/api/quote/SDOW/historical?assetclass=etf&fromdate=2016-07-26&todate=2026-07-26&limit=5000
SDOW,2025-02-04,44.8,45.095,44.27,44.41,1996438,,https://api.nasdaq.com/api/quote/SDOW/historical?assetclass=etf&fromdate=2016-07-26&todate=2026-07-26&limit=5000
SDOW,2025-02-05,44.37,45.06,43.45,43.51,1794887,,https://api.nasdaq.com/api/quote/SDOW/historical?assetclass=etf&fromdate=2016-07-26&todate=2026-07-26&limit=5000
SDOW,2025-02-06,43.27,44.47,43.22,43.88,2147629,,https://api.nasdaq.com/api/quote/SDOW/historical?assetclass=etf&fromdate=2016-07-26&todate=2026-07-26&limit=5000
SDOW,2025-02-07,43.83,45.31,43.625,45.19,3228699,,https://api.nasdaq.com/api/quote/SDOW/historical?assetclass=etf&fromdate=2016-07-26&todate=2026-07-26&limit=5000
SDOW,2025-02-10,44.39,45.22,44.2414,44.71,1954627,,https://api.nasdaq.com/api/quote/SDOW/historical?assetclass=etf&fromdate=2016-07-26&todate=2026-07-26&limit=5000
SDOW,2025-02-11,45.15,45.185,44.205,44.32,1668781,,https://api.nasdaq.com/api/quote/SDOW/historical?assetclass=etf&fromdate=2016-07-26&todate=2026-07-26&limit=5000
SDOW,2025-02-12,45.45,45.845,44.75,45.06,2469764,,https://api.nasdaq.com/api/quote/SDOW/historical?assetclass=etf&fromdate=2016-07-26&todate=2026-07-26&limit=5000
SDOW,2025-02-13,44.61,45.09,43.83,44.04,2313110,,https://api.nasdaq.com/api/quote/SDOW/historical?assetclass=etf&fromdate=2016-07-26&todate=2026-07-26&limit=5000
SDOW,2025-02-14,44.12,44.64,43.85,44.5,1423618,,https://api.nasdaq.com/api/quote/SDOW/historical?assetclass=etf&fromdate=2016-07-26&todate=2026-07-26&limit=5000
SDOW,2025-02-18,44.7,45.19,44.4799,44.5,1765410,,https://api.nasdaq.com/api/quote/SDOW/historical?assetclass=etf&fromdate=2016-07-26&todate=2026-07-26&limit=5000
SDOW,2025-02-19,44.86,45.21,44.269,44.31,1545421,,https://api.nasdaq.com/api/quote/SDOW/historical?assetclass=etf&fromdate=2016-07-26&todate=2026-07-26&limit=5000
SDOW,2025-02-20,44.74,46.31,44.63,45.6,1902435,,https://api.nasdaq.com/api/quote/SDOW/historical?assetclass=etf&fromdate=2016-07-26&todate=2026-07-26&limit=5000
SDOW,2025-02-21,46.47,48.2446,46.37,48,2686771,,https://api.nasdaq.com/api/quote/SDOW/historical?assetclass=etf&fromdate=2016-07-26&todate=2026-07-26&limit=5000
SDOW,2025-02-24,47.47,48.295,47.13,47.88,2625671,,https://api.nasdaq.com/api/quote/SDOW/historical?assetclass=etf&fromdate=2016-07-26&todate=2026-07-26&limit=5000
SDOW,2025-02-25,47.6,48.54,46.93,47.39,2720728,,https://api.nasdaq.com/api/quote/SDOW/historical?assetclass=etf&fromdate=2016-07-26&todate=2026-07-26&limit=5000
SDOW,2025-02-26,47.32,48.44,46.64,47.98,2820515,,https://api.nasdaq.com/api/quote/SDOW/historical?assetclass=etf&fromdate=2016-07-26&todate=2026-07-26&limit=5000
SDOW,2025-02-27,48,48.755,46.56,48.68,3870108,,https://api.nasdaq.com/api/quote/SDOW/historical?assetclass=etf&fromdate=2016-07-26&todate=2026-07-26&limit=5000
SDOW,2025-02-28,48.5,49.195,46.56,46.69,4366516,,https://api.nasdaq.com/api/quote/SDOW/historical?assetclass=etf&fromdate=2016-07-26&todate=2026-07-26&limit=5000
SDOW,2025-03-03,46.36,49.58,45.9999,48.74,4044864,,https://api.nasdaq.com/api/quote/SDOW/historical?assetclass=etf&fromdate=2016-07-26&todate=2026-07-26&limit=5000
SDOW,2025-03-04,49.59,51.5653,49.09,50.96,5749921,,https://api.nasdaq.com/api/quote/SDOW/historical?assetclass=etf&fromdate=2016-07-26&todate=2026-07-26&limit=5000
SDOW,2025-03-05,51.12,51.395,48.8274,49.28,3250283,,https://api.nasdaq.com/api/quote/SDOW/historical?assetclass=etf&fromdate=2016-07-26&todate=2026-07-26&limit=5000
SDOW,2025-03-06,50.73,51.45,49.4,50.79,4280332,,https://api.nasdaq.com/api/quote/SDOW/historical?assetclass=etf&fromdate=2016-07-26&todate=2026-07-26&limit=5000
SDOW,2025-03-07,51.55,52.29,49.69,50.08,5876659,,https://api.nasdaq.com/api/quote/SDOW/historical?assetclass=etf&fromdate=2016-07-26&todate=2026-07-26&limit=5000
SDOW,2025-03-10,51.79,54.16,50.85,53.12,3365448,,https://api.nasdaq.com/api/quote/SDOW/historical?assetclass=etf&fromdate=2016-07-26&todate=2026-07-26&limit=5000
SDOW,2025-03-11,53.59,55.93,53.36,54.98,4662631,,https://api.nasdaq.com/api/quote/SDOW/historical?assetclass=etf&fromdate=2016-07-26&todate=2026-07-26&limit=5000
SDOW,2025-03-12,54.17,56.7,53.87,55.33,4110007,,https://api.nasdaq.com/api/quote/SDOW/historical?assetclass=etf&fromdate=2016-07-26&todate=2026-07-26&limit=5000
SDOW,2025-03-13,55.61,58.04,55.26,57.42,2562637,,https://api.nasdaq.com/api/quote/SDOW/historical?assetclass=etf&fromdate=2016-07-26&todate=2026-07-26&limit=5000
SDOW,2025-03-14,56.62,57.06,54.5066,54.74,3291249,,https://api.nasdaq.com/api/quote/SDOW/historical?assetclass=etf&fromdate=2016-07-26&todate=2026-07-26&limit=5000
SDOW,2025-03-17,54.88,54.95,52.61,53.24,1953172,,https://api.nasdaq.com/api/quote/SDOW/historical?assetclass=etf&fromdate=2016-07-26&todate=2026-07-26&limit=5000
SDOW,2025-03-18,53.55,54.95,53.47,54.28,1768472,,https://api.nasdaq.com/api/quote/SDOW/historical?assetclass=etf&fromdate=2016-07-26&todate=2026-07-26&limit=5000
SDOW,2025-03-19,53.89,54.24,51.97,52.77,2373115,,https://api.nasdaq.com/api/quote/SDOW/historical?assetclass=etf&fromdate=2016-07-26&todate=2026-07-26&limit=5000
SDOW,2025-03-20,53.76,53.88,51.79,52.9,2040264,,https://api.nasdaq.com/api/quote/SDOW/historical?assetclass=etf&fromdate=2016-07-26&todate=2026-07-26&limit=5000
SDOW,2025-03-21,54.24,54.95,52.755,52.88,2518237,,https://api.nasdaq.com/api/quote/SDOW/historical?assetclass=etf&fromdate=2016-07-26&todate=2026-07-26&limit=5000
SDOW,2025-03-24,51.53,51.72,50.44,50.71,2647037,,https://api.nasdaq.com/api/quote/SDOW/historical?assetclass=etf&fromdate=2016-07-26&todate=2026-07-26&limit=5000
SDOW,2025-03-25,50.43,51.12,50.25,50.62,1684227,,https://api.nasdaq.com/api/quote/SDOW/historical?assetclass=etf&fromdate=2016-07-26&todate=2026-07-26&limit=5000
SDOW,2025-03-26,49.84,50.96,49.2,50.59,2482998,,https://api.nasdaq.com/api/quote/SDOW/historical?assetclass=etf&fromdate=2016-07-26&todate=2026-07-26&limit=5000
SDOW,2025-03-27,50.8,51.6001,50.29,51.08,2466513,,https://api.nasdaq.com/api/quote/SDOW/historical?assetclass=etf&fromdate=2016-07-26&todate=2026-07-26&limit=5000
SDOW,2025-03-28,51.49,53.93,51.34,53.77,3110561,,https://api.nasdaq.com/api/quote/SDOW/historical?assetclass=etf&fromdate=2016-07-26&todate=2026-07-26&limit=5000
SDOW,2025-03-31,55.14,55.425,51.59,52.19,2877010,,https://api.nasdaq.com/api/quote/SDOW/historical?assetclass=etf&fromdate=2016-07-26&todate=2026-07-26&limit=5000
SDOW,2025-04-01,52.73,53.995,51.665,52.28,3260586,,https://api.nasdaq.com/api/quote/SDOW/historical?assetclass=etf&fromdate=2016-07-26&todate=2026-07-26&limit=5000
SDOW,2025-04-02,53.52,53.6,50.79,51.44,3633978,,https://api.nasdaq.com/api/quote/SDOW/historical?assetclass=etf&fromdate=2016-07-26&todate=2026-07-26&limit=5000
SDOW,2025-04-03,55.465,57.65,55.2419,57.5,4535880,,https://api.nasdaq.com/api/quote/SDOW/historical?assetclass=etf&fromdate=2016-07-26&todate=2026-07-26&limit=5000
SDOW,2025-04-04,62.035,67.25,61.31,67.05,6548593,,https://api.nasdaq.com/api/quote/SDOW/historical?assetclass=etf&fromdate=2016-07-26&todate=2026-07-26&limit=5000
SDOW,2025-04-07,73.53,75.95,62.32,68.96,19075580,,https://api.nasdaq.com/api/quote/SDOW/historical?assetclass=etf&fromdate=2016-07-26&todate=2026-07-26&limit=5000
SDOW,2025-04-08,61.45,73.6397,60.97,70.59,14757050,,https://api.nasdaq.com/api/quote/SDOW/historical?assetclass=etf&fromdate=2016-07-26&todate=2026-07-26&limit=5000
SDOW,2025-04-09,73.28,73.28,53.09,54.14,15640280,,https://api.nasdaq.com/api/quote/SDOW/historical?assetclass=etf&fromdate=2016-07-26&todate=2026-07-26&limit=5000
SDOW,2025-04-10,56.61,62.75,56.42,58.16,16007230,,https://api.nasdaq.com/api/quote/SDOW/historical?assetclass=etf&fromdate=2016-07-26&todate=2026-07-26&limit=5000
SDOW,2025-04-11,58.9,59.65,54.6,55.56,9664167,,https://api.nasdaq.com/api/quote/SDOW/historical?assetclass=etf&fromdate=2016-07-26&todate=2026-07-26&limit=5000
SDOW,2025-04-14,53.21,55.65,53.11,54.09,3210063,,https://api.nasdaq.com/api/quote/SDOW/historical?assetclass=etf&fromdate=2016-07-26&todate=2026-07-26&limit=5000
SDOW,2025-04-15,54,54.895,53.1,54.8,3164979,,https://api.nasdaq.com/api/quote/SDOW/historical?assetclass=etf&fromdate=2016-07-26&todate=2026-07-26&limit=5000
SDOW,2025-04-16,55.44,58.78,54.62,57.68,2652226,,https://api.nasdaq.com/api/quote/SDOW/historical?assetclass=etf&fromdate=2016-07-26&todate=2026-07-26&limit=5000
SDOW,2025-04-17,60,60.89,58.78,60.04,2803083,,https://api.nasdaq.com/api/quote/SDOW/historical?assetclass=etf&fromdate=2016-07-26&todate=2026-07-26&limit=5000
SDOW,2025-04-21,61.5,66.09,61.33,64.59,2484054,,https://api.nasdaq.com/api/quote/SDOW/historical?assetclass=etf&fromdate=2016-07-26&todate=2026-07-26&limit=5000
SDOW,2025-04-22,62.33,62.8,58.985,59.43,3308732,,https://api.nasdaq.com/api/quote/SDOW/historical?assetclass=etf&fromdate=2016-07-26&todate=2026-07-26&limit=5000
SDOW,2025-04-23,56.06,58.09,54.06,57.63,3783663,,https://api.nasdaq.com/api/quote/SDOW/historical?assetclass=etf&fromdate=2016-07-26&todate=2026-07-26&limit=5000
SDOW,2025-04-24,57.83,58.555,55.12,55.48,1878599,,https://api.nasdaq.com/api/quote/SDOW/historical?assetclass=etf&fromdate=2016-07-26&todate=2026-07-26&limit=5000
SDOW,2025-04-25,55.95,57.0803,55.35,55.46,2234562,,https://api.nasdaq.com/api/quote/SDOW/historical?assetclass=etf&fromdate=2016-07-26&todate=2026-07-26&limit=5000
SDOW,2025-04-28,55.24,56.47,54.2,55,2203459,,https://api.nasdaq.com/api/quote/SDOW/historical?assetclass=etf&fromdate=2016-07-26&todate=2026-07-26&limit=5000
SDOW,2025-04-29,55.03,55.05,53.37,53.84,1956356,,https://api.nasdaq.com/api/quote/SDOW/historical?assetclass=etf&fromdate=2016-07-26&todate=2026-07-26&limit=5000
SDOW,2025-04-30,54.99,56.95,52.84,53.42,3304697,,https://api.nasdaq.com/api/quote/SDOW/historical?assetclass=etf&fromdate=2016-07-26&todate=2026-07-26&limit=5000
SDOW,2025-05-01,52.57,53.16,51.62,52.97,1392858,,https://api.nasdaq.com/api/quote/SDOW/historical?assetclass=etf&fromdate=2016-07-26&todate=2026-07-26&limit=5000
SDOW,2025-05-02,51.37,51.92,50.56,50.93,2123029,,https://api.nasdaq.com/api/quote/SDOW/historical?assetclass=etf&fromdate=2016-07-26&todate=2026-07-26&limit=5000
SDOW,2025-05-05,51.71,51.85,50.39,51.17,1976357,,https://api.nasdaq.com/api/quote/SDOW/historical?assetclass=etf&fromdate=2016-07-26&todate=2026-07-26&limit=5000
SDOW,2025-05-06,52.66,52.9899,51.45,52.7,1603656,,https://api.nasdaq.com/api/quote/SDOW/historical?assetclass=etf&fromdate=2016-07-26&todate=2026-07-26&limit=5000
SDOW,2025-05-07,52.15,52.74,51,51.65,2113973,,https://api.nasdaq.com/api/quote/SDOW/historical?assetclass=etf&fromdate=2016-07-26&todate=2026-07-26&limit=5000
SDOW,2025-05-08,50.96,51.46,49.1501,50.6,2371184,,https://api.nasdaq.com/api/quote/SDOW/historical?assetclass=etf&fromdate=2016-07-26&todate=2026-07-26&limit=5000
SDOW,2025-05-09,50.465,51.53,50.2056,51.18,1467302,,https://api.nasdaq.com/api/quote/SDOW/historical?assetclass=etf&fromdate=2016-07-26&todate=2026-07-26&limit=5000
SDOW,2025-05-12,47.32,48.04,46.84,46.86,2620077,,https://api.nasdaq.com/api/quote/SDOW/historical?assetclass=etf&fromdate=2016-07-26&todate=2026-07-26&limit=5000
SDOW,2025-05-13,47.37,47.79,46.9625,47.77,2111139,,https://api.nasdaq.com/api/quote/SDOW/historical?assetclass=etf&fromdate=2016-07-26&todate=2026-07-26&limit=5000
SDOW,2025-05-14,47.6,48.4244,47.39,48.11,1852152,,https://api.nasdaq.com/api/quote/SDOW/historical?assetclass=etf&fromdate=2016-07-26&todate=2026-07-26&limit=5000
SDOW,2025-05-15,48.83,48.84,47.07,47.14,2138682,,https://api.nasdaq.com/api/quote/SDOW/historical?assetclass=etf&fromdate=2016-07-26&todate=2026-07-26&limit=5000
SDOW,2025-05-16,47.03,47.42,46,46.05,1572081,,https://api.nasdaq.com/api/quote/SDOW/historical?assetclass=etf&fromdate=2016-07-26&todate=2026-07-26&limit=5000
SDOW,2025-05-19,47.01,47.03,45.41,45.6,1844084,,https://api.nasdaq.com/api/quote/SDOW/historical?assetclass=etf&fromdate=2016-07-26&todate=2026-07-26&limit=5000
SDOW,2025-05-20,45.84,46.59,45.59,45.96,996984,,https://api.nasdaq.com/api/quote/SDOW/historical?assetclass=etf&fromdate=2016-07-26&todate=2026-07-26&limit=5000
SDOW,2025-05-21,47.23,48.86,46.77,48.64,1953029,,https://api.nasdaq.com/api/quote/SDOW/historical?assetclass=etf&fromdate=2016-07-26&todate=2026-07-26&limit=5000
SDOW,2025-05-22,48.99,49.15,47.85,48.66,1502392,,https://api.nasdaq.com/api/quote/SDOW/historical?assetclass=etf&fromdate=2016-07-26&todate=2026-07-26&limit=5000
SDOW,2025-05-23,50.45,50.5,48.98,49.6,2227166,,https://api.nasdaq.com/api/quote/SDOW/historical?assetclass=etf&fromdate=2016-07-26&todate=2026-07-26&limit=5000
SDOW,2025-05-27,48.09,48.61,46.94,46.94,1772291,,https://api.nasdaq.com/api/quote/SDOW/historical?assetclass=etf&fromdate=2016-07-26&todate=2026-07-26&limit=5000
SDOW,2025-05-28,47.02,47.99,46.64,47.77,1456392,,https://api.nasdaq.com/api/quote/SDOW/historical?assetclass=etf&fromdate=2016-07-26&todate=2026-07-26&limit=5000
SDOW,2025-05-29,47.45,48.7693,47.27,47.43,1541794,,https://api.nasdaq.com/api/quote/SDOW/historical?assetclass=etf&fromdate=2016-07-26&todate=2026-07-26&limit=5000
SDOW,2025-05-30,47.64,48.5003,46.9,47.38,2465021,,https://api.nasdaq.com/api/quote/SDOW/historical?assetclass=etf&fromdate=2016-07-26&todate=2026-07-26&limit=5000
SDOW,2025-06-02,47.91,48.67,47.0799,47.09,1549807,,https://api.nasdaq.com/api/quote/SDOW/historical?assetclass=etf&fromdate=2016-07-26&todate=2026-07-26&limit=5000
SDOW,2025-06-03,47.35,47.55,46.24,46.36,1580532,,https://api.nasdaq.com/api/quote/SDOW/historical?assetclass=etf&fromdate=2016-07-26&todate=2026-07-26&limit=5000
SDOW,2025-06-04,46.27,46.76,46.0165,46.74,1508915,,https://api.nasdaq.com/api/quote/SDOW/historical?assetclass=etf&fromdate=2016-07-26&todate=2026-07-26&limit=5000
SDOW,2025-06-05,46.45,47.45,46.155,47.06,2703740,,https://api.nasdaq.com/api/quote/SDOW/historical?assetclass=etf&fromdate=2016-07-26&todate=2026-07-26&limit=5000
SDOW,2025-06-06,45.885,46.29,45.12,45.68,2016125,,https://api.nasdaq.com/api/quote/SDOW/historical?assetclass=etf&fromdate=2016-07-26&todate=2026-07-26&limit=5000
SDOW,2025-06-09,45.66,46.3264,45.27,45.7,1574582,,https://api.nasdaq.com/api/quote/SDOW/historical?assetclass=etf&fromdate=2016-07-26&todate=2026-07-26&limit=5000
SDOW,2025-06-10,45.75,45.88,45.17,45.32,1467440,,https://api.nasdaq.com/api/quote/SDOW/historical?assetclass=etf&fromdate=2016-07-26&todate=2026-07-26&limit=5000
SDOW,2025-06-11,45.26,45.79,44.58,45.36,2251949,,https://api.nasdaq.com/api/quote/SDOW/historical?assetclass=etf&fromdate=2016-07-26&todate=2026-07-26&limit=5000
SDOW,2025-06-12,45.82,46.21,45.08,45.08,1595963,,https://api.nasdaq.com/api/quote/SDOW/historical?assetclass=etf&fromdate=2016-07-26&todate=2026-07-26&limit=5000
SDOW,2025-06-13,46.55,47.95,46.28,47.56,2942287,,https://api.nasdaq.com/api/quote/SDOW/historical?assetclass=etf&fromdate=2016-07-26&todate=2026-07-26&limit=5000
SDOW,2025-06-16,46.85,46.88,45.79,46.43,1747595,,https://api.nasdaq.com/api/quote/SDOW/historical?assetclass=etf&fromdate=2016-07-26&todate=2026-07-26&limit=5000
SDOW,2025-06-17,47.04,47.74,46.41,47.48,1733220,,https://api.nasdaq.com/api/quote/SDOW/historical?assetclass=etf&fromdate=2016-07-26&todate=2026-07-26&limit=5000
SDOW,2025-06-18,47.33,47.85,46.47,47.64,2155641,,https://api.nasdaq.com/api/quote/SDOW/historical?assetclass=etf&fromdate=2016-07-26&todate=2026-07-26&limit=5000
SDOW,2025-06-20,47.11,47.99,46.85,47.65,1508336,,https://api.nasdaq.com/api/quote/SDOW/historical?assetclass=etf&fromdate=2016-07-26&todate=2026-07-26&limit=5000
SDOW,2025-06-23,47.59,48.3904,46.25,46.35,2509527,,https://api.nasdaq.com/api/quote/SDOW/historical?assetclass=etf&fromdate=2016-07-26&todate=2026-07-26&limit=5000
SDOW,2025-06-24,45.44,45.71,44.41,44.71,1916542,,https://api.nasdaq.com/api/quote/SDOW/historical?assetclass=etf&fromdate=2016-07-26&todate=2026-07-26&limit=5000
SDOW,2025-06-25,44.34,45.02,44.3,44.61,997354,,https://api.nasdaq.com/api/quote/SDOW/historical?assetclass=etf&fromdate=2016-07-26&todate=2026-07-26&limit=5000
SDOW,2025-06-26,44.34,44.34,43.3016,43.37,1508211,,https://api.nasdaq.com/api/quote/SDOW/historical?assetclass=etf&fromdate=2016-07-26&todate=2026-07-26&limit=5000
SDOW,2025-06-27,43.06,43.08,41.74,42.23,2335091,,https://api.nasdaq.com/api/quote/SDOW/historical?assetclass=etf&fromdate=2016-07-26&todate=2026-07-26&limit=5000
SDOW,2025-06-30,41.53,42.02,41.3,41.47,1548396,,https://api.nasdaq.com/api/quote/SDOW/historical?assetclass=etf&fromdate=2016-07-26&todate=2026-07-26&limit=5000
SDOW,2025-07-01,41.61,41.64,39.98,40.26,3664732,,https://api.nasdaq.com/api/quote/SDOW/historical?assetclass=etf&fromdate=2016-07-26&todate=2026-07-26&limit=5000
SDOW,2025-07-02,40.36,40.71,40.16,40.36,2061978,,https://api.nasdaq.com/api/quote/SDOW/historical?assetclass=etf&fromdate=2016-07-26&todate=2026-07-26&limit=5000
SDOW,2025-07-03,40.17,40.17,39.3,39.52,1775013,,https://api.nasdaq.com/api/quote/SDOW/historical?assetclass=etf&fromdate=2016-07-26&todate=2026-07-26&limit=5000
SDOW,2025-07-07,39.715,41.23,39.58,40.57,2213667,,https://api.nasdaq.com/api/quote/SDOW/historical?assetclass=etf&fromdate=2016-07-26&todate=2026-07-26&limit=5000
SDOW,2025-07-08,40.71,41.1598,40.52,41.08,1657412,,https://api.nasdaq.com/api/quote/SDOW/historical?assetclass=etf&fromdate=2016-07-26&todate=2026-07-26&limit=5000
SDOW,2025-07-09,40.52,41.1,40.19,40.48,1779444,,https://api.nasdaq.com/api/quote/SDOW/historical?assetclass=etf&fromdate=2016-07-26&todate=2026-07-26&limit=5000
SDOW,2025-07-10,40.54,40.72,39.6112,39.97,1870938,,https://api.nasdaq.com/api/quote/SDOW/historical?assetclass=etf&fromdate=2016-07-26&todate=2026-07-26&limit=5000
SDOW,2025-07-11,40.77,41.025,40.57,40.79,1343551,,https://api.nasdaq.com/api/quote/SDOW/historical?assetclass=etf&fromdate=2016-07-26&todate=2026-07-26&limit=5000
SDOW,2025-07-14,40.96,41.12,40.5,40.53,1380684,,https://api.nasdaq.com/api/quote/SDOW/historical?assetclass=etf&fromdate=2016-07-26&todate=2026-07-26&limit=5000
SDOW,2025-07-15,40.55,41.78,40.41,41.77,1953205,,https://api.nasdaq.com/api/quote/SDOW/historical?assetclass=etf&fromdate=2016-07-26&todate=2026-07-26&limit=5000
SDOW,2025-07-16,41.32,42.52,41.1,41.16,3255994,,https://api.nasdaq.com/api/quote/SDOW/historical?assetclass=etf&fromdate=2016-07-26&todate=2026-07-26&limit=5000
SDOW,2025-07-17,41.29,41.3,40.29,40.41,1631390,,https://api.nasdaq.com/api/quote/SDOW/historical?assetclass=etf&fromdate=2016-07-26&todate=2026-07-26&limit=5000
SDOW,2025-07-18,40.26,41.2402,40.24,40.94,2365187,,https://api.nasdaq.com/api/quote/SDOW/historical?assetclass=etf&fromdate=2016-07-26&todate=2026-07-26&limit=5000
SDOW,2025-07-21,40.7,40.99,40.2,40.92,1670932,,https://api.nasdaq.com/api/quote/SDOW/historical?assetclass=etf&fromdate=2016-07-26&todate=2026-07-26&limit=5000
SDOW,2025-07-22,41.09,41.1,40.38,40.52,2022241,,https://api.nasdaq.com/api/quote/SDOW/historical?assetclass=etf&fromdate=2016-07-26&todate=2026-07-26&limit=5000
SDOW,2025-07-23,39.9,40.15,39.09,39.1,3255435,,https://api.nasdaq.com/api/quote/SDOW/historical?assetclass=etf&fromdate=2016-07-26&todate=2026-07-26&limit=5000
SDOW,2025-07-24,39.94,40.02,39.4,39.91,1737012,,https://api.nasdaq.com/api/quote/SDOW/historical?assetclass=etf&fromdate=2016-07-26&todate=2026-07-26&limit=5000
SDOW,2025-07-25,39.85,40.15,39.36,39.45,1302643,,https://api.nasdaq.com/api/quote/SDOW/historical?assetclass=etf&fromdate=2016-07-26&todate=2026-07-26&limit=5000
SDOW,2025-07-28,39.58,39.91,39.36,39.65,1246228,,https://api.nasdaq.com/api/quote/SDOW/historical?assetclass=etf&fromdate=2016-07-26&todate=2026-07-26&limit=5000
SDOW,2025-07-29,39.595,40.3999,39.55,40.17,1851819,,https://api.nasdaq.com/api/quote/SDOW/historical?assetclass=etf&fromdate=2016-07-26&todate=2026-07-26&limit=5000
SDOW,2025-07-30,40.12,41.22,39.945,40.66,1905397,,https://api.nasdaq.com/api/quote/SDOW/historical?assetclass=etf&fromdate=2016-07-26&todate=2026-07-26&limit=5000
SDOW,2025-07-31,40.54,41.83,40.285,41.6,2492678,,https://api.nasdaq.com/api/quote/SDOW/historical?assetclass=etf&fromdate=2016-07-26&todate=2026-07-26&limit=5000
SDOW,2025-08-01,42.69,43.92,42.68,43.26,3354613,,https://api.nasdaq.com/api/quote/SDOW/historical?assetclass=etf&fromdate=2016-07-26&todate=2026-07-26&limit=5000
SDOW,2025-08-04,42.64,42.71,41.45,41.48,2183899,,https://api.nasdaq.com/api/quote/SDOW/historical?assetclass=etf&fromdate=2016-07-26&todate=2026-07-26&limit=5000
SDOW,2025-08-05,41.52,42.22,41.17,41.67,2453941,,https://api.nasdaq.com/api/quote/SDOW/historical?assetclass=etf&fromdate=2016-07-26&todate=2026-07-26&limit=5000
SDOW,2025-08-06,41.44,42,41.19,41.48,1953006,,https://api.nasdaq.com/api/quote/SDOW/historical?assetclass=etf&fromdate=2016-07-26&todate=2026-07-26&limit=5000
SDOW,2025-08-07,40.85,42.61,40.65,42.1,2151385,,https://api.nasdaq.com/api/quote/SDOW/historical?assetclass=etf&fromdate=2016-07-26&todate=2026-07-26&limit=5000
SDOW,2025-08-08,41.88,42.02,41.2891,41.57,2412499,,https://api.nasdaq.com/api/quote/SDOW/historical?assetclass=etf&fromdate=2016-07-26&todate=2026-07-26&limit=5000
SDOW,2025-08-11,41.46,42.339,41.3,42.12,1893937,,https://api.nasdaq.com/api/quote/SDOW/historical?assetclass=etf&fromdate=2016-07-26&todate=2026-07-26&limit=5000
SDOW,2025-08-12,41.65,41.79,40.6519,40.81,2549749,,https://api.nasdaq.com/api/quote/SDOW/historical?assetclass=etf&fromdate=2016-07-26&todate=2026-07-26&limit=5000
SDOW,2025-08-13,40.32,40.42,39.445,39.51,3003038,,https://api.nasdaq.com/api/quote/SDOW/historical?assetclass=etf&fromdate=2016-07-26&todate=2026-07-26&limit=5000
SDOW,2025-08-14,39.96,40.1656,39.47,39.59,2642014,,https://api.nasdaq.com/api/quote/SDOW/historical?assetclass=etf&fromdate=2016-07-26&todate=2026-07-26&limit=5000
SDOW,2025-08-15,38.84,39.62,38.81,39.47,2559640,,https://api.nasdaq.com/api/quote/SDOW/historical?assetclass=etf&fromdate=2016-07-26&todate=2026-07-26&limit=5000
SDOW,2025-08-18,39.54,39.73,39.38,39.61,1451730,,https://api.nasdaq.com/api/quote/SDOW/historical?assetclass=etf&fromdate=2016-07-26&todate=2026-07-26&limit=5000
SDOW,2025-08-19,39.44,39.86,38.825,39.59,2748968,,https://api.nasdaq.com/api/quote/SDOW/historical?assetclass=etf&fromdate=2016-07-26&todate=2026-07-26&limit=5000
SDOW,2025-08-20,39.47,40.02,39.2782,39.59,3233836,,https://api.nasdaq.com/api/quote/SDOW/historical?assetclass=etf&fromdate=2016-07-26&todate=2026-07-26&limit=5000
SDOW,2025-08-21,40.02,40.52,39.67,39.95,2965547,,https://api.nasdaq.com/api/quote/SDOW/historical?assetclass=etf&fromdate=2016-07-26&todate=2026-07-26&limit=5000
SDOW,2025-08-22,39.36,39.38,37.3742,37.7,6363724,,https://api.nasdaq.com/api/quote/SDOW/historical?assetclass=etf&fromdate=2016-07-26&todate=2026-07-26&limit=5000
SDOW,2025-08-25,37.96,38.61,37.821,38.58,1870753,,https://api.nasdaq.com/api/quote/SDOW/historical?assetclass=etf&fromdate=2016-07-26&todate=2026-07-26&limit=5000
SDOW,2025-08-26,38.7,38.75,38.18,38.27,1991627,,https://api.nasdaq.com/api/quote/SDOW/historical?assetclass=etf&fromdate=2016-07-26&todate=2026-07-26&limit=5000
SDOW,2025-08-27,38.33,38.34,37.735,37.89,1735662,,https://api.nasdaq.com/api/quote/SDOW/historical?assetclass=etf&fromdate=2016-07-26&todate=2026-07-26&limit=5000
SDOW,2025-08-28,37.79,38.2,37.6111,37.71,1593007,,https://api.nasdaq.com/api/quote/SDOW/historical?assetclass=etf&fromdate=2016-07-26&todate=2026-07-26&limit=5000
SDOW,2025-08-29,37.95,38.4,37.78,37.95,2157257,,https://api.nasdaq.com/api/quote/SDOW/historical?assetclass=etf&fromdate=2016-07-26&todate=2026-07-26&limit=5000
SDOW,2025-09-02,38.99,39.4551,38.58,38.6,2221273,,https://api.nasdaq.com/api/quote/SDOW/historical?assetclass=etf&fromdate=2016-07-26&todate=2026-07-26&limit=5000
SDOW,2025-09-03,38.79,39.39,38.585,38.7,1613722,,https://api.nasdaq.com/api/quote/SDOW/historical?assetclass=etf&fromdate=2016-07-26&todate=2026-07-26&limit=5000
SDOW,2025-09-04,38.66,38.88,37.7,37.77,1773535,,https://api.nasdaq.com/api/quote/SDOW/historical?assetclass=etf&fromdate=2016-07-26&todate=2026-07-26&limit=5000
SDOW,2025-09-05,37.78,38.81,37.42,38.32,3426535,,https://api.nasdaq.com/api/quote/SDOW/historical?assetclass=etf&fromdate=2016-07-26&todate=2026-07-26&limit=5000
SDOW,2025-09-08,38.24,38.68,38,38.03,1763919,,https://api.nasdaq.com/api/quote/SDOW/historical?assetclass=etf&fromdate=2016-07-26&todate=2026-07-26&limit=5000
SDOW,2025-09-09,38.11,38.29,37.47,37.59,3402140,,https://api.nasdaq.com/api/quote/SDOW/historical?assetclass=etf&fromdate=2016-07-26&todate=2026-07-26&limit=5000
SDOW,2025-09-10,37.68,38.4103,37.63,38.14,1875929,,https://api.nasdaq.com/api/quote/SDOW/historical?assetclass=etf&fromdate=2016-07-26&todate=2026-07-26&limit=5000
SDOW,2025-09-11,37.9,37.95,36.5398,36.62,4022865,,https://api.nasdaq.com/api/quote/SDOW/historical?assetclass=etf&fromdate=2016-07-26&todate=2026-07-26&limit=5000
SDOW,2025-09-12,36.84,37.35,36.74,37.29,2384760,,https://api.nasdaq.com/api/quote/SDOW/historical?assetclass=etf&fromdate=2016-07-26&todate=2026-07-26&limit=5000
SDOW,2025-09-15,37.17,37.435,36.93,37.13,1331872,,https://api.nasdaq.com/api/quote/SDOW/historical?assetclass=etf&fromdate=2016-07-26&todate=2026-07-26&limit=5000
SDOW,2025-09-16,37.14,37.705,36.995,37.47,1407755,,https://api.nasdaq.com/api/quote/SDOW/historical?assetclass=etf&fromdate=2016-07-26&todate=2026-07-26&limit=5000
SDOW,2025-09-17,37.25,37.6796,36.25,36.86,5798713,,https://api.nasdaq.com/api/quote/SDOW/historical?assetclass=etf&fromdate=2016-07-26&todate=2026-07-26&limit=5000
SDOW,2025-09-18,36.92,37.04,36.16,36.55,3813618,,https://api.nasdaq.com/api/quote/SDOW/historical?assetclass=etf&fromdate=2016-07-26&todate=2026-07-26&limit=5000
SDOW,2025-09-19,36.28,36.72,36.03,36.23,2418501,,https://api.nasdaq.com/api/quote/SDOW/historical?assetclass=etf&fromdate=2016-07-26&todate=2026-07-26&limit=5000
SDOW,2025-09-22,36.65,36.8953,35.92,36.07,1631733,,https://api.nasdaq.com/api/quote/SDOW/historical?assetclass=etf&fromdate=2016-07-26&todate=2026-07-26&limit=5000
SDOW,2025-09-23,35.96,36.4565,35.31,36.25,2230684,,https://api.nasdaq.com/api/quote/SDOW/historical?assetclass=etf&fromdate=2016-07-26&todate=2026-07-26&limit=5000
SDOW,2025-09-24,35.75,36.36,35.52,36.32,1636266,,https://api.nasdaq.com/api/quote/SDOW/historical?assetclass=etf&fromdate=2016-07-26&todate=2026-07-26&limit=5000
SDOW,2025-09-25,36.59,37.11,36.315,36.72,2620166,,https://api.nasdaq.com/api/quote/SDOW/historical?assetclass=etf&fromdate=2016-07-26&todate=2026-07-26&limit=5000
SDOW,2025-09-26,36.31,36.54,35.8,36.07,2848776,,https://api.nasdaq.com/api/quote/SDOW/historical?assetclass=etf&fromdate=2016-07-26&todate=2026-07-26&limit=5000
SDOW,2025-09-29,35.74,36.31,35.73,35.9,1864062,,https://api.nasdaq.com/api/quote/SDOW/historical?assetclass=etf&fromdate=2016-07-26&todate=2026-07-26&limit=5000
SDOW,2025-09-30,36.04,36.42,35.685,35.74,2102252,,https://api.nasdaq.com/api/quote/SDOW/historical?assetclass=etf&fromdate=2016-07-26&todate=2026-07-26&limit=5000
SDOW,2025-10-01,36.05,36.05,35.45,35.65,2594460,,https://api.nasdaq.com/api/quote/SDOW/historical?assetclass=etf&fromdate=2016-07-26&todate=2026-07-26&limit=5000
SDOW,2025-10-02,35.66,36.06,35.335,35.47,2417438,,https://api.nasdaq.com/api/quote/SDOW/historical?assetclass=etf&fromdate=2016-07-26&todate=2026-07-26&limit=5000
SDOW,2025-10-03,35.37,35.39,34.32,34.97,4847483,,https://api.nasdaq.com/api/quote/SDOW/historical?assetclass=etf&fromdate=2016-07-26&todate=2026-07-26&limit=5000
SDOW,2025-10-06,34.81,35.7194,34.77,35.13,2920847,,https://api.nasdaq.com/api/quote/SDOW/historical?assetclass=etf&fromdate=2016-07-26&todate=2026-07-26&limit=5000
SDOW,2025-10-07,35,35.7,34.75,35.34,2651027,,https://api.nasdaq.com/api/quote/SDOW/historical?assetclass=etf&fromdate=2016-07-26&todate=2026-07-26&limit=5000
SDOW,2025-10-08,35.07,35.595,34.875,35.34,2793432,,https://api.nasdaq.com/api/quote/SDOW/historical?assetclass=etf&fromdate=2016-07-26&todate=2026-07-26&limit=5000
SDOW,2025-10-09,35.32,36.1469,35.2,35.93,2780889,,https://api.nasdaq.com/api/quote/SDOW/historical?assetclass=etf&fromdate=2016-07-26&todate=2026-07-26&limit=5000
SDOW,2025-10-10,35.63,38.05,35.32,37.99,8271662,,https://api.nasdaq.com/api/quote/SDOW/historical?assetclass=etf&fromdate=2016-07-26&todate=2026-07-26&limit=5000
SDOW,2025-10-13,37.18,37.22,36.34,36.55,5204559,,https://api.nasdaq.com/api/quote/SDOW/historical?assetclass=etf&fromdate=2016-07-26&todate=2026-07-26&limit=5000
SDOW,2025-10-14,37.44,38.03,35.4999,36.07,7292483,,https://api.nasdaq.com/api/quote/SDOW/historical?assetclass=etf&fromdate=2016-07-26&todate=2026-07-26&limit=5000
SDOW,2025-10-15,35.65,36.68,35.12,36.09,4648151,,https://api.nasdaq.com/api/quote/SDOW/historical?assetclass=etf&fromdate=2016-07-26&todate=2026-07-26&limit=5000
SDOW,2025-10-16,35.95,37.26,35.7558,36.85,6429543,,https://api.nasdaq.com/api/quote/SDOW/historical?assetclass=etf&fromdate=2016-07-26&todate=2026-07-26&limit=5000
SDOW,2025-10-17,36.93,37.02,36.0197,36.34,4956891,,https://api.nasdaq.com/api/quote/SDOW/historical?assetclass=etf&fromdate=2016-07-26&todate=2026-07-26&limit=5000
SDOW,2025-10-20,35.96,35.98,35,35.12,2659594,,https://api.nasdaq.com/api/quote/SDOW/historical?assetclass=etf&fromdate=2016-07-26&todate=2026-07-26&limit=5000
SDOW,2025-10-21,35.13,35.15,34.185,34.65,3168500,,https://api.nasdaq.com/api/quote/SDOW/historical?assetclass=etf&fromdate=2016-07-26&todate=2026-07-26&limit=5000
SDOW,2025-10-22,34.655,35.69,34.65,35.39,4707586,,https://api.nasdaq.com/api/quote/SDOW/historical?assetclass=etf&fromdate=2016-07-26&todate=2026-07-26&limit=5000
SDOW,2025-10-23,35.49,35.635,34.935,35.09,1916004,,https://api.nasdaq.com/api/quote/SDOW/historical?assetclass=etf&fromdate=2016-07-26&todate=2026-07-26&limit=5000
SDOW,2025-10-24,34.51,34.68,33.7935,34.04,3380624,,https://api.nasdaq.com/api/quote/SDOW/historical?assetclass=etf&fromdate=2016-07-26&todate=2026-07-26&limit=5000
SDOW,2025-10-27,33.5,33.7123,33.3,33.37,2150407,,https://api.nasdaq.com/api/quote/SDOW/historical?assetclass=etf&fromdate=2016-07-26&todate=2026-07-26&limit=5000
SDOW,2025-10-28,32.66,33.0699,32.53,32.99,3306543,,https://api.nasdaq.com/api/quote/SDOW/historical?assetclass=etf&fromdate=2016-07-26&todate=2026-07-26&limit=5000
SDOW,2025-10-29,32.71,33.56,32.345,33.14,7128899,,https://api.nasdaq.com/api/quote/SDOW/historical?assetclass=etf&fromdate=2016-07-26&todate=2026-07-26&limit=5000
SDOW,2025-10-30,33.67,33.7,32.4099,33.47,5393042,,https://api.nasdaq.com/api/quote/SDOW/historical?assetclass=etf&fromdate=2016-07-26&todate=2026-07-26&limit=5000
SDOW,2025-10-31,33.35,33.84,33.07,33.36,3972217,,https://api.nasdaq.com/api/quote/SDOW/historical?assetclass=etf&fromdate=2016-07-26&todate=2026-07-26&limit=5000
SDOW,2025-11-03,33.28,34.3,33.265,33.85,2612634,,https://api.nasdaq.com/api/quote/SDOW/historical?assetclass=etf&fromdate=2016-07-26&todate=2026-07-26&limit=5000
SDOW,2025-11-04,34.53,34.865,34.0367,34.4,3281784,,https://api.nasdaq.com/api/quote/SDOW/historical?assetclass=etf&fromdate=2016-07-26&todate=2026-07-26&limit=5000
SDOW,2025-11-05,34.45,34.54,33.63,33.94,3638638,,https://api.nasdaq.com/api/quote/SDOW/historical?assetclass=etf&fromdate=2016-07-26&todate=2026-07-26&limit=5000
SDOW,2025-11-06,34.19,35.0985,33.89,34.78,3745535,,https://api.nasdaq.com/api/quote/SDOW/historical?assetclass=etf&fromdate=2016-07-26&todate=2026-07-26&limit=5000
SDOW,2025-11-07,35.05,35.81,34.675,34.71,4488168,,https://api.nasdaq.com/api/quote/SDOW/historical?assetclass=etf&fromdate=2016-07-26&todate=2026-07-26&limit=5000
SDOW,2025-11-10,34.27,34.81,33.77,33.86,3451930,,https://api.nasdaq.com/api/quote/SDOW/historical?assetclass=etf&fromdate=2016-07-26&todate=2026-07-26&limit=5000
SDOW,2025-11-11,33.78,33.81,32.55,32.65,4536300,,https://api.nasdaq.com/api/quote/SDOW/historical?assetclass=etf&fromdate=2016-07-26&todate=2026-07-26&limit=5000
SDOW,2025-11-12,32.45,32.45,31.65,31.98,5190403,,https://api.nasdaq.com/api/quote/SDOW/historical?assetclass=etf&fromdate=2016-07-26&todate=2026-07-26&limit=5000
SDOW,2025-11-13,32.26,33.685,32.065,33.58,5326539,,https://api.nasdaq.com/api/quote/SDOW/historical?assetclass=etf&fromdate=2016-07-26&todate=2026-07-26&limit=5000
SDOW,2025-11-14,34.34,34.88,33.78,34.25,5240910,,https://api.nasdaq.com/api/quote/SDOW/historical?assetclass=etf&fromdate=2016-07-26&todate=2026-07-26&limit=5000
SDOW,2025-11-17,34.49,35.85,34.15,35.48,6080376,,https://api.nasdaq.com/api/quote/SDOW/historical?assetclass=etf&fromdate=2016-07-26&todate=2026-07-26&limit=5000
SDOW,2025-11-18,36.44,37.03,35.99,36.6,7592498,,https://api.nasdaq.com/api/quote/SDOW/historical?assetclass=etf&fromdate=2016-07-26&todate=2026-07-26&limit=5000
SDOW,2025-11-19,36.59,37.09,36.15,36.55,6151783,,https://api.nasdaq.com/api/quote/SDOW/historical?assetclass=etf&fromdate=2016-07-26&todate=2026-07-26&limit=5000
SDOW,2025-11-20,35.4,37.5096,34.82,37.43,12751720,,https://api.nasdaq.com/api/quote/SDOW/historical?assetclass=etf&fromdate=2016-07-26&todate=2026-07-26&limit=5000
SDOW,2025-11-21,36.98,37.38,35.44,36.22,13408110,,https://api.nasdaq.com/api/quote/SDOW/historical?assetclass=etf&fromdate=2016-07-26&todate=2026-07-26&limit=5000
SDOW,2025-11-24,35.96,36.6,35.47,35.81,4511646,,https://api.nasdaq.com/api/quote/SDOW/historical?assetclass=etf&fromdate=2016-07-26&todate=2026-07-26&limit=5000
SDOW,2025-11-25,35.56,36.04,34.1042,34.28,4687015,,https://api.nasdaq.com/api/quote/SDOW/historical?assetclass=etf&fromdate=2016-07-26&todate=2026-07-26&limit=5000
SDOW,2025-11-26,34.07,34.12,33.2803,33.6,3444760,,https://api.nasdaq.com/api/quote/SDOW/historical?assetclass=etf&fromdate=2016-07-26&todate=2026-07-26&limit=5000
SDOW,2025-11-28,33.47,33.52,32.94,33.04,1068162,,https://api.nasdaq.com/api/quote/SDOW/historical?assetclass=etf&fromdate=2016-07-26&todate=2026-07-26&limit=5000
SDOW,2025-12-01,33.63,33.925,33.09,33.84,2756357,,https://api.nasdaq.com/api/quote/SDOW/historical?assetclass=etf&fromdate=2016-07-26&todate=2026-07-26&limit=5000
SDOW,2025-12-02,33.67,33.91,33.1982,33.44,3387316,,https://api.nasdaq.com/api/quote/SDOW/historical?assetclass=etf&fromdate=2016-07-26&todate=2026-07-26&limit=5000
SDOW,2025-12-03,33.56,33.575,32.43,32.59,4276870,,https://api.nasdaq.com/api/quote/SDOW/historical?assetclass=etf&fromdate=2016-07-26&todate=2026-07-26&limit=5000
SDOW,2025-12-04,32.54,32.99,32.235,32.68,3711285,,https://api.nasdaq.com/api/quote/SDOW/historical?assetclass=etf&fromdate=2016-07-26&todate=2026-07-26&limit=5000
SDOW,2025-12-05,32.63,32.66,32.13,32.53,3386807,,https://api.nasdaq.com/api/quote/SDOW/historical?assetclass=etf&fromdate=2016-07-26&todate=2026-07-26&limit=5000
SDOW,2025-12-08,32.43,33.17,32.425,32.91,2912263,,https://api.nasdaq.com/api/quote/SDOW/historical?assetclass=etf&fromdate=2016-07-26&todate=2026-07-26&limit=5000
SDOW,2025-12-09,32.95,33.34,32.48,33.27,3595305,,https://api.nasdaq.com/api/quote/SDOW/historical?assetclass=etf&fromdate=2016-07-26&todate=2026-07-26&limit=5000
SDOW,2025-12-10,33.35,33.52,31.97,32.26,6175531,,https://api.nasdaq.com/api/quote/SDOW/historical?assetclass=etf&fromdate=2016-07-26&todate=2026-07-26&limit=5000
SDOW,2025-12-11,32.11,32.15,30.865,30.97,6835157,,https://api.nasdaq.com/api/quote/SDOW/historical?assetclass=etf&fromdate=2016-07-26&todate=2026-07-26&limit=5000
SDOW,2025-12-12,30.85,31.7015,30.66,31.47,7615293,,https://api.nasdaq.com/api/quote/SDOW/historical?assetclass=etf&fromdate=2016-07-26&todate=2026-07-26&limit=5000
SDOW,2025-12-15,31.06,31.81,31.04,31.53,3067070,,https://api.nasdaq.com/api/quote/SDOW/historical?assetclass=etf&fromdate=2016-07-26&todate=2026-07-26&limit=5000
SDOW,2025-12-16,31.68,32.48,31.47,32.17,3937144,,https://api.nasdaq.com/api/quote/SDOW/historical?assetclass=etf&fromdate=2016-07-26&todate=2026-07-26&limit=5000
SDOW,2025-12-17,32.02,32.67,31.62,32.63,4635849,,https://api.nasdaq.com/api/quote/SDOW/historical?assetclass=etf&fromdate=2016-07-26&todate=2026-07-26&limit=5000
SDOW,2025-12-18,32.15,32.71,31.64,32.49,2909740,,https://api.nasdaq.com/api/quote/SDOW/historical?assetclass=etf&fromdate=2016-07-26&todate=2026-07-26&limit=5000
SDOW,2025-12-19,32.29,32.32,31.84,32.19,2297702,,https://api.nasdaq.com/api/quote/SDOW/historical?assetclass=etf&fromdate=2016-07-26&todate=2026-07-26&limit=5000
SDOW,2025-12-22,32.05,32.05,31.5437,31.73,1707874,,https://api.nasdaq.com/api/quote/SDOW/historical?assetclass=etf&fromdate=2016-07-26&todate=2026-07-26&limit=5000
SDOW,2025-12-23,31.98,31.98,31.43,31.6,1907721,,https://api.nasdaq.com/api/quote/SDOW/historical?assetclass=etf&fromdate=2016-07-26&todate=2026-07-26&limit=5000
SDOW,2025-12-24,31.185,31.3,30.545,30.65,935530,,https://api.nasdaq.com/api/quote/SDOW/historical?assetclass=etf&fromdate=2016-07-26&todate=2026-07-26&limit=5000
SDOW,2025-12-26,30.71,30.92,30.565,30.68,906151,,https://api.nasdaq.com/api/quote/SDOW/historical?assetclass=etf&fromdate=2016-07-26&todate=2026-07-26&limit=5000
SDOW,2025-12-29,30.9,31.3,30.71,31.16,1320539,,https://api.nasdaq.com/api/quote/SDOW/historical?assetclass=etf&fromdate=2016-07-26&todate=2026-07-26&limit=5000
SDOW,2025-12-30,31.16,31.5,31.16,31.34,1078589,,https://api.nasdaq.com/api/quote/SDOW/historical?assetclass=etf&fromdate=2016-07-26&todate=2026-07-26&limit=5000
SDOW,2025-12-31,31.37,32.0099,31.34,31.95,1452840,,https://api.nasdaq.com/api/quote/SDOW/historical?assetclass=etf&fromdate=2016-07-26&todate=2026-07-26&limit=5000
SDOW,2026-01-02,31.745,32.445,31.335,31.39,4773838,,https://api.nasdaq.com/api/quote/SDOW/historical?assetclass=etf&fromdate=2016-07-26&todate=2026-07-26&limit=5000
SDOW,2026-01-05,31.26,31.28,29.775,30.2,7547345,,https://api.nasdaq.com/api/quote/SDOW/historical?assetclass=etf&fromdate=2016-07-26&todate=2026-07-26&limit=5000
SDOW,2026-01-06,30.295,30.37,29.2434,29.33,6247405,,https://api.nasdaq.com/api/quote/SDOW/historical?assetclass=etf&fromdate=2016-07-26&todate=2026-07-26&limit=5000
SDOW,2026-01-07,29.16,30.24,29.05,30.15,5415349,,https://api.nasdaq.com/api/quote/SDOW/historical?assetclass=etf&fromdate=2016-07-26&todate=2026-07-26&limit=5000
SDOW,2026-01-08,30.57,30.57,29.52,29.7,4670324,,https://api.nasdaq.com/api/quote/SDOW/historical?assetclass=etf&fromdate=2016-07-26&todate=2026-07-26&limit=5000
SDOW,2026-01-09,29.68,29.8499,29.17,29.28,5131182,,https://api.nasdaq.com/api/quote/SDOW/historical?assetclass=etf&fromdate=2016-07-26&todate=2026-07-26&limit=5000
SDOW,2026-01-12,29.78,30.18,29.06,29.14,3801527,,https://api.nasdaq.com/api/quote/SDOW/historical?assetclass=etf&fromdate=2016-07-26&todate=2026-07-26&limit=5000
SDOW,2026-01-13,29.21,30.08,29.14,29.86,5213750,,https://api.nasdaq.com/api/quote/SDOW/historical?assetclass=etf&fromdate=2016-07-26&todate=2026-07-26&limit=5000
SDOW,2026-01-14,30.1,30.4773,29.87,29.92,5276044,,https://api.nasdaq.com/api/quote/SDOW/historical?assetclass=etf&fromdate=2016-07-26&todate=2026-07-26&limit=5000
SDOW,2026-01-15,29.795,29.81,29.1601,29.41,6990870,,https://api.nasdaq.com/api/quote/SDOW/historical?assetclass=etf&fromdate=2016-07-26&todate=2026-07-26&limit=5000
SDOW,2026-01-16,29.42,29.82,29.15,29.6,3997408,,https://api.nasdaq.com/api/quote/SDOW/historical?assetclass=etf&fromdate=2016-07-26&todate=2026-07-26&limit=5000
SDOW,2026-01-20,30.935,31.27,30.4,31.16,5481798,,https://api.nasdaq.com/api/quote/SDOW/historical?assetclass=etf&fromdate=2016-07-26&todate=2026-07-26&limit=5000
SDOW,2026-01-21,31.02,31.03,29.6295,30.04,8432797,,https://api.nasdaq.com/api/quote/SDOW/historical?assetclass=etf&fromdate=2016-07-26&todate=2026-07-26&limit=5000
SDOW,2026-01-22,29.55,29.7389,29.08,29.5,4607758,,https://api.nasdaq.com/api/quote/SDOW/historical?assetclass=etf&fromdate=2016-07-26&todate=2026-07-26&limit=5000
SDOW,2026-01-23,29.89,30.28,29.82,30.03,2716682,,https://api.nasdaq.com/api/quote/SDOW/historical?assetclass=etf&fromdate=2016-07-26&todate=2026-07-26&limit=5000
SDOW,2026-01-26,29.89,29.9435,29.34,29.48,3514604,,https://api.nasdaq.com/api/quote/SDOW/historical?assetclass=etf&fromdate=2016-07-26&todate=2026-07-26&limit=5000
SDOW,2026-01-27,30.09,30.4701,29.93,30.21,2560807,,https://api.nasdaq.com/api/quote/SDOW/historical?assetclass=etf&fromdate=2016-07-26&todate=2026-07-26&limit=5000
SDOW,2026-01-28,30.16,30.42,29.97,30.2,2757596,,https://api.nasdaq.com/api/quote/SDOW/historical?assetclass=etf&fromdate=2016-07-26&todate=2026-07-26&limit=5000
SDOW,2026-01-29,30.23,30.99,29.6917,30.2,5891717,,https://api.nasdaq.com/api/quote/SDOW/historical?assetclass=etf&fromdate=2016-07-26&todate=2026-07-26&limit=5000
SDOW,2026-01-30,30.425,31.275,30.19,30.45,5322824,,https://api.nasdaq.com/api/quote/SDOW/historical?assetclass=etf&fromdate=2016-07-26&todate=2026-07-26&limit=5000
SDOW,2026-02-02,30.53,30.825,29.3835,29.52,4173839,,https://api.nasdaq.com/api/quote/SDOW/historical?assetclass=etf&fromdate=2016-07-26&todate=2026-07-26&limit=5000
SDOW,2026-02-03,29.7,30.57,29.0988,29.84,6691071,,https://api.nasdaq.com/api/quote/SDOW/historical?assetclass=etf&fromdate=2016-07-26&todate=2026-07-26&limit=5000
SDOW,2026-02-04,29.57,30.08,29.1,29.39,7549108,,https://api.nasdaq.com/api/quote/SDOW/historical?assetclass=etf&fromdate=2016-07-26&todate=2026-07-26&limit=5000
SDOW,2026-02-05,29.83,30.59,29.66,30.47,6148304,,https://api.nasdaq.com/api/quote/SDOW/historical?assetclass=etf&fromdate=2016-07-26&todate=2026-07-26&limit=5000
SDOW,2026-02-06,29.855,29.9,28.12,28.25,8533934,,https://api.nasdaq.com/api/quote/SDOW/historical?assetclass=etf&fromdate=2016-07-26&todate=2026-07-26&limit=5000
SDOW,2026-02-09,28.41,28.71,28.06,28.21,4605510,,https://api.nasdaq.com/api/quote/SDOW/historical?assetclass=etf&fromdate=2016-07-26&todate=2026-07-26&limit=5000
SDOW,2026-02-10,28.04,28.22,27.545,28.11,8676267,,https://api.nasdaq.com/api/quote/SDOW/historical?assetclass=etf&fromdate=2016-07-26&todate=2026-07-26&limit=5000
SDOW,2026-02-11,27.735,28.5826,27.581,28.21,6027809,,https://api.nasdaq.com/api/quote/SDOW/historical?assetclass=etf&fromdate=2016-07-26&todate=2026-07-26&limit=5000
SDOW,2026-02-12,27.92,29.405,27.685,29.36,9422435,,https://api.nasdaq.com/api/quote/SDOW/historical?assetclass=etf&fromdate=2016-07-26&todate=2026-07-26&limit=5000
SDOW,2026-02-13,29.34,30.01,28.85,29.3,8411750,,https://api.nasdaq.com/api/quote/SDOW/historical?assetclass=etf&fromdate=2016-07-26&todate=2026-07-26&limit=5000
SDOW,2026-02-17,29.3,29.86,28.9097,29.2,6437272,,https://api.nasdaq.com/api/quote/SDOW/historical?assetclass=etf&fromdate=2016-07-26&todate=2026-07-26&limit=5000
SDOW,2026-02-18,29.045,29.4201,28.6,29.01,4401008,,https://api.nasdaq.com/api/quote/SDOW/historical?assetclass=etf&fromdate=2016-07-26&todate=2026-07-26&limit=5000
SDOW,2026-02-19,29.28,29.82,29.11,29.46,4284536,,https://api.nasdaq.com/api/quote/SDOW/historical?assetclass=etf&fromdate=2016-07-26&todate=2026-07-26&limit=5000
SDOW,2026-02-20,29.72,29.93,28.9301,29.1,7398674,,https://api.nasdaq.com/api/quote/SDOW/historical?assetclass=etf&fromdate=2016-07-26&todate=2026-07-26&limit=5000
SDOW,2026-02-23,29.39,30.68,28.95,30.54,5913462,,https://api.nasdaq.com/api/quote/SDOW/historical?assetclass=etf&fromdate=2016-07-26&todate=2026-07-26&limit=5000
SDOW,2026-02-24,30.48,30.63,29.6323,29.85,3840522,,https://api.nasdaq.com/api/quote/SDOW/historical?assetclass=etf&fromdate=2016-07-26&todate=2026-07-26&limit=5000
SDOW,2026-02-25,29.51,29.815,29.25,29.29,3414207,,https://api.nasdaq.com/api/quote/SDOW/historical?assetclass=etf&fromdate=2016-07-26&todate=2026-07-26&limit=5000
SDOW,2026-02-26,28.91,29.76,28.7,29.3,6291967,,https://api.nasdaq.com/api/quote/SDOW/historical?assetclass=etf&fromdate=2016-07-26&todate=2026-07-26&limit=5000
SDOW,2026-02-27,30.26,30.77,30.02,30.24,6616188,,https://api.nasdaq.com/api/quote/SDOW/historical?assetclass=etf&fromdate=2016-07-26&todate=2026-07-26&limit=5000
SDOW,2026-03-02,31.25,31.285,30.02,30.35,10634680,,https://api.nasdaq.com/api/quote/SDOW/historical?assetclass=etf&fromdate=2016-07-26&todate=2026-07-26&limit=5000
SDOW,2026-03-03,32.05,32.67,30.69,31.06,13306010,,https://api.nasdaq.com/api/quote/SDOW/historical?assetclass=etf&fromdate=2016-07-26&todate=2026-07-26&limit=5000
SDOW,2026-03-04,30.83,31.345,30.38,30.64,7623429,,https://api.nasdaq.com/api/quote/SDOW/historical?assetclass=etf&fromdate=2016-07-26&todate=2026-07-26&limit=5000
SDOW,2026-03-05,31.385,32.81,31.06,32.12,9848687,,https://api.nasdaq.com/api/quote/SDOW/historical?assetclass=etf&fromdate=2016-07-26&todate=2026-07-26&limit=5000
SDOW,2026-03-06,33.4,34.05,32.9,33.08,10864320,,https://api.nasdaq.com/api/quote/SDOW/historical?assetclass=etf&fromdate=2016-07-26&todate=2026-07-26&limit=5000
SDOW,2026-03-09,34.02,34.89,32.25,32.55,12258760,,https://api.nasdaq.com/api/quote/SDOW/historical?assetclass=etf&fromdate=2016-07-26&todate=2026-07-26&limit=5000
SDOW,2026-03-10,32.58,33.15,31.55,32.59,11202100,,https://api.nasdaq.com/api/quote/SDOW/historical?assetclass=etf&fromdate=2016-07-26&todate=2026-07-26&limit=5000
SDOW,2026-03-11,32.67,33.6882,32.62,33.2,7250777,,https://api.nasdaq.com/api/quote/SDOW/historical?assetclass=etf&fromdate=2016-07-26&todate=2026-07-26&limit=5000
SDOW,2026-03-12,34.15,34.785,33.93,34.78,7624653,,https://api.nasdaq.com/api/quote/SDOW/historical?assetclass=etf&fromdate=2016-07-26&todate=2026-07-26&limit=5000
SDOW,2026-03-13,34.245,35.18,33.7694,35.04,7246628,,https://api.nasdaq.com/api/quote/SDOW/historical?assetclass=etf&fromdate=2016-07-26&todate=2026-07-26&limit=5000
SDOW,2026-03-16,34.23,34.47,33.64,34.19,5212266,,https://api.nasdaq.com/api/quote/SDOW/historical?assetclass=etf&fromdate=2016-07-26&todate=2026-07-26&limit=5000
SDOW,2026-03-17,33.53,34.1269,33.14,34.07,3867398,,https://api.nasdaq.com/api/quote/SDOW/historical?assetclass=etf&fromdate=2016-07-26&todate=2026-07-26&limit=5000
SDOW,2026-03-18,34.55,35.84,34.33,35.78,5655124,,https://api.nasdaq.com/api/quote/SDOW/historical?assetclass=etf&fromdate=2016-07-26&todate=2026-07-26&limit=5000
SDOW,2026-03-19,36.54,36.93,35.725,36.26,9470532,,https://api.nasdaq.com/api/quote/SDOW/historical?assetclass=etf&fromdate=2016-07-26&todate=2026-07-26&limit=5000
SDOW,2026-03-20,36.62,37.84,36.1807,37.28,10098510,,https://api.nasdaq.com/api/quote/SDOW/historical?assetclass=etf&fromdate=2016-07-26&todate=2026-07-26&limit=5000
SDOW,2026-03-23,35.475,36.06,34.57,35.82,14640350,,https://api.nasdaq.com/api/quote/SDOW/historical?assetclass=etf&fromdate=2016-07-26&todate=2026-07-26&limit=5000
SDOW,2026-03-24,36.635,36.86,35.37,36.02,9223075,,https://api.nasdaq.com/api/quote/SDOW/historical?assetclass=etf&fromdate=2016-07-26&todate=2026-07-26&limit=5000
SDOW,2026-03-25,34.72,35.63,34.37,35.07,9575768,,https://api.nasdaq.com/api/quote/SDOW/historical?assetclass=etf&fromdate=2016-07-26&todate=2026-07-26&limit=5000
SDOW,2026-03-26,35.68,36.28,34.815,36.18,9923506,,https://api.nasdaq.com/api/quote/SDOW/historical?assetclass=etf&fromdate=2016-07-26&todate=2026-07-26&limit=5000
SDOW,2026-03-27,36.72,38.3271,36.68,38.11,8817814,,https://api.nasdaq.com/api/quote/SDOW/historical?assetclass=etf&fromdate=2016-07-26&todate=2026-07-26&limit=5000
SDOW,2026-03-30,37.07,38.3691,36.93,37.96,9243767,,https://api.nasdaq.com/api/quote/SDOW/historical?assetclass=etf&fromdate=2016-07-26&todate=2026-07-26&limit=5000
SDOW,2026-03-31,36.78,37.32,35.025,35.21,14124710,,https://api.nasdaq.com/api/quote/SDOW/historical?assetclass=etf&fromdate=2016-07-26&todate=2026-07-26&limit=5000
SDOW,2026-04-01,34.535,34.885,34.12,34.65,6945066,,https://api.nasdaq.com/api/quote/SDOW/historical?assetclass=etf&fromdate=2016-07-26&todate=2026-07-26&limit=5000
SDOW,2026-04-02,35.91,36.19,34.25,34.82,9208895,,https://api.nasdaq.com/api/quote/SDOW/historical?assetclass=etf&fromdate=2016-07-26&todate=2026-07-26&limit=5000
SDOW,2026-04-06,35.05,35.18,34.3801,34.42,4279512,,https://api.nasdaq.com/api/quote/SDOW/historical?assetclass=etf&fromdate=2016-07-26&todate=2026-07-26&limit=5000
SDOW,2026-04-07,34.7,35.485,34.5549,34.63,8160812,,https://api.nasdaq.com/api/quote/SDOW/historical?assetclass=etf&fromdate=2016-07-26&todate=2026-07-26&limit=5000
SDOW,2026-04-08,31.78,32.5,31.47,31.72,8809324,,https://api.nasdaq.com/api/quote/SDOW/historical?assetclass=etf&fromdate=2016-07-26&todate=2026-07-26&limit=5000
SDOW,2026-04-09,32.05,32.13,30.895,31.17,6240876,,https://api.nasdaq.com/api/quote/SDOW/historical?assetclass=etf&fromdate=2016-07-26&todate=2026-07-26&limit=5000
SDOW,2026-04-10,31.16,31.84,31.1,31.72,3852915,,https://api.nasdaq.com/api/quote/SDOW/historical?assetclass=etf&fromdate=2016-07-26&todate=2026-07-26&limit=5000
SDOW,2026-04-13,32.35,32.54,31.13,31.16,6073554,,https://api.nasdaq.com/api/quote/SDOW/historical?assetclass=etf&fromdate=2016-07-26&todate=2026-07-26&limit=5000
SDOW,2026-04-14,31.11,31.22,30.43,30.52,4385048,,https://api.nasdaq.com/api/quote/SDOW/historical?assetclass=etf&fromdate=2016-07-26&todate=2026-07-26&limit=5000
SDOW,2026-04-15,30.35,31.0196,30.24,30.7,3296147,,https://api.nasdaq.com/api/quote/SDOW/historical?assetclass=etf&fromdate=2016-07-26&todate=2026-07-26&limit=5000
SDOW,2026-04-16,30.475,30.95,30.31,30.51,4600472,,https://api.nasdaq.com/api/quote/SDOW/historical?assetclass=etf&fromdate=2016-07-26&todate=2026-07-26&limit=5000
SDOW,2026-04-17,29.57,29.6,28.37,28.89,8446246,,https://api.nasdaq.com/api/quote/SDOW/historical?assetclass=etf&fromdate=2016-07-26&todate=2026-07-26&limit=5000
SDOW,2026-04-20,28.89,28.89,28.89,28.89,,MISSING_VOLUME,https://api.nasdaq.com/api/quote/SDOW/historical?assetclass=etf&fromdate=2016-07-26&todate=2026-07-26&limit=5000
SDOW,2026-04-21,28.39,29.5901,28.19,29.4,7892745,,https://api.nasdaq.com/api/quote/SDOW/historical?assetclass=etf&fromdate=2016-07-26&todate=2026-07-26&limit=5000
SDOW,2026-04-22,28.71,29.085,28.57,28.83,4243183,,https://api.nasdaq.com/api/quote/SDOW/historical?assetclass=etf&fromdate=2016-07-26&todate=2026-07-26&limit=5000
SDOW,2026-04-23,29.22,29.915,28.77,29.15,7888889,,https://api.nasdaq.com/api/quote/SDOW/historical?assetclass=etf&fromdate=2016-07-26&todate=2026-07-26&limit=5000
SDOW,2026-04-24,29.15,29.5699,29.09,29.32,3935974,,https://api.nasdaq.com/api/quote/SDOW/historical?assetclass=etf&fromdate=2016-07-26&todate=2026-07-26&limit=5000
SDOW,2026-04-27,29.44,29.665,29.085,29.4,3102098,,https://api.nasdaq.com/api/quote/SDOW/historical?assetclass=etf&fromdate=2016-07-26&todate=2026-07-26&limit=5000
SDOW,2026-04-28,29.11,29.595,29.05,29.48,4106239,,https://api.nasdaq.com/api/quote/SDOW/historical?assetclass=etf&fromdate=2016-07-26&todate=2026-07-26&limit=5000
SDOW,2026-04-29,29.56,30.285,29.485,29.97,4009214,,https://api.nasdaq.com/api/quote/SDOW/historical?assetclass=etf&fromdate=2016-07-26&todate=2026-07-26&limit=5000
SDOW,2026-04-30,29.57,29.675,28.37,28.54,5876120,,https://api.nasdaq.com/api/quote/SDOW/historical?assetclass=etf&fromdate=2016-07-26&todate=2026-07-26&limit=5000
SDOW,2026-05-01,28.2,28.85,28,28.84,4516654,,https://api.nasdaq.com/api/quote/SDOW/historical?assetclass=etf&fromdate=2016-07-26&todate=2026-07-26&limit=5000
SDOW,2026-05-04,29.13,29.905,28.97,29.8,5699171,,https://api.nasdaq.com/api/quote/SDOW/historical?assetclass=etf&fromdate=2016-07-26&todate=2026-07-26&limit=5000
SDOW,2026-05-05,29.4,29.735,29.0822,29.19,3731295,,https://api.nasdaq.com/api/quote/SDOW/historical?assetclass=etf&fromdate=2016-07-26&todate=2026-07-26&limit=5000
SDOW,2026-05-06,28.49,28.5,27.945,28.13,4547690,,https://api.nasdaq.com/api/quote/SDOW/historical?assetclass=etf&fromdate=2016-07-26&todate=2026-07-26&limit=5000
SDOW,2026-05-07,27.9,28.86,27.78,28.66,5661044,,https://api.nasdaq.com/api/quote/SDOW/historical?assetclass=etf&fromdate=2016-07-26&todate=2026-07-26&limit=5000
SDOW,2026-05-08,28.27,28.875,28.25,28.67,4335086,,https://api.nasdaq.com/api/quote/SDOW/historical?assetclass=etf&fromdate=2016-07-26&todate=2026-07-26&limit=5000
SDOW,2026-05-11,28.725,28.92,28.38,28.49,4792337,,https://api.nasdaq.com/api/quote/SDOW/historical?assetclass=etf&fromdate=2016-07-26&todate=2026-07-26&limit=5000
SDOW,2026-05-12,28.63,29.185,28.2901,28.37,5674673,,https://api.nasdaq.com/api/quote/SDOW/historical?assetclass=etf&fromdate=2016-07-26&todate=2026-07-26&limit=5000
SDOW,2026-05-13,28.67,28.955,28.445,28.53,3892619,,https://api.nasdaq.com/api/quote/SDOW/historical?assetclass=etf&fromdate=2016-07-26&todate=2026-07-26&limit=5000
SDOW,2026-05-14,27.805,28.2399,27.6779,27.92,4175945,,https://api.nasdaq.com/api/quote/SDOW/historical?assetclass=etf&fromdate=2016-07-26&todate=2026-07-26&limit=5000
SDOW,2026-05-15,28.45,28.85,28.41,28.79,3907263,,https://api.nasdaq.com/api/quote/SDOW/historical?assetclass=etf&fromdate=2016-07-26&todate=2026-07-26&limit=5000
SDOW,2026-05-18,28.76,29.12,28.41,28.51,6790148,,https://api.nasdaq.com/api/quote/SDOW/historical?assetclass=etf&fromdate=2016-07-26&todate=2026-07-26&limit=5000
SDOW,2026-05-19,28.92,29.285,28.6501,29.06,5480356,,https://api.nasdaq.com/api/quote/SDOW/historical?assetclass=etf&fromdate=2016-07-26&todate=2026-07-26&limit=5000
SDOW,2026-05-20,28.74,29.33,27.84,27.97,6348099,,https://api.nasdaq.com/api/quote/SDOW/historical?assetclass=etf&fromdate=2016-07-26&todate=2026-07-26&limit=5000
SDOW,2026-05-21,28.22,28.475,27.335,27.5,6104390,,https://api.nasdaq.com/api/quote/SDOW/historical?assetclass=etf&fromdate=2016-07-26&todate=2026-07-26&limit=5000
SDOW,2026-05-22,26.91,27.11,26.61,27.04,4585085,,https://api.nasdaq.com/api/quote/SDOW/historical?assetclass=etf&fromdate=2016-07-26&todate=2026-07-26&limit=5000
SDOW,2026-05-26,26.82,27.385,26.71,27.19,2683975,,https://api.nasdaq.com/api/quote/SDOW/historical?assetclass=etf&fromdate=2016-07-26&todate=2026-07-26&limit=5000
SDOW,2026-05-27,27.09,27.105,26.635,26.94,4139235,,https://api.nasdaq.com/api/quote/SDOW/historical?assetclass=etf&fromdate=2016-07-26&todate=2026-07-26&limit=5000
SDOW,2026-05-28,27.18,27.46,26.73,26.91,3612268,,https://api.nasdaq.com/api/quote/SDOW/historical?assetclass=etf&fromdate=2016-07-26&todate=2026-07-26&limit=5000
SDOW,2026-05-29,26.81,26.91,26.27,26.37,4484612,,https://api.nasdaq.com/api/quote/SDOW/historical?assetclass=etf&fromdate=2016-07-26&todate=2026-07-26&limit=5000
SDOW,2026-06-01,26.5,26.745,26.2,26.27,4839686,,https://api.nasdaq.com/api/quote/SDOW/historical?assetclass=etf&fromdate=2016-07-26&todate=2026-07-26&limit=5000
SDOW,2026-06-02,26.65,26.65,25.8,25.87,3048178,,https://api.nasdaq.com/api/quote/SDOW/historical?assetclass=etf&fromdate=2016-07-26&todate=2026-07-26&limit=5000
SDOW,2026-06-03,26.31,26.795,26.07,26.75,3587399,,https://api.nasdaq.com/api/quote/SDOW/historical?assetclass=etf&fromdate=2016-07-26&todate=2026-07-26&limit=5000
SDOW,2026-06-04,25.93,26.06,25.29,25.44,6379580,,https://api.nasdaq.com/api/quote/SDOW/historical?assetclass=etf&fromdate=2016-07-26&todate=2026-07-26&limit=5000
SDOW,2026-06-05,25.31,26.62,25.3,26.49,6622732,,https://api.nasdaq.com/api/quote/SDOW/historical?assetclass=etf&fromdate=2016-07-26&todate=2026-07-26&limit=5000
SDOW,2026-06-08,26.335,26.71,25.87,26.63,3633533,,https://api.nasdaq.com/api/quote/SDOW/historical?assetclass=etf&fromdate=2016-07-26&todate=2026-07-26&limit=5000
SDOW,2026-06-09,26.23,27.55,25.9,26.54,8324400,,https://api.nasdaq.com/api/quote/SDOW/historical?assetclass=etf&fromdate=2016-07-26&todate=2026-07-26&limit=5000
SDOW,2026-06-10,26.865,28,26.67,27.99,7163141,,https://api.nasdaq.com/api/quote/SDOW/historical?assetclass=etf&fromdate=2016-07-26&todate=2026-07-26&limit=5000
SDOW,2026-06-11,27.53,27.77,26.24,26.49,7259756,,https://api.nasdaq.com/api/quote/SDOW/historical?assetclass=etf&fromdate=2016-07-26&todate=2026-07-26&limit=5000
SDOW,2026-06-12,25.955,26.5,25.6,25.95,6184410,,https://api.nasdaq.com/api/quote/SDOW/historical?assetclass=etf&fromdate=2016-07-26&todate=2026-07-26&limit=5000
SDOW,2026-06-15,25.01,25.215,24.77,25.13,3379723,,https://api.nasdaq.com/api/quote/SDOW/historical?assetclass=etf&fromdate=2016-07-26&todate=2026-07-26&limit=5000
SDOW,2026-06-16,24.855,24.905,24.435,24.7,4044712,,https://api.nasdaq.com/api/quote/SDOW/historical?assetclass=etf&fromdate=2016-07-26&todate=2026-07-26&limit=5000
SDOW,2026-06-17,24.76,25.5879,24.32,25.45,7473203,,https://api.nasdaq.com/api/quote/SDOW/historical?assetclass=etf&fromdate=2016-07-26&todate=2026-07-26&limit=5000
SDOW,2026-06-18,24.95,25.396,24.815,25.38,2740927,,https://api.nasdaq.com/api/quote/SDOW/historical?assetclass=etf&fromdate=2016-07-26&todate=2026-07-26&limit=5000
SDOW,2026-06-22,25.21,25.31,24.9,25.18,2292932,,https://api.nasdaq.com/api/quote/SDOW/historical?assetclass=etf&fromdate=2016-07-26&todate=2026-07-26&limit=5000
SDOW,2026-06-23,25.52,25.77,24.945,25.26,3801070,,https://api.nasdaq.com/api/quote/SDOW/historical?assetclass=etf&fromdate=2016-07-26&todate=2026-07-26&limit=5000
SDOW,2026-06-24,25.1,25.125,24.1901,24.75,4056501,,https://api.nasdaq.com/api/quote/SDOW/historical?assetclass=etf&fromdate=2016-07-26&todate=2026-07-26&limit=5000
SDOW,2026-06-25,24.385,24.76,23.62,24.65,5679928,,https://api.nasdaq.com/api/quote/SDOW/historical?assetclass=etf&fromdate=2016-07-26&todate=2026-07-26&limit=5000
SDOW,2026-06-26,24.99,25.145,24.41,24.9,3995976,,https://api.nasdaq.com/api/quote/SDOW/historical?assetclass=etf&fromdate=2016-07-26&todate=2026-07-26&limit=5000
SDOW,2026-06-29,24.52,24.685,24.165,24.36,4007663,,https://api.nasdaq.com/api/quote/SDOW/historical?assetclass=etf&fromdate=2016-07-26&todate=2026-07-26&limit=5000
SDOW,2026-06-30,24.22,24.55,24.06,24.17,2136846,,https://api.nasdaq.com/api/quote/SDOW/historical?assetclass=etf&fromdate=2016-07-26&todate=2026-07-26&limit=5000
SDOW,2026-07-01,24.315,24.56,23.58,24.17,3175308,,https://api.nasdaq.com/api/quote/SDOW/historical?assetclass=etf&fromdate=2016-07-26&todate=2026-07-26&limit=5000
SDOW,2026-07-02,23.8,24.03,23.405,23.46,4999007,,https://api.nasdaq.com/api/quote/SDOW/historical?assetclass=etf&fromdate=2016-07-26&todate=2026-07-26&limit=5000
SDOW,2026-07-06,23.37,23.73,23.18,23.18,2554744,,https://api.nasdaq.com/api/quote/SDOW/historical?assetclass=etf&fromdate=2016-07-26&todate=2026-07-26&limit=5000
SDOW,2026-07-07,22.87,23.5678,22.85,23.39,3135440,,https://api.nasdaq.com/api/quote/SDOW/historical?assetclass=etf&fromdate=2016-07-26&todate=2026-07-26&limit=5000
SDOW,2026-07-08,24.09,24.51,23.93,24.15,3236316,,https://api.nasdaq.com/api/quote/SDOW/historical?assetclass=etf&fromdate=2016-07-26&todate=2026-07-26&limit=5000
SDOW,2026-07-09,24.06,24.25,23.84,23.96,1694732,,https://api.nasdaq.com/api/quote/SDOW/historical?assetclass=etf&fromdate=2016-07-26&todate=2026-07-26&limit=5000
SDOW,2026-07-10,23.79,24.33,23.69,23.78,2708900,,https://api.nasdaq.com/api/quote/SDOW/historical?assetclass=etf&fromdate=2016-07-26&todate=2026-07-26&limit=5000
SDOW,2026-07-13,23.79,24.18,23.5199,23.97,3298789,,https://api.nasdaq.com/api/quote/SDOW/historical?assetclass=etf&fromdate=2016-07-26&todate=2026-07-26&limit=5000
SDOW,2026-07-14,24.11,24.23,23.69,23.94,3601360,,https://api.nasdaq.com/api/quote/SDOW/historical?assetclass=etf&fromdate=2016-07-26&todate=2026-07-26&limit=5000
SDOW,2026-07-15,23.8,24.09,23.545,23.78,2926716,,https://api.nasdaq.com/api/quote/SDOW/historical?assetclass=etf&fromdate=2016-07-26&todate=2026-07-26&limit=5000
SDOW,2026-07-16,23.67,24.18,23.53,23.96,2706452,,https://api.nasdaq.com/api/quote/SDOW/historical?assetclass=etf&fromdate=2016-07-26&todate=2026-07-26&limit=5000
SDOW,2026-07-17,24.66,24.7738,23.885,24.5,3695154,,https://api.nasdaq.com/api/quote/SDOW/historical?assetclass=etf&fromdate=2016-07-26&todate=2026-07-26&limit=5000
SDOW,2026-07-20,24.34,25.02,24.15,24.92,2872668,,https://api.nasdaq.com/api/quote/SDOW/historical?assetclass=etf&fromdate=2016-07-26&todate=2026-07-26&limit=5000
SDOW,2026-07-21,24.69,24.9001,24.2,24.41,2251330,,https://api.nasdaq.com/api/quote/SDOW/historical?assetclass=etf&fromdate=2016-07-26&todate=2026-07-26&limit=5000
SDOW,2026-07-22,24.43,24.49,24.02,24.43,2580706,,https://api.nasdaq.com/api/quote/SDOW/historical?assetclass=etf&fromdate=2016-07-26&todate=2026-07-26&limit=5000
SDOW,2026-07-23,25.31,25.39,24.9,25.15,3461532,,https://api.nasdaq.com/api/quote/SDOW/historical?assetclass=etf&fromdate=2016-07-26&todate=2026-07-26&limit=5000
SDOW,2026-07-24,25.05,25.195,24.57,24.84,3309515,,https://api.nasdaq.com/api/quote/SDOW/historical?assetclass=etf&fromdate=2016-07-26&todate=2026-07-26&limit=5000
