Symbol,Date,Open,High,Low,Close,Volume,QualityFlag,SourceURL
SPXU,2016-07-26,9480,9580,9396,9460,9844,,https://api.nasdaq.com/api/quote/SPXU/historical?assetclass=etf&fromdate=2016-07-26&todate=2026-07-26&limit=5000
SPXU,2016-07-27,9396,9596,9386.48,9480,11968,,https://api.nasdaq.com/api/quote/SPXU/historical?assetclass=etf&fromdate=2016-07-26&todate=2026-07-26&limit=5000
SPXU,2016-07-28,9516,9580,9404,9452,7262,,https://api.nasdaq.com/api/quote/SPXU/historical?assetclass=etf&fromdate=2016-07-26&todate=2026-07-26&limit=5000
SPXU,2016-07-29,9492,9532,9348,9404,10674,,https://api.nasdaq.com/api/quote/SPXU/historical?assetclass=etf&fromdate=2016-07-26&todate=2026-07-26&limit=5000
SPXU,2016-08-01,9396,9496,9332,9436,10766,,https://api.nasdaq.com/api/quote/SPXU/historical?assetclass=etf&fromdate=2016-07-26&todate=2026-07-26&limit=5000
SPXU,2016-08-02,9460,9736,9440,9600,16167,,https://api.nasdaq.com/api/quote/SPXU/historical?assetclass=etf&fromdate=2016-07-26&todate=2026-07-26&limit=5000
SPXU,2016-08-03,9620,9664,9518,9528,9446,,https://api.nasdaq.com/api/quote/SPXU/historical?assetclass=etf&fromdate=2016-07-26&todate=2026-07-26&limit=5000
SPXU,2016-08-04,9508,9572,9444,9492,5533,,https://api.nasdaq.com/api/quote/SPXU/historical?assetclass=etf&fromdate=2016-07-26&todate=2026-07-26&limit=5000
SPXU,2016-08-05,9388,9404,9252,9272,14980,,https://api.nasdaq.com/api/quote/SPXU/historical?assetclass=etf&fromdate=2016-07-26&todate=2026-07-26&limit=5000
SPXU,2016-08-08,9228,9316,9216,9272,5471,,https://api.nasdaq.com/api/quote/SPXU/historical?assetclass=etf&fromdate=2016-07-26&todate=2026-07-26&limit=5000
SPXU,2016-08-09,9260,9308,9184,9256,8208,,https://api.nasdaq.com/api/quote/SPXU/historical?assetclass=etf&fromdate=2016-07-26&todate=2026-07-26&limit=5000
SPXU,2016-08-10,9244,9380,9232,9324,7315,,https://api.nasdaq.com/api/quote/SPXU/historical?assetclass=etf&fromdate=2016-07-26&todate=2026-07-26&limit=5000
SPXU,2016-08-11,9248,9292,9164,9204,9841,,https://api.nasdaq.com/api/quote/SPXU/historical?assetclass=etf&fromdate=2016-07-26&todate=2026-07-26&limit=5000
SPXU,2016-08-12,9240,9284,9192,9224,9476,,https://api.nasdaq.com/api/quote/SPXU/historical?assetclass=etf&fromdate=2016-07-26&todate=2026-07-26&limit=5000
SPXU,2016-08-15,9168,9168,9092,9132,7375,,https://api.nasdaq.com/api/quote/SPXU/historical?assetclass=etf&fromdate=2016-07-26&todate=2026-07-26&limit=5000
SPXU,2016-08-16,9208,9284,9196,9276,8282,,https://api.nasdaq.com/api/quote/SPXU/historical?assetclass=etf&fromdate=2016-07-26&todate=2026-07-26&limit=5000
SPXU,2016-08-17,9280,9404,9212,9228,11573,,https://api.nasdaq.com/api/quote/SPXU/historical?assetclass=etf&fromdate=2016-07-26&todate=2026-07-26&limit=5000
SPXU,2016-08-18,9240,9252,9164,9164,6619,,https://api.nasdaq.com/api/quote/SPXU/historical?assetclass=etf&fromdate=2016-07-26&todate=2026-07-26&limit=5000
SPXU,2016-08-19,9240,9308.4,9184,9204,9468,,https://api.nasdaq.com/api/quote/SPXU/historical?assetclass=etf&fromdate=2016-07-26&todate=2026-07-26&limit=5000
SPXU,2016-08-22,9248,9304,9180,9212,8961,,https://api.nasdaq.com/api/quote/SPXU/historical?assetclass=etf&fromdate=2016-07-26&todate=2026-07-26&limit=5000
SPXU,2016-08-23,9124,9164,9076,9156,8060,,https://api.nasdaq.com/api/quote/SPXU/historical?assetclass=etf&fromdate=2016-07-26&todate=2026-07-26&limit=5000
SPXU,2016-08-24,9180,9360,9164,9292,10365,,https://api.nasdaq.com/api/quote/SPXU/historical?assetclass=etf&fromdate=2016-07-26&todate=2026-07-26&limit=5000
SPXU,2016-08-25,9360,9380,9252,9320,17052,,https://api.nasdaq.com/api/quote/SPXU/historical?assetclass=etf&fromdate=2016-07-26&todate=2026-07-26&limit=5000
SPXU,2016-08-26,9290,9504,9136,9372,21869,,https://api.nasdaq.com/api/quote/SPXU/historical?assetclass=etf&fromdate=2016-07-26&todate=2026-07-26&limit=5000
SPXU,2016-08-29,9348,9350,9188,9228,12938,,https://api.nasdaq.com/api/quote/SPXU/historical?assetclass=etf&fromdate=2016-07-26&todate=2026-07-26&limit=5000
SPXU,2016-08-30,9240,9358.52,9203.6,9276,12149,,https://api.nasdaq.com/api/quote/SPXU/historical?assetclass=etf&fromdate=2016-07-26&todate=2026-07-26&limit=5000
SPXU,2016-08-31,9320,9468,9308,9352,12757,,https://api.nasdaq.com/api/quote/SPXU/historical?assetclass=etf&fromdate=2016-07-26&todate=2026-07-26&limit=5000
SPXU,2016-09-01,9356,9528,9308.4,9360,14963,,https://api.nasdaq.com/api/quote/SPXU/historical?assetclass=etf&fromdate=2016-07-26&todate=2026-07-26&limit=5000
SPXU,2016-09-02,9226,9314,9164,9232,13293,,https://api.nasdaq.com/api/quote/SPXU/historical?assetclass=etf&fromdate=2016-07-26&todate=2026-07-26&limit=5000
SPXU,2016-09-06,9186,9292,9136,9136.32,10737,,https://api.nasdaq.com/api/quote/SPXU/historical?assetclass=etf&fromdate=2016-07-26&todate=2026-07-26&limit=5000
SPXU,2016-09-07,9168,9234.4,9123.4,9136,8807,,https://api.nasdaq.com/api/quote/SPXU/historical?assetclass=etf&fromdate=2016-07-26&todate=2026-07-26&limit=5000
SPXU,2016-09-08,9196,9256,9156,9212,11391,,https://api.nasdaq.com/api/quote/SPXU/historical?assetclass=etf&fromdate=2016-07-26&todate=2026-07-26&limit=5000
SPXU,2016-09-09,9408,9872,9396,9868,28216,,https://api.nasdaq.com/api/quote/SPXU/historical?assetclass=etf&fromdate=2016-07-26&todate=2026-07-26&limit=5000
SPXU,2016-09-12,9996,10008,9380,9440,34924,,https://api.nasdaq.com/api/quote/SPXU/historical?assetclass=etf&fromdate=2016-07-26&todate=2026-07-26&limit=5000
SPXU,2016-09-13,9644,9944,9600,9860,32821,,https://api.nasdaq.com/api/quote/SPXU/historical?assetclass=etf&fromdate=2016-07-26&todate=2026-07-26&limit=5000
SPXU,2016-09-14,9852,9956,9650,9864,22853,,https://api.nasdaq.com/api/quote/SPXU/historical?assetclass=etf&fromdate=2016-07-26&todate=2026-07-26&limit=5000
SPXU,2016-09-15,9900,9920,9508,9568,18615,,https://api.nasdaq.com/api/quote/SPXU/historical?assetclass=etf&fromdate=2016-07-26&todate=2026-07-26&limit=5000
SPXU,2016-09-16,9668,9784.48,9640,9692,21694,,https://api.nasdaq.com/api/quote/SPXU/historical?assetclass=etf&fromdate=2016-07-26&todate=2026-07-26&limit=5000
SPXU,2016-09-19,9572,9724.84,9476,9668,12576,,https://api.nasdaq.com/api/quote/SPXU/historical?assetclass=etf&fromdate=2016-07-26&todate=2026-07-26&limit=5000
SPXU,2016-09-20,9540,9676,9512.04,9676,7831,,https://api.nasdaq.com/api/quote/SPXU/historical?assetclass=etf&fromdate=2016-07-26&todate=2026-07-26&limit=5000
SPXU,2016-09-21,9564,9672,9320,9344,28304,,https://api.nasdaq.com/api/quote/SPXU/historical?assetclass=etf&fromdate=2016-07-26&todate=2026-07-26&limit=5000
SPXU,2016-09-22,9192,9232,9124,9180,18447,,https://api.nasdaq.com/api/quote/SPXU/historical?assetclass=etf&fromdate=2016-07-26&todate=2026-07-26&limit=5000
SPXU,2016-09-23,9232,9334,9210,9316,8338,,https://api.nasdaq.com/api/quote/SPXU/historical?assetclass=etf&fromdate=2016-07-26&todate=2026-07-26&limit=5000
SPXU,2016-09-26,9448,9573.36,9420,9556,13269,,https://api.nasdaq.com/api/quote/SPXU/historical?assetclass=etf&fromdate=2016-07-26&todate=2026-07-26&limit=5000
SPXU,2016-09-27,9568,9628,9356,9372,10609,,https://api.nasdaq.com/api/quote/SPXU/historical?assetclass=etf&fromdate=2016-07-26&todate=2026-07-26&limit=5000
SPXU,2016-09-28,9336,9483.6,9208,9224,11308,,https://api.nasdaq.com/api/quote/SPXU/historical?assetclass=etf&fromdate=2016-07-26&todate=2026-07-26&limit=5000
SPXU,2016-09-29,9260,9560,9200,9476,18454,,https://api.nasdaq.com/api/quote/SPXU/historical?assetclass=etf&fromdate=2016-07-26&todate=2026-07-26&limit=5000
SPXU,2016-09-30,9356,9388,9160,9256,17215,,https://api.nasdaq.com/api/quote/SPXU/historical?assetclass=etf&fromdate=2016-07-26&todate=2026-07-26&limit=5000
SPXU,2016-10-03,9328,9424,9296.4,9336,10324,,https://api.nasdaq.com/api/quote/SPXU/historical?assetclass=etf&fromdate=2016-07-26&todate=2026-07-26&limit=5000
SPXU,2016-10-04,9312,9564,9280,9472,15809,,https://api.nasdaq.com/api/quote/SPXU/historical?assetclass=etf&fromdate=2016-07-26&todate=2026-07-26&limit=5000
SPXU,2016-10-05,9384,9384,9284,9352,8594,,https://api.nasdaq.com/api/quote/SPXU/historical?assetclass=etf&fromdate=2016-07-26&todate=2026-07-26&limit=5000
SPXU,2016-10-06,9384,9467.6,9296,9320,8291,,https://api.nasdaq.com/api/quote/SPXU/historical?assetclass=etf&fromdate=2016-07-26&todate=2026-07-26&limit=5000
SPXU,2016-10-07,9284,9540,9260,9420,14206,,https://api.nasdaq.com/api/quote/SPXU/historical?assetclass=etf&fromdate=2016-07-26&todate=2026-07-26&limit=5000
SPXU,2016-10-10,9282,9300.92,9210,9280,7750,,https://api.nasdaq.com/api/quote/SPXU/historical?assetclass=etf&fromdate=2016-07-26&todate=2026-07-26&limit=5000
SPXU,2016-10-11,9340,9740,9336,9628,19025,,https://api.nasdaq.com/api/quote/SPXU/historical?assetclass=etf&fromdate=2016-07-26&todate=2026-07-26&limit=5000
SPXU,2016-10-12,9616,9688,9512,9588,12477,,https://api.nasdaq.com/api/quote/SPXU/historical?assetclass=etf&fromdate=2016-07-26&todate=2026-07-26&limit=5000
SPXU,2016-10-13,9804,9930.08,9608,9684,17247,,https://api.nasdaq.com/api/quote/SPXU/historical?assetclass=etf&fromdate=2016-07-26&todate=2026-07-26&limit=5000
SPXU,2016-10-14,9532,9684,9456,9676,14452,,https://api.nasdaq.com/api/quote/SPXU/historical?assetclass=etf&fromdate=2016-07-26&todate=2026-07-26&limit=5000
SPXU,2016-10-17,9680,9800,9637.84,9768,10011,,https://api.nasdaq.com/api/quote/SPXU/historical?assetclass=etf&fromdate=2016-07-26&todate=2026-07-26&limit=5000
SPXU,2016-10-18,9520,9654,9512,9600,14654,,https://api.nasdaq.com/api/quote/SPXU/historical?assetclass=etf&fromdate=2016-07-26&todate=2026-07-26&limit=5000
SPXU,2016-10-19,9552,9606,9468,9524,8395,,https://api.nasdaq.com/api/quote/SPXU/historical?assetclass=etf&fromdate=2016-07-26&todate=2026-07-26&limit=5000
SPXU,2016-10-20,9572,9672,9480,9572,10468,,https://api.nasdaq.com/api/quote/SPXU/historical?assetclass=etf&fromdate=2016-07-26&todate=2026-07-26&limit=5000
SPXU,2016-10-21,9692,9716,9540.04,9556,8109,,https://api.nasdaq.com/api/quote/SPXU/historical?assetclass=etf&fromdate=2016-07-26&todate=2026-07-26&limit=5000
SPXU,2016-10-24,9424,9488,9376,9444,6868,,https://api.nasdaq.com/api/quote/SPXU/historical?assetclass=etf&fromdate=2016-07-26&todate=2026-07-26&limit=5000
SPXU,2016-10-25,9460,9552,9424,9524,10406,,https://api.nasdaq.com/api/quote/SPXU/historical?assetclass=etf&fromdate=2016-07-26&todate=2026-07-26&limit=5000
SPXU,2016-10-26,9652,9692,9496,9576,11359,,https://api.nasdaq.com/api/quote/SPXU/historical?assetclass=etf&fromdate=2016-07-26&todate=2026-07-26&limit=5000
SPXU,2016-10-27,9472,9675.96,9468,9668,13347,,https://api.nasdaq.com/api/quote/SPXU/historical?assetclass=etf&fromdate=2016-07-26&todate=2026-07-26&limit=5000
SPXU,2016-10-28,9672,9860,9560,9756,26075,,https://api.nasdaq.com/api/quote/SPXU/historical?assetclass=etf&fromdate=2016-07-26&todate=2026-07-26&limit=5000
SPXU,2016-10-31,9692,9774.72,9660,9764,9499,,https://api.nasdaq.com/api/quote/SPXU/historical?assetclass=etf&fromdate=2016-07-26&todate=2026-07-26&limit=5000
SPXU,2016-11-01,9700,10156,9692,9964,18119,,https://api.nasdaq.com/api/quote/SPXU/historical?assetclass=etf&fromdate=2016-07-26&todate=2026-07-26&limit=5000
SPXU,2016-11-02,10008,10212,9952,10152,19334,,https://api.nasdaq.com/api/quote/SPXU/historical?assetclass=etf&fromdate=2016-07-26&todate=2026-07-26&limit=5000
SPXU,2016-11-03,10108,10327.96,10068,10268,15808,,https://api.nasdaq.com/api/quote/SPXU/historical?assetclass=etf&fromdate=2016-07-26&todate=2026-07-26&limit=5000
SPXU,2016-11-04,10264,10336,10116.04,10316,17615,,https://api.nasdaq.com/api/quote/SPXU/historical?assetclass=etf&fromdate=2016-07-26&todate=2026-07-26&limit=5000
SPXU,2016-11-07,9884,9904,9624,9640,20751,,https://api.nasdaq.com/api/quote/SPXU/historical?assetclass=etf&fromdate=2016-07-26&todate=2026-07-26&limit=5000
SPXU,2016-11-08,9696,9738,9412,9500,16992,,https://api.nasdaq.com/api/quote/SPXU/historical?assetclass=etf&fromdate=2016-07-26&todate=2026-07-26&limit=5000
SPXU,2016-11-09,9744,9748,9106.36,9204,43237,,https://api.nasdaq.com/api/quote/SPXU/historical?assetclass=etf&fromdate=2016-07-26&todate=2026-07-26&limit=5000
SPXU,2016-11-10,9080,9344,8952,9132,31715,,https://api.nasdaq.com/api/quote/SPXU/historical?assetclass=etf&fromdate=2016-07-26&todate=2026-07-26&limit=5000
SPXU,2016-11-11,9236,9332,9158,9188,16303,,https://api.nasdaq.com/api/quote/SPXU/historical?assetclass=etf&fromdate=2016-07-26&todate=2026-07-26&limit=5000
SPXU,2016-11-14,9112,9280,9084,9180,11737,,https://api.nasdaq.com/api/quote/SPXU/historical?assetclass=etf&fromdate=2016-07-26&todate=2026-07-26&limit=5000
SPXU,2016-11-15,9116,9144,8956,8956,11469,,https://api.nasdaq.com/api/quote/SPXU/historical?assetclass=etf&fromdate=2016-07-26&todate=2026-07-26&limit=5000
SPXU,2016-11-16,9048,9064,8976,9000,7606,,https://api.nasdaq.com/api/quote/SPXU/historical?assetclass=etf&fromdate=2016-07-26&todate=2026-07-26&limit=5000
SPXU,2016-11-17,8984,9000,8864,8884,9916,,https://api.nasdaq.com/api/quote/SPXU/historical?assetclass=etf&fromdate=2016-07-26&todate=2026-07-26&limit=5000
SPXU,2016-11-18,8864,8960,8836,8924,7330,,https://api.nasdaq.com/api/quote/SPXU/historical?assetclass=etf&fromdate=2016-07-26&todate=2026-07-26&limit=5000
SPXU,2016-11-21,8848,8866,8724,8736,9179,,https://api.nasdaq.com/api/quote/SPXU/historical?assetclass=etf&fromdate=2016-07-26&todate=2026-07-26&limit=5000
SPXU,2016-11-22,8680,8780,8652,8688,9903,,https://api.nasdaq.com/api/quote/SPXU/historical?assetclass=etf&fromdate=2016-07-26&todate=2026-07-26&limit=5000
SPXU,2016-11-23,8744,8776,8656,8656,7468,,https://api.nasdaq.com/api/quote/SPXU/historical?assetclass=etf&fromdate=2016-07-26&todate=2026-07-26&limit=5000
SPXU,2016-11-25,8616,8627.96,8564,8564,4295,,https://api.nasdaq.com/api/quote/SPXU/historical?assetclass=etf&fromdate=2016-07-26&todate=2026-07-26&limit=5000
SPXU,2016-11-28,8608,8700,8572,8672,7783,,https://api.nasdaq.com/api/quote/SPXU/historical?assetclass=etf&fromdate=2016-07-26&todate=2026-07-26&limit=5000
SPXU,2016-11-29,8680,8724,8574,8632,8869,,https://api.nasdaq.com/api/quote/SPXU/historical?assetclass=etf&fromdate=2016-07-26&todate=2026-07-26&limit=5000
SPXU,2016-11-30,8548,8704,8528,8696,10611,,https://api.nasdaq.com/api/quote/SPXU/historical?assetclass=etf&fromdate=2016-07-26&todate=2026-07-26&limit=5000
SPXU,2016-12-01,8660,8844,8660,8796,11760,,https://api.nasdaq.com/api/quote/SPXU/historical?assetclass=etf&fromdate=2016-07-26&todate=2026-07-26&limit=5000
SPXU,2016-12-02,8784,8832,8712,8788,10072,,https://api.nasdaq.com/api/quote/SPXU/historical?assetclass=etf&fromdate=2016-07-26&todate=2026-07-26&limit=5000
SPXU,2016-12-05,8668,8692,8572,8628,11018,,https://api.nasdaq.com/api/quote/SPXU/historical?assetclass=etf&fromdate=2016-07-26&todate=2026-07-26&limit=5000
SPXU,2016-12-06,8596,8660,8536,8536,8985,,https://api.nasdaq.com/api/quote/SPXU/historical?assetclass=etf&fromdate=2016-07-26&todate=2026-07-26&limit=5000
SPXU,2016-12-07,8568,8579.6,8196,8216,17599,,https://api.nasdaq.com/api/quote/SPXU/historical?assetclass=etf&fromdate=2016-07-26&todate=2026-07-26&limit=5000
SPXU,2016-12-08,8204,8244,8084,8152,14784,,https://api.nasdaq.com/api/quote/SPXU/historical?assetclass=etf&fromdate=2016-07-26&todate=2026-07-26&limit=5000
SPXU,2016-12-09,8116,8120,8000,8008,12205,,https://api.nasdaq.com/api/quote/SPXU/historical?assetclass=etf&fromdate=2016-07-26&todate=2026-07-26&limit=5000
SPXU,2016-12-12,8012,8076,7950.44,8024,8902,,https://api.nasdaq.com/api/quote/SPXU/historical?assetclass=etf&fromdate=2016-07-26&todate=2026-07-26&limit=5000
SPXU,2016-12-13,7944,7948,7807.96,7864,14309,,https://api.nasdaq.com/api/quote/SPXU/historical?assetclass=etf&fromdate=2016-07-26&todate=2026-07-26&limit=5000
SPXU,2016-12-14,7904,8112,7818,8052,25240,,https://api.nasdaq.com/api/quote/SPXU/historical?assetclass=etf&fromdate=2016-07-26&todate=2026-07-26&limit=5000
SPXU,2016-12-15,8028,8047.6,7853.52,7960,11760,,https://api.nasdaq.com/api/quote/SPXU/historical?assetclass=etf&fromdate=2016-07-26&todate=2026-07-26&limit=5000
SPXU,2016-12-16,7904,8045.2,7900,7996,8297,,https://api.nasdaq.com/api/quote/SPXU/historical?assetclass=etf&fromdate=2016-07-26&todate=2026-07-26&limit=5000
SPXU,2016-12-19,7984,8003.96,7904,7952,6789,,https://api.nasdaq.com/api/quote/SPXU/historical?assetclass=etf&fromdate=2016-07-26&todate=2026-07-26&limit=5000
SPXU,2016-12-20,7884,7916,7844,7868,5774,,https://api.nasdaq.com/api/quote/SPXU/historical?assetclass=etf&fromdate=2016-07-26&todate=2026-07-26&limit=5000
SPXU,2016-12-21,7872,7932,7860,7932,5522,,https://api.nasdaq.com/api/quote/SPXU/historical?assetclass=etf&fromdate=2016-07-26&todate=2026-07-26&limit=5000
SPXU,2016-12-22,7948,8016,7936,7964,5877,,https://api.nasdaq.com/api/quote/SPXU/historical?assetclass=etf&fromdate=2016-07-26&todate=2026-07-26&limit=5000
SPXU,2016-12-23,7968,7988,7936,7948,2856,,https://api.nasdaq.com/api/quote/SPXU/historical?assetclass=etf&fromdate=2016-07-26&todate=2026-07-26&limit=5000
SPXU,2016-12-27,7904,7906.32,7832,7880,4411,,https://api.nasdaq.com/api/quote/SPXU/historical?assetclass=etf&fromdate=2016-07-26&todate=2026-07-26&limit=5000
SPXU,2016-12-28,7848,8088,7848,8072,8342,,https://api.nasdaq.com/api/quote/SPXU/historical?assetclass=etf&fromdate=2016-07-26&todate=2026-07-26&limit=5000
SPXU,2016-12-29,8068,8136,8024,8088,8092,,https://api.nasdaq.com/api/quote/SPXU/historical?assetclass=etf&fromdate=2016-07-26&todate=2026-07-26&limit=5000
SPXU,2016-12-30,8040,8256,8032,8164,11612,,https://api.nasdaq.com/api/quote/SPXU/historical?assetclass=etf&fromdate=2016-07-26&todate=2026-07-26&limit=5000
SPXU,2017-01-03,8000,8130.8,7916,7984,8924,,https://api.nasdaq.com/api/quote/SPXU/historical?assetclass=etf&fromdate=2016-07-26&todate=2026-07-26&limit=5000
SPXU,2017-01-04,7944,7948,7824,7848,9671,,https://api.nasdaq.com/api/quote/SPXU/historical?assetclass=etf&fromdate=2016-07-26&todate=2026-07-26&limit=5000
SPXU,2017-01-05,7876,7956,7840,7860,8262,,https://api.nasdaq.com/api/quote/SPXU/historical?assetclass=etf&fromdate=2016-07-26&todate=2026-07-26&limit=5000
SPXU,2017-01-06,7848,7912,7723.4,7780,10374,,https://api.nasdaq.com/api/quote/SPXU/historical?assetclass=etf&fromdate=2016-07-26&todate=2026-07-26&limit=5000
SPXU,2017-01-09,7812,7860,7792,7860,7011,,https://api.nasdaq.com/api/quote/SPXU/historical?assetclass=etf&fromdate=2016-07-26&todate=2026-07-26&limit=5000
SPXU,2017-01-10,7852,7900,7754,7856,6504,,https://api.nasdaq.com/api/quote/SPXU/historical?assetclass=etf&fromdate=2016-07-26&todate=2026-07-26&limit=5000
SPXU,2017-01-11,7872,7948,7788,7788,10820,,https://api.nasdaq.com/api/quote/SPXU/historical?assetclass=etf&fromdate=2016-07-26&todate=2026-07-26&limit=5000
SPXU,2017-01-12,7848,8008,7828,7840,11788,,https://api.nasdaq.com/api/quote/SPXU/historical?assetclass=etf&fromdate=2016-07-26&todate=2026-07-26&limit=5000
SPXU,2017-01-13,7828,7835.6,7760,7796,6380,,https://api.nasdaq.com/api/quote/SPXU/historical?assetclass=etf&fromdate=2016-07-26&todate=2026-07-26&limit=5000
SPXU,2017-01-17,7874,7924,7828,7880,9606,,https://api.nasdaq.com/api/quote/SPXU/historical?assetclass=etf&fromdate=2016-07-26&todate=2026-07-26&limit=5000
SPXU,2017-01-18,7852,7916,7824,7828,6696,,https://api.nasdaq.com/api/quote/SPXU/historical?assetclass=etf&fromdate=2016-07-26&todate=2026-07-26&limit=5000
SPXU,2017-01-19,7820,7967.88,7800,7916,7489,,https://api.nasdaq.com/api/quote/SPXU/historical?assetclass=etf&fromdate=2016-07-26&todate=2026-07-26&limit=5000
SPXU,2017-01-20,7832,7904,7768,7832,12967,,https://api.nasdaq.com/api/quote/SPXU/historical?assetclass=etf&fromdate=2016-07-26&todate=2026-07-26&limit=5000
SPXU,2017-01-23,7872,7980,7824,7880,11394,,https://api.nasdaq.com/api/quote/SPXU/historical?assetclass=etf&fromdate=2016-07-26&todate=2026-07-26&limit=5000
SPXU,2017-01-24,7860,7876,7688,7736,10984,,https://api.nasdaq.com/api/quote/SPXU/historical?assetclass=etf&fromdate=2016-07-26&todate=2026-07-26&limit=5000
SPXU,2017-01-25,7628,7648,7538,7548,11738,,https://api.nasdaq.com/api/quote/SPXU/historical?assetclass=etf&fromdate=2016-07-26&todate=2026-07-26&limit=5000
SPXU,2017-01-26,7560,7594,7524.04,7568,6780,,https://api.nasdaq.com/api/quote/SPXU/historical?assetclass=etf&fromdate=2016-07-26&todate=2026-07-26&limit=5000
SPXU,2017-01-27,7556,7616,7536,7600,5110,,https://api.nasdaq.com/api/quote/SPXU/historical?assetclass=etf&fromdate=2016-07-26&todate=2026-07-26&limit=5000
SPXU,2017-01-30,7680,7852,7676,7728,13650,,https://api.nasdaq.com/api/quote/SPXU/historical?assetclass=etf&fromdate=2016-07-26&todate=2026-07-26&limit=5000
SPXU,2017-01-31,7800,7868,7740,7748,10827,,https://api.nasdaq.com/api/quote/SPXU/historical?assetclass=etf&fromdate=2016-07-26&todate=2026-07-26&limit=5000
SPXU,2017-02-01,7668,7804,7636,7728,11743,,https://api.nasdaq.com/api/quote/SPXU/historical?assetclass=etf&fromdate=2016-07-26&todate=2026-07-26&limit=5000
SPXU,2017-02-02,7776,7816,7688,7716,8730,,https://api.nasdaq.com/api/quote/SPXU/historical?assetclass=etf&fromdate=2016-07-26&todate=2026-07-26&limit=5000
SPXU,2017-02-03,7612,7652,7540,7552,11780,,https://api.nasdaq.com/api/quote/SPXU/historical?assetclass=etf&fromdate=2016-07-26&todate=2026-07-26&limit=5000
SPXU,2017-02-06,7610,7640,7564,7600,6755,,https://api.nasdaq.com/api/quote/SPXU/historical?assetclass=etf&fromdate=2016-07-26&todate=2026-07-26&limit=5000
SPXU,2017-02-07,7552,7624,7530,7600,9144,,https://api.nasdaq.com/api/quote/SPXU/historical?assetclass=etf&fromdate=2016-07-26&todate=2026-07-26&limit=5000
SPXU,2017-02-08,7636,7664,7560,7568,8665,,https://api.nasdaq.com/api/quote/SPXU/historical?assetclass=etf&fromdate=2016-07-26&todate=2026-07-26&limit=5000
SPXU,2017-02-09,7540,7544,7404,7448,10758,,https://api.nasdaq.com/api/quote/SPXU/historical?assetclass=etf&fromdate=2016-07-26&todate=2026-07-26&limit=5000
SPXU,2017-02-10,7396,7412,7324,7352,7960,,https://api.nasdaq.com/api/quote/SPXU/historical?assetclass=etf&fromdate=2016-07-26&todate=2026-07-26&limit=5000
SPXU,2017-02-13,7292,7300,7200,7236,10208,,https://api.nasdaq.com/api/quote/SPXU/historical?assetclass=etf&fromdate=2016-07-26&todate=2026-07-26&limit=5000
SPXU,2017-02-14,7248,7285.6,7140,7140,10550,,https://api.nasdaq.com/api/quote/SPXU/historical?assetclass=etf&fromdate=2016-07-26&todate=2026-07-26&limit=5000
SPXU,2017-02-15,7172,7172,7012,7044,12792,,https://api.nasdaq.com/api/quote/SPXU/historical?assetclass=etf&fromdate=2016-07-26&todate=2026-07-26&limit=5000
SPXU,2017-02-16,7032,7128,7015,7048,13605,,https://api.nasdaq.com/api/quote/SPXU/historical?assetclass=etf&fromdate=2016-07-26&todate=2026-07-26&limit=5000
SPXU,2017-02-17,7124,7128,7020,7020,5650,,https://api.nasdaq.com/api/quote/SPXU/historical?assetclass=etf&fromdate=2016-07-26&todate=2026-07-26&limit=5000
SPXU,2017-02-21,6980,6980,6876,6896,12117,,https://api.nasdaq.com/api/quote/SPXU/historical?assetclass=etf&fromdate=2016-07-26&todate=2026-07-26&limit=5000
SPXU,2017-02-22,6936,6952,6888,6916,8639,,https://api.nasdaq.com/api/quote/SPXU/historical?assetclass=etf&fromdate=2016-07-26&todate=2026-07-26&limit=5000
SPXU,2017-02-23,6860,6974,6856,6896,8681,,https://api.nasdaq.com/api/quote/SPXU/historical?assetclass=etf&fromdate=2016-07-26&todate=2026-07-26&limit=5000
SPXU,2017-02-24,6984,6991.6,6868,6868,9032,,https://api.nasdaq.com/api/quote/SPXU/historical?assetclass=etf&fromdate=2016-07-26&todate=2026-07-26&limit=5000
SPXU,2017-02-27,6884,6908,6824,6840,7896,,https://api.nasdaq.com/api/quote/SPXU/historical?assetclass=etf&fromdate=2016-07-26&todate=2026-07-26&limit=5000
SPXU,2017-02-28,6880,6934,6856,6888,6429,,https://api.nasdaq.com/api/quote/SPXU/historical?assetclass=etf&fromdate=2016-07-26&todate=2026-07-26&limit=5000
SPXU,2017-03-01,6728,6732,6562.48,6612,18016,,https://api.nasdaq.com/api/quote/SPXU/historical?assetclass=etf&fromdate=2016-07-26&todate=2026-07-26&limit=5000
SPXU,2017-03-02,6628,6739.92,6628,6724,11375,,https://api.nasdaq.com/api/quote/SPXU/historical?assetclass=etf&fromdate=2016-07-26&todate=2026-07-26&limit=5000
SPXU,2017-03-03,6740,6780,6704,6716,9680,,https://api.nasdaq.com/api/quote/SPXU/historical?assetclass=etf&fromdate=2016-07-26&todate=2026-07-26&limit=5000
SPXU,2017-03-06,6800,6840,6748,6780,8892,,https://api.nasdaq.com/api/quote/SPXU/historical?assetclass=etf&fromdate=2016-07-26&todate=2026-07-26&limit=5000
SPXU,2017-03-07,6812,6861,6778,6840,7705,,https://api.nasdaq.com/api/quote/SPXU/historical?assetclass=etf&fromdate=2016-07-26&todate=2026-07-26&limit=5000
SPXU,2017-03-08,6812,6896,6788,6876,9793,,https://api.nasdaq.com/api/quote/SPXU/historical?assetclass=etf&fromdate=2016-07-26&todate=2026-07-26&limit=5000
SPXU,2017-03-09,6876,6956,6824,6856,11212,,https://api.nasdaq.com/api/quote/SPXU/historical?assetclass=etf&fromdate=2016-07-26&todate=2026-07-26&limit=5000
SPXU,2017-03-10,6756,6878,6752,6788,10546,,https://api.nasdaq.com/api/quote/SPXU/historical?assetclass=etf&fromdate=2016-07-26&todate=2026-07-26&limit=5000
SPXU,2017-03-13,6792,6823.6,6770,6772,5220,,https://api.nasdaq.com/api/quote/SPXU/historical?assetclass=etf&fromdate=2016-07-26&todate=2026-07-26&limit=5000
SPXU,2017-03-14,6828,6912,6820,6844,9163,,https://api.nasdaq.com/api/quote/SPXU/historical?assetclass=etf&fromdate=2016-07-26&todate=2026-07-26&limit=5000
SPXU,2017-03-15,6796,6820,6636,6680,13832,,https://api.nasdaq.com/api/quote/SPXU/historical?assetclass=etf&fromdate=2016-07-26&todate=2026-07-26&limit=5000
SPXU,2017-03-16,6660,6748,6656,6712,9708,,https://api.nasdaq.com/api/quote/SPXU/historical?assetclass=etf&fromdate=2016-07-26&todate=2026-07-26&limit=5000
SPXU,2017-03-17,6688,6744,6674,6740,6485,,https://api.nasdaq.com/api/quote/SPXU/historical?assetclass=etf&fromdate=2016-07-26&todate=2026-07-26&limit=5000
SPXU,2017-03-20,6756,6812,6724,6777.4,13367,,https://api.nasdaq.com/api/quote/SPXU/historical?assetclass=etf&fromdate=2016-07-26&todate=2026-07-26&limit=5000
SPXU,2017-03-21,6708,7048,6704,7032,24591,,https://api.nasdaq.com/api/quote/SPXU/historical?assetclass=etf&fromdate=2016-07-26&todate=2026-07-26&limit=5000
SPXU,2017-03-22,7034,7096,6960,6984,21490,,https://api.nasdaq.com/api/quote/SPXU/historical?assetclass=etf&fromdate=2016-07-26&todate=2026-07-26&limit=5000
SPXU,2017-03-23,7016,7048,6894,7016,16864,,https://api.nasdaq.com/api/quote/SPXU/historical?assetclass=etf&fromdate=2016-07-26&todate=2026-07-26&limit=5000
SPXU,2017-03-24,6976,7106,6920,7028,26714,,https://api.nasdaq.com/api/quote/SPXU/historical?assetclass=etf&fromdate=2016-07-26&todate=2026-07-26&limit=5000
SPXU,2017-03-27,7200,7226,7020,7052,15461,,https://api.nasdaq.com/api/quote/SPXU/historical?assetclass=etf&fromdate=2016-07-26&todate=2026-07-26&limit=5000
SPXU,2017-03-28,7076,7088,6848,6904,13042,,https://api.nasdaq.com/api/quote/SPXU/historical?assetclass=etf&fromdate=2016-07-26&todate=2026-07-26&limit=5000
SPXU,2017-03-29,6924,6948,6856,6876,9090,,https://api.nasdaq.com/api/quote/SPXU/historical?assetclass=etf&fromdate=2016-07-26&todate=2026-07-26&limit=5000
SPXU,2017-03-30,6884,6900,6792,6812,10029,,https://api.nasdaq.com/api/quote/SPXU/historical?assetclass=etf&fromdate=2016-07-26&todate=2026-07-26&limit=5000
SPXU,2017-03-31,6848,6864,6792.4,6860,7384,,https://api.nasdaq.com/api/quote/SPXU/historical?assetclass=etf&fromdate=2016-07-26&todate=2026-07-26&limit=5000
SPXU,2017-04-03,6852,7020,6832.4,6896,13928,,https://api.nasdaq.com/api/quote/SPXU/historical?assetclass=etf&fromdate=2016-07-26&todate=2026-07-26&limit=5000
SPXU,2017-04-04,6928,6960,6876,6876,13582,,https://api.nasdaq.com/api/quote/SPXU/historical?assetclass=etf&fromdate=2016-07-26&todate=2026-07-26&limit=5000
SPXU,2017-04-05,6816,6966.12,6718.84,6948,18495,,https://api.nasdaq.com/api/quote/SPXU/historical?assetclass=etf&fromdate=2016-07-26&todate=2026-07-26&limit=5000
SPXU,2017-04-06,6932,6976,6836,6888,16123,,https://api.nasdaq.com/api/quote/SPXU/historical?assetclass=etf&fromdate=2016-07-26&todate=2026-07-26&limit=5000
SPXU,2017-04-07,6916,6960,6840,6912,13140,,https://api.nasdaq.com/api/quote/SPXU/historical?assetclass=etf&fromdate=2016-07-26&todate=2026-07-26&limit=5000
SPXU,2017-04-10,6900,6950.16,6816,6896,13650,,https://api.nasdaq.com/api/quote/SPXU/historical?assetclass=etf&fromdate=2016-07-26&todate=2026-07-26&limit=5000
SPXU,2017-04-11,6936,7072,6916,6924,14604,,https://api.nasdaq.com/api/quote/SPXU/historical?assetclass=etf&fromdate=2016-07-26&todate=2026-07-26&limit=5000
SPXU,2017-04-12,6956,7040,6938,7012,10275,,https://api.nasdaq.com/api/quote/SPXU/historical?assetclass=etf&fromdate=2016-07-26&todate=2026-07-26&limit=5000
SPXU,2017-04-13,7052,7152,6976,7148,15665,,https://api.nasdaq.com/api/quote/SPXU/historical?assetclass=etf&fromdate=2016-07-26&todate=2026-07-26&limit=5000
SPXU,2017-04-17,7100,7116,6964,6968,10445,,https://api.nasdaq.com/api/quote/SPXU/historical?assetclass=etf&fromdate=2016-07-26&todate=2026-07-26&limit=5000
SPXU,2017-04-18,7040,7096,6974,7032,9178,,https://api.nasdaq.com/api/quote/SPXU/historical?assetclass=etf&fromdate=2016-07-26&todate=2026-07-26&limit=5000
SPXU,2017-04-19,6972,7092,6932,7064,10850,,https://api.nasdaq.com/api/quote/SPXU/historical?assetclass=etf&fromdate=2016-07-26&todate=2026-07-26&limit=5000
SPXU,2017-04-20,7008,7038,6850,6904,15510,,https://api.nasdaq.com/api/quote/SPXU/historical?assetclass=etf&fromdate=2016-07-26&todate=2026-07-26&limit=5000
SPXU,2017-04-21,6904,7004,6902,6964,9598,,https://api.nasdaq.com/api/quote/SPXU/historical?assetclass=etf&fromdate=2016-07-26&todate=2026-07-26&limit=5000
SPXU,2017-04-24,6732,6784,6712,6744,14338,,https://api.nasdaq.com/api/quote/SPXU/historical?assetclass=etf&fromdate=2016-07-26&todate=2026-07-26&limit=5000
SPXU,2017-04-25,6672,6680,6584,6620,13530,,https://api.nasdaq.com/api/quote/SPXU/historical?assetclass=etf&fromdate=2016-07-26&todate=2026-07-26&limit=5000
SPXU,2017-04-26,6620,6636,6536,6632,14590,,https://api.nasdaq.com/api/quote/SPXU/historical?assetclass=etf&fromdate=2016-07-26&todate=2026-07-26&limit=5000
SPXU,2017-04-27,6600,6668,6588,6608,9461,,https://api.nasdaq.com/api/quote/SPXU/historical?assetclass=etf&fromdate=2016-07-26&todate=2026-07-26&limit=5000
SPXU,2017-04-28,6592,6671.6,6588,6652,7284,,https://api.nasdaq.com/api/quote/SPXU/historical?assetclass=etf&fromdate=2016-07-26&todate=2026-07-26&limit=5000
SPXU,2017-05-01,6604,6652,6568,6612,7359,,https://api.nasdaq.com/api/quote/SPXU/historical?assetclass=etf&fromdate=2016-07-26&todate=2026-07-26&limit=5000
SPXU,2017-05-02,6596,6640,6584,6604,6845,,https://api.nasdaq.com/api/quote/SPXU/historical?assetclass=etf&fromdate=2016-07-26&todate=2026-07-26&limit=5000
SPXU,2017-05-03,6644,6690,6608,6624,10142,,https://api.nasdaq.com/api/quote/SPXU/historical?assetclass=etf&fromdate=2016-07-26&todate=2026-07-26&limit=5000
SPXU,2017-05-04,6596,6688,6592,6604,6289,,https://api.nasdaq.com/api/quote/SPXU/historical?assetclass=etf&fromdate=2016-07-26&todate=2026-07-26&limit=5000
SPXU,2017-05-05,6572,6611.84,6528,6528,5856,,https://api.nasdaq.com/api/quote/SPXU/historical?assetclass=etf&fromdate=2016-07-26&todate=2026-07-26&limit=5000
SPXU,2017-05-08,6520,6572,6509.64,6532,4841,,https://api.nasdaq.com/api/quote/SPXU/historical?assetclass=etf&fromdate=2016-07-26&todate=2026-07-26&limit=5000
SPXU,2017-05-09,6504,6580,6488,6548,7384,,https://api.nasdaq.com/api/quote/SPXU/historical?assetclass=etf&fromdate=2016-07-26&todate=2026-07-26&limit=5000
SPXU,2017-05-10,6560,6576,6516,6516,7117,,https://api.nasdaq.com/api/quote/SPXU/historical?assetclass=etf&fromdate=2016-07-26&todate=2026-07-26&limit=5000
SPXU,2017-05-11,6560,6658,6540,6548,8800,,https://api.nasdaq.com/api/quote/SPXU/historical?assetclass=etf&fromdate=2016-07-26&todate=2026-07-26&limit=5000
SPXU,2017-05-12,6580,6614,6572,6584,5643,,https://api.nasdaq.com/api/quote/SPXU/historical?assetclass=etf&fromdate=2016-07-26&todate=2026-07-26&limit=5000
SPXU,2017-05-15,6552,6552,6471.76,6492,8627,,https://api.nasdaq.com/api/quote/SPXU/historical?assetclass=etf&fromdate=2016-07-26&todate=2026-07-26&limit=5000
SPXU,2017-05-16,6460,6536,6452,6500,7592,,https://api.nasdaq.com/api/quote/SPXU/historical?assetclass=etf&fromdate=2016-07-26&todate=2026-07-26&limit=5000
SPXU,2017-05-17,6664,6852,6616,6840,20980,,https://api.nasdaq.com/api/quote/SPXU/historical?assetclass=etf&fromdate=2016-07-26&todate=2026-07-26&limit=5000
SPXU,2017-05-18,6860,6884,6682.16,6772,20189,,https://api.nasdaq.com/api/quote/SPXU/historical?assetclass=etf&fromdate=2016-07-26&todate=2026-07-26&limit=5000
SPXU,2017-05-19,6716,6724,6568.4,6640,15141,,https://api.nasdaq.com/api/quote/SPXU/historical?assetclass=etf&fromdate=2016-07-26&todate=2026-07-26&limit=5000
SPXU,2017-05-22,6588,6596,6520,6540,11673,,https://api.nasdaq.com/api/quote/SPXU/historical?assetclass=etf&fromdate=2016-07-26&todate=2026-07-26&limit=5000
SPXU,2017-05-23,6500,6534,6476,6488,11126,,https://api.nasdaq.com/api/quote/SPXU/historical?assetclass=etf&fromdate=2016-07-26&todate=2026-07-26&limit=5000
SPXU,2017-05-24,6472,6504,6436,6452,10409,,https://api.nasdaq.com/api/quote/SPXU/historical?assetclass=etf&fromdate=2016-07-26&todate=2026-07-26&limit=5000
SPXU,2017-05-25,6404,6416,6328,6356,14351,,https://api.nasdaq.com/api/quote/SPXU/historical?assetclass=etf&fromdate=2016-07-26&todate=2026-07-26&limit=5000
SPXU,2017-05-26,6372,6380,6348,6364,5021,,https://api.nasdaq.com/api/quote/SPXU/historical?assetclass=etf&fromdate=2016-07-26&todate=2026-07-26&limit=5000
SPXU,2017-05-30,6392,6403.08,6356,6368,6165,,https://api.nasdaq.com/api/quote/SPXU/historical?assetclass=etf&fromdate=2016-07-26&todate=2026-07-26&limit=5000
SPXU,2017-05-31,6348,6447.72,6348,6380,8295,,https://api.nasdaq.com/api/quote/SPXU/historical?assetclass=etf&fromdate=2016-07-26&todate=2026-07-26&limit=5000
SPXU,2017-06-01,6340,6368,6236,6236,10254,,https://api.nasdaq.com/api/quote/SPXU/historical?assetclass=etf&fromdate=2016-07-26&todate=2026-07-26&limit=5000
SPXU,2017-06-02,6224,6252,6156,6180,10398,,https://api.nasdaq.com/api/quote/SPXU/historical?assetclass=etf&fromdate=2016-07-26&todate=2026-07-26&limit=5000
SPXU,2017-06-05,6188,6200,6160.12,6184,5543,,https://api.nasdaq.com/api/quote/SPXU/historical?assetclass=etf&fromdate=2016-07-26&todate=2026-07-26&limit=5000
SPXU,2017-06-06,6240,6251.68,6184,6244,8640,,https://api.nasdaq.com/api/quote/SPXU/historical?assetclass=etf&fromdate=2016-07-26&todate=2026-07-26&limit=5000
SPXU,2017-06-07,6212,6275.6,6192,6212,6471,,https://api.nasdaq.com/api/quote/SPXU/historical?assetclass=etf&fromdate=2016-07-26&todate=2026-07-26&limit=5000
SPXU,2017-06-08,6200,6248,6160,6204,8418,,https://api.nasdaq.com/api/quote/SPXU/historical?assetclass=etf&fromdate=2016-07-26&todate=2026-07-26&limit=5000
SPXU,2017-06-09,6176,6340,6108,6228,19146,,https://api.nasdaq.com/api/quote/SPXU/historical?assetclass=etf&fromdate=2016-07-26&todate=2026-07-26&limit=5000
SPXU,2017-06-12,6252,6308,6228,6232,10307,,https://api.nasdaq.com/api/quote/SPXU/historical?assetclass=etf&fromdate=2016-07-26&todate=2026-07-26&limit=5000
SPXU,2017-06-13,6184,6216.12,6140,6140,7830,,https://api.nasdaq.com/api/quote/SPXU/historical?assetclass=etf&fromdate=2016-07-26&todate=2026-07-26&limit=5000
SPXU,2017-06-14,6120,6238,6120,6164,17533,,https://api.nasdaq.com/api/quote/SPXU/historical?assetclass=etf&fromdate=2016-07-26&todate=2026-07-26&limit=5000
SPXU,2017-06-15,6288,6312,6194,6208,10401,,https://api.nasdaq.com/api/quote/SPXU/historical?assetclass=etf&fromdate=2016-07-26&todate=2026-07-26&limit=5000
SPXU,2017-06-16,6196,6278,6192,6200,7311,,https://api.nasdaq.com/api/quote/SPXU/historical?assetclass=etf&fromdate=2016-07-26&todate=2026-07-26&limit=5000
SPXU,2017-06-19,6132,6140,6044,6056,11842,,https://api.nasdaq.com/api/quote/SPXU/historical?assetclass=etf&fromdate=2016-07-26&todate=2026-07-26&limit=5000
SPXU,2017-06-20,6080,6172,6076,6172,12839,,https://api.nasdaq.com/api/quote/SPXU/historical?assetclass=etf&fromdate=2016-07-26&todate=2026-07-26&limit=5000
SPXU,2017-06-21,6144,6216,6128,6168,10538,,https://api.nasdaq.com/api/quote/SPXU/historical?assetclass=etf&fromdate=2016-07-26&todate=2026-07-26&limit=5000
SPXU,2017-06-22,6176,6204,6132.4,6188,15224,,https://api.nasdaq.com/api/quote/SPXU/historical?assetclass=etf&fromdate=2016-07-26&todate=2026-07-26&limit=5000
SPXU,2017-06-23,6184,6215.6,6137.12,6164,13224,,https://api.nasdaq.com/api/quote/SPXU/historical?assetclass=etf&fromdate=2016-07-26&todate=2026-07-26&limit=5000
SPXU,2017-06-26,6104,6172,6068,6152,9071,,https://api.nasdaq.com/api/quote/SPXU/historical?assetclass=etf&fromdate=2016-07-26&todate=2026-07-26&limit=5000
SPXU,2017-06-27,6172,6304,6146,6296,25917,,https://api.nasdaq.com/api/quote/SPXU/historical?assetclass=etf&fromdate=2016-07-26&todate=2026-07-26&limit=5000
SPXU,2017-06-28,6212,6236,6116,6140,17495,,https://api.nasdaq.com/api/quote/SPXU/historical?assetclass=etf&fromdate=2016-07-26&todate=2026-07-26&limit=5000
SPXU,2017-06-29,6124,6400.28,6116,6292,27022,,https://api.nasdaq.com/api/quote/SPXU/historical?assetclass=etf&fromdate=2016-07-26&todate=2026-07-26&limit=5000
SPXU,2017-06-30,6228,6280,6192,6260,11220,,https://api.nasdaq.com/api/quote/SPXU/historical?assetclass=etf&fromdate=2016-07-26&todate=2026-07-26&limit=5000
SPXU,2017-07-03,6180,6228,6140,6228,6122,,https://api.nasdaq.com/api/quote/SPXU/historical?assetclass=etf&fromdate=2016-07-26&todate=2026-07-26&limit=5000
SPXU,2017-07-05,6204,6272,6172,6196,8063,,https://api.nasdaq.com/api/quote/SPXU/historical?assetclass=etf&fromdate=2016-07-26&todate=2026-07-26&limit=5000
SPXU,2017-07-06,6264,6376,6250,6360,11273,,https://api.nasdaq.com/api/quote/SPXU/historical?assetclass=etf&fromdate=2016-07-26&todate=2026-07-26&limit=5000
SPXU,2017-07-07,6312,6323.6,6224.4,6248,9675,,https://api.nasdaq.com/api/quote/SPXU/historical?assetclass=etf&fromdate=2016-07-26&todate=2026-07-26&limit=5000
SPXU,2017-07-10,6248,6264,6184.4,6216,4668,,https://api.nasdaq.com/api/quote/SPXU/historical?assetclass=etf&fromdate=2016-07-26&todate=2026-07-26&limit=5000
SPXU,2017-07-11,6236,6336,6204,6240,9024,,https://api.nasdaq.com/api/quote/SPXU/historical?assetclass=etf&fromdate=2016-07-26&todate=2026-07-26&limit=5000
SPXU,2017-07-12,6148,6150,6080,6096,9839,,https://api.nasdaq.com/api/quote/SPXU/historical?assetclass=etf&fromdate=2016-07-26&todate=2026-07-26&limit=5000
SPXU,2017-07-13,6092,6114.52,6056,6068,7253,,https://api.nasdaq.com/api/quote/SPXU/historical?assetclass=etf&fromdate=2016-07-26&todate=2026-07-26&limit=5000
SPXU,2017-07-14,6068,6072,5948,5980,23075,,https://api.nasdaq.com/api/quote/SPXU/historical?assetclass=etf&fromdate=2016-07-26&todate=2026-07-26&limit=5000
SPXU,2017-07-17,5992,5998,5956,5984,7859,,https://api.nasdaq.com/api/quote/SPXU/historical?assetclass=etf&fromdate=2016-07-26&todate=2026-07-26&limit=5000
SPXU,2017-07-18,6016,6047.92,5968,5968,13344,,https://api.nasdaq.com/api/quote/SPXU/historical?assetclass=etf&fromdate=2016-07-26&todate=2026-07-26&limit=5000
SPXU,2017-07-19,5948,5948,5880,5880,23767,,https://api.nasdaq.com/api/quote/SPXU/historical?assetclass=etf&fromdate=2016-07-26&todate=2026-07-26&limit=5000
SPXU,2017-07-20,5856,5916,5848,5880,33281,,https://api.nasdaq.com/api/quote/SPXU/historical?assetclass=etf&fromdate=2016-07-26&todate=2026-07-26&limit=5000
SPXU,2017-07-21,5920,5938,5884,5892,9884,,https://api.nasdaq.com/api/quote/SPXU/historical?assetclass=etf&fromdate=2016-07-26&todate=2026-07-26&limit=5000
SPXU,2017-07-24,5892,5930,5880,5880,20486,,https://api.nasdaq.com/api/quote/SPXU/historical?assetclass=etf&fromdate=2016-07-26&todate=2026-07-26&limit=5000
SPXU,2017-07-25,5832,5868,5820,5856,7506,,https://api.nasdaq.com/api/quote/SPXU/historical?assetclass=etf&fromdate=2016-07-26&todate=2026-07-26&limit=5000
SPXU,2017-07-26,5832,5872,5824,5848,12063,,https://api.nasdaq.com/api/quote/SPXU/historical?assetclass=etf&fromdate=2016-07-26&todate=2026-07-26&limit=5000
SPXU,2017-07-27,5816,5974,5812,5868,25094,,https://api.nasdaq.com/api/quote/SPXU/historical?assetclass=etf&fromdate=2016-07-26&todate=2026-07-26&limit=5000
SPXU,2017-07-28,5912,5944,5880,5888,14592,,https://api.nasdaq.com/api/quote/SPXU/historical?assetclass=etf&fromdate=2016-07-26&todate=2026-07-26&limit=5000
SPXU,2017-07-31,5856,5918,5852,5900,12122,,https://api.nasdaq.com/api/quote/SPXU/historical?assetclass=etf&fromdate=2016-07-26&todate=2026-07-26&limit=5000
SPXU,2017-08-01,5852,5896,5850,5864,14307,,https://api.nasdaq.com/api/quote/SPXU/historical?assetclass=etf&fromdate=2016-07-26&todate=2026-07-26&limit=5000
SPXU,2017-08-02,5852,5932,5844,5856,16219,,https://api.nasdaq.com/api/quote/SPXU/historical?assetclass=etf&fromdate=2016-07-26&todate=2026-07-26&limit=5000
SPXU,2017-08-03,5868,5912,5864,5888,11497,,https://api.nasdaq.com/api/quote/SPXU/historical?assetclass=etf&fromdate=2016-07-26&todate=2026-07-26&limit=5000
SPXU,2017-08-04,5852,5891.96,5832.04,5864,24174,,https://api.nasdaq.com/api/quote/SPXU/historical?assetclass=etf&fromdate=2016-07-26&todate=2026-07-26&limit=5000
SPXU,2017-08-07,5856,5864,5824,5832,15457,,https://api.nasdaq.com/api/quote/SPXU/historical?assetclass=etf&fromdate=2016-07-26&todate=2026-07-26&limit=5000
SPXU,2017-08-08,5856,5902,5752,5876,26428,,https://api.nasdaq.com/api/quote/SPXU/historical?assetclass=etf&fromdate=2016-07-26&todate=2026-07-26&limit=5000
SPXU,2017-08-09,5932,5960,5868,5872,21113,,https://api.nasdaq.com/api/quote/SPXU/historical?assetclass=etf&fromdate=2016-07-26&todate=2026-07-26&limit=5000
SPXU,2017-08-10,5944,6126.12,5928,6116,27106,,https://api.nasdaq.com/api/quote/SPXU/historical?assetclass=etf&fromdate=2016-07-26&todate=2026-07-26&limit=5000
SPXU,2017-08-11,6104,6124,6045.52,6100,20043,,https://api.nasdaq.com/api/quote/SPXU/historical?assetclass=etf&fromdate=2016-07-26&todate=2026-07-26&limit=5000
SPXU,2017-08-14,5988,5992,5896,5916,18565,,https://api.nasdaq.com/api/quote/SPXU/historical?assetclass=etf&fromdate=2016-07-26&todate=2026-07-26&limit=5000
SPXU,2017-08-15,5884,5943.2,5884,5916,17630,,https://api.nasdaq.com/api/quote/SPXU/historical?assetclass=etf&fromdate=2016-07-26&todate=2026-07-26&limit=5000
SPXU,2017-08-16,5876,5924,5844,5890.24,21097,,https://api.nasdaq.com/api/quote/SPXU/historical?assetclass=etf&fromdate=2016-07-26&todate=2026-07-26&limit=5000
SPXU,2017-08-17,5940,6164,5914,6160,34085,,https://api.nasdaq.com/api/quote/SPXU/historical?assetclass=etf&fromdate=2016-07-26&todate=2026-07-26&limit=5000
SPXU,2017-08-18,6184,6236,6086,6204,29892,,https://api.nasdaq.com/api/quote/SPXU/historical?assetclass=etf&fromdate=2016-07-26&todate=2026-07-26&limit=5000
SPXU,2017-08-21,6204,6264,6160,6172,23553,,https://api.nasdaq.com/api/quote/SPXU/historical?assetclass=etf&fromdate=2016-07-26&todate=2026-07-26&limit=5000
SPXU,2017-08-22,6128,6132,5976,5996,10765,,https://api.nasdaq.com/api/quote/SPXU/historical?assetclass=etf&fromdate=2016-07-26&todate=2026-07-26&limit=5000
SPXU,2017-08-23,6076,6084,6020,6052,11759,,https://api.nasdaq.com/api/quote/SPXU/historical?assetclass=etf&fromdate=2016-07-26&todate=2026-07-26&limit=5000
SPXU,2017-08-24,6020,6116,6008,6096,19523,,https://api.nasdaq.com/api/quote/SPXU/historical?assetclass=etf&fromdate=2016-07-26&todate=2026-07-26&limit=5000
SPXU,2017-08-25,6032,6068,5976.04,6068,15046,,https://api.nasdaq.com/api/quote/SPXU/historical?assetclass=etf&fromdate=2016-07-26&todate=2026-07-26&limit=5000
SPXU,2017-08-28,6014,6092,6012,6060,10410,,https://api.nasdaq.com/api/quote/SPXU/historical?assetclass=etf&fromdate=2016-07-26&todate=2026-07-26&limit=5000
SPXU,2017-08-29,6168,6176,6016,6040,15362,,https://api.nasdaq.com/api/quote/SPXU/historical?assetclass=etf&fromdate=2016-07-26&todate=2026-07-26&limit=5000
SPXU,2017-08-30,6040,6056,5928,5948,19597,,https://api.nasdaq.com/api/quote/SPXU/historical?assetclass=etf&fromdate=2016-07-26&todate=2026-07-26&limit=5000
SPXU,2017-08-31,5900,5908,5824,5852,14163,,https://api.nasdaq.com/api/quote/SPXU/historical?assetclass=etf&fromdate=2016-07-26&todate=2026-07-26&limit=5000
SPXU,2017-09-01,5820,5832,5784,5820,20782,,https://api.nasdaq.com/api/quote/SPXU/historical?assetclass=etf&fromdate=2016-07-26&todate=2026-07-26&limit=5000
SPXU,2017-09-05,5868,6028,5844,5948,22172,,https://api.nasdaq.com/api/quote/SPXU/historical?assetclass=etf&fromdate=2016-07-26&todate=2026-07-26&limit=5000
SPXU,2017-09-06,5892,5938.48,5860,5888,12529,,https://api.nasdaq.com/api/quote/SPXU/historical?assetclass=etf&fromdate=2016-07-26&todate=2026-07-26&limit=5000
SPXU,2017-09-07,5864,5928,5864,5888,15799,,https://api.nasdaq.com/api/quote/SPXU/historical?assetclass=etf&fromdate=2016-07-26&todate=2026-07-26&limit=5000
SPXU,2017-09-08,5920,5932,5876,5916,19375,,https://api.nasdaq.com/api/quote/SPXU/historical?assetclass=etf&fromdate=2016-07-26&todate=2026-07-26&limit=5000
SPXU,2017-09-11,5804,5808.04,5716,5728,20388,,https://api.nasdaq.com/api/quote/SPXU/historical?assetclass=etf&fromdate=2016-07-26&todate=2026-07-26&limit=5000
SPXU,2017-09-12,5700,5710,5668,5668,13266,,https://api.nasdaq.com/api/quote/SPXU/historical?assetclass=etf&fromdate=2016-07-26&todate=2026-07-26&limit=5000
SPXU,2017-09-13,5692,5698,5656,5660,6546,,https://api.nasdaq.com/api/quote/SPXU/historical?assetclass=etf&fromdate=2016-07-26&todate=2026-07-26&limit=5000
SPXU,2017-09-14,5684,5700,5652,5672,6124,,https://api.nasdaq.com/api/quote/SPXU/historical?assetclass=etf&fromdate=2016-07-26&todate=2026-07-26&limit=5000
SPXU,2017-09-15,5680,5686,5636,5636,7943,,https://api.nasdaq.com/api/quote/SPXU/historical?assetclass=etf&fromdate=2016-07-26&todate=2026-07-26&limit=5000
SPXU,2017-09-18,5612,5640,5582,5620,11983,,https://api.nasdaq.com/api/quote/SPXU/historical?assetclass=etf&fromdate=2016-07-26&todate=2026-07-26&limit=5000
SPXU,2017-09-19,5592,5619.6,5584,5596,9305,,https://api.nasdaq.com/api/quote/SPXU/historical?assetclass=etf&fromdate=2016-07-26&todate=2026-07-26&limit=5000
SPXU,2017-09-20,5588,5664,5576,5588,15200,,https://api.nasdaq.com/api/quote/SPXU/historical?assetclass=etf&fromdate=2016-07-26&todate=2026-07-26&limit=5000
SPXU,2017-09-21,5600,5644,5592,5636,9936,,https://api.nasdaq.com/api/quote/SPXU/historical?assetclass=etf&fromdate=2016-07-26&todate=2026-07-26&limit=5000
SPXU,2017-09-22,5660,5660,5616,5628,10832,,https://api.nasdaq.com/api/quote/SPXU/historical?assetclass=etf&fromdate=2016-07-26&todate=2026-07-26&limit=5000
SPXU,2017-09-25,5652,5724,5624,5660,17368,,https://api.nasdaq.com/api/quote/SPXU/historical?assetclass=etf&fromdate=2016-07-26&todate=2026-07-26&limit=5000
SPXU,2017-09-26,5636,5676,5616,5656,8594,,https://api.nasdaq.com/api/quote/SPXU/historical?assetclass=etf&fromdate=2016-07-26&todate=2026-07-26&limit=5000
SPXU,2017-09-27,5600,5668.4,5560,5588,18761,,https://api.nasdaq.com/api/quote/SPXU/historical?assetclass=etf&fromdate=2016-07-26&todate=2026-07-26&limit=5000
SPXU,2017-09-28,5612,5620,5568,5580,4713,,https://api.nasdaq.com/api/quote/SPXU/historical?assetclass=etf&fromdate=2016-07-26&todate=2026-07-26&limit=5000
SPXU,2017-09-29,5572,5588,5510,5516,9480,,https://api.nasdaq.com/api/quote/SPXU/historical?assetclass=etf&fromdate=2016-07-26&todate=2026-07-26&limit=5000
SPXU,2017-10-02,5496,5504,5444,5444,11139,,https://api.nasdaq.com/api/quote/SPXU/historical?assetclass=etf&fromdate=2016-07-26&todate=2026-07-26&limit=5000
SPXU,2017-10-03,5432,5448,5408,5412,7712,,https://api.nasdaq.com/api/quote/SPXU/historical?assetclass=etf&fromdate=2016-07-26&todate=2026-07-26&limit=5000
SPXU,2017-10-04,5424,5428,5372,5396,13841,,https://api.nasdaq.com/api/quote/SPXU/historical?assetclass=etf&fromdate=2016-07-26&todate=2026-07-26&limit=5000
SPXU,2017-10-05,5368,5376,5296,5300,19078,,https://api.nasdaq.com/api/quote/SPXU/historical?assetclass=etf&fromdate=2016-07-26&todate=2026-07-26&limit=5000
SPXU,2017-10-06,5332,5347.32,5309.2,5316,10014,,https://api.nasdaq.com/api/quote/SPXU/historical?assetclass=etf&fromdate=2016-07-26&todate=2026-07-26&limit=5000
SPXU,2017-10-09,5300,5360,5296,5344,8575,,https://api.nasdaq.com/api/quote/SPXU/historical?assetclass=etf&fromdate=2016-07-26&todate=2026-07-26&limit=5000
SPXU,2017-10-10,5304,5340,5272,5304,6771,,https://api.nasdaq.com/api/quote/SPXU/historical?assetclass=etf&fromdate=2016-07-26&todate=2026-07-26&limit=5000
SPXU,2017-10-11,5304,5318,5276,5276,7010,,https://api.nasdaq.com/api/quote/SPXU/historical?assetclass=etf&fromdate=2016-07-26&todate=2026-07-26&limit=5000
SPXU,2017-10-12,5300,5320,5274.52,5300,6349,,https://api.nasdaq.com/api/quote/SPXU/historical?assetclass=etf&fromdate=2016-07-26&todate=2026-07-26&limit=5000
SPXU,2017-10-13,5272,5295.6,5260,5284,5840,,https://api.nasdaq.com/api/quote/SPXU/historical?assetclass=etf&fromdate=2016-07-26&todate=2026-07-26&limit=5000
SPXU,2017-10-16,5268,5292,5248,5264,5627,,https://api.nasdaq.com/api/quote/SPXU/historical?assetclass=etf&fromdate=2016-07-26&todate=2026-07-26&limit=5000
SPXU,2017-10-17,5264,5280,5248,5252,5298,,https://api.nasdaq.com/api/quote/SPXU/historical?assetclass=etf&fromdate=2016-07-26&todate=2026-07-26&limit=5000
SPXU,2017-10-18,5224,5252,5220,5240,6304,,https://api.nasdaq.com/api/quote/SPXU/historical?assetclass=etf&fromdate=2016-07-26&todate=2026-07-26&limit=5000
SPXU,2017-10-19,5296,5323.52,5233.44,5240,13047,,https://api.nasdaq.com/api/quote/SPXU/historical?assetclass=etf&fromdate=2016-07-26&todate=2026-07-26&limit=5000
SPXU,2017-10-20,5176,5196,5152,5152,9898,,https://api.nasdaq.com/api/quote/SPXU/historical?assetclass=etf&fromdate=2016-07-26&todate=2026-07-26&limit=5000
SPXU,2017-10-23,5136,5220,5132,5212,7014,,https://api.nasdaq.com/api/quote/SPXU/historical?assetclass=etf&fromdate=2016-07-26&todate=2026-07-26&limit=5000
SPXU,2017-10-24,5188,5210.6,5172,5188,9543,,https://api.nasdaq.com/api/quote/SPXU/historical?assetclass=etf&fromdate=2016-07-26&todate=2026-07-26&limit=5000
SPXU,2017-10-25,5212,5344,5204,5260,24490,,https://api.nasdaq.com/api/quote/SPXU/historical?assetclass=etf&fromdate=2016-07-26&todate=2026-07-26&limit=5000
SPXU,2017-10-26,5224,5252,5204,5248,11892,,https://api.nasdaq.com/api/quote/SPXU/historical?assetclass=etf&fromdate=2016-07-26&todate=2026-07-26&limit=5000
SPXU,2017-10-27,5192,5214,5108,5124,12125,,https://api.nasdaq.com/api/quote/SPXU/historical?assetclass=etf&fromdate=2016-07-26&todate=2026-07-26&limit=5000
SPXU,2017-10-30,5160,5196,5128,5176,9589,,https://api.nasdaq.com/api/quote/SPXU/historical?assetclass=etf&fromdate=2016-07-26&todate=2026-07-26&limit=5000
SPXU,2017-10-31,5152,5172,5134,5148,7522,,https://api.nasdaq.com/api/quote/SPXU/historical?assetclass=etf&fromdate=2016-07-26&todate=2026-07-26&limit=5000
SPXU,2017-11-01,5096,5157.16,5076,5128,9729,,https://api.nasdaq.com/api/quote/SPXU/historical?assetclass=etf&fromdate=2016-07-26&todate=2026-07-26&limit=5000
SPXU,2017-11-02,5140,5212,5118,5128,11088,,https://api.nasdaq.com/api/quote/SPXU/historical?assetclass=etf&fromdate=2016-07-26&todate=2026-07-26&limit=5000
SPXU,2017-11-03,5116,5146.48,5076,5080,9234,,https://api.nasdaq.com/api/quote/SPXU/historical?assetclass=etf&fromdate=2016-07-26&todate=2026-07-26&limit=5000
SPXU,2017-11-06,5088,5092,5044,5060,8320,,https://api.nasdaq.com/api/quote/SPXU/historical?assetclass=etf&fromdate=2016-07-26&todate=2026-07-26&limit=5000
SPXU,2017-11-07,5048,5100,5024,5068,12285,,https://api.nasdaq.com/api/quote/SPXU/historical?assetclass=etf&fromdate=2016-07-26&todate=2026-07-26&limit=5000
SPXU,2017-11-08,5080,5096,5032,5036,8443,,https://api.nasdaq.com/api/quote/SPXU/historical?assetclass=etf&fromdate=2016-07-26&todate=2026-07-26&limit=5000
SPXU,2017-11-09,5120,5204,5080.04,5096,21486,,https://api.nasdaq.com/api/quote/SPXU/historical?assetclass=etf&fromdate=2016-07-26&todate=2026-07-26&limit=5000
SPXU,2017-11-10,5124,5146,5094,5104,9906,,https://api.nasdaq.com/api/quote/SPXU/historical?assetclass=etf&fromdate=2016-07-26&todate=2026-07-26&limit=5000
SPXU,2017-11-13,5152,5152,5074,5092,16028,,https://api.nasdaq.com/api/quote/SPXU/historical?assetclass=etf&fromdate=2016-07-26&todate=2026-07-26&limit=5000
SPXU,2017-11-14,5144,5196,5116,5120,16496,,https://api.nasdaq.com/api/quote/SPXU/historical?assetclass=etf&fromdate=2016-07-26&todate=2026-07-26&limit=5000
SPXU,2017-11-15,5192,5252,5154,5204,17260,,https://api.nasdaq.com/api/quote/SPXU/historical?assetclass=etf&fromdate=2016-07-26&todate=2026-07-26&limit=5000
SPXU,2017-11-16,5136,5140,5044,5076,13426,,https://api.nasdaq.com/api/quote/SPXU/historical?assetclass=etf&fromdate=2016-07-26&todate=2026-07-26&limit=5000
SPXU,2017-11-17,5096,5120,5082,5112,9820,,https://api.nasdaq.com/api/quote/SPXU/historical?assetclass=etf&fromdate=2016-07-26&todate=2026-07-26&limit=5000
SPXU,2017-11-20,5104,5118.4,5076,5092,15639,,https://api.nasdaq.com/api/quote/SPXU/historical?assetclass=etf&fromdate=2016-07-26&todate=2026-07-26&limit=5000
SPXU,2017-11-21,5032,5044,4980,4988,13359,,https://api.nasdaq.com/api/quote/SPXU/historical?assetclass=etf&fromdate=2016-07-26&todate=2026-07-26&limit=5000
SPXU,2017-11-22,4988,5016,4981.2,5004,7941,,https://api.nasdaq.com/api/quote/SPXU/historical?assetclass=etf&fromdate=2016-07-26&todate=2026-07-26&limit=5000
SPXU,2017-11-24,4980,4984,4964,4976,3331,,https://api.nasdaq.com/api/quote/SPXU/historical?assetclass=etf&fromdate=2016-07-26&todate=2026-07-26&limit=5000
SPXU,2017-11-27,4972,4994,4948,4980,5460,,https://api.nasdaq.com/api/quote/SPXU/historical?assetclass=etf&fromdate=2016-07-26&todate=2026-07-26&limit=5000
SPXU,2017-11-28,4952,4956,4828,4828,17689,,https://api.nasdaq.com/api/quote/SPXU/historical?assetclass=etf&fromdate=2016-07-26&todate=2026-07-26&limit=5000
SPXU,2017-11-29,4820,4868,4788,4836,18148,,https://api.nasdaq.com/api/quote/SPXU/historical?assetclass=etf&fromdate=2016-07-26&todate=2026-07-26&limit=5000
SPXU,2017-11-30,4784,4788,4656,4720,34113,,https://api.nasdaq.com/api/quote/SPXU/historical?assetclass=etf&fromdate=2016-07-26&todate=2026-07-26&limit=5000
SPXU,2017-12-01,4728,4940,4696.32,4748,40580,,https://api.nasdaq.com/api/quote/SPXU/historical?assetclass=etf&fromdate=2016-07-26&todate=2026-07-26&limit=5000
SPXU,2017-12-04,4644,4764,4616,4764,33724,,https://api.nasdaq.com/api/quote/SPXU/historical?assetclass=etf&fromdate=2016-07-26&todate=2026-07-26&limit=5000
SPXU,2017-12-05,4748,4820,4708,4808,24229,,https://api.nasdaq.com/api/quote/SPXU/historical?assetclass=etf&fromdate=2016-07-26&todate=2026-07-26&limit=5000
SPXU,2017-12-06,4834,4840,4784,4808,31436,,https://api.nasdaq.com/api/quote/SPXU/historical?assetclass=etf&fromdate=2016-07-26&todate=2026-07-26&limit=5000
SPXU,2017-12-07,4824,4828,4748,4768,15780,,https://api.nasdaq.com/api/quote/SPXU/historical?assetclass=etf&fromdate=2016-07-26&todate=2026-07-26&limit=5000
SPXU,2017-12-08,4716,4732,4688,4692,15442,,https://api.nasdaq.com/api/quote/SPXU/historical?assetclass=etf&fromdate=2016-07-26&todate=2026-07-26&limit=5000
SPXU,2017-12-11,4688,4692,4644,4648,10875,,https://api.nasdaq.com/api/quote/SPXU/historical?assetclass=etf&fromdate=2016-07-26&todate=2026-07-26&limit=5000
SPXU,2017-12-12,4636,4646,4596,4624,14812,,https://api.nasdaq.com/api/quote/SPXU/historical?assetclass=etf&fromdate=2016-07-26&todate=2026-07-26&limit=5000
SPXU,2017-12-13,4612,4632,4584,4624,17505,,https://api.nasdaq.com/api/quote/SPXU/historical?assetclass=etf&fromdate=2016-07-26&todate=2026-07-26&limit=5000
SPXU,2017-12-14,4612,4688,4604,4684,21690,,https://api.nasdaq.com/api/quote/SPXU/historical?assetclass=etf&fromdate=2016-07-26&todate=2026-07-26&limit=5000
SPXU,2017-12-15,4620,4628,4540,4568,21004,,https://api.nasdaq.com/api/quote/SPXU/historical?assetclass=etf&fromdate=2016-07-26&todate=2026-07-26&limit=5000
SPXU,2017-12-18,4492,4496,4460,4480,13303,,https://api.nasdaq.com/api/quote/SPXU/historical?assetclass=etf&fromdate=2016-07-26&todate=2026-07-26&limit=5000
SPXU,2017-12-19,4464,4536,4464,4532,15456,,https://api.nasdaq.com/api/quote/SPXU/historical?assetclass=etf&fromdate=2016-07-26&todate=2026-07-26&limit=5000
SPXU,2017-12-20,4480,4560,4476,4540,15603,,https://api.nasdaq.com/api/quote/SPXU/historical?assetclass=etf&fromdate=2016-07-26&todate=2026-07-26&limit=5000
SPXU,2017-12-21,4508,4532,4474.48,4516,14790,,https://api.nasdaq.com/api/quote/SPXU/historical?assetclass=etf&fromdate=2016-07-26&todate=2026-07-26&limit=5000
SPXU,2017-12-22,4516,4552,4512,4520,7649,,https://api.nasdaq.com/api/quote/SPXU/historical?assetclass=etf&fromdate=2016-07-26&todate=2026-07-26&limit=5000
SPXU,2017-12-26,4536,4548,4522,4532,6539,,https://api.nasdaq.com/api/quote/SPXU/historical?assetclass=etf&fromdate=2016-07-26&todate=2026-07-26&limit=5000
SPXU,2017-12-27,4520,4542,4506,4524,5710,,https://api.nasdaq.com/api/quote/SPXU/historical?assetclass=etf&fromdate=2016-07-26&todate=2026-07-26&limit=5000
SPXU,2017-12-28,4504,4522.08,4498,4504,5422,,https://api.nasdaq.com/api/quote/SPXU/historical?assetclass=etf&fromdate=2016-07-26&todate=2026-07-26&limit=5000
SPXU,2017-12-29,4468,4568,4468,4548,12481,,https://api.nasdaq.com/api/quote/SPXU/historical?assetclass=etf&fromdate=2016-07-26&todate=2026-07-26&limit=5000
SPXU,2018-01-02,4496,4524,4452,4456,11500,,https://api.nasdaq.com/api/quote/SPXU/historical?assetclass=etf&fromdate=2016-07-26&todate=2026-07-26&limit=5000
SPXU,2018-01-03,4448,4448,4364,4376,11518,,https://api.nasdaq.com/api/quote/SPXU/historical?assetclass=etf&fromdate=2016-07-26&todate=2026-07-26&limit=5000
SPXU,2018-01-04,4338,4344,4292,4316,13187,,https://api.nasdaq.com/api/quote/SPXU/historical?assetclass=etf&fromdate=2016-07-26&todate=2026-07-26&limit=5000
SPXU,2018-01-05,4272,4302,4228,4232,12128,,https://api.nasdaq.com/api/quote/SPXU/historical?assetclass=etf&fromdate=2016-07-26&todate=2026-07-26&limit=5000
SPXU,2018-01-08,4240,4252,4200,4212,8933,,https://api.nasdaq.com/api/quote/SPXU/historical?assetclass=etf&fromdate=2016-07-26&todate=2026-07-26&limit=5000
SPXU,2018-01-09,4188,4202,4148,4180,16282,,https://api.nasdaq.com/api/quote/SPXU/historical?assetclass=etf&fromdate=2016-07-26&todate=2026-07-26&limit=5000
SPXU,2018-01-10,4220,4256,4188,4200,17571,,https://api.nasdaq.com/api/quote/SPXU/historical?assetclass=etf&fromdate=2016-07-26&todate=2026-07-26&limit=5000
SPXU,2018-01-11,4172,4184,4108,4108,12761,,https://api.nasdaq.com/api/quote/SPXU/historical?assetclass=etf&fromdate=2016-07-26&todate=2026-07-26&limit=5000
SPXU,2018-01-12,4100,4104,4024,4032,21812,,https://api.nasdaq.com/api/quote/SPXU/historical?assetclass=etf&fromdate=2016-07-26&todate=2026-07-26&limit=5000
SPXU,2018-01-16,3972,4112,3940,4072,28554,,https://api.nasdaq.com/api/quote/SPXU/historical?assetclass=etf&fromdate=2016-07-26&todate=2026-07-26&limit=5000
SPXU,2018-01-17,4028,4064,3940,3960,21959,,https://api.nasdaq.com/api/quote/SPXU/historical?assetclass=etf&fromdate=2016-07-26&todate=2026-07-26&limit=5000
SPXU,2018-01-18,3968,4002.48,3944,3980,20376,,https://api.nasdaq.com/api/quote/SPXU/historical?assetclass=etf&fromdate=2016-07-26&todate=2026-07-26&limit=5000
SPXU,2018-01-19,3952,3980,3924,3924,17449,,https://api.nasdaq.com/api/quote/SPXU/historical?assetclass=etf&fromdate=2016-07-26&todate=2026-07-26&limit=5000
SPXU,2018-01-22,3940,3940,3832,3836,17819,,https://api.nasdaq.com/api/quote/SPXU/historical?assetclass=etf&fromdate=2016-07-26&todate=2026-07-26&limit=5000
SPXU,2018-01-23,3832,3844,3793.56,3808,18588,,https://api.nasdaq.com/api/quote/SPXU/historical?assetclass=etf&fromdate=2016-07-26&todate=2026-07-26&limit=5000
SPXU,2018-01-24,3776,3868,3748,3816,33240,,https://api.nasdaq.com/api/quote/SPXU/historical?assetclass=etf&fromdate=2016-07-26&todate=2026-07-26&limit=5000
SPXU,2018-01-25,3776,3843.6,3768,3812,26073,,https://api.nasdaq.com/api/quote/SPXU/historical?assetclass=etf&fromdate=2016-07-26&todate=2026-07-26&limit=5000
SPXU,2018-01-26,3772,3784,3676,3676,18974,,https://api.nasdaq.com/api/quote/SPXU/historical?assetclass=etf&fromdate=2016-07-26&todate=2026-07-26&limit=5000
SPXU,2018-01-29,3700,3760,3684,3748,31964,,https://api.nasdaq.com/api/quote/SPXU/historical?assetclass=etf&fromdate=2016-07-26&todate=2026-07-26&limit=5000
SPXU,2018-01-30,3840,3888,3808,3872,33289,,https://api.nasdaq.com/api/quote/SPXU/historical?assetclass=etf&fromdate=2016-07-26&todate=2026-07-26&limit=5000
SPXU,2018-01-31,3824,3912,3802,3860,26253,,https://api.nasdaq.com/api/quote/SPXU/historical?assetclass=etf&fromdate=2016-07-26&todate=2026-07-26&limit=5000
SPXU,2018-02-01,3896,3912,3816,3872,32056,,https://api.nasdaq.com/api/quote/SPXU/historical?assetclass=etf&fromdate=2016-07-26&todate=2026-07-26&limit=5000
SPXU,2018-02-02,3940,4132,3932,4128,45214,,https://api.nasdaq.com/api/quote/SPXU/historical?assetclass=etf&fromdate=2016-07-26&todate=2026-07-26&limit=5000
SPXU,2018-02-05,4224,4676,4112,4636,89793,,https://api.nasdaq.com/api/quote/SPXU/historical?assetclass=etf&fromdate=2016-07-26&todate=2026-07-26&limit=5000
SPXU,2018-02-06,4872,4925.44,4348,4372,88481,,https://api.nasdaq.com/api/quote/SPXU/historical?assetclass=etf&fromdate=2016-07-26&todate=2026-07-26&limit=5000
SPXU,2018-02-07,4416,4452,4220,4448,74588,,https://api.nasdaq.com/api/quote/SPXU/historical?assetclass=etf&fromdate=2016-07-26&todate=2026-07-26&limit=5000
SPXU,2018-02-08,4432,4954.08,4428,4944,86442,,https://api.nasdaq.com/api/quote/SPXU/historical?assetclass=etf&fromdate=2016-07-26&todate=2026-07-26&limit=5000
SPXU,2018-02-09,4768,5228,4613.44,4720,117338,,https://api.nasdaq.com/api/quote/SPXU/historical?assetclass=etf&fromdate=2016-07-26&todate=2026-07-26&limit=5000
SPXU,2018-02-12,4604,4710.92,4436,4528,62844,,https://api.nasdaq.com/api/quote/SPXU/historical?assetclass=etf&fromdate=2016-07-26&todate=2026-07-26&limit=5000
SPXU,2018-02-13,4600,4628,4460,4492,36499,,https://api.nasdaq.com/api/quote/SPXU/historical?assetclass=etf&fromdate=2016-07-26&todate=2026-07-26&limit=5000
SPXU,2018-02-14,4576,4576,4291,4304,43530,,https://api.nasdaq.com/api/quote/SPXU/historical?assetclass=etf&fromdate=2016-07-26&todate=2026-07-26&limit=5000
SPXU,2018-02-15,4216,4352,4148,4148,35809,,https://api.nasdaq.com/api/quote/SPXU/historical?assetclass=etf&fromdate=2016-07-26&todate=2026-07-26&limit=5000
SPXU,2018-02-16,4184,4184,4040,4140,39273,,https://api.nasdaq.com/api/quote/SPXU/historical?assetclass=etf&fromdate=2016-07-26&todate=2026-07-26&limit=5000
SPXU,2018-02-20,4200,4263,4120,4224,43343,,https://api.nasdaq.com/api/quote/SPXU/historical?assetclass=etf&fromdate=2016-07-26&todate=2026-07-26&limit=5000
SPXU,2018-02-21,4204,4292,4072,4292,39952,,https://api.nasdaq.com/api/quote/SPXU/historical?assetclass=etf&fromdate=2016-07-26&todate=2026-07-26&limit=5000
SPXU,2018-02-22,4240,4308,4146,4276,38833,,https://api.nasdaq.com/api/quote/SPXU/historical?assetclass=etf&fromdate=2016-07-26&todate=2026-07-26&limit=5000
SPXU,2018-02-23,4204,4230,4068,4068,35580,,https://api.nasdaq.com/api/quote/SPXU/historical?assetclass=etf&fromdate=2016-07-26&todate=2026-07-26&limit=5000
SPXU,2018-02-26,4016,4044,3920,3928,30130,,https://api.nasdaq.com/api/quote/SPXU/historical?assetclass=etf&fromdate=2016-07-26&todate=2026-07-26&limit=5000
SPXU,2018-02-27,3920,4076,3884,4076,32499,,https://api.nasdaq.com/api/quote/SPXU/historical?assetclass=etf&fromdate=2016-07-26&todate=2026-07-26&limit=5000
SPXU,2018-02-28,4020,4216,3997.64,4212,39992,,https://api.nasdaq.com/api/quote/SPXU/historical?assetclass=etf&fromdate=2016-07-26&todate=2026-07-26&limit=5000
SPXU,2018-03-01,4212,4464,4128,4380,77552,,https://api.nasdaq.com/api/quote/SPXU/historical?assetclass=etf&fromdate=2016-07-26&todate=2026-07-26&limit=5000
SPXU,2018-03-02,4484,4528,4285.32,4308,45638,,https://api.nasdaq.com/api/quote/SPXU/historical?assetclass=etf&fromdate=2016-07-26&todate=2026-07-26&limit=5000
SPXU,2018-03-05,4388,4390,4136,4164,37404,,https://api.nasdaq.com/api/quote/SPXU/historical?assetclass=etf&fromdate=2016-07-26&todate=2026-07-26&limit=5000
SPXU,2018-03-06,4120,4216,4116,4140,28153,,https://api.nasdaq.com/api/quote/SPXU/historical?assetclass=etf&fromdate=2016-07-26&todate=2026-07-26&limit=5000
SPXU,2018-03-07,4252,4260,4124,4140,31116,,https://api.nasdaq.com/api/quote/SPXU/historical?assetclass=etf&fromdate=2016-07-26&todate=2026-07-26&limit=5000
SPXU,2018-03-08,4108,4160,4080,4084,24663,,https://api.nasdaq.com/api/quote/SPXU/historical?assetclass=etf&fromdate=2016-07-26&todate=2026-07-26&limit=5000
SPXU,2018-03-09,4012,4031.6,3872,3872,29765,,https://api.nasdaq.com/api/quote/SPXU/historical?assetclass=etf&fromdate=2016-07-26&todate=2026-07-26&limit=5000
SPXU,2018-03-12,3856,3906,3828.4,3888,22769,,https://api.nasdaq.com/api/quote/SPXU/historical?assetclass=etf&fromdate=2016-07-26&todate=2026-07-26&limit=5000
SPXU,2018-03-13,3832,3992,3808,3964,31428,,https://api.nasdaq.com/api/quote/SPXU/historical?assetclass=etf&fromdate=2016-07-26&todate=2026-07-26&limit=5000
SPXU,2018-03-14,3916,4048,3908,4028,26735,,https://api.nasdaq.com/api/quote/SPXU/historical?assetclass=etf&fromdate=2016-07-26&todate=2026-07-26&limit=5000
SPXU,2018-03-15,4004,4064,3968,4044,23327,,https://api.nasdaq.com/api/quote/SPXU/historical?assetclass=etf&fromdate=2016-07-26&todate=2026-07-26&limit=5000
SPXU,2018-03-16,4016,4028,3974,4024,21443,,https://api.nasdaq.com/api/quote/SPXU/historical?assetclass=etf&fromdate=2016-07-26&todate=2026-07-26&limit=5000
SPXU,2018-03-19,4068,4272,4064,4184,43890,,https://api.nasdaq.com/api/quote/SPXU/historical?assetclass=etf&fromdate=2016-07-26&todate=2026-07-26&limit=5000
SPXU,2018-03-20,4172,4204,4138,4168,27868,,https://api.nasdaq.com/api/quote/SPXU/historical?assetclass=etf&fromdate=2016-07-26&todate=2026-07-26&limit=5000
SPXU,2018-03-21,4164,4196,4054.04,4180,36279,,https://api.nasdaq.com/api/quote/SPXU/historical?assetclass=etf&fromdate=2016-07-26&todate=2026-07-26&limit=5000
SPXU,2018-03-22,4308,4515.72,4256,4504,50070,,https://api.nasdaq.com/api/quote/SPXU/historical?assetclass=etf&fromdate=2016-07-26&todate=2026-07-26&limit=5000
SPXU,2018-03-23,4480,4800,4432,4792,53917,,https://api.nasdaq.com/api/quote/SPXU/historical?assetclass=etf&fromdate=2016-07-26&todate=2026-07-26&limit=5000
SPXU,2018-03-26,4560,4715.6,4380,4392,56318,,https://api.nasdaq.com/api/quote/SPXU/historical?assetclass=etf&fromdate=2016-07-26&todate=2026-07-26&limit=5000
SPXU,2018-03-27,4344,4712,4316,4628,60609,,https://api.nasdaq.com/api/quote/SPXU/historical?assetclass=etf&fromdate=2016-07-26&todate=2026-07-26&limit=5000
SPXU,2018-03-28,4620,4732.4,4516,4664,70862,,https://api.nasdaq.com/api/quote/SPXU/historical?assetclass=etf&fromdate=2016-07-26&todate=2026-07-26&limit=5000
SPXU,2018-03-29,4596,4644,4376,4468,35376,,https://api.nasdaq.com/api/quote/SPXU/historical?assetclass=etf&fromdate=2016-07-26&todate=2026-07-26&limit=5000
SPXU,2018-04-02,4520,4920,4490.08,4772,64223,,https://api.nasdaq.com/api/quote/SPXU/historical?assetclass=etf&fromdate=2016-07-26&todate=2026-07-26&limit=5000
SPXU,2018-04-03,4692,4816,4568,4596,42541,,https://api.nasdaq.com/api/quote/SPXU/historical?assetclass=etf&fromdate=2016-07-26&todate=2026-07-26&limit=5000
SPXU,2018-04-04,4812,4820,4408,4436,52552,,https://api.nasdaq.com/api/quote/SPXU/historical?assetclass=etf&fromdate=2016-07-26&todate=2026-07-26&limit=5000
SPXU,2018-04-05,4356,4416,4296,4344,25176,,https://api.nasdaq.com/api/quote/SPXU/historical?assetclass=etf&fromdate=2016-07-26&todate=2026-07-26&limit=5000
SPXU,2018-04-06,4460,4723.6,4372,4632,51431,,https://api.nasdaq.com/api/quote/SPXU/historical?assetclass=etf&fromdate=2016-07-26&todate=2026-07-26&limit=5000
SPXU,2018-04-09,4544,4596,4364.04,4584,33466,,https://api.nasdaq.com/api/quote/SPXU/historical?assetclass=etf&fromdate=2016-07-26&todate=2026-07-26&limit=5000
SPXU,2018-04-10,4400,4468,4308,4360,42964,,https://api.nasdaq.com/api/quote/SPXU/historical?assetclass=etf&fromdate=2016-07-26&todate=2026-07-26&limit=5000
SPXU,2018-04-11,4436,4440,4329.32,4420,27622,,https://api.nasdaq.com/api/quote/SPXU/historical?assetclass=etf&fromdate=2016-07-26&todate=2026-07-26&limit=5000
SPXU,2018-04-12,4344,4357.64,4262,4308,24359,,https://api.nasdaq.com/api/quote/SPXU/historical?assetclass=etf&fromdate=2016-07-26&todate=2026-07-26&limit=5000
SPXU,2018-04-13,4240,4408,4236,4352,27838,,https://api.nasdaq.com/api/quote/SPXU/historical?assetclass=etf&fromdate=2016-07-26&todate=2026-07-26&limit=5000
SPXU,2018-04-16,4268,4311.16,4204,4240,22900,,https://api.nasdaq.com/api/quote/SPXU/historical?assetclass=etf&fromdate=2016-07-26&todate=2026-07-26&limit=5000
SPXU,2018-04-17,4156,4180,4080,4112,23519,,https://api.nasdaq.com/api/quote/SPXU/historical?assetclass=etf&fromdate=2016-07-26&todate=2026-07-26&limit=5000
SPXU,2018-04-18,4088,4126.56,4060,4104,25721,,https://api.nasdaq.com/api/quote/SPXU/historical?assetclass=etf&fromdate=2016-07-26&todate=2026-07-26&limit=5000
SPXU,2018-04-19,4140,4228,4128,4172,26058,,https://api.nasdaq.com/api/quote/SPXU/historical?assetclass=etf&fromdate=2016-07-26&todate=2026-07-26&limit=5000
SPXU,2018-04-20,4180,4328,4164,4276,27784,,https://api.nasdaq.com/api/quote/SPXU/historical?assetclass=etf&fromdate=2016-07-26&todate=2026-07-26&limit=5000
SPXU,2018-04-23,4248,4344,4220,4280,27944,,https://api.nasdaq.com/api/quote/SPXU/historical?assetclass=etf&fromdate=2016-07-26&todate=2026-07-26&limit=5000
SPXU,2018-04-24,4232,4539.6,4216.04,4452,35099,,https://api.nasdaq.com/api/quote/SPXU/historical?assetclass=etf&fromdate=2016-07-26&todate=2026-07-26&limit=5000
SPXU,2018-04-25,4464,4567.6,4400,4424,33621,,https://api.nasdaq.com/api/quote/SPXU/historical?assetclass=etf&fromdate=2016-07-26&todate=2026-07-26&limit=5000
SPXU,2018-04-26,4368,4392,4244,4292,21484,,https://api.nasdaq.com/api/quote/SPXU/historical?assetclass=etf&fromdate=2016-07-26&todate=2026-07-26&limit=5000
SPXU,2018-04-27,4260,4332,4244,4276,19283,,https://api.nasdaq.com/api/quote/SPXU/historical?assetclass=etf&fromdate=2016-07-26&todate=2026-07-26&limit=5000
SPXU,2018-04-30,4252,4384,4217.52,4372,20369,,https://api.nasdaq.com/api/quote/SPXU/historical?assetclass=etf&fromdate=2016-07-26&todate=2026-07-26&limit=5000
SPXU,2018-05-01,4404,4500,4352,4356,21373,,https://api.nasdaq.com/api/quote/SPXU/historical?assetclass=etf&fromdate=2016-07-26&todate=2026-07-26&limit=5000
SPXU,2018-05-02,4368,4468,4324,4444,20181,,https://api.nasdaq.com/api/quote/SPXU/historical?assetclass=etf&fromdate=2016-07-26&todate=2026-07-26&limit=5000
SPXU,2018-05-03,4500,4660,4442,4472,40509,,https://api.nasdaq.com/api/quote/SPXU/historical?assetclass=etf&fromdate=2016-07-26&todate=2026-07-26&limit=5000
SPXU,2018-05-04,4540,4554.12,4268,4304,35546,,https://api.nasdaq.com/api/quote/SPXU/historical?assetclass=etf&fromdate=2016-07-26&todate=2026-07-26&limit=5000
SPXU,2018-05-07,4264,4302.48,4212,4256,33403,,https://api.nasdaq.com/api/quote/SPXU/historical?assetclass=etf&fromdate=2016-07-26&todate=2026-07-26&limit=5000
SPXU,2018-05-08,4284,4347.96,4244,4260,42238,,https://api.nasdaq.com/api/quote/SPXU/historical?assetclass=etf&fromdate=2016-07-26&todate=2026-07-26&limit=5000
SPXU,2018-05-09,4236,4256,4124,4140,30746,,https://api.nasdaq.com/api/quote/SPXU/historical?assetclass=etf&fromdate=2016-07-26&todate=2026-07-26&limit=5000
SPXU,2018-05-10,4108,4108,4008,4024,34506,,https://api.nasdaq.com/api/quote/SPXU/historical?assetclass=etf&fromdate=2016-07-26&todate=2026-07-26&limit=5000
SPXU,2018-05-11,4024,4072,3976,4000,38423,,https://api.nasdaq.com/api/quote/SPXU/historical?assetclass=etf&fromdate=2016-07-26&todate=2026-07-26&limit=5000
SPXU,2018-05-14,3972,4012,3936,3984,32436,,https://api.nasdaq.com/api/quote/SPXU/historical?assetclass=etf&fromdate=2016-07-26&todate=2026-07-26&limit=5000
SPXU,2018-05-15,4048,4116,4044,4068,25875,,https://api.nasdaq.com/api/quote/SPXU/historical?assetclass=etf&fromdate=2016-07-26&todate=2026-07-26&limit=5000
SPXU,2018-05-16,4068,4068,3996,4020,16922,,https://api.nasdaq.com/api/quote/SPXU/historical?assetclass=etf&fromdate=2016-07-26&todate=2026-07-26&limit=5000
SPXU,2018-05-17,4036,4068,3976,4028,19352,,https://api.nasdaq.com/api/quote/SPXU/historical?assetclass=etf&fromdate=2016-07-26&todate=2026-07-26&limit=5000
SPXU,2018-05-18,4048,4078,4028,4056,15910,,https://api.nasdaq.com/api/quote/SPXU/historical?assetclass=etf&fromdate=2016-07-26&todate=2026-07-26&limit=5000
SPXU,2018-05-21,3984,4004,3942,3976,22529,,https://api.nasdaq.com/api/quote/SPXU/historical?assetclass=etf&fromdate=2016-07-26&todate=2026-07-26&limit=5000
SPXU,2018-05-22,3948,4020,3932,4000,16479,,https://api.nasdaq.com/api/quote/SPXU/historical?assetclass=etf&fromdate=2016-07-26&todate=2026-07-26&limit=5000
SPXU,2018-05-23,4072,4076,3968,3968,25000,,https://api.nasdaq.com/api/quote/SPXU/historical?assetclass=etf&fromdate=2016-07-26&todate=2026-07-26&limit=5000
SPXU,2018-05-24,3992,4086,3979,3995,33922,,https://api.nasdaq.com/api/quote/SPXU/historical?assetclass=etf&fromdate=2016-07-26&todate=2026-07-26&limit=5000
SPXU,2018-05-25,4027,4053,3996.5,4026,23548,,https://api.nasdaq.com/api/quote/SPXU/historical?assetclass=etf&fromdate=2016-07-26&todate=2026-07-26&limit=5000
SPXU,2018-05-29,4111,4224,4072,4163,46981,,https://api.nasdaq.com/api/quote/SPXU/historical?assetclass=etf&fromdate=2016-07-26&todate=2026-07-26&limit=5000
SPXU,2018-05-30,4101,4103,3981,4005,31793,,https://api.nasdaq.com/api/quote/SPXU/historical?assetclass=etf&fromdate=2016-07-26&todate=2026-07-26&limit=5000
SPXU,2018-05-31,4023,4108,4010,4084,25426,,https://api.nasdaq.com/api/quote/SPXU/historical?assetclass=etf&fromdate=2016-07-26&todate=2026-07-26&limit=5000
SPXU,2018-06-01,4011,4015,3943,3955,32999,,https://api.nasdaq.com/api/quote/SPXU/historical?assetclass=etf&fromdate=2016-07-26&todate=2026-07-26&limit=5000
SPXU,2018-06-04,3921,3930,3890,3901,29802,,https://api.nasdaq.com/api/quote/SPXU/historical?assetclass=etf&fromdate=2016-07-26&todate=2026-07-26&limit=5000
SPXU,2018-06-05,3898,3933,3877,3892,46738,,https://api.nasdaq.com/api/quote/SPXU/historical?assetclass=etf&fromdate=2016-07-26&todate=2026-07-26&limit=5000
SPXU,2018-06-06,3866,3896,3794,3795,44974,,https://api.nasdaq.com/api/quote/SPXU/historical?assetclass=etf&fromdate=2016-07-26&todate=2026-07-26&limit=5000
SPXU,2018-06-07,3775,3842.84,3763,3800,38455,,https://api.nasdaq.com/api/quote/SPXU/historical?assetclass=etf&fromdate=2016-07-26&todate=2026-07-26&limit=5000
SPXU,2018-06-08,3823,3830,3765,3768,28924,,https://api.nasdaq.com/api/quote/SPXU/historical?assetclass=etf&fromdate=2016-07-26&todate=2026-07-26&limit=5000
SPXU,2018-06-11,3760,3763,3721,3751,28441,,https://api.nasdaq.com/api/quote/SPXU/historical?assetclass=etf&fromdate=2016-07-26&todate=2026-07-26&limit=5000
SPXU,2018-06-12,3736,3769,3723.5,3735,20095,,https://api.nasdaq.com/api/quote/SPXU/historical?assetclass=etf&fromdate=2016-07-26&todate=2026-07-26&limit=5000
SPXU,2018-06-13,3730,3783.99,3718,3778,27947,,https://api.nasdaq.com/api/quote/SPXU/historical?assetclass=etf&fromdate=2016-07-26&todate=2026-07-26&limit=5000
SPXU,2018-06-14,3737,3776.64,3724,3750,14949,,https://api.nasdaq.com/api/quote/SPXU/historical?assetclass=etf&fromdate=2016-07-26&todate=2026-07-26&limit=5000
SPXU,2018-06-15,3790,3836,3750,3762,25000,,https://api.nasdaq.com/api/quote/SPXU/historical?assetclass=etf&fromdate=2016-07-26&todate=2026-07-26&limit=5000
SPXU,2018-06-18,3835,3855,3782.5,3787,24117,,https://api.nasdaq.com/api/quote/SPXU/historical?assetclass=etf&fromdate=2016-07-26&todate=2026-07-26&limit=5000
SPXU,2018-06-19,3894.5,3914,3823,3833,27634,,https://api.nasdaq.com/api/quote/SPXU/historical?assetclass=etf&fromdate=2016-07-26&todate=2026-07-26&limit=5000
SPXU,2018-06-20,3788,3815,3768.16,3800,11339,,https://api.nasdaq.com/api/quote/SPXU/historical?assetclass=etf&fromdate=2016-07-26&todate=2026-07-26&limit=5000
SPXU,2018-06-21,3804,3896.61,3802,3875,36899,,https://api.nasdaq.com/api/quote/SPXU/historical?assetclass=etf&fromdate=2016-07-26&todate=2026-07-26&limit=5000
SPXU,2018-06-22,3815,3863,3809,3853,22478,,https://api.nasdaq.com/api/quote/SPXU/historical?assetclass=etf&fromdate=2016-07-26&todate=2026-07-26&limit=5000
SPXU,2018-06-25,3907,4090,3902.7,4008,66303,,https://api.nasdaq.com/api/quote/SPXU/historical?assetclass=etf&fromdate=2016-07-26&todate=2026-07-26&limit=5000
SPXU,2018-06-26,3985,4021,3944,3988,32121,,https://api.nasdaq.com/api/quote/SPXU/historical?assetclass=etf&fromdate=2016-07-26&todate=2026-07-26&limit=5000
SPXU,2018-06-27,3958,4092.05,3886.3,4087,34741,,https://api.nasdaq.com/api/quote/SPXU/historical?assetclass=etf&fromdate=2016-07-26&todate=2026-07-26&limit=5000
SPXU,2018-06-28,4094,4127.08,3978.7,4012,45862,,https://api.nasdaq.com/api/quote/SPXU/historical?assetclass=etf&fromdate=2016-07-26&todate=2026-07-26&limit=5000
SPXU,2018-06-29,3963,4005,3896,4002,38196,,https://api.nasdaq.com/api/quote/SPXU/historical?assetclass=etf&fromdate=2016-07-26&todate=2026-07-26&limit=5000
SPXU,2018-07-02,4084,4093,3968,3977,36970,,https://api.nasdaq.com/api/quote/SPXU/historical?assetclass=etf&fromdate=2016-07-26&todate=2026-07-26&limit=5000
SPXU,2018-07-03,3931,4040,3927,4022,17147,,https://api.nasdaq.com/api/quote/SPXU/historical?assetclass=etf&fromdate=2016-07-26&todate=2026-07-26&limit=5000
SPXU,2018-07-05,3963,4018,3920,3923,26620,,https://api.nasdaq.com/api/quote/SPXU/historical?assetclass=etf&fromdate=2016-07-26&todate=2026-07-26&limit=5000
SPXU,2018-07-06,3922,3940,3806,3827,29132,,https://api.nasdaq.com/api/quote/SPXU/historical?assetclass=etf&fromdate=2016-07-26&todate=2026-07-26&limit=5000
SPXU,2018-07-09,3775,3779,3720,3724,27004,,https://api.nasdaq.com/api/quote/SPXU/historical?assetclass=etf&fromdate=2016-07-26&todate=2026-07-26&limit=5000
SPXU,2018-07-10,3701,3716,3678.42,3686,24160,,https://api.nasdaq.com/api/quote/SPXU/historical?assetclass=etf&fromdate=2016-07-26&todate=2026-07-26&limit=5000
SPXU,2018-07-11,3752,3777.1,3718,3763,35286,,https://api.nasdaq.com/api/quote/SPXU/historical?assetclass=etf&fromdate=2016-07-26&todate=2026-07-26&limit=5000
SPXU,2018-07-12,3707,3735,3662,3668,26428,,https://api.nasdaq.com/api/quote/SPXU/historical?assetclass=etf&fromdate=2016-07-26&todate=2026-07-26&limit=5000
SPXU,2018-07-13,3671,3692,3642,3655,34278,,https://api.nasdaq.com/api/quote/SPXU/historical?assetclass=etf&fromdate=2016-07-26&todate=2026-07-26&limit=5000
SPXU,2018-07-16,3656,3685,3649,3666,27004,,https://api.nasdaq.com/api/quote/SPXU/historical?assetclass=etf&fromdate=2016-07-26&todate=2026-07-26&limit=5000
SPXU,2018-07-17,3698,3702.92,3605,3621,27857,,https://api.nasdaq.com/api/quote/SPXU/historical?assetclass=etf&fromdate=2016-07-26&todate=2026-07-26&limit=5000
SPXU,2018-07-18,3622,3639,3595,3600,34823,,https://api.nasdaq.com/api/quote/SPXU/historical?assetclass=etf&fromdate=2016-07-26&todate=2026-07-26&limit=5000
SPXU,2018-07-19,3633,3663,3615,3646,32064,,https://api.nasdaq.com/api/quote/SPXU/historical?assetclass=etf&fromdate=2016-07-26&todate=2026-07-26&limit=5000
SPXU,2018-07-20,3653,3663,3625.78,3655,23320,,https://api.nasdaq.com/api/quote/SPXU/historical?assetclass=etf&fromdate=2016-07-26&todate=2026-07-26&limit=5000
SPXU,2018-07-23,3668,3682,3629,3634,37460,,https://api.nasdaq.com/api/quote/SPXU/historical?assetclass=etf&fromdate=2016-07-26&todate=2026-07-26&limit=5000
SPXU,2018-07-24,3579,3620,3545.38,3586,31212,,https://api.nasdaq.com/api/quote/SPXU/historical?assetclass=etf&fromdate=2016-07-26&todate=2026-07-26&limit=5000
SPXU,2018-07-25,3597,3597,3478.84,3488,42032,,https://api.nasdaq.com/api/quote/SPXU/historical?assetclass=etf&fromdate=2016-07-26&todate=2026-07-26&limit=5000
SPXU,2018-07-26,3521,3526,3489,3518,21145,,https://api.nasdaq.com/api/quote/SPXU/historical?assetclass=etf&fromdate=2016-07-26&todate=2026-07-26&limit=5000
SPXU,2018-07-27,3503,3628,3502,3582,38077,,https://api.nasdaq.com/api/quote/SPXU/historical?assetclass=etf&fromdate=2016-07-26&todate=2026-07-26&limit=5000
SPXU,2018-07-30,3589,3670,3581,3649,37099,,https://api.nasdaq.com/api/quote/SPXU/historical?assetclass=etf&fromdate=2016-07-26&todate=2026-07-26&limit=5000
SPXU,2018-07-31,3613,3631,3567,3590,63718,,https://api.nasdaq.com/api/quote/SPXU/historical?assetclass=etf&fromdate=2016-07-26&todate=2026-07-26&limit=5000
SPXU,2018-08-01,3587,3640,3564,3610,44499,,https://api.nasdaq.com/api/quote/SPXU/historical?assetclass=etf&fromdate=2016-07-26&todate=2026-07-26&limit=5000
SPXU,2018-08-02,3673,3679.2,3548.5,3557,34870,,https://api.nasdaq.com/api/quote/SPXU/historical?assetclass=etf&fromdate=2016-07-26&todate=2026-07-26&limit=5000
SPXU,2018-08-03,3549,3558,3508.4,3511,21730,,https://api.nasdaq.com/api/quote/SPXU/historical?assetclass=etf&fromdate=2016-07-26&todate=2026-07-26&limit=5000
SPXU,2018-08-06,3514,3525.73,3460.64,3473,18662,,https://api.nasdaq.com/api/quote/SPXU/historical?assetclass=etf&fromdate=2016-07-26&todate=2026-07-26&limit=5000
SPXU,2018-08-07,3444,3451,3423,3442,17661,,https://api.nasdaq.com/api/quote/SPXU/historical?assetclass=etf&fromdate=2016-07-26&todate=2026-07-26&limit=5000
SPXU,2018-08-08,3450,3462,3429,3447,20286,,https://api.nasdaq.com/api/quote/SPXU/historical?assetclass=etf&fromdate=2016-07-26&todate=2026-07-26&limit=5000
SPXU,2018-08-09,3444,3465,3427,3461,23154,,https://api.nasdaq.com/api/quote/SPXU/historical?assetclass=etf&fromdate=2016-07-26&todate=2026-07-26&limit=5000
SPXU,2018-08-10,3524,3558.21,3498.47,3530,30282,,https://api.nasdaq.com/api/quote/SPXU/historical?assetclass=etf&fromdate=2016-07-26&todate=2026-07-26&limit=5000
SPXU,2018-08-13,3521,3583,3493.4,3572,42522,,https://api.nasdaq.com/api/quote/SPXU/historical?assetclass=etf&fromdate=2016-07-26&todate=2026-07-26&limit=5000
SPXU,2018-08-14,3539,3556,3493,3504,20473,,https://api.nasdaq.com/api/quote/SPXU/historical?assetclass=etf&fromdate=2016-07-26&todate=2026-07-26&limit=5000
SPXU,2018-08-15,3562,3643.5,3554,3582,57415,,https://api.nasdaq.com/api/quote/SPXU/historical?assetclass=etf&fromdate=2016-07-26&todate=2026-07-26&limit=5000
SPXU,2018-08-16,3522,3523,3460,3497,28216,,https://api.nasdaq.com/api/quote/SPXU/historical?assetclass=etf&fromdate=2016-07-26&todate=2026-07-26&limit=5000
SPXU,2018-08-17,3510,3523.5,3443,3464,28697,,https://api.nasdaq.com/api/quote/SPXU/historical?assetclass=etf&fromdate=2016-07-26&todate=2026-07-26&limit=5000
SPXU,2018-08-20,3441,3461.35,3429.5,3438,17696,,https://api.nasdaq.com/api/quote/SPXU/historical?assetclass=etf&fromdate=2016-07-26&todate=2026-07-26&limit=5000
SPXU,2018-08-21,3422,3424.9,3381,3421,24874,,https://api.nasdaq.com/api/quote/SPXU/historical?assetclass=etf&fromdate=2016-07-26&todate=2026-07-26&limit=5000
SPXU,2018-08-22,3435,3443,3402.99,3419,20884,,https://api.nasdaq.com/api/quote/SPXU/historical?assetclass=etf&fromdate=2016-07-26&todate=2026-07-26&limit=5000
SPXU,2018-08-23,3435,3451,3397,3440,26019,,https://api.nasdaq.com/api/quote/SPXU/historical?assetclass=etf&fromdate=2016-07-26&todate=2026-07-26&limit=5000
SPXU,2018-08-24,3416,3417,3372,3374,26631,,https://api.nasdaq.com/api/quote/SPXU/historical?assetclass=etf&fromdate=2016-07-26&todate=2026-07-26&limit=5000
SPXU,2018-08-27,3328,3335,3293.66,3301,36501,,https://api.nasdaq.com/api/quote/SPXU/historical?assetclass=etf&fromdate=2016-07-26&todate=2026-07-26&limit=5000
SPXU,2018-08-28,3282,3311,3276.99,3293,23373,,https://api.nasdaq.com/api/quote/SPXU/historical?assetclass=etf&fromdate=2016-07-26&todate=2026-07-26&limit=5000
SPXU,2018-08-29,3287,3294,3232,3239,18482,,https://api.nasdaq.com/api/quote/SPXU/historical?assetclass=etf&fromdate=2016-07-26&todate=2026-07-26&limit=5000
SPXU,2018-08-30,3264,3304,3246.42,3283,46488,,https://api.nasdaq.com/api/quote/SPXU/historical?assetclass=etf&fromdate=2016-07-26&todate=2026-07-26&limit=5000
SPXU,2018-08-31,3300,3317,3265.5,3284,33561,,https://api.nasdaq.com/api/quote/SPXU/historical?assetclass=etf&fromdate=2016-07-26&todate=2026-07-26&limit=5000
SPXU,2018-09-04,3301,3339.21,3288,3301,35919,,https://api.nasdaq.com/api/quote/SPXU/historical?assetclass=etf&fromdate=2016-07-26&todate=2026-07-26&limit=5000
SPXU,2018-09-05,3316,3367,3308,3327,38686,,https://api.nasdaq.com/api/quote/SPXU/historical?assetclass=etf&fromdate=2016-07-26&todate=2026-07-26&limit=5000
SPXU,2018-09-06,3326,3400,3312,3357,32518,,https://api.nasdaq.com/api/quote/SPXU/historical?assetclass=etf&fromdate=2016-07-26&todate=2026-07-26&limit=5000
SPXU,2018-09-07,3401,3411.5,3342.5,3380,45322,,https://api.nasdaq.com/api/quote/SPXU/historical?assetclass=etf&fromdate=2016-07-26&todate=2026-07-26&limit=5000
SPXU,2018-09-10,3341,3371.5,3330.5,3362,29009,,https://api.nasdaq.com/api/quote/SPXU/historical?assetclass=etf&fromdate=2016-07-26&todate=2026-07-26&limit=5000
SPXU,2018-09-11,3388,3404,3313,3327,25301,,https://api.nasdaq.com/api/quote/SPXU/historical?assetclass=etf&fromdate=2016-07-26&todate=2026-07-26&limit=5000
SPXU,2018-09-12,3333,3359,3305,3327,28429,,https://api.nasdaq.com/api/quote/SPXU/historical?assetclass=etf&fromdate=2016-07-26&todate=2026-07-26&limit=5000
SPXU,2018-09-13,3289,3299,3264,3271,33769,,https://api.nasdaq.com/api/quote/SPXU/historical?assetclass=etf&fromdate=2016-07-26&todate=2026-07-26&limit=5000
SPXU,2018-09-14,3265,3300,3258.1,3268,18419,,https://api.nasdaq.com/api/quote/SPXU/historical?assetclass=etf&fromdate=2016-07-26&todate=2026-07-26&limit=5000
SPXU,2018-09-17,3275,3335,3272.45,3323,22040,,https://api.nasdaq.com/api/quote/SPXU/historical?assetclass=etf&fromdate=2016-07-26&todate=2026-07-26&limit=5000
SPXU,2018-09-18,3316,3316,3247.16,3270,25131,,https://api.nasdaq.com/api/quote/SPXU/historical?assetclass=etf&fromdate=2016-07-26&todate=2026-07-26&limit=5000
SPXU,2018-09-19,3269,3274,3245,3258,22027,,https://api.nasdaq.com/api/quote/SPXU/historical?assetclass=etf&fromdate=2016-07-26&todate=2026-07-26&limit=5000
SPXU,2018-09-20,3214,3218,3171,3183,29153,,https://api.nasdaq.com/api/quote/SPXU/historical?assetclass=etf&fromdate=2016-07-26&todate=2026-07-26&limit=5000
SPXU,2018-09-21,3160,3197,3153,3187,31376,,https://api.nasdaq.com/api/quote/SPXU/historical?assetclass=etf&fromdate=2016-07-26&todate=2026-07-26&limit=5000
SPXU,2018-09-24,3214,3245,3209,3221,35486,,https://api.nasdaq.com/api/quote/SPXU/historical?assetclass=etf&fromdate=2016-07-26&todate=2026-07-26&limit=5000
SPXU,2018-09-25,3206,3242,3204,3231,17024,,https://api.nasdaq.com/api/quote/SPXU/historical?assetclass=etf&fromdate=2016-07-26&todate=2026-07-26&limit=5000
SPXU,2018-09-26,3212,3260,3167,3244,38409,,https://api.nasdaq.com/api/quote/SPXU/historical?assetclass=etf&fromdate=2016-07-26&todate=2026-07-26&limit=5000
SPXU,2018-09-27,3228,3239,3178.82,3220,29235,,https://api.nasdaq.com/api/quote/SPXU/historical?assetclass=etf&fromdate=2016-07-26&todate=2026-07-26&limit=5000
SPXU,2018-09-28,3245,3245,3201,3223,29612,,https://api.nasdaq.com/api/quote/SPXU/historical?assetclass=etf&fromdate=2016-07-26&todate=2026-07-26&limit=5000
SPXU,2018-10-01,3173,3211,3147,3188,35418,,https://api.nasdaq.com/api/quote/SPXU/historical?assetclass=etf&fromdate=2016-07-26&todate=2026-07-26&limit=5000
SPXU,2018-10-02,3195,3206.65,3167,3192,19890,,https://api.nasdaq.com/api/quote/SPXU/historical?assetclass=etf&fromdate=2016-07-26&todate=2026-07-26&limit=5000
SPXU,2018-10-03,3159,3201,3139,3185,27700,,https://api.nasdaq.com/api/quote/SPXU/historical?assetclass=etf&fromdate=2016-07-26&todate=2026-07-26&limit=5000
SPXU,2018-10-04,3210,3323.65,3207,3265,67787,,https://api.nasdaq.com/api/quote/SPXU/historical?assetclass=etf&fromdate=2016-07-26&todate=2026-07-26&limit=5000
SPXU,2018-10-05,3256,3375.35,3239,3318,77593,,https://api.nasdaq.com/api/quote/SPXU/historical?assetclass=etf&fromdate=2016-07-26&todate=2026-07-26&limit=5000
SPXU,2018-10-08,3351,3401.14,3307,3322,57557,,https://api.nasdaq.com/api/quote/SPXU/historical?assetclass=etf&fromdate=2016-07-26&todate=2026-07-26&limit=5000
SPXU,2018-10-09,3339,3357.5,3286,3337,52632,,https://api.nasdaq.com/api/quote/SPXU/historical?assetclass=etf&fromdate=2016-07-26&todate=2026-07-26&limit=5000
SPXU,2018-10-10,3359,3669,3357,3657,149087,,https://api.nasdaq.com/api/quote/SPXU/historical?assetclass=etf&fromdate=2016-07-26&todate=2026-07-26&limit=5000
SPXU,2018-10-11,3700,3969,3632,3891,246335,,https://api.nasdaq.com/api/quote/SPXU/historical?assetclass=etf&fromdate=2016-07-26&todate=2026-07-26&limit=5000
SPXU,2018-10-12,3699,3891.57,3688,3732,178010,,https://api.nasdaq.com/api/quote/SPXU/historical?assetclass=etf&fromdate=2016-07-26&todate=2026-07-26&limit=5000
SPXU,2018-10-15,3755,3804.85,3694,3799,62332,,https://api.nasdaq.com/api/quote/SPXU/historical?assetclass=etf&fromdate=2016-07-26&todate=2026-07-26&limit=5000
SPXU,2018-10-16,3711,3731,3536,3555,85728,,https://api.nasdaq.com/api/quote/SPXU/historical?assetclass=etf&fromdate=2016-07-26&todate=2026-07-26&limit=5000
SPXU,2018-10-17,3551,3661,3525.35,3552,69322,,https://api.nasdaq.com/api/quote/SPXU/historical?assetclass=etf&fromdate=2016-07-26&todate=2026-07-26&limit=5000
SPXU,2018-10-18,3595,3762,3568,3706,123587,,https://api.nasdaq.com/api/quote/SPXU/historical?assetclass=etf&fromdate=2016-07-26&todate=2026-07-26&limit=5000
SPXU,2018-10-19,3681,3746,3592,3717,72437,,https://api.nasdaq.com/api/quote/SPXU/historical?assetclass=etf&fromdate=2016-07-26&todate=2026-07-26&limit=5000
SPXU,2018-10-22,3685,3790,3671,3763,59083,,https://api.nasdaq.com/api/quote/SPXU/historical?assetclass=etf&fromdate=2016-07-26&todate=2026-07-26&limit=5000
SPXU,2018-10-23,3936,4029,3773,3830,102401,,https://api.nasdaq.com/api/quote/SPXU/historical?assetclass=etf&fromdate=2016-07-26&todate=2026-07-26&limit=5000
SPXU,2018-10-24,3838,4199,3819,4178,114793,,https://api.nasdaq.com/api/quote/SPXU/historical?assetclass=etf&fromdate=2016-07-26&todate=2026-07-26&limit=5000
SPXU,2018-10-25,4077,4131,3868,3945,94624,,https://api.nasdaq.com/api/quote/SPXU/historical?assetclass=etf&fromdate=2016-07-26&todate=2026-07-26&limit=5000
SPXU,2018-10-26,4136,4292,4008,4160,183514,,https://api.nasdaq.com/api/quote/SPXU/historical?assetclass=etf&fromdate=2016-07-26&todate=2026-07-26&limit=5000
SPXU,2018-10-29,3997,4418,3930,4234,132312,,https://api.nasdaq.com/api/quote/SPXU/historical?assetclass=etf&fromdate=2016-07-26&todate=2026-07-26&limit=5000
SPXU,2018-10-30,4241,4267,4026,4043,115275,,https://api.nasdaq.com/api/quote/SPXU/historical?assetclass=etf&fromdate=2016-07-26&todate=2026-07-26&limit=5000
SPXU,2018-10-31,3911.5,3936,3797,3908,112147,,https://api.nasdaq.com/api/quote/SPXU/historical?assetclass=etf&fromdate=2016-07-26&todate=2026-07-26&limit=5000
SPXU,2018-11-01,3870,3925.99,3781.04,3790,63057,,https://api.nasdaq.com/api/quote/SPXU/historical?assetclass=etf&fromdate=2016-07-26&todate=2026-07-26&limit=5000
SPXU,2018-11-02,3740,3955,3721,3861,79585,,https://api.nasdaq.com/api/quote/SPXU/historical?assetclass=etf&fromdate=2016-07-26&todate=2026-07-26&limit=5000
SPXU,2018-11-05,3840,3883,3770,3794,39906,,https://api.nasdaq.com/api/quote/SPXU/historical?assetclass=etf&fromdate=2016-07-26&todate=2026-07-26&limit=5000
SPXU,2018-11-06,3800,3803,3718,3725,34952,,https://api.nasdaq.com/api/quote/SPXU/historical?assetclass=etf&fromdate=2016-07-26&todate=2026-07-26&limit=5000
SPXU,2018-11-07,3626,3645.79,3482,3489,101021,,https://api.nasdaq.com/api/quote/SPXU/historical?assetclass=etf&fromdate=2016-07-26&todate=2026-07-26&limit=5000
SPXU,2018-11-08,3522,3556,3482,3511,46021,,https://api.nasdaq.com/api/quote/SPXU/historical?assetclass=etf&fromdate=2016-07-26&todate=2026-07-26&limit=5000
SPXU,2018-11-09,3568,3672,3558,3607,52644,,https://api.nasdaq.com/api/quote/SPXU/historical?assetclass=etf&fromdate=2016-07-26&todate=2026-07-26&limit=5000
SPXU,2018-11-12,3638,3837.52,3625,3815,68569,,https://api.nasdaq.com/api/quote/SPXU/historical?assetclass=etf&fromdate=2016-07-26&todate=2026-07-26&limit=5000
SPXU,2018-11-13,3794,3871,3700,3837,73306,,https://api.nasdaq.com/api/quote/SPXU/historical?assetclass=etf&fromdate=2016-07-26&todate=2026-07-26&limit=5000
SPXU,2018-11-14,3748,3991,3730,3919,91794,,https://api.nasdaq.com/api/quote/SPXU/historical?assetclass=etf&fromdate=2016-07-26&todate=2026-07-26&limit=5000
SPXU,2018-11-15,3983.73,4058,3774.11,3795,86671,,https://api.nasdaq.com/api/quote/SPXU/historical?assetclass=etf&fromdate=2016-07-26&todate=2026-07-26&limit=5000
SPXU,2018-11-16,3851,3875,3727,3770,58465,,https://api.nasdaq.com/api/quote/SPXU/historical?assetclass=etf&fromdate=2016-07-26&todate=2026-07-26&limit=5000
SPXU,2018-11-19,3798,4003,3784,3960,81611,,https://api.nasdaq.com/api/quote/SPXU/historical?assetclass=etf&fromdate=2016-07-26&todate=2026-07-26&limit=5000
SPXU,2018-11-20,4130,4226,4056,4179,70487,,https://api.nasdaq.com/api/quote/SPXU/historical?assetclass=etf&fromdate=2016-07-26&todate=2026-07-26&limit=5000
SPXU,2018-11-21,4102,4142,4044,4140,30217,,https://api.nasdaq.com/api/quote/SPXU/historical?assetclass=etf&fromdate=2016-07-26&todate=2026-07-26&limit=5000
SPXU,2018-11-23,4234,4235,4154,4225,19342,,https://api.nasdaq.com/api/quote/SPXU/historical?assetclass=etf&fromdate=2016-07-26&todate=2026-07-26&limit=5000
SPXU,2018-11-26,4108,4127,4023,4027,55032,,https://api.nasdaq.com/api/quote/SPXU/historical?assetclass=etf&fromdate=2016-07-26&todate=2026-07-26&limit=5000
SPXU,2018-11-27,4080,4107,3986,3987,31185,,https://api.nasdaq.com/api/quote/SPXU/historical?assetclass=etf&fromdate=2016-07-26&todate=2026-07-26&limit=5000
SPXU,2018-11-28,3929,3978,3712,3713,43262,,https://api.nasdaq.com/api/quote/SPXU/historical?assetclass=etf&fromdate=2016-07-26&todate=2026-07-26&limit=5000
SPXU,2018-11-29,3748,3797.76,3672,3736,30846,,https://api.nasdaq.com/api/quote/SPXU/historical?assetclass=etf&fromdate=2016-07-26&todate=2026-07-26&limit=5000
SPXU,2018-11-30,3746,3758.21,3642.35,3664,26552,,https://api.nasdaq.com/api/quote/SPXU/historical?assetclass=etf&fromdate=2016-07-26&todate=2026-07-26&limit=5000
SPXU,2018-12-03,3484,3595,3479,3527,40273,,https://api.nasdaq.com/api/quote/SPXU/historical?assetclass=etf&fromdate=2016-07-26&todate=2026-07-26&limit=5000
SPXU,2018-12-04,3560,3881.95,3543,3854,79701,,https://api.nasdaq.com/api/quote/SPXU/historical?assetclass=etf&fromdate=2016-07-26&todate=2026-07-26&limit=5000
SPXU,2018-12-06,4055,4208.14,3882,3882,92307,,https://api.nasdaq.com/api/quote/SPXU/historical?assetclass=etf&fromdate=2016-07-26&todate=2026-07-26&limit=5000
SPXU,2018-12-07,3908,4202,3830.34,4160,85416,,https://api.nasdaq.com/api/quote/SPXU/historical?assetclass=etf&fromdate=2016-07-26&todate=2026-07-26&limit=5000
SPXU,2018-12-10,4175,4398,4090,4140,76889,,https://api.nasdaq.com/api/quote/SPXU/historical?assetclass=etf&fromdate=2016-07-26&todate=2026-07-26&limit=5000
SPXU,2018-12-11,3975,4216.98,3963,4138,64072,,https://api.nasdaq.com/api/quote/SPXU/historical?assetclass=etf&fromdate=2016-07-26&todate=2026-07-26&limit=5000
SPXU,2018-12-12,3983,4079,3911.07,4073,59162,,https://api.nasdaq.com/api/quote/SPXU/historical?assetclass=etf&fromdate=2016-07-26&todate=2026-07-26&limit=5000
SPXU,2018-12-13,4032,4141,3986,4081,61562,,https://api.nasdaq.com/api/quote/SPXU/historical?assetclass=etf&fromdate=2016-07-26&todate=2026-07-26&limit=5000
SPXU,2018-12-14,4198,4339,4148,4309,54978,,https://api.nasdaq.com/api/quote/SPXU/historical?assetclass=etf&fromdate=2016-07-26&todate=2026-07-26&limit=5000
SPXU,2018-12-17,4367,4657,4303,4572,93566,,https://api.nasdaq.com/api/quote/SPXU/historical?assetclass=etf&fromdate=2016-07-26&todate=2026-07-26&limit=5000
SPXU,2018-12-18,4470,4675.99,4427,4581,80633,,https://api.nasdaq.com/api/quote/SPXU/historical?assetclass=etf&fromdate=2016-07-26&todate=2026-07-26&limit=5000
SPXU,2018-12-19,4576,4891,4359,4794,132253,,https://api.nasdaq.com/api/quote/SPXU/historical?assetclass=etf&fromdate=2016-07-26&todate=2026-07-26&limit=5000
SPXU,2018-12-20,4874,5172,4774,5023,122637,,https://api.nasdaq.com/api/quote/SPXU/historical?assetclass=etf&fromdate=2016-07-26&todate=2026-07-26&limit=5000
SPXU,2018-12-21,4972,5383,4790,5340,108906,,https://api.nasdaq.com/api/quote/SPXU/historical?assetclass=etf&fromdate=2016-07-26&todate=2026-07-26&limit=5000
SPXU,2018-12-24,5454,5769,5370,5755,52597,,https://api.nasdaq.com/api/quote/SPXU/historical?assetclass=etf&fromdate=2016-07-26&todate=2026-07-26&limit=5000
SPXU,2018-12-26,5622,5787,4697,4887,101252,,https://api.nasdaq.com/api/quote/SPXU/historical?assetclass=etf&fromdate=2016-07-26&todate=2026-07-26&limit=5000
SPXU,2018-12-27,5094,5310,4760,4761,61500,,https://api.nasdaq.com/api/quote/SPXU/historical?assetclass=etf&fromdate=2016-07-26&todate=2026-07-26&limit=5000
SPXU,2018-12-28,4682,4859.12,4576,4783,65557,,https://api.nasdaq.com/api/quote/SPXU/historical?assetclass=etf&fromdate=2016-07-26&todate=2026-07-26&limit=5000
SPXU,2018-12-31,4685,4804.29,4650,4654,45784,,https://api.nasdaq.com/api/quote/SPXU/historical?assetclass=etf&fromdate=2016-07-26&todate=2026-07-26&limit=5000
SPXU,2019-01-02,4887,4887,4592,4649,59866,,https://api.nasdaq.com/api/quote/SPXU/historical?assetclass=etf&fromdate=2016-07-26&todate=2026-07-26&limit=5000
SPXU,2019-01-03,4760,5016,4746,4980,78903,,https://api.nasdaq.com/api/quote/SPXU/historical?assetclass=etf&fromdate=2016-07-26&todate=2026-07-26&limit=5000
SPXU,2019-01-04,4781,4804.46,4442,4483,61088,,https://api.nasdaq.com/api/quote/SPXU/historical?assetclass=etf&fromdate=2016-07-26&todate=2026-07-26&limit=5000
SPXU,2019-01-07,4465,4520,4295,4382,32886,,https://api.nasdaq.com/api/quote/SPXU/historical?assetclass=etf&fromdate=2016-07-26&todate=2026-07-26&limit=5000
SPXU,2019-01-08,4257,4399,4230,4260,41751,,https://api.nasdaq.com/api/quote/SPXU/historical?assetclass=etf&fromdate=2016-07-26&todate=2026-07-26&limit=5000
SPXU,2019-01-09,4217,4287,4150,4205,46419,,https://api.nasdaq.com/api/quote/SPXU/historical?assetclass=etf&fromdate=2016-07-26&todate=2026-07-26&limit=5000
SPXU,2019-01-10,4284,4318,4144,4152,61910,,https://api.nasdaq.com/api/quote/SPXU/historical?assetclass=etf&fromdate=2016-07-26&todate=2026-07-26&limit=5000
SPXU,2019-01-11,4215,4244.65,4152,4153,25173,,https://api.nasdaq.com/api/quote/SPXU/historical?assetclass=etf&fromdate=2016-07-26&todate=2026-07-26&limit=5000
SPXU,2019-01-14,4258,4276,4186.01,4229,25847,,https://api.nasdaq.com/api/quote/SPXU/historical?assetclass=etf&fromdate=2016-07-26&todate=2026-07-26&limit=5000
SPXU,2019-01-15,4208,4209,4068,4085,36875,,https://api.nasdaq.com/api/quote/SPXU/historical?assetclass=etf&fromdate=2016-07-26&todate=2026-07-26&limit=5000
SPXU,2019-01-16,4063,4072.18,4011,4058,29696,,https://api.nasdaq.com/api/quote/SPXU/historical?assetclass=etf&fromdate=2016-07-26&todate=2026-07-26&limit=5000
SPXU,2019-01-17,4105,4107,3924.34,3970,41698,,https://api.nasdaq.com/api/quote/SPXU/historical?assetclass=etf&fromdate=2016-07-26&todate=2026-07-26&limit=5000
SPXU,2019-01-18,3880.2,3917,3788,3812,54415,,https://api.nasdaq.com/api/quote/SPXU/historical?assetclass=etf&fromdate=2016-07-26&todate=2026-07-26&limit=5000
SPXU,2019-01-22,3884,4043,3875,3963,48408,,https://api.nasdaq.com/api/quote/SPXU/historical?assetclass=etf&fromdate=2016-07-26&todate=2026-07-26&limit=5000
SPXU,2019-01-23,3912,4065.63,3880.68,3949,43365,,https://api.nasdaq.com/api/quote/SPXU/historical?assetclass=etf&fromdate=2016-07-26&todate=2026-07-26&limit=5000
SPXU,2019-01-24,3955,4004.9,3910,3935,38249,,https://api.nasdaq.com/api/quote/SPXU/historical?assetclass=etf&fromdate=2016-07-26&todate=2026-07-26&limit=5000
SPXU,2019-01-25,3848,3869.81,3800,3840,42099,,https://api.nasdaq.com/api/quote/SPXU/historical?assetclass=etf&fromdate=2016-07-26&todate=2026-07-26&limit=5000
SPXU,2019-01-28,3945,4014,3925,3927,36311,,https://api.nasdaq.com/api/quote/SPXU/historical?assetclass=etf&fromdate=2016-07-26&todate=2026-07-26&limit=5000
SPXU,2019-01-29,3924,3985.9,3895,3947,26199,,https://api.nasdaq.com/api/quote/SPXU/historical?assetclass=etf&fromdate=2016-07-26&todate=2026-07-26&limit=5000
SPXU,2019-01-30,3871,3908,3717,3755,67748,,https://api.nasdaq.com/api/quote/SPXU/historical?assetclass=etf&fromdate=2016-07-26&todate=2026-07-26&limit=5000
SPXU,2019-01-31,3763,3773,3643,3664,58797,,https://api.nasdaq.com/api/quote/SPXU/historical?assetclass=etf&fromdate=2016-07-26&todate=2026-07-26&limit=5000
SPXU,2019-02-01,3654,3692,3611,3656,31436,,https://api.nasdaq.com/api/quote/SPXU/historical?assetclass=etf&fromdate=2016-07-26&todate=2026-07-26&limit=5000
SPXU,2019-02-04,3655,3687,3579,3580,60651,,https://api.nasdaq.com/api/quote/SPXU/historical?assetclass=etf&fromdate=2016-07-26&todate=2026-07-26&limit=5000
SPXU,2019-02-05,3560,3585,3524.1,3535,31662,,https://api.nasdaq.com/api/quote/SPXU/historical?assetclass=etf&fromdate=2016-07-26&todate=2026-07-26&limit=5000
SPXU,2019-02-06,3550,3583,3529,3549,60433,,https://api.nasdaq.com/api/quote/SPXU/historical?assetclass=etf&fromdate=2016-07-26&todate=2026-07-26&limit=5000
SPXU,2019-02-07,3626,3728,3602,3656,101439,,https://api.nasdaq.com/api/quote/SPXU/historical?assetclass=etf&fromdate=2016-07-26&todate=2026-07-26&limit=5000
SPXU,2019-02-08,3717,3750.84,3640,3642,97257,,https://api.nasdaq.com/api/quote/SPXU/historical?assetclass=etf&fromdate=2016-07-26&todate=2026-07-26&limit=5000
SPXU,2019-02-11,3614,3662,3604.39,3639,37489,,https://api.nasdaq.com/api/quote/SPXU/historical?assetclass=etf&fromdate=2016-07-26&todate=2026-07-26&limit=5000
SPXU,2019-02-12,3567,3569,3482.48,3500,56772,,https://api.nasdaq.com/api/quote/SPXU/historical?assetclass=etf&fromdate=2016-07-26&todate=2026-07-26&limit=5000
SPXU,2019-02-13,3466,3481.91,3429,3465,56028,,https://api.nasdaq.com/api/quote/SPXU/historical?assetclass=etf&fromdate=2016-07-26&todate=2026-07-26&limit=5000
SPXU,2019-02-14,3517,3549.92,3444,3493,60130,,https://api.nasdaq.com/api/quote/SPXU/historical?assetclass=etf&fromdate=2016-07-26&todate=2026-07-26&limit=5000
SPXU,2019-02-15,3417,3427,3378,3380,47258,,https://api.nasdaq.com/api/quote/SPXU/historical?assetclass=etf&fromdate=2016-07-26&todate=2026-07-26&limit=5000
SPXU,2019-02-19,3414,3414,3335,3363,29647,,https://api.nasdaq.com/api/quote/SPXU/historical?assetclass=etf&fromdate=2016-07-26&todate=2026-07-26&limit=5000
SPXU,2019-02-20,3365,3384.49,3324.5,3342,37983,,https://api.nasdaq.com/api/quote/SPXU/historical?assetclass=etf&fromdate=2016-07-26&todate=2026-07-26&limit=5000
SPXU,2019-02-21,3369,3419,3356,3380,48480,,https://api.nasdaq.com/api/quote/SPXU/historical?assetclass=etf&fromdate=2016-07-26&todate=2026-07-26&limit=5000
SPXU,2019-02-22,3356,3365.88,3312,3318,31037,,https://api.nasdaq.com/api/quote/SPXU/historical?assetclass=etf&fromdate=2016-07-26&todate=2026-07-26&limit=5000
SPXU,2019-02-25,3263,3309,3242.1,3303,38884,,https://api.nasdaq.com/api/quote/SPXU/historical?assetclass=etf&fromdate=2016-07-26&todate=2026-07-26&limit=5000
SPXU,2019-02-26,3323,3329,3279.05,3313,57517,,https://api.nasdaq.com/api/quote/SPXU/historical?assetclass=etf&fromdate=2016-07-26&todate=2026-07-26&limit=5000
SPXU,2019-02-27,3344,3379.91,3304,3318,45764,,https://api.nasdaq.com/api/quote/SPXU/historical?assetclass=etf&fromdate=2016-07-26&todate=2026-07-26&limit=5000
SPXU,2019-02-28,3332,3352.5,3313,3343,38651,,https://api.nasdaq.com/api/quote/SPXU/historical?assetclass=etf&fromdate=2016-07-26&todate=2026-07-26&limit=5000
SPXU,2019-03-01,3277,3335,3262,3278,52969,,https://api.nasdaq.com/api/quote/SPXU/historical?assetclass=etf&fromdate=2016-07-26&todate=2026-07-26&limit=5000
SPXU,2019-03-04,3237,3405,3229,3313,75757,,https://api.nasdaq.com/api/quote/SPXU/historical?assetclass=etf&fromdate=2016-07-26&todate=2026-07-26&limit=5000
SPXU,2019-03-05,3312,3352,3303.25,3328,38886,,https://api.nasdaq.com/api/quote/SPXU/historical?assetclass=etf&fromdate=2016-07-26&todate=2026-07-26&limit=5000
SPXU,2019-03-06,3327,3403,3327,3392,54742,,https://api.nasdaq.com/api/quote/SPXU/historical?assetclass=etf&fromdate=2016-07-26&todate=2026-07-26&limit=5000
SPXU,2019-03-07,3412,3513,3407,3477,83785,,https://api.nasdaq.com/api/quote/SPXU/historical?assetclass=etf&fromdate=2016-07-26&todate=2026-07-26&limit=5000
SPXU,2019-03-08,3561,3579,3494,3498,72101,,https://api.nasdaq.com/api/quote/SPXU/historical?assetclass=etf&fromdate=2016-07-26&todate=2026-07-26&limit=5000
SPXU,2019-03-11,3471,3471,3342,3345,46180,,https://api.nasdaq.com/api/quote/SPXU/historical?assetclass=etf&fromdate=2016-07-26&todate=2026-07-26&limit=5000
SPXU,2019-03-12,3326,3333.92,3291,3312,33545,,https://api.nasdaq.com/api/quote/SPXU/historical?assetclass=etf&fromdate=2016-07-26&todate=2026-07-26&limit=5000
SPXU,2019-03-13,3277,3283.99,3210,3244,42047,,https://api.nasdaq.com/api/quote/SPXU/historical?assetclass=etf&fromdate=2016-07-26&todate=2026-07-26&limit=5000
SPXU,2019-03-14,3247,3272,3232,3253,28089,,https://api.nasdaq.com/api/quote/SPXU/historical?assetclass=etf&fromdate=2016-07-26&todate=2026-07-26&limit=5000
SPXU,2019-03-15,3233,3241.21,3177,3207,34436,,https://api.nasdaq.com/api/quote/SPXU/historical?assetclass=etf&fromdate=2016-07-26&todate=2026-07-26&limit=5000
SPXU,2019-03-18,3202,3209,3164,3173,33569,,https://api.nasdaq.com/api/quote/SPXU/historical?assetclass=etf&fromdate=2016-07-26&todate=2026-07-26&limit=5000
SPXU,2019-03-19,3136,3206,3106.01,3168,57564,,https://api.nasdaq.com/api/quote/SPXU/historical?assetclass=etf&fromdate=2016-07-26&todate=2026-07-26&limit=5000
SPXU,2019-03-20,3175,3235,3128,3194,99281,,https://api.nasdaq.com/api/quote/SPXU/historical?assetclass=etf&fromdate=2016-07-26&todate=2026-07-26&limit=5000
SPXU,2019-03-21,3228,3228,3073,3092,71690,,https://api.nasdaq.com/api/quote/SPXU/historical?assetclass=etf&fromdate=2016-07-26&todate=2026-07-26&limit=5000
SPXU,2019-03-22,3140,3269,3119,3266,111275,,https://api.nasdaq.com/api/quote/SPXU/historical?assetclass=etf&fromdate=2016-07-26&todate=2026-07-26&limit=5000
SPXU,2019-03-25,3283,3323.78,3235,3276,89996,,https://api.nasdaq.com/api/quote/SPXU/historical?assetclass=etf&fromdate=2016-07-26&todate=2026-07-26&limit=5000
SPXU,2019-03-26,3207,3257.62,3165,3207,69189,,https://api.nasdaq.com/api/quote/SPXU/historical?assetclass=etf&fromdate=2016-07-26&todate=2026-07-26&limit=5000
SPXU,2019-03-27,3203,3313,3182,3251,78984,,https://api.nasdaq.com/api/quote/SPXU/historical?assetclass=etf&fromdate=2016-07-26&todate=2026-07-26&limit=5000
SPXU,2019-03-28,3231,3277,3201.99,3216,45019,,https://api.nasdaq.com/api/quote/SPXU/historical?assetclass=etf&fromdate=2016-07-26&todate=2026-07-26&limit=5000
SPXU,2019-03-29,3161,3206,3148,3154,48407,,https://api.nasdaq.com/api/quote/SPXU/historical?assetclass=etf&fromdate=2016-07-26&todate=2026-07-26&limit=5000
SPXU,2019-04-01,3085,3096,3037.99,3047,42974,,https://api.nasdaq.com/api/quote/SPXU/historical?assetclass=etf&fromdate=2016-07-26&todate=2026-07-26&limit=5000
SPXU,2019-04-02,3043,3072,3036,3045,22453,,https://api.nasdaq.com/api/quote/SPXU/historical?assetclass=etf&fromdate=2016-07-26&todate=2026-07-26&limit=5000
SPXU,2019-04-03,3003,3053,2988,3030,46173,,https://api.nasdaq.com/api/quote/SPXU/historical?assetclass=etf&fromdate=2016-07-26&todate=2026-07-26&limit=5000
SPXU,2019-04-04,3021,3046,3001,3007,36726,,https://api.nasdaq.com/api/quote/SPXU/historical?assetclass=etf&fromdate=2016-07-26&todate=2026-07-26&limit=5000
SPXU,2019-04-05,2985,2996.65,2965.87,2970,26654,,https://api.nasdaq.com/api/quote/SPXU/historical?assetclass=etf&fromdate=2016-07-26&todate=2026-07-26&limit=5000
SPXU,2019-04-08,2983,3004.68,2957,2959,27574,,https://api.nasdaq.com/api/quote/SPXU/historical?assetclass=etf&fromdate=2016-07-26&todate=2026-07-26&limit=5000
SPXU,2019-04-09,2995,3025,2983,3008,33008,,https://api.nasdaq.com/api/quote/SPXU/historical?assetclass=etf&fromdate=2016-07-26&todate=2026-07-26&limit=5000
SPXU,2019-04-10,2993,3007.5,2973.16,2977,22149,,https://api.nasdaq.com/api/quote/SPXU/historical?assetclass=etf&fromdate=2016-07-26&todate=2026-07-26&limit=5000
SPXU,2019-04-11,2961,3000,2961,2981,20141,,https://api.nasdaq.com/api/quote/SPXU/historical?assetclass=etf&fromdate=2016-07-26&todate=2026-07-26&limit=5000
SPXU,2019-04-12,2928,2949,2911,2922,24636,,https://api.nasdaq.com/api/quote/SPXU/historical?assetclass=etf&fromdate=2016-07-26&todate=2026-07-26&limit=5000
SPXU,2019-04-15,2919,2955,2916,2928,17949,,https://api.nasdaq.com/api/quote/SPXU/historical?assetclass=etf&fromdate=2016-07-26&todate=2026-07-26&limit=5000
SPXU,2019-04-16,2898.6,2942,2897,2923,19669,,https://api.nasdaq.com/api/quote/SPXU/historical?assetclass=etf&fromdate=2016-07-26&todate=2026-07-26&limit=5000
SPXU,2019-04-17,2888,2960.02,2887.1,2947,26076,,https://api.nasdaq.com/api/quote/SPXU/historical?assetclass=etf&fromdate=2016-07-26&todate=2026-07-26&limit=5000
SPXU,2019-04-18,2927,2974,2922,2929,57135,,https://api.nasdaq.com/api/quote/SPXU/historical?assetclass=etf&fromdate=2016-07-26&todate=2026-07-26&limit=5000
SPXU,2019-04-22,2958,2960.5,2918,2923,44323,,https://api.nasdaq.com/api/quote/SPXU/historical?assetclass=etf&fromdate=2016-07-26&todate=2026-07-26&limit=5000
SPXU,2019-04-23,2911,2919.99,2838,2846,59270,,https://api.nasdaq.com/api/quote/SPXU/historical?assetclass=etf&fromdate=2016-07-26&todate=2026-07-26&limit=5000
SPXU,2019-04-24,2848,2869,2838.01,2866,23308,,https://api.nasdaq.com/api/quote/SPXU/historical?assetclass=etf&fromdate=2016-07-26&todate=2026-07-26&limit=5000
SPXU,2019-04-25,2871,2912,2851,2873,33035,,https://api.nasdaq.com/api/quote/SPXU/historical?assetclass=etf&fromdate=2016-07-26&todate=2026-07-26&limit=5000
SPXU,2019-04-26,2871,2897,2831,2834,35180,,https://api.nasdaq.com/api/quote/SPXU/historical?assetclass=etf&fromdate=2016-07-26&todate=2026-07-26&limit=5000
SPXU,2019-04-29,2831,2834,2804.07,2824,15474,,https://api.nasdaq.com/api/quote/SPXU/historical?assetclass=etf&fromdate=2016-07-26&todate=2026-07-26&limit=5000
SPXU,2019-04-30,2834,2878,2809,2819,44280,,https://api.nasdaq.com/api/quote/SPXU/historical?assetclass=etf&fromdate=2016-07-26&todate=2026-07-26&limit=5000
SPXU,2019-05-01,2797,2882,2791,2882,43378,,https://api.nasdaq.com/api/quote/SPXU/historical?assetclass=etf&fromdate=2016-07-26&todate=2026-07-26&limit=5000
SPXU,2019-05-02,2890,2950,2857,2901,76184,,https://api.nasdaq.com/api/quote/SPXU/historical?assetclass=etf&fromdate=2016-07-26&todate=2026-07-26&limit=5000
SPXU,2019-05-03,2855,2861,2809,2815,55129,,https://api.nasdaq.com/api/quote/SPXU/historical?assetclass=etf&fromdate=2016-07-26&todate=2026-07-26&limit=5000
SPXU,2019-05-06,2958,2965,2840,2851,50553,,https://api.nasdaq.com/api/quote/SPXU/historical?assetclass=etf&fromdate=2016-07-26&todate=2026-07-26&limit=5000
SPXU,2019-05-07,2931,3059,2913,2997,92640,,https://api.nasdaq.com/api/quote/SPXU/historical?assetclass=etf&fromdate=2016-07-26&todate=2026-07-26&limit=5000
SPXU,2019-05-08,3009,3031.81,2951,3008,79044,,https://api.nasdaq.com/api/quote/SPXU/historical?assetclass=etf&fromdate=2016-07-26&todate=2026-07-26&limit=5000
SPXU,2019-05-09,3085,3146,3018,3036,91845,,https://api.nasdaq.com/api/quote/SPXU/historical?assetclass=etf&fromdate=2016-07-26&todate=2026-07-26&limit=5000
SPXU,2019-05-10,3074,3179.76,2969,2995,100497,,https://api.nasdaq.com/api/quote/SPXU/historical?assetclass=etf&fromdate=2016-07-26&todate=2026-07-26&limit=5000
SPXU,2019-05-13,3176,3252,3141,3220,105798,,https://api.nasdaq.com/api/quote/SPXU/historical?assetclass=etf&fromdate=2016-07-26&todate=2026-07-26&limit=5000
SPXU,2019-05-14,3184,3190,3079.3,3141,79543,,https://api.nasdaq.com/api/quote/SPXU/historical?assetclass=etf&fromdate=2016-07-26&todate=2026-07-26&limit=5000
SPXU,2019-05-15,3200,3207,3060,3081,95604,,https://api.nasdaq.com/api/quote/SPXU/historical?assetclass=etf&fromdate=2016-07-26&todate=2026-07-26&limit=5000
SPXU,2019-05-16,3058,3062,2950,3002,87849,,https://api.nasdaq.com/api/quote/SPXU/historical?assetclass=etf&fromdate=2016-07-26&todate=2026-07-26&limit=5000
SPXU,2019-05-17,3079.81,3080.99,2972,3059,81695,,https://api.nasdaq.com/api/quote/SPXU/historical?assetclass=etf&fromdate=2016-07-26&todate=2026-07-26&limit=5000
SPXU,2019-05-20,3116,3146.58,3073,3121,62831,,https://api.nasdaq.com/api/quote/SPXU/historical?assetclass=etf&fromdate=2016-07-26&todate=2026-07-26&limit=5000
SPXU,2019-05-21,3058,3068.85,3024,3037,41165,,https://api.nasdaq.com/api/quote/SPXU/historical?assetclass=etf&fromdate=2016-07-26&todate=2026-07-26&limit=5000
SPXU,2019-05-22,3073,3081.4,3033,3064,37912,,https://api.nasdaq.com/api/quote/SPXU/historical?assetclass=etf&fromdate=2016-07-26&todate=2026-07-26&limit=5000
SPXU,2019-05-23,3147,3230.31,3147,3176,72965,,https://api.nasdaq.com/api/quote/SPXU/historical?assetclass=etf&fromdate=2016-07-26&todate=2026-07-26&limit=5000
SPXU,2019-05-24,3127,3184,3112.02,3162,39071,,https://api.nasdaq.com/api/quote/SPXU/historical?assetclass=etf&fromdate=2016-07-26&todate=2026-07-26&limit=5000
SPXU,2019-05-28,3151,3250,3116,3250,36116,,https://api.nasdaq.com/api/quote/SPXU/historical?assetclass=etf&fromdate=2016-07-26&todate=2026-07-26&limit=5000
SPXU,2019-05-29,3294.4,3371,3280,3313,90932,,https://api.nasdaq.com/api/quote/SPXU/historical?assetclass=etf&fromdate=2016-07-26&todate=2026-07-26&limit=5000
SPXU,2019-05-30,3289,3335,3255,3292,50523,,https://api.nasdaq.com/api/quote/SPXU/historical?assetclass=etf&fromdate=2016-07-26&todate=2026-07-26&limit=5000
SPXU,2019-05-31,3394,3426.74,3361,3420,64619,,https://api.nasdaq.com/api/quote/SPXU/historical?assetclass=etf&fromdate=2016-07-26&todate=2026-07-26&limit=5000
SPXU,2019-06-03,3424,3509,3379.29,3455,78463,,https://api.nasdaq.com/api/quote/SPXU/historical?assetclass=etf&fromdate=2016-07-26&todate=2026-07-26&limit=5000
SPXU,2019-06-04,3358,3377,3224,3227,88427,,https://api.nasdaq.com/api/quote/SPXU/historical?assetclass=etf&fromdate=2016-07-26&todate=2026-07-26&limit=5000
SPXU,2019-06-05,3167,3238,3145,3147,55572,,https://api.nasdaq.com/api/quote/SPXU/historical?assetclass=etf&fromdate=2016-07-26&todate=2026-07-26&limit=5000
SPXU,2019-06-06,3137,3161.46,3062,3087,50989,,https://api.nasdaq.com/api/quote/SPXU/historical?assetclass=etf&fromdate=2016-07-26&todate=2026-07-26&limit=5000
SPXU,2019-06-07,3050,3057,2956,2998,65445,,https://api.nasdaq.com/api/quote/SPXU/historical?assetclass=etf&fromdate=2016-07-26&todate=2026-07-26&limit=5000
SPXU,2019-06-10,2942,2957,2897,2957,49695,,https://api.nasdaq.com/api/quote/SPXU/historical?assetclass=etf&fromdate=2016-07-26&todate=2026-07-26&limit=5000
SPXU,2019-06-11,2894,2979,2881,2959,52089,,https://api.nasdaq.com/api/quote/SPXU/historical?assetclass=etf&fromdate=2016-07-26&todate=2026-07-26&limit=5000
SPXU,2019-06-12,2967,2991,2948,2974,41488,,https://api.nasdaq.com/api/quote/SPXU/historical?assetclass=etf&fromdate=2016-07-26&todate=2026-07-26&limit=5000
SPXU,2019-06-13,2944,2968,2926,2935,32902,,https://api.nasdaq.com/api/quote/SPXU/historical?assetclass=etf&fromdate=2016-07-26&todate=2026-07-26&limit=5000
SPXU,2019-06-14,2950,2975,2930,2950,28438,,https://api.nasdaq.com/api/quote/SPXU/historical?assetclass=etf&fromdate=2016-07-26&todate=2026-07-26&limit=5000
SPXU,2019-06-17,2944,2953,2921,2944,20723,,https://api.nasdaq.com/api/quote/SPXU/historical?assetclass=etf&fromdate=2016-07-26&todate=2026-07-26&limit=5000
SPXU,2019-06-18,2887,2897,2819.8,2857,75310,,https://api.nasdaq.com/api/quote/SPXU/historical?assetclass=etf&fromdate=2016-07-26&todate=2026-07-26&limit=5000
SPXU,2019-06-19,2851,2882,2818.01,2833,46488,,https://api.nasdaq.com/api/quote/SPXU/historical?assetclass=etf&fromdate=2016-07-26&todate=2026-07-26&limit=5000
SPXU,2019-06-20,2751,2820.18,2743.44,2756,52765,,https://api.nasdaq.com/api/quote/SPXU/historical?assetclass=etf&fromdate=2016-07-26&todate=2026-07-26&limit=5000
SPXU,2019-06-21,2767,2776.1,2727,2768,46045,,https://api.nasdaq.com/api/quote/SPXU/historical?assetclass=etf&fromdate=2016-07-26&todate=2026-07-26&limit=5000
SPXU,2019-06-24,2765,2785.01,2754,2781,20219,,https://api.nasdaq.com/api/quote/SPXU/historical?assetclass=etf&fromdate=2016-07-26&todate=2026-07-26&limit=5000
SPXU,2019-06-25,2767,2851,2765,2848,40561,,https://api.nasdaq.com/api/quote/SPXU/historical?assetclass=etf&fromdate=2016-07-26&todate=2026-07-26&limit=5000
SPXU,2019-06-26,2819,2861,2802.16,2857,34870,,https://api.nasdaq.com/api/quote/SPXU/historical?assetclass=etf&fromdate=2016-07-26&todate=2026-07-26&limit=5000
SPXU,2019-06-27,2834,2845,2812.16,2825,27225,,https://api.nasdaq.com/api/quote/SPXU/historical?assetclass=etf&fromdate=2016-07-26&todate=2026-07-26&limit=5000
SPXU,2019-06-28,2797,2814,2771,2782,35963,,https://api.nasdaq.com/api/quote/SPXU/historical?assetclass=etf&fromdate=2016-07-26&todate=2026-07-26&limit=5000
SPXU,2019-07-01,2681,2748,2675,2713,46767,,https://api.nasdaq.com/api/quote/SPXU/historical?assetclass=etf&fromdate=2016-07-26&todate=2026-07-26&limit=5000
SPXU,2019-07-02,2714,2739,2690,2690,41620,,https://api.nasdaq.com/api/quote/SPXU/historical?assetclass=etf&fromdate=2016-07-26&todate=2026-07-26&limit=5000
SPXU,2019-07-03,2673,2677,2628,2628,35182,,https://api.nasdaq.com/api/quote/SPXU/historical?assetclass=etf&fromdate=2016-07-26&todate=2026-07-26&limit=5000
SPXU,2019-07-05,2665,2701.53,2633,2638,58969,,https://api.nasdaq.com/api/quote/SPXU/historical?assetclass=etf&fromdate=2016-07-26&todate=2026-07-26&limit=5000
SPXU,2019-07-08,2677,2698,2667.1,2680,30373,,https://api.nasdaq.com/api/quote/SPXU/historical?assetclass=etf&fromdate=2016-07-26&todate=2026-07-26&limit=5000
SPXU,2019-07-09,2718,2718,2664,2671,30083,,https://api.nasdaq.com/api/quote/SPXU/historical?assetclass=etf&fromdate=2016-07-26&todate=2026-07-26&limit=5000
SPXU,2019-07-10,2640,2656.85,2607,2634,48429,,https://api.nasdaq.com/api/quote/SPXU/historical?assetclass=etf&fromdate=2016-07-26&todate=2026-07-26&limit=5000
SPXU,2019-07-11,2617,2647,2611,2619,57161,,https://api.nasdaq.com/api/quote/SPXU/historical?assetclass=etf&fromdate=2016-07-26&todate=2026-07-26&limit=5000
SPXU,2019-07-12,2606,2613.5,2581,2585,37206,,https://api.nasdaq.com/api/quote/SPXU/historical?assetclass=etf&fromdate=2016-07-26&todate=2026-07-26&limit=5000
SPXU,2019-07-15,2573,2595,2572,2580,17718,,https://api.nasdaq.com/api/quote/SPXU/historical?assetclass=etf&fromdate=2016-07-26&todate=2026-07-26&limit=5000
SPXU,2019-07-16,2585,2616,2579,2609,24927,,https://api.nasdaq.com/api/quote/SPXU/historical?assetclass=etf&fromdate=2016-07-26&todate=2026-07-26&limit=5000
SPXU,2019-07-17,2609,2661,2604.01,2661,26371,,https://api.nasdaq.com/api/quote/SPXU/historical?assetclass=etf&fromdate=2016-07-26&todate=2026-07-26&limit=5000
SPXU,2019-07-18,2679,2691,2622,2634,37802,,https://api.nasdaq.com/api/quote/SPXU/historical?assetclass=etf&fromdate=2016-07-26&todate=2026-07-26&limit=5000
SPXU,2019-07-19,2603,2684,2602,2681,35049,,https://api.nasdaq.com/api/quote/SPXU/historical?assetclass=etf&fromdate=2016-07-26&todate=2026-07-26&limit=5000
SPXU,2019-07-22,2668,2682.99,2643.01,2658,24213,,https://api.nasdaq.com/api/quote/SPXU/historical?assetclass=etf&fromdate=2016-07-26&todate=2026-07-26&limit=5000
SPXU,2019-07-23,2626,2651,2603.75,2605,27032,,https://api.nasdaq.com/api/quote/SPXU/historical?assetclass=etf&fromdate=2016-07-26&todate=2026-07-26&limit=5000
SPXU,2019-07-24,2626,2628,2568,2568,28598,,https://api.nasdaq.com/api/quote/SPXU/historical?assetclass=etf&fromdate=2016-07-26&todate=2026-07-26&limit=5000
SPXU,2019-07-25,2580,2628,2580,2605,31311,,https://api.nasdaq.com/api/quote/SPXU/historical?assetclass=etf&fromdate=2016-07-26&todate=2026-07-26&limit=5000
SPXU,2019-07-26,2585,2589,2548,2554,32055,,https://api.nasdaq.com/api/quote/SPXU/historical?assetclass=etf&fromdate=2016-07-26&todate=2026-07-26&limit=5000
SPXU,2019-07-29,2558,2583.9,2556.65,2566,22132,,https://api.nasdaq.com/api/quote/SPXU/historical?assetclass=etf&fromdate=2016-07-26&todate=2026-07-26&limit=5000
SPXU,2019-07-30,2608,2618.86,2576.03,2586,23083,,https://api.nasdaq.com/api/quote/SPXU/historical?assetclass=etf&fromdate=2016-07-26&todate=2026-07-26&limit=5000
SPXU,2019-07-31,2582,2731,2575,2677,64032,,https://api.nasdaq.com/api/quote/SPXU/historical?assetclass=etf&fromdate=2016-07-26&todate=2026-07-26&limit=5000
SPXU,2019-08-01,2671,2768,2582,2746,130004,,https://api.nasdaq.com/api/quote/SPXU/historical?assetclass=etf&fromdate=2016-07-26&todate=2026-07-26&limit=5000
SPXU,2019-08-02,2772,2855,2767,2806,88388,,https://api.nasdaq.com/api/quote/SPXU/historical?assetclass=etf&fromdate=2016-07-26&todate=2026-07-26&limit=5000
SPXU,2019-08-05,2940,3121,2936,3054,122499,,https://api.nasdaq.com/api/quote/SPXU/historical?assetclass=etf&fromdate=2016-07-26&todate=2026-07-26&limit=5000
SPXU,2019-08-06,2994,3048,2928.01,2937,89800,,https://api.nasdaq.com/api/quote/SPXU/historical?assetclass=etf&fromdate=2016-07-26&todate=2026-07-26&limit=5000
SPXU,2019-08-07,3040,3111.01,2905,2931,117206,,https://api.nasdaq.com/api/quote/SPXU/historical?assetclass=etf&fromdate=2016-07-26&todate=2026-07-26&limit=5000
SPXU,2019-08-08,2881,2899,2762,2764,115599,,https://api.nasdaq.com/api/quote/SPXU/historical?assetclass=etf&fromdate=2016-07-26&todate=2026-07-26&limit=5000
SPXU,2019-08-09,2791,2873,2771.07,2820,89068,,https://api.nasdaq.com/api/quote/SPXU/historical?assetclass=etf&fromdate=2016-07-26&todate=2026-07-26&limit=5000
SPXU,2019-08-12,2865,2951,2850,2921,56172,,https://api.nasdaq.com/api/quote/SPXU/historical?assetclass=etf&fromdate=2016-07-26&todate=2026-07-26&limit=5000
SPXU,2019-08-13,2933,2944.63,2737.22,2790,77568,,https://api.nasdaq.com/api/quote/SPXU/historical?assetclass=etf&fromdate=2016-07-26&todate=2026-07-26&limit=5000
SPXU,2019-08-14,2915,3037,2895,3032,119052,,https://api.nasdaq.com/api/quote/SPXU/historical?assetclass=etf&fromdate=2016-07-26&todate=2026-07-26&limit=5000
SPXU,2019-08-15,3003,3084,2980,3013,83842,,https://api.nasdaq.com/api/quote/SPXU/historical?assetclass=etf&fromdate=2016-07-26&todate=2026-07-26&limit=5000
SPXU,2019-08-16,2955,2956,2865,2878,61835,,https://api.nasdaq.com/api/quote/SPXU/historical?assetclass=etf&fromdate=2016-07-26&todate=2026-07-26&limit=5000
SPXU,2019-08-19,2780,2802.77,2754,2775,54511,,https://api.nasdaq.com/api/quote/SPXU/historical?assetclass=etf&fromdate=2016-07-26&todate=2026-07-26&limit=5000
SPXU,2019-08-20,2792,2844.35,2775,2840,44319,,https://api.nasdaq.com/api/quote/SPXU/historical?assetclass=etf&fromdate=2016-07-26&todate=2026-07-26&limit=5000
SPXU,2019-08-21,2771,2793,2759,2774,41175,,https://api.nasdaq.com/api/quote/SPXU/historical?assetclass=etf&fromdate=2016-07-26&todate=2026-07-26&limit=5000
SPXU,2019-08-22,2751,2831.9,2730,2777,57607,,https://api.nasdaq.com/api/quote/SPXU/historical?assetclass=etf&fromdate=2016-07-26&todate=2026-07-26&limit=5000
SPXU,2019-08-23,2818,3030,2765,2989,126242,,https://api.nasdaq.com/api/quote/SPXU/historical?assetclass=etf&fromdate=2016-07-26&todate=2026-07-26&limit=5000
SPXU,2019-08-26,2915,2966.5,2891,2891,67191,,https://api.nasdaq.com/api/quote/SPXU/historical?assetclass=etf&fromdate=2016-07-26&todate=2026-07-26&limit=5000
SPXU,2019-08-27,2846,2950,2833,2925,63043,,https://api.nasdaq.com/api/quote/SPXU/historical?assetclass=etf&fromdate=2016-07-26&todate=2026-07-26&limit=5000
SPXU,2019-08-28,2950,2975,2859,2868,52032,,https://api.nasdaq.com/api/quote/SPXU/historical?assetclass=etf&fromdate=2016-07-26&todate=2026-07-26&limit=5000
SPXU,2019-08-29,2781,2815,2740,2755,65307,,https://api.nasdaq.com/api/quote/SPXU/historical?assetclass=etf&fromdate=2016-07-26&todate=2026-07-26&limit=5000
SPXU,2019-08-30,2710,2790,2710,2762,64426,,https://api.nasdaq.com/api/quote/SPXU/historical?assetclass=etf&fromdate=2016-07-26&todate=2026-07-26&limit=5000
SPXU,2019-09-03,2817,2851,2786.46,2807,63564,,https://api.nasdaq.com/api/quote/SPXU/historical?assetclass=etf&fromdate=2016-07-26&todate=2026-07-26&limit=5000
SPXU,2019-09-04,2741,2765,2715,2717,47926,,https://api.nasdaq.com/api/quote/SPXU/historical?assetclass=etf&fromdate=2016-07-26&todate=2026-07-26&limit=5000
SPXU,2019-09-05,2640,2644,2584,2613,81944,,https://api.nasdaq.com/api/quote/SPXU/historical?assetclass=etf&fromdate=2016-07-26&todate=2026-07-26&limit=5000
SPXU,2019-09-06,2601,2622,2588,2603,44594,,https://api.nasdaq.com/api/quote/SPXU/historical?assetclass=etf&fromdate=2016-07-26&todate=2026-07-26&limit=5000
SPXU,2019-09-09,2575,2629,2575,2603,25865,,https://api.nasdaq.com/api/quote/SPXU/historical?assetclass=etf&fromdate=2016-07-26&todate=2026-07-26&limit=5000
SPXU,2019-09-10,2626,2662,2602,2602,43420,,https://api.nasdaq.com/api/quote/SPXU/historical?assetclass=etf&fromdate=2016-07-26&todate=2026-07-26&limit=5000
SPXU,2019-09-11,2598,2615,2548,2548,45896,,https://api.nasdaq.com/api/quote/SPXU/historical?assetclass=etf&fromdate=2016-07-26&todate=2026-07-26&limit=5000
SPXU,2019-09-12,2525,2546.01,2495,2526,55719,,https://api.nasdaq.com/api/quote/SPXU/historical?assetclass=etf&fromdate=2016-07-26&todate=2026-07-26&limit=5000
SPXU,2019-09-13,2514,2541,2503.5,2533,28903,,https://api.nasdaq.com/api/quote/SPXU/historical?assetclass=etf&fromdate=2016-07-26&todate=2026-07-26&limit=5000
SPXU,2019-09-16,2563,2573,2542.06,2553,30251,,https://api.nasdaq.com/api/quote/SPXU/historical?assetclass=etf&fromdate=2016-07-26&todate=2026-07-26&limit=5000
SPXU,2019-09-17,2563,2565,2533,2536,52474,,https://api.nasdaq.com/api/quote/SPXU/historical?assetclass=etf&fromdate=2016-07-26&todate=2026-07-26&limit=5000
SPXU,2019-09-18,2548,2604,2528.01,2530,50571,,https://api.nasdaq.com/api/quote/SPXU/historical?assetclass=etf&fromdate=2016-07-26&todate=2026-07-26&limit=5000
SPXU,2019-09-19,2523,2543,2494,2534,30409,,https://api.nasdaq.com/api/quote/SPXU/historical?assetclass=etf&fromdate=2016-07-26&todate=2026-07-26&limit=5000
SPXU,2019-09-20,2517,2591.25,2510,2573,50496,,https://api.nasdaq.com/api/quote/SPXU/historical?assetclass=etf&fromdate=2016-07-26&todate=2026-07-26&limit=5000
SPXU,2019-09-23,2590,2596.66,2552.17,2573,25695,,https://api.nasdaq.com/api/quote/SPXU/historical?assetclass=etf&fromdate=2016-07-26&todate=2026-07-26&limit=5000
SPXU,2019-09-24,2543,2660,2530,2637,101563,,https://api.nasdaq.com/api/quote/SPXU/historical?assetclass=etf&fromdate=2016-07-26&todate=2026-07-26&limit=5000
SPXU,2019-09-25,2622,2664,2563,2578,63266,,https://api.nasdaq.com/api/quote/SPXU/historical?assetclass=etf&fromdate=2016-07-26&todate=2026-07-26&limit=5000
SPXU,2019-09-26,2578,2634,2572,2595,42363,,https://api.nasdaq.com/api/quote/SPXU/historical?assetclass=etf&fromdate=2016-07-26&todate=2026-07-26&limit=5000
SPXU,2019-09-27,2572,2681,2570,2638,71063,,https://api.nasdaq.com/api/quote/SPXU/historical?assetclass=etf&fromdate=2016-07-26&todate=2026-07-26&limit=5000
SPXU,2019-09-30,2622,2624,2579,2598,35809,,https://api.nasdaq.com/api/quote/SPXU/historical?assetclass=etf&fromdate=2016-07-26&todate=2026-07-26&limit=5000
SPXU,2019-10-01,2575,2699,2557.1,2694,71575,,https://api.nasdaq.com/api/quote/SPXU/historical?assetclass=etf&fromdate=2016-07-26&todate=2026-07-26&limit=5000
SPXU,2019-10-02,2743,2876,2742,2838,100746,,https://api.nasdaq.com/api/quote/SPXU/historical?assetclass=etf&fromdate=2016-07-26&todate=2026-07-26&limit=5000
SPXU,2019-10-03,2846,2934,2768,2768,107319,,https://api.nasdaq.com/api/quote/SPXU/historical?assetclass=etf&fromdate=2016-07-26&todate=2026-07-26&limit=5000
SPXU,2019-10-04,2747,2749,2650,2658,77243,,https://api.nasdaq.com/api/quote/SPXU/historical?assetclass=etf&fromdate=2016-07-26&todate=2026-07-26&limit=5000
SPXU,2019-10-07,2681,2700,2633,2693,59090,,https://api.nasdaq.com/api/quote/SPXU/historical?assetclass=etf&fromdate=2016-07-26&todate=2026-07-26&limit=5000
SPXU,2019-10-08,2750,2818,2726,2815,88098,,https://api.nasdaq.com/api/quote/SPXU/historical?assetclass=etf&fromdate=2016-07-26&todate=2026-07-26&limit=5000
SPXU,2019-10-09,2753,2773,2708,2738,51436,,https://api.nasdaq.com/api/quote/SPXU/historical?assetclass=etf&fromdate=2016-07-26&todate=2026-07-26&limit=5000
SPXU,2019-10-10,2744,2747,2656.43,2685,51629,,https://api.nasdaq.com/api/quote/SPXU/historical?assetclass=etf&fromdate=2016-07-26&todate=2026-07-26&limit=5000
SPXU,2019-10-11,2603,2605,2534,2600,99833,,https://api.nasdaq.com/api/quote/SPXU/historical?assetclass=etf&fromdate=2016-07-26&todate=2026-07-26&limit=5000
SPXU,2019-10-14,2610.8,2619,2591,2606,28171,,https://api.nasdaq.com/api/quote/SPXU/historical?assetclass=etf&fromdate=2016-07-26&todate=2026-07-26&limit=5000
SPXU,2019-10-15,2581,2582,2511,2533,53574,,https://api.nasdaq.com/api/quote/SPXU/historical?assetclass=etf&fromdate=2016-07-26&todate=2026-07-26&limit=5000
SPXU,2019-10-16,2546,2557.66,2526,2546,38172,,https://api.nasdaq.com/api/quote/SPXU/historical?assetclass=etf&fromdate=2016-07-26&todate=2026-07-26&limit=5000
SPXU,2019-10-17,2513,2543,2499,2526,33180,,https://api.nasdaq.com/api/quote/SPXU/historical?assetclass=etf&fromdate=2016-07-26&todate=2026-07-26&limit=5000
SPXU,2019-10-18,2539,2582,2521.5,2556,34252,,https://api.nasdaq.com/api/quote/SPXU/historical?assetclass=etf&fromdate=2016-07-26&todate=2026-07-26&limit=5000
SPXU,2019-10-21,2522,2533.92,2501,2504,26250,,https://api.nasdaq.com/api/quote/SPXU/historical?assetclass=etf&fromdate=2016-07-26&todate=2026-07-26&limit=5000
SPXU,2019-10-22,2492,2533.49,2485,2530,34469,,https://api.nasdaq.com/api/quote/SPXU/historical?assetclass=etf&fromdate=2016-07-26&todate=2026-07-26&limit=5000
SPXU,2019-10-23,2540,2545,2508,2509,34264,,https://api.nasdaq.com/api/quote/SPXU/historical?assetclass=etf&fromdate=2016-07-26&todate=2026-07-26&limit=5000
SPXU,2019-10-24,2486,2521,2481,2498,41359,,https://api.nasdaq.com/api/quote/SPXU/historical?assetclass=etf&fromdate=2016-07-26&todate=2026-07-26&limit=5000
SPXU,2019-10-25,2514,2515,2453.97,2469,54056,,https://api.nasdaq.com/api/quote/SPXU/historical?assetclass=etf&fromdate=2016-07-26&todate=2026-07-26&limit=5000
SPXU,2019-10-28,2438,2438,2413.48,2424,35680,,https://api.nasdaq.com/api/quote/SPXU/historical?assetclass=etf&fromdate=2016-07-26&todate=2026-07-26&limit=5000
SPXU,2019-10-29,2435,2438,2405,2431,39876,,https://api.nasdaq.com/api/quote/SPXU/historical?assetclass=etf&fromdate=2016-07-26&todate=2026-07-26&limit=5000
SPXU,2019-10-30,2426,2459,2399,2407,65051,,https://api.nasdaq.com/api/quote/SPXU/historical?assetclass=etf&fromdate=2016-07-26&todate=2026-07-26&limit=5000
SPXU,2019-10-31,2411,2465.73,2410,2428,46795,,https://api.nasdaq.com/api/quote/SPXU/historical?assetclass=etf&fromdate=2016-07-26&todate=2026-07-26&limit=5000
SPXU,2019-11-01,2390,2394.79,2361,2363,55218,,https://api.nasdaq.com/api/quote/SPXU/historical?assetclass=etf&fromdate=2016-07-26&todate=2026-07-26&limit=5000
SPXU,2019-11-04,2322,2342.59,2318,2335,35506,,https://api.nasdaq.com/api/quote/SPXU/historical?assetclass=etf&fromdate=2016-07-26&todate=2026-07-26&limit=5000
SPXU,2019-11-05,2328,2349,2321.32,2343,34524,,https://api.nasdaq.com/api/quote/SPXU/historical?assetclass=etf&fromdate=2016-07-26&todate=2026-07-26&limit=5000
SPXU,2019-11-06,2342,2365,2334,2339,41556,,https://api.nasdaq.com/api/quote/SPXU/historical?assetclass=etf&fromdate=2016-07-26&todate=2026-07-26&limit=5000
SPXU,2019-11-07,2309,2329,2287,2316,64343,,https://api.nasdaq.com/api/quote/SPXU/historical?assetclass=etf&fromdate=2016-07-26&todate=2026-07-26&limit=5000
SPXU,2019-11-08,2325,2343,2300,2300,37946,,https://api.nasdaq.com/api/quote/SPXU/historical?assetclass=etf&fromdate=2016-07-26&todate=2026-07-26&limit=5000
SPXU,2019-11-11,2333,2337.46,2309.28,2313,24265,,https://api.nasdaq.com/api/quote/SPXU/historical?assetclass=etf&fromdate=2016-07-26&todate=2026-07-26&limit=5000
SPXU,2019-11-12,2305,2318,2277,2301,38969,,https://api.nasdaq.com/api/quote/SPXU/historical?assetclass=etf&fromdate=2016-07-26&todate=2026-07-26&limit=5000
SPXU,2019-11-13,2324,2330,2287.47,2296,55101,,https://api.nasdaq.com/api/quote/SPXU/historical?assetclass=etf&fromdate=2016-07-26&todate=2026-07-26&limit=5000
SPXU,2019-11-14,2306,2320,2286,2288,39276,,https://api.nasdaq.com/api/quote/SPXU/historical?assetclass=etf&fromdate=2016-07-26&todate=2026-07-26&limit=5000
SPXU,2019-11-15,2259,2273,2237,2237,47285,,https://api.nasdaq.com/api/quote/SPXU/historical?assetclass=etf&fromdate=2016-07-26&todate=2026-07-26&limit=5000
SPXU,2019-11-18,2244,2255.5,2229,2233,37778,,https://api.nasdaq.com/api/quote/SPXU/historical?assetclass=etf&fromdate=2016-07-26&todate=2026-07-26&limit=5000
SPXU,2019-11-19,2222,2252,2220.7,2236,38643,,https://api.nasdaq.com/api/quote/SPXU/historical?assetclass=etf&fromdate=2016-07-26&todate=2026-07-26&limit=5000
SPXU,2019-11-20,2250,2299,2239,2262,80712,,https://api.nasdaq.com/api/quote/SPXU/historical?assetclass=etf&fromdate=2016-07-26&todate=2026-07-26&limit=5000
SPXU,2019-11-21,2261,2294,2257.5,2275,63940,,https://api.nasdaq.com/api/quote/SPXU/historical?assetclass=etf&fromdate=2016-07-26&todate=2026-07-26&limit=5000
SPXU,2019-11-22,2255,2283.99,2253.5,2260,42007,,https://api.nasdaq.com/api/quote/SPXU/historical?assetclass=etf&fromdate=2016-07-26&todate=2026-07-26&limit=5000
SPXU,2019-11-25,2236,2236.99,2206,2206,48754,,https://api.nasdaq.com/api/quote/SPXU/historical?assetclass=etf&fromdate=2016-07-26&todate=2026-07-26&limit=5000
SPXU,2019-11-26,2205,2214,2188,2192,47411,,https://api.nasdaq.com/api/quote/SPXU/historical?assetclass=etf&fromdate=2016-07-26&todate=2026-07-26&limit=5000
SPXU,2019-11-27,2181,2188,2164,2165,44739,,https://api.nasdaq.com/api/quote/SPXU/historical?assetclass=etf&fromdate=2016-07-26&todate=2026-07-26&limit=5000
SPXU,2019-11-29,2178,2195,2171,2191,36893,,https://api.nasdaq.com/api/quote/SPXU/historical?assetclass=etf&fromdate=2016-07-26&todate=2026-07-26&limit=5000
SPXU,2019-12-02,2185,2254.67,2182,2244,89272,,https://api.nasdaq.com/api/quote/SPXU/historical?assetclass=etf&fromdate=2016-07-26&todate=2026-07-26&limit=5000
SPXU,2019-12-03,2311,2343.86,2289,2291,100371,,https://api.nasdaq.com/api/quote/SPXU/historical?assetclass=etf&fromdate=2016-07-26&todate=2026-07-26&limit=5000
SPXU,2019-12-04,2265,2274,2234,2247,58141,,https://api.nasdaq.com/api/quote/SPXU/historical?assetclass=etf&fromdate=2016-07-26&todate=2026-07-26&limit=5000
SPXU,2019-12-05,2232,2268.01,2232,2236,55046,,https://api.nasdaq.com/api/quote/SPXU/historical?assetclass=etf&fromdate=2016-07-26&todate=2026-07-26&limit=5000
SPXU,2019-12-06,2193,2193,2167,2178,83742,,https://api.nasdaq.com/api/quote/SPXU/historical?assetclass=etf&fromdate=2016-07-26&todate=2026-07-26&limit=5000
SPXU,2019-12-09,2186,2198,2170.31,2197,26463,,https://api.nasdaq.com/api/quote/SPXU/historical?assetclass=etf&fromdate=2016-07-26&todate=2026-07-26&limit=5000
SPXU,2019-12-10,2200,2219.99,2184,2204,54025,,https://api.nasdaq.com/api/quote/SPXU/historical?assetclass=etf&fromdate=2016-07-26&todate=2026-07-26&limit=5000
SPXU,2019-12-11,2194,2204,2181,2186,34343,,https://api.nasdaq.com/api/quote/SPXU/historical?assetclass=etf&fromdate=2016-07-26&todate=2026-07-26&limit=5000
SPXU,2019-12-12,2187,2193,2113,2130,131284,,https://api.nasdaq.com/api/quote/SPXU/historical?assetclass=etf&fromdate=2016-07-26&todate=2026-07-26&limit=5000
SPXU,2019-12-13,2136,2153.66,2100,2127,103057,,https://api.nasdaq.com/api/quote/SPXU/historical?assetclass=etf&fromdate=2016-07-26&todate=2026-07-26&limit=5000
SPXU,2019-12-16,2090,2090,2070.5,2083,69972,,https://api.nasdaq.com/api/quote/SPXU/historical?assetclass=etf&fromdate=2016-07-26&todate=2026-07-26&limit=5000
SPXU,2019-12-17,2074,2084,2070,2084,66650,,https://api.nasdaq.com/api/quote/SPXU/historical?assetclass=etf&fromdate=2016-07-26&todate=2026-07-26&limit=5000
SPXU,2019-12-18,2074,2084,2069,2082,35573,,https://api.nasdaq.com/api/quote/SPXU/historical?assetclass=etf&fromdate=2016-07-26&todate=2026-07-26&limit=5000
SPXU,2019-12-19,2080,2080,2056,2057,66134,,https://api.nasdaq.com/api/quote/SPXU/historical?assetclass=etf&fromdate=2016-07-26&todate=2026-07-26&limit=5000
SPXU,2019-12-20,2036,2037.64,2018,2025,60585,,https://api.nasdaq.com/api/quote/SPXU/historical?assetclass=etf&fromdate=2016-07-26&todate=2026-07-26&limit=5000
SPXU,2019-12-23,2017,2025.5,2014,2021,38994,,https://api.nasdaq.com/api/quote/SPXU/historical?assetclass=etf&fromdate=2016-07-26&todate=2026-07-26&limit=5000
SPXU,2019-12-24,2010,2020.5,2009,2013,22885,,https://api.nasdaq.com/api/quote/SPXU/historical?assetclass=etf&fromdate=2016-07-26&todate=2026-07-26&limit=5000
SPXU,2019-12-26,2007,2007.04,1983,1983,47690,,https://api.nasdaq.com/api/quote/SPXU/historical?assetclass=etf&fromdate=2016-07-26&todate=2026-07-26&limit=5000
SPXU,2019-12-27,1967,1995,1967,1984,60950,,https://api.nasdaq.com/api/quote/SPXU/historical?assetclass=etf&fromdate=2016-07-26&todate=2026-07-26&limit=5000
SPXU,2019-12-30,1984,2027,1981,2019,87640,,https://api.nasdaq.com/api/quote/SPXU/historical?assetclass=etf&fromdate=2016-07-26&todate=2026-07-26&limit=5000
SPXU,2019-12-31,2030,2036,1999,2002,90226,,https://api.nasdaq.com/api/quote/SPXU/historical?assetclass=etf&fromdate=2016-07-26&todate=2026-07-26&limit=5000
SPXU,2020-01-02,1971,1993,1949,1949,75745,,https://api.nasdaq.com/api/quote/SPXU/historical?assetclass=etf&fromdate=2016-07-26&todate=2026-07-26&limit=5000
SPXU,2020-01-03,2017,2017,1971.92,1992,98528,,https://api.nasdaq.com/api/quote/SPXU/historical?assetclass=etf&fromdate=2016-07-26&todate=2026-07-26&limit=5000
SPXU,2020-01-06,2031,2031,1969.94,1970,72742,,https://api.nasdaq.com/api/quote/SPXU/historical?assetclass=etf&fromdate=2016-07-26&todate=2026-07-26&limit=5000
SPXU,2020-01-07,1982,1997,1972,1989,60551,,https://api.nasdaq.com/api/quote/SPXU/historical?assetclass=etf&fromdate=2016-07-26&todate=2026-07-26&limit=5000
SPXU,2020-01-08,1985,1989,1932,1957,117185,,https://api.nasdaq.com/api/quote/SPXU/historical?assetclass=etf&fromdate=2016-07-26&todate=2026-07-26&limit=5000
SPXU,2020-01-09,1926,1937.29,1916.27,1919,99961,,https://api.nasdaq.com/api/quote/SPXU/historical?assetclass=etf&fromdate=2016-07-26&todate=2026-07-26&limit=5000
SPXU,2020-01-10,1907,1943,1904,1935,84372,,https://api.nasdaq.com/api/quote/SPXU/historical?assetclass=etf&fromdate=2016-07-26&todate=2026-07-26&limit=5000
SPXU,2020-01-13,1922,1930.98,1895,1895,64752,,https://api.nasdaq.com/api/quote/SPXU/historical?assetclass=etf&fromdate=2016-07-26&todate=2026-07-26&limit=5000
SPXU,2020-01-14,1902,1914,1884,1905,85237,,https://api.nasdaq.com/api/quote/SPXU/historical?assetclass=etf&fromdate=2016-07-26&todate=2026-07-26&limit=5000
SPXU,2020-01-15,1907,1908,1876.01,1893,76315,,https://api.nasdaq.com/api/quote/SPXU/historical?assetclass=etf&fromdate=2016-07-26&todate=2026-07-26&limit=5000
SPXU,2020-01-16,1867,1870,1845.02,1849,62786,,https://api.nasdaq.com/api/quote/SPXU/historical?assetclass=etf&fromdate=2016-07-26&todate=2026-07-26&limit=5000
SPXU,2020-01-17,1832,1843,1824,1826,42957,,https://api.nasdaq.com/api/quote/SPXU/historical?assetclass=etf&fromdate=2016-07-26&todate=2026-07-26&limit=5000
SPXU,2020-01-21,1846,1846.99,1825,1840,57605,,https://api.nasdaq.com/api/quote/SPXU/historical?assetclass=etf&fromdate=2016-07-26&todate=2026-07-26&limit=5000
SPXU,2020-01-22,1823,1841,1811,1837,43970,,https://api.nasdaq.com/api/quote/SPXU/historical?assetclass=etf&fromdate=2016-07-26&todate=2026-07-26&limit=5000
SPXU,2020-01-23,1852,1871.01,1830,1831,71409,,https://api.nasdaq.com/api/quote/SPXU/historical?assetclass=etf&fromdate=2016-07-26&todate=2026-07-26&limit=5000
SPXU,2020-01-24,1822,1905.5,1820.34,1883,112561,,https://api.nasdaq.com/api/quote/SPXU/historical?assetclass=etf&fromdate=2016-07-26&todate=2026-07-26&limit=5000
SPXU,2020-01-27,1980,1987,1945,1972,160847,,https://api.nasdaq.com/api/quote/SPXU/historical?assetclass=etf&fromdate=2016-07-26&todate=2026-07-26&limit=5000
SPXU,2020-01-28,1945,1955,1895,1912,124195,,https://api.nasdaq.com/api/quote/SPXU/historical?assetclass=etf&fromdate=2016-07-26&todate=2026-07-26&limit=5000
SPXU,2020-01-29,1886,1920.91,1882,1917,70392,,https://api.nasdaq.com/api/quote/SPXU/historical?assetclass=etf&fromdate=2016-07-26&todate=2026-07-26&limit=5000
SPXU,2020-01-30,1959,1971.99,1894,1898,184812,,https://api.nasdaq.com/api/quote/SPXU/historical?assetclass=etf&fromdate=2016-07-26&todate=2026-07-26&limit=5000
SPXU,2020-01-31,1912,2020,1909,2001,185257,,https://api.nasdaq.com/api/quote/SPXU/historical?assetclass=etf&fromdate=2016-07-26&todate=2026-07-26&limit=5000
SPXU,2020-02-03,1974,1975,1920.85,1959,138627,,https://api.nasdaq.com/api/quote/SPXU/historical?assetclass=etf&fromdate=2016-07-26&todate=2026-07-26&limit=5000
SPXU,2020-02-04,1888,1894,1852,1869,143453,,https://api.nasdaq.com/api/quote/SPXU/historical?assetclass=etf&fromdate=2016-07-26&todate=2026-07-26&limit=5000
SPXU,2020-02-05,1814,1842,1801,1804,119280,,https://api.nasdaq.com/api/quote/SPXU/historical?assetclass=etf&fromdate=2016-07-26&todate=2026-07-26&limit=5000
SPXU,2020-02-06,1788,1807,1784,1788,65572,,https://api.nasdaq.com/api/quote/SPXU/historical?assetclass=etf&fromdate=2016-07-26&todate=2026-07-26&limit=5000
SPXU,2020-02-07,1807,1825,1794,1815,77869,,https://api.nasdaq.com/api/quote/SPXU/historical?assetclass=etf&fromdate=2016-07-26&todate=2026-07-26&limit=5000
SPXU,2020-02-10,1833,1833,1775,1775,57540,,https://api.nasdaq.com/api/quote/SPXU/historical?assetclass=etf&fromdate=2016-07-26&todate=2026-07-26&limit=5000
SPXU,2020-02-11,1752,1775,1738,1766,58885,,https://api.nasdaq.com/api/quote/SPXU/historical?assetclass=etf&fromdate=2016-07-26&todate=2026-07-26&limit=5000
SPXU,2020-02-12,1741,1748.5,1729,1733,65179,,https://api.nasdaq.com/api/quote/SPXU/historical?assetclass=etf&fromdate=2016-07-26&todate=2026-07-26&limit=5000
SPXU,2020-02-13,1758,1762,1723.2,1739,67262,,https://api.nasdaq.com/api/quote/SPXU/historical?assetclass=etf&fromdate=2016-07-26&todate=2026-07-26&limit=5000
SPXU,2020-02-14,1733,1753.5,1729,1732,72943,,https://api.nasdaq.com/api/quote/SPXU/historical?assetclass=etf&fromdate=2016-07-26&todate=2026-07-26&limit=5000
SPXU,2020-02-18,1749,1769,1738.41,1745,72393,,https://api.nasdaq.com/api/quote/SPXU/historical?assetclass=etf&fromdate=2016-07-26&todate=2026-07-26&limit=5000
SPXU,2020-02-19,1729,1733.67,1709,1719,47118,,https://api.nasdaq.com/api/quote/SPXU/historical?assetclass=etf&fromdate=2016-07-26&todate=2026-07-26&limit=5000
SPXU,2020-02-20,1730,1792,1716,1742,119355,,https://api.nasdaq.com/api/quote/SPXU/historical?assetclass=etf&fromdate=2016-07-26&todate=2026-07-26&limit=5000
SPXU,2020-02-21,1766,1810,1760.54,1796,104796,,https://api.nasdaq.com/api/quote/SPXU/historical?assetclass=etf&fromdate=2016-07-26&todate=2026-07-26&limit=5000
SPXU,2020-02-24,1961,1994.5,1921,1975,232643,,https://api.nasdaq.com/api/quote/SPXU/historical?assetclass=etf&fromdate=2016-07-26&todate=2026-07-26&limit=5000
SPXU,2020-02-25,1947,2173.5,1936,2154,277865,,https://api.nasdaq.com/api/quote/SPXU/historical?assetclass=etf&fromdate=2016-07-26&todate=2026-07-26&limit=5000
SPXU,2020-02-26,2124,2196,2043,2177,247090,,https://api.nasdaq.com/api/quote/SPXU/historical?assetclass=etf&fromdate=2016-07-26&todate=2026-07-26&limit=5000
SPXU,2020-02-27,2309,2476,2221,2474,342752,,https://api.nasdaq.com/api/quote/SPXU/historical?assetclass=etf&fromdate=2016-07-26&todate=2026-07-26&limit=5000
SPXU,2020-02-28,2697,2777,2501,2514,385278,,https://api.nasdaq.com/api/quote/SPXU/historical?assetclass=etf&fromdate=2016-07-26&todate=2026-07-26&limit=5000
SPXU,2020-03-02,2457,2554,2177,2177,309017,,https://api.nasdaq.com/api/quote/SPXU/historical?assetclass=etf&fromdate=2016-07-26&todate=2026-07-26&limit=5000
SPXU,2020-03-03,2169,2423.9,2078,2367,265552,,https://api.nasdaq.com/api/quote/SPXU/historical?assetclass=etf&fromdate=2016-07-26&todate=2026-07-26&limit=5000
SPXU,2020-03-04,2228,2292,2065,2065,264946,,https://api.nasdaq.com/api/quote/SPXU/historical?assetclass=etf&fromdate=2016-07-26&todate=2026-07-26&limit=5000
SPXU,2020-03-05,2229,2324,2156,2274,220094,,https://api.nasdaq.com/api/quote/SPXU/historical?assetclass=etf&fromdate=2016-07-26&todate=2026-07-26&limit=5000
SPXU,2020-03-06,2488,2552.5,2360,2384,316865,,https://api.nasdaq.com/api/quote/SPXU/historical?assetclass=etf&fromdate=2016-07-26&todate=2026-07-26&limit=5000
SPXU,2020-03-09,2900,2970,2711,2950,243538,,https://api.nasdaq.com/api/quote/SPXU/historical?assetclass=etf&fromdate=2016-07-26&todate=2026-07-26&limit=5000
SPXU,2020-03-10,2624.41,2979.01,2500,2502,243348,,https://api.nasdaq.com/api/quote/SPXU/historical?assetclass=etf&fromdate=2016-07-26&todate=2026-07-26&limit=5000
SPXU,2020-03-11,2701,2957,2669,2865,209840,,https://api.nasdaq.com/api/quote/SPXU/historical?assetclass=etf&fromdate=2016-07-26&todate=2026-07-26&limit=5000
SPXU,2020-03-12,3500,3704,3108.1,3699,331293,,https://api.nasdaq.com/api/quote/SPXU/historical?assetclass=etf&fromdate=2016-07-26&todate=2026-07-26&limit=5000
SPXU,2020-03-13,3029,3633,2681.21,2691,317090,,https://api.nasdaq.com/api/quote/SPXU/historical?assetclass=etf&fromdate=2016-07-26&todate=2026-07-26&limit=5000
SPXU,2020-03-16,3585,3700,3080,3570,274406,,https://api.nasdaq.com/api/quote/SPXU/historical?assetclass=etf&fromdate=2016-07-26&todate=2026-07-26&limit=5000
SPXU,2020-03-17,3345,3698,2843.01,3021,267294,,https://api.nasdaq.com/api/quote/SPXU/historical?assetclass=etf&fromdate=2016-07-26&todate=2026-07-26&limit=5000
SPXU,2020-03-18,3537.99,3835.26,3215.81,3367,263099,,https://api.nasdaq.com/api/quote/SPXU/historical?assetclass=etf&fromdate=2016-07-26&todate=2026-07-26&limit=5000
SPXU,2020-03-19,3453,3748,3113,3367,256283,,https://api.nasdaq.com/api/quote/SPXU/historical?assetclass=etf&fromdate=2016-07-26&todate=2026-07-26&limit=5000
SPXU,2020-03-20,3258.99,3845.99,3182,3833,289661,,https://api.nasdaq.com/api/quote/SPXU/historical?assetclass=etf&fromdate=2016-07-26&todate=2026-07-26&limit=5000
SPXU,2020-03-23,3876,4368,3816.1,4153,288395,,https://api.nasdaq.com/api/quote/SPXU/historical?assetclass=etf&fromdate=2016-07-26&todate=2026-07-26&limit=5000
SPXU,2020-03-24,3618,3618,2985,2999,375918,,https://api.nasdaq.com/api/quote/SPXU/historical?assetclass=etf&fromdate=2016-07-26&todate=2026-07-26&limit=5000
SPXU,2020-03-25,2926,3115,2516,2866,421415,,https://api.nasdaq.com/api/quote/SPXU/historical?assetclass=etf&fromdate=2016-07-26&todate=2026-07-26&limit=5000
SPXU,2020-03-26,2770,2782,2305,2361,484765,,https://api.nasdaq.com/api/quote/SPXU/historical?assetclass=etf&fromdate=2016-07-26&todate=2026-07-26&limit=5000
SPXU,2020-03-27,2561.8,2623,2363,2553,387007,,https://api.nasdaq.com/api/quote/SPXU/historical?assetclass=etf&fromdate=2016-07-26&todate=2026-07-26&limit=5000
SPXU,2020-03-30,2494,2552,2290,2311,324346,,https://api.nasdaq.com/api/quote/SPXU/historical?assetclass=etf&fromdate=2016-07-26&todate=2026-07-26&limit=5000
SPXU,2020-03-31,2334,2450,2263,2412,338292,,https://api.nasdaq.com/api/quote/SPXU/historical?assetclass=etf&fromdate=2016-07-26&todate=2026-07-26&limit=5000
SPXU,2020-04-01,2685.4,2796,2585.5,2731,450375,,https://api.nasdaq.com/api/quote/SPXU/historical?assetclass=etf&fromdate=2016-07-26&todate=2026-07-26&limit=5000
SPXU,2020-04-02,2770,2787,2518,2547,511220,,https://api.nasdaq.com/api/quote/SPXU/historical?assetclass=etf&fromdate=2016-07-26&todate=2026-07-26&limit=5000
SPXU,2020-04-03,2578,2745,2502,2654,411046,,https://api.nasdaq.com/api/quote/SPXU/historical?assetclass=etf&fromdate=2016-07-26&todate=2026-07-26&limit=5000
SPXU,2020-04-06,2344,2381,2055,2118,446814,,https://api.nasdaq.com/api/quote/SPXU/historical?assetclass=etf&fromdate=2016-07-26&todate=2026-07-26&limit=5000
SPXU,2020-04-07,1890,2112,1875,2107,596865,,https://api.nasdaq.com/api/quote/SPXU/historical?assetclass=etf&fromdate=2016-07-26&todate=2026-07-26&limit=5000
SPXU,2020-04-08,2038,2096.37,1864,1893,484811,,https://api.nasdaq.com/api/quote/SPXU/historical?assetclass=etf&fromdate=2016-07-26&todate=2026-07-26&limit=5000
SPXU,2020-04-09,1821,1863,1745,1804,600926,,https://api.nasdaq.com/api/quote/SPXU/historical?assetclass=etf&fromdate=2016-07-26&todate=2026-07-26&limit=5000
SPXU,2020-04-13,1828,1939.98,1822.5,1859,447435,,https://api.nasdaq.com/api/quote/SPXU/historical?assetclass=etf&fromdate=2016-07-26&todate=2026-07-26&limit=5000
SPXU,2020-04-14,1748,1770,1674,1690,468604,,https://api.nasdaq.com/api/quote/SPXU/historical?assetclass=etf&fromdate=2016-07-26&todate=2026-07-26&limit=5000
SPXU,2020-04-15,1802.8,1840,1762,1800,431955,,https://api.nasdaq.com/api/quote/SPXU/historical?assetclass=etf&fromdate=2016-07-26&todate=2026-07-26&limit=5000
SPXU,2020-04-16,1773,1838,1755,1772,446071,,https://api.nasdaq.com/api/quote/SPXU/historical?assetclass=etf&fromdate=2016-07-26&todate=2026-07-26&limit=5000
SPXU,2020-04-17,1653,1709.97,1617,1627,421386,,https://api.nasdaq.com/api/quote/SPXU/historical?assetclass=etf&fromdate=2016-07-26&todate=2026-07-26&limit=5000
SPXU,2020-04-20,1700,1720,1635,1713,432782,,https://api.nasdaq.com/api/quote/SPXU/historical?assetclass=etf&fromdate=2016-07-26&todate=2026-07-26&limit=5000
SPXU,2020-04-21,1807,1889,1780,1873,549211,,https://api.nasdaq.com/api/quote/SPXU/historical?assetclass=etf&fromdate=2016-07-26&todate=2026-07-26&limit=5000
SPXU,2020-04-22,1763,1791,1708,1746,445510,,https://api.nasdaq.com/api/quote/SPXU/historical?assetclass=etf&fromdate=2016-07-26&todate=2026-07-26&limit=5000
SPXU,2020-04-23,1720,1752.9,1656,1745,515849,,https://api.nasdaq.com/api/quote/SPXU/historical?assetclass=etf&fromdate=2016-07-26&todate=2026-07-26&limit=5000
SPXU,2020-04-24,1717,1757,1660,1673,426897,,https://api.nasdaq.com/api/quote/SPXU/historical?assetclass=etf&fromdate=2016-07-26&todate=2026-07-26&limit=5000
SPXU,2020-04-27,1636,1644,1579,1598,356450,,https://api.nasdaq.com/api/quote/SPXU/historical?assetclass=etf&fromdate=2016-07-26&todate=2026-07-26&limit=5000
SPXU,2020-04-28,1534,1628,1527,1620,465640,,https://api.nasdaq.com/api/quote/SPXU/historical?assetclass=etf&fromdate=2016-07-26&todate=2026-07-26&limit=5000
SPXU,2020-04-29,1523,1543,1467,1494,544908,,https://api.nasdaq.com/api/quote/SPXU/historical?assetclass=etf&fromdate=2016-07-26&todate=2026-07-26&limit=5000
SPXU,2020-04-30,1518,1565,1509.99,1538,499959,,https://api.nasdaq.com/api/quote/SPXU/historical?assetclass=etf&fromdate=2016-07-26&todate=2026-07-26&limit=5000
SPXU,2020-05-01,1620,1679,1607,1659,465954,,https://api.nasdaq.com/api/quote/SPXU/historical?assetclass=etf&fromdate=2016-07-26&todate=2026-07-26&limit=5000
SPXU,2020-05-04,1699,1722,1638,1643,360421,,https://api.nasdaq.com/api/quote/SPXU/historical?assetclass=etf&fromdate=2016-07-26&todate=2026-07-26&limit=5000
SPXU,2020-05-05,1591.2,1607,1546,1598,303936,,https://api.nasdaq.com/api/quote/SPXU/historical?assetclass=etf&fromdate=2016-07-26&todate=2026-07-26&limit=5000
SPXU,2020-05-06,1569,1633,1560.34,1629,294484,,https://api.nasdaq.com/api/quote/SPXU/historical?assetclass=etf&fromdate=2016-07-26&todate=2026-07-26&limit=5000
SPXU,2020-05-07,1571,1581,1536,1571,372319,,https://api.nasdaq.com/api/quote/SPXU/historical?assetclass=etf&fromdate=2016-07-26&todate=2026-07-26&limit=5000
SPXU,2020-05-08,1516,1537,1487,1492,299630,,https://api.nasdaq.com/api/quote/SPXU/historical?assetclass=etf&fromdate=2016-07-26&todate=2026-07-26&limit=5000
SPXU,2020-05-11,1527,1533,1470,1492,298084,,https://api.nasdaq.com/api/quote/SPXU/historical?assetclass=etf&fromdate=2016-07-26&todate=2026-07-26&limit=5000
SPXU,2020-05-12,1472.7,1584,1465,1581,339784,,https://api.nasdaq.com/api/quote/SPXU/historical?assetclass=etf&fromdate=2016-07-26&todate=2026-07-26&limit=5000
SPXU,2020-05-13,1594,1709,1573,1664,632960,,https://api.nasdaq.com/api/quote/SPXU/historical?assetclass=etf&fromdate=2016-07-26&todate=2026-07-26&limit=5000
SPXU,2020-05-14,1713.7,1759,1604,1604,626635,,https://api.nasdaq.com/api/quote/SPXU/historical?assetclass=etf&fromdate=2016-07-26&todate=2026-07-26&limit=5000
SPXU,2020-05-15,1649,1668,1583,1583,405996,,https://api.nasdaq.com/api/quote/SPXU/historical?assetclass=etf&fromdate=2016-07-26&todate=2026-07-26&limit=5000
SPXU,2020-05-18,1471,1476.1,1411,1437,432312,,https://api.nasdaq.com/api/quote/SPXU/historical?assetclass=etf&fromdate=2016-07-26&todate=2026-07-26&limit=5000
SPXU,2020-05-19,1446,1482,1420,1480,280109,,https://api.nasdaq.com/api/quote/SPXU/historical?assetclass=etf&fromdate=2016-07-26&todate=2026-07-26&limit=5000
SPXU,2020-05-20,1423,1427,1392,1407,309760,,https://api.nasdaq.com/api/quote/SPXU/historical?assetclass=etf&fromdate=2016-07-26&todate=2026-07-26&limit=5000
SPXU,2020-05-21,1410,1453,1395,1436,386336,,https://api.nasdaq.com/api/quote/SPXU/historical?assetclass=etf&fromdate=2016-07-26&todate=2026-07-26&limit=5000
SPXU,2020-05-22,1440,1460,1424,1427,241721,,https://api.nasdaq.com/api/quote/SPXU/historical?assetclass=etf&fromdate=2016-07-26&todate=2026-07-26&limit=5000
SPXU,2020-05-26,1333,1380,1330,1372,338666,,https://api.nasdaq.com/api/quote/SPXU/historical?assetclass=etf&fromdate=2016-07-26&todate=2026-07-26&limit=5000
SPXU,2020-05-27,1333,1405,1313,1314,469594,,https://api.nasdaq.com/api/quote/SPXU/historical?assetclass=etf&fromdate=2016-07-26&todate=2026-07-26&limit=5000
SPXU,2020-05-28,1299,1329,1270,1319,393013,,https://api.nasdaq.com/api/quote/SPXU/historical?assetclass=etf&fromdate=2016-07-26&todate=2026-07-26&limit=5000
SPXU,2020-05-29,1328,1364,1293.5,1305,461806,,https://api.nasdaq.com/api/quote/SPXU/historical?assetclass=etf&fromdate=2016-07-26&todate=2026-07-26&limit=5000
SPXU,2020-06-01,1313,1318,1277,1285,240842,,https://api.nasdaq.com/api/quote/SPXU/historical?assetclass=etf&fromdate=2016-07-26&todate=2026-07-26&limit=5000
SPXU,2020-06-02,1274,1292,1254,1254,238191,,https://api.nasdaq.com/api/quote/SPXU/historical?assetclass=etf&fromdate=2016-07-26&todate=2026-07-26&limit=5000
SPXU,2020-06-03,1229,1231,1190,1204,402827,,https://api.nasdaq.com/api/quote/SPXU/historical?assetclass=etf&fromdate=2016-07-26&todate=2026-07-26&limit=5000
SPXU,2020-06-04,1218,1239,1194,1214,276500,,https://api.nasdaq.com/api/quote/SPXU/historical?assetclass=etf&fromdate=2016-07-26&todate=2026-07-26&limit=5000
SPXU,2020-06-05,1144,1145,1097,1121,442437,,https://api.nasdaq.com/api/quote/SPXU/historical?assetclass=etf&fromdate=2016-07-26&todate=2026-07-26&limit=5000
SPXU,2020-06-08,1110,1116,1076,1077,282357,,https://api.nasdaq.com/api/quote/SPXU/historical?assetclass=etf&fromdate=2016-07-26&todate=2026-07-26&limit=5000
SPXU,2020-06-09,1108,1117,1086,1101,266504,,https://api.nasdaq.com/api/quote/SPXU/historical?assetclass=etf&fromdate=2016-07-26&todate=2026-07-26&limit=5000
SPXU,2020-06-10,1095.5,1129,1085,1120,363947,,https://api.nasdaq.com/api/quote/SPXU/historical?assetclass=etf&fromdate=2016-07-26&todate=2026-07-26&limit=5000
SPXU,2020-06-11,1201,1322,1194,1315,742603,,https://api.nasdaq.com/api/quote/SPXU/historical?assetclass=etf&fromdate=2016-07-26&todate=2026-07-26&limit=5000
SPXU,2020-06-12,1214,1340.6,1202,1266,916075,,https://api.nasdaq.com/api/quote/SPXU/historical?assetclass=etf&fromdate=2016-07-26&todate=2026-07-26&limit=5000
SPXU,2020-06-15,1346,1360,1216,1233,722654,,https://api.nasdaq.com/api/quote/SPXU/historical?assetclass=etf&fromdate=2016-07-26&todate=2026-07-26&limit=5000
SPXU,2020-06-16,1129,1223,1127.09,1159,622074,,https://api.nasdaq.com/api/quote/SPXU/historical?assetclass=etf&fromdate=2016-07-26&todate=2026-07-26&limit=5000
SPXU,2020-06-17,1148,1183,1144,1174,323502,,https://api.nasdaq.com/api/quote/SPXU/historical?assetclass=etf&fromdate=2016-07-26&todate=2026-07-26&limit=5000
SPXU,2020-06-18,1194,1199,1167,1173,268036,,https://api.nasdaq.com/api/quote/SPXU/historical?assetclass=etf&fromdate=2016-07-26&todate=2026-07-26&limit=5000
SPXU,2020-06-19,1130.2,1209,1128,1194,443632,,https://api.nasdaq.com/api/quote/SPXU/historical?assetclass=etf&fromdate=2016-07-26&todate=2026-07-26&limit=5000
SPXU,2020-06-22,1200,1215,1165,1168,269327,,https://api.nasdaq.com/api/quote/SPXU/historical?assetclass=etf&fromdate=2016-07-26&todate=2026-07-26&limit=5000
SPXU,2020-06-23,1139,1159,1126,1153,343801,,https://api.nasdaq.com/api/quote/SPXU/historical?assetclass=etf&fromdate=2016-07-26&todate=2026-07-26&limit=5000
SPXU,2020-06-24,1179,1264,1171,1241,625821,,https://api.nasdaq.com/api/quote/SPXU/historical?assetclass=etf&fromdate=2016-07-26&todate=2026-07-26&limit=5000
SPXU,2020-06-25,1250,1276,1198,1204,413830,,https://api.nasdaq.com/api/quote/SPXU/historical?assetclass=etf&fromdate=2016-07-26&todate=2026-07-26&limit=5000
SPXU,2020-06-26,1216,1295,1213,1286,503859,,https://api.nasdaq.com/api/quote/SPXU/historical?assetclass=etf&fromdate=2016-07-26&todate=2026-07-26&limit=5000
SPXU,2020-06-29,1271,1302,1231,1232,428087,,https://api.nasdaq.com/api/quote/SPXU/historical?assetclass=etf&fromdate=2016-07-26&todate=2026-07-26&limit=5000
SPXU,2020-06-30,1236.5,1238,1161,1180,318133,,https://api.nasdaq.com/api/quote/SPXU/historical?assetclass=etf&fromdate=2016-07-26&todate=2026-07-26&limit=5000
SPXU,2020-07-01,1169,1175,1143,1156,320792,,https://api.nasdaq.com/api/quote/SPXU/historical?assetclass=etf&fromdate=2016-07-26&todate=2026-07-26&limit=5000
SPXU,2020-07-02,1116,1147,1100,1138,338373,,https://api.nasdaq.com/api/quote/SPXU/historical?assetclass=etf&fromdate=2016-07-26&todate=2026-07-26&limit=5000
SPXU,2020-07-06,1094,1102,1080,1086,313000,,https://api.nasdaq.com/api/quote/SPXU/historical?assetclass=etf&fromdate=2016-07-26&todate=2026-07-26&limit=5000
SPXU,2020-07-07,1104,1123,1081,1120,254121,,https://api.nasdaq.com/api/quote/SPXU/historical?assetclass=etf&fromdate=2016-07-26&todate=2026-07-26&limit=5000
SPXU,2020-07-08,1111,1131,1092,1093,292656,,https://api.nasdaq.com/api/quote/SPXU/historical?assetclass=etf&fromdate=2016-07-26&todate=2026-07-26&limit=5000
SPXU,2020-07-09,1087,1151,1084,1111,386515,,https://api.nasdaq.com/api/quote/SPXU/historical?assetclass=etf&fromdate=2016-07-26&todate=2026-07-26&limit=5000
SPXU,2020-07-10,1114.53,1129.88,1075,1077,331541,,https://api.nasdaq.com/api/quote/SPXU/historical?assetclass=etf&fromdate=2016-07-26&todate=2026-07-26&limit=5000
SPXU,2020-07-13,1052,1113.5,1026,1105,554588,,https://api.nasdaq.com/api/quote/SPXU/historical?assetclass=etf&fromdate=2016-07-26&todate=2026-07-26&limit=5000
SPXU,2020-07-14,1121,1136,1059,1062,557567,,https://api.nasdaq.com/api/quote/SPXU/historical?assetclass=etf&fromdate=2016-07-26&todate=2026-07-26&limit=5000
SPXU,2020-07-15,1028,1059,1022,1032,405327,,https://api.nasdaq.com/api/quote/SPXU/historical?assetclass=etf&fromdate=2016-07-26&todate=2026-07-26&limit=5000
SPXU,2020-07-16,1054,1060,1039,1045,275459,,https://api.nasdaq.com/api/quote/SPXU/historical?assetclass=etf&fromdate=2016-07-26&todate=2026-07-26&limit=5000
SPXU,2020-07-17,1034,1053,1026,1034,202649,,https://api.nasdaq.com/api/quote/SPXU/historical?assetclass=etf&fromdate=2016-07-26&todate=2026-07-26&limit=5000
SPXU,2020-07-20,1038,1044.5,1002,1009,200633,,https://api.nasdaq.com/api/quote/SPXU/historical?assetclass=etf&fromdate=2016-07-26&todate=2026-07-26&limit=5000
SPXU,2020-07-21,989,1013,985,1004,248175,,https://api.nasdaq.com/api/quote/SPXU/historical?assetclass=etf&fromdate=2016-07-26&todate=2026-07-26&limit=5000
SPXU,2020-07-22,1007,1007.85,983,985,201604,,https://api.nasdaq.com/api/quote/SPXU/historical?assetclass=etf&fromdate=2016-07-26&todate=2026-07-26&limit=5000
SPXU,2020-07-23,990,1034,982,1021,308804,,https://api.nasdaq.com/api/quote/SPXU/historical?assetclass=etf&fromdate=2016-07-26&todate=2026-07-26&limit=5000
SPXU,2020-07-24,1041,1056,1030,1040,304303,,https://api.nasdaq.com/api/quote/SPXU/historical?assetclass=etf&fromdate=2016-07-26&todate=2026-07-26&limit=5000
SPXU,2020-07-27,1034,1041.99,1016,1017,156231,,https://api.nasdaq.com/api/quote/SPXU/historical?assetclass=etf&fromdate=2016-07-26&todate=2026-07-26&limit=5000
SPXU,2020-07-28,1026,1040,1014,1035,199096,,https://api.nasdaq.com/api/quote/SPXU/historical?assetclass=etf&fromdate=2016-07-26&todate=2026-07-26&limit=5000
SPXU,2020-07-29,1028,1029,993,1000,253097,,https://api.nasdaq.com/api/quote/SPXU/historical?assetclass=etf&fromdate=2016-07-26&todate=2026-07-26&limit=5000
SPXU,2020-07-30,1029,1049.5,1005,1009,340722,,https://api.nasdaq.com/api/quote/SPXU/historical?assetclass=etf&fromdate=2016-07-26&todate=2026-07-26&limit=5000
SPXU,2020-07-31,991,1033.5,985,985,304473,,https://api.nasdaq.com/api/quote/SPXU/historical?assetclass=etf&fromdate=2016-07-26&todate=2026-07-26&limit=5000
SPXU,2020-08-03,970,975,957,966,211823,,https://api.nasdaq.com/api/quote/SPXU/historical?assetclass=etf&fromdate=2016-07-26&todate=2026-07-26&limit=5000
SPXU,2020-08-04,974,974,954,954,159470,,https://api.nasdaq.com/api/quote/SPXU/historical?assetclass=etf&fromdate=2016-07-26&todate=2026-07-26&limit=5000
SPXU,2020-08-05,942,944,933.2,936,229100,,https://api.nasdaq.com/api/quote/SPXU/historical?assetclass=etf&fromdate=2016-07-26&todate=2026-07-26&limit=5000
SPXU,2020-08-06,940,944,915,918,206804,,https://api.nasdaq.com/api/quote/SPXU/historical?assetclass=etf&fromdate=2016-07-26&todate=2026-07-26&limit=5000
SPXU,2020-08-07,926,934,913,914,248735,,https://api.nasdaq.com/api/quote/SPXU/historical?assetclass=etf&fromdate=2016-07-26&todate=2026-07-26&limit=5000
SPXU,2020-08-10,910,928,905,906,178785,,https://api.nasdaq.com/api/quote/SPXU/historical?assetclass=etf&fromdate=2016-07-26&todate=2026-07-26&limit=5000
SPXU,2020-08-11,895,935.92,891,929,309056,,https://api.nasdaq.com/api/quote/SPXU/historical?assetclass=etf&fromdate=2016-07-26&todate=2026-07-26&limit=5000
SPXU,2020-08-12,906,907,883,891,261072,,https://api.nasdaq.com/api/quote/SPXU/historical?assetclass=etf&fromdate=2016-07-26&todate=2026-07-26&limit=5000
SPXU,2020-08-13,896,903,883,894,207335,,https://api.nasdaq.com/api/quote/SPXU/historical?assetclass=etf&fromdate=2016-07-26&todate=2026-07-26&limit=5000
SPXU,2020-08-14,899,905,890,896,180718,,https://api.nasdaq.com/api/quote/SPXU/historical?assetclass=etf&fromdate=2016-07-26&todate=2026-07-26&limit=5000
SPXU,2020-08-17,886,890,883,887,121778,,https://api.nasdaq.com/api/quote/SPXU/historical?assetclass=etf&fromdate=2016-07-26&todate=2026-07-26&limit=5000
SPXU,2020-08-18,882,897,877,882,154920,,https://api.nasdaq.com/api/quote/SPXU/historical?assetclass=etf&fromdate=2016-07-26&todate=2026-07-26&limit=5000
SPXU,2020-08-19,878,896,873,892,195602,,https://api.nasdaq.com/api/quote/SPXU/historical?assetclass=etf&fromdate=2016-07-26&todate=2026-07-26&limit=5000
SPXU,2020-08-20,908,908,879,884,232158,,https://api.nasdaq.com/api/quote/SPXU/historical?assetclass=etf&fromdate=2016-07-26&todate=2026-07-26&limit=5000
SPXU,2020-08-21,887,889,872,873,181862,,https://api.nasdaq.com/api/quote/SPXU/historical?assetclass=etf&fromdate=2016-07-26&todate=2026-07-26&limit=5000
SPXU,2020-08-24,852.5,862,846,846,206708,,https://api.nasdaq.com/api/quote/SPXU/historical?assetclass=etf&fromdate=2016-07-26&todate=2026-07-26&limit=5000
SPXU,2020-08-25,843,851.98,837,838,157597,,https://api.nasdaq.com/api/quote/SPXU/historical?assetclass=etf&fromdate=2016-07-26&todate=2026-07-26&limit=5000
SPXU,2020-08-26,833,838,811,812,233602,,https://api.nasdaq.com/api/quote/SPXU/historical?assetclass=etf&fromdate=2016-07-26&todate=2026-07-26&limit=5000
SPXU,2020-08-27,807,820,796,807,289157,,https://api.nasdaq.com/api/quote/SPXU/historical?assetclass=etf&fromdate=2016-07-26&todate=2026-07-26&limit=5000
SPXU,2020-08-28,799,809,791,792,158215,,https://api.nasdaq.com/api/quote/SPXU/historical?assetclass=etf&fromdate=2016-07-26&todate=2026-07-26&limit=5000
SPXU,2020-08-31,794,802,786.1,800,155344,,https://api.nasdaq.com/api/quote/SPXU/historical?assetclass=etf&fromdate=2016-07-26&todate=2026-07-26&limit=5000
SPXU,2020-09-01,795,801,777,778,158064,,https://api.nasdaq.com/api/quote/SPXU/historical?assetclass=etf&fromdate=2016-07-26&todate=2026-07-26&limit=5000
SPXU,2020-09-02,763,772,737,744,321928,,https://api.nasdaq.com/api/quote/SPXU/historical?assetclass=etf&fromdate=2016-07-26&todate=2026-07-26&limit=5000
SPXU,2020-09-03,755.3,838,752,821,777081,,https://api.nasdaq.com/api/quote/SPXU/historical?assetclass=etf&fromdate=2016-07-26&todate=2026-07-26&limit=5000
SPXU,2020-09-04,815.05,895.01,803,841,761114,,https://api.nasdaq.com/api/quote/SPXU/historical?assetclass=etf&fromdate=2016-07-26&todate=2026-07-26&limit=5000
SPXU,2020-09-08,884,911.5,874,908,516484,,https://api.nasdaq.com/api/quote/SPXU/historical?assetclass=etf&fromdate=2016-07-26&todate=2026-07-26&limit=5000
SPXU,2020-09-09,873.83,881.42,833,855,454399,,https://api.nasdaq.com/api/quote/SPXU/historical?assetclass=etf&fromdate=2016-07-26&todate=2026-07-26&limit=5000
SPXU,2020-09-10,839,907.99,834,899,440154,,https://api.nasdaq.com/api/quote/SPXU/historical?assetclass=etf&fromdate=2016-07-26&todate=2026-07-26&limit=5000
SPXU,2020-09-11,885,924,875.07,899,377270,,https://api.nasdaq.com/api/quote/SPXU/historical?assetclass=etf&fromdate=2016-07-26&todate=2026-07-26&limit=5000
SPXU,2020-09-14,871,875,848,862,205177,,https://api.nasdaq.com/api/quote/SPXU/historical?assetclass=etf&fromdate=2016-07-26&todate=2026-07-26&limit=5000
SPXU,2020-09-15,842,858.5,835,849,176315,,https://api.nasdaq.com/api/quote/SPXU/historical?assetclass=etf&fromdate=2016-07-26&todate=2026-07-26&limit=5000
SPXU,2020-09-16,839,862,828,860,195611,,https://api.nasdaq.com/api/quote/SPXU/historical?assetclass=etf&fromdate=2016-07-26&todate=2026-07-26&limit=5000
SPXU,2020-09-17,900,905,868.5,883,273646,,https://api.nasdaq.com/api/quote/SPXU/historical?assetclass=etf&fromdate=2016-07-26&todate=2026-07-26&limit=5000
SPXU,2020-09-18,875.5,934,875,914,275584,,https://api.nasdaq.com/api/quote/SPXU/historical?assetclass=etf&fromdate=2016-07-26&todate=2026-07-26&limit=5000
SPXU,2020-09-21,955,987,943,943,383263,,https://api.nasdaq.com/api/quote/SPXU/historical?assetclass=etf&fromdate=2016-07-26&todate=2026-07-26&limit=5000
SPXU,2020-09-22,930,953,909.99,915,248219,,https://api.nasdaq.com/api/quote/SPXU/historical?assetclass=etf&fromdate=2016-07-26&todate=2026-07-26&limit=5000
SPXU,2020-09-23,909,982,907,977,376793,,https://api.nasdaq.com/api/quote/SPXU/historical?assetclass=etf&fromdate=2016-07-26&todate=2026-07-26&limit=5000
SPXU,2020-09-24,992,1004,940.02,969,396980,,https://api.nasdaq.com/api/quote/SPXU/historical?assetclass=etf&fromdate=2016-07-26&todate=2026-07-26&limit=5000
SPXU,2020-09-25,978.39,986.09,915.02,924,268214,,https://api.nasdaq.com/api/quote/SPXU/historical?assetclass=etf&fromdate=2016-07-26&todate=2026-07-26&limit=5000
SPXU,2020-09-28,886,895,871,876,212873,,https://api.nasdaq.com/api/quote/SPXU/historical?assetclass=etf&fromdate=2016-07-26&todate=2026-07-26&limit=5000
SPXU,2020-09-29,879,898,872.5,890,160889,,https://api.nasdaq.com/api/quote/SPXU/historical?assetclass=etf&fromdate=2016-07-26&todate=2026-07-26&limit=5000
SPXU,2020-09-30,885,887.15,844,870,342973,,https://api.nasdaq.com/api/quote/SPXU/historical?assetclass=etf&fromdate=2016-07-26&todate=2026-07-26&limit=5000
SPXU,2020-10-01,848,870,841.13,855,294763,,https://api.nasdaq.com/api/quote/SPXU/historical?assetclass=etf&fromdate=2016-07-26&todate=2026-07-26&limit=5000
SPXU,2020-10-02,895,899,863,879,449418,,https://api.nasdaq.com/api/quote/SPXU/historical?assetclass=etf&fromdate=2016-07-26&todate=2026-07-26&limit=5000
SPXU,2020-10-05,861,861,830,832,173865,,https://api.nasdaq.com/api/quote/SPXU/historical?assetclass=etf&fromdate=2016-07-26&todate=2026-07-26&limit=5000
SPXU,2020-10-06,832,871,814,867,400369,,https://api.nasdaq.com/api/quote/SPXU/historical?assetclass=etf&fromdate=2016-07-26&todate=2026-07-26&limit=5000
SPXU,2020-10-07,843,843,815,823,213424,,https://api.nasdaq.com/api/quote/SPXU/historical?assetclass=etf&fromdate=2016-07-26&todate=2026-07-26&limit=5000
SPXU,2020-10-08,808,814,800,801,173840,,https://api.nasdaq.com/api/quote/SPXU/historical?assetclass=etf&fromdate=2016-07-26&todate=2026-07-26&limit=5000
SPXU,2020-10-09,788,793,775,778,197029,,https://api.nasdaq.com/api/quote/SPXU/historical?assetclass=etf&fromdate=2016-07-26&todate=2026-07-26&limit=5000
SPXU,2020-10-12,760,764,730,740,245495,,https://api.nasdaq.com/api/quote/SPXU/historical?assetclass=etf&fromdate=2016-07-26&todate=2026-07-26&limit=5000
SPXU,2020-10-13,743,762,741,753,174646,,https://api.nasdaq.com/api/quote/SPXU/historical?assetclass=etf&fromdate=2016-07-26&todate=2026-07-26&limit=5000
SPXU,2020-10-14,752,775,744,768,181085,,https://api.nasdaq.com/api/quote/SPXU/historical?assetclass=etf&fromdate=2016-07-26&todate=2026-07-26&limit=5000
SPXU,2020-10-15,797,801,769,772,204638,,https://api.nasdaq.com/api/quote/SPXU/historical?assetclass=etf&fromdate=2016-07-26&todate=2026-07-26&limit=5000
SPXU,2020-10-16,763,775,751,773,179755,,https://api.nasdaq.com/api/quote/SPXU/historical?assetclass=etf&fromdate=2016-07-26&todate=2026-07-26&limit=5000
SPXU,2020-10-19,764,816,760,808,200770,,https://api.nasdaq.com/api/quote/SPXU/historical?assetclass=etf&fromdate=2016-07-26&todate=2026-07-26&limit=5000
SPXU,2020-10-20,799,804,774,798,269291,,https://api.nasdaq.com/api/quote/SPXU/historical?assetclass=etf&fromdate=2016-07-26&todate=2026-07-26&limit=5000
SPXU,2020-10-21,800,806,783,803,253134,,https://api.nasdaq.com/api/quote/SPXU/historical?assetclass=etf&fromdate=2016-07-26&todate=2026-07-26&limit=5000
SPXU,2020-10-22,803,818,786,790,221579,,https://api.nasdaq.com/api/quote/SPXU/historical?assetclass=etf&fromdate=2016-07-26&todate=2026-07-26&limit=5000
SPXU,2020-10-23,781,800.88,781,782,145995,,https://api.nasdaq.com/api/quote/SPXU/historical?assetclass=etf&fromdate=2016-07-26&todate=2026-07-26&limit=5000
SPXU,2020-10-26,808,851,801,825,359953,,https://api.nasdaq.com/api/quote/SPXU/historical?assetclass=etf&fromdate=2016-07-26&todate=2026-07-26&limit=5000
SPXU,2020-10-27,823,836,820,834,223513,,https://api.nasdaq.com/api/quote/SPXU/historical?assetclass=etf&fromdate=2016-07-26&todate=2026-07-26&limit=5000
SPXU,2020-10-28,880,923.5,874,919,451984,,https://api.nasdaq.com/api/quote/SPXU/historical?assetclass=etf&fromdate=2016-07-26&todate=2026-07-26&limit=5000
SPXU,2020-10-29,917,932.5,862.5,891,354989,,https://api.nasdaq.com/api/quote/SPXU/historical?assetclass=etf&fromdate=2016-07-26&todate=2026-07-26&limit=5000
SPXU,2020-10-30,907,950.5,893.01,918,457430,,https://api.nasdaq.com/api/quote/SPXU/historical?assetclass=etf&fromdate=2016-07-26&todate=2026-07-26&limit=5000
SPXU,2020-11-02,888,913,869,887,377605,,https://api.nasdaq.com/api/quote/SPXU/historical?assetclass=etf&fromdate=2016-07-26&todate=2026-07-26&limit=5000
SPXU,2020-11-03,859.21,863.99,823,840,377419,,https://api.nasdaq.com/api/quote/SPXU/historical?assetclass=etf&fromdate=2016-07-26&todate=2026-07-26&limit=5000
SPXU,2020-11-04,805,814,752,785,658826,,https://api.nasdaq.com/api/quote/SPXU/historical?assetclass=etf&fromdate=2016-07-26&todate=2026-07-26&limit=5000
SPXU,2020-11-05,743,748,725,737,450758,,https://api.nasdaq.com/api/quote/SPXU/historical?assetclass=etf&fromdate=2016-07-26&todate=2026-07-26&limit=5000
SPXU,2020-11-06,741,755,730,739,300901,,https://api.nasdaq.com/api/quote/SPXU/historical?assetclass=etf&fromdate=2016-07-26&todate=2026-07-26&limit=5000
SPXU,2020-11-09,651,714,649,711,523508,,https://api.nasdaq.com/api/quote/SPXU/historical?assetclass=etf&fromdate=2016-07-26&todate=2026-07-26&limit=5000
SPXU,2020-11-10,718,735,707,712,341839,,https://api.nasdaq.com/api/quote/SPXU/historical?assetclass=etf&fromdate=2016-07-26&todate=2026-07-26&limit=5000
SPXU,2020-11-11,698,707.85,692.06,697,222625,,https://api.nasdaq.com/api/quote/SPXU/historical?assetclass=etf&fromdate=2016-07-26&todate=2026-07-26&limit=5000
SPXU,2020-11-12,706,730,699,717,339422,,https://api.nasdaq.com/api/quote/SPXU/historical?assetclass=etf&fromdate=2016-07-26&todate=2026-07-26&limit=5000
SPXU,2020-11-13,707,709,683,688,254189,,https://api.nasdaq.com/api/quote/SPXU/historical?assetclass=etf&fromdate=2016-07-26&todate=2026-07-26&limit=5000
SPXU,2020-11-16,670,680,663,664,204368,,https://api.nasdaq.com/api/quote/SPXU/historical?assetclass=etf&fromdate=2016-07-26&todate=2026-07-26&limit=5000
SPXU,2020-11-17,677,686,666,672,176129,,https://api.nasdaq.com/api/quote/SPXU/historical?assetclass=etf&fromdate=2016-07-26&todate=2026-07-26&limit=5000
SPXU,2020-11-18,672,698,668,697,152114,,https://api.nasdaq.com/api/quote/SPXU/historical?assetclass=etf&fromdate=2016-07-26&todate=2026-07-26&limit=5000
SPXU,2020-11-19,702,710,686,689,181847,,https://api.nasdaq.com/api/quote/SPXU/historical?assetclass=etf&fromdate=2016-07-26&todate=2026-07-26&limit=5000
SPXU,2020-11-20,692,703,689,703,185589,,https://api.nasdaq.com/api/quote/SPXU/historical?assetclass=etf&fromdate=2016-07-26&todate=2026-07-26&limit=5000
SPXU,2020-11-23,690,706,682,691,180633,,https://api.nasdaq.com/api/quote/SPXU/historical?assetclass=etf&fromdate=2016-07-26&todate=2026-07-26&limit=5000
SPXU,2020-11-24,675,680,653,656,232953,,https://api.nasdaq.com/api/quote/SPXU/historical?assetclass=etf&fromdate=2016-07-26&todate=2026-07-26&limit=5000
SPXU,2020-11-25,658,667,657,660,129953,,https://api.nasdaq.com/api/quote/SPXU/historical?assetclass=etf&fromdate=2016-07-26&todate=2026-07-26&limit=5000
SPXU,2020-11-27,654,660,651,655,71627,,https://api.nasdaq.com/api/quote/SPXU/historical?assetclass=etf&fromdate=2016-07-26&todate=2026-07-26&limit=5000
SPXU,2020-11-30,660,679,657.01,663,183417,,https://api.nasdaq.com/api/quote/SPXU/historical?assetclass=etf&fromdate=2016-07-26&todate=2026-07-26&limit=5000
SPXU,2020-12-01,644,648,632,642,218981,,https://api.nasdaq.com/api/quote/SPXU/historical?assetclass=etf&fromdate=2016-07-26&todate=2026-07-26&limit=5000
SPXU,2020-12-02,647,651,636,637,128484,,https://api.nasdaq.com/api/quote/SPXU/historical?assetclass=etf&fromdate=2016-07-26&todate=2026-07-26&limit=5000
SPXU,2020-12-03,637,644,630,637,160080,,https://api.nasdaq.com/api/quote/SPXU/historical?assetclass=etf&fromdate=2016-07-26&todate=2026-07-26&limit=5000
SPXU,2020-12-04,634,635,621,623,163480,,https://api.nasdaq.com/api/quote/SPXU/historical?assetclass=etf&fromdate=2016-07-26&todate=2026-07-26&limit=5000
SPXU,2020-12-07,624,632,622,623,130295,,https://api.nasdaq.com/api/quote/SPXU/historical?assetclass=etf&fromdate=2016-07-26&todate=2026-07-26&limit=5000
SPXU,2020-12-08,632,632,616,620,127992,,https://api.nasdaq.com/api/quote/SPXU/historical?assetclass=etf&fromdate=2016-07-26&todate=2026-07-26&limit=5000
SPXU,2020-12-09,616,641,615,635,201254,,https://api.nasdaq.com/api/quote/SPXU/historical?assetclass=etf&fromdate=2016-07-26&todate=2026-07-26&limit=5000
SPXU,2020-12-10,644,649,631,636,165210,,https://api.nasdaq.com/api/quote/SPXU/historical?assetclass=etf&fromdate=2016-07-26&todate=2026-07-26&limit=5000
SPXU,2020-12-11,647,655,637,639,175875,,https://api.nasdaq.com/api/quote/SPXU/historical?assetclass=etf&fromdate=2016-07-26&todate=2026-07-26&limit=5000
SPXU,2020-12-14,626,648,620,648,166373,,https://api.nasdaq.com/api/quote/SPXU/historical?assetclass=etf&fromdate=2016-07-26&todate=2026-07-26&limit=5000
SPXU,2020-12-15,633,641,621,621,172010,,https://api.nasdaq.com/api/quote/SPXU/historical?assetclass=etf&fromdate=2016-07-26&todate=2026-07-26&limit=5000
SPXU,2020-12-16,620,625,613,618,121925,,https://api.nasdaq.com/api/quote/SPXU/historical?assetclass=etf&fromdate=2016-07-26&todate=2026-07-26&limit=5000
SPXU,2020-12-17,609,614,607,609,111147,,https://api.nasdaq.com/api/quote/SPXU/historical?assetclass=etf&fromdate=2016-07-26&todate=2026-07-26&limit=5000
SPXU,2020-12-18,607,626,605,614,178645,,https://api.nasdaq.com/api/quote/SPXU/historical?assetclass=etf&fromdate=2016-07-26&todate=2026-07-26&limit=5000
SPXU,2020-12-21,636,651,617,620,254550,,https://api.nasdaq.com/api/quote/SPXU/historical?assetclass=etf&fromdate=2016-07-26&todate=2026-07-26&limit=5000
SPXU,2020-12-22,621,631,619,624,121916,,https://api.nasdaq.com/api/quote/SPXU/historical?assetclass=etf&fromdate=2016-07-26&todate=2026-07-26&limit=5000
SPXU,2020-12-23,620,624,613,622,129275,,https://api.nasdaq.com/api/quote/SPXU/historical?assetclass=etf&fromdate=2016-07-26&todate=2026-07-26&limit=5000
SPXU,2020-12-24,620,624,616,616,62990,,https://api.nasdaq.com/api/quote/SPXU/historical?assetclass=etf&fromdate=2016-07-26&todate=2026-07-26&limit=5000
SPXU,2020-12-28,603,606,598,599,179473,,https://api.nasdaq.com/api/quote/SPXU/historical?assetclass=etf&fromdate=2016-07-26&todate=2026-07-26&limit=5000
SPXU,2020-12-29,592,606,591,602,139167,,https://api.nasdaq.com/api/quote/SPXU/historical?assetclass=etf&fromdate=2016-07-26&todate=2026-07-26&limit=5000
SPXU,2020-12-30,599,603,595.5,600,119560,,https://api.nasdaq.com/api/quote/SPXU/historical?assetclass=etf&fromdate=2016-07-26&todate=2026-07-26&limit=5000
SPXU,2020-12-31,601,605,588,592,214367,,https://api.nasdaq.com/api/quote/SPXU/historical?assetclass=etf&fromdate=2016-07-26&todate=2026-07-26&limit=5000
SPXU,2021-01-04,584,634.99,584,615,302056,,https://api.nasdaq.com/api/quote/SPXU/historical?assetclass=etf&fromdate=2016-07-26&todate=2026-07-26&limit=5000
SPXU,2021-01-05,620,620,597,603,273197,,https://api.nasdaq.com/api/quote/SPXU/historical?assetclass=etf&fromdate=2016-07-26&todate=2026-07-26&limit=5000
SPXU,2021-01-06,611,613,575,591,370184,,https://api.nasdaq.com/api/quote/SPXU/historical?assetclass=etf&fromdate=2016-07-26&todate=2026-07-26&limit=5000
SPXU,2021-01-07,580,581,562,565,254346,,https://api.nasdaq.com/api/quote/SPXU/historical?assetclass=etf&fromdate=2016-07-26&todate=2026-07-26&limit=5000
SPXU,2021-01-08,560,575,555,556,264911,,https://api.nasdaq.com/api/quote/SPXU/historical?assetclass=etf&fromdate=2016-07-26&todate=2026-07-26&limit=5000
SPXU,2021-01-11,572,572,559,568,274680,,https://api.nasdaq.com/api/quote/SPXU/historical?assetclass=etf&fromdate=2016-07-26&todate=2026-07-26&limit=5000
SPXU,2021-01-12,567,578,562,565,230163,,https://api.nasdaq.com/api/quote/SPXU/historical?assetclass=etf&fromdate=2016-07-26&todate=2026-07-26&limit=5000
SPXU,2021-01-13,567,571,557,562,169724,,https://api.nasdaq.com/api/quote/SPXU/historical?assetclass=etf&fromdate=2016-07-26&todate=2026-07-26&limit=5000
SPXU,2021-01-14,559,570,556,569,201579,,https://api.nasdaq.com/api/quote/SPXU/historical?assetclass=etf&fromdate=2016-07-26&todate=2026-07-26&limit=5000
SPXU,2021-01-15,576,590,572,581,301020,,https://api.nasdaq.com/api/quote/SPXU/historical?assetclass=etf&fromdate=2016-07-26&todate=2026-07-26&limit=5000
SPXU,2021-01-19,568,576,564,568,200267,,https://api.nasdaq.com/api/quote/SPXU/historical?assetclass=etf&fromdate=2016-07-26&todate=2026-07-26&limit=5000
SPXU,2021-01-20,556,558,539,543,100000,,https://api.nasdaq.com/api/quote/SPXU/historical?assetclass=etf&fromdate=2016-07-26&todate=2026-07-26&limit=5000
SPXU,2021-01-21,540.9,546,538.8,541.8,208242,,https://api.nasdaq.com/api/quote/SPXU/historical?assetclass=etf&fromdate=2016-07-26&todate=2026-07-26&limit=5000
SPXU,2021-01-22,550.8,552,542.6,547.8,395117,,https://api.nasdaq.com/api/quote/SPXU/historical?assetclass=etf&fromdate=2016-07-26&todate=2026-07-26&limit=5000
SPXU,2021-01-25,544.12,566.4,539.4,541.4,598097,,https://api.nasdaq.com/api/quote/SPXU/historical?assetclass=etf&fromdate=2016-07-26&todate=2026-07-26&limit=5000
SPXU,2021-01-26,536.8,544.6,535,544,445026,,https://api.nasdaq.com/api/quote/SPXU/historical?assetclass=etf&fromdate=2016-07-26&todate=2026-07-26&limit=5000
SPXU,2021-01-27,559.2,593.44,558.78,583.4,715167,,https://api.nasdaq.com/api/quote/SPXU/historical?assetclass=etf&fromdate=2016-07-26&todate=2026-07-26&limit=5000
SPXU,2021-01-28,574.2,576.2,548,568,479424,,https://api.nasdaq.com/api/quote/SPXU/historical?assetclass=etf&fromdate=2016-07-26&todate=2026-07-26&limit=5000
SPXU,2021-01-29,577.6,610.4,572.4,601.4,687770,,https://api.nasdaq.com/api/quote/SPXU/historical?assetclass=etf&fromdate=2016-07-26&todate=2026-07-26&limit=5000
SPXU,2021-02-01,585.2,595.8,567,572.4,377815,,https://api.nasdaq.com/api/quote/SPXU/historical?assetclass=etf&fromdate=2016-07-26&todate=2026-07-26&limit=5000
SPXU,2021-02-02,556.8,557,540.4,547.8,381103,,https://api.nasdaq.com/api/quote/SPXU/historical?assetclass=etf&fromdate=2016-07-26&todate=2026-07-26&limit=5000
SPXU,2021-02-03,544,552.6,539,547,291111,,https://api.nasdaq.com/api/quote/SPXU/historical?assetclass=etf&fromdate=2016-07-26&todate=2026-07-26&limit=5000
SPXU,2021-02-04,542.4,542.96,528.2,528.6,269251,,https://api.nasdaq.com/api/quote/SPXU/historical?assetclass=etf&fromdate=2016-07-26&todate=2026-07-26&limit=5000
SPXU,2021-02-05,519.9,527,518.9,521.8,270638,,https://api.nasdaq.com/api/quote/SPXU/historical?assetclass=etf&fromdate=2016-07-26&todate=2026-07-26&limit=5000
SPXU,2021-02-08,515.4,519.2,510.2,510.2,218238,,https://api.nasdaq.com/api/quote/SPXU/historical?assetclass=etf&fromdate=2016-07-26&todate=2026-07-26&limit=5000
SPXU,2021-02-09,514.4,515.8,509.036,511.8,169644,,https://api.nasdaq.com/api/quote/SPXU/historical?assetclass=etf&fromdate=2016-07-26&todate=2026-07-26&limit=5000
SPXU,2021-02-10,504,522.4,503.6,512,371385,,https://api.nasdaq.com/api/quote/SPXU/historical?assetclass=etf&fromdate=2016-07-26&todate=2026-07-26&limit=5000
SPXU,2021-02-11,507.8,520.2,505.998,509.4,315058,,https://api.nasdaq.com/api/quote/SPXU/historical?assetclass=etf&fromdate=2016-07-26&todate=2026-07-26&limit=5000
SPXU,2021-02-12,513.8,513.8,501.202,502,202174,,https://api.nasdaq.com/api/quote/SPXU/historical?assetclass=etf&fromdate=2016-07-26&todate=2026-07-26&limit=5000
SPXU,2021-02-16,497.4,506.428,496.3,503,267588,,https://api.nasdaq.com/api/quote/SPXU/historical?assetclass=etf&fromdate=2016-07-26&todate=2026-07-26&limit=5000
SPXU,2021-02-17,511,515,502.2,502.8,313012,,https://api.nasdaq.com/api/quote/SPXU/historical?assetclass=etf&fromdate=2016-07-26&todate=2026-07-26&limit=5000
SPXU,2021-02-18,514.04,521,506.5,509.4,376945,,https://api.nasdaq.com/api/quote/SPXU/historical?assetclass=etf&fromdate=2016-07-26&todate=2026-07-26&limit=5000
SPXU,2021-02-19,504.4,514,503.2,512.6,247380,,https://api.nasdaq.com/api/quote/SPXU/historical?assetclass=etf&fromdate=2016-07-26&todate=2026-07-26&limit=5000
SPXU,2021-02-22,523.8,525.2,513.83,523.6,420801,,https://api.nasdaq.com/api/quote/SPXU/historical?assetclass=etf&fromdate=2016-07-26&todate=2026-07-26&limit=5000
SPXU,2021-02-23,533.8,551.998,516.394,521.8,766187,,https://api.nasdaq.com/api/quote/SPXU/historical?assetclass=etf&fromdate=2016-07-26&todate=2026-07-26&limit=5000
SPXU,2021-02-24,526.98,531.2,503,504.6,538311,,https://api.nasdaq.com/api/quote/SPXU/historical?assetclass=etf&fromdate=2016-07-26&todate=2026-07-26&limit=5000
SPXU,2021-02-25,509.8,547.4,504.518,540.8,858813,,https://api.nasdaq.com/api/quote/SPXU/historical?assetclass=etf&fromdate=2016-07-26&todate=2026-07-26&limit=5000
SPXU,2021-02-26,532.72,558.8,527.4,550,788617,,https://api.nasdaq.com/api/quote/SPXU/historical?assetclass=etf&fromdate=2016-07-26&todate=2026-07-26&limit=5000
SPXU,2021-03-01,527,527.2,504,509.6,492021,,https://api.nasdaq.com/api/quote/SPXU/historical?assetclass=etf&fromdate=2016-07-26&todate=2026-07-26&limit=5000
SPXU,2021-03-02,509,522.444,507.8,521,385606,,https://api.nasdaq.com/api/quote/SPXU/historical?assetclass=etf&fromdate=2016-07-26&todate=2026-07-26&limit=5000
SPXU,2021-03-03,524.8,542.8,520.6,542,562149,,https://api.nasdaq.com/api/quote/SPXU/historical?assetclass=etf&fromdate=2016-07-26&todate=2026-07-26&limit=5000
SPXU,2021-03-04,543.6,583,531.4,562.6,939382,,https://api.nasdaq.com/api/quote/SPXU/historical?assetclass=etf&fromdate=2016-07-26&todate=2026-07-26&limit=5000
SPXU,2021-03-05,545.6,580.6,526.22,531,1034219,,https://api.nasdaq.com/api/quote/SPXU/historical?assetclass=etf&fromdate=2016-07-26&todate=2026-07-26&limit=5000
SPXU,2021-03-08,527,540.2,514.3,539,634374,,https://api.nasdaq.com/api/quote/SPXU/historical?assetclass=etf&fromdate=2016-07-26&todate=2026-07-26&limit=5000
SPXU,2021-03-09,521.2,523.8,504.4,515.8,630769,,https://api.nasdaq.com/api/quote/SPXU/historical?assetclass=etf&fromdate=2016-07-26&todate=2026-07-26&limit=5000
SPXU,2021-03-10,505.6,511.998,499.1,506.4,597215,,https://api.nasdaq.com/api/quote/SPXU/historical?assetclass=etf&fromdate=2016-07-26&todate=2026-07-26&limit=5000
SPXU,2021-03-11,496,497.8,482.6,490.8,373801,,https://api.nasdaq.com/api/quote/SPXU/historical?assetclass=etf&fromdate=2016-07-26&todate=2026-07-26&limit=5000
SPXU,2021-03-12,496.2,499.5,488.2,488.6,333418,,https://api.nasdaq.com/api/quote/SPXU/historical?assetclass=etf&fromdate=2016-07-26&todate=2026-07-26&limit=5000
SPXU,2021-03-15,488,496.4,478.8,479.8,307276,,https://api.nasdaq.com/api/quote/SPXU/historical?assetclass=etf&fromdate=2016-07-26&todate=2026-07-26&limit=5000
SPXU,2021-03-16,477.8,484.9,474.8,481.4,334113,,https://api.nasdaq.com/api/quote/SPXU/historical?assetclass=etf&fromdate=2016-07-26&todate=2026-07-26&limit=5000
SPXU,2021-03-17,487,491.398,473.6,476.8,346799,,https://api.nasdaq.com/api/quote/SPXU/historical?assetclass=etf&fromdate=2016-07-26&todate=2026-07-26&limit=5000
SPXU,2021-03-18,487.4,499.9,478.8,498,400675,,https://api.nasdaq.com/api/quote/SPXU/historical?assetclass=etf&fromdate=2016-07-26&todate=2026-07-26&limit=5000
SPXU,2021-03-19,499,509.5,492.6,500.4,469769,,https://api.nasdaq.com/api/quote/SPXU/historical?assetclass=etf&fromdate=2016-07-26&todate=2026-07-26&limit=5000
SPXU,2021-03-22,498.8,498.8,483,488.4,374953,,https://api.nasdaq.com/api/quote/SPXU/historical?assetclass=etf&fromdate=2016-07-26&todate=2026-07-26&limit=5000
SPXU,2021-03-23,491.6,503.2,485.296,499.8,332810,,https://api.nasdaq.com/api/quote/SPXU/historical?assetclass=etf&fromdate=2016-07-26&todate=2026-07-26&limit=5000
SPXU,2021-03-24,494.2,508,487.6,508,417668,,https://api.nasdaq.com/api/quote/SPXU/historical?assetclass=etf&fromdate=2016-07-26&todate=2026-07-26&limit=5000
SPXU,2021-03-25,513.84,521.8,495.8,499.6,620641,,https://api.nasdaq.com/api/quote/SPXU/historical?assetclass=etf&fromdate=2016-07-26&todate=2026-07-26&limit=5000
SPXU,2021-03-26,494.4,496.84,473.4,475.4,454283,,https://api.nasdaq.com/api/quote/SPXU/historical?assetclass=etf&fromdate=2016-07-26&todate=2026-07-26&limit=5000
SPXU,2021-03-29,480.6,486.368,472.2,475.4,364990,,https://api.nasdaq.com/api/quote/SPXU/historical?assetclass=etf&fromdate=2016-07-26&todate=2026-07-26&limit=5000
SPXU,2021-03-30,481,485.6,477,478.8,364070,,https://api.nasdaq.com/api/quote/SPXU/historical?assetclass=etf&fromdate=2016-07-26&todate=2026-07-26&limit=5000
SPXU,2021-03-31,477.6,477.6,467.404,473.6,316339,,https://api.nasdaq.com/api/quote/SPXU/historical?assetclass=etf&fromdate=2016-07-26&todate=2026-07-26&limit=5000
SPXU,2021-04-01,466.4,466.8,457.8,458,313932,,https://api.nasdaq.com/api/quote/SPXU/historical?assetclass=etf&fromdate=2016-07-26&todate=2026-07-26&limit=5000
SPXU,2021-04-05,448.6,448.6,436.6,438.2,487353,,https://api.nasdaq.com/api/quote/SPXU/historical?assetclass=etf&fromdate=2016-07-26&todate=2026-07-26&limit=5000
SPXU,2021-04-06,440,441.4,435.6,439.6,180259,,https://api.nasdaq.com/api/quote/SPXU/historical?assetclass=etf&fromdate=2016-07-26&todate=2026-07-26&limit=5000
SPXU,2021-04-07,440,441.398,436.44,437.4,245527,,https://api.nasdaq.com/api/quote/SPXU/historical?assetclass=etf&fromdate=2016-07-26&todate=2026-07-26&limit=5000
SPXU,2021-04-08,433.2,436.598,431.2,431.2,170617,,https://api.nasdaq.com/api/quote/SPXU/historical?assetclass=etf&fromdate=2016-07-26&todate=2026-07-26&limit=5000
SPXU,2021-04-09,431.942,432.002,421.4,421.8,252570,,https://api.nasdaq.com/api/quote/SPXU/historical?assetclass=etf&fromdate=2016-07-26&todate=2026-07-26&limit=5000
SPXU,2021-04-12,423.8,425.8,420.6,421.2,187147,,https://api.nasdaq.com/api/quote/SPXU/historical?assetclass=etf&fromdate=2016-07-26&todate=2026-07-26&limit=5000
SPXU,2021-04-13,422,423.1,415.7,418,176162,,https://api.nasdaq.com/api/quote/SPXU/historical?assetclass=etf&fromdate=2016-07-26&todate=2026-07-26&limit=5000
SPXU,2021-04-14,417.6,423.798,414.4,421.4,317327,,https://api.nasdaq.com/api/quote/SPXU/historical?assetclass=etf&fromdate=2016-07-26&todate=2026-07-26&limit=5000
SPXU,2021-04-15,414.82,415.1,407.5,408.6,462825,,https://api.nasdaq.com/api/quote/SPXU/historical?assetclass=etf&fromdate=2016-07-26&todate=2026-07-26&limit=5000
SPXU,2021-04-16,404,408.718,402.4,403.8,308333,,https://api.nasdaq.com/api/quote/SPXU/historical?assetclass=etf&fromdate=2016-07-26&todate=2026-07-26&limit=5000
SPXU,2021-04-19,407.2,414.4,405.76,410.2,442563,,https://api.nasdaq.com/api/quote/SPXU/historical?assetclass=etf&fromdate=2016-07-26&todate=2026-07-26&limit=5000
SPXU,2021-04-20,414.08,423.7,411.7,418.8,492016,,https://api.nasdaq.com/api/quote/SPXU/historical?assetclass=etf&fromdate=2016-07-26&todate=2026-07-26&limit=5000
SPXU,2021-04-21,421.4,421.6,406.6,406.8,271703,,https://api.nasdaq.com/api/quote/SPXU/historical?assetclass=etf&fromdate=2016-07-26&todate=2026-07-26&limit=5000
SPXU,2021-04-22,408.2,421.8,405.2,418,623558,,https://api.nasdaq.com/api/quote/SPXU/historical?assetclass=etf&fromdate=2016-07-26&todate=2026-07-26&limit=5000
SPXU,2021-04-23,417,417,400.2,404.8,340589,,https://api.nasdaq.com/api/quote/SPXU/historical?assetclass=etf&fromdate=2016-07-26&todate=2026-07-26&limit=5000
SPXU,2021-04-26,402.6,404,400.424,401.8,266925,,https://api.nasdaq.com/api/quote/SPXU/historical?assetclass=etf&fromdate=2016-07-26&todate=2026-07-26&limit=5000
SPXU,2021-04-27,401.6,405.8,400.8,402.2,260446,,https://api.nasdaq.com/api/quote/SPXU/historical?assetclass=etf&fromdate=2016-07-26&todate=2026-07-26&limit=5000
SPXU,2021-04-28,402,404.2,398.228,402.6,209577,,https://api.nasdaq.com/api/quote/SPXU/historical?assetclass=etf&fromdate=2016-07-26&todate=2026-07-26&limit=5000
SPXU,2021-04-29,394.2,405.6,393.224,395.6,476167,,https://api.nasdaq.com/api/quote/SPXU/historical?assetclass=etf&fromdate=2016-07-26&todate=2026-07-26&limit=5000
SPXU,2021-04-30,402,405.6,399.4,402.6,298776,,https://api.nasdaq.com/api/quote/SPXU/historical?assetclass=etf&fromdate=2016-07-26&todate=2026-07-26&limit=5000
SPXU,2021-05-03,396.6,401.8,395.4,400,210954,,https://api.nasdaq.com/api/quote/SPXU/historical?assetclass=etf&fromdate=2016-07-26&todate=2026-07-26&limit=5000
SPXU,2021-05-04,406.6,418.802,404.9,407.8,481585,,https://api.nasdaq.com/api/quote/SPXU/historical?assetclass=etf&fromdate=2016-07-26&todate=2026-07-26&limit=5000
SPXU,2021-05-05,402.6,409.6,401.6,407,124075,,https://api.nasdaq.com/api/quote/SPXU/historical?assetclass=etf&fromdate=2016-07-26&todate=2026-07-26&limit=5000
SPXU,2021-05-06,407.4,413.4,397.2,397.2,342605,,https://api.nasdaq.com/api/quote/SPXU/historical?assetclass=etf&fromdate=2016-07-26&todate=2026-07-26&limit=5000
SPXU,2021-05-07,395.06,397.16,386.8,388.6,454564,,https://api.nasdaq.com/api/quote/SPXU/historical?assetclass=etf&fromdate=2016-07-26&todate=2026-07-26&limit=5000
SPXU,2021-05-10,387.62,400.6,387.2,399.8,360302,,https://api.nasdaq.com/api/quote/SPXU/historical?assetclass=etf&fromdate=2016-07-26&todate=2026-07-26&limit=5000
SPXU,2021-05-11,414.2,422.804,408,410.8,682444,,https://api.nasdaq.com/api/quote/SPXU/historical?assetclass=etf&fromdate=2016-07-26&todate=2026-07-26&limit=5000
SPXU,2021-05-12,420,439,415.8,437,755145,,https://api.nasdaq.com/api/quote/SPXU/historical?assetclass=etf&fromdate=2016-07-26&todate=2026-07-26&limit=5000
SPXU,2021-05-13,432.2,432.2,414.8,421.2,677210,,https://api.nasdaq.com/api/quote/SPXU/historical?assetclass=etf&fromdate=2016-07-26&todate=2026-07-26&limit=5000
SPXU,2021-05-14,412.4,412.4,399.1,401.8,476455,,https://api.nasdaq.com/api/quote/SPXU/historical?assetclass=etf&fromdate=2016-07-26&todate=2026-07-26&limit=5000
SPXU,2021-05-17,405.4,411.216,402.6,404.6,327692,,https://api.nasdaq.com/api/quote/SPXU/historical?assetclass=etf&fromdate=2016-07-26&todate=2026-07-26&limit=5000
SPXU,2021-05-18,404,416,403.4,415.2,243696,,https://api.nasdaq.com/api/quote/SPXU/historical?assetclass=etf&fromdate=2016-07-26&todate=2026-07-26&limit=5000
SPXU,2021-05-19,431,435.5,418.4,418.4,625170,,https://api.nasdaq.com/api/quote/SPXU/historical?assetclass=etf&fromdate=2016-07-26&todate=2026-07-26&limit=5000
SPXU,2021-05-20,416.2,416.4,401.22,405.6,295365,,https://api.nasdaq.com/api/quote/SPXU/historical?assetclass=etf&fromdate=2016-07-26&todate=2026-07-26&limit=5000
SPXU,2021-05-21,400.608,407.798,396.6,406.4,426188,,https://api.nasdaq.com/api/quote/SPXU/historical?assetclass=etf&fromdate=2016-07-26&todate=2026-07-26&limit=5000
SPXU,2021-05-24,398.8,399.97,390.5,393.6,438383,,https://api.nasdaq.com/api/quote/SPXU/historical?assetclass=etf&fromdate=2016-07-26&todate=2026-07-26&limit=5000
SPXU,2021-05-25,390.8,398.054,389.402,396,288056,,https://api.nasdaq.com/api/quote/SPXU/historical?assetclass=etf&fromdate=2016-07-26&todate=2026-07-26&limit=5000
SPXU,2021-05-26,395,397.8,392.44,394.4,212858,,https://api.nasdaq.com/api/quote/SPXU/historical?assetclass=etf&fromdate=2016-07-26&todate=2026-07-26&limit=5000
SPXU,2021-05-27,391.2,393.8,389.4,393.8,207150,,https://api.nasdaq.com/api/quote/SPXU/historical?assetclass=etf&fromdate=2016-07-26&todate=2026-07-26&limit=5000
SPXU,2021-05-28,388.6,392,387.83,391.8,252158,,https://api.nasdaq.com/api/quote/SPXU/historical?assetclass=etf&fromdate=2016-07-26&todate=2026-07-26&limit=5000
SPXU,2021-06-01,384.2,393.6,383.8,392.6,231071,,https://api.nasdaq.com/api/quote/SPXU/historical?assetclass=etf&fromdate=2016-07-26&todate=2026-07-26&limit=5000
SPXU,2021-06-02,390,393.38,388,390.2,275491,,https://api.nasdaq.com/api/quote/SPXU/historical?assetclass=etf&fromdate=2016-07-26&todate=2026-07-26&limit=5000
SPXU,2021-06-03,397.4,401.7,391.4,395,415631,,https://api.nasdaq.com/api/quote/SPXU/historical?assetclass=etf&fromdate=2016-07-26&todate=2026-07-26&limit=5000
SPXU,2021-06-04,389.2,389.4,383.2,384,407749,,https://api.nasdaq.com/api/quote/SPXU/historical?assetclass=etf&fromdate=2016-07-26&todate=2026-07-26&limit=5000
SPXU,2021-06-07,384,387.748,383.5,384.6,220788,,https://api.nasdaq.com/api/quote/SPXU/historical?assetclass=etf&fromdate=2016-07-26&todate=2026-07-26&limit=5000
SPXU,2021-06-08,382.8,390,382.2,384.4,246877,,https://api.nasdaq.com/api/quote/SPXU/historical?assetclass=etf&fromdate=2016-07-26&todate=2026-07-26&limit=5000
SPXU,2021-06-09,382.6,387,382.2,386.4,161996,,https://api.nasdaq.com/api/quote/SPXU/historical?assetclass=etf&fromdate=2016-07-26&todate=2026-07-26&limit=5000
SPXU,2021-06-10,382.6,386.6,378.2,381,269893,,https://api.nasdaq.com/api/quote/SPXU/historical?assetclass=etf&fromdate=2016-07-26&todate=2026-07-26&limit=5000
SPXU,2021-06-11,379.2,383.194,378.8,378.8,202161,,https://api.nasdaq.com/api/quote/SPXU/historical?assetclass=etf&fromdate=2016-07-26&todate=2026-07-26&limit=5000
SPXU,2021-06-14,379,382.4,376.4,376.4,181917,,https://api.nasdaq.com/api/quote/SPXU/historical?assetclass=etf&fromdate=2016-07-26&todate=2026-07-26&limit=5000
SPXU,2021-06-15,376,381.198,376,378.8,180491,,https://api.nasdaq.com/api/quote/SPXU/historical?assetclass=etf&fromdate=2016-07-26&todate=2026-07-26&limit=5000
SPXU,2021-06-16,378,390.8,377.764,384.8,411859,,https://api.nasdaq.com/api/quote/SPXU/historical?assetclass=etf&fromdate=2016-07-26&todate=2026-07-26&limit=5000
SPXU,2021-06-17,386.34,392.6,382.6,385.2,347311,,https://api.nasdaq.com/api/quote/SPXU/historical?assetclass=etf&fromdate=2016-07-26&todate=2026-07-26&limit=5000
SPXU,2021-06-18,394.8,401.5,393.04,400.4,487464,,https://api.nasdaq.com/api/quote/SPXU/historical?assetclass=etf&fromdate=2016-07-26&todate=2026-07-26&limit=5000
SPXU,2021-06-21,395.6,398,383.2,383.4,403468,,https://api.nasdaq.com/api/quote/SPXU/historical?assetclass=etf&fromdate=2016-07-26&todate=2026-07-26&limit=5000
SPXU,2021-06-22,383.6,385.9,375.2,377.4,302650,,https://api.nasdaq.com/api/quote/SPXU/historical?assetclass=etf&fromdate=2016-07-26&todate=2026-07-26&limit=5000
SPXU,2021-06-23,377.6,379.2,375,378.6,173399,,https://api.nasdaq.com/api/quote/SPXU/historical?assetclass=etf&fromdate=2016-07-26&todate=2026-07-26&limit=5000
SPXU,2021-06-24,372.8,373.6,371,372,241122,,https://api.nasdaq.com/api/quote/SPXU/historical?assetclass=etf&fromdate=2016-07-26&todate=2026-07-26&limit=5000
SPXU,2021-06-25,370,371.1,367.026,368,186874,,https://api.nasdaq.com/api/quote/SPXU/historical?assetclass=etf&fromdate=2016-07-26&todate=2026-07-26&limit=5000
SPXU,2021-06-28,367.2,370.198,365.6,365.6,206960,,https://api.nasdaq.com/api/quote/SPXU/historical?assetclass=etf&fromdate=2016-07-26&todate=2026-07-26&limit=5000
SPXU,2021-06-29,364.6,366.8,363.2,365.2,144805,,https://api.nasdaq.com/api/quote/SPXU/historical?assetclass=etf&fromdate=2016-07-26&todate=2026-07-26&limit=5000
SPXU,2021-06-30,367,367,362.8,364.2,212141,,https://api.nasdaq.com/api/quote/SPXU/historical?assetclass=etf&fromdate=2016-07-26&todate=2026-07-26&limit=5000
SPXU,2021-07-01,362.2,362.6,358,358,279252,,https://api.nasdaq.com/api/quote/SPXU/historical?assetclass=etf&fromdate=2016-07-26&todate=2026-07-26&limit=5000
SPXU,2021-07-02,355.36,356.18,349.4,350,328376,,https://api.nasdaq.com/api/quote/SPXU/historical?assetclass=etf&fromdate=2016-07-26&todate=2026-07-26&limit=5000
SPXU,2021-07-06,350.2,359.18,349.4,352,307269,,https://api.nasdaq.com/api/quote/SPXU/historical?assetclass=etf&fromdate=2016-07-26&todate=2026-07-26&limit=5000
SPXU,2021-07-07,350.36,355.6,347.6,348.2,328690,,https://api.nasdaq.com/api/quote/SPXU/historical?assetclass=etf&fromdate=2016-07-26&todate=2026-07-26&limit=5000
SPXU,2021-07-08,362.2,365,354.8,356.6,633622,,https://api.nasdaq.com/api/quote/SPXU/historical?assetclass=etf&fromdate=2016-07-26&todate=2026-07-26&limit=5000
SPXU,2021-07-09,353,353.4,344.8,345.8,538186,,https://api.nasdaq.com/api/quote/SPXU/historical?assetclass=etf&fromdate=2016-07-26&todate=2026-07-26&limit=5000
SPXU,2021-07-12,345.4,346.74,341,341.4,212308,,https://api.nasdaq.com/api/quote/SPXU/historical?assetclass=etf&fromdate=2016-07-26&todate=2026-07-26&limit=5000
SPXU,2021-07-13,343.4,345.8,339.82,344.8,379715,,https://api.nasdaq.com/api/quote/SPXU/historical?assetclass=etf&fromdate=2016-07-26&todate=2026-07-26&limit=5000
SPXU,2021-07-14,341,346.8,339.6,343.6,359985,,https://api.nasdaq.com/api/quote/SPXU/historical?assetclass=etf&fromdate=2016-07-26&todate=2026-07-26&limit=5000
SPXU,2021-07-15,347.2,351.8,345.2,347,473659,,https://api.nasdaq.com/api/quote/SPXU/historical?assetclass=etf&fromdate=2016-07-26&todate=2026-07-26&limit=5000
SPXU,2021-07-16,344.4,356.3,344,354.8,649295,,https://api.nasdaq.com/api/quote/SPXU/historical?assetclass=etf&fromdate=2016-07-26&todate=2026-07-26&limit=5000
SPXU,2021-07-19,368.2,378.3,366.74,371,922924,,https://api.nasdaq.com/api/quote/SPXU/historical?assetclass=etf&fromdate=2016-07-26&todate=2026-07-26&limit=5000
SPXU,2021-07-20,369.2,371.2,351.4,354.6,602392,,https://api.nasdaq.com/api/quote/SPXU/historical?assetclass=etf&fromdate=2016-07-26&todate=2026-07-26&limit=5000
SPXU,2021-07-21,351.6,352.2,346,346,373234,,https://api.nasdaq.com/api/quote/SPXU/historical?assetclass=etf&fromdate=2016-07-26&todate=2026-07-26&limit=5000
SPXU,2021-07-22,345.8,348.4,343.6,344.2,371724,,https://api.nasdaq.com/api/quote/SPXU/historical?assetclass=etf&fromdate=2016-07-26&todate=2026-07-26&limit=5000
SPXU,2021-07-23,339.2,340.998,332.7,333.8,410147,,https://api.nasdaq.com/api/quote/SPXU/historical?assetclass=etf&fromdate=2016-07-26&todate=2026-07-26&limit=5000
SPXU,2021-07-26,335,335,331.002,331.2,250447,,https://api.nasdaq.com/api/quote/SPXU/historical?assetclass=etf&fromdate=2016-07-26&todate=2026-07-26&limit=5000
SPXU,2021-07-27,333.8,342.372,333.6,335.2,552465,,https://api.nasdaq.com/api/quote/SPXU/historical?assetclass=etf&fromdate=2016-07-26&todate=2026-07-26&limit=5000
SPXU,2021-07-28,334.2,339.3,332.56,336,277253,,https://api.nasdaq.com/api/quote/SPXU/historical?assetclass=etf&fromdate=2016-07-26&todate=2026-07-26&limit=5000
SPXU,2021-07-29,333.6,333.798,329.2,331.8,282082,,https://api.nasdaq.com/api/quote/SPXU/historical?assetclass=etf&fromdate=2016-07-26&todate=2026-07-26&limit=5000
SPXU,2021-07-30,338.2,338.2,333,336.4,347369,,https://api.nasdaq.com/api/quote/SPXU/historical?assetclass=etf&fromdate=2016-07-26&todate=2026-07-26&limit=5000
SPXU,2021-08-02,332.4,339.4,331,339,454715,,https://api.nasdaq.com/api/quote/SPXU/historical?assetclass=etf&fromdate=2016-07-26&todate=2026-07-26&limit=5000
SPXU,2021-08-03,337,342.16,330.2,330.2,542057,,https://api.nasdaq.com/api/quote/SPXU/historical?assetclass=etf&fromdate=2016-07-26&todate=2026-07-26&limit=5000
SPXU,2021-08-04,333.2,335.8,332,335,200532,,https://api.nasdaq.com/api/quote/SPXU/historical?assetclass=etf&fromdate=2016-07-26&todate=2026-07-26&limit=5000
SPXU,2021-08-05,332.6,333.198,328.7,329.2,178627,,https://api.nasdaq.com/api/quote/SPXU/historical?assetclass=etf&fromdate=2016-07-26&todate=2026-07-26&limit=5000
SPXU,2021-08-06,327.8,328.8,326.2,327,172954,,https://api.nasdaq.com/api/quote/SPXU/historical?assetclass=etf&fromdate=2016-07-26&todate=2026-07-26&limit=5000
SPXU,2021-08-09,327.6,329.8,326.6,328.2,214698,,https://api.nasdaq.com/api/quote/SPXU/historical?assetclass=etf&fromdate=2016-07-26&todate=2026-07-26&limit=5000
SPXU,2021-08-10,327.4,328.598,325.002,326.6,230663,,https://api.nasdaq.com/api/quote/SPXU/historical?assetclass=etf&fromdate=2016-07-26&todate=2026-07-26&limit=5000
SPXU,2021-08-11,324.4,326.972,324.2,324.4,167061,,https://api.nasdaq.com/api/quote/SPXU/historical?assetclass=etf&fromdate=2016-07-26&todate=2026-07-26&limit=5000
SPXU,2021-08-12,325,326.8,321.2,321.4,232508,,https://api.nasdaq.com/api/quote/SPXU/historical?assetclass=etf&fromdate=2016-07-26&todate=2026-07-26&limit=5000
SPXU,2021-08-13,320.6,321.428,319.8,320.2,278750,,https://api.nasdaq.com/api/quote/SPXU/historical?assetclass=etf&fromdate=2016-07-26&todate=2026-07-26&limit=5000
SPXU,2021-08-16,323,326.2,317.2,317.4,406770,,https://api.nasdaq.com/api/quote/SPXU/historical?assetclass=etf&fromdate=2016-07-26&todate=2026-07-26&limit=5000
SPXU,2021-08-17,323,330.4,321.6,323.4,619441,,https://api.nasdaq.com/api/quote/SPXU/historical?assetclass=etf&fromdate=2016-07-26&todate=2026-07-26&limit=5000
SPXU,2021-08-18,326.4,334.8,322.4,334.4,393943,,https://api.nasdaq.com/api/quote/SPXU/historical?assetclass=etf&fromdate=2016-07-26&todate=2026-07-26&limit=5000
SPXU,2021-08-19,341,341.4,329.82,333,618819,,https://api.nasdaq.com/api/quote/SPXU/historical?assetclass=etf&fromdate=2016-07-26&todate=2026-07-26&limit=5000
SPXU,2021-08-20,331.8,333,324,325,629761,,https://api.nasdaq.com/api/quote/SPXU/historical?assetclass=etf&fromdate=2016-07-26&todate=2026-07-26&limit=5000
SPXU,2021-08-23,320.8,320.986,314.014,315.8,458684,,https://api.nasdaq.com/api/quote/SPXU/historical?assetclass=etf&fromdate=2016-07-26&todate=2026-07-26&limit=5000
SPXU,2021-08-24,314.6,315.8,313.424,314.4,159897,,https://api.nasdaq.com/api/quote/SPXU/historical?assetclass=etf&fromdate=2016-07-26&todate=2026-07-26&limit=5000
SPXU,2021-08-25,314.4,315.2,311.6,312.8,205371,,https://api.nasdaq.com/api/quote/SPXU/historical?assetclass=etf&fromdate=2016-07-26&todate=2026-07-26&limit=5000
SPXU,2021-08-26,313.2,318.4,312.8,318.2,325288,,https://api.nasdaq.com/api/quote/SPXU/historical?assetclass=etf&fromdate=2016-07-26&todate=2026-07-26&limit=5000
SPXU,2021-08-27,316.2,316.6,308.9,309.8,565695,,https://api.nasdaq.com/api/quote/SPXU/historical?assetclass=etf&fromdate=2016-07-26&todate=2026-07-26&limit=5000
SPXU,2021-08-30,308.2,308.798,303.8,305.4,296950,,https://api.nasdaq.com/api/quote/SPXU/historical?assetclass=etf&fromdate=2016-07-26&todate=2026-07-26&limit=5000
SPXU,2021-08-31,306.2,308.2,305.002,306.4,185443,,https://api.nasdaq.com/api/quote/SPXU/historical?assetclass=etf&fromdate=2016-07-26&todate=2026-07-26&limit=5000
SPXU,2021-09-01,304.8,306.998,303.8,306.2,183350,,https://api.nasdaq.com/api/quote/SPXU/historical?assetclass=etf&fromdate=2016-07-26&todate=2026-07-26&limit=5000
SPXU,2021-09-02,303.4,306.2,301.8,303.6,189223,,https://api.nasdaq.com/api/quote/SPXU/historical?assetclass=etf&fromdate=2016-07-26&todate=2026-07-26&limit=5000
SPXU,2021-09-03,305.8,306.802,302.8,303.6,258622,,https://api.nasdaq.com/api/quote/SPXU/historical?assetclass=etf&fromdate=2016-07-26&todate=2026-07-26&limit=5000
SPXU,2021-09-07,304.8,308.5,304.4,306.8,251972,,https://api.nasdaq.com/api/quote/SPXU/historical?assetclass=etf&fromdate=2016-07-26&todate=2026-07-26&limit=5000
SPXU,2021-09-08,308.4,312.38,306.602,308.4,423761,,https://api.nasdaq.com/api/quote/SPXU/historical?assetclass=etf&fromdate=2016-07-26&todate=2026-07-26&limit=5000
SPXU,2021-09-09,309,312.6,304.8,312.4,457846,,https://api.nasdaq.com/api/quote/SPXU/historical?assetclass=etf&fromdate=2016-07-26&todate=2026-07-26&limit=5000
SPXU,2021-09-10,307.8,319.8,306.8,319,586185,,https://api.nasdaq.com/api/quote/SPXU/historical?assetclass=etf&fromdate=2016-07-26&todate=2026-07-26&limit=5000
SPXU,2021-09-13,312.8,322.4,312.034,316.8,656048,,https://api.nasdaq.com/api/quote/SPXU/historical?assetclass=etf&fromdate=2016-07-26&todate=2026-07-26&limit=5000
SPXU,2021-09-14,313.6,324.2,313.384,321.8,471992,,https://api.nasdaq.com/api/quote/SPXU/historical?assetclass=etf&fromdate=2016-07-26&todate=2026-07-26&limit=5000
SPXU,2021-09-15,321.4,323.8,313,313.8,537144,,https://api.nasdaq.com/api/quote/SPXU/historical?assetclass=etf&fromdate=2016-07-26&todate=2026-07-26&limit=5000
SPXU,2021-09-16,315.3,322.2,313.2,315.6,371861,,https://api.nasdaq.com/api/quote/SPXU/historical?assetclass=etf&fromdate=2016-07-26&todate=2026-07-26&limit=5000
SPXU,2021-09-17,317.2,325.6,316.5,324.2,735772,,https://api.nasdaq.com/api/quote/SPXU/historical?assetclass=etf&fromdate=2016-07-26&todate=2026-07-26&limit=5000
SPXU,2021-09-20,339.4,352.4,335.422,341.2,957297,,https://api.nasdaq.com/api/quote/SPXU/historical?assetclass=etf&fromdate=2016-07-26&todate=2026-07-26&limit=5000
SPXU,2021-09-21,335.2,343.4,332.002,341.6,626750,,https://api.nasdaq.com/api/quote/SPXU/historical?assetclass=etf&fromdate=2016-07-26&todate=2026-07-26&limit=5000
SPXU,2021-09-22,336,338.6,326.8,332,580181,,https://api.nasdaq.com/api/quote/SPXU/historical?assetclass=etf&fromdate=2016-07-26&todate=2026-07-26&limit=5000
SPXU,2021-09-23,327.4,328,316,319.8,642392,,https://api.nasdaq.com/api/quote/SPXU/historical?assetclass=etf&fromdate=2016-07-26&todate=2026-07-26&limit=5000
SPXU,2021-09-24,323.6,324.1,316.6,318,434041,,https://api.nasdaq.com/api/quote/SPXU/historical?assetclass=etf&fromdate=2016-07-26&todate=2026-07-26&limit=5000
SPXU,2021-09-27,320.7,322.54,318,320.6,352152,,https://api.nasdaq.com/api/quote/SPXU/historical?assetclass=etf&fromdate=2016-07-26&todate=2026-07-26&limit=5000
SPXU,2021-09-28,327.44,342,326.6,340,773236,,https://api.nasdaq.com/api/quote/SPXU/historical?assetclass=etf&fromdate=2016-07-26&todate=2026-07-26&limit=5000
SPXU,2021-09-29,336.8,340,332.6,338.8,525382,,https://api.nasdaq.com/api/quote/SPXU/historical?assetclass=etf&fromdate=2016-07-26&todate=2026-07-26&limit=5000
SPXU,2021-09-30,335,351.4,333.212,350.8,719454,,https://api.nasdaq.com/api/quote/SPXU/historical?assetclass=etf&fromdate=2016-07-26&todate=2026-07-26&limit=5000
SPXU,2021-10-01,346.4,355.8,334.2,338.4,948476,,https://api.nasdaq.com/api/quote/SPXU/historical?assetclass=etf&fromdate=2016-07-26&todate=2026-07-26&limit=5000
SPXU,2021-10-04,341.4,357.168,339.3,351.4,727668,,https://api.nasdaq.com/api/quote/SPXU/historical?assetclass=etf&fromdate=2016-07-26&todate=2026-07-26&limit=5000
SPXU,2021-10-05,348,349.8,335,340.6,569145,,https://api.nasdaq.com/api/quote/SPXU/historical?assetclass=etf&fromdate=2016-07-26&todate=2026-07-26&limit=5000
SPXU,2021-10-06,349.6,353.8,336,336.8,824146,,https://api.nasdaq.com/api/quote/SPXU/historical?assetclass=etf&fromdate=2016-07-26&todate=2026-07-26&limit=5000
SPXU,2021-10-07,328.2,328.8,320.802,327.4,708164,,https://api.nasdaq.com/api/quote/SPXU/historical?assetclass=etf&fromdate=2016-07-26&todate=2026-07-26&limit=5000
SPXU,2021-10-08,325.8,331,325,329.4,542153,,https://api.nasdaq.com/api/quote/SPXU/historical?assetclass=etf&fromdate=2016-07-26&todate=2026-07-26&limit=5000
SPXU,2021-10-11,331.4,336.8,324,336.8,476655,,https://api.nasdaq.com/api/quote/SPXU/historical?assetclass=etf&fromdate=2016-07-26&todate=2026-07-26&limit=5000
SPXU,2021-10-12,334.2,341,333.4,339.2,514395,,https://api.nasdaq.com/api/quote/SPXU/historical?assetclass=etf&fromdate=2016-07-26&todate=2026-07-26&limit=5000
SPXU,2021-10-13,336.4,344,333.402,335.4,492527,,https://api.nasdaq.com/api/quote/SPXU/historical?assetclass=etf&fromdate=2016-07-26&todate=2026-07-26&limit=5000
SPXU,2021-10-14,326.4,327.6,318.2,318.4,583414,,https://api.nasdaq.com/api/quote/SPXU/historical?assetclass=etf&fromdate=2016-07-26&todate=2026-07-26&limit=5000
SPXU,2021-10-15,313.8,315.198,310.5,311.4,531681,,https://api.nasdaq.com/api/quote/SPXU/historical?assetclass=etf&fromdate=2016-07-26&todate=2026-07-26&limit=5000
SPXU,2021-10-18,315.2,316.8,307.8,308.2,370032,,https://api.nasdaq.com/api/quote/SPXU/historical?assetclass=etf&fromdate=2016-07-26&todate=2026-07-26&limit=5000
SPXU,2021-10-19,305,306.2,301.2,301.4,506838,,https://api.nasdaq.com/api/quote/SPXU/historical?assetclass=etf&fromdate=2016-07-26&todate=2026-07-26&limit=5000
SPXU,2021-10-20,300.4,300.6,297.038,298,399589,,https://api.nasdaq.com/api/quote/SPXU/historical?assetclass=etf&fromdate=2016-07-26&todate=2026-07-26&limit=5000
SPXU,2021-10-21,299,299.974,295,295.4,311747,,https://api.nasdaq.com/api/quote/SPXU/historical?assetclass=etf&fromdate=2016-07-26&todate=2026-07-26&limit=5000
SPXU,2021-10-22,296.4,300.4,293.3,296.4,532139,,https://api.nasdaq.com/api/quote/SPXU/historical?assetclass=etf&fromdate=2016-07-26&todate=2026-07-26&limit=5000
SPXU,2021-10-25,294.2,297.758,290.8,292,378826,,https://api.nasdaq.com/api/quote/SPXU/historical?assetclass=etf&fromdate=2016-07-26&todate=2026-07-26&limit=5000
SPXU,2021-10-26,288.6,291.6,286,291,431722,,https://api.nasdaq.com/api/quote/SPXU/historical?assetclass=etf&fromdate=2016-07-26&todate=2026-07-26&limit=5000
SPXU,2021-10-27,290,294.798,288.46,294.6,500315,,https://api.nasdaq.com/api/quote/SPXU/historical?assetclass=etf&fromdate=2016-07-26&todate=2026-07-26&limit=5000
SPXU,2021-10-28,291.8,291.8,286,286,607212,,https://api.nasdaq.com/api/quote/SPXU/historical?assetclass=etf&fromdate=2016-07-26&todate=2026-07-26&limit=5000
SPXU,2021-10-29,290.6,291.2,283.8,284,455245,,https://api.nasdaq.com/api/quote/SPXU/historical?assetclass=etf&fromdate=2016-07-26&todate=2026-07-26&limit=5000
SPXU,2021-11-01,282.6,286.36,281.6,282.4,353224,,https://api.nasdaq.com/api/quote/SPXU/historical?assetclass=etf&fromdate=2016-07-26&todate=2026-07-26&limit=5000
SPXU,2021-11-02,282.4,282.8,278.8,279.2,321401,,https://api.nasdaq.com/api/quote/SPXU/historical?assetclass=etf&fromdate=2016-07-26&todate=2026-07-26&limit=5000
SPXU,2021-11-03,280.4,281.398,273.6,274,381851,,https://api.nasdaq.com/api/quote/SPXU/historical?assetclass=etf&fromdate=2016-07-26&todate=2026-07-26&limit=5000
SPXU,2021-11-04,273,273.798,270.2,270.2,460042,,https://api.nasdaq.com/api/quote/SPXU/historical?assetclass=etf&fromdate=2016-07-26&todate=2026-07-26&limit=5000
SPXU,2021-11-05,266,270.384,263.8,267.4,622592,,https://api.nasdaq.com/api/quote/SPXU/historical?assetclass=etf&fromdate=2016-07-26&todate=2026-07-26&limit=5000
SPXU,2021-11-08,265.6,268.198,264.602,266.4,381381,,https://api.nasdaq.com/api/quote/SPXU/historical?assetclass=etf&fromdate=2016-07-26&todate=2026-07-26&limit=5000
SPXU,2021-11-09,266,272.2,265.8,269.6,601352,,https://api.nasdaq.com/api/quote/SPXU/historical?assetclass=etf&fromdate=2016-07-26&todate=2026-07-26&limit=5000
SPXU,2021-11-10,272.8,278.8,269.4,275.8,788636,,https://api.nasdaq.com/api/quote/SPXU/historical?assetclass=etf&fromdate=2016-07-26&todate=2026-07-26&limit=5000
SPXU,2021-11-11,273,275.8,273,275.4,320617,,https://api.nasdaq.com/api/quote/SPXU/historical?assetclass=etf&fromdate=2016-07-26&todate=2026-07-26&limit=5000
SPXU,2021-11-12,273,275.2,268.4,269.4,452124,,https://api.nasdaq.com/api/quote/SPXU/historical?assetclass=etf&fromdate=2016-07-26&todate=2026-07-26&limit=5000
SPXU,2021-11-15,267.4,271.2,267,269,406744,,https://api.nasdaq.com/api/quote/SPXU/historical?assetclass=etf&fromdate=2016-07-26&todate=2026-07-26&limit=5000
SPXU,2021-11-16,269.8,269.8,264,266.2,476308,,https://api.nasdaq.com/api/quote/SPXU/historical?assetclass=etf&fromdate=2016-07-26&todate=2026-07-26&limit=5000
SPXU,2021-11-17,266.4,269.2,266,267.8,450943,,https://api.nasdaq.com/api/quote/SPXU/historical?assetclass=etf&fromdate=2016-07-26&todate=2026-07-26&limit=5000
SPXU,2021-11-18,266.2,271,264.628,265.4,497061,,https://api.nasdaq.com/api/quote/SPXU/historical?assetclass=etf&fromdate=2016-07-26&todate=2026-07-26&limit=5000
SPXU,2021-11-19,265.6,267.236,263.2,266.8,419976,,https://api.nasdaq.com/api/quote/SPXU/historical?assetclass=etf&fromdate=2016-07-26&todate=2026-07-26&limit=5000
SPXU,2021-11-22,263.4,269.4,258.6,268.8,709613,,https://api.nasdaq.com/api/quote/SPXU/historical?assetclass=etf&fromdate=2016-07-26&todate=2026-07-26&limit=5000
SPXU,2021-11-23,269.6,274.398,266.2,267.4,840630,,https://api.nasdaq.com/api/quote/SPXU/historical?assetclass=etf&fromdate=2016-07-26&todate=2026-07-26&limit=5000
SPXU,2021-11-24,271.2,273,265.424,265.6,563709,,https://api.nasdaq.com/api/quote/SPXU/historical?assetclass=etf&fromdate=2016-07-26&todate=2026-07-26&limit=5000
SPXU,2021-11-26,277.4,285.5,275.1,283,1123803,,https://api.nasdaq.com/api/quote/SPXU/historical?assetclass=etf&fromdate=2016-07-26&todate=2026-07-26&limit=5000
SPXU,2021-11-29,274.2,278.2,269.2,272.4,953802,,https://api.nasdaq.com/api/quote/SPXU/historical?assetclass=etf&fromdate=2016-07-26&todate=2026-07-26&limit=5000
SPXU,2021-11-30,277.4,289.3,274,288.2,1114499,,https://api.nasdaq.com/api/quote/SPXU/historical?assetclass=etf&fromdate=2016-07-26&todate=2026-07-26&limit=5000
SPXU,2021-12-01,277.6,298.818,271.6,298.2,1578388,,https://api.nasdaq.com/api/quote/SPXU/historical?assetclass=etf&fromdate=2016-07-26&todate=2026-07-26&limit=5000
SPXU,2021-12-02,298,299,281.6,284.6,1680534,,https://api.nasdaq.com/api/quote/SPXU/historical?assetclass=etf&fromdate=2016-07-26&todate=2026-07-26&limit=5000
SPXU,2021-12-03,281.6,300.8,279.4,292,2055404,,https://api.nasdaq.com/api/quote/SPXU/historical?assetclass=etf&fromdate=2016-07-26&todate=2026-07-26&limit=5000
SPXU,2021-12-06,286.8,292.18,278,282,1369285,,https://api.nasdaq.com/api/quote/SPXU/historical?assetclass=etf&fromdate=2016-07-26&todate=2026-07-26&limit=5000
SPXU,2021-12-07,271.4,271.6,263.2,264.2,958741,,https://api.nasdaq.com/api/quote/SPXU/historical?assetclass=etf&fromdate=2016-07-26&todate=2026-07-26&limit=5000
SPXU,2021-12-08,263.8,266.796,261.4,262,739300,,https://api.nasdaq.com/api/quote/SPXU/historical?assetclass=etf&fromdate=2016-07-26&todate=2026-07-26&limit=5000
SPXU,2021-12-09,264.4,267.802,263,267.4,687670,,https://api.nasdaq.com/api/quote/SPXU/historical?assetclass=etf&fromdate=2016-07-26&todate=2026-07-26&limit=5000
SPXU,2021-12-10,262.6,267.282,259.6,259.8,934239,,https://api.nasdaq.com/api/quote/SPXU/historical?assetclass=etf&fromdate=2016-07-26&todate=2026-07-26&limit=5000
SPXU,2021-12-13,261,267.38,260.4,266.6,752071,,https://api.nasdaq.com/api/quote/SPXU/historical?assetclass=etf&fromdate=2016-07-26&todate=2026-07-26&limit=5000
SPXU,2021-12-14,272.8,277.8,268.3,272.2,1028765,,https://api.nasdaq.com/api/quote/SPXU/historical?assetclass=etf&fromdate=2016-07-26&todate=2026-07-26&limit=5000
SPXU,2021-12-15,272.4,277,259,259.8,1505614,,https://api.nasdaq.com/api/quote/SPXU/historical?assetclass=etf&fromdate=2016-07-26&todate=2026-07-26&limit=5000
SPXU,2021-12-16,256.2,269.2,255.9,266.4,1026804,,https://api.nasdaq.com/api/quote/SPXU/historical?assetclass=etf&fromdate=2016-07-26&todate=2026-07-26&limit=5000
SPXU,2021-12-17,272.1,278.2,266.6,274.8,1351940,,https://api.nasdaq.com/api/quote/SPXU/historical?assetclass=etf&fromdate=2016-07-26&todate=2026-07-26&limit=5000
SPXU,2021-12-20,285,290.6,282.802,283.4,1583441,,https://api.nasdaq.com/api/quote/SPXU/historical?assetclass=etf&fromdate=2016-07-26&todate=2026-07-26&limit=5000
SPXU,2021-12-21,276.8,281.2,268.2,268.4,833565,,https://api.nasdaq.com/api/quote/SPXU/historical?assetclass=etf&fromdate=2016-07-26&todate=2026-07-26&limit=5000
SPXU,2021-12-22,269.2,269.4,260,260,708785,,https://api.nasdaq.com/api/quote/SPXU/historical?assetclass=etf&fromdate=2016-07-26&todate=2026-07-26&limit=5000
SPXU,2021-12-23,258.6,259,253.002,255.6,752678,,https://api.nasdaq.com/api/quote/SPXU/historical?assetclass=etf&fromdate=2016-07-26&todate=2026-07-26&limit=5000
SPXU,2021-12-27,253.4,253.4,244.8,245,732919,,https://api.nasdaq.com/api/quote/SPXU/historical?assetclass=etf&fromdate=2016-07-26&todate=2026-07-26&limit=5000
SPXU,2021-12-28,244,246.614,242.202,245.2,492949,,https://api.nasdaq.com/api/quote/SPXU/historical?assetclass=etf&fromdate=2016-07-26&todate=2026-07-26&limit=5000
SPXU,2021-12-29,245.4,246.8,242.8,244.4,359784,,https://api.nasdaq.com/api/quote/SPXU/historical?assetclass=etf&fromdate=2016-07-26&todate=2026-07-26&limit=5000
SPXU,2021-12-30,243.6,247.2,242.116,246.6,433636,,https://api.nasdaq.com/api/quote/SPXU/historical?assetclass=etf&fromdate=2016-07-26&todate=2026-07-26&limit=5000
SPXU,2021-12-31,247.4,249,245.4,249,566124,,https://api.nasdaq.com/api/quote/SPXU/historical?assetclass=etf&fromdate=2016-07-26&todate=2026-07-26&limit=5000
SPXU,2022-01-03,246.4,250.1,243.8,243.8,545189,,https://api.nasdaq.com/api/quote/SPXU/historical?assetclass=etf&fromdate=2016-07-26&todate=2026-07-26&limit=5000
SPXU,2022-01-04,241.8,247.2,240.6,244,582785,,https://api.nasdaq.com/api/quote/SPXU/historical?assetclass=etf&fromdate=2016-07-26&todate=2026-07-26&limit=5000
SPXU,2022-01-05,244.6,258.4,243.6,258,1037855,,https://api.nasdaq.com/api/quote/SPXU/historical?assetclass=etf&fromdate=2016-07-26&todate=2026-07-26&limit=5000
SPXU,2022-01-06,259.2,263.172,254.2,259.2,1462975,,https://api.nasdaq.com/api/quote/SPXU/historical?assetclass=etf&fromdate=2016-07-26&todate=2026-07-26&limit=5000
SPXU,2022-01-07,258.8,264.5,256.8,261.8,982568,,https://api.nasdaq.com/api/quote/SPXU/historical?assetclass=etf&fromdate=2016-07-26&todate=2026-07-26&limit=5000
SPXU,2022-01-10,268,278.1,262.6,262.6,1387387,,https://api.nasdaq.com/api/quote/SPXU/historical?assetclass=etf&fromdate=2016-07-26&todate=2026-07-26&limit=5000
SPXU,2022-01-11,263.6,268.998,255.6,255.8,786716,,https://api.nasdaq.com/api/quote/SPXU/historical?assetclass=etf&fromdate=2016-07-26&todate=2026-07-26&limit=5000
SPXU,2022-01-12,252.8,257,250.2,253.6,743857,,https://api.nasdaq.com/api/quote/SPXU/historical?assetclass=etf&fromdate=2016-07-26&todate=2026-07-26&limit=5000
SPXU,2022-01-13,251.998,266,250.806,264,1155695,,https://api.nasdaq.com/api/quote/SPXU/historical?assetclass=etf&fromdate=2016-07-26&todate=2026-07-26&limit=5000
SPXU,2022-01-14,270,272.2,263.2,264.2,1133975,,https://api.nasdaq.com/api/quote/SPXU/historical?assetclass=etf&fromdate=2016-07-26&todate=2026-07-26&limit=5000
SPXU,2022-01-18,272.4,279.9,272.1,277.6,964778,,https://api.nasdaq.com/api/quote/SPXU/historical?assetclass=etf&fromdate=2016-07-26&todate=2026-07-26&limit=5000
SPXU,2022-01-19,274.8,287,272.2,286.2,766498,,https://api.nasdaq.com/api/quote/SPXU/historical?assetclass=etf&fromdate=2016-07-26&todate=2026-07-26&limit=5000
SPXU,2022-01-20,282.8,297,273.2,296,1178127,,https://api.nasdaq.com/api/quote/SPXU/historical?assetclass=etf&fromdate=2016-07-26&todate=2026-07-26&limit=5000
SPXU,2022-01-21,298.2,313.6,293.6,313.6,1821557,,https://api.nasdaq.com/api/quote/SPXU/historical?assetclass=etf&fromdate=2016-07-26&todate=2026-07-26&limit=5000
SPXU,2022-01-24,326.3,350.4,308.4,309.8,2352334,,https://api.nasdaq.com/api/quote/SPXU/historical?assetclass=etf&fromdate=2016-07-26&todate=2026-07-26&limit=5000
SPXU,2022-01-25,324,336.3,309.818,320.8,1289786,,https://api.nasdaq.com/api/quote/SPXU/historical?assetclass=etf&fromdate=2016-07-26&todate=2026-07-26&limit=5000
SPXU,2022-01-26,306.8,333.3,299.8,323.2,1862354,,https://api.nasdaq.com/api/quote/SPXU/historical?assetclass=etf&fromdate=2016-07-26&todate=2026-07-26&limit=5000
SPXU,2022-01-27,312.4,332.2,305,327.8,1542359,,https://api.nasdaq.com/api/quote/SPXU/historical?assetclass=etf&fromdate=2016-07-26&todate=2026-07-26&limit=5000
SPXU,2022-01-28,325.2,336,303.6,303.8,1640394,,https://api.nasdaq.com/api/quote/SPXU/historical?assetclass=etf&fromdate=2016-07-26&todate=2026-07-26&limit=5000
SPXU,2022-01-31,305.4,308.198,286.588,288.2,1246133,,https://api.nasdaq.com/api/quote/SPXU/historical?assetclass=etf&fromdate=2016-07-26&todate=2026-07-26&limit=5000
SPXU,2022-02-01,285.6,292.878,280.2,281.6,1111594,,https://api.nasdaq.com/api/quote/SPXU/historical?assetclass=etf&fromdate=2016-07-26&todate=2026-07-26&limit=5000
SPXU,2022-02-02,276.6,281.2,271.8,273.2,1572373,,https://api.nasdaq.com/api/quote/SPXU/historical?assetclass=etf&fromdate=2016-07-26&todate=2026-07-26&limit=5000
SPXU,2022-02-03,284.6,294.2,281,292.6,1635493,,https://api.nasdaq.com/api/quote/SPXU/historical?assetclass=etf&fromdate=2016-07-26&todate=2026-07-26&limit=5000
SPXU,2022-02-04,293,297.8,280.2,288,1960295,,https://api.nasdaq.com/api/quote/SPXU/historical?assetclass=etf&fromdate=2016-07-26&todate=2026-07-26&limit=5000
SPXU,2022-02-07,286.4,293.6,283.8,291,1017805,,https://api.nasdaq.com/api/quote/SPXU/historical?assetclass=etf&fromdate=2016-07-26&todate=2026-07-26&limit=5000
SPXU,2022-02-08,292.2,294.954,281.82,283.8,1375827,,https://api.nasdaq.com/api/quote/SPXU/historical?assetclass=etf&fromdate=2016-07-26&todate=2026-07-26&limit=5000
SPXU,2022-02-09,275.626,276,270.802,271,1460091,,https://api.nasdaq.com/api/quote/SPXU/historical?assetclass=etf&fromdate=2016-07-26&todate=2026-07-26&limit=5000
SPXU,2022-02-10,282.2,289.6,271,286,2202534,,https://api.nasdaq.com/api/quote/SPXU/historical?assetclass=etf&fromdate=2016-07-26&todate=2026-07-26&limit=5000
SPXU,2022-02-11,286,305.6,281.6,302.4,2752807,,https://api.nasdaq.com/api/quote/SPXU/historical?assetclass=etf&fromdate=2016-07-26&todate=2026-07-26&limit=5000
SPXU,2022-02-14,304.2,313.2,300.432,305.4,2937844,,https://api.nasdaq.com/api/quote/SPXU/historical?assetclass=etf&fromdate=2016-07-26&todate=2026-07-26&limit=5000
SPXU,2022-02-15,295.8,297,290.6,291.2,1305793,,https://api.nasdaq.com/api/quote/SPXU/historical?assetclass=etf&fromdate=2016-07-26&todate=2026-07-26&limit=5000
SPXU,2022-02-16,295.4,299.198,287,289.6,1100171,,https://api.nasdaq.com/api/quote/SPXU/historical?assetclass=etf&fromdate=2016-07-26&todate=2026-07-26&limit=5000
SPXU,2022-02-17,296.8,309.8,295.5,308.2,1296360,,https://api.nasdaq.com/api/quote/SPXU/historical?assetclass=etf&fromdate=2016-07-26&todate=2026-07-26&limit=5000
SPXU,2022-02-18,307.8,319.768,305.2,315,2021839,,https://api.nasdaq.com/api/quote/SPXU/historical?assetclass=etf&fromdate=2016-07-26&todate=2026-07-26&limit=5000
SPXU,2022-02-22,319.8,333,311.834,324.4,1962708,,https://api.nasdaq.com/api/quote/SPXU/historical?assetclass=etf&fromdate=2016-07-26&todate=2026-07-26&limit=5000
SPXU,2022-02-23,317.8,343.4,316.4,341.8,1876260,,https://api.nasdaq.com/api/quote/SPXU/historical?assetclass=etf&fromdate=2016-07-26&todate=2026-07-26&limit=5000
SPXU,2022-02-24,368.9,369.728,325.596,327,3854645,,https://api.nasdaq.com/api/quote/SPXU/historical?assetclass=etf&fromdate=2016-07-26&todate=2026-07-26&limit=5000
SPXU,2022-02-25,323.4,327.6,304.8,304.8,2155648,,https://api.nasdaq.com/api/quote/SPXU/historical?assetclass=etf&fromdate=2016-07-26&todate=2026-07-26&limit=5000
SPXU,2022-02-28,317,319.6,303.9,307,2104527,,https://api.nasdaq.com/api/quote/SPXU/historical?assetclass=etf&fromdate=2016-07-26&todate=2026-07-26&limit=5000
SPXU,2022-03-01,310.4,327,306.186,321,2042194,,https://api.nasdaq.com/api/quote/SPXU/historical?assetclass=etf&fromdate=2016-07-26&todate=2026-07-26&limit=5000
SPXU,2022-03-02,315.8,317.8,300,304,1879665,,https://api.nasdaq.com/api/quote/SPXU/historical?assetclass=etf&fromdate=2016-07-26&todate=2026-07-26&limit=5000
SPXU,2022-03-03,298,312,296.9,308.4,1749999,,https://api.nasdaq.com/api/quote/SPXU/historical?assetclass=etf&fromdate=2016-07-26&todate=2026-07-26&limit=5000
SPXU,2022-03-04,316.5,324.66,313,315.6,1392167,,https://api.nasdaq.com/api/quote/SPXU/historical?assetclass=etf&fromdate=2016-07-26&todate=2026-07-26&limit=5000
SPXU,2022-03-07,317,343.6,316.2,343,1718627,,https://api.nasdaq.com/api/quote/SPXU/historical?assetclass=etf&fromdate=2016-07-26&todate=2026-07-26&limit=5000
SPXU,2022-03-08,342.8,354.14,324.5,351.2,2407463,,https://api.nasdaq.com/api/quote/SPXU/historical?assetclass=etf&fromdate=2016-07-26&todate=2026-07-26&limit=5000
SPXU,2022-03-09,328.8,334.6,317.8,323.6,1515043,,https://api.nasdaq.com/api/quote/SPXU/historical?assetclass=etf&fromdate=2016-07-26&todate=2026-07-26&limit=5000
SPXU,2022-03-10,334.6,339,325.402,327.2,1110064,,https://api.nasdaq.com/api/quote/SPXU/historical?assetclass=etf&fromdate=2016-07-26&todate=2026-07-26&limit=5000
SPXU,2022-03-11,321.38,341.2,320,339.6,1173716,,https://api.nasdaq.com/api/quote/SPXU/historical?assetclass=etf&fromdate=2016-07-26&todate=2026-07-26&limit=5000
SPXU,2022-03-14,338.2,350.4,329.2,347.6,1309636,,https://api.nasdaq.com/api/quote/SPXU/historical?assetclass=etf&fromdate=2016-07-26&todate=2026-07-26&limit=5000
SPXU,2022-03-15,340.6,343.8,322.9,324.2,1183317,,https://api.nasdaq.com/api/quote/SPXU/historical?assetclass=etf&fromdate=2016-07-26&todate=2026-07-26&limit=5000
SPXU,2022-03-16,315.8,327.6,302.6,302.6,1628275,,https://api.nasdaq.com/api/quote/SPXU/historical?assetclass=etf&fromdate=2016-07-26&todate=2026-07-26&limit=5000
SPXU,2022-03-17,307.2,308,291.2,291.2,1069437,,https://api.nasdaq.com/api/quote/SPXU/historical?assetclass=etf&fromdate=2016-07-26&todate=2026-07-26&limit=5000
SPXU,2022-03-18,294.8,296.6,281.2,282.2,1049589,,https://api.nasdaq.com/api/quote/SPXU/historical?assetclass=etf&fromdate=2016-07-26&todate=2026-07-26&limit=5000
SPXU,2022-03-21,282.6,289.2,278.2,282,1047977,,https://api.nasdaq.com/api/quote/SPXU/historical?assetclass=etf&fromdate=2016-07-26&todate=2026-07-26&limit=5000
SPXU,2022-03-22,279.2,279.4,270.4,272,820234,,https://api.nasdaq.com/api/quote/SPXU/historical?assetclass=etf&fromdate=2016-07-26&todate=2026-07-26&limit=5000
SPXU,2022-03-23,277.16,283,274,283,1085020,,https://api.nasdaq.com/api/quote/SPXU/historical?assetclass=etf&fromdate=2016-07-26&todate=2026-07-26&limit=5000
SPXU,2022-03-24,279.2,281,270,270,823787,,https://api.nasdaq.com/api/quote/SPXU/historical?assetclass=etf&fromdate=2016-07-26&todate=2026-07-26&limit=5000
SPXU,2022-03-25,269,273.8,265.6,266.4,885065,,https://api.nasdaq.com/api/quote/SPXU/historical?assetclass=etf&fromdate=2016-07-26&todate=2026-07-26&limit=5000
SPXU,2022-03-28,267.2,270.8,260.4,260.4,744228,,https://api.nasdaq.com/api/quote/SPXU/historical?assetclass=etf&fromdate=2016-07-26&todate=2026-07-26&limit=5000
SPXU,2022-03-29,253.4,258.1,249.8,250.4,1516225,,https://api.nasdaq.com/api/quote/SPXU/historical?assetclass=etf&fromdate=2016-07-26&todate=2026-07-26&limit=5000
SPXU,2022-03-30,252.6,259,251.36,255,1208483,,https://api.nasdaq.com/api/quote/SPXU/historical?assetclass=etf&fromdate=2016-07-26&todate=2026-07-26&limit=5000
SPXU,2022-03-31,256.6,267.4,255.2,267,1398242,,https://api.nasdaq.com/api/quote/SPXU/historical?assetclass=etf&fromdate=2016-07-26&todate=2026-07-26&limit=5000
SPXU,2022-04-01,264.4,271.6,264,265.2,1385184,,https://api.nasdaq.com/api/quote/SPXU/historical?assetclass=etf&fromdate=2016-07-26&todate=2026-07-26&limit=5000
SPXU,2022-04-04,264.8,266,258,258.4,1098779,,https://api.nasdaq.com/api/quote/SPXU/historical?assetclass=etf&fromdate=2016-07-26&todate=2026-07-26&limit=5000
SPXU,2022-04-05,261,270,256.4,268,1535830,,https://api.nasdaq.com/api/quote/SPXU/historical?assetclass=etf&fromdate=2016-07-26&todate=2026-07-26&limit=5000
SPXU,2022-04-06,275.2,281.23,271.6,276,1486598,,https://api.nasdaq.com/api/quote/SPXU/historical?assetclass=etf&fromdate=2016-07-26&todate=2026-07-26&limit=5000
SPXU,2022-04-07,277.8,281.598,268.2,271.6,1475369,,https://api.nasdaq.com/api/quote/SPXU/historical?assetclass=etf&fromdate=2016-07-26&todate=2026-07-26&limit=5000
SPXU,2022-04-08,273.2,276.9,268.4,273.6,1278791,,https://api.nasdaq.com/api/quote/SPXU/historical?assetclass=etf&fromdate=2016-07-26&todate=2026-07-26&limit=5000
SPXU,2022-04-11,280.4,289,278.602,287.8,985621,,https://api.nasdaq.com/api/quote/SPXU/historical?assetclass=etf&fromdate=2016-07-26&todate=2026-07-26&limit=5000
SPXU,2022-04-12,282,294.5,276.4,291.2,1300951,,https://api.nasdaq.com/api/quote/SPXU/historical?assetclass=etf&fromdate=2016-07-26&todate=2026-07-26&limit=5000
SPXU,2022-04-13,292,292.2,279.8,280.8,1007058,,https://api.nasdaq.com/api/quote/SPXU/historical?assetclass=etf&fromdate=2016-07-26&todate=2026-07-26&limit=5000
SPXU,2022-04-14,281,292,278.4,291.4,1087853,,https://api.nasdaq.com/api/quote/SPXU/historical?assetclass=etf&fromdate=2016-07-26&todate=2026-07-26&limit=5000
SPXU,2022-04-18,293.78,296.1,287.8,291.2,1187788,,https://api.nasdaq.com/api/quote/SPXU/historical?assetclass=etf&fromdate=2016-07-26&todate=2026-07-26&limit=5000
SPXU,2022-04-19,292,292.168,275.8,277.4,1081332,,https://api.nasdaq.com/api/quote/SPXU/historical?assetclass=etf&fromdate=2016-07-26&todate=2026-07-26&limit=5000
SPXU,2022-04-20,273.8,280.366,272.448,277.8,961535,,https://api.nasdaq.com/api/quote/SPXU/historical?assetclass=etf&fromdate=2016-07-26&todate=2026-07-26&limit=5000
SPXU,2022-04-21,270.4,292.2,268,290.4,1596589,,https://api.nasdaq.com/api/quote/SPXU/historical?assetclass=etf&fromdate=2016-07-26&todate=2026-07-26&limit=5000
SPXU,2022-04-22,293.2,315.6,292,314,1652618,,https://api.nasdaq.com/api/quote/SPXU/historical?assetclass=etf&fromdate=2016-07-26&todate=2026-07-26&limit=5000
SPXU,2022-04-25,319.8,330.4,308.426,308.8,2005882,,https://api.nasdaq.com/api/quote/SPXU/historical?assetclass=etf&fromdate=2016-07-26&todate=2026-07-26&limit=5000
SPXU,2022-04-26,314.8,335.8,314.2,335.4,1872024,,https://api.nasdaq.com/api/quote/SPXU/historical?assetclass=etf&fromdate=2016-07-26&todate=2026-07-26&limit=5000
SPXU,2022-04-27,333.2,338.4,319.4,333.4,1937336,,https://api.nasdaq.com/api/quote/SPXU/historical?assetclass=etf&fromdate=2016-07-26&todate=2026-07-26&limit=5000
SPXU,2022-04-28,320.8,332.4,303.4,308.2,1883323,,https://api.nasdaq.com/api/quote/SPXU/historical?assetclass=etf&fromdate=2016-07-26&todate=2026-07-26&limit=5000
SPXU,2022-04-29,317,343.94,312.002,341.8,1815938,,https://api.nasdaq.com/api/quote/SPXU/historical?assetclass=etf&fromdate=2016-07-26&todate=2026-07-26&limit=5000
SPXU,2022-05-02,342.2,359.5,332.4,336,1980593,,https://api.nasdaq.com/api/quote/SPXU/historical?assetclass=etf&fromdate=2016-07-26&todate=2026-07-26&limit=5000
SPXU,2022-05-03,334.74,338.7,325.2,331.6,1216047,,https://api.nasdaq.com/api/quote/SPXU/historical?assetclass=etf&fromdate=2016-07-26&todate=2026-07-26&limit=5000
SPXU,2022-05-04,329.8,337.8,299.714,301,1687014,,https://api.nasdaq.com/api/quote/SPXU/historical?assetclass=etf&fromdate=2016-07-26&todate=2026-07-26&limit=5000
SPXU,2022-05-05,310.8,342.6,310.46,333.4,1770383,,https://api.nasdaq.com/api/quote/SPXU/historical?assetclass=etf&fromdate=2016-07-26&todate=2026-07-26&limit=5000
SPXU,2022-05-06,340,352.976,330.8,339.4,2166224,,https://api.nasdaq.com/api/quote/SPXU/historical?assetclass=etf&fromdate=2016-07-26&todate=2026-07-26&limit=5000
SPXU,2022-05-09,355.2,375.9,351.606,372,1927261,,https://api.nasdaq.com/api/quote/SPXU/historical?assetclass=etf&fromdate=2016-07-26&todate=2026-07-26&limit=5000
SPXU,2022-05-10,354.4,381.2,349.8,369.2,1538028,,https://api.nasdaq.com/api/quote/SPXU/historical?assetclass=etf&fromdate=2016-07-26&todate=2026-07-26&limit=5000
SPXU,2022-05-11,372.4,389.2,355.8,387.2,1657329,,https://api.nasdaq.com/api/quote/SPXU/historical?assetclass=etf&fromdate=2016-07-26&todate=2026-07-26&limit=5000
SPXU,2022-05-12,397.2,409.6,378,388.6,1884359,,https://api.nasdaq.com/api/quote/SPXU/historical?assetclass=etf&fromdate=2016-07-26&todate=2026-07-26&limit=5000
SPXU,2022-05-13,375.4,378.6,356.2,360.2,1174807,,https://api.nasdaq.com/api/quote/SPXU/historical?assetclass=etf&fromdate=2016-07-26&todate=2026-07-26&limit=5000
SPXU,2022-05-16,365.2,371.6,354.4,364.8,949035,,https://api.nasdaq.com/api/quote/SPXU/historical?assetclass=etf&fromdate=2016-07-26&todate=2026-07-26&limit=5000
SPXU,2022-05-17,347.4,358,342.2,342.8,989535,,https://api.nasdaq.com/api/quote/SPXU/historical?assetclass=etf&fromdate=2016-07-26&todate=2026-07-26&limit=5000
SPXU,2022-05-18,354.6,387.2,353.8,384,1304640,,https://api.nasdaq.com/api/quote/SPXU/historical?assetclass=etf&fromdate=2016-07-26&todate=2026-07-26&limit=5000
SPXU,2022-05-19,394.2,397.994,377.4,391,1695125,,https://api.nasdaq.com/api/quote/SPXU/historical?assetclass=etf&fromdate=2016-07-26&todate=2026-07-26&limit=5000
SPXU,2022-05-20,379.6,417.996,377.8,391,1841537,,https://api.nasdaq.com/api/quote/SPXU/historical?assetclass=etf&fromdate=2016-07-26&todate=2026-07-26&limit=5000
SPXU,2022-05-23,381,388.202,366.2,368.4,1350742,,https://api.nasdaq.com/api/quote/SPXU/historical?assetclass=etf&fromdate=2016-07-26&todate=2026-07-26&limit=5000
SPXU,2022-05-24,381,396.4,373.6,376.8,1371770,,https://api.nasdaq.com/api/quote/SPXU/historical?assetclass=etf&fromdate=2016-07-26&todate=2026-07-26&limit=5000
SPXU,2022-05-25,381.8,382.6,361,366.2,1125480,,https://api.nasdaq.com/api/quote/SPXU/historical?assetclass=etf&fromdate=2016-07-26&todate=2026-07-26&limit=5000
SPXU,2022-05-26,363.6,363.8,340.4,345.4,884345,,https://api.nasdaq.com/api/quote/SPXU/historical?assetclass=etf&fromdate=2016-07-26&todate=2026-07-26&limit=5000
SPXU,2022-05-27,338.8,339,319.4,319.4,910293,,https://api.nasdaq.com/api/quote/SPXU/historical?assetclass=etf&fromdate=2016-07-26&todate=2026-07-26&limit=5000
SPXU,2022-05-31,324,331.798,317,324.6,1142482,,https://api.nasdaq.com/api/quote/SPXU/historical?assetclass=etf&fromdate=2016-07-26&todate=2026-07-26&limit=5000
SPXU,2022-06-01,320,339.4,317.3,333.2,970710,,https://api.nasdaq.com/api/quote/SPXU/historical?assetclass=etf&fromdate=2016-07-26&todate=2026-07-26&limit=5000
SPXU,2022-06-02,333.8,339.3,314,314,1081994,,https://api.nasdaq.com/api/quote/SPXU/historical?assetclass=etf&fromdate=2016-07-26&todate=2026-07-26&limit=5000
SPXU,2022-06-03,325.4,332,321.6,329.6,989901,,https://api.nasdaq.com/api/quote/SPXU/historical?assetclass=etf&fromdate=2016-07-26&todate=2026-07-26&limit=5000
SPXU,2022-06-06,319.2,329.514,314.848,326.8,764612,,https://api.nasdaq.com/api/quote/SPXU/historical?assetclass=etf&fromdate=2016-07-26&todate=2026-07-26&limit=5000
SPXU,2022-06-07,335.4,336.568,316.1,317.6,793995,,https://api.nasdaq.com/api/quote/SPXU/historical?assetclass=etf&fromdate=2016-07-26&todate=2026-07-26&limit=5000
SPXU,2022-06-08,321.4,329.56,317.118,327.8,897356,,https://api.nasdaq.com/api/quote/SPXU/historical?assetclass=etf&fromdate=2016-07-26&todate=2026-07-26&limit=5000
SPXU,2022-06-09,332.2,351,326.554,350.6,1048084,,https://api.nasdaq.com/api/quote/SPXU/historical?assetclass=etf&fromdate=2016-07-26&todate=2026-07-26&limit=5000
SPXU,2022-06-10,368.4,381.8,366,381.4,1394610,,https://api.nasdaq.com/api/quote/SPXU/historical?assetclass=etf&fromdate=2016-07-26&todate=2026-07-26&limit=5000
SPXU,2022-06-13,411,430.2,405.2,425,1836532,,https://api.nasdaq.com/api/quote/SPXU/historical?assetclass=etf&fromdate=2016-07-26&todate=2026-07-26&limit=5000
SPXU,2022-06-14,418.6,440.168,415,429.2,1263496,,https://api.nasdaq.com/api/quote/SPXU/historical?assetclass=etf&fromdate=2016-07-26&todate=2026-07-26&limit=5000
SPXU,2022-06-15,416.9,435,394.4,411,1431320,,https://api.nasdaq.com/api/quote/SPXU/historical?assetclass=etf&fromdate=2016-07-26&todate=2026-07-26&limit=5000
SPXU,2022-06-16,439,460.2,437.798,450.4,1809794,,https://api.nasdaq.com/api/quote/SPXU/historical?assetclass=etf&fromdate=2016-07-26&todate=2026-07-26&limit=5000
SPXU,2022-06-17,450,462.6,436,448.6,1427438,,https://api.nasdaq.com/api/quote/SPXU/historical?assetclass=etf&fromdate=2016-07-26&todate=2026-07-26&limit=5000
SPXU,2022-06-21,426.8,427.2,409.8,415,802743,,https://api.nasdaq.com/api/quote/SPXU/historical?assetclass=etf&fromdate=2016-07-26&todate=2026-07-26&limit=5000
SPXU,2022-06-22,430,431.572,403,418,998015,,https://api.nasdaq.com/api/quote/SPXU/historical?assetclass=etf&fromdate=2016-07-26&todate=2026-07-26&limit=5000
SPXU,2022-06-23,410.2,422.798,403,405,947471,,https://api.nasdaq.com/api/quote/SPXU/historical?assetclass=etf&fromdate=2016-07-26&todate=2026-07-26&limit=5000
SPXU,2022-06-24,394.6,395,367,367.4,1632098,,https://api.nasdaq.com/api/quote/SPXU/historical?assetclass=etf&fromdate=2016-07-26&todate=2026-07-26&limit=5000
SPXU,2022-06-27,364.2,374.592,363.4,370.6,778710,,https://api.nasdaq.com/api/quote/SPXU/historical?assetclass=etf&fromdate=2016-07-26&todate=2026-07-26&limit=5000
SPXU,2022-06-28,366.6,394.3,358.3,394,966771,,https://api.nasdaq.com/api/quote/SPXU/historical?assetclass=etf&fromdate=2016-07-26&todate=2026-07-26&limit=5000
SPXU,2022-06-29,392.398,401.192,389,394.6,983246,,https://api.nasdaq.com/api/quote/SPXU/historical?assetclass=etf&fromdate=2016-07-26&todate=2026-07-26&limit=5000
SPXU,2022-06-30,408,419.6,394.4,404.6,1523362,,https://api.nasdaq.com/api/quote/SPXU/historical?assetclass=etf&fromdate=2016-07-26&todate=2026-07-26&limit=5000
SPXU,2022-07-01,407.2,416,390.8,392.6,1427809,,https://api.nasdaq.com/api/quote/SPXU/historical?assetclass=etf&fromdate=2016-07-26&todate=2026-07-26&limit=5000
SPXU,2022-07-05,408.6,417.998,389.6,389.6,2020918,,https://api.nasdaq.com/api/quote/SPXU/historical?assetclass=etf&fromdate=2016-07-26&todate=2026-07-26&limit=5000
SPXU,2022-07-06,389.4,397.2,378.228,386.4,1346358,,https://api.nasdaq.com/api/quote/SPXU/historical?assetclass=etf&fromdate=2016-07-26&todate=2026-07-26&limit=5000
SPXU,2022-07-07,380.5,380.6,366.4,368.8,1079588,,https://api.nasdaq.com/api/quote/SPXU/historical?assetclass=etf&fromdate=2016-07-26&todate=2026-07-26&limit=5000
SPXU,2022-07-08,373.8,378.4,364.3,369.6,952505,,https://api.nasdaq.com/api/quote/SPXU/historical?assetclass=etf&fromdate=2016-07-26&todate=2026-07-26&limit=5000
SPXU,2022-07-11,377.4,384.6,375,382.8,1035144,,https://api.nasdaq.com/api/quote/SPXU/historical?assetclass=etf&fromdate=2016-07-26&todate=2026-07-26&limit=5000
SPXU,2022-07-12,384.4,398.2,376.88,392.2,1472674,,https://api.nasdaq.com/api/quote/SPXU/historical?assetclass=etf&fromdate=2016-07-26&todate=2026-07-26&limit=5000
SPXU,2022-07-13,410.4,412,389.4,399,2195282,,https://api.nasdaq.com/api/quote/SPXU/historical?assetclass=etf&fromdate=2016-07-26&todate=2026-07-26&limit=5000
SPXU,2022-07-14,415.6,423.798,400,401.4,1753388,,https://api.nasdaq.com/api/quote/SPXU/historical?assetclass=etf&fromdate=2016-07-26&todate=2026-07-26&limit=5000
SPXU,2022-07-15,387.4,393.8,378.6,379.4,1249012,,https://api.nasdaq.com/api/quote/SPXU/historical?assetclass=etf&fromdate=2016-07-26&todate=2026-07-26&limit=5000
SPXU,2022-07-18,369.4,392.2,367.4,388,1077979,,https://api.nasdaq.com/api/quote/SPXU/historical?assetclass=etf&fromdate=2016-07-26&todate=2026-07-26&limit=5000
SPXU,2022-07-19,376.2,378,355.3,357.6,1372835,,https://api.nasdaq.com/api/quote/SPXU/historical?assetclass=etf&fromdate=2016-07-26&todate=2026-07-26&limit=5000
SPXU,2022-07-20,356.8,360.398,346.074,350.4,1420017,,https://api.nasdaq.com/api/quote/SPXU/historical?assetclass=etf&fromdate=2016-07-26&todate=2026-07-26&limit=5000
SPXU,2022-07-21,352,358.6,339.6,340,1532862,,https://api.nasdaq.com/api/quote/SPXU/historical?assetclass=etf&fromdate=2016-07-26&todate=2026-07-26&limit=5000
SPXU,2022-07-22,339.6,355.2,336.1,349.4,1311119,,https://api.nasdaq.com/api/quote/SPXU/historical?assetclass=etf&fromdate=2016-07-26&todate=2026-07-26&limit=5000
SPXU,2022-07-25,347.6,354.2,345.6,348.2,1183004,,https://api.nasdaq.com/api/quote/SPXU/historical?assetclass=etf&fromdate=2016-07-26&todate=2026-07-26&limit=5000
SPXU,2022-07-26,352.6,362.8,352,360.6,1031390,,https://api.nasdaq.com/api/quote/SPXU/historical?assetclass=etf&fromdate=2016-07-26&todate=2026-07-26&limit=5000
SPXU,2022-07-27,350.8,351.6,327.3,332,1494893,,https://api.nasdaq.com/api/quote/SPXU/historical?assetclass=etf&fromdate=2016-07-26&todate=2026-07-26&limit=5000
SPXU,2022-07-28,330.2,339.598,318.2,319.8,1605995,,https://api.nasdaq.com/api/quote/SPXU/historical?assetclass=etf&fromdate=2016-07-26&todate=2026-07-26&limit=5000
SPXU,2022-07-29,316.36,318.2,303.6,306.2,1205935,,https://api.nasdaq.com/api/quote/SPXU/historical?assetclass=etf&fromdate=2016-07-26&todate=2026-07-26&limit=5000
SPXU,2022-08-01,312.52,314.2,303,308.6,1068863,,https://api.nasdaq.com/api/quote/SPXU/historical?assetclass=etf&fromdate=2016-07-26&todate=2026-07-26&limit=5000
SPXU,2022-08-02,312.8,317.8,303.8,315,1402347,,https://api.nasdaq.com/api/quote/SPXU/historical?assetclass=etf&fromdate=2016-07-26&todate=2026-07-26&limit=5000
SPXU,2022-08-03,309.6,310.5,297.402,300.6,1275942,,https://api.nasdaq.com/api/quote/SPXU/historical?assetclass=etf&fromdate=2016-07-26&todate=2026-07-26&limit=5000
SPXU,2022-08-04,300.6,304.8,299.084,301.4,914526,,https://api.nasdaq.com/api/quote/SPXU/historical?assetclass=etf&fromdate=2016-07-26&todate=2026-07-26&limit=5000
SPXU,2022-08-05,311,311,301.2,302.8,1407260,,https://api.nasdaq.com/api/quote/SPXU/historical?assetclass=etf&fromdate=2016-07-26&todate=2026-07-26&limit=5000
SPXU,2022-08-08,298.6,306.398,293.6,303.8,1326375,,https://api.nasdaq.com/api/quote/SPXU/historical?assetclass=etf&fromdate=2016-07-26&todate=2026-07-26&limit=5000
SPXU,2022-08-09,305.4,310,304.4,307.6,1242913,,https://api.nasdaq.com/api/quote/SPXU/historical?assetclass=etf&fromdate=2016-07-26&todate=2026-07-26&limit=5000
SPXU,2022-08-10,290.8,295.4,287.662,288.4,1442155,,https://api.nasdaq.com/api/quote/SPXU/historical?assetclass=etf&fromdate=2016-07-26&todate=2026-07-26&limit=5000
SPXU,2022-08-11,281.8,289.8,278.002,288.4,1274910,,https://api.nasdaq.com/api/quote/SPXU/historical?assetclass=etf&fromdate=2016-07-26&todate=2026-07-26&limit=5000
SPXU,2022-08-12,284.2,286.2,273.4,274,1096165,,https://api.nasdaq.com/api/quote/SPXU/historical?assetclass=etf&fromdate=2016-07-26&todate=2026-07-26&limit=5000
SPXU,2022-08-15,278.4,278.4,269.2,270.6,1084991,,https://api.nasdaq.com/api/quote/SPXU/historical?assetclass=etf&fromdate=2016-07-26&todate=2026-07-26&limit=5000
SPXU,2022-08-16,272.6,274.124,265,268.8,1161273,,https://api.nasdaq.com/api/quote/SPXU/historical?assetclass=etf&fromdate=2016-07-26&todate=2026-07-26&limit=5000
SPXU,2022-08-17,275.8,278.582,269.2,274.6,1956193,,https://api.nasdaq.com/api/quote/SPXU/historical?assetclass=etf&fromdate=2016-07-26&todate=2026-07-26&limit=5000
SPXU,2022-08-18,274.6,277,271,272.6,1188235,,https://api.nasdaq.com/api/quote/SPXU/historical?assetclass=etf&fromdate=2016-07-26&todate=2026-07-26&limit=5000
SPXU,2022-08-19,278,285.2,277.43,283.8,1471365,,https://api.nasdaq.com/api/quote/SPXU/historical?assetclass=etf&fromdate=2016-07-26&todate=2026-07-26&limit=5000
SPXU,2022-08-22,293.8,303.2,293.4,300.8,1716331,,https://api.nasdaq.com/api/quote/SPXU/historical?assetclass=etf&fromdate=2016-07-26&todate=2026-07-26&limit=5000
SPXU,2022-08-23,302.34,304.8,296.6,303.8,1521156,,https://api.nasdaq.com/api/quote/SPXU/historical?assetclass=etf&fromdate=2016-07-26&todate=2026-07-26&limit=5000
SPXU,2022-08-24,304.4,305.6,297.4,300.8,1167397,,https://api.nasdaq.com/api/quote/SPXU/historical?assetclass=etf&fromdate=2016-07-26&todate=2026-07-26&limit=5000
SPXU,2022-08-25,297.4,299.8,288,288,1077143,,https://api.nasdaq.com/api/quote/SPXU/historical?assetclass=etf&fromdate=2016-07-26&todate=2026-07-26&limit=5000
SPXU,2022-08-26,288,317.6,287.2,317.6,1912603,,https://api.nasdaq.com/api/quote/SPXU/historical?assetclass=etf&fromdate=2016-07-26&todate=2026-07-26&limit=5000
SPXU,2022-08-29,324.9,327.3,316.3,323.6,1346378,,https://api.nasdaq.com/api/quote/SPXU/historical?assetclass=etf&fromdate=2016-07-26&todate=2026-07-26&limit=5000
SPXU,2022-08-30,320.8,340,320.378,334.4,1448156,,https://api.nasdaq.com/api/quote/SPXU/historical?assetclass=etf&fromdate=2016-07-26&todate=2026-07-26&limit=5000
SPXU,2022-08-31,329.8,342.602,327,342.2,1283136,,https://api.nasdaq.com/api/quote/SPXU/historical?assetclass=etf&fromdate=2016-07-26&todate=2026-07-26&limit=5000
SPXU,2022-09-01,348.8,356,338.5,339.2,1439131,,https://api.nasdaq.com/api/quote/SPXU/historical?assetclass=etf&fromdate=2016-07-26&todate=2026-07-26&limit=5000
SPXU,2022-09-02,329.4,355.2,326.2,350,1654554,,https://api.nasdaq.com/api/quote/SPXU/historical?assetclass=etf&fromdate=2016-07-26&todate=2026-07-26&limit=5000
SPXU,2022-09-06,348,360.6,345.2,354.6,1534023,,https://api.nasdaq.com/api/quote/SPXU/historical?assetclass=etf&fromdate=2016-07-26&todate=2026-07-26&limit=5000
SPXU,2022-09-07,355.6,355.998,333.002,335.6,1094618,,https://api.nasdaq.com/api/quote/SPXU/historical?assetclass=etf&fromdate=2016-07-26&todate=2026-07-26&limit=5000
SPXU,2022-09-08,341.8,344.758,327.7,329.2,1406742,,https://api.nasdaq.com/api/quote/SPXU/historical?assetclass=etf&fromdate=2016-07-26&todate=2026-07-26&limit=5000
SPXU,2022-09-09,323,323.8,311.4,313.6,1421105,,https://api.nasdaq.com/api/quote/SPXU/historical?assetclass=etf&fromdate=2016-07-26&todate=2026-07-26&limit=5000
SPXU,2022-09-12,308.4,309.3,301.8,304,1078280,,https://api.nasdaq.com/api/quote/SPXU/historical?assetclass=etf&fromdate=2016-07-26&todate=2026-07-26&limit=5000
SPXU,2022-09-13,324.4,345.802,321,342.8,1846443,,https://api.nasdaq.com/api/quote/SPXU/historical?assetclass=etf&fromdate=2016-07-26&todate=2026-07-26&limit=5000
SPXU,2022-09-14,340,348.6,335.2,339.6,1412001,,https://api.nasdaq.com/api/quote/SPXU/historical?assetclass=etf&fromdate=2016-07-26&todate=2026-07-26&limit=5000
SPXU,2022-09-15,344,354.73,336,351.2,1860996,,https://api.nasdaq.com/api/quote/SPXU/historical?assetclass=etf&fromdate=2016-07-26&todate=2026-07-26&limit=5000
SPXU,2022-09-16,363.6,368.8,357.6,359,1957962,,https://api.nasdaq.com/api/quote/SPXU/historical?assetclass=etf&fromdate=2016-07-26&todate=2026-07-26&limit=5000
SPXU,2022-09-19,368.8,369,351.2,351.2,1263898,,https://api.nasdaq.com/api/quote/SPXU/historical?assetclass=etf&fromdate=2016-07-26&todate=2026-07-26&limit=5000
SPXU,2022-09-20,360.6,371.198,358,362.8,1666214,,https://api.nasdaq.com/api/quote/SPXU/historical?assetclass=etf&fromdate=2016-07-26&todate=2026-07-26&limit=5000
SPXU,2022-09-21,357.6,382.438,348.6,382.2,2484210,,https://api.nasdaq.com/api/quote/SPXU/historical?assetclass=etf&fromdate=2016-07-26&todate=2026-07-26&limit=5000
SPXU,2022-09-22,385.6,394.8,382,392.6,2130539,,https://api.nasdaq.com/api/quote/SPXU/historical?assetclass=etf&fromdate=2016-07-26&todate=2026-07-26&limit=5000
SPXU,2022-09-23,404.2,427,404,412,2437559,,https://api.nasdaq.com/api/quote/SPXU/historical?assetclass=etf&fromdate=2016-07-26&todate=2026-07-26&limit=5000
SPXU,2022-09-26,417.4,429,404.832,424.2,2108692,,https://api.nasdaq.com/api/quote/SPXU/historical?assetclass=etf&fromdate=2016-07-26&todate=2026-07-26&limit=5000
SPXU,2022-09-27,411.4,436.8,403.4,428,2286500,,https://api.nasdaq.com/api/quote/SPXU/historical?assetclass=etf&fromdate=2016-07-26&todate=2026-07-26&limit=5000
SPXU,2022-09-28,424.8,431,396.612,402.8,1736187,,https://api.nasdaq.com/api/quote/SPXU/historical?assetclass=etf&fromdate=2016-07-26&todate=2026-07-26&limit=5000
SPXU,2022-09-29,415.6,438.7,414.4,428.8,2167863,,https://api.nasdaq.com/api/quote/SPXU/historical?assetclass=etf&fromdate=2016-07-26&todate=2026-07-26&limit=5000
SPXU,2022-09-30,431.6,448.8,417.642,448.4,1965859,,https://api.nasdaq.com/api/quote/SPXU/historical?assetclass=etf&fromdate=2016-07-26&todate=2026-07-26&limit=5000
SPXU,2022-10-03,434,441.1,405.8,413,1672804,,https://api.nasdaq.com/api/quote/SPXU/historical?assetclass=etf&fromdate=2016-07-26&todate=2026-07-26&limit=5000
SPXU,2022-10-04,393.8,394,375,375.4,2129059,,https://api.nasdaq.com/api/quote/SPXU/historical?assetclass=etf&fromdate=2016-07-26&todate=2026-07-26&limit=5000
SPXU,2022-10-05,388.8,396,370.6,377.6,1893702,,https://api.nasdaq.com/api/quote/SPXU/historical?assetclass=etf&fromdate=2016-07-26&todate=2026-07-26&limit=5000
SPXU,2022-10-06,382.4,391.4,373.2,389.6,1897742,,https://api.nasdaq.com/api/quote/SPXU/historical?assetclass=etf&fromdate=2016-07-26&todate=2026-07-26&limit=5000
SPXU,2022-10-07,403.6,428.398,402.202,422.6,2014814,,https://api.nasdaq.com/api/quote/SPXU/historical?assetclass=etf&fromdate=2016-07-26&todate=2026-07-26&limit=5000
SPXU,2022-10-10,418,440.5,417.6,432.4,1632708,,https://api.nasdaq.com/api/quote/SPXU/historical?assetclass=etf&fromdate=2016-07-26&todate=2026-07-26&limit=5000
SPXU,2022-10-11,439,448,421.6,440.6,1909397,,https://api.nasdaq.com/api/quote/SPXU/historical?assetclass=etf&fromdate=2016-07-26&todate=2026-07-26&limit=5000
SPXU,2022-10-12,439.2,446,433.2,445.4,1458030,,https://api.nasdaq.com/api/quote/SPXU/historical?assetclass=etf&fromdate=2016-07-26&todate=2026-07-26&limit=5000
SPXU,2022-10-13,474.4,477.2,404.5,410.6,3551473,,https://api.nasdaq.com/api/quote/SPXU/historical?assetclass=etf&fromdate=2016-07-26&todate=2026-07-26&limit=5000
SPXU,2022-10-14,401.4,440.6,396,438.4,2639087,,https://api.nasdaq.com/api/quote/SPXU/historical?assetclass=etf&fromdate=2016-07-26&todate=2026-07-26&limit=5000
SPXU,2022-10-17,414.8,415.1,400.2,404.6,1374443,,https://api.nasdaq.com/api/quote/SPXU/historical?assetclass=etf&fromdate=2016-07-26&todate=2026-07-26&limit=5000
SPXU,2022-10-18,377,402.2,376.1,389.8,1991834,,https://api.nasdaq.com/api/quote/SPXU/historical?assetclass=etf&fromdate=2016-07-26&todate=2026-07-26&limit=5000
SPXU,2022-10-19,397.2,408.1,388.1,398.8,1474352,,https://api.nasdaq.com/api/quote/SPXU/historical?assetclass=etf&fromdate=2016-07-26&todate=2026-07-26&limit=5000
SPXU,2022-10-20,400.6,411.8,385.4,408.6,1662232,,https://api.nasdaq.com/api/quote/SPXU/historical?assetclass=etf&fromdate=2016-07-26&todate=2026-07-26&limit=5000
SPXU,2022-10-21,410.2,415.33,377.8,379.2,2161813,,https://api.nasdaq.com/api/quote/SPXU/historical?assetclass=etf&fromdate=2016-07-26&todate=2026-07-26&limit=5000
SPXU,2022-10-24,374.6,383.2,362,365.6,1805211,,https://api.nasdaq.com/api/quote/SPXU/historical?assetclass=etf&fromdate=2016-07-26&todate=2026-07-26&limit=5000
SPXU,2022-10-25,366,366.002,347.2,348.4,1567957,,https://api.nasdaq.com/api/quote/SPXU/historical?assetclass=etf&fromdate=2016-07-26&todate=2026-07-26&limit=5000
SPXU,2022-10-26,357.4,358,341.1,356.2,1764127,,https://api.nasdaq.com/api/quote/SPXU/historical?assetclass=etf&fromdate=2016-07-26&todate=2026-07-26&limit=5000
SPXU,2022-10-27,353.6,364,348.04,362,1779283,,https://api.nasdaq.com/api/quote/SPXU/historical?assetclass=etf&fromdate=2016-07-26&todate=2026-07-26&limit=5000
SPXU,2022-10-28,362.6,363,334.8,336.6,1717548,,https://api.nasdaq.com/api/quote/SPXU/historical?assetclass=etf&fromdate=2016-07-26&todate=2026-07-26&limit=5000
SPXU,2022-10-31,343.2,346.2,338,343.4,1304540,,https://api.nasdaq.com/api/quote/SPXU/historical?assetclass=etf&fromdate=2016-07-26&todate=2026-07-26&limit=5000
SPXU,2022-11-01,333.234,351.598,332.6,348.2,1329952,,https://api.nasdaq.com/api/quote/SPXU/historical?assetclass=etf&fromdate=2016-07-26&todate=2026-07-26&limit=5000
SPXU,2022-11-02,350.4,374.8,337.4,374.8,2096777,,https://api.nasdaq.com/api/quote/SPXU/historical?assetclass=etf&fromdate=2016-07-26&todate=2026-07-26&limit=5000
SPXU,2022-11-03,385.4,393.3,377.054,386.4,1705108,,https://api.nasdaq.com/api/quote/SPXU/historical?assetclass=etf&fromdate=2016-07-26&todate=2026-07-26&limit=5000
SPXU,2022-11-04,368.2,390,362.2,370.4,2363935,,https://api.nasdaq.com/api/quote/SPXU/historical?assetclass=etf&fromdate=2016-07-26&todate=2026-07-26&limit=5000
SPXU,2022-11-07,366.36,372.6,357.8,359.8,1117887,,https://api.nasdaq.com/api/quote/SPXU/historical?assetclass=etf&fromdate=2016-07-26&todate=2026-07-26&limit=5000
SPXU,2022-11-08,356.4,366.2,345.2,354.2,1495839,,https://api.nasdaq.com/api/quote/SPXU/historical?assetclass=etf&fromdate=2016-07-26&todate=2026-07-26&limit=5000
SPXU,2022-11-09,360.2,377.8,356.8,376,1621271,,https://api.nasdaq.com/api/quote/SPXU/historical?assetclass=etf&fromdate=2016-07-26&todate=2026-07-26&limit=5000
SPXU,2022-11-10,334.78,341.7,313.4,314.2,2119194,,https://api.nasdaq.com/api/quote/SPXU/historical?assetclass=etf&fromdate=2016-07-26&todate=2026-07-26&limit=5000
SPXU,2022-11-11,312,316.802,303.242,305.4,1208974,,https://api.nasdaq.com/api/quote/SPXU/historical?assetclass=etf&fromdate=2016-07-26&todate=2026-07-26&limit=5000
SPXU,2022-11-14,309.6,313.6,301.402,312.8,966773,,https://api.nasdaq.com/api/quote/SPXU/historical?assetclass=etf&fromdate=2016-07-26&todate=2026-07-26&limit=5000
SPXU,2022-11-15,298.6,314.6,295.8,304.6,2193831,,https://api.nasdaq.com/api/quote/SPXU/historical?assetclass=etf&fromdate=2016-07-26&todate=2026-07-26&limit=5000
SPXU,2022-11-16,309,313.8,307,312,1163330,,https://api.nasdaq.com/api/quote/SPXU/historical?assetclass=etf&fromdate=2016-07-26&todate=2026-07-26&limit=5000
SPXU,2022-11-17,324.4,325.2,313.8,315.4,1284856,,https://api.nasdaq.com/api/quote/SPXU/historical?assetclass=etf&fromdate=2016-07-26&todate=2026-07-26&limit=5000
SPXU,2022-11-18,307.2,318.5,307,311,1182604,,https://api.nasdaq.com/api/quote/SPXU/historical?assetclass=etf&fromdate=2016-07-26&todate=2026-07-26&limit=5000
SPXU,2022-11-21,314.8,319.2,312,315,774424,,https://api.nasdaq.com/api/quote/SPXU/historical?assetclass=etf&fromdate=2016-07-26&todate=2026-07-26&limit=5000
SPXU,2022-11-22,310.4,313.6,301.8,302,885474,,https://api.nasdaq.com/api/quote/SPXU/historical?assetclass=etf&fromdate=2016-07-26&todate=2026-07-26&limit=5000
SPXU,2022-11-23,303.4,303.9,295.6,296.6,1040263,,https://api.nasdaq.com/api/quote/SPXU/historical?assetclass=etf&fromdate=2016-07-26&todate=2026-07-26&limit=5000
SPXU,2022-11-25,298,299,295.9,297.6,530230,,https://api.nasdaq.com/api/quote/SPXU/historical?assetclass=etf&fromdate=2016-07-26&todate=2026-07-26&limit=5000
SPXU,2022-11-28,304.4,313.4,300.7,311.8,896615,,https://api.nasdaq.com/api/quote/SPXU/historical?assetclass=etf&fromdate=2016-07-26&todate=2026-07-26&limit=5000
SPXU,2022-11-29,311.4,318,308.42,313.2,836438,,https://api.nasdaq.com/api/quote/SPXU/historical?assetclass=etf&fromdate=2016-07-26&todate=2026-07-26&limit=5000
SPXU,2022-11-30,312.8,317.6,284,284,1965440,,https://api.nasdaq.com/api/quote/SPXU/historical?assetclass=etf&fromdate=2016-07-26&todate=2026-07-26&limit=5000
SPXU,2022-12-01,281.6,290.3,279,284.6,1390465,,https://api.nasdaq.com/api/quote/SPXU/historical?assetclass=etf&fromdate=2016-07-26&todate=2026-07-26&limit=5000
SPXU,2022-12-02,295.62,296,284,286,1191876,,https://api.nasdaq.com/api/quote/SPXU/historical?assetclass=etf&fromdate=2016-07-26&todate=2026-07-26&limit=5000
SPXU,2022-12-05,292.4,304.5,290.2,301.8,1213609,,https://api.nasdaq.com/api/quote/SPXU/historical?assetclass=etf&fromdate=2016-07-26&todate=2026-07-26&limit=5000
SPXU,2022-12-06,301.9,319.8,300.8,314.8,1432296,,https://api.nasdaq.com/api/quote/SPXU/historical?assetclass=etf&fromdate=2016-07-26&todate=2026-07-26&limit=5000
SPXU,2022-12-07,317.002,319.398,310.6,316.6,1431720,,https://api.nasdaq.com/api/quote/SPXU/historical?assetclass=etf&fromdate=2016-07-26&todate=2026-07-26&limit=5000
SPXU,2022-12-08,312,316.182,306.7,309.2,902922,,https://api.nasdaq.com/api/quote/SPXU/historical?assetclass=etf&fromdate=2016-07-26&todate=2026-07-26&limit=5000
SPXU,2022-12-09,312.6,316.8,306.4,316.4,1053195,,https://api.nasdaq.com/api/quote/SPXU/historical?assetclass=etf&fromdate=2016-07-26&todate=2026-07-26&limit=5000
SPXU,2022-12-12,314.8,316.4,302.8,302.8,963015,,https://api.nasdaq.com/api/quote/SPXU/historical?assetclass=etf&fromdate=2016-07-26&todate=2026-07-26&limit=5000
SPXU,2022-12-13,277.2,302.6,277,296,2372599,,https://api.nasdaq.com/api/quote/SPXU/historical?assetclass=etf&fromdate=2016-07-26&todate=2026-07-26&limit=5000
SPXU,2022-12-14,296.8,309,288.2,302,1851755,,https://api.nasdaq.com/api/quote/SPXU/historical?assetclass=etf&fromdate=2016-07-26&todate=2026-07-26&limit=5000
SPXU,2022-12-15,313.82,328.4,311.8,324.6,1778019,,https://api.nasdaq.com/api/quote/SPXU/historical?assetclass=etf&fromdate=2016-07-26&todate=2026-07-26&limit=5000
SPXU,2022-12-16,331.4,341.798,327.802,336.2,1466157,,https://api.nasdaq.com/api/quote/SPXU/historical?assetclass=etf&fromdate=2016-07-26&todate=2026-07-26&limit=5000
SPXU,2022-12-19,335.4,349.4,334.8,344.6,1052901,,https://api.nasdaq.com/api/quote/SPXU/historical?assetclass=etf&fromdate=2016-07-26&todate=2026-07-26&limit=5000
SPXU,2022-12-20,347.2,351,339,343.4,948416,,https://api.nasdaq.com/api/quote/SPXU/historical?assetclass=etf&fromdate=2016-07-26&todate=2026-07-26&limit=5000
SPXU,2022-12-21,336.4,337.8,325.3,328.6,980581,,https://api.nasdaq.com/api/quote/SPXU/historical?assetclass=etf&fromdate=2016-07-26&todate=2026-07-26&limit=5000
SPXU,2022-12-22,335.4,356.6,334.8,341.8,1285147,,https://api.nasdaq.com/api/quote/SPXU/historical?assetclass=etf&fromdate=2016-07-26&todate=2026-07-26&limit=5000
SPXU,2022-12-23,344.6,349,335.4,335.8,1064699,,https://api.nasdaq.com/api/quote/SPXU/historical?assetclass=etf&fromdate=2016-07-26&todate=2026-07-26&limit=5000
SPXU,2022-12-27,336.2,344.562,335.2,340.2,761143,,https://api.nasdaq.com/api/quote/SPXU/historical?assetclass=etf&fromdate=2016-07-26&todate=2026-07-26&limit=5000
SPXU,2022-12-28,340.38,353.2,334.8,352.8,920745,,https://api.nasdaq.com/api/quote/SPXU/historical?assetclass=etf&fromdate=2016-07-26&todate=2026-07-26&limit=5000
SPXU,2022-12-29,345,346.414,331.8,334.8,795346,,https://api.nasdaq.com/api/quote/SPXU/historical?assetclass=etf&fromdate=2016-07-26&todate=2026-07-26&limit=5000
SPXU,2022-12-30,341.8,347.6,336.8,337.4,1046117,,https://api.nasdaq.com/api/quote/SPXU/historical?assetclass=etf&fromdate=2016-07-26&todate=2026-07-26&limit=5000
SPXU,2023-01-03,332.2,349.4,326.7,341.8,1449938,,https://api.nasdaq.com/api/quote/SPXU/historical?assetclass=etf&fromdate=2016-07-26&todate=2026-07-26&limit=5000
SPXU,2023-01-04,335.6,344,328,333.8,1339930,,https://api.nasdaq.com/api/quote/SPXU/historical?assetclass=etf&fromdate=2016-07-26&todate=2026-07-26&limit=5000
SPXU,2023-01-05,340,347.198,339.4,345.4,1221609,,https://api.nasdaq.com/api/quote/SPXU/historical?assetclass=etf&fromdate=2016-07-26&todate=2026-07-26&limit=5000
SPXU,2023-01-06,337.2,345.6,318.8,322.4,1872437,,https://api.nasdaq.com/api/quote/SPXU/historical?assetclass=etf&fromdate=2016-07-26&todate=2026-07-26&limit=5000
SPXU,2023-01-09,316.6,323.2,308.2,322.4,1479221,,https://api.nasdaq.com/api/quote/SPXU/historical?assetclass=etf&fromdate=2016-07-26&todate=2026-07-26&limit=5000
SPXU,2023-01-10,324.4,326.8,315.8,316,1206501,,https://api.nasdaq.com/api/quote/SPXU/historical?assetclass=etf&fromdate=2016-07-26&todate=2026-07-26&limit=5000
SPXU,2023-01-11,311.8,314.2,304,304,1052987,,https://api.nasdaq.com/api/quote/SPXU/historical?assetclass=etf&fromdate=2016-07-26&todate=2026-07-26&limit=5000
SPXU,2023-01-12,302.2,311.8,297.8,301.2,1691165,,https://api.nasdaq.com/api/quote/SPXU/historical?assetclass=etf&fromdate=2016-07-26&todate=2026-07-26&limit=5000
SPXU,2023-01-13,309,309.742,296.602,298.2,1246827,,https://api.nasdaq.com/api/quote/SPXU/historical?assetclass=etf&fromdate=2016-07-26&todate=2026-07-26&limit=5000
SPXU,2023-01-17,298.2,301.4,294.234,299.4,946805,,https://api.nasdaq.com/api/quote/SPXU/historical?assetclass=etf&fromdate=2016-07-26&todate=2026-07-26&limit=5000
SPXU,2023-01-18,297.02,314.508,294.6,313.8,1593333,,https://api.nasdaq.com/api/quote/SPXU/historical?assetclass=etf&fromdate=2016-07-26&todate=2026-07-26&limit=5000
SPXU,2023-01-19,319.7,324.6,315.4,321,1594080,,https://api.nasdaq.com/api/quote/SPXU/historical?assetclass=etf&fromdate=2016-07-26&todate=2026-07-26&limit=5000
SPXU,2023-01-20,317.98,322.158,303.2,304,1467642,,https://api.nasdaq.com/api/quote/SPXU/historical?assetclass=etf&fromdate=2016-07-26&todate=2026-07-26&limit=5000
SPXU,2023-01-23,301.6,304,288.2,293,1746241,,https://api.nasdaq.com/api/quote/SPXU/historical?assetclass=etf&fromdate=2016-07-26&todate=2026-07-26&limit=5000
SPXU,2023-01-24,296.8,299.4,291.602,293.8,1582707,,https://api.nasdaq.com/api/quote/SPXU/historical?assetclass=etf&fromdate=2016-07-26&todate=2026-07-26&limit=5000
SPXU,2023-01-25,303.4,308.578,292.8,293.6,2101988,,https://api.nasdaq.com/api/quote/SPXU/historical?assetclass=etf&fromdate=2016-07-26&todate=2026-07-26&limit=5000
SPXU,2023-01-26,287.84,294.72,284,284.6,1765978,,https://api.nasdaq.com/api/quote/SPXU/historical?assetclass=etf&fromdate=2016-07-26&todate=2026-07-26&limit=5000
SPXU,2023-01-27,286.6,287.2,277.2,282.6,1619705,,https://api.nasdaq.com/api/quote/SPXU/historical?assetclass=etf&fromdate=2016-07-26&todate=2026-07-26&limit=5000
SPXU,2023-01-30,288.6,294,283.8,293,1346378,,https://api.nasdaq.com/api/quote/SPXU/historical?assetclass=etf&fromdate=2016-07-26&todate=2026-07-26&limit=5000
SPXU,2023-01-31,292.2,293,280.4,280.8,936002,,https://api.nasdaq.com/api/quote/SPXU/historical?assetclass=etf&fromdate=2016-07-26&todate=2026-07-26&limit=5000
SPXU,2023-02-01,283.14,289.2,265.6,271.8,2070735,,https://api.nasdaq.com/api/quote/SPXU/historical?assetclass=etf&fromdate=2016-07-26&todate=2026-07-26&limit=5000
SPXU,2023-02-02,263.6,267.8,257,260,2074143,,https://api.nasdaq.com/api/quote/SPXU/historical?assetclass=etf&fromdate=2016-07-26&todate=2026-07-26&limit=5000
SPXU,2023-02-03,269.8,271,259.8,268.8,1922726,,https://api.nasdaq.com/api/quote/SPXU/historical?assetclass=etf&fromdate=2016-07-26&todate=2026-07-26&limit=5000
SPXU,2023-02-06,273.4,277,270.68,273.2,1154785,,https://api.nasdaq.com/api/quote/SPXU/historical?assetclass=etf&fromdate=2016-07-26&todate=2026-07-26&limit=5000
SPXU,2023-02-07,275.6,278.362,260.4,262.8,1827114,,https://api.nasdaq.com/api/quote/SPXU/historical?assetclass=etf&fromdate=2016-07-26&todate=2026-07-26&limit=5000
SPXU,2023-02-08,266.8,273.2,264.4,271.8,1098190,,https://api.nasdaq.com/api/quote/SPXU/historical?assetclass=etf&fromdate=2016-07-26&todate=2026-07-26&limit=5000
SPXU,2023-02-09,264.4,281.75,264.314,279.2,1457105,,https://api.nasdaq.com/api/quote/SPXU/historical?assetclass=etf&fromdate=2016-07-26&todate=2026-07-26&limit=5000
SPXU,2023-02-10,281.8,283.6,276.61,277.4,1402235,,https://api.nasdaq.com/api/quote/SPXU/historical?assetclass=etf&fromdate=2016-07-26&todate=2026-07-26&limit=5000
SPXU,2023-02-13,276.2,277,267.4,267.4,961227,,https://api.nasdaq.com/api/quote/SPXU/historical?assetclass=etf&fromdate=2016-07-26&todate=2026-07-26&limit=5000
SPXU,2023-02-14,270.9,276.3,263.4,268.4,1679402,,https://api.nasdaq.com/api/quote/SPXU/historical?assetclass=etf&fromdate=2016-07-26&todate=2026-07-26&limit=5000
SPXU,2023-02-15,272.8,274.4,265.6,265.8,995334,,https://api.nasdaq.com/api/quote/SPXU/historical?assetclass=etf&fromdate=2016-07-26&todate=2026-07-26&limit=5000
SPXU,2023-02-16,276.14,277.4,268.2,276.8,1541621,,https://api.nasdaq.com/api/quote/SPXU/historical?assetclass=etf&fromdate=2016-07-26&todate=2026-07-26&limit=5000
SPXU,2023-02-17,282,286,279,279.8,1450263,,https://api.nasdaq.com/api/quote/SPXU/historical?assetclass=etf&fromdate=2016-07-26&todate=2026-07-26&limit=5000
SPXU,2023-02-21,288.2,297,286,296.6,1392176,,https://api.nasdaq.com/api/quote/SPXU/historical?assetclass=etf&fromdate=2016-07-26&todate=2026-07-26&limit=5000
SPXU,2023-02-22,295.6,301.2,292,297.8,1522010,,https://api.nasdaq.com/api/quote/SPXU/historical?assetclass=etf&fromdate=2016-07-26&todate=2026-07-26&limit=5000
SPXU,2023-02-23,291,303.32,290,293.4,1485459,,https://api.nasdaq.com/api/quote/SPXU/historical?assetclass=etf&fromdate=2016-07-26&todate=2026-07-26&limit=5000
SPXU,2023-02-24,305.2,309,301.002,303.2,1502999,,https://api.nasdaq.com/api/quote/SPXU/historical?assetclass=etf&fromdate=2016-07-26&todate=2026-07-26&limit=5000
SPXU,2023-02-27,295.2,302.4,291.88,299.8,1311685,,https://api.nasdaq.com/api/quote/SPXU/historical?assetclass=etf&fromdate=2016-07-26&todate=2026-07-26&limit=5000
SPXU,2023-02-28,301.2,303.8,296.8,303.8,1308509,,https://api.nasdaq.com/api/quote/SPXU/historical?assetclass=etf&fromdate=2016-07-26&todate=2026-07-26&limit=5000
SPXU,2023-03-01,305.6,310.4,302.7,307,1201434,,https://api.nasdaq.com/api/quote/SPXU/historical?assetclass=etf&fromdate=2016-07-26&todate=2026-07-26&limit=5000
SPXU,2023-03-02,312.8,313.2,298.4,300.8,1243043,,https://api.nasdaq.com/api/quote/SPXU/historical?assetclass=etf&fromdate=2016-07-26&todate=2026-07-26&limit=5000
SPXU,2023-03-03,296,297.954,285.6,286,1291822,,https://api.nasdaq.com/api/quote/SPXU/historical?assetclass=etf&fromdate=2016-07-26&todate=2026-07-26&limit=5000
SPXU,2023-03-06,284.5,286.6,279.2,285.8,1198612,,https://api.nasdaq.com/api/quote/SPXU/historical?assetclass=etf&fromdate=2016-07-26&todate=2026-07-26&limit=5000
SPXU,2023-03-07,286,300.398,285.4,298.8,1437078,,https://api.nasdaq.com/api/quote/SPXU/historical?assetclass=etf&fromdate=2016-07-26&todate=2026-07-26&limit=5000
SPXU,2023-03-08,299,302.802,295.8,297.6,1382932,,https://api.nasdaq.com/api/quote/SPXU/historical?assetclass=etf&fromdate=2016-07-26&todate=2026-07-26&limit=5000
SPXU,2023-03-09,296.4,316.8,292.202,314.2,2088536,,https://api.nasdaq.com/api/quote/SPXU/historical?assetclass=etf&fromdate=2016-07-26&todate=2026-07-26&limit=5000
SPXU,2023-03-10,316,332.2,310.8,328,2938626,,https://api.nasdaq.com/api/quote/SPXU/historical?assetclass=etf&fromdate=2016-07-26&todate=2026-07-26&limit=5000
SPXU,2023-03-13,338.98,341.8,317,330.2,2349016,,https://api.nasdaq.com/api/quote/SPXU/historical?assetclass=etf&fromdate=2016-07-26&todate=2026-07-26&limit=5000
SPXU,2023-03-14,316.8,325.8,309.4,313.8,1962885,,https://api.nasdaq.com/api/quote/SPXU/historical?assetclass=etf&fromdate=2016-07-26&todate=2026-07-26&limit=5000
SPXU,2023-03-15,328.4,333.4,319.4,319.4,2369114,,https://api.nasdaq.com/api/quote/SPXU/historical?assetclass=etf&fromdate=2016-07-26&todate=2026-07-26&limit=5000
SPXU,2023-03-16,326.32,327.8,302.6,303.4,1826818,,https://api.nasdaq.com/api/quote/SPXU/historical?assetclass=etf&fromdate=2016-07-26&todate=2026-07-26&limit=5000
SPXU,2023-03-17,307,317.6,304,314.2,1766125,,https://api.nasdaq.com/api/quote/SPXU/historical?assetclass=etf&fromdate=2016-07-26&todate=2026-07-26&limit=5000
SPXU,2023-03-20,312.4,314.202,304.4,305.8,1470343,,https://api.nasdaq.com/api/quote/SPXU/historical?assetclass=etf&fromdate=2016-07-26&todate=2026-07-26&limit=5000
SPXU,2023-03-21,297,301.32,292.2,293.8,1348500,,https://api.nasdaq.com/api/quote/SPXU/historical?assetclass=etf&fromdate=2016-07-26&todate=2026-07-26&limit=5000
SPXU,2023-03-22,291.4,306.4,283.4,306,1750285,,https://api.nasdaq.com/api/quote/SPXU/historical?assetclass=etf&fromdate=2016-07-26&todate=2026-07-26&limit=5000
SPXU,2023-03-23,299.6,310.8,289.8,304.2,1823733,,https://api.nasdaq.com/api/quote/SPXU/historical?assetclass=etf&fromdate=2016-07-26&todate=2026-07-26&limit=5000
SPXU,2023-03-24,307.6,313.1,298.202,298.4,1797614,,https://api.nasdaq.com/api/quote/SPXU/historical?assetclass=etf&fromdate=2016-07-26&todate=2026-07-26&limit=5000
SPXU,2023-03-27,293,299,291.4,297.2,1102076,,https://api.nasdaq.com/api/quote/SPXU/historical?assetclass=etf&fromdate=2016-07-26&todate=2026-07-26&limit=5000
SPXU,2023-03-28,298.8,303.4,297,298.8,903172,,https://api.nasdaq.com/api/quote/SPXU/historical?assetclass=etf&fromdate=2016-07-26&todate=2026-07-26&limit=5000
SPXU,2023-03-29,289.6,292.2,285.6,286.4,1194669,,https://api.nasdaq.com/api/quote/SPXU/historical?assetclass=etf&fromdate=2016-07-26&todate=2026-07-26&limit=5000
SPXU,2023-03-30,280.6,285.798,280,281.8,1080865,,https://api.nasdaq.com/api/quote/SPXU/historical?assetclass=etf&fromdate=2016-07-26&todate=2026-07-26&limit=5000
SPXU,2023-03-31,279.6,279.8,269.2,269.6,1270002,,https://api.nasdaq.com/api/quote/SPXU/historical?assetclass=etf&fromdate=2016-07-26&todate=2026-07-26&limit=5000
SPXU,2023-04-03,271.2,271.8,266,267,962240,,https://api.nasdaq.com/api/quote/SPXU/historical?assetclass=etf&fromdate=2016-07-26&todate=2026-07-26&limit=5000
SPXU,2023-04-04,265.8,274.2,265,271.2,1127357,,https://api.nasdaq.com/api/quote/SPXU/historical?assetclass=etf&fromdate=2016-07-26&todate=2026-07-26&limit=5000
SPXU,2023-04-05,273.6,277.4,272,274.2,1157664,,https://api.nasdaq.com/api/quote/SPXU/historical?assetclass=etf&fromdate=2016-07-26&todate=2026-07-26&limit=5000
SPXU,2023-04-06,276.2,278,270.4,271,1238528,,https://api.nasdaq.com/api/quote/SPXU/historical?assetclass=etf&fromdate=2016-07-26&todate=2026-07-26&limit=5000
SPXU,2023-04-10,276.3,277.5,270,270.2,864433,,https://api.nasdaq.com/api/quote/SPXU/historical?assetclass=etf&fromdate=2016-07-26&todate=2026-07-26&limit=5000
SPXU,2023-04-11,269.6,271.736,267.2,270,902532,,https://api.nasdaq.com/api/quote/SPXU/historical?assetclass=etf&fromdate=2016-07-26&todate=2026-07-26&limit=5000
SPXU,2023-04-12,266,274.8,265.4,273.4,1458584,,https://api.nasdaq.com/api/quote/SPXU/historical?assetclass=etf&fromdate=2016-07-26&todate=2026-07-26&limit=5000
SPXU,2023-04-13,271.8,272.6,262.4,263,999621,,https://api.nasdaq.com/api/quote/SPXU/historical?assetclass=etf&fromdate=2016-07-26&todate=2026-07-26&limit=5000
SPXU,2023-04-14,264.6,269.8,260,265,1287948,,https://api.nasdaq.com/api/quote/SPXU/historical?assetclass=etf&fromdate=2016-07-26&todate=2026-07-26&limit=5000
SPXU,2023-04-17,265.4,268,262.2,262.2,933831,,https://api.nasdaq.com/api/quote/SPXU/historical?assetclass=etf&fromdate=2016-07-26&todate=2026-07-26&limit=5000
SPXU,2023-04-18,259.6,264.77,259,262,956750,,https://api.nasdaq.com/api/quote/SPXU/historical?assetclass=etf&fromdate=2016-07-26&todate=2026-07-26&limit=5000
SPXU,2023-04-19,266.2,266.2,260.402,262.4,818795,,https://api.nasdaq.com/api/quote/SPXU/historical?assetclass=etf&fromdate=2016-07-26&todate=2026-07-26&limit=5000
SPXU,2023-04-20,268.4,270,263.4,266.8,1052436,,https://api.nasdaq.com/api/quote/SPXU/historical?assetclass=etf&fromdate=2016-07-26&todate=2026-07-26&limit=5000
SPXU,2023-04-21,266.46,270.4,265.6,266.4,1020465,,https://api.nasdaq.com/api/quote/SPXU/historical?assetclass=etf&fromdate=2016-07-26&todate=2026-07-26&limit=5000
SPXU,2023-04-24,267.2,269.754,265,265.8,910198,,https://api.nasdaq.com/api/quote/SPXU/historical?assetclass=etf&fromdate=2016-07-26&todate=2026-07-26&limit=5000
SPXU,2023-04-25,270,278.8,268.8,278.8,1323184,,https://api.nasdaq.com/api/quote/SPXU/historical?assetclass=etf&fromdate=2016-07-26&todate=2026-07-26&limit=5000
SPXU,2023-04-26,277.4,283.4,275.2,282.6,1238151,,https://api.nasdaq.com/api/quote/SPXU/historical?assetclass=etf&fromdate=2016-07-26&todate=2026-07-26&limit=5000
SPXU,2023-04-27,277.2,277.8,265.2,265.8,1354816,,https://api.nasdaq.com/api/quote/SPXU/historical?assetclass=etf&fromdate=2016-07-26&todate=2026-07-26&limit=5000
SPXU,2023-04-28,267.6,267.998,259.202,259.4,1315625,,https://api.nasdaq.com/api/quote/SPXU/historical?assetclass=etf&fromdate=2016-07-26&todate=2026-07-26&limit=5000
SPXU,2023-05-01,260,260.6,256,260.2,889094,,https://api.nasdaq.com/api/quote/SPXU/historical?assetclass=etf&fromdate=2016-07-26&todate=2026-07-26&limit=5000
SPXU,2023-05-02,261.8,274.6,261.4,268.6,1441684,,https://api.nasdaq.com/api/quote/SPXU/historical?assetclass=etf&fromdate=2016-07-26&todate=2026-07-26&limit=5000
SPXU,2023-05-03,268.4,275,263,274.6,1823503,,https://api.nasdaq.com/api/quote/SPXU/historical?assetclass=etf&fromdate=2016-07-26&todate=2026-07-26&limit=5000
SPXU,2023-05-04,277.4,283.6,276.51,280.8,1633845,,https://api.nasdaq.com/api/quote/SPXU/historical?assetclass=etf&fromdate=2016-07-26&todate=2026-07-26&limit=5000
SPXU,2023-05-05,273.2,273.8,263.2,265.2,1397442,,https://api.nasdaq.com/api/quote/SPXU/historical?assetclass=etf&fromdate=2016-07-26&todate=2026-07-26&limit=5000
SPXU,2023-05-08,265,268.2,264.4,265.4,835477,,https://api.nasdaq.com/api/quote/SPXU/historical?assetclass=etf&fromdate=2016-07-26&todate=2026-07-26&limit=5000
SPXU,2023-05-09,268.8,269.6,266.8,268.6,732485,,https://api.nasdaq.com/api/quote/SPXU/historical?assetclass=etf&fromdate=2016-07-26&todate=2026-07-26&limit=5000
SPXU,2023-05-10,263.2,273.112,262,265.8,1584600,,https://api.nasdaq.com/api/quote/SPXU/historical?assetclass=etf&fromdate=2016-07-26&todate=2026-07-26&limit=5000
SPXU,2023-05-11,267.8,271.4,266.6,266.8,1062443,,https://api.nasdaq.com/api/quote/SPXU/historical?assetclass=etf&fromdate=2016-07-26&todate=2026-07-26&limit=5000
SPXU,2023-05-12,264.6,273.284,264.4,268.2,1078696,,https://api.nasdaq.com/api/quote/SPXU/historical?assetclass=etf&fromdate=2016-07-26&todate=2026-07-26&limit=5000
SPXU,2023-05-15,267.282,271.2,264.89,266,939952,,https://api.nasdaq.com/api/quote/SPXU/historical?assetclass=etf&fromdate=2016-07-26&todate=2026-07-26&limit=5000
SPXU,2023-05-16,268.2,271.2,266.2,271,810546,,https://api.nasdaq.com/api/quote/SPXU/historical?assetclass=etf&fromdate=2016-07-26&todate=2026-07-26&limit=5000
SPXU,2023-05-17,267.2,270.6,260.2,261.6,1286990,,https://api.nasdaq.com/api/quote/SPXU/historical?assetclass=etf&fromdate=2016-07-26&todate=2026-07-26&limit=5000
SPXU,2023-05-18,262.6,262.822,253.4,254.4,1485869,,https://api.nasdaq.com/api/quote/SPXU/historical?assetclass=etf&fromdate=2016-07-26&todate=2026-07-26&limit=5000
SPXU,2023-05-19,252.6,257.8,251.6,255.4,1290080,,https://api.nasdaq.com/api/quote/SPXU/historical?assetclass=etf&fromdate=2016-07-26&todate=2026-07-26&limit=5000
SPXU,2023-05-22,255.8,257.998,252.4,255.2,851289,,https://api.nasdaq.com/api/quote/SPXU/historical?assetclass=etf&fromdate=2016-07-26&todate=2026-07-26&limit=5000
SPXU,2023-05-23,258.6,264.8,256.6,263.8,1131317,,https://api.nasdaq.com/api/quote/SPXU/historical?assetclass=etf&fromdate=2016-07-26&todate=2026-07-26&limit=5000
SPXU,2023-05-24,267.58,272.2,266.6,270,1400704,,https://api.nasdaq.com/api/quote/SPXU/historical?assetclass=etf&fromdate=2016-07-26&todate=2026-07-26&limit=5000
SPXU,2023-05-25,263.4,267.8,260.4,263.4,1009326,,https://api.nasdaq.com/api/quote/SPXU/historical?assetclass=etf&fromdate=2016-07-26&todate=2026-07-26&limit=5000
SPXU,2023-05-26,262.2,262.598,252,253.6,1046859,,https://api.nasdaq.com/api/quote/SPXU/historical?assetclass=etf&fromdate=2016-07-26&todate=2026-07-26&limit=5000
SPXU,2023-05-30,249.8,255.8,248.8,253.4,888796,,https://api.nasdaq.com/api/quote/SPXU/historical?assetclass=etf&fromdate=2016-07-26&todate=2026-07-26&limit=5000
SPXU,2023-05-31,256.8,260.534,255.1,257.4,1038162,,https://api.nasdaq.com/api/quote/SPXU/historical?assetclass=etf&fromdate=2016-07-26&todate=2026-07-26&limit=5000
SPXU,2023-06-01,257.4,259.8,248.4,250.6,1065963,,https://api.nasdaq.com/api/quote/SPXU/historical?assetclass=etf&fromdate=2016-07-26&todate=2026-07-26&limit=5000
SPXU,2023-06-02,246,246.986,238.4,240,1403632,,https://api.nasdaq.com/api/quote/SPXU/historical?assetclass=etf&fromdate=2016-07-26&todate=2026-07-26&limit=5000
SPXU,2023-06-05,239.2,242.598,237,241.2,874119,,https://api.nasdaq.com/api/quote/SPXU/historical?assetclass=etf&fromdate=2016-07-26&todate=2026-07-26&limit=5000
SPXU,2023-06-06,242.2,243.34,239,239.8,845310,,https://api.nasdaq.com/api/quote/SPXU/historical?assetclass=etf&fromdate=2016-07-26&todate=2026-07-26&limit=5000
SPXU,2023-06-07,239.4,243.3,237.4,242.4,1040005,,https://api.nasdaq.com/api/quote/SPXU/historical?assetclass=etf&fromdate=2016-07-26&todate=2026-07-26&limit=5000
SPXU,2023-06-08,242.8,244.198,237.6,238.6,770068,,https://api.nasdaq.com/api/quote/SPXU/historical?assetclass=etf&fromdate=2016-07-26&todate=2026-07-26&limit=5000
SPXU,2023-06-09,237.2,239,233.8,237.4,1150582,,https://api.nasdaq.com/api/quote/SPXU/historical?assetclass=etf&fromdate=2016-07-26&todate=2026-07-26&limit=5000
SPXU,2023-06-12,235.6,237,230.8,231.2,973134,,https://api.nasdaq.com/api/quote/SPXU/historical?assetclass=etf&fromdate=2016-07-26&todate=2026-07-26&limit=5000
SPXU,2023-06-13,228.4,229.8,225.4,226.6,1357609,,https://api.nasdaq.com/api/quote/SPXU/historical?assetclass=etf&fromdate=2016-07-26&todate=2026-07-26&limit=5000
SPXU,2023-06-14,226.2,231.4,222.816,226,1647858,,https://api.nasdaq.com/api/quote/SPXU/historical?assetclass=etf&fromdate=2016-07-26&todate=2026-07-26&limit=5000
SPXU,2023-06-15,227.6,227.6,215.8,217.8,1501277,,https://api.nasdaq.com/api/quote/SPXU/historical?assetclass=etf&fromdate=2016-07-26&todate=2026-07-26&limit=5000
SPXU,2023-06-16,215,220.9,214.6,220.2,1377197,,https://api.nasdaq.com/api/quote/SPXU/historical?assetclass=etf&fromdate=2016-07-26&todate=2026-07-26&limit=5000
SPXU,2023-06-20,223.4,227,222,223.8,1327996,,https://api.nasdaq.com/api/quote/SPXU/historical?assetclass=etf&fromdate=2016-07-26&todate=2026-07-26&limit=5000
SPXU,2023-06-21,222.8,225.4,221.4,224.4,1251987,,https://api.nasdaq.com/api/quote/SPXU/historical?assetclass=etf&fromdate=2016-07-26&todate=2026-07-26&limit=5000
SPXU,2023-06-22,226.4,227,222.2,222.2,1014348,,https://api.nasdaq.com/api/quote/SPXU/historical?assetclass=etf&fromdate=2016-07-26&todate=2026-07-26&limit=5000
SPXU,2023-06-23,228,228.8,224.8,227.4,1074399,,https://api.nasdaq.com/api/quote/SPXU/historical?assetclass=etf&fromdate=2016-07-26&todate=2026-07-26&limit=5000
SPXU,2023-06-26,228.8,231,225.6,230.4,878904,,https://api.nasdaq.com/api/quote/SPXU/historical?assetclass=etf&fromdate=2016-07-26&todate=2026-07-26&limit=5000
SPXU,2023-06-27,229.4,230,222,223.2,1010098,,https://api.nasdaq.com/api/quote/SPXU/historical?assetclass=etf&fromdate=2016-07-26&todate=2026-07-26&limit=5000
SPXU,2023-06-28,224.88,226,221.2,222.6,1066298,,https://api.nasdaq.com/api/quote/SPXU/historical?assetclass=etf&fromdate=2016-07-26&todate=2026-07-26&limit=5000
SPXU,2023-06-29,223.6,224.4,220.2,220.4,846519,,https://api.nasdaq.com/api/quote/SPXU/historical?assetclass=etf&fromdate=2016-07-26&todate=2026-07-26&limit=5000
SPXU,2023-06-30,215.8,216.2,211.4,213.2,1051187,,https://api.nasdaq.com/api/quote/SPXU/historical?assetclass=etf&fromdate=2016-07-26&todate=2026-07-26&limit=5000
SPXU,2023-07-03,213.6,214,212,212.4,275495,,https://api.nasdaq.com/api/quote/SPXU/historical?assetclass=etf&fromdate=2016-07-26&todate=2026-07-26&limit=5000
SPXU,2023-07-05,215.2,215.2,212.388,213.6,667891,,https://api.nasdaq.com/api/quote/SPXU/historical?assetclass=etf&fromdate=2016-07-26&todate=2026-07-26&limit=5000
SPXU,2023-07-06,219.2,222.6,218,218.6,1054083,,https://api.nasdaq.com/api/quote/SPXU/historical?assetclass=etf&fromdate=2016-07-26&todate=2026-07-26&limit=5000
SPXU,2023-07-07,220.6,221,214.4,220.4,886599,,https://api.nasdaq.com/api/quote/SPXU/historical?assetclass=etf&fromdate=2016-07-26&todate=2026-07-26&limit=5000
SPXU,2023-07-10,221.2,222.14,218.6,219.2,861281,,https://api.nasdaq.com/api/quote/SPXU/historical?assetclass=etf&fromdate=2016-07-26&todate=2026-07-26&limit=5000
SPXU,2023-07-11,217.8,219.4,214,215,747029,,https://api.nasdaq.com/api/quote/SPXU/historical?assetclass=etf&fromdate=2016-07-26&todate=2026-07-26&limit=5000
SPXU,2023-07-12,209,211.596,207.6,209.8,1209233,,https://api.nasdaq.com/api/quote/SPXU/historical?assetclass=etf&fromdate=2016-07-26&todate=2026-07-26&limit=5000
SPXU,2023-07-13,207.4,208.2,203.8,205,841998,,https://api.nasdaq.com/api/quote/SPXU/historical?assetclass=etf&fromdate=2016-07-26&todate=2026-07-26&limit=5000
SPXU,2023-07-14,204,206.6,202.8,205.4,1023664,,https://api.nasdaq.com/api/quote/SPXU/historical?assetclass=etf&fromdate=2016-07-26&todate=2026-07-26&limit=5000
SPXU,2023-07-17,206.2,206.2,202,203.8,799494,,https://api.nasdaq.com/api/quote/SPXU/historical?assetclass=etf&fromdate=2016-07-26&todate=2026-07-26&limit=5000
SPXU,2023-07-18,204.2,204.798,198.2,199,1054820,,https://api.nasdaq.com/api/quote/SPXU/historical?assetclass=etf&fromdate=2016-07-26&todate=2026-07-26&limit=5000
SPXU,2023-07-19,198.4,199,196.4,198.4,1221652,,https://api.nasdaq.com/api/quote/SPXU/historical?assetclass=etf&fromdate=2016-07-26&todate=2026-07-26&limit=5000
SPXU,2023-07-20,199.8,203.2,198.4,202,1228277,,https://api.nasdaq.com/api/quote/SPXU/historical?assetclass=etf&fromdate=2016-07-26&todate=2026-07-26&limit=5000
SPXU,2023-07-21,199.6,202.4,199.6,202.2,1121838,,https://api.nasdaq.com/api/quote/SPXU/historical?assetclass=etf&fromdate=2016-07-26&todate=2026-07-26&limit=5000
SPXU,2023-07-24,200.8,201.602,198.6,199.6,842642,,https://api.nasdaq.com/api/quote/SPXU/historical?assetclass=etf&fromdate=2016-07-26&todate=2026-07-26&limit=5000
SPXU,2023-07-25,200.2,200.2,196.4,198.4,964402,,https://api.nasdaq.com/api/quote/SPXU/historical?assetclass=etf&fromdate=2016-07-26&todate=2026-07-26&limit=5000
SPXU,2023-07-26,199.6,201,196.2,198.2,1074303,,https://api.nasdaq.com/api/quote/SPXU/historical?assetclass=etf&fromdate=2016-07-26&todate=2026-07-26&limit=5000
SPXU,2023-07-27,193.8,203.6,193.2,202.6,1392496,,https://api.nasdaq.com/api/quote/SPXU/historical?assetclass=etf&fromdate=2016-07-26&todate=2026-07-26&limit=5000
SPXU,2023-07-28,197.8,199.12,195.4,196.8,1139038,,https://api.nasdaq.com/api/quote/SPXU/historical?assetclass=etf&fromdate=2016-07-26&todate=2026-07-26&limit=5000
SPXU,2023-07-31,196,197.8,195,195.4,836355,,https://api.nasdaq.com/api/quote/SPXU/historical?assetclass=etf&fromdate=2016-07-26&todate=2026-07-26&limit=5000
SPXU,2023-08-01,197.8,198.6,196.4,197.6,768146,,https://api.nasdaq.com/api/quote/SPXU/historical?assetclass=etf&fromdate=2016-07-26&todate=2026-07-26&limit=5000
SPXU,2023-08-02,201.8,206.8,201.398,205.6,1650072,,https://api.nasdaq.com/api/quote/SPXU/historical?assetclass=etf&fromdate=2016-07-26&todate=2026-07-26&limit=5000
SPXU,2023-08-03,208.8,209.8,205,207.8,1317558,,https://api.nasdaq.com/api/quote/SPXU/historical?assetclass=etf&fromdate=2016-07-26&todate=2026-07-26&limit=5000
SPXU,2023-08-04,205.4,211.598,202.202,210.6,1467778,,https://api.nasdaq.com/api/quote/SPXU/historical?assetclass=etf&fromdate=2016-07-26&todate=2026-07-26&limit=5000
SPXU,2023-08-07,208.4,209.2,205.2,205.4,887680,,https://api.nasdaq.com/api/quote/SPXU/historical?assetclass=etf&fromdate=2016-07-26&todate=2026-07-26&limit=5000
SPXU,2023-08-08,209.2,213,207.456,208,1199182,,https://api.nasdaq.com/api/quote/SPXU/historical?assetclass=etf&fromdate=2016-07-26&todate=2026-07-26&limit=5000
SPXU,2023-08-09,208,213.5,207.8,212.4,1147116,,https://api.nasdaq.com/api/quote/SPXU/historical?assetclass=etf&fromdate=2016-07-26&todate=2026-07-26&limit=5000
SPXU,2023-08-10,209.2,214.368,204.2,212.4,1561948,,https://api.nasdaq.com/api/quote/SPXU/historical?assetclass=etf&fromdate=2016-07-26&todate=2026-07-26&limit=5000
SPXU,2023-08-11,215.6,216.4,211.5,213,1372515,,https://api.nasdaq.com/api/quote/SPXU/historical?assetclass=etf&fromdate=2016-07-26&todate=2026-07-26&limit=5000
SPXU,2023-08-14,214.6,215,209.6,210,1070872,,https://api.nasdaq.com/api/quote/SPXU/historical?assetclass=etf&fromdate=2016-07-26&todate=2026-07-26&limit=5000
SPXU,2023-08-15,212.6,218,211.9,216.8,1217007,,https://api.nasdaq.com/api/quote/SPXU/historical?assetclass=etf&fromdate=2016-07-26&todate=2026-07-26&limit=5000
SPXU,2023-08-16,218,222.138,215.22,222,1288564,,https://api.nasdaq.com/api/quote/SPXU/historical?assetclass=etf&fromdate=2016-07-26&todate=2026-07-26&limit=5000
SPXU,2023-08-17,220.2,228.2,219.6,227.6,1605771,,https://api.nasdaq.com/api/quote/SPXU/historical?assetclass=etf&fromdate=2016-07-26&todate=2026-07-26&limit=5000
SPXU,2023-08-18,232.2,232.7,225.6,227,1636846,,https://api.nasdaq.com/api/quote/SPXU/historical?assetclass=etf&fromdate=2016-07-26&todate=2026-07-26&limit=5000
SPXU,2023-08-21,225.6,229.284,221.638,223.2,1289821,,https://api.nasdaq.com/api/quote/SPXU/historical?assetclass=etf&fromdate=2016-07-26&todate=2026-07-26&limit=5000
SPXU,2023-08-22,220.2,225.8,220.2,225,1254160,,https://api.nasdaq.com/api/quote/SPXU/historical?assetclass=etf&fromdate=2016-07-26&todate=2026-07-26&limit=5000
SPXU,2023-08-23,223.4,223.598,216.4,217.8,1411009,,https://api.nasdaq.com/api/quote/SPXU/historical?assetclass=etf&fromdate=2016-07-26&todate=2026-07-26&limit=5000
SPXU,2023-08-24,215.2,227,214.4,226.6,1587885,,https://api.nasdaq.com/api/quote/SPXU/historical?assetclass=etf&fromdate=2016-07-26&todate=2026-07-26&limit=5000
SPXU,2023-08-25,224.2,230,220,222.2,2069832,,https://api.nasdaq.com/api/quote/SPXU/historical?assetclass=etf&fromdate=2016-07-26&todate=2026-07-26&limit=5000
SPXU,2023-08-28,219,221,217.2,218.4,1213576,,https://api.nasdaq.com/api/quote/SPXU/historical?assetclass=etf&fromdate=2016-07-26&todate=2026-07-26&limit=5000
SPXU,2023-08-29,218.2,218.6,208.4,209,1432693,,https://api.nasdaq.com/api/quote/SPXU/historical?assetclass=etf&fromdate=2016-07-26&todate=2026-07-26&limit=5000
SPXU,2023-08-30,208.6,209.4,205.4,206.2,1144110,,https://api.nasdaq.com/api/quote/SPXU/historical?assetclass=etf&fromdate=2016-07-26&todate=2026-07-26&limit=5000
SPXU,2023-08-31,205.8,207.8,204.2,207.6,888664,,https://api.nasdaq.com/api/quote/SPXU/historical?assetclass=etf&fromdate=2016-07-26&todate=2026-07-26&limit=5000
SPXU,2023-09-01,203.8,208.7,203,206.8,1178250,,https://api.nasdaq.com/api/quote/SPXU/historical?assetclass=etf&fromdate=2016-07-26&todate=2026-07-26&limit=5000
SPXU,2023-09-05,207.4,209.598,206.8,209.4,792559,,https://api.nasdaq.com/api/quote/SPXU/historical?assetclass=etf&fromdate=2016-07-26&todate=2026-07-26&limit=5000
SPXU,2023-09-06,210.6,217.146,210.57,213.6,1221468,,https://api.nasdaq.com/api/quote/SPXU/historical?assetclass=etf&fromdate=2016-07-26&todate=2026-07-26&limit=5000
SPXU,2023-09-07,218.6,219.2,215,215.8,1152634,,https://api.nasdaq.com/api/quote/SPXU/historical?assetclass=etf&fromdate=2016-07-26&todate=2026-07-26&limit=5000
SPXU,2023-09-08,216.2,216.8,212.802,215,988211,,https://api.nasdaq.com/api/quote/SPXU/historical?assetclass=etf&fromdate=2016-07-26&todate=2026-07-26&limit=5000
SPXU,2023-09-11,211.2,213.998,210.6,211.2,770067,,https://api.nasdaq.com/api/quote/SPXU/historical?assetclass=etf&fromdate=2016-07-26&todate=2026-07-26&limit=5000
SPXU,2023-09-12,213.2,215.6,211,214.6,844625,,https://api.nasdaq.com/api/quote/SPXU/historical?assetclass=etf&fromdate=2016-07-26&todate=2026-07-26&limit=5000
SPXU,2023-09-13,214.542,216.198,212.312,213.8,852043,,https://api.nasdaq.com/api/quote/SPXU/historical?assetclass=etf&fromdate=2016-07-26&todate=2026-07-26&limit=5000
SPXU,2023-09-14,210.6,212.6,207.8,208.8,909317,,https://api.nasdaq.com/api/quote/SPXU/historical?assetclass=etf&fromdate=2016-07-26&todate=2026-07-26&limit=5000
SPXU,2023-09-15,211.2,217.002,210.8,216.4,1159230,,https://api.nasdaq.com/api/quote/SPXU/historical?assetclass=etf&fromdate=2016-07-26&todate=2026-07-26&limit=5000
SPXU,2023-09-18,217.2,217.8,214.2,216.2,771928,,https://api.nasdaq.com/api/quote/SPXU/historical?assetclass=etf&fromdate=2016-07-26&todate=2026-07-26&limit=5000
SPXU,2023-09-19,218,221.8,216.8,217.8,939167,,https://api.nasdaq.com/api/quote/SPXU/historical?assetclass=etf&fromdate=2016-07-26&todate=2026-07-26&limit=5000
SPXU,2023-09-20,212.6,220.6,211.802,220.2,1238411,,https://api.nasdaq.com/api/quote/SPXU/historical?assetclass=etf&fromdate=2016-07-26&todate=2026-07-26&limit=5000
SPXU,2023-09-21,225.2,231.798,224.514,231.2,1430655,,https://api.nasdaq.com/api/quote/SPXU/historical?assetclass=etf&fromdate=2016-07-26&todate=2026-07-26&limit=5000
SPXU,2023-09-22,229.8,233.998,227.2,233,1232042,,https://api.nasdaq.com/api/quote/SPXU/historical?assetclass=etf&fromdate=2016-07-26&todate=2026-07-26&limit=5000
SPXU,2023-09-25,235.4,236.196,230.4,230.6,1415104,,https://api.nasdaq.com/api/quote/SPXU/historical?assetclass=etf&fromdate=2016-07-26&todate=2026-07-26&limit=5000
SPXU,2023-09-26,235.54,242,234.4,240.6,1563984,,https://api.nasdaq.com/api/quote/SPXU/historical?assetclass=etf&fromdate=2016-07-26&todate=2026-07-26&limit=5000
SPXU,2023-09-27,238.6,246.9,237.8,240.4,1719831,,https://api.nasdaq.com/api/quote/SPXU/historical?assetclass=etf&fromdate=2016-07-26&todate=2026-07-26&limit=5000
SPXU,2023-09-28,241.8,243,233.6,236.8,1166721,,https://api.nasdaq.com/api/quote/SPXU/historical?assetclass=etf&fromdate=2016-07-26&todate=2026-07-26&limit=5000
SPXU,2023-09-29,231.4,241.2,231.3,239,1600805,,https://api.nasdaq.com/api/quote/SPXU/historical?assetclass=etf&fromdate=2016-07-26&todate=2026-07-26&limit=5000
SPXU,2023-10-02,240.02,243.774,236.8,239,1453574,,https://api.nasdaq.com/api/quote/SPXU/historical?assetclass=etf&fromdate=2016-07-26&todate=2026-07-26&limit=5000
SPXU,2023-10-03,243,251.2,240.3,248.4,1859183,,https://api.nasdaq.com/api/quote/SPXU/historical?assetclass=etf&fromdate=2016-07-26&todate=2026-07-26&limit=5000
SPXU,2023-10-04,248,250.7,242,243.4,1748208,,https://api.nasdaq.com/api/quote/SPXU/historical?assetclass=etf&fromdate=2016-07-26&todate=2026-07-26&limit=5000
SPXU,2023-10-05,244.4,249.78,242.6,244.4,1508613,,https://api.nasdaq.com/api/quote/SPXU/historical?assetclass=etf&fromdate=2016-07-26&todate=2026-07-26&limit=5000
SPXU,2023-10-06,248.8,251,232.8,235.4,1882578,,https://api.nasdaq.com/api/quote/SPXU/historical?assetclass=etf&fromdate=2016-07-26&todate=2026-07-26&limit=5000
SPXU,2023-10-09,239,239.8,230.1,231.2,1169337,,https://api.nasdaq.com/api/quote/SPXU/historical?assetclass=etf&fromdate=2016-07-26&todate=2026-07-26&limit=5000
SPXU,2023-10-10,230,230.8,223.21,227.8,1424113,,https://api.nasdaq.com/api/quote/SPXU/historical?assetclass=etf&fromdate=2016-07-26&todate=2026-07-26&limit=5000
SPXU,2023-10-11,225.8,229.8,224.402,224.8,1264828,,https://api.nasdaq.com/api/quote/SPXU/historical?assetclass=etf&fromdate=2016-07-26&todate=2026-07-26&limit=5000
SPXU,2023-10-12,224.2,233.1,223.6,229.6,1790059,,https://api.nasdaq.com/api/quote/SPXU/historical?assetclass=etf&fromdate=2016-07-26&todate=2026-07-26&limit=5000
SPXU,2023-10-13,227.2,235.562,225,232.6,1944258,,https://api.nasdaq.com/api/quote/SPXU/historical?assetclass=etf&fromdate=2016-07-26&todate=2026-07-26&limit=5000
SPXU,2023-10-16,229.4,229.8,223.8,225.8,1441376,,https://api.nasdaq.com/api/quote/SPXU/historical?assetclass=etf&fromdate=2016-07-26&todate=2026-07-26&limit=5000
SPXU,2023-10-17,230.8,231.4,222.6,225.6,1575694,,https://api.nasdaq.com/api/quote/SPXU/historical?assetclass=etf&fromdate=2016-07-26&todate=2026-07-26&limit=5000
SPXU,2023-10-18,228.8,236.702,227.2,234.8,1570760,,https://api.nasdaq.com/api/quote/SPXU/historical?assetclass=etf&fromdate=2016-07-26&todate=2026-07-26&limit=5000
SPXU,2023-10-19,234.2,242.78,231,241.4,2151247,,https://api.nasdaq.com/api/quote/SPXU/historical?assetclass=etf&fromdate=2016-07-26&todate=2026-07-26&limit=5000
SPXU,2023-10-20,242.6,250.8,241.5,250.4,2153819,,https://api.nasdaq.com/api/quote/SPXU/historical?assetclass=etf&fromdate=2016-07-26&todate=2026-07-26&limit=5000
SPXU,2023-10-23,253.7,256.8,244.9,251.8,2031071,,https://api.nasdaq.com/api/quote/SPXU/historical?assetclass=etf&fromdate=2016-07-26&todate=2026-07-26&limit=5000
SPXU,2023-10-24,248,251.764,244.4,246.6,1344613,,https://api.nasdaq.com/api/quote/SPXU/historical?assetclass=etf&fromdate=2016-07-26&todate=2026-07-26&limit=5000
SPXU,2023-10-25,250,258.2,249.6,257,1823923,,https://api.nasdaq.com/api/quote/SPXU/historical?assetclass=etf&fromdate=2016-07-26&todate=2026-07-26&limit=5000
SPXU,2023-10-26,259.8,268.484,258,266.6,2472621,,https://api.nasdaq.com/api/quote/SPXU/historical?assetclass=etf&fromdate=2016-07-26&todate=2026-07-26&limit=5000
SPXU,2023-10-27,263.8,273.598,263,270.4,1905101,,https://api.nasdaq.com/api/quote/SPXU/historical?assetclass=etf&fromdate=2016-07-26&todate=2026-07-26&limit=5000
SPXU,2023-10-30,265,267.8,259,260.8,1579452,,https://api.nasdaq.com/api/quote/SPXU/historical?assetclass=etf&fromdate=2016-07-26&todate=2026-07-26&limit=5000
SPXU,2023-10-31,260,263.8,255.78,256.4,1371191,,https://api.nasdaq.com/api/quote/SPXU/historical?assetclass=etf&fromdate=2016-07-26&todate=2026-07-26&limit=5000
SPXU,2023-11-01,254.8,255.6,246.8,248,1966356,,https://api.nasdaq.com/api/quote/SPXU/historical?assetclass=etf&fromdate=2016-07-26&todate=2026-07-26&limit=5000
SPXU,2023-11-02,241.4,241.8,234,234.4,1730254,,https://api.nasdaq.com/api/quote/SPXU/historical?assetclass=etf&fromdate=2016-07-26&todate=2026-07-26&limit=5000
SPXU,2023-11-03,230.4,230.8,225.4,228.2,1306548,,https://api.nasdaq.com/api/quote/SPXU/historical?assetclass=etf&fromdate=2016-07-26&todate=2026-07-26&limit=5000
SPXU,2023-11-06,226.8,229.8,225.9,226.8,1130289,,https://api.nasdaq.com/api/quote/SPXU/historical?assetclass=etf&fromdate=2016-07-26&todate=2026-07-26&limit=5000
SPXU,2023-11-07,226.8,228.6,223.8,225,1132286,,https://api.nasdaq.com/api/quote/SPXU/historical?assetclass=etf&fromdate=2016-07-26&todate=2026-07-26&limit=5000
SPXU,2023-11-08,224,228.198,223.2,224.6,999931,,https://api.nasdaq.com/api/quote/SPXU/historical?assetclass=etf&fromdate=2016-07-26&todate=2026-07-26&limit=5000
SPXU,2023-11-09,223.2,230.798,222.8,229.8,1809649,,https://api.nasdaq.com/api/quote/SPXU/historical?assetclass=etf&fromdate=2016-07-26&todate=2026-07-26&limit=5000
SPXU,2023-11-10,226.8,229.2,218.8,219.2,1617685,,https://api.nasdaq.com/api/quote/SPXU/historical?assetclass=etf&fromdate=2016-07-26&todate=2026-07-26&limit=5000
SPXU,2023-11-13,221.4,222.8,218.4,220.2,1275797,,https://api.nasdaq.com/api/quote/SPXU/historical?assetclass=etf&fromdate=2016-07-26&todate=2026-07-26&limit=5000
SPXU,2023-11-14,210.8,211.4,205.4,207.4,1726419,,https://api.nasdaq.com/api/quote/SPXU/historical?assetclass=etf&fromdate=2016-07-26&todate=2026-07-26&limit=5000
SPXU,2023-11-15,205.4,207.4,203.8,206.4,1126819,,https://api.nasdaq.com/api/quote/SPXU/historical?assetclass=etf&fromdate=2016-07-26&todate=2026-07-26&limit=5000
SPXU,2023-11-16,207.2,208.6,205.264,206,2112253,,https://api.nasdaq.com/api/quote/SPXU/historical?assetclass=etf&fromdate=2016-07-26&todate=2026-07-26&limit=5000
SPXU,2023-11-17,205.8,207.198,204.2,205,1121197,,https://api.nasdaq.com/api/quote/SPXU/historical?assetclass=etf&fromdate=2016-07-26&todate=2026-07-26&limit=5000
SPXU,2023-11-20,205.44,205.6,199.2,200.6,868510,,https://api.nasdaq.com/api/quote/SPXU/historical?assetclass=etf&fromdate=2016-07-26&todate=2026-07-26&limit=5000
SPXU,2023-11-21,202.2,203.796,201.5,201.8,898876,,https://api.nasdaq.com/api/quote/SPXU/historical?assetclass=etf&fromdate=2016-07-26&todate=2026-07-26&limit=5000
SPXU,2023-11-22,199.93,201.55,198,199.8,1439038,,https://api.nasdaq.com/api/quote/SPXU/historical?assetclass=etf&fromdate=2016-07-26&todate=2026-07-26&limit=5000
SPXU,2023-11-24,200.2,200.58,199.4,199.8,425927,,https://api.nasdaq.com/api/quote/SPXU/historical?assetclass=etf&fromdate=2016-07-26&todate=2026-07-26&limit=5000
SPXU,2023-11-27,200.8,201.4,199.6,200.8,795164,,https://api.nasdaq.com/api/quote/SPXU/historical?assetclass=etf&fromdate=2016-07-26&todate=2026-07-26&limit=5000
SPXU,2023-11-28,201.6,202.4,198.6,200.4,955022,,https://api.nasdaq.com/api/quote/SPXU/historical?assetclass=etf&fromdate=2016-07-26&todate=2026-07-26&limit=5000
SPXU,2023-11-29,197.6,201.598,196,201,1180142,,https://api.nasdaq.com/api/quote/SPXU/historical?assetclass=etf&fromdate=2016-07-26&todate=2026-07-26&limit=5000
SPXU,2023-11-30,200,202.92,198.4,198.6,1305048,,https://api.nasdaq.com/api/quote/SPXU/historical?assetclass=etf&fromdate=2016-07-26&todate=2026-07-26&limit=5000
SPXU,2023-12-01,200,200.6,194.7,195.4,1836484,,https://api.nasdaq.com/api/quote/SPXU/historical?assetclass=etf&fromdate=2016-07-26&todate=2026-07-26&limit=5000
SPXU,2023-12-04,200,201.6,198.2,198.8,1376332,,https://api.nasdaq.com/api/quote/SPXU/historical?assetclass=etf&fromdate=2016-07-26&todate=2026-07-26&limit=5000
SPXU,2023-12-05,200.8,201.2,197.6,198.8,1150429,,https://api.nasdaq.com/api/quote/SPXU/historical?assetclass=etf&fromdate=2016-07-26&todate=2026-07-26&limit=5000
SPXU,2023-12-06,196,202,196,201.4,1111588,,https://api.nasdaq.com/api/quote/SPXU/historical?assetclass=etf&fromdate=2016-07-26&todate=2026-07-26&limit=5000
SPXU,2023-12-07,198.8,199.6,196,197,1138333,,https://api.nasdaq.com/api/quote/SPXU/historical?assetclass=etf&fromdate=2016-07-26&todate=2026-07-26&limit=5000
SPXU,2023-12-08,198.2,198.5,194,194.8,1261823,,https://api.nasdaq.com/api/quote/SPXU/historical?assetclass=etf&fromdate=2016-07-26&todate=2026-07-26&limit=5000
SPXU,2023-12-11,195.2,195.798,192.2,192.4,976276,,https://api.nasdaq.com/api/quote/SPXU/historical?assetclass=etf&fromdate=2016-07-26&todate=2026-07-26&limit=5000
SPXU,2023-12-12,193,194.4,189.8,190,1096641,,https://api.nasdaq.com/api/quote/SPXU/historical?assetclass=etf&fromdate=2016-07-26&todate=2026-07-26&limit=5000
SPXU,2023-12-13,189.6,190,181.8,182,1867008,,https://api.nasdaq.com/api/quote/SPXU/historical?assetclass=etf&fromdate=2016-07-26&todate=2026-07-26&limit=5000
SPXU,2023-12-14,180,183.8,178.6,180.6,2065595,,https://api.nasdaq.com/api/quote/SPXU/historical?assetclass=etf&fromdate=2016-07-26&todate=2026-07-26&limit=5000
SPXU,2023-12-15,181.6,182.8,180.2,181.4,1377473,,https://api.nasdaq.com/api/quote/SPXU/historical?assetclass=etf&fromdate=2016-07-26&todate=2026-07-26&limit=5000
SPXU,2023-12-18,180,180,177.6,178.6,773738,,https://api.nasdaq.com/api/quote/SPXU/historical?assetclass=etf&fromdate=2016-07-26&todate=2026-07-26&limit=5000
SPXU,2023-12-19,178.2,178.2,175.4,175.6,778797,,https://api.nasdaq.com/api/quote/SPXU/historical?assetclass=etf&fromdate=2016-07-26&todate=2026-07-26&limit=5000
SPXU,2023-12-20,173.2,179.6,170.818,179.4,2125894,,https://api.nasdaq.com/api/quote/SPXU/historical?assetclass=etf&fromdate=2016-07-26&todate=2026-07-26&limit=5000
SPXU,2023-12-21,176.2,178.798,174,174.2,2419347,,https://api.nasdaq.com/api/quote/SPXU/historical?assetclass=etf&fromdate=2016-07-26&todate=2026-07-26&limit=5000
SPXU,2023-12-22,173.2,175.6,171.4,173.4,1873216,,https://api.nasdaq.com/api/quote/SPXU/historical?assetclass=etf&fromdate=2016-07-26&todate=2026-07-26&limit=5000
SPXU,2023-12-26,173,173.2,170.3,171.4,755365,,https://api.nasdaq.com/api/quote/SPXU/historical?assetclass=etf&fromdate=2016-07-26&todate=2026-07-26&limit=5000
SPXU,2023-12-27,171.6,172.2,170.2,170.4,1352170,,https://api.nasdaq.com/api/quote/SPXU/historical?assetclass=etf&fromdate=2016-07-26&todate=2026-07-26&limit=5000
SPXU,2023-12-28,170.4,171,169.6,170.4,1095323,,https://api.nasdaq.com/api/quote/SPXU/historical?assetclass=etf&fromdate=2016-07-26&todate=2026-07-26&limit=5000
SPXU,2023-12-29,171,174.4,170.4,172,1639836,,https://api.nasdaq.com/api/quote/SPXU/historical?assetclass=etf&fromdate=2016-07-26&todate=2026-07-26&limit=5000
SPXU,2024-01-02,175.8,177.6,174,175.4,1538818,,https://api.nasdaq.com/api/quote/SPXU/historical?assetclass=etf&fromdate=2016-07-26&todate=2026-07-26&limit=5000
SPXU,2024-01-03,177.8,180.202,176.8,179.8,1800964,,https://api.nasdaq.com/api/quote/SPXU/historical?assetclass=etf&fromdate=2016-07-26&todate=2026-07-26&limit=5000
SPXU,2024-01-04,180.4,181.8,177.2,181.6,1524049,,https://api.nasdaq.com/api/quote/SPXU/historical?assetclass=etf&fromdate=2016-07-26&todate=2026-07-26&limit=5000
SPXU,2024-01-05,181.6,182.77,178,180.8,1958144,,https://api.nasdaq.com/api/quote/SPXU/historical?assetclass=etf&fromdate=2016-07-26&todate=2026-07-26&limit=5000
SPXU,2024-01-08,180.6,180.6,173,173.2,1358156,,https://api.nasdaq.com/api/quote/SPXU/historical?assetclass=etf&fromdate=2016-07-26&todate=2026-07-26&limit=5000
SPXU,2024-01-09,176.2,177,173,174.2,1304955,,https://api.nasdaq.com/api/quote/SPXU/historical?assetclass=etf&fromdate=2016-07-26&todate=2026-07-26&limit=5000
SPXU,2024-01-10,174,174.358,170.4,171.2,1394294,,https://api.nasdaq.com/api/quote/SPXU/historical?assetclass=etf&fromdate=2016-07-26&todate=2026-07-26&limit=5000
SPXU,2024-01-11,170.4,176.2,169.8,171.8,1997560,,https://api.nasdaq.com/api/quote/SPXU/historical?assetclass=etf&fromdate=2016-07-26&todate=2026-07-26&limit=5000
SPXU,2024-01-12,170.4,173.2,169.4,171.6,1486889,,https://api.nasdaq.com/api/quote/SPXU/historical?assetclass=etf&fromdate=2016-07-26&todate=2026-07-26&limit=5000
SPXU,2024-01-16,173.2,175.6,171.8,173.8,1899185,,https://api.nasdaq.com/api/quote/SPXU/historical?assetclass=etf&fromdate=2016-07-26&todate=2026-07-26&limit=5000
SPXU,2024-01-17,177.2,179.2,176,176.4,1468054,,https://api.nasdaq.com/api/quote/SPXU/historical?assetclass=etf&fromdate=2016-07-26&todate=2026-07-26&limit=5000
SPXU,2024-01-18,174.8,176.8,171.55,172,1782355,,https://api.nasdaq.com/api/quote/SPXU/historical?assetclass=etf&fromdate=2016-07-26&todate=2026-07-26&limit=5000
SPXU,2024-01-19,170.8,171.8,165.514,166,1801316,,https://api.nasdaq.com/api/quote/SPXU/historical?assetclass=etf&fromdate=2016-07-26&todate=2026-07-26&limit=5000
SPXU,2024-01-22,164.2,165.6,163,164.8,1074332,,https://api.nasdaq.com/api/quote/SPXU/historical?assetclass=etf&fromdate=2016-07-26&todate=2026-07-26&limit=5000
SPXU,2024-01-23,164.4,165.6,163.2,163.4,888597,,https://api.nasdaq.com/api/quote/SPXU/historical?assetclass=etf&fromdate=2016-07-26&todate=2026-07-26&limit=5000
SPXU,2024-01-24,160.6,163.4,159.6,163,1523256,,https://api.nasdaq.com/api/quote/SPXU/historical?assetclass=etf&fromdate=2016-07-26&todate=2026-07-26&limit=5000
SPXU,2024-01-25,160.8,163.3,160.2,160.6,1411012,,https://api.nasdaq.com/api/quote/SPXU/historical?assetclass=etf&fromdate=2016-07-26&todate=2026-07-26&limit=5000
SPXU,2024-01-26,161.2,162.2,159.6,161.4,1189969,,https://api.nasdaq.com/api/quote/SPXU/historical?assetclass=etf&fromdate=2016-07-26&todate=2026-07-26&limit=5000
SPXU,2024-01-29,161,161.8,157.4,157.8,1136681,,https://api.nasdaq.com/api/quote/SPXU/historical?assetclass=etf&fromdate=2016-07-26&todate=2026-07-26&limit=5000
SPXU,2024-01-30,158.2,158.8,157.2,158,905022,,https://api.nasdaq.com/api/quote/SPXU/historical?assetclass=etf&fromdate=2016-07-26&todate=2026-07-26&limit=5000
SPXU,2024-01-31,160.4,165.8,159.8,165.6,2046008,,https://api.nasdaq.com/api/quote/SPXU/historical?assetclass=etf&fromdate=2016-07-26&todate=2026-07-26&limit=5000
SPXU,2024-02-01,164.4,165.198,159.6,159.6,1912796,,https://api.nasdaq.com/api/quote/SPXU/historical?assetclass=etf&fromdate=2016-07-26&todate=2026-07-26&limit=5000
SPXU,2024-02-02,159.4,159.6,153,154.6,2011194,,https://api.nasdaq.com/api/quote/SPXU/historical?assetclass=etf&fromdate=2016-07-26&todate=2026-07-26&limit=5000
SPXU,2024-02-05,155.4,158.6,154.8,156.2,1320465,,https://api.nasdaq.com/api/quote/SPXU/historical?assetclass=etf&fromdate=2016-07-26&todate=2026-07-26&limit=5000
SPXU,2024-02-06,155.6,157,154.8,155.2,1092838,,https://api.nasdaq.com/api/quote/SPXU/historical?assetclass=etf&fromdate=2016-07-26&todate=2026-07-26&limit=5000
SPXU,2024-02-07,153,153.998,151,151.6,1473316,,https://api.nasdaq.com/api/quote/SPXU/historical?assetclass=etf&fromdate=2016-07-26&todate=2026-07-26&limit=5000
SPXU,2024-02-08,151.6,152.4,151,151.4,812561,,https://api.nasdaq.com/api/quote/SPXU/historical?assetclass=etf&fromdate=2016-07-26&todate=2026-07-26&limit=5000
SPXU,2024-02-09,150.8,151.4,148.4,148.8,1104976,,https://api.nasdaq.com/api/quote/SPXU/historical?assetclass=etf&fromdate=2016-07-26&todate=2026-07-26&limit=5000
SPXU,2024-02-12,149,149.798,146.8,149.2,835600,,https://api.nasdaq.com/api/quote/SPXU/historical?assetclass=etf&fromdate=2016-07-26&todate=2026-07-26&limit=5000
SPXU,2024-02-13,155,158.4,153.8,155.4,1866365,,https://api.nasdaq.com/api/quote/SPXU/historical?assetclass=etf&fromdate=2016-07-26&todate=2026-07-26&limit=5000
SPXU,2024-02-14,153,155.2,150.792,151,1769217,,https://api.nasdaq.com/api/quote/SPXU/historical?assetclass=etf&fromdate=2016-07-26&todate=2026-07-26&limit=5000
SPXU,2024-02-15,150.8,151.4,148.2,148.4,1280137,,https://api.nasdaq.com/api/quote/SPXU/historical?assetclass=etf&fromdate=2016-07-26&todate=2026-07-26&limit=5000
SPXU,2024-02-16,148.6,151.3,147.6,150.8,1626517,,https://api.nasdaq.com/api/quote/SPXU/historical?assetclass=etf&fromdate=2016-07-26&todate=2026-07-26&limit=5000
SPXU,2024-02-20,152.4,155.4,151.8,153.2,1357715,,https://api.nasdaq.com/api/quote/SPXU/historical?assetclass=etf&fromdate=2016-07-26&todate=2026-07-26&limit=5000
SPXU,2024-02-21,154.6,156.3,152.8,152.8,1373393,,https://api.nasdaq.com/api/quote/SPXU/historical?assetclass=etf&fromdate=2016-07-26&todate=2026-07-26&limit=5000
SPXU,2024-02-22,147,147.8,142.6,143.6,1829078,,https://api.nasdaq.com/api/quote/SPXU/historical?assetclass=etf&fromdate=2016-07-26&todate=2026-07-26&limit=5000
SPXU,2024-02-23,142.2,144,141.4,143.4,1259150,,https://api.nasdaq.com/api/quote/SPXU/historical?assetclass=etf&fromdate=2016-07-26&todate=2026-07-26&limit=5000
SPXU,2024-02-26,143.2,145.2,142.7,145.2,842422,,https://api.nasdaq.com/api/quote/SPXU/historical?assetclass=etf&fromdate=2016-07-26&todate=2026-07-26&limit=5000
SPXU,2024-02-27,144.6,146.2,144,144.4,731328,,https://api.nasdaq.com/api/quote/SPXU/historical?assetclass=etf&fromdate=2016-07-26&todate=2026-07-26&limit=5000
SPXU,2024-02-28,145.8,146.2,144.4,145,758211,,https://api.nasdaq.com/api/quote/SPXU/historical?assetclass=etf&fromdate=2016-07-26&todate=2026-07-26&limit=5000
SPXU,2024-02-29,143.4,146,142.2,143.6,1157031,,https://api.nasdaq.com/api/quote/SPXU/historical?assetclass=etf&fromdate=2016-07-26&todate=2026-07-26&limit=5000
SPXU,2024-03-01,142.8,143.3,139.232,139.6,1396903,,https://api.nasdaq.com/api/quote/SPXU/historical?assetclass=etf&fromdate=2016-07-26&todate=2026-07-26&limit=5000
SPXU,2024-03-04,140.3,140.4,138.6,140.2,875032,,https://api.nasdaq.com/api/quote/SPXU/historical?assetclass=etf&fromdate=2016-07-26&todate=2026-07-26&limit=5000
SPXU,2024-03-05,142,146.4,141.6,144.6,1363581,,https://api.nasdaq.com/api/quote/SPXU/historical?assetclass=etf&fromdate=2016-07-26&todate=2026-07-26&limit=5000
SPXU,2024-03-06,141.6,143.6,140.4,142.2,1598066,,https://api.nasdaq.com/api/quote/SPXU/historical?assetclass=etf&fromdate=2016-07-26&todate=2026-07-26&limit=5000
SPXU,2024-03-07,139.6,140.6,137.4,138.4,1056424,,https://api.nasdaq.com/api/quote/SPXU/historical?assetclass=etf&fromdate=2016-07-26&todate=2026-07-26&limit=5000
SPXU,2024-03-08,137.8,141.4,135.6,140.8,2029023,,https://api.nasdaq.com/api/quote/SPXU/historical?assetclass=etf&fromdate=2016-07-26&todate=2026-07-26&limit=5000
SPXU,2024-03-11,142,143.6,140.8,141.4,1185814,,https://api.nasdaq.com/api/quote/SPXU/historical?assetclass=etf&fromdate=2016-07-26&todate=2026-07-26&limit=5000
SPXU,2024-03-12,139.6,141.8,136.202,136.6,1560013,,https://api.nasdaq.com/api/quote/SPXU/historical?assetclass=etf&fromdate=2016-07-26&todate=2026-07-26&limit=5000
SPXU,2024-03-13,136.6,138.602,136.4,137.6,707860,,https://api.nasdaq.com/api/quote/SPXU/historical?assetclass=etf&fromdate=2016-07-26&todate=2026-07-26&limit=5000
SPXU,2024-03-14,137,141,136.8,138.6,1595945,,https://api.nasdaq.com/api/quote/SPXU/historical?assetclass=etf&fromdate=2016-07-26&todate=2026-07-26&limit=5000
SPXU,2024-03-15,141.6,142.8,140,141.4,1243551,,https://api.nasdaq.com/api/quote/SPXU/historical?assetclass=etf&fromdate=2016-07-26&todate=2026-07-26&limit=5000
SPXU,2024-03-18,138.2,139.4,136.8,139.2,884585,,https://api.nasdaq.com/api/quote/SPXU/historical?assetclass=etf&fromdate=2016-07-26&todate=2026-07-26&limit=5000
SPXU,2024-03-19,139.6,140.6,136.6,136.6,1053104,,https://api.nasdaq.com/api/quote/SPXU/historical?assetclass=etf&fromdate=2016-07-26&todate=2026-07-26&limit=5000
SPXU,2024-03-20,134.6,134.8,130.4,130.8,1355267,,https://api.nasdaq.com/api/quote/SPXU/historical?assetclass=etf&fromdate=2016-07-26&todate=2026-07-26&limit=5000
SPXU,2024-03-21,128.8,129.8,128,129.4,880592,,https://api.nasdaq.com/api/quote/SPXU/historical?assetclass=etf&fromdate=2016-07-26&todate=2026-07-26&limit=5000
SPXU,2024-03-22,129.6,130.6,129.2,130.2,867596,,https://api.nasdaq.com/api/quote/SPXU/historical?assetclass=etf&fromdate=2016-07-26&todate=2026-07-26&limit=5000
SPXU,2024-03-25,131.4,131.6,130.6,131.4,537951,,https://api.nasdaq.com/api/quote/SPXU/historical?assetclass=etf&fromdate=2016-07-26&todate=2026-07-26&limit=5000
SPXU,2024-03-26,130.4,132.6,130.2,132.4,480482,,https://api.nasdaq.com/api/quote/SPXU/historical?assetclass=etf&fromdate=2016-07-26&todate=2026-07-26&limit=5000
SPXU,2024-03-27,130.2,132,129,129,988511,,https://api.nasdaq.com/api/quote/SPXU/historical?assetclass=etf&fromdate=2016-07-26&todate=2026-07-26&limit=5000
SPXU,2024-03-28,129.4,129.6,128.2,129.2,695167,,https://api.nasdaq.com/api/quote/SPXU/historical?assetclass=etf&fromdate=2016-07-26&todate=2026-07-26&limit=5000
SPXU,2024-04-01,128.8,131,128.4,130.2,725873,,https://api.nasdaq.com/api/quote/SPXU/historical?assetclass=etf&fromdate=2016-07-26&todate=2026-07-26&limit=5000
SPXU,2024-04-02,133.2,134.4,132.416,132.6,792944,,https://api.nasdaq.com/api/quote/SPXU/historical?assetclass=etf&fromdate=2016-07-26&todate=2026-07-26&limit=5000
SPXU,2024-04-03,133.8,133.8,131,132.4,979063,,https://api.nasdaq.com/api/quote/SPXU/historical?assetclass=etf&fromdate=2016-07-26&todate=2026-07-26&limit=5000
SPXU,2024-04-04,129.4,137.6,129,137.4,1794602,,https://api.nasdaq.com/api/quote/SPXU/historical?assetclass=etf&fromdate=2016-07-26&todate=2026-07-26&limit=5000
SPXU,2024-04-05,136.4,136.6,131.402,133,2047759,,https://api.nasdaq.com/api/quote/SPXU/historical?assetclass=etf&fromdate=2016-07-26&todate=2026-07-26&limit=5000
SPXU,2024-04-08,132.8,133.6,131.8,133,951294,,https://api.nasdaq.com/api/quote/SPXU/historical?assetclass=etf&fromdate=2016-07-26&todate=2026-07-26&limit=5000
SPXU,2024-04-09,131.6,136.4,131.4,132.8,500000,,https://api.nasdaq.com/api/quote/SPXU/historical?assetclass=etf&fromdate=2016-07-26&todate=2026-07-26&limit=5000
SPXU,2024-04-10,137.12,138.16,135.08,136.52,4186250,,https://api.nasdaq.com/api/quote/SPXU/historical?assetclass=etf&fromdate=2016-07-26&todate=2026-07-26&limit=5000
SPXU,2024-04-11,135.64,138.44,132.58,133.72,2104044,,https://api.nasdaq.com/api/quote/SPXU/historical?assetclass=etf&fromdate=2016-07-26&todate=2026-07-26&limit=5000
SPXU,2024-04-12,136.64,140.64,135.528,139.44,2665770,,https://api.nasdaq.com/api/quote/SPXU/historical?assetclass=etf&fromdate=2016-07-26&todate=2026-07-26&limit=5000
SPXU,2024-04-15,135.88,145.36,135.76,144.56,3439263,,https://api.nasdaq.com/api/quote/SPXU/historical?assetclass=etf&fromdate=2016-07-26&todate=2026-07-26&limit=5000
SPXU,2024-04-16,144.32,146.64,143,145.52,2766585,,https://api.nasdaq.com/api/quote/SPXU/historical?assetclass=etf&fromdate=2016-07-26&todate=2026-07-26&limit=5000
SPXU,2024-04-17,143.44,149.44,143.28,148.28,2747423,,https://api.nasdaq.com/api/quote/SPXU/historical?assetclass=etf&fromdate=2016-07-26&todate=2026-07-26&limit=5000
SPXU,2024-04-18,147.16,150.16,145.28,149.32,2108071,,https://api.nasdaq.com/api/quote/SPXU/historical?assetclass=etf&fromdate=2016-07-26&todate=2026-07-26&limit=5000
SPXU,2024-04-19,149.52,154.52,148.6,153.32,3025938,,https://api.nasdaq.com/api/quote/SPXU/historical?assetclass=etf&fromdate=2016-07-26&todate=2026-07-26&limit=5000
SPXU,2024-04-22,150.88,153.2,146.72,149.36,1799018,,https://api.nasdaq.com/api/quote/SPXU/historical?assetclass=etf&fromdate=2016-07-26&todate=2026-07-26&limit=5000
SPXU,2024-04-23,147.44,147.94,143.6,143.96,1646569,,https://api.nasdaq.com/api/quote/SPXU/historical?assetclass=etf&fromdate=2016-07-26&todate=2026-07-26&limit=5000
SPXU,2024-04-24,143.24,146.24,142.6,144.16,1852616,,https://api.nasdaq.com/api/quote/SPXU/historical?assetclass=etf&fromdate=2016-07-26&todate=2026-07-26&limit=5000
SPXU,2024-04-25,149.84,151.28,145.48,146.08,2268621,,https://api.nasdaq.com/api/quote/SPXU/historical?assetclass=etf&fromdate=2016-07-26&todate=2026-07-26&limit=5000
SPXU,2024-04-26,143.68,144.28,140.68,142,1493079,,https://api.nasdaq.com/api/quote/SPXU/historical?assetclass=etf&fromdate=2016-07-26&todate=2026-07-26&limit=5000
SPXU,2024-04-29,140.6,142.96,140.04,140.68,1309295,,https://api.nasdaq.com/api/quote/SPXU/historical?assetclass=etf&fromdate=2016-07-26&todate=2026-07-26&limit=5000
SPXU,2024-04-30,141.96,147.4,141.08,147.4,1443639,,https://api.nasdaq.com/api/quote/SPXU/historical?assetclass=etf&fromdate=2016-07-26&todate=2026-07-26&limit=5000
SPXU,2024-05-01,148.04,149.32,142,148.84,2155364,,https://api.nasdaq.com/api/quote/SPXU/historical?assetclass=etf&fromdate=2016-07-26&todate=2026-07-26&limit=5000
SPXU,2024-05-02,145.68,149.84,144.2004,145.04,1683921,,https://api.nasdaq.com/api/quote/SPXU/historical?assetclass=etf&fromdate=2016-07-26&todate=2026-07-26&limit=5000
SPXU,2024-05-03,139.72,142,138.6,139.56,2227977,,https://api.nasdaq.com/api/quote/SPXU/historical?assetclass=etf&fromdate=2016-07-26&todate=2026-07-26&limit=5000
SPXU,2024-05-06,137.76,138.08,135.32,135.32,1772887,,https://api.nasdaq.com/api/quote/SPXU/historical?assetclass=etf&fromdate=2016-07-26&todate=2026-07-26&limit=5000
SPXU,2024-05-07,134.72,135.56,133.8988,134.92,1854631,,https://api.nasdaq.com/api/quote/SPXU/historical?assetclass=etf&fromdate=2016-07-26&todate=2026-07-26&limit=5000
SPXU,2024-05-08,136.52,136.64,134.6408,135,1387333,,https://api.nasdaq.com/api/quote/SPXU/historical?assetclass=etf&fromdate=2016-07-26&todate=2026-07-26&limit=5000
SPXU,2024-05-09,135.12,135.64,132.88,132.88,1687836,,https://api.nasdaq.com/api/quote/SPXU/historical?assetclass=etf&fromdate=2016-07-26&todate=2026-07-26&limit=5000
SPXU,2024-05-10,131.76,133.446,131.12,132.44,1407743,,https://api.nasdaq.com/api/quote/SPXU/historical?assetclass=etf&fromdate=2016-07-26&todate=2026-07-26&limit=5000
SPXU,2024-05-13,131.24,133.3624,131.16,132.52,790300,,https://api.nasdaq.com/api/quote/SPXU/historical?assetclass=etf&fromdate=2016-07-26&todate=2026-07-26&limit=5000
SPXU,2024-05-14,132.44,132.8396,130.36,130.72,1439228,,https://api.nasdaq.com/api/quote/SPXU/historical?assetclass=etf&fromdate=2016-07-26&todate=2026-07-26&limit=5000
SPXU,2024-05-15,128.92,129.4,125.74,125.96,1666690,,https://api.nasdaq.com/api/quote/SPXU/historical?assetclass=etf&fromdate=2016-07-26&todate=2026-07-26&limit=5000
SPXU,2024-05-16,126.12,127.04,124.96,127.04,1628778,,https://api.nasdaq.com/api/quote/SPXU/historical?assetclass=etf&fromdate=2016-07-26&todate=2026-07-26&limit=5000
SPXU,2024-05-17,126.96,128.02,126.46,126.52,1972524,,https://api.nasdaq.com/api/quote/SPXU/historical?assetclass=etf&fromdate=2016-07-26&todate=2026-07-26&limit=5000
SPXU,2024-05-20,126.44,126.72,125.0552,126.12,1254384,,https://api.nasdaq.com/api/quote/SPXU/historical?assetclass=etf&fromdate=2016-07-26&todate=2026-07-26&limit=5000
SPXU,2024-05-21,126.76,126.88,125.16,125.32,945972,,https://api.nasdaq.com/api/quote/SPXU/historical?assetclass=etf&fromdate=2016-07-26&todate=2026-07-26&limit=5000
SPXU,2024-05-22,125.84,128,125.32,126.48,1311740,,https://api.nasdaq.com/api/quote/SPXU/historical?assetclass=etf&fromdate=2016-07-26&todate=2026-07-26&limit=5000
SPXU,2024-05-23,124.36,130.326,124.32,129.44,3420735,,https://api.nasdaq.com/api/quote/SPXU/historical?assetclass=etf&fromdate=2016-07-26&todate=2026-07-26&limit=5000
SPXU,2024-05-24,128.12,128.84,126.38,126.92,2424842,,https://api.nasdaq.com/api/quote/SPXU/historical?assetclass=etf&fromdate=2016-07-26&todate=2026-07-26&limit=5000
SPXU,2024-05-28,126.44,128.68,126.24,126.76,2321401,,https://api.nasdaq.com/api/quote/SPXU/historical?assetclass=etf&fromdate=2016-07-26&todate=2026-07-26&limit=5000
SPXU,2024-05-29,129.8,130,128.6,129.52,2029237,,https://api.nasdaq.com/api/quote/SPXU/historical?assetclass=etf&fromdate=2016-07-26&todate=2026-07-26&limit=5000
SPXU,2024-05-30,130.72,133.08,130.2,132.2,2023178,,https://api.nasdaq.com/api/quote/SPXU/historical?assetclass=etf&fromdate=2016-07-26&todate=2026-07-26&limit=5000
SPXU,2024-05-31,131.6,135.6,128.64,128.84,2515583,,https://api.nasdaq.com/api/quote/SPXU/historical?assetclass=etf&fromdate=2016-07-26&todate=2026-07-26&limit=5000
SPXU,2024-06-03,127.6,132.352,125.56,128.56,2640755,,https://api.nasdaq.com/api/quote/SPXU/historical?assetclass=etf&fromdate=2016-07-26&todate=2026-07-26&limit=5000
SPXU,2024-06-04,129.6,130.6832,127.6,128.24,1996451,,https://api.nasdaq.com/api/quote/SPXU/historical?assetclass=etf&fromdate=2016-07-26&todate=2026-07-26&limit=5000
SPXU,2024-06-05,126.52,127.96,123.64,123.64,2249223,,https://api.nasdaq.com/api/quote/SPXU/historical?assetclass=etf&fromdate=2016-07-26&todate=2026-07-26&limit=5000
SPXU,2024-06-06,123.44,125.08,123.2,123.76,1280955,,https://api.nasdaq.com/api/quote/SPXU/historical?assetclass=etf&fromdate=2016-07-26&todate=2026-07-26&limit=5000
SPXU,2024-06-07,124.6,125.4324,122.42,124.4,1793874,,https://api.nasdaq.com/api/quote/SPXU/historical?assetclass=etf&fromdate=2016-07-26&todate=2026-07-26&limit=5000
SPXU,2024-06-10,125.04,125.48,123.08,123.36,1390173,,https://api.nasdaq.com/api/quote/SPXU/historical?assetclass=etf&fromdate=2016-07-26&todate=2026-07-26&limit=5000
SPXU,2024-06-11,124.46,125.88,122.44,122.56,1565817,,https://api.nasdaq.com/api/quote/SPXU/historical?assetclass=etf&fromdate=2016-07-26&todate=2026-07-26&limit=5000
SPXU,2024-06-12,119.36,120.28,117.68,119.52,3089695,,https://api.nasdaq.com/api/quote/SPXU/historical?assetclass=etf&fromdate=2016-07-26&todate=2026-07-26&limit=5000
SPXU,2024-06-13,118.4,120.76,118.3,118.92,1603519,,https://api.nasdaq.com/api/quote/SPXU/historical?assetclass=etf&fromdate=2016-07-26&todate=2026-07-26&limit=5000
SPXU,2024-06-14,120.08,120.8,118.84,118.84,1873722,,https://api.nasdaq.com/api/quote/SPXU/historical?assetclass=etf&fromdate=2016-07-26&todate=2026-07-26&limit=5000
SPXU,2024-06-17,119.36,119.7188,115.2,116.16,2041137,,https://api.nasdaq.com/api/quote/SPXU/historical?assetclass=etf&fromdate=2016-07-26&todate=2026-07-26&limit=5000
SPXU,2024-06-18,116.12,116.4388,115.24,115.32,1429631,,https://api.nasdaq.com/api/quote/SPXU/historical?assetclass=etf&fromdate=2016-07-26&todate=2026-07-26&limit=5000
SPXU,2024-06-20,114.84,117.46,114.36,116.4,2167076,,https://api.nasdaq.com/api/quote/SPXU/historical?assetclass=etf&fromdate=2016-07-26&todate=2026-07-26&limit=5000
SPXU,2024-06-21,117.04,117.92,116.24,117.24,2119100,,https://api.nasdaq.com/api/quote/SPXU/historical?assetclass=etf&fromdate=2016-07-26&todate=2026-07-26&limit=5000
SPXU,2024-06-24,117.2,118.26,115.5196,118.24,1701091,,https://api.nasdaq.com/api/quote/SPXU/historical?assetclass=etf&fromdate=2016-07-26&todate=2026-07-26&limit=5000
SPXU,2024-06-25,117.44,118.44,116.64,116.88,1088371,,https://api.nasdaq.com/api/quote/SPXU/historical?assetclass=etf&fromdate=2016-07-26&todate=2026-07-26&limit=5000
SPXU,2024-06-26,115.4,115.76,113.782,114.16,1138848,,https://api.nasdaq.com/api/quote/SPXU/historical?assetclass=etf&fromdate=2016-07-26&todate=2026-07-26&limit=5000
SPXU,2024-06-27,114.4,114.84,113.36,113.8,1154904,,https://api.nasdaq.com/api/quote/SPXU/historical?assetclass=etf&fromdate=2016-07-26&todate=2026-07-26&limit=5000
SPXU,2024-06-28,113.44,116.06,111.4804,115.28,2636613,,https://api.nasdaq.com/api/quote/SPXU/historical?assetclass=etf&fromdate=2016-07-26&todate=2026-07-26&limit=5000
SPXU,2024-07-01,114.4,116.4004,114.28,114.64,2089324,,https://api.nasdaq.com/api/quote/SPXU/historical?assetclass=etf&fromdate=2016-07-26&todate=2026-07-26&limit=5000
SPXU,2024-07-02,115.76,115.76,112.36,112.44,1284442,,https://api.nasdaq.com/api/quote/SPXU/historical?assetclass=etf&fromdate=2016-07-26&todate=2026-07-26&limit=5000
SPXU,2024-07-03,112.72,112.72,110.7844,111.04,1008143,,https://api.nasdaq.com/api/quote/SPXU/historical?assetclass=etf&fromdate=2016-07-26&todate=2026-07-26&limit=5000
SPXU,2024-07-05,111.04,111.4356,109.04,109.28,1720398,,https://api.nasdaq.com/api/quote/SPXU/historical?assetclass=etf&fromdate=2016-07-26&todate=2026-07-26&limit=5000
SPXU,2024-07-08,108.88,109.6,108.36,109,1353615,,https://api.nasdaq.com/api/quote/SPXU/historical?assetclass=etf&fromdate=2016-07-26&todate=2026-07-26&limit=5000
SPXU,2024-07-09,108.48,108.86,107.88,108.72,1239350,,https://api.nasdaq.com/api/quote/SPXU/historical?assetclass=etf&fromdate=2016-07-26&todate=2026-07-26&limit=5000
SPXU,2024-07-10,108,108.1996,105.34,105.6,1819481,,https://api.nasdaq.com/api/quote/SPXU/historical?assetclass=etf&fromdate=2016-07-26&todate=2026-07-26&limit=5000
SPXU,2024-07-11,105.52,108.68,105.0004,108.32,3054838,,https://api.nasdaq.com/api/quote/SPXU/historical?assetclass=etf&fromdate=2016-07-26&todate=2026-07-26&limit=5000
SPXU,2024-07-12,107.84,108.04,104.32,106.44,2696943,,https://api.nasdaq.com/api/quote/SPXU/historical?assetclass=etf&fromdate=2016-07-26&todate=2026-07-26&limit=5000
SPXU,2024-07-15,105.4,106.72,103.78,105.72,2862130,,https://api.nasdaq.com/api/quote/SPXU/historical?assetclass=etf&fromdate=2016-07-26&todate=2026-07-26&limit=5000
SPXU,2024-07-16,104.96,105.3604,103.6416,103.8,1654993,,https://api.nasdaq.com/api/quote/SPXU/historical?assetclass=etf&fromdate=2016-07-26&todate=2026-07-26&limit=5000
SPXU,2024-07-17,107.2,108.42,106.28,108.2,2231870,,https://api.nasdaq.com/api/quote/SPXU/historical?assetclass=etf&fromdate=2016-07-26&todate=2026-07-26&limit=5000
SPXU,2024-07-18,107.44,112.1156,106.8188,110.76,2104547,,https://api.nasdaq.com/api/quote/SPXU/historical?assetclass=etf&fromdate=2016-07-26&todate=2026-07-26&limit=5000
SPXU,2024-07-19,111.16,113.84,110.16,113.24,2504200,,https://api.nasdaq.com/api/quote/SPXU/historical?assetclass=etf&fromdate=2016-07-26&todate=2026-07-26&limit=5000
SPXU,2024-07-22,110.76,111.98,109.36,109.72,2037474,,https://api.nasdaq.com/api/quote/SPXU/historical?assetclass=etf&fromdate=2016-07-26&todate=2026-07-26&limit=5000
SPXU,2024-07-23,109.88,110.6256,108.56,110.4,1597600,,https://api.nasdaq.com/api/quote/SPXU/historical?assetclass=etf&fromdate=2016-07-26&todate=2026-07-26&limit=5000
SPXU,2024-07-24,113.36,118.44,113.16,117.84,3451288,,https://api.nasdaq.com/api/quote/SPXU/historical?assetclass=etf&fromdate=2016-07-26&todate=2026-07-26&limit=5000
SPXU,2024-07-25,117.84,120.42,113.84,119.88,4436490,,https://api.nasdaq.com/api/quote/SPXU/historical?assetclass=etf&fromdate=2016-07-26&todate=2026-07-26&limit=5000
SPXU,2024-07-26,117.4,117.92,114.12,116.08,2702475,,https://api.nasdaq.com/api/quote/SPXU/historical?assetclass=etf&fromdate=2016-07-26&todate=2026-07-26&limit=5000
SPXU,2024-07-29,115.04,117.12,114.36,115.88,1994140,,https://api.nasdaq.com/api/quote/SPXU/historical?assetclass=etf&fromdate=2016-07-26&todate=2026-07-26&limit=5000
SPXU,2024-07-30,114.92,119.8428,114.2592,117.76,2780980,,https://api.nasdaq.com/api/quote/SPXU/historical?assetclass=etf&fromdate=2016-07-26&todate=2026-07-26&limit=5000
SPXU,2024-07-31,113.24,114.08,110.28,112.24,3231500,,https://api.nasdaq.com/api/quote/SPXU/historical?assetclass=etf&fromdate=2016-07-26&todate=2026-07-26&limit=5000
SPXU,2024-08-01,110.96,119,109.5992,116.84,3692843,,https://api.nasdaq.com/api/quote/SPXU/historical?assetclass=etf&fromdate=2016-07-26&todate=2026-07-26&limit=5000
SPXU,2024-08-02,121.68,126.3204,120.94,123.48,4427225,,https://api.nasdaq.com/api/quote/SPXU/historical?assetclass=etf&fromdate=2016-07-26&todate=2026-07-26&limit=5000
SPXU,2024-08-05,138.48,139.44,130.16,134.24,6248415,,https://api.nasdaq.com/api/quote/SPXU/historical?assetclass=etf&fromdate=2016-07-26&todate=2026-07-26&limit=5000
SPXU,2024-08-06,133.04,134.12,124.84,130.68,5456188,,https://api.nasdaq.com/api/quote/SPXU/historical?assetclass=etf&fromdate=2016-07-26&todate=2026-07-26&limit=5000
SPXU,2024-08-07,126,133.88,123.72,133.52,3182690,,https://api.nasdaq.com/api/quote/SPXU/historical?assetclass=etf&fromdate=2016-07-26&todate=2026-07-26&limit=5000
SPXU,2024-08-08,129.44,131.04,123.7596,124.32,2510025,,https://api.nasdaq.com/api/quote/SPXU/historical?assetclass=etf&fromdate=2016-07-26&todate=2026-07-26&limit=5000
SPXU,2024-08-09,125.04,125.94,121.76,122.92,1758440,,https://api.nasdaq.com/api/quote/SPXU/historical?assetclass=etf&fromdate=2016-07-26&todate=2026-07-26&limit=5000
SPXU,2024-08-12,122.08,124.28,120.9624,122.72,1399631,,https://api.nasdaq.com/api/quote/SPXU/historical?assetclass=etf&fromdate=2016-07-26&todate=2026-07-26&limit=5000
SPXU,2024-08-13,120.44,120.6004,116.56,116.68,1734760,,https://api.nasdaq.com/api/quote/SPXU/historical?assetclass=etf&fromdate=2016-07-26&todate=2026-07-26&limit=5000
SPXU,2024-08-14,116.2,117.9604,114.84,115.68,1509214,,https://api.nasdaq.com/api/quote/SPXU/historical?assetclass=etf&fromdate=2016-07-26&todate=2026-07-26&limit=5000
SPXU,2024-08-15,112.04,112.4,109.5808,109.8,2157410,,https://api.nasdaq.com/api/quote/SPXU/historical?assetclass=etf&fromdate=2016-07-26&todate=2026-07-26&limit=5000
SPXU,2024-08-16,110.92,111.02,108.8,109.2,1452281,,https://api.nasdaq.com/api/quote/SPXU/historical?assetclass=etf&fromdate=2016-07-26&todate=2026-07-26&limit=5000
SPXU,2024-08-19,109,109.5,106.12,106.12,1305058,,https://api.nasdaq.com/api/quote/SPXU/historical?assetclass=etf&fromdate=2016-07-26&todate=2026-07-26&limit=5000
SPXU,2024-08-20,106.44,107.48,105.44,106.68,1267412,,https://api.nasdaq.com/api/quote/SPXU/historical?assetclass=etf&fromdate=2016-07-26&todate=2026-07-26&limit=5000
SPXU,2024-08-21,106.16,107.12,104.8076,105.6,1300029,,https://api.nasdaq.com/api/quote/SPXU/historical?assetclass=etf&fromdate=2016-07-26&todate=2026-07-26&limit=5000
SPXU,2024-08-22,104.6,108.88,104.2436,108.28,1584004,,https://api.nasdaq.com/api/quote/SPXU/historical?assetclass=etf&fromdate=2016-07-26&todate=2026-07-26&limit=5000
SPXU,2024-08-23,106.4,107.72,104.3596,104.96,2455067,,https://api.nasdaq.com/api/quote/SPXU/historical?assetclass=etf&fromdate=2016-07-26&todate=2026-07-26&limit=5000
SPXU,2024-08-26,104.4,106.7,103.9732,105.76,1178365,,https://api.nasdaq.com/api/quote/SPXU/historical?assetclass=etf&fromdate=2016-07-26&todate=2026-07-26&limit=5000
SPXU,2024-08-27,106.52,107.1596,105.04,105.4,1167902,,https://api.nasdaq.com/api/quote/SPXU/historical?assetclass=etf&fromdate=2016-07-26&todate=2026-07-26&limit=5000
SPXU,2024-08-28,105.6,109.06,105.36,107.24,1438635,,https://api.nasdaq.com/api/quote/SPXU/historical?assetclass=etf&fromdate=2016-07-26&todate=2026-07-26&limit=5000
SPXU,2024-08-29,106.12,107.92,104.2,107.32,2076902,,https://api.nasdaq.com/api/quote/SPXU/historical?assetclass=etf&fromdate=2016-07-26&todate=2026-07-26&limit=5000
SPXU,2024-08-30,106.12,108.2,104.14,104.56,1374896,,https://api.nasdaq.com/api/quote/SPXU/historical?assetclass=etf&fromdate=2016-07-26&todate=2026-07-26&limit=5000
SPXU,2024-09-03,106.24,112.34,106.08,110.92,2530065,,https://api.nasdaq.com/api/quote/SPXU/historical?assetclass=etf&fromdate=2016-07-26&todate=2026-07-26&limit=5000
SPXU,2024-09-04,112.16,112.55,109.586,111.72,3334370,,https://api.nasdaq.com/api/quote/SPXU/historical?assetclass=etf&fromdate=2016-07-26&todate=2026-07-26&limit=5000
SPXU,2024-09-05,111.8,114.04,110,112.56,2127907,,https://api.nasdaq.com/api/quote/SPXU/historical?assetclass=etf&fromdate=2016-07-26&todate=2026-07-26&limit=5000
SPXU,2024-09-06,112.56,119,111.52,118.44,3612668,,https://api.nasdaq.com/api/quote/SPXU/historical?assetclass=etf&fromdate=2016-07-26&todate=2026-07-26&limit=5000
SPXU,2024-09-09,115.64,116.94,113.66,114.48,2347879,,https://api.nasdaq.com/api/quote/SPXU/historical?assetclass=etf&fromdate=2016-07-26&todate=2026-07-26&limit=5000
SPXU,2024-09-10,113.32,116.48,112.84,113.08,2037130,,https://api.nasdaq.com/api/quote/SPXU/historical?assetclass=etf&fromdate=2016-07-26&todate=2026-07-26&limit=5000
SPXU,2024-09-11,113.16,118.64,109.06,109.72,3929170,,https://api.nasdaq.com/api/quote/SPXU/historical?assetclass=etf&fromdate=2016-07-26&todate=2026-07-26&limit=5000
SPXU,2024-09-12,109.36,110.68,106.76,107,2630700,,https://api.nasdaq.com/api/quote/SPXU/historical?assetclass=etf&fromdate=2016-07-26&todate=2026-07-26&limit=5000
SPXU,2024-09-13,106.76,106.92,104.84,105.44,1985487,,https://api.nasdaq.com/api/quote/SPXU/historical?assetclass=etf&fromdate=2016-07-26&todate=2026-07-26&limit=5000
SPXU,2024-09-16,105.64,106.68,104.8804,105,1464989,,https://api.nasdaq.com/api/quote/SPXU/historical?assetclass=etf&fromdate=2016-07-26&todate=2026-07-26&limit=5000
SPXU,2024-09-17,103.8,106.2396,103.02,104.92,2682470,,https://api.nasdaq.com/api/quote/SPXU/historical?assetclass=etf&fromdate=2016-07-26&todate=2026-07-26&limit=5000
SPXU,2024-09-18,104.64,106.28,101.88,106,3864563,,https://api.nasdaq.com/api/quote/SPXU/historical?assetclass=etf&fromdate=2016-07-26&todate=2026-07-26&limit=5000
SPXU,2024-09-19,100.56,102.24,99.536,100.68,3670778,,https://api.nasdaq.com/api/quote/SPXU/historical?assetclass=etf&fromdate=2016-07-26&todate=2026-07-26&limit=5000
SPXU,2024-09-20,101.48,102.92,100.76,101.32,2369484,,https://api.nasdaq.com/api/quote/SPXU/historical?assetclass=etf&fromdate=2016-07-26&todate=2026-07-26&limit=5000
SPXU,2024-09-23,100.76,101.4,100.22,100.64,1744090,,https://api.nasdaq.com/api/quote/SPXU/historical?assetclass=etf&fromdate=2016-07-26&todate=2026-07-26&limit=5000
SPXU,2024-09-24,100.2,101.76,99.74,99.76,2159501,,https://api.nasdaq.com/api/quote/SPXU/historical?assetclass=etf&fromdate=2016-07-26&todate=2026-07-26&limit=5000
SPXU,2024-09-25,98.12,99.24,97.72,98.68,1520660,,https://api.nasdaq.com/api/quote/SPXU/historical?assetclass=etf&fromdate=2016-07-26&todate=2026-07-26&limit=5000
SPXU,2024-09-26,96.44,98.7604,96.28,97.52,1774841,,https://api.nasdaq.com/api/quote/SPXU/historical?assetclass=etf&fromdate=2016-07-26&todate=2026-07-26&limit=5000
SPXU,2024-09-27,97.12,98.64,96.76,98.16,1826966,,https://api.nasdaq.com/api/quote/SPXU/historical?assetclass=etf&fromdate=2016-07-26&todate=2026-07-26&limit=5000
SPXU,2024-09-30,98.72,99.88,96.68,96.92,1982234,,https://api.nasdaq.com/api/quote/SPXU/historical?assetclass=etf&fromdate=2016-07-26&todate=2026-07-26&limit=5000
SPXU,2024-10-01,97.24,100.94,97.2,99.64,3369988,,https://api.nasdaq.com/api/quote/SPXU/historical?assetclass=etf&fromdate=2016-07-26&todate=2026-07-26&limit=5000
SPXU,2024-10-02,100.16,101.44,99,99.6,2403286,,https://api.nasdaq.com/api/quote/SPXU/historical?assetclass=etf&fromdate=2016-07-26&todate=2026-07-26&limit=5000
SPXU,2024-10-03,100.44,101.38,99.1204,100.16,2271214,,https://api.nasdaq.com/api/quote/SPXU/historical?assetclass=etf&fromdate=2016-07-26&todate=2026-07-26&limit=5000
SPXU,2024-10-04,97.92,100.12,97.3756,97.64,2494503,,https://api.nasdaq.com/api/quote/SPXU/historical?assetclass=etf&fromdate=2016-07-26&todate=2026-07-26&limit=5000
SPXU,2024-10-07,98.52,100.84,98.14,100.24,2163412,,https://api.nasdaq.com/api/quote/SPXU/historical?assetclass=etf&fromdate=2016-07-26&todate=2026-07-26&limit=5000
SPXU,2024-10-08,98.92,99.4,97.16,97.48,1977573,,https://api.nasdaq.com/api/quote/SPXU/historical?assetclass=etf&fromdate=2016-07-26&todate=2026-07-26&limit=5000
SPXU,2024-10-09,97.52,97.84,95.2,95.48,2260509,,https://api.nasdaq.com/api/quote/SPXU/historical?assetclass=etf&fromdate=2016-07-26&todate=2026-07-26&limit=5000
SPXU,2024-10-10,96.24,96.84,95.32,96,1782832,,https://api.nasdaq.com/api/quote/SPXU/historical?assetclass=etf&fromdate=2016-07-26&todate=2026-07-26&limit=5000
SPXU,2024-10-11,96.28,96.32,94.14,94.52,2252239,,https://api.nasdaq.com/api/quote/SPXU/historical?assetclass=etf&fromdate=2016-07-26&todate=2026-07-26&limit=5000
SPXU,2024-10-14,93.72,93.88,91.76,92.16,2270589,,https://api.nasdaq.com/api/quote/SPXU/historical?assetclass=etf&fromdate=2016-07-26&todate=2026-07-26&limit=5000
SPXU,2024-10-15,92.08,94.96,91.9588,94.36,2802233,,https://api.nasdaq.com/api/quote/SPXU/historical?assetclass=etf&fromdate=2016-07-26&todate=2026-07-26&limit=5000
SPXU,2024-10-16,94.4,94.8204,92.92,93.2,1097123,,https://api.nasdaq.com/api/quote/SPXU/historical?assetclass=etf&fromdate=2016-07-26&todate=2026-07-26&limit=5000
SPXU,2024-10-17,91.52,93.31,91.4,93.28,2003070,,https://api.nasdaq.com/api/quote/SPXU/historical?assetclass=etf&fromdate=2016-07-26&todate=2026-07-26&limit=5000
SPXU,2024-10-18,92.52,93.2368,91.88,92.28,1518675,,https://api.nasdaq.com/api/quote/SPXU/historical?assetclass=etf&fromdate=2016-07-26&todate=2026-07-26&limit=5000
SPXU,2024-10-21,92.68,94.2,92.2,92.8,2049008,,https://api.nasdaq.com/api/quote/SPXU/historical?assetclass=etf&fromdate=2016-07-26&todate=2026-07-26&limit=5000
SPXU,2024-10-22,94.04,94.36,92.4,92.96,1844208,,https://api.nasdaq.com/api/quote/SPXU/historical?assetclass=etf&fromdate=2016-07-26&todate=2026-07-26&limit=5000
SPXU,2024-10-23,94.04,97.2748,93.8,95.6,2342805,,https://api.nasdaq.com/api/quote/SPXU/historical?assetclass=etf&fromdate=2016-07-26&todate=2026-07-26&limit=5000
SPXU,2024-10-24,94.6,96.3196,94.6,95.04,1915667,,https://api.nasdaq.com/api/quote/SPXU/historical?assetclass=etf&fromdate=2016-07-26&todate=2026-07-26&limit=5000
SPXU,2024-10-25,94,95.7152,92.56,95.24,2350267,,https://api.nasdaq.com/api/quote/SPXU/historical?assetclass=etf&fromdate=2016-07-26&todate=2026-07-26&limit=5000
SPXU,2024-10-28,93.6,94.5228,93.56,94.44,1443415,,https://api.nasdaq.com/api/quote/SPXU/historical?assetclass=etf&fromdate=2016-07-26&todate=2026-07-26&limit=5000
SPXU,2024-10-29,94.92,95.62,93.44,93.96,1701232,,https://api.nasdaq.com/api/quote/SPXU/historical?assetclass=etf&fromdate=2016-07-26&todate=2026-07-26&limit=5000
SPXU,2024-10-30,94.28,95.2004,93.284,94.96,1888399,,https://api.nasdaq.com/api/quote/SPXU/historical?assetclass=etf&fromdate=2016-07-26&todate=2026-07-26&limit=5000
SPXU,2024-10-31,97.12,100.64,97.08,100.64,2620940,,https://api.nasdaq.com/api/quote/SPXU/historical?assetclass=etf&fromdate=2016-07-26&todate=2026-07-26&limit=5000
SPXU,2024-11-01,99.32,99.6796,97.04,99.48,3032550,,https://api.nasdaq.com/api/quote/SPXU/historical?assetclass=etf&fromdate=2016-07-26&todate=2026-07-26&limit=5000
SPXU,2024-11-04,99.44,101.12,98.72,100.16,2444157,,https://api.nasdaq.com/api/quote/SPXU/historical?assetclass=etf&fromdate=2016-07-26&todate=2026-07-26&limit=5000
SPXU,2024-11-05,99.72,99.8,96.56,96.56,2120580,,https://api.nasdaq.com/api/quote/SPXU/historical?assetclass=etf&fromdate=2016-07-26&todate=2026-07-26&limit=5000
SPXU,2024-11-06,90.28,92.2,88.94,89.4,4241013,,https://api.nasdaq.com/api/quote/SPXU/historical?assetclass=etf&fromdate=2016-07-26&todate=2026-07-26&limit=5000
SPXU,2024-11-07,88.48,88.52,86.88,87.32,2678713,,https://api.nasdaq.com/api/quote/SPXU/historical?assetclass=etf&fromdate=2016-07-26&todate=2026-07-26&limit=5000
SPXU,2024-11-08,87.28,87.28,85.76,86.32,2591370,,https://api.nasdaq.com/api/quote/SPXU/historical?assetclass=etf&fromdate=2016-07-26&todate=2026-07-26&limit=5000
SPXU,2024-11-11,85.68,86.9,85.52,86.12,2010769,,https://api.nasdaq.com/api/quote/SPXU/historical?assetclass=etf&fromdate=2016-07-26&todate=2026-07-26&limit=5000
SPXU,2024-11-12,86.2,88.06,85.96,86.96,3442260,,https://api.nasdaq.com/api/quote/SPXU/historical?assetclass=etf&fromdate=2016-07-26&todate=2026-07-26&limit=5000
SPXU,2024-11-13,86.84,87.88,86,86.92,3050525,,https://api.nasdaq.com/api/quote/SPXU/historical?assetclass=etf&fromdate=2016-07-26&todate=2026-07-26&limit=5000
SPXU,2024-11-14,86.88,88.9132,86.6408,88.64,2726378,,https://api.nasdaq.com/api/quote/SPXU/historical?assetclass=etf&fromdate=2016-07-26&todate=2026-07-26&limit=5000
SPXU,2024-11-15,90.36,92.9816,90.16,92.12,2852665,,https://api.nasdaq.com/api/quote/SPXU/historical?assetclass=etf&fromdate=2016-07-26&todate=2026-07-26&limit=5000
SPXU,2024-11-18,91.96,92.3996,90.4096,91.12,1726161,,https://api.nasdaq.com/api/quote/SPXU/historical?assetclass=etf&fromdate=2016-07-26&todate=2026-07-26&limit=5000
SPXU,2024-11-19,92.72,93.004,89.7604,90.08,2435937,,https://api.nasdaq.com/api/quote/SPXU/historical?assetclass=etf&fromdate=2016-07-26&todate=2026-07-26&limit=5000
SPXU,2024-11-20,90.08,92.76,89.956,90,2505275,,https://api.nasdaq.com/api/quote/SPXU/historical?assetclass=etf&fromdate=2016-07-26&todate=2026-07-26&limit=5000
SPXU,2024-11-21,88.76,91.5,88,88.64,3012053,,https://api.nasdaq.com/api/quote/SPXU/historical?assetclass=etf&fromdate=2016-07-26&todate=2026-07-26&limit=5000
SPXU,2024-11-22,88.8,89,87.6804,87.96,1703235,,https://api.nasdaq.com/api/quote/SPXU/historical?assetclass=etf&fromdate=2016-07-26&todate=2026-07-26&limit=5000
SPXU,2024-11-25,86.24,88.12,85.64,87.12,2566023,,https://api.nasdaq.com/api/quote/SPXU/historical?assetclass=etf&fromdate=2016-07-26&todate=2026-07-26&limit=5000
SPXU,2024-11-26,86.6,86.9092,85.48,85.72,2363461,,https://api.nasdaq.com/api/quote/SPXU/historical?assetclass=etf&fromdate=2016-07-26&todate=2026-07-26&limit=5000
SPXU,2024-11-27,85.96,87.28,85.7884,86.64,1282150,,https://api.nasdaq.com/api/quote/SPXU/historical?assetclass=etf&fromdate=2016-07-26&todate=2026-07-26&limit=5000
SPXU,2024-11-29,86.44,86.5,84.8,85.16,1184087,,https://api.nasdaq.com/api/quote/SPXU/historical?assetclass=etf&fromdate=2016-07-26&todate=2026-07-26&limit=5000
SPXU,2024-12-02,85,85.2396,84.44,84.68,1776648,,https://api.nasdaq.com/api/quote/SPXU/historical?assetclass=etf&fromdate=2016-07-26&todate=2026-07-26&limit=5000
SPXU,2024-12-03,84.84,85.3108,84.54,84.64,1310958,,https://api.nasdaq.com/api/quote/SPXU/historical?assetclass=etf&fromdate=2016-07-26&todate=2026-07-26&limit=5000
SPXU,2024-12-04,83.96,84.2404,83.04,83.12,2328058,,https://api.nasdaq.com/api/quote/SPXU/historical?assetclass=etf&fromdate=2016-07-26&todate=2026-07-26&limit=5000
SPXU,2024-12-05,83.16,83.7196,82.8,83.56,1377025,,https://api.nasdaq.com/api/quote/SPXU/historical?assetclass=etf&fromdate=2016-07-26&todate=2026-07-26&limit=5000
SPXU,2024-12-06,83.4,83.56,82.7,83.16,1550622,,https://api.nasdaq.com/api/quote/SPXU/historical?assetclass=etf&fromdate=2016-07-26&todate=2026-07-26&limit=5000
SPXU,2024-12-09,83.32,84.8,83.26,84.56,1491594,,https://api.nasdaq.com/api/quote/SPXU/historical?assetclass=etf&fromdate=2016-07-26&todate=2026-07-26&limit=5000
SPXU,2024-12-10,84.32,85.64,84.16,85.36,1352507,,https://api.nasdaq.com/api/quote/SPXU/historical?assetclass=etf&fromdate=2016-07-26&todate=2026-07-26&limit=5000
SPXU,2024-12-11,84.16,84.28,83,83.4,1845764,,https://api.nasdaq.com/api/quote/SPXU/historical?assetclass=etf&fromdate=2016-07-26&todate=2026-07-26&limit=5000
SPXU,2024-12-12,83.84,84.72,83.6,84.72,1351767,,https://api.nasdaq.com/api/quote/SPXU/historical?assetclass=etf&fromdate=2016-07-26&todate=2026-07-26&limit=5000
SPXU,2024-12-13,84,85.52,83.72,84.96,1723814,,https://api.nasdaq.com/api/quote/SPXU/historical?assetclass=etf&fromdate=2016-07-26&todate=2026-07-26&limit=5000
SPXU,2024-12-16,84.2,84.56,83.48,83.88,1610080,,https://api.nasdaq.com/api/quote/SPXU/historical?assetclass=etf&fromdate=2016-07-26&todate=2026-07-26&limit=5000
SPXU,2024-12-17,85.04,85.56,84.6136,85.04,1926002,,https://api.nasdaq.com/api/quote/SPXU/historical?assetclass=etf&fromdate=2016-07-26&todate=2026-07-26&limit=5000
SPXU,2024-12-18,85.12,92.76,84.1196,92.56,3640998,,https://api.nasdaq.com/api/quote/SPXU/historical?assetclass=etf&fromdate=2016-07-26&todate=2026-07-26&limit=5000
SPXU,2024-12-19,90.28,92.88,89.5,92.8,3755315,,https://api.nasdaq.com/api/quote/SPXU/historical?assetclass=etf&fromdate=2016-07-26&todate=2026-07-26&limit=5000
SPXU,2024-12-20,94.04,94.46,87.3924,89.64,4593708,,https://api.nasdaq.com/api/quote/SPXU/historical?assetclass=etf&fromdate=2016-07-26&todate=2026-07-26&limit=5000
SPXU,2024-12-23,87.8,89.24,85.86,86.08,2041416,,https://api.nasdaq.com/api/quote/SPXU/historical?assetclass=etf&fromdate=2016-07-26&todate=2026-07-26&limit=5000
SPXU,2024-12-24,85.6,85.86,83.32,83.32,992140,,https://api.nasdaq.com/api/quote/SPXU/historical?assetclass=etf&fromdate=2016-07-26&todate=2026-07-26&limit=5000
SPXU,2024-12-26,84.12,84.68,82.88,83.36,1615962,,https://api.nasdaq.com/api/quote/SPXU/historical?assetclass=etf&fromdate=2016-07-26&todate=2026-07-26&limit=5000
SPXU,2024-12-27,85.08,87.8796,84.96,86.04,3160303,,https://api.nasdaq.com/api/quote/SPXU/historical?assetclass=etf&fromdate=2016-07-26&todate=2026-07-26&limit=5000
SPXU,2024-12-30,89.28,90.7596,87.596,89.12,2880100,,https://api.nasdaq.com/api/quote/SPXU/historical?assetclass=etf&fromdate=2016-07-26&todate=2026-07-26&limit=5000
SPXU,2024-12-31,88.4,90.9028,88.08,90.12,2871850,,https://api.nasdaq.com/api/quote/SPXU/historical?assetclass=etf&fromdate=2016-07-26&todate=2026-07-26&limit=5000
SPXU,2025-01-02,88.68,92.78,87.88,90.92,3371315,,https://api.nasdaq.com/api/quote/SPXU/historical?assetclass=etf&fromdate=2016-07-26&todate=2026-07-26&limit=5000
SPXU,2025-01-03,89.64,90.1428,87.28,87.6,2888100,,https://api.nasdaq.com/api/quote/SPXU/historical?assetclass=etf&fromdate=2016-07-26&todate=2026-07-26&limit=5000
SPXU,2025-01-06,85.68,86.88,84.16,86.08,2714913,,https://api.nasdaq.com/api/quote/SPXU/historical?assetclass=etf&fromdate=2016-07-26&todate=2026-07-26&limit=5000
SPXU,2025-01-07,85.24,89.8788,85.1392,89,2804115,,https://api.nasdaq.com/api/quote/SPXU/historical?assetclass=etf&fromdate=2016-07-26&todate=2026-07-26&limit=5000
SPXU,2025-01-08,89.12,90.68,88.24,88.8,2586670,,https://api.nasdaq.com/api/quote/SPXU/historical?assetclass=etf&fromdate=2016-07-26&todate=2026-07-26&limit=5000
SPXU,2025-01-10,90.48,93.7996,90.46,92.88,3288903,,https://api.nasdaq.com/api/quote/SPXU/historical?assetclass=etf&fromdate=2016-07-26&todate=2026-07-26&limit=5000
SPXU,2025-01-13,95.24,95.4608,92.3792,92.48,2231275,,https://api.nasdaq.com/api/quote/SPXU/historical?assetclass=etf&fromdate=2016-07-26&todate=2026-07-26&limit=5000
SPXU,2025-01-14,91.16,94.04,90.8796,92.24,2274508,,https://api.nasdaq.com/api/quote/SPXU/historical?assetclass=etf&fromdate=2016-07-26&todate=2026-07-26&limit=5000
SPXU,2025-01-15,88.36,88.92,86.68,87.24,2908998,,https://api.nasdaq.com/api/quote/SPXU/historical?assetclass=etf&fromdate=2016-07-26&todate=2026-07-26&limit=5000
SPXU,2025-01-16,86.64,88.0404,86.56,87.72,1851183,,https://api.nasdaq.com/api/quote/SPXU/historical?assetclass=etf&fromdate=2016-07-26&todate=2026-07-26&limit=5000
SPXU,2025-01-17,85.6,86.12,84.48,85.28,2492256,,https://api.nasdaq.com/api/quote/SPXU/historical?assetclass=etf&fromdate=2016-07-26&todate=2026-07-26&limit=5000
SPXU,2025-01-21,84,84.82,82.96,82.96,2306475,,https://api.nasdaq.com/api/quote/SPXU/historical?assetclass=etf&fromdate=2016-07-26&todate=2026-07-26&limit=5000
SPXU,2025-01-22,81.8,82.0396,81.04,81.64,1676216,,https://api.nasdaq.com/api/quote/SPXU/historical?assetclass=etf&fromdate=2016-07-26&todate=2026-07-26&limit=5000
SPXU,2025-01-23,81.92,82,80.32,80.32,2238854,,https://api.nasdaq.com/api/quote/SPXU/historical?assetclass=etf&fromdate=2016-07-26&todate=2026-07-26&limit=5000
SPXU,2025-01-24,80.4,81.5604,80.0008,81.16,1648906,,https://api.nasdaq.com/api/quote/SPXU/historical?assetclass=etf&fromdate=2016-07-26&todate=2026-07-26&limit=5000
SPXU,2025-01-27,86.44,86.48,84.48,84.56,3430545,,https://api.nasdaq.com/api/quote/SPXU/historical?assetclass=etf&fromdate=2016-07-26&todate=2026-07-26&limit=5000
SPXU,2025-01-28,84.12,85.5148,82.1,82.48,2675518,,https://api.nasdaq.com/api/quote/SPXU/historical?assetclass=etf&fromdate=2016-07-26&todate=2026-07-26&limit=5000
SPXU,2025-01-29,82.8,84.64,82.64,83.56,3074865,,https://api.nasdaq.com/api/quote/SPXU/historical?assetclass=etf&fromdate=2016-07-26&todate=2026-07-26&limit=5000
SPXU,2025-01-30,82.72,84.06,81.6404,82.32,2986158,,https://api.nasdaq.com/api/quote/SPXU/historical?assetclass=etf&fromdate=2016-07-26&todate=2026-07-26&limit=5000
SPXU,2025-01-31,81.36,84.0004,80.3976,83.72,3631030,,https://api.nasdaq.com/api/quote/SPXU/historical?assetclass=etf&fromdate=2016-07-26&todate=2026-07-26&limit=5000
SPXU,2025-02-03,87.56,88.48,84.4,85.4,4909150,,https://api.nasdaq.com/api/quote/SPXU/historical?assetclass=etf&fromdate=2016-07-26&todate=2026-07-26&limit=5000
SPXU,2025-02-04,85.44,85.656,83.5344,83.72,2774848,,https://api.nasdaq.com/api/quote/SPXU/historical?assetclass=etf&fromdate=2016-07-26&todate=2026-07-26&limit=5000
SPXU,2025-02-05,84.2,85.12,82.6884,82.76,2247830,,https://api.nasdaq.com/api/quote/SPXU/historical?assetclass=etf&fromdate=2016-07-26&todate=2026-07-26&limit=5000
SPXU,2025-02-06,82.08,83.4404,81.88,81.88,3049260,,https://api.nasdaq.com/api/quote/SPXU/historical?assetclass=etf&fromdate=2016-07-26&todate=2026-07-26&limit=5000
SPXU,2025-02-07,81.84,84.5804,81.32,84.28,3125575,,https://api.nasdaq.com/api/quote/SPXU/historical?assetclass=etf&fromdate=2016-07-26&todate=2026-07-26&limit=5000
SPXU,2025-02-10,82.96,83.48,82.3604,82.64,2503230,,https://api.nasdaq.com/api/quote/SPXU/historical?assetclass=etf&fromdate=2016-07-26&todate=2026-07-26&limit=5000
SPXU,2025-02-11,83.6,83.64,82.24,82.48,2940688,,https://api.nasdaq.com/api/quote/SPXU/historical?assetclass=etf&fromdate=2016-07-26&todate=2026-07-26&limit=5000
SPXU,2025-02-12,85,85.2772,82.8,83.28,3523300,,https://api.nasdaq.com/api/quote/SPXU/historical?assetclass=etf&fromdate=2016-07-26&todate=2026-07-26&limit=5000
SPXU,2025-02-13,82.84,83.4,80.6,80.68,3996075,,https://api.nasdaq.com/api/quote/SPXU/historical?assetclass=etf&fromdate=2016-07-26&todate=2026-07-26&limit=5000
SPXU,2025-02-14,80.76,81.12,80.3604,80.84,2920463,,https://api.nasdaq.com/api/quote/SPXU/historical?assetclass=etf&fromdate=2016-07-26&todate=2026-07-26&limit=5000
SPXU,2025-02-18,80.4,81.4272,80.24,80.28,2608703,,https://api.nasdaq.com/api/quote/SPXU/historical?assetclass=etf&fromdate=2016-07-26&todate=2026-07-26&limit=5000
SPXU,2025-02-19,80.8,81,79.56,79.68,2544245,,https://api.nasdaq.com/api/quote/SPXU/historical?assetclass=etf&fromdate=2016-07-26&todate=2026-07-26&limit=5000
SPXU,2025-02-20,80.24,81.98,80.2,80.68,2313664,,https://api.nasdaq.com/api/quote/SPXU/historical?assetclass=etf&fromdate=2016-07-26&todate=2026-07-26&limit=5000
SPXU,2025-02-21,80.88,85.16,80.88,84.92,3728595,,https://api.nasdaq.com/api/quote/SPXU/historical?assetclass=etf&fromdate=2016-07-26&todate=2026-07-26&limit=5000
SPXU,2025-02-24,84.12,86.46,83.68,86.16,3777953,,https://api.nasdaq.com/api/quote/SPXU/historical?assetclass=etf&fromdate=2016-07-26&todate=2026-07-26&limit=5000
SPXU,2025-02-25,86.24,89.5196,85.88,87.52,3358030,,https://api.nasdaq.com/api/quote/SPXU/historical?assetclass=etf&fromdate=2016-07-26&todate=2026-07-26&limit=5000
SPXU,2025-02-26,86.8,88.5996,85.1784,87.48,3191710,,https://api.nasdaq.com/api/quote/SPXU/historical?assetclass=etf&fromdate=2016-07-26&todate=2026-07-26&limit=5000
SPXU,2025-02-27,86.4,91.84,85.9,91.6,4285530,,https://api.nasdaq.com/api/quote/SPXU/historical?assetclass=etf&fromdate=2016-07-26&todate=2026-07-26&limit=5000
SPXU,2025-02-28,91.56,92.98,87.22,87.52,4423978,,https://api.nasdaq.com/api/quote/SPXU/historical?assetclass=etf&fromdate=2016-07-26&todate=2026-07-26&limit=5000
SPXU,2025-03-03,86.64,93.82,86.12,92.04,5077965,,https://api.nasdaq.com/api/quote/SPXU/historical?assetclass=etf&fromdate=2016-07-26&todate=2026-07-26&limit=5000
SPXU,2025-03-04,94.04,97.6,91.4004,95.44,5745633,,https://api.nasdaq.com/api/quote/SPXU/historical?assetclass=etf&fromdate=2016-07-26&todate=2026-07-26&limit=5000
SPXU,2025-03-05,95.56,97.32,91.48,92.44,4456583,,https://api.nasdaq.com/api/quote/SPXU/historical?assetclass=etf&fromdate=2016-07-26&todate=2026-07-26&limit=5000
SPXU,2025-03-06,96.04,98.586,93.8,97.32,3879640,,https://api.nasdaq.com/api/quote/SPXU/historical?assetclass=etf&fromdate=2016-07-26&todate=2026-07-26&limit=5000
SPXU,2025-03-07,98.4,101.052,95.12,95.88,4786243,,https://api.nasdaq.com/api/quote/SPXU/historical?assetclass=etf&fromdate=2016-07-26&todate=2026-07-26&limit=5000
SPXU,2025-03-10,100.04,106.0796,99.12,103.52,4148395,,https://api.nasdaq.com/api/quote/SPXU/historical?assetclass=etf&fromdate=2016-07-26&todate=2026-07-26&limit=5000
SPXU,2025-03-11,104.32,108.3404,102.3668,106.12,5068313,,https://api.nasdaq.com/api/quote/SPXU/historical?assetclass=etf&fromdate=2016-07-26&todate=2026-07-26&limit=5000
SPXU,2025-03-12,102.68,107.52,102.16,104.56,4116125,,https://api.nasdaq.com/api/quote/SPXU/historical?assetclass=etf&fromdate=2016-07-26&todate=2026-07-26&limit=5000
SPXU,2025-03-13,104.84,109.76,104.48,108.76,3209885,,https://api.nasdaq.com/api/quote/SPXU/historical?assetclass=etf&fromdate=2016-07-26&todate=2026-07-26&limit=5000
SPXU,2025-03-14,106.2,106.48,101.6,102.2,3870015,,https://api.nasdaq.com/api/quote/SPXU/historical?assetclass=etf&fromdate=2016-07-26&todate=2026-07-26&limit=5000
SPXU,2025-03-17,102.36,102.48,98.48,99.92,2746398,,https://api.nasdaq.com/api/quote/SPXU/historical?assetclass=etf&fromdate=2016-07-26&todate=2026-07-26&limit=5000
SPXU,2025-03-18,101.16,104.24,101.0616,103.08,2535110,,https://api.nasdaq.com/api/quote/SPXU/historical?assetclass=etf&fromdate=2016-07-26&todate=2026-07-26&limit=5000
SPXU,2025-03-19,102.24,102.8796,97.74,99.92,4075000,,https://api.nasdaq.com/api/quote/SPXU/historical?assetclass=etf&fromdate=2016-07-26&todate=2026-07-26&limit=5000
SPXU,2025-03-20,101.88,102.28,98.1,100.64,2112552,,https://api.nasdaq.com/api/quote/SPXU/historical?assetclass=etf&fromdate=2016-07-26&todate=2026-07-26&limit=5000
SPXU,2025-03-21,103.34,104,100.34,100.68,2591300,,https://api.nasdaq.com/api/quote/SPXU/historical?assetclass=etf&fromdate=2016-07-26&todate=2026-07-26&limit=5000
SPXU,2025-03-24,97.16,97.52,94.92,95.52,3274335,,https://api.nasdaq.com/api/quote/SPXU/historical?assetclass=etf&fromdate=2016-07-26&todate=2026-07-26&limit=5000
SPXU,2025-03-25,94.88,95.64,94.3204,94.84,2820813,,https://api.nasdaq.com/api/quote/SPXU/historical?assetclass=etf&fromdate=2016-07-26&todate=2026-07-26&limit=5000
SPXU,2025-03-26,93.96,97.866,93.44,97.08,3413528,,https://api.nasdaq.com/api/quote/SPXU/historical?assetclass=etf&fromdate=2016-07-26&todate=2026-07-26&limit=5000
SPXU,2025-03-27,97.92,99.08,96.0428,98.04,2543175,,https://api.nasdaq.com/api/quote/SPXU/historical?assetclass=etf&fromdate=2016-07-26&todate=2026-07-26&limit=5000
SPXU,2025-03-28,98.96,104.36,98.5684,104,3008393,,https://api.nasdaq.com/api/quote/SPXU/historical?assetclass=etf&fromdate=2016-07-26&todate=2026-07-26&limit=5000
SPXU,2025-03-31,107.4,109.0284,101.32,102.12,3886773,,https://api.nasdaq.com/api/quote/SPXU/historical?assetclass=etf&fromdate=2016-07-26&todate=2026-07-26&limit=5000
SPXU,2025-04-01,103.12,105.24,100.1612,101.12,4027878,,https://api.nasdaq.com/api/quote/SPXU/historical?assetclass=etf&fromdate=2016-07-26&todate=2026-07-26&limit=5000
SPXU,2025-04-02,104.44,104.58,97.7604,99.28,3997285,,https://api.nasdaq.com/api/quote/SPXU/historical?assetclass=etf&fromdate=2016-07-26&todate=2026-07-26&limit=5000
SPXU,2025-04-03,109.6,113.8788,108.08,113.4,4643085,,https://api.nasdaq.com/api/quote/SPXU/historical?assetclass=etf&fromdate=2016-07-26&todate=2026-07-26&limit=5000
SPXU,2025-04-04,122.56,134.24,121.16,134.04,7035265,,https://api.nasdaq.com/api/quote/SPXU/historical?assetclass=etf&fromdate=2016-07-26&todate=2026-07-26&limit=5000
SPXU,2025-04-07,147.12,153,120.0804,134.96,8377625,,https://api.nasdaq.com/api/quote/SPXU/historical?assetclass=etf&fromdate=2016-07-26&todate=2026-07-26&limit=5000
SPXU,2025-04-08,121,147.26,118.5804,141.08,7366620,,https://api.nasdaq.com/api/quote/SPXU/historical?assetclass=etf&fromdate=2016-07-26&todate=2026-07-26&limit=5000
SPXU,2025-04-09,144.12,144.44,98.92,101.56,9172008,,https://api.nasdaq.com/api/quote/SPXU/historical?assetclass=etf&fromdate=2016-07-26&todate=2026-07-26&limit=5000
SPXU,2025-04-10,107.56,120.2,106.92,111.72,10194998,,https://api.nasdaq.com/api/quote/SPXU/historical?assetclass=etf&fromdate=2016-07-26&todate=2026-07-26&limit=5000
SPXU,2025-04-11,113.08,114.88,104.48,106.08,5388008,,https://api.nasdaq.com/api/quote/SPXU/historical?assetclass=etf&fromdate=2016-07-26&todate=2026-07-26&limit=5000
SPXU,2025-04-14,100.08,106.08,99.92,103.08,4668623,,https://api.nasdaq.com/api/quote/SPXU/historical?assetclass=etf&fromdate=2016-07-26&todate=2026-07-26&limit=5000
SPXU,2025-04-15,102.72,104.3612,100.6812,103.84,2985953,,https://api.nasdaq.com/api/quote/SPXU/historical?assetclass=etf&fromdate=2016-07-26&todate=2026-07-26&limit=5000
SPXU,2025-04-16,107.44,113.96,105.44,110.88,4200780,,https://api.nasdaq.com/api/quote/SPXU/historical?assetclass=etf&fromdate=2016-07-26&todate=2026-07-26&limit=5000
SPXU,2025-04-17,109.92,112.22,107.6004,110.72,5862630,,https://api.nasdaq.com/api/quote/SPXU/historical?assetclass=etf&fromdate=2016-07-26&todate=2026-07-26&limit=5000
SPXU,2025-04-21,113.96,121.9996,113.68,118.48,5823890,,https://api.nasdaq.com/api/quote/SPXU/historical?assetclass=etf&fromdate=2016-07-26&todate=2026-07-26&limit=5000
SPXU,2025-04-22,114.28,114.96,108,109.56,4679358,,https://api.nasdaq.com/api/quote/SPXU/historical?assetclass=etf&fromdate=2016-07-26&todate=2026-07-26&limit=5000
SPXU,2025-04-23,101.28,105.32,98.24,104.52,5384838,,https://api.nasdaq.com/api/quote/SPXU/historical?assetclass=etf&fromdate=2016-07-26&todate=2026-07-26&limit=5000
SPXU,2025-04-24,103.68,104.36,97.52,97.96,3634835,,https://api.nasdaq.com/api/quote/SPXU/historical?assetclass=etf&fromdate=2016-07-26&todate=2026-07-26&limit=5000
SPXU,2025-04-25,97.92,99.58,95.6484,95.88,3970428,,https://api.nasdaq.com/api/quote/SPXU/historical?assetclass=etf&fromdate=2016-07-26&todate=2026-07-26&limit=5000
SPXU,2025-04-28,95.48,98.8,94.38,95.72,2819058,,https://api.nasdaq.com/api/quote/SPXU/historical?assetclass=etf&fromdate=2016-07-26&todate=2026-07-26&limit=5000
SPXU,2025-04-29,96.84,96.96,93.44,94.12,3455373,,https://api.nasdaq.com/api/quote/SPXU/historical?assetclass=etf&fromdate=2016-07-26&todate=2026-07-26&limit=5000
SPXU,2025-04-30,97.52,100.6,92.92,93.84,6235598,,https://api.nasdaq.com/api/quote/SPXU/historical?assetclass=etf&fromdate=2016-07-26&todate=2026-07-26&limit=5000
SPXU,2025-05-01,91.04,92.32,89.22,92.04,4635235,,https://api.nasdaq.com/api/quote/SPXU/historical?assetclass=etf&fromdate=2016-07-26&todate=2026-07-26&limit=5000
SPXU,2025-05-02,89.08,90.2,87.24,88.04,4530348,,https://api.nasdaq.com/api/quote/SPXU/historical?assetclass=etf&fromdate=2016-07-26&todate=2026-07-26&limit=5000
SPXU,2025-05-05,90,90.44,88.12,89.56,2932193,,https://api.nasdaq.com/api/quote/SPXU/historical?assetclass=etf&fromdate=2016-07-26&todate=2026-07-26&limit=5000
SPXU,2025-05-06,92.28,92.7596,89.72,91.76,3000750,,https://api.nasdaq.com/api/quote/SPXU/historical?assetclass=etf&fromdate=2016-07-26&todate=2026-07-26&limit=5000
SPXU,2025-05-07,91.2,93.3196,89.48,90.72,3885418,,https://api.nasdaq.com/api/quote/SPXU/historical?assetclass=etf&fromdate=2016-07-26&todate=2026-07-26&limit=5000
SPXU,2025-05-08,88.8,90.5596,86.3662,89,4127415,,https://api.nasdaq.com/api/quote/SPXU/historical?assetclass=etf&fromdate=2016-07-26&todate=2026-07-26&limit=5000
SPXU,2025-05-09,88.36,90.08,87.88,89.4,2502453,,https://api.nasdaq.com/api/quote/SPXU/historical?assetclass=etf&fromdate=2016-07-26&todate=2026-07-26&limit=5000
SPXU,2025-05-12,81.24,83.3964,80.56,80.6,4912788,,https://api.nasdaq.com/api/quote/SPXU/historical?assetclass=etf&fromdate=2016-07-26&todate=2026-07-26&limit=5000
SPXU,2025-05-13,80.4,80.66,78.08,79.04,4099265,,https://api.nasdaq.com/api/quote/SPXU/historical?assetclass=etf&fromdate=2016-07-26&todate=2026-07-26&limit=5000
SPXU,2025-05-14,78.6,79.5596,78.16,78.72,3667505,,https://api.nasdaq.com/api/quote/SPXU/historical?assetclass=etf&fromdate=2016-07-26&todate=2026-07-26&limit=5000
SPXU,2025-05-15,79.56,79.7896,77.44,77.64,4349385,,https://api.nasdaq.com/api/quote/SPXU/historical?assetclass=etf&fromdate=2016-07-26&todate=2026-07-26&limit=5000
SPXU,2025-05-16,77.4,78.2,76.14,76.2,4521865,,https://api.nasdaq.com/api/quote/SPXU/historical?assetclass=etf&fromdate=2016-07-26&todate=2026-07-26&limit=5000
SPXU,2025-05-19,78.6,78.64,75.76,75.96,4866715,,https://api.nasdaq.com/api/quote/SPXU/historical?assetclass=etf&fromdate=2016-07-26&todate=2026-07-26&limit=5000
SPXU,2025-05-20,76.76,78.0404,76.3672,76.84,2932805,,https://api.nasdaq.com/api/quote/SPXU/historical?assetclass=etf&fromdate=2016-07-26&todate=2026-07-26&limit=5000
SPXU,2025-05-21,78.6,81.16,76.96,80.72,4303360,,https://api.nasdaq.com/api/quote/SPXU/historical?assetclass=etf&fromdate=2016-07-26&todate=2026-07-26&limit=5000
SPXU,2025-05-22,80.92,81.4,79.24,80.76,3389970,,https://api.nasdaq.com/api/quote/SPXU/historical?assetclass=etf&fromdate=2016-07-26&todate=2026-07-26&limit=5000
SPXU,2025-05-23,83.84,84,81.44,82.48,4101885,,https://api.nasdaq.com/api/quote/SPXU/historical?assetclass=etf&fromdate=2016-07-26&todate=2026-07-26&limit=5000
SPXU,2025-05-27,79.56,80.312,77.36,77.48,3054188,,https://api.nasdaq.com/api/quote/SPXU/historical?assetclass=etf&fromdate=2016-07-26&todate=2026-07-26&limit=5000
SPXU,2025-05-28,77.28,79.0608,76.832,78.8,3439743,,https://api.nasdaq.com/api/quote/SPXU/historical?assetclass=etf&fromdate=2016-07-26&todate=2026-07-26&limit=5000
SPXU,2025-05-29,76.64,79.48,76.64,77.92,3121505,,https://api.nasdaq.com/api/quote/SPXU/historical?assetclass=etf&fromdate=2016-07-26&todate=2026-07-26&limit=5000
SPXU,2025-05-30,78.48,80.7,77.6,78.32,4086155,,https://api.nasdaq.com/api/quote/SPXU/historical?assetclass=etf&fromdate=2016-07-26&todate=2026-07-26&limit=5000
SPXU,2025-06-02,78.96,80,76.96,77,3919750,,https://api.nasdaq.com/api/quote/SPXU/historical?assetclass=etf&fromdate=2016-07-26&todate=2026-07-26&limit=5000
SPXU,2025-06-03,77.16,77.32,75.3236,75.68,3399855,,https://api.nasdaq.com/api/quote/SPXU/historical?assetclass=etf&fromdate=2016-07-26&todate=2026-07-26&limit=5000
SPXU,2025-06-04,75.4,75.96,75.04,75.84,2648425,,https://api.nasdaq.com/api/quote/SPXU/historical?assetclass=etf&fromdate=2016-07-26&todate=2026-07-26&limit=5000
SPXU,2025-06-05,75.16,77.68,74.68,76.96,3744798,,https://api.nasdaq.com/api/quote/SPXU/historical?assetclass=etf&fromdate=2016-07-26&todate=2026-07-26&limit=5000
SPXU,2025-06-06,74.92,75.56,74.04,74.68,3942033,,https://api.nasdaq.com/api/quote/SPXU/historical?assetclass=etf&fromdate=2016-07-26&todate=2026-07-26&limit=5000
SPXU,2025-06-09,74.48,74.96,73.92,74.56,2492736,,https://api.nasdaq.com/api/quote/SPXU/historical?assetclass=etf&fromdate=2016-07-26&todate=2026-07-26&limit=5000
SPXU,2025-06-10,74.32,74.7204,73.12,73.28,3332485,,https://api.nasdaq.com/api/quote/SPXU/historical?assetclass=etf&fromdate=2016-07-26&todate=2026-07-26&limit=5000
SPXU,2025-06-11,72.88,74.6796,72.56,73.92,3714908,,https://api.nasdaq.com/api/quote/SPXU/historical?assetclass=etf&fromdate=2016-07-26&todate=2026-07-26&limit=5000
SPXU,2025-06-12,74.48,74.66,73.08,73.12,4428140,,https://api.nasdaq.com/api/quote/SPXU/historical?assetclass=etf&fromdate=2016-07-26&todate=2026-07-26&limit=5000
SPXU,2025-06-13,75.12,76.18,73.88,75.68,5429438,,https://api.nasdaq.com/api/quote/SPXU/historical?assetclass=etf&fromdate=2016-07-26&todate=2026-07-26&limit=5000
SPXU,2025-06-16,74.4,74.4396,72.84,73.48,3360813,,https://api.nasdaq.com/api/quote/SPXU/historical?assetclass=etf&fromdate=2016-07-26&todate=2026-07-26&limit=5000
SPXU,2025-06-17,74.48,75.72,73.88,75.44,3521690,,https://api.nasdaq.com/api/quote/SPXU/historical?assetclass=etf&fromdate=2016-07-26&todate=2026-07-26&limit=5000
SPXU,2025-06-18,75.16,75.9,74.12,75.56,3924980,,https://api.nasdaq.com/api/quote/SPXU/historical?assetclass=etf&fromdate=2016-07-26&todate=2026-07-26&limit=5000
SPXU,2025-06-20,74.56,76.72,74.2,76.24,3938638,,https://api.nasdaq.com/api/quote/SPXU/historical?assetclass=etf&fromdate=2016-07-26&todate=2026-07-26&limit=5000
SPXU,2025-06-23,75.96,77.12,73.8,73.92,6443228,,https://api.nasdaq.com/api/quote/SPXU/historical?assetclass=etf&fromdate=2016-07-26&todate=2026-07-26&limit=5000
SPXU,2025-06-24,72.44,72.76,71.16,71.56,5831215,,https://api.nasdaq.com/api/quote/SPXU/historical?assetclass=etf&fromdate=2016-07-26&todate=2026-07-26&limit=5000
SPXU,2025-06-25,70.4,71.2308,70.2,70.72,4406810,,https://api.nasdaq.com/api/quote/SPXU/historical?assetclass=etf&fromdate=2016-07-26&todate=2026-07-26&limit=5000
SPXU,2025-06-26,70.08,70.3004,68.88,69.04,4998923,,https://api.nasdaq.com/api/quote/SPXU/historical?assetclass=etf&fromdate=2016-07-26&todate=2026-07-26&limit=5000
SPXU,2025-06-27,68.76,69.48,67.64,68.2,5408058,,https://api.nasdaq.com/api/quote/SPXU/historical?assetclass=etf&fromdate=2016-07-26&todate=2026-07-26&limit=5000
SPXU,2025-06-30,67.36,68.12,66.72,67.2,4539618,,https://api.nasdaq.com/api/quote/SPXU/historical?assetclass=etf&fromdate=2016-07-26&todate=2026-07-26&limit=5000
SPXU,2025-07-01,67.68,67.98,66.9028,67.32,4941650,,https://api.nasdaq.com/api/quote/SPXU/historical?assetclass=etf&fromdate=2016-07-26&todate=2026-07-26&limit=5000
SPXU,2025-07-02,67.44,67.64,66.38,66.44,4198850,,https://api.nasdaq.com/api/quote/SPXU/historical?assetclass=etf&fromdate=2016-07-26&todate=2026-07-26&limit=5000
SPXU,2025-07-03,65.84,65.88,64.6748,64.92,3502513,,https://api.nasdaq.com/api/quote/SPXU/historical?assetclass=etf&fromdate=2016-07-26&todate=2026-07-26&limit=5000
SPXU,2025-07-07,65.6,67.28,65.4,66.4,6252480,,https://api.nasdaq.com/api/quote/SPXU/historical?assetclass=etf&fromdate=2016-07-26&todate=2026-07-26&limit=5000
SPXU,2025-07-08,66.2,66.8204,66,66.6,5086183,,https://api.nasdaq.com/api/quote/SPXU/historical?assetclass=etf&fromdate=2016-07-26&todate=2026-07-26&limit=5000
SPXU,2025-07-09,65.84,66.4,65.16,65.44,5172798,,https://api.nasdaq.com/api/quote/SPXU/historical?assetclass=etf&fromdate=2016-07-26&todate=2026-07-26&limit=5000
SPXU,2025-07-10,65.36,65.76,64.52,64.88,4088605,,https://api.nasdaq.com/api/quote/SPXU/historical?assetclass=etf&fromdate=2016-07-26&todate=2026-07-26&limit=5000
SPXU,2025-07-11,65.88,66.272,65.24,65.64,4350550,,https://api.nasdaq.com/api/quote/SPXU/historical?assetclass=etf&fromdate=2016-07-26&todate=2026-07-26&limit=5000
SPXU,2025-07-14,65.8,66.2324,65.16,65.32,4848618,,https://api.nasdaq.com/api/quote/SPXU/historical?assetclass=etf&fromdate=2016-07-26&todate=2026-07-26&limit=5000
SPXU,2025-07-15,64.44,66.2,64.36,66.2,6461115,,https://api.nasdaq.com/api/quote/SPXU/historical?assetclass=etf&fromdate=2016-07-26&todate=2026-07-26&limit=5000
SPXU,2025-07-16,65.68,67.48,65.36,65.56,6829050,,https://api.nasdaq.com/api/quote/SPXU/historical?assetclass=etf&fromdate=2016-07-26&todate=2026-07-26&limit=5000
SPXU,2025-07-17,65.52,65.56,64.24,64.4,4441275,,https://api.nasdaq.com/api/quote/SPXU/historical?assetclass=etf&fromdate=2016-07-26&todate=2026-07-26&limit=5000
SPXU,2025-07-18,64.08,64.94,64.04,64.6,4950780,,https://api.nasdaq.com/api/quote/SPXU/historical?assetclass=etf&fromdate=2016-07-26&todate=2026-07-26&limit=5000
SPXU,2025-07-21,64.32,64.4,63.4,64.28,5489658,,https://api.nasdaq.com/api/quote/SPXU/historical?assetclass=etf&fromdate=2016-07-26&todate=2026-07-26&limit=5000
SPXU,2025-07-22,64.2,65.0796,64,64.28,5013463,,https://api.nasdaq.com/api/quote/SPXU/historical?assetclass=etf&fromdate=2016-07-26&todate=2026-07-26&limit=5000
SPXU,2025-07-23,63.44,64.0396,62.68,62.68,6781288,,https://api.nasdaq.com/api/quote/SPXU/historical?assetclass=etf&fromdate=2016-07-26&todate=2026-07-26&limit=5000
SPXU,2025-07-24,62.52,62.76,62.12,62.6,5217465,,https://api.nasdaq.com/api/quote/SPXU/historical?assetclass=etf&fromdate=2016-07-26&todate=2026-07-26&limit=5000
SPXU,2025-07-25,62.52,62.58,61.76,61.96,5486048,,https://api.nasdaq.com/api/quote/SPXU/historical?assetclass=etf&fromdate=2016-07-26&todate=2026-07-26&limit=5000
SPXU,2025-07-28,61.8,62.3996,61.66,61.96,4249380,,https://api.nasdaq.com/api/quote/SPXU/historical?assetclass=etf&fromdate=2016-07-26&todate=2026-07-26&limit=5000
SPXU,2025-07-29,61.56,62.7736,61.52,62.48,5061795,,https://api.nasdaq.com/api/quote/SPXU/historical?assetclass=etf&fromdate=2016-07-26&todate=2026-07-26&limit=5000
SPXU,2025-07-30,62.32,63.6396,61.8396,62.76,8747023,,https://api.nasdaq.com/api/quote/SPXU/historical?assetclass=etf&fromdate=2016-07-26&todate=2026-07-26&limit=5000
SPXU,2025-07-31,61.28,63.88,61.2,63.56,7566043,,https://api.nasdaq.com/api/quote/SPXU/historical?assetclass=etf&fromdate=2016-07-26&todate=2026-07-26&limit=5000
SPXU,2025-08-01,65.32,67.44,65.32,66.68,10954048,,https://api.nasdaq.com/api/quote/SPXU/historical?assetclass=etf&fromdate=2016-07-26&todate=2026-07-26&limit=5000
SPXU,2025-08-04,65.48,65.56,63.6952,63.72,7127358,,https://api.nasdaq.com/api/quote/SPXU/historical?assetclass=etf&fromdate=2016-07-26&todate=2026-07-26&limit=5000
SPXU,2025-08-05,63.56,65,63.3228,64.72,6907725,,https://api.nasdaq.com/api/quote/SPXU/historical?assetclass=etf&fromdate=2016-07-26&todate=2026-07-26&limit=5000
SPXU,2025-08-06,64.44,64.68,63.04,63.28,5113193,,https://api.nasdaq.com/api/quote/SPXU/historical?assetclass=etf&fromdate=2016-07-26&todate=2026-07-26&limit=5000
SPXU,2025-08-07,62.24,64.3996,62.04,63.4,8103083,,https://api.nasdaq.com/api/quote/SPXU/historical?assetclass=etf&fromdate=2016-07-26&todate=2026-07-26&limit=5000
SPXU,2025-08-08,63,63.1,61.92,62.04,6451545,,https://api.nasdaq.com/api/quote/SPXU/historical?assetclass=etf&fromdate=2016-07-26&todate=2026-07-26&limit=5000
SPXU,2025-08-11,62,62.84,61.56,62.48,6748768,,https://api.nasdaq.com/api/quote/SPXU/historical?assetclass=etf&fromdate=2016-07-26&todate=2026-07-26&limit=5000
SPXU,2025-08-12,61.76,62.2,60.4,60.48,7480465,,https://api.nasdaq.com/api/quote/SPXU/historical?assetclass=etf&fromdate=2016-07-26&todate=2026-07-26&limit=5000
SPXU,2025-08-13,59.88,60.52,59.52,59.92,7810995,,https://api.nasdaq.com/api/quote/SPXU/historical?assetclass=etf&fromdate=2016-07-26&todate=2026-07-26&limit=5000
SPXU,2025-08-14,60.48,60.604,59.68,59.92,6469603,,https://api.nasdaq.com/api/quote/SPXU/historical?assetclass=etf&fromdate=2016-07-26&todate=2026-07-26&limit=5000
SPXU,2025-08-15,59.64,60.674,59.64,60.4,6154053,,https://api.nasdaq.com/api/quote/SPXU/historical?assetclass=etf&fromdate=2016-07-26&todate=2026-07-26&limit=5000
SPXU,2025-08-18,60.6,60.8,60.28,60.44,5093665,,https://api.nasdaq.com/api/quote/SPXU/historical?assetclass=etf&fromdate=2016-07-26&todate=2026-07-26&limit=5000
SPXU,2025-08-19,60.56,61.8516,60.2512,61.48,7118738,,https://api.nasdaq.com/api/quote/SPXU/historical?assetclass=etf&fromdate=2016-07-26&todate=2026-07-26&limit=5000
SPXU,2025-08-20,61.64,63.48,61.58,62,7670275,,https://api.nasdaq.com/api/quote/SPXU/historical?assetclass=etf&fromdate=2016-07-26&todate=2026-07-26&limit=5000
SPXU,2025-08-21,62.6,63.28,62.08,62.8,6686838,,https://api.nasdaq.com/api/quote/SPXU/historical?assetclass=etf&fromdate=2016-07-26&todate=2026-07-26&limit=5000
SPXU,2025-08-22,62.24,62.36,59.62,60,8466023,,https://api.nasdaq.com/api/quote/SPXU/historical?assetclass=etf&fromdate=2016-07-26&todate=2026-07-26&limit=5000
SPXU,2025-08-25,60.36,60.8,60.0004,60.8,3991885,,https://api.nasdaq.com/api/quote/SPXU/historical?assetclass=etf&fromdate=2016-07-26&todate=2026-07-26&limit=5000
SPXU,2025-08-26,60.92,61.08,59.94,60.08,4213148,,https://api.nasdaq.com/api/quote/SPXU/historical?assetclass=etf&fromdate=2016-07-26&todate=2026-07-26&limit=5000
SPXU,2025-08-27,60.28,60.28,59.474,59.68,3933253,,https://api.nasdaq.com/api/quote/SPXU/historical?assetclass=etf&fromdate=2016-07-26&todate=2026-07-26&limit=5000
SPXU,2025-08-28,59.52,60.0796,58.92,59.08,4537223,,https://api.nasdaq.com/api/quote/SPXU/historical?assetclass=etf&fromdate=2016-07-26&todate=2026-07-26&limit=5000
SPXU,2025-08-29,59.52,60.7596,59.48,60.2,5490748,,https://api.nasdaq.com/api/quote/SPXU/historical?assetclass=etf&fromdate=2016-07-26&todate=2026-07-26&limit=5000
SPXU,2025-09-02,62.28,63.12,61.5336,61.6,6158498,,https://api.nasdaq.com/api/quote/SPXU/historical?assetclass=etf&fromdate=2016-07-26&todate=2026-07-26&limit=5000
SPXU,2025-09-03,60.92,61.6,60.49,60.68,6295455,,https://api.nasdaq.com/api/quote/SPXU/historical?assetclass=etf&fromdate=2016-07-26&todate=2026-07-26&limit=5000
SPXU,2025-09-04,60.44,60.74,59.12,59.16,6655395,,https://api.nasdaq.com/api/quote/SPXU/historical?assetclass=etf&fromdate=2016-07-26&todate=2026-07-26&limit=5000
SPXU,2025-09-05,58.56,60.82,58.3604,59.76,6961030,,https://api.nasdaq.com/api/quote/SPXU/historical?assetclass=etf&fromdate=2016-07-26&todate=2026-07-26&limit=5000
SPXU,2025-09-08,59.4,59.7892,59.04,59.32,4886550,,https://api.nasdaq.com/api/quote/SPXU/historical?assetclass=etf&fromdate=2016-07-26&todate=2026-07-26&limit=5000
SPXU,2025-09-09,59.32,59.8,58.8004,58.96,4974863,,https://api.nasdaq.com/api/quote/SPXU/historical?assetclass=etf&fromdate=2016-07-26&todate=2026-07-26&limit=5000
SPXU,2025-09-10,58.08,58.88,57.8,58.44,6617478,,https://api.nasdaq.com/api/quote/SPXU/historical?assetclass=etf&fromdate=2016-07-26&todate=2026-07-26&limit=5000
SPXU,2025-09-11,57.96,58.112,56.8344,57.04,7616498,,https://api.nasdaq.com/api/quote/SPXU/historical?assetclass=etf&fromdate=2016-07-26&todate=2026-07-26&limit=5000
SPXU,2025-09-12,57.16,57.2516,56.72,57.12,6131663,,https://api.nasdaq.com/api/quote/SPXU/historical?assetclass=etf&fromdate=2016-07-26&todate=2026-07-26&limit=5000
SPXU,2025-09-15,56.64,56.68,56.24,56.28,5798745,,https://api.nasdaq.com/api/quote/SPXU/historical?assetclass=etf&fromdate=2016-07-26&todate=2026-07-26&limit=5000
SPXU,2025-09-16,56.2,56.72,56.1,56.56,3655135,,https://api.nasdaq.com/api/quote/SPXU/historical?assetclass=etf&fromdate=2016-07-26&todate=2026-07-26&limit=5000
SPXU,2025-09-17,56.56,58.0396,56.12,56.8,8024038,,https://api.nasdaq.com/api/quote/SPXU/historical?assetclass=etf&fromdate=2016-07-26&todate=2026-07-26&limit=5000
SPXU,2025-09-18,56.08,56.5,55.32,56,7204305,,https://api.nasdaq.com/api/quote/SPXU/historical?assetclass=etf&fromdate=2016-07-26&todate=2026-07-26&limit=5000
SPXU,2025-09-19,55.56,56.08,55.02,55.24,6699580,,https://api.nasdaq.com/api/quote/SPXU/historical?assetclass=etf&fromdate=2016-07-26&todate=2026-07-26&limit=5000
SPXU,2025-09-22,55.64,55.64,54.34,54.52,6584605,,https://api.nasdaq.com/api/quote/SPXU/historical?assetclass=etf&fromdate=2016-07-26&todate=2026-07-26&limit=5000
SPXU,2025-09-23,54.56,55.68,54.38,55.36,7581925,,https://api.nasdaq.com/api/quote/SPXU/historical?assetclass=etf&fromdate=2016-07-26&todate=2026-07-26&limit=5000
SPXU,2025-09-24,54.36,55.56,54.3236,55.16,5236788,,https://api.nasdaq.com/api/quote/SPXU/historical?assetclass=etf&fromdate=2016-07-26&todate=2026-07-26&limit=5000
SPXU,2025-09-25,56,56.9196,55.6448,56,7864908,,https://api.nasdaq.com/api/quote/SPXU/historical?assetclass=etf&fromdate=2016-07-26&todate=2026-07-26&limit=5000
SPXU,2025-09-26,55.68,56.08,54.98,55.08,6947678,,https://api.nasdaq.com/api/quote/SPXU/historical?assetclass=etf&fromdate=2016-07-26&todate=2026-07-26&limit=5000
SPXU,2025-09-29,54.48,55.12,54.28,54.64,6179100,,https://api.nasdaq.com/api/quote/SPXU/historical?assetclass=etf&fromdate=2016-07-26&todate=2026-07-26&limit=5000
SPXU,2025-09-30,54.88,55.1612,53.9336,54.04,8933558,,https://api.nasdaq.com/api/quote/SPXU/historical?assetclass=etf&fromdate=2016-07-26&todate=2026-07-26&limit=5000
SPXU,2025-10-01,54.8,54.84,53.28,53.48,8744023,,https://api.nasdaq.com/api/quote/SPXU/historical?assetclass=etf&fromdate=2016-07-26&todate=2026-07-26&limit=5000
SPXU,2025-10-02,53.04,53.96,53.04,53.36,5302530,,https://api.nasdaq.com/api/quote/SPXU/historical?assetclass=etf&fromdate=2016-07-26&todate=2026-07-26&limit=5000
SPXU,2025-10-03,53.24,53.6892,52.6,53.44,7157715,,https://api.nasdaq.com/api/quote/SPXU/historical?assetclass=etf&fromdate=2016-07-26&todate=2026-07-26&limit=5000
SPXU,2025-10-06,52.88,53.4,52.68,52.88,4848780,,https://api.nasdaq.com/api/quote/SPXU/historical?assetclass=etf&fromdate=2016-07-26&todate=2026-07-26&limit=5000
SPXU,2025-10-07,52.72,53.84,52.6,53.52,7949898,,https://api.nasdaq.com/api/quote/SPXU/historical?assetclass=etf&fromdate=2016-07-26&todate=2026-07-26&limit=5000
SPXU,2025-10-08,53.28,53.4796,52.52,52.6,6642620,,https://api.nasdaq.com/api/quote/SPXU/historical?assetclass=etf&fromdate=2016-07-26&todate=2026-07-26&limit=5000
SPXU,2025-10-09,52.48,53.52,52.4,53.04,7661508,,https://api.nasdaq.com/api/quote/SPXU/historical?assetclass=etf&fromdate=2016-07-26&todate=2026-07-26&limit=5000
SPXU,2025-10-10,52.92,57.48,52.48,57.36,13738275,,https://api.nasdaq.com/api/quote/SPXU/historical?assetclass=etf&fromdate=2016-07-26&todate=2026-07-26&limit=5000
SPXU,2025-10-13,55.4,55.64,54.36,54.8,10561118,,https://api.nasdaq.com/api/quote/SPXU/historical?assetclass=etf&fromdate=2016-07-26&todate=2026-07-26&limit=5000
SPXU,2025-10-14,56.28,57.2796,54.12,55,15346645,,https://api.nasdaq.com/api/quote/SPXU/historical?assetclass=etf&fromdate=2016-07-26&todate=2026-07-26&limit=5000
SPXU,2025-10-15,53.92,55.88,53.04,54.32,8455768,,https://api.nasdaq.com/api/quote/SPXU/historical?assetclass=etf&fromdate=2016-07-26&todate=2026-07-26&limit=5000
SPXU,2025-10-16,53.92,56.2816,53.44,55.4,8617355,,https://api.nasdaq.com/api/quote/SPXU/historical?assetclass=etf&fromdate=2016-07-26&todate=2026-07-26&limit=5000
SPXU,2025-10-17,55.8,56.16,54.24,54.56,7896485,,https://api.nasdaq.com/api/quote/SPXU/historical?assetclass=etf&fromdate=2016-07-26&todate=2026-07-26&limit=5000
SPXU,2025-10-20,53.84,53.88,52.64,52.92,5343690,,https://api.nasdaq.com/api/quote/SPXU/historical?assetclass=etf&fromdate=2016-07-26&todate=2026-07-26&limit=5000
SPXU,2025-10-21,52.84,53.24,52.52,52.96,5721963,,https://api.nasdaq.com/api/quote/SPXU/historical?assetclass=etf&fromdate=2016-07-26&todate=2026-07-26&limit=5000
SPXU,2025-10-22,52.8,54.82,52.78,53.76,9253988,,https://api.nasdaq.com/api/quote/SPXU/historical?assetclass=etf&fromdate=2016-07-26&todate=2026-07-26&limit=5000
SPXU,2025-10-23,53.72,53.8,52.6,52.84,7054320,,https://api.nasdaq.com/api/quote/SPXU/historical?assetclass=etf&fromdate=2016-07-26&todate=2026-07-26&limit=5000
SPXU,2025-10-24,51.76,52,51.32,51.64,9349108,,https://api.nasdaq.com/api/quote/SPXU/historical?assetclass=etf&fromdate=2016-07-26&todate=2026-07-26&limit=5000
SPXU,2025-10-27,50.36,50.52,49.72,49.76,5106373,,https://api.nasdaq.com/api/quote/SPXU/historical?assetclass=etf&fromdate=2016-07-26&todate=2026-07-26&limit=5000
SPXU,2025-10-28,49.4,49.92,49,49.4,6057930,,https://api.nasdaq.com/api/quote/SPXU/historical?assetclass=etf&fromdate=2016-07-26&todate=2026-07-26&limit=5000
SPXU,2025-10-29,49.12,50.36,48.88,49.36,11079715,,https://api.nasdaq.com/api/quote/SPXU/historical?assetclass=etf&fromdate=2016-07-26&todate=2026-07-26&limit=5000
SPXU,2025-10-30,50.2,51.0396,49.68,50.96,10551015,,https://api.nasdaq.com/api/quote/SPXU/historical?assetclass=etf&fromdate=2016-07-26&todate=2026-07-26&limit=5000
SPXU,2025-10-31,49.96,51.2396,49.92,50.6,11322765,,https://api.nasdaq.com/api/quote/SPXU/historical?assetclass=etf&fromdate=2016-07-26&todate=2026-07-26&limit=5000
SPXU,2025-11-03,49.8,51.08,49.76,50.36,9373020,,https://api.nasdaq.com/api/quote/SPXU/historical?assetclass=etf&fromdate=2016-07-26&todate=2026-07-26&limit=5000
SPXU,2025-11-04,51.96,52.28,51.088,52.12,11844960,,https://api.nasdaq.com/api/quote/SPXU/historical?assetclass=etf&fromdate=2016-07-26&todate=2026-07-26&limit=5000
SPXU,2025-11-05,52.24,52.4,50.84,51.64,7969463,,https://api.nasdaq.com/api/quote/SPXU/historical?assetclass=etf&fromdate=2016-07-26&todate=2026-07-26&limit=5000
SPXU,2025-11-06,51.88,53.658,51.6864,53.32,10951010,,https://api.nasdaq.com/api/quote/SPXU/historical?assetclass=etf&fromdate=2016-07-26&todate=2026-07-26&limit=5000
SPXU,2025-11-07,53.94,55.5544,53.16,53.16,13105973,,https://api.nasdaq.com/api/quote/SPXU/historical?assetclass=etf&fromdate=2016-07-26&todate=2026-07-26&limit=5000
SPXU,2025-11-10,51.76,52.26,50.56,50.8,11179658,,https://api.nasdaq.com/api/quote/SPXU/historical?assetclass=etf&fromdate=2016-07-26&todate=2026-07-26&limit=5000
SPXU,2025-11-11,51.12,51.36,50.28,50.44,9117453,,https://api.nasdaq.com/api/quote/SPXU/historical?assetclass=etf&fromdate=2016-07-26&todate=2026-07-26&limit=5000
SPXU,2025-11-12,50.04,50.88,50,50.36,9392193,,https://api.nasdaq.com/api/quote/SPXU/historical?assetclass=etf&fromdate=2016-07-26&todate=2026-07-26&limit=5000
SPXU,2025-11-13,51,53.2224,50.92,52.84,7221100,,https://api.nasdaq.com/api/quote/SPXU/historical?assetclass=etf&fromdate=2016-07-26&todate=2026-07-26&limit=5000
SPXU,2025-11-14,54.56,55.04,52.0804,52.96,12130473,,https://api.nasdaq.com/api/quote/SPXU/historical?assetclass=etf&fromdate=2016-07-26&todate=2026-07-26&limit=5000
SPXU,2025-11-17,53.52,55.32,52.5604,54.48,10479258,,https://api.nasdaq.com/api/quote/SPXU/historical?assetclass=etf&fromdate=2016-07-26&todate=2026-07-26&limit=5000
SPXU,2025-11-18,55.4,56.898,54.64,55.84,13999633,,https://api.nasdaq.com/api/quote/SPXU/historical?assetclass=etf&fromdate=2016-07-26&todate=2026-07-26&limit=5000
SPXU,2025-11-19,55.76,56.2396,54.04,55.24,2500000,,https://api.nasdaq.com/api/quote/SPXU/historical?assetclass=etf&fromdate=2016-07-26&todate=2026-07-26&limit=5000
SPXU,2025-11-20,52.71,57.92,52.045,57.76,12501270,,https://api.nasdaq.com/api/quote/SPXU/historical?assetclass=etf&fromdate=2016-07-26&todate=2026-07-26&limit=5000
SPXU,2025-11-21,57.19,58.31,54.685,56.11,20028950,,https://api.nasdaq.com/api/quote/SPXU/historical?assetclass=etf&fromdate=2016-07-26&todate=2026-07-26&limit=5000
SPXU,2025-11-24,55.21,55.51,53.33,53.64,14281880,,https://api.nasdaq.com/api/quote/SPXU/historical?assetclass=etf&fromdate=2016-07-26&todate=2026-07-26&limit=5000
SPXU,2025-11-25,53.71,54.705,51.885,52.16,12585630,,https://api.nasdaq.com/api/quote/SPXU/historical?assetclass=etf&fromdate=2016-07-26&todate=2026-07-26&limit=5000
SPXU,2025-11-26,51.6,51.83,50.68,51.13,8971810,,https://api.nasdaq.com/api/quote/SPXU/historical?assetclass=etf&fromdate=2016-07-26&todate=2026-07-26&limit=5000
SPXU,2025-11-28,50.97,51.02,50.29,50.34,2356702,,https://api.nasdaq.com/api/quote/SPXU/historical?assetclass=etf&fromdate=2016-07-26&todate=2026-07-26&limit=5000
SPXU,2025-12-01,51.39,51.42,50.4799,51.05,4794265,,https://api.nasdaq.com/api/quote/SPXU/historical?assetclass=etf&fromdate=2016-07-26&todate=2026-07-26&limit=5000
SPXU,2025-12-02,50.72,51.315,50.3,50.82,5792988,,https://api.nasdaq.com/api/quote/SPXU/historical?assetclass=etf&fromdate=2016-07-26&todate=2026-07-26&limit=5000
SPXU,2025-12-03,51.04,51.24,50.0939,50.31,4643312,,https://api.nasdaq.com/api/quote/SPXU/historical?assetclass=etf&fromdate=2016-07-26&todate=2026-07-26&limit=5000
SPXU,2025-12-04,50.02,50.895,50.02,50.22,5100119,,https://api.nasdaq.com/api/quote/SPXU/historical?assetclass=etf&fromdate=2016-07-26&todate=2026-07-26&limit=5000
SPXU,2025-12-05,50.05,50.24,49.41,50.01,8599351,,https://api.nasdaq.com/api/quote/SPXU/historical?assetclass=etf&fromdate=2016-07-26&todate=2026-07-26&limit=5000
SPXU,2025-12-08,49.83,50.92,49.82,50.47,4890545,,https://api.nasdaq.com/api/quote/SPXU/historical?assetclass=etf&fromdate=2016-07-26&todate=2026-07-26&limit=5000
SPXU,2025-12-09,50.59,50.71,50.105,50.62,3782494,,https://api.nasdaq.com/api/quote/SPXU/historical?assetclass=etf&fromdate=2016-07-26&todate=2026-07-26&limit=5000
SPXU,2025-12-10,50.755,51.02,49.325,49.65,8070048,,https://api.nasdaq.com/api/quote/SPXU/historical?assetclass=etf&fromdate=2016-07-26&todate=2026-07-26&limit=5000
SPXU,2025-12-11,50.18,50.82,49.29,49.3,8496734,,https://api.nasdaq.com/api/quote/SPXU/historical?assetclass=etf&fromdate=2016-07-26&todate=2026-07-26&limit=5000
SPXU,2025-12-12,49.58,51.51,49.4382,50.96,6409494,,https://api.nasdaq.com/api/quote/SPXU/historical?assetclass=etf&fromdate=2016-07-26&todate=2026-07-26&limit=5000
SPXU,2025-12-15,50.09,51.54,50.08,51.22,3663225,,https://api.nasdaq.com/api/quote/SPXU/historical?assetclass=etf&fromdate=2016-07-26&todate=2026-07-26&limit=5000
SPXU,2025-12-16,51.57,52.53,51.15,51.66,5780170,,https://api.nasdaq.com/api/quote/SPXU/historical?assetclass=etf&fromdate=2016-07-26&todate=2026-07-26&limit=5000
SPXU,2025-12-17,51.44,53.43,51.34,53.41,5655952,,https://api.nasdaq.com/api/quote/SPXU/historical?assetclass=etf&fromdate=2016-07-26&todate=2026-07-26&limit=5000
SPXU,2025-12-18,51.94,52.56,51.185,52.19,6544455,,https://api.nasdaq.com/api/quote/SPXU/historical?assetclass=etf&fromdate=2016-07-26&todate=2026-07-26&limit=5000
SPXU,2025-12-19,51.77,51.79,50.72,50.85,4439479,,https://api.nasdaq.com/api/quote/SPXU/historical?assetclass=etf&fromdate=2016-07-26&todate=2026-07-26&limit=5000
SPXU,2025-12-22,50.105,50.38,49.79,49.91,2005414,,https://api.nasdaq.com/api/quote/SPXU/historical?assetclass=etf&fromdate=2016-07-26&todate=2026-07-26&limit=5000
SPXU,2025-12-23,50.12,50.14,49.19,49.24,3807423,,https://api.nasdaq.com/api/quote/SPXU/historical?assetclass=etf&fromdate=2016-07-26&todate=2026-07-26&limit=5000
SPXU,2025-12-24,48.33,48.3499,47.72,47.82,1491080,,https://api.nasdaq.com/api/quote/SPXU/historical?assetclass=etf&fromdate=2016-07-26&todate=2026-07-26&limit=5000
SPXU,2025-12-26,47.81,48.09,47.6,47.88,1725558,,https://api.nasdaq.com/api/quote/SPXU/historical?assetclass=etf&fromdate=2016-07-26&todate=2026-07-26&limit=5000
SPXU,2025-12-29,48.47,48.775,48.13,48.41,2508453,,https://api.nasdaq.com/api/quote/SPXU/historical?assetclass=etf&fromdate=2016-07-26&todate=2026-07-26&limit=5000
SPXU,2025-12-30,48.515,48.7,48.28,48.61,1550732,,https://api.nasdaq.com/api/quote/SPXU/historical?assetclass=etf&fromdate=2016-07-26&todate=2026-07-26&limit=5000
SPXU,2025-12-31,48.61,49.76,48.57,49.72,2959106,,https://api.nasdaq.com/api/quote/SPXU/historical?assetclass=etf&fromdate=2016-07-26&todate=2026-07-26&limit=5000
SPXU,2026-01-02,48.95,50.2499,48.7061,49.51,5795244,,https://api.nasdaq.com/api/quote/SPXU/historical?assetclass=etf&fromdate=2016-07-26&todate=2026-07-26&limit=5000
SPXU,2026-01-05,48.795,48.83,48.17,48.53,3262319,,https://api.nasdaq.com/api/quote/SPXU/historical?assetclass=etf&fromdate=2016-07-26&todate=2026-07-26&limit=5000
SPXU,2026-01-06,48.51,48.54,47.5801,47.68,4281337,,https://api.nasdaq.com/api/quote/SPXU/historical?assetclass=etf&fromdate=2016-07-26&todate=2026-07-26&limit=5000
SPXU,2026-01-07,47.63,48.22,47.265,48.16,3984447,,https://api.nasdaq.com/api/quote/SPXU/historical?assetclass=etf&fromdate=2016-07-26&todate=2026-07-26&limit=5000
SPXU,2026-01-08,48.34,48.629,47.98,48.22,3493313,,https://api.nasdaq.com/api/quote/SPXU/historical?assetclass=etf&fromdate=2016-07-26&todate=2026-07-26&limit=5000
SPXU,2026-01-09,48.03,48.32,47.05,47.31,4572534,,https://api.nasdaq.com/api/quote/SPXU/historical?assetclass=etf&fromdate=2016-07-26&todate=2026-07-26&limit=5000
SPXU,2026-01-12,48.01,48.02,46.915,47.1,4132293,,https://api.nasdaq.com/api/quote/SPXU/historical?assetclass=etf&fromdate=2016-07-26&todate=2026-07-26&limit=5000
SPXU,2026-01-13,47.04,47.88,46.925,47.39,4340886,,https://api.nasdaq.com/api/quote/SPXU/historical?assetclass=etf&fromdate=2016-07-26&todate=2026-07-26&limit=5000
SPXU,2026-01-14,47.98,48.9701,47.84,48.1,4059294,,https://api.nasdaq.com/api/quote/SPXU/historical?assetclass=etf&fromdate=2016-07-26&todate=2026-07-26&limit=5000
SPXU,2026-01-15,47.245,47.93,47.06,47.72,5433928,,https://api.nasdaq.com/api/quote/SPXU/historical?assetclass=etf&fromdate=2016-07-26&todate=2026-07-26&limit=5000
SPXU,2026-01-16,47.52,48.245,47.4,47.93,4928548,,https://api.nasdaq.com/api/quote/SPXU/historical?assetclass=etf&fromdate=2016-07-26&todate=2026-07-26&limit=5000
SPXU,2026-01-20,50.06,51.075,49.371,50.87,8264752,,https://api.nasdaq.com/api/quote/SPXU/historical?assetclass=etf&fromdate=2016-07-26&todate=2026-07-26&limit=5000
SPXU,2026-01-21,50.42,50.75,48.375,49.11,12024810,,https://api.nasdaq.com/api/quote/SPXU/historical?assetclass=etf&fromdate=2016-07-26&todate=2026-07-26&limit=5000
SPXU,2026-01-22,48.17,48.82,47.92,48.36,5040914,,https://api.nasdaq.com/api/quote/SPXU/historical?assetclass=etf&fromdate=2016-07-26&todate=2026-07-26&limit=5000
SPXU,2026-01-23,48.61,48.79,48.01,48.38,3800951,,https://api.nasdaq.com/api/quote/SPXU/historical?assetclass=etf&fromdate=2016-07-26&todate=2026-07-26&limit=5000
SPXU,2026-01-26,48.135,48.25,47.37,47.64,6090543,,https://api.nasdaq.com/api/quote/SPXU/historical?assetclass=etf&fromdate=2016-07-26&todate=2026-07-26&limit=5000
SPXU,2026-01-27,47.38,47.505,46.8907,47.09,4404945,,https://api.nasdaq.com/api/quote/SPXU/historical?assetclass=etf&fromdate=2016-07-26&todate=2026-07-26&limit=5000
SPXU,2026-01-28,46.81,47.44,46.65,47.12,6285102,,https://api.nasdaq.com/api/quote/SPXU/historical?assetclass=etf&fromdate=2016-07-26&todate=2026-07-26&limit=5000
SPXU,2026-01-29,46.97,49.3097,46.84,47.45,7036465,,https://api.nasdaq.com/api/quote/SPXU/historical?assetclass=etf&fromdate=2016-07-26&todate=2026-07-26&limit=5000
SPXU,2026-01-30,47.96,48.9,47.46,47.93,6415810,,https://api.nasdaq.com/api/quote/SPXU/historical?assetclass=etf&fromdate=2016-07-26&todate=2026-07-26&limit=5000
SPXU,2026-02-02,48.43,48.47,46.905,47.19,8890694,,https://api.nasdaq.com/api/quote/SPXU/historical?assetclass=etf&fromdate=2016-07-26&todate=2026-07-26&limit=5000
SPXU,2026-02-03,47.07,49.5507,46.92,48.43,9236551,,https://api.nasdaq.com/api/quote/SPXU/historical?assetclass=etf&fromdate=2016-07-26&todate=2026-07-26&limit=5000
SPXU,2026-02-04,48.29,50.09,48.06,49.14,11260980,,https://api.nasdaq.com/api/quote/SPXU/historical?assetclass=etf&fromdate=2016-07-26&todate=2026-07-26&limit=5000
SPXU,2026-02-05,50.31,51.41,49.73,51.03,12871550,,https://api.nasdaq.com/api/quote/SPXU/historical?assetclass=etf&fromdate=2016-07-26&todate=2026-07-26&limit=5000
SPXU,2026-02-06,50.22,50.34,47.765,48.11,13227870,,https://api.nasdaq.com/api/quote/SPXU/historical?assetclass=etf&fromdate=2016-07-26&todate=2026-07-26&limit=5000
SPXU,2026-02-09,48.41,48.63,47.07,47.48,5977986,,https://api.nasdaq.com/api/quote/SPXU/historical?assetclass=etf&fromdate=2016-07-26&todate=2026-07-26&limit=5000
SPXU,2026-02-10,47.29,47.9545,46.96,47.88,4930085,,https://api.nasdaq.com/api/quote/SPXU/historical?assetclass=etf&fromdate=2016-07-26&todate=2026-07-26&limit=5000
SPXU,2026-02-11,46.98,48.48,46.84,47.9,5950799,,https://api.nasdaq.com/api/quote/SPXU/historical?assetclass=etf&fromdate=2016-07-26&todate=2026-07-26&limit=5000
SPXU,2026-02-12,47.445,50.34,47.23,50.15,7795904,,https://api.nasdaq.com/api/quote/SPXU/historical?assetclass=etf&fromdate=2016-07-26&todate=2026-07-26&limit=5000
SPXU,2026-02-13,50.14,51.055,49.12,50.14,7900256,,https://api.nasdaq.com/api/quote/SPXU/historical?assetclass=etf&fromdate=2016-07-26&todate=2026-07-26&limit=5000
SPXU,2026-02-17,50.51,51.46,49.45,49.9,7884610,,https://api.nasdaq.com/api/quote/SPXU/historical?assetclass=etf&fromdate=2016-07-26&todate=2026-07-26&limit=5000
SPXU,2026-02-18,49.66,49.92,48.54,49.18,5819207,,https://api.nasdaq.com/api/quote/SPXU/historical?assetclass=etf&fromdate=2016-07-26&todate=2026-07-26&limit=5000
SPXU,2026-02-19,49.71,50.2,49.21,49.54,4308512,,https://api.nasdaq.com/api/quote/SPXU/historical?assetclass=etf&fromdate=2016-07-26&todate=2026-07-26&limit=5000
SPXU,2026-02-20,50.11,50.21,48.44,48.56,10625870,,https://api.nasdaq.com/api/quote/SPXU/historical?assetclass=etf&fromdate=2016-07-26&todate=2026-07-26&limit=5000
SPXU,2026-02-23,48.91,50.4893,48.45,50.05,6125459,,https://api.nasdaq.com/api/quote/SPXU/historical?assetclass=etf&fromdate=2016-07-26&todate=2026-07-26&limit=5000
SPXU,2026-02-24,50.19,50.6035,48.77,48.96,5324126,,https://api.nasdaq.com/api/quote/SPXU/historical?assetclass=etf&fromdate=2016-07-26&todate=2026-07-26&limit=5000
SPXU,2026-02-25,48.39,48.41,47.64,47.76,4310580,,https://api.nasdaq.com/api/quote/SPXU/historical?assetclass=etf&fromdate=2016-07-26&todate=2026-07-26&limit=5000
SPXU,2026-02-26,47.75,49.59,47.745,48.58,5528205,,https://api.nasdaq.com/api/quote/SPXU/historical?assetclass=etf&fromdate=2016-07-26&todate=2026-07-26&limit=5000
SPXU,2026-02-27,49.95,50.26,49.155,49.29,6040522,,https://api.nasdaq.com/api/quote/SPXU/historical?assetclass=etf&fromdate=2016-07-26&todate=2026-07-26&limit=5000
SPXU,2026-03-02,50.92,51.0733,48.78,49.28,9968889,,https://api.nasdaq.com/api/quote/SPXU/historical?assetclass=etf&fromdate=2016-07-26&todate=2026-07-26&limit=5000
SPXU,2026-03-03,51.73,52.885,50.11,50.62,12666100,,https://api.nasdaq.com/api/quote/SPXU/historical?assetclass=etf&fromdate=2016-07-26&todate=2026-07-26&limit=5000
SPXU,2026-03-04,50.32,50.77,49.1,49.54,10135600,,https://api.nasdaq.com/api/quote/SPXU/historical?assetclass=etf&fromdate=2016-07-26&todate=2026-07-26&limit=5000
SPXU,2026-03-05,50.21,51.62,49.47,50.36,10800570,,https://api.nasdaq.com/api/quote/SPXU/historical?assetclass=etf&fromdate=2016-07-26&todate=2026-07-26&limit=5000
SPXU,2026-03-06,52.19,53.01,51.6,52.42,12553710,,https://api.nasdaq.com/api/quote/SPXU/historical?assetclass=etf&fromdate=2016-07-26&todate=2026-07-26&limit=5000
SPXU,2026-03-09,53.85,54.79,50.69,51.06,16143280,,https://api.nasdaq.com/api/quote/SPXU/historical?assetclass=etf&fromdate=2016-07-26&todate=2026-07-26&limit=5000
SPXU,2026-03-10,51.22,51.89,49.94,51.35,11666310,,https://api.nasdaq.com/api/quote/SPXU/historical?assetclass=etf&fromdate=2016-07-26&todate=2026-07-26&limit=5000
SPXU,2026-03-11,51.27,52.23,50.71,51.56,7910427,,https://api.nasdaq.com/api/quote/SPXU/historical?assetclass=etf&fromdate=2016-07-26&todate=2026-07-26&limit=5000
SPXU,2026-03-12,52.77,53.97,52.65,53.92,7089337,,https://api.nasdaq.com/api/quote/SPXU/historical?assetclass=etf&fromdate=2016-07-26&todate=2026-07-26&limit=5000
SPXU,2026-03-13,53.23,55.13,52.47,54.9,10148400,,https://api.nasdaq.com/api/quote/SPXU/historical?assetclass=etf&fromdate=2016-07-26&todate=2026-07-26&limit=5000
SPXU,2026-03-16,53.42,53.72,52.505,53.26,8106081,,https://api.nasdaq.com/api/quote/SPXU/historical?assetclass=etf&fromdate=2016-07-26&todate=2026-07-26&limit=5000
SPXU,2026-03-17,52.48,53.02,51.9899,52.85,5173840,,https://api.nasdaq.com/api/quote/SPXU/historical?assetclass=etf&fromdate=2016-07-26&todate=2026-07-26&limit=5000
SPXU,2026-03-18,53.45,55.13,53.1499,55.06,6776491,,https://api.nasdaq.com/api/quote/SPXU/historical?assetclass=etf&fromdate=2016-07-26&todate=2026-07-26&limit=5000
SPXU,2026-03-19,56.25,56.68,54.74,55.55,10603560,,https://api.nasdaq.com/api/quote/SPXU/historical?assetclass=etf&fromdate=2016-07-26&todate=2026-07-26&limit=5000
SPXU,2026-03-20,55.96,58.94,55.93,58.03,10180540,,https://api.nasdaq.com/api/quote/SPXU/historical?assetclass=etf&fromdate=2016-07-26&todate=2026-07-26&limit=5000
SPXU,2026-03-23,55.46,56.5491,54.21,56.17,13176150,,https://api.nasdaq.com/api/quote/SPXU/historical?assetclass=etf&fromdate=2016-07-26&todate=2026-07-26&limit=5000
SPXU,2026-03-24,57.23,57.59,55.76,56.73,9910592,,https://api.nasdaq.com/api/quote/SPXU/historical?assetclass=etf&fromdate=2016-07-26&todate=2026-07-26&limit=5000
SPXU,2026-03-25,54.92,56.05,54.33,55.4,7908289,,https://api.nasdaq.com/api/quote/SPXU/historical?assetclass=etf&fromdate=2016-07-26&todate=2026-07-26&limit=5000
SPXU,2026-03-26,56.63,58.4403,55.905,58.38,7324458,,https://api.nasdaq.com/api/quote/SPXU/historical?assetclass=etf&fromdate=2016-07-26&todate=2026-07-26&limit=5000
SPXU,2026-03-27,59.15,61.68,59.11,61.42,10459530,,https://api.nasdaq.com/api/quote/SPXU/historical?assetclass=etf&fromdate=2016-07-26&todate=2026-07-26&limit=5000
SPXU,2026-03-30,59.73,62.85,59.65,62.06,8192894,,https://api.nasdaq.com/api/quote/SPXU/historical?assetclass=etf&fromdate=2016-07-26&todate=2026-07-26&limit=5000
SPXU,2026-03-31,60.05,60.33,56.355,56.74,18317770,,https://api.nasdaq.com/api/quote/SPXU/historical?assetclass=etf&fromdate=2016-07-26&todate=2026-07-26&limit=5000
SPXU,2026-04-01,55.79,56.02,54.57,55.43,10070690,,https://api.nasdaq.com/api/quote/SPXU/historical?assetclass=etf&fromdate=2016-07-26&todate=2026-07-26&limit=5000
SPXU,2026-04-02,57.75,58.09,54.84,55.33,10270580,,https://api.nasdaq.com/api/quote/SPXU/historical?assetclass=etf&fromdate=2016-07-26&todate=2026-07-26&limit=5000
SPXU,2026-04-06,55.38,55.465,54.41,54.62,4794104,,https://api.nasdaq.com/api/quote/SPXU/historical?assetclass=etf&fromdate=2016-07-26&todate=2026-07-26&limit=5000
SPXU,2026-04-07,55.2,56.57,54.48,54.54,11408390,,https://api.nasdaq.com/api/quote/SPXU/historical?assetclass=etf&fromdate=2016-07-26&todate=2026-07-26&limit=5000
SPXU,2026-04-08,50.325,51.54,50.1376,50.43,10106230,,https://api.nasdaq.com/api/quote/SPXU/historical?assetclass=etf&fromdate=2016-07-26&todate=2026-07-26&limit=5000
SPXU,2026-04-09,50.67,50.93,49.285,49.56,7643472,,https://api.nasdaq.com/api/quote/SPXU/historical?assetclass=etf&fromdate=2016-07-26&todate=2026-07-26&limit=5000
SPXU,2026-04-10,49.31,49.94,49.16,49.73,5979288,,https://api.nasdaq.com/api/quote/SPXU/historical?assetclass=etf&fromdate=2016-07-26&todate=2026-07-26&limit=5000
SPXU,2026-04-13,50.19,50.375,48.245,48.29,9262207,,https://api.nasdaq.com/api/quote/SPXU/historical?assetclass=etf&fromdate=2016-07-26&todate=2026-07-26&limit=5000
SPXU,2026-04-14,47.96,47.96,46.515,46.56,7730811,,https://api.nasdaq.com/api/quote/SPXU/historical?assetclass=etf&fromdate=2016-07-26&todate=2026-07-26&limit=5000
SPXU,2026-04-15,46.38,46.595,45.395,45.46,8483979,,https://api.nasdaq.com/api/quote/SPXU/historical?assetclass=etf&fromdate=2016-07-26&todate=2026-07-26&limit=5000
SPXU,2026-04-16,45.24,45.74,44.92,45.14,6241806,,https://api.nasdaq.com/api/quote/SPXU/historical?assetclass=etf&fromdate=2016-07-26&todate=2026-07-26&limit=5000
SPXU,2026-04-17,44.32,44.39,43.12,43.56,9999999,,https://api.nasdaq.com/api/quote/SPXU/historical?assetclass=etf&fromdate=2016-07-26&todate=2026-07-26&limit=5000
SPXU,2026-04-20,43.56,43.56,43.56,43.56,,MISSING_VOLUME,https://api.nasdaq.com/api/quote/SPXU/historical?assetclass=etf&fromdate=2016-07-26&todate=2026-07-26&limit=5000
SPXU,2026-04-21,43.56,44.97,43.37,44.69,13809700,,https://api.nasdaq.com/api/quote/SPXU/historical?assetclass=etf&fromdate=2016-07-26&todate=2026-07-26&limit=5000
SPXU,2026-04-22,43.76,43.9301,43.32,43.37,7624067,,https://api.nasdaq.com/api/quote/SPXU/historical?assetclass=etf&fromdate=2016-07-26&todate=2026-07-26&limit=5000
SPXU,2026-04-23,43.705,45.01,43.175,43.9,15125270,,https://api.nasdaq.com/api/quote/SPXU/historical?assetclass=etf&fromdate=2016-07-26&todate=2026-07-26&limit=5000
SPXU,2026-04-24,43.51,43.8399,42.83,42.91,9813228,,https://api.nasdaq.com/api/quote/SPXU/historical?assetclass=etf&fromdate=2016-07-26&todate=2026-07-26&limit=5000
SPXU,2026-04-27,43.07,43.23,42.63,42.7,6154808,,https://api.nasdaq.com/api/quote/SPXU/historical?assetclass=etf&fromdate=2016-07-26&todate=2026-07-26&limit=5000
SPXU,2026-04-28,43.325,43.79,43.14,43.35,7949763,,https://api.nasdaq.com/api/quote/SPXU/historical?assetclass=etf&fromdate=2016-07-26&todate=2026-07-26&limit=5000
SPXU,2026-04-29,43.5,43.97,43.28,43.37,9056000,,https://api.nasdaq.com/api/quote/SPXU/historical?assetclass=etf&fromdate=2016-07-26&todate=2026-07-26&limit=5000
SPXU,2026-04-30,42.85,43.61,41.89,42.13,11108020,,https://api.nasdaq.com/api/quote/SPXU/historical?assetclass=etf&fromdate=2016-07-26&todate=2026-07-26&limit=5000
SPXU,2026-05-01,41.7,41.84,41.07,41.81,7773969,,https://api.nasdaq.com/api/quote/SPXU/historical?assetclass=etf&fromdate=2016-07-26&todate=2026-07-26&limit=5000
SPXU,2026-05-04,41.94,42.84,41.58,42.27,10885750,,https://api.nasdaq.com/api/quote/SPXU/historical?assetclass=etf&fromdate=2016-07-26&todate=2026-07-26&limit=5000
SPXU,2026-05-05,41.64,41.68,41.06,41.29,9515766,,https://api.nasdaq.com/api/quote/SPXU/historical?assetclass=etf&fromdate=2016-07-26&todate=2026-07-26&limit=5000
SPXU,2026-05-06,40.54,40.6,39.45,39.58,9372053,,https://api.nasdaq.com/api/quote/SPXU/historical?assetclass=etf&fromdate=2016-07-26&todate=2026-07-26&limit=5000
SPXU,2026-05-07,39.41,40.25,39.22,39.97,12318250,,https://api.nasdaq.com/api/quote/SPXU/historical?assetclass=etf&fromdate=2016-07-26&todate=2026-07-26&limit=5000
SPXU,2026-05-08,39.44,39.505,38.93,39.02,8463539,,https://api.nasdaq.com/api/quote/SPXU/historical?assetclass=etf&fromdate=2016-07-26&todate=2026-07-26&limit=5000
SPXU,2026-05-11,39.2,39.22,38.52,38.76,8912012,,https://api.nasdaq.com/api/quote/SPXU/historical?assetclass=etf&fromdate=2016-07-26&todate=2026-07-26&limit=5000
SPXU,2026-05-12,39.14,39.95,38.845,38.94,10499690,,https://api.nasdaq.com/api/quote/SPXU/historical?assetclass=etf&fromdate=2016-07-26&todate=2026-07-26&limit=5000
SPXU,2026-05-13,38.94,39.39,38.0602,38.3,8022291,,https://api.nasdaq.com/api/quote/SPXU/historical?assetclass=etf&fromdate=2016-07-26&todate=2026-07-26&limit=5000
SPXU,2026-05-14,38.11,38.13,37.2107,37.43,9352066,,https://api.nasdaq.com/api/quote/SPXU/historical?assetclass=etf&fromdate=2016-07-26&todate=2026-07-26&limit=5000
SPXU,2026-05-15,38.41,38.995,38.18,38.83,10136910,,https://api.nasdaq.com/api/quote/SPXU/historical?assetclass=etf&fromdate=2016-07-26&todate=2026-07-26&limit=5000
SPXU,2026-05-18,38.73,39.74,38.48,38.91,12169780,,https://api.nasdaq.com/api/quote/SPXU/historical?assetclass=etf&fromdate=2016-07-26&todate=2026-07-26&limit=5000
SPXU,2026-05-19,39.53,40.05,39.09,39.72,8215635,,https://api.nasdaq.com/api/quote/SPXU/historical?assetclass=etf&fromdate=2016-07-26&todate=2026-07-26&limit=5000
SPXU,2026-05-20,39.42,39.6999,38.4,38.48,13430490,,https://api.nasdaq.com/api/quote/SPXU/historical?assetclass=etf&fromdate=2016-07-26&todate=2026-07-26&limit=5000
SPXU,2026-05-21,38.92,39.16,37.95,38.27,14230920,,https://api.nasdaq.com/api/quote/SPXU/historical?assetclass=etf&fromdate=2016-07-26&todate=2026-07-26&limit=5000
SPXU,2026-05-22,37.81,38.065,37.38,37.88,9003793,,https://api.nasdaq.com/api/quote/SPXU/historical?assetclass=etf&fromdate=2016-07-26&todate=2026-07-26&limit=5000
SPXU,2026-05-26,37.23,37.4899,36.9101,37.16,4428167,,https://api.nasdaq.com/api/quote/SPXU/historical?assetclass=etf&fromdate=2016-07-26&todate=2026-07-26&limit=5000
SPXU,2026-05-27,37.12,37.52,37.06,37.17,7361851,,https://api.nasdaq.com/api/quote/SPXU/historical?assetclass=etf&fromdate=2016-07-26&todate=2026-07-26&limit=5000
SPXU,2026-05-28,37.23,37.38,36.5001,36.56,10844010,,https://api.nasdaq.com/api/quote/SPXU/historical?assetclass=etf&fromdate=2016-07-26&todate=2026-07-26&limit=5000
SPXU,2026-05-29,36.435,36.61,36.12,36.36,9909403,,https://api.nasdaq.com/api/quote/SPXU/historical?assetclass=etf&fromdate=2016-07-26&todate=2026-07-26&limit=5000
SPXU,2026-06-01,36.53,36.625,35.82,36.09,13264870,,https://api.nasdaq.com/api/quote/SPXU/historical?assetclass=etf&fromdate=2016-07-26&todate=2026-07-26&limit=5000
SPXU,2026-06-02,36.3,36.34,35.82,35.95,9765148,,https://api.nasdaq.com/api/quote/SPXU/historical?assetclass=etf&fromdate=2016-07-26&todate=2026-07-26&limit=5000
SPXU,2026-06-03,36.16,36.805,36.0601,36.69,8501415,,https://api.nasdaq.com/api/quote/SPXU/historical?assetclass=etf&fromdate=2016-07-26&todate=2026-07-26&limit=5000
SPXU,2026-06-04,37.03,37.12,36.13,36.3,7343336,,https://api.nasdaq.com/api/quote/SPXU/historical?assetclass=etf&fromdate=2016-07-26&todate=2026-07-26&limit=5000
SPXU,2026-06-05,37.04,39.45,36.97,39.17,12919160,,https://api.nasdaq.com/api/quote/SPXU/historical?assetclass=etf&fromdate=2016-07-26&todate=2026-07-26&limit=5000
SPXU,2026-06-08,38.25,39.065,37.925,38.9,9907731,,https://api.nasdaq.com/api/quote/SPXU/historical?assetclass=etf&fromdate=2016-07-26&todate=2026-07-26&limit=5000
SPXU,2026-06-09,38.22,41.56,37.7099,39.26,24299300,,https://api.nasdaq.com/api/quote/SPXU/historical?assetclass=etf&fromdate=2016-07-26&todate=2026-07-26&limit=5000
SPXU,2026-06-10,39.865,41.14,39.0707,41.13,17669770,,https://api.nasdaq.com/api/quote/SPXU/historical?assetclass=etf&fromdate=2016-07-26&todate=2026-07-26&limit=5000
SPXU,2026-06-11,40.59,41.32,38.68,39.07,18277560,,https://api.nasdaq.com/api/quote/SPXU/historical?assetclass=etf&fromdate=2016-07-26&todate=2026-07-26&limit=5000
SPXU,2026-06-12,38.62,39.53,38.05,38.48,12828190,,https://api.nasdaq.com/api/quote/SPXU/historical?assetclass=etf&fromdate=2016-07-26&todate=2026-07-26&limit=5000
SPXU,2026-06-15,36.91,36.92,36.155,36.46,6955449,,https://api.nasdaq.com/api/quote/SPXU/historical?assetclass=etf&fromdate=2016-07-26&todate=2026-07-26&limit=5000
SPXU,2026-06-16,36.5,37.18,36.38,37.11,5653009,,https://api.nasdaq.com/api/quote/SPXU/historical?assetclass=etf&fromdate=2016-07-26&todate=2026-07-26&limit=5000
SPXU,2026-06-17,36.98,38.78,36.87,38.51,12521470,,https://api.nasdaq.com/api/quote/SPXU/historical?assetclass=etf&fromdate=2016-07-26&todate=2026-07-26&limit=5000
SPXU,2026-06-18,37.24,37.84,37.16,37.42,9047579,,https://api.nasdaq.com/api/quote/SPXU/historical?assetclass=etf&fromdate=2016-07-26&todate=2026-07-26&limit=5000
SPXU,2026-06-22,37.26,37.9386,36.89,37.77,6870103,,https://api.nasdaq.com/api/quote/SPXU/historical?assetclass=etf&fromdate=2016-07-26&todate=2026-07-26&limit=5000
SPXU,2026-06-23,39.4,39.6,38.5,39.37,10246310,,https://api.nasdaq.com/api/quote/SPXU/historical?assetclass=etf&fromdate=2016-07-26&todate=2026-07-26&limit=5000
SPXU,2026-06-24,38.78,39.46,38.02,39.07,10377120,,https://api.nasdaq.com/api/quote/SPXU/historical?assetclass=etf&fromdate=2016-07-26&todate=2026-07-26&limit=5000
SPXU,2026-06-25,38.2,39.68,38.13,39.02,10313520,,https://api.nasdaq.com/api/quote/SPXU/historical?assetclass=etf&fromdate=2016-07-26&todate=2026-07-26&limit=5000
SPXU,2026-06-26,39.845,40.17,38.625,39.76,11390900,,https://api.nasdaq.com/api/quote/SPXU/historical?assetclass=etf&fromdate=2016-07-26&todate=2026-07-26&limit=5000
SPXU,2026-06-29,38.64,39.345,37.82,37.92,5762543,,https://api.nasdaq.com/api/quote/SPXU/historical?assetclass=etf&fromdate=2016-07-26&todate=2026-07-26&limit=5000
SPXU,2026-06-30,37.89,37.94,36.86,37.07,5334135,,https://api.nasdaq.com/api/quote/SPXU/historical?assetclass=etf&fromdate=2016-07-26&todate=2026-07-26&limit=5000
SPXU,2026-07-01,37.335,37.715,36.665,37.21,5596185,,https://api.nasdaq.com/api/quote/SPXU/historical?assetclass=etf&fromdate=2016-07-26&todate=2026-07-26&limit=5000
SPXU,2026-07-02,37.03,38.13,36.46,37.4,9710623,,https://api.nasdaq.com/api/quote/SPXU/historical?assetclass=etf&fromdate=2016-07-26&todate=2026-07-26&limit=5000
SPXU,2026-07-06,36.9,37.045,36.29,36.45,7951944,,https://api.nasdaq.com/api/quote/SPXU/historical?assetclass=etf&fromdate=2016-07-26&todate=2026-07-26&limit=5000
SPXU,2026-07-07,36.63,37.36,36.52,37.01,7634590,,https://api.nasdaq.com/api/quote/SPXU/historical?assetclass=etf&fromdate=2016-07-26&todate=2026-07-26&limit=5000
SPXU,2026-07-08,37.68,38.23,37.2495,37.36,8696469,,https://api.nasdaq.com/api/quote/SPXU/historical?assetclass=etf&fromdate=2016-07-26&todate=2026-07-26&limit=5000
SPXU,2026-07-09,37.08,37.345,36.385,36.42,9059150,,https://api.nasdaq.com/api/quote/SPXU/historical?assetclass=etf&fromdate=2016-07-26&todate=2026-07-26&limit=5000
SPXU,2026-07-10,36.43,36.995,35.94,36.01,6470501,,https://api.nasdaq.com/api/quote/SPXU/historical?assetclass=etf&fromdate=2016-07-26&todate=2026-07-26&limit=5000
SPXU,2026-07-13,36.37,37,36.1614,36.84,7976849,,https://api.nasdaq.com/api/quote/SPXU/historical?assetclass=etf&fromdate=2016-07-26&todate=2026-07-26&limit=5000
SPXU,2026-07-14,36.59,36.8977,36.24,36.44,8769277,,https://api.nasdaq.com/api/quote/SPXU/historical?assetclass=etf&fromdate=2016-07-26&todate=2026-07-26&limit=5000
SPXU,2026-07-15,36.13,36.705,35.93,36.05,7026516,,https://api.nasdaq.com/api/quote/SPXU/historical?assetclass=etf&fromdate=2016-07-26&todate=2026-07-26&limit=5000
SPXU,2026-07-16,36.34,37.04,36.09,36.63,7240407,,https://api.nasdaq.com/api/quote/SPXU/historical?assetclass=etf&fromdate=2016-07-26&todate=2026-07-26&limit=5000
SPXU,2026-07-17,37.95,38.14,37.1815,37.8,8394465,,https://api.nasdaq.com/api/quote/SPXU/historical?assetclass=etf&fromdate=2016-07-26&todate=2026-07-26&limit=5000
SPXU,2026-07-20,37.22,38.055,36.965,37.95,8457848,,https://api.nasdaq.com/api/quote/SPXU/historical?assetclass=etf&fromdate=2016-07-26&todate=2026-07-26&limit=5000
SPXU,2026-07-21,37.35,37.66,36.9201,37.04,4465354,,https://api.nasdaq.com/api/quote/SPXU/historical?assetclass=etf&fromdate=2016-07-26&todate=2026-07-26&limit=5000
SPXU,2026-07-22,37.29,37.33,36.79,37.18,5519898,,https://api.nasdaq.com/api/quote/SPXU/historical?assetclass=etf&fromdate=2016-07-26&todate=2026-07-26&limit=5000
SPXU,2026-07-23,38.4,39.01,37.92,38.55,7993563,,https://api.nasdaq.com/api/quote/SPXU/historical?assetclass=etf&fromdate=2016-07-26&todate=2026-07-26&limit=5000
SPXU,2026-07-24,38.58,38.75,37.7515,38.5,7761973,,https://api.nasdaq.com/api/quote/SPXU/historical?assetclass=etf&fromdate=2016-07-26&todate=2026-07-26&limit=5000
