Symbol,Date,Open,High,Low,Close,Volume,QualityFlag,SourceURL
TQQQ,2016-07-26,2.3598,2.395,2.3333,2.37,135317257,,https://api.nasdaq.com/api/quote/TQQQ/historical?assetclass=etf&fromdate=2016-07-26&todate=2026-07-26&limit=5000
TQQQ,2016-07-27,2.4281,2.4369,2.3877,2.4162,130367297,,https://api.nasdaq.com/api/quote/TQQQ/historical?assetclass=etf&fromdate=2016-07-26&todate=2026-07-26&limit=5000
TQQQ,2016-07-28,2.4296,2.4517,2.4067,2.4425,86811739,,https://api.nasdaq.com/api/quote/TQQQ/historical?assetclass=etf&fromdate=2016-07-26&todate=2026-07-26&limit=5000
TQQQ,2016-07-29,2.46,2.4787,2.4362,2.4585,102555764,,https://api.nasdaq.com/api/quote/TQQQ/historical?assetclass=etf&fromdate=2016-07-26&todate=2026-07-26&limit=5000
TQQQ,2016-08-01,2.4646,2.516,2.4554,2.4971,105105768,,https://api.nasdaq.com/api/quote/TQQQ/historical?assetclass=etf&fromdate=2016-07-26&todate=2026-07-26&limit=5000
TQQQ,2016-08-02,2.4865,2.4935,2.3931,2.4408,160797329,,https://api.nasdaq.com/api/quote/TQQQ/historical?assetclass=etf&fromdate=2016-07-26&todate=2026-07-26&limit=5000
TQQQ,2016-08-03,2.4354,2.4652,2.4307,2.464,84758440,,https://api.nasdaq.com/api/quote/TQQQ/historical?assetclass=etf&fromdate=2016-07-26&todate=2026-07-26&limit=5000
TQQQ,2016-08-04,2.4633,2.4931,2.4452,2.486,83898422,,https://api.nasdaq.com/api/quote/TQQQ/historical?assetclass=etf&fromdate=2016-07-26&todate=2026-07-26&limit=5000
TQQQ,2016-08-05,2.5262,2.574,2.5156,2.5579,123418133,,https://api.nasdaq.com/api/quote/TQQQ/historical?assetclass=etf&fromdate=2016-07-26&todate=2026-07-26&limit=5000
TQQQ,2016-08-08,2.5623,2.5637,2.5244,2.5498,75831577,,https://api.nasdaq.com/api/quote/TQQQ/historical?assetclass=etf&fromdate=2016-07-26&todate=2026-07-26&limit=5000
TQQQ,2016-08-09,2.5542,2.5901,2.55,2.5667,79651567,,https://api.nasdaq.com/api/quote/TQQQ/historical?assetclass=etf&fromdate=2016-07-26&todate=2026-07-26&limit=5000
TQQQ,2016-08-10,2.5685,2.5725,2.526,2.5469,87593516,,https://api.nasdaq.com/api/quote/TQQQ/historical?assetclass=etf&fromdate=2016-07-26&todate=2026-07-26&limit=5000
TQQQ,2016-08-11,2.5708,2.5958,2.5569,2.5798,68549486,,https://api.nasdaq.com/api/quote/TQQQ/historical?assetclass=etf&fromdate=2016-07-26&todate=2026-07-26&limit=5000
TQQQ,2016-08-12,2.5646,2.5846,2.5571,2.5846,68180173,,https://api.nasdaq.com/api/quote/TQQQ/historical?assetclass=etf&fromdate=2016-07-26&todate=2026-07-26&limit=5000
TQQQ,2016-08-15,2.5937,2.6343,2.5912,2.6171,57029659,,https://api.nasdaq.com/api/quote/TQQQ/historical?assetclass=etf&fromdate=2016-07-26&todate=2026-07-26&limit=5000
TQQQ,2016-08-16,2.6019,2.6042,2.5722,2.5758,62522980,,https://api.nasdaq.com/api/quote/TQQQ/historical?assetclass=etf&fromdate=2016-07-26&todate=2026-07-26&limit=5000
TQQQ,2016-08-17,2.5758,2.5898,2.5329,2.5879,89508191,,https://api.nasdaq.com/api/quote/TQQQ/historical?assetclass=etf&fromdate=2016-07-26&todate=2026-07-26&limit=5000
TQQQ,2016-08-18,2.5798,2.6004,2.5667,2.5904,56716747,,https://api.nasdaq.com/api/quote/TQQQ/historical?assetclass=etf&fromdate=2016-07-26&todate=2026-07-26&limit=5000
TQQQ,2016-08-19,2.5762,2.6035,2.5546,2.5869,73586902,,https://api.nasdaq.com/api/quote/TQQQ/historical?assetclass=etf&fromdate=2016-07-26&todate=2026-07-26&limit=5000
TQQQ,2016-08-22,2.5746,2.606,2.5612,2.5894,73238373,,https://api.nasdaq.com/api/quote/TQQQ/historical?assetclass=etf&fromdate=2016-07-26&todate=2026-07-26&limit=5000
TQQQ,2016-08-23,2.6208,2.6358,2.6029,2.6048,62487316,,https://api.nasdaq.com/api/quote/TQQQ/historical?assetclass=etf&fromdate=2016-07-26&todate=2026-07-26&limit=5000
TQQQ,2016-08-24,2.601,2.6123,2.5302,2.5546,70726625,,https://api.nasdaq.com/api/quote/TQQQ/historical?assetclass=etf&fromdate=2016-07-26&todate=2026-07-26&limit=5000
TQQQ,2016-08-25,2.5344,2.5658,2.5256,2.5425,58016349,,https://api.nasdaq.com/api/quote/TQQQ/historical?assetclass=etf&fromdate=2016-07-26&todate=2026-07-26&limit=5000
TQQQ,2016-08-26,2.5458,2.6033,2.5083,2.5548,107293180,,https://api.nasdaq.com/api/quote/TQQQ/historical?assetclass=etf&fromdate=2016-07-26&todate=2026-07-26&limit=5000
TQQQ,2016-08-29,2.5562,2.5849,2.5548,2.5619,49784432,,https://api.nasdaq.com/api/quote/TQQQ/historical?assetclass=etf&fromdate=2016-07-26&todate=2026-07-26&limit=5000
TQQQ,2016-08-30,2.5525,2.574,2.5129,2.5387,65736105,,https://api.nasdaq.com/api/quote/TQQQ/historical?assetclass=etf&fromdate=2016-07-26&todate=2026-07-26&limit=5000
TQQQ,2016-08-31,2.5277,2.5391,2.499,2.5321,71605795,,https://api.nasdaq.com/api/quote/TQQQ/historical?assetclass=etf&fromdate=2016-07-26&todate=2026-07-26&limit=5000
TQQQ,2016-09-01,2.5337,2.5587,2.4962,2.5433,85715657,,https://api.nasdaq.com/api/quote/TQQQ/historical?assetclass=etf&fromdate=2016-07-26&todate=2026-07-26&limit=5000
TQQQ,2016-09-02,2.5885,2.604,2.546,2.5731,90717745,,https://api.nasdaq.com/api/quote/TQQQ/historical?assetclass=etf&fromdate=2016-07-26&todate=2026-07-26&limit=5000
TQQQ,2016-09-06,2.5885,2.6229,2.5708,2.6208,65973754,,https://api.nasdaq.com/api/quote/TQQQ/historical?assetclass=etf&fromdate=2016-07-26&todate=2026-07-26&limit=5000
TQQQ,2016-09-07,2.629,2.6404,2.5977,2.6256,57987597,,https://api.nasdaq.com/api/quote/TQQQ/historical?assetclass=etf&fromdate=2016-07-26&todate=2026-07-26&limit=5000
TQQQ,2016-09-08,2.6042,2.6056,2.5606,2.5806,69885856,,https://api.nasdaq.com/api/quote/TQQQ/historical?assetclass=etf&fromdate=2016-07-26&todate=2026-07-26&limit=5000
TQQQ,2016-09-09,2.5177,2.5333,2.385,2.385,160485185,,https://api.nasdaq.com/api/quote/TQQQ/historical?assetclass=etf&fromdate=2016-07-26&todate=2026-07-26&limit=5000
TQQQ,2016-09-12,2.3492,2.5238,2.3448,2.5073,130488785,,https://api.nasdaq.com/api/quote/TQQQ/historical?assetclass=etf&fromdate=2016-07-26&todate=2026-07-26&limit=5000
TQQQ,2016-09-13,2.4737,2.4975,2.4102,2.4481,125161928,,https://api.nasdaq.com/api/quote/TQQQ/historical?assetclass=etf&fromdate=2016-07-26&todate=2026-07-26&limit=5000
TQQQ,2016-09-14,2.4544,2.5208,2.4519,2.4796,111356050,,https://api.nasdaq.com/api/quote/TQQQ/historical?assetclass=etf&fromdate=2016-07-26&todate=2026-07-26&limit=5000
TQQQ,2016-09-15,2.4833,2.6069,2.4812,2.5946,131904115,,https://api.nasdaq.com/api/quote/TQQQ/historical?assetclass=etf&fromdate=2016-07-26&todate=2026-07-26&limit=5000
TQQQ,2016-09-16,2.5881,2.6004,2.5542,2.5917,81524242,,https://api.nasdaq.com/api/quote/TQQQ/historical?assetclass=etf&fromdate=2016-07-26&todate=2026-07-26&limit=5000
TQQQ,2016-09-19,2.6115,2.6361,2.544,2.5577,91242002,,https://api.nasdaq.com/api/quote/TQQQ/historical?assetclass=etf&fromdate=2016-07-26&todate=2026-07-26&limit=5000
TQQQ,2016-09-20,2.5833,2.6042,2.56,2.5719,75709561,,https://api.nasdaq.com/api/quote/TQQQ/historical?assetclass=etf&fromdate=2016-07-26&todate=2026-07-26&limit=5000
TQQQ,2016-09-21,2.6042,2.6585,2.5602,2.6467,138194285,,https://api.nasdaq.com/api/quote/TQQQ/historical?assetclass=etf&fromdate=2016-07-26&todate=2026-07-26&limit=5000
TQQQ,2016-09-22,2.6962,2.72,2.6867,2.7085,77983373,,https://api.nasdaq.com/api/quote/TQQQ/historical?assetclass=etf&fromdate=2016-07-26&todate=2026-07-26&limit=5000
TQQQ,2016-09-23,2.7,2.7015,2.6475,2.6598,72978165,,https://api.nasdaq.com/api/quote/TQQQ/historical?assetclass=etf&fromdate=2016-07-26&todate=2026-07-26&limit=5000
TQQQ,2016-09-26,2.614,2.6233,2.5808,2.5937,81539314,,https://api.nasdaq.com/api/quote/TQQQ/historical?assetclass=etf&fromdate=2016-07-26&todate=2026-07-26&limit=5000
TQQQ,2016-09-27,2.5908,2.6721,2.5808,2.6673,82640676,,https://api.nasdaq.com/api/quote/TQQQ/historical?assetclass=etf&fromdate=2016-07-26&todate=2026-07-26&limit=5000
TQQQ,2016-09-28,2.6769,2.6867,2.6413,2.6819,75439657,,https://api.nasdaq.com/api/quote/TQQQ/historical?assetclass=etf&fromdate=2016-07-26&todate=2026-07-26&limit=5000
TQQQ,2016-09-29,2.6704,2.6835,2.5898,2.625,114408807,,https://api.nasdaq.com/api/quote/TQQQ/historical?assetclass=etf&fromdate=2016-07-26&todate=2026-07-26&limit=5000
TQQQ,2016-09-30,2.6492,2.7056,2.636,2.679,79955600,,https://api.nasdaq.com/api/quote/TQQQ/historical?assetclass=etf&fromdate=2016-07-26&todate=2026-07-26&limit=5000
TQQQ,2016-10-03,2.6698,2.6808,2.6385,2.6729,81596243,,https://api.nasdaq.com/api/quote/TQQQ/historical?assetclass=etf&fromdate=2016-07-26&todate=2026-07-26&limit=5000
TQQQ,2016-10-04,2.6919,2.7115,2.6286,2.6577,112198788,,https://api.nasdaq.com/api/quote/TQQQ/historical?assetclass=etf&fromdate=2016-07-26&todate=2026-07-26&limit=5000
TQQQ,2016-10-05,2.6819,2.7115,2.678,2.6854,68794382,,https://api.nasdaq.com/api/quote/TQQQ/historical?assetclass=etf&fromdate=2016-07-26&todate=2026-07-26&limit=5000
TQQQ,2016-10-06,2.6754,2.6985,2.6431,2.6812,74363591,,https://api.nasdaq.com/api/quote/TQQQ/historical?assetclass=etf&fromdate=2016-07-26&todate=2026-07-26&limit=5000
TQQQ,2016-10-07,2.6898,2.6998,2.6254,2.6637,90521473,,https://api.nasdaq.com/api/quote/TQQQ/historical?assetclass=etf&fromdate=2016-07-26&todate=2026-07-26&limit=5000
TQQQ,2016-10-10,2.7031,2.7327,2.7017,2.7115,59769072,,https://api.nasdaq.com/api/quote/TQQQ/historical?assetclass=etf&fromdate=2016-07-26&todate=2026-07-26&limit=5000
TQQQ,2016-10-11,2.7058,2.7092,2.5635,2.5994,129347535,,https://api.nasdaq.com/api/quote/TQQQ/historical?assetclass=etf&fromdate=2016-07-26&todate=2026-07-26&limit=5000
TQQQ,2016-10-12,2.6021,2.6181,2.5675,2.594,81776099,,https://api.nasdaq.com/api/quote/TQQQ/historical?assetclass=etf&fromdate=2016-07-26&todate=2026-07-26&limit=5000
TQQQ,2016-10-13,2.5398,2.5846,2.4931,2.5635,104110391,,https://api.nasdaq.com/api/quote/TQQQ/historical?assetclass=etf&fromdate=2016-07-26&todate=2026-07-26&limit=5000
TQQQ,2016-10-14,2.5981,2.6317,2.5671,2.5694,81790931,,https://api.nasdaq.com/api/quote/TQQQ/historical?assetclass=etf&fromdate=2016-07-26&todate=2026-07-26&limit=5000
TQQQ,2016-10-17,2.5687,2.582,2.5414,2.5517,55640585,,https://api.nasdaq.com/api/quote/TQQQ/historical?assetclass=etf&fromdate=2016-07-26&todate=2026-07-26&limit=5000
TQQQ,2016-10-18,2.6406,2.6548,2.6146,2.6171,76764219,,https://api.nasdaq.com/api/quote/TQQQ/historical?assetclass=etf&fromdate=2016-07-26&todate=2026-07-26&limit=5000
TQQQ,2016-10-19,2.6123,2.6285,2.604,2.6181,46962171,,https://api.nasdaq.com/api/quote/TQQQ/historical?assetclass=etf&fromdate=2016-07-26&todate=2026-07-26&limit=5000
TQQQ,2016-10-20,2.606,2.6254,2.5629,2.6071,69640047,,https://api.nasdaq.com/api/quote/TQQQ/historical?assetclass=etf&fromdate=2016-07-26&todate=2026-07-26&limit=5000
TQQQ,2016-10-21,2.6127,2.6415,2.5881,2.6354,58607038,,https://api.nasdaq.com/api/quote/TQQQ/historical?assetclass=etf&fromdate=2016-07-26&todate=2026-07-26&limit=5000
TQQQ,2016-10-24,2.6887,2.7369,2.6867,2.7315,68567102,,https://api.nasdaq.com/api/quote/TQQQ/historical?assetclass=etf&fromdate=2016-07-26&todate=2026-07-26&limit=5000
TQQQ,2016-10-25,2.734,2.7379,2.6935,2.7042,59063327,,https://api.nasdaq.com/api/quote/TQQQ/historical?assetclass=etf&fromdate=2016-07-26&todate=2026-07-26&limit=5000
TQQQ,2016-10-26,2.6521,2.695,2.6271,2.6523,95085512,,https://api.nasdaq.com/api/quote/TQQQ/historical?assetclass=etf&fromdate=2016-07-26&todate=2026-07-26&limit=5000
TQQQ,2016-10-27,2.6848,2.6912,2.6033,2.6152,102472436,,https://api.nasdaq.com/api/quote/TQQQ/historical?assetclass=etf&fromdate=2016-07-26&todate=2026-07-26&limit=5000
TQQQ,2016-10-28,2.5904,2.6321,2.5417,2.57,142916725,,https://api.nasdaq.com/api/quote/TQQQ/historical?assetclass=etf&fromdate=2016-07-26&todate=2026-07-26&limit=5000
TQQQ,2016-10-31,2.595,2.595,2.5542,2.5554,56766427,,https://api.nasdaq.com/api/quote/TQQQ/historical?assetclass=etf&fromdate=2016-07-26&todate=2026-07-26&limit=5000
TQQQ,2016-11-01,2.5719,2.5719,2.4337,2.5029,101625907,,https://api.nasdaq.com/api/quote/TQQQ/historical?assetclass=etf&fromdate=2016-07-26&todate=2026-07-26&limit=5000
TQQQ,2016-11-02,2.4946,2.5115,2.421,2.4377,80910945,,https://api.nasdaq.com/api/quote/TQQQ/historical?assetclass=etf&fromdate=2016-07-26&todate=2026-07-26&limit=5000
TQQQ,2016-11-03,2.4277,2.4506,2.3585,2.3675,86796331,,https://api.nasdaq.com/api/quote/TQQQ/historical?assetclass=etf&fromdate=2016-07-26&todate=2026-07-26&limit=5000
TQQQ,2016-11-04,2.3456,2.3973,2.3287,2.3406,84795448,,https://api.nasdaq.com/api/quote/TQQQ/historical?assetclass=etf&fromdate=2016-07-26&todate=2026-07-26&limit=5000
TQQQ,2016-11-07,2.454,2.5162,2.4444,2.5083,100603505,,https://api.nasdaq.com/api/quote/TQQQ/historical?assetclass=etf&fromdate=2016-07-26&todate=2026-07-26&limit=5000
TQQQ,2016-11-08,2.5,2.5912,2.4833,2.5575,107439868,,https://api.nasdaq.com/api/quote/TQQQ/historical?assetclass=etf&fromdate=2016-07-26&todate=2026-07-26&limit=5000
TQQQ,2016-11-09,2.4669,2.6048,2.4598,2.5933,182672980,,https://api.nasdaq.com/api/quote/TQQQ/historical?assetclass=etf&fromdate=2016-07-26&todate=2026-07-26&limit=5000
TQQQ,2016-11-10,2.6248,2.6396,2.364,2.47,247717068,,https://api.nasdaq.com/api/quote/TQQQ/historical?assetclass=etf&fromdate=2016-07-26&todate=2026-07-26&limit=5000
TQQQ,2016-11-11,2.4319,2.4858,2.4083,2.4679,113517830,,https://api.nasdaq.com/api/quote/TQQQ/historical?assetclass=etf&fromdate=2016-07-26&todate=2026-07-26&limit=5000
TQQQ,2016-11-14,2.4725,2.4779,2.3575,2.3846,176738443,,https://api.nasdaq.com/api/quote/TQQQ/historical?assetclass=etf&fromdate=2016-07-26&todate=2026-07-26&limit=5000
TQQQ,2016-11-15,2.445,2.5177,2.4381,2.495,105016008,,https://api.nasdaq.com/api/quote/TQQQ/historical?assetclass=etf&fromdate=2016-07-26&todate=2026-07-26&limit=5000
TQQQ,2016-11-16,2.4573,2.5435,2.4573,2.5356,86148042,,https://api.nasdaq.com/api/quote/TQQQ/historical?assetclass=etf&fromdate=2016-07-26&todate=2026-07-26&limit=5000
TQQQ,2016-11-17,2.534,2.5944,2.5181,2.5944,75195384,,https://api.nasdaq.com/api/quote/TQQQ/historical?assetclass=etf&fromdate=2016-07-26&todate=2026-07-26&limit=5000
TQQQ,2016-11-18,2.5992,2.6161,2.5573,2.5652,62670580,,https://api.nasdaq.com/api/quote/TQQQ/historical?assetclass=etf&fromdate=2016-07-26&todate=2026-07-26&limit=5000
TQQQ,2016-11-21,2.5815,2.6504,2.5804,2.6423,83290117,,https://api.nasdaq.com/api/quote/TQQQ/historical?assetclass=etf&fromdate=2016-07-26&todate=2026-07-26&limit=5000
TQQQ,2016-11-22,2.6744,2.6875,2.6475,2.666,76345034,,https://api.nasdaq.com/api/quote/TQQQ/historical?assetclass=etf&fromdate=2016-07-26&todate=2026-07-26&limit=5000
TQQQ,2016-11-23,2.6404,2.6494,2.6,2.634,73763638,,https://api.nasdaq.com/api/quote/TQQQ/historical?assetclass=etf&fromdate=2016-07-26&todate=2026-07-26&limit=5000
TQQQ,2016-11-25,2.6465,2.6633,2.6356,2.6594,38280157,,https://api.nasdaq.com/api/quote/TQQQ/historical?assetclass=etf&fromdate=2016-07-26&todate=2026-07-26&limit=5000
TQQQ,2016-11-28,2.6473,2.6791,2.6337,2.6446,71357778,,https://api.nasdaq.com/api/quote/TQQQ/historical?assetclass=etf&fromdate=2016-07-26&todate=2026-07-26&limit=5000
TQQQ,2016-11-29,2.6469,2.7067,2.6275,2.67,74479799,,https://api.nasdaq.com/api/quote/TQQQ/historical?assetclass=etf&fromdate=2016-07-26&todate=2026-07-26&limit=5000
TQQQ,2016-11-30,2.6754,2.6819,2.5694,2.5835,150910609,,https://api.nasdaq.com/api/quote/TQQQ/historical?assetclass=etf&fromdate=2016-07-26&todate=2026-07-26&limit=5000
TQQQ,2016-12-01,2.5704,2.5706,2.4265,2.4417,186183466,,https://api.nasdaq.com/api/quote/TQQQ/historical?assetclass=etf&fromdate=2016-07-26&todate=2026-07-26&limit=5000
TQQQ,2016-12-02,2.444,2.4825,2.4223,2.4515,102955317,,https://api.nasdaq.com/api/quote/TQQQ/historical?assetclass=etf&fromdate=2016-07-26&todate=2026-07-26&limit=5000
TQQQ,2016-12-05,2.491,2.5392,2.4567,2.5081,89842512,,https://api.nasdaq.com/api/quote/TQQQ/historical?assetclass=etf&fromdate=2016-07-26&todate=2026-07-26&limit=5000
TQQQ,2016-12-06,2.5275,2.5406,2.4967,2.5262,69059294,,https://api.nasdaq.com/api/quote/TQQQ/historical?assetclass=etf&fromdate=2016-07-26&todate=2026-07-26&limit=5000
TQQQ,2016-12-07,2.5115,2.6325,2.4896,2.62,148479838,,https://api.nasdaq.com/api/quote/TQQQ/historical?assetclass=etf&fromdate=2016-07-26&todate=2026-07-26&limit=5000
TQQQ,2016-12-08,2.6267,2.6573,2.6115,2.636,112811028,,https://api.nasdaq.com/api/quote/TQQQ/historical?assetclass=etf&fromdate=2016-07-26&todate=2026-07-26&limit=5000
TQQQ,2016-12-09,2.6658,2.7023,2.6658,2.6977,102598100,,https://api.nasdaq.com/api/quote/TQQQ/historical?assetclass=etf&fromdate=2016-07-26&todate=2026-07-26&limit=5000
TQQQ,2016-12-12,2.6608,2.6783,2.6295,2.6602,94849448,,https://api.nasdaq.com/api/quote/TQQQ/historical?assetclass=etf&fromdate=2016-07-26&todate=2026-07-26&limit=5000
TQQQ,2016-12-13,2.6892,2.8069,2.6854,2.7642,168599646,,https://api.nasdaq.com/api/quote/TQQQ/historical?assetclass=etf&fromdate=2016-07-26&todate=2026-07-26&limit=5000
TQQQ,2016-12-14,2.7696,2.7996,2.7204,2.744,141828515,,https://api.nasdaq.com/api/quote/TQQQ/historical?assetclass=etf&fromdate=2016-07-26&todate=2026-07-26&limit=5000
TQQQ,2016-12-15,2.7515,2.8062,2.7367,2.7606,106201466,,https://api.nasdaq.com/api/quote/TQQQ/historical?assetclass=etf&fromdate=2016-07-26&todate=2026-07-26&limit=5000
TQQQ,2016-12-16,2.7735,2.7914,2.7119,2.7271,114714376,,https://api.nasdaq.com/api/quote/TQQQ/historical?assetclass=etf&fromdate=2016-07-26&todate=2026-07-26&limit=5000
TQQQ,2016-12-19,2.7385,2.8104,2.7262,2.7604,83171797,,https://api.nasdaq.com/api/quote/TQQQ/historical?assetclass=etf&fromdate=2016-07-26&todate=2026-07-26&limit=5000
TQQQ,2016-12-20,2.7821,2.8073,2.7771,2.7937,62753092,,https://api.nasdaq.com/api/quote/TQQQ/historical?assetclass=etf&fromdate=2016-07-26&todate=2026-07-26&limit=5000
TQQQ,2016-12-21,2.7948,2.8004,2.7666,2.784,48197453,,https://api.nasdaq.com/api/quote/TQQQ/historical?assetclass=etf&fromdate=2016-07-26&todate=2026-07-26&limit=5000
TQQQ,2016-12-22,2.7852,2.789,2.73,2.7598,65103224,,https://api.nasdaq.com/api/quote/TQQQ/historical?assetclass=etf&fromdate=2016-07-26&todate=2026-07-26&limit=5000
TQQQ,2016-12-23,2.7485,2.7696,2.7396,2.7683,32119587,,https://api.nasdaq.com/api/quote/TQQQ/historical?assetclass=etf&fromdate=2016-07-26&todate=2026-07-26&limit=5000
TQQQ,2016-12-27,2.7833,2.8569,2.7804,2.8087,75552697,,https://api.nasdaq.com/api/quote/TQQQ/historical?assetclass=etf&fromdate=2016-07-26&todate=2026-07-26&limit=5000
TQQQ,2016-12-28,2.8258,2.8348,2.7377,2.7437,91205906,,https://api.nasdaq.com/api/quote/TQQQ/historical?assetclass=etf&fromdate=2016-07-26&todate=2026-07-26&limit=5000
TQQQ,2016-12-29,2.7423,2.7596,2.7058,2.7304,85693577,,https://api.nasdaq.com/api/quote/TQQQ/historical?assetclass=etf&fromdate=2016-07-26&todate=2026-07-26&limit=5000
TQQQ,2016-12-30,2.746,2.7477,2.625,2.6506,105253512,,https://api.nasdaq.com/api/quote/TQQQ/historical?assetclass=etf&fromdate=2016-07-26&todate=2026-07-26&limit=5000
TQQQ,2017-01-03,2.7002,2.7477,2.6744,2.7148,97307964,,https://api.nasdaq.com/api/quote/TQQQ/historical?assetclass=etf&fromdate=2016-07-26&todate=2026-07-26&limit=5000
TQQQ,2017-01-04,2.7273,2.7762,2.7238,2.761,66419626,,https://api.nasdaq.com/api/quote/TQQQ/historical?assetclass=etf&fromdate=2016-07-26&todate=2026-07-26&limit=5000
TQQQ,2017-01-05,2.7587,2.8135,2.7562,2.81,61310210,,https://api.nasdaq.com/api/quote/TQQQ/historical?assetclass=etf&fromdate=2016-07-26&todate=2026-07-26&limit=5000
TQQQ,2017-01-06,2.8152,2.9033,2.7938,2.8812,95767305,,https://api.nasdaq.com/api/quote/TQQQ/historical?assetclass=etf&fromdate=2016-07-26&todate=2026-07-26&limit=5000
TQQQ,2017-01-09,2.8883,2.925,2.8825,2.9104,65837145,,https://api.nasdaq.com/api/quote/TQQQ/historical?assetclass=etf&fromdate=2016-07-26&todate=2026-07-26&limit=5000
TQQQ,2017-01-10,2.9092,2.9546,2.894,2.9271,66222826,,https://api.nasdaq.com/api/quote/TQQQ/historical?assetclass=etf&fromdate=2016-07-26&todate=2026-07-26&limit=5000
TQQQ,2017-01-11,2.9292,2.9517,2.8862,2.9496,93959286,,https://api.nasdaq.com/api/quote/TQQQ/historical?assetclass=etf&fromdate=2016-07-26&todate=2026-07-26&limit=5000
TQQQ,2017-01-12,2.9204,2.9433,2.8554,2.9346,80445584,,https://api.nasdaq.com/api/quote/TQQQ/historical?assetclass=etf&fromdate=2016-07-26&todate=2026-07-26&limit=5000
TQQQ,2017-01-13,2.9442,2.9825,2.9433,2.9683,58573969,,https://api.nasdaq.com/api/quote/TQQQ/historical?assetclass=etf&fromdate=2016-07-26&todate=2026-07-26&limit=5000
TQQQ,2017-01-17,2.9417,2.9583,2.915,2.9404,55354012,,https://api.nasdaq.com/api/quote/TQQQ/historical?assetclass=etf&fromdate=2016-07-26&todate=2026-07-26&limit=5000
TQQQ,2017-01-18,2.9542,2.9663,2.9304,2.9604,48972177,,https://api.nasdaq.com/api/quote/TQQQ/historical?assetclass=etf&fromdate=2016-07-26&todate=2026-07-26&limit=5000
TQQQ,2017-01-19,2.9688,3.0015,2.9358,2.9525,58729249,,https://api.nasdaq.com/api/quote/TQQQ/historical?assetclass=etf&fromdate=2016-07-26&todate=2026-07-26&limit=5000
TQQQ,2017-01-20,2.9917,3.0146,2.95,2.9717,56801595,,https://api.nasdaq.com/api/quote/TQQQ/historical?assetclass=etf&fromdate=2016-07-26&todate=2026-07-26&limit=5000
TQQQ,2017-01-23,2.9625,2.9917,2.9238,2.9783,54922348,,https://api.nasdaq.com/api/quote/TQQQ/historical?assetclass=etf&fromdate=2016-07-26&todate=2026-07-26&limit=5000
TQQQ,2017-01-24,2.9946,3.0533,2.9821,3.0404,51508447,,https://api.nasdaq.com/api/quote/TQQQ/historical?assetclass=etf&fromdate=2016-07-26&todate=2026-07-26&limit=5000
TQQQ,2017-01-25,3.0954,3.1338,3.0888,3.1292,55811883,,https://api.nasdaq.com/api/quote/TQQQ/historical?assetclass=etf&fromdate=2016-07-26&todate=2026-07-26&limit=5000
TQQQ,2017-01-26,3.1433,3.1608,3.1254,3.1421,50476832,,https://api.nasdaq.com/api/quote/TQQQ/historical?assetclass=etf&fromdate=2016-07-26&todate=2026-07-26&limit=5000
TQQQ,2017-01-27,3.1583,3.1677,3.1283,3.1571,33112726,,https://api.nasdaq.com/api/quote/TQQQ/historical?assetclass=etf&fromdate=2016-07-26&todate=2026-07-26&limit=5000
TQQQ,2017-01-30,3.1238,3.1254,3.0325,3.0854,74794716,,https://api.nasdaq.com/api/quote/TQQQ/historical?assetclass=etf&fromdate=2016-07-26&todate=2026-07-26&limit=5000
TQQQ,2017-01-31,3.0538,3.0683,3.0121,3.0683,58938481,,https://api.nasdaq.com/api/quote/TQQQ/historical?assetclass=etf&fromdate=2016-07-26&todate=2026-07-26&limit=5000
TQQQ,2017-02-01,3.1283,3.1467,3.0867,3.1267,72225998,,https://api.nasdaq.com/api/quote/TQQQ/historical?assetclass=etf&fromdate=2016-07-26&todate=2026-07-26&limit=5000
TQQQ,2017-02-02,3.1108,3.1479,3.085,3.1188,57772658,,https://api.nasdaq.com/api/quote/TQQQ/historical?assetclass=etf&fromdate=2016-07-26&todate=2026-07-26&limit=5000
TQQQ,2017-02-03,3.1313,3.1563,3.1217,3.1458,48181857,,https://api.nasdaq.com/api/quote/TQQQ/historical?assetclass=etf&fromdate=2016-07-26&todate=2026-07-26&limit=5000
TQQQ,2017-02-06,3.1304,3.1592,3.1221,3.1575,41290815,,https://api.nasdaq.com/api/quote/TQQQ/historical?assetclass=etf&fromdate=2016-07-26&todate=2026-07-26&limit=5000
TQQQ,2017-02-07,3.1742,3.2121,3.1693,3.19,46187291,,https://api.nasdaq.com/api/quote/TQQQ/historical?assetclass=etf&fromdate=2016-07-26&todate=2026-07-26&limit=5000
TQQQ,2017-02-08,3.1788,3.2204,3.1611,3.2079,36858763,,https://api.nasdaq.com/api/quote/TQQQ/historical?assetclass=etf&fromdate=2016-07-26&todate=2026-07-26&limit=5000
TQQQ,2017-02-09,3.2167,3.2635,3.2117,3.2413,50919463,,https://api.nasdaq.com/api/quote/TQQQ/historical?assetclass=etf&fromdate=2016-07-26&todate=2026-07-26&limit=5000
TQQQ,2017-02-10,3.2638,3.2875,3.2471,3.2733,47864098,,https://api.nasdaq.com/api/quote/TQQQ/historical?assetclass=etf&fromdate=2016-07-26&todate=2026-07-26&limit=5000
TQQQ,2017-02-13,3.3042,3.3429,3.2992,3.3308,42740606,,https://api.nasdaq.com/api/quote/TQQQ/historical?assetclass=etf&fromdate=2016-07-26&todate=2026-07-26&limit=5000
TQQQ,2017-02-14,3.3329,3.3633,3.3017,3.3621,62518726,,https://api.nasdaq.com/api/quote/TQQQ/historical?assetclass=etf&fromdate=2016-07-26&todate=2026-07-26&limit=5000
TQQQ,2017-02-15,3.3579,3.4267,3.35,3.42,73362589,,https://api.nasdaq.com/api/quote/TQQQ/historical?assetclass=etf&fromdate=2016-07-26&todate=2026-07-26&limit=5000
TQQQ,2017-02-16,3.4283,3.4486,3.3925,3.4171,63485517,,https://api.nasdaq.com/api/quote/TQQQ/historical?assetclass=etf&fromdate=2016-07-26&todate=2026-07-26&limit=5000
TQQQ,2017-02-17,3.4029,3.4625,3.4008,3.46,51504343,,https://api.nasdaq.com/api/quote/TQQQ/historical?assetclass=etf&fromdate=2016-07-26&todate=2026-07-26&limit=5000
TQQQ,2017-02-21,3.4842,3.52,3.4763,3.515,66461419,,https://api.nasdaq.com/api/quote/TQQQ/historical?assetclass=etf&fromdate=2016-07-26&todate=2026-07-26&limit=5000
TQQQ,2017-02-22,3.5042,3.5242,3.4858,3.5154,42836126,,https://api.nasdaq.com/api/quote/TQQQ/historical?assetclass=etf&fromdate=2016-07-26&todate=2026-07-26&limit=5000
TQQQ,2017-02-23,3.5308,3.5313,3.4342,3.4775,62423374,,https://api.nasdaq.com/api/quote/TQQQ/historical?assetclass=etf&fromdate=2016-07-26&todate=2026-07-26&limit=5000
TQQQ,2017-02-24,3.4275,3.4963,3.425,3.4963,50677111,,https://api.nasdaq.com/api/quote/TQQQ/historical?assetclass=etf&fromdate=2016-07-26&todate=2026-07-26&limit=5000
TQQQ,2017-02-27,3.4779,3.5088,3.4588,3.5067,52263318,,https://api.nasdaq.com/api/quote/TQQQ/historical?assetclass=etf&fromdate=2016-07-26&todate=2026-07-26&limit=5000
TQQQ,2017-02-28,3.5071,3.5104,3.4475,3.4792,40925631,,https://api.nasdaq.com/api/quote/TQQQ/historical?assetclass=etf&fromdate=2016-07-26&todate=2026-07-26&limit=5000
TQQQ,2017-03-01,3.54,3.6083,3.5233,3.5917,63091030,,https://api.nasdaq.com/api/quote/TQQQ/historical?assetclass=etf&fromdate=2016-07-26&todate=2026-07-26&limit=5000
TQQQ,2017-03-02,3.59,3.59,3.5233,3.535,42796550,,https://api.nasdaq.com/api/quote/TQQQ/historical?assetclass=etf&fromdate=2016-07-26&todate=2026-07-26&limit=5000
TQQQ,2017-03-03,3.5267,3.5583,3.4996,3.5533,34638788,,https://api.nasdaq.com/api/quote/TQQQ/historical?assetclass=etf&fromdate=2016-07-26&todate=2026-07-26&limit=5000
TQQQ,2017-03-06,3.515,3.5483,3.4879,3.5288,38394113,,https://api.nasdaq.com/api/quote/TQQQ/historical?assetclass=etf&fromdate=2016-07-26&todate=2026-07-26&limit=5000
TQQQ,2017-03-07,3.5063,3.5583,3.4946,3.5113,35335412,,https://api.nasdaq.com/api/quote/TQQQ/historical?assetclass=etf&fromdate=2016-07-26&todate=2026-07-26&limit=5000
TQQQ,2017-03-08,3.52,3.5633,3.5079,3.5292,38586617,,https://api.nasdaq.com/api/quote/TQQQ/historical?assetclass=etf&fromdate=2016-07-26&todate=2026-07-26&limit=5000
TQQQ,2017-03-09,3.5283,3.5528,3.4821,3.54,43453405,,https://api.nasdaq.com/api/quote/TQQQ/historical?assetclass=etf&fromdate=2016-07-26&todate=2026-07-26&limit=5000
TQQQ,2017-03-10,3.5854,3.5983,3.538,3.5788,50839735,,https://api.nasdaq.com/api/quote/TQQQ/historical?assetclass=etf&fromdate=2016-07-26&todate=2026-07-26&limit=5000
TQQQ,2017-03-13,3.5754,3.6029,3.5721,3.5996,33683037,,https://api.nasdaq.com/api/quote/TQQQ/historical?assetclass=etf&fromdate=2016-07-26&todate=2026-07-26&limit=5000
TQQQ,2017-03-14,3.575,3.5804,3.53,3.5729,52758774,,https://api.nasdaq.com/api/quote/TQQQ/historical?assetclass=etf&fromdate=2016-07-26&todate=2026-07-26&limit=5000
TQQQ,2017-03-15,3.5975,3.6633,3.5604,3.6354,63747021,,https://api.nasdaq.com/api/quote/TQQQ/historical?assetclass=etf&fromdate=2016-07-26&todate=2026-07-26&limit=5000
TQQQ,2017-03-16,3.6604,3.6604,3.6071,3.6333,38746721,,https://api.nasdaq.com/api/quote/TQQQ/historical?assetclass=etf&fromdate=2016-07-26&todate=2026-07-26&limit=5000
TQQQ,2017-03-17,3.6417,3.6563,3.6225,3.6246,35254652,,https://api.nasdaq.com/api/quote/TQQQ/historical?assetclass=etf&fromdate=2016-07-26&todate=2026-07-26&limit=5000
TQQQ,2017-03-20,3.6246,3.6613,3.6083,3.6354,36702403,,https://api.nasdaq.com/api/quote/TQQQ/historical?assetclass=etf&fromdate=2016-07-26&todate=2026-07-26&limit=5000
TQQQ,2017-03-21,3.6758,3.6875,3.465,3.4733,93233805,,https://api.nasdaq.com/api/quote/TQQQ/historical?assetclass=etf&fromdate=2016-07-26&todate=2026-07-26&limit=5000
TQQQ,2017-03-22,3.4754,3.5513,3.4592,3.5417,70550704,,https://api.nasdaq.com/api/quote/TQQQ/historical?assetclass=etf&fromdate=2016-07-26&todate=2026-07-26&limit=5000
TQQQ,2017-03-23,3.5288,3.5567,3.4967,3.5133,58939273,,https://api.nasdaq.com/api/quote/TQQQ/historical?assetclass=etf&fromdate=2016-07-26&todate=2026-07-26&limit=5000
TQQQ,2017-03-24,3.5467,3.5879,3.495,3.5325,51297871,,https://api.nasdaq.com/api/quote/TQQQ/historical?assetclass=etf&fromdate=2016-07-26&todate=2026-07-26&limit=5000
TQQQ,2017-03-27,3.4604,3.5696,3.4346,3.5513,74651316,,https://api.nasdaq.com/api/quote/TQQQ/historical?assetclass=etf&fromdate=2016-07-26&todate=2026-07-26&limit=5000
TQQQ,2017-03-28,3.5508,3.6488,3.5288,3.6179,83921933,,https://api.nasdaq.com/api/quote/TQQQ/historical?assetclass=etf&fromdate=2016-07-26&todate=2026-07-26&limit=5000
TQQQ,2017-03-29,3.6213,3.6708,3.6129,3.6658,48047194,,https://api.nasdaq.com/api/quote/TQQQ/historical?assetclass=etf&fromdate=2016-07-26&todate=2026-07-26&limit=5000
TQQQ,2017-03-30,3.6646,3.6963,3.6525,3.6842,52779078,,https://api.nasdaq.com/api/quote/TQQQ/historical?assetclass=etf&fromdate=2016-07-26&todate=2026-07-26&limit=5000
TQQQ,2017-03-31,3.6679,3.705,3.6558,3.6754,54104957,,https://api.nasdaq.com/api/quote/TQQQ/historical?assetclass=etf&fromdate=2016-07-26&todate=2026-07-26&limit=5000
TQQQ,2017-04-03,3.6863,3.7117,3.6091,3.6675,64238181,,https://api.nasdaq.com/api/quote/TQQQ/historical?assetclass=etf&fromdate=2016-07-26&todate=2026-07-26&limit=5000
TQQQ,2017-04-04,3.6354,3.6871,3.6329,3.6842,32306158,,https://api.nasdaq.com/api/quote/TQQQ/historical?assetclass=etf&fromdate=2016-07-26&todate=2026-07-26&limit=5000
TQQQ,2017-04-05,3.7021,3.7658,3.6204,3.6421,73064990,,https://api.nasdaq.com/api/quote/TQQQ/historical?assetclass=etf&fromdate=2016-07-26&todate=2026-07-26&limit=5000
TQQQ,2017-04-06,3.6546,3.6754,3.6188,3.645,61592615,,https://api.nasdaq.com/api/quote/TQQQ/historical?assetclass=etf&fromdate=2016-07-26&todate=2026-07-26&limit=5000
TQQQ,2017-04-07,3.6425,3.6738,3.6013,3.6408,41529423,,https://api.nasdaq.com/api/quote/TQQQ/historical?assetclass=etf&fromdate=2016-07-26&todate=2026-07-26&limit=5000
TQQQ,2017-04-10,3.6533,3.6888,3.6138,3.645,48107746,,https://api.nasdaq.com/api/quote/TQQQ/historical?assetclass=etf&fromdate=2016-07-26&todate=2026-07-26&limit=5000
TQQQ,2017-04-11,3.6308,3.6492,3.5179,3.5992,85220980,,https://api.nasdaq.com/api/quote/TQQQ/historical?assetclass=etf&fromdate=2016-07-26&todate=2026-07-26&limit=5000
TQQQ,2017-04-12,3.595,3.6025,3.5408,3.5517,67964802,,https://api.nasdaq.com/api/quote/TQQQ/historical?assetclass=etf&fromdate=2016-07-26&todate=2026-07-26&limit=5000
TQQQ,2017-04-13,3.5375,3.5988,3.5075,3.5096,61344287,,https://api.nasdaq.com/api/quote/TQQQ/historical?assetclass=etf&fromdate=2016-07-26&todate=2026-07-26&limit=5000
TQQQ,2017-04-17,3.5392,3.5975,3.5352,3.5929,35930515,,https://api.nasdaq.com/api/quote/TQQQ/historical?assetclass=etf&fromdate=2016-07-26&todate=2026-07-26&limit=5000
TQQQ,2017-04-18,3.5596,3.6116,3.5529,3.5825,50546888,,https://api.nasdaq.com/api/quote/TQQQ/historical?assetclass=etf&fromdate=2016-07-26&todate=2026-07-26&limit=5000
TQQQ,2017-04-19,3.6238,3.6592,3.58,3.595,57493130,,https://api.nasdaq.com/api/quote/TQQQ/historical?assetclass=etf&fromdate=2016-07-26&todate=2026-07-26&limit=5000
TQQQ,2017-04-20,3.6388,3.7083,3.6221,3.6821,82331862,,https://api.nasdaq.com/api/quote/TQQQ/historical?assetclass=etf&fromdate=2016-07-26&todate=2026-07-26&limit=5000
TQQQ,2017-04-21,3.6942,3.6988,3.6551,3.6804,53985197,,https://api.nasdaq.com/api/quote/TQQQ/historical?assetclass=etf&fromdate=2016-07-26&todate=2026-07-26&limit=5000
TQQQ,2017-04-24,3.8021,3.825,3.7858,3.8142,59594448,,https://api.nasdaq.com/api/quote/TQQQ/historical?assetclass=etf&fromdate=2016-07-26&todate=2026-07-26&limit=5000
TQQQ,2017-04-25,3.8521,3.9179,3.8433,3.8988,63724509,,https://api.nasdaq.com/api/quote/TQQQ/historical?assetclass=etf&fromdate=2016-07-26&todate=2026-07-26&limit=5000
TQQQ,2017-04-26,3.9025,3.9304,3.8733,3.8817,87203450,,https://api.nasdaq.com/api/quote/TQQQ/historical?assetclass=etf&fromdate=2016-07-26&todate=2026-07-26&limit=5000
TQQQ,2017-04-27,3.9108,3.95,3.9013,3.9496,57329594,,https://api.nasdaq.com/api/quote/TQQQ/historical?assetclass=etf&fromdate=2016-07-26&todate=2026-07-26&limit=5000
TQQQ,2017-04-28,3.9975,4.0021,3.9521,3.9721,68373425,,https://api.nasdaq.com/api/quote/TQQQ/historical?assetclass=etf&fromdate=2016-07-26&todate=2026-07-26&limit=5000
TQQQ,2017-05-01,4.0088,4.0925,4.0038,4.0721,64479140,,https://api.nasdaq.com/api/quote/TQQQ/historical?assetclass=etf&fromdate=2016-07-26&todate=2026-07-26&limit=5000
TQQQ,2017-05-02,4.0921,4.1021,4.0608,4.0963,59922072,,https://api.nasdaq.com/api/quote/TQQQ/historical?assetclass=etf&fromdate=2016-07-26&todate=2026-07-26&limit=5000
TQQQ,2017-05-03,4.0713,4.0717,4.0229,4.0558,73184389,,https://api.nasdaq.com/api/quote/TQQQ/historical?assetclass=etf&fromdate=2016-07-26&todate=2026-07-26&limit=5000
TQQQ,2017-05-04,4.0579,4.0767,4.0183,4.06,72502310,,https://api.nasdaq.com/api/quote/TQQQ/historical?assetclass=etf&fromdate=2016-07-26&todate=2026-07-26&limit=5000
TQQQ,2017-05-05,4.0892,4.1042,4.0454,4.1042,54255197,,https://api.nasdaq.com/api/quote/TQQQ/historical?assetclass=etf&fromdate=2016-07-26&todate=2026-07-26&limit=5000
TQQQ,2017-05-08,4.1104,4.1304,4.0854,4.1288,61163375,,https://api.nasdaq.com/api/quote/TQQQ/historical?assetclass=etf&fromdate=2016-07-26&todate=2026-07-26&limit=5000
TQQQ,2017-05-09,4.1483,4.2013,4.1394,4.1742,75564852,,https://api.nasdaq.com/api/quote/TQQQ/historical?assetclass=etf&fromdate=2016-07-26&todate=2026-07-26&limit=5000
TQQQ,2017-05-10,4.1788,4.1846,4.1367,4.1808,55936227,,https://api.nasdaq.com/api/quote/TQQQ/historical?assetclass=etf&fromdate=2016-07-26&todate=2026-07-26&limit=5000
TQQQ,2017-05-11,4.1471,4.1728,4.0888,4.1708,62228494,,https://api.nasdaq.com/api/quote/TQQQ/historical?assetclass=etf&fromdate=2016-07-26&todate=2026-07-26&limit=5000
TQQQ,2017-05-12,4.1763,4.2004,4.1654,4.1979,58491769,,https://api.nasdaq.com/api/quote/TQQQ/historical?assetclass=etf&fromdate=2016-07-26&todate=2026-07-26&limit=5000
TQQQ,2017-05-15,4.2021,4.2442,4.1913,4.2371,69188465,,https://api.nasdaq.com/api/quote/TQQQ/historical?assetclass=etf&fromdate=2016-07-26&todate=2026-07-26&limit=5000
TQQQ,2017-05-16,4.2671,4.2908,4.2329,4.2904,76101683,,https://api.nasdaq.com/api/quote/TQQQ/historical?assetclass=etf&fromdate=2016-07-26&todate=2026-07-26&limit=5000
TQQQ,2017-05-17,4.1896,4.2117,3.9603,3.9658,139314561,,https://api.nasdaq.com/api/quote/TQQQ/historical?assetclass=etf&fromdate=2016-07-26&todate=2026-07-26&limit=5000
TQQQ,2017-05-18,3.96,4.1054,3.9431,4.0663,120144744,,https://api.nasdaq.com/api/quote/TQQQ/historical?assetclass=etf&fromdate=2016-07-26&todate=2026-07-26&limit=5000
TQQQ,2017-05-19,4.1058,4.1683,4.1025,4.1154,72480086,,https://api.nasdaq.com/api/quote/TQQQ/historical?assetclass=etf&fromdate=2016-07-26&todate=2026-07-26&limit=5000
TQQQ,2017-05-22,4.1442,4.2271,4.1396,4.2221,65146748,,https://api.nasdaq.com/api/quote/TQQQ/historical?assetclass=etf&fromdate=2016-07-26&todate=2026-07-26&limit=5000
TQQQ,2017-05-23,4.2567,4.2583,4.2008,4.2325,68756345,,https://api.nasdaq.com/api/quote/TQQQ/historical?assetclass=etf&fromdate=2016-07-26&todate=2026-07-26&limit=5000
TQQQ,2017-05-24,4.2679,4.2958,4.2346,4.2908,65280692,,https://api.nasdaq.com/api/quote/TQQQ/historical?assetclass=etf&fromdate=2016-07-26&todate=2026-07-26&limit=5000
TQQQ,2017-05-25,4.3379,4.4318,4.3108,4.4038,87321410,,https://api.nasdaq.com/api/quote/TQQQ/historical?assetclass=etf&fromdate=2016-07-26&todate=2026-07-26&limit=5000
TQQQ,2017-05-26,4.4004,4.4271,4.3838,4.4225,54777388,,https://api.nasdaq.com/api/quote/TQQQ/historical?assetclass=etf&fromdate=2016-07-26&todate=2026-07-26&limit=5000
TQQQ,2017-05-30,4.4117,4.4479,4.4071,4.4317,55153852,,https://api.nasdaq.com/api/quote/TQQQ/historical?assetclass=etf&fromdate=2016-07-26&todate=2026-07-26&limit=5000
TQQQ,2017-05-31,4.4721,4.4817,4.3588,4.4263,96397939,,https://api.nasdaq.com/api/quote/TQQQ/historical?assetclass=etf&fromdate=2016-07-26&todate=2026-07-26&limit=5000
TQQQ,2017-06-01,4.4525,4.4829,4.3979,4.4792,73867477,,https://api.nasdaq.com/api/quote/TQQQ/historical?assetclass=etf&fromdate=2016-07-26&todate=2026-07-26&limit=5000
TQQQ,2017-06-02,4.5233,4.6354,4.5038,4.6321,83197757,,https://api.nasdaq.com/api/quote/TQQQ/historical?assetclass=etf&fromdate=2016-07-26&todate=2026-07-26&limit=5000
TQQQ,2017-06-05,4.6283,4.6525,4.6088,4.6283,51292687,,https://api.nasdaq.com/api/quote/TQQQ/historical?assetclass=etf&fromdate=2016-07-26&todate=2026-07-26&limit=5000
TQQQ,2017-06-06,4.6117,4.6567,4.5525,4.5758,77495338,,https://api.nasdaq.com/api/quote/TQQQ/historical?assetclass=etf&fromdate=2016-07-26&todate=2026-07-26&limit=5000
TQQQ,2017-06-07,4.6083,4.6375,4.5483,4.6258,80830207,,https://api.nasdaq.com/api/quote/TQQQ/historical?assetclass=etf&fromdate=2016-07-26&todate=2026-07-26&limit=5000
TQQQ,2017-06-08,4.6546,4.6617,4.5654,4.6383,91991182,,https://api.nasdaq.com/api/quote/TQQQ/historical?assetclass=etf&fromdate=2016-07-26&todate=2026-07-26&limit=5000
TQQQ,2017-06-09,4.655,4.6721,4.1108,4.3029,232901742,,https://api.nasdaq.com/api/quote/TQQQ/historical?assetclass=etf&fromdate=2016-07-26&todate=2026-07-26&limit=5000
TQQQ,2017-06-12,4.1833,4.2442,4.0597,4.225,165737843,,https://api.nasdaq.com/api/quote/TQQQ/historical?assetclass=etf&fromdate=2016-07-26&todate=2026-07-26&limit=5000
TQQQ,2017-06-13,4.2908,4.3408,4.2265,4.3238,126258883,,https://api.nasdaq.com/api/quote/TQQQ/historical?assetclass=etf&fromdate=2016-07-26&todate=2026-07-26&limit=5000
TQQQ,2017-06-14,4.3746,4.3746,4.1638,4.2658,137960890,,https://api.nasdaq.com/api/quote/TQQQ/historical?assetclass=etf&fromdate=2016-07-26&todate=2026-07-26&limit=5000
TQQQ,2017-06-15,4.1354,4.2225,4.0575,4.2083,140834599,,https://api.nasdaq.com/api/quote/TQQQ/historical?assetclass=etf&fromdate=2016-07-26&todate=2026-07-26&limit=5000
TQQQ,2017-06-16,4.2,4.2029,4.1071,4.1579,93795285,,https://api.nasdaq.com/api/quote/TQQQ/historical?assetclass=etf&fromdate=2016-07-26&todate=2026-07-26&limit=5000
TQQQ,2017-06-19,4.2738,4.3733,4.2546,4.3592,109898192,,https://api.nasdaq.com/api/quote/TQQQ/historical?assetclass=etf&fromdate=2016-07-26&todate=2026-07-26&limit=5000
TQQQ,2017-06-20,4.3488,4.3642,4.2546,4.2604,85422676,,https://api.nasdaq.com/api/quote/TQQQ/historical?assetclass=etf&fromdate=2016-07-26&todate=2026-07-26&limit=5000
TQQQ,2017-06-21,4.2867,4.3883,4.2779,4.3842,83301197,,https://api.nasdaq.com/api/quote/TQQQ/historical?assetclass=etf&fromdate=2016-07-26&todate=2026-07-26&limit=5000
TQQQ,2017-06-22,4.4038,4.4275,4.3458,4.3792,68160953,,https://api.nasdaq.com/api/quote/TQQQ/historical?assetclass=etf&fromdate=2016-07-26&todate=2026-07-26&limit=5000
TQQQ,2017-06-23,4.3638,4.4459,4.3283,4.4283,68713169,,https://api.nasdaq.com/api/quote/TQQQ/historical?assetclass=etf&fromdate=2016-07-26&todate=2026-07-26&limit=5000
TQQQ,2017-06-26,4.5013,4.5279,4.3388,4.3696,105450588,,https://api.nasdaq.com/api/quote/TQQQ/historical?assetclass=etf&fromdate=2016-07-26&todate=2026-07-26&limit=5000
TQQQ,2017-06-27,4.3188,4.3329,4.1292,4.1292,143421629,,https://api.nasdaq.com/api/quote/TQQQ/historical?assetclass=etf&fromdate=2016-07-26&todate=2026-07-26&limit=5000
TQQQ,2017-06-28,4.1725,4.3159,4.1017,4.3025,120251472,,https://api.nasdaq.com/api/quote/TQQQ/historical?assetclass=etf&fromdate=2016-07-26&todate=2026-07-26&limit=5000
TQQQ,2017-06-29,4.2496,4.2525,3.9583,4.0833,230852527,,https://api.nasdaq.com/api/quote/TQQQ/historical?assetclass=etf&fromdate=2016-07-26&todate=2026-07-26&limit=5000
TQQQ,2017-06-30,4.1188,4.1504,4.0454,4.0692,98512481,,https://api.nasdaq.com/api/quote/TQQQ/historical?assetclass=etf&fromdate=2016-07-26&todate=2026-07-26&limit=5000
TQQQ,2017-07-03,4.1417,4.1546,3.9483,3.9583,81683743,,https://api.nasdaq.com/api/quote/TQQQ/historical?assetclass=etf&fromdate=2016-07-26&todate=2026-07-26&limit=5000
TQQQ,2017-07-05,3.9888,4.1038,3.9521,4.0713,113729093,,https://api.nasdaq.com/api/quote/TQQQ/historical?assetclass=etf&fromdate=2016-07-26&todate=2026-07-26&limit=5000
TQQQ,2017-07-06,3.9771,4.0288,3.9179,3.9638,106022891,,https://api.nasdaq.com/api/quote/TQQQ/historical?assetclass=etf&fromdate=2016-07-26&todate=2026-07-26&limit=5000
TQQQ,2017-07-07,4.0029,4.1208,4,4.0825,89539128,,https://api.nasdaq.com/api/quote/TQQQ/historical?assetclass=etf&fromdate=2016-07-26&todate=2026-07-26&limit=5000
TQQQ,2017-07-10,4.0979,4.1979,4.0651,4.1679,91887214,,https://api.nasdaq.com/api/quote/TQQQ/historical?assetclass=etf&fromdate=2016-07-26&todate=2026-07-26&limit=5000
TQQQ,2017-07-11,4.1496,4.2177,4.1029,4.2021,108458649,,https://api.nasdaq.com/api/quote/TQQQ/historical?assetclass=etf&fromdate=2016-07-26&todate=2026-07-26&limit=5000
TQQQ,2017-07-12,4.3075,4.365,4.2842,4.3517,105041004,,https://api.nasdaq.com/api/quote/TQQQ/historical?assetclass=etf&fromdate=2016-07-26&todate=2026-07-26&limit=5000
TQQQ,2017-07-13,4.3688,4.4112,4.3421,4.3804,91314287,,https://api.nasdaq.com/api/quote/TQQQ/historical?assetclass=etf&fromdate=2016-07-26&todate=2026-07-26&limit=5000
TQQQ,2017-07-14,4.4321,4.4992,4.3971,4.4833,84548380,,https://api.nasdaq.com/api/quote/TQQQ/historical?assetclass=etf&fromdate=2016-07-26&todate=2026-07-26&limit=5000
TQQQ,2017-07-17,4.4979,4.5367,4.4638,4.4858,99924040,,https://api.nasdaq.com/api/quote/TQQQ/historical?assetclass=etf&fromdate=2016-07-26&todate=2026-07-26&limit=5000
TQQQ,2017-07-18,4.4767,4.5796,4.4375,4.575,83980205,,https://api.nasdaq.com/api/quote/TQQQ/historical?assetclass=etf&fromdate=2016-07-26&todate=2026-07-26&limit=5000
TQQQ,2017-07-19,4.6146,4.6771,4.6113,4.6588,103873693,,https://api.nasdaq.com/api/quote/TQQQ/historical?assetclass=etf&fromdate=2016-07-26&todate=2026-07-26&limit=5000
TQQQ,2017-07-20,4.6929,4.7025,4.6121,4.6763,107906482,,https://api.nasdaq.com/api/quote/TQQQ/historical?assetclass=etf&fromdate=2016-07-26&todate=2026-07-26&limit=5000
TQQQ,2017-07-21,4.6183,4.6696,4.5971,4.6692,86663283,,https://api.nasdaq.com/api/quote/TQQQ/historical?assetclass=etf&fromdate=2016-07-26&todate=2026-07-26&limit=5000
TQQQ,2017-07-24,4.6679,4.7421,4.6504,4.73,88441705,,https://api.nasdaq.com/api/quote/TQQQ/historical?assetclass=etf&fromdate=2016-07-26&todate=2026-07-26&limit=5000
TQQQ,2017-07-25,4.6863,4.7296,4.6579,4.6983,94077717,,https://api.nasdaq.com/api/quote/TQQQ/historical?assetclass=etf&fromdate=2016-07-26&todate=2026-07-26&limit=5000
TQQQ,2017-07-26,4.7283,4.7492,4.7083,4.7404,59944392,,https://api.nasdaq.com/api/quote/TQQQ/historical?assetclass=etf&fromdate=2016-07-26&todate=2026-07-26&limit=5000
TQQQ,2017-07-27,4.8358,4.8479,4.4858,4.6558,188673473,,https://api.nasdaq.com/api/quote/TQQQ/historical?assetclass=etf&fromdate=2016-07-26&todate=2026-07-26&limit=5000
TQQQ,2017-07-28,4.5738,4.6621,4.5446,4.6408,69882808,,https://api.nasdaq.com/api/quote/TQQQ/historical?assetclass=etf&fromdate=2016-07-26&todate=2026-07-26&limit=5000
TQQQ,2017-07-31,4.6788,4.6967,4.5496,4.5804,88370569,,https://api.nasdaq.com/api/quote/TQQQ/historical?assetclass=etf&fromdate=2016-07-26&todate=2026-07-26&limit=5000
TQQQ,2017-08-01,4.6263,4.63,4.5688,4.6104,60667271,,https://api.nasdaq.com/api/quote/TQQQ/historical?assetclass=etf&fromdate=2016-07-26&todate=2026-07-26&limit=5000
TQQQ,2017-08-02,4.6975,4.7021,4.5183,4.6442,110166392,,https://api.nasdaq.com/api/quote/TQQQ/historical?assetclass=etf&fromdate=2016-07-26&todate=2026-07-26&limit=5000
TQQQ,2017-08-03,4.6617,4.6633,4.5671,4.5958,72426062,,https://api.nasdaq.com/api/quote/TQQQ/historical?assetclass=etf&fromdate=2016-07-26&todate=2026-07-26&limit=5000
TQQQ,2017-08-04,4.6229,4.6488,4.5608,4.6138,71352375,,https://api.nasdaq.com/api/quote/TQQQ/historical?assetclass=etf&fromdate=2016-07-26&todate=2026-07-26&limit=5000
TQQQ,2017-08-07,4.6408,4.7029,4.6208,4.6954,54582388,,https://api.nasdaq.com/api/quote/TQQQ/historical?assetclass=etf&fromdate=2016-07-26&todate=2026-07-26&limit=5000
TQQQ,2017-08-08,4.6746,4.7917,4.6379,4.6779,103125877,,https://api.nasdaq.com/api/quote/TQQQ/historical?assetclass=etf&fromdate=2016-07-26&todate=2026-07-26&limit=5000
TQQQ,2017-08-09,4.5633,4.6654,4.5308,4.6596,98877689,,https://api.nasdaq.com/api/quote/TQQQ/historical?assetclass=etf&fromdate=2016-07-26&todate=2026-07-26&limit=5000
TQQQ,2017-08-10,4.5813,4.5896,4.3463,4.3571,162792374,,https://api.nasdaq.com/api/quote/TQQQ/historical?assetclass=etf&fromdate=2016-07-26&todate=2026-07-26&limit=5000
TQQQ,2017-08-11,4.3783,4.4863,4.3475,4.4567,105186660,,https://api.nasdaq.com/api/quote/TQQQ/historical?assetclass=etf&fromdate=2016-07-26&todate=2026-07-26&limit=5000
TQQQ,2017-08-14,4.5604,4.65,4.5592,4.63,95009564,,https://api.nasdaq.com/api/quote/TQQQ/historical?assetclass=etf&fromdate=2016-07-26&todate=2026-07-26&limit=5000
TQQQ,2017-08-15,4.6558,4.6652,4.6004,4.6383,71907110,,https://api.nasdaq.com/api/quote/TQQQ/historical?assetclass=etf&fromdate=2016-07-26&todate=2026-07-26&limit=5000
TQQQ,2017-08-16,4.6708,4.7271,4.6163,4.6625,97979106,,https://api.nasdaq.com/api/quote/TQQQ/historical?assetclass=etf&fromdate=2016-07-26&todate=2026-07-26&limit=5000
TQQQ,2017-08-17,4.6058,4.6283,4.375,4.3758,157960050,,https://api.nasdaq.com/api/quote/TQQQ/historical?assetclass=etf&fromdate=2016-07-26&todate=2026-07-26&limit=5000
TQQQ,2017-08-18,4.3825,4.4546,4.3125,4.3604,129573520,,https://api.nasdaq.com/api/quote/TQQQ/historical?assetclass=etf&fromdate=2016-07-26&todate=2026-07-26&limit=5000
TQQQ,2017-08-21,4.3679,4.3933,4.2667,4.3525,86253219,,https://api.nasdaq.com/api/quote/TQQQ/historical?assetclass=etf&fromdate=2016-07-26&todate=2026-07-26&limit=5000
TQQQ,2017-08-22,4.4167,4.5596,4.4146,4.5463,93672741,,https://api.nasdaq.com/api/quote/TQQQ/historical?assetclass=etf&fromdate=2016-07-26&todate=2026-07-26&limit=5000
TQQQ,2017-08-23,4.4717,4.5267,4.4658,4.4954,83174189,,https://api.nasdaq.com/api/quote/TQQQ/historical?assetclass=etf&fromdate=2016-07-26&todate=2026-07-26&limit=5000
TQQQ,2017-08-24,4.5283,4.5458,4.3792,4.4579,96927762,,https://api.nasdaq.com/api/quote/TQQQ/historical?assetclass=etf&fromdate=2016-07-26&todate=2026-07-26&limit=5000
TQQQ,2017-08-25,4.5033,4.5413,4.4113,4.4279,92491150,,https://api.nasdaq.com/api/quote/TQQQ/historical?assetclass=etf&fromdate=2016-07-26&todate=2026-07-26&limit=5000
TQQQ,2017-08-28,4.4667,4.4992,4.4254,4.4667,63165717,,https://api.nasdaq.com/api/quote/TQQQ/historical?assetclass=etf&fromdate=2016-07-26&todate=2026-07-26&limit=5000
TQQQ,2017-08-29,4.3504,4.5417,4.34,4.5217,84287285,,https://api.nasdaq.com/api/quote/TQQQ/historical?assetclass=etf&fromdate=2016-07-26&todate=2026-07-26&limit=5000
TQQQ,2017-08-30,4.5296,4.7,4.5217,4.6783,105629051,,https://api.nasdaq.com/api/quote/TQQQ/historical?assetclass=etf&fromdate=2016-07-26&todate=2026-07-26&limit=5000
TQQQ,2017-08-31,4.7163,4.8283,4.7088,4.8113,105407652,,https://api.nasdaq.com/api/quote/TQQQ/historical?assetclass=etf&fromdate=2016-07-26&todate=2026-07-26&limit=5000
TQQQ,2017-09-01,4.8479,4.8664,4.7708,4.8079,70968015,,https://api.nasdaq.com/api/quote/TQQQ/historical?assetclass=etf&fromdate=2016-07-26&todate=2026-07-26&limit=5000
TQQQ,2017-09-05,4.7621,4.7948,4.5696,4.6792,129348809,,https://api.nasdaq.com/api/quote/TQQQ/historical?assetclass=etf&fromdate=2016-07-26&todate=2026-07-26&limit=5000
TQQQ,2017-09-06,4.717,4.7513,4.6188,4.7196,85118596,,https://api.nasdaq.com/api/quote/TQQQ/historical?assetclass=etf&fromdate=2016-07-26&todate=2026-07-26&limit=5000
TQQQ,2017-09-07,4.7471,4.7875,4.7,4.7488,73545877,,https://api.nasdaq.com/api/quote/TQQQ/historical?assetclass=etf&fromdate=2016-07-26&todate=2026-07-26&limit=5000
TQQQ,2017-09-08,4.7308,4.7392,4.6146,4.6317,82421070,,https://api.nasdaq.com/api/quote/TQQQ/historical?assetclass=etf&fromdate=2016-07-26&todate=2026-07-26&limit=5000
TQQQ,2017-09-11,4.7363,4.8096,4.7346,4.7792,85107076,,https://api.nasdaq.com/api/quote/TQQQ/historical?assetclass=etf&fromdate=2016-07-26&todate=2026-07-26&limit=5000
TQQQ,2017-09-12,4.825,4.8403,4.7529,4.8196,73334029,,https://api.nasdaq.com/api/quote/TQQQ/historical?assetclass=etf&fromdate=2016-07-26&todate=2026-07-26&limit=5000
TQQQ,2017-09-13,4.7917,4.8408,4.7725,4.8396,51201967,,https://api.nasdaq.com/api/quote/TQQQ/historical?assetclass=etf&fromdate=2016-07-26&todate=2026-07-26&limit=5000
TQQQ,2017-09-14,4.7863,4.8254,4.7458,4.7579,71950814,,https://api.nasdaq.com/api/quote/TQQQ/historical?assetclass=etf&fromdate=2016-07-26&todate=2026-07-26&limit=5000
TQQQ,2017-09-15,4.7529,4.8546,4.7283,4.7963,79130097,,https://api.nasdaq.com/api/quote/TQQQ/historical?assetclass=etf&fromdate=2016-07-26&todate=2026-07-26&limit=5000
TQQQ,2017-09-18,4.8171,4.8633,4.7396,4.7846,91250519,,https://api.nasdaq.com/api/quote/TQQQ/historical?assetclass=etf&fromdate=2016-07-26&todate=2026-07-26&limit=5000
TQQQ,2017-09-19,4.8071,4.8274,4.7579,4.805,56865339,,https://api.nasdaq.com/api/quote/TQQQ/historical?assetclass=etf&fromdate=2016-07-26&todate=2026-07-26&limit=5000
TQQQ,2017-09-20,4.8025,4.8167,4.6525,4.765,107115610,,https://api.nasdaq.com/api/quote/TQQQ/historical?assetclass=etf&fromdate=2016-07-26&todate=2026-07-26&limit=5000
TQQQ,2017-09-21,4.7508,4.7525,4.625,4.6733,84729484,,https://api.nasdaq.com/api/quote/TQQQ/historical?assetclass=etf&fromdate=2016-07-26&todate=2026-07-26&limit=5000
TQQQ,2017-09-22,4.6271,4.6804,4.615,4.6617,62132758,,https://api.nasdaq.com/api/quote/TQQQ/historical?assetclass=etf&fromdate=2016-07-26&todate=2026-07-26&limit=5000
TQQQ,2017-09-25,4.6046,4.6116,4.4438,4.5154,135263412,,https://api.nasdaq.com/api/quote/TQQQ/historical?assetclass=etf&fromdate=2016-07-26&todate=2026-07-26&limit=5000
TQQQ,2017-09-26,4.5808,4.6058,4.4988,4.5463,94877852,,https://api.nasdaq.com/api/quote/TQQQ/historical?assetclass=etf&fromdate=2016-07-26&todate=2026-07-26&limit=5000
TQQQ,2017-09-27,4.6188,4.7192,4.5833,4.6696,111010783,,https://api.nasdaq.com/api/quote/TQQQ/historical?assetclass=etf&fromdate=2016-07-26&todate=2026-07-26&limit=5000
TQQQ,2017-09-28,4.6358,4.675,4.6017,4.6617,64133349,,https://api.nasdaq.com/api/quote/TQQQ/historical?assetclass=etf&fromdate=2016-07-26&todate=2026-07-26&limit=5000
TQQQ,2017-09-29,4.69,4.7704,4.6525,4.7604,88224793,,https://api.nasdaq.com/api/quote/TQQQ/historical?assetclass=etf&fromdate=2016-07-26&todate=2026-07-26&limit=5000
TQQQ,2017-10-02,4.785,4.8321,4.71,4.7738,91920166,,https://api.nasdaq.com/api/quote/TQQQ/historical?assetclass=etf&fromdate=2016-07-26&todate=2026-07-26&limit=5000
TQQQ,2017-10-03,4.7917,4.8201,4.7604,4.8038,62332174,,https://api.nasdaq.com/api/quote/TQQQ/historical?assetclass=etf&fromdate=2016-07-26&todate=2026-07-26&limit=5000
TQQQ,2017-10-04,4.7758,4.8463,4.7629,4.8163,89812752,,https://api.nasdaq.com/api/quote/TQQQ/historical?assetclass=etf&fromdate=2016-07-26&todate=2026-07-26&limit=5000
TQQQ,2017-10-05,4.8725,4.963,4.8521,4.955,94176141,,https://api.nasdaq.com/api/quote/TQQQ/historical?assetclass=etf&fromdate=2016-07-26&todate=2026-07-26&limit=5000
TQQQ,2017-10-06,4.9083,4.975,4.9063,4.9729,85927011,,https://api.nasdaq.com/api/quote/TQQQ/historical?assetclass=etf&fromdate=2016-07-26&todate=2026-07-26&limit=5000
TQQQ,2017-10-09,4.9958,5.0108,4.9404,4.9604,68800409,,https://api.nasdaq.com/api/quote/TQQQ/historical?assetclass=etf&fromdate=2016-07-26&todate=2026-07-26&limit=5000
TQQQ,2017-10-10,5.0075,5.0238,4.9046,4.9708,71687199,,https://api.nasdaq.com/api/quote/TQQQ/historical?assetclass=etf&fromdate=2016-07-26&todate=2026-07-26&limit=5000
TQQQ,2017-10-11,4.9646,5.0167,4.9439,5.0142,59656368,,https://api.nasdaq.com/api/quote/TQQQ/historical?assetclass=etf&fromdate=2016-07-26&todate=2026-07-26&limit=5000
TQQQ,2017-10-12,4.9929,5.045,4.9692,4.9871,65446340,,https://api.nasdaq.com/api/quote/TQQQ/historical?assetclass=etf&fromdate=2016-07-26&todate=2026-07-26&limit=5000
TQQQ,2017-10-13,5.0446,5.06,5.0271,5.0429,48474393,,https://api.nasdaq.com/api/quote/TQQQ/historical?assetclass=etf&fromdate=2016-07-26&todate=2026-07-26&limit=5000
TQQQ,2017-10-16,5.0808,5.0975,5.0471,5.095,56880530,,https://api.nasdaq.com/api/quote/TQQQ/historical?assetclass=etf&fromdate=2016-07-26&todate=2026-07-26&limit=5000
TQQQ,2017-10-17,5.0888,5.1146,5.065,5.1129,60023808,,https://api.nasdaq.com/api/quote/TQQQ/historical?assetclass=etf&fromdate=2016-07-26&todate=2026-07-26&limit=5000
TQQQ,2017-10-18,5.1271,5.1279,5.0721,5.0933,57809402,,https://api.nasdaq.com/api/quote/TQQQ/historical?assetclass=etf&fromdate=2016-07-26&todate=2026-07-26&limit=5000
TQQQ,2017-10-19,5.0058,5.0375,4.93,5.0371,80568872,,https://api.nasdaq.com/api/quote/TQQQ/historical?assetclass=etf&fromdate=2016-07-26&todate=2026-07-26&limit=5000
TQQQ,2017-10-20,5.0975,5.1096,5.0586,5.0738,66551419,,https://api.nasdaq.com/api/quote/TQQQ/historical?assetclass=etf&fromdate=2016-07-26&todate=2026-07-26&limit=5000
TQQQ,2017-10-23,5.1058,5.1071,4.9554,4.9792,61036007,,https://api.nasdaq.com/api/quote/TQQQ/historical?assetclass=etf&fromdate=2016-07-26&todate=2026-07-26&limit=5000
TQQQ,2017-10-24,5.0029,5.0321,4.9462,5.0046,58745737,,https://api.nasdaq.com/api/quote/TQQQ/historical?assetclass=etf&fromdate=2016-07-26&todate=2026-07-26&limit=5000
TQQQ,2017-10-25,4.9708,5.0202,4.8321,4.9438,88993993,,https://api.nasdaq.com/api/quote/TQQQ/historical?assetclass=etf&fromdate=2016-07-26&todate=2026-07-26&limit=5000
TQQQ,2017-10-26,4.9367,4.9697,4.8908,4.8979,71804367,,https://api.nasdaq.com/api/quote/TQQQ/historical?assetclass=etf&fromdate=2016-07-26&todate=2026-07-26&limit=5000
TQQQ,2017-10-27,5.1308,5.3496,5.1179,5.32,147639026,,https://api.nasdaq.com/api/quote/TQQQ/historical?assetclass=etf&fromdate=2016-07-26&todate=2026-07-26&limit=5000
TQQQ,2017-10-30,5.3067,5.4199,5.295,5.3579,96479851,,https://api.nasdaq.com/api/quote/TQQQ/historical?assetclass=etf&fromdate=2016-07-26&todate=2026-07-26&limit=5000
TQQQ,2017-10-31,5.4058,5.4398,5.3629,5.4146,60049848,,https://api.nasdaq.com/api/quote/TQQQ/historical?assetclass=etf&fromdate=2016-07-26&todate=2026-07-26&limit=5000
TQQQ,2017-11-01,5.4825,5.49,5.3479,5.4075,82617414,,https://api.nasdaq.com/api/quote/TQQQ/historical?assetclass=etf&fromdate=2016-07-26&todate=2026-07-26&limit=5000
TQQQ,2017-11-02,5.3913,5.3988,5.2688,5.38,90722087,,https://api.nasdaq.com/api/quote/TQQQ/historical?assetclass=etf&fromdate=2016-07-26&todate=2026-07-26&limit=5000
TQQQ,2017-11-03,5.4371,5.5362,5.3821,5.53,86583915,,https://api.nasdaq.com/api/quote/TQQQ/historical?assetclass=etf&fromdate=2016-07-26&todate=2026-07-26&limit=5000
TQQQ,2017-11-06,5.5204,5.595,5.5138,5.5863,75939419,,https://api.nasdaq.com/api/quote/TQQQ/historical?assetclass=etf&fromdate=2016-07-26&todate=2026-07-26&limit=5000
TQQQ,2017-11-07,5.5738,5.6204,5.54,5.5954,93155085,,https://api.nasdaq.com/api/quote/TQQQ/historical?assetclass=etf&fromdate=2016-07-26&todate=2026-07-26&limit=5000
TQQQ,2017-11-08,5.59,5.6689,5.5692,5.6654,68264153,,https://api.nasdaq.com/api/quote/TQQQ/historical?assetclass=etf&fromdate=2016-07-26&todate=2026-07-26&limit=5000
TQQQ,2017-11-09,5.5275,5.5833,5.4021,5.5746,162960806,,https://api.nasdaq.com/api/quote/TQQQ/historical?assetclass=etf&fromdate=2016-07-26&todate=2026-07-26&limit=5000
TQQQ,2017-11-10,5.5371,5.5858,5.5058,5.5729,65831803,,https://api.nasdaq.com/api/quote/TQQQ/historical?assetclass=etf&fromdate=2016-07-26&todate=2026-07-26&limit=5000
TQQQ,2017-11-13,5.5142,5.6142,5.5096,5.5896,74856036,,https://api.nasdaq.com/api/quote/TQQQ/historical?assetclass=etf&fromdate=2016-07-26&todate=2026-07-26&limit=5000
TQQQ,2017-11-14,5.5333,5.5517,5.4517,5.5333,90181032,,https://api.nasdaq.com/api/quote/TQQQ/historical?assetclass=etf&fromdate=2016-07-26&todate=2026-07-26&limit=5000
TQQQ,2017-11-15,5.4625,5.4979,5.365,5.4521,80186696,,https://api.nasdaq.com/api/quote/TQQQ/historical?assetclass=etf&fromdate=2016-07-26&todate=2026-07-26&limit=5000
TQQQ,2017-11-16,5.5379,5.6963,5.5352,5.6563,80623568,,https://api.nasdaq.com/api/quote/TQQQ/historical?assetclass=etf&fromdate=2016-07-26&todate=2026-07-26&limit=5000
TQQQ,2017-11-17,5.6621,5.6733,5.5779,5.5929,68752697,,https://api.nasdaq.com/api/quote/TQQQ/historical?assetclass=etf&fromdate=2016-07-26&todate=2026-07-26&limit=5000
TQQQ,2017-11-20,5.6017,5.6208,5.5567,5.5792,49826960,,https://api.nasdaq.com/api/quote/TQQQ/historical?assetclass=etf&fromdate=2016-07-26&todate=2026-07-26&limit=5000
TQQQ,2017-11-21,5.6571,5.7667,5.6513,5.755,70434640,,https://api.nasdaq.com/api/quote/TQQQ/historical?assetclass=etf&fromdate=2016-07-26&todate=2026-07-26&limit=5000
TQQQ,2017-11-22,5.7754,5.7961,5.7429,5.7779,60002328,,https://api.nasdaq.com/api/quote/TQQQ/historical?assetclass=etf&fromdate=2016-07-26&todate=2026-07-26&limit=5000
TQQQ,2017-11-24,5.8,5.8475,5.7892,5.8429,39951640,,https://api.nasdaq.com/api/quote/TQQQ/historical?assetclass=etf&fromdate=2016-07-26&todate=2026-07-26&limit=5000
TQQQ,2017-11-27,5.8354,5.8758,5.795,5.8333,66511699,,https://api.nasdaq.com/api/quote/TQQQ/historical?assetclass=etf&fromdate=2016-07-26&todate=2026-07-26&limit=5000
TQQQ,2017-11-28,5.8729,5.8896,5.7796,5.8763,70071592,,https://api.nasdaq.com/api/quote/TQQQ/historical?assetclass=etf&fromdate=2016-07-26&todate=2026-07-26&limit=5000
TQQQ,2017-11-29,5.8617,5.8617,5.49,5.5742,207812786,,https://api.nasdaq.com/api/quote/TQQQ/historical?assetclass=etf&fromdate=2016-07-26&todate=2026-07-26&limit=5000
TQQQ,2017-11-30,5.6442,5.7433,5.6021,5.7125,118394689,,https://api.nasdaq.com/api/quote/TQQQ/historical?assetclass=etf&fromdate=2016-07-26&todate=2026-07-26&limit=5000
TQQQ,2017-12-01,5.6021,5.7179,5.3871,5.6363,170128280,,https://api.nasdaq.com/api/quote/TQQQ/historical?assetclass=etf&fromdate=2016-07-26&todate=2026-07-26&limit=5000
TQQQ,2017-12-04,5.7467,5.7596,5.4246,5.4417,164505996,,https://api.nasdaq.com/api/quote/TQQQ/historical?assetclass=etf&fromdate=2016-07-26&todate=2026-07-26&limit=5000
TQQQ,2017-12-05,5.4321,5.6371,5.3729,5.4496,114716236,,https://api.nasdaq.com/api/quote/TQQQ/historical?assetclass=etf&fromdate=2016-07-26&todate=2026-07-26&limit=5000
TQQQ,2017-12-06,5.3892,5.5479,5.3692,5.5217,94202733,,https://api.nasdaq.com/api/quote/TQQQ/historical?assetclass=etf&fromdate=2016-07-26&todate=2026-07-26&limit=5000
TQQQ,2017-12-07,5.525,5.625,5.5038,5.5763,75790043,,https://api.nasdaq.com/api/quote/TQQQ/historical?assetclass=etf&fromdate=2016-07-26&todate=2026-07-26&limit=5000
TQQQ,2017-12-08,5.7,5.7408,5.625,5.65,88159969,,https://api.nasdaq.com/api/quote/TQQQ/historical?assetclass=etf&fromdate=2016-07-26&todate=2026-07-26&limit=5000
TQQQ,2017-12-11,5.6588,5.7867,5.6563,5.7796,71218239,,https://api.nasdaq.com/api/quote/TQQQ/historical?assetclass=etf&fromdate=2016-07-26&todate=2026-07-26&limit=5000
TQQQ,2017-12-12,5.7713,5.8092,5.7217,5.7579,73277749,,https://api.nasdaq.com/api/quote/TQQQ/historical?assetclass=etf&fromdate=2016-07-26&todate=2026-07-26&limit=5000
TQQQ,2017-12-13,5.8233,5.845,5.7658,5.7867,83154461,,https://api.nasdaq.com/api/quote/TQQQ/historical?assetclass=etf&fromdate=2016-07-26&todate=2026-07-26&limit=5000
TQQQ,2017-12-14,5.8204,5.8621,5.7563,5.7783,70735455,,https://api.nasdaq.com/api/quote/TQQQ/historical?assetclass=etf&fromdate=2016-07-26&todate=2026-07-26&limit=5000
TQQQ,2017-12-15,5.8458,5.9921,5.8142,5.9663,111536695,,https://api.nasdaq.com/api/quote/TQQQ/historical?assetclass=etf&fromdate=2016-07-26&todate=2026-07-26&limit=5000
TQQQ,2017-12-18,6.0838,6.1371,6.0583,6.1196,80949079,,https://api.nasdaq.com/api/quote/TQQQ/historical?assetclass=etf&fromdate=2016-07-26&todate=2026-07-26&limit=5000
TQQQ,2017-12-19,6.0867,6.1063,5.9638,6.02,98260361,,https://api.nasdaq.com/api/quote/TQQQ/historical?assetclass=etf&fromdate=2016-07-26&todate=2026-07-26&limit=5000
TQQQ,2017-12-20,6.0775,6.08,5.9204,5.995,70509256,,https://api.nasdaq.com/api/quote/TQQQ/historical?assetclass=etf&fromdate=2016-07-26&todate=2026-07-26&limit=5000
TQQQ,2017-12-21,6.0163,6.0713,5.9717,5.9921,66358531,,https://api.nasdaq.com/api/quote/TQQQ/historical?assetclass=etf&fromdate=2016-07-26&todate=2026-07-26&limit=5000
TQQQ,2017-12-22,5.9667,5.9788,5.9217,5.9721,42472526,,https://api.nasdaq.com/api/quote/TQQQ/historical?assetclass=etf&fromdate=2016-07-26&todate=2026-07-26&limit=5000
TQQQ,2017-12-26,5.8767,5.8967,5.8079,5.8754,48600177,,https://api.nasdaq.com/api/quote/TQQQ/historical?assetclass=etf&fromdate=2016-07-26&todate=2026-07-26&limit=5000
TQQQ,2017-12-27,5.8758,5.9225,5.8583,5.8754,44919564,,https://api.nasdaq.com/api/quote/TQQQ/historical?assetclass=etf&fromdate=2016-07-26&todate=2026-07-26&limit=5000
TQQQ,2017-12-28,5.9275,5.9329,5.8741,5.8913,46584059,,https://api.nasdaq.com/api/quote/TQQQ/historical?assetclass=etf&fromdate=2016-07-26&todate=2026-07-26&limit=5000
TQQQ,2017-12-29,5.9133,5.9133,5.7758,5.78,68364281,,https://api.nasdaq.com/api/quote/TQQQ/historical?assetclass=etf&fromdate=2016-07-26&todate=2026-07-26&limit=5000
TQQQ,2018-01-02,5.8708,6.0892,5.8288,6.0767,91425647,,https://api.nasdaq.com/api/quote/TQQQ/historical?assetclass=etf&fromdate=2016-07-26&todate=2026-07-26&limit=5000
TQQQ,2018-01-03,6.1013,6.2775,6.1004,6.2546,84552268,,https://api.nasdaq.com/api/quote/TQQQ/historical?assetclass=etf&fromdate=2016-07-26&todate=2026-07-26&limit=5000
TQQQ,2018-01-04,6.3279,6.3504,6.269,6.2913,69779944,,https://api.nasdaq.com/api/quote/TQQQ/historical?assetclass=etf&fromdate=2016-07-26&todate=2026-07-26&limit=5000
TQQQ,2018-01-05,6.3792,6.495,6.3463,6.4813,82353486,,https://api.nasdaq.com/api/quote/TQQQ/historical?assetclass=etf&fromdate=2016-07-26&todate=2026-07-26&limit=5000
TQQQ,2018-01-08,6.4804,6.5667,6.4742,6.5533,72104270,,https://api.nasdaq.com/api/quote/TQQQ/historical?assetclass=etf&fromdate=2016-07-26&todate=2026-07-26&limit=5000
TQQQ,2018-01-09,6.5933,6.6154,6.5,6.5583,103927333,,https://api.nasdaq.com/api/quote/TQQQ/historical?assetclass=etf&fromdate=2016-07-26&todate=2026-07-26&limit=5000
TQQQ,2018-01-10,6.4671,6.5142,6.3839,6.5117,95566412,,https://api.nasdaq.com/api/quote/TQQQ/historical?assetclass=etf&fromdate=2016-07-26&todate=2026-07-26&limit=5000
TQQQ,2018-01-11,6.5446,6.6421,6.514,6.6421,74646732,,https://api.nasdaq.com/api/quote/TQQQ/historical?assetclass=etf&fromdate=2016-07-26&todate=2026-07-26&limit=5000
TQQQ,2018-01-12,6.6196,6.8088,6.6008,6.7829,89520456,,https://api.nasdaq.com/api/quote/TQQQ/historical?assetclass=etf&fromdate=2016-07-26&todate=2026-07-26&limit=5000
TQQQ,2018-01-16,6.92,7.0279,6.67,6.7304,156259171,,https://api.nasdaq.com/api/quote/TQQQ/historical?assetclass=etf&fromdate=2016-07-26&todate=2026-07-26&limit=5000
TQQQ,2018-01-17,6.82,6.9771,6.7279,6.9425,82038486,,https://api.nasdaq.com/api/quote/TQQQ/historical?assetclass=etf&fromdate=2016-07-26&todate=2026-07-26&limit=5000
TQQQ,2018-01-18,6.9121,6.9954,6.8629,6.9492,94092429,,https://api.nasdaq.com/api/quote/TQQQ/historical?assetclass=etf&fromdate=2016-07-26&todate=2026-07-26&limit=5000
TQQQ,2018-01-19,7.0088,7.0458,6.9104,7.0158,84779668,,https://api.nasdaq.com/api/quote/TQQQ/historical?assetclass=etf&fromdate=2016-07-26&todate=2026-07-26&limit=5000
TQQQ,2018-01-22,6.9992,7.235,6.9813,7.235,103447957,,https://api.nasdaq.com/api/quote/TQQQ/historical?assetclass=etf&fromdate=2016-07-26&todate=2026-07-26&limit=5000
TQQQ,2018-01-23,7.3046,7.4363,7.2933,7.4183,128491385,,https://api.nasdaq.com/api/quote/TQQQ/historical?assetclass=etf&fromdate=2016-07-26&todate=2026-07-26&limit=5000
TQQQ,2018-01-24,7.4588,7.5108,7.1439,7.2679,208545145,,https://api.nasdaq.com/api/quote/TQQQ/historical?assetclass=etf&fromdate=2016-07-26&todate=2026-07-26&limit=5000
TQQQ,2018-01-25,7.4196,7.425,7.1906,7.2588,132896006,,https://api.nasdaq.com/api/quote/TQQQ/historical?assetclass=etf&fromdate=2016-07-26&todate=2026-07-26&limit=5000
TQQQ,2018-01-26,7.375,7.5829,7.3367,7.5829,106259555,,https://api.nasdaq.com/api/quote/TQQQ/historical?assetclass=etf&fromdate=2016-07-26&todate=2026-07-26&limit=5000
TQQQ,2018-01-29,7.5379,7.5892,7.4338,7.4825,131870727,,https://api.nasdaq.com/api/quote/TQQQ/historical?assetclass=etf&fromdate=2016-07-26&todate=2026-07-26&limit=5000
TQQQ,2018-01-30,7.2742,7.3895,7.1783,7.2913,132052982,,https://api.nasdaq.com/api/quote/TQQQ/historical?assetclass=etf&fromdate=2016-07-26&todate=2026-07-26&limit=5000
TQQQ,2018-01-31,7.4188,7.4607,7.25,7.3813,108386241,,https://api.nasdaq.com/api/quote/TQQQ/historical?assetclass=etf&fromdate=2016-07-26&todate=2026-07-26&limit=5000
TQQQ,2018-02-01,7.2179,7.425,7.12,7.1967,125711923,,https://api.nasdaq.com/api/quote/TQQQ/historical?assetclass=etf&fromdate=2016-07-26&todate=2026-07-26&limit=5000
TQQQ,2018-02-02,7.1163,7.1594,6.7463,6.7571,181142975,,https://api.nasdaq.com/api/quote/TQQQ/historical?assetclass=etf&fromdate=2016-07-26&todate=2026-07-26&limit=5000
TQQQ,2018-02-05,6.5729,6.9017,5.9421,5.9771,228062602,,https://api.nasdaq.com/api/quote/TQQQ/historical?assetclass=etf&fromdate=2016-07-26&todate=2026-07-26&limit=5000
TQQQ,2018-02-06,5.7008,6.4583,5.6263,6.4379,238465369,,https://api.nasdaq.com/api/quote/TQQQ/historical?assetclass=etf&fromdate=2016-07-26&todate=2026-07-26&limit=5000
TQQQ,2018-02-07,6.3775,6.5829,6.1833,6.1833,174578260,,https://api.nasdaq.com/api/quote/TQQQ/historical?assetclass=etf&fromdate=2016-07-26&todate=2026-07-26&limit=5000
TQQQ,2018-02-08,6.2471,6.2558,5.4167,5.4171,215031716,,https://api.nasdaq.com/api/quote/TQQQ/historical?assetclass=etf&fromdate=2016-07-26&todate=2026-07-26&limit=5000
TQQQ,2018-02-09,5.6333,5.7979,5.05,5.6721,320014784,,https://api.nasdaq.com/api/quote/TQQQ/historical?assetclass=etf&fromdate=2016-07-26&todate=2026-07-26&limit=5000
TQQQ,2018-02-12,5.8658,6.0996,5.7179,5.9896,174411364,,https://api.nasdaq.com/api/quote/TQQQ/historical?assetclass=etf&fromdate=2016-07-26&todate=2026-07-26&limit=5000
TQQQ,2018-02-13,5.8846,6.1083,5.8487,6.0625,107651962,,https://api.nasdaq.com/api/quote/TQQQ/historical?assetclass=etf&fromdate=2016-07-26&todate=2026-07-26&limit=5000
TQQQ,2018-02-14,5.9717,6.4425,5.9654,6.4175,167733970,,https://api.nasdaq.com/api/quote/TQQQ/historical?assetclass=etf&fromdate=2016-07-26&todate=2026-07-26&limit=5000
TQQQ,2018-02-15,6.5833,6.7617,6.3825,6.7529,189928504,,https://api.nasdaq.com/api/quote/TQQQ/historical?assetclass=etf&fromdate=2016-07-26&todate=2026-07-26&limit=5000
TQQQ,2018-02-16,6.7038,6.8946,6.6396,6.6775,170348000,,https://api.nasdaq.com/api/quote/TQQQ/historical?assetclass=etf&fromdate=2016-07-26&todate=2026-07-26&limit=5000
TQQQ,2018-02-20,6.6008,6.885,6.5946,6.7108,145444372,,https://api.nasdaq.com/api/quote/TQQQ/historical?assetclass=etf&fromdate=2016-07-26&todate=2026-07-26&limit=5000
TQQQ,2018-02-21,6.8071,7.0088,6.6458,6.6504,175978755,,https://api.nasdaq.com/api/quote/TQQQ/historical?assetclass=etf&fromdate=2016-07-26&todate=2026-07-26&limit=5000
TQQQ,2018-02-22,6.7471,6.8479,6.6006,6.6517,166253483,,https://api.nasdaq.com/api/quote/TQQQ/historical?assetclass=etf&fromdate=2016-07-26&todate=2026-07-26&limit=5000
TQQQ,2018-02-23,6.8025,7.0525,6.7308,7.0479,142485006,,https://api.nasdaq.com/api/quote/TQQQ/historical?assetclass=etf&fromdate=2016-07-26&todate=2026-07-26&limit=5000
TQQQ,2018-02-26,7.1588,7.3342,7.1431,7.3308,133543165,,https://api.nasdaq.com/api/quote/TQQQ/historical?assetclass=etf&fromdate=2016-07-26&todate=2026-07-26&limit=5000
TQQQ,2018-02-27,7.3438,7.3829,7.0592,7.0683,172770510,,https://api.nasdaq.com/api/quote/TQQQ/historical?assetclass=etf&fromdate=2016-07-26&todate=2026-07-26&limit=5000
TQQQ,2018-02-28,7.1863,7.2563,6.9192,6.9263,151262735,,https://api.nasdaq.com/api/quote/TQQQ/historical?assetclass=etf&fromdate=2016-07-26&todate=2026-07-26&limit=5000
TQQQ,2018-03-01,6.9417,7.0342,6.4033,6.5929,251111319,,https://api.nasdaq.com/api/quote/TQQQ/historical?assetclass=etf&fromdate=2016-07-26&todate=2026-07-26&limit=5000
TQQQ,2018-03-02,6.3617,6.8058,6.2825,6.7742,193182085,,https://api.nasdaq.com/api/quote/TQQQ/historical?assetclass=etf&fromdate=2016-07-26&todate=2026-07-26&limit=5000
TQQQ,2018-03-05,6.6788,7.0467,6.5983,6.9867,148559185,,https://api.nasdaq.com/api/quote/TQQQ/historical?assetclass=etf&fromdate=2016-07-26&todate=2026-07-26&limit=5000
TQQQ,2018-03-06,7.0908,7.1538,6.95,7.075,136797299,,https://api.nasdaq.com/api/quote/TQQQ/historical?assetclass=etf&fromdate=2016-07-26&todate=2026-07-26&limit=5000
TQQQ,2018-03-07,6.9204,7.1458,6.8842,7.1279,133381381,,https://api.nasdaq.com/api/quote/TQQQ/historical?assetclass=etf&fromdate=2016-07-26&todate=2026-07-26&limit=5000
TQQQ,2018-03-08,7.2075,7.2592,7.1296,7.2342,114083117,,https://api.nasdaq.com/api/quote/TQQQ/historical?assetclass=etf&fromdate=2016-07-26&todate=2026-07-26&limit=5000
TQQQ,2018-03-09,7.3983,7.6554,7.3658,7.6554,147050930,,https://api.nasdaq.com/api/quote/TQQQ/historical?assetclass=etf&fromdate=2016-07-26&todate=2026-07-26&limit=5000
TQQQ,2018-03-12,7.7292,7.8404,7.6808,7.77,132329678,,https://api.nasdaq.com/api/quote/TQQQ/historical?assetclass=etf&fromdate=2016-07-26&todate=2026-07-26&limit=5000
TQQQ,2018-03-13,7.8879,7.9383,7.4107,7.4879,181535039,,https://api.nasdaq.com/api/quote/TQQQ/historical?assetclass=etf&fromdate=2016-07-26&todate=2026-07-26&limit=5000
TQQQ,2018-03-14,7.5825,7.6054,7.3667,7.4625,133311661,,https://api.nasdaq.com/api/quote/TQQQ/historical?assetclass=etf&fromdate=2016-07-26&todate=2026-07-26&limit=5000
TQQQ,2018-03-15,7.485,7.5754,7.36,7.4292,110508080,,https://api.nasdaq.com/api/quote/TQQQ/historical?assetclass=etf&fromdate=2016-07-26&todate=2026-07-26&limit=5000
TQQQ,2018-03-16,7.4717,7.5283,7.3667,7.38,77955178,,https://api.nasdaq.com/api/quote/TQQQ/historical?assetclass=etf&fromdate=2016-07-26&todate=2026-07-26&limit=5000
TQQQ,2018-03-19,7.1871,7.1871,6.7113,6.9167,193081166,,https://api.nasdaq.com/api/quote/TQQQ/historical?assetclass=etf&fromdate=2016-07-26&todate=2026-07-26&limit=5000
TQQQ,2018-03-20,6.9183,7.0166,6.8404,6.9675,90106920,,https://api.nasdaq.com/api/quote/TQQQ/historical?assetclass=etf&fromdate=2016-07-26&todate=2026-07-26&limit=5000
TQQQ,2018-03-21,6.9167,7.1083,6.781,6.8667,132179054,,https://api.nasdaq.com/api/quote/TQQQ/historical?assetclass=etf&fromdate=2016-07-26&todate=2026-07-26&limit=5000
TQQQ,2018-03-22,6.6,6.7333,6.3417,6.365,202828950,,https://api.nasdaq.com/api/quote/TQQQ/historical?assetclass=etf&fromdate=2016-07-26&todate=2026-07-26&limit=5000
TQQQ,2018-03-23,6.3417,6.4246,5.8508,5.8508,217268634,,https://api.nasdaq.com/api/quote/TQQQ/historical?assetclass=etf&fromdate=2016-07-26&todate=2026-07-26&limit=5000
TQQQ,2018-03-26,6.2083,6.535,5.9325,6.5092,182742454,,https://api.nasdaq.com/api/quote/TQQQ/historical?assetclass=etf&fromdate=2016-07-26&todate=2026-07-26&limit=5000
TQQQ,2018-03-27,6.6621,6.6621,5.7154,5.885,272723302,,https://api.nasdaq.com/api/quote/TQQQ/historical?assetclass=etf&fromdate=2016-07-26&todate=2026-07-26&limit=5000
TQQQ,2018-03-28,5.7821,5.9508,5.5417,5.6821,240758687,,https://api.nasdaq.com/api/quote/TQQQ/historical?assetclass=etf&fromdate=2016-07-26&todate=2026-07-26&limit=5000
TQQQ,2018-03-29,5.7683,6.1542,5.6054,5.9967,196822283,,https://api.nasdaq.com/api/quote/TQQQ/historical?assetclass=etf&fromdate=2016-07-26&todate=2026-07-26&limit=5000
TQQQ,2018-04-02,5.855,5.9375,5.2821,5.4642,243990045,,https://api.nasdaq.com/api/quote/TQQQ/historical?assetclass=etf&fromdate=2016-07-26&todate=2026-07-26&limit=5000
TQQQ,2018-04-03,5.6146,5.7167,5.3496,5.6475,221162439,,https://api.nasdaq.com/api/quote/TQQQ/historical?assetclass=etf&fromdate=2016-07-26&todate=2026-07-26&limit=5000
TQQQ,2018-04-04,5.3179,5.9658,5.3,5.9146,215802763,,https://api.nasdaq.com/api/quote/TQQQ/historical?assetclass=etf&fromdate=2016-07-26&todate=2026-07-26&limit=5000
TQQQ,2018-04-05,6.0908,6.1146,5.8817,6.0075,180486888,,https://api.nasdaq.com/api/quote/TQQQ/historical?assetclass=etf&fromdate=2016-07-26&todate=2026-07-26&limit=5000
TQQQ,2018-04-06,5.8204,5.9925,5.4758,5.5592,231731911,,https://api.nasdaq.com/api/quote/TQQQ/historical?assetclass=etf&fromdate=2016-07-26&todate=2026-07-26&limit=5000
TQQQ,2018-04-09,5.7058,6.0108,5.6479,5.6704,174953788,,https://api.nasdaq.com/api/quote/TQQQ/historical?assetclass=etf&fromdate=2016-07-26&todate=2026-07-26&limit=5000
TQQQ,2018-04-10,5.9354,6.1063,5.8183,6.045,194929140,,https://api.nasdaq.com/api/quote/TQQQ/historical?assetclass=etf&fromdate=2016-07-26&todate=2026-07-26&limit=5000
TQQQ,2018-04-11,5.9417,6.1404,5.9254,5.9433,142591662,,https://api.nasdaq.com/api/quote/TQQQ/historical?assetclass=etf&fromdate=2016-07-26&todate=2026-07-26&limit=5000
TQQQ,2018-04-12,6.0625,6.2188,6.0413,6.1517,141449143,,https://api.nasdaq.com/api/quote/TQQQ/historical?assetclass=etf&fromdate=2016-07-26&todate=2026-07-26&limit=5000
TQQQ,2018-04-13,6.2504,6.2767,5.9858,6.0604,142188942,,https://api.nasdaq.com/api/quote/TQQQ/historical?assetclass=etf&fromdate=2016-07-26&todate=2026-07-26&limit=5000
TQQQ,2018-04-16,6.1842,6.2663,6.0742,6.1942,117915266,,https://api.nasdaq.com/api/quote/TQQQ/historical?assetclass=etf&fromdate=2016-07-26&todate=2026-07-26&limit=5000
TQQQ,2018-04-17,6.3802,6.6382,6.3479,6.5904,123756765,,https://api.nasdaq.com/api/quote/TQQQ/historical?assetclass=etf&fromdate=2016-07-26&todate=2026-07-26&limit=5000
TQQQ,2018-04-18,6.6002,6.7063,6.5042,6.6363,117651314,,https://api.nasdaq.com/api/quote/TQQQ/historical?assetclass=etf&fromdate=2016-07-26&todate=2026-07-26&limit=5000
TQQQ,2018-04-19,6.5404,6.5825,6.3852,6.4558,128521961,,https://api.nasdaq.com/api/quote/TQQQ/historical?assetclass=etf&fromdate=2016-07-26&todate=2026-07-26&limit=5000
TQQQ,2018-04-20,6.4063,6.4166,6.0792,6.1463,140351120,,https://api.nasdaq.com/api/quote/TQQQ/historical?assetclass=etf&fromdate=2016-07-26&todate=2026-07-26&limit=5000
TQQQ,2018-04-23,6.2317,6.305,6,6.0979,122331550,,https://api.nasdaq.com/api/quote/TQQQ/historical?assetclass=etf&fromdate=2016-07-26&todate=2026-07-26&limit=5000
TQQQ,2018-04-24,6.1783,6.2121,5.59,5.7092,212440870,,https://api.nasdaq.com/api/quote/TQQQ/historical?assetclass=etf&fromdate=2016-07-26&todate=2026-07-26&limit=5000
TQQQ,2018-04-25,5.7367,5.8,5.495,5.7317,208275337,,https://api.nasdaq.com/api/quote/TQQQ/historical?assetclass=etf&fromdate=2016-07-26&todate=2026-07-26&limit=5000
TQQQ,2018-04-26,5.9496,6.146,5.8925,6.0871,139163073,,https://api.nasdaq.com/api/quote/TQQQ/historical?assetclass=etf&fromdate=2016-07-26&todate=2026-07-26&limit=5000
TQQQ,2018-04-27,6.3533,6.3604,5.9967,6.1013,164723220,,https://api.nasdaq.com/api/quote/TQQQ/historical?assetclass=etf&fromdate=2016-07-26&todate=2026-07-26&limit=5000
TQQQ,2018-04-30,6.1421,6.2542,5.9221,5.9713,160007176,,https://api.nasdaq.com/api/quote/TQQQ/historical?assetclass=etf&fromdate=2016-07-26&todate=2026-07-26&limit=5000
TQQQ,2018-05-01,5.9192,6.1733,5.8804,6.1654,115562308,,https://api.nasdaq.com/api/quote/TQQQ/historical?assetclass=etf&fromdate=2016-07-26&todate=2026-07-26&limit=5000
TQQQ,2018-05-02,6.2063,6.2604,6.0417,6.0579,143292941,,https://api.nasdaq.com/api/quote/TQQQ/historical?assetclass=etf&fromdate=2016-07-26&todate=2026-07-26&limit=5000
TQQQ,2018-05-03,5.9771,6.1246,5.7688,6.0583,195411156,,https://api.nasdaq.com/api/quote/TQQQ/historical?assetclass=etf&fromdate=2016-07-26&todate=2026-07-26&limit=5000
TQQQ,2018-05-04,5.9817,6.4438,5.9658,6.3992,185326916,,https://api.nasdaq.com/api/quote/TQQQ/historical?assetclass=etf&fromdate=2016-07-26&todate=2026-07-26&limit=5000
TQQQ,2018-05-07,6.4942,6.6221,6.4742,6.5513,138617865,,https://api.nasdaq.com/api/quote/TQQQ/historical?assetclass=etf&fromdate=2016-07-26&todate=2026-07-26&limit=5000
TQQQ,2018-05-08,6.5163,6.5808,6.3963,6.5296,126273043,,https://api.nasdaq.com/api/quote/TQQQ/historical?assetclass=etf&fromdate=2016-07-26&todate=2026-07-26&limit=5000
TQQQ,2018-05-09,6.575,6.7646,6.5042,6.7483,114233213,,https://api.nasdaq.com/api/quote/TQQQ/historical?assetclass=etf&fromdate=2016-07-26&todate=2026-07-26&limit=5000
TQQQ,2018-05-10,6.8125,6.9725,6.7975,6.9583,118358713,,https://api.nasdaq.com/api/quote/TQQQ/historical?assetclass=etf&fromdate=2016-07-26&todate=2026-07-26&limit=5000
TQQQ,2018-05-11,6.9229,6.9842,6.8458,6.9375,119549568,,https://api.nasdaq.com/api/quote/TQQQ/historical?assetclass=etf&fromdate=2016-07-26&todate=2026-07-26&limit=5000
TQQQ,2018-05-14,6.9813,7.1038,6.9375,6.9683,108945753,,https://api.nasdaq.com/api/quote/TQQQ/historical?assetclass=etf&fromdate=2016-07-26&todate=2026-07-26&limit=5000
TQQQ,2018-05-15,6.8025,6.8142,6.6308,6.7429,173761949,,https://api.nasdaq.com/api/quote/TQQQ/historical?assetclass=etf&fromdate=2016-07-26&todate=2026-07-26&limit=5000
TQQQ,2018-05-16,6.7583,6.9167,6.7567,6.8671,89495064,,https://api.nasdaq.com/api/quote/TQQQ/historical?assetclass=etf&fromdate=2016-07-26&todate=2026-07-26&limit=5000
TQQQ,2018-05-17,6.7971,6.9454,6.6888,6.7896,102628694,,https://api.nasdaq.com/api/quote/TQQQ/historical?assetclass=etf&fromdate=2016-07-26&todate=2026-07-26&limit=5000
TQQQ,2018-05-18,6.7123,6.7792,6.6533,6.6808,85303564,,https://api.nasdaq.com/api/quote/TQQQ/historical?assetclass=etf&fromdate=2016-07-26&todate=2026-07-26&limit=5000
TQQQ,2018-05-21,6.8342,6.9263,6.7084,6.7975,116698251,,https://api.nasdaq.com/api/quote/TQQQ/historical?assetclass=etf&fromdate=2016-07-26&todate=2026-07-26&limit=5000
TQQQ,2018-05-22,6.8846,6.9208,6.7326,6.7621,96410419,,https://api.nasdaq.com/api/quote/TQQQ/historical?assetclass=etf&fromdate=2016-07-26&todate=2026-07-26&limit=5000
TQQQ,2018-05-23,6.6125,6.9363,6.6058,6.9321,122656630,,https://api.nasdaq.com/api/quote/TQQQ/historical?assetclass=etf&fromdate=2016-07-26&todate=2026-07-26&limit=5000
TQQQ,2018-05-24,6.93,6.9638,6.7175,6.9262,70782496,,https://api.nasdaq.com/api/quote/TQQQ/historical?assetclass=etf&fromdate=2016-07-26&todate=2026-07-26&limit=5000
TQQQ,2018-05-25,6.9288,7.02,6.8838,6.9437,62856064,,https://api.nasdaq.com/api/quote/TQQQ/historical?assetclass=etf&fromdate=2016-07-26&todate=2026-07-26&limit=5000
TQQQ,2018-05-29,6.8487,6.9725,6.7287,6.855,94182720,,https://api.nasdaq.com/api/quote/TQQQ/historical?assetclass=etf&fromdate=2016-07-26&todate=2026-07-26&limit=5000
TQQQ,2018-05-30,6.925,7.035,6.8813,7.0012,70609856,,https://api.nasdaq.com/api/quote/TQQQ/historical?assetclass=etf&fromdate=2016-07-26&todate=2026-07-26&limit=5000
TQQQ,2018-05-31,6.9913,7.1225,6.93,6.9863,80873920,,https://api.nasdaq.com/api/quote/TQQQ/historical?assetclass=etf&fromdate=2016-07-26&todate=2026-07-26&limit=5000
TQQQ,2018-06-01,7.0812,7.3221,7.0812,7.3113,76951816,,https://api.nasdaq.com/api/quote/TQQQ/historical?assetclass=etf&fromdate=2016-07-26&todate=2026-07-26&limit=5000
TQQQ,2018-06-04,7.3625,7.5125,7.3524,7.4988,63738192,,https://api.nasdaq.com/api/quote/TQQQ/historical?assetclass=etf&fromdate=2016-07-26&todate=2026-07-26&limit=5000
TQQQ,2018-06-05,7.5587,7.6137,7.4763,7.5762,55616632,,https://api.nasdaq.com/api/quote/TQQQ/historical?assetclass=etf&fromdate=2016-07-26&todate=2026-07-26&limit=5000
TQQQ,2018-06-06,7.6,7.7075,7.4851,7.7012,57125592,,https://api.nasdaq.com/api/quote/TQQQ/historical?assetclass=etf&fromdate=2016-07-26&todate=2026-07-26&limit=5000
TQQQ,2018-06-07,7.7112,7.715,7.4037,7.5225,78294928,,https://api.nasdaq.com/api/quote/TQQQ/historical?assetclass=etf&fromdate=2016-07-26&todate=2026-07-26&limit=5000
TQQQ,2018-06-08,7.4037,7.5495,7.3539,7.5175,49221776,,https://api.nasdaq.com/api/quote/TQQQ/historical?assetclass=etf&fromdate=2016-07-26&todate=2026-07-26&limit=5000
TQQQ,2018-06-11,7.4988,7.6325,7.495,7.5762,40523024,,https://api.nasdaq.com/api/quote/TQQQ/historical?assetclass=etf&fromdate=2016-07-26&todate=2026-07-26&limit=5000
TQQQ,2018-06-12,7.6075,7.7162,7.5838,7.6963,47481120,,https://api.nasdaq.com/api/quote/TQQQ/historical?assetclass=etf&fromdate=2016-07-26&todate=2026-07-26&limit=5000
TQQQ,2018-06-13,7.725,7.8663,7.6425,7.6875,71720848,,https://api.nasdaq.com/api/quote/TQQQ/historical?assetclass=etf&fromdate=2016-07-26&todate=2026-07-26&limit=5000
TQQQ,2018-06-14,7.7975,7.9575,7.7763,7.9212,90191680,,https://api.nasdaq.com/api/quote/TQQQ/historical?assetclass=etf&fromdate=2016-07-26&todate=2026-07-26&limit=5000
TQQQ,2018-06-15,7.83,7.8863,7.725,7.8425,77612080,,https://api.nasdaq.com/api/quote/TQQQ/historical?assetclass=etf&fromdate=2016-07-26&todate=2026-07-26&limit=5000
TQQQ,2018-06-18,7.6875,7.8438,7.615,7.825,67397832,,https://api.nasdaq.com/api/quote/TQQQ/historical?assetclass=etf&fromdate=2016-07-26&todate=2026-07-26&limit=5000
TQQQ,2018-06-19,7.5237,7.7575,7.4525,7.755,107241760,,https://api.nasdaq.com/api/quote/TQQQ/historical?assetclass=etf&fromdate=2016-07-26&todate=2026-07-26&limit=5000
TQQQ,2018-06-20,7.8575,8.0162,7.8412,7.9175,79030808,,https://api.nasdaq.com/api/quote/TQQQ/historical?assetclass=etf&fromdate=2016-07-26&todate=2026-07-26&limit=5000
TQQQ,2018-06-21,7.9725,7.9988,7.6662,7.7125,101991920,,https://api.nasdaq.com/api/quote/TQQQ/historical?assetclass=etf&fromdate=2016-07-26&todate=2026-07-26&limit=5000
TQQQ,2018-06-22,7.79,7.7975,7.5762,7.635,62097152,,https://api.nasdaq.com/api/quote/TQQQ/historical?assetclass=etf&fromdate=2016-07-26&todate=2026-07-26&limit=5000
TQQQ,2018-06-25,7.4525,7.4837,6.9363,7.1475,170921200,,https://api.nasdaq.com/api/quote/TQQQ/historical?assetclass=etf&fromdate=2016-07-26&todate=2026-07-26&limit=5000
TQQQ,2018-06-26,7.2162,7.3481,7.1375,7.2263,94012240,,https://api.nasdaq.com/api/quote/TQQQ/historical?assetclass=etf&fromdate=2016-07-26&todate=2026-07-26&limit=5000
TQQQ,2018-06-27,7.3175,7.415,6.915,6.9363,131359520,,https://api.nasdaq.com/api/quote/TQQQ/historical?assetclass=etf&fromdate=2016-07-26&todate=2026-07-26&limit=5000
TQQQ,2018-06-28,6.9025,7.1762,6.8587,7.1063,110784480,,https://api.nasdaq.com/api/quote/TQQQ/historical?assetclass=etf&fromdate=2016-07-26&todate=2026-07-26&limit=5000
TQQQ,2018-06-29,7.2088,7.32,7.1325,7.1387,78467512,,https://api.nasdaq.com/api/quote/TQQQ/historical?assetclass=etf&fromdate=2016-07-26&todate=2026-07-26&limit=5000
TQQQ,2018-07-02,6.9575,7.3075,6.91,7.2988,83152560,,https://api.nasdaq.com/api/quote/TQQQ/historical?assetclass=etf&fromdate=2016-07-26&todate=2026-07-26&limit=5000
TQQQ,2018-07-03,7.3775,7.385,7.0285,7.0475,56425560,,https://api.nasdaq.com/api/quote/TQQQ/historical?assetclass=etf&fromdate=2016-07-26&todate=2026-07-26&limit=5000
TQQQ,2018-07-05,7.1863,7.3238,7.0738,7.3063,65210744,,https://api.nasdaq.com/api/quote/TQQQ/historical?assetclass=etf&fromdate=2016-07-26&todate=2026-07-26&limit=5000
TQQQ,2018-07-06,7.3513,7.6612,7.315,7.635,74811944,,https://api.nasdaq.com/api/quote/TQQQ/historical?assetclass=etf&fromdate=2016-07-26&todate=2026-07-26&limit=5000
TQQQ,2018-07-09,7.76,7.8563,7.6738,7.8475,72183808,,https://api.nasdaq.com/api/quote/TQQQ/historical?assetclass=etf&fromdate=2016-07-26&todate=2026-07-26&limit=5000
TQQQ,2018-07-10,7.8812,7.9188,7.785,7.8663,65045488,,https://api.nasdaq.com/api/quote/TQQQ/historical?assetclass=etf&fromdate=2016-07-26&todate=2026-07-26&limit=5000
TQQQ,2018-07-11,7.6875,7.8325,7.6612,7.7512,79521800,,https://api.nasdaq.com/api/quote/TQQQ/historical?assetclass=etf&fromdate=2016-07-26&todate=2026-07-26&limit=5000
TQQQ,2018-07-12,7.8463,8.14,7.83,8.1337,80926960,,https://api.nasdaq.com/api/quote/TQQQ/historical?assetclass=etf&fromdate=2016-07-26&todate=2026-07-26&limit=5000
TQQQ,2018-07-13,8.135,8.2037,8.0738,8.1575,67867512,,https://api.nasdaq.com/api/quote/TQQQ/historical?assetclass=etf&fromdate=2016-07-26&todate=2026-07-26&limit=5000
TQQQ,2018-07-16,8.1638,8.2074,8.06,8.1025,55166760,,https://api.nasdaq.com/api/quote/TQQQ/historical?assetclass=etf&fromdate=2016-07-26&todate=2026-07-26&limit=5000
TQQQ,2018-07-17,7.85,8.3,7.8475,8.2525,75013856,,https://api.nasdaq.com/api/quote/TQQQ/historical?assetclass=etf&fromdate=2016-07-26&todate=2026-07-26&limit=5000
TQQQ,2018-07-18,8.25,8.2733,8.125,8.2,46394624,,https://api.nasdaq.com/api/quote/TQQQ/historical?assetclass=etf&fromdate=2016-07-26&todate=2026-07-26&limit=5000
TQQQ,2018-07-19,8.12,8.195,8.0475,8.0787,76080896,,https://api.nasdaq.com/api/quote/TQQQ/historical?assetclass=etf&fromdate=2016-07-26&todate=2026-07-26&limit=5000
TQQQ,2018-07-20,8.145,8.2287,8.0412,8.0675,57387736,,https://api.nasdaq.com/api/quote/TQQQ/historical?assetclass=etf&fromdate=2016-07-26&todate=2026-07-26&limit=5000
TQQQ,2018-07-23,7.9962,8.1538,7.9,8.1375,61973360,,https://api.nasdaq.com/api/quote/TQQQ/historical?assetclass=etf&fromdate=2016-07-26&todate=2026-07-26&limit=5000
TQQQ,2018-07-24,8.3938,8.4813,8.1438,8.2413,94908000,,https://api.nasdaq.com/api/quote/TQQQ/historical?assetclass=etf&fromdate=2016-07-26&todate=2026-07-26&limit=5000
TQQQ,2018-07-25,8.2525,8.6013,8.2459,8.585,75472088,,https://api.nasdaq.com/api/quote/TQQQ/historical?assetclass=etf&fromdate=2016-07-26&todate=2026-07-26&limit=5000
TQQQ,2018-07-26,8.24,8.3175,8.1638,8.21,111110320,,https://api.nasdaq.com/api/quote/TQQQ/historical?assetclass=etf&fromdate=2016-07-26&todate=2026-07-26&limit=5000
TQQQ,2018-07-27,8.355,8.3625,7.7225,7.8675,117985920,,https://api.nasdaq.com/api/quote/TQQQ/historical?assetclass=etf&fromdate=2016-07-26&todate=2026-07-26&limit=5000
TQQQ,2018-07-30,7.8688,7.8766,7.415,7.5287,100203120,,https://api.nasdaq.com/api/quote/TQQQ/historical?assetclass=etf&fromdate=2016-07-26&todate=2026-07-26&limit=5000
TQQQ,2018-07-31,7.6087,7.7862,7.4887,7.6788,93910000,,https://api.nasdaq.com/api/quote/TQQQ/historical?assetclass=etf&fromdate=2016-07-26&todate=2026-07-26&limit=5000
TQQQ,2018-08-01,7.75,7.8537,7.655,7.7838,69010560,,https://api.nasdaq.com/api/quote/TQQQ/historical?assetclass=etf&fromdate=2016-07-26&todate=2026-07-26&limit=5000
TQQQ,2018-08-02,7.6125,8.125,7.605,8.0938,92026800,,https://api.nasdaq.com/api/quote/TQQQ/historical?assetclass=etf&fromdate=2016-07-26&todate=2026-07-26&limit=5000
TQQQ,2018-08-03,8.1363,8.1738,8.0375,8.1662,72059696,,https://api.nasdaq.com/api/quote/TQQQ/historical?assetclass=etf&fromdate=2016-07-26&todate=2026-07-26&limit=5000
TQQQ,2018-08-06,8.1563,8.3207,8.1237,8.3163,67911120,,https://api.nasdaq.com/api/quote/TQQQ/historical?assetclass=etf&fromdate=2016-07-26&todate=2026-07-26&limit=5000
TQQQ,2018-08-07,8.3812,8.45,8.3313,8.3975,71724704,,https://api.nasdaq.com/api/quote/TQQQ/historical?assetclass=etf&fromdate=2016-07-26&todate=2026-07-26&limit=5000
TQQQ,2018-08-08,8.37,8.4812,8.3001,8.42,63251904,,https://api.nasdaq.com/api/quote/TQQQ/historical?assetclass=etf&fromdate=2016-07-26&todate=2026-07-26&limit=5000
TQQQ,2018-08-09,8.4125,8.5125,8.3776,8.4125,54270416,,https://api.nasdaq.com/api/quote/TQQQ/historical?assetclass=etf&fromdate=2016-07-26&todate=2026-07-26&limit=5000
TQQQ,2018-08-10,8.245,8.3187,8.1275,8.2163,85311440,,https://api.nasdaq.com/api/quote/TQQQ/historical?assetclass=etf&fromdate=2016-07-26&todate=2026-07-26&limit=5000
TQQQ,2018-08-13,8.2613,8.4213,8.1813,8.1925,92375760,,https://api.nasdaq.com/api/quote/TQQQ/historical?assetclass=etf&fromdate=2016-07-26&todate=2026-07-26&limit=5000
TQQQ,2018-08-14,8.2825,8.3737,8.1538,8.3438,60531528,,https://api.nasdaq.com/api/quote/TQQQ/historical?assetclass=etf&fromdate=2016-07-26&todate=2026-07-26&limit=5000
TQQQ,2018-08-15,8.155,8.225,7.885,8.04,115600560,,https://api.nasdaq.com/api/quote/TQQQ/historical?assetclass=etf&fromdate=2016-07-26&todate=2026-07-26&limit=5000
TQQQ,2018-08-16,8.2175,8.2688,8.0663,8.1137,64817032,,https://api.nasdaq.com/api/quote/TQQQ/historical?assetclass=etf&fromdate=2016-07-26&todate=2026-07-26&limit=5000
TQQQ,2018-08-17,8.0488,8.1775,7.9013,8.1125,70129160,,https://api.nasdaq.com/api/quote/TQQQ/historical?assetclass=etf&fromdate=2016-07-26&todate=2026-07-26&limit=5000
TQQQ,2018-08-20,8.1713,8.1788,8,8.0962,67307944,,https://api.nasdaq.com/api/quote/TQQQ/historical?assetclass=etf&fromdate=2016-07-26&todate=2026-07-26&limit=5000
TQQQ,2018-08-21,8.1675,8.3275,8.1512,8.18,65917672,,https://api.nasdaq.com/api/quote/TQQQ/historical?assetclass=etf&fromdate=2016-07-26&todate=2026-07-26&limit=5000
TQQQ,2018-08-22,8.125,8.3025,8.0989,8.275,63097224,,https://api.nasdaq.com/api/quote/TQQQ/historical?assetclass=etf&fromdate=2016-07-26&todate=2026-07-26&limit=5000
TQQQ,2018-08-23,8.2338,8.4075,8.1964,8.2338,71023024,,https://api.nasdaq.com/api/quote/TQQQ/historical?assetclass=etf&fromdate=2016-07-26&todate=2026-07-26&limit=5000
TQQQ,2018-08-24,8.3212,8.4838,8.3125,8.4625,63905864,,https://api.nasdaq.com/api/quote/TQQQ/historical?assetclass=etf&fromdate=2016-07-26&todate=2026-07-26&limit=5000
TQQQ,2018-08-27,8.5988,8.7188,8.5525,8.7175,72510616,,https://api.nasdaq.com/api/quote/TQQQ/historical?assetclass=etf&fromdate=2016-07-26&todate=2026-07-26&limit=5000
TQQQ,2018-08-28,8.79,8.8212,8.705,8.7562,64974584,,https://api.nasdaq.com/api/quote/TQQQ/historical?assetclass=etf&fromdate=2016-07-26&todate=2026-07-26&limit=5000
TQQQ,2018-08-29,8.8012,9.075,8.7937,9.0625,65560424,,https://api.nasdaq.com/api/quote/TQQQ/historical?assetclass=etf&fromdate=2016-07-26&todate=2026-07-26&limit=5000
TQQQ,2018-08-30,9.0075,9.1694,8.9182,9.0113,87659280,,https://api.nasdaq.com/api/quote/TQQQ/historical?assetclass=etf&fromdate=2016-07-26&todate=2026-07-26&limit=5000
TQQQ,2018-08-31,8.9775,9.1188,8.946,9.0375,63009976,,https://api.nasdaq.com/api/quote/TQQQ/historical?assetclass=etf&fromdate=2016-07-26&todate=2026-07-26&limit=5000
TQQQ,2018-09-04,8.9588,9.0038,8.7789,8.93,80068880,,https://api.nasdaq.com/api/quote/TQQQ/historical?assetclass=etf&fromdate=2016-07-26&todate=2026-07-26&limit=5000
TQQQ,2018-09-05,8.875,8.8788,8.49,8.575,107534800,,https://api.nasdaq.com/api/quote/TQQQ/historical?assetclass=etf&fromdate=2016-07-26&todate=2026-07-26&limit=5000
TQQQ,2018-09-06,8.59,8.6163,8.1725,8.3413,115299200,,https://api.nasdaq.com/api/quote/TQQQ/historical?assetclass=etf&fromdate=2016-07-26&todate=2026-07-26&limit=5000
TQQQ,2018-09-07,8.17,8.4612,8.1525,8.2587,76921440,,https://api.nasdaq.com/api/quote/TQQQ/historical?assetclass=etf&fromdate=2016-07-26&todate=2026-07-26&limit=5000
TQQQ,2018-09-10,8.3859,8.4025,8.1913,8.3313,55347488,,https://api.nasdaq.com/api/quote/TQQQ/historical?assetclass=etf&fromdate=2016-07-26&todate=2026-07-26&limit=5000
TQQQ,2018-09-11,8.2212,8.56,8.1625,8.5162,70264168,,https://api.nasdaq.com/api/quote/TQQQ/historical?assetclass=etf&fromdate=2016-07-26&todate=2026-07-26&limit=5000
TQQQ,2018-09-12,8.4812,8.4987,8.2238,8.4425,88143840,,https://api.nasdaq.com/api/quote/TQQQ/historical?assetclass=etf&fromdate=2016-07-26&todate=2026-07-26&limit=5000
TQQQ,2018-09-13,8.5875,8.7525,8.5838,8.6925,74357392,,https://api.nasdaq.com/api/quote/TQQQ/historical?assetclass=etf&fromdate=2016-07-26&todate=2026-07-26&limit=5000
TQQQ,2018-09-14,8.7238,8.7675,8.5262,8.6263,76653688,,https://api.nasdaq.com/api/quote/TQQQ/historical?assetclass=etf&fromdate=2016-07-26&todate=2026-07-26&limit=5000
TQQQ,2018-09-17,8.5775,8.6037,8.2325,8.2625,71668128,,https://api.nasdaq.com/api/quote/TQQQ/historical?assetclass=etf&fromdate=2016-07-26&todate=2026-07-26&limit=5000
TQQQ,2018-09-18,8.28,8.5807,8.2675,8.4588,72412248,,https://api.nasdaq.com/api/quote/TQQQ/historical?assetclass=etf&fromdate=2016-07-26&todate=2026-07-26&limit=5000
TQQQ,2018-09-19,8.4625,8.5225,8.2737,8.44,58102056,,https://api.nasdaq.com/api/quote/TQQQ/historical?assetclass=etf&fromdate=2016-07-26&todate=2026-07-26&limit=5000
TQQQ,2018-09-20,8.6025,8.7475,8.5451,8.705,62427928,,https://api.nasdaq.com/api/quote/TQQQ/historical?assetclass=etf&fromdate=2016-07-26&todate=2026-07-26&limit=5000
TQQQ,2018-09-21,8.7825,8.8225,8.5388,8.5663,60105096,,https://api.nasdaq.com/api/quote/TQQQ/historical?assetclass=etf&fromdate=2016-07-26&todate=2026-07-26&limit=5000
TQQQ,2018-09-24,8.3887,8.6487,8.28,8.64,52550248,,https://api.nasdaq.com/api/quote/TQQQ/historical?assetclass=etf&fromdate=2016-07-26&todate=2026-07-26&limit=5000
TQQQ,2018-09-25,8.6237,8.6913,8.5388,8.675,43068624,,https://api.nasdaq.com/api/quote/TQQQ/historical?assetclass=etf&fromdate=2016-07-26&todate=2026-07-26&limit=5000
TQQQ,2018-09-26,8.6825,8.9337,8.6387,8.6662,70127504,,https://api.nasdaq.com/api/quote/TQQQ/historical?assetclass=etf&fromdate=2016-07-26&todate=2026-07-26&limit=5000
TQQQ,2018-09-27,8.795,8.9975,8.7788,8.9063,58420880,,https://api.nasdaq.com/api/quote/TQQQ/historical?assetclass=etf&fromdate=2016-07-26&todate=2026-07-26&limit=5000
TQQQ,2018-09-28,8.83,8.9688,8.785,8.8925,61751512,,https://api.nasdaq.com/api/quote/TQQQ/historical?assetclass=etf&fromdate=2016-07-26&todate=2026-07-26&limit=5000
TQQQ,2018-10-01,9.0625,9.1466,8.885,8.9437,68082000,,https://api.nasdaq.com/api/quote/TQQQ/historical?assetclass=etf&fromdate=2016-07-26&todate=2026-07-26&limit=5000
TQQQ,2018-10-02,8.92,9.095,8.83,8.8925,64602616,,https://api.nasdaq.com/api/quote/TQQQ/historical?assetclass=etf&fromdate=2016-07-26&todate=2026-07-26&limit=5000
TQQQ,2018-10-03,9.0013,9.0625,8.8783,8.9187,65854936,,https://api.nasdaq.com/api/quote/TQQQ/historical?assetclass=etf&fromdate=2016-07-26&todate=2026-07-26&limit=5000
TQQQ,2018-10-04,8.8125,8.8225,8.2125,8.41,150347200,,https://api.nasdaq.com/api/quote/TQQQ/historical?assetclass=etf&fromdate=2016-07-26&todate=2026-07-26&limit=5000
TQQQ,2018-10-05,8.4,8.4787,7.8525,8.0938,132546240,,https://api.nasdaq.com/api/quote/TQQQ/historical?assetclass=etf&fromdate=2016-07-26&todate=2026-07-26&limit=5000
TQQQ,2018-10-08,7.98,8.1563,7.655,7.9488,119163520,,https://api.nasdaq.com/api/quote/TQQQ/historical?assetclass=etf&fromdate=2016-07-26&todate=2026-07-26&limit=5000
TQQQ,2018-10-09,7.9588,8.2,7.8987,8.01,103554640,,https://api.nasdaq.com/api/quote/TQQQ/historical?assetclass=etf&fromdate=2016-07-26&todate=2026-07-26&limit=5000
TQQQ,2018-10-10,7.8738,7.8825,6.93,6.9713,241093280,,https://api.nasdaq.com/api/quote/TQQQ/historical?assetclass=etf&fromdate=2016-07-26&todate=2026-07-26&limit=5000
TQQQ,2018-10-11,6.8762,7.1563,6.4787,6.6887,219435840,,https://api.nasdaq.com/api/quote/TQQQ/historical?assetclass=etf&fromdate=2016-07-26&todate=2026-07-26&limit=5000
TQQQ,2018-10-12,7.2225,7.315,6.85,7.2538,168180480,,https://api.nasdaq.com/api/quote/TQQQ/historical?assetclass=etf&fromdate=2016-07-26&todate=2026-07-26&limit=5000
TQQQ,2018-10-15,7.1825,7.2138,6.9068,6.98,159019760,,https://api.nasdaq.com/api/quote/TQQQ/historical?assetclass=etf&fromdate=2016-07-26&todate=2026-07-26&limit=5000
TQQQ,2018-10-16,7.205,7.6463,7.1688,7.5812,123129760,,https://api.nasdaq.com/api/quote/TQQQ/historical?assetclass=etf&fromdate=2016-07-26&todate=2026-07-26&limit=5000
TQQQ,2018-10-17,7.71,7.7225,7.3688,7.6063,129733280,,https://api.nasdaq.com/api/quote/TQQQ/historical?assetclass=etf&fromdate=2016-07-26&todate=2026-07-26&limit=5000
TQQQ,2018-10-18,7.5075,7.5163,6.9763,7.0788,155954400,,https://api.nasdaq.com/api/quote/TQQQ/historical?assetclass=etf&fromdate=2016-07-26&todate=2026-07-26&limit=5000
TQQQ,2018-10-19,7.2237,7.4238,6.9737,7.05,134674640,,https://api.nasdaq.com/api/quote/TQQQ/historical?assetclass=etf&fromdate=2016-07-26&todate=2026-07-26&limit=5000
TQQQ,2018-10-22,7.1762,7.3225,6.9962,7.1563,114593920,,https://api.nasdaq.com/api/quote/TQQQ/historical?assetclass=etf&fromdate=2016-07-26&todate=2026-07-26&limit=5000
TQQQ,2018-10-23,6.7737,7.1844,6.5287,7.0775,176038480,,https://api.nasdaq.com/api/quote/TQQQ/historical?assetclass=etf&fromdate=2016-07-26&todate=2026-07-26&limit=5000
TQQQ,2018-10-24,7.0512,7.0875,6.085,6.115,202628480,,https://api.nasdaq.com/api/quote/TQQQ/historical?assetclass=etf&fromdate=2016-07-26&todate=2026-07-26&limit=5000
TQQQ,2018-10-25,6.3863,6.8463,6.3038,6.7425,150522720,,https://api.nasdaq.com/api/quote/TQQQ/historical?assetclass=etf&fromdate=2016-07-26&todate=2026-07-26&limit=5000
TQQQ,2018-10-26,6.05,6.6037,5.935,6.2188,244414720,,https://api.nasdaq.com/api/quote/TQQQ/historical?assetclass=etf&fromdate=2016-07-26&todate=2026-07-26&limit=5000
TQQQ,2018-10-29,6.4975,6.575,5.48,5.8863,216150880,,https://api.nasdaq.com/api/quote/TQQQ/historical?assetclass=etf&fromdate=2016-07-26&todate=2026-07-26&limit=5000
TQQQ,2018-10-30,5.78,6.1312,5.6963,6.1137,183136880,,https://api.nasdaq.com/api/quote/TQQQ/historical?assetclass=etf&fromdate=2016-07-26&todate=2026-07-26&limit=5000
TQQQ,2018-10-31,6.4063,6.7075,6.4063,6.5263,179571440,,https://api.nasdaq.com/api/quote/TQQQ/historical?assetclass=etf&fromdate=2016-07-26&todate=2026-07-26&limit=5000
TQQQ,2018-11-01,6.5838,6.8275,6.4301,6.8113,124209760,,https://api.nasdaq.com/api/quote/TQQQ/historical?assetclass=etf&fromdate=2016-07-26&todate=2026-07-26&limit=5000
TQQQ,2018-11-02,6.7438,6.8662,6.35,6.5062,174044800,,https://api.nasdaq.com/api/quote/TQQQ/historical?assetclass=etf&fromdate=2016-07-26&todate=2026-07-26&limit=5000
TQQQ,2018-11-05,6.51,6.5175,6.22,6.4425,101947680,,https://api.nasdaq.com/api/quote/TQQQ/historical?assetclass=etf&fromdate=2016-07-26&todate=2026-07-26&limit=5000
TQQQ,2018-11-06,6.4262,6.6913,6.4088,6.5788,110503840,,https://api.nasdaq.com/api/quote/TQQQ/historical?assetclass=etf&fromdate=2016-07-26&todate=2026-07-26&limit=5000
TQQQ,2018-11-07,6.8137,7.195,6.7713,7.1837,137870160,,https://api.nasdaq.com/api/quote/TQQQ/historical?assetclass=etf&fromdate=2016-07-26&todate=2026-07-26&limit=5000
TQQQ,2018-11-08,7.0987,7.165,6.9575,7.0613,117231120,,https://api.nasdaq.com/api/quote/TQQQ/historical?assetclass=etf&fromdate=2016-07-26&todate=2026-07-26&limit=5000
TQQQ,2018-11-09,6.865,6.91,6.5362,6.7025,136546400,,https://api.nasdaq.com/api/quote/TQQQ/historical?assetclass=etf&fromdate=2016-07-26&todate=2026-07-26&limit=5000
TQQQ,2018-11-12,6.5625,6.5987,6.0743,6.1137,152339280,,https://api.nasdaq.com/api/quote/TQQQ/historical?assetclass=etf&fromdate=2016-07-26&todate=2026-07-26&limit=5000
TQQQ,2018-11-13,6.1837,6.4375,6.0554,6.1113,153396000,,https://api.nasdaq.com/api/quote/TQQQ/historical?assetclass=etf&fromdate=2016-07-26&todate=2026-07-26&limit=5000
TQQQ,2018-11-14,6.285,6.3525,5.86,5.9562,155170240,,https://api.nasdaq.com/api/quote/TQQQ/historical?assetclass=etf&fromdate=2016-07-26&todate=2026-07-26&limit=5000
TQQQ,2018-11-15,5.9238,6.3262,5.7763,6.275,168713280,,https://api.nasdaq.com/api/quote/TQQQ/historical?assetclass=etf&fromdate=2016-07-26&todate=2026-07-26&limit=5000
TQQQ,2018-11-16,6.095,6.3,6.015,6.2062,134028480,,https://api.nasdaq.com/api/quote/TQQQ/historical?assetclass=etf&fromdate=2016-07-26&todate=2026-07-26&limit=5000
TQQQ,2018-11-19,6.115,6.1437,5.55,5.6113,185367600,,https://api.nasdaq.com/api/quote/TQQQ/historical?assetclass=etf&fromdate=2016-07-26&todate=2026-07-26&limit=5000
TQQQ,2018-11-20,5.215,5.53,5.0875,5.3,202030320,,https://api.nasdaq.com/api/quote/TQQQ/historical?assetclass=etf&fromdate=2016-07-26&todate=2026-07-26&limit=5000
TQQQ,2018-11-21,5.5038,5.5775,5.39,5.4188,114989520,,https://api.nasdaq.com/api/quote/TQQQ/historical?assetclass=etf&fromdate=2016-07-26&todate=2026-07-26&limit=5000
TQQQ,2018-11-23,5.285,5.465,5.2813,5.2988,56879920,,https://api.nasdaq.com/api/quote/TQQQ/historical?assetclass=etf&fromdate=2016-07-26&todate=2026-07-26&limit=5000
TQQQ,2018-11-26,5.5225,5.6725,5.4525,5.6625,119301200,,https://api.nasdaq.com/api/quote/TQQQ/historical?assetclass=etf&fromdate=2016-07-26&todate=2026-07-26&limit=5000
TQQQ,2018-11-27,5.5775,5.765,5.4863,5.7213,118816240,,https://api.nasdaq.com/api/quote/TQQQ/historical?assetclass=etf&fromdate=2016-07-26&todate=2026-07-26&limit=5000
TQQQ,2018-11-28,5.85,6.27,5.75,6.2637,194236000,,https://api.nasdaq.com/api/quote/TQQQ/historical?assetclass=etf&fromdate=2016-07-26&todate=2026-07-26&limit=5000
TQQQ,2018-11-29,6.19,6.3338,6.06,6.2062,128505760,,https://api.nasdaq.com/api/quote/TQQQ/historical?assetclass=etf&fromdate=2016-07-26&todate=2026-07-26&limit=5000
TQQQ,2018-11-30,6.23,6.355,6.1413,6.3362,116189280,,https://api.nasdaq.com/api/quote/TQQQ/historical?assetclass=etf&fromdate=2016-07-26&todate=2026-07-26&limit=5000
TQQQ,2018-12-03,6.76,6.7875,6.5314,6.6612,148748000,,https://api.nasdaq.com/api/quote/TQQQ/historical?assetclass=etf&fromdate=2016-07-26&todate=2026-07-26&limit=5000
TQQQ,2018-12-04,6.5687,6.6238,5.8838,5.9288,208651760,,https://api.nasdaq.com/api/quote/TQQQ/historical?assetclass=etf&fromdate=2016-07-26&todate=2026-07-26&limit=5000
TQQQ,2018-12-06,5.5512,6.0275,5.4787,6.015,195265200,,https://api.nasdaq.com/api/quote/TQQQ/historical?assetclass=etf&fromdate=2016-07-26&todate=2026-07-26&limit=5000
TQQQ,2018-12-07,5.95,6.0525,5.375,5.4262,222680400,,https://api.nasdaq.com/api/quote/TQQQ/historical?assetclass=etf&fromdate=2016-07-26&todate=2026-07-26&limit=5000
TQQQ,2018-12-10,5.395,5.6694,5.2275,5.5963,175855440,,https://api.nasdaq.com/api/quote/TQQQ/historical?assetclass=etf&fromdate=2016-07-26&todate=2026-07-26&limit=5000
TQQQ,2018-12-11,5.8663,5.875,5.5113,5.6563,170860960,,https://api.nasdaq.com/api/quote/TQQQ/historical?assetclass=etf&fromdate=2016-07-26&todate=2026-07-26&limit=5000
TQQQ,2018-12-12,5.9025,6.0663,5.7962,5.7988,168187280,,https://api.nasdaq.com/api/quote/TQQQ/historical?assetclass=etf&fromdate=2016-07-26&todate=2026-07-26&limit=5000
TQQQ,2018-12-13,5.9125,5.9863,5.69,5.8,162746560,,https://api.nasdaq.com/api/quote/TQQQ/historical?assetclass=etf&fromdate=2016-07-26&todate=2026-07-26&limit=5000
TQQQ,2018-12-14,5.6113,5.6662,5.3388,5.3625,155647680,,https://api.nasdaq.com/api/quote/TQQQ/historical?assetclass=etf&fromdate=2016-07-26&todate=2026-07-26&limit=5000
TQQQ,2018-12-17,5.3087,5.4363,4.8863,5.0163,199420720,,https://api.nasdaq.com/api/quote/TQQQ/historical?assetclass=etf&fromdate=2016-07-26&todate=2026-07-26&limit=5000
TQQQ,2018-12-18,5.135,5.2511,4.9713,5.1,157181440,,https://api.nasdaq.com/api/quote/TQQQ/historical?assetclass=etf&fromdate=2016-07-26&todate=2026-07-26&limit=5000
TQQQ,2018-12-19,5.0888,5.3238,4.61,4.7313,306466800,,https://api.nasdaq.com/api/quote/TQQQ/historical?assetclass=etf&fromdate=2016-07-26&todate=2026-07-26&limit=5000
TQQQ,2018-12-20,4.6837,4.8479,4.3412,4.5412,319198640,,https://api.nasdaq.com/api/quote/TQQQ/historical?assetclass=etf&fromdate=2016-07-26&todate=2026-07-26&limit=5000
TQQQ,2018-12-21,4.5812,4.6762,4.0262,4.1025,367810160,,https://api.nasdaq.com/api/quote/TQQQ/historical?assetclass=etf&fromdate=2016-07-26&todate=2026-07-26&limit=5000
TQQQ,2018-12-24,4,4.1612,3.79,3.7988,175600560,,https://api.nasdaq.com/api/quote/TQQQ/historical?assetclass=etf&fromdate=2016-07-26&todate=2026-07-26&limit=5000
TQQQ,2018-12-26,3.9125,4.4925,3.83,4.4825,375592480,,https://api.nasdaq.com/api/quote/TQQQ/historical?assetclass=etf&fromdate=2016-07-26&todate=2026-07-26&limit=5000
TQQQ,2018-12-27,4.325,4.55,4.015,4.5462,340337360,,https://api.nasdaq.com/api/quote/TQQQ/historical?assetclass=etf&fromdate=2016-07-26&todate=2026-07-26&limit=5000
TQQQ,2018-12-28,4.625,4.7637,4.4208,4.5275,304584000,,https://api.nasdaq.com/api/quote/TQQQ/historical?assetclass=etf&fromdate=2016-07-26&todate=2026-07-26&limit=5000
TQQQ,2018-12-31,4.67,4.71,4.5062,4.63,216753680,,https://api.nasdaq.com/api/quote/TQQQ/historical?assetclass=etf&fromdate=2016-07-26&todate=2026-07-26&limit=5000
TQQQ,2019-01-02,4.3475,4.7787,4.3412,4.6963,266751680,,https://api.nasdaq.com/api/quote/TQQQ/historical?assetclass=etf&fromdate=2016-07-26&todate=2026-07-26&limit=5000
TQQQ,2019-01-03,4.4975,4.5517,4.2038,4.2413,329565680,,https://api.nasdaq.com/api/quote/TQQQ/historical?assetclass=etf&fromdate=2016-07-26&todate=2026-07-26&limit=5000
TQQQ,2019-01-04,4.4437,4.845,4.3958,4.7838,272358000,,https://api.nasdaq.com/api/quote/TQQQ/historical?assetclass=etf&fromdate=2016-07-26&todate=2026-07-26&limit=5000
TQQQ,2019-01-07,4.8087,5.0187,4.7663,4.9363,212364800,,https://api.nasdaq.com/api/quote/TQQQ/historical?assetclass=etf&fromdate=2016-07-26&todate=2026-07-26&limit=5000
TQQQ,2019-01-08,5.0862,5.1387,4.8625,5.0788,210713840,,https://api.nasdaq.com/api/quote/TQQQ/historical?assetclass=etf&fromdate=2016-07-26&todate=2026-07-26&limit=5000
TQQQ,2019-01-09,5.14,5.2713,5.075,5.1988,177144160,,https://api.nasdaq.com/api/quote/TQQQ/historical?assetclass=etf&fromdate=2016-07-26&todate=2026-07-26&limit=5000
TQQQ,2019-01-10,5.08,5.2538,4.995,5.2488,174351120,,https://api.nasdaq.com/api/quote/TQQQ/historical?assetclass=etf&fromdate=2016-07-26&todate=2026-07-26&limit=5000
TQQQ,2019-01-11,5.155,5.2038,5.1013,5.1863,120645920,,https://api.nasdaq.com/api/quote/TQQQ/historical?assetclass=etf&fromdate=2016-07-26&todate=2026-07-26&limit=5000
TQQQ,2019-01-14,5.0538,5.1175,4.9825,5.0512,110601840,,https://api.nasdaq.com/api/quote/TQQQ/historical?assetclass=etf&fromdate=2016-07-26&todate=2026-07-26&limit=5000
TQQQ,2019-01-15,5.1175,5.365,5.1075,5.3312,144584320,,https://api.nasdaq.com/api/quote/TQQQ/historical?assetclass=etf&fromdate=2016-07-26&todate=2026-07-26&limit=5000
TQQQ,2019-01-16,5.3712,5.4825,5.335,5.3388,135438240,,https://api.nasdaq.com/api/quote/TQQQ/historical?assetclass=etf&fromdate=2016-07-26&todate=2026-07-26&limit=5000
TQQQ,2019-01-17,5.2875,5.5338,5.2575,5.4638,141223680,,https://api.nasdaq.com/api/quote/TQQQ/historical?assetclass=etf&fromdate=2016-07-26&todate=2026-07-26&limit=5000
TQQQ,2019-01-18,5.59,5.7012,5.4813,5.6137,166490000,,https://api.nasdaq.com/api/quote/TQQQ/historical?assetclass=etf&fromdate=2016-07-26&todate=2026-07-26&limit=5000
TQQQ,2019-01-22,5.5012,5.51,5.165,5.3038,181084400,,https://api.nasdaq.com/api/quote/TQQQ/historical?assetclass=etf&fromdate=2016-07-26&todate=2026-07-26&limit=5000
TQQQ,2019-01-23,5.3688,5.4375,5.127,5.3087,165538080,,https://api.nasdaq.com/api/quote/TQQQ/historical?assetclass=etf&fromdate=2016-07-26&todate=2026-07-26&limit=5000
TQQQ,2019-01-24,5.3525,5.4275,5.2925,5.4025,127546000,,https://api.nasdaq.com/api/quote/TQQQ/historical?assetclass=etf&fromdate=2016-07-26&todate=2026-07-26&limit=5000
TQQQ,2019-01-25,5.5325,5.6463,5.4775,5.595,139374080,,https://api.nasdaq.com/api/quote/TQQQ/historical?assetclass=etf&fromdate=2016-07-26&todate=2026-07-26&limit=5000
TQQQ,2019-01-28,5.3762,5.3887,5.2512,5.3887,139807200,,https://api.nasdaq.com/api/quote/TQQQ/historical?assetclass=etf&fromdate=2016-07-26&todate=2026-07-26&limit=5000
TQQQ,2019-01-29,5.3987,5.4013,5.1788,5.2363,121118240,,https://api.nasdaq.com/api/quote/TQQQ/historical?assetclass=etf&fromdate=2016-07-26&todate=2026-07-26&limit=5000
TQQQ,2019-01-30,5.4125,5.69,5.3613,5.6288,174354720,,https://api.nasdaq.com/api/quote/TQQQ/historical?assetclass=etf&fromdate=2016-07-26&todate=2026-07-26&limit=5000
TQQQ,2019-01-31,5.7275,5.965,5.71,5.8762,159439920,,https://api.nasdaq.com/api/quote/TQQQ/historical?assetclass=etf&fromdate=2016-07-26&todate=2026-07-26&limit=5000
TQQQ,2019-02-01,5.7925,5.9275,5.7575,5.8012,141419840,,https://api.nasdaq.com/api/quote/TQQQ/historical?assetclass=etf&fromdate=2016-07-26&todate=2026-07-26&limit=5000
TQQQ,2019-02-04,5.8087,6.02,5.7925,6.0137,110381280,,https://api.nasdaq.com/api/quote/TQQQ/historical?assetclass=etf&fromdate=2016-07-26&todate=2026-07-26&limit=5000
TQQQ,2019-02-05,6.0462,6.2,6.0381,6.1725,128505760,,https://api.nasdaq.com/api/quote/TQQQ/historical?assetclass=etf&fromdate=2016-07-26&todate=2026-07-26&limit=5000
TQQQ,2019-02-06,6.185,6.2162,6.0402,6.1238,145152720,,https://api.nasdaq.com/api/quote/TQQQ/historical?assetclass=etf&fromdate=2016-07-26&todate=2026-07-26&limit=5000
TQQQ,2019-02-07,5.9588,6.0038,5.7363,5.8738,209188240,,https://api.nasdaq.com/api/quote/TQQQ/historical?assetclass=etf&fromdate=2016-07-26&todate=2026-07-26&limit=5000
TQQQ,2019-02-08,5.7138,5.9063,5.7,5.9037,144545840,,https://api.nasdaq.com/api/quote/TQQQ/historical?assetclass=etf&fromdate=2016-07-26&todate=2026-07-26&limit=5000
TQQQ,2019-02-11,5.9713,6.0139,5.845,5.89,120089680,,https://api.nasdaq.com/api/quote/TQQQ/historical?assetclass=etf&fromdate=2016-07-26&todate=2026-07-26&limit=5000
TQQQ,2019-02-12,6.0163,6.1738,5.9867,6.145,126827600,,https://api.nasdaq.com/api/quote/TQQQ/historical?assetclass=etf&fromdate=2016-07-26&todate=2026-07-26&limit=5000
TQQQ,2019-02-13,6.2325,6.2852,6.14,6.1575,126923120,,https://api.nasdaq.com/api/quote/TQQQ/historical?assetclass=etf&fromdate=2016-07-26&todate=2026-07-26&limit=5000
TQQQ,2019-02-14,6.0875,6.2438,6.0276,6.18,152846720,,https://api.nasdaq.com/api/quote/TQQQ/historical?assetclass=etf&fromdate=2016-07-26&todate=2026-07-26&limit=5000
TQQQ,2019-02-15,6.3137,6.315,6.17,6.2538,142172880,,https://api.nasdaq.com/api/quote/TQQQ/historical?assetclass=etf&fromdate=2016-07-26&todate=2026-07-26&limit=5000
TQQQ,2019-02-19,6.195,6.3487,6.195,6.2912,103145840,,https://api.nasdaq.com/api/quote/TQQQ/historical?assetclass=etf&fromdate=2016-07-26&todate=2026-07-26&limit=5000
TQQQ,2019-02-20,6.3063,6.3788,6.1867,6.2862,170855680,,https://api.nasdaq.com/api/quote/TQQQ/historical?assetclass=etf&fromdate=2016-07-26&todate=2026-07-26&limit=5000
TQQQ,2019-02-21,6.2337,6.2857,6.1163,6.215,128210320,,https://api.nasdaq.com/api/quote/TQQQ/historical?assetclass=etf&fromdate=2016-07-26&todate=2026-07-26&limit=5000
TQQQ,2019-02-22,6.2575,6.365,6.2462,6.35,119422640,,https://api.nasdaq.com/api/quote/TQQQ/historical?assetclass=etf&fromdate=2016-07-26&todate=2026-07-26&limit=5000
TQQQ,2019-02-25,6.5012,6.5475,6.4075,6.42,123521040,,https://api.nasdaq.com/api/quote/TQQQ/historical?assetclass=etf&fromdate=2016-07-26&todate=2026-07-26&limit=5000
TQQQ,2019-02-26,6.37,6.5,6.34,6.44,104933280,,https://api.nasdaq.com/api/quote/TQQQ/historical?assetclass=etf&fromdate=2016-07-26&todate=2026-07-26&limit=5000
TQQQ,2019-02-27,6.3537,6.4475,6.2237,6.42,115539200,,https://api.nasdaq.com/api/quote/TQQQ/historical?assetclass=etf&fromdate=2016-07-26&todate=2026-07-26&limit=5000
TQQQ,2019-02-28,6.3637,6.4469,6.3254,6.38,91738880,,https://api.nasdaq.com/api/quote/TQQQ/historical?assetclass=etf&fromdate=2016-07-26&todate=2026-07-26&limit=5000
TQQQ,2019-03-01,6.515,6.5362,6.3775,6.5075,140036320,,https://api.nasdaq.com/api/quote/TQQQ/historical?assetclass=etf&fromdate=2016-07-26&todate=2026-07-26&limit=5000
TQQQ,2019-03-04,6.6212,6.6662,6.2938,6.5088,212803360,,https://api.nasdaq.com/api/quote/TQQQ/historical?assetclass=etf&fromdate=2016-07-26&todate=2026-07-26&limit=5000
TQQQ,2019-03-05,6.5225,6.585,6.4275,6.525,98767840,,https://api.nasdaq.com/api/quote/TQQQ/historical?assetclass=etf&fromdate=2016-07-26&todate=2026-07-26&limit=5000
TQQQ,2019-03-06,6.5412,6.5475,6.3825,6.4125,122861200,,https://api.nasdaq.com/api/quote/TQQQ/historical?assetclass=etf&fromdate=2016-07-26&todate=2026-07-26&limit=5000
TQQQ,2019-03-07,6.36,6.3675,6.1037,6.1788,168906960,,https://api.nasdaq.com/api/quote/TQQQ/historical?assetclass=etf&fromdate=2016-07-26&todate=2026-07-26&limit=5000
TQQQ,2019-03-08,5.9675,6.1525,5.945,6.1437,174188720,,https://api.nasdaq.com/api/quote/TQQQ/historical?assetclass=etf&fromdate=2016-07-26&todate=2026-07-26&limit=5000
TQQQ,2019-03-11,6.2162,6.5388,6.2162,6.5275,127302800,,https://api.nasdaq.com/api/quote/TQQQ/historical?assetclass=etf&fromdate=2016-07-26&todate=2026-07-26&limit=5000
TQQQ,2019-03-12,6.5788,6.6837,6.531,6.6338,151354080,,https://api.nasdaq.com/api/quote/TQQQ/historical?assetclass=etf&fromdate=2016-07-26&todate=2026-07-26&limit=5000
TQQQ,2019-03-13,6.7337,6.8863,6.7075,6.7775,144646880,,https://api.nasdaq.com/api/quote/TQQQ/historical?assetclass=etf&fromdate=2016-07-26&todate=2026-07-26&limit=5000
TQQQ,2019-03-14,6.79,6.815,6.7375,6.7475,95210800,,https://api.nasdaq.com/api/quote/TQQQ/historical?assetclass=etf&fromdate=2016-07-26&todate=2026-07-26&limit=5000
TQQQ,2019-03-15,6.8262,6.9925,6.8075,6.915,138682960,,https://api.nasdaq.com/api/quote/TQQQ/historical?assetclass=etf&fromdate=2016-07-26&todate=2026-07-26&limit=5000
TQQQ,2019-03-18,6.9212,7.0425,6.88,6.9775,148471040,,https://api.nasdaq.com/api/quote/TQQQ/historical?assetclass=etf&fromdate=2016-07-26&todate=2026-07-26&limit=5000
TQQQ,2019-03-19,7.0675,7.16,6.9612,7.0475,164076960,,https://api.nasdaq.com/api/quote/TQQQ/historical?assetclass=etf&fromdate=2016-07-26&todate=2026-07-26&limit=5000
TQQQ,2019-03-20,7.0438,7.2562,6.9488,7.1262,183188320,,https://api.nasdaq.com/api/quote/TQQQ/historical?assetclass=etf&fromdate=2016-07-26&todate=2026-07-26&limit=5000
TQQQ,2019-03-21,7.06,7.4872,7.0563,7.4562,151381680,,https://api.nasdaq.com/api/quote/TQQQ/historical?assetclass=etf&fromdate=2016-07-26&todate=2026-07-26&limit=5000
TQQQ,2019-03-22,7.3587,7.4188,6.9425,6.9688,267204800,,https://api.nasdaq.com/api/quote/TQQQ/historical?assetclass=etf&fromdate=2016-07-26&todate=2026-07-26&limit=5000
TQQQ,2019-03-25,6.8825,6.9962,6.7725,6.925,209968960,,https://api.nasdaq.com/api/quote/TQQQ/historical?assetclass=etf&fromdate=2016-07-26&todate=2026-07-26&limit=5000
TQQQ,2019-03-26,7.0862,7.2104,6.9138,7.02,175504400,,https://api.nasdaq.com/api/quote/TQQQ/historical?assetclass=etf&fromdate=2016-07-26&todate=2026-07-26&limit=5000
TQQQ,2019-03-27,7.0488,7.0975,6.7313,6.8825,176507760,,https://api.nasdaq.com/api/quote/TQQQ/historical?assetclass=etf&fromdate=2016-07-26&todate=2026-07-26&limit=5000
TQQQ,2019-03-28,6.9337,7.0038,6.8038,6.9262,127725360,,https://api.nasdaq.com/api/quote/TQQQ/historical?assetclass=etf&fromdate=2016-07-26&todate=2026-07-26&limit=5000
TQQQ,2019-03-29,7.0788,7.1024,6.96,7.0825,126651440,,https://api.nasdaq.com/api/quote/TQQQ/historical?assetclass=etf&fromdate=2016-07-26&todate=2026-07-26&limit=5000
TQQQ,2019-04-01,7.2875,7.3875,7.2125,7.3613,121959760,,https://api.nasdaq.com/api/quote/TQQQ/historical?assetclass=etf&fromdate=2016-07-26&todate=2026-07-26&limit=5000
TQQQ,2019-04-02,7.3863,7.4647,7.3288,7.4425,106395600,,https://api.nasdaq.com/api/quote/TQQQ/historical?assetclass=etf&fromdate=2016-07-26&todate=2026-07-26&limit=5000
TQQQ,2019-04-03,7.5675,7.7112,7.5012,7.5713,151335280,,https://api.nasdaq.com/api/quote/TQQQ/historical?assetclass=etf&fromdate=2016-07-26&todate=2026-07-26&limit=5000
TQQQ,2019-04-04,7.5725,7.6599,7.4288,7.56,143302240,,https://api.nasdaq.com/api/quote/TQQQ/historical?assetclass=etf&fromdate=2016-07-26&todate=2026-07-26&limit=5000
TQQQ,2019-04-05,7.6325,7.6875,7.5975,7.6738,104453040,,https://api.nasdaq.com/api/quote/TQQQ/historical?assetclass=etf&fromdate=2016-07-26&todate=2026-07-26&limit=5000
TQQQ,2019-04-08,7.635,7.7488,7.5451,7.7337,103219200,,https://api.nasdaq.com/api/quote/TQQQ/historical?assetclass=etf&fromdate=2016-07-26&todate=2026-07-26&limit=5000
TQQQ,2019-04-09,7.655,7.7287,7.6,7.6487,103932480,,https://api.nasdaq.com/api/quote/TQQQ/historical?assetclass=etf&fromdate=2016-07-26&todate=2026-07-26&limit=5000
TQQQ,2019-04-10,7.6825,7.7775,7.6531,7.7725,98719120,,https://api.nasdaq.com/api/quote/TQQQ/historical?assetclass=etf&fromdate=2016-07-26&todate=2026-07-26&limit=5000
TQQQ,2019-04-11,7.8012,7.8038,7.67,7.7138,111327760,,https://api.nasdaq.com/api/quote/TQQQ/historical?assetclass=etf&fromdate=2016-07-26&todate=2026-07-26&limit=5000
TQQQ,2019-04-12,7.8125,7.825,7.7162,7.8087,95082560,,https://api.nasdaq.com/api/quote/TQQQ/historical?assetclass=etf&fromdate=2016-07-26&todate=2026-07-26&limit=5000
TQQQ,2019-04-15,7.8087,7.8394,7.6575,7.815,83235840,,https://api.nasdaq.com/api/quote/TQQQ/historical?assetclass=etf&fromdate=2016-07-26&todate=2026-07-26&limit=5000
TQQQ,2019-04-16,7.8937,7.9437,7.8238,7.8913,94095360,,https://api.nasdaq.com/api/quote/TQQQ/historical?assetclass=etf&fromdate=2016-07-26&todate=2026-07-26&limit=5000
TQQQ,2019-04-17,8.045,8.0699,7.9013,7.97,113995680,,https://api.nasdaq.com/api/quote/TQQQ/historical?assetclass=etf&fromdate=2016-07-26&todate=2026-07-26&limit=5000
TQQQ,2019-04-18,8.01,8.0137,7.8587,7.995,91785440,,https://api.nasdaq.com/api/quote/TQQQ/historical?assetclass=etf&fromdate=2016-07-26&todate=2026-07-26&limit=5000
TQQQ,2019-04-22,7.8937,8.0738,7.875,8.0625,75543224,,https://api.nasdaq.com/api/quote/TQQQ/historical?assetclass=etf&fromdate=2016-07-26&todate=2026-07-26&limit=5000
TQQQ,2019-04-23,8.1263,8.4,8.0913,8.3688,104725840,,https://api.nasdaq.com/api/quote/TQQQ/historical?assetclass=etf&fromdate=2016-07-26&todate=2026-07-26&limit=5000
TQQQ,2019-04-24,8.3875,8.4225,8.2837,8.2875,93529280,,https://api.nasdaq.com/api/quote/TQQQ/historical?assetclass=etf&fromdate=2016-07-26&todate=2026-07-26&limit=5000
TQQQ,2019-04-25,8.4712,8.4818,8.2539,8.38,118934240,,https://api.nasdaq.com/api/quote/TQQQ/historical?assetclass=etf&fromdate=2016-07-26&todate=2026-07-26&limit=5000
TQQQ,2019-04-26,8.3513,8.4125,8.1375,8.41,110391680,,https://api.nasdaq.com/api/quote/TQQQ/historical?assetclass=etf&fromdate=2016-07-26&todate=2026-07-26&limit=5000
TQQQ,2019-04-29,8.4075,8.4962,8.3675,8.455,83284720,,https://api.nasdaq.com/api/quote/TQQQ/historical?assetclass=etf&fromdate=2016-07-26&todate=2026-07-26&limit=5000
TQQQ,2019-04-30,8.25,8.3012,8.0838,8.2613,126817040,,https://api.nasdaq.com/api/quote/TQQQ/historical?assetclass=etf&fromdate=2016-07-26&todate=2026-07-26&limit=5000
TQQQ,2019-05-01,8.415,8.4886,8.1575,8.1662,125916320,,https://api.nasdaq.com/api/quote/TQQQ/historical?assetclass=etf&fromdate=2016-07-26&todate=2026-07-26&limit=5000
TQQQ,2019-05-02,8.1687,8.2912,7.906,8.0663,141288480,,https://api.nasdaq.com/api/quote/TQQQ/historical?assetclass=etf&fromdate=2016-07-26&todate=2026-07-26&limit=5000
TQQQ,2019-05-03,8.2675,8.4688,8.2238,8.4462,108889520,,https://api.nasdaq.com/api/quote/TQQQ/historical?assetclass=etf&fromdate=2016-07-26&todate=2026-07-26&limit=5000
TQQQ,2019-05-06,7.9138,8.3275,7.87,8.295,161715520,,https://api.nasdaq.com/api/quote/TQQQ/historical?assetclass=etf&fromdate=2016-07-26&todate=2026-07-26&limit=5000
TQQQ,2019-05-07,8.0262,8.1275,7.5805,7.8125,237529360,,https://api.nasdaq.com/api/quote/TQQQ/historical?assetclass=etf&fromdate=2016-07-26&todate=2026-07-26&limit=5000
TQQQ,2019-05-08,7.7337,7.9238,7.6487,7.7438,161237840,,https://api.nasdaq.com/api/quote/TQQQ/historical?assetclass=etf&fromdate=2016-07-26&todate=2026-07-26&limit=5000
TQQQ,2019-05-09,7.495,7.6988,7.2838,7.6212,220417600,,https://api.nasdaq.com/api/quote/TQQQ/historical?assetclass=etf&fromdate=2016-07-26&todate=2026-07-26&limit=5000
TQQQ,2019-05-10,7.53,7.7538,7.155,7.6425,227858560,,https://api.nasdaq.com/api/quote/TQQQ/historical?assetclass=etf&fromdate=2016-07-26&todate=2026-07-26&limit=5000
TQQQ,2019-05-13,7.06,7.1788,6.7838,6.8525,234920880,,https://api.nasdaq.com/api/quote/TQQQ/historical?assetclass=etf&fromdate=2016-07-26&todate=2026-07-26&limit=5000
TQQQ,2019-05-14,6.9525,7.1975,6.8787,7.0675,140191920,,https://api.nasdaq.com/api/quote/TQQQ/historical?assetclass=etf&fromdate=2016-07-26&todate=2026-07-26&limit=5000
TQQQ,2019-05-15,6.9325,7.4237,6.9238,7.3613,176160400,,https://api.nasdaq.com/api/quote/TQQQ/historical?assetclass=etf&fromdate=2016-07-26&todate=2026-07-26&limit=5000
TQQQ,2019-05-16,7.375,7.7275,7.3507,7.5912,174026080,,https://api.nasdaq.com/api/quote/TQQQ/historical?assetclass=etf&fromdate=2016-07-26&todate=2026-07-26&limit=5000
TQQQ,2019-05-17,7.3613,7.6675,7.3338,7.355,182510160,,https://api.nasdaq.com/api/quote/TQQQ/historical?assetclass=etf&fromdate=2016-07-26&todate=2026-07-26&limit=5000
TQQQ,2019-05-20,7.0475,7.1287,6.9058,6.9863,184368720,,https://api.nasdaq.com/api/quote/TQQQ/historical?assetclass=etf&fromdate=2016-07-26&todate=2026-07-26&limit=5000
TQQQ,2019-05-21,7.1588,7.255,7.0917,7.1963,114486960,,https://api.nasdaq.com/api/quote/TQQQ/historical?assetclass=etf&fromdate=2016-07-26&todate=2026-07-26&limit=5000
TQQQ,2019-05-22,7.0725,7.2225,7.07,7.1025,128912560,,https://api.nasdaq.com/api/quote/TQQQ/historical?assetclass=etf&fromdate=2016-07-26&todate=2026-07-26&limit=5000
TQQQ,2019-05-23,6.8569,6.86,6.6381,6.7675,207681120,,https://api.nasdaq.com/api/quote/TQQQ/historical?assetclass=etf&fromdate=2016-07-26&todate=2026-07-26&limit=5000
TQQQ,2019-05-24,6.8838,6.95,6.735,6.7575,137225760,,https://api.nasdaq.com/api/quote/TQQQ/historical?assetclass=etf&fromdate=2016-07-26&todate=2026-07-26&limit=5000
TQQQ,2019-05-28,6.8175,6.9262,6.6788,6.685,116902960,,https://api.nasdaq.com/api/quote/TQQQ/historical?assetclass=etf&fromdate=2016-07-26&todate=2026-07-26&limit=5000
TQQQ,2019-05-29,6.5613,6.625,6.4075,6.5175,177921280,,https://api.nasdaq.com/api/quote/TQQQ/historical?assetclass=etf&fromdate=2016-07-26&todate=2026-07-26&limit=5000
TQQQ,2019-05-30,6.5663,6.6475,6.48,6.595,136427760,,https://api.nasdaq.com/api/quote/TQQQ/historical?assetclass=etf&fromdate=2016-07-26&todate=2026-07-26&limit=5000
TQQQ,2019-05-31,6.3587,6.4262,6.2675,6.2775,140600720,,https://api.nasdaq.com/api/quote/TQQQ/historical?assetclass=etf&fromdate=2016-07-26&todate=2026-07-26&limit=5000
TQQQ,2019-06-03,6.2275,6.275,5.7663,5.8762,241813120,,https://api.nasdaq.com/api/quote/TQQQ/historical?assetclass=etf&fromdate=2016-07-26&todate=2026-07-26&limit=5000
TQQQ,2019-06-04,6.05,6.36,5.9889,6.3525,163869200,,https://api.nasdaq.com/api/quote/TQQQ/historical?assetclass=etf&fromdate=2016-07-26&todate=2026-07-26&limit=5000
TQQQ,2019-06-05,6.5362,6.54,6.296,6.4925,152317040,,https://api.nasdaq.com/api/quote/TQQQ/historical?assetclass=etf&fromdate=2016-07-26&todate=2026-07-26&limit=5000
TQQQ,2019-06-06,6.525,6.6936,6.4387,6.6425,100302320,,https://api.nasdaq.com/api/quote/TQQQ/historical?assetclass=etf&fromdate=2016-07-26&todate=2026-07-26&limit=5000
TQQQ,2019-06-07,6.75,7.1149,6.7275,7.0213,151548080,,https://api.nasdaq.com/api/quote/TQQQ/historical?assetclass=etf&fromdate=2016-07-26&todate=2026-07-26&limit=5000
TQQQ,2019-06-10,7.17,7.4775,7.17,7.2775,183271840,,https://api.nasdaq.com/api/quote/TQQQ/historical?assetclass=etf&fromdate=2016-07-26&todate=2026-07-26&limit=5000
TQQQ,2019-06-11,7.5075,7.5462,7.2317,7.305,137447200,,https://api.nasdaq.com/api/quote/TQQQ/historical?assetclass=etf&fromdate=2016-07-26&todate=2026-07-26&limit=5000
TQQQ,2019-06-12,7.2413,7.2875,7.1375,7.1813,110176080,,https://api.nasdaq.com/api/quote/TQQQ/historical?assetclass=etf&fromdate=2016-07-26&todate=2026-07-26&limit=5000
TQQQ,2019-06-13,7.2663,7.3537,7.2225,7.2988,98559360,,https://api.nasdaq.com/api/quote/TQQQ/historical?assetclass=etf&fromdate=2016-07-26&todate=2026-07-26&limit=5000
TQQQ,2019-06-14,7.1837,7.2625,7.1238,7.2038,77144872,,https://api.nasdaq.com/api/quote/TQQQ/historical?assetclass=etf&fromdate=2016-07-26&todate=2026-07-26&limit=5000
TQQQ,2019-06-17,7.2488,7.3963,7.23,7.335,75050328,,https://api.nasdaq.com/api/quote/TQQQ/historical?assetclass=etf&fromdate=2016-07-26&todate=2026-07-26&limit=5000
TQQQ,2019-06-18,7.5938,7.8113,7.5388,7.6525,141829520,,https://api.nasdaq.com/api/quote/TQQQ/historical?assetclass=etf&fromdate=2016-07-26&todate=2026-07-26&limit=5000
TQQQ,2019-06-19,7.6913,7.795,7.55,7.7425,136979200,,https://api.nasdaq.com/api/quote/TQQQ/historical?assetclass=etf&fromdate=2016-07-26&todate=2026-07-26&limit=5000
TQQQ,2019-06-20,8.0612,8.0663,7.7787,7.955,119355040,,https://api.nasdaq.com/api/quote/TQQQ/historical?assetclass=etf&fromdate=2016-07-26&todate=2026-07-26&limit=5000
TQQQ,2019-06-21,7.9138,8.0675,7.8686,7.9188,104646640,,https://api.nasdaq.com/api/quote/TQQQ/historical?assetclass=etf&fromdate=2016-07-26&todate=2026-07-26&limit=5000
TQQQ,2019-06-24,7.9612,7.9863,7.9015,7.9162,68938576,,https://api.nasdaq.com/api/quote/TQQQ/historical?assetclass=etf&fromdate=2016-07-26&todate=2026-07-26&limit=5000
TQQQ,2019-06-25,7.8975,7.91,7.4725,7.5113,139623360,,https://api.nasdaq.com/api/quote/TQQQ/historical?assetclass=etf&fromdate=2016-07-26&todate=2026-07-26&limit=5000
TQQQ,2019-06-26,7.6525,7.7975,7.5751,7.6063,94115520,,https://api.nasdaq.com/api/quote/TQQQ/historical?assetclass=etf&fromdate=2016-07-26&todate=2026-07-26&limit=5000
TQQQ,2019-06-27,7.6887,7.7481,7.6313,7.6887,75270040,,https://api.nasdaq.com/api/quote/TQQQ/historical?assetclass=etf&fromdate=2016-07-26&todate=2026-07-26&limit=5000
TQQQ,2019-06-28,7.7475,7.7737,7.6387,7.7213,98932960,,https://api.nasdaq.com/api/quote/TQQQ/historical?assetclass=etf&fromdate=2016-07-26&todate=2026-07-26&limit=5000
TQQQ,2019-07-01,8.1625,8.1937,7.9238,8.0288,145190160,,https://api.nasdaq.com/api/quote/TQQQ/historical?assetclass=etf&fromdate=2016-07-26&todate=2026-07-26&limit=5000
TQQQ,2019-07-02,8.02,8.1263,7.955,8.1263,81248560,,https://api.nasdaq.com/api/quote/TQQQ/historical?assetclass=etf&fromdate=2016-07-26&todate=2026-07-26&limit=5000
TQQQ,2019-07-03,8.1775,8.3063,8.1575,8.3063,67127328,,https://api.nasdaq.com/api/quote/TQQQ/historical?assetclass=etf&fromdate=2016-07-26&todate=2026-07-26&limit=5000
TQQQ,2019-07-05,8.1363,8.2988,8.0388,8.2525,116844880,,https://api.nasdaq.com/api/quote/TQQQ/historical?assetclass=etf&fromdate=2016-07-26&todate=2026-07-26&limit=5000
TQQQ,2019-07-08,8.0988,8.1,7.9775,8.0787,105787040,,https://api.nasdaq.com/api/quote/TQQQ/historical?assetclass=etf&fromdate=2016-07-26&todate=2026-07-26&limit=5000
TQQQ,2019-07-09,7.9588,8.2275,7.9413,8.2,88595040,,https://api.nasdaq.com/api/quote/TQQQ/historical?assetclass=etf&fromdate=2016-07-26&todate=2026-07-26&limit=5000
TQQQ,2019-07-10,8.35,8.5113,8.3,8.4425,154109200,,https://api.nasdaq.com/api/quote/TQQQ/historical?assetclass=etf&fromdate=2016-07-26&todate=2026-07-26&limit=5000
TQQQ,2019-07-11,8.4838,8.5377,8.3387,8.42,127849440,,https://api.nasdaq.com/api/quote/TQQQ/historical?assetclass=etf&fromdate=2016-07-26&todate=2026-07-26&limit=5000
TQQQ,2019-07-12,8.4437,8.5638,8.4219,8.5612,89192480,,https://api.nasdaq.com/api/quote/TQQQ/historical?assetclass=etf&fromdate=2016-07-26&todate=2026-07-26&limit=5000
TQQQ,2019-07-15,8.62,8.6487,8.5512,8.6337,73394280,,https://api.nasdaq.com/api/quote/TQQQ/historical?assetclass=etf&fromdate=2016-07-26&todate=2026-07-26&limit=5000
TQQQ,2019-07-16,8.6062,8.635,8.43,8.5113,111992000,,https://api.nasdaq.com/api/quote/TQQQ/historical?assetclass=etf&fromdate=2016-07-26&todate=2026-07-26&limit=5000
TQQQ,2019-07-17,8.515,8.5538,8.38,8.385,92507760,,https://api.nasdaq.com/api/quote/TQQQ/historical?assetclass=etf&fromdate=2016-07-26&todate=2026-07-26&limit=5000
TQQQ,2019-07-18,8.2613,8.4572,8.1788,8.4213,136268000,,https://api.nasdaq.com/api/quote/TQQQ/historical?assetclass=etf&fromdate=2016-07-26&todate=2026-07-26&limit=5000
TQQQ,2019-07-19,8.5875,8.588,8.1962,8.2175,140779120,,https://api.nasdaq.com/api/quote/TQQQ/historical?assetclass=etf&fromdate=2016-07-26&todate=2026-07-26&limit=5000
TQQQ,2019-07-22,8.28,8.4663,8.2775,8.4113,95496320,,https://api.nasdaq.com/api/quote/TQQQ/historical?assetclass=etf&fromdate=2016-07-26&todate=2026-07-26&limit=5000
TQQQ,2019-07-23,8.5512,8.5775,8.3801,8.5738,116049840,,https://api.nasdaq.com/api/quote/TQQQ/historical?assetclass=etf&fromdate=2016-07-26&todate=2026-07-26&limit=5000
TQQQ,2019-07-24,8.48,8.7562,8.475,8.7562,109244880,,https://api.nasdaq.com/api/quote/TQQQ/historical?assetclass=etf&fromdate=2016-07-26&todate=2026-07-26&limit=5000
TQQQ,2019-07-25,8.6675,8.6687,8.455,8.5062,150074880,,https://api.nasdaq.com/api/quote/TQQQ/historical?assetclass=etf&fromdate=2016-07-26&todate=2026-07-26&limit=5000
TQQQ,2019-07-26,8.6625,8.7988,8.6525,8.7587,111478400,,https://api.nasdaq.com/api/quote/TQQQ/historical?assetclass=etf&fromdate=2016-07-26&todate=2026-07-26&limit=5000
TQQQ,2019-07-29,8.745,8.745,8.5087,8.6775,113275520,,https://api.nasdaq.com/api/quote/TQQQ/historical?assetclass=etf&fromdate=2016-07-26&todate=2026-07-26&limit=5000
TQQQ,2019-07-30,8.4775,8.66,8.4575,8.5612,111503680,,https://api.nasdaq.com/api/quote/TQQQ/historical?assetclass=etf&fromdate=2016-07-26&todate=2026-07-26&limit=5000
TQQQ,2019-07-31,8.6288,8.6438,7.9625,8.2,196340560,,https://api.nasdaq.com/api/quote/TQQQ/historical?assetclass=etf&fromdate=2016-07-26&todate=2026-07-26&limit=5000
TQQQ,2019-08-01,8.245,8.7,7.955,8.085,298384480,,https://api.nasdaq.com/api/quote/TQQQ/historical?assetclass=etf&fromdate=2016-07-26&todate=2026-07-26&limit=5000
TQQQ,2019-08-02,7.9,7.9288,7.5751,7.715,246920080,,https://api.nasdaq.com/api/quote/TQQQ/historical?assetclass=etf&fromdate=2016-07-26&todate=2026-07-26&limit=5000
TQQQ,2019-08-05,7.2425,7.2425,6.71,6.905,302485200,,https://api.nasdaq.com/api/quote/TQQQ/historical?assetclass=etf&fromdate=2016-07-26&todate=2026-07-26&limit=5000
TQQQ,2019-08-06,7.09,7.2475,6.9375,7.1887,213540560,,https://api.nasdaq.com/api/quote/TQQQ/historical?assetclass=etf&fromdate=2016-07-26&todate=2026-07-26&limit=5000
TQQQ,2019-08-07,6.9512,7.3288,6.7875,7.2938,307908960,,https://api.nasdaq.com/api/quote/TQQQ/historical?assetclass=etf&fromdate=2016-07-26&todate=2026-07-26&limit=5000
TQQQ,2019-08-08,7.405,7.7787,7.3362,7.7763,219055680,,https://api.nasdaq.com/api/quote/TQQQ/historical?assetclass=etf&fromdate=2016-07-26&todate=2026-07-26&limit=5000
TQQQ,2019-08-09,7.6575,7.74,7.3712,7.5462,221366800,,https://api.nasdaq.com/api/quote/TQQQ/historical?assetclass=etf&fromdate=2016-07-26&todate=2026-07-26&limit=5000
TQQQ,2019-08-12,7.41,7.4787,7.19,7.2938,213311520,,https://api.nasdaq.com/api/quote/TQQQ/historical?assetclass=etf&fromdate=2016-07-26&todate=2026-07-26&limit=5000
TQQQ,2019-08-13,7.28,7.9238,7.2496,7.7725,240456000,,https://api.nasdaq.com/api/quote/TQQQ/historical?assetclass=etf&fromdate=2016-07-26&todate=2026-07-26&limit=5000
TQQQ,2019-08-14,7.3937,7.4675,7.0325,7.0762,304930640,,https://api.nasdaq.com/api/quote/TQQQ/historical?assetclass=etf&fromdate=2016-07-26&todate=2026-07-26&limit=5000
TQQQ,2019-08-15,7.1125,7.1644,6.8838,7.0462,210845920,,https://api.nasdaq.com/api/quote/TQQQ/historical?assetclass=etf&fromdate=2016-07-26&todate=2026-07-26&limit=5000
TQQQ,2019-08-16,7.2225,7.436,7.2225,7.3712,164896240,,https://api.nasdaq.com/api/quote/TQQQ/historical?assetclass=etf&fromdate=2016-07-26&todate=2026-07-26&limit=5000
TQQQ,2019-08-19,7.6837,7.78,7.6212,7.7162,120362640,,https://api.nasdaq.com/api/quote/TQQQ/historical?assetclass=etf&fromdate=2016-07-26&todate=2026-07-26&limit=5000
TQQQ,2019-08-20,7.6762,7.7562,7.5512,7.5575,125672880,,https://api.nasdaq.com/api/quote/TQQQ/historical?assetclass=etf&fromdate=2016-07-26&todate=2026-07-26&limit=5000
TQQQ,2019-08-21,7.7538,7.824,7.6716,7.75,101961520,,https://api.nasdaq.com/api/quote/TQQQ/historical?assetclass=etf&fromdate=2016-07-26&todate=2026-07-26&limit=5000
TQQQ,2019-08-22,7.795,7.8489,7.4913,7.675,153231440,,https://api.nasdaq.com/api/quote/TQQQ/historical?assetclass=etf&fromdate=2016-07-26&todate=2026-07-26&limit=5000
TQQQ,2019-08-23,7.5163,7.725,6.885,6.9725,302813520,,https://api.nasdaq.com/api/quote/TQQQ/historical?assetclass=etf&fromdate=2016-07-26&todate=2026-07-26&limit=5000
TQQQ,2019-08-26,7.1863,7.2575,7.0575,7.255,146891920,,https://api.nasdaq.com/api/quote/TQQQ/historical?assetclass=etf&fromdate=2016-07-26&todate=2026-07-26&limit=5000
TQQQ,2019-08-27,7.4063,7.445,7.125,7.2112,155128240,,https://api.nasdaq.com/api/quote/TQQQ/historical?assetclass=etf&fromdate=2016-07-26&todate=2026-07-26&limit=5000
TQQQ,2019-08-28,7.1387,7.3213,7.0317,7.2838,128061840,,https://api.nasdaq.com/api/quote/TQQQ/historical?assetclass=etf&fromdate=2016-07-26&todate=2026-07-26&limit=5000
TQQQ,2019-08-29,7.5525,7.6789,7.4675,7.615,142078560,,https://api.nasdaq.com/api/quote/TQQQ/historical?assetclass=etf&fromdate=2016-07-26&todate=2026-07-26&limit=5000
TQQQ,2019-08-30,7.7399,7.7417,7.4325,7.5613,136254320,,https://api.nasdaq.com/api/quote/TQQQ/historical?assetclass=etf&fromdate=2016-07-26&todate=2026-07-26&limit=5000
TQQQ,2019-09-03,7.4112,7.5225,7.2639,7.3412,129223600,,https://api.nasdaq.com/api/quote/TQQQ/historical?assetclass=etf&fromdate=2016-07-26&todate=2026-07-26&limit=5000
TQQQ,2019-09-04,7.5475,7.6712,7.49,7.65,100864080,,https://api.nasdaq.com/api/quote/TQQQ/historical?assetclass=etf&fromdate=2016-07-26&todate=2026-07-26&limit=5000
TQQQ,2019-09-05,7.9025,8.1387,7.8905,8.0725,127101680,,https://api.nasdaq.com/api/quote/TQQQ/historical?assetclass=etf&fromdate=2016-07-26&todate=2026-07-26&limit=5000
TQQQ,2019-09-06,8.1062,8.12,7.995,8.05,115038400,,https://api.nasdaq.com/api/quote/TQQQ/historical?assetclass=etf&fromdate=2016-07-26&todate=2026-07-26&limit=5000
TQQQ,2019-09-09,8.1212,8.1337,7.8712,7.9988,112312880,,https://api.nasdaq.com/api/quote/TQQQ/historical?assetclass=etf&fromdate=2016-07-26&todate=2026-07-26&limit=5000
TQQQ,2019-09-10,7.8675,7.935,7.71,7.9325,136765600,,https://api.nasdaq.com/api/quote/TQQQ/historical?assetclass=etf&fromdate=2016-07-26&todate=2026-07-26&limit=5000
TQQQ,2019-09-11,7.9688,8.1613,7.9162,8.1463,111400640,,https://api.nasdaq.com/api/quote/TQQQ/historical?assetclass=etf&fromdate=2016-07-26&todate=2026-07-26&limit=5000
TQQQ,2019-09-12,8.2975,8.435,8.2112,8.2475,139930960,,https://api.nasdaq.com/api/quote/TQQQ/historical?assetclass=etf&fromdate=2016-07-26&todate=2026-07-26&limit=5000
TQQQ,2019-09-13,8.2125,8.2675,8.125,8.16,107610160,,https://api.nasdaq.com/api/quote/TQQQ/historical?assetclass=etf&fromdate=2016-07-26&todate=2026-07-26&limit=5000
TQQQ,2019-09-16,7.9988,8.0969,7.975,8.0475,97123680,,https://api.nasdaq.com/api/quote/TQQQ/historical?assetclass=etf&fromdate=2016-07-26&todate=2026-07-26&limit=5000
TQQQ,2019-09-17,8.045,8.1613,7.9975,8.1538,91343760,,https://api.nasdaq.com/api/quote/TQQQ/historical?assetclass=etf&fromdate=2016-07-26&todate=2026-07-26&limit=5000
TQQQ,2019-09-18,8.1075,8.1587,7.8438,8.1487,142741200,,https://api.nasdaq.com/api/quote/TQQQ/historical?assetclass=etf&fromdate=2016-07-26&todate=2026-07-26&limit=5000
TQQQ,2019-09-19,8.1906,8.3367,8.1375,8.185,133304560,,https://api.nasdaq.com/api/quote/TQQQ/historical?assetclass=etf&fromdate=2016-07-26&todate=2026-07-26&limit=5000
TQQQ,2019-09-20,8.22,8.2438,7.8425,7.9275,124387440,,https://api.nasdaq.com/api/quote/TQQQ/historical?assetclass=etf&fromdate=2016-07-26&todate=2026-07-26&limit=5000
TQQQ,2019-09-23,7.91,8.005,7.8375,7.935,91800480,,https://api.nasdaq.com/api/quote/TQQQ/historical?assetclass=etf&fromdate=2016-07-26&todate=2026-07-26&limit=5000
TQQQ,2019-09-24,8.0437,8.0925,7.5175,7.6212,205767760,,https://api.nasdaq.com/api/quote/TQQQ/historical?assetclass=etf&fromdate=2016-07-26&todate=2026-07-26&limit=5000
TQQQ,2019-09-25,7.595,7.93,7.4037,7.865,153711360,,https://api.nasdaq.com/api/quote/TQQQ/historical?assetclass=etf&fromdate=2016-07-26&todate=2026-07-26&limit=5000
TQQQ,2019-09-26,7.8412,7.8575,7.6075,7.7862,137225280,,https://api.nasdaq.com/api/quote/TQQQ/historical?assetclass=etf&fromdate=2016-07-26&todate=2026-07-26&limit=5000
TQQQ,2019-09-27,7.8187,7.8316,7.3331,7.5038,188658880,,https://api.nasdaq.com/api/quote/TQQQ/historical?assetclass=etf&fromdate=2016-07-26&todate=2026-07-26&limit=5000
TQQQ,2019-09-30,7.575,7.74,7.535,7.7038,118849600,,https://api.nasdaq.com/api/quote/TQQQ/historical?assetclass=etf&fromdate=2016-07-26&todate=2026-07-26&limit=5000
TQQQ,2019-10-01,7.79,7.9188,7.4775,7.5175,159715120,,https://api.nasdaq.com/api/quote/TQQQ/historical?assetclass=etf&fromdate=2016-07-26&todate=2026-07-26&limit=5000
TQQQ,2019-10-02,7.3663,7.3663,7.0025,7.1325,272048160,,https://api.nasdaq.com/api/quote/TQQQ/historical?assetclass=etf&fromdate=2016-07-26&todate=2026-07-26&limit=5000
TQQQ,2019-10-03,7.1275,7.3707,6.8637,7.3675,241432000,,https://api.nasdaq.com/api/quote/TQQQ/historical?assetclass=etf&fromdate=2016-07-26&todate=2026-07-26&limit=5000
TQQQ,2019-10-04,7.4638,7.71,7.4488,7.6775,170850640,,https://api.nasdaq.com/api/quote/TQQQ/historical?assetclass=etf&fromdate=2016-07-26&todate=2026-07-26&limit=5000
TQQQ,2019-10-07,7.6075,7.7912,7.5671,7.6063,163187280,,https://api.nasdaq.com/api/quote/TQQQ/historical?assetclass=etf&fromdate=2016-07-26&todate=2026-07-26&limit=5000
TQQQ,2019-10-08,7.455,7.56,7.25,7.26,236775920,,https://api.nasdaq.com/api/quote/TQQQ/historical?assetclass=etf&fromdate=2016-07-26&todate=2026-07-26&limit=5000
TQQQ,2019-10-09,7.45,7.5762,7.3825,7.48,156942400,,https://api.nasdaq.com/api/quote/TQQQ/historical?assetclass=etf&fromdate=2016-07-26&todate=2026-07-26&limit=5000
TQQQ,2019-10-10,7.4813,7.7337,7.46,7.6437,180159600,,https://api.nasdaq.com/api/quote/TQQQ/historical?assetclass=etf&fromdate=2016-07-26&todate=2026-07-26&limit=5000
TQQQ,2019-10-11,7.9025,8.125,7.8925,7.93,223434560,,https://api.nasdaq.com/api/quote/TQQQ/historical?assetclass=etf&fromdate=2016-07-26&todate=2026-07-26&limit=5000
TQQQ,2019-10-14,7.9063,8.0137,7.8825,7.9387,92828320,,https://api.nasdaq.com/api/quote/TQQQ/historical?assetclass=etf&fromdate=2016-07-26&todate=2026-07-26&limit=5000
TQQQ,2019-10-15,8.01,8.2937,7.9962,8.24,141793040,,https://api.nasdaq.com/api/quote/TQQQ/historical?assetclass=etf&fromdate=2016-07-26&todate=2026-07-26&limit=5000
TQQQ,2019-10-16,8.1526,8.2387,8.0988,8.1788,118639120,,https://api.nasdaq.com/api/quote/TQQQ/historical?assetclass=etf&fromdate=2016-07-26&todate=2026-07-26&limit=5000
TQQQ,2019-10-17,8.32,8.3575,8.1425,8.235,122217280,,https://api.nasdaq.com/api/quote/TQQQ/historical?assetclass=etf&fromdate=2016-07-26&todate=2026-07-26&limit=5000
TQQQ,2019-10-18,8.2025,8.2538,7.8738,7.9988,154572240,,https://api.nasdaq.com/api/quote/TQQQ/historical?assetclass=etf&fromdate=2016-07-26&todate=2026-07-26&limit=5000
TQQQ,2019-10-21,8.1286,8.2275,8.0538,8.21,94676640,,https://api.nasdaq.com/api/quote/TQQQ/historical?assetclass=etf&fromdate=2016-07-26&todate=2026-07-26&limit=5000
TQQQ,2019-10-22,8.295,8.3413,8.0094,8.02,126637200,,https://api.nasdaq.com/api/quote/TQQQ/historical?assetclass=etf&fromdate=2016-07-26&todate=2026-07-26&limit=5000
TQQQ,2019-10-23,7.9638,8.0635,7.925,8.0575,98701760,,https://api.nasdaq.com/api/quote/TQQQ/historical?assetclass=etf&fromdate=2016-07-26&todate=2026-07-26&limit=5000
TQQQ,2019-10-24,8.2338,8.3044,8.1206,8.2888,124615360,,https://api.nasdaq.com/api/quote/TQQQ/historical?assetclass=etf&fromdate=2016-07-26&todate=2026-07-26&limit=5000
TQQQ,2019-10-25,8.1613,8.4987,8.1563,8.4775,129177440,,https://api.nasdaq.com/api/quote/TQQQ/historical?assetclass=etf&fromdate=2016-07-26&todate=2026-07-26&limit=5000
TQQQ,2019-10-28,8.6075,8.7713,8.6075,8.7363,111595680,,https://api.nasdaq.com/api/quote/TQQQ/historical?assetclass=etf&fromdate=2016-07-26&todate=2026-07-26&limit=5000
TQQQ,2019-10-29,8.6937,8.7312,8.5288,8.535,107028320,,https://api.nasdaq.com/api/quote/TQQQ/historical?assetclass=etf&fromdate=2016-07-26&todate=2026-07-26&limit=5000
TQQQ,2019-10-30,8.58,8.6975,8.4337,8.655,118984640,,https://api.nasdaq.com/api/quote/TQQQ/historical?assetclass=etf&fromdate=2016-07-26&todate=2026-07-26&limit=5000
TQQQ,2019-10-31,8.7212,8.74,8.5137,8.6613,123296240,,https://api.nasdaq.com/api/quote/TQQQ/historical?assetclass=etf&fromdate=2016-07-26&todate=2026-07-26&limit=5000
TQQQ,2019-11-01,8.7762,8.8987,8.7356,8.8963,115052800,,https://api.nasdaq.com/api/quote/TQQQ/historical?assetclass=etf&fromdate=2016-07-26&todate=2026-07-26&limit=5000
TQQQ,2019-11-04,9.0762,9.1212,9.015,9.055,99926720,,https://api.nasdaq.com/api/quote/TQQQ/historical?assetclass=etf&fromdate=2016-07-26&todate=2026-07-26&limit=5000
TQQQ,2019-11-05,9.0962,9.1225,8.9863,9.0663,103230000,,https://api.nasdaq.com/api/quote/TQQQ/historical?assetclass=etf&fromdate=2016-07-26&todate=2026-07-26&limit=5000
TQQQ,2019-11-06,9.0437,9.0479,8.8812,9.0087,115329440,,https://api.nasdaq.com/api/quote/TQQQ/historical?assetclass=etf&fromdate=2016-07-26&todate=2026-07-26&limit=5000
TQQQ,2019-11-07,9.1512,9.275,9.0213,9.1,125718960,,https://api.nasdaq.com/api/quote/TQQQ/historical?assetclass=etf&fromdate=2016-07-26&todate=2026-07-26&limit=5000
TQQQ,2019-11-08,9.0463,9.2112,8.9787,9.2075,81637440,,https://api.nasdaq.com/api/quote/TQQQ/historical?assetclass=etf&fromdate=2016-07-26&todate=2026-07-26&limit=5000
TQQQ,2019-11-11,9.0712,9.1825,9.031,9.1687,76272376,,https://api.nasdaq.com/api/quote/TQQQ/historical?assetclass=etf&fromdate=2016-07-26&todate=2026-07-26&limit=5000
TQQQ,2019-11-12,9.19,9.34,9.15,9.2438,128691680,,https://api.nasdaq.com/api/quote/TQQQ/historical?assetclass=etf&fromdate=2016-07-26&todate=2026-07-26&limit=5000
TQQQ,2019-11-13,9.1538,9.2788,9.1325,9.23,112740480,,https://api.nasdaq.com/api/quote/TQQQ/historical?assetclass=etf&fromdate=2016-07-26&todate=2026-07-26&limit=5000
TQQQ,2019-11-14,9.1487,9.2462,9.0638,9.2275,108000320,,https://api.nasdaq.com/api/quote/TQQQ/historical?assetclass=etf&fromdate=2016-07-26&todate=2026-07-26&limit=5000
TQQQ,2019-11-15,9.3887,9.4175,9.3075,9.4012,90647360,,https://api.nasdaq.com/api/quote/TQQQ/historical?assetclass=etf&fromdate=2016-07-26&todate=2026-07-26&limit=5000
TQQQ,2019-11-18,9.3887,9.4975,9.2725,9.45,96991120,,https://api.nasdaq.com/api/quote/TQQQ/historical?assetclass=etf&fromdate=2016-07-26&todate=2026-07-26&limit=5000
TQQQ,2019-11-19,9.5587,9.5587,9.3863,9.4887,112418480,,https://api.nasdaq.com/api/quote/TQQQ/historical?assetclass=etf&fromdate=2016-07-26&todate=2026-07-26&limit=5000
TQQQ,2019-11-20,9.4187,9.5038,9.1025,9.3225,151227200,,https://api.nasdaq.com/api/quote/TQQQ/historical?assetclass=etf&fromdate=2016-07-26&todate=2026-07-26&limit=5000
TQQQ,2019-11-21,9.29,9.3063,9.1687,9.25,90659360,,https://api.nasdaq.com/api/quote/TQQQ/historical?assetclass=etf&fromdate=2016-07-26&todate=2026-07-26&limit=5000
TQQQ,2019-11-22,9.32,9.3387,9.1212,9.275,83668320,,https://api.nasdaq.com/api/quote/TQQQ/historical?assetclass=etf&fromdate=2016-07-26&todate=2026-07-26&limit=5000
TQQQ,2019-11-25,9.39,9.6025,9.3875,9.5962,80841280,,https://api.nasdaq.com/api/quote/TQQQ/historical?assetclass=etf&fromdate=2016-07-26&todate=2026-07-26&limit=5000
TQQQ,2019-11-26,9.6137,9.6893,9.575,9.6538,84063120,,https://api.nasdaq.com/api/quote/TQQQ/historical?assetclass=etf&fromdate=2016-07-26&todate=2026-07-26&limit=5000
TQQQ,2019-11-27,9.7225,9.8525,9.69,9.8488,82564560,,https://api.nasdaq.com/api/quote/TQQQ/historical?assetclass=etf&fromdate=2016-07-26&todate=2026-07-26&limit=5000
TQQQ,2019-11-29,9.7762,9.8212,9.7,9.7175,53796104,,https://api.nasdaq.com/api/quote/TQQQ/historical?assetclass=etf&fromdate=2016-07-26&todate=2026-07-26&limit=5000
TQQQ,2019-12-02,9.7175,9.7238,9.2538,9.405,152688880,,https://api.nasdaq.com/api/quote/TQQQ/historical?assetclass=etf&fromdate=2016-07-26&todate=2026-07-26&limit=5000
TQQQ,2019-12-03,9.0375,9.2037,8.8887,9.1937,157142160,,https://api.nasdaq.com/api/quote/TQQQ/historical?assetclass=etf&fromdate=2016-07-26&todate=2026-07-26&limit=5000
TQQQ,2019-12-04,9.3362,9.3968,9.2925,9.33,88222720,,https://api.nasdaq.com/api/quote/TQQQ/historical?assetclass=etf&fromdate=2016-07-26&todate=2026-07-26&limit=5000
TQQQ,2019-12-05,9.4275,9.4288,9.2469,9.3788,89708640,,https://api.nasdaq.com/api/quote/TQQQ/historical?assetclass=etf&fromdate=2016-07-26&todate=2026-07-26&limit=5000
TQQQ,2019-12-06,9.585,9.7025,9.5675,9.6687,93027360,,https://api.nasdaq.com/api/quote/TQQQ/historical?assetclass=etf&fromdate=2016-07-26&todate=2026-07-26&limit=5000
TQQQ,2019-12-09,9.6363,9.7662,9.5394,9.55,78243488,,https://api.nasdaq.com/api/quote/TQQQ/historical?assetclass=etf&fromdate=2016-07-26&todate=2026-07-26&limit=5000
TQQQ,2019-12-10,9.5563,9.66,9.46,9.5288,112386240,,https://api.nasdaq.com/api/quote/TQQQ/historical?assetclass=etf&fromdate=2016-07-26&todate=2026-07-26&limit=5000
TQQQ,2019-12-11,9.585,9.7037,9.545,9.6725,91367360,,https://api.nasdaq.com/api/quote/TQQQ/historical?assetclass=etf&fromdate=2016-07-26&todate=2026-07-26&limit=5000
TQQQ,2019-12-12,9.6412,10,9.6025,9.8938,184038400,,https://api.nasdaq.com/api/quote/TQQQ/historical?assetclass=etf&fromdate=2016-07-26&todate=2026-07-26&limit=5000
TQQQ,2019-12-13,9.87,10.09,9.8075,9.9825,161067760,,https://api.nasdaq.com/api/quote/TQQQ/historical?assetclass=etf&fromdate=2016-07-26&todate=2026-07-26&limit=5000
TQQQ,2019-12-16,10.1775,10.3212,10.17,10.2688,99907200,,https://api.nasdaq.com/api/quote/TQQQ/historical?assetclass=etf&fromdate=2016-07-26&todate=2026-07-26&limit=5000
TQQQ,2019-12-17,10.3212,10.3488,10.25,10.2825,84683600,,https://api.nasdaq.com/api/quote/TQQQ/historical?assetclass=etf&fromdate=2016-07-26&todate=2026-07-26&limit=5000
TQQQ,2019-12-18,10.3306,10.41,10.2925,10.3063,71709848,,https://api.nasdaq.com/api/quote/TQQQ/historical?assetclass=etf&fromdate=2016-07-26&todate=2026-07-26&limit=5000
TQQQ,2019-12-19,10.3325,10.5225,10.3325,10.5162,83550800,,https://api.nasdaq.com/api/quote/TQQQ/historical?assetclass=etf&fromdate=2016-07-26&todate=2026-07-26&limit=5000
TQQQ,2019-12-20,10.6538,10.69,10.575,10.6412,99682400,,https://api.nasdaq.com/api/quote/TQQQ/historical?assetclass=etf&fromdate=2016-07-26&todate=2026-07-26&limit=5000
TQQQ,2019-12-23,10.7525,10.7726,10.6962,10.72,72555016,,https://api.nasdaq.com/api/quote/TQQQ/historical?assetclass=etf&fromdate=2016-07-26&todate=2026-07-26&limit=5000
TQQQ,2019-12-24,10.7438,10.7587,10.6563,10.73,39898728,,https://api.nasdaq.com/api/quote/TQQQ/historical?assetclass=etf&fromdate=2016-07-26&todate=2026-07-26&limit=5000
TQQQ,2019-12-26,10.7788,11.0138,10.7781,11.0087,64775352,,https://api.nasdaq.com/api/quote/TQQQ/historical?assetclass=etf&fromdate=2016-07-26&todate=2026-07-26&limit=5000
TQQQ,2019-12-27,11.1263,11.1325,10.8938,10.9763,99870080,,https://api.nasdaq.com/api/quote/TQQQ/historical?assetclass=etf&fromdate=2016-07-26&todate=2026-07-26&limit=5000
TQQQ,2019-12-30,10.9663,10.9825,10.6,10.7575,113138720,,https://api.nasdaq.com/api/quote/TQQQ/historical?assetclass=etf&fromdate=2016-07-26&todate=2026-07-26&limit=5000
TQQQ,2019-12-31,10.6625,10.845,10.6075,10.8188,84425920,,https://api.nasdaq.com/api/quote/TQQQ/historical?assetclass=etf&fromdate=2016-07-26&todate=2026-07-26&limit=5000
TQQQ,2020-01-02,11.0887,11.355,11.0275,11.355,131433920,,https://api.nasdaq.com/api/quote/TQQQ/historical?assetclass=etf&fromdate=2016-07-26&todate=2026-07-26&limit=5000
TQQQ,2020-01-03,10.9113,11.25,10.905,11.0463,145320240,,https://api.nasdaq.com/api/quote/TQQQ/historical?assetclass=etf&fromdate=2016-07-26&todate=2026-07-26&limit=5000
TQQQ,2020-01-06,10.7838,11.26,10.7438,11.2563,128774240,,https://api.nasdaq.com/api/quote/TQQQ/historical?assetclass=etf&fromdate=2016-07-26&todate=2026-07-26&limit=5000
TQQQ,2020-01-07,11.2675,11.3475,11.145,11.2425,115060240,,https://api.nasdaq.com/api/quote/TQQQ/historical?assetclass=etf&fromdate=2016-07-26&todate=2026-07-26&limit=5000
TQQQ,2020-01-08,11.245,11.66,11.1913,11.5013,160250640,,https://api.nasdaq.com/api/quote/TQQQ/historical?assetclass=etf&fromdate=2016-07-26&todate=2026-07-26&limit=5000
TQQQ,2020-01-09,11.7788,11.8575,11.59,11.7913,146381760,,https://api.nasdaq.com/api/quote/TQQQ/historical?assetclass=etf&fromdate=2016-07-26&todate=2026-07-26&limit=5000
TQQQ,2020-01-10,11.9238,11.9338,11.6412,11.695,137755840,,https://api.nasdaq.com/api/quote/TQQQ/historical?assetclass=etf&fromdate=2016-07-26&todate=2026-07-26&limit=5000
TQQQ,2020-01-13,11.8413,12.11,11.7888,12.1038,117286640,,https://api.nasdaq.com/api/quote/TQQQ/historical?assetclass=etf&fromdate=2016-07-26&todate=2026-07-26&limit=5000
TQQQ,2020-01-14,12.0725,12.1438,11.9025,11.9625,146718960,,https://api.nasdaq.com/api/quote/TQQQ/historical?assetclass=etf&fromdate=2016-07-26&todate=2026-07-26&limit=5000
TQQQ,2020-01-15,11.9725,12.1412,11.8525,11.97,133002880,,https://api.nasdaq.com/api/quote/TQQQ/historical?assetclass=etf&fromdate=2016-07-26&todate=2026-07-26&limit=5000
TQQQ,2020-01-16,12.1388,12.3112,12.0663,12.3038,121100560,,https://api.nasdaq.com/api/quote/TQQQ/historical?assetclass=etf&fromdate=2016-07-26&todate=2026-07-26&limit=5000
TQQQ,2020-01-17,12.4637,12.5172,12.2825,12.4875,144402560,,https://api.nasdaq.com/api/quote/TQQQ/historical?assetclass=etf&fromdate=2016-07-26&todate=2026-07-26&limit=5000
TQQQ,2020-01-21,12.3788,12.5638,12.37,12.4812,138882080,,https://api.nasdaq.com/api/quote/TQQQ/historical?assetclass=etf&fromdate=2016-07-26&todate=2026-07-26&limit=5000
TQQQ,2020-01-22,12.6538,12.7863,12.5225,12.5663,136148560,,https://api.nasdaq.com/api/quote/TQQQ/historical?assetclass=etf&fromdate=2016-07-26&todate=2026-07-26&limit=5000
TQQQ,2020-01-23,12.5413,12.6988,12.3713,12.6825,143588560,,https://api.nasdaq.com/api/quote/TQQQ/historical?assetclass=etf&fromdate=2016-07-26&todate=2026-07-26&limit=5000
TQQQ,2020-01-24,12.8625,12.9012,12.1888,12.3538,239374480,,https://api.nasdaq.com/api/quote/TQQQ/historical?assetclass=etf&fromdate=2016-07-26&todate=2026-07-26&limit=5000
TQQQ,2020-01-27,11.5313,11.7931,11.2725,11.59,198626160,,https://api.nasdaq.com/api/quote/TQQQ/historical?assetclass=etf&fromdate=2016-07-26&todate=2026-07-26&limit=5000
TQQQ,2020-01-28,11.8313,12.2088,11.7475,12.1288,171862080,,https://api.nasdaq.com/api/quote/TQQQ/historical?assetclass=etf&fromdate=2016-07-26&todate=2026-07-26&limit=5000
TQQQ,2020-01-29,12.3281,12.37,12.0225,12.1725,138571120,,https://api.nasdaq.com/api/quote/TQQQ/historical?assetclass=etf&fromdate=2016-07-26&todate=2026-07-26&limit=5000
TQQQ,2020-01-30,11.95,12.325,11.8313,12.31,200249360,,https://api.nasdaq.com/api/quote/TQQQ/historical?assetclass=etf&fromdate=2016-07-26&todate=2026-07-26&limit=5000
TQQQ,2020-01-31,12.46,12.4688,11.5931,11.705,220384000,,https://api.nasdaq.com/api/quote/TQQQ/historical?assetclass=etf&fromdate=2016-07-26&todate=2026-07-26&limit=5000
TQQQ,2020-02-03,11.8888,12.3325,11.8663,12.2425,174185040,,https://api.nasdaq.com/api/quote/TQQQ/historical?assetclass=etf&fromdate=2016-07-26&todate=2026-07-26&limit=5000
TQQQ,2020-02-04,12.75,13.1563,12.6275,13.0787,140249200,,https://api.nasdaq.com/api/quote/TQQQ/historical?assetclass=etf&fromdate=2016-07-26&todate=2026-07-26&limit=5000
TQQQ,2020-02-05,13.57,13.5725,12.9863,13.23,174611920,,https://api.nasdaq.com/api/quote/TQQQ/historical?assetclass=etf&fromdate=2016-07-26&todate=2026-07-26&limit=5000
TQQQ,2020-02-06,13.3138,13.5675,13.1763,13.5525,113133120,,https://api.nasdaq.com/api/quote/TQQQ/historical?assetclass=etf&fromdate=2016-07-26&todate=2026-07-26&limit=5000
TQQQ,2020-02-07,13.3725,13.6013,13.265,13.3775,154051840,,https://api.nasdaq.com/api/quote/TQQQ/historical?assetclass=etf&fromdate=2016-07-26&todate=2026-07-26&limit=5000
TQQQ,2020-02-10,13.2475,13.8638,13.2375,13.86,123249040,,https://api.nasdaq.com/api/quote/TQQQ/historical?assetclass=etf&fromdate=2016-07-26&todate=2026-07-26&limit=5000
TQQQ,2020-02-11,14.0875,14.2338,13.76,13.87,193770240,,https://api.nasdaq.com/api/quote/TQQQ/historical?assetclass=etf&fromdate=2016-07-26&todate=2026-07-26&limit=5000
TQQQ,2020-02-12,14.1113,14.2937,14.0125,14.2762,121607760,,https://api.nasdaq.com/api/quote/TQQQ/historical?assetclass=etf&fromdate=2016-07-26&todate=2026-07-26&limit=5000
TQQQ,2020-02-13,13.9738,14.3875,13.9225,14.2213,155282320,,https://api.nasdaq.com/api/quote/TQQQ/historical?assetclass=etf&fromdate=2016-07-26&todate=2026-07-26&limit=5000
TQQQ,2020-02-14,14.2775,14.3737,14.135,14.3175,113969760,,https://api.nasdaq.com/api/quote/TQQQ/historical?assetclass=etf&fromdate=2016-07-26&todate=2026-07-26&limit=5000
TQQQ,2020-02-18,14.115,14.429,14.0738,14.3425,131135520,,https://api.nasdaq.com/api/quote/TQQQ/historical?assetclass=etf&fromdate=2016-07-26&todate=2026-07-26&limit=5000
TQQQ,2020-02-19,14.6013,14.85,14.5494,14.7575,105627200,,https://api.nasdaq.com/api/quote/TQQQ/historical?assetclass=etf&fromdate=2016-07-26&todate=2026-07-26&limit=5000
TQQQ,2020-02-20,14.6625,14.7475,13.7988,14.3375,227657760,,https://api.nasdaq.com/api/quote/TQQQ/historical?assetclass=etf&fromdate=2016-07-26&todate=2026-07-26&limit=5000
TQQQ,2020-02-21,14.1325,14.1975,13.3413,13.5175,207412480,,https://api.nasdaq.com/api/quote/TQQQ/historical?assetclass=etf&fromdate=2016-07-26&todate=2026-07-26&limit=5000
TQQQ,2020-02-24,12.035,12.4475,11.7037,11.96,269674080,,https://api.nasdaq.com/api/quote/TQQQ/historical?assetclass=etf&fromdate=2016-07-26&todate=2026-07-26&limit=5000
TQQQ,2020-02-25,12.2413,12.3638,10.8675,10.9925,300793440,,https://api.nasdaq.com/api/quote/TQQQ/historical?assetclass=etf&fromdate=2016-07-26&todate=2026-07-26&limit=5000
TQQQ,2020-02-26,11.16,11.7163,10.8938,11.1438,340538400,,https://api.nasdaq.com/api/quote/TQQQ/historical?assetclass=etf&fromdate=2016-07-26&todate=2026-07-26&limit=5000
TQQQ,2020-02-27,10.2875,10.8012,9.4475,9.4775,425116400,,https://api.nasdaq.com/api/quote/TQQQ/historical?assetclass=etf&fromdate=2016-07-26&todate=2026-07-26&limit=5000
TQQQ,2020-02-28,8.5512,9.6788,8.4375,9.625,495348160,,https://api.nasdaq.com/api/quote/TQQQ/historical?assetclass=etf&fromdate=2016-07-26&todate=2026-07-26&limit=5000
TQQQ,2020-03-02,9.9087,10.9675,9.4962,10.9388,363518640,,https://api.nasdaq.com/api/quote/TQQQ/historical?assetclass=etf&fromdate=2016-07-26&todate=2026-07-26&limit=5000
TQQQ,2020-03-03,11.0463,11.4375,9.61,9.9087,548126400,,https://api.nasdaq.com/api/quote/TQQQ/historical?assetclass=etf&fromdate=2016-07-26&todate=2026-07-26&limit=5000
TQQQ,2020-03-04,10.4425,11.1438,10.1625,11.1113,315827520,,https://api.nasdaq.com/api/quote/TQQQ/historical?assetclass=etf&fromdate=2016-07-26&todate=2026-07-26&limit=5000
TQQQ,2020-03-05,10.28,10.845,9.8863,10.1363,386971600,,https://api.nasdaq.com/api/quote/TQQQ/historical?assetclass=etf&fromdate=2016-07-26&todate=2026-07-26&limit=5000
TQQQ,2020-03-06,9.0913,9.76,8.875,9.605,393519040,,https://api.nasdaq.com/api/quote/TQQQ/historical?assetclass=etf&fromdate=2016-07-26&todate=2026-07-26&limit=5000
TQQQ,2020-03-09,7.6913,8.6438,7.625,7.6537,406964960,,https://api.nasdaq.com/api/quote/TQQQ/historical?assetclass=etf&fromdate=2016-07-26&todate=2026-07-26&limit=5000
TQQQ,2020-03-10,8.4975,8.8663,7.625,8.845,456252480,,https://api.nasdaq.com/api/quote/TQQQ/historical?assetclass=etf&fromdate=2016-07-26&todate=2026-07-26&limit=5000
TQQQ,2020-03-11,8.2225,8.4038,7.375,7.7075,434840400,,https://api.nasdaq.com/api/quote/TQQQ/historical?assetclass=etf&fromdate=2016-07-26&todate=2026-07-26&limit=5000
TQQQ,2020-03-12,6.1875,7.1875,5.55,5.595,618225920,,https://api.nasdaq.com/api/quote/TQQQ/historical?assetclass=etf&fromdate=2016-07-26&todate=2026-07-26&limit=5000
TQQQ,2020-03-13,6.53,7.164,5.6325,7.105,556290720,,https://api.nasdaq.com/api/quote/TQQQ/historical?assetclass=etf&fromdate=2016-07-26&todate=2026-07-26&limit=5000
TQQQ,2020-03-16,5.0575,6.075,4.6238,4.6563,658290160,,https://api.nasdaq.com/api/quote/TQQQ/historical?assetclass=etf&fromdate=2016-07-26&todate=2026-07-26&limit=5000
TQQQ,2020-03-17,4.9225,5.6425,4.4688,5.415,762020640,,https://api.nasdaq.com/api/quote/TQQQ/historical?assetclass=etf&fromdate=2016-07-26&todate=2026-07-26&limit=5000
TQQQ,2020-03-18,4.5375,5.1875,4.0912,4.9138,848999200,,https://api.nasdaq.com/api/quote/TQQQ/historical?assetclass=etf&fromdate=2016-07-26&todate=2026-07-26&limit=5000
TQQQ,2020-03-19,4.8563,5.51,4.5,5.0275,804808800,,https://api.nasdaq.com/api/quote/TQQQ/historical?assetclass=etf&fromdate=2016-07-26&todate=2026-07-26&limit=5000
TQQQ,2020-03-20,5.3738,5.475,4.3875,4.4387,782255200,,https://api.nasdaq.com/api/quote/TQQQ/historical?assetclass=etf&fromdate=2016-07-26&todate=2026-07-26&limit=5000
TQQQ,2020-03-23,4.4913,4.75,4.0338,4.4525,820073600,,https://api.nasdaq.com/api/quote/TQQQ/historical?assetclass=etf&fromdate=2016-07-26&todate=2026-07-26&limit=5000
TQQQ,2020-03-24,5.1537,5.4675,5.0163,5.445,829824000,,https://api.nasdaq.com/api/quote/TQQQ/historical?assetclass=etf&fromdate=2016-07-26&todate=2026-07-26&limit=5000
TQQQ,2020-03-25,5.525,5.9794,5.135,5.3187,834874400,,https://api.nasdaq.com/api/quote/TQQQ/historical?assetclass=etf&fromdate=2016-07-26&todate=2026-07-26&limit=5000
TQQQ,2020-03-26,5.4787,6.25,5.4584,6.185,649239920,,https://api.nasdaq.com/api/quote/TQQQ/historical?assetclass=etf&fromdate=2016-07-26&todate=2026-07-26&limit=5000
TQQQ,2020-03-27,5.7038,6.0412,5.4736,5.5425,557143520,,https://api.nasdaq.com/api/quote/TQQQ/historical?assetclass=etf&fromdate=2016-07-26&todate=2026-07-26&limit=5000
TQQQ,2020-03-30,5.6975,6.1725,5.625,6.125,416621280,,https://api.nasdaq.com/api/quote/TQQQ/historical?assetclass=etf&fromdate=2016-07-26&todate=2026-07-26&limit=5000
TQQQ,2020-03-31,6.0762,6.4413,5.8573,5.955,731903920,,https://api.nasdaq.com/api/quote/TQQQ/historical?assetclass=etf&fromdate=2016-07-26&todate=2026-07-26&limit=5000
TQQQ,2020-04-01,5.45,5.715,5.0775,5.2162,535589920,,https://api.nasdaq.com/api/quote/TQQQ/historical?assetclass=etf&fromdate=2016-07-26&todate=2026-07-26&limit=5000
TQQQ,2020-04-02,5.15,5.5425,5.0963,5.525,467530960,,https://api.nasdaq.com/api/quote/TQQQ/historical?assetclass=etf&fromdate=2016-07-26&todate=2026-07-26&limit=5000
TQQQ,2020-04-03,5.4825,5.6228,5.1075,5.3025,554484000,,https://api.nasdaq.com/api/quote/TQQQ/historical?assetclass=etf&fromdate=2016-07-26&todate=2026-07-26&limit=5000
TQQQ,2020-04-06,5.8887,6.5237,5.7955,6.4125,518617200,,https://api.nasdaq.com/api/quote/TQQQ/historical?assetclass=etf&fromdate=2016-07-26&todate=2026-07-26&limit=5000
TQQQ,2020-04-07,6.9875,7.0362,6.375,6.4,658009600,,https://api.nasdaq.com/api/quote/TQQQ/historical?assetclass=etf&fromdate=2016-07-26&todate=2026-07-26&limit=5000
TQQQ,2020-04-08,6.5856,6.875,6.41,6.8087,518180160,,https://api.nasdaq.com/api/quote/TQQQ/historical?assetclass=etf&fromdate=2016-07-26&todate=2026-07-26&limit=5000
TQQQ,2020-04-09,6.9913,7.09,6.6588,6.8338,553297760,,https://api.nasdaq.com/api/quote/TQQQ/historical?assetclass=etf&fromdate=2016-07-26&todate=2026-07-26&limit=5000
TQQQ,2020-04-13,6.75,7.11,6.6342,7.0713,426960320,,https://api.nasdaq.com/api/quote/TQQQ/historical?assetclass=etf&fromdate=2016-07-26&todate=2026-07-26&limit=5000
TQQQ,2020-04-14,7.5062,8.05,7.4238,7.9887,490049680,,https://api.nasdaq.com/api/quote/TQQQ/historical?assetclass=etf&fromdate=2016-07-26&todate=2026-07-26&limit=5000
TQQQ,2020-04-15,7.6137,7.9238,7.4576,7.7237,431687680,,https://api.nasdaq.com/api/quote/TQQQ/historical?assetclass=etf&fromdate=2016-07-26&todate=2026-07-26&limit=5000
TQQQ,2020-04-16,7.9763,8.2587,7.7438,8.1375,562920160,,https://api.nasdaq.com/api/quote/TQQQ/historical?assetclass=etf&fromdate=2016-07-26&todate=2026-07-26&limit=5000
TQQQ,2020-04-17,8.4588,8.5125,8.0038,8.3413,463564480,,https://api.nasdaq.com/api/quote/TQQQ/historical?assetclass=etf&fromdate=2016-07-26&todate=2026-07-26&limit=5000
TQQQ,2020-04-20,8.1487,8.4388,8.0575,8.0712,386997520,,https://api.nasdaq.com/api/quote/TQQQ/historical?assetclass=etf&fromdate=2016-07-26&todate=2026-07-26&limit=5000
TQQQ,2020-04-21,7.8325,7.8913,7.0388,7.1788,519489920,,https://api.nasdaq.com/api/quote/TQQQ/historical?assetclass=etf&fromdate=2016-07-26&todate=2026-07-26&limit=5000
TQQQ,2020-04-22,7.6288,7.9575,7.5388,7.8137,275892000,,https://api.nasdaq.com/api/quote/TQQQ/historical?assetclass=etf&fromdate=2016-07-26&todate=2026-07-26&limit=5000
TQQQ,2020-04-23,7.9037,8.1988,7.715,7.7625,424867840,,https://api.nasdaq.com/api/quote/TQQQ/historical?assetclass=etf&fromdate=2016-07-26&todate=2026-07-26&limit=5000
TQQQ,2020-04-24,7.8175,8.175,7.6513,8.1375,318367120,,https://api.nasdaq.com/api/quote/TQQQ/historical?assetclass=etf&fromdate=2016-07-26&todate=2026-07-26&limit=5000
TQQQ,2020-04-27,8.3975,8.4488,8.205,8.2963,304721760,,https://api.nasdaq.com/api/quote/TQQQ/historical?assetclass=etf&fromdate=2016-07-26&todate=2026-07-26&limit=5000
TQQQ,2020-04-28,8.5275,8.5288,7.8262,7.8475,386247280,,https://api.nasdaq.com/api/quote/TQQQ/historical?assetclass=etf&fromdate=2016-07-26&todate=2026-07-26&limit=5000
TQQQ,2020-04-29,8.3812,8.7962,8.2613,8.6638,346103760,,https://api.nasdaq.com/api/quote/TQQQ/historical?assetclass=etf&fromdate=2016-07-26&todate=2026-07-26&limit=5000
TQQQ,2020-04-30,8.8012,8.8086,8.4938,8.7212,380545040,,https://api.nasdaq.com/api/quote/TQQQ/historical?assetclass=etf&fromdate=2016-07-26&todate=2026-07-26&limit=5000
TQQQ,2020-05-01,8.165,8.4138,7.8125,7.9387,346245440,,https://api.nasdaq.com/api/quote/TQQQ/historical?assetclass=etf&fromdate=2016-07-26&todate=2026-07-26&limit=5000
TQQQ,2020-05-04,7.8169,8.2413,7.7588,8.2188,200755600,,https://api.nasdaq.com/api/quote/TQQQ/historical?assetclass=etf&fromdate=2016-07-26&todate=2026-07-26&limit=5000
TQQQ,2020-05-05,8.4663,8.7781,8.4012,8.4812,288714640,,https://api.nasdaq.com/api/quote/TQQQ/historical?assetclass=etf&fromdate=2016-07-26&todate=2026-07-26&limit=5000
TQQQ,2020-05-06,8.6925,8.8906,8.5488,8.6487,311880880,,https://api.nasdaq.com/api/quote/TQQQ/historical?assetclass=etf&fromdate=2016-07-26&todate=2026-07-26&limit=5000
TQQQ,2020-05-07,8.9787,9.0938,8.8206,8.9863,289489920,,https://api.nasdaq.com/api/quote/TQQQ/historical?assetclass=etf&fromdate=2016-07-26&todate=2026-07-26&limit=5000
TQQQ,2020-05-08,9.1937,9.3688,9.065,9.3488,262836880,,https://api.nasdaq.com/api/quote/TQQQ/historical?assetclass=etf&fromdate=2016-07-26&todate=2026-07-26&limit=5000
TQQQ,2020-05-11,9.1837,9.7375,9.1563,9.5813,269383760,,https://api.nasdaq.com/api/quote/TQQQ/historical?assetclass=etf&fromdate=2016-07-26&todate=2026-07-26&limit=5000
TQQQ,2020-05-12,9.6837,9.7662,9.0038,9.0113,339363280,,https://api.nasdaq.com/api/quote/TQQQ/historical?assetclass=etf&fromdate=2016-07-26&todate=2026-07-26&limit=5000
TQQQ,2020-05-13,9.0738,9.3063,8.345,8.67,491119200,,https://api.nasdaq.com/api/quote/TQQQ/historical?assetclass=etf&fromdate=2016-07-26&todate=2026-07-26&limit=5000
TQQQ,2020-05-14,8.505,8.9612,8.2637,8.9575,402999200,,https://api.nasdaq.com/api/quote/TQQQ/historical?assetclass=etf&fromdate=2016-07-26&todate=2026-07-26&limit=5000
TQQQ,2020-05-15,8.5887,9.1375,8.5363,9.1113,357806720,,https://api.nasdaq.com/api/quote/TQQQ/historical?assetclass=etf&fromdate=2016-07-26&todate=2026-07-26&limit=5000
TQQQ,2020-05-18,9.5,9.775,9.4025,9.6387,297630160,,https://api.nasdaq.com/api/quote/TQQQ/historical?assetclass=etf&fromdate=2016-07-26&todate=2026-07-26&limit=5000
TQQQ,2020-05-19,9.6725,9.9462,9.55,9.565,261430560,,https://api.nasdaq.com/api/quote/TQQQ/historical?assetclass=etf&fromdate=2016-07-26&todate=2026-07-26&limit=5000
TQQQ,2020-05-20,9.9012,10.1888,9.9012,10.125,285415920,,https://api.nasdaq.com/api/quote/TQQQ/historical?assetclass=etf&fromdate=2016-07-26&todate=2026-07-26&limit=5000
TQQQ,2020-05-21,10.155,10.24,9.7413,9.8138,322693520,,https://api.nasdaq.com/api/quote/TQQQ/historical?assetclass=etf&fromdate=2016-07-26&todate=2026-07-26&limit=5000
TQQQ,2020-05-22,9.7613,9.9362,9.6312,9.9025,209664960,,https://api.nasdaq.com/api/quote/TQQQ/historical?assetclass=etf&fromdate=2016-07-26&todate=2026-07-26&limit=5000
TQQQ,2020-05-26,10.3813,10.415,9.7975,9.8613,245202240,,https://api.nasdaq.com/api/quote/TQQQ/historical?assetclass=etf&fromdate=2016-07-26&todate=2026-07-26&limit=5000
TQQQ,2020-05-27,9.7637,10.005,9.1725,10,347290960,,https://api.nasdaq.com/api/quote/TQQQ/historical?assetclass=etf&fromdate=2016-07-26&todate=2026-07-26&limit=5000
TQQQ,2020-05-28,9.825,10.4007,9.8187,9.9362,305225120,,https://api.nasdaq.com/api/quote/TQQQ/historical?assetclass=etf&fromdate=2016-07-26&todate=2026-07-26&limit=5000
TQQQ,2020-05-29,10.005,10.415,9.79,10.3463,358947280,,https://api.nasdaq.com/api/quote/TQQQ/historical?assetclass=etf&fromdate=2016-07-26&todate=2026-07-26&limit=5000
TQQQ,2020-06-01,10.2569,10.53,10.2037,10.4738,211162320,,https://api.nasdaq.com/api/quote/TQQQ/historical?assetclass=etf&fromdate=2016-07-26&todate=2026-07-26&limit=5000
TQQQ,2020-06-02,10.53,10.6938,10.205,10.6825,250714160,,https://api.nasdaq.com/api/quote/TQQQ/historical?assetclass=etf&fromdate=2016-07-26&todate=2026-07-26&limit=5000
TQQQ,2020-06-03,10.7688,10.9362,10.6512,10.8275,215033440,,https://api.nasdaq.com/api/quote/TQQQ/historical?assetclass=etf&fromdate=2016-07-26&todate=2026-07-26&limit=5000
TQQQ,2020-06-04,10.7788,10.985,10.4196,10.6075,266408400,,https://api.nasdaq.com/api/quote/TQQQ/historical?assetclass=etf&fromdate=2016-07-26&todate=2026-07-26&limit=5000
TQQQ,2020-06-05,10.7375,11.3163,10.6875,11.2363,281394320,,https://api.nasdaq.com/api/quote/TQQQ/historical?assetclass=etf&fromdate=2016-07-26&todate=2026-07-26&limit=5000
TQQQ,2020-06-08,11.1988,11.51,10.9877,11.4863,218544480,,https://api.nasdaq.com/api/quote/TQQQ/historical?assetclass=etf&fromdate=2016-07-26&todate=2026-07-26&limit=5000
TQQQ,2020-06-09,11.3613,11.8725,11.3424,11.7425,213179520,,https://api.nasdaq.com/api/quote/TQQQ/historical?assetclass=etf&fromdate=2016-07-26&todate=2026-07-26&limit=5000
TQQQ,2020-06-10,11.995,12.4025,11.9225,12.1663,302911040,,https://api.nasdaq.com/api/quote/TQQQ/historical?assetclass=etf&fromdate=2016-07-26&todate=2026-07-26&limit=5000
TQQQ,2020-06-11,11.5725,11.7762,10.3525,10.375,383332000,,https://api.nasdaq.com/api/quote/TQQQ/historical?assetclass=etf&fromdate=2016-07-26&todate=2026-07-26&limit=5000
TQQQ,2020-06-12,11.0362,11.2058,10.0538,10.6,411877120,,https://api.nasdaq.com/api/quote/TQQQ/historical?assetclass=etf&fromdate=2016-07-26&todate=2026-07-26&limit=5000
TQQQ,2020-06-15,10.135,11.085,10.0075,10.9738,398184880,,https://api.nasdaq.com/api/quote/TQQQ/historical?assetclass=etf&fromdate=2016-07-26&todate=2026-07-26&limit=5000
TQQQ,2020-06-16,11.6738,11.765,11.0388,11.5538,383217760,,https://api.nasdaq.com/api/quote/TQQQ/historical?assetclass=etf&fromdate=2016-07-26&todate=2026-07-26&limit=5000
TQQQ,2020-06-17,11.7713,11.9325,11.55,11.6663,258858160,,https://api.nasdaq.com/api/quote/TQQQ/historical?assetclass=etf&fromdate=2016-07-26&todate=2026-07-26&limit=5000
TQQQ,2020-06-18,11.6175,11.795,11.505,11.7563,212785920,,https://api.nasdaq.com/api/quote/TQQQ/historical?assetclass=etf&fromdate=2016-07-26&todate=2026-07-26&limit=5000
TQQQ,2020-06-19,12.1213,12.1538,11.495,11.74,289950000,,https://api.nasdaq.com/api/quote/TQQQ/historical?assetclass=etf&fromdate=2016-07-26&todate=2026-07-26&limit=5000
TQQQ,2020-06-22,11.7388,12.1938,11.6888,12.1575,220133200,,https://api.nasdaq.com/api/quote/TQQQ/historical?assetclass=etf&fromdate=2016-07-26&todate=2026-07-26&limit=5000
TQQQ,2020-06-23,12.4213,12.8275,12.3325,12.475,234898320,,https://api.nasdaq.com/api/quote/TQQQ/historical?assetclass=etf&fromdate=2016-07-26&todate=2026-07-26&limit=5000
TQQQ,2020-06-24,12.3625,12.5588,11.4812,11.74,392821360,,https://api.nasdaq.com/api/quote/TQQQ/historical?assetclass=etf&fromdate=2016-07-26&todate=2026-07-26&limit=5000
TQQQ,2020-06-25,11.7388,12.09,11.3425,12.0513,301703280,,https://api.nasdaq.com/api/quote/TQQQ/historical?assetclass=etf&fromdate=2016-07-26&todate=2026-07-26&limit=5000
TQQQ,2020-06-26,12.0025,12.0375,11.1125,11.185,375941120,,https://api.nasdaq.com/api/quote/TQQQ/historical?assetclass=etf&fromdate=2016-07-26&todate=2026-07-26&limit=5000
TQQQ,2020-06-29,11.1512,11.5538,10.785,11.5425,259609280,,https://api.nasdaq.com/api/quote/TQQQ/historical?assetclass=etf&fromdate=2016-07-26&todate=2026-07-26&limit=5000
TQQQ,2020-06-30,11.54,12.31,11.5162,12.2063,251388720,,https://api.nasdaq.com/api/quote/TQQQ/historical?assetclass=etf&fromdate=2016-07-26&todate=2026-07-26&limit=5000
TQQQ,2020-07-01,12.2325,12.8087,12.155,12.6425,252137760,,https://api.nasdaq.com/api/quote/TQQQ/historical?assetclass=etf&fromdate=2016-07-26&todate=2026-07-26&limit=5000
TQQQ,2020-07-02,13.0363,13.2338,12.8425,12.9113,228152160,,https://api.nasdaq.com/api/quote/TQQQ/historical?assetclass=etf&fromdate=2016-07-26&todate=2026-07-26&limit=5000
TQQQ,2020-07-06,13.4125,13.9475,13.4113,13.86,211983680,,https://api.nasdaq.com/api/quote/TQQQ/historical?assetclass=etf&fromdate=2016-07-26&todate=2026-07-26&limit=5000
TQQQ,2020-07-07,13.8188,14.27,13.53,13.5875,246099120,,https://api.nasdaq.com/api/quote/TQQQ/historical?assetclass=etf&fromdate=2016-07-26&todate=2026-07-26&limit=5000
TQQQ,2020-07-08,13.8038,14.1175,13.5612,14.11,239931360,,https://api.nasdaq.com/api/quote/TQQQ/historical?assetclass=etf&fromdate=2016-07-26&todate=2026-07-26&limit=5000
TQQQ,2020-07-09,14.4263,14.5838,13.7325,14.4625,317596400,,https://api.nasdaq.com/api/quote/TQQQ/historical?assetclass=etf&fromdate=2016-07-26&todate=2026-07-26&limit=5000
TQQQ,2020-07-10,14.4275,14.8063,13.9863,14.7688,242789360,,https://api.nasdaq.com/api/quote/TQQQ/historical?assetclass=etf&fromdate=2016-07-26&todate=2026-07-26&limit=5000
TQQQ,2020-07-13,15.2563,15.7438,13.7113,13.8562,374584400,,https://api.nasdaq.com/api/quote/TQQQ/historical?assetclass=etf&fromdate=2016-07-26&todate=2026-07-26&limit=5000
TQQQ,2020-07-14,13.4488,14.215,12.9238,14.15,459750800,,https://api.nasdaq.com/api/quote/TQQQ/historical?assetclass=etf&fromdate=2016-07-26&todate=2026-07-26&limit=5000
TQQQ,2020-07-15,14.3575,14.5275,13.6738,14.22,367543600,,https://api.nasdaq.com/api/quote/TQQQ/historical?assetclass=etf&fromdate=2016-07-26&todate=2026-07-26&limit=5000
TQQQ,2020-07-16,13.755,14.045,13.3737,13.915,299971600,,https://api.nasdaq.com/api/quote/TQQQ/historical?assetclass=etf&fromdate=2016-07-26&todate=2026-07-26&limit=5000
TQQQ,2020-07-17,14.02,14.13,13.625,13.98,231003440,,https://api.nasdaq.com/api/quote/TQQQ/historical?assetclass=etf&fromdate=2016-07-26&todate=2026-07-26&limit=5000
TQQQ,2020-07-20,14.1,15.2788,13.8863,15.17,251621440,,https://api.nasdaq.com/api/quote/TQQQ/historical?assetclass=etf&fromdate=2016-07-26&todate=2026-07-26&limit=5000
TQQQ,2020-07-21,15.4488,15.4588,14.55,14.685,295681040,,https://api.nasdaq.com/api/quote/TQQQ/historical?assetclass=etf&fromdate=2016-07-26&todate=2026-07-26&limit=5000
TQQQ,2020-07-22,14.7713,15.0162,14.4563,14.855,227789040,,https://api.nasdaq.com/api/quote/TQQQ/historical?assetclass=etf&fromdate=2016-07-26&todate=2026-07-26&limit=5000
TQQQ,2020-07-23,14.7888,14.905,13.4462,13.6913,336648560,,https://api.nasdaq.com/api/quote/TQQQ/historical?assetclass=etf&fromdate=2016-07-26&todate=2026-07-26&limit=5000
TQQQ,2020-07-24,13.0638,13.52,12.6263,13.2863,357218640,,https://api.nasdaq.com/api/quote/TQQQ/historical?assetclass=etf&fromdate=2016-07-26&todate=2026-07-26&limit=5000
TQQQ,2020-07-27,13.5738,14.0688,13.435,14,267623680,,https://api.nasdaq.com/api/quote/TQQQ/historical?assetclass=etf&fromdate=2016-07-26&todate=2026-07-26&limit=5000
TQQQ,2020-07-28,13.885,13.9637,13.4213,13.4738,238702560,,https://api.nasdaq.com/api/quote/TQQQ/historical?assetclass=etf&fromdate=2016-07-26&todate=2026-07-26&limit=5000
TQQQ,2020-07-29,13.7113,14.0763,13.6438,13.9325,194280560,,https://api.nasdaq.com/api/quote/TQQQ/historical?assetclass=etf&fromdate=2016-07-26&todate=2026-07-26&limit=5000
TQQQ,2020-07-30,13.6125,14.2463,13.42,14.1588,302200160,,https://api.nasdaq.com/api/quote/TQQQ/historical?assetclass=etf&fromdate=2016-07-26&todate=2026-07-26&limit=5000
TQQQ,2020-07-31,14.915,14.9375,14.11,14.9225,360004800,,https://api.nasdaq.com/api/quote/TQQQ/historical?assetclass=etf&fromdate=2016-07-26&todate=2026-07-26&limit=5000
TQQQ,2020-08-03,15.2813,15.6412,15.2575,15.4788,217868000,,https://api.nasdaq.com/api/quote/TQQQ/historical?assetclass=etf&fromdate=2016-07-26&todate=2026-07-26&limit=5000
TQQQ,2020-08-04,15.415,15.7025,15.2925,15.68,211007840,,https://api.nasdaq.com/api/quote/TQQQ/historical?assetclass=etf&fromdate=2016-07-26&todate=2026-07-26&limit=5000
TQQQ,2020-08-05,15.7688,15.8837,15.6138,15.805,162963200,,https://api.nasdaq.com/api/quote/TQQQ/historical?assetclass=etf&fromdate=2016-07-26&todate=2026-07-26&limit=5000
TQQQ,2020-08-06,15.7638,16.4913,15.6525,16.41,192064000,,https://api.nasdaq.com/api/quote/TQQQ/historical?assetclass=etf&fromdate=2016-07-26&todate=2026-07-26&limit=5000
TQQQ,2020-08-07,16.3275,16.4775,15.4613,15.8737,296707920,,https://api.nasdaq.com/api/quote/TQQQ/historical?assetclass=etf&fromdate=2016-07-26&todate=2026-07-26&limit=5000
TQQQ,2020-08-10,15.9088,15.9513,15.021,15.66,254311040,,https://api.nasdaq.com/api/quote/TQQQ/historical?assetclass=etf&fromdate=2016-07-26&todate=2026-07-26&limit=5000
TQQQ,2020-08-11,15.445,15.6813,14.6738,14.7713,310273200,,https://api.nasdaq.com/api/quote/TQQQ/historical?assetclass=etf&fromdate=2016-07-26&todate=2026-07-26&limit=5000
TQQQ,2020-08-12,15.1375,16.045,15.1375,15.8763,221844240,,https://api.nasdaq.com/api/quote/TQQQ/historical?assetclass=etf&fromdate=2016-07-26&todate=2026-07-26&limit=5000
TQQQ,2020-08-13,16.01,16.3975,15.8163,15.9875,234281440,,https://api.nasdaq.com/api/quote/TQQQ/historical?assetclass=etf&fromdate=2016-07-26&todate=2026-07-26&limit=5000
TQQQ,2020-08-14,16.0825,16.1488,15.6763,15.9413,199737600,,https://api.nasdaq.com/api/quote/TQQQ/historical?assetclass=etf&fromdate=2016-07-26&todate=2026-07-26&limit=5000
TQQQ,2020-08-17,16.2338,16.545,16.2075,16.4675,126664640,,https://api.nasdaq.com/api/quote/TQQQ/historical?assetclass=etf&fromdate=2016-07-26&todate=2026-07-26&limit=5000
TQQQ,2020-08-18,16.6788,17.05,16.4112,16.9513,149313360,,https://api.nasdaq.com/api/quote/TQQQ/historical?assetclass=etf&fromdate=2016-07-26&todate=2026-07-26&limit=5000
TQQQ,2020-08-19,16.9485,17.1513,16.5362,16.62,205847200,,https://api.nasdaq.com/api/quote/TQQQ/historical?assetclass=etf&fromdate=2016-07-26&todate=2026-07-26&limit=5000
TQQQ,2020-08-20,16.4688,17.3988,16.3962,17.3038,152774720,,https://api.nasdaq.com/api/quote/TQQQ/historical?assetclass=etf&fromdate=2016-07-26&todate=2026-07-26&limit=5000
TQQQ,2020-08-21,17.3325,17.7512,17.2244,17.665,164280240,,https://api.nasdaq.com/api/quote/TQQQ/historical?assetclass=etf&fromdate=2016-07-26&todate=2026-07-26&limit=5000
TQQQ,2020-08-24,18.2763,18.4449,17.555,17.9925,251383680,,https://api.nasdaq.com/api/quote/TQQQ/historical?assetclass=etf&fromdate=2016-07-26&todate=2026-07-26&limit=5000
TQQQ,2020-08-25,17.8538,18.4312,17.7587,18.4125,172557040,,https://api.nasdaq.com/api/quote/TQQQ/historical?assetclass=etf&fromdate=2016-07-26&todate=2026-07-26&limit=5000
TQQQ,2020-08-26,18.6588,19.6313,18.635,19.5912,219663360,,https://api.nasdaq.com/api/quote/TQQQ/historical?assetclass=etf&fromdate=2016-07-26&todate=2026-07-26&limit=5000
TQQQ,2020-08-27,19.8225,19.9838,18.9475,19.4138,302602000,,https://api.nasdaq.com/api/quote/TQQQ/historical?assetclass=etf&fromdate=2016-07-26&todate=2026-07-26&limit=5000
TQQQ,2020-08-28,19.6612,19.8412,19.3938,19.7138,198145360,,https://api.nasdaq.com/api/quote/TQQQ/historical?assetclass=etf&fromdate=2016-07-26&todate=2026-07-26&limit=5000
TQQQ,2020-08-31,19.8175,20.5675,19.7275,20.17,180398080,,https://api.nasdaq.com/api/quote/TQQQ/historical?assetclass=etf&fromdate=2016-07-26&todate=2026-07-26&limit=5000
TQQQ,2020-09-01,20.74,21.2463,20.3687,21.2175,193840160,,https://api.nasdaq.com/api/quote/TQQQ/historical?assetclass=etf&fromdate=2016-07-26&todate=2026-07-26&limit=5000
TQQQ,2020-09-02,21.935,21.9587,20.5842,21.8163,289369760,,https://api.nasdaq.com/api/quote/TQQQ/historical?assetclass=etf&fromdate=2016-07-26&todate=2026-07-26&limit=5000
TQQQ,2020-09-03,20.8412,20.925,17.8525,18.4662,443024960,,https://api.nasdaq.com/api/quote/TQQQ/historical?assetclass=etf&fromdate=2016-07-26&todate=2026-07-26&limit=5000
TQQQ,2020-09-04,18.1725,18.7875,15.4825,17.705,561480880,,https://api.nasdaq.com/api/quote/TQQQ/historical?assetclass=etf&fromdate=2016-07-26&todate=2026-07-26&limit=5000
TQQQ,2020-09-08,15.6188,16.7463,15.1325,15.2025,426824480,,https://api.nasdaq.com/api/quote/TQQQ/historical?assetclass=etf&fromdate=2016-07-26&todate=2026-07-26&limit=5000
TQQQ,2020-09-09,16.1288,16.9,15.7088,16.5087,290352320,,https://api.nasdaq.com/api/quote/TQQQ/historical?assetclass=etf&fromdate=2016-07-26&todate=2026-07-26&limit=5000
TQQQ,2020-09-10,17.065,17.2987,15.2175,15.5538,465936480,,https://api.nasdaq.com/api/quote/TQQQ/historical?assetclass=etf&fromdate=2016-07-26&todate=2026-07-26&limit=5000
TQQQ,2020-09-11,15.875,16.0238,14.6013,15.2137,385797840,,https://api.nasdaq.com/api/quote/TQQQ/historical?assetclass=etf&fromdate=2016-07-26&todate=2026-07-26&limit=5000
TQQQ,2020-09-14,15.875,16.3513,15.635,15.9975,269033200,,https://api.nasdaq.com/api/quote/TQQQ/historical?assetclass=etf&fromdate=2016-07-26&todate=2026-07-26&limit=5000
TQQQ,2020-09-15,16.6663,16.9276,16.37,16.6775,300889440,,https://api.nasdaq.com/api/quote/TQQQ/historical?assetclass=etf&fromdate=2016-07-26&todate=2026-07-26&limit=5000
TQQQ,2020-09-16,16.8163,16.915,15.8238,15.8763,307173280,,https://api.nasdaq.com/api/quote/TQQQ/historical?assetclass=etf&fromdate=2016-07-26&todate=2026-07-26&limit=5000
TQQQ,2020-09-17,14.6512,15.495,14.5063,15.145,446845120,,https://api.nasdaq.com/api/quote/TQQQ/historical?assetclass=etf&fromdate=2016-07-26&todate=2026-07-26&limit=5000
TQQQ,2020-09-18,15.3575,15.4312,13.8453,14.56,463042640,,https://api.nasdaq.com/api/quote/TQQQ/historical?assetclass=etf&fromdate=2016-07-26&todate=2026-07-26&limit=5000
TQQQ,2020-09-21,13.9038,14.7438,13.5125,14.7325,375314800,,https://api.nasdaq.com/api/quote/TQQQ/historical?assetclass=etf&fromdate=2016-07-26&todate=2026-07-26&limit=5000
TQQQ,2020-09-22,15.15,15.6412,14.5575,15.5375,315066720,,https://api.nasdaq.com/api/quote/TQQQ/historical?assetclass=etf&fromdate=2016-07-26&todate=2026-07-26&limit=5000
TQQQ,2020-09-23,15.4812,15.5188,13.9637,14.0988,405507440,,https://api.nasdaq.com/api/quote/TQQQ/historical?assetclass=etf&fromdate=2016-07-26&todate=2026-07-26&limit=5000
TQQQ,2020-09-24,13.7113,14.8387,13.6463,14.305,375036320,,https://api.nasdaq.com/api/quote/TQQQ/historical?assetclass=etf&fromdate=2016-07-26&todate=2026-07-26&limit=5000
TQQQ,2020-09-25,14.3837,15.445,14.1313,15.3075,324478800,,https://api.nasdaq.com/api/quote/TQQQ/historical?assetclass=etf&fromdate=2016-07-26&todate=2026-07-26&limit=5000
TQQQ,2020-09-28,16.1612,16.25,15.6962,16.215,273331200,,https://api.nasdaq.com/api/quote/TQQQ/historical?assetclass=etf&fromdate=2016-07-26&todate=2026-07-26&limit=5000
TQQQ,2020-09-29,16.185,16.3549,15.9413,16.045,222777360,,https://api.nasdaq.com/api/quote/TQQQ/historical?assetclass=etf&fromdate=2016-07-26&todate=2026-07-26&limit=5000
TQQQ,2020-09-30,16.0738,16.94,16.0313,16.3625,338768320,,https://api.nasdaq.com/api/quote/TQQQ/historical?assetclass=etf&fromdate=2016-07-26&todate=2026-07-26&limit=5000
TQQQ,2020-10-01,17.0712,17.2587,16.7225,17.1288,278676000,,https://api.nasdaq.com/api/quote/TQQQ/historical?assetclass=etf&fromdate=2016-07-26&todate=2026-07-26&limit=5000
TQQQ,2020-10-02,16.015,16.7037,15.5413,15.7163,399553360,,https://api.nasdaq.com/api/quote/TQQQ/historical?assetclass=etf&fromdate=2016-07-26&todate=2026-07-26&limit=5000
TQQQ,2020-10-05,16.0588,16.7625,16.0313,16.7075,210790720,,https://api.nasdaq.com/api/quote/TQQQ/historical?assetclass=etf&fromdate=2016-07-26&todate=2026-07-26&limit=5000
TQQQ,2020-10-06,16.5487,16.89,15.6438,15.81,345649120,,https://api.nasdaq.com/api/quote/TQQQ/historical?assetclass=etf&fromdate=2016-07-26&todate=2026-07-26&limit=5000
TQQQ,2020-10-07,16.2712,16.7638,16.1725,16.6412,225088960,,https://api.nasdaq.com/api/quote/TQQQ/historical?assetclass=etf&fromdate=2016-07-26&todate=2026-07-26&limit=5000
TQQQ,2020-10-08,17.0562,17.0758,16.6925,16.8863,197893680,,https://api.nasdaq.com/api/quote/TQQQ/historical?assetclass=etf&fromdate=2016-07-26&todate=2026-07-26&limit=5000
TQQQ,2020-10-09,17.1925,17.6731,17.12,17.6375,195271520,,https://api.nasdaq.com/api/quote/TQQQ/historical?assetclass=etf&fromdate=2016-07-26&todate=2026-07-26&limit=5000
TQQQ,2020-10-12,18.55,19.8412,18.3575,19.2825,294117200,,https://api.nasdaq.com/api/quote/TQQQ/historical?assetclass=etf&fromdate=2016-07-26&todate=2026-07-26&limit=5000
TQQQ,2020-10-13,19.65,19.7913,19.0188,19.285,283861600,,https://api.nasdaq.com/api/quote/TQQQ/historical?assetclass=etf&fromdate=2016-07-26&todate=2026-07-26&limit=5000
TQQQ,2020-10-14,19.4575,19.65,18.4563,18.8088,297970960,,https://api.nasdaq.com/api/quote/TQQQ/historical?assetclass=etf&fromdate=2016-07-26&todate=2026-07-26&limit=5000
TQQQ,2020-10-15,17.8775,18.5487,17.7425,18.42,249076560,,https://api.nasdaq.com/api/quote/TQQQ/historical?assetclass=etf&fromdate=2016-07-26&todate=2026-07-26&limit=5000
TQQQ,2020-10-16,18.7587,19.0336,18.0625,18.1375,228097120,,https://api.nasdaq.com/api/quote/TQQQ/historical?assetclass=etf&fromdate=2016-07-26&todate=2026-07-26&limit=5000
TQQQ,2020-10-19,18.505,18.6887,17.045,17.2362,277554960,,https://api.nasdaq.com/api/quote/TQQQ/historical?assetclass=etf&fromdate=2016-07-26&todate=2026-07-26&limit=5000
TQQQ,2020-10-20,17.3725,17.925,17.0735,17.3475,274710160,,https://api.nasdaq.com/api/quote/TQQQ/historical?assetclass=etf&fromdate=2016-07-26&todate=2026-07-26&limit=5000
TQQQ,2020-10-21,17.3863,17.8762,17.215,17.3025,242572560,,https://api.nasdaq.com/api/quote/TQQQ/historical?assetclass=etf&fromdate=2016-07-26&todate=2026-07-26&limit=5000
TQQQ,2020-10-22,17.4625,17.6254,16.6838,17.3113,239163200,,https://api.nasdaq.com/api/quote/TQQQ/historical?assetclass=etf&fromdate=2016-07-26&todate=2026-07-26&limit=5000
TQQQ,2020-10-23,17.4263,17.4288,16.8612,17.4125,191087760,,https://api.nasdaq.com/api/quote/TQQQ/historical?assetclass=etf&fromdate=2016-07-26&todate=2026-07-26&limit=5000
TQQQ,2020-10-26,16.9713,17.4975,15.9362,16.6187,317113200,,https://api.nasdaq.com/api/quote/TQQQ/historical?assetclass=etf&fromdate=2016-07-26&todate=2026-07-26&limit=5000
TQQQ,2020-10-27,16.7838,17.15,16.565,17.0113,223860000,,https://api.nasdaq.com/api/quote/TQQQ/historical?assetclass=etf&fromdate=2016-07-26&todate=2026-07-26&limit=5000
TQQQ,2020-10-28,16.1775,16.28,14.975,15.015,369440320,,https://api.nasdaq.com/api/quote/TQQQ/historical?assetclass=etf&fromdate=2016-07-26&todate=2026-07-26&limit=5000
TQQQ,2020-10-29,15.2425,16.3075,15.155,15.7788,276374720,,https://api.nasdaq.com/api/quote/TQQQ/historical?assetclass=etf&fromdate=2016-07-26&todate=2026-07-26&limit=5000
TQQQ,2020-10-30,15.4438,15.5913,14.1938,14.6813,462331520,,https://api.nasdaq.com/api/quote/TQQQ/historical?assetclass=etf&fromdate=2016-07-26&todate=2026-07-26&limit=5000
TQQQ,2020-11-02,14.9738,15.2613,14.2013,14.6862,302271840,,https://api.nasdaq.com/api/quote/TQQQ/historical?assetclass=etf&fromdate=2016-07-26&todate=2026-07-26&limit=5000
TQQQ,2020-11-03,14.9975,15.8012,14.825,15.425,269938640,,https://api.nasdaq.com/api/quote/TQQQ/historical?assetclass=etf&fromdate=2016-07-26&todate=2026-07-26&limit=5000
TQQQ,2020-11-04,16.9488,17.83,16.665,17.51,338375440,,https://api.nasdaq.com/api/quote/TQQQ/historical?assetclass=etf&fromdate=2016-07-26&todate=2026-07-26&limit=5000
TQQQ,2020-11-05,18.7075,19.0688,18.4488,18.8612,300265120,,https://api.nasdaq.com/api/quote/TQQQ/historical?assetclass=etf&fromdate=2016-07-26&todate=2026-07-26&limit=5000
TQQQ,2020-11-06,18.7338,19.0712,18.0075,18.925,270302560,,https://api.nasdaq.com/api/quote/TQQQ/historical?assetclass=etf&fromdate=2016-07-26&todate=2026-07-26&limit=5000
TQQQ,2020-11-09,19.46,19.7975,17.685,17.77,331731040,,https://api.nasdaq.com/api/quote/TQQQ/historical?assetclass=etf&fromdate=2016-07-26&todate=2026-07-26&limit=5000
TQQQ,2020-11-10,17.1425,17.4063,16.2937,16.8113,337333280,,https://api.nasdaq.com/api/quote/TQQQ/historical?assetclass=etf&fromdate=2016-07-26&todate=2026-07-26&limit=5000
TQQQ,2020-11-11,17.2587,18.0238,17.185,17.9413,253661520,,https://api.nasdaq.com/api/quote/TQQQ/historical?assetclass=etf&fromdate=2016-07-26&todate=2026-07-26&limit=5000
TQQQ,2020-11-12,18.1062,18.365,17.465,17.6788,287714240,,https://api.nasdaq.com/api/quote/TQQQ/historical?assetclass=etf&fromdate=2016-07-26&todate=2026-07-26&limit=5000
TQQQ,2020-11-13,17.9725,18.26,17.5825,18.1425,209794480,,https://api.nasdaq.com/api/quote/TQQQ/historical?assetclass=etf&fromdate=2016-07-26&todate=2026-07-26&limit=5000
TQQQ,2020-11-16,18.0938,18.6262,17.968,18.56,213749040,,https://api.nasdaq.com/api/quote/TQQQ/historical?assetclass=etf&fromdate=2016-07-26&todate=2026-07-26&limit=5000
TQQQ,2020-11-17,18.6,18.67,18.2662,18.3888,182703600,,https://api.nasdaq.com/api/quote/TQQQ/historical?assetclass=etf&fromdate=2016-07-26&todate=2026-07-26&limit=5000
TQQQ,2020-11-18,18.2825,18.5938,17.9625,17.9625,154341280,,https://api.nasdaq.com/api/quote/TQQQ/historical?assetclass=etf&fromdate=2016-07-26&todate=2026-07-26&limit=5000
TQQQ,2020-11-19,17.8638,18.4613,17.745,18.4075,159341760,,https://api.nasdaq.com/api/quote/TQQQ/historical?assetclass=etf&fromdate=2016-07-26&todate=2026-07-26&limit=5000
TQQQ,2020-11-20,18.3813,18.5338,18.015,18.0338,129993440,,https://api.nasdaq.com/api/quote/TQQQ/historical?assetclass=etf&fromdate=2016-07-26&todate=2026-07-26&limit=5000
TQQQ,2020-11-23,18.2275,18.4675,17.595,18.0375,179060800,,https://api.nasdaq.com/api/quote/TQQQ/historical?assetclass=etf&fromdate=2016-07-26&todate=2026-07-26&limit=5000
TQQQ,2020-11-24,18.2275,18.8788,17.8837,18.775,156015120,,https://api.nasdaq.com/api/quote/TQQQ/historical?assetclass=etf&fromdate=2016-07-26&todate=2026-07-26&limit=5000
TQQQ,2020-11-25,18.965,19.2512,18.8062,19.1288,128677680,,https://api.nasdaq.com/api/quote/TQQQ/historical?assetclass=etf&fromdate=2016-07-26&todate=2026-07-26&limit=5000
TQQQ,2020-11-27,19.505,19.8837,19.4413,19.6513,92927520,,https://api.nasdaq.com/api/quote/TQQQ/historical?assetclass=etf&fromdate=2016-07-26&todate=2026-07-26&limit=5000
TQQQ,2020-11-30,19.715,19.8475,18.8225,19.7525,184622080,,https://api.nasdaq.com/api/quote/TQQQ/historical?assetclass=etf&fromdate=2016-07-26&todate=2026-07-26&limit=5000
TQQQ,2020-12-01,20.2237,20.8687,20.0125,20.5287,170795600,,https://api.nasdaq.com/api/quote/TQQQ/historical?assetclass=etf&fromdate=2016-07-26&todate=2026-07-26&limit=5000
TQQQ,2020-12-02,20.2763,20.6802,19.8975,20.6112,146129280,,https://api.nasdaq.com/api/quote/TQQQ/historical?assetclass=etf&fromdate=2016-07-26&todate=2026-07-26&limit=5000
TQQQ,2020-12-03,20.6612,21.0238,20.5439,20.695,157461680,,https://api.nasdaq.com/api/quote/TQQQ/historical?assetclass=etf&fromdate=2016-07-26&todate=2026-07-26&limit=5000
TQQQ,2020-12-04,20.7,20.98,20.5637,20.9488,127088080,,https://api.nasdaq.com/api/quote/TQQQ/historical?assetclass=etf&fromdate=2016-07-26&todate=2026-07-26&limit=5000
TQQQ,2020-12-07,20.9875,21.3775,20.95,21.3038,124027760,,https://api.nasdaq.com/api/quote/TQQQ/historical?assetclass=etf&fromdate=2016-07-26&todate=2026-07-26&limit=5000
TQQQ,2020-12-08,21.2063,21.585,20.8263,21.4988,133925760,,https://api.nasdaq.com/api/quote/TQQQ/historical?assetclass=etf&fromdate=2016-07-26&todate=2026-07-26&limit=5000
TQQQ,2020-12-09,21.48,21.5325,19.8275,20.0588,244878720,,https://api.nasdaq.com/api/quote/TQQQ/historical?assetclass=etf&fromdate=2016-07-26&todate=2026-07-26&limit=5000
TQQQ,2020-12-10,19.63,20.5333,19.4075,20.305,173346560,,https://api.nasdaq.com/api/quote/TQQQ/historical?assetclass=etf&fromdate=2016-07-26&todate=2026-07-26&limit=5000
TQQQ,2020-12-11,19.9563,20.1913,19.4875,20.1625,169819600,,https://api.nasdaq.com/api/quote/TQQQ/historical?assetclass=etf&fromdate=2016-07-26&todate=2026-07-26&limit=5000
TQQQ,2020-12-14,20.4037,21.0063,20.3962,20.5925,146684480,,https://api.nasdaq.com/api/quote/TQQQ/historical?assetclass=etf&fromdate=2016-07-26&todate=2026-07-26&limit=5000
TQQQ,2020-12-15,21.0725,21.2512,20.615,21.2325,157982800,,https://api.nasdaq.com/api/quote/TQQQ/historical?assetclass=etf&fromdate=2016-07-26&todate=2026-07-26&limit=5000
TQQQ,2020-12-16,21.3463,21.7813,21.1225,21.5888,137590480,,https://api.nasdaq.com/api/quote/TQQQ/historical?assetclass=etf&fromdate=2016-07-26&todate=2026-07-26&limit=5000
TQQQ,2020-12-17,21.9563,22.0844,21.6988,22.0313,139275440,,https://api.nasdaq.com/api/quote/TQQQ/historical?assetclass=etf&fromdate=2016-07-26&todate=2026-07-26&limit=5000
TQQQ,2020-12-18,22.195,22.2388,21.3163,21.7913,168756080,,https://api.nasdaq.com/api/quote/TQQQ/historical?assetclass=etf&fromdate=2016-07-26&todate=2026-07-26&limit=5000
TQQQ,2020-12-21,21.1962,21.8275,20.585,21.71,203596720,,https://api.nasdaq.com/api/quote/TQQQ/historical?assetclass=etf&fromdate=2016-07-26&todate=2026-07-26&limit=5000
TQQQ,2020-12-22,21.9125,22.0888,21.2719,21.8813,162008800,,https://api.nasdaq.com/api/quote/TQQQ/historical?assetclass=etf&fromdate=2016-07-26&todate=2026-07-26&limit=5000
TQQQ,2020-12-23,21.88,21.97,21.5225,21.5513,119434400,,https://api.nasdaq.com/api/quote/TQQQ/historical?assetclass=etf&fromdate=2016-07-26&todate=2026-07-26&limit=5000
TQQQ,2020-12-24,21.6138,21.93,21.59,21.8313,77065776,,https://api.nasdaq.com/api/quote/TQQQ/historical?assetclass=etf&fromdate=2016-07-26&todate=2026-07-26&limit=5000
TQQQ,2020-12-28,22.395,22.5944,22.0038,22.4862,117053040,,https://api.nasdaq.com/api/quote/TQQQ/historical?assetclass=etf&fromdate=2016-07-26&todate=2026-07-26&limit=5000
TQQQ,2020-12-29,22.7937,22.925,22.3513,22.5525,121142720,,https://api.nasdaq.com/api/quote/TQQQ/historical?assetclass=etf&fromdate=2016-07-26&todate=2026-07-26&limit=5000
TQQQ,2020-12-30,22.8062,22.875,22.4088,22.5487,104806960,,https://api.nasdaq.com/api/quote/TQQQ/historical?assetclass=etf&fromdate=2016-07-26&todate=2026-07-26&limit=5000
TQQQ,2020-12-31,22.5338,22.81,22.2913,22.725,106708160,,https://api.nasdaq.com/api/quote/TQQQ/historical?assetclass=etf&fromdate=2016-07-26&todate=2026-07-26&limit=5000
TQQQ,2021-01-04,23.01,23.0485,20.8538,21.7312,197472160,,https://api.nasdaq.com/api/quote/TQQQ/historical?assetclass=etf&fromdate=2016-07-26&todate=2026-07-26&limit=5000
TQQQ,2021-01-05,21.535,22.3194,21.535,22.2763,118712400,,https://api.nasdaq.com/api/quote/TQQQ/historical?assetclass=etf&fromdate=2016-07-26&todate=2026-07-26&limit=5000
TQQQ,2021-01-06,21.2375,22.2925,21.0275,21.355,210730560,,https://api.nasdaq.com/api/quote/TQQQ/historical?assetclass=etf&fromdate=2016-07-26&todate=2026-07-26&limit=5000
TQQQ,2021-01-07,21.9213,23.0813,21.9187,22.8975,123695120,,https://api.nasdaq.com/api/quote/TQQQ/historical?assetclass=etf&fromdate=2016-07-26&todate=2026-07-26&limit=5000
TQQQ,2021-01-08,23.4138,23.86,22.925,23.785,152815280,,https://api.nasdaq.com/api/quote/TQQQ/historical?assetclass=etf&fromdate=2016-07-26&todate=2026-07-26&limit=5000
TQQQ,2021-01-11,23.1013,23.3675,22.6013,22.7338,141302320,,https://api.nasdaq.com/api/quote/TQQQ/historical?assetclass=etf&fromdate=2016-07-26&todate=2026-07-26&limit=5000
TQQQ,2021-01-12,22.765,23.0012,22.05,22.635,146031440,,https://api.nasdaq.com/api/quote/TQQQ/historical?assetclass=etf&fromdate=2016-07-26&todate=2026-07-26&limit=5000
TQQQ,2021-01-13,22.6962,23.2738,22.563,23.075,108750000,,https://api.nasdaq.com/api/quote/TQQQ/historical?assetclass=etf&fromdate=2016-07-26&todate=2026-07-26&limit=5000
TQQQ,2021-01-14,23.1875,23.4175,22.62,22.7237,118235600,,https://api.nasdaq.com/api/quote/TQQQ/historical?assetclass=etf&fromdate=2016-07-26&todate=2026-07-26&limit=5000
TQQQ,2021-01-15,22.6763,22.8912,21.885,22.1713,141691920,,https://api.nasdaq.com/api/quote/TQQQ/historical?assetclass=etf&fromdate=2016-07-26&todate=2026-07-26&limit=5000
TQQQ,2021-01-19,22.6812,23.2587,22.45,23.1325,120967360,,https://api.nasdaq.com/api/quote/TQQQ/historical?assetclass=etf&fromdate=2016-07-26&todate=2026-07-26&limit=5000
TQQQ,2021-01-20,23.9638,24.9712,23.8825,24.745,121736320,,https://api.nasdaq.com/api/quote/TQQQ/historical?assetclass=etf&fromdate=2016-07-26&todate=2026-07-26&limit=5000
TQQQ,2021-01-21,25.0625,25.535,24.75,25.36,92683280,,https://api.nasdaq.com/api/quote/TQQQ/historical?assetclass=etf&fromdate=2016-07-26&todate=2026-07-26&limit=5000
TQQQ,2021-01-22,25.1025,25.38,24.97,25.13,81878760,,https://api.nasdaq.com/api/quote/TQQQ/historical?assetclass=etf&fromdate=2016-07-26&todate=2026-07-26&limit=5000
TQQQ,2021-01-25,25.94,26.2671,24.2,25.8275,153170240,,https://api.nasdaq.com/api/quote/TQQQ/historical?assetclass=etf&fromdate=2016-07-26&todate=2026-07-26&limit=5000
TQQQ,2021-01-26,25.93,26.145,25.5437,25.855,90968960,,https://api.nasdaq.com/api/quote/TQQQ/historical?assetclass=etf&fromdate=2016-07-26&todate=2026-07-26&limit=5000
TQQQ,2021-01-27,25.315,25.325,23.25,23.77,188900720,,https://api.nasdaq.com/api/quote/TQQQ/historical?assetclass=etf&fromdate=2016-07-26&todate=2026-07-26&limit=5000
TQQQ,2021-01-28,23.9725,25.25,23.8375,24.12,90021720,,https://api.nasdaq.com/api/quote/TQQQ/historical?assetclass=etf&fromdate=2016-07-26&todate=2026-07-26&limit=5000
TQQQ,2021-01-29,23.725,23.98,22.1875,22.6175,184278480,,https://api.nasdaq.com/api/quote/TQQQ/historical?assetclass=etf&fromdate=2016-07-26&todate=2026-07-26&limit=5000
TQQQ,2021-02-01,23.3875,24.5075,22.935,24.28,105659480,,https://api.nasdaq.com/api/quote/TQQQ/historical?assetclass=etf&fromdate=2016-07-26&todate=2026-07-26&limit=5000
TQQQ,2021-02-02,24.9725,25.74,24.94,25.455,92746560,,https://api.nasdaq.com/api/quote/TQQQ/historical?assetclass=etf&fromdate=2016-07-26&todate=2026-07-26&limit=5000
TQQQ,2021-02-03,25.9825,26.0575,25.1625,25.1625,95172040,,https://api.nasdaq.com/api/quote/TQQQ/historical?assetclass=etf&fromdate=2016-07-26&todate=2026-07-26&limit=5000
TQQQ,2021-02-04,25.51,26.075,25.1875,26.0525,72808920,,https://api.nasdaq.com/api/quote/TQQQ/historical?assetclass=etf&fromdate=2016-07-26&todate=2026-07-26&limit=5000
TQQQ,2021-02-05,26.3,26.5725,25.8925,26.325,86615280,,https://api.nasdaq.com/api/quote/TQQQ/historical?assetclass=etf&fromdate=2016-07-26&todate=2026-07-26&limit=5000
TQQQ,2021-02-08,26.74,26.8875,26.3372,26.84,76995000,,https://api.nasdaq.com/api/quote/TQQQ/historical?assetclass=etf&fromdate=2016-07-26&todate=2026-07-26&limit=5000
TQQQ,2021-02-09,26.62,27.1425,26.62,26.8275,65768880,,https://api.nasdaq.com/api/quote/TQQQ/historical?assetclass=etf&fromdate=2016-07-26&todate=2026-07-26&limit=5000
TQQQ,2021-02-10,27.195,27.3,25.865,26.6375,123547920,,https://api.nasdaq.com/api/quote/TQQQ/historical?assetclass=etf&fromdate=2016-07-26&todate=2026-07-26&limit=5000
TQQQ,2021-02-11,27.04,27.185,26.49,27.0675,98860000,,https://api.nasdaq.com/api/quote/TQQQ/historical?assetclass=etf&fromdate=2016-07-26&todate=2026-07-26&limit=5000
TQQQ,2021-02-12,26.895,27.575,26.61,27.5275,77471720,,https://api.nasdaq.com/api/quote/TQQQ/historical?assetclass=etf&fromdate=2016-07-26&todate=2026-07-26&limit=5000
TQQQ,2021-02-16,27.74,27.965,27.02,27.2975,88663760,,https://api.nasdaq.com/api/quote/TQQQ/historical?assetclass=etf&fromdate=2016-07-26&todate=2026-07-26&limit=5000
TQQQ,2021-02-17,26.5575,26.985,26.0025,26.9175,106643120,,https://api.nasdaq.com/api/quote/TQQQ/historical?assetclass=etf&fromdate=2016-07-26&todate=2026-07-26&limit=5000
TQQQ,2021-02-18,26.015,26.74,25.57,26.555,110202000,,https://api.nasdaq.com/api/quote/TQQQ/historical?assetclass=etf&fromdate=2016-07-26&todate=2026-07-26&limit=5000
TQQQ,2021-02-19,26.91,26.92,25.965,26.205,93377280,,https://api.nasdaq.com/api/quote/TQQQ/historical?assetclass=etf&fromdate=2016-07-26&todate=2026-07-26&limit=5000
TQQQ,2021-02-22,25.135,25.45,24.125,24.175,132734880,,https://api.nasdaq.com/api/quote/TQQQ/historical?assetclass=etf&fromdate=2016-07-26&todate=2026-07-26&limit=5000
TQQQ,2021-02-23,22.945,24.34,21.605,23.96,199274840,,https://api.nasdaq.com/api/quote/TQQQ/historical?assetclass=etf&fromdate=2016-07-26&todate=2026-07-26&limit=5000
TQQQ,2021-02-24,23.31,24.6175,22.725,24.5375,123041840,,https://api.nasdaq.com/api/quote/TQQQ/historical?assetclass=etf&fromdate=2016-07-26&todate=2026-07-26&limit=5000
TQQQ,2021-02-25,23.905,24.5175,21.6125,21.975,237791880,,https://api.nasdaq.com/api/quote/TQQQ/historical?assetclass=etf&fromdate=2016-07-26&todate=2026-07-26&limit=5000
TQQQ,2021-02-26,22.5963,23.29,21.5625,22.305,209318360,,https://api.nasdaq.com/api/quote/TQQQ/historical?assetclass=etf&fromdate=2016-07-26&todate=2026-07-26&limit=5000
TQQQ,2021-03-01,23.34,24.327,23.0475,24.25,133707040,,https://api.nasdaq.com/api/quote/TQQQ/historical?assetclass=etf&fromdate=2016-07-26&todate=2026-07-26&limit=5000
TQQQ,2021-03-02,24.385,24.4213,23.025,23.0875,151693160,,https://api.nasdaq.com/api/quote/TQQQ/historical?assetclass=etf&fromdate=2016-07-26&todate=2026-07-26&limit=5000
TQQQ,2021-03-03,22.8425,23.05,21.0613,21.085,231542600,,https://api.nasdaq.com/api/quote/TQQQ/historical?assetclass=etf&fromdate=2016-07-26&todate=2026-07-26&limit=5000
TQQQ,2021-03-04,20.9925,21.66,19.22,20.0425,432037200,,https://api.nasdaq.com/api/quote/TQQQ/historical?assetclass=etf&fromdate=2016-07-26&todate=2026-07-26&limit=5000
TQQQ,2021-03-05,20.5725,21.1175,18.7575,20.94,336656600,,https://api.nasdaq.com/api/quote/TQQQ/historical?assetclass=etf&fromdate=2016-07-26&todate=2026-07-26&limit=5000
TQQQ,2021-03-08,20.82,21.2125,19.0675,19.15,235731520,,https://api.nasdaq.com/api/quote/TQQQ/historical?assetclass=etf&fromdate=2016-07-26&todate=2026-07-26&limit=5000
TQQQ,2021-03-09,20.6168,21.7875,20.4825,21.405,173429080,,https://api.nasdaq.com/api/quote/TQQQ/historical?assetclass=etf&fromdate=2016-07-26&todate=2026-07-26&limit=5000
TQQQ,2021-03-10,22.315,22.375,21.0775,21.2225,203371240,,https://api.nasdaq.com/api/quote/TQQQ/historical?assetclass=etf&fromdate=2016-07-26&todate=2026-07-26&limit=5000
TQQQ,2021-03-11,22.255,23.065,22.035,22.695,158935720,,https://api.nasdaq.com/api/quote/TQQQ/historical?assetclass=etf&fromdate=2016-07-26&todate=2026-07-26&limit=5000
TQQQ,2021-03-12,21.7925,22.1675,21.2675,22.13,166589920,,https://api.nasdaq.com/api/quote/TQQQ/historical?assetclass=etf&fromdate=2016-07-26&todate=2026-07-26&limit=5000
TQQQ,2021-03-15,22.2025,22.8775,21.845,22.8375,127339520,,https://api.nasdaq.com/api/quote/TQQQ/historical?assetclass=etf&fromdate=2016-07-26&todate=2026-07-26&limit=5000
TQQQ,2021-03-16,23.335,23.9975,22.9,23.2125,168770240,,https://api.nasdaq.com/api/quote/TQQQ/historical?assetclass=etf&fromdate=2016-07-26&todate=2026-07-26&limit=5000
TQQQ,2021-03-17,22.53,23.9325,22.1525,23.505,196370600,,https://api.nasdaq.com/api/quote/TQQQ/historical?assetclass=etf&fromdate=2016-07-26&todate=2026-07-26&limit=5000
TQQQ,2021-03-18,22.4025,22.625,21.2375,21.3475,229509800,,https://api.nasdaq.com/api/quote/TQQQ/historical?assetclass=etf&fromdate=2016-07-26&todate=2026-07-26&limit=5000
TQQQ,2021-03-19,21.3125,21.8875,20.85,21.62,193286560,,https://api.nasdaq.com/api/quote/TQQQ/historical?assetclass=etf&fromdate=2016-07-26&todate=2026-07-26&limit=5000
TQQQ,2021-03-22,22.0725,23.2175,22.0725,22.7725,141101160,,https://api.nasdaq.com/api/quote/TQQQ/historical?assetclass=etf&fromdate=2016-07-26&todate=2026-07-26&limit=5000
TQQQ,2021-03-23,23.0125,23.3075,22.2925,22.475,187780760,,https://api.nasdaq.com/api/quote/TQQQ/historical?assetclass=etf&fromdate=2016-07-26&todate=2026-07-26&limit=5000
TQQQ,2021-03-24,22.7725,22.78,21.3125,21.34,190483720,,https://api.nasdaq.com/api/quote/TQQQ/historical?assetclass=etf&fromdate=2016-07-26&todate=2026-07-26&limit=5000
TQQQ,2021-03-25,20.955,21.545,20.4125,21.225,239874400,,https://api.nasdaq.com/api/quote/TQQQ/historical?assetclass=etf&fromdate=2016-07-26&todate=2026-07-26&limit=5000
TQQQ,2021-03-26,21.18,22.2425,20.8825,22.1625,215060480,,https://api.nasdaq.com/api/quote/TQQQ/historical?assetclass=etf&fromdate=2016-07-26&todate=2026-07-26&limit=5000
TQQQ,2021-03-29,22.06,22.385,21.43,22.15,190589160,,https://api.nasdaq.com/api/quote/TQQQ/historical?assetclass=etf&fromdate=2016-07-26&todate=2026-07-26&limit=5000
TQQQ,2021-03-30,21.7375,21.9475,21.24,21.835,148349760,,https://api.nasdaq.com/api/quote/TQQQ/historical?assetclass=etf&fromdate=2016-07-26&todate=2026-07-26&limit=5000
TQQQ,2021-03-31,22.1975,23.15,22.1275,22.815,161968680,,https://api.nasdaq.com/api/quote/TQQQ/historical?assetclass=etf&fromdate=2016-07-26&todate=2026-07-26&limit=5000
TQQQ,2021-04-01,23.6588,24.0075,23.605,23.975,145087320,,https://api.nasdaq.com/api/quote/TQQQ/historical?assetclass=etf&fromdate=2016-07-26&todate=2026-07-26&limit=5000
TQQQ,2021-04-05,24.5525,25.595,24.4929,25.415,130539720,,https://api.nasdaq.com/api/quote/TQQQ/historical?assetclass=etf&fromdate=2016-07-26&todate=2026-07-26&limit=5000
TQQQ,2021-04-06,25.34,25.82,25.1775,25.355,120606840,,https://api.nasdaq.com/api/quote/TQQQ/historical?assetclass=etf&fromdate=2016-07-26&todate=2026-07-26&limit=5000
TQQQ,2021-04-07,25.2575,25.745,25.025,25.5425,98987040,,https://api.nasdaq.com/api/quote/TQQQ/historical?assetclass=etf&fromdate=2016-07-26&todate=2026-07-26&limit=5000
TQQQ,2021-04-08,26.23,26.385,26.025,26.34,113619320,,https://api.nasdaq.com/api/quote/TQQQ/historical?assetclass=etf&fromdate=2016-07-26&todate=2026-07-26&limit=5000
TQQQ,2021-04-09,26.005,26.865,25.83,26.8175,129438200,,https://api.nasdaq.com/api/quote/TQQQ/historical?assetclass=etf&fromdate=2016-07-26&todate=2026-07-26&limit=5000
TQQQ,2021-04-12,26.575,26.81,26.245,26.7125,109631960,,https://api.nasdaq.com/api/quote/TQQQ/historical?assetclass=etf&fromdate=2016-07-26&todate=2026-07-26&limit=5000
TQQQ,2021-04-13,27.095,27.75,27.03,27.6275,115022040,,https://api.nasdaq.com/api/quote/TQQQ/historical?assetclass=etf&fromdate=2016-07-26&todate=2026-07-26&limit=5000
TQQQ,2021-04-14,27.6975,27.7325,26.44,26.6575,161227440,,https://api.nasdaq.com/api/quote/TQQQ/historical?assetclass=etf&fromdate=2016-07-26&todate=2026-07-26&limit=5000
TQQQ,2021-04-15,27.3425,27.9425,27.31,27.835,120798080,,https://api.nasdaq.com/api/quote/TQQQ/historical?assetclass=etf&fromdate=2016-07-26&todate=2026-07-26&limit=5000
TQQQ,2021-04-16,27.9775,27.9975,27.475,27.9525,117487920,,https://api.nasdaq.com/api/quote/TQQQ/historical?assetclass=etf&fromdate=2016-07-26&todate=2026-07-26&limit=5000
TQQQ,2021-04-19,27.5375,27.8425,26.6875,27.19,159168200,,https://api.nasdaq.com/api/quote/TQQQ/historical?assetclass=etf&fromdate=2016-07-26&todate=2026-07-26&limit=5000
TQQQ,2021-04-20,27.0125,27.33,26.0975,26.595,158283760,,https://api.nasdaq.com/api/quote/TQQQ/historical?assetclass=etf&fromdate=2016-07-26&todate=2026-07-26&limit=5000
TQQQ,2021-04-21,26.25,27.3075,26.005,27.2675,111057160,,https://api.nasdaq.com/api/quote/TQQQ/historical?assetclass=etf&fromdate=2016-07-26&todate=2026-07-26&limit=5000
TQQQ,2021-04-22,27.1675,27.4075,25.985,26.275,174848240,,https://api.nasdaq.com/api/quote/TQQQ/historical?assetclass=etf&fromdate=2016-07-26&todate=2026-07-26&limit=5000
TQQQ,2021-04-23,26.43,27.58,26.43,27.265,107883720,,https://api.nasdaq.com/api/quote/TQQQ/historical?assetclass=etf&fromdate=2016-07-26&todate=2026-07-26&limit=5000
TQQQ,2021-04-26,27.3275,27.8675,27.1375,27.805,99976640,,https://api.nasdaq.com/api/quote/TQQQ/historical?assetclass=etf&fromdate=2016-07-26&todate=2026-07-26&limit=5000
TQQQ,2021-04-27,27.8675,27.9175,27.1925,27.44,119312600,,https://api.nasdaq.com/api/quote/TQQQ/historical?assetclass=etf&fromdate=2016-07-26&todate=2026-07-26&limit=5000
TQQQ,2021-04-28,27.3475,27.6,26.9925,27.1575,118950000,,https://api.nasdaq.com/api/quote/TQQQ/historical?assetclass=etf&fromdate=2016-07-26&todate=2026-07-26&limit=5000
TQQQ,2021-04-29,27.965,28.0575,26.645,27.43,148124400,,https://api.nasdaq.com/api/quote/TQQQ/historical?assetclass=etf&fromdate=2016-07-26&todate=2026-07-26&limit=5000
TQQQ,2021-04-30,26.8225,27.45,26.6725,26.915,118440360,,https://api.nasdaq.com/api/quote/TQQQ/historical?assetclass=etf&fromdate=2016-07-26&todate=2026-07-26&limit=5000
TQQQ,2021-05-03,27.19,27.3725,26.3575,26.475,134222120,,https://api.nasdaq.com/api/quote/TQQQ/historical?assetclass=etf&fromdate=2016-07-26&todate=2026-07-26&limit=5000
TQQQ,2021-05-04,25.8625,25.9225,24.1125,25.08,211233840,,https://api.nasdaq.com/api/quote/TQQQ/historical?assetclass=etf&fromdate=2016-07-26&todate=2026-07-26&limit=5000
TQQQ,2021-05-05,25.51,25.7125,24.6,24.7875,136429160,,https://api.nasdaq.com/api/quote/TQQQ/historical?assetclass=etf&fromdate=2016-07-26&todate=2026-07-26&limit=5000
TQQQ,2021-05-06,24.7175,25.37,24.1975,25.33,169663280,,https://api.nasdaq.com/api/quote/TQQQ/historical?assetclass=etf&fromdate=2016-07-26&todate=2026-07-26&limit=5000
TQQQ,2021-05-07,25.9925,26.5188,25.6928,25.95,158706760,,https://api.nasdaq.com/api/quote/TQQQ/historical?assetclass=etf&fromdate=2016-07-26&todate=2026-07-26&limit=5000
TQQQ,2021-05-10,25.6225,25.665,23.94,24,184214960,,https://api.nasdaq.com/api/quote/TQQQ/historical?assetclass=etf&fromdate=2016-07-26&todate=2026-07-26&limit=5000
TQQQ,2021-05-11,22.6475,24.06,22.5,23.88,228806880,,https://api.nasdaq.com/api/quote/TQQQ/historical?assetclass=etf&fromdate=2016-07-26&todate=2026-07-26&limit=5000
TQQQ,2021-05-12,22.755,23.2875,21.83,22.0625,236158040,,https://api.nasdaq.com/api/quote/TQQQ/historical?assetclass=etf&fromdate=2016-07-26&todate=2026-07-26&limit=5000
TQQQ,2021-05-13,22.65,23.1675,22.0176,22.5275,208602040,,https://api.nasdaq.com/api/quote/TQQQ/historical?assetclass=etf&fromdate=2016-07-26&todate=2026-07-26&limit=5000
TQQQ,2021-05-14,23.22,24.2225,23.105,23.9925,144263360,,https://api.nasdaq.com/api/quote/TQQQ/historical?assetclass=etf&fromdate=2016-07-26&todate=2026-07-26&limit=5000
TQQQ,2021-05-17,23.6275,23.79,22.9325,23.5875,138024240,,https://api.nasdaq.com/api/quote/TQQQ/historical?assetclass=etf&fromdate=2016-07-26&todate=2026-07-26&limit=5000
TQQQ,2021-05-18,23.8025,24.07,23.0475,23.0925,131683960,,https://api.nasdaq.com/api/quote/TQQQ/historical?assetclass=etf&fromdate=2016-07-26&todate=2026-07-26&limit=5000
TQQQ,2021-05-19,21.9125,23.2475,21.8325,23.1775,191889720,,https://api.nasdaq.com/api/quote/TQQQ/historical?assetclass=etf&fromdate=2016-07-26&todate=2026-07-26&limit=5000
TQQQ,2021-05-20,23.5175,24.715,23.4575,24.5175,139226440,,https://api.nasdaq.com/api/quote/TQQQ/historical?assetclass=etf&fromdate=2016-07-26&todate=2026-07-26&limit=5000
TQQQ,2021-05-21,24.885,24.983,24.0275,24.1125,128133280,,https://api.nasdaq.com/api/quote/TQQQ/historical?assetclass=etf&fromdate=2016-07-26&todate=2026-07-26&limit=5000
TQQQ,2021-05-24,24.6375,25.585,24.555,25.32,92181680,,https://api.nasdaq.com/api/quote/TQQQ/historical?assetclass=etf&fromdate=2016-07-26&todate=2026-07-26&limit=5000
TQQQ,2021-05-25,25.687,25.86,25.1575,25.4425,106728840,,https://api.nasdaq.com/api/quote/TQQQ/historical?assetclass=etf&fromdate=2016-07-26&todate=2026-07-26&limit=5000
TQQQ,2021-05-26,25.59,25.8097,25.43,25.7,78034920,,https://api.nasdaq.com/api/quote/TQQQ/historical?assetclass=etf&fromdate=2016-07-26&todate=2026-07-26&limit=5000
TQQQ,2021-05-27,25.5925,25.79,25.36,25.4,83216840,,https://api.nasdaq.com/api/quote/TQQQ/historical?assetclass=etf&fromdate=2016-07-26&todate=2026-07-26&limit=5000
TQQQ,2021-05-28,25.695,26.0238,25.575,25.6475,81857120,,https://api.nasdaq.com/api/quote/TQQQ/historical?assetclass=etf&fromdate=2016-07-26&todate=2026-07-26&limit=5000
TQQQ,2021-06-01,25.9625,26.075,25.0712,25.3975,103863520,,https://api.nasdaq.com/api/quote/TQQQ/historical?assetclass=etf&fromdate=2016-07-26&todate=2026-07-26&limit=5000
TQQQ,2021-06-02,25.4875,25.7425,25.1325,25.53,83178640,,https://api.nasdaq.com/api/quote/TQQQ/historical?assetclass=etf&fromdate=2016-07-26&todate=2026-07-26&limit=5000
TQQQ,2021-06-03,24.8725,25.1675,24.3438,24.7275,121032120,,https://api.nasdaq.com/api/quote/TQQQ/historical?assetclass=etf&fromdate=2016-07-26&todate=2026-07-26&limit=5000
TQQQ,2021-06-04,25.1575,26.0975,25.1325,25.995,91175200,,https://api.nasdaq.com/api/quote/TQQQ/historical?assetclass=etf&fromdate=2016-07-26&todate=2026-07-26&limit=5000
TQQQ,2021-06-07,25.8575,26.2413,25.7035,26.225,62193080,,https://api.nasdaq.com/api/quote/TQQQ/historical?assetclass=etf&fromdate=2016-07-26&todate=2026-07-26&limit=5000
TQQQ,2021-06-08,26.645,26.855,25.8562,26.255,92944480,,https://api.nasdaq.com/api/quote/TQQQ/historical?assetclass=etf&fromdate=2016-07-26&todate=2026-07-26&limit=5000
TQQQ,2021-06-09,26.59,26.78,26.2325,26.285,77803640,,https://api.nasdaq.com/api/quote/TQQQ/historical?assetclass=etf&fromdate=2016-07-26&todate=2026-07-26&limit=5000
TQQQ,2021-06-10,26.3575,27.125,26.25,27.09,117206880,,https://api.nasdaq.com/api/quote/TQQQ/historical?assetclass=etf&fromdate=2016-07-26&todate=2026-07-26&limit=5000
TQQQ,2021-06-11,27.105,27.31,26.94,27.305,68338720,,https://api.nasdaq.com/api/quote/TQQQ/historical?assetclass=etf&fromdate=2016-07-26&todate=2026-07-26&limit=5000
TQQQ,2021-06-14,27.41,28.0925,27.125,28.07,90823160,,https://api.nasdaq.com/api/quote/TQQQ/historical?assetclass=etf&fromdate=2016-07-26&todate=2026-07-26&limit=5000
TQQQ,2021-06-15,28.005,28.085,27.365,27.55,90108160,,https://api.nasdaq.com/api/quote/TQQQ/historical?assetclass=etf&fromdate=2016-07-26&todate=2026-07-26&limit=5000
TQQQ,2021-06-16,27.655,27.9175,26.38,27.255,157778000,,https://api.nasdaq.com/api/quote/TQQQ/historical?assetclass=etf&fromdate=2016-07-26&todate=2026-07-26&limit=5000
TQQQ,2021-06-17,26.99,28.52,26.9825,28.2725,144323560,,https://api.nasdaq.com/api/quote/TQQQ/historical?assetclass=etf&fromdate=2016-07-26&todate=2026-07-26&limit=5000
TQQQ,2021-06-18,27.8525,28.1445,27.42,27.5975,142894520,,https://api.nasdaq.com/api/quote/TQQQ/historical?assetclass=etf&fromdate=2016-07-26&todate=2026-07-26&limit=5000
TQQQ,2021-06-21,27.6575,28.2,27.0975,28.1025,107708560,,https://api.nasdaq.com/api/quote/TQQQ/historical?assetclass=etf&fromdate=2016-07-26&todate=2026-07-26&limit=5000
TQQQ,2021-06-22,28.0775,29.0125,27.9925,28.8875,103578720,,https://api.nasdaq.com/api/quote/TQQQ/historical?assetclass=etf&fromdate=2016-07-26&todate=2026-07-26&limit=5000
TQQQ,2021-06-23,28.8925,29.24,28.7312,28.9375,93996920,,https://api.nasdaq.com/api/quote/TQQQ/historical?assetclass=etf&fromdate=2016-07-26&todate=2026-07-26&limit=5000
TQQQ,2021-06-24,29.435,29.8725,29.2975,29.47,93672480,,https://api.nasdaq.com/api/quote/TQQQ/historical?assetclass=etf&fromdate=2016-07-26&todate=2026-07-26&limit=5000
TQQQ,2021-06-25,29.6225,29.6875,29.2125,29.3775,86993120,,https://api.nasdaq.com/api/quote/TQQQ/historical?assetclass=etf&fromdate=2016-07-26&todate=2026-07-26&limit=5000
TQQQ,2021-06-28,29.6925,30.47,29.685,30.4175,88787720,,https://api.nasdaq.com/api/quote/TQQQ/historical?assetclass=etf&fromdate=2016-07-26&todate=2026-07-26&limit=5000
TQQQ,2021-06-29,30.39,30.769,30.1675,30.76,74559880,,https://api.nasdaq.com/api/quote/TQQQ/historical?assetclass=etf&fromdate=2016-07-26&todate=2026-07-26&limit=5000
TQQQ,2021-06-30,30.7225,30.825,30.4625,30.625,80546600,,https://api.nasdaq.com/api/quote/TQQQ/historical?assetclass=etf&fromdate=2016-07-26&todate=2026-07-26&limit=5000
TQQQ,2021-07-01,30.52,30.785,30.1625,30.64,83834960,,https://api.nasdaq.com/api/quote/TQQQ/historical?assetclass=etf&fromdate=2016-07-26&todate=2026-07-26&limit=5000
TQQQ,2021-07-02,31.16,31.7875,31.095,31.68,93502000,,https://api.nasdaq.com/api/quote/TQQQ/historical?assetclass=etf&fromdate=2016-07-26&todate=2026-07-26&limit=5000
TQQQ,2021-07-06,31.8625,32.19,31.125,32.105,109599560,,https://api.nasdaq.com/api/quote/TQQQ/historical?assetclass=etf&fromdate=2016-07-26&todate=2026-07-26&limit=5000
TQQQ,2021-07-07,32.725,32.805,31.775,32.31,115275480,,https://api.nasdaq.com/api/quote/TQQQ/historical?assetclass=etf&fromdate=2016-07-26&todate=2026-07-26&limit=5000
TQQQ,2021-07-08,30.9213,31.965,30.56,31.75,152524280,,https://api.nasdaq.com/api/quote/TQQQ/historical?assetclass=etf&fromdate=2016-07-26&todate=2026-07-26&limit=5000
TQQQ,2021-07-09,31.57,32.45,31.4075,32.2875,92875520,,https://api.nasdaq.com/api/quote/TQQQ/historical?assetclass=etf&fromdate=2016-07-26&todate=2026-07-26&limit=5000
TQQQ,2021-07-12,32.7,32.8222,32.2646,32.6925,87126200,,https://api.nasdaq.com/api/quote/TQQQ/historical?assetclass=etf&fromdate=2016-07-26&todate=2026-07-26&limit=5000
TQQQ,2021-07-13,32.595,33.5169,32.4525,32.675,119450000,,https://api.nasdaq.com/api/quote/TQQQ/historical?assetclass=etf&fromdate=2016-07-26&todate=2026-07-26&limit=5000
TQQQ,2021-07-14,33.34,33.52,32.6375,32.8525,136042680,,https://api.nasdaq.com/api/quote/TQQQ/historical?assetclass=etf&fromdate=2016-07-26&todate=2026-07-26&limit=5000
TQQQ,2021-07-15,32.8525,32.895,31.615,32.1725,137192960,,https://api.nasdaq.com/api/quote/TQQQ/historical?assetclass=etf&fromdate=2016-07-26&todate=2026-07-26&limit=5000
TQQQ,2021-07-16,32.4138,32.6775,31.2925,31.3825,127402880,,https://api.nasdaq.com/api/quote/TQQQ/historical?assetclass=etf&fromdate=2016-07-26&todate=2026-07-26&limit=5000
TQQQ,2021-07-19,30.4525,30.75,29.9175,30.63,202286400,,https://api.nasdaq.com/api/quote/TQQQ/historical?assetclass=etf&fromdate=2016-07-26&todate=2026-07-26&limit=5000
TQQQ,2021-07-20,30.86,32.075,30.3875,31.64,121544680,,https://api.nasdaq.com/api/quote/TQQQ/historical?assetclass=etf&fromdate=2016-07-26&todate=2026-07-26&limit=5000
TQQQ,2021-07-21,31.5775,32.3975,31.5,32.3625,81763360,,https://api.nasdaq.com/api/quote/TQQQ/historical?assetclass=etf&fromdate=2016-07-26&todate=2026-07-26&limit=5000
TQQQ,2021-07-22,32.4625,33.05,32.4588,33.0425,94957400,,https://api.nasdaq.com/api/quote/TQQQ/historical?assetclass=etf&fromdate=2016-07-26&todate=2026-07-26&limit=5000
TQQQ,2021-07-23,33.425,34.2775,33.0737,34.14,103898440,,https://api.nasdaq.com/api/quote/TQQQ/historical?assetclass=etf&fromdate=2016-07-26&todate=2026-07-26&limit=5000
TQQQ,2021-07-26,34.005,34.3925,33.76,34.2825,85977640,,https://api.nasdaq.com/api/quote/TQQQ/historical?assetclass=etf&fromdate=2016-07-26&todate=2026-07-26&limit=5000
TQQQ,2021-07-27,34.2075,34.2075,31.9575,33.1625,178782120,,https://api.nasdaq.com/api/quote/TQQQ/historical?assetclass=etf&fromdate=2016-07-26&todate=2026-07-26&limit=5000
TQQQ,2021-07-28,33.465,33.965,32.8175,33.525,143940280,,https://api.nasdaq.com/api/quote/TQQQ/historical?assetclass=etf&fromdate=2016-07-26&todate=2026-07-26&limit=5000
TQQQ,2021-07-29,33.37,34.03,33.3663,33.69,88638480,,https://api.nasdaq.com/api/quote/TQQQ/historical?assetclass=etf&fromdate=2016-07-26&todate=2026-07-26&limit=5000
TQQQ,2021-07-30,32.5875,33.3375,32.5675,33.185,113118760,,https://api.nasdaq.com/api/quote/TQQQ/historical?assetclass=etf&fromdate=2016-07-26&todate=2026-07-26&limit=5000
TQQQ,2021-08-02,33.635,33.7975,33.005,33.175,109119800,,https://api.nasdaq.com/api/quote/TQQQ/historical?assetclass=etf&fromdate=2016-07-26&todate=2026-07-26&limit=5000
TQQQ,2021-08-03,33.36,33.8,32.4625,33.7525,126835640,,https://api.nasdaq.com/api/quote/TQQQ/historical?assetclass=etf&fromdate=2016-07-26&todate=2026-07-26&limit=5000
TQQQ,2021-08-04,33.7725,34.19,33.45,33.92,96856960,,https://api.nasdaq.com/api/quote/TQQQ/historical?assetclass=etf&fromdate=2016-07-26&todate=2026-07-26&limit=5000
TQQQ,2021-08-05,34.14,34.62,33.95,34.5575,77340520,,https://api.nasdaq.com/api/quote/TQQQ/historical?assetclass=etf&fromdate=2016-07-26&todate=2026-07-26&limit=5000
TQQQ,2021-08-06,34.1975,34.4825,33.7888,34.1075,86305960,,https://api.nasdaq.com/api/quote/TQQQ/historical?assetclass=etf&fromdate=2016-07-26&todate=2026-07-26&limit=5000
TQQQ,2021-08-09,34.2275,34.445,33.92,34.29,68421800,,https://api.nasdaq.com/api/quote/TQQQ/historical?assetclass=etf&fromdate=2016-07-26&todate=2026-07-26&limit=5000
TQQQ,2021-08-10,34.4425,34.5275,33.4288,33.7775,106162440,,https://api.nasdaq.com/api/quote/TQQQ/historical?assetclass=etf&fromdate=2016-07-26&todate=2026-07-26&limit=5000
TQQQ,2021-08-11,34.125,34.2625,33.21,33.595,93187920,,https://api.nasdaq.com/api/quote/TQQQ/historical?assetclass=etf&fromdate=2016-07-26&todate=2026-07-26&limit=5000
TQQQ,2021-08-12,33.4525,34.05,33.06,33.945,79620200,,https://api.nasdaq.com/api/quote/TQQQ/historical?assetclass=etf&fromdate=2016-07-26&todate=2026-07-26&limit=5000
TQQQ,2021-08-13,34.045,34.4025,33.9075,34.285,73289400,,https://api.nasdaq.com/api/quote/TQQQ/historical?assetclass=etf&fromdate=2016-07-26&todate=2026-07-26&limit=5000
TQQQ,2021-08-16,33.985,34.3575,32.8738,34.345,122641560,,https://api.nasdaq.com/api/quote/TQQQ/historical?assetclass=etf&fromdate=2016-07-26&todate=2026-07-26&limit=5000
TQQQ,2021-08-17,33.5525,33.8375,32.7425,33.4425,166395160,,https://api.nasdaq.com/api/quote/TQQQ/historical?assetclass=etf&fromdate=2016-07-26&todate=2026-07-26&limit=5000
TQQQ,2021-08-18,33.275,33.68,32.3775,32.47,130084720,,https://api.nasdaq.com/api/quote/TQQQ/historical?assetclass=etf&fromdate=2016-07-26&todate=2026-07-26&limit=5000
TQQQ,2021-08-19,31.935,33.4,31.8625,32.9325,163247640,,https://api.nasdaq.com/api/quote/TQQQ/historical?assetclass=etf&fromdate=2016-07-26&todate=2026-07-26&limit=5000
TQQQ,2021-08-20,33.2375,34.0675,33.145,33.95,125082280,,https://api.nasdaq.com/api/quote/TQQQ/historical?assetclass=etf&fromdate=2016-07-26&todate=2026-07-26&limit=5000
TQQQ,2021-08-23,34.2575,35.675,34.25,35.4625,96532240,,https://api.nasdaq.com/api/quote/TQQQ/historical?assetclass=etf&fromdate=2016-07-26&todate=2026-07-26&limit=5000
TQQQ,2021-08-24,35.6525,35.985,35.5175,35.8125,72686960,,https://api.nasdaq.com/api/quote/TQQQ/historical?assetclass=etf&fromdate=2016-07-26&todate=2026-07-26&limit=5000
TQQQ,2021-08-25,35.8725,36.1,35.6575,35.8525,76127040,,https://api.nasdaq.com/api/quote/TQQQ/historical?assetclass=etf&fromdate=2016-07-26&todate=2026-07-26&limit=5000
TQQQ,2021-08-26,35.6675,35.8775,35.11,35.245,107004960,,https://api.nasdaq.com/api/quote/TQQQ/historical?assetclass=etf&fromdate=2016-07-26&todate=2026-07-26&limit=5000
TQQQ,2021-08-27,35.4225,36.4,35.285,36.275,92319840,,https://api.nasdaq.com/api/quote/TQQQ/historical?assetclass=etf&fromdate=2016-07-26&todate=2026-07-26&limit=5000
TQQQ,2021-08-30,36.5,37.63,36.4875,37.4775,91270400,,https://api.nasdaq.com/api/quote/TQQQ/historical?assetclass=etf&fromdate=2016-07-26&todate=2026-07-26&limit=5000
TQQQ,2021-08-31,37.555,37.575,36.9225,37.3725,91795880,,https://api.nasdaq.com/api/quote/TQQQ/historical?assetclass=etf&fromdate=2016-07-26&todate=2026-07-26&limit=5000
TQQQ,2021-09-01,37.7075,38.205,37.5175,37.5775,95567920,,https://api.nasdaq.com/api/quote/TQQQ/historical?assetclass=etf&fromdate=2016-07-26&todate=2026-07-26&limit=5000
TQQQ,2021-09-02,37.9875,38.085,37.15,37.525,95298840,,https://api.nasdaq.com/api/quote/TQQQ/historical?assetclass=etf&fromdate=2016-07-26&todate=2026-07-26&limit=5000
TQQQ,2021-09-03,37.175,37.985,37.165,37.8625,93294800,,https://api.nasdaq.com/api/quote/TQQQ/historical?assetclass=etf&fromdate=2016-07-26&todate=2026-07-26&limit=5000
TQQQ,2021-09-07,37.8875,38.22,37.54,38.0175,90370680,,https://api.nasdaq.com/api/quote/TQQQ/historical?assetclass=etf&fromdate=2016-07-26&todate=2026-07-26&limit=5000
TQQQ,2021-09-08,37.9525,37.9625,36.9275,37.6275,126846040,,https://api.nasdaq.com/api/quote/TQQQ/historical?assetclass=etf&fromdate=2016-07-26&todate=2026-07-26&limit=5000
TQQQ,2021-09-09,37.6825,38.025,37.1475,37.225,110573520,,https://api.nasdaq.com/api/quote/TQQQ/historical?assetclass=etf&fromdate=2016-07-26&todate=2026-07-26&limit=5000
TQQQ,2021-09-10,37.75,37.9625,36.2775,36.3875,138435480,,https://api.nasdaq.com/api/quote/TQQQ/historical?assetclass=etf&fromdate=2016-07-26&todate=2026-07-26&limit=5000
TQQQ,2021-09-13,37.0725,37.195,35.69,36.305,155549360,,https://api.nasdaq.com/api/quote/TQQQ/historical?assetclass=etf&fromdate=2016-07-26&todate=2026-07-26&limit=5000
TQQQ,2021-09-14,36.7375,36.965,35.705,35.9925,119258320,,https://api.nasdaq.com/api/quote/TQQQ/historical?assetclass=etf&fromdate=2016-07-26&todate=2026-07-26&limit=5000
TQQQ,2021-09-15,36.1225,36.89,35.4412,36.79,111785240,,https://api.nasdaq.com/api/quote/TQQQ/historical?assetclass=etf&fromdate=2016-07-26&todate=2026-07-26&limit=5000
TQQQ,2021-09-16,36.3875,37.0325,35.81,36.8625,105230840,,https://api.nasdaq.com/api/quote/TQQQ/historical?assetclass=etf&fromdate=2016-07-26&todate=2026-07-26&limit=5000
TQQQ,2021-09-17,36.725,36.7325,35.24,35.56,154650360,,https://api.nasdaq.com/api/quote/TQQQ/historical?assetclass=etf&fromdate=2016-07-26&todate=2026-07-26&limit=5000
TQQQ,2021-09-20,33.855,34.365,32,33.3725,243827280,,https://api.nasdaq.com/api/quote/TQQQ/historical?assetclass=etf&fromdate=2016-07-26&todate=2026-07-26&limit=5000
TQQQ,2021-09-21,33.845,34.1875,33.1475,33.415,143401280,,https://api.nasdaq.com/api/quote/TQQQ/historical?assetclass=etf&fromdate=2016-07-26&todate=2026-07-26&limit=5000
TQQQ,2021-09-22,33.715,34.8075,33.4025,34.3925,175338840,,https://api.nasdaq.com/api/quote/TQQQ/historical?assetclass=etf&fromdate=2016-07-26&todate=2026-07-26&limit=5000
TQQQ,2021-09-23,34.7275,35.6425,34.5425,35.3475,138739160,,https://api.nasdaq.com/api/quote/TQQQ/historical?assetclass=etf&fromdate=2016-07-26&todate=2026-07-26&limit=5000
TQQQ,2021-09-24,34.68,35.5625,34.575,35.4475,109550400,,https://api.nasdaq.com/api/quote/TQQQ/historical?assetclass=etf&fromdate=2016-07-26&todate=2026-07-26&limit=5000
TQQQ,2021-09-27,34.5525,34.85,33.85,34.5925,156710920,,https://api.nasdaq.com/api/quote/TQQQ/historical?assetclass=etf&fromdate=2016-07-26&todate=2026-07-26&limit=5000
TQQQ,2021-09-28,33.285,33.4725,31.5175,31.7075,297645800,,https://api.nasdaq.com/api/quote/TQQQ/historical?assetclass=etf&fromdate=2016-07-26&todate=2026-07-26&limit=5000
TQQQ,2021-09-29,31.99,32.5725,31.325,31.4975,195061200,,https://api.nasdaq.com/api/quote/TQQQ/historical?assetclass=etf&fromdate=2016-07-26&todate=2026-07-26&limit=5000
TQQQ,2021-09-30,31.945,32.385,31.02,31.1425,234624040,,https://api.nasdaq.com/api/quote/TQQQ/historical?assetclass=etf&fromdate=2016-07-26&todate=2026-07-26&limit=5000
TQQQ,2021-10-01,31.3125,32.0025,30.21,31.71,208707960,,https://api.nasdaq.com/api/quote/TQQQ/historical?assetclass=etf&fromdate=2016-07-26&todate=2026-07-26&limit=5000
TQQQ,2021-10-04,31.275,31.3717,29.1175,29.76,257235880,,https://api.nasdaq.com/api/quote/TQQQ/historical?assetclass=etf&fromdate=2016-07-26&todate=2026-07-26&limit=5000
TQQQ,2021-10-05,29.9925,31.5,29.9303,30.905,162612840,,https://api.nasdaq.com/api/quote/TQQQ/historical?assetclass=etf&fromdate=2016-07-26&todate=2026-07-26&limit=5000
TQQQ,2021-10-06,30.065,31.58,29.815,31.515,234990760,,https://api.nasdaq.com/api/quote/TQQQ/historical?assetclass=etf&fromdate=2016-07-26&todate=2026-07-26&limit=5000
TQQQ,2021-10-07,32.3312,33.085,32.1825,32.3675,150815120,,https://api.nasdaq.com/api/quote/TQQQ/historical?assetclass=etf&fromdate=2016-07-26&todate=2026-07-26&limit=5000
TQQQ,2021-10-08,32.6675,32.7305,31.7425,31.87,157132160,,https://api.nasdaq.com/api/quote/TQQQ/historical?assetclass=etf&fromdate=2016-07-26&todate=2026-07-26&limit=5000
TQQQ,2021-10-11,31.465,32.4225,31.1337,31.1625,136215320,,https://api.nasdaq.com/api/quote/TQQQ/historical?assetclass=etf&fromdate=2016-07-26&todate=2026-07-26&limit=5000
TQQQ,2021-10-12,31.5425,31.655,30.6525,30.845,174403480,,https://api.nasdaq.com/api/quote/TQQQ/historical?assetclass=etf&fromdate=2016-07-26&todate=2026-07-26&limit=5000
TQQQ,2021-10-13,31.445,31.7375,30.9,31.5675,140921360,,https://api.nasdaq.com/api/quote/TQQQ/historical?assetclass=etf&fromdate=2016-07-26&todate=2026-07-26&limit=5000
TQQQ,2021-10-14,32.5275,33.3625,32.35,33.31,121749840,,https://api.nasdaq.com/api/quote/TQQQ/historical?assetclass=etf&fromdate=2016-07-26&todate=2026-07-26&limit=5000
TQQQ,2021-10-15,33.65,33.9625,33.355,33.9275,102858120,,https://api.nasdaq.com/api/quote/TQQQ/historical?assetclass=etf&fromdate=2016-07-26&todate=2026-07-26&limit=5000
TQQQ,2021-10-18,33.5625,35.005,33.395,34.945,100876520,,https://api.nasdaq.com/api/quote/TQQQ/historical?assetclass=etf&fromdate=2016-07-26&todate=2026-07-26&limit=5000
TQQQ,2021-10-19,35.26,35.7575,35.07,35.7125,106450720,,https://api.nasdaq.com/api/quote/TQQQ/historical?assetclass=etf&fromdate=2016-07-26&todate=2026-07-26&limit=5000
TQQQ,2021-10-20,35.8725,36.055,35.17,35.6,118709720,,https://api.nasdaq.com/api/quote/TQQQ/historical?assetclass=etf&fromdate=2016-07-26&todate=2026-07-26&limit=5000
TQQQ,2021-10-21,35.3588,36.3025,35.2825,36.2375,92100320,,https://api.nasdaq.com/api/quote/TQQQ/historical?assetclass=etf&fromdate=2016-07-26&todate=2026-07-26&limit=5000
TQQQ,2021-10-22,35.8675,36.165,34.84,35.32,140248320,,https://api.nasdaq.com/api/quote/TQQQ/historical?assetclass=etf&fromdate=2016-07-26&todate=2026-07-26&limit=5000
TQQQ,2021-10-25,35.747,36.6825,35.18,36.38,118951440,,https://api.nasdaq.com/api/quote/TQQQ/historical?assetclass=etf&fromdate=2016-07-26&todate=2026-07-26&limit=5000
TQQQ,2021-10-26,37.08,37.7987,36.4125,36.72,167975560,,https://api.nasdaq.com/api/quote/TQQQ/historical?assetclass=etf&fromdate=2016-07-26&todate=2026-07-26&limit=5000
TQQQ,2021-10-27,36.89,37.93,36.815,37.01,145067840,,https://api.nasdaq.com/api/quote/TQQQ/historical?assetclass=etf&fromdate=2016-07-26&todate=2026-07-26&limit=5000
TQQQ,2021-10-28,37.5775,38.3125,37.35,38.225,130737520,,https://api.nasdaq.com/api/quote/TQQQ/historical?assetclass=etf&fromdate=2016-07-26&todate=2026-07-26&limit=5000
TQQQ,2021-10-29,37.2975,38.85,37.195,38.79,134514320,,https://api.nasdaq.com/api/quote/TQQQ/historical?assetclass=etf&fromdate=2016-07-26&todate=2026-07-26&limit=5000
TQQQ,2021-11-01,38.95,39.2325,38.295,39.1725,130045480,,https://api.nasdaq.com/api/quote/TQQQ/historical?assetclass=etf&fromdate=2016-07-26&todate=2026-07-26&limit=5000
TQQQ,2021-11-02,39.0063,39.8425,38.99,39.695,120171240,,https://api.nasdaq.com/api/quote/TQQQ/historical?assetclass=etf&fromdate=2016-07-26&todate=2026-07-26&limit=5000
TQQQ,2021-11-03,39.835,41.08,39.5175,40.955,145210440,,https://api.nasdaq.com/api/quote/TQQQ/historical?assetclass=etf&fromdate=2016-07-26&todate=2026-07-26&limit=5000
TQQQ,2021-11-04,41.3575,42.8369,41.1825,42.4825,160879440,,https://api.nasdaq.com/api/quote/TQQQ/historical?assetclass=etf&fromdate=2016-07-26&todate=2026-07-26&limit=5000
TQQQ,2021-11-05,43.115,43.415,42.1825,42.64,170505440,,https://api.nasdaq.com/api/quote/TQQQ/historical?assetclass=etf&fromdate=2016-07-26&todate=2026-07-26&limit=5000
TQQQ,2021-11-08,42.625,42.975,42.265,42.465,112919640,,https://api.nasdaq.com/api/quote/TQQQ/historical?assetclass=etf&fromdate=2016-07-26&todate=2026-07-26&limit=5000
TQQQ,2021-11-09,42.8125,42.9487,41.1425,41.59,176237640,,https://api.nasdaq.com/api/quote/TQQQ/historical?assetclass=etf&fromdate=2016-07-26&todate=2026-07-26&limit=5000
TQQQ,2021-11-10,40.68,41.6,39.125,39.7675,193953440,,https://api.nasdaq.com/api/quote/TQQQ/historical?assetclass=etf&fromdate=2016-07-26&todate=2026-07-26&limit=5000
TQQQ,2021-11-11,40.6875,40.7475,39.975,40.09,115438080,,https://api.nasdaq.com/api/quote/TQQQ/historical?assetclass=etf&fromdate=2016-07-26&todate=2026-07-26&limit=5000
TQQQ,2021-11-12,40.4525,41.5175,39.9375,41.3625,127640800,,https://api.nasdaq.com/api/quote/TQQQ/historical?assetclass=etf&fromdate=2016-07-26&todate=2026-07-26&limit=5000
TQQQ,2021-11-15,41.7275,41.8275,40.5225,41.35,139458200,,https://api.nasdaq.com/api/quote/TQQQ/historical?assetclass=etf&fromdate=2016-07-26&todate=2026-07-26&limit=5000
TQQQ,2021-11-16,41.0725,42.3521,41.015,42.205,103181600,,https://api.nasdaq.com/api/quote/TQQQ/historical?assetclass=etf&fromdate=2016-07-26&todate=2026-07-26&limit=5000
TQQQ,2021-11-17,42.3025,42.9213,41.9475,42.255,115935880,,https://api.nasdaq.com/api/quote/TQQQ/historical?assetclass=etf&fromdate=2016-07-26&todate=2026-07-26&limit=5000
TQQQ,2021-11-18,42.92,43.725,42.1925,43.5475,173683360,,https://api.nasdaq.com/api/quote/TQQQ/historical?assetclass=etf&fromdate=2016-07-26&todate=2026-07-26&limit=5000
TQQQ,2021-11-19,44.1075,44.7175,43.83,44.285,129214320,,https://api.nasdaq.com/api/quote/TQQQ/historical?assetclass=etf&fromdate=2016-07-26&todate=2026-07-26&limit=5000
TQQQ,2021-11-22,44.8225,45.84,42.715,42.75,179044800,,https://api.nasdaq.com/api/quote/TQQQ/historical?assetclass=etf&fromdate=2016-07-26&todate=2026-07-26&limit=5000
TQQQ,2021-11-23,42.3625,43.0425,40.6975,42.1675,226025400,,https://api.nasdaq.com/api/quote/TQQQ/historical?assetclass=etf&fromdate=2016-07-26&todate=2026-07-26&limit=5000
TQQQ,2021-11-24,41.3275,42.64,40.5825,42.5575,198241600,,https://api.nasdaq.com/api/quote/TQQQ/historical?assetclass=etf&fromdate=2016-07-26&todate=2026-07-26&limit=5000
TQQQ,2021-11-26,41.695,42.16,39.68,40.21,177682280,,https://api.nasdaq.com/api/quote/TQQQ/historical?assetclass=etf&fromdate=2016-07-26&todate=2026-07-26&limit=5000
TQQQ,2021-11-29,41.55,43.04,41.3325,42.7075,158931880,,https://api.nasdaq.com/api/quote/TQQQ/historical?assetclass=etf&fromdate=2016-07-26&todate=2026-07-26&limit=5000
TQQQ,2021-11-30,42.42,43.1975,40.1775,40.8725,302586000,,https://api.nasdaq.com/api/quote/TQQQ/historical?assetclass=etf&fromdate=2016-07-26&todate=2026-07-26&limit=5000
TQQQ,2021-12-01,42.215,42.905,38.6175,38.775,304115200,,https://api.nasdaq.com/api/quote/TQQQ/historical?assetclass=etf&fromdate=2016-07-26&todate=2026-07-26&limit=5000
TQQQ,2021-12-02,38.355,40.1298,37.9125,39.505,396432920,,https://api.nasdaq.com/api/quote/TQQQ/historical?assetclass=etf&fromdate=2016-07-26&todate=2026-07-26&limit=5000
TQQQ,2021-12-03,40,40.32,36.2325,37.52,480573600,,https://api.nasdaq.com/api/quote/TQQQ/historical?assetclass=etf&fromdate=2016-07-26&todate=2026-07-26&limit=5000
TQQQ,2021-12-06,37.6475,38.82,36.3825,38.3975,304827920,,https://api.nasdaq.com/api/quote/TQQQ/historical?assetclass=etf&fromdate=2016-07-26&todate=2026-07-26&limit=5000
TQQQ,2021-12-07,40.4425,42.07,40.435,41.86,270578400,,https://api.nasdaq.com/api/quote/TQQQ/historical?assetclass=etf&fromdate=2016-07-26&todate=2026-07-26&limit=5000
TQQQ,2021-12-08,41.9725,42.5,41.3675,42.4425,205243480,,https://api.nasdaq.com/api/quote/TQQQ/historical?assetclass=etf&fromdate=2016-07-26&todate=2026-07-26&limit=5000
TQQQ,2021-12-09,42.0375,42.6275,40.5,40.61,212801920,,https://api.nasdaq.com/api/quote/TQQQ/historical?assetclass=etf&fromdate=2016-07-26&todate=2026-07-26&limit=5000
TQQQ,2021-12-10,41.4425,41.9575,40.445,41.8675,203075400,,https://api.nasdaq.com/api/quote/TQQQ/historical?assetclass=etf&fromdate=2016-07-26&todate=2026-07-26&limit=5000
TQQQ,2021-12-13,41.8675,41.9725,39.945,40.0675,179145200,,https://api.nasdaq.com/api/quote/TQQQ/historical?assetclass=etf&fromdate=2016-07-26&todate=2026-07-26&limit=5000
TQQQ,2021-12-14,38.53,39.39,37.4575,38.875,230933520,,https://api.nasdaq.com/api/quote/TQQQ/historical?assetclass=etf&fromdate=2016-07-26&todate=2026-07-26&limit=5000
TQQQ,2021-12-15,38.74,41.5673,37.5075,41.4475,269061200,,https://api.nasdaq.com/api/quote/TQQQ/historical?assetclass=etf&fromdate=2016-07-26&todate=2026-07-26&limit=5000
TQQQ,2021-12-16,41.7525,41.905,37.7375,38.285,296219800,,https://api.nasdaq.com/api/quote/TQQQ/historical?assetclass=etf&fromdate=2016-07-26&todate=2026-07-26&limit=5000
TQQQ,2021-12-17,37.2075,38.9475,36.75,37.7,300272160,,https://api.nasdaq.com/api/quote/TQQQ/historical?assetclass=etf&fromdate=2016-07-26&todate=2026-07-26&limit=5000
TQQQ,2021-12-20,36.255,36.8125,35.625,36.5725,241865880,,https://api.nasdaq.com/api/quote/TQQQ/historical?assetclass=etf&fromdate=2016-07-26&todate=2026-07-26&limit=5000
TQQQ,2021-12-21,37.54,39.1123,36.4275,39.0175,219124880,,https://api.nasdaq.com/api/quote/TQQQ/historical?assetclass=etf&fromdate=2016-07-26&todate=2026-07-26&limit=5000
TQQQ,2021-12-22,38.895,40.5,38.7058,40.41,177222720,,https://api.nasdaq.com/api/quote/TQQQ/historical?assetclass=etf&fromdate=2016-07-26&todate=2026-07-26&limit=5000
TQQQ,2021-12-23,40.5425,41.8225,40.4925,41.37,131308240,,https://api.nasdaq.com/api/quote/TQQQ/historical?assetclass=etf&fromdate=2016-07-26&todate=2026-07-26&limit=5000
TQQQ,2021-12-27,41.7725,43.3825,41.75,43.3475,125963280,,https://api.nasdaq.com/api/quote/TQQQ/historical?assetclass=etf&fromdate=2016-07-26&todate=2026-07-26&limit=5000
TQQQ,2021-12-28,43.69,43.745,42.5075,42.8375,144825040,,https://api.nasdaq.com/api/quote/TQQQ/historical?assetclass=etf&fromdate=2016-07-26&todate=2026-07-26&limit=5000
TQQQ,2021-12-29,42.8275,43.2475,41.9877,42.77,115494680,,https://api.nasdaq.com/api/quote/TQQQ/historical?assetclass=etf&fromdate=2016-07-26&todate=2026-07-26&limit=5000
TQQQ,2021-12-30,42.6925,43.4138,42.1925,42.37,113271640,,https://api.nasdaq.com/api/quote/TQQQ/historical?assetclass=etf&fromdate=2016-07-26&todate=2026-07-26&limit=5000
TQQQ,2021-12-31,42.1575,42.6,41.4275,41.5825,120497120,,https://api.nasdaq.com/api/quote/TQQQ/historical?assetclass=etf&fromdate=2016-07-26&todate=2026-07-26&limit=5000
TQQQ,2022-01-03,41.9575,42.86,41.28,42.7825,153010320,,https://api.nasdaq.com/api/quote/TQQQ/historical?assetclass=etf&fromdate=2016-07-26&todate=2026-07-26&limit=5000
TQQQ,2022-01-04,42.9575,42.9725,40.0975,41.12,213296240,,https://api.nasdaq.com/api/quote/TQQQ/historical?assetclass=etf&fromdate=2016-07-26&todate=2026-07-26&limit=5000
TQQQ,2022-01-05,40.595,40.93,37.2506,37.3375,266490480,,https://api.nasdaq.com/api/quote/TQQQ/historical?assetclass=etf&fromdate=2016-07-26&todate=2026-07-26&limit=5000
TQQQ,2022-01-06,36.7575,38.2025,36.105,37.235,308453160,,https://api.nasdaq.com/api/quote/TQQQ/historical?assetclass=etf&fromdate=2016-07-26&todate=2026-07-26&limit=5000
TQQQ,2022-01-07,37.225,37.735,35.5,36.0175,285426960,,https://api.nasdaq.com/api/quote/TQQQ/historical?assetclass=etf&fromdate=2016-07-26&todate=2026-07-26&limit=5000
TQQQ,2022-01-10,34.5875,36.235,33.025,36.15,358434800,,https://api.nasdaq.com/api/quote/TQQQ/historical?assetclass=etf&fromdate=2016-07-26&todate=2026-07-26&limit=5000
TQQQ,2022-01-11,35.8575,37.7575,35.26,37.74,308653640,,https://api.nasdaq.com/api/quote/TQQQ/historical?assetclass=etf&fromdate=2016-07-26&todate=2026-07-26&limit=5000
TQQQ,2022-01-12,38.4925,38.9825,37.47,38.17,276742360,,https://api.nasdaq.com/api/quote/TQQQ/historical?assetclass=etf&fromdate=2016-07-26&todate=2026-07-26&limit=5000
TQQQ,2022-01-13,38.565,38.775,35.01,35.4,173531820,,https://api.nasdaq.com/api/quote/TQQQ/historical?assetclass=etf&fromdate=2016-07-26&todate=2026-07-26&limit=5000
TQQQ,2022-01-14,34.545,36.0325,34.5,35.935,178451640,,https://api.nasdaq.com/api/quote/TQQQ/historical?assetclass=etf&fromdate=2016-07-26&todate=2026-07-26&limit=5000
TQQQ,2022-01-18,34.2425,34.86,33.03,33.345,156341740,,https://api.nasdaq.com/api/quote/TQQQ/historical?assetclass=etf&fromdate=2016-07-26&todate=2026-07-26&limit=5000
TQQQ,2022-01-19,33.68,34.355,32.08,32.185,183284400,,https://api.nasdaq.com/api/quote/TQQQ/historical?assetclass=etf&fromdate=2016-07-26&todate=2026-07-26&limit=5000
TQQQ,2022-01-20,33.01,34.09,30.75,30.94,172197060,,https://api.nasdaq.com/api/quote/TQQQ/historical?assetclass=etf&fromdate=2016-07-26&todate=2026-07-26&limit=5000
TQQQ,2022-01-21,30.31,31.0125,28.25,28.335,342054600,,https://api.nasdaq.com/api/quote/TQQQ/historical?assetclass=etf&fromdate=2016-07-26&todate=2026-07-26&limit=5000
TQQQ,2022-01-24,26.9225,28.875,24.085,28.745,511809200,,https://api.nasdaq.com/api/quote/TQQQ/historical?assetclass=etf&fromdate=2016-07-26&todate=2026-07-26&limit=5000
TQQQ,2022-01-25,27.075,28.155,25.875,26.625,347498000,,https://api.nasdaq.com/api/quote/TQQQ/historical?assetclass=etf&fromdate=2016-07-26&todate=2026-07-26&limit=5000
TQQQ,2022-01-26,28.495,29.425,25.685,26.575,415676200,,https://api.nasdaq.com/api/quote/TQQQ/historical?assetclass=etf&fromdate=2016-07-26&todate=2026-07-26&limit=5000
TQQQ,2022-01-27,27.7,28.12,25.52,25.78,323528200,,https://api.nasdaq.com/api/quote/TQQQ/historical?assetclass=etf&fromdate=2016-07-26&todate=2026-07-26&limit=5000
TQQQ,2022-01-28,26.2,28.23,25.05,28.185,334032400,,https://api.nasdaq.com/api/quote/TQQQ/historical?assetclass=etf&fromdate=2016-07-26&todate=2026-07-26&limit=5000
TQQQ,2022-01-31,28.5225,31.0299,28.11,30.915,227502200,,https://api.nasdaq.com/api/quote/TQQQ/historical?assetclass=etf&fromdate=2016-07-26&todate=2026-07-26&limit=5000
TQQQ,2022-02-01,31.21,31.675,29.865,31.505,203691600,,https://api.nasdaq.com/api/quote/TQQQ/historical?assetclass=etf&fromdate=2016-07-26&todate=2026-07-26&limit=5000
TQQQ,2022-02-02,32.61,32.6848,31.175,32.25,201630400,,https://api.nasdaq.com/api/quote/TQQQ/historical?assetclass=etf&fromdate=2016-07-26&todate=2026-07-26&limit=5000
TQQQ,2022-02-03,29.66,30.535,28.06,28.37,211150000,,https://api.nasdaq.com/api/quote/TQQQ/historical?assetclass=etf&fromdate=2016-07-26&todate=2026-07-26&limit=5000
TQQQ,2022-02-04,28.435,30.205,27.945,29.35,193068820,,https://api.nasdaq.com/api/quote/TQQQ/historical?assetclass=etf&fromdate=2016-07-26&todate=2026-07-26&limit=5000
TQQQ,2022-02-07,29.535,30.135,28.36,28.685,153912240,,https://api.nasdaq.com/api/quote/TQQQ/historical?assetclass=etf&fromdate=2016-07-26&todate=2026-07-26&limit=5000
TQQQ,2022-02-08,28.4,29.9127,28.115,29.66,158593220,,https://api.nasdaq.com/api/quote/TQQQ/historical?assetclass=etf&fromdate=2016-07-26&todate=2026-07-26&limit=5000
TQQQ,2022-02-09,30.78,31.54,30.38,31.5,151075400,,https://api.nasdaq.com/api/quote/TQQQ/historical?assetclass=etf&fromdate=2016-07-26&todate=2026-07-26&limit=5000
TQQQ,2022-02-10,29.655,31.455,28.9,29.41,254286600,,https://api.nasdaq.com/api/quote/TQQQ/historical?assetclass=etf&fromdate=2016-07-26&todate=2026-07-26&limit=5000
TQQQ,2022-02-11,29.39,29.775,26.2775,26.64,268511200,,https://api.nasdaq.com/api/quote/TQQQ/historical?assetclass=etf&fromdate=2016-07-26&todate=2026-07-26&limit=5000
TQQQ,2022-02-14,26.45,27.485,25.85,26.715,190125060,,https://api.nasdaq.com/api/quote/TQQQ/historical?assetclass=etf&fromdate=2016-07-26&todate=2026-07-26&limit=5000
TQQQ,2022-02-15,27.915,28.72,27.675,28.65,164171180,,https://api.nasdaq.com/api/quote/TQQQ/historical?assetclass=etf&fromdate=2016-07-26&todate=2026-07-26&limit=5000
TQQQ,2022-02-16,28.135,28.9,27.35,28.645,186181040,,https://api.nasdaq.com/api/quote/TQQQ/historical?assetclass=etf&fromdate=2016-07-26&todate=2026-07-26&limit=5000
TQQQ,2022-02-17,27.82,28.025,25.985,26.105,157671300,,https://api.nasdaq.com/api/quote/TQQQ/historical?assetclass=etf&fromdate=2016-07-26&todate=2026-07-26&limit=5000
TQQQ,2022-02-18,26.295,26.3945,24.655,25.22,226165400,,https://api.nasdaq.com/api/quote/TQQQ/historical?assetclass=etf&fromdate=2016-07-26&todate=2026-07-26&limit=5000
TQQQ,2022-02-22,24.52,25.75,23.6025,24.44,262876200,,https://api.nasdaq.com/api/quote/TQQQ/historical?assetclass=etf&fromdate=2016-07-26&todate=2026-07-26&limit=5000
TQQQ,2022-02-23,25.12,25.315,22.485,22.57,260920400,,https://api.nasdaq.com/api/quote/TQQQ/historical?assetclass=etf&fromdate=2016-07-26&todate=2026-07-26&limit=5000
TQQQ,2022-02-24,20.38,24.925,20.305,24.78,389734800,,https://api.nasdaq.com/api/quote/TQQQ/historical?assetclass=etf&fromdate=2016-07-26&todate=2026-07-26&limit=5000
TQQQ,2022-02-25,24.9975,26.0025,24.125,25.955,238372200,,https://api.nasdaq.com/api/quote/TQQQ/historical?assetclass=etf&fromdate=2016-07-26&todate=2026-07-26&limit=5000
TQQQ,2022-02-28,25.2275,26.5925,24.9603,26.23,243401000,,https://api.nasdaq.com/api/quote/TQQQ/historical?assetclass=etf&fromdate=2016-07-26&todate=2026-07-26&limit=5000
TQQQ,2022-03-01,25.96,26.485,24.425,25.02,248145000,,https://api.nasdaq.com/api/quote/TQQQ/historical?assetclass=etf&fromdate=2016-07-26&todate=2026-07-26&limit=5000
TQQQ,2022-03-02,25.335,26.525,24.71,26.215,219495800,,https://api.nasdaq.com/api/quote/TQQQ/historical?assetclass=etf&fromdate=2016-07-26&todate=2026-07-26&limit=5000
TQQQ,2022-03-03,26.875,26.89,24.685,25.12,223888600,,https://api.nasdaq.com/api/quote/TQQQ/historical?assetclass=etf&fromdate=2016-07-26&todate=2026-07-26&limit=5000
TQQQ,2022-03-04,24.5825,24.9,23.5,24.045,231823000,,https://api.nasdaq.com/api/quote/TQQQ/historical?assetclass=etf&fromdate=2016-07-26&todate=2026-07-26&limit=5000
TQQQ,2022-03-07,24.0225,24.2701,21.315,21.36,249752600,,https://api.nasdaq.com/api/quote/TQQQ/historical?assetclass=etf&fromdate=2016-07-26&todate=2026-07-26&limit=5000
TQQQ,2022-03-08,21.195,23,20.385,21.065,355936000,,https://api.nasdaq.com/api/quote/TQQQ/historical?assetclass=etf&fromdate=2016-07-26&todate=2026-07-26&limit=5000
TQQQ,2022-03-09,22.7,23.6,22.175,23.32,219074200,,https://api.nasdaq.com/api/quote/TQQQ/historical?assetclass=etf&fromdate=2016-07-26&todate=2026-07-26&limit=5000
TQQQ,2022-03-10,22.45,22.81,21.5952,22.57,225574800,,https://api.nasdaq.com/api/quote/TQQQ/historical?assetclass=etf&fromdate=2016-07-26&todate=2026-07-26&limit=5000
TQQQ,2022-03-11,23.17,23.235,21.045,21.17,197814860,,https://api.nasdaq.com/api/quote/TQQQ/historical?assetclass=etf&fromdate=2016-07-26&todate=2026-07-26&limit=5000
TQQQ,2022-03-14,20.905,21.565,19.78,19.93,246265200,,https://api.nasdaq.com/api/quote/TQQQ/historical?assetclass=etf&fromdate=2016-07-26&todate=2026-07-26&limit=5000
TQQQ,2022-03-15,20.435,21.9449,20.1175,21.775,211407200,,https://api.nasdaq.com/api/quote/TQQQ/historical?assetclass=etf&fromdate=2016-07-26&todate=2026-07-26&limit=5000
TQQQ,2022-03-16,22.58,24.24,21.845,24.22,326175000,,https://api.nasdaq.com/api/quote/TQQQ/historical?assetclass=etf&fromdate=2016-07-26&todate=2026-07-26&limit=5000
TQQQ,2022-03-17,23.795,25.095,23.52,25.03,192061560,,https://api.nasdaq.com/api/quote/TQQQ/historical?assetclass=etf&fromdate=2016-07-26&todate=2026-07-26&limit=5000
TQQQ,2022-03-18,24.73,26.705,24.4653,26.585,201569600,,https://api.nasdaq.com/api/quote/TQQQ/historical?assetclass=etf&fromdate=2016-07-26&todate=2026-07-26&limit=5000
TQQQ,2022-03-21,26.43,26.9625,25.385,26.395,221094600,,https://api.nasdaq.com/api/quote/TQQQ/historical?assetclass=etf&fromdate=2016-07-26&todate=2026-07-26&limit=5000
TQQQ,2022-03-22,26.535,28.17,26.435,27.955,186689260,,https://api.nasdaq.com/api/quote/TQQQ/historical?assetclass=etf&fromdate=2016-07-26&todate=2026-07-26&limit=5000
TQQQ,2022-03-23,27.28,28.1347,26.75,26.775,205499400,,https://api.nasdaq.com/api/quote/TQQQ/historical?assetclass=etf&fromdate=2016-07-26&todate=2026-07-26&limit=5000
TQQQ,2022-03-24,27.215,28.545,26.705,28.51,171150500,,https://api.nasdaq.com/api/quote/TQQQ/historical?assetclass=etf&fromdate=2016-07-26&todate=2026-07-26&limit=5000
TQQQ,2022-03-25,28.52,28.7806,27.425,28.465,198789380,,https://api.nasdaq.com/api/quote/TQQQ/historical?assetclass=etf&fromdate=2016-07-26&todate=2026-07-26&limit=5000
TQQQ,2022-03-28,28.46,29.805,28.165,29.76,183407440,,https://api.nasdaq.com/api/quote/TQQQ/historical?assetclass=etf&fromdate=2016-07-26&todate=2026-07-26&limit=5000
TQQQ,2022-03-29,30.76,31.48,30.07,31.285,204013400,,https://api.nasdaq.com/api/quote/TQQQ/historical?assetclass=etf&fromdate=2016-07-26&todate=2026-07-26&limit=5000
TQQQ,2022-03-30,30.84,31.27,29.9,30.345,167818820,,https://api.nasdaq.com/api/quote/TQQQ/historical?assetclass=etf&fromdate=2016-07-26&todate=2026-07-26&limit=5000
TQQQ,2022-03-31,30.32,30.415,28.95,29.09,168098860,,https://api.nasdaq.com/api/quote/TQQQ/historical?assetclass=etf&fromdate=2016-07-26&todate=2026-07-26&limit=5000
TQQQ,2022-04-01,29.215,29.4075,28.2,28.965,176162620,,https://api.nasdaq.com/api/quote/TQQQ/historical?assetclass=etf&fromdate=2016-07-26&todate=2026-07-26&limit=5000
TQQQ,2022-04-04,29.19,30.775,29.115,30.775,137515040,,https://api.nasdaq.com/api/quote/TQQQ/historical?assetclass=etf&fromdate=2016-07-26&todate=2026-07-26&limit=5000
TQQQ,2022-04-05,30.41,30.58,28.43,28.74,172097640,,https://api.nasdaq.com/api/quote/TQQQ/historical?assetclass=etf&fromdate=2016-07-26&todate=2026-07-26&limit=5000
TQQQ,2022-04-06,27.41,27.6844,26.2,26.85,296859800,,https://api.nasdaq.com/api/quote/TQQQ/historical?assetclass=etf&fromdate=2016-07-26&todate=2026-07-26&limit=5000
TQQQ,2022-04-07,26.615,27.5445,25.79,27.025,229654000,,https://api.nasdaq.com/api/quote/TQQQ/historical?assetclass=etf&fromdate=2016-07-26&todate=2026-07-26&limit=5000
TQQQ,2022-04-08,26.61,26.795,25.75,25.92,204182400,,https://api.nasdaq.com/api/quote/TQQQ/historical?assetclass=etf&fromdate=2016-07-26&todate=2026-07-26&limit=5000
TQQQ,2022-04-11,24.915,25.135,23.975,24.08,185914500,,https://api.nasdaq.com/api/quote/TQQQ/historical?assetclass=etf&fromdate=2016-07-26&todate=2026-07-26&limit=5000
TQQQ,2022-04-12,25.08,25.4875,23.445,23.77,247928200,,https://api.nasdaq.com/api/quote/TQQQ/historical?assetclass=etf&fromdate=2016-07-26&todate=2026-07-26&limit=5000
TQQQ,2022-04-13,23.83,25.4175,23.665,25.195,190084620,,https://api.nasdaq.com/api/quote/TQQQ/historical?assetclass=etf&fromdate=2016-07-26&todate=2026-07-26&limit=5000
TQQQ,2022-04-14,25.21,25.325,23.4153,23.5,167843540,,https://api.nasdaq.com/api/quote/TQQQ/historical?assetclass=etf&fromdate=2016-07-26&todate=2026-07-26&limit=5000
TQQQ,2022-04-18,23.235,24.005,22.91,23.565,175525400,,https://api.nasdaq.com/api/quote/TQQQ/historical?assetclass=etf&fromdate=2016-07-26&todate=2026-07-26&limit=5000
TQQQ,2022-04-19,23.365,25.2099,23.155,25.08,172372660,,https://api.nasdaq.com/api/quote/TQQQ/historical?assetclass=etf&fromdate=2016-07-26&todate=2026-07-26&limit=5000
TQQQ,2022-04-20,25.285,25.37,23.72,23.95,215629400,,https://api.nasdaq.com/api/quote/TQQQ/historical?assetclass=etf&fromdate=2016-07-26&todate=2026-07-26&limit=5000
TQQQ,2022-04-21,24.82,25.385,22.295,22.545,268626400,,https://api.nasdaq.com/api/quote/TQQQ/historical?assetclass=etf&fromdate=2016-07-26&todate=2026-07-26&limit=5000
TQQQ,2022-04-22,22.525,22.785,20.64,20.755,248824800,,https://api.nasdaq.com/api/quote/TQQQ/historical?assetclass=etf&fromdate=2016-07-26&todate=2026-07-26&limit=5000
TQQQ,2022-04-25,20.405,21.58,20.155,21.525,332878800,,https://api.nasdaq.com/api/quote/TQQQ/historical?assetclass=etf&fromdate=2016-07-26&todate=2026-07-26&limit=5000
TQQQ,2022-04-26,21.11,21.145,19.05,19.105,332263200,,https://api.nasdaq.com/api/quote/TQQQ/historical?assetclass=etf&fromdate=2016-07-26&todate=2026-07-26&limit=5000
TQQQ,2022-04-27,19.085,20.11,18.685,19.02,316698600,,https://api.nasdaq.com/api/quote/TQQQ/historical?assetclass=etf&fromdate=2016-07-26&todate=2026-07-26&limit=5000
TQQQ,2022-04-28,19.9125,21.365,19.14,21.03,344698400,,https://api.nasdaq.com/api/quote/TQQQ/historical?assetclass=etf&fromdate=2016-07-26&todate=2026-07-26&limit=5000
TQQQ,2022-04-29,20.195,20.8845,18.1,18.265,320116800,,https://api.nasdaq.com/api/quote/TQQQ/historical?assetclass=etf&fromdate=2016-07-26&todate=2026-07-26&limit=5000
TQQQ,2022-05-02,18.125,19.14,17.565,19.125,311905600,,https://api.nasdaq.com/api/quote/TQQQ/historical?assetclass=etf&fromdate=2016-07-26&todate=2026-07-26&limit=5000
TQQQ,2022-05-03,19.095,19.5847,18.65,19.17,285565600,,https://api.nasdaq.com/api/quote/TQQQ/historical?assetclass=etf&fromdate=2016-07-26&todate=2026-07-26&limit=5000
TQQQ,2022-05-04,19.245,21.225,18.265,21.07,438806800,,https://api.nasdaq.com/api/quote/TQQQ/historical?assetclass=etf&fromdate=2016-07-26&todate=2026-07-26&limit=5000
TQQQ,2022-05-05,20.25,20.255,17.26,17.93,455552600,,https://api.nasdaq.com/api/quote/TQQQ/historical?assetclass=etf&fromdate=2016-07-26&todate=2026-07-26&limit=5000
TQQQ,2022-05-06,17.545,18.265,16.55,17.305,466794400,,https://api.nasdaq.com/api/quote/TQQQ/historical?assetclass=etf&fromdate=2016-07-26&todate=2026-07-26&limit=5000
TQQQ,2022-05-09,16.28,16.71,15.005,15.26,420419800,,https://api.nasdaq.com/api/quote/TQQQ/historical?assetclass=etf&fromdate=2016-07-26&todate=2026-07-26&limit=5000
TQQQ,2022-05-10,16.3575,16.54,15.14,15.785,463579600,,https://api.nasdaq.com/api/quote/TQQQ/historical?assetclass=etf&fromdate=2016-07-26&todate=2026-07-26&limit=5000
TQQQ,2022-05-11,15.425,16.3,14.235,14.38,529531800,,https://api.nasdaq.com/api/quote/TQQQ/historical?assetclass=etf&fromdate=2016-07-26&todate=2026-07-26&limit=5000
TQQQ,2022-05-12,13.715,14.945,13.345,14.265,590993000,,https://api.nasdaq.com/api/quote/TQQQ/historical?assetclass=etf&fromdate=2016-07-26&todate=2026-07-26&limit=5000
TQQQ,2022-05-13,14.925,16,14.69,15.815,395948000,,https://api.nasdaq.com/api/quote/TQQQ/historical?assetclass=etf&fromdate=2016-07-26&todate=2026-07-26&limit=5000
TQQQ,2022-05-16,15.565,15.89,15.09,15.325,318388000,,https://api.nasdaq.com/api/quote/TQQQ/historical?assetclass=etf&fromdate=2016-07-26&todate=2026-07-26&limit=5000
TQQQ,2022-05-17,16.215,16.54,15.6198,16.48,307981400,,https://api.nasdaq.com/api/quote/TQQQ/historical?assetclass=etf&fromdate=2016-07-26&todate=2026-07-26&limit=5000
TQQQ,2022-05-18,15.73,15.845,13.845,14.075,328105200,,https://api.nasdaq.com/api/quote/TQQQ/historical?assetclass=etf&fromdate=2016-07-26&todate=2026-07-26&limit=5000
TQQQ,2022-05-19,13.77,14.51,13.52,13.79,392015600,,https://api.nasdaq.com/api/quote/TQQQ/historical?assetclass=etf&fromdate=2016-07-26&todate=2026-07-26&limit=5000
TQQQ,2022-05-20,14.325,14.42,12.465,13.67,458111200,,https://api.nasdaq.com/api/quote/TQQQ/historical?assetclass=etf&fromdate=2016-07-26&todate=2026-07-26&limit=5000
TQQQ,2022-05-23,13.825,14.415,13.48,14.345,341040600,,https://api.nasdaq.com/api/quote/TQQQ/historical?assetclass=etf&fromdate=2016-07-26&todate=2026-07-26&limit=5000
TQQQ,2022-05-24,13.5725,13.68,12.7125,13.45,366488600,,https://api.nasdaq.com/api/quote/TQQQ/historical?assetclass=etf&fromdate=2016-07-26&todate=2026-07-26&limit=5000
TQQQ,2022-05-25,13.22,14.3,13.1925,13.99,361283800,,https://api.nasdaq.com/api/quote/TQQQ/historical?assetclass=etf&fromdate=2016-07-26&todate=2026-07-26&limit=5000
TQQQ,2022-05-26,13.88,15.39,13.84,15.16,337131600,,https://api.nasdaq.com/api/quote/TQQQ/historical?assetclass=etf&fromdate=2016-07-26&todate=2026-07-26&limit=5000
TQQQ,2022-05-27,15.6475,16.6696,15.635,16.645,315035800,,https://api.nasdaq.com/api/quote/TQQQ/historical?assetclass=etf&fromdate=2016-07-26&todate=2026-07-26&limit=5000
TQQQ,2022-05-31,16.65,17,15.8656,16.525,369158600,,https://api.nasdaq.com/api/quote/TQQQ/historical?assetclass=etf&fromdate=2016-07-26&todate=2026-07-26&limit=5000
TQQQ,2022-06-01,16.855,17.215,15.775,16.14,398894200,,https://api.nasdaq.com/api/quote/TQQQ/historical?assetclass=etf&fromdate=2016-07-26&todate=2026-07-26&limit=5000
TQQQ,2022-06-02,15.96,17.49,15.725,17.45,336861400,,https://api.nasdaq.com/api/quote/TQQQ/historical?assetclass=etf&fromdate=2016-07-26&todate=2026-07-26&limit=5000
TQQQ,2022-06-03,16.57,16.815,15.88,16.07,324723800,,https://api.nasdaq.com/api/quote/TQQQ/historical?assetclass=etf&fromdate=2016-07-26&todate=2026-07-26&limit=5000
TQQQ,2022-06-06,16.8075,17.065,16,16.27,300958600,,https://api.nasdaq.com/api/quote/TQQQ/historical?assetclass=etf&fromdate=2016-07-26&todate=2026-07-26&limit=5000
TQQQ,2022-06-07,15.71,16.7975,15.525,16.665,274886600,,https://api.nasdaq.com/api/quote/TQQQ/historical?assetclass=etf&fromdate=2016-07-26&todate=2026-07-26&limit=5000
TQQQ,2022-06-08,16.5375,16.97,16.165,16.325,225706000,,https://api.nasdaq.com/api/quote/TQQQ/historical?assetclass=etf&fromdate=2016-07-26&todate=2026-07-26&limit=5000
TQQQ,2022-06-09,16.035,16.53,14.966,14.995,275959400,,https://api.nasdaq.com/api/quote/TQQQ/historical?assetclass=etf&fromdate=2016-07-26&todate=2026-07-26&limit=5000
TQQQ,2022-06-10,14.1275,14.31,13.335,13.395,343352200,,https://api.nasdaq.com/api/quote/TQQQ/historical?assetclass=etf&fromdate=2016-07-26&todate=2026-07-26&limit=5000
TQQQ,2022-06-13,12.135,12.49,11.41,11.54,426731400,,https://api.nasdaq.com/api/quote/TQQQ/historical?assetclass=etf&fromdate=2016-07-26&todate=2026-07-26&limit=5000
TQQQ,2022-06-14,11.82,11.935,11.26,11.615,393201000,,https://api.nasdaq.com/api/quote/TQQQ/historical?assetclass=etf&fromdate=2016-07-26&todate=2026-07-26&limit=5000
TQQQ,2022-06-15,12.03,12.96,11.67,12.45,549823000,,https://api.nasdaq.com/api/quote/TQQQ/historical?assetclass=etf&fromdate=2016-07-26&todate=2026-07-26&limit=5000
TQQQ,2022-06-16,11.495,11.56,10.66,10.93,424284400,,https://api.nasdaq.com/api/quote/TQQQ/historical?assetclass=etf&fromdate=2016-07-26&todate=2026-07-26&limit=5000
TQQQ,2022-06-17,11.035,11.64,10.825,11.335,441181000,,https://api.nasdaq.com/api/quote/TQQQ/historical?assetclass=etf&fromdate=2016-07-26&todate=2026-07-26&limit=5000
TQQQ,2022-06-21,11.9075,12.49,11.89,12.19,318408200,,https://api.nasdaq.com/api/quote/TQQQ/historical?assetclass=etf&fromdate=2016-07-26&todate=2026-07-26&limit=5000
TQQQ,2022-06-22,11.855,12.725,11.775,12.145,388973600,,https://api.nasdaq.com/api/quote/TQQQ/historical?assetclass=etf&fromdate=2016-07-26&todate=2026-07-26&limit=5000
TQQQ,2022-06-23,12.47,12.785,12.085,12.665,365372800,,https://api.nasdaq.com/api/quote/TQQQ/historical?assetclass=etf&fromdate=2016-07-26&todate=2026-07-26&limit=5000
TQQQ,2022-06-24,13.056,14.02,13.0251,13.99,303635000,,https://api.nasdaq.com/api/quote/TQQQ/historical?assetclass=etf&fromdate=2016-07-26&todate=2026-07-26&limit=5000
TQQQ,2022-06-27,14.175,14.25,13.5,13.66,338262000,,https://api.nasdaq.com/api/quote/TQQQ/historical?assetclass=etf&fromdate=2016-07-26&todate=2026-07-26&limit=5000
TQQQ,2022-06-28,13.73,14.105,12.38,12.415,376240800,,https://api.nasdaq.com/api/quote/TQQQ/historical?assetclass=etf&fromdate=2016-07-26&todate=2026-07-26&limit=5000
TQQQ,2022-06-29,12.39,12.645,12.05,12.44,380182200,,https://api.nasdaq.com/api/quote/TQQQ/historical?assetclass=etf&fromdate=2016-07-26&todate=2026-07-26&limit=5000
TQQQ,2022-06-30,12.03,12.445,11.375,12,512407800,,https://api.nasdaq.com/api/quote/TQQQ/historical?assetclass=etf&fromdate=2016-07-26&todate=2026-07-26&limit=5000
TQQQ,2022-07-01,11.8,12.25,11.55,12.195,417200800,,https://api.nasdaq.com/api/quote/TQQQ/historical?assetclass=etf&fromdate=2016-07-26&todate=2026-07-26&limit=5000
TQQQ,2022-07-05,11.705,12.84,11.5,12.825,441108000,,https://api.nasdaq.com/api/quote/TQQQ/historical?assetclass=etf&fromdate=2016-07-26&todate=2026-07-26&limit=5000
TQQQ,2022-07-06,12.885,13.36,12.64,13.07,412245800,,https://api.nasdaq.com/api/quote/TQQQ/historical?assetclass=etf&fromdate=2016-07-26&todate=2026-07-26&limit=5000
TQQQ,2022-07-07,13.19,14,13.185,13.88,275732600,,https://api.nasdaq.com/api/quote/TQQQ/historical?assetclass=etf&fromdate=2016-07-26&todate=2026-07-26&limit=5000
TQQQ,2022-07-08,13.495,14.155,13.355,13.945,319458400,,https://api.nasdaq.com/api/quote/TQQQ/historical?assetclass=etf&fromdate=2016-07-26&todate=2026-07-26&limit=5000
TQQQ,2022-07-11,13.6,13.635,12.93,13.055,258448200,,https://api.nasdaq.com/api/quote/TQQQ/historical?assetclass=etf&fromdate=2016-07-26&todate=2026-07-26&limit=5000
TQQQ,2022-07-12,13.22,13.49,12.455,12.675,319233000,,https://api.nasdaq.com/api/quote/TQQQ/historical?assetclass=etf&fromdate=2016-07-26&todate=2026-07-26&limit=5000
TQQQ,2022-07-13,11.92,12.915,11.845,12.595,361151000,,https://api.nasdaq.com/api/quote/TQQQ/historical?assetclass=etf&fromdate=2016-07-26&todate=2026-07-26&limit=5000
TQQQ,2022-07-14,12.2325,12.84,11.81,12.725,351647000,,https://api.nasdaq.com/api/quote/TQQQ/historical?assetclass=etf&fromdate=2016-07-26&todate=2026-07-26&limit=5000
TQQQ,2022-07-15,13.135,13.425,12.905,13.395,308760400,,https://api.nasdaq.com/api/quote/TQQQ/historical?assetclass=etf&fromdate=2016-07-26&todate=2026-07-26&limit=5000
TQQQ,2022-07-18,13.805,14,12.91,13.085,319900400,,https://api.nasdaq.com/api/quote/TQQQ/historical?assetclass=etf&fromdate=2016-07-26&todate=2026-07-26&limit=5000
TQQQ,2022-07-19,13.575,14.31,13.3454,14.23,298643400,,https://api.nasdaq.com/api/quote/TQQQ/historical?assetclass=etf&fromdate=2016-07-26&todate=2026-07-26&limit=5000
TQQQ,2022-07-20,14.33,15.125,14.22,14.945,377126200,,https://api.nasdaq.com/api/quote/TQQQ/historical?assetclass=etf&fromdate=2016-07-26&todate=2026-07-26&limit=5000
TQQQ,2022-07-21,15.005,15.5875,14.61,15.58,319381800,,https://api.nasdaq.com/api/quote/TQQQ/historical?assetclass=etf&fromdate=2016-07-26&todate=2026-07-26&limit=5000
TQQQ,2022-07-22,15.44,15.765,14.475,14.765,298800800,,https://api.nasdaq.com/api/quote/TQQQ/historical?assetclass=etf&fromdate=2016-07-26&todate=2026-07-26&limit=5000
TQQQ,2022-07-25,14.765,14.835,14.205,14.545,220897600,,https://api.nasdaq.com/api/quote/TQQQ/historical?assetclass=etf&fromdate=2016-07-26&todate=2026-07-26&limit=5000
TQQQ,2022-07-26,14.245,14.285,13.525,13.665,231755600,,https://api.nasdaq.com/api/quote/TQQQ/historical?assetclass=etf&fromdate=2016-07-26&todate=2026-07-26&limit=5000
TQQQ,2022-07-27,14.3,15.625,14.215,15.37,341919000,,https://api.nasdaq.com/api/quote/TQQQ/historical?assetclass=etf&fromdate=2016-07-26&todate=2026-07-26&limit=5000
TQQQ,2022-07-28,15.3375,15.91,14.76,15.81,324071800,,https://api.nasdaq.com/api/quote/TQQQ/historical?assetclass=etf&fromdate=2016-07-26&todate=2026-07-26&limit=5000
TQQQ,2022-07-29,16.065,16.825,15.8351,16.68,292146400,,https://api.nasdaq.com/api/quote/TQQQ/historical?assetclass=etf&fromdate=2016-07-26&todate=2026-07-26&limit=5000
TQQQ,2022-08-01,16.39,17.21,16.22,16.655,285283000,,https://api.nasdaq.com/api/quote/TQQQ/historical?assetclass=etf&fromdate=2016-07-26&todate=2026-07-26&limit=5000
TQQQ,2022-08-02,16.27,17.1749,16.105,16.5,325375000,,https://api.nasdaq.com/api/quote/TQQQ/historical?assetclass=etf&fromdate=2016-07-26&todate=2026-07-26&limit=5000
TQQQ,2022-08-03,16.775,17.975,16.655,17.82,294213800,,https://api.nasdaq.com/api/quote/TQQQ/historical?assetclass=etf&fromdate=2016-07-26&todate=2026-07-26&limit=5000
TQQQ,2022-08-04,17.845,18.1325,17.48,18.075,253567200,,https://api.nasdaq.com/api/quote/TQQQ/historical?assetclass=etf&fromdate=2016-07-26&todate=2026-07-26&limit=5000
TQQQ,2022-08-05,17.215,17.99,17.075,17.645,283898600,,https://api.nasdaq.com/api/quote/TQQQ/historical?assetclass=etf&fromdate=2016-07-26&todate=2026-07-26&limit=5000
TQQQ,2022-08-08,17.8,18.415,17.2175,17.465,268760800,,https://api.nasdaq.com/api/quote/TQQQ/historical?assetclass=etf&fromdate=2016-07-26&todate=2026-07-26&limit=5000
TQQQ,2022-08-09,17.14,17.185,16.595,16.865,218406000,,https://api.nasdaq.com/api/quote/TQQQ/historical?assetclass=etf&fromdate=2016-07-26&todate=2026-07-26&limit=5000
TQQQ,2022-08-10,18.0675,18.32,17.655,18.25,271554400,,https://api.nasdaq.com/api/quote/TQQQ/historical?assetclass=etf&fromdate=2016-07-26&todate=2026-07-26&limit=5000
TQQQ,2022-08-11,18.665,19.01,17.835,17.975,273361000,,https://api.nasdaq.com/api/quote/TQQQ/historical?assetclass=etf&fromdate=2016-07-26&todate=2026-07-26&limit=5000
TQQQ,2022-08-12,18.3,19.025,18.1175,18.99,211187000,,https://api.nasdaq.com/api/quote/TQQQ/historical?assetclass=etf&fromdate=2016-07-26&todate=2026-07-26&limit=5000
TQQQ,2022-08-15,18.825,19.54,18.82,19.445,196308440,,https://api.nasdaq.com/api/quote/TQQQ/historical?assetclass=etf&fromdate=2016-07-26&todate=2026-07-26&limit=5000
TQQQ,2022-08-16,19.28,19.69,18.765,19.32,220755800,,https://api.nasdaq.com/api/quote/TQQQ/historical?assetclass=etf&fromdate=2016-07-26&todate=2026-07-26&limit=5000
TQQQ,2022-08-17,18.755,19.1639,18.275,18.65,262838400,,https://api.nasdaq.com/api/quote/TQQQ/historical?assetclass=etf&fromdate=2016-07-26&todate=2026-07-26&limit=5000
TQQQ,2022-08-18,18.63,18.98,18.345,18.775,192140860,,https://api.nasdaq.com/api/quote/TQQQ/historical?assetclass=etf&fromdate=2016-07-26&todate=2026-07-26&limit=5000
TQQQ,2022-08-19,18.24,18.3501,17.5325,17.675,224256600,,https://api.nasdaq.com/api/quote/TQQQ/historical?assetclass=etf&fromdate=2016-07-26&todate=2026-07-26&limit=5000
TQQQ,2022-08-22,16.945,16.985,16.13,16.285,224975400,,https://api.nasdaq.com/api/quote/TQQQ/historical?assetclass=etf&fromdate=2016-07-26&todate=2026-07-26&limit=5000
TQQQ,2022-08-23,16.2155,16.675,16.1,16.23,219509800,,https://api.nasdaq.com/api/quote/TQQQ/historical?assetclass=etf&fromdate=2016-07-26&todate=2026-07-26&limit=5000
TQQQ,2022-08-24,16.15,16.65,16.0525,16.355,187005600,,https://api.nasdaq.com/api/quote/TQQQ/historical?assetclass=etf&fromdate=2016-07-26&todate=2026-07-26&limit=5000
TQQQ,2022-08-25,16.64,17.22,16.47,17.215,222052600,,https://api.nasdaq.com/api/quote/TQQQ/historical?assetclass=etf&fromdate=2016-07-26&todate=2026-07-26&limit=5000
TQQQ,2022-08-26,17.1725,17.37,15.1,15.12,366276600,,https://api.nasdaq.com/api/quote/TQQQ/historical?assetclass=etf&fromdate=2016-07-26&todate=2026-07-26&limit=5000
TQQQ,2022-08-29,14.675,15.06,14.4794,14.655,248441000,,https://api.nasdaq.com/api/quote/TQQQ/historical?assetclass=etf&fromdate=2016-07-26&todate=2026-07-26&limit=5000
TQQQ,2022-08-30,14.895,14.975,13.78,14.165,327014800,,https://api.nasdaq.com/api/quote/TQQQ/historical?assetclass=etf&fromdate=2016-07-26&todate=2026-07-26&limit=5000
TQQQ,2022-08-31,14.5775,14.7,13.8865,13.905,341030600,,https://api.nasdaq.com/api/quote/TQQQ/historical?assetclass=etf&fromdate=2016-07-26&todate=2026-07-26&limit=5000
TQQQ,2022-09-01,13.54,13.965,13.01,13.92,397320400,,https://api.nasdaq.com/api/quote/TQQQ/historical?assetclass=etf&fromdate=2016-07-26&todate=2026-07-26&limit=5000
TQQQ,2022-09-02,14.32,14.52,13.085,13.34,454463000,,https://api.nasdaq.com/api/quote/TQQQ/historical?assetclass=etf&fromdate=2016-07-26&todate=2026-07-26&limit=5000
TQQQ,2022-09-06,13.38,13.51,12.73,13.035,361083400,,https://api.nasdaq.com/api/quote/TQQQ/historical?assetclass=etf&fromdate=2016-07-26&todate=2026-07-26&limit=5000
TQQQ,2022-09-07,13.09,13.95,13.055,13.805,331569600,,https://api.nasdaq.com/api/quote/TQQQ/historical?assetclass=etf&fromdate=2016-07-26&todate=2026-07-26&limit=5000
TQQQ,2022-09-08,13.515,14.2075,13.32,14.03,410799800,,https://api.nasdaq.com/api/quote/TQQQ/historical?assetclass=etf&fromdate=2016-07-26&todate=2026-07-26&limit=5000
TQQQ,2022-09-09,14.34,15.01,14.33,14.92,298735800,,https://api.nasdaq.com/api/quote/TQQQ/historical?assetclass=etf&fromdate=2016-07-26&todate=2026-07-26&limit=5000
TQQQ,2022-09-12,15.15,15.515,15.095,15.465,273141200,,https://api.nasdaq.com/api/quote/TQQQ/historical?assetclass=etf&fromdate=2016-07-26&todate=2026-07-26&limit=5000
TQQQ,2022-09-13,14.12,14.305,12.78,12.92,391296600,,https://api.nasdaq.com/api/quote/TQQQ/historical?assetclass=etf&fromdate=2016-07-26&todate=2026-07-26&limit=5000
TQQQ,2022-09-14,13.0625,13.335,12.82,13.21,309291800,,https://api.nasdaq.com/api/quote/TQQQ/historical?assetclass=etf&fromdate=2016-07-26&todate=2026-07-26&limit=5000
TQQQ,2022-09-15,12.94,13.275,12.325,12.545,393730600,,https://api.nasdaq.com/api/quote/TQQQ/historical?assetclass=etf&fromdate=2016-07-26&todate=2026-07-26&limit=5000
TQQQ,2022-09-16,12.105,12.365,11.835,12.3,392143600,,https://api.nasdaq.com/api/quote/TQQQ/historical?assetclass=etf&fromdate=2016-07-26&todate=2026-07-26&limit=5000
TQQQ,2022-09-19,11.97,12.615,11.96,12.595,302692600,,https://api.nasdaq.com/api/quote/TQQQ/historical?assetclass=etf&fromdate=2016-07-26&todate=2026-07-26&limit=5000
TQQQ,2022-09-20,12.265,12.595,11.99,12.295,322118600,,https://api.nasdaq.com/api/quote/TQQQ/historical?assetclass=etf&fromdate=2016-07-26&todate=2026-07-26&limit=5000
TQQQ,2022-09-21,12.405,12.96,11.615,11.62,591115200,,https://api.nasdaq.com/api/quote/TQQQ/historical?assetclass=etf&fromdate=2016-07-26&todate=2026-07-26&limit=5000
TQQQ,2022-09-22,11.425,11.555,11.035,11.19,431084000,,https://api.nasdaq.com/api/quote/TQQQ/historical?assetclass=etf&fromdate=2016-07-26&todate=2026-07-26&limit=5000
TQQQ,2022-09-23,10.8975,10.93,10.225,10.655,561304000,,https://api.nasdaq.com/api/quote/TQQQ/historical?assetclass=etf&fromdate=2016-07-26&todate=2026-07-26&limit=5000
TQQQ,2022-09-26,10.58,11.105,10.415,10.51,490607800,,https://api.nasdaq.com/api/quote/TQQQ/historical?assetclass=etf&fromdate=2016-07-26&todate=2026-07-26&limit=5000
TQQQ,2022-09-27,10.9075,11.175,10.25,10.52,543921200,,https://api.nasdaq.com/api/quote/TQQQ/historical?assetclass=etf&fromdate=2016-07-26&todate=2026-07-26&limit=5000
TQQQ,2022-09-28,10.515,11.295,10.34,11.135,512039000,,https://api.nasdaq.com/api/quote/TQQQ/historical?assetclass=etf&fromdate=2016-07-26&todate=2026-07-26&limit=5000
TQQQ,2022-09-29,10.6525,10.695,9.81,10.195,540195600,,https://api.nasdaq.com/api/quote/TQQQ/historical?assetclass=etf&fromdate=2016-07-26&todate=2026-07-26&limit=5000
TQQQ,2022-09-30,10.0775,10.545,9.64,9.66,513197600,,https://api.nasdaq.com/api/quote/TQQQ/historical?assetclass=etf&fromdate=2016-07-26&todate=2026-07-26&limit=5000
TQQQ,2022-10-03,9.8525,10.505,9.68,10.33,447222600,,https://api.nasdaq.com/api/quote/TQQQ/historical?assetclass=etf&fromdate=2016-07-26&todate=2026-07-26&limit=5000
TQQQ,2022-10-04,10.9475,11.3825,10.945,11.29,463323600,,https://api.nasdaq.com/api/quote/TQQQ/historical?assetclass=etf&fromdate=2016-07-26&todate=2026-07-26&limit=5000
TQQQ,2022-10-05,10.8325,11.5,10.505,11.29,458399000,,https://api.nasdaq.com/api/quote/TQQQ/historical?assetclass=etf&fromdate=2016-07-26&todate=2026-07-26&limit=5000
TQQQ,2022-10-06,11.15,11.53,10.96,11.005,475087200,,https://api.nasdaq.com/api/quote/TQQQ/historical?assetclass=etf&fromdate=2016-07-26&todate=2026-07-26&limit=5000
TQQQ,2022-10-07,10.44,10.455,9.58,9.75,501945200,,https://api.nasdaq.com/api/quote/TQQQ/historical?assetclass=etf&fromdate=2016-07-26&todate=2026-07-26&limit=5000
TQQQ,2022-10-10,9.7575,9.805,9.15,9.445,412999600,,https://api.nasdaq.com/api/quote/TQQQ/historical?assetclass=etf&fromdate=2016-07-26&todate=2026-07-26&limit=5000
TQQQ,2022-10-11,9.26,9.57,8.87,9.07,529747000,,https://api.nasdaq.com/api/quote/TQQQ/historical?assetclass=etf&fromdate=2016-07-26&todate=2026-07-26&limit=5000
TQQQ,2022-10-12,9.115,9.32,8.965,9.05,401483800,,https://api.nasdaq.com/api/quote/TQQQ/historical?assetclass=etf&fromdate=2016-07-26&todate=2026-07-26&limit=5000
TQQQ,2022-10-13,8.2575,9.81,8.16,9.655,829507200,,https://api.nasdaq.com/api/quote/TQQQ/historical?assetclass=etf&fromdate=2016-07-26&todate=2026-07-26&limit=5000
TQQQ,2022-10-14,9.925,9.99,8.73,8.785,670132600,,https://api.nasdaq.com/api/quote/TQQQ/historical?assetclass=etf&fromdate=2016-07-26&todate=2026-07-26&limit=5000
TQQQ,2022-10-17,9.4025,9.75,9.4,9.65,460050800,,https://api.nasdaq.com/api/quote/TQQQ/historical?assetclass=etf&fromdate=2016-07-26&todate=2026-07-26&limit=5000
TQQQ,2022-10-18,10.4325,10.5,9.585,9.89,692553800,,https://api.nasdaq.com/api/quote/TQQQ/historical?assetclass=etf&fromdate=2016-07-26&todate=2026-07-26&limit=5000
TQQQ,2022-10-19,9.705,10.12,9.505,9.77,519702200,,https://api.nasdaq.com/api/quote/TQQQ/historical?assetclass=etf&fromdate=2016-07-26&todate=2026-07-26&limit=5000
TQQQ,2022-10-20,9.665,10.2334,9.48,9.605,529703000,,https://api.nasdaq.com/api/quote/TQQQ/historical?assetclass=etf&fromdate=2016-07-26&todate=2026-07-26&limit=5000
TQQQ,2022-10-21,9.49,10.345,9.3625,10.285,627458000,,https://api.nasdaq.com/api/quote/TQQQ/historical?assetclass=etf&fromdate=2016-07-26&todate=2026-07-26&limit=5000
TQQQ,2022-10-24,10.315,10.735,9.9,10.635,549244000,,https://api.nasdaq.com/api/quote/TQQQ/historical?assetclass=etf&fromdate=2016-07-26&todate=2026-07-26&limit=5000
TQQQ,2022-10-25,10.7375,11.32,10.735,11.275,476799600,,https://api.nasdaq.com/api/quote/TQQQ/historical?assetclass=etf&fromdate=2016-07-26&todate=2026-07-26&limit=5000
TQQQ,2022-10-26,10.59,11.25,10.465,10.53,565039600,,https://api.nasdaq.com/api/quote/TQQQ/historical?assetclass=etf&fromdate=2016-07-26&todate=2026-07-26&limit=5000
TQQQ,2022-10-27,10.395,10.56,9.885,9.95,513258800,,https://api.nasdaq.com/api/quote/TQQQ/historical?assetclass=etf&fromdate=2016-07-26&todate=2026-07-26&limit=5000
TQQQ,2022-10-28,9.875,10.905,9.855,10.85,510777200,,https://api.nasdaq.com/api/quote/TQQQ/historical?assetclass=etf&fromdate=2016-07-26&todate=2026-07-26&limit=5000
TQQQ,2022-10-31,10.5875,10.6825,10.245,10.475,419122200,,https://api.nasdaq.com/api/quote/TQQQ/historical?assetclass=etf&fromdate=2016-07-26&todate=2026-07-26&limit=5000
TQQQ,2022-11-01,10.87,10.935,10.105,10.15,430464800,,https://api.nasdaq.com/api/quote/TQQQ/historical?assetclass=etf&fromdate=2016-07-26&todate=2026-07-26&limit=5000
TQQQ,2022-11-02,10.14,10.49,9.0905,9.1,662952600,,https://api.nasdaq.com/api/quote/TQQQ/historical?assetclass=etf&fromdate=2016-07-26&todate=2026-07-26&limit=5000
TQQQ,2022-11-03,8.8225,8.975,8.52,8.575,424463600,,https://api.nasdaq.com/api/quote/TQQQ/historical?assetclass=etf&fromdate=2016-07-26&todate=2026-07-26&limit=5000
TQQQ,2022-11-04,9.065,9.175,8.425,8.975,764740400,,https://api.nasdaq.com/api/quote/TQQQ/historical?assetclass=etf&fromdate=2016-07-26&todate=2026-07-26&limit=5000
TQQQ,2022-11-07,9.08,9.32,8.855,9.26,401886800,,https://api.nasdaq.com/api/quote/TQQQ/historical?assetclass=etf&fromdate=2016-07-26&todate=2026-07-26&limit=5000
TQQQ,2022-11-08,9.425,9.81,9.045,9.46,592112600,,https://api.nasdaq.com/api/quote/TQQQ/historical?assetclass=etf&fromdate=2016-07-26&todate=2026-07-26&limit=5000
TQQQ,2022-11-09,9.265,9.35,8.765,8.8,431138200,,https://api.nasdaq.com/api/quote/TQQQ/historical?assetclass=etf&fromdate=2016-07-26&todate=2026-07-26&limit=5000
TQQQ,2022-11-10,10.075,10.77,9.85,10.725,656884800,,https://api.nasdaq.com/api/quote/TQQQ/historical?assetclass=etf&fromdate=2016-07-26&todate=2026-07-26&limit=5000
TQQQ,2022-11-11,10.715,11.415,10.56,11.335,614268400,,https://api.nasdaq.com/api/quote/TQQQ/historical?assetclass=etf&fromdate=2016-07-26&todate=2026-07-26&limit=5000
TQQQ,2022-11-14,11.085,11.48,10.91,11.035,428451800,,https://api.nasdaq.com/api/quote/TQQQ/historical?assetclass=etf&fromdate=2016-07-26&todate=2026-07-26&limit=5000
TQQQ,2022-11-15,11.8225,11.975,11.09,11.48,636531400,,https://api.nasdaq.com/api/quote/TQQQ/historical?assetclass=etf&fromdate=2016-07-26&todate=2026-07-26&limit=5000
TQQQ,2022-11-16,11.25,11.29,10.91,11.015,383358800,,https://api.nasdaq.com/api/quote/TQQQ/historical?assetclass=etf&fromdate=2016-07-26&todate=2026-07-26&limit=5000
TQQQ,2022-11-17,10.475,11.1049,10.455,10.93,426924400,,https://api.nasdaq.com/api/quote/TQQQ/historical?assetclass=etf&fromdate=2016-07-26&todate=2026-07-26&limit=5000
TQQQ,2022-11-18,11.28,11.29,10.64,10.92,389577000,,https://api.nasdaq.com/api/quote/TQQQ/historical?assetclass=etf&fromdate=2016-07-26&todate=2026-07-26&limit=5000
TQQQ,2022-11-21,10.76,10.9,10.485,10.59,288222600,,https://api.nasdaq.com/api/quote/TQQQ/historical?assetclass=etf&fromdate=2016-07-26&todate=2026-07-26&limit=5000
TQQQ,2022-11-22,10.665,11.05,10.415,11.035,292477200,,https://api.nasdaq.com/api/quote/TQQQ/historical?assetclass=etf&fromdate=2016-07-26&todate=2026-07-26&limit=5000
TQQQ,2022-11-23,11.025,11.435,11.005,11.365,357567000,,https://api.nasdaq.com/api/quote/TQQQ/historical?assetclass=etf&fromdate=2016-07-26&todate=2026-07-26&limit=5000
TQQQ,2022-11-25,11.17,11.25,11.075,11.13,134753000,,https://api.nasdaq.com/api/quote/TQQQ/historical?assetclass=etf&fromdate=2016-07-26&todate=2026-07-26&limit=5000
TQQQ,2022-11-28,10.9,11.135,10.53,10.64,264285400,,https://api.nasdaq.com/api/quote/TQQQ/historical?assetclass=etf&fromdate=2016-07-26&todate=2026-07-26&limit=5000
TQQQ,2022-11-29,10.66,10.71,10.235,10.385,275805400,,https://api.nasdaq.com/api/quote/TQQQ/historical?assetclass=etf&fromdate=2016-07-26&todate=2026-07-26&limit=5000
TQQQ,2022-11-30,10.425,11.825,10.325,11.78,545469800,,https://api.nasdaq.com/api/quote/TQQQ/historical?assetclass=etf&fromdate=2016-07-26&todate=2026-07-26&limit=5000
TQQQ,2022-12-01,11.85,12.085,11.505,11.845,411007200,,https://api.nasdaq.com/api/quote/TQQQ/historical?assetclass=etf&fromdate=2016-07-26&todate=2026-07-26&limit=5000
TQQQ,2022-12-02,11.2225,11.815,11.195,11.705,363310000,,https://api.nasdaq.com/api/quote/TQQQ/historical?assetclass=etf&fromdate=2016-07-26&todate=2026-07-26&limit=5000
TQQQ,2022-12-05,11.44,11.6,10.93,11.115,301980000,,https://api.nasdaq.com/api/quote/TQQQ/historical?assetclass=etf&fromdate=2016-07-26&todate=2026-07-26&limit=5000
TQQQ,2022-12-06,11.09,11.105,10.25,10.41,339801000,,https://api.nasdaq.com/api/quote/TQQQ/historical?assetclass=etf&fromdate=2016-07-26&todate=2026-07-26&limit=5000
TQQQ,2022-12-07,10.28,10.515,10.09,10.285,347335800,,https://api.nasdaq.com/api/quote/TQQQ/historical?assetclass=etf&fromdate=2016-07-26&todate=2026-07-26&limit=5000
TQQQ,2022-12-08,10.435,10.75,10.195,10.65,377840200,,https://api.nasdaq.com/api/quote/TQQQ/historical?assetclass=etf&fromdate=2016-07-26&todate=2026-07-26&limit=5000
TQQQ,2022-12-09,10.525,10.845,10.385,10.445,354007800,,https://api.nasdaq.com/api/quote/TQQQ/historical?assetclass=etf&fromdate=2016-07-26&todate=2026-07-26&limit=5000
TQQQ,2022-12-12,10.455,10.83,10.335,10.825,225655000,,https://api.nasdaq.com/api/quote/TQQQ/historical?assetclass=etf&fromdate=2016-07-26&todate=2026-07-26&limit=5000
TQQQ,2022-12-13,12.0875,12.115,10.86,11.165,695385600,,https://api.nasdaq.com/api/quote/TQQQ/historical?assetclass=etf&fromdate=2016-07-26&todate=2026-07-26&limit=5000
TQQQ,2022-12-14,11.105,11.495,10.54,10.9,578911000,,https://api.nasdaq.com/api/quote/TQQQ/historical?assetclass=etf&fromdate=2016-07-26&todate=2026-07-26&limit=5000
TQQQ,2022-12-15,10.43,10.5149,9.675,9.82,428053200,,https://api.nasdaq.com/api/quote/TQQQ/historical?assetclass=etf&fromdate=2016-07-26&todate=2026-07-26&limit=5000
TQQQ,2022-12-16,9.74,9.9046,9.355,9.53,351284200,,https://api.nasdaq.com/api/quote/TQQQ/historical?assetclass=etf&fromdate=2016-07-26&todate=2026-07-26&limit=5000
TQQQ,2022-12-19,9.55,9.5649,8.99,9.135,310533000,,https://api.nasdaq.com/api/quote/TQQQ/historical?assetclass=etf&fromdate=2016-07-26&todate=2026-07-26&limit=5000
TQQQ,2022-12-20,9,9.28,8.835,9.095,345762400,,https://api.nasdaq.com/api/quote/TQQQ/historical?assetclass=etf&fromdate=2016-07-26&todate=2026-07-26&limit=5000
TQQQ,2022-12-21,9.205,9.625,9.1151,9.49,326374600,,https://api.nasdaq.com/api/quote/TQQQ/historical?assetclass=etf&fromdate=2016-07-26&todate=2026-07-26&limit=5000
TQQQ,2022-12-22,9.115,9.1225,8.29,8.77,460900400,,https://api.nasdaq.com/api/quote/TQQQ/historical?assetclass=etf&fromdate=2016-07-26&todate=2026-07-26&limit=5000
TQQQ,2022-12-23,8.605,8.86,8.415,8.795,330134600,,https://api.nasdaq.com/api/quote/TQQQ/historical?assetclass=etf&fromdate=2016-07-26&todate=2026-07-26&limit=5000
TQQQ,2022-12-27,8.73,8.74,8.36,8.42,263200600,,https://api.nasdaq.com/api/quote/TQQQ/historical?assetclass=etf&fromdate=2016-07-26&todate=2026-07-26&limit=5000
TQQQ,2022-12-28,8.375,8.5977,8.05,8.08,364869200,,https://api.nasdaq.com/api/quote/TQQQ/historical?assetclass=etf&fromdate=2016-07-26&todate=2026-07-26&limit=5000
TQQQ,2022-12-29,8.335,8.75,8.2651,8.65,306109800,,https://api.nasdaq.com/api/quote/TQQQ/historical?assetclass=etf&fromdate=2016-07-26&todate=2026-07-26&limit=5000
TQQQ,2022-12-30,8.38,8.65,8.25,8.65,301941200,,https://api.nasdaq.com/api/quote/TQQQ/historical?assetclass=etf&fromdate=2016-07-26&todate=2026-07-26&limit=5000
TQQQ,2023-01-03,8.87,9.0198,8.235,8.455,359851800,,https://api.nasdaq.com/api/quote/TQQQ/historical?assetclass=etf&fromdate=2016-07-26&todate=2026-07-26&limit=5000
TQQQ,2023-01-04,8.6625,8.745,8.27,8.585,435272800,,https://api.nasdaq.com/api/quote/TQQQ/historical?assetclass=etf&fromdate=2016-07-26&todate=2026-07-26&limit=5000
TQQQ,2023-01-05,8.405,8.425,8.14,8.18,362504000,,https://api.nasdaq.com/api/quote/TQQQ/historical?assetclass=etf&fromdate=2016-07-26&todate=2026-07-26&limit=5000
TQQQ,2023-01-06,8.325,8.95,8.05,8.82,466895200,,https://api.nasdaq.com/api/quote/TQQQ/historical?assetclass=etf&fromdate=2016-07-26&todate=2026-07-26&limit=5000
TQQQ,2023-01-09,9.04,9.48,8.9451,9.005,372042800,,https://api.nasdaq.com/api/quote/TQQQ/historical?assetclass=etf&fromdate=2016-07-26&todate=2026-07-26&limit=5000
TQQQ,2023-01-10,8.9075,9.245,8.85,9.245,328723000,,https://api.nasdaq.com/api/quote/TQQQ/historical?assetclass=etf&fromdate=2016-07-26&todate=2026-07-26&limit=5000
TQQQ,2023-01-11,9.3425,9.7175,9.26,9.705,302550000,,https://api.nasdaq.com/api/quote/TQQQ/historical?assetclass=etf&fromdate=2016-07-26&todate=2026-07-26&limit=5000
TQQQ,2023-01-12,9.7575,9.96,9.295,9.855,561852600,,https://api.nasdaq.com/api/quote/TQQQ/historical?assetclass=etf&fromdate=2016-07-26&todate=2026-07-26&limit=5000
TQQQ,2023-01-13,9.585,10.085,9.55,10.05,319566000,,https://api.nasdaq.com/api/quote/TQQQ/historical?assetclass=etf&fromdate=2016-07-26&todate=2026-07-26&limit=5000
TQQQ,2023-01-17,10.03,10.255,9.905,10.105,279515800,,https://api.nasdaq.com/api/quote/TQQQ/historical?assetclass=etf&fromdate=2016-07-26&todate=2026-07-26&limit=5000
TQQQ,2023-01-18,10.2875,10.4525,9.695,9.73,373300200,,https://api.nasdaq.com/api/quote/TQQQ/historical?assetclass=etf&fromdate=2016-07-26&todate=2026-07-26&limit=5000
TQQQ,2023-01-19,9.535,9.655,9.29,9.425,332741400,,https://api.nasdaq.com/api/quote/TQQQ/historical?assetclass=etf&fromdate=2016-07-26&todate=2026-07-26&limit=5000
TQQQ,2023-01-20,9.5875,10.225,9.4801,10.195,322650400,,https://api.nasdaq.com/api/quote/TQQQ/historical?assetclass=etf&fromdate=2016-07-26&todate=2026-07-26&limit=5000
TQQQ,2023-01-23,10.275,11,10.19,10.865,388084200,,https://api.nasdaq.com/api/quote/TQQQ/historical?assetclass=etf&fromdate=2016-07-26&todate=2026-07-26&limit=5000
TQQQ,2023-01-24,10.68,10.9336,10.62,10.8,290013000,,https://api.nasdaq.com/api/quote/TQQQ/historical?assetclass=etf&fromdate=2016-07-26&todate=2026-07-26&limit=5000
TQQQ,2023-01-25,10.28,10.795,9.99,10.72,436167200,,https://api.nasdaq.com/api/quote/TQQQ/historical?assetclass=etf&fromdate=2016-07-26&todate=2026-07-26&limit=5000
TQQQ,2023-01-26,11.11,11.36,10.8,11.34,406837800,,https://api.nasdaq.com/api/quote/TQQQ/historical?assetclass=etf&fromdate=2016-07-26&todate=2026-07-26&limit=5000
TQQQ,2023-01-27,11.18,11.91,11.165,11.665,376822200,,https://api.nasdaq.com/api/quote/TQQQ/historical?assetclass=etf&fromdate=2016-07-26&todate=2026-07-26&limit=5000
TQQQ,2023-01-30,11.275,11.45,10.925,10.965,347816000,,https://api.nasdaq.com/api/quote/TQQQ/historical?assetclass=etf&fromdate=2016-07-26&todate=2026-07-26&limit=5000
TQQQ,2023-01-31,10.97,11.46,10.95,11.455,316513800,,https://api.nasdaq.com/api/quote/TQQQ/historical?assetclass=etf&fromdate=2016-07-26&todate=2026-07-26&limit=5000
TQQQ,2023-02-01,11.43,12.475,11.18,12.195,543277600,,https://api.nasdaq.com/api/quote/TQQQ/historical?assetclass=etf&fromdate=2016-07-26&todate=2026-07-26&limit=5000
TQQQ,2023-02-02,12.9775,13.725,12.875,13.455,535770200,,https://api.nasdaq.com/api/quote/TQQQ/historical?assetclass=etf&fromdate=2016-07-26&todate=2026-07-26&limit=5000
TQQQ,2023-02-03,12.605,13.57,12.555,12.76,534808400,,https://api.nasdaq.com/api/quote/TQQQ/historical?assetclass=etf&fromdate=2016-07-26&todate=2026-07-26&limit=5000
TQQQ,2023-02-06,12.4225,12.725,12.26,12.435,323632400,,https://api.nasdaq.com/api/quote/TQQQ/historical?assetclass=etf&fromdate=2016-07-26&todate=2026-07-26&limit=5000
TQQQ,2023-02-07,12.415,13.345,12.2706,13.205,519789200,,https://api.nasdaq.com/api/quote/TQQQ/historical?assetclass=etf&fromdate=2016-07-26&todate=2026-07-26&limit=5000
TQQQ,2023-02-08,13.025,13.15,12.405,12.495,362514400,,https://api.nasdaq.com/api/quote/TQQQ/historical?assetclass=etf&fromdate=2016-07-26&todate=2026-07-26&limit=5000
TQQQ,2023-02-09,13.025,13.045,11.965,12.16,395196800,,https://api.nasdaq.com/api/quote/TQQQ/historical?assetclass=etf&fromdate=2016-07-26&todate=2026-07-26&limit=5000
TQQQ,2023-02-10,11.88,12.13,11.61,11.91,367863400,,https://api.nasdaq.com/api/quote/TQQQ/historical?assetclass=etf&fromdate=2016-07-26&todate=2026-07-26&limit=5000
TQQQ,2023-02-13,12.07,12.55,11.925,12.475,279739800,,https://api.nasdaq.com/api/quote/TQQQ/historical?assetclass=etf&fromdate=2016-07-26&todate=2026-07-26&limit=5000
TQQQ,2023-02-14,12.2675,12.87,12.025,12.745,511474400,,https://api.nasdaq.com/api/quote/TQQQ/historical?assetclass=etf&fromdate=2016-07-26&todate=2026-07-26&limit=5000
TQQQ,2023-02-15,12.51,13.05,12.425,13.03,277305200,,https://api.nasdaq.com/api/quote/TQQQ/historical?assetclass=etf&fromdate=2016-07-26&todate=2026-07-26&limit=5000
TQQQ,2023-02-16,12.415,12.935,12.265,12.285,388993000,,https://api.nasdaq.com/api/quote/TQQQ/historical?assetclass=etf&fromdate=2016-07-26&todate=2026-07-26&limit=5000
TQQQ,2023-02-17,12.015,12.115,11.65,12.02,389804800,,https://api.nasdaq.com/api/quote/TQQQ/historical?assetclass=etf&fromdate=2016-07-26&todate=2026-07-26&limit=5000
TQQQ,2023-02-21,11.55,11.725,11.145,11.175,300937600,,https://api.nasdaq.com/api/quote/TQQQ/historical?assetclass=etf&fromdate=2016-07-26&todate=2026-07-26&limit=5000
TQQQ,2023-02-22,11.225,11.425,10.99,11.185,334677400,,https://api.nasdaq.com/api/quote/TQQQ/historical?assetclass=etf&fromdate=2016-07-26&todate=2026-07-26&limit=5000
TQQQ,2023-02-23,11.5925,11.615,10.975,11.465,359540000,,https://api.nasdaq.com/api/quote/TQQQ/historical?assetclass=etf&fromdate=2016-07-26&todate=2026-07-26&limit=5000
TQQQ,2023-02-24,10.875,11.015,10.675,10.885,345563600,,https://api.nasdaq.com/api/quote/TQQQ/historical?assetclass=etf&fromdate=2016-07-26&todate=2026-07-26&limit=5000
TQQQ,2023-02-27,11.24,11.4,11.05,11.12,277508800,,https://api.nasdaq.com/api/quote/TQQQ/historical?assetclass=etf&fromdate=2016-07-26&todate=2026-07-26&limit=5000
TQQQ,2023-02-28,11.04,11.36,11,11.065,254631600,,https://api.nasdaq.com/api/quote/TQQQ/historical?assetclass=etf&fromdate=2016-07-26&todate=2026-07-26&limit=5000
TQQQ,2023-03-01,11.03,11.105,10.685,10.795,308773800,,https://api.nasdaq.com/api/quote/TQQQ/historical?assetclass=etf&fromdate=2016-07-26&todate=2026-07-26&limit=5000
TQQQ,2023-03-02,10.505,11.15,10.475,11.055,318984000,,https://api.nasdaq.com/api/quote/TQQQ/historical?assetclass=etf&fromdate=2016-07-26&todate=2026-07-26&limit=5000
TQQQ,2023-03-03,11.25,11.765,11.1923,11.73,303353200,,https://api.nasdaq.com/api/quote/TQQQ/historical?assetclass=etf&fromdate=2016-07-26&todate=2026-07-26&limit=5000
TQQQ,2023-03-06,11.88,12.24,11.75,11.78,303699800,,https://api.nasdaq.com/api/quote/TQQQ/historical?assetclass=etf&fromdate=2016-07-26&todate=2026-07-26&limit=5000
TQQQ,2023-03-07,11.7775,11.89,11.2607,11.34,352663000,,https://api.nasdaq.com/api/quote/TQQQ/historical?assetclass=etf&fromdate=2016-07-26&todate=2026-07-26&limit=5000
TQQQ,2023-03-08,11.375,11.57,11.165,11.495,290985600,,https://api.nasdaq.com/api/quote/TQQQ/historical?assetclass=etf&fromdate=2016-07-26&todate=2026-07-26&limit=5000
TQQQ,2023-03-09,11.555,11.855,10.795,10.89,393667400,,https://api.nasdaq.com/api/quote/TQQQ/historical?assetclass=etf&fromdate=2016-07-26&todate=2026-07-26&limit=5000
TQQQ,2023-03-10,10.91,11.08,10.31,10.44,629715200,,https://api.nasdaq.com/api/quote/TQQQ/historical?assetclass=etf&fromdate=2016-07-26&todate=2026-07-26&limit=5000
TQQQ,2023-03-13,10.235,11.075,10.065,10.665,659081400,,https://api.nasdaq.com/api/quote/TQQQ/historical?assetclass=etf&fromdate=2016-07-26&todate=2026-07-26&limit=5000
TQQQ,2023-03-14,11.06,11.455,10.96,11.39,434325800,,https://api.nasdaq.com/api/quote/TQQQ/historical?assetclass=etf&fromdate=2016-07-26&todate=2026-07-26&limit=5000
TQQQ,2023-03-15,11.085,11.61,10.915,11.555,549118800,,https://api.nasdaq.com/api/quote/TQQQ/historical?assetclass=etf&fromdate=2016-07-26&todate=2026-07-26&limit=5000
TQQQ,2023-03-16,11.44,12.515,11.36,12.47,458032800,,https://api.nasdaq.com/api/quote/TQQQ/historical?assetclass=etf&fromdate=2016-07-26&todate=2026-07-26&limit=5000
TQQQ,2023-03-17,12.465,12.755,12.05,12.285,403540600,,https://api.nasdaq.com/api/quote/TQQQ/historical?assetclass=etf&fromdate=2016-07-26&todate=2026-07-26&limit=5000
TQQQ,2023-03-20,12.215,12.4579,11.945,12.415,328356000,,https://api.nasdaq.com/api/quote/TQQQ/historical?assetclass=etf&fromdate=2016-07-26&todate=2026-07-26&limit=5000
TQQQ,2023-03-21,12.655,13,12.465,12.94,270290200,,https://api.nasdaq.com/api/quote/TQQQ/historical?assetclass=etf&fromdate=2016-07-26&todate=2026-07-26&limit=5000
TQQQ,2023-03-22,12.855,13.48,12.3249,12.34,475836200,,https://api.nasdaq.com/api/quote/TQQQ/historical?assetclass=etf&fromdate=2016-07-26&todate=2026-07-26&limit=5000
TQQQ,2023-03-23,12.7975,13.305,12.44,12.78,392994400,,https://api.nasdaq.com/api/quote/TQQQ/historical?assetclass=etf&fromdate=2016-07-26&todate=2026-07-26&limit=5000
TQQQ,2023-03-24,12.72,12.92,12.42,12.91,339589400,,https://api.nasdaq.com/api/quote/TQQQ/historical?assetclass=etf&fromdate=2016-07-26&todate=2026-07-26&limit=5000
TQQQ,2023-03-27,12.9925,13.13,12.53,12.645,273591200,,https://api.nasdaq.com/api/quote/TQQQ/historical?assetclass=etf&fromdate=2016-07-26&todate=2026-07-26&limit=5000
TQQQ,2023-03-28,12.5675,12.57,12.145,12.435,236041400,,https://api.nasdaq.com/api/quote/TQQQ/historical?assetclass=etf&fromdate=2016-07-26&todate=2026-07-26&limit=5000
TQQQ,2023-03-29,12.88,13.185,12.785,13.115,238730600,,https://api.nasdaq.com/api/quote/TQQQ/historical?assetclass=etf&fromdate=2016-07-26&todate=2026-07-26&limit=5000
TQQQ,2023-03-30,13.41,13.545,13.245,13.47,260300000,,https://api.nasdaq.com/api/quote/TQQQ/historical?assetclass=etf&fromdate=2016-07-26&todate=2026-07-26&limit=5000
TQQQ,2023-03-31,13.5,14.16,13.455,14.13,254044200,,https://api.nasdaq.com/api/quote/TQQQ/historical?assetclass=etf&fromdate=2016-07-26&todate=2026-07-26&limit=5000
TQQQ,2023-04-03,13.84,14.06,13.665,14.03,250232600,,https://api.nasdaq.com/api/quote/TQQQ/historical?assetclass=etf&fromdate=2016-07-26&todate=2026-07-26&limit=5000
TQQQ,2023-04-04,14.08,14.215,13.71,13.89,232180800,,https://api.nasdaq.com/api/quote/TQQQ/historical?assetclass=etf&fromdate=2016-07-26&todate=2026-07-26&limit=5000
TQQQ,2023-04-05,13.735,13.76,13.205,13.445,258274000,,https://api.nasdaq.com/api/quote/TQQQ/historical?assetclass=etf&fromdate=2016-07-26&todate=2026-07-26&limit=5000
TQQQ,2023-04-06,13.23,13.78,13.055,13.715,241920600,,https://api.nasdaq.com/api/quote/TQQQ/historical?assetclass=etf&fromdate=2016-07-26&todate=2026-07-26&limit=5000
TQQQ,2023-04-10,13.32,13.69,13.085,13.685,237057600,,https://api.nasdaq.com/api/quote/TQQQ/historical?assetclass=etf&fromdate=2016-07-26&todate=2026-07-26&limit=5000
TQQQ,2023-04-11,13.68,13.685,13.35,13.42,208521600,,https://api.nasdaq.com/api/quote/TQQQ/historical?assetclass=etf&fromdate=2016-07-26&todate=2026-07-26&limit=5000
TQQQ,2023-04-12,13.67,13.745,13,13.065,348038600,,https://api.nasdaq.com/api/quote/TQQQ/historical?assetclass=etf&fromdate=2016-07-26&todate=2026-07-26&limit=5000
TQQQ,2023-04-13,13.265,13.87,13.245,13.815,247523000,,https://api.nasdaq.com/api/quote/TQQQ/historical?assetclass=etf&fromdate=2016-07-26&todate=2026-07-26&limit=5000
TQQQ,2023-04-14,13.6025,13.965,13.3475,13.735,285332200,,https://api.nasdaq.com/api/quote/TQQQ/historical?assetclass=etf&fromdate=2016-07-26&todate=2026-07-26&limit=5000
TQQQ,2023-04-17,13.675,13.81,13.405,13.75,228617800,,https://api.nasdaq.com/api/quote/TQQQ/historical?assetclass=etf&fromdate=2016-07-26&todate=2026-07-26&limit=5000
TQQQ,2023-04-18,14.035,14.09,13.6,13.76,212829800,,https://api.nasdaq.com/api/quote/TQQQ/historical?assetclass=etf&fromdate=2016-07-26&todate=2026-07-26&limit=5000
TQQQ,2023-04-19,13.435,13.87,13.42,13.73,191850700,,https://api.nasdaq.com/api/quote/TQQQ/historical?assetclass=etf&fromdate=2016-07-26&todate=2026-07-26&limit=5000
TQQQ,2023-04-20,13.335,13.79,13.235,13.41,273695200,,https://api.nasdaq.com/api/quote/TQQQ/historical?assetclass=etf&fromdate=2016-07-26&todate=2026-07-26&limit=5000
TQQQ,2023-04-21,13.35,13.545,13.125,13.435,228888000,,https://api.nasdaq.com/api/quote/TQQQ/historical?assetclass=etf&fromdate=2016-07-26&todate=2026-07-26&limit=5000
TQQQ,2023-04-24,13.405,13.585,13.07,13.355,215290800,,https://api.nasdaq.com/api/quote/TQQQ/historical?assetclass=etf&fromdate=2016-07-26&todate=2026-07-26&limit=5000
TQQQ,2023-04-25,13.14,13.225,12.585,12.6,276576000,,https://api.nasdaq.com/api/quote/TQQQ/historical?assetclass=etf&fromdate=2016-07-26&todate=2026-07-26&limit=5000
TQQQ,2023-04-26,13.01,13.195,12.755,12.81,249724600,,https://api.nasdaq.com/api/quote/TQQQ/historical?assetclass=etf&fromdate=2016-07-26&todate=2026-07-26&limit=5000
TQQQ,2023-04-27,13.28,13.915,13.195,13.845,255631200,,https://api.nasdaq.com/api/quote/TQQQ/historical?assetclass=etf&fromdate=2016-07-26&todate=2026-07-26&limit=5000
TQQQ,2023-04-28,13.82,14.14,13.665,14.125,261072200,,https://api.nasdaq.com/api/quote/TQQQ/historical?assetclass=etf&fromdate=2016-07-26&todate=2026-07-26&limit=5000
TQQQ,2023-05-01,14.07,14.265,13.935,14.085,178002520,,https://api.nasdaq.com/api/quote/TQQQ/historical?assetclass=etf&fromdate=2016-07-26&todate=2026-07-26&limit=5000
TQQQ,2023-05-02,14.07,14.11,13.48,13.71,249312000,,https://api.nasdaq.com/api/quote/TQQQ/historical?assetclass=etf&fromdate=2016-07-26&todate=2026-07-26&limit=5000
TQQQ,2023-05-03,13.75,14.1,13.415,13.44,340267600,,https://api.nasdaq.com/api/quote/TQQQ/historical?assetclass=etf&fromdate=2016-07-26&todate=2026-07-26&limit=5000
TQQQ,2023-05-04,13.39,13.54,13.142,13.29,242621600,,https://api.nasdaq.com/api/quote/TQQQ/historical?assetclass=etf&fromdate=2016-07-26&todate=2026-07-26&limit=5000
TQQQ,2023-05-05,13.56,14.23,13.5169,14.105,195603260,,https://api.nasdaq.com/api/quote/TQQQ/historical?assetclass=etf&fromdate=2016-07-26&todate=2026-07-26&limit=5000
TQQQ,2023-05-08,14.05,14.27,13.91,14.22,151476940,,https://api.nasdaq.com/api/quote/TQQQ/historical?assetclass=etf&fromdate=2016-07-26&todate=2026-07-26&limit=5000
TQQQ,2023-05-09,13.9925,14.11,13.9025,13.945,129681480,,https://api.nasdaq.com/api/quote/TQQQ/historical?assetclass=etf&fromdate=2016-07-26&todate=2026-07-26&limit=5000
TQQQ,2023-05-10,14.26,14.51,13.935,14.395,303102000,,https://api.nasdaq.com/api/quote/TQQQ/historical?assetclass=etf&fromdate=2016-07-26&todate=2026-07-26&limit=5000
TQQQ,2023-05-11,14.4525,14.595,14.245,14.515,194682900,,https://api.nasdaq.com/api/quote/TQQQ/historical?assetclass=etf&fromdate=2016-07-26&todate=2026-07-26&limit=5000
TQQQ,2023-05-12,14.59,14.65,14.085,14.365,210763400,,https://api.nasdaq.com/api/quote/TQQQ/historical?assetclass=etf&fromdate=2016-07-26&todate=2026-07-26&limit=5000
TQQQ,2023-05-15,14.425,14.625,14.215,14.585,172935260,,https://api.nasdaq.com/api/quote/TQQQ/historical?assetclass=etf&fromdate=2016-07-26&todate=2026-07-26&limit=5000
TQQQ,2023-05-16,14.49,14.87,14.48,14.64,159326920,,https://api.nasdaq.com/api/quote/TQQQ/historical?assetclass=etf&fromdate=2016-07-26&todate=2026-07-26&limit=5000
TQQQ,2023-05-17,14.775,15.24,14.615,15.165,202209200,,https://api.nasdaq.com/api/quote/TQQQ/historical?assetclass=etf&fromdate=2016-07-26&todate=2026-07-26&limit=5000
TQQQ,2023-05-18,15.2,16.02,15.1975,15.98,271867600,,https://api.nasdaq.com/api/quote/TQQQ/historical?assetclass=etf&fromdate=2016-07-26&todate=2026-07-26&limit=5000
TQQQ,2023-05-19,16.015,16.12,15.725,15.87,198058400,,https://api.nasdaq.com/api/quote/TQQQ/historical?assetclass=etf&fromdate=2016-07-26&todate=2026-07-26&limit=5000
TQQQ,2023-05-22,15.84,16.18,15.835,16.035,166624720,,https://api.nasdaq.com/api/quote/TQQQ/historical?assetclass=etf&fromdate=2016-07-26&todate=2026-07-26&limit=5000
TQQQ,2023-05-23,15.78,15.9475,15.365,15.415,212630000,,https://api.nasdaq.com/api/quote/TQQQ/historical?assetclass=etf&fromdate=2016-07-26&todate=2026-07-26&limit=5000
TQQQ,2023-05-24,15.135,15.35,14.885,15.165,235945000,,https://api.nasdaq.com/api/quote/TQQQ/historical?assetclass=etf&fromdate=2016-07-26&todate=2026-07-26&limit=5000
TQQQ,2023-05-25,16.18,16.435,15.84,16.26,261747000,,https://api.nasdaq.com/api/quote/TQQQ/historical?assetclass=etf&fromdate=2016-07-26&todate=2026-07-26&limit=5000
TQQQ,2023-05-26,16.405,17.625,16.395,17.49,252784400,,https://api.nasdaq.com/api/quote/TQQQ/historical?assetclass=etf&fromdate=2016-07-26&todate=2026-07-26&limit=5000
TQQQ,2023-05-30,18.155,18.335,17.52,17.735,270612800,,https://api.nasdaq.com/api/quote/TQQQ/historical?assetclass=etf&fromdate=2016-07-26&todate=2026-07-26&limit=5000
TQQQ,2023-05-31,17.485,17.7925,17.2,17.375,210289000,,https://api.nasdaq.com/api/quote/TQQQ/historical?assetclass=etf&fromdate=2016-07-26&todate=2026-07-26&limit=5000
TQQQ,2023-06-01,17.37,18.215,17.205,18.005,216759200,,https://api.nasdaq.com/api/quote/TQQQ/historical?assetclass=etf&fromdate=2016-07-26&todate=2026-07-26&limit=5000
TQQQ,2023-06-02,18.28,18.595,18.005,18.41,216505600,,https://api.nasdaq.com/api/quote/TQQQ/historical?assetclass=etf&fromdate=2016-07-26&todate=2026-07-26&limit=5000
TQQQ,2023-06-05,18.38,18.85,18.28,18.45,206261800,,https://api.nasdaq.com/api/quote/TQQQ/historical?assetclass=etf&fromdate=2016-07-26&todate=2026-07-26&limit=5000
TQQQ,2023-06-06,18.345,18.58,18.13,18.43,159509040,,https://api.nasdaq.com/api/quote/TQQQ/historical?assetclass=etf&fromdate=2016-07-26&todate=2026-07-26&limit=5000
TQQQ,2023-06-07,18.47,18.78,17.385,17.49,228485400,,https://api.nasdaq.com/api/quote/TQQQ/historical?assetclass=etf&fromdate=2016-07-26&todate=2026-07-26&limit=5000
TQQQ,2023-06-08,17.51,18.19,17.475,18.09,188153880,,https://api.nasdaq.com/api/quote/TQQQ/historical?assetclass=etf&fromdate=2016-07-26&todate=2026-07-26&limit=5000
TQQQ,2023-06-09,18.34,18.8075,18.0975,18.31,207944000,,https://api.nasdaq.com/api/quote/TQQQ/historical?assetclass=etf&fromdate=2016-07-26&todate=2026-07-26&limit=5000
TQQQ,2023-06-12,18.575,19.255,18.4201,19.245,155955780,,https://api.nasdaq.com/api/quote/TQQQ/historical?assetclass=etf&fromdate=2016-07-26&todate=2026-07-26&limit=5000
TQQQ,2023-06-13,19.685,19.815,19.16,19.675,266534200,,https://api.nasdaq.com/api/quote/TQQQ/historical?assetclass=etf&fromdate=2016-07-26&todate=2026-07-26&limit=5000
TQQQ,2023-06-14,19.675,20.15,19.2102,20.095,305313000,,https://api.nasdaq.com/api/quote/TQQQ/historical?assetclass=etf&fromdate=2016-07-26&todate=2026-07-26&limit=5000
TQQQ,2023-06-15,19.87,21.045,19.755,20.8,255874000,,https://api.nasdaq.com/api/quote/TQQQ/historical?assetclass=etf&fromdate=2016-07-26&todate=2026-07-26&limit=5000
TQQQ,2023-06-16,21.205,21.22,20.325,20.4,224810400,,https://api.nasdaq.com/api/quote/TQQQ/historical?assetclass=etf&fromdate=2016-07-26&todate=2026-07-26&limit=5000
TQQQ,2023-06-20,20.145,20.54,19.8,20.3,168249780,,https://api.nasdaq.com/api/quote/TQQQ/historical?assetclass=etf&fromdate=2016-07-26&todate=2026-07-26&limit=5000
TQQQ,2023-06-21,20.04,20.11,19.25,19.425,199266640,,https://api.nasdaq.com/api/quote/TQQQ/historical?assetclass=etf&fromdate=2016-07-26&todate=2026-07-26&limit=5000
TQQQ,2023-06-22,19.185,20.095,19.1196,20.07,210199200,,https://api.nasdaq.com/api/quote/TQQQ/historical?assetclass=etf&fromdate=2016-07-26&todate=2026-07-26&limit=5000
TQQQ,2023-06-23,19.415,19.855,19.19,19.475,225152400,,https://api.nasdaq.com/api/quote/TQQQ/historical?assetclass=etf&fromdate=2016-07-26&todate=2026-07-26&limit=5000
TQQQ,2023-06-26,19.38,19.835,18.67,18.705,216900000,,https://api.nasdaq.com/api/quote/TQQQ/historical?assetclass=etf&fromdate=2016-07-26&todate=2026-07-26&limit=5000
TQQQ,2023-06-27,18.9225,19.75,18.8,19.63,195354040,,https://api.nasdaq.com/api/quote/TQQQ/historical?assetclass=etf&fromdate=2016-07-26&todate=2026-07-26&limit=5000
TQQQ,2023-06-28,19.335,20.07,19.3163,19.75,217352600,,https://api.nasdaq.com/api/quote/TQQQ/historical?assetclass=etf&fromdate=2016-07-26&todate=2026-07-26&limit=5000
TQQQ,2023-06-29,19.68,19.78,19.335,19.615,198266460,,https://api.nasdaq.com/api/quote/TQQQ/historical?assetclass=etf&fromdate=2016-07-26&todate=2026-07-26&limit=5000
TQQQ,2023-06-30,20.2,20.675,20.145,20.5,184308780,,https://api.nasdaq.com/api/quote/TQQQ/historical?assetclass=etf&fromdate=2016-07-26&todate=2026-07-26&limit=5000
TQQQ,2023-07-03,20.6,20.745,20.42,20.64,79521840,,https://api.nasdaq.com/api/quote/TQQQ/historical?assetclass=etf&fromdate=2016-07-26&todate=2026-07-26&limit=5000
TQQQ,2023-07-05,20.36,20.92,20.355,20.625,139007360,,https://api.nasdaq.com/api/quote/TQQQ/historical?assetclass=etf&fromdate=2016-07-26&todate=2026-07-26&limit=5000
TQQQ,2023-07-06,19.985,20.21,19.645,20.14,170473340,,https://api.nasdaq.com/api/quote/TQQQ/historical?assetclass=etf&fromdate=2016-07-26&todate=2026-07-26&limit=5000
TQQQ,2023-07-07,20.095,20.6275,19.89,19.935,168624840,,https://api.nasdaq.com/api/quote/TQQQ/historical?assetclass=etf&fromdate=2016-07-26&todate=2026-07-26&limit=5000
TQQQ,2023-07-10,19.88,20.055,19.465,19.95,172013620,,https://api.nasdaq.com/api/quote/TQQQ/historical?assetclass=etf&fromdate=2016-07-26&todate=2026-07-26&limit=5000
TQQQ,2023-07-11,20.01,20.3075,19.65,20.235,162478680,,https://api.nasdaq.com/api/quote/TQQQ/historical?assetclass=etf&fromdate=2016-07-26&todate=2026-07-26&limit=5000
TQQQ,2023-07-12,20.915,21.22,20.5751,20.985,230335400,,https://api.nasdaq.com/api/quote/TQQQ/historical?assetclass=etf&fromdate=2016-07-26&todate=2026-07-26&limit=5000
TQQQ,2023-07-13,21.51,22.18,21.415,22.03,164773240,,https://api.nasdaq.com/api/quote/TQQQ/historical?assetclass=etf&fromdate=2016-07-26&todate=2026-07-26&limit=5000
TQQQ,2023-07-14,22.11,22.68,21.8601,22.01,186056320,,https://api.nasdaq.com/api/quote/TQQQ/historical?assetclass=etf&fromdate=2016-07-26&todate=2026-07-26&limit=5000
TQQQ,2023-07-17,22.14,22.7828,22.055,22.62,145525260,,https://api.nasdaq.com/api/quote/TQQQ/historical?assetclass=etf&fromdate=2016-07-26&todate=2026-07-26&limit=5000
TQQQ,2023-07-18,22.5075,23.4204,22.155,23.16,196633660,,https://api.nasdaq.com/api/quote/TQQQ/historical?assetclass=etf&fromdate=2016-07-26&todate=2026-07-26&limit=5000
TQQQ,2023-07-19,23.365,23.57,22.91,23.16,200573800,,https://api.nasdaq.com/api/quote/TQQQ/historical?assetclass=etf&fromdate=2016-07-26&todate=2026-07-26&limit=5000
TQQQ,2023-07-20,22.58,22.85,21.345,21.535,233862800,,https://api.nasdaq.com/api/quote/TQQQ/historical?assetclass=etf&fromdate=2016-07-26&todate=2026-07-26&limit=5000
TQQQ,2023-07-21,21.94,22.09,21.255,21.345,205108600,,https://api.nasdaq.com/api/quote/TQQQ/historical?assetclass=etf&fromdate=2016-07-26&todate=2026-07-26&limit=5000
TQQQ,2023-07-24,21.49,21.655,21.1016,21.43,126429220,,https://api.nasdaq.com/api/quote/TQQQ/historical?assetclass=etf&fromdate=2016-07-26&todate=2026-07-26&limit=5000
TQQQ,2023-07-25,21.54,22.14,21.54,21.86,138199120,,https://api.nasdaq.com/api/quote/TQQQ/historical?assetclass=etf&fromdate=2016-07-26&todate=2026-07-26&limit=5000
TQQQ,2023-07-26,21.66,21.925,21.22,21.635,205764600,,https://api.nasdaq.com/api/quote/TQQQ/historical?assetclass=etf&fromdate=2016-07-26&todate=2026-07-26&limit=5000
TQQQ,2023-07-27,22.555,22.845,21.225,21.45,261103200,,https://api.nasdaq.com/api/quote/TQQQ/historical?assetclass=etf&fromdate=2016-07-26&todate=2026-07-26&limit=5000
TQQQ,2023-07-28,22.15,22.795,22.065,22.61,204487600,,https://api.nasdaq.com/api/quote/TQQQ/historical?assetclass=etf&fromdate=2016-07-26&todate=2026-07-26&limit=5000
TQQQ,2023-07-31,22.665,22.855,22.41,22.655,159009180,,https://api.nasdaq.com/api/quote/TQQQ/historical?assetclass=etf&fromdate=2016-07-26&todate=2026-07-26&limit=5000
TQQQ,2023-08-01,22.395,22.615,22.1054,22.48,154491260,,https://api.nasdaq.com/api/quote/TQQQ/historical?assetclass=etf&fromdate=2016-07-26&todate=2026-07-26&limit=5000
TQQQ,2023-08-02,21.845,21.8475,20.765,21.01,258044000,,https://api.nasdaq.com/api/quote/TQQQ/historical?assetclass=etf&fromdate=2016-07-26&todate=2026-07-26&limit=5000
TQQQ,2023-08-03,20.555,21.23,20.525,20.86,202697800,,https://api.nasdaq.com/api/quote/TQQQ/historical?assetclass=etf&fromdate=2016-07-26&todate=2026-07-26&limit=5000
TQQQ,2023-08-04,21.195,21.585,20.485,20.57,247452800,,https://api.nasdaq.com/api/quote/TQQQ/historical?assetclass=etf&fromdate=2016-07-26&todate=2026-07-26&limit=5000
TQQQ,2023-08-07,20.865,21.1,20.47,21.08,149792120,,https://api.nasdaq.com/api/quote/TQQQ/historical?assetclass=etf&fromdate=2016-07-26&todate=2026-07-26&limit=5000
TQQQ,2023-08-08,20.645,20.645,20,20.54,188780000,,https://api.nasdaq.com/api/quote/TQQQ/historical?assetclass=etf&fromdate=2016-07-26&todate=2026-07-26&limit=5000
TQQQ,2023-08-09,20.5775,20.605,19.725,19.855,199430540,,https://api.nasdaq.com/api/quote/TQQQ/historical?assetclass=etf&fromdate=2016-07-26&todate=2026-07-26&limit=5000
TQQQ,2023-08-10,20.33,20.875,19.6864,19.945,260554200,,https://api.nasdaq.com/api/quote/TQQQ/historical?assetclass=etf&fromdate=2016-07-26&todate=2026-07-26&limit=5000
TQQQ,2023-08-11,19.515,19.8375,19.3,19.545,201573800,,https://api.nasdaq.com/api/quote/TQQQ/historical?assetclass=etf&fromdate=2016-07-26&todate=2026-07-26&limit=5000
TQQQ,2023-08-14,19.415,20.22,19.3,20.195,142553580,,https://api.nasdaq.com/api/quote/TQQQ/historical?assetclass=etf&fromdate=2016-07-26&todate=2026-07-26&limit=5000
TQQQ,2023-08-15,20.035,20.1695,19.44,19.575,162553520,,https://api.nasdaq.com/api/quote/TQQQ/historical?assetclass=etf&fromdate=2016-07-26&todate=2026-07-26&limit=5000
TQQQ,2023-08-16,19.46,19.7077,18.91,18.925,190221960,,https://api.nasdaq.com/api/quote/TQQQ/historical?assetclass=etf&fromdate=2016-07-26&todate=2026-07-26&limit=5000
TQQQ,2023-08-17,19.125,19.18,18.215,18.285,210232800,,https://api.nasdaq.com/api/quote/TQQQ/historical?assetclass=etf&fromdate=2016-07-26&todate=2026-07-26&limit=5000
TQQQ,2023-08-18,17.765,18.4047,17.685,18.2,247002000,,https://api.nasdaq.com/api/quote/TQQQ/historical?assetclass=etf&fromdate=2016-07-26&todate=2026-07-26&limit=5000
TQQQ,2023-08-21,18.435,19.19,18.355,19.08,191487120,,https://api.nasdaq.com/api/quote/TQQQ/historical?assetclass=etf&fromdate=2016-07-26&todate=2026-07-26&limit=5000
TQQQ,2023-08-22,19.485,19.49,18.885,18.995,180786060,,https://api.nasdaq.com/api/quote/TQQQ/historical?assetclass=etf&fromdate=2016-07-26&todate=2026-07-26&limit=5000
TQQQ,2023-08-23,19.175,20.06,19.14,19.89,175454020,,https://api.nasdaq.com/api/quote/TQQQ/historical?assetclass=etf&fromdate=2016-07-26&todate=2026-07-26&limit=5000
TQQQ,2023-08-24,20.44,20.4525,18.55,18.58,232397200,,https://api.nasdaq.com/api/quote/TQQQ/historical?assetclass=etf&fromdate=2016-07-26&todate=2026-07-26&limit=5000
TQQQ,2023-08-25,18.715,19.28,18.175,19.02,278289400,,https://api.nasdaq.com/api/quote/TQQQ/historical?assetclass=etf&fromdate=2016-07-26&todate=2026-07-26&limit=5000
TQQQ,2023-08-28,19.475,19.5849,19.0401,19.445,182641040,,https://api.nasdaq.com/api/quote/TQQQ/historical?assetclass=etf&fromdate=2016-07-26&todate=2026-07-26&limit=5000
TQQQ,2023-08-29,19.4,20.76,19.3454,20.685,187495660,,https://api.nasdaq.com/api/quote/TQQQ/historical?assetclass=etf&fromdate=2016-07-26&todate=2026-07-26&limit=5000
TQQQ,2023-08-30,20.715,21.14,20.54,21.03,185958260,,https://api.nasdaq.com/api/quote/TQQQ/historical?assetclass=etf&fromdate=2016-07-26&todate=2026-07-26&limit=5000
TQQQ,2023-08-31,21.02,21.49,21.01,21.22,162242900,,https://api.nasdaq.com/api/quote/TQQQ/historical?assetclass=etf&fromdate=2016-07-26&todate=2026-07-26&limit=5000
TQQQ,2023-09-01,21.605,21.68,20.875,21.145,165058380,,https://api.nasdaq.com/api/quote/TQQQ/historical?assetclass=etf&fromdate=2016-07-26&todate=2026-07-26&limit=5000
TQQQ,2023-09-05,20.985,21.41,20.83,21.2,123778680,,https://api.nasdaq.com/api/quote/TQQQ/historical?assetclass=etf&fromdate=2016-07-26&todate=2026-07-26&limit=5000
TQQQ,2023-09-06,21.07,21.12,20.29,20.64,148058200,,https://api.nasdaq.com/api/quote/TQQQ/historical?assetclass=etf&fromdate=2016-07-26&todate=2026-07-26&limit=5000
TQQQ,2023-09-07,19.87,20.3,19.69,20.19,168623000,,https://api.nasdaq.com/api/quote/TQQQ/historical?assetclass=etf&fromdate=2016-07-26&todate=2026-07-26&limit=5000
TQQQ,2023-09-08,20.155,20.62,20.085,20.25,149765500,,https://api.nasdaq.com/api/quote/TQQQ/historical?assetclass=etf&fromdate=2016-07-26&todate=2026-07-26&limit=5000
TQQQ,2023-09-11,20.745,21.045,20.4201,20.94,141712800,,https://api.nasdaq.com/api/quote/TQQQ/historical?assetclass=etf&fromdate=2016-07-26&todate=2026-07-26&limit=5000
TQQQ,2023-09-12,20.67,20.9048,20.2,20.27,155524120,,https://api.nasdaq.com/api/quote/TQQQ/historical?assetclass=etf&fromdate=2016-07-26&todate=2026-07-26&limit=5000
TQQQ,2023-09-13,20.29,20.7426,20.095,20.47,170849380,,https://api.nasdaq.com/api/quote/TQQQ/historical?assetclass=etf&fromdate=2016-07-26&todate=2026-07-26&limit=5000
TQQQ,2023-09-14,20.75,21.12,20.4,20.95,152379760,,https://api.nasdaq.com/api/quote/TQQQ/historical?assetclass=etf&fromdate=2016-07-26&todate=2026-07-26&limit=5000
TQQQ,2023-09-15,20.725,20.7939,19.715,19.875,179839660,,https://api.nasdaq.com/api/quote/TQQQ/historical?assetclass=etf&fromdate=2016-07-26&todate=2026-07-26&limit=5000
TQQQ,2023-09-18,19.715,20.11,19.665,19.92,124798200,,https://api.nasdaq.com/api/quote/TQQQ/historical?assetclass=etf&fromdate=2016-07-26&todate=2026-07-26&limit=5000
TQQQ,2023-09-19,19.705,19.9125,19.3,19.8,148741480,,https://api.nasdaq.com/api/quote/TQQQ/historical?assetclass=etf&fromdate=2016-07-26&todate=2026-07-26&limit=5000
TQQQ,2023-09-20,19.885,19.95,18.85,18.875,196038460,,https://api.nasdaq.com/api/quote/TQQQ/historical?assetclass=etf&fromdate=2016-07-26&todate=2026-07-26&limit=5000
TQQQ,2023-09-21,18.275,18.39,17.785,17.8,216821200,,https://api.nasdaq.com/api/quote/TQQQ/historical?assetclass=etf&fromdate=2016-07-26&todate=2026-07-26&limit=5000
TQQQ,2023-09-22,18.065,18.39,17.7603,17.8125,188181260,,https://api.nasdaq.com/api/quote/TQQQ/historical?assetclass=etf&fromdate=2016-07-26&todate=2026-07-26&limit=5000
TQQQ,2023-09-25,17.655,18.07,17.505,18.05,162538420,,https://api.nasdaq.com/api/quote/TQQQ/historical?assetclass=etf&fromdate=2016-07-26&todate=2026-07-26&limit=5000
TQQQ,2023-09-26,17.655,17.74,17.085,17.245,210679400,,https://api.nasdaq.com/api/quote/TQQQ/historical?assetclass=etf&fromdate=2016-07-26&todate=2026-07-26&limit=5000
TQQQ,2023-09-27,17.4045,17.635,16.815,17.35,256871600,,https://api.nasdaq.com/api/quote/TQQQ/historical?assetclass=etf&fromdate=2016-07-26&todate=2026-07-26&limit=5000
TQQQ,2023-09-28,17.195,18.0849,17.0655,17.77,268145800,,https://api.nasdaq.com/api/quote/TQQQ/historical?assetclass=etf&fromdate=2016-07-26&todate=2026-07-26&limit=5000
TQQQ,2023-09-29,18.29,18.5,17.615,17.81,286858200,,https://api.nasdaq.com/api/quote/TQQQ/historical?assetclass=etf&fromdate=2016-07-26&todate=2026-07-26&limit=5000
TQQQ,2023-10-02,17.835,18.45,17.74,18.235,236463200,,https://api.nasdaq.com/api/quote/TQQQ/historical?assetclass=etf&fromdate=2016-07-26&todate=2026-07-26&limit=5000
TQQQ,2023-10-03,17.855,18.195,17.02,17.27,266539000,,https://api.nasdaq.com/api/quote/TQQQ/historical?assetclass=etf&fromdate=2016-07-26&todate=2026-07-26&limit=5000
TQQQ,2023-10-04,17.39,18.095,17.32,17.97,252759200,,https://api.nasdaq.com/api/quote/TQQQ/historical?assetclass=etf&fromdate=2016-07-26&todate=2026-07-26&limit=5000
TQQQ,2023-10-05,17.945,18,17.25,17.78,218006200,,https://api.nasdaq.com/api/quote/TQQQ/historical?assetclass=etf&fromdate=2016-07-26&todate=2026-07-26&limit=5000
TQQQ,2023-10-06,17.325,18.845,17.205,18.675,294897400,,https://api.nasdaq.com/api/quote/TQQQ/historical?assetclass=etf&fromdate=2016-07-26&todate=2026-07-26&limit=5000
TQQQ,2023-10-09,18.305,19.045,18.07,18.95,210966000,,https://api.nasdaq.com/api/quote/TQQQ/historical?assetclass=etf&fromdate=2016-07-26&todate=2026-07-26&limit=5000
TQQQ,2023-10-10,19.0025,19.685,18.925,19.26,216109600,,https://api.nasdaq.com/api/quote/TQQQ/historical?assetclass=etf&fromdate=2016-07-26&todate=2026-07-26&limit=5000
TQQQ,2023-10-11,19.47,19.706,19.2,19.67,191710860,,https://api.nasdaq.com/api/quote/TQQQ/historical?assetclass=etf&fromdate=2016-07-26&todate=2026-07-26&limit=5000
TQQQ,2023-10-12,19.735,20.025,19.06,19.44,236509200,,https://api.nasdaq.com/api/quote/TQQQ/historical?assetclass=etf&fromdate=2016-07-26&todate=2026-07-26&limit=5000
TQQQ,2023-10-13,19.545,19.6397,18.4871,18.705,260187600,,https://api.nasdaq.com/api/quote/TQQQ/historical?assetclass=etf&fromdate=2016-07-26&todate=2026-07-26&limit=5000
TQQQ,2023-10-16,18.91,19.5,18.885,19.335,173152160,,https://api.nasdaq.com/api/quote/TQQQ/historical?assetclass=etf&fromdate=2016-07-26&todate=2026-07-26&limit=5000
TQQQ,2023-10-17,18.76,19.41,18.425,19.15,210387000,,https://api.nasdaq.com/api/quote/TQQQ/historical?assetclass=etf&fromdate=2016-07-26&todate=2026-07-26&limit=5000
TQQQ,2023-10-18,18.735,19.09,18.1654,18.34,263165200,,https://api.nasdaq.com/api/quote/TQQQ/historical?assetclass=etf&fromdate=2016-07-26&todate=2026-07-26&limit=5000
TQQQ,2023-10-19,18.575,18.755,17.7201,17.85,370050400,,https://api.nasdaq.com/api/quote/TQQQ/historical?assetclass=etf&fromdate=2016-07-26&todate=2026-07-26&limit=5000
TQQQ,2023-10-20,17.76,17.85,17.01,17.045,277722800,,https://api.nasdaq.com/api/quote/TQQQ/historical?assetclass=etf&fromdate=2016-07-26&todate=2026-07-26&limit=5000
TQQQ,2023-10-23,16.8375,17.705,16.53,17.195,263599000,,https://api.nasdaq.com/api/quote/TQQQ/historical?assetclass=etf&fromdate=2016-07-26&todate=2026-07-26&limit=5000
TQQQ,2023-10-24,17.45,17.795,17.2,17.68,245074600,,https://api.nasdaq.com/api/quote/TQQQ/historical?assetclass=etf&fromdate=2016-07-26&todate=2026-07-26&limit=5000
TQQQ,2023-10-25,17.315,17.34,16.29,16.385,328363200,,https://api.nasdaq.com/api/quote/TQQQ/historical?assetclass=etf&fromdate=2016-07-26&todate=2026-07-26&limit=5000
TQQQ,2023-10-26,16.19,16.3199,15.235,15.43,374047400,,https://api.nasdaq.com/api/quote/TQQQ/historical?assetclass=etf&fromdate=2016-07-26&todate=2026-07-26&limit=5000
TQQQ,2023-10-27,15.7875,16.115,15.475,15.65,294702200,,https://api.nasdaq.com/api/quote/TQQQ/historical?assetclass=etf&fromdate=2016-07-26&todate=2026-07-26&limit=5000
TQQQ,2023-10-30,15.975,16.345,15.7875,16.155,264305600,,https://api.nasdaq.com/api/quote/TQQQ/historical?assetclass=etf&fromdate=2016-07-26&todate=2026-07-26&limit=5000
TQQQ,2023-10-31,16.16,16.4425,15.7996,16.39,222923600,,https://api.nasdaq.com/api/quote/TQQQ/historical?assetclass=etf&fromdate=2016-07-26&todate=2026-07-26&limit=5000
TQQQ,2023-11-01,16.5,17.315,16.485,17.235,332635600,,https://api.nasdaq.com/api/quote/TQQQ/historical?assetclass=etf&fromdate=2016-07-26&todate=2026-07-26&limit=5000
TQQQ,2023-11-02,17.88,18.19,17.7,18.15,234134000,,https://api.nasdaq.com/api/quote/TQQQ/historical?assetclass=etf&fromdate=2016-07-26&todate=2026-07-26&limit=5000
TQQQ,2023-11-03,18.35,18.99,18.315,18.79,228661200,,https://api.nasdaq.com/api/quote/TQQQ/historical?assetclass=etf&fromdate=2016-07-26&todate=2026-07-26&limit=5000
TQQQ,2023-11-06,18.905,19.105,18.66,19.005,183599660,,https://api.nasdaq.com/api/quote/TQQQ/historical?assetclass=etf&fromdate=2016-07-26&todate=2026-07-26&limit=5000
TQQQ,2023-11-07,19.175,19.685,18.985,19.54,204502200,,https://api.nasdaq.com/api/quote/TQQQ/historical?assetclass=etf&fromdate=2016-07-26&todate=2026-07-26&limit=5000
TQQQ,2023-11-08,19.6,19.715,19.215,19.575,187960100,,https://api.nasdaq.com/api/quote/TQQQ/historical?assetclass=etf&fromdate=2016-07-26&todate=2026-07-26&limit=5000
TQQQ,2023-11-09,19.67,19.855,19.0302,19.11,258365200,,https://api.nasdaq.com/api/quote/TQQQ/historical?assetclass=etf&fromdate=2016-07-26&todate=2026-07-26&limit=5000
TQQQ,2023-11-10,19.375,20.415,19.29,20.385,249581800,,https://api.nasdaq.com/api/quote/TQQQ/historical?assetclass=etf&fromdate=2016-07-26&todate=2026-07-26&limit=5000
TQQQ,2023-11-13,20.125,20.365,19.875,20.2,180430420,,https://api.nasdaq.com/api/quote/TQQQ/historical?assetclass=etf&fromdate=2016-07-26&todate=2026-07-26&limit=5000
TQQQ,2023-11-14,21.235,21.64,21.145,21.47,233552400,,https://api.nasdaq.com/api/quote/TQQQ/historical?assetclass=etf&fromdate=2016-07-26&todate=2026-07-26&limit=5000
TQQQ,2023-11-15,21.81,21.89,21.3,21.53,218432600,,https://api.nasdaq.com/api/quote/TQQQ/historical?assetclass=etf&fromdate=2016-07-26&todate=2026-07-26&limit=5000
TQQQ,2023-11-16,21.38,21.605,21.1653,21.565,178044940,,https://api.nasdaq.com/api/quote/TQQQ/historical?assetclass=etf&fromdate=2016-07-26&todate=2026-07-26&limit=5000
TQQQ,2023-11-17,21.44,21.75,21.2825,21.58,157868860,,https://api.nasdaq.com/api/quote/TQQQ/historical?assetclass=etf&fromdate=2016-07-26&todate=2026-07-26&limit=5000
TQQQ,2023-11-20,21.575,22.475,21.57,22.35,166582540,,https://api.nasdaq.com/api/quote/TQQQ/historical?assetclass=etf&fromdate=2016-07-26&todate=2026-07-26&limit=5000
TQQQ,2023-11-21,22.045,22.08,21.6458,21.945,148275280,,https://api.nasdaq.com/api/quote/TQQQ/historical?assetclass=etf&fromdate=2016-07-26&todate=2026-07-26&limit=5000
TQQQ,2023-11-22,22.285,22.71,22.027,22.2,171858360,,https://api.nasdaq.com/api/quote/TQQQ/historical?assetclass=etf&fromdate=2016-07-26&todate=2026-07-26&limit=5000
TQQQ,2023-11-24,22.125,22.225,21.925,22.09,63975420,,https://api.nasdaq.com/api/quote/TQQQ/historical?assetclass=etf&fromdate=2016-07-26&todate=2026-07-26&limit=5000
TQQQ,2023-11-27,22.0025,22.37,21.8825,22.025,121856400,,https://api.nasdaq.com/api/quote/TQQQ/historical?assetclass=etf&fromdate=2016-07-26&todate=2026-07-26&limit=5000
TQQQ,2023-11-28,21.9,22.3,21.835,22.2,158349060,,https://api.nasdaq.com/api/quote/TQQQ/historical?assetclass=etf&fromdate=2016-07-26&todate=2026-07-26&limit=5000
TQQQ,2023-11-29,22.62,22.865,22.065,22.12,177523120,,https://api.nasdaq.com/api/quote/TQQQ/historical?assetclass=etf&fromdate=2016-07-26&todate=2026-07-26&limit=5000
TQQQ,2023-11-30,22.15,22.2275,21.4209,21.935,186394500,,https://api.nasdaq.com/api/quote/TQQQ/historical?assetclass=etf&fromdate=2016-07-26&todate=2026-07-26&limit=5000
TQQQ,2023-12-01,21.745,22.2206,21.462,22.12,172937580,,https://api.nasdaq.com/api/quote/TQQQ/historical?assetclass=etf&fromdate=2016-07-26&todate=2026-07-26&limit=5000
TQQQ,2023-12-04,21.455,21.5373,20.865,21.49,181143600,,https://api.nasdaq.com/api/quote/TQQQ/historical?assetclass=etf&fromdate=2016-07-26&todate=2026-07-26&limit=5000
TQQQ,2023-12-05,21.155,21.85,21.1305,21.645,167540440,,https://api.nasdaq.com/api/quote/TQQQ/historical?assetclass=etf&fromdate=2016-07-26&todate=2026-07-26&limit=5000
TQQQ,2023-12-06,22.14,22.16,21.205,21.26,163000540,,https://api.nasdaq.com/api/quote/TQQQ/historical?assetclass=etf&fromdate=2016-07-26&todate=2026-07-26&limit=5000
TQQQ,2023-12-07,21.74,22.27,21.555,22.15,162755460,,https://api.nasdaq.com/api/quote/TQQQ/historical?assetclass=etf&fromdate=2016-07-26&todate=2026-07-26&limit=5000
TQQQ,2023-12-08,21.825,22.5,21.7925,22.415,181788900,,https://api.nasdaq.com/api/quote/TQQQ/historical?assetclass=etf&fromdate=2016-07-26&todate=2026-07-26&limit=5000
TQQQ,2023-12-11,22.335,23.04,22.3,22.985,151540040,,https://api.nasdaq.com/api/quote/TQQQ/historical?assetclass=etf&fromdate=2016-07-26&todate=2026-07-26&limit=5000
TQQQ,2023-12-12,22.99,23.55,22.785,23.54,142899480,,https://api.nasdaq.com/api/quote/TQQQ/historical?assetclass=etf&fromdate=2016-07-26&todate=2026-07-26&limit=5000
TQQQ,2023-12-13,23.69,24.5347,23.55,24.37,230081400,,https://api.nasdaq.com/api/quote/TQQQ/historical?assetclass=etf&fromdate=2016-07-26&todate=2026-07-26&limit=5000
TQQQ,2023-12-14,24.625,24.865,23.7751,24.33,202697800,,https://api.nasdaq.com/api/quote/TQQQ/historical?assetclass=etf&fromdate=2016-07-26&todate=2026-07-26&limit=5000
TQQQ,2023-12-15,24.47,24.895,24.35,24.62,156730980,,https://api.nasdaq.com/api/quote/TQQQ/historical?assetclass=etf&fromdate=2016-07-26&todate=2026-07-26&limit=5000
TQQQ,2023-12-18,24.745,25.3,24.6834,25.135,116435980,,https://api.nasdaq.com/api/quote/TQQQ/historical?assetclass=etf&fromdate=2016-07-26&todate=2026-07-26&limit=5000
TQQQ,2023-12-19,25.21,25.53,25.1775,25.51,120349600,,https://api.nasdaq.com/api/quote/TQQQ/historical?assetclass=etf&fromdate=2016-07-26&todate=2026-07-26&limit=5000
TQQQ,2023-12-20,25.24,25.635,24.23,24.27,176165020,,https://api.nasdaq.com/api/quote/TQQQ/historical?assetclass=etf&fromdate=2016-07-26&todate=2026-07-26&limit=5000
TQQQ,2023-12-21,24.945,25.135,24.47,25.0725,149089420,,https://api.nasdaq.com/api/quote/TQQQ/historical?assetclass=etf&fromdate=2016-07-26&todate=2026-07-26&limit=5000
TQQQ,2023-12-22,25.3,25.47,24.82,25.175,132420080,,https://api.nasdaq.com/api/quote/TQQQ/historical?assetclass=etf&fromdate=2016-07-26&todate=2026-07-26&limit=5000
TQQQ,2023-12-26,25.32,25.755,25.31,25.635,87371220,,https://api.nasdaq.com/api/quote/TQQQ/historical?assetclass=etf&fromdate=2016-07-26&todate=2026-07-26&limit=5000
TQQQ,2023-12-27,25.675,25.83,25.51,25.77,111495580,,https://api.nasdaq.com/api/quote/TQQQ/historical?assetclass=etf&fromdate=2016-07-26&todate=2026-07-26&limit=5000
TQQQ,2023-12-28,25.96,26.005,25.635,25.705,85768220,,https://api.nasdaq.com/api/quote/TQQQ/historical?assetclass=etf&fromdate=2016-07-26&todate=2026-07-26&limit=5000
TQQQ,2023-12-29,25.69,25.7618,25,25.35,134245380,,https://api.nasdaq.com/api/quote/TQQQ/historical?assetclass=etf&fromdate=2016-07-26&todate=2026-07-26&limit=5000
TQQQ,2024-01-02,24.675,24.715,23.6325,24.065,176270660,,https://api.nasdaq.com/api/quote/TQQQ/historical?assetclass=etf&fromdate=2016-07-26&todate=2026-07-26&limit=5000
TQQQ,2024-01-03,23.585,23.77,23.2151,23.295,167812240,,https://api.nasdaq.com/api/quote/TQQQ/historical?assetclass=etf&fromdate=2016-07-26&todate=2026-07-26&limit=5000
TQQQ,2024-01-04,22.935,23.485,22.865,22.905,143735420,,https://api.nasdaq.com/api/quote/TQQQ/historical?assetclass=etf&fromdate=2016-07-26&todate=2026-07-26&limit=5000
TQQQ,2024-01-05,22.93,23.46,22.735,22.99,170481520,,https://api.nasdaq.com/api/quote/TQQQ/historical?assetclass=etf&fromdate=2016-07-26&todate=2026-07-26&limit=5000
TQQQ,2024-01-08,23.195,24.45,23.165,24.375,135374140,,https://api.nasdaq.com/api/quote/TQQQ/historical?assetclass=etf&fromdate=2016-07-26&todate=2026-07-26&limit=5000
TQQQ,2024-01-09,23.83,24.705,23.805,24.535,148431540,,https://api.nasdaq.com/api/quote/TQQQ/historical?assetclass=etf&fromdate=2016-07-26&todate=2026-07-26&limit=5000
TQQQ,2024-01-10,24.585,25.205,24.4201,25.02,147621020,,https://api.nasdaq.com/api/quote/TQQQ/historical?assetclass=etf&fromdate=2016-07-26&todate=2026-07-26&limit=5000
TQQQ,2024-01-11,25.225,25.485,24.2,25.14,190228320,,https://api.nasdaq.com/api/quote/TQQQ/historical?assetclass=etf&fromdate=2016-07-26&todate=2026-07-26&limit=5000
TQQQ,2024-01-12,25.335,25.49,24.92,25.17,128214080,,https://api.nasdaq.com/api/quote/TQQQ/historical?assetclass=etf&fromdate=2016-07-26&todate=2026-07-26&limit=5000
TQQQ,2024-01-16,24.94,25.455,24.665,25.155,145874020,,https://api.nasdaq.com/api/quote/TQQQ/historical?assetclass=etf&fromdate=2016-07-26&todate=2026-07-26&limit=5000
TQQQ,2024-01-17,24.535,24.795,23.935,24.72,166554580,,https://api.nasdaq.com/api/quote/TQQQ/historical?assetclass=etf&fromdate=2016-07-26&todate=2026-07-26&limit=5000
TQQQ,2024-01-18,25.295,25.86,25.055,25.78,182140860,,https://api.nasdaq.com/api/quote/TQQQ/historical?assetclass=etf&fromdate=2016-07-26&todate=2026-07-26&limit=5000
TQQQ,2024-01-19,26.16,27.31,26.05,27.27,186359480,,https://api.nasdaq.com/api/quote/TQQQ/historical?assetclass=etf&fromdate=2016-07-26&todate=2026-07-26&limit=5000
TQQQ,2024-01-22,27.705,27.96,27.2551,27.38,149656520,,https://api.nasdaq.com/api/quote/TQQQ/historical?assetclass=etf&fromdate=2016-07-26&todate=2026-07-26&limit=5000
TQQQ,2024-01-23,27.505,27.74,27.14,27.705,112172000,,https://api.nasdaq.com/api/quote/TQQQ/historical?assetclass=etf&fromdate=2016-07-26&todate=2026-07-26&limit=5000
TQQQ,2024-01-24,28.475,28.95,28.0575,28.16,179718580,,https://api.nasdaq.com/api/quote/TQQQ/historical?assetclass=etf&fromdate=2016-07-26&todate=2026-07-26&limit=5000
TQQQ,2024-01-25,28.63,28.765,27.76,28.24,151395200,,https://api.nasdaq.com/api/quote/TQQQ/historical?assetclass=etf&fromdate=2016-07-26&todate=2026-07-26&limit=5000
TQQQ,2024-01-26,27.84,28.195,27.59,27.72,128382580,,https://api.nasdaq.com/api/quote/TQQQ/historical?assetclass=etf&fromdate=2016-07-26&todate=2026-07-26&limit=5000
TQQQ,2024-01-29,27.805,28.6,27.67,28.535,115977180,,https://api.nasdaq.com/api/quote/TQQQ/historical?assetclass=etf&fromdate=2016-07-26&todate=2026-07-26&limit=5000
TQQQ,2024-01-30,28.345,28.4575,27.8,27.965,119554440,,https://api.nasdaq.com/api/quote/TQQQ/historical?assetclass=etf&fromdate=2016-07-26&todate=2026-07-26&limit=5000
TQQQ,2024-01-31,27.095,27.492,26.29,26.32,203451600,,https://api.nasdaq.com/api/quote/TQQQ/historical?assetclass=etf&fromdate=2016-07-26&todate=2026-07-26&limit=5000
TQQQ,2024-02-01,26.645,27.32,26.455,27.25,162261460,,https://api.nasdaq.com/api/quote/TQQQ/historical?assetclass=etf&fromdate=2016-07-26&todate=2026-07-26&limit=5000
TQQQ,2024-02-02,27.59,28.84,27.395,28.62,198504960,,https://api.nasdaq.com/api/quote/TQQQ/historical?assetclass=etf&fromdate=2016-07-26&todate=2026-07-26&limit=5000
TQQQ,2024-02-05,28.595,28.71,27.785,28.475,139947760,,https://api.nasdaq.com/api/quote/TQQQ/historical?assetclass=etf&fromdate=2016-07-26&todate=2026-07-26&limit=5000
TQQQ,2024-02-06,28.69,28.82,27.82,28.31,140124220,,https://api.nasdaq.com/api/quote/TQQQ/historical?assetclass=etf&fromdate=2016-07-26&todate=2026-07-26&limit=5000
TQQQ,2024-02-07,28.845,29.33,28.585,29.155,131823440,,https://api.nasdaq.com/api/quote/TQQQ/historical?assetclass=etf&fromdate=2016-07-26&todate=2026-07-26&limit=5000
TQQQ,2024-02-08,29.155,29.445,29.01,29.275,98922140,,https://api.nasdaq.com/api/quote/TQQQ/historical?assetclass=etf&fromdate=2016-07-26&todate=2026-07-26&limit=5000
TQQQ,2024-02-09,29.515,30.305,29.356,30.135,110222000,,https://api.nasdaq.com/api/quote/TQQQ/historical?assetclass=etf&fromdate=2016-07-26&todate=2026-07-26&limit=5000
TQQQ,2024-02-12,30.105,30.57,29.6375,29.78,116254980,,https://api.nasdaq.com/api/quote/TQQQ/historical?assetclass=etf&fromdate=2016-07-26&todate=2026-07-26&limit=5000
TQQQ,2024-02-13,28.12,28.935,27.7175,28.37,188932920,,https://api.nasdaq.com/api/quote/TQQQ/historical?assetclass=etf&fromdate=2016-07-26&todate=2026-07-26&limit=5000
TQQQ,2024-02-14,28.9,29.375,28.4301,29.27,156151440,,https://api.nasdaq.com/api/quote/TQQQ/historical?assetclass=etf&fromdate=2016-07-26&todate=2026-07-26&limit=5000
TQQQ,2024-02-15,29.405,29.6051,28.865,29.515,130057180,,https://api.nasdaq.com/api/quote/TQQQ/historical?assetclass=etf&fromdate=2016-07-26&todate=2026-07-26&limit=5000
TQQQ,2024-02-16,29.58,29.605,28.555,28.705,151932940,,https://api.nasdaq.com/api/quote/TQQQ/historical?assetclass=etf&fromdate=2016-07-26&todate=2026-07-26&limit=5000
TQQQ,2024-02-20,28.29,28.59,27.275,28.04,163321100,,https://api.nasdaq.com/api/quote/TQQQ/historical?assetclass=etf&fromdate=2016-07-26&todate=2026-07-26&limit=5000
TQQQ,2024-02-21,27.485,27.71,26.91,27.69,154586300,,https://api.nasdaq.com/api/quote/TQQQ/historical?assetclass=etf&fromdate=2016-07-26&todate=2026-07-26&limit=5000
TQQQ,2024-02-22,29.39,30.2975,29.245,30.085,179279240,,https://api.nasdaq.com/api/quote/TQQQ/historical?assetclass=etf&fromdate=2016-07-26&todate=2026-07-26&limit=5000
TQQQ,2024-02-23,30.415,30.61,29.61,29.81,140390800,,https://api.nasdaq.com/api/quote/TQQQ/historical?assetclass=etf&fromdate=2016-07-26&todate=2026-07-26&limit=5000
TQQQ,2024-02-26,29.97,30.185,29.715,29.77,109875360,,https://api.nasdaq.com/api/quote/TQQQ/historical?assetclass=etf&fromdate=2016-07-26&todate=2026-07-26&limit=5000
TQQQ,2024-02-27,29.98,30.045,29.435,29.955,109399740,,https://api.nasdaq.com/api/quote/TQQQ/historical?assetclass=etf&fromdate=2016-07-26&todate=2026-07-26&limit=5000
TQQQ,2024-02-28,29.515,29.7625,29.2751,29.47,123503400,,https://api.nasdaq.com/api/quote/TQQQ/historical?assetclass=etf&fromdate=2016-07-26&todate=2026-07-26&limit=5000
TQQQ,2024-02-29,30.04,30.425,29.39,30.18,136959760,,https://api.nasdaq.com/api/quote/TQQQ/historical?assetclass=etf&fromdate=2016-07-26&todate=2026-07-26&limit=5000
TQQQ,2024-03-01,30.375,31.755,30.365,31.565,140959680,,https://api.nasdaq.com/api/quote/TQQQ/historical?assetclass=etf&fromdate=2016-07-26&todate=2026-07-26&limit=5000
TQQQ,2024-03-04,31.545,31.64,31.1525,31.19,120418560,,https://api.nasdaq.com/api/quote/TQQQ/historical?assetclass=etf&fromdate=2016-07-26&todate=2026-07-26&limit=5000
TQQQ,2024-03-05,30.55,30.55,29.01,29.52,193206900,,https://api.nasdaq.com/api/quote/TQQQ/historical?assetclass=etf&fromdate=2016-07-26&todate=2026-07-26&limit=5000
TQQQ,2024-03-06,30.37,30.713,29.675,30.065,181677320,,https://api.nasdaq.com/api/quote/TQQQ/historical?assetclass=etf&fromdate=2016-07-26&todate=2026-07-26&limit=5000
TQQQ,2024-03-07,30.775,31.6575,30.457,31.405,142370900,,https://api.nasdaq.com/api/quote/TQQQ/historical?assetclass=etf&fromdate=2016-07-26&todate=2026-07-26&limit=5000
TQQQ,2024-03-08,31.46,32.065,29.885,30.03,296451200,,https://api.nasdaq.com/api/quote/TQQQ/historical?assetclass=etf&fromdate=2016-07-26&todate=2026-07-26&limit=5000
TQQQ,2024-03-11,29.705,29.94,29.28,29.68,146769960,,https://api.nasdaq.com/api/quote/TQQQ/historical?assetclass=etf&fromdate=2016-07-26&todate=2026-07-26&limit=5000
TQQQ,2024-03-12,30.145,31.02,29.48,30.94,170559940,,https://api.nasdaq.com/api/quote/TQQQ/historical?assetclass=etf&fromdate=2016-07-26&todate=2026-07-26&limit=5000
TQQQ,2024-03-13,30.72,30.7275,29.9843,30.22,143779740,,https://api.nasdaq.com/api/quote/TQQQ/historical?assetclass=etf&fromdate=2016-07-26&todate=2026-07-26&limit=5000
TQQQ,2024-03-14,30.435,30.55,29.395,29.975,162480360,,https://api.nasdaq.com/api/quote/TQQQ/historical?assetclass=etf&fromdate=2016-07-26&todate=2026-07-26&limit=5000
TQQQ,2024-03-15,29.345,29.4609,28.6425,28.88,140883820,,https://api.nasdaq.com/api/quote/TQQQ/historical?assetclass=etf&fromdate=2016-07-26&todate=2026-07-26&limit=5000
TQQQ,2024-03-18,29.94,30.4,29.645,29.695,129193740,,https://api.nasdaq.com/api/quote/TQQQ/historical?assetclass=etf&fromdate=2016-07-26&todate=2026-07-26&limit=5000
TQQQ,2024-03-19,29.27,29.99,28.8401,29.9,118810000,,https://api.nasdaq.com/api/quote/TQQQ/historical?assetclass=etf&fromdate=2016-07-26&todate=2026-07-26&limit=5000
TQQQ,2024-03-20,30.035,30.915,29.68,30.85,156555920,,https://api.nasdaq.com/api/quote/TQQQ/historical?assetclass=etf&fromdate=2016-07-26&todate=2026-07-26&limit=5000
TQQQ,2024-03-21,31.875,31.975,31.21,31.25,126541880,,https://api.nasdaq.com/api/quote/TQQQ/historical?assetclass=etf&fromdate=2016-07-26&todate=2026-07-26&limit=5000
TQQQ,2024-03-22,31.135,31.585,30.9524,31.315,91574800,,https://api.nasdaq.com/api/quote/TQQQ/historical?assetclass=etf&fromdate=2016-07-26&todate=2026-07-26&limit=5000
TQQQ,2024-03-25,30.74,31.315,30.53,30.995,86669320,,https://api.nasdaq.com/api/quote/TQQQ/historical?assetclass=etf&fromdate=2016-07-26&todate=2026-07-26&limit=5000
TQQQ,2024-03-26,31.305,31.505,30.64,30.705,93985980,,https://api.nasdaq.com/api/quote/TQQQ/historical?assetclass=etf&fromdate=2016-07-26&todate=2026-07-26&limit=5000
TQQQ,2024-03-27,31.285,31.315,30.355,30.975,111388640,,https://api.nasdaq.com/api/quote/TQQQ/historical?assetclass=etf&fromdate=2016-07-26&todate=2026-07-26&limit=5000
TQQQ,2024-03-28,30.945,31.115,30.7,30.78,87023300,,https://api.nasdaq.com/api/quote/TQQQ/historical?assetclass=etf&fromdate=2016-07-26&todate=2026-07-26&limit=5000
TQQQ,2024-04-01,30.96,31.495,30.56,30.97,112290500,,https://api.nasdaq.com/api/quote/TQQQ/historical?assetclass=etf&fromdate=2016-07-26&todate=2026-07-26&limit=5000
TQQQ,2024-04-02,29.935,30.21,29.5005,30.14,109672720,,https://api.nasdaq.com/api/quote/TQQQ/historical?assetclass=etf&fromdate=2016-07-26&todate=2026-07-26&limit=5000
TQQQ,2024-04-03,29.7,30.7299,29.69,30.34,111683780,,https://api.nasdaq.com/api/quote/TQQQ/historical?assetclass=etf&fromdate=2016-07-26&todate=2026-07-26&limit=5000
TQQQ,2024-04-04,31.175,31.305,28.87,28.91,167520380,,https://api.nasdaq.com/api/quote/TQQQ/historical?assetclass=etf&fromdate=2016-07-26&todate=2026-07-26&limit=5000
TQQQ,2024-04-05,29.2,30.4644,29.0275,29.93,154897260,,https://api.nasdaq.com/api/quote/TQQQ/historical?assetclass=etf&fromdate=2016-07-26&todate=2026-07-26&limit=5000
TQQQ,2024-04-08,30.105,30.33,29.656,29.95,89725420,,https://api.nasdaq.com/api/quote/TQQQ/historical?assetclass=etf&fromdate=2016-07-26&todate=2026-07-26&limit=5000
TQQQ,2024-04-09,30.405,30.4675,29.2875,30.26,120311880,,https://api.nasdaq.com/api/quote/TQQQ/historical?assetclass=etf&fromdate=2016-07-26&todate=2026-07-26&limit=5000
TQQQ,2024-04-10,29.18,29.6375,29.03,29.465,202080600,,https://api.nasdaq.com/api/quote/TQQQ/historical?assetclass=etf&fromdate=2016-07-26&todate=2026-07-26&limit=5000
TQQQ,2024-04-11,29.805,31.03,29.3418,30.85,146931180,,https://api.nasdaq.com/api/quote/TQQQ/historical?assetclass=etf&fromdate=2016-07-26&todate=2026-07-26&limit=5000
TQQQ,2024-04-12,29.94,30.175,29.06,29.36,172589800,,https://api.nasdaq.com/api/quote/TQQQ/historical?assetclass=etf&fromdate=2016-07-26&todate=2026-07-26&limit=5000
TQQQ,2024-04-15,30.1,30.115,27.72,27.885,203656200,,https://api.nasdaq.com/api/quote/TQQQ/historical?assetclass=etf&fromdate=2016-07-26&todate=2026-07-26&limit=5000
TQQQ,2024-04-16,27.845,28.405,27.62,27.89,163766120,,https://api.nasdaq.com/api/quote/TQQQ/historical?assetclass=etf&fromdate=2016-07-26&todate=2026-07-26&limit=5000
TQQQ,2024-04-17,28.27,28.275,26.675,26.855,171026360,,https://api.nasdaq.com/api/quote/TQQQ/historical?assetclass=etf&fromdate=2016-07-26&todate=2026-07-26&limit=5000
TQQQ,2024-04-18,26.945,27.28,26.255,26.375,172781540,,https://api.nasdaq.com/api/quote/TQQQ/historical?assetclass=etf&fromdate=2016-07-26&todate=2026-07-26&limit=5000
TQQQ,2024-04-19,26.14,26.235,24.425,24.74,250807600,,https://api.nasdaq.com/api/quote/TQQQ/historical?assetclass=etf&fromdate=2016-07-26&todate=2026-07-26&limit=5000
TQQQ,2024-04-22,25.19,25.885,24.585,25.46,142604740,,https://api.nasdaq.com/api/quote/TQQQ/historical?assetclass=etf&fromdate=2016-07-26&todate=2026-07-26&limit=5000
TQQQ,2024-04-23,25.81,26.8075,25.745,26.595,151835060,,https://api.nasdaq.com/api/quote/TQQQ/historical?assetclass=etf&fromdate=2016-07-26&todate=2026-07-26&limit=5000
TQQQ,2024-04-24,27.16,27.455,26.4159,26.855,144316780,,https://api.nasdaq.com/api/quote/TQQQ/historical?assetclass=etf&fromdate=2016-07-26&todate=2026-07-26&limit=5000
TQQQ,2024-04-25,25.45,26.595,25.24,26.425,172827300,,https://api.nasdaq.com/api/quote/TQQQ/historical?assetclass=etf&fromdate=2016-07-26&todate=2026-07-26&limit=5000
TQQQ,2024-04-26,27.015,27.935,26.885,27.64,135994640,,https://api.nasdaq.com/api/quote/TQQQ/historical?assetclass=etf&fromdate=2016-07-26&todate=2026-07-26&limit=5000
TQQQ,2024-04-29,28.04,28.1651,27.4375,27.97,102354960,,https://api.nasdaq.com/api/quote/TQQQ/historical?assetclass=etf&fromdate=2016-07-26&todate=2026-07-26&limit=5000
TQQQ,2024-04-30,27.65,27.9249,26.3657,26.3675,125248580,,https://api.nasdaq.com/api/quote/TQQQ/historical?assetclass=etf&fromdate=2016-07-26&todate=2026-07-26&limit=5000
TQQQ,2024-05-01,26.075,27.4,25.635,25.8,208076800,,https://api.nasdaq.com/api/quote/TQQQ/historical?assetclass=etf&fromdate=2016-07-26&todate=2026-07-26&limit=5000
TQQQ,2024-05-02,26.46,26.9225,25.6005,26.755,124829900,,https://api.nasdaq.com/api/quote/TQQQ/historical?assetclass=etf&fromdate=2016-07-26&todate=2026-07-26&limit=5000
TQQQ,2024-05-03,28.165,28.555,27.865,28.35,150878040,,https://api.nasdaq.com/api/quote/TQQQ/historical?assetclass=etf&fromdate=2016-07-26&todate=2026-07-26&limit=5000
TQQQ,2024-05-06,28.71,29.3,28.5575,29.28,82530740,,https://api.nasdaq.com/api/quote/TQQQ/historical?assetclass=etf&fromdate=2016-07-26&todate=2026-07-26&limit=5000
TQQQ,2024-05-07,29.36,29.615,29.1415,29.28,93320380,,https://api.nasdaq.com/api/quote/TQQQ/historical?assetclass=etf&fromdate=2016-07-26&todate=2026-07-26&limit=5000
TQQQ,2024-05-08,28.75,29.5075,28.725,29.225,78027200,,https://api.nasdaq.com/api/quote/TQQQ/historical?assetclass=etf&fromdate=2016-07-26&todate=2026-07-26&limit=5000
TQQQ,2024-05-09,29.25,29.4996,28.875,29.385,81439240,,https://api.nasdaq.com/api/quote/TQQQ/historical?assetclass=etf&fromdate=2016-07-26&todate=2026-07-26&limit=5000
TQQQ,2024-05-10,29.68,30.0349,29.27,29.585,92669700,,https://api.nasdaq.com/api/quote/TQQQ/historical?assetclass=etf&fromdate=2016-07-26&todate=2026-07-26&limit=5000
TQQQ,2024-05-13,29.96,29.985,29.4901,29.78,67722000,,https://api.nasdaq.com/api/quote/TQQQ/historical?assetclass=etf&fromdate=2016-07-26&todate=2026-07-26&limit=5000
TQQQ,2024-05-14,29.68,30.45,29.64,30.335,92952860,,https://api.nasdaq.com/api/quote/TQQQ/historical?assetclass=etf&fromdate=2016-07-26&todate=2026-07-26&limit=5000
TQQQ,2024-05-15,30.845,31.8075,30.53,31.735,130481440,,https://api.nasdaq.com/api/quote/TQQQ/historical?assetclass=etf&fromdate=2016-07-26&todate=2026-07-26&limit=5000
TQQQ,2024-05-16,31.68,32.1,31.495,31.54,87715240,,https://api.nasdaq.com/api/quote/TQQQ/historical?assetclass=etf&fromdate=2016-07-26&todate=2026-07-26&limit=5000
TQQQ,2024-05-17,31.545,31.6775,31.01,31.47,70099700,,https://api.nasdaq.com/api/quote/TQQQ/historical?assetclass=etf&fromdate=2016-07-26&todate=2026-07-26&limit=5000
TQQQ,2024-05-20,31.51,32.265,31.4725,32.12,74539020,,https://api.nasdaq.com/api/quote/TQQQ/historical?assetclass=etf&fromdate=2016-07-26&todate=2026-07-26&limit=5000
TQQQ,2024-05-21,31.72,32.335,31.675,32.285,62313940,,https://api.nasdaq.com/api/quote/TQQQ/historical?assetclass=etf&fromdate=2016-07-26&todate=2026-07-26&limit=5000
TQQQ,2024-05-22,32.345,32.5,31.71,32.265,80039380,,https://api.nasdaq.com/api/quote/TQQQ/historical?assetclass=etf&fromdate=2016-07-26&todate=2026-07-26&limit=5000
TQQQ,2024-05-23,33.25,33.255,31.4007,31.785,130877880,,https://api.nasdaq.com/api/quote/TQQQ/historical?assetclass=etf&fromdate=2016-07-26&todate=2026-07-26&limit=5000
TQQQ,2024-05-24,32.125,32.945,31.97,32.675,82558020,,https://api.nasdaq.com/api/quote/TQQQ/historical?assetclass=etf&fromdate=2016-07-26&todate=2026-07-26&limit=5000
TQQQ,2024-05-28,32.93,33.05,32.4,33.03,83186320,,https://api.nasdaq.com/api/quote/TQQQ/historical?assetclass=etf&fromdate=2016-07-26&todate=2026-07-26&limit=5000
TQQQ,2024-05-29,32.12,32.72,32.1,32.34,79282220,,https://api.nasdaq.com/api/quote/TQQQ/historical?assetclass=etf&fromdate=2016-07-26&todate=2026-07-26&limit=5000
TQQQ,2024-05-30,32.125,32.1475,30.995,31.3,85564760,,https://api.nasdaq.com/api/quote/TQQQ/historical?assetclass=etf&fromdate=2016-07-26&todate=2026-07-26&limit=5000
TQQQ,2024-05-31,31.3,31.445,29.48,31.265,143746320,,https://api.nasdaq.com/api/quote/TQQQ/historical?assetclass=etf&fromdate=2016-07-26&todate=2026-07-26&limit=5000
TQQQ,2024-06-03,31.865,32.075,30.4809,31.57,111434960,,https://api.nasdaq.com/api/quote/TQQQ/historical?assetclass=etf&fromdate=2016-07-26&todate=2026-07-26&limit=5000
TQQQ,2024-06-04,31.5,32.065,31.135,31.805,88491820,,https://api.nasdaq.com/api/quote/TQQQ/historical?assetclass=etf&fromdate=2016-07-26&todate=2026-07-26&limit=5000
TQQQ,2024-06-05,32.56,33.74,32.325,33.725,104871440,,https://api.nasdaq.com/api/quote/TQQQ/historical?assetclass=etf&fromdate=2016-07-26&todate=2026-07-26&limit=5000
TQQQ,2024-06-06,33.87,33.9375,33.425,33.685,73031100,,https://api.nasdaq.com/api/quote/TQQQ/historical?assetclass=etf&fromdate=2016-07-26&todate=2026-07-26&limit=5000
TQQQ,2024-06-07,33.56,34.1625,33.31,33.56,89943340,,https://api.nasdaq.com/api/quote/TQQQ/historical?assetclass=etf&fromdate=2016-07-26&todate=2026-07-26&limit=5000
TQQQ,2024-06-10,33.295,34.0299,33.24,33.915,72453660,,https://api.nasdaq.com/api/quote/TQQQ/historical?assetclass=etf&fromdate=2016-07-26&todate=2026-07-26&limit=5000
TQQQ,2024-06-11,33.66,34.6594,33.33,34.615,71386740,,https://api.nasdaq.com/api/quote/TQQQ/historical?assetclass=etf&fromdate=2016-07-26&todate=2026-07-26&limit=5000
TQQQ,2024-06-12,35.505,36.51,35.36,35.98,124402680,,https://api.nasdaq.com/api/quote/TQQQ/historical?assetclass=etf&fromdate=2016-07-26&todate=2026-07-26&limit=5000
TQQQ,2024-06-13,36.785,36.9442,36.035,36.555,87285020,,https://api.nasdaq.com/api/quote/TQQQ/historical?assetclass=etf&fromdate=2016-07-26&todate=2026-07-26&limit=5000
TQQQ,2024-06-14,36.475,37.105,36.365,37.085,71554960,,https://api.nasdaq.com/api/quote/TQQQ/historical?assetclass=etf&fromdate=2016-07-26&todate=2026-07-26&limit=5000
TQQQ,2024-06-17,37.14,38.86,36.835,38.43,93354600,,https://api.nasdaq.com/api/quote/TQQQ/historical?assetclass=etf&fromdate=2016-07-26&todate=2026-07-26&limit=5000
TQQQ,2024-06-18,38.415,38.616,38.03,38.45,66433300,,https://api.nasdaq.com/api/quote/TQQQ/historical?assetclass=etf&fromdate=2016-07-26&todate=2026-07-26&limit=5000
TQQQ,2024-06-20,38.73,38.83,37.1105,37.545,105455080,,https://api.nasdaq.com/api/quote/TQQQ/historical?assetclass=etf&fromdate=2016-07-26&todate=2026-07-26&limit=5000
TQQQ,2024-06-21,37.45,37.765,36.861,37.2,77712940,,https://api.nasdaq.com/api/quote/TQQQ/historical?assetclass=etf&fromdate=2016-07-26&todate=2026-07-26&limit=5000
TQQQ,2024-06-24,36.91,37.315,35.9001,35.94,93754540,,https://api.nasdaq.com/api/quote/TQQQ/historical?assetclass=etf&fromdate=2016-07-26&todate=2026-07-26&limit=5000
TQQQ,2024-06-25,36.395,37.215,36.185,37.14,78608660,,https://api.nasdaq.com/api/quote/TQQQ/historical?assetclass=etf&fromdate=2016-07-26&todate=2026-07-26&limit=5000
TQQQ,2024-06-26,36.8,37.35,36.705,37.23,72549540,,https://api.nasdaq.com/api/quote/TQQQ/historical?assetclass=etf&fromdate=2016-07-26&todate=2026-07-26&limit=5000
TQQQ,2024-06-27,37.16,37.8494,36.96,37.5,74115480,,https://api.nasdaq.com/api/quote/TQQQ/historical?assetclass=etf&fromdate=2016-07-26&todate=2026-07-26&limit=5000
TQQQ,2024-06-28,37.645,38.765,36.7251,36.91,107802960,,https://api.nasdaq.com/api/quote/TQQQ/historical?assetclass=etf&fromdate=2016-07-26&todate=2026-07-26&limit=5000
TQQQ,2024-07-01,37.08,37.645,36.2099,37.515,86557380,,https://api.nasdaq.com/api/quote/TQQQ/historical?assetclass=etf&fromdate=2016-07-26&todate=2026-07-26&limit=5000
TQQQ,2024-07-02,37.145,38.69,37.12,38.665,74950280,,https://api.nasdaq.com/api/quote/TQQQ/historical?assetclass=etf&fromdate=2016-07-26&todate=2026-07-26&limit=5000
TQQQ,2024-07-03,38.475,39.655,38.475,39.615,56150480,,https://api.nasdaq.com/api/quote/TQQQ/historical?assetclass=etf&fromdate=2016-07-26&todate=2026-07-26&limit=5000
TQQQ,2024-07-05,39.785,40.925,39.715,40.815,79624560,,https://api.nasdaq.com/api/quote/TQQQ/historical?assetclass=etf&fromdate=2016-07-26&todate=2026-07-26&limit=5000
TQQQ,2024-07-08,40.905,41.2325,40.64,41.085,73365700,,https://api.nasdaq.com/api/quote/TQQQ/historical?assetclass=etf&fromdate=2016-07-26&todate=2026-07-26&limit=5000
TQQQ,2024-07-09,41.46,41.745,40.81,41.175,72373080,,https://api.nasdaq.com/api/quote/TQQQ/historical?assetclass=etf&fromdate=2016-07-26&todate=2026-07-26&limit=5000
TQQQ,2024-07-10,41.66,42.6,41.3353,42.465,77554860,,https://api.nasdaq.com/api/quote/TQQQ/historical?assetclass=etf&fromdate=2016-07-26&todate=2026-07-26&limit=5000
TQQQ,2024-07-11,42.485,42.53,39.35,39.675,149328980,,https://api.nasdaq.com/api/quote/TQQQ/historical?assetclass=etf&fromdate=2016-07-26&todate=2026-07-26&limit=5000
TQQQ,2024-07-12,39.755,41.47,39.6475,40.32,101019760,,https://api.nasdaq.com/api/quote/TQQQ/historical?assetclass=etf&fromdate=2016-07-26&todate=2026-07-26&limit=5000
TQQQ,2024-07-15,40.735,41.81,40.115,40.62,109900480,,https://api.nasdaq.com/api/quote/TQQQ/historical?assetclass=etf&fromdate=2016-07-26&todate=2026-07-26&limit=5000
TQQQ,2024-07-16,40.97,41.175,39.87,40.65,83637600,,https://api.nasdaq.com/api/quote/TQQQ/historical?assetclass=etf&fromdate=2016-07-26&todate=2026-07-26&limit=5000
TQQQ,2024-07-17,38.665,38.785,37.045,37.075,142840020,,https://api.nasdaq.com/api/quote/TQQQ/historical?assetclass=etf&fromdate=2016-07-26&todate=2026-07-26&limit=5000
TQQQ,2024-07-18,37.905,37.9599,35.775,36.52,131678480,,https://api.nasdaq.com/api/quote/TQQQ/historical?assetclass=etf&fromdate=2016-07-26&todate=2026-07-26&limit=5000
TQQQ,2024-07-19,36.4,36.985,35.22,35.53,118249640,,https://api.nasdaq.com/api/quote/TQQQ/historical?assetclass=etf&fromdate=2016-07-26&todate=2026-07-26&limit=5000
TQQQ,2024-07-22,36.825,37.315,36.06,37.08,112808560,,https://api.nasdaq.com/api/quote/TQQQ/historical?assetclass=etf&fromdate=2016-07-26&todate=2026-07-26&limit=5000
TQQQ,2024-07-23,36.865,37.5635,36.57,36.68,87127100,,https://api.nasdaq.com/api/quote/TQQQ/historical?assetclass=etf&fromdate=2016-07-26&todate=2026-07-26&limit=5000
TQQQ,2024-07-24,35.115,35.19,32.5225,32.725,159575240,,https://api.nasdaq.com/api/quote/TQQQ/historical?assetclass=etf&fromdate=2016-07-26&todate=2026-07-26&limit=5000
TQQQ,2024-07-25,32.78,33.67,31.065,31.635,188128000,,https://api.nasdaq.com/api/quote/TQQQ/historical?assetclass=etf&fromdate=2016-07-26&todate=2026-07-26&limit=5000
TQQQ,2024-07-26,32.5,33.17,31.89,32.54,137406900,,https://api.nasdaq.com/api/quote/TQQQ/historical?assetclass=etf&fromdate=2016-07-26&todate=2026-07-26&limit=5000
TQQQ,2024-07-29,33.135,33.5927,32.26,32.73,115640880,,https://api.nasdaq.com/api/quote/TQQQ/historical?assetclass=etf&fromdate=2016-07-26&todate=2026-07-26&limit=5000
TQQQ,2024-07-30,33.14,33.2951,30.67,31.395,143063700,,https://api.nasdaq.com/api/quote/TQQQ/historical?assetclass=etf&fromdate=2016-07-26&todate=2026-07-26&limit=5000
TQQQ,2024-07-31,33.49,34.5,33.19,34.14,173408380,,https://api.nasdaq.com/api/quote/TQQQ/historical?assetclass=etf&fromdate=2016-07-26&todate=2026-07-26&limit=5000
TQQQ,2024-08-01,34.29,35.11,30.852,31.68,210693200,,https://api.nasdaq.com/api/quote/TQQQ/historical?assetclass=etf&fromdate=2016-07-26&todate=2026-07-26&limit=5000
TQQQ,2024-08-02,29.825,30.3575,28.5,29.37,209844000,,https://api.nasdaq.com/api/quote/TQQQ/historical?assetclass=etf&fromdate=2016-07-26&todate=2026-07-26&limit=5000
TQQQ,2024-08-05,24.665,28.0925,24.4,26.81,287924400,,https://api.nasdaq.com/api/quote/TQQQ/historical?assetclass=etf&fromdate=2016-07-26&todate=2026-07-26&limit=5000
TQQQ,2024-08-06,27.065,28.875,26.57,27.48,192909320,,https://api.nasdaq.com/api/quote/TQQQ/historical?assetclass=etf&fromdate=2016-07-26&todate=2026-07-26&limit=5000
TQQQ,2024-08-07,28.785,29.255,26.5,26.595,182751640,,https://api.nasdaq.com/api/quote/TQQQ/historical?assetclass=etf&fromdate=2016-07-26&todate=2026-07-26&limit=5000
TQQQ,2024-08-08,27.725,29.175,27.005,29.03,152879260,,https://api.nasdaq.com/api/quote/TQQQ/historical?assetclass=etf&fromdate=2016-07-26&todate=2026-07-26&limit=5000
TQQQ,2024-08-09,28.72,29.765,28.5,29.425,125592380,,https://api.nasdaq.com/api/quote/TQQQ/historical?assetclass=etf&fromdate=2016-07-26&todate=2026-07-26&limit=5000
TQQQ,2024-08-12,29.615,30.2,29.0573,29.625,108972640,,https://api.nasdaq.com/api/quote/TQQQ/historical?assetclass=etf&fromdate=2016-07-26&todate=2026-07-26&limit=5000
TQQQ,2024-08-13,30.48,31.855,30.45,31.78,108962860,,https://api.nasdaq.com/api/quote/TQQQ/historical?assetclass=etf&fromdate=2016-07-26&todate=2026-07-26&limit=5000
TQQQ,2024-08-14,31.995,32.3185,30.935,31.835,124710580,,https://api.nasdaq.com/api/quote/TQQQ/historical?assetclass=etf&fromdate=2016-07-26&todate=2026-07-26&limit=5000
TQQQ,2024-08-15,33.065,34.315,32.9938,34.23,106424860,,https://api.nasdaq.com/api/quote/TQQQ/historical?assetclass=etf&fromdate=2016-07-26&todate=2026-07-26&limit=5000
TQQQ,2024-08-16,33.81,34.6275,33.595,34.32,89675160,,https://api.nasdaq.com/api/quote/TQQQ/historical?assetclass=etf&fromdate=2016-07-26&todate=2026-07-26&limit=5000
TQQQ,2024-08-19,34.34,35.675,33.9425,35.65,91599840,,https://api.nasdaq.com/api/quote/TQQQ/historical?assetclass=etf&fromdate=2016-07-26&todate=2026-07-26&limit=5000
TQQQ,2024-08-20,35.45,36.03,35.045,35.43,97858960,,https://api.nasdaq.com/api/quote/TQQQ/historical?assetclass=etf&fromdate=2016-07-26&todate=2026-07-26&limit=5000
TQQQ,2024-08-21,35.59,36.33,35.2101,35.915,103000720,,https://api.nasdaq.com/api/quote/TQQQ/historical?assetclass=etf&fromdate=2016-07-26&todate=2026-07-26&limit=5000
TQQQ,2024-08-22,36.43,36.58,33.96,34.19,127496480,,https://api.nasdaq.com/api/quote/TQQQ/historical?assetclass=etf&fromdate=2016-07-26&todate=2026-07-26&limit=5000
TQQQ,2024-08-23,35.1,35.86,34.25,35.265,128753300,,https://api.nasdaq.com/api/quote/TQQQ/historical?assetclass=etf&fromdate=2016-07-26&todate=2026-07-26&limit=5000
TQQQ,2024-08-26,35.135,35.335,33.765,34.23,84981300,,https://api.nasdaq.com/api/quote/TQQQ/historical?assetclass=etf&fromdate=2016-07-26&todate=2026-07-26&limit=5000
TQQQ,2024-08-27,33.865,34.75,33.425,34.52,71532600,,https://api.nasdaq.com/api/quote/TQQQ/historical?assetclass=etf&fromdate=2016-07-26&todate=2026-07-26&limit=5000
TQQQ,2024-08-28,34.4,34.56,32.578,33.35,118625800,,https://api.nasdaq.com/api/quote/TQQQ/historical?assetclass=etf&fromdate=2016-07-26&todate=2026-07-26&limit=5000
TQQQ,2024-08-29,33.725,34.715,32.895,33.175,120033660,,https://api.nasdaq.com/api/quote/TQQQ/historical?assetclass=etf&fromdate=2016-07-26&todate=2026-07-26&limit=5000
TQQQ,2024-08-30,34.06,34.435,33.09,34.305,92946780,,https://api.nasdaq.com/api/quote/TQQQ/historical?assetclass=etf&fromdate=2016-07-26&todate=2026-07-26&limit=5000
TQQQ,2024-09-03,33.63,33.66,30.646,31.175,147572560,,https://api.nasdaq.com/api/quote/TQQQ/historical?assetclass=etf&fromdate=2016-07-26&todate=2026-07-26&limit=5000
TQQQ,2024-09-04,30.52,31.685,30.325,30.91,96798380,,https://api.nasdaq.com/api/quote/TQQQ/historical?assetclass=etf&fromdate=2016-07-26&todate=2026-07-26&limit=5000
TQQQ,2024-09-05,30.57,31.8597,30.36,31.01,110171520,,https://api.nasdaq.com/api/quote/TQQQ/historical?assetclass=etf&fromdate=2016-07-26&todate=2026-07-26&limit=5000
TQQQ,2024-09-06,30.805,30.985,28.3601,28.495,169904600,,https://api.nasdaq.com/api/quote/TQQQ/historical?assetclass=etf&fromdate=2016-07-26&todate=2026-07-26&limit=5000
TQQQ,2024-09-09,29.285,29.7425,28.6675,29.555,110834920,,https://api.nasdaq.com/api/quote/TQQQ/historical?assetclass=etf&fromdate=2016-07-26&todate=2026-07-26&limit=5000
TQQQ,2024-09-10,29.89,30.4575,29.1,30.35,91582420,,https://api.nasdaq.com/api/quote/TQQQ/historical?assetclass=etf&fromdate=2016-07-26&todate=2026-07-26&limit=5000
TQQQ,2024-09-11,30.59,32.475,28.885,32.285,163475180,,https://api.nasdaq.com/api/quote/TQQQ/historical?assetclass=etf&fromdate=2016-07-26&todate=2026-07-26&limit=5000
TQQQ,2024-09-12,32.315,33.445,31.945,33.24,110347040,,https://api.nasdaq.com/api/quote/TQQQ/historical?assetclass=etf&fromdate=2016-07-26&todate=2026-07-26&limit=5000
TQQQ,2024-09-13,33.075,33.935,33.025,33.675,87966580,,https://api.nasdaq.com/api/quote/TQQQ/historical?assetclass=etf&fromdate=2016-07-26&todate=2026-07-26&limit=5000
TQQQ,2024-09-16,33.21,33.355,32.5125,33.225,82331080,,https://api.nasdaq.com/api/quote/TQQQ/historical?assetclass=etf&fromdate=2016-07-26&todate=2026-07-26&limit=5000
TQQQ,2024-09-17,33.85,34.13,32.735,33.245,103114460,,https://api.nasdaq.com/api/quote/TQQQ/historical?assetclass=etf&fromdate=2016-07-26&todate=2026-07-26&limit=5000
TQQQ,2024-09-18,33.51,34.38,32.695,32.81,166396200,,https://api.nasdaq.com/api/quote/TQQQ/historical?assetclass=etf&fromdate=2016-07-26&todate=2026-07-26&limit=5000
TQQQ,2024-09-19,35.15,35.9,34.7058,35.29,114801340,,https://api.nasdaq.com/api/quote/TQQQ/historical?assetclass=etf&fromdate=2016-07-26&todate=2026-07-26&limit=5000
TQQQ,2024-09-20,35.075,35.34,34.155,35.065,96759560,,https://api.nasdaq.com/api/quote/TQQQ/historical?assetclass=etf&fromdate=2016-07-26&todate=2026-07-26&limit=5000
TQQQ,2024-09-23,35.31,35.575,35.02,35.325,69837040,,https://api.nasdaq.com/api/quote/TQQQ/historical?assetclass=etf&fromdate=2016-07-26&todate=2026-07-26&limit=5000
TQQQ,2024-09-24,35.64,36.045,34.69,35.825,81259520,,https://api.nasdaq.com/api/quote/TQQQ/historical?assetclass=etf&fromdate=2016-07-26&todate=2026-07-26&limit=5000
TQQQ,2024-09-25,35.57,36.245,35.5295,35.835,64724880,,https://api.nasdaq.com/api/quote/TQQQ/historical?assetclass=etf&fromdate=2016-07-26&todate=2026-07-26&limit=5000
TQQQ,2024-09-26,37.46,37.535,35.79,36.595,107003160,,https://api.nasdaq.com/api/quote/TQQQ/historical?assetclass=etf&fromdate=2016-07-26&todate=2026-07-26&limit=5000
TQQQ,2024-09-27,36.81,36.83,35.695,35.965,82930680,,https://api.nasdaq.com/api/quote/TQQQ/historical?assetclass=etf&fromdate=2016-07-26&todate=2026-07-26&limit=5000
TQQQ,2024-09-30,35.73,36.31,35.09,36.245,86333900,,https://api.nasdaq.com/api/quote/TQQQ/historical?assetclass=etf&fromdate=2016-07-26&todate=2026-07-26&limit=5000
TQQQ,2024-10-01,36.14,36.215,33.85,34.71,134760180,,https://api.nasdaq.com/api/quote/TQQQ/historical?assetclass=etf&fromdate=2016-07-26&todate=2026-07-26&limit=5000
TQQQ,2024-10-02,34.505,35.2688,33.935,34.84,79119360,,https://api.nasdaq.com/api/quote/TQQQ/historical?assetclass=etf&fromdate=2016-07-26&todate=2026-07-26&limit=5000
TQQQ,2024-10-03,34.365,35.4042,34.195,34.76,97749440,,https://api.nasdaq.com/api/quote/TQQQ/historical?assetclass=etf&fromdate=2016-07-26&todate=2026-07-26&limit=5000
TQQQ,2024-10-04,36,36.08,34.89,35.985,110930020,,https://api.nasdaq.com/api/quote/TQQQ/historical?assetclass=etf&fromdate=2016-07-26&todate=2026-07-26&limit=5000
TQQQ,2024-10-07,35.525,35.79,34.529,34.8,82403440,,https://api.nasdaq.com/api/quote/TQQQ/historical?assetclass=etf&fromdate=2016-07-26&todate=2026-07-26&limit=5000
TQQQ,2024-10-08,35.33,36.49,35.155,36.31,77914080,,https://api.nasdaq.com/api/quote/TQQQ/historical?assetclass=etf&fromdate=2016-07-26&todate=2026-07-26&limit=5000
TQQQ,2024-10-09,36.26,37.315,36.03,37.185,78696260,,https://api.nasdaq.com/api/quote/TQQQ/historical?assetclass=etf&fromdate=2016-07-26&todate=2026-07-26&limit=5000
TQQQ,2024-10-10,36.66,37.475,36.36,37.055,86060600,,https://api.nasdaq.com/api/quote/TQQQ/historical?assetclass=etf&fromdate=2016-07-26&todate=2026-07-26&limit=5000
TQQQ,2024-10-11,36.585,37.4,36.45,37.15,70735240,,https://api.nasdaq.com/api/quote/TQQQ/historical?assetclass=etf&fromdate=2016-07-26&todate=2026-07-26&limit=5000
TQQQ,2024-10-14,37.72,38.41,37.605,38.1,67691260,,https://api.nasdaq.com/api/quote/TQQQ/historical?assetclass=etf&fromdate=2016-07-26&todate=2026-07-26&limit=5000
TQQQ,2024-10-15,38.175,38.325,36.07,36.58,106307700,,https://api.nasdaq.com/api/quote/TQQQ/historical?assetclass=etf&fromdate=2016-07-26&todate=2026-07-26&limit=5000
TQQQ,2024-10-16,36.62,36.745,35.835,36.56,70784200,,https://api.nasdaq.com/api/quote/TQQQ/historical?assetclass=etf&fromdate=2016-07-26&todate=2026-07-26&limit=5000
TQQQ,2024-10-17,37.79,37.8,36.625,36.67,97697700,,https://api.nasdaq.com/api/quote/TQQQ/historical?assetclass=etf&fromdate=2016-07-26&todate=2026-07-26&limit=5000
TQQQ,2024-10-18,37.23,37.575,37.065,37.32,64151700,,https://api.nasdaq.com/api/quote/TQQQ/historical?assetclass=etf&fromdate=2016-07-26&todate=2026-07-26&limit=5000
TQQQ,2024-10-21,37.03,37.7105,36.59,37.525,74995720,,https://api.nasdaq.com/api/quote/TQQQ/historical?assetclass=etf&fromdate=2016-07-26&todate=2026-07-26&limit=5000
TQQQ,2024-10-22,36.9025,37.975,36.7275,37.635,76307980,,https://api.nasdaq.com/api/quote/TQQQ/historical?assetclass=etf&fromdate=2016-07-26&todate=2026-07-26&limit=5000
TQQQ,2024-10-23,37.085,37.235,35.14,35.895,118172140,,https://api.nasdaq.com/api/quote/TQQQ/historical?assetclass=etf&fromdate=2016-07-26&todate=2026-07-26&limit=5000
TQQQ,2024-10-24,36.71,36.9,36.12,36.75,78612740,,https://api.nasdaq.com/api/quote/TQQQ/historical?assetclass=etf&fromdate=2016-07-26&todate=2026-07-26&limit=5000
TQQQ,2024-10-25,37.35,38.5,37.195,37.37,114826040,,https://api.nasdaq.com/api/quote/TQQQ/historical?assetclass=etf&fromdate=2016-07-26&todate=2026-07-26&limit=5000
TQQQ,2024-10-28,38.095,38.095,37.33,37.405,69162280,,https://api.nasdaq.com/api/quote/TQQQ/historical?assetclass=etf&fromdate=2016-07-26&todate=2026-07-26&limit=5000
TQQQ,2024-10-29,37.465,38.7275,37.035,38.44,78545160,,https://api.nasdaq.com/api/quote/TQQQ/historical?assetclass=etf&fromdate=2016-07-26&todate=2026-07-26&limit=5000
TQQQ,2024-10-30,38.275,38.49,37.47,37.585,80473120,,https://api.nasdaq.com/api/quote/TQQQ/historical?assetclass=etf&fromdate=2016-07-26&todate=2026-07-26&limit=5000
TQQQ,2024-10-31,36.655,36.665,34.715,34.725,138905120,,https://api.nasdaq.com/api/quote/TQQQ/historical?assetclass=etf&fromdate=2016-07-26&todate=2026-07-26&limit=5000
TQQQ,2024-11-01,35.04,36.18,34.985,35.465,96678880,,https://api.nasdaq.com/api/quote/TQQQ/historical?assetclass=etf&fromdate=2016-07-26&todate=2026-07-26&limit=5000
TQQQ,2024-11-04,35.32,35.8775,34.755,35.135,82214360,,https://api.nasdaq.com/api/quote/TQQQ/historical?assetclass=etf&fromdate=2016-07-26&todate=2026-07-26&limit=5000
TQQQ,2024-11-05,35.475,36.62,35.4575,36.47,79352540,,https://api.nasdaq.com/api/quote/TQQQ/historical?assetclass=etf&fromdate=2016-07-26&todate=2026-07-26&limit=5000
TQQQ,2024-11-06,38.33,39.6101,38.0971,39.43,118794140,,https://api.nasdaq.com/api/quote/TQQQ/historical?assetclass=etf&fromdate=2016-07-26&todate=2026-07-26&limit=5000
TQQQ,2024-11-07,40.08,41.465,40.05,41.275,99545200,,https://api.nasdaq.com/api/quote/TQQQ/historical?assetclass=etf&fromdate=2016-07-26&todate=2026-07-26&limit=5000
TQQQ,2024-11-08,41.11,41.555,40.955,41.375,70059900,,https://api.nasdaq.com/api/quote/TQQQ/historical?assetclass=etf&fromdate=2016-07-26&todate=2026-07-26&limit=5000
TQQQ,2024-11-11,41.665,41.7167,40.59,41.3,70806080,,https://api.nasdaq.com/api/quote/TQQQ/historical?assetclass=etf&fromdate=2016-07-26&todate=2026-07-26&limit=5000
TQQQ,2024-11-12,41.27,41.485,40.325,41.075,68286060,,https://api.nasdaq.com/api/quote/TQQQ/historical?assetclass=etf&fromdate=2016-07-26&todate=2026-07-26&limit=5000
TQQQ,2024-11-13,40.93,41.5451,40.34,40.895,74989080,,https://api.nasdaq.com/api/quote/TQQQ/historical?assetclass=etf&fromdate=2016-07-26&todate=2026-07-26&limit=5000
TQQQ,2024-11-14,40.795,41.0149,39.81,40.03,77651320,,https://api.nasdaq.com/api/quote/TQQQ/historical?assetclass=etf&fromdate=2016-07-26&todate=2026-07-26&limit=5000
TQQQ,2024-11-15,38.635,38.725,36.645,37.135,120601540,,https://api.nasdaq.com/api/quote/TQQQ/historical?assetclass=etf&fromdate=2016-07-26&todate=2026-07-26&limit=5000
TQQQ,2024-11-18,37.465,38.37,37.155,37.885,77965240,,https://api.nasdaq.com/api/quote/TQQQ/historical?assetclass=etf&fromdate=2016-07-26&todate=2026-07-26&limit=5000
TQQQ,2024-11-19,37.275,38.775,37.21,38.645,80088280,,https://api.nasdaq.com/api/quote/TQQQ/historical?assetclass=etf&fromdate=2016-07-26&todate=2026-07-26&limit=5000
TQQQ,2024-11-20,38.575,38.645,37.055,38.6,101260640,,https://api.nasdaq.com/api/quote/TQQQ/historical?assetclass=etf&fromdate=2016-07-26&todate=2026-07-26&limit=5000
TQQQ,2024-11-21,39.275,39.44,37.28,38.98,109865540,,https://api.nasdaq.com/api/quote/TQQQ/historical?assetclass=etf&fromdate=2016-07-26&todate=2026-07-26&limit=5000
TQQQ,2024-11-22,38.82,39.305,38.44,39.125,79934880,,https://api.nasdaq.com/api/quote/TQQQ/historical?assetclass=etf&fromdate=2016-07-26&todate=2026-07-26&limit=5000
TQQQ,2024-11-25,40.08,40.435,38.77,39.305,91515720,,https://api.nasdaq.com/api/quote/TQQQ/historical?assetclass=etf&fromdate=2016-07-26&todate=2026-07-26&limit=5000
TQQQ,2024-11-26,39.645,40.125,39.445,39.915,69747200,,https://api.nasdaq.com/api/quote/TQQQ/historical?assetclass=etf&fromdate=2016-07-26&todate=2026-07-26&limit=5000
TQQQ,2024-11-27,39.645,39.655,38.1661,38.95,78463640,,https://api.nasdaq.com/api/quote/TQQQ/historical?assetclass=etf&fromdate=2016-07-26&todate=2026-07-26&limit=5000
TQQQ,2024-11-29,39.065,40.0845,38.925,39.945,40865720,,https://api.nasdaq.com/api/quote/TQQQ/historical?assetclass=etf&fromdate=2016-07-26&todate=2026-07-26&limit=5000
TQQQ,2024-12-02,40.24,41.4731,40.145,41.24,73638180,,https://api.nasdaq.com/api/quote/TQQQ/historical?assetclass=etf&fromdate=2016-07-26&todate=2026-07-26&limit=5000
TQQQ,2024-12-03,40.9,41.665,40.765,41.605,84810880,,https://api.nasdaq.com/api/quote/TQQQ/historical?assetclass=etf&fromdate=2016-07-26&todate=2026-07-26&limit=5000
TQQQ,2024-12-04,42.435,43.185,42.2574,43.125,69992560,,https://api.nasdaq.com/api/quote/TQQQ/historical?assetclass=etf&fromdate=2016-07-26&todate=2026-07-26&limit=5000
TQQQ,2024-12-05,43.125,43.32,42.67,42.77,54020400,,https://api.nasdaq.com/api/quote/TQQQ/historical?assetclass=etf&fromdate=2016-07-26&todate=2026-07-26&limit=5000
TQQQ,2024-12-06,42.89,43.9325,42.86,43.87,62740680,,https://api.nasdaq.com/api/quote/TQQQ/historical?assetclass=etf&fromdate=2016-07-26&todate=2026-07-26&limit=5000
TQQQ,2024-12-09,43.625,43.8312,42.54,42.845,69577500,,https://api.nasdaq.com/api/quote/TQQQ/historical?assetclass=etf&fromdate=2016-07-26&todate=2026-07-26&limit=5000
TQQQ,2024-12-10,43.125,43.56,42.0261,42.38,71541560,,https://api.nasdaq.com/api/quote/TQQQ/historical?assetclass=etf&fromdate=2016-07-26&todate=2026-07-26&limit=5000
TQQQ,2024-12-11,43.44,44.81,43.34,44.645,74897900,,https://api.nasdaq.com/api/quote/TQQQ/historical?assetclass=etf&fromdate=2016-07-26&todate=2026-07-26&limit=5000
TQQQ,2024-12-12,44.065,44.385,43.6409,43.76,66348300,,https://api.nasdaq.com/api/quote/TQQQ/historical?assetclass=etf&fromdate=2016-07-26&todate=2026-07-26&limit=5000
TQQQ,2024-12-13,44.71,45.385,43.925,44.7,79663700,,https://api.nasdaq.com/api/quote/TQQQ/historical?assetclass=etf&fromdate=2016-07-26&todate=2026-07-26&limit=5000
TQQQ,2024-12-16,45.36,46.8946,45.335,46.645,69967680,,https://api.nasdaq.com/api/quote/TQQQ/historical?assetclass=etf&fromdate=2016-07-26&todate=2026-07-26&limit=5000
TQQQ,2024-12-17,46.165,46.4549,45.585,46.02,69168160,,https://api.nasdaq.com/api/quote/TQQQ/historical?assetclass=etf&fromdate=2016-07-26&todate=2026-07-26&limit=5000
TQQQ,2024-12-18,45.825,46.2837,40.645,41.045,134849160,,https://api.nasdaq.com/api/quote/TQQQ/historical?assetclass=etf&fromdate=2016-07-26&todate=2026-07-26&limit=5000
TQQQ,2024-12-19,42.135,42.2653,40.375,40.465,113317580,,https://api.nasdaq.com/api/quote/TQQQ/historical?assetclass=etf&fromdate=2016-07-26&todate=2026-07-26&limit=5000
TQQQ,2024-12-20,39.53,42.93,39.25,41.515,145240940,,https://api.nasdaq.com/api/quote/TQQQ/historical?assetclass=etf&fromdate=2016-07-26&todate=2026-07-26&limit=5000
TQQQ,2024-12-23,41.725,42.62,40.915,42.53,83645740,,https://api.nasdaq.com/api/quote/TQQQ/historical?assetclass=etf&fromdate=2016-07-26&todate=2026-07-26&limit=5000
TQQQ,2024-12-24,42.975,44.24,42.82,44.22,48139540,,https://api.nasdaq.com/api/quote/TQQQ/historical?assetclass=etf&fromdate=2016-07-26&todate=2026-07-26&limit=5000
TQQQ,2024-12-26,43.81,44.54,43.2955,44.125,59604800,,https://api.nasdaq.com/api/quote/TQQQ/historical?assetclass=etf&fromdate=2016-07-26&todate=2026-07-26&limit=5000
TQQQ,2024-12-27,43.185,43.2925,41.14,42.33,102138980,,https://api.nasdaq.com/api/quote/TQQQ/historical?assetclass=etf&fromdate=2016-07-26&todate=2026-07-26&limit=5000
TQQQ,2024-12-30,40.6,41.53,39.7062,40.63,102844060,,https://api.nasdaq.com/api/quote/TQQQ/historical?assetclass=etf&fromdate=2016-07-26&todate=2026-07-26&limit=5000
TQQQ,2024-12-31,40.9,41.0799,39.34,39.565,105177680,,https://api.nasdaq.com/api/quote/TQQQ/historical?assetclass=etf&fromdate=2016-07-26&todate=2026-07-26&limit=5000
TQQQ,2025-01-02,40.27,40.8025,38.2655,39.315,141370660,,https://api.nasdaq.com/api/quote/TQQQ/historical?assetclass=etf&fromdate=2016-07-26&todate=2026-07-26&limit=5000
TQQQ,2025-01-03,39.995,41.455,39.81,41.2,92431560,,https://api.nasdaq.com/api/quote/TQQQ/historical?assetclass=etf&fromdate=2016-07-26&todate=2026-07-26&limit=5000
TQQQ,2025-01-06,42.485,43.425,42.015,42.605,92050000,,https://api.nasdaq.com/api/quote/TQQQ/historical?assetclass=etf&fromdate=2016-07-26&todate=2026-07-26&limit=5000
TQQQ,2025-01-07,42.86,42.945,39.8525,40.31,111020960,,https://api.nasdaq.com/api/quote/TQQQ/historical?assetclass=etf&fromdate=2016-07-26&todate=2026-07-26&limit=5000
TQQQ,2025-01-08,40.28,40.705,39.22,40.34,96021240,,https://api.nasdaq.com/api/quote/TQQQ/historical?assetclass=etf&fromdate=2016-07-26&todate=2026-07-26&limit=5000
TQQQ,2025-01-10,39.4,39.41,37.615,38.415,145651660,,https://api.nasdaq.com/api/quote/TQQQ/historical?assetclass=etf&fromdate=2016-07-26&todate=2026-07-26&limit=5000
TQQQ,2025-01-13,37.025,38.1,36.67,38.015,113382020,,https://api.nasdaq.com/api/quote/TQQQ/historical?assetclass=etf&fromdate=2016-07-26&todate=2026-07-26&limit=5000
TQQQ,2025-01-14,38.74,39.03,37.0955,37.88,125270900,,https://api.nasdaq.com/api/quote/TQQQ/historical?assetclass=etf&fromdate=2016-07-26&todate=2026-07-26&limit=5000
TQQQ,2025-01-15,39.655,40.7375,39.3,40.44,106919160,,https://api.nasdaq.com/api/quote/TQQQ/historical?assetclass=etf&fromdate=2016-07-26&todate=2026-07-26&limit=5000
TQQQ,2025-01-16,41.005,41.025,39.6,39.615,93055440,,https://api.nasdaq.com/api/quote/TQQQ/historical?assetclass=etf&fromdate=2016-07-26&todate=2026-07-26&limit=5000
TQQQ,2025-01-17,41.845,41.97,40.92,41.57,87352160,,https://api.nasdaq.com/api/quote/TQQQ/historical?assetclass=etf&fromdate=2016-07-26&todate=2026-07-26&limit=5000
TQQQ,2025-01-21,42.225,42.575,41.1653,42.26,83451800,,https://api.nasdaq.com/api/quote/TQQQ/historical?assetclass=etf&fromdate=2016-07-26&todate=2026-07-26&limit=5000
TQQQ,2025-01-22,43.42,44.455,43.355,43.9,86265320,,https://api.nasdaq.com/api/quote/TQQQ/historical?assetclass=etf&fromdate=2016-07-26&todate=2026-07-26&limit=5000
TQQQ,2025-01-23,43.27,44.19,43.135,44.17,60480960,,https://api.nasdaq.com/api/quote/TQQQ/historical?assetclass=etf&fromdate=2016-07-26&todate=2026-07-26&limit=5000
TQQQ,2025-01-24,44.215,44.415,43.005,43.375,72479260,,https://api.nasdaq.com/api/quote/TQQQ/historical?assetclass=etf&fromdate=2016-07-26&todate=2026-07-26&limit=5000
TQQQ,2025-01-27,38.79,40.515,38.59,39.57,161821680,,https://api.nasdaq.com/api/quote/TQQQ/historical?assetclass=etf&fromdate=2016-07-26&todate=2026-07-26&limit=5000
TQQQ,2025-01-28,39.79,41.5849,39,41.325,101033400,,https://api.nasdaq.com/api/quote/TQQQ/historical?assetclass=etf&fromdate=2016-07-26&todate=2026-07-26&limit=5000
TQQQ,2025-01-29,41.455,41.49,40.13,41.07,118481100,,https://api.nasdaq.com/api/quote/TQQQ/historical?assetclass=etf&fromdate=2016-07-26&todate=2026-07-26&limit=5000
TQQQ,2025-01-30,41.735,42.2925,40.43,41.585,115171020,,https://api.nasdaq.com/api/quote/TQQQ/historical?assetclass=etf&fromdate=2016-07-26&todate=2026-07-26&limit=5000
TQQQ,2025-01-31,42.46,43.545,41.09,41.36,118669260,,https://api.nasdaq.com/api/quote/TQQQ/historical?assetclass=etf&fromdate=2016-07-26&todate=2026-07-26&limit=5000
TQQQ,2025-02-03,39.265,40.995,38.67,40.36,153256980,,https://api.nasdaq.com/api/quote/TQQQ/historical?assetclass=etf&fromdate=2016-07-26&todate=2026-07-26&limit=5000
TQQQ,2025-02-04,40.455,41.969,40.365,41.825,84634540,,https://api.nasdaq.com/api/quote/TQQQ/historical?assetclass=etf&fromdate=2016-07-26&todate=2026-07-26&limit=5000
TQQQ,2025-02-05,41.175,42.41,40.88,42.37,79694860,,https://api.nasdaq.com/api/quote/TQQQ/historical?assetclass=etf&fromdate=2016-07-26&todate=2026-07-26&limit=5000
TQQQ,2025-02-06,42.48,43.065,42.0974,43.005,76431020,,https://api.nasdaq.com/api/quote/TQQQ/historical?assetclass=etf&fromdate=2016-07-26&todate=2026-07-26&limit=5000
TQQQ,2025-02-07,43.13,43.595,41.1756,41.365,110870480,,https://api.nasdaq.com/api/quote/TQQQ/historical?assetclass=etf&fromdate=2016-07-26&todate=2026-07-26&limit=5000
TQQQ,2025-02-10,42.365,43.1,42.25,42.82,65594120,,https://api.nasdaq.com/api/quote/TQQQ/historical?assetclass=etf&fromdate=2016-07-26&todate=2026-07-26&limit=5000
TQQQ,2025-02-11,42.035,42.995,42.005,42.515,62602800,,https://api.nasdaq.com/api/quote/TQQQ/historical?assetclass=etf&fromdate=2016-07-26&todate=2026-07-26&limit=5000
TQQQ,2025-02-12,41.14,42.8025,41.05,42.6,96986600,,https://api.nasdaq.com/api/quote/TQQQ/historical?assetclass=etf&fromdate=2016-07-26&todate=2026-07-26&limit=5000
TQQQ,2025-02-13,42.99,44.4775,42.79,44.395,92920160,,https://api.nasdaq.com/api/quote/TQQQ/historical?assetclass=etf&fromdate=2016-07-26&todate=2026-07-26&limit=5000
TQQQ,2025-02-14,44.405,45.09,44.3,44.915,76057480,,https://api.nasdaq.com/api/quote/TQQQ/historical?assetclass=etf&fromdate=2016-07-26&todate=2026-07-26&limit=5000
TQQQ,2025-02-18,45.315,45.375,44.375,45.195,68825160,,https://api.nasdaq.com/api/quote/TQQQ/historical?assetclass=etf&fromdate=2016-07-26&todate=2026-07-26&limit=5000
TQQQ,2025-02-19,45,45.56,44.46,45.2,68515780,,https://api.nasdaq.com/api/quote/TQQQ/historical?assetclass=etf&fromdate=2016-07-26&todate=2026-07-26&limit=5000
TQQQ,2025-02-20,45.025,45.115,43.445,44.65,80266060,,https://api.nasdaq.com/api/quote/TQQQ/historical?assetclass=etf&fromdate=2016-07-26&todate=2026-07-26&limit=5000
TQQQ,2025-02-21,44.885,44.895,41.735,41.855,118627220,,https://api.nasdaq.com/api/quote/TQQQ/historical?assetclass=etf&fromdate=2016-07-26&todate=2026-07-26&limit=5000
TQQQ,2025-02-24,42.25,42.525,40.25,40.35,106467460,,https://api.nasdaq.com/api/quote/TQQQ/historical?assetclass=etf&fromdate=2016-07-26&todate=2026-07-26&limit=5000
TQQQ,2025-02-25,40.165,40.19,37.89,38.81,151194460,,https://api.nasdaq.com/api/quote/TQQQ/historical?assetclass=etf&fromdate=2016-07-26&todate=2026-07-26&limit=5000
TQQQ,2025-02-26,39.29,40.225,38.345,39.06,126351460,,https://api.nasdaq.com/api/quote/TQQQ/historical?assetclass=etf&fromdate=2016-07-26&todate=2026-07-26&limit=5000
TQQQ,2025-02-27,39.86,40.085,35.74,35.82,206751000,,https://api.nasdaq.com/api/quote/TQQQ/historical?assetclass=etf&fromdate=2016-07-26&todate=2026-07-26&limit=5000
TQQQ,2025-02-28,35.73,37.585,35.0375,37.46,186357940,,https://api.nasdaq.com/api/quote/TQQQ/historical?assetclass=etf&fromdate=2016-07-26&todate=2026-07-26&limit=5000
TQQQ,2025-03-03,38.185,38.525,34.2175,35.04,183891680,,https://api.nasdaq.com/api/quote/TQQQ/historical?assetclass=etf&fromdate=2016-07-26&todate=2026-07-26&limit=5000
TQQQ,2025-03-04,34.38,36.385,33.005,34.655,261673800,,https://api.nasdaq.com/api/quote/TQQQ/historical?assetclass=etf&fromdate=2016-07-26&todate=2026-07-26&limit=5000
TQQQ,2025-03-05,34.775,36.3425,33.745,36.005,201266600,,https://api.nasdaq.com/api/quote/TQQQ/historical?assetclass=etf&fromdate=2016-07-26&todate=2026-07-26&limit=5000
TQQQ,2025-03-06,34.195,35.2481,32.5858,33.02,245645400,,https://api.nasdaq.com/api/quote/TQQQ/historical?assetclass=etf&fromdate=2016-07-26&todate=2026-07-26&limit=5000
TQQQ,2025-03-07,32.78,34.005,31.445,33.705,270354600,,https://api.nasdaq.com/api/quote/TQQQ/historical?assetclass=etf&fromdate=2016-07-26&todate=2026-07-26&limit=5000
TQQQ,2025-03-10,32,32.095,28.94,29.905,312271600,,https://api.nasdaq.com/api/quote/TQQQ/historical?assetclass=etf&fromdate=2016-07-26&todate=2026-07-26&limit=5000
TQQQ,2025-03-11,29.7,30.925,28.6854,29.555,278978600,,https://api.nasdaq.com/api/quote/TQQQ/historical?assetclass=etf&fromdate=2016-07-26&todate=2026-07-26&limit=5000
TQQQ,2025-03-12,30.97,31.33,29.58,30.565,283837200,,https://api.nasdaq.com/api/quote/TQQQ/historical?assetclass=etf&fromdate=2016-07-26&todate=2026-07-26&limit=5000
TQQQ,2025-03-13,30.4,30.425,28.52,28.895,242454600,,https://api.nasdaq.com/api/quote/TQQQ/historical?assetclass=etf&fromdate=2016-07-26&todate=2026-07-26&limit=5000
TQQQ,2025-03-14,29.855,31.115,29.75,30.945,198217080,,https://api.nasdaq.com/api/quote/TQQQ/historical?assetclass=etf&fromdate=2016-07-26&todate=2026-07-26&limit=5000
TQQQ,2025-03-17,30.94,32.1399,30.575,31.545,180300740,,https://api.nasdaq.com/api/quote/TQQQ/historical?assetclass=etf&fromdate=2016-07-26&todate=2026-07-26&limit=5000
TQQQ,2025-03-18,30.885,30.89,29.505,29.955,175652460,,https://api.nasdaq.com/api/quote/TQQQ/historical?assetclass=etf&fromdate=2016-07-26&todate=2026-07-26&limit=5000
TQQQ,2025-03-19,30.34,31.955,29.97,31.12,185186320,,https://api.nasdaq.com/api/quote/TQQQ/historical?assetclass=etf&fromdate=2016-07-26&todate=2026-07-26&limit=5000
TQQQ,2025-03-20,30.33,31.815,30.185,30.8,176818120,,https://api.nasdaq.com/api/quote/TQQQ/historical?assetclass=etf&fromdate=2016-07-26&todate=2026-07-26&limit=5000
TQQQ,2025-03-21,29.765,31.2075,29.5363,31.09,160981960,,https://api.nasdaq.com/api/quote/TQQQ/historical?assetclass=etf&fromdate=2016-07-26&todate=2026-07-26&limit=5000
TQQQ,2025-03-24,32.53,33.265,32.4075,33.065,126823000,,https://api.nasdaq.com/api/quote/TQQQ/historical?assetclass=etf&fromdate=2016-07-26&todate=2026-07-26&limit=5000
TQQQ,2025-03-25,33.24,33.685,33.045,33.655,111139400,,https://api.nasdaq.com/api/quote/TQQQ/historical?assetclass=etf&fromdate=2016-07-26&todate=2026-07-26&limit=5000
TQQQ,2025-03-26,33.32,33.495,31.38,31.69,159135380,,https://api.nasdaq.com/api/quote/TQQQ/historical?assetclass=etf&fromdate=2016-07-26&todate=2026-07-26&limit=5000
TQQQ,2025-03-27,31.3,32.115,30.875,31.15,144736080,,https://api.nasdaq.com/api/quote/TQQQ/historical?assetclass=etf&fromdate=2016-07-26&todate=2026-07-26&limit=5000
TQQQ,2025-03-28,30.77,30.905,28.485,28.67,207264200,,https://api.nasdaq.com/api/quote/TQQQ/historical?assetclass=etf&fromdate=2016-07-26&todate=2026-07-26&limit=5000
TQQQ,2025-03-31,27.36,28.814,26.52,28.65,213709000,,https://api.nasdaq.com/api/quote/TQQQ/historical?assetclass=etf&fromdate=2016-07-26&todate=2026-07-26&limit=5000
TQQQ,2025-04-01,28.34,29.495,27.81,29.31,194196340,,https://api.nasdaq.com/api/quote/TQQQ/historical?assetclass=etf&fromdate=2016-07-26&todate=2026-07-26&limit=5000
TQQQ,2025-04-02,28.095,30.6,28.045,29.965,246174800,,https://api.nasdaq.com/api/quote/TQQQ/historical?assetclass=etf&fromdate=2016-07-26&todate=2026-07-26&limit=5000
TQQQ,2025-04-03,26.215,26.915,25.055,25.15,280231400,,https://api.nasdaq.com/api/quote/TQQQ/historical?assetclass=etf&fromdate=2016-07-26&todate=2026-07-26&limit=5000
TQQQ,2025-04-04,22.995,23.39,20.515,20.545,516053400,,https://api.nasdaq.com/api/quote/TQQQ/historical?assetclass=etf&fromdate=2016-07-26&todate=2026-07-26&limit=5000
TQQQ,2025-04-07,18.375,23.415,17.5,20.625,791455200,,https://api.nasdaq.com/api/quote/TQQQ/historical?assetclass=etf&fromdate=2016-07-26&todate=2026-07-26&limit=5000
TQQQ,2025-04-08,22.695,23.405,18.55,19.45,502295400,,https://api.nasdaq.com/api/quote/TQQQ/historical?assetclass=etf&fromdate=2016-07-26&todate=2026-07-26&limit=5000
TQQQ,2025-04-09,19.38,26.705,19.365,26.305,713864000,,https://api.nasdaq.com/api/quote/TQQQ/historical?assetclass=etf&fromdate=2016-07-26&todate=2026-07-26&limit=5000
TQQQ,2025-04-10,24.34,24.67,20.785,23.07,563385400,,https://api.nasdaq.com/api/quote/TQQQ/historical?assetclass=etf&fromdate=2016-07-26&todate=2026-07-26&limit=5000
TQQQ,2025-04-11,22.835,24.535,22.31,24.29,358585800,,https://api.nasdaq.com/api/quote/TQQQ/historical?assetclass=etf&fromdate=2016-07-26&todate=2026-07-26&limit=5000
TQQQ,2025-04-14,25.95,26.026,24.0375,24.8,294861400,,https://api.nasdaq.com/api/quote/TQQQ/historical?assetclass=etf&fromdate=2016-07-26&todate=2026-07-26&limit=5000
TQQQ,2025-04-15,24.98,25.6046,24.595,24.895,209340200,,https://api.nasdaq.com/api/quote/TQQQ/historical?assetclass=etf&fromdate=2016-07-26&todate=2026-07-26&limit=5000
TQQQ,2025-04-16,23.415,24.005,21.58,22.645,269148800,,https://api.nasdaq.com/api/quote/TQQQ/historical?assetclass=etf&fromdate=2016-07-26&todate=2026-07-26&limit=5000
TQQQ,2025-04-17,23.045,23.1447,22.175,22.58,202191600,,https://api.nasdaq.com/api/quote/TQQQ/historical?assetclass=etf&fromdate=2016-07-26&todate=2026-07-26&limit=5000
TQQQ,2025-04-21,21.685,21.82,20.12,20.93,229539400,,https://api.nasdaq.com/api/quote/TQQQ/historical?assetclass=etf&fromdate=2016-07-26&todate=2026-07-26&limit=5000
TQQQ,2025-04-22,21.73,22.99,21.55,22.53,260222800,,https://api.nasdaq.com/api/quote/TQQQ/historical?assetclass=etf&fromdate=2016-07-26&todate=2026-07-26&limit=5000
TQQQ,2025-04-23,24.62,25.4139,23.815,24.025,303995400,,https://api.nasdaq.com/api/quote/TQQQ/historical?assetclass=etf&fromdate=2016-07-26&todate=2026-07-26&limit=5000
TQQQ,2025-04-24,24.37,26.14,24.27,26.07,240615400,,https://api.nasdaq.com/api/quote/TQQQ/historical?assetclass=etf&fromdate=2016-07-26&todate=2026-07-26&limit=5000
TQQQ,2025-04-25,26.02,27.035,25.74,26.93,226103200,,https://api.nasdaq.com/api/quote/TQQQ/historical?assetclass=etf&fromdate=2016-07-26&todate=2026-07-26&limit=5000
TQQQ,2025-04-28,27.01,27.32,25.82,26.91,191356900,,https://api.nasdaq.com/api/quote/TQQQ/historical?assetclass=etf&fromdate=2016-07-26&todate=2026-07-26&limit=5000
TQQQ,2025-04-29,26.52,27.585,26.415,27.435,169808040,,https://api.nasdaq.com/api/quote/TQQQ/historical?assetclass=etf&fromdate=2016-07-26&todate=2026-07-26&limit=5000
TQQQ,2025-04-30,25.98,27.71,25.16,27.44,268446600,,https://api.nasdaq.com/api/quote/TQQQ/historical?assetclass=etf&fromdate=2016-07-26&todate=2026-07-26&limit=5000
TQQQ,2025-05-01,28.78,29.4425,28.315,28.385,205481600,,https://api.nasdaq.com/api/quote/TQQQ/historical?assetclass=etf&fromdate=2016-07-26&todate=2026-07-26&limit=5000
TQQQ,2025-05-02,29.32,30.0934,29.015,29.715,195097880,,https://api.nasdaq.com/api/quote/TQQQ/historical?assetclass=etf&fromdate=2016-07-26&todate=2026-07-26&limit=5000
TQQQ,2025-05-05,28.95,29.75,28.85,29.2,138578980,,https://api.nasdaq.com/api/quote/TQQQ/historical?assetclass=etf&fromdate=2016-07-26&todate=2026-07-26&limit=5000
TQQQ,2025-05-06,28.03,29.02,27.785,28.37,165885880,,https://api.nasdaq.com/api/quote/TQQQ/historical?assetclass=etf&fromdate=2016-07-26&todate=2026-07-26&limit=5000
TQQQ,2025-05-07,28.48,29.13,27.5425,28.7,208737200,,https://api.nasdaq.com/api/quote/TQQQ/historical?assetclass=etf&fromdate=2016-07-26&todate=2026-07-26&limit=5000
TQQQ,2025-05-08,29.6,30.355,28.83,29.555,197621580,,https://api.nasdaq.com/api/quote/TQQQ/historical?assetclass=etf&fromdate=2016-07-26&todate=2026-07-26&limit=5000
TQQQ,2025-05-09,29.9,30.1349,29.1625,29.485,146818840,,https://api.nasdaq.com/api/quote/TQQQ/historical?assetclass=etf&fromdate=2016-07-26&todate=2026-07-26&limit=5000
TQQQ,2025-05-12,32.925,33.08,31.9254,33.055,202490000,,https://api.nasdaq.com/api/quote/TQQQ/historical?assetclass=etf&fromdate=2016-07-26&todate=2026-07-26&limit=5000
TQQQ,2025-05-13,33.335,34.93,33.18,34.57,170595440,,https://api.nasdaq.com/api/quote/TQQQ/historical?assetclass=etf&fromdate=2016-07-26&todate=2026-07-26&limit=5000
TQQQ,2025-05-14,34.805,35.3038,34.605,35.18,161184780,,https://api.nasdaq.com/api/quote/TQQQ/historical?assetclass=etf&fromdate=2016-07-26&todate=2026-07-26&limit=5000
TQQQ,2025-05-15,34.74,35.8449,34.465,35.29,161694740,,https://api.nasdaq.com/api/quote/TQQQ/historical?assetclass=etf&fromdate=2016-07-26&todate=2026-07-26&limit=5000
TQQQ,2025-05-16,35.555,35.76,34.825,35.725,127627220,,https://api.nasdaq.com/api/quote/TQQQ/historical?assetclass=etf&fromdate=2016-07-26&todate=2026-07-26&limit=5000
TQQQ,2025-05-19,34.235,35.93,34.215,35.82,143794180,,https://api.nasdaq.com/api/quote/TQQQ/historical?assetclass=etf&fromdate=2016-07-26&todate=2026-07-26&limit=5000
TQQQ,2025-05-20,35.29,35.5849,34.7,35.445,134069420,,https://api.nasdaq.com/api/quote/TQQQ/historical?assetclass=etf&fromdate=2016-07-26&todate=2026-07-26&limit=5000
TQQQ,2025-05-21,34.62,35.995,33.59,33.97,219255200,,https://api.nasdaq.com/api/quote/TQQQ/historical?assetclass=etf&fromdate=2016-07-26&todate=2026-07-26&limit=5000
TQQQ,2025-05-22,34.08,34.8751,33.81,34.145,173542020,,https://api.nasdaq.com/api/quote/TQQQ/historical?assetclass=etf&fromdate=2016-07-26&todate=2026-07-26&limit=5000
TQQQ,2025-05-23,32.545,33.6701,32.4293,33.16,214220800,,https://api.nasdaq.com/api/quote/TQQQ/historical?assetclass=etf&fromdate=2016-07-26&todate=2026-07-26&limit=5000
TQQQ,2025-05-27,34.495,35.5725,34.1947,35.47,130539540,,https://api.nasdaq.com/api/quote/TQQQ/historical?assetclass=etf&fromdate=2016-07-26&todate=2026-07-26&limit=5000
TQQQ,2025-05-28,35.67,35.97,34.89,35.015,132542680,,https://api.nasdaq.com/api/quote/TQQQ/historical?assetclass=etf&fromdate=2016-07-26&todate=2026-07-26&limit=5000
TQQQ,2025-05-29,36.5,36.5298,34.665,35.185,195434480,,https://api.nasdaq.com/api/quote/TQQQ/historical?assetclass=etf&fromdate=2016-07-26&todate=2026-07-26&limit=5000
TQQQ,2025-05-30,35.065,35.3,33.52,35,187118300,,https://api.nasdaq.com/api/quote/TQQQ/historical?assetclass=etf&fromdate=2016-07-26&todate=2026-07-26&limit=5000
TQQQ,2025-06-02,34.6,35.86,34.345,35.805,137925420,,https://api.nasdaq.com/api/quote/TQQQ/historical?assetclass=etf&fromdate=2016-07-26&todate=2026-07-26&limit=5000
TQQQ,2025-06-03,35.88,36.94,35.7,36.64,128728360,,https://api.nasdaq.com/api/quote/TQQQ/historical?assetclass=etf&fromdate=2016-07-26&todate=2026-07-26&limit=5000
TQQQ,2025-06-04,36.79,37.16,36.355,36.935,128888900,,https://api.nasdaq.com/api/quote/TQQQ/historical?assetclass=etf&fromdate=2016-07-26&todate=2026-07-26&limit=5000
TQQQ,2025-06-05,37.225,37.825,35.65,36.075,199024920,,https://api.nasdaq.com/api/quote/TQQQ/historical?assetclass=etf&fromdate=2016-07-26&todate=2026-07-26&limit=5000
TQQQ,2025-06-06,37.135,37.505,36.77,37.105,131215380,,https://api.nasdaq.com/api/quote/TQQQ/historical?assetclass=etf&fromdate=2016-07-26&todate=2026-07-26&limit=5000
TQQQ,2025-06-09,37.155,37.62,36.92,37.27,100363780,,https://api.nasdaq.com/api/quote/TQQQ/historical?assetclass=etf&fromdate=2016-07-26&todate=2026-07-26&limit=5000
TQQQ,2025-06-10,37.355,38.1425,36.88,37.99,122692960,,https://api.nasdaq.com/api/quote/TQQQ/historical?assetclass=etf&fromdate=2016-07-26&todate=2026-07-26&limit=5000
TQQQ,2025-06-11,38.295,38.5375,37.11,37.6,181651980,,https://api.nasdaq.com/api/quote/TQQQ/historical?assetclass=etf&fromdate=2016-07-26&todate=2026-07-26&limit=5000
TQQQ,2025-06-12,37.3,38.0647,37.26,37.845,126110020,,https://api.nasdaq.com/api/quote/TQQQ/historical?assetclass=etf&fromdate=2016-07-26&todate=2026-07-26&limit=5000
TQQQ,2025-06-13,36.55,37.4425,36.135,36.415,210666200,,https://api.nasdaq.com/api/quote/TQQQ/historical?assetclass=etf&fromdate=2016-07-26&todate=2026-07-26&limit=5000
TQQQ,2025-06-16,37.11,38.1249,37.11,37.9,116668680,,https://api.nasdaq.com/api/quote/TQQQ/historical?assetclass=etf&fromdate=2016-07-26&todate=2026-07-26&limit=5000
TQQQ,2025-06-17,37.34,37.69,36.54,36.78,135418180,,https://api.nasdaq.com/api/quote/TQQQ/historical?assetclass=etf&fromdate=2016-07-26&todate=2026-07-26&limit=5000
TQQQ,2025-06-18,36.96,37.48,36.42,36.73,142661420,,https://api.nasdaq.com/api/quote/TQQQ/historical?assetclass=etf&fromdate=2016-07-26&todate=2026-07-26&limit=5000
TQQQ,2025-06-20,37.38,37.6649,35.8575,36.225,163354900,,https://api.nasdaq.com/api/quote/TQQQ/historical?assetclass=etf&fromdate=2016-07-26&todate=2026-07-26&limit=5000
TQQQ,2025-06-23,36.365,37.465,35.71,37.35,167572720,,https://api.nasdaq.com/api/quote/TQQQ/historical?assetclass=etf&fromdate=2016-07-26&todate=2026-07-26&limit=5000
TQQQ,2025-06-24,38.455,39.255,38.3275,39.05,113191500,,https://api.nasdaq.com/api/quote/TQQQ/historical?assetclass=etf&fromdate=2016-07-26&todate=2026-07-26&limit=5000
TQQQ,2025-06-25,39.44,39.71,38.86,39.24,101438140,,https://api.nasdaq.com/api/quote/TQQQ/historical?assetclass=etf&fromdate=2016-07-26&todate=2026-07-26&limit=5000
TQQQ,2025-06-26,39.71,40.425,39.3104,40.315,100144180,,https://api.nasdaq.com/api/quote/TQQQ/historical?assetclass=etf&fromdate=2016-07-26&todate=2026-07-26&limit=5000
TQQQ,2025-06-27,40.5151,41.125,39.9265,40.71,146023560,,https://api.nasdaq.com/api/quote/TQQQ/historical?assetclass=etf&fromdate=2016-07-26&todate=2026-07-26&limit=5000
TQQQ,2025-06-30,41.4,41.745,40.915,41.5,113721460,,https://api.nasdaq.com/api/quote/TQQQ/historical?assetclass=etf&fromdate=2016-07-26&todate=2026-07-26&limit=5000
TQQQ,2025-07-01,41.06,41.27,39.905,40.445,140389940,,https://api.nasdaq.com/api/quote/TQQQ/historical?assetclass=etf&fromdate=2016-07-26&todate=2026-07-26&limit=5000
TQQQ,2025-07-02,40.23,41.295,40.215,41.25,100285060,,https://api.nasdaq.com/api/quote/TQQQ/historical?assetclass=etf&fromdate=2016-07-26&todate=2026-07-26&limit=5000
TQQQ,2025-07-03,41.745,42.645,41.745,42.405,83484600,,https://api.nasdaq.com/api/quote/TQQQ/historical?assetclass=etf&fromdate=2016-07-26&todate=2026-07-26&limit=5000
TQQQ,2025-07-07,41.8,41.985,40.9,41.46,139674760,,https://api.nasdaq.com/api/quote/TQQQ/historical?assetclass=etf&fromdate=2016-07-26&todate=2026-07-26&limit=5000
TQQQ,2025-07-08,41.74,41.8875,41.235,41.515,115515420,,https://api.nasdaq.com/api/quote/TQQQ/historical?assetclass=etf&fromdate=2016-07-26&todate=2026-07-26&limit=5000
TQQQ,2025-07-09,41.985,42.6925,41.675,42.375,117976260,,https://api.nasdaq.com/api/quote/TQQQ/historical?assetclass=etf&fromdate=2016-07-26&todate=2026-07-26&limit=5000
TQQQ,2025-07-10,42.515,42.61,41.57,42.18,110317780,,https://api.nasdaq.com/api/quote/TQQQ/historical?assetclass=etf&fromdate=2016-07-26&todate=2026-07-26&limit=5000
TQQQ,2025-07-11,41.6575,42.225,41.375,41.86,106937580,,https://api.nasdaq.com/api/quote/TQQQ/historical?assetclass=etf&fromdate=2016-07-26&todate=2026-07-26&limit=5000
TQQQ,2025-07-14,41.815,42.4676,41.275,42.305,97311480,,https://api.nasdaq.com/api/quote/TQQQ/historical?assetclass=etf&fromdate=2016-07-26&todate=2026-07-26&limit=5000
TQQQ,2025-07-15,43.215,43.335,42.4,42.415,123257540,,https://api.nasdaq.com/api/quote/TQQQ/historical?assetclass=etf&fromdate=2016-07-26&todate=2026-07-26&limit=5000
TQQQ,2025-07-16,42.53,42.675,41.22,42.535,166357640,,https://api.nasdaq.com/api/quote/TQQQ/historical?assetclass=etf&fromdate=2016-07-26&todate=2026-07-26&limit=5000
TQQQ,2025-07-17,42.685,43.66,42.5,43.525,97330860,,https://api.nasdaq.com/api/quote/TQQQ/historical?assetclass=etf&fromdate=2016-07-26&todate=2026-07-26&limit=5000
TQQQ,2025-07-18,43.82,43.87,43.095,43.375,98496260,,https://api.nasdaq.com/api/quote/TQQQ/historical?assetclass=etf&fromdate=2016-07-26&todate=2026-07-26&limit=5000
TQQQ,2025-07-21,43.575,44.49,43.56,44.035,87720300,,https://api.nasdaq.com/api/quote/TQQQ/historical?assetclass=etf&fromdate=2016-07-26&todate=2026-07-26&limit=5000
TQQQ,2025-07-22,44.065,44.08,42.7325,43.35,108345280,,https://api.nasdaq.com/api/quote/TQQQ/historical?assetclass=etf&fromdate=2016-07-26&todate=2026-07-26&limit=5000
TQQQ,2025-07-23,43.59,43.94,42.95,43.92,118025240,,https://api.nasdaq.com/api/quote/TQQQ/historical?assetclass=etf&fromdate=2016-07-26&todate=2026-07-26&limit=5000
TQQQ,2025-07-24,44.225,44.48,43.8,44.21,90378280,,https://api.nasdaq.com/api/quote/TQQQ/historical?assetclass=etf&fromdate=2016-07-26&todate=2026-07-26&limit=5000
TQQQ,2025-07-25,44.155,44.79,43.99,44.46,79003180,,https://api.nasdaq.com/api/quote/TQQQ/historical?assetclass=etf&fromdate=2016-07-26&todate=2026-07-26&limit=5000
TQQQ,2025-07-28,44.795,45.095,44.59,44.8925,95591980,,https://api.nasdaq.com/api/quote/TQQQ/historical?assetclass=etf&fromdate=2016-07-26&todate=2026-07-26&limit=5000
TQQQ,2025-07-29,45.495,45.8125,44.49,44.69,116251160,,https://api.nasdaq.com/api/quote/TQQQ/historical?assetclass=etf&fromdate=2016-07-26&todate=2026-07-26&limit=5000
TQQQ,2025-07-30,44.87,45.44,44.13,44.845,145527620,,https://api.nasdaq.com/api/quote/TQQQ/historical?assetclass=etf&fromdate=2016-07-26&todate=2026-07-26&limit=5000
TQQQ,2025-07-31,46.355,46.375,43.83,44.105,178874660,,https://api.nasdaq.com/api/quote/TQQQ/historical?assetclass=etf&fromdate=2016-07-26&todate=2026-07-26&limit=5000
TQQQ,2025-08-01,42.625,42.66,40.93,41.46,219781200,,https://api.nasdaq.com/api/quote/TQQQ/historical?assetclass=etf&fromdate=2016-07-26&todate=2026-07-26&limit=5000
TQQQ,2025-08-04,42.61,43.785,42.58,43.73,108585940,,https://api.nasdaq.com/api/quote/TQQQ/historical?assetclass=etf&fromdate=2016-07-26&todate=2026-07-26&limit=5000
TQQQ,2025-08-05,44.025,44.305,42.71,42.82,152088320,,https://api.nasdaq.com/api/quote/TQQQ/historical?assetclass=etf&fromdate=2016-07-26&todate=2026-07-26&limit=5000
TQQQ,2025-08-06,43.015,44.5328,42.905,44.42,128995260,,https://api.nasdaq.com/api/quote/TQQQ/historical?assetclass=etf&fromdate=2016-07-26&todate=2026-07-26&limit=5000
TQQQ,2025-08-07,45.445,45.835,43.9075,44.87,169239140,,https://api.nasdaq.com/api/quote/TQQQ/historical?assetclass=etf&fromdate=2016-07-26&todate=2026-07-26&limit=5000
TQQQ,2025-08-08,45.12,46.14,45.0506,46.08,104522680,,https://api.nasdaq.com/api/quote/TQQQ/historical?assetclass=etf&fromdate=2016-07-26&todate=2026-07-26&limit=5000
TQQQ,2025-08-11,46.115,46.62,45.3575,45.675,94617000,,https://api.nasdaq.com/api/quote/TQQQ/historical?assetclass=etf&fromdate=2016-07-26&todate=2026-07-26&limit=5000
TQQQ,2025-08-12,46.21,47.4449,45.565,47.36,120277960,,https://api.nasdaq.com/api/quote/TQQQ/historical?assetclass=etf&fromdate=2016-07-26&todate=2026-07-26&limit=5000
TQQQ,2025-08-13,48.025,48.16,47.0875,47.43,96058520,,https://api.nasdaq.com/api/quote/TQQQ/historical?assetclass=etf&fromdate=2016-07-26&todate=2026-07-26&limit=5000
TQQQ,2025-08-14,46.92,47.7939,46.82,47.3,106385760,,https://api.nasdaq.com/api/quote/TQQQ/historical?assetclass=etf&fromdate=2016-07-26&todate=2026-07-26&limit=5000
TQQQ,2025-08-15,47.235,47.255,46.2097,46.63,96167400,,https://api.nasdaq.com/api/quote/TQQQ/historical?assetclass=etf&fromdate=2016-07-26&todate=2026-07-26&limit=5000
TQQQ,2025-08-18,46.4,46.7275,46.115,46.57,73371360,,https://api.nasdaq.com/api/quote/TQQQ/historical?assetclass=etf&fromdate=2016-07-26&todate=2026-07-26&limit=5000
TQQQ,2025-08-19,46.385,46.43,44.4119,44.67,111118640,,https://api.nasdaq.com/api/quote/TQQQ/historical?assetclass=etf&fromdate=2016-07-26&todate=2026-07-26&limit=5000
TQQQ,2025-08-20,44.415,44.445,42.19,43.855,164404260,,https://api.nasdaq.com/api/quote/TQQQ/historical?assetclass=etf&fromdate=2016-07-26&todate=2026-07-26&limit=5000
TQQQ,2025-08-21,43.475,43.975,42.695,43.245,119919940,,https://api.nasdaq.com/api/quote/TQQQ/historical?assetclass=etf&fromdate=2016-07-26&todate=2026-07-26&limit=5000
TQQQ,2025-08-22,43.51,45.66,43.185,45.19,132726480,,https://api.nasdaq.com/api/quote/TQQQ/historical?assetclass=etf&fromdate=2016-07-26&todate=2026-07-26&limit=5000
TQQQ,2025-08-25,44.81,45.49,44.515,44.795,80452560,,https://api.nasdaq.com/api/quote/TQQQ/historical?assetclass=etf&fromdate=2016-07-26&todate=2026-07-26&limit=5000
TQQQ,2025-08-26,44.655,45.385,44.4175,45.315,84374600,,https://api.nasdaq.com/api/quote/TQQQ/historical?assetclass=etf&fromdate=2016-07-26&todate=2026-07-26&limit=5000
TQQQ,2025-08-27,45.07,45.72,44.77,45.52,90055180,,https://api.nasdaq.com/api/quote/TQQQ/historical?assetclass=etf&fromdate=2016-07-26&todate=2026-07-26&limit=5000
TQQQ,2025-08-28,45.64,46.555,45.255,46.35,90658000,,https://api.nasdaq.com/api/quote/TQQQ/historical?assetclass=etf&fromdate=2016-07-26&todate=2026-07-26&limit=5000
TQQQ,2025-08-29,45.7075,45.795,44.245,44.68,121887000,,https://api.nasdaq.com/api/quote/TQQQ/historical?assetclass=etf&fromdate=2016-07-26&todate=2026-07-26&limit=5000
TQQQ,2025-09-02,42.555,43.62,42.125,43.54,166668080,,https://api.nasdaq.com/api/quote/TQQQ/historical?assetclass=etf&fromdate=2016-07-26&todate=2026-07-26&limit=5000
TQQQ,2025-09-03,44.365,44.9375,43.795,44.555,119929800,,https://api.nasdaq.com/api/quote/TQQQ/historical?assetclass=etf&fromdate=2016-07-26&todate=2026-07-26&limit=5000
TQQQ,2025-09-04,44.7,45.8323,44.3075,45.76,101759680,,https://api.nasdaq.com/api/quote/TQQQ/historical?assetclass=etf&fromdate=2016-07-26&todate=2026-07-26&limit=5000
TQQQ,2025-09-05,46.97,47.12,44.8436,45.91,172625740,,https://api.nasdaq.com/api/quote/TQQQ/historical?assetclass=etf&fromdate=2016-07-26&todate=2026-07-26&limit=5000
TQQQ,2025-09-08,46.455,47.0476,46.32,46.565,101696740,,https://api.nasdaq.com/api/quote/TQQQ/historical?assetclass=etf&fromdate=2016-07-26&todate=2026-07-26&limit=5000
TQQQ,2025-09-09,46.75,47.055,46.1217,46.945,94620740,,https://api.nasdaq.com/api/quote/TQQQ/historical?assetclass=etf&fromdate=2016-07-26&todate=2026-07-26&limit=5000
TQQQ,2025-09-10,47.725,47.73,46.47,46.995,120818820,,https://api.nasdaq.com/api/quote/TQQQ/historical?assetclass=etf&fromdate=2016-07-26&todate=2026-07-26&limit=5000
TQQQ,2025-09-11,47.595,47.99,47.205,47.785,91247140,,https://api.nasdaq.com/api/quote/TQQQ/historical?assetclass=etf&fromdate=2016-07-26&todate=2026-07-26&limit=5000
TQQQ,2025-09-12,47.98,48.685,47.7625,48.38,92235240,,https://api.nasdaq.com/api/quote/TQQQ/historical?assetclass=etf&fromdate=2016-07-26&todate=2026-07-26&limit=5000
TQQQ,2025-09-15,48.82,49.635,48.7825,49.615,78114360,,https://api.nasdaq.com/api/quote/TQQQ/historical?assetclass=etf&fromdate=2016-07-26&todate=2026-07-26&limit=5000
TQQQ,2025-09-16,49.835,49.905,49.305,49.48,77137140,,https://api.nasdaq.com/api/quote/TQQQ/historical?assetclass=etf&fromdate=2016-07-26&todate=2026-07-26&limit=5000
TQQQ,2025-09-17,49.445,49.6,47.7555,49.165,147697140,,https://api.nasdaq.com/api/quote/TQQQ/historical?assetclass=etf&fromdate=2016-07-26&todate=2026-07-26&limit=5000
TQQQ,2025-09-18,50.38,51.185,49.895,50.49,123401560,,https://api.nasdaq.com/api/quote/TQQQ/historical?assetclass=etf&fromdate=2016-07-26&todate=2026-07-26&limit=5000
TQQQ,2025-09-19,50.94,51.645,50.575,51.49,84365380,,https://api.nasdaq.com/api/quote/TQQQ/historical?assetclass=etf&fromdate=2016-07-26&todate=2026-07-26&limit=5000
TQQQ,2025-09-22,51.21,52.5378,51.21,52.36,81054580,,https://api.nasdaq.com/api/quote/TQQQ/historical?assetclass=etf&fromdate=2016-07-26&todate=2026-07-26&limit=5000
TQQQ,2025-09-23,52.395,52.45,50.99,51.305,99930560,,https://api.nasdaq.com/api/quote/TQQQ/historical?assetclass=etf&fromdate=2016-07-26&todate=2026-07-26&limit=5000
TQQQ,2025-09-24,51.605,51.68,49.995,50.705,101055620,,https://api.nasdaq.com/api/quote/TQQQ/historical?assetclass=etf&fromdate=2016-07-26&todate=2026-07-26&limit=5000
TQQQ,2025-09-25,49.7,50.435,48.7499,50.025,122820600,,https://api.nasdaq.com/api/quote/TQQQ/historical?assetclass=etf&fromdate=2016-07-26&todate=2026-07-26&limit=5000
TQQQ,2025-09-26,50.2,50.69,49.37,50.625,124097360,,https://api.nasdaq.com/api/quote/TQQQ/historical?assetclass=etf&fromdate=2016-07-26&todate=2026-07-26&limit=5000
TQQQ,2025-09-29,51.3925,52.14,50.97,51.3,92393100,,https://api.nasdaq.com/api/quote/TQQQ/historical?assetclass=etf&fromdate=2016-07-26&todate=2026-07-26&limit=5000
TQQQ,2025-09-30,51.205,51.785,50.61,51.7,92323860,,https://api.nasdaq.com/api/quote/TQQQ/historical?assetclass=etf&fromdate=2016-07-26&todate=2026-07-26&limit=5000
TQQQ,2025-10-01,50.865,52.57,50.65,52.43,93996440,,https://api.nasdaq.com/api/quote/TQQQ/historical?assetclass=etf&fromdate=2016-07-26&todate=2026-07-26&limit=5000
TQQQ,2025-10-02,53.405,53.4175,52.33,53.07,89158700,,https://api.nasdaq.com/api/quote/TQQQ/historical?assetclass=etf&fromdate=2016-07-26&todate=2026-07-26&limit=5000
TQQQ,2025-10-03,53.22,53.435,51.88,52.35,103096380,,https://api.nasdaq.com/api/quote/TQQQ/historical?assetclass=etf&fromdate=2016-07-26&todate=2026-07-26&limit=5000
TQQQ,2025-10-06,53.7,53.9412,53.065,53.52,82476720,,https://api.nasdaq.com/api/quote/TQQQ/historical?assetclass=etf&fromdate=2016-07-26&todate=2026-07-26&limit=5000
TQQQ,2025-10-07,53.85,54.03,52.26,52.655,100185820,,https://api.nasdaq.com/api/quote/TQQQ/historical?assetclass=etf&fromdate=2016-07-26&todate=2026-07-26&limit=5000
TQQQ,2025-10-08,52.86,54.5249,52.83,54.44,86931060,,https://api.nasdaq.com/api/quote/TQQQ/historical?assetclass=etf&fromdate=2016-07-26&todate=2026-07-26&limit=5000
TQQQ,2025-10-09,54.438,54.48,53.3775,54.225,87956100,,https://api.nasdaq.com/api/quote/TQQQ/historical?assetclass=etf&fromdate=2016-07-26&todate=2026-07-26&limit=5000
TQQQ,2025-10-10,54.365,54.83,48.4151,48.535,238009400,,https://api.nasdaq.com/api/quote/TQQQ/historical?assetclass=etf&fromdate=2016-07-26&todate=2026-07-26&limit=5000
TQQQ,2025-10-13,51.03,51.84,50.425,51.615,114511140,,https://api.nasdaq.com/api/quote/TQQQ/historical?assetclass=etf&fromdate=2016-07-26&todate=2026-07-26&limit=5000
TQQQ,2025-10-14,49.865,51.765,48.535,50.565,147230040,,https://api.nasdaq.com/api/quote/TQQQ/historical?assetclass=etf&fromdate=2016-07-26&todate=2026-07-26&limit=5000
TQQQ,2025-10-15,52.07,52.755,50.02,51.6,127069380,,https://api.nasdaq.com/api/quote/TQQQ/historical?assetclass=etf&fromdate=2016-07-26&todate=2026-07-26&limit=5000
TQQQ,2025-10-16,52.34,53.165,49.875,51.025,159343960,,https://api.nasdaq.com/api/quote/TQQQ/historical?assetclass=etf&fromdate=2016-07-26&todate=2026-07-26&limit=5000
TQQQ,2025-10-17,50.46,52.385,50.06,51.995,142274020,,https://api.nasdaq.com/api/quote/TQQQ/historical?assetclass=etf&fromdate=2016-07-26&todate=2026-07-26&limit=5000
TQQQ,2025-10-20,52.805,54.26,52.775,53.945,79928840,,https://api.nasdaq.com/api/quote/TQQQ/historical?assetclass=etf&fromdate=2016-07-26&todate=2026-07-26&limit=5000
TQQQ,2025-10-21,53.9475,54.24,53.335,53.885,79811460,,https://api.nasdaq.com/api/quote/TQQQ/historical?assetclass=etf&fromdate=2016-07-26&todate=2026-07-26&limit=5000
TQQQ,2025-10-22,53.725,53.87,50.79,52.3,134380740,,https://api.nasdaq.com/api/quote/TQQQ/historical?assetclass=etf&fromdate=2016-07-26&todate=2026-07-26&limit=5000
TQQQ,2025-10-23,52.135,53.815,52.04,53.61,91245000,,https://api.nasdaq.com/api/quote/TQQQ/historical?assetclass=etf&fromdate=2016-07-26&todate=2026-07-26&limit=5000
TQQQ,2025-10-24,54.995,55.63,54.765,55.28,84387660,,https://api.nasdaq.com/api/quote/TQQQ/historical?assetclass=etf&fromdate=2016-07-26&todate=2026-07-26&limit=5000
TQQQ,2025-10-27,57.26,58.345,57.1351,58.215,77489440,,https://api.nasdaq.com/api/quote/TQQQ/historical?assetclass=etf&fromdate=2016-07-26&todate=2026-07-26&limit=5000
TQQQ,2025-10-28,58.825,60.0378,58.53,59.545,92239440,,https://api.nasdaq.com/api/quote/TQQQ/historical?assetclass=etf&fromdate=2016-07-26&todate=2026-07-26&limit=5000
TQQQ,2025-10-29,60.285,60.685,58.77,60.305,133060880,,https://api.nasdaq.com/api/quote/TQQQ/historical?assetclass=etf&fromdate=2016-07-26&todate=2026-07-26&limit=5000
TQQQ,2025-10-30,59.295,59.67,57.515,57.545,127234280,,https://api.nasdaq.com/api/quote/TQQQ/historical?assetclass=etf&fromdate=2016-07-26&todate=2026-07-26&limit=5000
TQQQ,2025-10-31,59.745,59.745,57.69,58.36,122666880,,https://api.nasdaq.com/api/quote/TQQQ/historical?assetclass=etf&fromdate=2016-07-26&todate=2026-07-26&limit=5000
TQQQ,2025-11-03,60,60.2088,58.54,59.16,83597920,,https://api.nasdaq.com/api/quote/TQQQ/historical?assetclass=etf&fromdate=2016-07-26&todate=2026-07-26&limit=5000
TQQQ,2025-11-04,56.68,57.7049,55.3216,55.54,124762780,,https://api.nasdaq.com/api/quote/TQQQ/historical?assetclass=etf&fromdate=2016-07-26&todate=2026-07-26&limit=5000
TQQQ,2025-11-05,55.34,57.5,54.97,56.62,109730040,,https://api.nasdaq.com/api/quote/TQQQ/historical?assetclass=etf&fromdate=2016-07-26&todate=2026-07-26&limit=5000
TQQQ,2025-11-06,56.185,56.25,53.06,53.445,156461380,,https://api.nasdaq.com/api/quote/TQQQ/historical?assetclass=etf&fromdate=2016-07-26&todate=2026-07-26&limit=5000
TQQQ,2025-11-07,52.51,52.9218,49.98,52.89,183589380,,https://api.nasdaq.com/api/quote/TQQQ/historical?assetclass=etf&fromdate=2016-07-26&todate=2026-07-26&limit=5000
TQQQ,2025-11-10,55.215,56.625,54.705,56.355,119878760,,https://api.nasdaq.com/api/quote/TQQQ/historical?assetclass=etf&fromdate=2016-07-26&todate=2026-07-26&limit=5000
TQQQ,2025-11-11,55.635,56.21,54.8,55.89,102665540,,https://api.nasdaq.com/api/quote/TQQQ/historical?assetclass=etf&fromdate=2016-07-26&todate=2026-07-26&limit=5000
TQQQ,2025-11-12,56.765,56.77,54.865,55.775,125708380,,https://api.nasdaq.com/api/quote/TQQQ/historical?assetclass=etf&fromdate=2016-07-26&todate=2026-07-26&limit=5000
TQQQ,2025-11-13,54.785,54.94,51.7,52.33,201264400,,https://api.nasdaq.com/api/quote/TQQQ/historical?assetclass=etf&fromdate=2016-07-26&todate=2026-07-26&limit=5000
TQQQ,2025-11-14,49.99,53.545,49.385,52.37,222397600,,https://api.nasdaq.com/api/quote/TQQQ/historical?assetclass=etf&fromdate=2016-07-26&todate=2026-07-26&limit=5000
TQQQ,2025-11-17,51.705,53.314,50.055,51.025,186327040,,https://api.nasdaq.com/api/quote/TQQQ/historical?assetclass=etf&fromdate=2016-07-26&todate=2026-07-26&limit=5000
TQQQ,2025-11-18,49.985,50.67,47.9,49.18,267348000,,https://api.nasdaq.com/api/quote/TQQQ/historical?assetclass=etf&fromdate=2016-07-26&todate=2026-07-26&limit=5000
TQQQ,2025-11-19,49.325,51.575,48.715,50.025,184263520,,https://api.nasdaq.com/api/quote/TQQQ/historical?assetclass=etf&fromdate=2016-07-26&todate=2026-07-26&limit=5000
TQQQ,2025-11-20,52.95,53.54,46.23,46.45,178246300,,https://api.nasdaq.com/api/quote/TQQQ/historical?assetclass=etf&fromdate=2016-07-26&todate=2026-07-26&limit=5000
TQQQ,2025-11-21,46.85,49.1,45.24,47.48,179618600,,https://api.nasdaq.com/api/quote/TQQQ/historical?assetclass=etf&fromdate=2016-07-26&todate=2026-07-26&limit=5000
TQQQ,2025-11-24,48.7,51.45,48.67,51.08,93894160,,https://api.nasdaq.com/api/quote/TQQQ/historical?assetclass=etf&fromdate=2016-07-26&todate=2026-07-26&limit=5000
TQQQ,2025-11-25,50.64,52.36,49.08,52.01,101851900,,https://api.nasdaq.com/api/quote/TQQQ/historical?assetclass=etf&fromdate=2016-07-26&todate=2026-07-26&limit=5000
TQQQ,2025-11-26,52.91,53.855,52.3701,53.37,75598100,,https://api.nasdaq.com/api/quote/TQQQ/historical?assetclass=etf&fromdate=2016-07-26&todate=2026-07-26&limit=5000
TQQQ,2025-11-28,53.82,54.61,53.625,54.54,34381610,,https://api.nasdaq.com/api/quote/TQQQ/historical?assetclass=etf&fromdate=2016-07-26&todate=2026-07-26&limit=5000
TQQQ,2025-12-01,53.11,54.65,52.82,54.05,66359590,,https://api.nasdaq.com/api/quote/TQQQ/historical?assetclass=etf&fromdate=2016-07-26&todate=2026-07-26&limit=5000
TQQQ,2025-12-02,54.63,55.76,54.1441,55.3,79504350,,https://api.nasdaq.com/api/quote/TQQQ/historical?assetclass=etf&fromdate=2016-07-26&todate=2026-07-26&limit=5000
TQQQ,2025-12-03,54.66,55.88,54.2327,55.69,69844900,,https://api.nasdaq.com/api/quote/TQQQ/historical?assetclass=etf&fromdate=2016-07-26&todate=2026-07-26&limit=5000
TQQQ,2025-12-04,56.04,56.05,54.61,55.51,63957970,,https://api.nasdaq.com/api/quote/TQQQ/historical?assetclass=etf&fromdate=2016-07-26&todate=2026-07-26&limit=5000
TQQQ,2025-12-05,55.86,57.08,55.68,56.15,73205980,,https://api.nasdaq.com/api/quote/TQQQ/historical?assetclass=etf&fromdate=2016-07-26&todate=2026-07-26&limit=5000
TQQQ,2025-12-08,56.57,57.04,55.12,55.8,69700020,,https://api.nasdaq.com/api/quote/TQQQ/historical?assetclass=etf&fromdate=2016-07-26&todate=2026-07-26&limit=5000
TQQQ,2025-12-09,55.45,56.22,55.09,56.01,48735980,,https://api.nasdaq.com/api/quote/TQQQ/historical?assetclass=etf&fromdate=2016-07-26&todate=2026-07-26&limit=5000
TQQQ,2025-12-10,55.65,57.09,54.89,56.65,100261100,,https://api.nasdaq.com/api/quote/TQQQ/historical?assetclass=etf&fromdate=2016-07-26&todate=2026-07-26&limit=5000
TQQQ,2025-12-11,55.63,56.16,53.98,56.11,99683930,,https://api.nasdaq.com/api/quote/TQQQ/historical?assetclass=etf&fromdate=2016-07-26&todate=2026-07-26&limit=5000
TQQQ,2025-12-12,55.11,55.52,52.23,52.82,138448500,,https://api.nasdaq.com/api/quote/TQQQ/historical?assetclass=etf&fromdate=2016-07-26&todate=2026-07-26&limit=5000
TQQQ,2025-12-15,54.06,54.06,51.72,52.02,98696300,,https://api.nasdaq.com/api/quote/TQQQ/historical?assetclass=etf&fromdate=2016-07-26&todate=2026-07-26&limit=5000
TQQQ,2025-12-16,51.43,52.7684,51.095,52.33,105953700,,https://api.nasdaq.com/api/quote/TQQQ/historical?assetclass=etf&fromdate=2016-07-26&todate=2026-07-26&limit=5000
TQQQ,2025-12-17,52.65,52.7994,49.37,49.4,125606200,,https://api.nasdaq.com/api/quote/TQQQ/historical?assetclass=etf&fromdate=2016-07-26&todate=2026-07-26&limit=5000
TQQQ,2025-12-18,51.67,52.46,50.98,51.51,109222100,,https://api.nasdaq.com/api/quote/TQQQ/historical?assetclass=etf&fromdate=2016-07-26&todate=2026-07-26&limit=5000
TQQQ,2025-12-19,52.2,53.6399,52.19,53.52,72957830,,https://api.nasdaq.com/api/quote/TQQQ/historical?assetclass=etf&fromdate=2016-07-26&todate=2026-07-26&limit=5000
TQQQ,2025-12-22,54.81,54.89,53.88,54.25,64783070,,https://api.nasdaq.com/api/quote/TQQQ/historical?assetclass=etf&fromdate=2016-07-26&todate=2026-07-26&limit=5000
TQQQ,2025-12-23,53.97,55.07,53.86,55.01,48197060,,https://api.nasdaq.com/api/quote/TQQQ/historical?assetclass=etf&fromdate=2016-07-26&todate=2026-07-26&limit=5000
TQQQ,2025-12-24,54.87,55.45,54.78,55.36,25855010,,https://api.nasdaq.com/api/quote/TQQQ/historical?assetclass=etf&fromdate=2016-07-26&todate=2026-07-26&limit=5000
TQQQ,2025-12-26,55.52,55.745,55.11,55.31,37244200,,https://api.nasdaq.com/api/quote/TQQQ/historical?assetclass=etf&fromdate=2016-07-26&todate=2026-07-26&limit=5000
TQQQ,2025-12-29,54.29,54.9908,53.92,54.49,50635250,,https://api.nasdaq.com/api/quote/TQQQ/historical?assetclass=etf&fromdate=2016-07-26&todate=2026-07-26&limit=5000
TQQQ,2025-12-30,54.2,54.8183,54.04,54.1,38976810,,https://api.nasdaq.com/api/quote/TQQQ/historical?assetclass=etf&fromdate=2016-07-26&todate=2026-07-26&limit=5000
TQQQ,2025-12-31,54.13,54.2,52.64,52.72,57199370,,https://api.nasdaq.com/api/quote/TQQQ/historical?assetclass=etf&fromdate=2016-07-26&todate=2026-07-26&limit=5000
TQQQ,2026-01-02,54.17,54.875,51.61,52.35,107226600,,https://api.nasdaq.com/api/quote/TQQQ/historical?assetclass=etf&fromdate=2016-07-26&todate=2026-07-26&limit=5000
TQQQ,2026-01-05,53.95,54.33,53.29,53.6,77968000,,https://api.nasdaq.com/api/quote/TQQQ/historical?assetclass=etf&fromdate=2016-07-26&todate=2026-07-26&limit=5000
TQQQ,2026-01-06,53.92,55.165,53.74,55.01,68915800,,https://api.nasdaq.com/api/quote/TQQQ/historical?assetclass=etf&fromdate=2016-07-26&todate=2026-07-26&limit=5000
TQQQ,2026-01-07,54.89,56.19,54.77,55.17,65588310,,https://api.nasdaq.com/api/quote/TQQQ/historical?assetclass=etf&fromdate=2016-07-26&todate=2026-07-26&limit=5000
TQQQ,2026-01-08,54.87,54.98,53.495,54.19,83760290,,https://api.nasdaq.com/api/quote/TQQQ/historical?assetclass=etf&fromdate=2016-07-26&todate=2026-07-26&limit=5000
TQQQ,2026-01-09,54.39,56.1,53.79,55.76,78706270,,https://api.nasdaq.com/api/quote/TQQQ/historical?assetclass=etf&fromdate=2016-07-26&todate=2026-07-26&limit=5000
TQQQ,2026-01-12,54.6,56.34,54.58,55.89,59673900,,https://api.nasdaq.com/api/quote/TQQQ/historical?assetclass=etf&fromdate=2016-07-26&todate=2026-07-26&limit=5000
TQQQ,2026-01-13,55.91,56.5,54.96,55.6,88610990,,https://api.nasdaq.com/api/quote/TQQQ/historical?assetclass=etf&fromdate=2016-07-26&todate=2026-07-26&limit=5000
TQQQ,2026-01-14,54.55,54.88,52.5,53.83,117421500,,https://api.nasdaq.com/api/quote/TQQQ/historical?assetclass=etf&fromdate=2016-07-26&todate=2026-07-26&limit=5000
TQQQ,2026-01-15,55.65,55.83,54.13,54.38,90482970,,https://api.nasdaq.com/api/quote/TQQQ/historical?assetclass=etf&fromdate=2016-07-26&todate=2026-07-26&limit=5000
TQQQ,2026-01-16,55.32,55.46,53.5801,54.14,75855870,,https://api.nasdaq.com/api/quote/TQQQ/historical?assetclass=etf&fromdate=2016-07-26&todate=2026-07-26&limit=5000
TQQQ,2026-01-20,51.39,52.56,50.475,50.73,129209100,,https://api.nasdaq.com/api/quote/TQQQ/historical?assetclass=etf&fromdate=2016-07-26&todate=2026-07-26&limit=5000
TQQQ,2026-01-21,51.07,53.8,50.67,52.73,150230100,,https://api.nasdaq.com/api/quote/TQQQ/historical?assetclass=etf&fromdate=2016-07-26&todate=2026-07-26&limit=5000
TQQQ,2026-01-22,54.32,54.33,53.15,53.9,90992290,,https://api.nasdaq.com/api/quote/TQQQ/historical?assetclass=etf&fromdate=2016-07-26&todate=2026-07-26&limit=5000
TQQQ,2026-01-23,53.59,55.07,53.32,54.38,78066070,,https://api.nasdaq.com/api/quote/TQQQ/historical?assetclass=etf&fromdate=2016-07-26&todate=2026-07-26&limit=5000
TQQQ,2026-01-26,54.47,55.63,54.21,55.08,58084350,,https://api.nasdaq.com/api/quote/TQQQ/historical?assetclass=etf&fromdate=2016-07-26&todate=2026-07-26&limit=5000
TQQQ,2026-01-27,55.98,56.8,55.5627,56.54,51981230,,https://api.nasdaq.com/api/quote/TQQQ/historical?assetclass=etf&fromdate=2016-07-26&todate=2026-07-26&limit=5000
TQQQ,2026-01-28,57.7,58.01,56.73,57.06,76172140,,https://api.nasdaq.com/api/quote/TQQQ/historical?assetclass=etf&fromdate=2016-07-26&todate=2026-07-26&limit=5000
TQQQ,2026-01-29,56.95,57.21,53.06,56.04,122642300,,https://api.nasdaq.com/api/quote/TQQQ/historical?assetclass=etf&fromdate=2016-07-26&todate=2026-07-26&limit=5000
TQQQ,2026-01-30,55.015,55.71,53.32,54,110170700,,https://api.nasdaq.com/api/quote/TQQQ/historical?assetclass=etf&fromdate=2016-07-26&todate=2026-07-26&limit=5000
TQQQ,2026-02-02,53.16,55.71,53.15,55.1,74665790,,https://api.nasdaq.com/api/quote/TQQQ/historical?assetclass=etf&fromdate=2016-07-26&todate=2026-07-26&limit=5000
TQQQ,2026-02-03,55.64,55.7565,51.08,52.52,129992200,,https://api.nasdaq.com/api/quote/TQQQ/historical?assetclass=etf&fromdate=2016-07-26&todate=2026-07-26&limit=5000
TQQQ,2026-02-04,52.14,52.15,48.43,49.76,142536200,,https://api.nasdaq.com/api/quote/TQQQ/historical?assetclass=etf&fromdate=2016-07-26&todate=2026-07-26&limit=5000
TQQQ,2026-02-05,48.39,49.5297,47.06,47.64,158712900,,https://api.nasdaq.com/api/quote/TQQQ/historical?assetclass=etf&fromdate=2016-07-26&todate=2026-07-26&limit=5000
TQQQ,2026-02-06,48.34,51.005,47.995,50.59,117934600,,https://api.nasdaq.com/api/quote/TQQQ/historical?assetclass=etf&fromdate=2016-07-26&todate=2026-07-26&limit=5000
TQQQ,2026-02-09,50.06,52.27,49.44,51.74,71272730,,https://api.nasdaq.com/api/quote/TQQQ/historical?assetclass=etf&fromdate=2016-07-26&todate=2026-07-26&limit=5000
TQQQ,2026-02-10,51.97,52.4,50.89,51.02,70660920,,https://api.nasdaq.com/api/quote/TQQQ/historical?assetclass=etf&fromdate=2016-07-26&todate=2026-07-26&limit=5000
TQQQ,2026-02-11,52.21,52.5,50.0416,51.4,92393810,,https://api.nasdaq.com/api/quote/TQQQ/historical?assetclass=etf&fromdate=2016-07-26&todate=2026-07-26&limit=5000
TQQQ,2026-02-12,51.8,52.0698,47.99,48.26,131150000,,https://api.nasdaq.com/api/quote/TQQQ/historical?assetclass=etf&fromdate=2016-07-26&todate=2026-07-26&limit=5000
TQQQ,2026-02-13,48.15,49.5925,47.18,48.47,123216600,,https://api.nasdaq.com/api/quote/TQQQ/historical?assetclass=etf&fromdate=2016-07-26&todate=2026-07-26&limit=5000
TQQQ,2026-02-17,47.64,48.98,46.42,48.35,117089700,,https://api.nasdaq.com/api/quote/TQQQ/historical?assetclass=etf&fromdate=2016-07-26&todate=2026-07-26&limit=5000
TQQQ,2026-02-18,48.53,50.3603,48.2,49.39,81370840,,https://api.nasdaq.com/api/quote/TQQQ/historical?assetclass=etf&fromdate=2016-07-26&todate=2026-07-26&limit=5000
TQQQ,2026-02-19,48.67,49.4,48.16,48.83,83447510,,https://api.nasdaq.com/api/quote/TQQQ/historical?assetclass=etf&fromdate=2016-07-26&todate=2026-07-26&limit=5000
TQQQ,2026-02-20,47.96,50.4499,47.76,50.06,118813800,,https://api.nasdaq.com/api/quote/TQQQ/historical?assetclass=etf&fromdate=2016-07-26&todate=2026-07-26&limit=5000
TQQQ,2026-02-23,49.53,49.88,47.66,48.24,91951800,,https://api.nasdaq.com/api/quote/TQQQ/historical?assetclass=etf&fromdate=2016-07-26&todate=2026-07-26&limit=5000
TQQQ,2026-02-24,48.45,50.0399,47.82,49.78,71023310,,https://api.nasdaq.com/api/quote/TQQQ/historical?assetclass=etf&fromdate=2016-07-26&todate=2026-07-26&limit=5000
TQQQ,2026-02-25,50.55,51.96,50.53,51.87,54217200,,https://api.nasdaq.com/api/quote/TQQQ/historical?assetclass=etf&fromdate=2016-07-26&todate=2026-07-26&limit=5000
TQQQ,2026-02-26,51.63,51.64,48.71,50.05,105583800,,https://api.nasdaq.com/api/quote/TQQQ/historical?assetclass=etf&fromdate=2016-07-26&todate=2026-07-26&limit=5000
TQQQ,2026-02-27,48.45,49.77,48.26,49.52,93802210,,https://api.nasdaq.com/api/quote/TQQQ/historical?assetclass=etf&fromdate=2016-07-26&todate=2026-07-26&limit=5000
TQQQ,2026-03-02,47.46,50.15,47.23,49.7,108545900,,https://api.nasdaq.com/api/quote/TQQQ/historical?assetclass=etf&fromdate=2016-07-26&todate=2026-07-26&limit=5000
TQQQ,2026-03-03,46.81,48.67,45.715,48.1,163365500,,https://api.nasdaq.com/api/quote/TQQQ/historical?assetclass=etf&fromdate=2016-07-26&todate=2026-07-26&limit=5000
TQQQ,2026-03-04,48.69,50.79,48.52,50.26,99738420,,https://api.nasdaq.com/api/quote/TQQQ/historical?assetclass=etf&fromdate=2016-07-26&todate=2026-07-26&limit=5000
TQQQ,2026-03-05,49.44,50.76,48.17,49.8,129713200,,https://api.nasdaq.com/api/quote/TQQQ/historical?assetclass=etf&fromdate=2016-07-26&todate=2026-07-26&limit=5000
TQQQ,2026-03-06,47.66,49.05,47.18,47.54,141012200,,https://api.nasdaq.com/api/quote/TQQQ/historical?assetclass=etf&fromdate=2016-07-26&todate=2026-07-26&limit=5000
TQQQ,2026-03-09,46.19,49.77,45.5,49.39,159005500,,https://api.nasdaq.com/api/quote/TQQQ/historical?assetclass=etf&fromdate=2016-07-26&todate=2026-07-26&limit=5000
TQQQ,2026-03-10,49.41,50.74,48.83,49.4,115057200,,https://api.nasdaq.com/api/quote/TQQQ/historical?assetclass=etf&fromdate=2016-07-26&todate=2026-07-26&limit=5000
TQQQ,2026-03-11,49.68,50.52,48.7299,49.35,91104320,,https://api.nasdaq.com/api/quote/TQQQ/historical?assetclass=etf&fromdate=2016-07-26&todate=2026-07-26&limit=5000
TQQQ,2026-03-12,48.15,48.4881,46.75,46.83,130823900,,https://api.nasdaq.com/api/quote/TQQQ/historical?assetclass=etf&fromdate=2016-07-26&todate=2026-07-26&limit=5000
TQQQ,2026-03-13,47.35,48.25,45.67,45.93,141952500,,https://api.nasdaq.com/api/quote/TQQQ/historical?assetclass=etf&fromdate=2016-07-26&todate=2026-07-26&limit=5000
TQQQ,2026-03-16,47.365,48.27,47.18,47.46,81421540,,https://api.nasdaq.com/api/quote/TQQQ/historical?assetclass=etf&fromdate=2016-07-26&todate=2026-07-26&limit=5000
TQQQ,2026-03-17,48.12,48.76,47.81,48.16,74570090,,https://api.nasdaq.com/api/quote/TQQQ/historical?assetclass=etf&fromdate=2016-07-26&todate=2026-07-26&limit=5000
TQQQ,2026-03-18,47.72,48.11,46.05,46.1,105059300,,https://api.nasdaq.com/api/quote/TQQQ/historical?assetclass=etf&fromdate=2016-07-26&todate=2026-07-26&limit=5000
TQQQ,2026-03-19,44.87,46.32,44.3,45.69,138384900,,https://api.nasdaq.com/api/quote/TQQQ/historical?assetclass=etf&fromdate=2016-07-26&todate=2026-07-26&limit=5000
TQQQ,2026-03-20,45.18,45.21,42.3,43.08,137952500,,https://api.nasdaq.com/api/quote/TQQQ/historical?assetclass=etf&fromdate=2016-07-26&todate=2026-07-26&limit=5000
TQQQ,2026-03-23,45.11,46.15,44.125,44.57,139354300,,https://api.nasdaq.com/api/quote/TQQQ/historical?assetclass=etf&fromdate=2016-07-26&todate=2026-07-26&limit=5000
TQQQ,2026-03-24,43.835,44.55,43.19,43.62,105505200,,https://api.nasdaq.com/api/quote/TQQQ/historical?assetclass=etf&fromdate=2016-07-26&todate=2026-07-26&limit=5000
TQQQ,2026-03-25,44.7,45.22,43.945,44.39,79294400,,https://api.nasdaq.com/api/quote/TQQQ/historical?assetclass=etf&fromdate=2016-07-26&todate=2026-07-26&limit=5000
TQQQ,2026-03-26,43.23,43.68,41.15,41.23,117558900,,https://api.nasdaq.com/api/quote/TQQQ/historical?assetclass=etf&fromdate=2016-07-26&todate=2026-07-26&limit=5000
TQQQ,2026-03-27,40.56,40.59,38.56,38.78,124795700,,https://api.nasdaq.com/api/quote/TQQQ/historical?assetclass=etf&fromdate=2016-07-26&todate=2026-07-26&limit=5000
TQQQ,2026-03-30,39.75,39.9087,37.32,37.89,111446500,,https://api.nasdaq.com/api/quote/TQQQ/historical?assetclass=etf&fromdate=2016-07-26&todate=2026-07-26&limit=5000
TQQQ,2026-03-31,39.09,42,39.0693,41.68,149516200,,https://api.nasdaq.com/api/quote/TQQQ/historical?assetclass=etf&fromdate=2016-07-26&todate=2026-07-26&limit=5000
TQQQ,2026-04-01,42.63,43.98,42.41,43.23,116135500,,https://api.nasdaq.com/api/quote/TQQQ/historical?assetclass=etf&fromdate=2016-07-26&todate=2026-07-26&limit=5000
TQQQ,2026-04-02,40.88,43.55,40.44,43.33,111377300,,https://api.nasdaq.com/api/quote/TQQQ/historical?assetclass=etf&fromdate=2016-07-26&todate=2026-07-26&limit=5000
TQQQ,2026-04-06,43.6,44.585,43.27,44.1,69245140,,https://api.nasdaq.com/api/quote/TQQQ/historical?assetclass=etf&fromdate=2016-07-26&todate=2026-07-26&limit=5000
TQQQ,2026-04-07,43.45,44.21,41.84,44.15,131796200,,https://api.nasdaq.com/api/quote/TQQQ/historical?assetclass=etf&fromdate=2016-07-26&todate=2026-07-26&limit=5000
TQQQ,2026-04-08,48.64,48.92,47.15,48,102015100,,https://api.nasdaq.com/api/quote/TQQQ/historical?assetclass=etf&fromdate=2016-07-26&todate=2026-07-26&limit=5000
TQQQ,2026-04-09,48.015,49.09,47.31,48.96,78953590,,https://api.nasdaq.com/api/quote/TQQQ/historical?assetclass=etf&fromdate=2016-07-26&todate=2026-07-26&limit=5000
TQQQ,2026-04-10,49.355,49.81,48.82,49.17,65481560,,https://api.nasdaq.com/api/quote/TQQQ/historical?assetclass=etf&fromdate=2016-07-26&todate=2026-07-26&limit=5000
TQQQ,2026-04-13,48.78,50.74,48.46,50.66,67169140,,https://api.nasdaq.com/api/quote/TQQQ/historical?assetclass=etf&fromdate=2016-07-26&todate=2026-07-26&limit=5000
TQQQ,2026-04-14,51.39,53.43,51.38,53.41,72362350,,https://api.nasdaq.com/api/quote/TQQQ/historical?assetclass=etf&fromdate=2016-07-26&todate=2026-07-26&limit=5000
TQQQ,2026-04-15,53.57,55.7382,53.33,55.65,83243970,,https://api.nasdaq.com/api/quote/TQQQ/historical?assetclass=etf&fromdate=2016-07-26&todate=2026-07-26&limit=5000
TQQQ,2026-04-16,56.13,56.92,55.095,56.43,86398110,,https://api.nasdaq.com/api/quote/TQQQ/historical?assetclass=etf&fromdate=2016-07-26&todate=2026-07-26&limit=5000
TQQQ,2026-04-17,57.78,58.94,57.3699,58.59,103604000,,https://api.nasdaq.com/api/quote/TQQQ/historical?assetclass=etf&fromdate=2016-07-26&todate=2026-07-26&limit=5000
TQQQ,2026-04-20,58.4,58.58,56.91,58.08,67652790,,https://api.nasdaq.com/api/quote/TQQQ/historical?assetclass=etf&fromdate=2016-07-26&todate=2026-07-26&limit=5000
TQQQ,2026-04-21,58.48,58.97,56.82,57.4,91775200,,https://api.nasdaq.com/api/quote/TQQQ/historical?assetclass=etf&fromdate=2016-07-26&todate=2026-07-26&limit=5000
TQQQ,2026-04-22,58.93,60.3,58.49,60.21,73399830,,https://api.nasdaq.com/api/quote/TQQQ/historical?assetclass=etf&fromdate=2016-07-26&todate=2026-07-26&limit=5000
TQQQ,2026-04-23,59.8,60.73,57.59,59.22,92856850,,https://api.nasdaq.com/api/quote/TQQQ/historical?assetclass=etf&fromdate=2016-07-26&todate=2026-07-26&limit=5000
TQQQ,2026-04-24,61.08,62.735,60.56,62.56,80250660,,https://api.nasdaq.com/api/quote/TQQQ/historical?assetclass=etf&fromdate=2016-07-26&todate=2026-07-26&limit=5000
TQQQ,2026-04-27,62.41,62.6995,61.64,62.64,56614970,,https://api.nasdaq.com/api/quote/TQQQ/historical?assetclass=etf&fromdate=2016-07-26&todate=2026-07-26&limit=5000
TQQQ,2026-04-28,60.715,61.33,59.68,60.74,80631560,,https://api.nasdaq.com/api/quote/TQQQ/historical?assetclass=etf&fromdate=2016-07-26&todate=2026-07-26&limit=5000
TQQQ,2026-04-29,61,61.8675,60.45,61.86,77081400,,https://api.nasdaq.com/api/quote/TQQQ/historical?assetclass=etf&fromdate=2016-07-26&todate=2026-07-26&limit=5000
TQQQ,2026-04-30,62.89,63.8,60.7,63.54,81042680,,https://api.nasdaq.com/api/quote/TQQQ/historical?assetclass=etf&fromdate=2016-07-26&todate=2026-07-26&limit=5000
TQQQ,2026-05-01,63.89,65.84,63.81,65.3,67762930,,https://api.nasdaq.com/api/quote/TQQQ/historical?assetclass=etf&fromdate=2016-07-26&todate=2026-07-26&limit=5000
TQQQ,2026-05-04,65.44,66.05,63.78,64.91,60813810,,https://api.nasdaq.com/api/quote/TQQQ/historical?assetclass=etf&fromdate=2016-07-26&todate=2026-07-26&limit=5000
TQQQ,2026-05-05,66.37,67.7686,66.25,67.39,54098800,,https://api.nasdaq.com/api/quote/TQQQ/historical?assetclass=etf&fromdate=2016-07-26&todate=2026-07-26&limit=5000
TQQQ,2026-05-06,69.255,71.6587,68.88,71.57,70169040,,https://api.nasdaq.com/api/quote/TQQQ/historical?assetclass=etf&fromdate=2016-07-26&todate=2026-07-26&limit=5000
TQQQ,2026-05-07,71.87,73.295,70.38,71.34,93509110,,https://api.nasdaq.com/api/quote/TQQQ/historical?assetclass=etf&fromdate=2016-07-26&todate=2026-07-26&limit=5000
TQQQ,2026-05-08,72.82,76.31,72.695,76.28,68713740,,https://api.nasdaq.com/api/quote/TQQQ/historical?assetclass=etf&fromdate=2016-07-26&todate=2026-07-26&limit=5000
TQQQ,2026-05-11,76,77.36,75.55,76.96,60475030,,https://api.nasdaq.com/api/quote/TQQQ/historical?assetclass=etf&fromdate=2016-07-26&todate=2026-07-26&limit=5000
TQQQ,2026-05-12,75.3,75.9292,71.55,74.96,90651650,,https://api.nasdaq.com/api/quote/TQQQ/historical?assetclass=etf&fromdate=2016-07-26&todate=2026-07-26&limit=5000
TQQQ,2026-05-13,75.81,77.94,74.19,77.24,64416390,,https://api.nasdaq.com/api/quote/TQQQ/historical?assetclass=etf&fromdate=2016-07-26&todate=2026-07-26&limit=5000
TQQQ,2026-05-14,77.29,79.68,77.155,78.95,58472780,,https://api.nasdaq.com/api/quote/TQQQ/historical?assetclass=etf&fromdate=2016-07-26&todate=2026-07-26&limit=5000
TQQQ,2026-05-15,75.73,77.365,74.228,75.34,81260610,,https://api.nasdaq.com/api/quote/TQQQ/historical?assetclass=etf&fromdate=2016-07-26&todate=2026-07-26&limit=5000
TQQQ,2026-05-18,76.13,76.2713,72.1,74.32,87710120,,https://api.nasdaq.com/api/quote/TQQQ/historical?assetclass=etf&fromdate=2016-07-26&todate=2026-07-26&limit=5000
TQQQ,2026-05-19,72.41,74.5,70.9616,72.93,85973690,,https://api.nasdaq.com/api/quote/TQQQ/historical?assetclass=etf&fromdate=2016-07-26&todate=2026-07-26&limit=5000
TQQQ,2026-05-20,74.09,76.53,73.615,76.51,70647500,,https://api.nasdaq.com/api/quote/TQQQ/historical?assetclass=etf&fromdate=2016-07-26&todate=2026-07-26&limit=5000
TQQQ,2026-05-21,75.18,77.7895,74.47,76.95,74958080,,https://api.nasdaq.com/api/quote/TQQQ/historical?assetclass=etf&fromdate=2016-07-26&todate=2026-07-26&limit=5000
TQQQ,2026-05-22,78.04,79.33,77.332,77.84,58330530,,https://api.nasdaq.com/api/quote/TQQQ/historical?assetclass=etf&fromdate=2016-07-26&todate=2026-07-26&limit=5000
TQQQ,2026-05-26,80.59,82.27,79.98,81.95,62579630,,https://api.nasdaq.com/api/quote/TQQQ/historical?assetclass=etf&fromdate=2016-07-26&todate=2026-07-26&limit=5000
TQQQ,2026-05-27,82.87,82.91,80.33,81.67,66220970,,https://api.nasdaq.com/api/quote/TQQQ/historical?assetclass=etf&fromdate=2016-07-26&todate=2026-07-26&limit=5000
TQQQ,2026-05-28,81.74,84.05,80.655,83.68,55265900,,https://api.nasdaq.com/api/quote/TQQQ/historical?assetclass=etf&fromdate=2016-07-26&todate=2026-07-26&limit=5000
TQQQ,2026-05-29,84.41,85.7,83.53,84.56,67644080,,https://api.nasdaq.com/api/quote/TQQQ/historical?assetclass=etf&fromdate=2016-07-26&todate=2026-07-26&limit=5000
TQQQ,2026-06-01,84.145,87.06,83.75,86.04,57216020,,https://api.nasdaq.com/api/quote/TQQQ/historical?assetclass=etf&fromdate=2016-07-26&todate=2026-07-26&limit=5000
TQQQ,2026-06-02,85.94,87.32,84.83,87.22,48355010,,https://api.nasdaq.com/api/quote/TQQQ/historical?assetclass=etf&fromdate=2016-07-26&todate=2026-07-26&limit=5000
TQQQ,2026-06-03,87.68,88.09,85.41,86.56,62154480,,https://api.nasdaq.com/api/quote/TQQQ/historical?assetclass=etf&fromdate=2016-07-26&todate=2026-07-26&limit=5000
TQQQ,2026-06-04,83.47,86.245,82.475,85.22,59614610,,https://api.nasdaq.com/api/quote/TQQQ/historical?assetclass=etf&fromdate=2016-07-26&todate=2026-07-26&limit=5000
TQQQ,2026-06-05,81.569,82.08,72.68,73.05,118961300,,https://api.nasdaq.com/api/quote/TQQQ/historical?assetclass=etf&fromdate=2016-07-26&todate=2026-07-26&limit=5000
TQQQ,2026-06-08,76.86,78.47,75.38,76.27,77319030,,https://api.nasdaq.com/api/quote/TQQQ/historical?assetclass=etf&fromdate=2016-07-26&todate=2026-07-26&limit=5000
TQQQ,2026-06-09,78.48,79.3407,66.79,73.72,132485700,,https://api.nasdaq.com/api/quote/TQQQ/historical?assetclass=etf&fromdate=2016-07-26&todate=2026-07-26&limit=5000
TQQQ,2026-06-10,71.68,74.7,69,69.27,91465220,,https://api.nasdaq.com/api/quote/TQQQ/historical?assetclass=etf&fromdate=2016-07-26&todate=2026-07-26&limit=5000
TQQQ,2026-06-11,70.89,76.5979,69.59,76.01,116288800,,https://api.nasdaq.com/api/quote/TQQQ/historical?assetclass=etf&fromdate=2016-07-26&todate=2026-07-26&limit=5000
TQQQ,2026-06-12,76.34,78.36,74.29,77.52,94483580,,https://api.nasdaq.com/api/quote/TQQQ/historical?assetclass=etf&fromdate=2016-07-26&todate=2026-07-26&limit=5000
TQQQ,2026-06-15,82.88,85.03,82.64,84.59,59757990,,https://api.nasdaq.com/api/quote/TQQQ/historical?assetclass=etf&fromdate=2016-07-26&todate=2026-07-26&limit=5000
TQQQ,2026-06-16,84.19,84.83,79.86,79.93,67086680,,https://api.nasdaq.com/api/quote/TQQQ/historical?assetclass=etf&fromdate=2016-07-26&todate=2026-07-26&limit=5000
TQQQ,2026-06-17,81.67,81.805,76.94,77.54,78089610,,https://api.nasdaq.com/api/quote/TQQQ/historical?assetclass=etf&fromdate=2016-07-26&todate=2026-07-26&limit=5000
TQQQ,2026-06-18,82.1,83.5999,80.63,82.87,61062970,,https://api.nasdaq.com/api/quote/TQQQ/historical?assetclass=etf&fromdate=2016-07-26&todate=2026-07-26&limit=5000
TQQQ,2026-06-22,83.95,85.11,81.39,82.58,61888930,,https://api.nasdaq.com/api/quote/TQQQ/historical?assetclass=etf&fromdate=2016-07-26&todate=2026-07-26&limit=5000
TQQQ,2026-06-23,75.12,77.74,73.9101,74.44,82341750,,https://api.nasdaq.com/api/quote/TQQQ/historical?assetclass=etf&fromdate=2016-07-26&todate=2026-07-26&limit=5000
TQQQ,2026-06-24,74.79,76.18,71.35,73.3,72009700,,https://api.nasdaq.com/api/quote/TQQQ/historical?assetclass=etf&fromdate=2016-07-26&todate=2026-07-26&limit=5000
TQQQ,2026-06-25,77.96,78.24,71.6,74.95,106912000,,https://api.nasdaq.com/api/quote/TQQQ/historical?assetclass=etf&fromdate=2016-07-26&todate=2026-07-26&limit=5000
TQQQ,2026-06-26,72.085,74.69,70.72,71.83,70427710,,https://api.nasdaq.com/api/quote/TQQQ/historical?assetclass=etf&fromdate=2016-07-26&todate=2026-07-26&limit=5000
TQQQ,2026-06-29,74.12,77.375,71.45,77.19,79128440,,https://api.nasdaq.com/api/quote/TQQQ/historical?assetclass=etf&fromdate=2016-07-26&todate=2026-07-26&limit=5000
TQQQ,2026-06-30,77.24,81.54,77.15,81,58466180,,https://api.nasdaq.com/api/quote/TQQQ/historical?assetclass=etf&fromdate=2016-07-26&todate=2026-07-26&limit=5000
TQQQ,2026-07-01,78.72,79.64,77.23,77.46,63348160,,https://api.nasdaq.com/api/quote/TQQQ/historical?assetclass=etf&fromdate=2016-07-26&todate=2026-07-26&limit=5000
TQQQ,2026-07-02,77.45,79.135,71.72,73.35,87993370,,https://api.nasdaq.com/api/quote/TQQQ/historical?assetclass=etf&fromdate=2016-07-26&todate=2026-07-26&limit=5000
TQQQ,2026-07-06,75.54,77.45,75.11,76.42,54545140,,https://api.nasdaq.com/api/quote/TQQQ/historical?assetclass=etf&fromdate=2016-07-26&todate=2026-07-26&limit=5000
TQQQ,2026-07-07,73.7,74.39,70.76,72.23,70992850,,https://api.nasdaq.com/api/quote/TQQQ/historical?assetclass=etf&fromdate=2016-07-26&todate=2026-07-26&limit=5000
TQQQ,2026-07-08,70.795,73.015,69.57,72.72,70748540,,https://api.nasdaq.com/api/quote/TQQQ/historical?assetclass=etf&fromdate=2016-07-26&todate=2026-07-26&limit=5000
TQQQ,2026-07-09,74.85,76.685,73.89,76.34,51726570,,https://api.nasdaq.com/api/quote/TQQQ/historical?assetclass=etf&fromdate=2016-07-26&todate=2026-07-26&limit=5000
TQQQ,2026-07-10,75.529,77.32,74.33,77.03,46034410,,https://api.nasdaq.com/api/quote/TQQQ/historical?assetclass=etf&fromdate=2016-07-26&todate=2026-07-26&limit=5000
TQQQ,2026-07-13,74.54,74.845,72.09,72.64,63317520,,https://api.nasdaq.com/api/quote/TQQQ/historical?assetclass=etf&fromdate=2016-07-26&todate=2026-07-26&limit=5000
TQQQ,2026-07-14,75.2,75.845,73.41,75.02,58097270,,https://api.nasdaq.com/api/quote/TQQQ/historical?assetclass=etf&fromdate=2016-07-26&todate=2026-07-26&limit=5000
TQQQ,2026-07-15,76.29,76.4699,72.06,74.44,68547840,,https://api.nasdaq.com/api/quote/TQQQ/historical?assetclass=etf&fromdate=2016-07-26&todate=2026-07-26&limit=5000
TQQQ,2026-07-16,72.61,73.1167,69.69,70.74,66953340,,https://api.nasdaq.com/api/quote/TQQQ/historical?assetclass=etf&fromdate=2016-07-26&todate=2026-07-26&limit=5000
TQQQ,2026-07-17,66.38,69.555,64.91,67.53,75465160,,https://api.nasdaq.com/api/quote/TQQQ/historical?assetclass=etf&fromdate=2016-07-26&todate=2026-07-26&limit=5000
TQQQ,2026-07-20,69.47,70.505,67.5,67.65,50076670,,https://api.nasdaq.com/api/quote/TQQQ/historical?assetclass=etf&fromdate=2016-07-26&todate=2026-07-26&limit=5000
TQQQ,2026-07-21,70.709,71.7199,69.61,71.37,37772510,,https://api.nasdaq.com/api/quote/TQQQ/historical?assetclass=etf&fromdate=2016-07-26&todate=2026-07-26&limit=5000
TQQQ,2026-07-22,69.77,71.59,69.77,70.28,36062090,,https://api.nasdaq.com/api/quote/TQQQ/historical?assetclass=etf&fromdate=2016-07-26&todate=2026-07-26&limit=5000
TQQQ,2026-07-23,67.11,68.27,65.02,66.3,80277460,,https://api.nasdaq.com/api/quote/TQQQ/historical?assetclass=etf&fromdate=2016-07-26&todate=2026-07-26&limit=5000
TQQQ,2026-07-24,65.78,66.4,63.485,64,69267660,,https://api.nasdaq.com/api/quote/TQQQ/historical?assetclass=etf&fromdate=2016-07-26&todate=2026-07-26&limit=5000
