Symbol,Date,Open,High,Low,Close,Volume,QualityFlag,SourceURL
UDOW,2016-07-26,9.5488,9.6,9.3975,9.5262,1835944,,https://api.nasdaq.com/api/quote/UDOW/historical?assetclass=etf&fromdate=2016-07-26&todate=2026-07-26&limit=5000
UDOW,2016-07-27,9.6225,9.6374,9.46,9.5288,2372560,,https://api.nasdaq.com/api/quote/UDOW/historical?assetclass=etf&fromdate=2016-07-26&todate=2026-07-26&limit=5000
UDOW,2016-07-28,9.5113,9.54,9.3651,9.5013,1307768,,https://api.nasdaq.com/api/quote/UDOW/historical?assetclass=etf&fromdate=2016-07-26&todate=2026-07-26&limit=5000
UDOW,2016-07-29,9.4187,9.5125,9.3688,9.4637,1706880,,https://api.nasdaq.com/api/quote/UDOW/historical?assetclass=etf&fromdate=2016-07-26&todate=2026-07-26&limit=5000
UDOW,2016-08-01,9.4913,9.515,9.345,9.4187,1571040,,https://api.nasdaq.com/api/quote/UDOW/historical?assetclass=etf&fromdate=2016-07-26&todate=2026-07-26&limit=5000
UDOW,2016-08-02,9.3875,9.415,9.1788,9.2825,2502696,,https://api.nasdaq.com/api/quote/UDOW/historical?assetclass=etf&fromdate=2016-07-26&todate=2026-07-26&limit=5000
UDOW,2016-08-03,9.2813,9.345,9.2401,9.335,1364960,,https://api.nasdaq.com/api/quote/UDOW/historical?assetclass=etf&fromdate=2016-07-26&todate=2026-07-26&limit=5000
UDOW,2016-08-04,9.3775,9.415,9.3063,9.35,1421104,,https://api.nasdaq.com/api/quote/UDOW/historical?assetclass=etf&fromdate=2016-07-26&todate=2026-07-26&limit=5000
UDOW,2016-08-05,9.49,9.63,9.49,9.6163,1969880,,https://api.nasdaq.com/api/quote/UDOW/historical?assetclass=etf&fromdate=2016-07-26&todate=2026-07-26&limit=5000
UDOW,2016-08-08,9.6775,9.6962,9.5894,9.6325,1827168,,https://api.nasdaq.com/api/quote/UDOW/historical?assetclass=etf&fromdate=2016-07-26&todate=2026-07-26&limit=5000
UDOW,2016-08-09,9.6725,9.7175,9.595,9.635,1630368,,https://api.nasdaq.com/api/quote/UDOW/historical?assetclass=etf&fromdate=2016-07-26&todate=2026-07-26&limit=5000
UDOW,2016-08-10,9.625,9.7025,9.56,9.6025,1437880,,https://api.nasdaq.com/api/quote/UDOW/historical?assetclass=etf&fromdate=2016-07-26&todate=2026-07-26&limit=5000
UDOW,2016-08-11,9.6875,9.825,9.6775,9.785,1527632,,https://api.nasdaq.com/api/quote/UDOW/historical?assetclass=etf&fromdate=2016-07-26&todate=2026-07-26&limit=5000
UDOW,2016-08-12,9.7475,9.775,9.6625,9.7225,1970496,,https://api.nasdaq.com/api/quote/UDOW/historical?assetclass=etf&fromdate=2016-07-26&todate=2026-07-26&limit=5000
UDOW,2016-08-15,9.8012,9.8737,9.7942,9.8179,885112,,https://api.nasdaq.com/api/quote/UDOW/historical?assetclass=etf&fromdate=2016-07-26&todate=2026-07-26&limit=5000
UDOW,2016-08-16,9.7487,9.7912,9.6913,9.695,1554280,,https://api.nasdaq.com/api/quote/UDOW/historical?assetclass=etf&fromdate=2016-07-26&todate=2026-07-26&limit=5000
UDOW,2016-08-17,9.6875,9.77,9.5938,9.7513,1451224,,https://api.nasdaq.com/api/quote/UDOW/historical?assetclass=etf&fromdate=2016-07-26&todate=2026-07-26&limit=5000
UDOW,2016-08-18,9.7487,9.7999,9.6989,9.788,942680,,https://api.nasdaq.com/api/quote/UDOW/historical?assetclass=etf&fromdate=2016-07-26&todate=2026-07-26&limit=5000
UDOW,2016-08-19,9.6988,9.78,9.639,9.725,1454944,,https://api.nasdaq.com/api/quote/UDOW/historical?assetclass=etf&fromdate=2016-07-26&todate=2026-07-26&limit=5000
UDOW,2016-08-22,9.6512,9.76,9.5959,9.695,1861360,,https://api.nasdaq.com/api/quote/UDOW/historical?assetclass=etf&fromdate=2016-07-26&todate=2026-07-26&limit=5000
UDOW,2016-08-23,9.8012,9.855,9.7188,9.725,1226224,,https://api.nasdaq.com/api/quote/UDOW/historical?assetclass=etf&fromdate=2016-07-26&todate=2026-07-26&limit=5000
UDOW,2016-08-24,9.7137,9.7137,9.5675,9.6175,1222424,,https://api.nasdaq.com/api/quote/UDOW/historical?assetclass=etf&fromdate=2016-07-26&todate=2026-07-26&limit=5000
UDOW,2016-08-25,9.5712,9.6425,9.5375,9.5663,905584,,https://api.nasdaq.com/api/quote/UDOW/historical?assetclass=etf&fromdate=2016-07-26&todate=2026-07-26&limit=5000
UDOW,2016-08-26,9.625,9.75,9.384,9.4925,2112232,,https://api.nasdaq.com/api/quote/UDOW/historical?assetclass=etf&fromdate=2016-07-26&todate=2026-07-26&limit=5000
UDOW,2016-08-29,9.4875,9.676,9.4875,9.6487,931960,,https://api.nasdaq.com/api/quote/UDOW/historical?assetclass=etf&fromdate=2016-07-26&todate=2026-07-26&limit=5000
UDOW,2016-08-30,9.6587,9.6875,9.5213,9.595,950168,,https://api.nasdaq.com/api/quote/UDOW/historical?assetclass=etf&fromdate=2016-07-26&todate=2026-07-26&limit=5000
UDOW,2016-08-31,9.5288,9.5712,9.4012,9.5013,1878664,,https://api.nasdaq.com/api/quote/UDOW/historical?assetclass=etf&fromdate=2016-07-26&todate=2026-07-26&limit=5000
UDOW,2016-09-01,9.51,9.555,9.3488,9.5325,1554936,,https://api.nasdaq.com/api/quote/UDOW/historical?assetclass=etf&fromdate=2016-07-26&todate=2026-07-26&limit=5000
UDOW,2016-09-02,9.6412,9.7312,9.5726,9.6525,1988760,,https://api.nasdaq.com/api/quote/UDOW/historical?assetclass=etf&fromdate=2016-07-26&todate=2026-07-26&limit=5000
UDOW,2016-09-06,9.71,9.7425,9.585,9.7225,1246040,,https://api.nasdaq.com/api/quote/UDOW/historical?assetclass=etf&fromdate=2016-07-26&todate=2026-07-26&limit=5000
UDOW,2016-09-07,9.7037,9.7287,9.6325,9.715,1118400,,https://api.nasdaq.com/api/quote/UDOW/historical?assetclass=etf&fromdate=2016-07-26&todate=2026-07-26&limit=5000
UDOW,2016-09-08,9.6312,9.6813,9.5862,9.6354,1345352,,https://api.nasdaq.com/api/quote/UDOW/historical?assetclass=etf&fromdate=2016-07-26&todate=2026-07-26&limit=5000
UDOW,2016-09-09,9.4525,9.4525,9.0275,9.0275,4258624,,https://api.nasdaq.com/api/quote/UDOW/historical?assetclass=etf&fromdate=2016-07-26&todate=2026-07-26&limit=5000
UDOW,2016-09-12,8.885,9.4288,8.864,9.375,3788456,,https://api.nasdaq.com/api/quote/UDOW/historical?assetclass=etf&fromdate=2016-07-26&todate=2026-07-26&limit=5000
UDOW,2016-09-13,9.1713,9.2275,8.9325,8.995,3589912,,https://api.nasdaq.com/api/quote/UDOW/historical?assetclass=etf&fromdate=2016-07-26&todate=2026-07-26&limit=5000
UDOW,2016-09-14,9.005,9.1325,8.885,8.9425,1989312,,https://api.nasdaq.com/api/quote/UDOW/historical?assetclass=etf&fromdate=2016-07-26&todate=2026-07-26&limit=5000
UDOW,2016-09-15,8.9563,9.2625,8.9138,9.2063,2406272,,https://api.nasdaq.com/api/quote/UDOW/historical?assetclass=etf&fromdate=2016-07-26&todate=2026-07-26&limit=5000
UDOW,2016-09-16,9.15,9.15,8.9913,9.0687,1226072,,https://api.nasdaq.com/api/quote/UDOW/historical?assetclass=etf&fromdate=2016-07-26&todate=2026-07-26&limit=5000
UDOW,2016-09-19,9.2012,9.2688,9.025,9.0638,1722552,,https://api.nasdaq.com/api/quote/UDOW/historical?assetclass=etf&fromdate=2016-07-26&todate=2026-07-26&limit=5000
UDOW,2016-09-20,9.2037,9.23,9.0838,9.085,1158856,,https://api.nasdaq.com/api/quote/UDOW/historical?assetclass=etf&fromdate=2016-07-26&todate=2026-07-26&limit=5000
UDOW,2016-09-21,9.1962,9.3475,9.0712,9.325,2764128,,https://api.nasdaq.com/api/quote/UDOW/historical?assetclass=etf&fromdate=2016-07-26&todate=2026-07-26&limit=5000
UDOW,2016-09-22,9.4725,9.5625,9.425,9.45,1830416,,https://api.nasdaq.com/api/quote/UDOW/historical?assetclass=etf&fromdate=2016-07-26&todate=2026-07-26&limit=5000
UDOW,2016-09-23,9.4187,9.45,9.2613,9.2775,1636856,,https://api.nasdaq.com/api/quote/UDOW/historical?assetclass=etf&fromdate=2016-07-26&todate=2026-07-26&limit=5000
UDOW,2016-09-26,9.1225,9.1438,9.0038,9.0075,1708912,,https://api.nasdaq.com/api/quote/UDOW/historical?assetclass=etf&fromdate=2016-07-26&todate=2026-07-26&limit=5000
UDOW,2016-09-27,9.005,9.2312,8.9563,9.2188,1712200,,https://api.nasdaq.com/api/quote/UDOW/historical?assetclass=etf&fromdate=2016-07-26&todate=2026-07-26&limit=5000
UDOW,2016-09-28,9.255,9.3925,9.1425,9.38,2033192,,https://api.nasdaq.com/api/quote/UDOW/historical?assetclass=etf&fromdate=2016-07-26&todate=2026-07-26&limit=5000
UDOW,2016-09-29,9.3613,9.4228,9.0025,9.0938,4064520,,https://api.nasdaq.com/api/quote/UDOW/historical?assetclass=etf&fromdate=2016-07-26&todate=2026-07-26&limit=5000
UDOW,2016-09-30,9.2312,9.4197,9.2037,9.3325,1917528,,https://api.nasdaq.com/api/quote/UDOW/historical?assetclass=etf&fromdate=2016-07-26&todate=2026-07-26&limit=5000
UDOW,2016-10-03,9.2462,9.2863,9.1675,9.24,1548216,,https://api.nasdaq.com/api/quote/UDOW/historical?assetclass=etf&fromdate=2016-07-26&todate=2026-07-26&limit=5000
UDOW,2016-10-04,9.2813,9.3387,9.0412,9.1188,2319112,,https://api.nasdaq.com/api/quote/UDOW/historical?assetclass=etf&fromdate=2016-07-26&todate=2026-07-26&limit=5000
UDOW,2016-10-05,9.2363,9.35,9.2251,9.2875,1808168,,https://api.nasdaq.com/api/quote/UDOW/historical?assetclass=etf&fromdate=2016-07-26&todate=2026-07-26&limit=5000
UDOW,2016-10-06,9.2438,9.3,9.1163,9.2837,1428096,,https://api.nasdaq.com/api/quote/UDOW/historical?assetclass=etf&fromdate=2016-07-26&todate=2026-07-26&limit=5000
UDOW,2016-10-07,9.3238,9.3438,9.0938,9.2263,2109832,,https://api.nasdaq.com/api/quote/UDOW/historical?assetclass=etf&fromdate=2016-07-26&todate=2026-07-26&limit=5000
UDOW,2016-10-10,9.3725,9.4688,9.3575,9.3712,954792,,https://api.nasdaq.com/api/quote/UDOW/historical?assetclass=etf&fromdate=2016-07-26&todate=2026-07-26&limit=5000
UDOW,2016-10-11,9.3187,9.3187,8.9563,9.0725,4375016,,https://api.nasdaq.com/api/quote/UDOW/historical?assetclass=etf&fromdate=2016-07-26&todate=2026-07-26&limit=5000
UDOW,2016-10-12,9.0512,9.1563,8.9863,9.0825,2122520,,https://api.nasdaq.com/api/quote/UDOW/historical?assetclass=etf&fromdate=2016-07-26&todate=2026-07-26&limit=5000
UDOW,2016-10-13,8.9,9.0702,8.8012,9.0325,2899208,,https://api.nasdaq.com/api/quote/UDOW/historical?assetclass=etf&fromdate=2016-07-26&todate=2026-07-26&limit=5000
UDOW,2016-10-14,9.2188,9.2544,9.0762,9.0762,3259336,,https://api.nasdaq.com/api/quote/UDOW/historical?assetclass=etf&fromdate=2016-07-26&todate=2026-07-26&limit=5000
UDOW,2016-10-17,9.0612,9.1088,8.9563,8.9925,2157096,,https://api.nasdaq.com/api/quote/UDOW/historical?assetclass=etf&fromdate=2016-07-26&todate=2026-07-26&limit=5000
UDOW,2016-10-18,9.1837,9.2,9.0563,9.1075,1957488,,https://api.nasdaq.com/api/quote/UDOW/historical?assetclass=etf&fromdate=2016-07-26&todate=2026-07-26&limit=5000
UDOW,2016-10-19,9.155,9.2462,9.1227,9.1775,1146664,,https://api.nasdaq.com/api/quote/UDOW/historical?assetclass=etf&fromdate=2016-07-26&todate=2026-07-26&limit=5000
UDOW,2016-10-20,9.14,9.25,9.0737,9.1175,2093800,,https://api.nasdaq.com/api/quote/UDOW/historical?assetclass=etf&fromdate=2016-07-26&todate=2026-07-26&limit=5000
UDOW,2016-10-21,8.985,9.1263,8.95,9.1013,3725400,,https://api.nasdaq.com/api/quote/UDOW/historical?assetclass=etf&fromdate=2016-07-26&todate=2026-07-26&limit=5000
UDOW,2016-10-24,9.2425,9.285,9.1673,9.2025,1104808,,https://api.nasdaq.com/api/quote/UDOW/historical?assetclass=etf&fromdate=2016-07-26&todate=2026-07-26&limit=5000
UDOW,2016-10-25,9.1975,9.235,9.0975,9.19,5031440,,https://api.nasdaq.com/api/quote/UDOW/historical?assetclass=etf&fromdate=2016-07-26&todate=2026-07-26&limit=5000
UDOW,2016-10-26,8.9962,9.2263,8.9612,9.1687,2371856,,https://api.nasdaq.com/api/quote/UDOW/historical?assetclass=etf&fromdate=2016-07-26&todate=2026-07-26&limit=5000
UDOW,2016-10-27,9.25,9.2573,9.0938,9.1312,1601024,,https://api.nasdaq.com/api/quote/UDOW/historical?assetclass=etf&fromdate=2016-07-26&todate=2026-07-26&limit=5000
UDOW,2016-10-28,9.175,9.2525,9.01,9.105,3165152,,https://api.nasdaq.com/api/quote/UDOW/historical?assetclass=etf&fromdate=2016-07-26&todate=2026-07-26&limit=5000
UDOW,2016-10-31,9.1425,9.1563,9.0625,9.0725,2355816,,https://api.nasdaq.com/api/quote/UDOW/historical?assetclass=etf&fromdate=2016-07-26&todate=2026-07-26&limit=5000
UDOW,2016-11-01,9.1113,9.1203,8.775,8.9213,4256920,,https://api.nasdaq.com/api/quote/UDOW/historical?assetclass=etf&fromdate=2016-07-26&todate=2026-07-26&limit=5000
UDOW,2016-11-02,8.8588,8.9337,8.7662,8.81,2593128,,https://api.nasdaq.com/api/quote/UDOW/historical?assetclass=etf&fromdate=2016-07-26&todate=2026-07-26&limit=5000
UDOW,2016-11-03,8.84,8.8837,8.7354,8.78,2427056,,https://api.nasdaq.com/api/quote/UDOW/historical?assetclass=etf&fromdate=2016-07-26&todate=2026-07-26&limit=5000
UDOW,2016-11-04,8.7475,8.8513,8.7063,8.71,3375752,,https://api.nasdaq.com/api/quote/UDOW/historical?assetclass=etf&fromdate=2016-07-26&todate=2026-07-26&limit=5000
UDOW,2016-11-07,9.0838,9.2483,9.0517,9.2063,6391120,,https://api.nasdaq.com/api/quote/UDOW/historical?assetclass=etf&fromdate=2016-07-26&todate=2026-07-26&limit=5000
UDOW,2016-11-08,9.2163,9.4975,9.1888,9.41,4899800,,https://api.nasdaq.com/api/quote/UDOW/historical?assetclass=etf&fromdate=2016-07-26&todate=2026-07-26&limit=5000
UDOW,2016-11-09,9.1263,9.8812,9.1263,9.7888,6057248,,https://api.nasdaq.com/api/quote/UDOW/historical?assetclass=etf&fromdate=2016-07-26&todate=2026-07-26&limit=5000
UDOW,2016-11-10,9.9213,10.2401,9.8625,10.14,4676712,,https://api.nasdaq.com/api/quote/UDOW/historical?assetclass=etf&fromdate=2016-07-26&todate=2026-07-26&limit=5000
UDOW,2016-11-11,10.125,10.2113,10.02,10.195,3139592,,https://api.nasdaq.com/api/quote/UDOW/historical?assetclass=etf&fromdate=2016-07-26&todate=2026-07-26&limit=5000
UDOW,2016-11-14,10.3038,10.3425,10.1525,10.235,2606416,,https://api.nasdaq.com/api/quote/UDOW/historical?assetclass=etf&fromdate=2016-07-26&todate=2026-07-26&limit=5000
UDOW,2016-11-15,10.2438,10.3313,10.135,10.3238,2039848,,https://api.nasdaq.com/api/quote/UDOW/historical?assetclass=etf&fromdate=2016-07-26&todate=2026-07-26&limit=5000
UDOW,2016-11-16,10.2388,10.3,10.1962,10.2662,1920432,,https://api.nasdaq.com/api/quote/UDOW/historical?assetclass=etf&fromdate=2016-07-26&todate=2026-07-26&limit=5000
UDOW,2016-11-17,10.29,10.325,10.2337,10.3188,1461624,,https://api.nasdaq.com/api/quote/UDOW/historical?assetclass=etf&fromdate=2016-07-26&todate=2026-07-26&limit=5000
UDOW,2016-11-18,10.3513,10.3513,10.2563,10.275,1062000,,https://api.nasdaq.com/api/quote/UDOW/historical?assetclass=etf&fromdate=2016-07-26&todate=2026-07-26&limit=5000
UDOW,2016-11-21,10.3225,10.4275,10.3038,10.4163,1726656,,https://api.nasdaq.com/api/quote/UDOW/historical?assetclass=etf&fromdate=2016-07-26&todate=2026-07-26&limit=5000
UDOW,2016-11-22,10.5238,10.575,10.4313,10.575,5118760,,https://api.nasdaq.com/api/quote/UDOW/historical?assetclass=etf&fromdate=2016-07-26&todate=2026-07-26&limit=5000
UDOW,2016-11-23,10.5188,10.6275,10.5,10.6179,2209080,,https://api.nasdaq.com/api/quote/UDOW/historical?assetclass=etf&fromdate=2016-07-26&todate=2026-07-26&limit=5000
UDOW,2016-11-25,10.7275,10.735,10.6838,10.735,1307312,,https://api.nasdaq.com/api/quote/UDOW/historical?assetclass=etf&fromdate=2016-07-26&todate=2026-07-26&limit=5000
UDOW,2016-11-28,10.6575,10.7125,10.6062,10.6538,2022624,,https://api.nasdaq.com/api/quote/UDOW/historical?assetclass=etf&fromdate=2016-07-26&todate=2026-07-26&limit=5000
UDOW,2016-11-29,10.68,10.755,10.6337,10.725,970072,,https://api.nasdaq.com/api/quote/UDOW/historical?assetclass=etf&fromdate=2016-07-26&todate=2026-07-26&limit=5000
UDOW,2016-11-30,10.8538,10.8946,10.7463,10.7463,2768288,,https://api.nasdaq.com/api/quote/UDOW/historical?assetclass=etf&fromdate=2016-07-26&todate=2026-07-26&limit=5000
UDOW,2016-12-01,10.8275,10.875,10.7812,10.845,2196160,,https://api.nasdaq.com/api/quote/UDOW/historical?assetclass=etf&fromdate=2016-07-26&todate=2026-07-26&limit=5000
UDOW,2016-12-02,10.8163,10.8438,10.7583,10.7975,1344832,,https://api.nasdaq.com/api/quote/UDOW/historical?assetclass=etf&fromdate=2016-07-26&todate=2026-07-26&limit=5000
UDOW,2016-12-05,10.9438,10.9763,10.83,10.8575,4219288,,https://api.nasdaq.com/api/quote/UDOW/historical?assetclass=etf&fromdate=2016-07-26&todate=2026-07-26&limit=5000
UDOW,2016-12-06,10.9187,10.94,10.83,10.93,1008760,,https://api.nasdaq.com/api/quote/UDOW/historical?assetclass=etf&fromdate=2016-07-26&todate=2026-07-26&limit=5000
UDOW,2016-12-07,10.9288,11.4738,10.915,11.4338,2276232,,https://api.nasdaq.com/api/quote/UDOW/historical?assetclass=etf&fromdate=2016-07-26&todate=2026-07-26&limit=5000
UDOW,2016-12-08,11.4975,11.6687,11.4313,11.565,3386840,,https://api.nasdaq.com/api/quote/UDOW/historical?assetclass=etf&fromdate=2016-07-26&todate=2026-07-26&limit=5000
UDOW,2016-12-09,11.6175,11.8363,11.5975,11.8363,2708008,,https://api.nasdaq.com/api/quote/UDOW/historical?assetclass=etf&fromdate=2016-07-26&todate=2026-07-26&limit=5000
UDOW,2016-12-12,11.8775,11.9525,11.8313,11.9275,3568352,,https://api.nasdaq.com/api/quote/UDOW/historical?assetclass=etf&fromdate=2016-07-26&todate=2026-07-26&limit=5000
UDOW,2016-12-13,12.0638,12.19,12,12.1188,4778544,,https://api.nasdaq.com/api/quote/UDOW/historical?assetclass=etf&fromdate=2016-07-26&todate=2026-07-26&limit=5000
UDOW,2016-12-14,12.0463,12.2188,11.8125,11.8908,5090592,,https://api.nasdaq.com/api/quote/UDOW/historical?assetclass=etf&fromdate=2016-07-26&todate=2026-07-26&limit=5000
UDOW,2016-12-15,11.9663,12.18,11.9425,11.9963,4391944,,https://api.nasdaq.com/api/quote/UDOW/historical?assetclass=etf&fromdate=2016-07-26&todate=2026-07-26&limit=5000
UDOW,2016-12-16,12.0887,12.1288,11.9425,11.9925,2798632,,https://api.nasdaq.com/api/quote/UDOW/historical?assetclass=etf&fromdate=2016-07-26&todate=2026-07-26&limit=5000
UDOW,2016-12-19,12.0213,12.1175,11.9913,12.065,2307704,,https://api.nasdaq.com/api/quote/UDOW/historical?assetclass=etf&fromdate=2016-07-26&todate=2026-07-26&limit=5000
UDOW,2016-12-20,12.1638,12.2438,12.1449,12.2213,3450928,,https://api.nasdaq.com/api/quote/UDOW/historical?assetclass=etf&fromdate=2016-07-26&todate=2026-07-26&limit=5000
UDOW,2016-12-21,12.22,12.24,12.1563,12.16,2004336,,https://api.nasdaq.com/api/quote/UDOW/historical?assetclass=etf&fromdate=2016-07-26&todate=2026-07-26&limit=5000
UDOW,2016-12-22,12.1613,12.1613,12.0513,12.1188,3317008,,https://api.nasdaq.com/api/quote/UDOW/historical?assetclass=etf&fromdate=2016-07-26&todate=2026-07-26&limit=5000
UDOW,2016-12-23,12.0887,12.1313,12.075,12.1237,1368704,,https://api.nasdaq.com/api/quote/UDOW/historical?assetclass=etf&fromdate=2016-07-26&todate=2026-07-26&limit=5000
UDOW,2016-12-27,12.165,12.22,12.1463,12.1588,1001920,,https://api.nasdaq.com/api/quote/UDOW/historical?assetclass=etf&fromdate=2016-07-26&todate=2026-07-26&limit=5000
UDOW,2016-12-28,12.1988,12.2225,11.9413,11.9575,4780152,,https://api.nasdaq.com/api/quote/UDOW/historical?assetclass=etf&fromdate=2016-07-26&todate=2026-07-26&limit=5000
UDOW,2016-12-29,11.945,12.0313,11.87,11.9263,1729448,,https://api.nasdaq.com/api/quote/UDOW/historical?assetclass=etf&fromdate=2016-07-26&todate=2026-07-26&limit=5000
UDOW,2016-12-30,11.965,11.9825,11.74,11.8588,2496432,,https://api.nasdaq.com/api/quote/UDOW/historical?assetclass=etf&fromdate=2016-07-26&todate=2026-07-26&limit=5000
UDOW,2017-01-03,12.0963,12.1313,11.8438,12.0188,2215848,,https://api.nasdaq.com/api/quote/UDOW/historical?assetclass=etf&fromdate=2016-07-26&todate=2026-07-26&limit=5000
UDOW,2017-01-04,12.0825,12.1788,12.0413,12.1463,2041992,,https://api.nasdaq.com/api/quote/UDOW/historical?assetclass=etf&fromdate=2016-07-26&todate=2026-07-26&limit=5000
UDOW,2017-01-05,12.1225,12.1588,11.9122,12.07,3269040,,https://api.nasdaq.com/api/quote/UDOW/historical?assetclass=etf&fromdate=2016-07-26&todate=2026-07-26&limit=5000
UDOW,2017-01-06,12.0688,12.2613,11.9625,12.1888,3198144,,https://api.nasdaq.com/api/quote/UDOW/historical?assetclass=etf&fromdate=2016-07-26&todate=2026-07-26&limit=5000
UDOW,2017-01-09,12.1275,12.16,12.0625,12.0675,1892808,,https://api.nasdaq.com/api/quote/UDOW/historical?assetclass=etf&fromdate=2016-07-26&todate=2026-07-26&limit=5000
UDOW,2017-01-10,12.0488,12.1813,11.9736,12,2331992,,https://api.nasdaq.com/api/quote/UDOW/historical?assetclass=etf&fromdate=2016-07-26&todate=2026-07-26&limit=5000
UDOW,2017-01-11,12.0363,12.205,11.9525,12.1613,3995216,,https://api.nasdaq.com/api/quote/UDOW/historical?assetclass=etf&fromdate=2016-07-26&todate=2026-07-26&limit=5000
UDOW,2017-01-12,12.0863,12.0988,11.8338,12.0506,3311912,,https://api.nasdaq.com/api/quote/UDOW/historical?assetclass=etf&fromdate=2016-07-26&todate=2026-07-26&limit=5000
UDOW,2017-01-13,12.095,12.1625,11.9838,12.0388,2419056,,https://api.nasdaq.com/api/quote/UDOW/historical?assetclass=etf&fromdate=2016-07-26&todate=2026-07-26&limit=5000
UDOW,2017-01-17,11.9537,12.0377,11.8438,11.935,2177592,,https://api.nasdaq.com/api/quote/UDOW/historical?assetclass=etf&fromdate=2016-07-26&todate=2026-07-26&limit=5000
UDOW,2017-01-18,11.955,11.955,11.7937,11.905,1907744,,https://api.nasdaq.com/api/quote/UDOW/historical?assetclass=etf&fromdate=2016-07-26&todate=2026-07-26&limit=5000
UDOW,2017-01-19,11.93,11.9375,11.6775,11.7863,2129016,,https://api.nasdaq.com/api/quote/UDOW/historical?assetclass=etf&fromdate=2016-07-26&todate=2026-07-26&limit=5000
UDOW,2017-01-20,11.8513,11.9837,11.8225,11.945,3107904,,https://api.nasdaq.com/api/quote/UDOW/historical?assetclass=etf&fromdate=2016-07-26&todate=2026-07-26&limit=5000
UDOW,2017-01-23,11.9138,11.9567,11.775,11.9025,2522048,,https://api.nasdaq.com/api/quote/UDOW/historical?assetclass=etf&fromdate=2016-07-26&todate=2026-07-26&limit=5000
UDOW,2017-01-24,11.92,12.1675,11.8875,12.095,3118904,,https://api.nasdaq.com/api/quote/UDOW/historical?assetclass=etf&fromdate=2016-07-26&todate=2026-07-26&limit=5000
UDOW,2017-01-25,12.3,12.405,12.2638,12.3963,4291480,,https://api.nasdaq.com/api/quote/UDOW/historical?assetclass=etf&fromdate=2016-07-26&todate=2026-07-26&limit=5000
UDOW,2017-01-26,12.4325,12.4863,12.3837,12.4362,2691592,,https://api.nasdaq.com/api/quote/UDOW/historical?assetclass=etf&fromdate=2016-07-26&todate=2026-07-26&limit=5000
UDOW,2017-01-27,12.4362,12.4631,12.3888,12.42,1404088,,https://api.nasdaq.com/api/quote/UDOW/historical?assetclass=etf&fromdate=2016-07-26&todate=2026-07-26&limit=5000
UDOW,2017-01-30,12.2575,12.2798,12.015,12.1825,3700096,,https://api.nasdaq.com/api/quote/UDOW/historical?assetclass=etf&fromdate=2016-07-26&todate=2026-07-26&limit=5000
UDOW,2017-01-31,12.065,12.0947,11.855,12,4125464,,https://api.nasdaq.com/api/quote/UDOW/historical?assetclass=etf&fromdate=2016-07-26&todate=2026-07-26&limit=5000
UDOW,2017-02-01,12.1488,12.1862,11.9688,12.04,3184008,,https://api.nasdaq.com/api/quote/UDOW/historical?assetclass=etf&fromdate=2016-07-26&todate=2026-07-26&limit=5000
UDOW,2017-02-02,11.9763,12.095,11.925,12.0338,1788808,,https://api.nasdaq.com/api/quote/UDOW/historical?assetclass=etf&fromdate=2016-07-26&todate=2026-07-26&limit=5000
UDOW,2017-02-03,12.2013,12.3925,12.1925,12.36,2987440,,https://api.nasdaq.com/api/quote/UDOW/historical?assetclass=etf&fromdate=2016-07-26&todate=2026-07-26&limit=5000
UDOW,2017-02-06,12.2762,12.4187,12.2513,12.335,1523136,,https://api.nasdaq.com/api/quote/UDOW/historical?assetclass=etf&fromdate=2016-07-26&todate=2026-07-26&limit=5000
UDOW,2017-02-07,12.4675,12.5313,12.3739,12.3938,1471400,,https://api.nasdaq.com/api/quote/UDOW/historical?assetclass=etf&fromdate=2016-07-26&todate=2026-07-26&limit=5000
UDOW,2017-02-08,12.3588,12.4138,12.3144,12.3831,1332936,,https://api.nasdaq.com/api/quote/UDOW/historical?assetclass=etf&fromdate=2016-07-26&todate=2026-07-26&limit=5000
UDOW,2017-02-09,12.4238,12.675,12.4238,12.6088,2469712,,https://api.nasdaq.com/api/quote/UDOW/historical?assetclass=etf&fromdate=2016-07-26&todate=2026-07-26&limit=5000
UDOW,2017-02-10,12.725,12.8438,12.6845,12.7988,1598632,,https://api.nasdaq.com/api/quote/UDOW/historical?assetclass=etf&fromdate=2016-07-26&todate=2026-07-26&limit=5000
UDOW,2017-02-13,12.9362,13.1175,12.915,13.0725,1696616,,https://api.nasdaq.com/api/quote/UDOW/historical?assetclass=etf&fromdate=2016-07-26&todate=2026-07-26&limit=5000
UDOW,2017-02-14,13.06,13.2625,13.025,13.2625,3295320,,https://api.nasdaq.com/api/quote/UDOW/historical?assetclass=etf&fromdate=2016-07-26&todate=2026-07-26&limit=5000
UDOW,2017-02-15,13.3138,13.5125,13.2922,13.5063,3219936,,https://api.nasdaq.com/api/quote/UDOW/historical?assetclass=etf&fromdate=2016-07-26&todate=2026-07-26&limit=5000
UDOW,2017-02-16,13.5063,13.5525,13.385,13.5038,2228256,,https://api.nasdaq.com/api/quote/UDOW/historical?assetclass=etf&fromdate=2016-07-26&todate=2026-07-26&limit=5000
UDOW,2017-02-17,13.33,13.5001,13.33,13.4975,1878856,,https://api.nasdaq.com/api/quote/UDOW/historical?assetclass=etf&fromdate=2016-07-26&todate=2026-07-26&limit=5000
UDOW,2017-02-21,13.6512,13.7762,13.6109,13.7413,3100512,,https://api.nasdaq.com/api/quote/UDOW/historical?assetclass=etf&fromdate=2016-07-26&todate=2026-07-26&limit=5000
UDOW,2017-02-22,13.6663,13.8212,13.6475,13.8025,1796440,,https://api.nasdaq.com/api/quote/UDOW/historical?assetclass=etf&fromdate=2016-07-26&todate=2026-07-26&limit=5000
UDOW,2017-02-23,13.9288,13.945,13.7568,13.8888,2803640,,https://api.nasdaq.com/api/quote/UDOW/historical?assetclass=etf&fromdate=2016-07-26&todate=2026-07-26&limit=5000
UDOW,2017-02-24,13.7113,13.9038,13.7113,13.9025,2770184,,https://api.nasdaq.com/api/quote/UDOW/historical?assetclass=etf&fromdate=2016-07-26&todate=2026-07-26&limit=5000
UDOW,2017-02-27,13.8638,13.9825,13.8338,13.9563,2267616,,https://api.nasdaq.com/api/quote/UDOW/historical?assetclass=etf&fromdate=2016-07-26&todate=2026-07-26&limit=5000
UDOW,2017-02-28,13.935,13.9712,13.8558,13.935,1617208,,https://api.nasdaq.com/api/quote/UDOW/historical?assetclass=etf&fromdate=2016-07-26&todate=2026-07-26&limit=5000
UDOW,2017-03-01,14.3,14.63,14.2875,14.52,6638144,,https://api.nasdaq.com/api/quote/UDOW/historical?assetclass=etf&fromdate=2016-07-26&todate=2026-07-26&limit=5000
UDOW,2017-03-02,14.55,14.55,14.2675,14.2738,2562584,,https://api.nasdaq.com/api/quote/UDOW/historical?assetclass=etf&fromdate=2016-07-26&todate=2026-07-26&limit=5000
UDOW,2017-03-03,14.3125,14.3638,14.1889,14.2925,2372304,,https://api.nasdaq.com/api/quote/UDOW/historical?assetclass=etf&fromdate=2016-07-26&todate=2026-07-26&limit=5000
UDOW,2017-03-06,14.0938,14.2513,14.0938,14.1938,2145416,,https://api.nasdaq.com/api/quote/UDOW/historical?assetclass=etf&fromdate=2016-07-26&todate=2026-07-26&limit=5000
UDOW,2017-03-07,14.1337,14.2275,14.0887,14.1263,1804976,,https://api.nasdaq.com/api/quote/UDOW/historical?assetclass=etf&fromdate=2016-07-26&todate=2026-07-26&limit=5000
UDOW,2017-03-08,14.225,14.2275,13.975,14.0125,2328504,,https://api.nasdaq.com/api/quote/UDOW/historical?assetclass=etf&fromdate=2016-07-26&todate=2026-07-26&limit=5000
UDOW,2017-03-09,14.0125,14.1075,13.8625,14.0213,2174792,,https://api.nasdaq.com/api/quote/UDOW/historical?assetclass=etf&fromdate=2016-07-26&todate=2026-07-26&limit=5000
UDOW,2017-03-10,14.2388,14.2388,13.96,14.11,1881616,,https://api.nasdaq.com/api/quote/UDOW/historical?assetclass=etf&fromdate=2016-07-26&todate=2026-07-26&limit=5000
UDOW,2017-03-13,14.11,14.155,14.0063,14.0875,1142968,,https://api.nasdaq.com/api/quote/UDOW/historical?assetclass=etf&fromdate=2016-07-26&todate=2026-07-26&limit=5000
UDOW,2017-03-14,13.9575,14.06,13.8839,13.9863,1562864,,https://api.nasdaq.com/api/quote/UDOW/historical?assetclass=etf&fromdate=2016-07-26&todate=2026-07-26&limit=5000
UDOW,2017-03-15,14.0688,14.2625,14.025,14.2175,1815112,,https://api.nasdaq.com/api/quote/UDOW/historical?assetclass=etf&fromdate=2016-07-26&todate=2026-07-26&limit=5000
UDOW,2017-03-16,14.3163,14.3225,14.0913,14.1675,2167808,,https://api.nasdaq.com/api/quote/UDOW/historical?assetclass=etf&fromdate=2016-07-26&todate=2026-07-26&limit=5000
UDOW,2017-03-17,14.27,14.27,14.1263,14.13,1247384,,https://api.nasdaq.com/api/quote/UDOW/historical?assetclass=etf&fromdate=2016-07-26&todate=2026-07-26&limit=5000
UDOW,2017-03-20,14.1325,14.2088,14.0725,14.11,1223496,,https://api.nasdaq.com/api/quote/UDOW/historical?assetclass=etf&fromdate=2016-07-26&todate=2026-07-26&limit=5000
UDOW,2017-03-21,14.2075,14.235,13.5963,13.6325,4280744,,https://api.nasdaq.com/api/quote/UDOW/historical?assetclass=etf&fromdate=2016-07-26&todate=2026-07-26&limit=5000
UDOW,2017-03-22,13.5275,13.6463,13.4438,13.635,2450136,,https://api.nasdaq.com/api/quote/UDOW/historical?assetclass=etf&fromdate=2016-07-26&todate=2026-07-26&limit=5000
UDOW,2017-03-23,13.5437,13.7937,13.5213,13.6188,3522320,,https://api.nasdaq.com/api/quote/UDOW/historical?assetclass=etf&fromdate=2016-07-26&todate=2026-07-26&limit=5000
UDOW,2017-03-24,13.6875,13.7137,13.35,13.4825,2981120,,https://api.nasdaq.com/api/quote/UDOW/historical?assetclass=etf&fromdate=2016-07-26&todate=2026-07-26&limit=5000
UDOW,2017-03-27,13.1575,13.43,13.1038,13.3988,2882000,,https://api.nasdaq.com/api/quote/UDOW/historical?assetclass=etf&fromdate=2016-07-26&todate=2026-07-26&limit=5000
UDOW,2017-03-28,13.36,13.7438,13.3112,13.6775,3385200,,https://api.nasdaq.com/api/quote/UDOW/historical?assetclass=etf&fromdate=2016-07-26&todate=2026-07-26&limit=5000
UDOW,2017-03-29,13.6438,13.6438,13.5275,13.5913,1778744,,https://api.nasdaq.com/api/quote/UDOW/historical?assetclass=etf&fromdate=2016-07-26&todate=2026-07-26&limit=5000
UDOW,2017-03-30,13.5712,13.7762,13.5588,13.715,2300248,,https://api.nasdaq.com/api/quote/UDOW/historical?assetclass=etf&fromdate=2016-07-26&todate=2026-07-26&limit=5000
UDOW,2017-03-31,13.6775,13.7104,13.5887,13.5887,2987592,,https://api.nasdaq.com/api/quote/UDOW/historical?assetclass=etf&fromdate=2016-07-26&todate=2026-07-26&limit=5000
UDOW,2017-04-03,13.5938,13.6463,13.3088,13.58,2871680,,https://api.nasdaq.com/api/quote/UDOW/historical?assetclass=etf&fromdate=2016-07-26&todate=2026-07-26&limit=5000
UDOW,2017-04-04,13.515,13.675,13.4938,13.655,1370416,,https://api.nasdaq.com/api/quote/UDOW/historical?assetclass=etf&fromdate=2016-07-26&todate=2026-07-26&limit=5000
UDOW,2017-04-05,13.8188,14.045,13.5556,13.5825,4891328,,https://api.nasdaq.com/api/quote/UDOW/historical?assetclass=etf&fromdate=2016-07-26&todate=2026-07-26&limit=5000
UDOW,2017-04-06,13.595,13.7688,13.5038,13.6163,1624872,,https://api.nasdaq.com/api/quote/UDOW/historical?assetclass=etf&fromdate=2016-07-26&todate=2026-07-26&limit=5000
UDOW,2017-04-07,13.5675,13.7263,13.49,13.5938,1756336,,https://api.nasdaq.com/api/quote/UDOW/historical?assetclass=etf&fromdate=2016-07-26&todate=2026-07-26&limit=5000
UDOW,2017-04-10,13.625,13.775,13.505,13.5863,1948952,,https://api.nasdaq.com/api/quote/UDOW/historical?assetclass=etf&fromdate=2016-07-26&todate=2026-07-26&limit=5000
UDOW,2017-04-11,13.5288,13.5925,13.3051,13.5738,4632552,,https://api.nasdaq.com/api/quote/UDOW/historical?assetclass=etf&fromdate=2016-07-26&todate=2026-07-26&limit=5000
UDOW,2017-04-12,13.565,13.565,13.3813,13.4462,2760304,,https://api.nasdaq.com/api/quote/UDOW/historical?assetclass=etf&fromdate=2016-07-26&todate=2026-07-26&limit=5000
UDOW,2017-04-13,13.3725,13.4963,13.1919,13.1919,2836992,,https://api.nasdaq.com/api/quote/UDOW/historical?assetclass=etf&fromdate=2016-07-26&todate=2026-07-26&limit=5000
UDOW,2017-04-17,13.3063,13.5513,13.2875,13.5463,2594512,,https://api.nasdaq.com/api/quote/UDOW/historical?assetclass=etf&fromdate=2016-07-26&todate=2026-07-26&limit=5000
UDOW,2017-04-18,13.3725,13.4588,13.19,13.3112,2633392,,https://api.nasdaq.com/api/quote/UDOW/historical?assetclass=etf&fromdate=2016-07-26&todate=2026-07-26&limit=5000
UDOW,2017-04-19,13.3538,13.3538,13.0377,13.0787,3812368,,https://api.nasdaq.com/api/quote/UDOW/historical?assetclass=etf&fromdate=2016-07-26&todate=2026-07-26&limit=5000
UDOW,2017-04-20,13.1563,13.5262,13.1374,13.43,2765472,,https://api.nasdaq.com/api/quote/UDOW/historical?assetclass=etf&fromdate=2016-07-26&todate=2026-07-26&limit=5000
UDOW,2017-04-21,13.4325,13.4719,13.2875,13.3725,1758104,,https://api.nasdaq.com/api/quote/UDOW/historical?assetclass=etf&fromdate=2016-07-26&todate=2026-07-26&limit=5000
UDOW,2017-04-24,13.8112,13.8375,13.7225,13.7888,2417312,,https://api.nasdaq.com/api/quote/UDOW/historical?assetclass=etf&fromdate=2016-07-26&todate=2026-07-26&limit=5000
UDOW,2017-04-25,14.1013,14.3075,14.0813,14.2762,3174176,,https://api.nasdaq.com/api/quote/UDOW/historical?assetclass=etf&fromdate=2016-07-26&todate=2026-07-26&limit=5000
UDOW,2017-04-26,14.2913,14.3956,14.1975,14.2088,2412984,,https://api.nasdaq.com/api/quote/UDOW/historical?assetclass=etf&fromdate=2016-07-26&todate=2026-07-26&limit=5000
UDOW,2017-04-27,14.255,14.2652,14.1175,14.2125,2613112,,https://api.nasdaq.com/api/quote/UDOW/historical?assetclass=etf&fromdate=2016-07-26&todate=2026-07-26&limit=5000
UDOW,2017-04-28,14.2213,14.2213,14.1013,14.1163,1203848,,https://api.nasdaq.com/api/quote/UDOW/historical?assetclass=etf&fromdate=2016-07-26&todate=2026-07-26&limit=5000
UDOW,2017-05-01,14.15,14.1938,14.0443,14.0813,1988088,,https://api.nasdaq.com/api/quote/UDOW/historical?assetclass=etf&fromdate=2016-07-26&todate=2026-07-26&limit=5000
UDOW,2017-05-02,14.11,14.1625,14.0513,14.1337,1251848,,https://api.nasdaq.com/api/quote/UDOW/historical?assetclass=etf&fromdate=2016-07-26&todate=2026-07-26&limit=5000
UDOW,2017-05-03,14.0688,14.1925,13.9925,14.15,2037664,,https://api.nasdaq.com/api/quote/UDOW/historical?assetclass=etf&fromdate=2016-07-26&todate=2026-07-26&limit=5000
UDOW,2017-05-04,14.2088,14.2232,13.9375,14.1337,1967128,,https://api.nasdaq.com/api/quote/UDOW/historical?assetclass=etf&fromdate=2016-07-26&todate=2026-07-26&limit=5000
UDOW,2017-05-05,14.1175,14.2466,14.0575,14.2438,1612712,,https://api.nasdaq.com/api/quote/UDOW/historical?assetclass=etf&fromdate=2016-07-26&todate=2026-07-26&limit=5000
UDOW,2017-05-08,14.2325,14.2888,14.2,14.2725,1376536,,https://api.nasdaq.com/api/quote/UDOW/historical?assetclass=etf&fromdate=2016-07-26&todate=2026-07-26&limit=5000
UDOW,2017-05-09,14.3088,14.3513,14.1325,14.2075,1253312,,https://api.nasdaq.com/api/quote/UDOW/historical?assetclass=etf&fromdate=2016-07-26&todate=2026-07-26&limit=5000
UDOW,2017-05-10,14.12,14.2425,14.0599,14.1838,2690248,,https://api.nasdaq.com/api/quote/UDOW/historical?assetclass=etf&fromdate=2016-07-26&todate=2026-07-26&limit=5000
UDOW,2017-05-11,14.11,14.1713,13.9038,14.1463,2560136,,https://api.nasdaq.com/api/quote/UDOW/historical?assetclass=etf&fromdate=2016-07-26&todate=2026-07-26&limit=5000
UDOW,2017-05-12,14.0825,14.1372,14.0437,14.0863,1258776,,https://api.nasdaq.com/api/quote/UDOW/historical?assetclass=etf&fromdate=2016-07-26&todate=2026-07-26&limit=5000
UDOW,2017-05-15,14.1613,14.3038,14.1613,14.2613,4291680,,https://api.nasdaq.com/api/quote/UDOW/historical?assetclass=etf&fromdate=2016-07-26&todate=2026-07-26&limit=5000
UDOW,2017-05-16,14.35,14.3663,14.1725,14.2638,1734376,,https://api.nasdaq.com/api/quote/UDOW/historical?assetclass=etf&fromdate=2016-07-26&todate=2026-07-26&limit=5000
UDOW,2017-05-17,13.8925,13.9863,13.5363,13.5525,4061256,,https://api.nasdaq.com/api/quote/UDOW/historical?assetclass=etf&fromdate=2016-07-26&todate=2026-07-26&limit=5000
UDOW,2017-05-18,13.4525,13.8438,13.4362,13.65,3465032,,https://api.nasdaq.com/api/quote/UDOW/historical?assetclass=etf&fromdate=2016-07-26&todate=2026-07-26&limit=5000
UDOW,2017-05-19,13.7438,14.0325,13.7028,13.9338,2014496,,https://api.nasdaq.com/api/quote/UDOW/historical?assetclass=etf&fromdate=2016-07-26&todate=2026-07-26&limit=5000
UDOW,2017-05-22,14.0663,14.1462,14.0463,14.1062,1380016,,https://api.nasdaq.com/api/quote/UDOW/historical?assetclass=etf&fromdate=2016-07-26&todate=2026-07-26&limit=5000
UDOW,2017-05-23,14.2238,14.24,14.1225,14.2137,596144,,https://api.nasdaq.com/api/quote/UDOW/historical?assetclass=etf&fromdate=2016-07-26&todate=2026-07-26&limit=5000
UDOW,2017-05-24,14.25,14.3663,14.1975,14.34,1524496,,https://api.nasdaq.com/api/quote/UDOW/historical?assetclass=etf&fromdate=2016-07-26&todate=2026-07-26&limit=5000
UDOW,2017-05-25,14.4838,14.5575,14.4375,14.4938,1465520,,https://api.nasdaq.com/api/quote/UDOW/historical?assetclass=etf&fromdate=2016-07-26&todate=2026-07-26&limit=5000
UDOW,2017-05-26,14.4675,14.515,14.4362,14.4775,1080152,,https://api.nasdaq.com/api/quote/UDOW/historical?assetclass=etf&fromdate=2016-07-26&todate=2026-07-26&limit=5000
UDOW,2017-05-30,14.4338,14.4738,14.3675,14.4125,1010192,,https://api.nasdaq.com/api/quote/UDOW/historical?assetclass=etf&fromdate=2016-07-26&todate=2026-07-26&limit=5000
UDOW,2017-05-31,14.4425,14.4487,14.2325,14.3663,1435360,,https://api.nasdaq.com/api/quote/UDOW/historical?assetclass=etf&fromdate=2016-07-26&todate=2026-07-26&limit=5000
UDOW,2017-06-01,14.415,14.6438,14.3488,14.6438,1164456,,https://api.nasdaq.com/api/quote/UDOW/historical?assetclass=etf&fromdate=2016-07-26&todate=2026-07-26&limit=5000
UDOW,2017-06-02,14.66,14.8131,14.6214,14.7713,1223120,,https://api.nasdaq.com/api/quote/UDOW/historical?assetclass=etf&fromdate=2016-07-26&todate=2026-07-26&limit=5000
UDOW,2017-06-05,14.7513,14.8125,14.6975,14.6975,920224,,https://api.nasdaq.com/api/quote/UDOW/historical?assetclass=etf&fromdate=2016-07-26&todate=2026-07-26&limit=5000
UDOW,2017-06-06,14.5938,14.7195,14.5938,14.6525,1070112,,https://api.nasdaq.com/api/quote/UDOW/historical?assetclass=etf&fromdate=2016-07-26&todate=2026-07-26&limit=5000
UDOW,2017-06-07,14.7063,14.7513,14.59,14.7513,1158608,,https://api.nasdaq.com/api/quote/UDOW/historical?assetclass=etf&fromdate=2016-07-26&todate=2026-07-26&limit=5000
UDOW,2017-06-08,14.6975,14.9075,14.6438,14.75,1413288,,https://api.nasdaq.com/api/quote/UDOW/historical?assetclass=etf&fromdate=2016-07-26&todate=2026-07-26&limit=5000
UDOW,2017-06-09,14.8013,14.9863,14.6813,14.92,1853320,,https://api.nasdaq.com/api/quote/UDOW/historical?assetclass=etf&fromdate=2016-07-26&todate=2026-07-26&limit=5000
UDOW,2017-06-12,14.86,14.9225,14.7325,14.8387,2406112,,https://api.nasdaq.com/api/quote/UDOW/historical?assetclass=etf&fromdate=2016-07-26&todate=2026-07-26&limit=5000
UDOW,2017-06-13,14.9388,15.0475,14.8925,14.9938,1283896,,https://api.nasdaq.com/api/quote/UDOW/historical?assetclass=etf&fromdate=2016-07-26&todate=2026-07-26&limit=5000
UDOW,2017-06-14,15.1325,15.1723,14.9688,15.1538,1383592,,https://api.nasdaq.com/api/quote/UDOW/historical?assetclass=etf&fromdate=2016-07-26&todate=2026-07-26&limit=5000
UDOW,2017-06-15,14.945,15.1313,14.91,15.1038,1172624,,https://api.nasdaq.com/api/quote/UDOW/historical?assetclass=etf&fromdate=2016-07-26&todate=2026-07-26&limit=5000
UDOW,2017-06-16,15.0913,15.1663,15.0087,15.0575,918592,,https://api.nasdaq.com/api/quote/UDOW/historical?assetclass=etf&fromdate=2016-07-26&todate=2026-07-26&limit=5000
UDOW,2017-06-19,15.3138,15.4925,15.2738,15.4925,1289168,,https://api.nasdaq.com/api/quote/UDOW/historical?assetclass=etf&fromdate=2016-07-26&todate=2026-07-26&limit=5000
UDOW,2017-06-20,15.4888,15.4888,15.3313,15.3525,803152,,https://api.nasdaq.com/api/quote/UDOW/historical?assetclass=etf&fromdate=2016-07-26&todate=2026-07-26&limit=5000
UDOW,2017-06-21,15.42,15.42,15.1741,15.2587,1365168,,https://api.nasdaq.com/api/quote/UDOW/historical?assetclass=etf&fromdate=2016-07-26&todate=2026-07-26&limit=5000
UDOW,2017-06-22,15.2587,15.3038,15.1775,15.2075,617168,,https://api.nasdaq.com/api/quote/UDOW/historical?assetclass=etf&fromdate=2016-07-26&todate=2026-07-26&limit=5000
UDOW,2017-06-23,15.1488,15.2275,15.05,15.165,618112,,https://api.nasdaq.com/api/quote/UDOW/historical?assetclass=etf&fromdate=2016-07-26&todate=2026-07-26&limit=5000
UDOW,2017-06-26,15.31,15.4063,15.1475,15.2288,932504,,https://api.nasdaq.com/api/quote/UDOW/historical?assetclass=etf&fromdate=2016-07-26&todate=2026-07-26&limit=5000
UDOW,2017-06-27,15.1862,15.2688,15.0061,15.0213,1015672,,https://api.nasdaq.com/api/quote/UDOW/historical?assetclass=etf&fromdate=2016-07-26&todate=2026-07-26&limit=5000
UDOW,2017-06-28,15.15,15.3613,15.15,15.3613,957264,,https://api.nasdaq.com/api/quote/UDOW/historical?assetclass=etf&fromdate=2016-07-26&todate=2026-07-26&limit=5000
UDOW,2017-06-29,15.3625,15.3625,14.7425,15.025,1539864,,https://api.nasdaq.com/api/quote/UDOW/historical?assetclass=etf&fromdate=2016-07-26&todate=2026-07-26&limit=5000
UDOW,2017-06-30,15.125,15.2238,15.01,15.21,1503976,,https://api.nasdaq.com/api/quote/UDOW/historical?assetclass=etf&fromdate=2016-07-26&todate=2026-07-26&limit=5000
UDOW,2017-07-03,15.21,15.5113,15.21,15.3238,1785976,,https://api.nasdaq.com/api/quote/UDOW/historical?assetclass=etf&fromdate=2016-07-26&todate=2026-07-26&limit=5000
UDOW,2017-07-05,15.3875,15.3911,15.1888,15.345,1057120,,https://api.nasdaq.com/api/quote/UDOW/historical?assetclass=etf&fromdate=2016-07-26&todate=2026-07-26&limit=5000
UDOW,2017-07-06,15.2163,15.2613,15,15.0188,1156520,,https://api.nasdaq.com/api/quote/UDOW/historical?assetclass=etf&fromdate=2016-07-26&todate=2026-07-26&limit=5000
UDOW,2017-07-07,15.1563,15.2425,15.0925,15.2413,803712,,https://api.nasdaq.com/api/quote/UDOW/historical?assetclass=etf&fromdate=2016-07-26&todate=2026-07-26&limit=5000
UDOW,2017-07-10,15.1713,15.2863,15.11,15.2188,519856,,https://api.nasdaq.com/api/quote/UDOW/historical?assetclass=etf&fromdate=2016-07-26&todate=2026-07-26&limit=5000
UDOW,2017-07-11,15.2113,15.2638,14.9288,15.2525,743024,,https://api.nasdaq.com/api/quote/UDOW/historical?assetclass=etf&fromdate=2016-07-26&todate=2026-07-26&limit=5000
UDOW,2017-07-12,15.4063,15.5625,15.3963,15.48,1574264,,https://api.nasdaq.com/api/quote/UDOW/historical?assetclass=etf&fromdate=2016-07-26&todate=2026-07-26&limit=5000
UDOW,2017-07-13,15.475,15.5925,15.4261,15.5925,734320,,https://api.nasdaq.com/api/quote/UDOW/historical?assetclass=etf&fromdate=2016-07-26&todate=2026-07-26&limit=5000
UDOW,2017-07-14,15.4763,15.7688,15.4375,15.6825,1030128,,https://api.nasdaq.com/api/quote/UDOW/historical?assetclass=etf&fromdate=2016-07-26&todate=2026-07-26&limit=5000
UDOW,2017-07-17,15.7175,15.73,15.6375,15.6375,676200,,https://api.nasdaq.com/api/quote/UDOW/historical?assetclass=etf&fromdate=2016-07-26&todate=2026-07-26&limit=5000
UDOW,2017-07-18,15.51,15.5775,15.335,15.5525,1504656,,https://api.nasdaq.com/api/quote/UDOW/historical?assetclass=etf&fromdate=2016-07-26&todate=2026-07-26&limit=5000
UDOW,2017-07-19,15.6275,15.6875,15.5475,15.6875,1018072,,https://api.nasdaq.com/api/quote/UDOW/historical?assetclass=etf&fromdate=2016-07-26&todate=2026-07-26&limit=5000
UDOW,2017-07-20,15.75,15.75,15.5675,15.6425,984968,,https://api.nasdaq.com/api/quote/UDOW/historical?assetclass=etf&fromdate=2016-07-26&todate=2026-07-26&limit=5000
UDOW,2017-07-21,15.475,15.57,15.4075,15.57,1023248,,https://api.nasdaq.com/api/quote/UDOW/historical?assetclass=etf&fromdate=2016-07-26&todate=2026-07-26&limit=5000
UDOW,2017-07-24,15.54,15.5437,15.3875,15.4725,682928,,https://api.nasdaq.com/api/quote/UDOW/historical?assetclass=etf&fromdate=2016-07-26&todate=2026-07-26&limit=5000
UDOW,2017-07-25,15.7325,15.76,15.5575,15.635,910236,,https://api.nasdaq.com/api/quote/UDOW/historical?assetclass=etf&fromdate=2016-07-26&todate=2026-07-26&limit=5000
UDOW,2017-07-26,15.8325,15.9075,15.7775,15.9,1165452,,https://api.nasdaq.com/api/quote/UDOW/historical?assetclass=etf&fromdate=2016-07-26&todate=2026-07-26&limit=5000
UDOW,2017-07-27,15.94,16.05,15.7925,16.05,1427352,,https://api.nasdaq.com/api/quote/UDOW/historical?assetclass=etf&fromdate=2016-07-26&todate=2026-07-26&limit=5000
UDOW,2017-07-28,15.9625,16.1227,15.94,16.1225,794840,,https://api.nasdaq.com/api/quote/UDOW/historical?assetclass=etf&fromdate=2016-07-26&todate=2026-07-26&limit=5000
UDOW,2017-07-31,16.255,16.3175,16.195,16.3,920980,,https://api.nasdaq.com/api/quote/UDOW/historical?assetclass=etf&fromdate=2016-07-26&todate=2026-07-26&limit=5000
UDOW,2017-08-01,16.5,16.5,16.345,16.3975,849420,,https://api.nasdaq.com/api/quote/UDOW/historical?assetclass=etf&fromdate=2016-07-26&todate=2026-07-26&limit=5000
UDOW,2017-08-02,16.51,16.5528,16.4135,16.515,1038904,,https://api.nasdaq.com/api/quote/UDOW/historical?assetclass=etf&fromdate=2016-07-26&todate=2026-07-26&limit=5000
UDOW,2017-08-03,16.4975,16.6,16.4675,16.6,709580,,https://api.nasdaq.com/api/quote/UDOW/historical?assetclass=etf&fromdate=2016-07-26&todate=2026-07-26&limit=5000
UDOW,2017-08-04,16.67,16.6823,16.5362,16.6575,798824,,https://api.nasdaq.com/api/quote/UDOW/historical?assetclass=etf&fromdate=2016-07-26&todate=2026-07-26&limit=5000
UDOW,2017-08-07,16.71,16.7475,16.6575,16.7425,862728,,https://api.nasdaq.com/api/quote/UDOW/historical?assetclass=etf&fromdate=2016-07-26&todate=2026-07-26&limit=5000
UDOW,2017-08-08,16.7075,16.8975,16.625,16.695,1077788,,https://api.nasdaq.com/api/quote/UDOW/historical?assetclass=etf&fromdate=2016-07-26&todate=2026-07-26&limit=5000
UDOW,2017-08-09,16.5675,16.65,16.505,16.645,1042012,,https://api.nasdaq.com/api/quote/UDOW/historical?assetclass=etf&fromdate=2016-07-26&todate=2026-07-26&limit=5000
UDOW,2017-08-10,16.465,16.4865,16.19,16.2025,1622212,,https://api.nasdaq.com/api/quote/UDOW/historical?assetclass=etf&fromdate=2016-07-26&todate=2026-07-26&limit=5000
UDOW,2017-08-11,16.2075,16.325,16.185,16.2275,1159356,,https://api.nasdaq.com/api/quote/UDOW/historical?assetclass=etf&fromdate=2016-07-26&todate=2026-07-26&limit=5000
UDOW,2017-08-14,16.5025,16.57,16.4668,16.505,850508,,https://api.nasdaq.com/api/quote/UDOW/historical?assetclass=etf&fromdate=2016-07-26&todate=2026-07-26&limit=5000
UDOW,2017-08-15,16.615,16.615,16.4675,16.5525,883484,,https://api.nasdaq.com/api/quote/UDOW/historical?assetclass=etf&fromdate=2016-07-26&todate=2026-07-26&limit=5000
UDOW,2017-08-16,16.6425,16.745,16.5675,16.62,992876,,https://api.nasdaq.com/api/quote/UDOW/historical?assetclass=etf&fromdate=2016-07-26&todate=2026-07-26&limit=5000
UDOW,2017-08-17,16.4775,16.515,15.9725,15.9725,2466840,,https://api.nasdaq.com/api/quote/UDOW/historical?assetclass=etf&fromdate=2016-07-26&todate=2026-07-26&limit=5000
UDOW,2017-08-18,15.9325,16.075,15.75,15.84,1468228,,https://api.nasdaq.com/api/quote/UDOW/historical?assetclass=etf&fromdate=2016-07-26&todate=2026-07-26&limit=5000
UDOW,2017-08-21,15.8,15.91,15.6529,15.88,844564,,https://api.nasdaq.com/api/quote/UDOW/historical?assetclass=etf&fromdate=2016-07-26&todate=2026-07-26&limit=5000
UDOW,2017-08-22,16.0225,16.3325,16,16.3325,1384600,,https://api.nasdaq.com/api/quote/UDOW/historical?assetclass=etf&fromdate=2016-07-26&todate=2026-07-26&limit=5000
UDOW,2017-08-23,16.145,16.2425,16.0975,16.125,1045468,,https://api.nasdaq.com/api/quote/UDOW/historical?assetclass=etf&fromdate=2016-07-26&todate=2026-07-26&limit=5000
UDOW,2017-08-24,16.27,16.27,16.0225,16.07,899480,,https://api.nasdaq.com/api/quote/UDOW/historical?assetclass=etf&fromdate=2016-07-26&todate=2026-07-26&limit=5000
UDOW,2017-08-25,16.21,16.34,16.1375,16.1525,974604,,https://api.nasdaq.com/api/quote/UDOW/historical?assetclass=etf&fromdate=2016-07-26&todate=2026-07-26&limit=5000
UDOW,2017-08-28,16.2675,16.27,16.035,16.1225,692148,,https://api.nasdaq.com/api/quote/UDOW/historical?assetclass=etf&fromdate=2016-07-26&todate=2026-07-26&limit=5000
UDOW,2017-08-29,15.825,16.295,15.8158,16.28,805868,,https://api.nasdaq.com/api/quote/UDOW/historical?assetclass=etf&fromdate=2016-07-26&todate=2026-07-26&limit=5000
UDOW,2017-08-30,16.3,16.3848,16.2125,16.3425,1656708,,https://api.nasdaq.com/api/quote/UDOW/historical?assetclass=etf&fromdate=2016-07-26&todate=2026-07-26&limit=5000
UDOW,2017-08-31,16.4875,16.544,16.375,16.465,1233008,,https://api.nasdaq.com/api/quote/UDOW/historical?assetclass=etf&fromdate=2016-07-26&todate=2026-07-26&limit=5000
UDOW,2017-09-01,16.5975,16.6575,16.5285,16.5625,971428,,https://api.nasdaq.com/api/quote/UDOW/historical?assetclass=etf&fromdate=2016-07-26&todate=2026-07-26&limit=5000
UDOW,2017-09-05,16.4,16.4277,15.9125,16.0325,1799836,,https://api.nasdaq.com/api/quote/UDOW/historical?assetclass=etf&fromdate=2016-07-26&todate=2026-07-26&limit=5000
UDOW,2017-09-06,16.235,16.235,16.105,16.15,1072692,,https://api.nasdaq.com/api/quote/UDOW/historical?assetclass=etf&fromdate=2016-07-26&todate=2026-07-26&limit=5000
UDOW,2017-09-07,16.2,16.2425,16.0125,16.125,1185932,,https://api.nasdaq.com/api/quote/UDOW/historical?assetclass=etf&fromdate=2016-07-26&todate=2026-07-26&limit=5000
UDOW,2017-09-08,15.9875,16.225,15.98,16.125,907896,,https://api.nasdaq.com/api/quote/UDOW/historical?assetclass=etf&fromdate=2016-07-26&todate=2026-07-26&limit=5000
UDOW,2017-09-11,16.4175,16.715,16.4175,16.6975,1566968,,https://api.nasdaq.com/api/quote/UDOW/historical?assetclass=etf&fromdate=2016-07-26&todate=2026-07-26&limit=5000
UDOW,2017-09-12,16.825,16.8723,16.765,16.8425,861908,,https://api.nasdaq.com/api/quote/UDOW/historical?assetclass=etf&fromdate=2016-07-26&todate=2026-07-26&limit=5000
UDOW,2017-09-13,16.81,16.9325,16.7938,16.9325,496092,,https://api.nasdaq.com/api/quote/UDOW/historical?assetclass=etf&fromdate=2016-07-26&todate=2026-07-26&limit=5000
UDOW,2017-09-14,16.92,17.06,16.9049,17.06,542288,,https://api.nasdaq.com/api/quote/UDOW/historical?assetclass=etf&fromdate=2016-07-26&todate=2026-07-26&limit=5000
UDOW,2017-09-15,17.065,17.195,17.065,17.1825,650744,,https://api.nasdaq.com/api/quote/UDOW/historical?assetclass=etf&fromdate=2016-07-26&todate=2026-07-26&limit=5000
UDOW,2017-09-18,17.305,17.3825,17.2221,17.3301,985288,,https://api.nasdaq.com/api/quote/UDOW/historical?assetclass=etf&fromdate=2016-07-26&todate=2026-07-26&limit=5000
UDOW,2017-09-19,17.4125,17.4525,17.3525,17.425,484000,,https://api.nasdaq.com/api/quote/UDOW/historical?assetclass=etf&fromdate=2016-07-26&todate=2026-07-26&limit=5000
UDOW,2017-09-20,17.4175,17.5275,17.285,17.5275,870876,,https://api.nasdaq.com/api/quote/UDOW/historical?assetclass=etf&fromdate=2016-07-26&todate=2026-07-26&limit=5000
UDOW,2017-09-21,17.475,17.5075,17.375,17.38,588912,,https://api.nasdaq.com/api/quote/UDOW/historical?assetclass=etf&fromdate=2016-07-26&todate=2026-07-26&limit=5000
UDOW,2017-09-22,17.3175,17.38,17.2425,17.3375,666944,,https://api.nasdaq.com/api/quote/UDOW/historical?assetclass=etf&fromdate=2016-07-26&todate=2026-07-26&limit=5000
UDOW,2017-09-25,17.2675,17.375,17.045,17.23,959568,,https://api.nasdaq.com/api/quote/UDOW/historical?assetclass=etf&fromdate=2016-07-26&todate=2026-07-26&limit=5000
UDOW,2017-09-26,17.315,17.3875,17.19,17.2275,506656,,https://api.nasdaq.com/api/quote/UDOW/historical?assetclass=etf&fromdate=2016-07-26&todate=2026-07-26&limit=5000
UDOW,2017-09-27,17.355,17.395,17.1275,17.3325,973388,,https://api.nasdaq.com/api/quote/UDOW/historical?assetclass=etf&fromdate=2016-07-26&todate=2026-07-26&limit=5000
UDOW,2017-09-28,17.2225,17.4425,17.1975,17.4175,670188,,https://api.nasdaq.com/api/quote/UDOW/historical?assetclass=etf&fromdate=2016-07-26&todate=2026-07-26&limit=5000
UDOW,2017-09-29,17.375,17.47,17.3,17.4625,993288,,https://api.nasdaq.com/api/quote/UDOW/historical?assetclass=etf&fromdate=2016-07-26&todate=2026-07-26&limit=5000
UDOW,2017-10-02,17.51,17.8275,17.5075,17.8275,1040116,,https://api.nasdaq.com/api/quote/UDOW/historical?assetclass=etf&fromdate=2016-07-26&todate=2026-07-26&limit=5000
UDOW,2017-10-03,17.9375,18.035,17.875,18.035,1182656,,https://api.nasdaq.com/api/quote/UDOW/historical?assetclass=etf&fromdate=2016-07-26&todate=2026-07-26&limit=5000
UDOW,2017-10-04,17.9775,18.1251,17.9775,18.0625,802004,,https://api.nasdaq.com/api/quote/UDOW/historical?assetclass=etf&fromdate=2016-07-26&todate=2026-07-26&limit=5000
UDOW,2017-10-05,18.105,18.35,18.0625,18.3325,1134076,,https://api.nasdaq.com/api/quote/UDOW/historical?assetclass=etf&fromdate=2016-07-26&todate=2026-07-26&limit=5000
UDOW,2017-10-06,18.25,18.344,18.2428,18.3325,772128,,https://api.nasdaq.com/api/quote/UDOW/historical?assetclass=etf&fromdate=2016-07-26&todate=2026-07-26&limit=5000
UDOW,2017-10-09,18.3625,18.4225,18.27,18.305,652888,,https://api.nasdaq.com/api/quote/UDOW/historical?assetclass=etf&fromdate=2016-07-26&todate=2026-07-26&limit=5000
UDOW,2017-10-10,18.5,18.5325,18.3513,18.5,696384,,https://api.nasdaq.com/api/quote/UDOW/historical?assetclass=etf&fromdate=2016-07-26&todate=2026-07-26&limit=5000
UDOW,2017-10-11,18.5,18.5975,18.4725,18.5975,1156580,,https://api.nasdaq.com/api/quote/UDOW/historical?assetclass=etf&fromdate=2016-07-26&todate=2026-07-26&limit=5000
UDOW,2017-10-12,18.515,18.61,18.458,18.515,980668,,https://api.nasdaq.com/api/quote/UDOW/historical?assetclass=etf&fromdate=2016-07-26&todate=2026-07-26&limit=5000
UDOW,2017-10-13,18.625,18.655,18.5445,18.6075,674148,,https://api.nasdaq.com/api/quote/UDOW/historical?assetclass=etf&fromdate=2016-07-26&todate=2026-07-26&limit=5000
UDOW,2017-10-16,18.705,18.79,18.615,18.765,1430504,,https://api.nasdaq.com/api/quote/UDOW/historical?assetclass=etf&fromdate=2016-07-26&todate=2026-07-26&limit=5000
UDOW,2017-10-17,18.865,18.8877,18.785,18.8825,1135600,,https://api.nasdaq.com/api/quote/UDOW/historical?assetclass=etf&fromdate=2016-07-26&todate=2026-07-26&limit=5000
UDOW,2017-10-18,19.1975,19.3075,19.12,19.285,1730764,,https://api.nasdaq.com/api/quote/UDOW/historical?assetclass=etf&fromdate=2016-07-26&todate=2026-07-26&limit=5000
UDOW,2017-10-19,19.06,19.295,19.01,19.2825,1853836,,https://api.nasdaq.com/api/quote/UDOW/historical?assetclass=etf&fromdate=2016-07-26&todate=2026-07-26&limit=5000
UDOW,2017-10-20,19.5625,19.7,19.4,19.6775,2713064,,https://api.nasdaq.com/api/quote/UDOW/historical?assetclass=etf&fromdate=2016-07-26&todate=2026-07-26&limit=5000
UDOW,2017-10-23,19.8125,19.82,19.57,19.595,2452180,,https://api.nasdaq.com/api/quote/UDOW/historical?assetclass=etf&fromdate=2016-07-26&todate=2026-07-26&limit=5000
UDOW,2017-10-24,19.9725,20.0956,19.9108,20,2155648,,https://api.nasdaq.com/api/quote/UDOW/historical?assetclass=etf&fromdate=2016-07-26&todate=2026-07-26&limit=5000
UDOW,2017-10-25,20.0125,20.0225,19.495,19.71,3266920,,https://api.nasdaq.com/api/quote/UDOW/historical?assetclass=etf&fromdate=2016-07-26&todate=2026-07-26&limit=5000
UDOW,2017-10-26,19.8775,20.015,19.8495,19.8925,2413852,,https://api.nasdaq.com/api/quote/UDOW/historical?assetclass=etf&fromdate=2016-07-26&todate=2026-07-26&limit=5000
UDOW,2017-10-27,19.9275,19.9928,19.7475,19.95,2738156,,https://api.nasdaq.com/api/quote/UDOW/historical?assetclass=etf&fromdate=2016-07-26&todate=2026-07-26&limit=5000
UDOW,2017-10-30,19.7425,19.9306,19.6775,19.725,2344688,,https://api.nasdaq.com/api/quote/UDOW/historical?assetclass=etf&fromdate=2016-07-26&todate=2026-07-26&limit=5000
UDOW,2017-10-31,19.7975,19.8745,19.702,19.825,1365932,,https://api.nasdaq.com/api/quote/UDOW/historical?assetclass=etf&fromdate=2016-07-26&todate=2026-07-26&limit=5000
UDOW,2017-11-01,20.125,20.15,19.825,19.96,2170800,,https://api.nasdaq.com/api/quote/UDOW/historical?assetclass=etf&fromdate=2016-07-26&todate=2026-07-26&limit=5000
UDOW,2017-11-02,20.01,20.1856,19.7175,20.155,1932476,,https://api.nasdaq.com/api/quote/UDOW/historical?assetclass=etf&fromdate=2016-07-26&todate=2026-07-26&limit=5000
UDOW,2017-11-03,20.2375,20.245,20.055,20.1975,1647588,,https://api.nasdaq.com/api/quote/UDOW/historical?assetclass=etf&fromdate=2016-07-26&todate=2026-07-26&limit=5000
UDOW,2017-11-06,20.205,20.29,20.17,20.2025,1545400,,https://api.nasdaq.com/api/quote/UDOW/historical?assetclass=etf&fromdate=2016-07-26&todate=2026-07-26&limit=5000
UDOW,2017-11-07,20.275,20.3553,20.0575,20.225,2044608,,https://api.nasdaq.com/api/quote/UDOW/historical?assetclass=etf&fromdate=2016-07-26&todate=2026-07-26&limit=5000
UDOW,2017-11-08,20.1975,20.2907,20.1228,20.265,1672952,,https://api.nasdaq.com/api/quote/UDOW/historical?assetclass=etf&fromdate=2016-07-26&todate=2026-07-26&limit=5000
UDOW,2017-11-09,20.05,20.186,19.655,20.035,2919960,,https://api.nasdaq.com/api/quote/UDOW/historical?assetclass=etf&fromdate=2016-07-26&todate=2026-07-26&limit=5000
UDOW,2017-11-10,19.98,20.035,19.8825,19.98,1716848,,https://api.nasdaq.com/api/quote/UDOW/historical?assetclass=etf&fromdate=2016-07-26&todate=2026-07-26&limit=5000
UDOW,2017-11-13,19.76,20.0604,19.7475,20.0225,1175136,,https://api.nasdaq.com/api/quote/UDOW/historical?assetclass=etf&fromdate=2016-07-26&todate=2026-07-26&limit=5000
UDOW,2017-11-14,19.885,19.9425,19.5875,19.9425,2043524,,https://api.nasdaq.com/api/quote/UDOW/historical?assetclass=etf&fromdate=2016-07-26&todate=2026-07-26&limit=5000
UDOW,2017-11-15,19.64,19.7724,19.52,19.595,1845880,,https://api.nasdaq.com/api/quote/UDOW/historical?assetclass=etf&fromdate=2016-07-26&todate=2026-07-26&limit=5000
UDOW,2017-11-16,19.8925,20.1688,19.8925,20.1,1476216,,https://api.nasdaq.com/api/quote/UDOW/historical?assetclass=etf&fromdate=2016-07-26&todate=2026-07-26&limit=5000
UDOW,2017-11-17,19.945,19.9766,19.825,19.825,1635480,,https://api.nasdaq.com/api/quote/UDOW/historical?assetclass=etf&fromdate=2016-07-26&todate=2026-07-26&limit=5000
UDOW,2017-11-20,19.8975,20.075,19.83,20.0125,1277356,,https://api.nasdaq.com/api/quote/UDOW/historical?assetclass=etf&fromdate=2016-07-26&todate=2026-07-26&limit=5000
UDOW,2017-11-21,20.2775,20.4825,20.2625,20.43,1791588,,https://api.nasdaq.com/api/quote/UDOW/historical?assetclass=etf&fromdate=2016-07-26&todate=2026-07-26&limit=5000
UDOW,2017-11-22,20.5075,20.5075,20.2175,20.28,1745640,,https://api.nasdaq.com/api/quote/UDOW/historical?assetclass=etf&fromdate=2016-07-26&todate=2026-07-26&limit=5000
UDOW,2017-11-24,20.3475,20.4425,20.3325,20.3575,482108,,https://api.nasdaq.com/api/quote/UDOW/historical?assetclass=etf&fromdate=2016-07-26&todate=2026-07-26&limit=5000
UDOW,2017-11-27,20.375,20.5675,20.3275,20.4125,1447772,,https://api.nasdaq.com/api/quote/UDOW/historical?assetclass=etf&fromdate=2016-07-26&todate=2026-07-26&limit=5000
UDOW,2017-11-28,20.555,21.1075,20.5275,21.1025,1915700,,https://api.nasdaq.com/api/quote/UDOW/historical?assetclass=etf&fromdate=2016-07-26&todate=2026-07-26&limit=5000
UDOW,2017-11-29,21.32,21.43,21.2007,21.3625,2927472,,https://api.nasdaq.com/api/quote/UDOW/historical?assetclass=etf&fromdate=2016-07-26&todate=2026-07-26&limit=5000
UDOW,2017-11-30,21.725,22.4375,21.6275,22.2825,4347160,,https://api.nasdaq.com/api/quote/UDOW/historical?assetclass=etf&fromdate=2016-07-26&todate=2026-07-26&limit=5000
UDOW,2017-12-01,22.35,22.435,21.3253,22.1925,4966328,,https://api.nasdaq.com/api/quote/UDOW/historical?assetclass=etf&fromdate=2016-07-26&todate=2026-07-26&limit=5000
UDOW,2017-12-04,22.925,23.025,22.345,22.36,4949540,,https://api.nasdaq.com/api/quote/UDOW/historical?assetclass=etf&fromdate=2016-07-26&todate=2026-07-26&limit=5000
UDOW,2017-12-05,22.5475,22.5475,21.9675,22.045,2616624,,https://api.nasdaq.com/api/quote/UDOW/historical?assetclass=etf&fromdate=2016-07-26&todate=2026-07-26&limit=5000
UDOW,2017-12-06,21.925,22.172,21.9033,21.925,1621732,,https://api.nasdaq.com/api/quote/UDOW/historical?assetclass=etf&fromdate=2016-07-26&todate=2026-07-26&limit=5000
UDOW,2017-12-07,21.8325,22.2625,21.805,22.135,1377992,,https://api.nasdaq.com/api/quote/UDOW/historical?assetclass=etf&fromdate=2016-07-26&todate=2026-07-26&limit=5000
UDOW,2017-12-08,22.365,22.4725,22.1828,22.4725,1946752,,https://api.nasdaq.com/api/quote/UDOW/historical?assetclass=etf&fromdate=2016-07-26&todate=2026-07-26&limit=5000
UDOW,2017-12-11,22.545,22.635,22.4275,22.635,1381076,,https://api.nasdaq.com/api/quote/UDOW/historical?assetclass=etf&fromdate=2016-07-26&todate=2026-07-26&limit=5000
UDOW,2017-12-12,22.815,23.09,22.79,22.975,2739240,,https://api.nasdaq.com/api/quote/UDOW/historical?assetclass=etf&fromdate=2016-07-26&todate=2026-07-26&limit=5000
UDOW,2017-12-13,23.07,23.4025,23.0275,23.225,3245560,,https://api.nasdaq.com/api/quote/UDOW/historical?assetclass=etf&fromdate=2016-07-26&todate=2026-07-26&limit=5000
UDOW,2017-12-14,23.4125,23.415,22.97,23.0175,3076212,,https://api.nasdaq.com/api/quote/UDOW/historical?assetclass=etf&fromdate=2016-07-26&todate=2026-07-26&limit=5000
UDOW,2017-12-15,23.325,23.4625,23.22,23.3525,2469448,,https://api.nasdaq.com/api/quote/UDOW/historical?assetclass=etf&fromdate=2016-07-26&todate=2026-07-26&limit=5000
UDOW,2017-12-18,23.8625,23.9919,23.7025,23.7925,3536232,,https://api.nasdaq.com/api/quote/UDOW/historical?assetclass=etf&fromdate=2016-07-26&todate=2026-07-26&limit=5000
UDOW,2017-12-19,23.925,23.925,23.5275,23.6375,2672476,,https://api.nasdaq.com/api/quote/UDOW/historical?assetclass=etf&fromdate=2016-07-26&todate=2026-07-26&limit=5000
UDOW,2017-12-20,23.93,23.935,23.4725,23.575,2136644,,https://api.nasdaq.com/api/quote/UDOW/historical?assetclass=etf&fromdate=2016-07-26&todate=2026-07-26&limit=5000
UDOW,2017-12-21,23.7175,23.8925,23.6533,23.72,1932048,,https://api.nasdaq.com/api/quote/UDOW/historical?assetclass=etf&fromdate=2016-07-26&todate=2026-07-26&limit=5000
UDOW,2017-12-22,23.675,23.7,23.52,23.6425,1650248,,https://api.nasdaq.com/api/quote/UDOW/historical?assetclass=etf&fromdate=2016-07-26&todate=2026-07-26&limit=5000
UDOW,2017-12-26,23.43,23.66,23.43,23.575,921864,,https://api.nasdaq.com/api/quote/UDOW/historical?assetclass=etf&fromdate=2016-07-26&todate=2026-07-26&limit=5000
UDOW,2017-12-27,23.545,23.6974,23.525,23.65,758988,,https://api.nasdaq.com/api/quote/UDOW/historical?assetclass=etf&fromdate=2016-07-26&todate=2026-07-26&limit=5000
UDOW,2017-12-28,23.775,23.815,23.7025,23.77,1416992,,https://api.nasdaq.com/api/quote/UDOW/historical?assetclass=etf&fromdate=2016-07-26&todate=2026-07-26&limit=5000
UDOW,2017-12-29,23.935,23.935,23.53,23.5725,2054104,,https://api.nasdaq.com/api/quote/UDOW/historical?assetclass=etf&fromdate=2016-07-26&todate=2026-07-26&limit=5000
UDOW,2018-01-02,23.875,23.88,23.5375,23.7825,2510048,,https://api.nasdaq.com/api/quote/UDOW/historical?assetclass=etf&fromdate=2016-07-26&todate=2026-07-26&limit=5000
UDOW,2018-01-03,23.815,24.1,23.78,24.025,2448624,,https://api.nasdaq.com/api/quote/UDOW/historical?assetclass=etf&fromdate=2016-07-26&todate=2026-07-26&limit=5000
UDOW,2018-01-04,24.315,24.595,24.2275,24.485,2551492,,https://api.nasdaq.com/api/quote/UDOW/historical?assetclass=etf&fromdate=2016-07-26&todate=2026-07-26&limit=5000
UDOW,2018-01-05,24.75,25.15,24.6025,25.1425,2821732,,https://api.nasdaq.com/api/quote/UDOW/historical?assetclass=etf&fromdate=2016-07-26&todate=2026-07-26&limit=5000
UDOW,2018-01-08,25.1775,25.1925,24.9675,25.1,2605384,,https://api.nasdaq.com/api/quote/UDOW/historical?assetclass=etf&fromdate=2016-07-26&todate=2026-07-26&limit=5000
UDOW,2018-01-09,25.28,25.585,25.2275,25.47,3303092,,https://api.nasdaq.com/api/quote/UDOW/historical?assetclass=etf&fromdate=2016-07-26&todate=2026-07-26&limit=5000
UDOW,2018-01-10,25.205,25.465,25.0275,25.3675,2615804,,https://api.nasdaq.com/api/quote/UDOW/historical?assetclass=etf&fromdate=2016-07-26&todate=2026-07-26&limit=5000
UDOW,2018-01-11,25.5075,25.98,25.43,25.935,3908876,,https://api.nasdaq.com/api/quote/UDOW/historical?assetclass=etf&fromdate=2016-07-26&todate=2026-07-26&limit=5000
UDOW,2018-01-12,26.28,26.68,26.225,26.68,4264700,,https://api.nasdaq.com/api/quote/UDOW/historical?assetclass=etf&fromdate=2016-07-26&todate=2026-07-26&limit=5000
UDOW,2018-01-16,27.35,27.5337,26.34,26.6325,7151032,,https://api.nasdaq.com/api/quote/UDOW/historical?assetclass=etf&fromdate=2016-07-26&todate=2026-07-26&limit=5000
UDOW,2018-01-17,27.1125,27.6675,26.85,27.65,4911260,,https://api.nasdaq.com/api/quote/UDOW/historical?assetclass=etf&fromdate=2016-07-26&todate=2026-07-26&limit=5000
UDOW,2018-01-18,27.6025,27.6767,27.0875,27.3525,5114776,,https://api.nasdaq.com/api/quote/UDOW/historical?assetclass=etf&fromdate=2016-07-26&todate=2026-07-26&limit=5000
UDOW,2018-01-19,27.3475,27.5,27.095,27.5,3714248,,https://api.nasdaq.com/api/quote/UDOW/historical?assetclass=etf&fromdate=2016-07-26&todate=2026-07-26&limit=5000
UDOW,2018-01-22,27.2525,27.96,27.21,27.96,5329628,,https://api.nasdaq.com/api/quote/UDOW/historical?assetclass=etf&fromdate=2016-07-26&todate=2026-07-26&limit=5000
UDOW,2018-01-23,27.915,28.0425,27.72,27.9525,4185764,,https://api.nasdaq.com/api/quote/UDOW/historical?assetclass=etf&fromdate=2016-07-26&todate=2026-07-26&limit=5000
UDOW,2018-01-24,28.25,28.515,27.5875,28.1625,6058016,,https://api.nasdaq.com/api/quote/UDOW/historical?assetclass=etf&fromdate=2016-07-26&todate=2026-07-26&limit=5000
UDOW,2018-01-25,28.45,28.705,28.075,28.5,4965176,,https://api.nasdaq.com/api/quote/UDOW/historical?assetclass=etf&fromdate=2016-07-26&todate=2026-07-26&limit=5000
UDOW,2018-01-26,28.68,29.205,28.5925,29.205,3332244,,https://api.nasdaq.com/api/quote/UDOW/historical?assetclass=etf&fromdate=2016-07-26&todate=2026-07-26&limit=5000
UDOW,2018-01-29,29.0675,29.19,28.625,28.6425,5297964,,https://api.nasdaq.com/api/quote/UDOW/historical?assetclass=etf&fromdate=2016-07-26&todate=2026-07-26&limit=5000
UDOW,2018-01-30,27.735,28.0462,27.28,27.435,10705696,,https://api.nasdaq.com/api/quote/UDOW/historical?assetclass=etf&fromdate=2016-07-26&todate=2026-07-26&limit=5000
UDOW,2018-01-31,28.165,28.2625,27.3502,27.735,5324288,,https://api.nasdaq.com/api/quote/UDOW/historical?assetclass=etf&fromdate=2016-07-26&todate=2026-07-26&limit=5000
UDOW,2018-02-01,27.1575,28.17,27.1575,27.7775,4744556,,https://api.nasdaq.com/api/quote/UDOW/historical?assetclass=etf&fromdate=2016-07-26&todate=2026-07-26&limit=5000
UDOW,2018-02-02,27.0875,27.18,25.5625,25.65,12952100,,https://api.nasdaq.com/api/quote/UDOW/historical?assetclass=etf&fromdate=2016-07-26&todate=2026-07-26&limit=5000
UDOW,2018-02-05,24.7475,25.65,20.625,22.0625,15347848,,https://api.nasdaq.com/api/quote/UDOW/historical?assetclass=etf&fromdate=2016-07-26&todate=2026-07-26&limit=5000
UDOW,2018-02-06,20.7775,23.75,20.5125,23.645,12382492,,https://api.nasdaq.com/api/quote/UDOW/historical?assetclass=etf&fromdate=2016-07-26&todate=2026-07-26&limit=5000
UDOW,2018-02-07,23.46,24.7375,23.2675,23.5025,11324132,,https://api.nasdaq.com/api/quote/UDOW/historical?assetclass=etf&fromdate=2016-07-26&todate=2026-07-26&limit=5000
UDOW,2018-02-08,23.64,23.69,20.7875,20.79,12228928,,https://api.nasdaq.com/api/quote/UDOW/historical?assetclass=etf&fromdate=2016-07-26&todate=2026-07-26&limit=5000
UDOW,2018-02-09,21.41,22.0809,19.4208,21.5925,14547996,,https://api.nasdaq.com/api/quote/UDOW/historical?assetclass=etf&fromdate=2016-07-26&todate=2026-07-26&limit=5000
UDOW,2018-02-12,22.1375,23.1247,21.8427,22.7075,8402264,,https://api.nasdaq.com/api/quote/UDOW/historical?assetclass=etf&fromdate=2016-07-26&todate=2026-07-26&limit=5000
UDOW,2018-02-13,22.325,22.975,22.16,22.8125,4837816,,https://api.nasdaq.com/api/quote/UDOW/historical?assetclass=etf&fromdate=2016-07-26&todate=2026-07-26&limit=5000
UDOW,2018-02-14,22.415,23.59,22.3725,23.51,6819348,,https://api.nasdaq.com/api/quote/UDOW/historical?assetclass=etf&fromdate=2016-07-26&todate=2026-07-26&limit=5000
UDOW,2018-02-15,24.2,24.45,23.3002,24.45,8267124,,https://api.nasdaq.com/api/quote/UDOW/historical?assetclass=etf&fromdate=2016-07-26&todate=2026-07-26&limit=5000
UDOW,2018-02-16,24.2525,25.1,24.2425,24.45,7098912,,https://api.nasdaq.com/api/quote/UDOW/historical?assetclass=etf&fromdate=2016-07-26&todate=2026-07-26&limit=5000
UDOW,2018-02-20,24.02,24.3573,23.4825,23.73,6015672,,https://api.nasdaq.com/api/quote/UDOW/historical?assetclass=etf&fromdate=2016-07-26&todate=2026-07-26&limit=5000
UDOW,2018-02-21,23.78,24.5975,23.23,23.235,6121048,,https://api.nasdaq.com/api/quote/UDOW/historical?assetclass=etf&fromdate=2016-07-26&todate=2026-07-26&limit=5000
UDOW,2018-02-22,23.5125,24.25,23.455,23.7175,6000384,,https://api.nasdaq.com/api/quote/UDOW/historical?assetclass=etf&fromdate=2016-07-26&todate=2026-07-26&limit=5000
UDOW,2018-02-23,24.115,24.7175,23.8871,24.7175,5409096,,https://api.nasdaq.com/api/quote/UDOW/historical?assetclass=etf&fromdate=2016-07-26&todate=2026-07-26&limit=5000
UDOW,2018-02-26,25.105,25.9425,25.05,25.8875,7054844,,https://api.nasdaq.com/api/quote/UDOW/historical?assetclass=etf&fromdate=2016-07-26&todate=2026-07-26&limit=5000
UDOW,2018-02-27,25.97,26.1528,24.97,24.9725,6955040,,https://api.nasdaq.com/api/quote/UDOW/historical?assetclass=etf&fromdate=2016-07-26&todate=2026-07-26&limit=5000
UDOW,2018-02-28,25.355,25.51,23.8675,23.8775,6236676,,https://api.nasdaq.com/api/quote/UDOW/historical?assetclass=etf&fromdate=2016-07-26&todate=2026-07-26&limit=5000
UDOW,2018-03-01,23.8425,24.3313,22.1875,22.655,10448700,,https://api.nasdaq.com/api/quote/UDOW/historical?assetclass=etf&fromdate=2016-07-26&todate=2026-07-26&limit=5000
UDOW,2018-03-02,21.9225,22.63,21.5875,22.4825,8791684,,https://api.nasdaq.com/api/quote/UDOW/historical?assetclass=etf&fromdate=2016-07-26&todate=2026-07-26&limit=5000
UDOW,2018-03-05,22.07,23.6325,22.06,23.4075,6392584,,https://api.nasdaq.com/api/quote/UDOW/historical?assetclass=etf&fromdate=2016-07-26&todate=2026-07-26&limit=5000
UDOW,2018-03-06,23.78,23.8,22.9347,23.44,6306548,,https://api.nasdaq.com/api/quote/UDOW/historical?assetclass=etf&fromdate=2016-07-26&todate=2026-07-26&limit=5000
UDOW,2018-03-07,22.59,23.335,22.45,23.215,6640628,,https://api.nasdaq.com/api/quote/UDOW/historical?assetclass=etf&fromdate=2016-07-26&todate=2026-07-26&limit=5000
UDOW,2018-03-08,23.5,23.6475,22.95,23.495,5416984,,https://api.nasdaq.com/api/quote/UDOW/historical?assetclass=etf&fromdate=2016-07-26&todate=2026-07-26&limit=5000
UDOW,2018-03-09,23.9775,24.7375,23.825,24.7175,6600008,,https://api.nasdaq.com/api/quote/UDOW/historical?assetclass=etf&fromdate=2016-07-26&todate=2026-07-26&limit=5000
UDOW,2018-03-12,24.88,25.0775,24.195,24.2775,6774852,,https://api.nasdaq.com/api/quote/UDOW/historical?assetclass=etf&fromdate=2016-07-26&todate=2026-07-26&limit=5000
UDOW,2018-03-13,24.6275,24.845,23.595,23.785,6310736,,https://api.nasdaq.com/api/quote/UDOW/historical?assetclass=etf&fromdate=2016-07-26&todate=2026-07-26&limit=5000
UDOW,2018-03-14,24.105,24.1531,22.82,23.11,6320940,,https://api.nasdaq.com/api/quote/UDOW/historical?assetclass=etf&fromdate=2016-07-26&todate=2026-07-26&limit=5000
UDOW,2018-03-15,23.3675,23.9,23.0625,23.4075,5592412,,https://api.nasdaq.com/api/quote/UDOW/historical?assetclass=etf&fromdate=2016-07-26&todate=2026-07-26&limit=5000
UDOW,2018-03-16,23.42,23.8325,23.3438,23.5525,3141128,,https://api.nasdaq.com/api/quote/UDOW/historical?assetclass=etf&fromdate=2016-07-26&todate=2026-07-26&limit=5000
UDOW,2018-03-19,23.25,23.3125,22.1875,22.6575,6201580,,https://api.nasdaq.com/api/quote/UDOW/historical?assetclass=etf&fromdate=2016-07-26&todate=2026-07-26&limit=5000
UDOW,2018-03-20,22.755,23.1642,22.755,22.98,2759804,,https://api.nasdaq.com/api/quote/UDOW/historical?assetclass=etf&fromdate=2016-07-26&todate=2026-07-26&limit=5000
UDOW,2018-03-21,22.9075,23.625,22.7175,22.79,4818008,,https://api.nasdaq.com/api/quote/UDOW/historical?assetclass=etf&fromdate=2016-07-26&todate=2026-07-26&limit=5000
UDOW,2018-03-22,22.0675,22.325,20.7204,20.7925,10282692,,https://api.nasdaq.com/api/quote/UDOW/historical?assetclass=etf&fromdate=2016-07-26&todate=2026-07-26&limit=5000
UDOW,2018-03-23,20.92,21.1675,19.6,19.6775,8123100,,https://api.nasdaq.com/api/quote/UDOW/historical?assetclass=etf&fromdate=2016-07-26&todate=2026-07-26&limit=5000
UDOW,2018-03-26,20.645,21.415,20.175,21.3625,6827564,,https://api.nasdaq.com/api/quote/UDOW/historical?assetclass=etf&fromdate=2016-07-26&todate=2026-07-26&limit=5000
UDOW,2018-03-27,21.71,21.9825,20.025,20.3975,8305584,,https://api.nasdaq.com/api/quote/UDOW/historical?assetclass=etf&fromdate=2016-07-26&todate=2026-07-26&limit=5000
UDOW,2018-03-28,20.5275,21.03,20.0625,20.37,5765372,,https://api.nasdaq.com/api/quote/UDOW/historical?assetclass=etf&fromdate=2016-07-26&todate=2026-07-26&limit=5000
UDOW,2018-03-29,20.72,21.5775,20.5825,21.195,5197256,,https://api.nasdaq.com/api/quote/UDOW/historical?assetclass=etf&fromdate=2016-07-26&todate=2026-07-26&limit=5000
UDOW,2018-04-02,20.9225,21.07,19.04,19.8075,8520008,,https://api.nasdaq.com/api/quote/UDOW/historical?assetclass=etf&fromdate=2016-07-26&todate=2026-07-26&limit=5000
UDOW,2018-04-03,20.125,20.8325,19.8775,20.81,7318720,,https://api.nasdaq.com/api/quote/UDOW/historical?assetclass=etf&fromdate=2016-07-26&todate=2026-07-26&limit=5000
UDOW,2018-04-04,19.485,21.5175,19.4375,21.3975,7392160,,https://api.nasdaq.com/api/quote/UDOW/historical?assetclass=etf&fromdate=2016-07-26&todate=2026-07-26&limit=5000
UDOW,2018-04-05,21.745,22.355,21.645,22.01,7880152,,https://api.nasdaq.com/api/quote/UDOW/historical?assetclass=etf&fromdate=2016-07-26&todate=2026-07-26&limit=5000
UDOW,2018-04-06,21.35,21.8612,19.9825,20.4875,9634576,,https://api.nasdaq.com/api/quote/UDOW/historical?assetclass=etf&fromdate=2016-07-26&todate=2026-07-26&limit=5000
UDOW,2018-04-09,21,21.64,20.565,20.62,6707648,,https://api.nasdaq.com/api/quote/UDOW/historical?assetclass=etf&fromdate=2016-07-26&todate=2026-07-26&limit=5000
UDOW,2018-04-10,21.565,21.9875,21.26,21.7375,7375480,,https://api.nasdaq.com/api/quote/UDOW/historical?assetclass=etf&fromdate=2016-07-26&todate=2026-07-26&limit=5000
UDOW,2018-04-11,21.205,21.6175,21.0374,21.1575,4893988,,https://api.nasdaq.com/api/quote/UDOW/historical?assetclass=etf&fromdate=2016-07-26&todate=2026-07-26&limit=5000
UDOW,2018-04-12,21.6175,22.1875,21.565,21.8875,5147048,,https://api.nasdaq.com/api/quote/UDOW/historical?assetclass=etf&fromdate=2016-07-26&todate=2026-07-26&limit=5000
UDOW,2018-04-13,22.3675,22.3675,21.2525,21.5675,5822876,,https://api.nasdaq.com/api/quote/UDOW/historical?assetclass=etf&fromdate=2016-07-26&todate=2026-07-26&limit=5000
UDOW,2018-04-16,22.015,22.4,21.8878,22.1225,4527676,,https://api.nasdaq.com/api/quote/UDOW/historical?assetclass=etf&fromdate=2016-07-26&todate=2026-07-26&limit=5000
UDOW,2018-04-17,22.8025,22.9,22.575,22.74,6522776,,https://api.nasdaq.com/api/quote/UDOW/historical?assetclass=etf&fromdate=2016-07-26&todate=2026-07-26&limit=5000
UDOW,2018-04-18,22.7575,22.8275,22.5188,22.5975,3432940,,https://api.nasdaq.com/api/quote/UDOW/historical?assetclass=etf&fromdate=2016-07-26&todate=2026-07-26&limit=5000
UDOW,2018-04-19,22.4,22.64,22.0703,22.365,3674408,,https://api.nasdaq.com/api/quote/UDOW/historical?assetclass=etf&fromdate=2016-07-26&todate=2026-07-26&limit=5000
UDOW,2018-04-20,22.39,22.4175,21.5875,21.825,4244580,,https://api.nasdaq.com/api/quote/UDOW/historical?assetclass=etf&fromdate=2016-07-26&todate=2026-07-26&limit=5000
UDOW,2018-04-23,21.9775,22.0075,21.46,21.78,3415488,,https://api.nasdaq.com/api/quote/UDOW/historical?assetclass=etf&fromdate=2016-07-26&todate=2026-07-26&limit=5000
UDOW,2018-04-24,22.085,22.1157,20.125,20.6625,8472836,,https://api.nasdaq.com/api/quote/UDOW/historical?assetclass=etf&fromdate=2016-07-26&todate=2026-07-26&limit=5000
UDOW,2018-04-25,20.7125,20.965,20.1253,20.7875,6284188,,https://api.nasdaq.com/api/quote/UDOW/historical?assetclass=etf&fromdate=2016-07-26&todate=2026-07-26&limit=5000
UDOW,2018-04-26,20.99,21.6125,20.9025,21.4,4839776,,https://api.nasdaq.com/api/quote/UDOW/historical?assetclass=etf&fromdate=2016-07-26&todate=2026-07-26&limit=5000
UDOW,2018-04-27,21.36,21.495,21.0625,21.36,3637312,,https://api.nasdaq.com/api/quote/UDOW/historical?assetclass=etf&fromdate=2016-07-26&todate=2026-07-26&limit=5000
UDOW,2018-04-30,21.655,21.8625,20.9975,20.9975,3516580,,https://api.nasdaq.com/api/quote/UDOW/historical?assetclass=etf&fromdate=2016-07-26&todate=2026-07-26&limit=5000
UDOW,2018-05-01,20.805,20.8213,20.0451,20.785,7064032,,https://api.nasdaq.com/api/quote/UDOW/historical?assetclass=etf&fromdate=2016-07-26&todate=2026-07-26&limit=5000
UDOW,2018-05-02,20.725,21.0364,20.26,20.345,3765200,,https://api.nasdaq.com/api/quote/UDOW/historical?assetclass=etf&fromdate=2016-07-26&todate=2026-07-26&limit=5000
UDOW,2018-05-03,20.085,20.5275,19.33,20.35,10780152,,https://api.nasdaq.com/api/quote/UDOW/historical?assetclass=etf&fromdate=2016-07-26&todate=2026-07-26&limit=5000
UDOW,2018-05-04,20.1125,21.3875,19.985,21.22,7375348,,https://api.nasdaq.com/api/quote/UDOW/historical?assetclass=etf&fromdate=2016-07-26&todate=2026-07-26&limit=5000
UDOW,2018-05-07,21.435,21.775,21.2,21.45,11570656,,https://api.nasdaq.com/api/quote/UDOW/historical?assetclass=etf&fromdate=2016-07-26&todate=2026-07-26&limit=5000
UDOW,2018-05-08,21.4,21.595,21.025,21.445,4118672,,https://api.nasdaq.com/api/quote/UDOW/historical?assetclass=etf&fromdate=2016-07-26&todate=2026-07-26&limit=5000
UDOW,2018-05-09,21.6725,22.0825,21.3865,21.98,4835416,,https://api.nasdaq.com/api/quote/UDOW/historical?assetclass=etf&fromdate=2016-07-26&todate=2026-07-26&limit=5000
UDOW,2018-05-10,22.125,22.68,22.11,22.5325,4579364,,https://api.nasdaq.com/api/quote/UDOW/historical?assetclass=etf&fromdate=2016-07-26&todate=2026-07-26&limit=5000
UDOW,2018-05-11,22.555,22.905,22.485,22.7925,4494556,,https://api.nasdaq.com/api/quote/UDOW/historical?assetclass=etf&fromdate=2016-07-26&todate=2026-07-26&limit=5000
UDOW,2018-05-14,23.0375,23.2525,22.8775,23,5049788,,https://api.nasdaq.com/api/quote/UDOW/historical?assetclass=etf&fromdate=2016-07-26&todate=2026-07-26&limit=5000
UDOW,2018-05-15,22.655,22.6975,22.2325,22.465,4643928,,https://api.nasdaq.com/api/quote/UDOW/historical?assetclass=etf&fromdate=2016-07-26&todate=2026-07-26&limit=5000
UDOW,2018-05-16,22.43,22.7125,22.3609,22.6225,2991420,,https://api.nasdaq.com/api/quote/UDOW/historical?assetclass=etf&fromdate=2016-07-26&todate=2026-07-26&limit=5000
UDOW,2018-05-17,22.57,22.8675,22.32,22.535,3105564,,https://api.nasdaq.com/api/quote/UDOW/historical?assetclass=etf&fromdate=2016-07-26&todate=2026-07-26&limit=5000
UDOW,2018-05-18,22.5525,22.6975,22.39,22.52,2344580,,https://api.nasdaq.com/api/quote/UDOW/historical?assetclass=etf&fromdate=2016-07-26&todate=2026-07-26&limit=5000
UDOW,2018-05-21,23.15,23.53,23.1495,23.3425,4703748,,https://api.nasdaq.com/api/quote/UDOW/historical?assetclass=etf&fromdate=2016-07-26&todate=2026-07-26&limit=5000
UDOW,2018-05-22,23.47,23.4925,22.775,22.835,3592256,,https://api.nasdaq.com/api/quote/UDOW/historical?assetclass=etf&fromdate=2016-07-26&todate=2026-07-26&limit=5000
UDOW,2018-05-23,22.455,22.9825,22.37,22.98,4094068,,https://api.nasdaq.com/api/quote/UDOW/historical?assetclass=etf&fromdate=2016-07-26&todate=2026-07-26&limit=5000
UDOW,2018-05-24,22.8125,22.9022,22.187,22.7625,4656912,,https://api.nasdaq.com/api/quote/UDOW/historical?assetclass=etf&fromdate=2016-07-26&todate=2026-07-26&limit=5000
UDOW,2018-05-25,22.6275,22.8,22.42,22.5825,2884628,,https://api.nasdaq.com/api/quote/UDOW/historical?assetclass=etf&fromdate=2016-07-26&todate=2026-07-26&limit=5000
UDOW,2018-05-29,22.0425,22.2775,21.21,21.5325,10048708,,https://api.nasdaq.com/api/quote/UDOW/historical?assetclass=etf&fromdate=2016-07-26&todate=2026-07-26&limit=5000
UDOW,2018-05-30,21.9525,22.495,21.8175,22.3625,4236800,,https://api.nasdaq.com/api/quote/UDOW/historical?assetclass=etf&fromdate=2016-07-26&todate=2026-07-26&limit=5000
UDOW,2018-05-31,22.15,22.16,21.5025,21.6825,5804496,,https://api.nasdaq.com/api/quote/UDOW/historical?assetclass=etf&fromdate=2016-07-26&todate=2026-07-26&limit=5000
UDOW,2018-06-01,22.1775,22.3825,22.07,22.255,4198856,,https://api.nasdaq.com/api/quote/UDOW/historical?assetclass=etf&fromdate=2016-07-26&todate=2026-07-26&limit=5000
UDOW,2018-06-04,22.625,22.8825,22.5875,22.745,3523852,,https://api.nasdaq.com/api/quote/UDOW/historical?assetclass=etf&fromdate=2016-07-26&todate=2026-07-26&limit=5000
UDOW,2018-06-05,22.7425,22.825,22.47,22.695,3224164,,https://api.nasdaq.com/api/quote/UDOW/historical?assetclass=etf&fromdate=2016-07-26&todate=2026-07-26&limit=5000
UDOW,2018-06-06,23.0375,23.6475,22.8775,23.6425,4354768,,https://api.nasdaq.com/api/quote/UDOW/historical?assetclass=etf&fromdate=2016-07-26&todate=2026-07-26&limit=5000
UDOW,2018-06-07,23.85,24.175,23.715,23.94,5208332,,https://api.nasdaq.com/api/quote/UDOW/historical?assetclass=etf&fromdate=2016-07-26&todate=2026-07-26&limit=5000
UDOW,2018-06-08,23.8125,24.175,23.7125,24.15,3429052,,https://api.nasdaq.com/api/quote/UDOW/historical?assetclass=etf&fromdate=2016-07-26&todate=2026-07-26&limit=5000
UDOW,2018-06-11,24.2475,24.3897,24.0687,24.1825,2660256,,https://api.nasdaq.com/api/quote/UDOW/historical?assetclass=etf&fromdate=2016-07-26&todate=2026-07-26&limit=5000
UDOW,2018-06-12,24.2925,24.2925,23.9425,24.1725,3216372,,https://api.nasdaq.com/api/quote/UDOW/historical?assetclass=etf&fromdate=2016-07-26&todate=2026-07-26&limit=5000
UDOW,2018-06-13,24.2,24.2575,23.7737,23.8025,2874168,,https://api.nasdaq.com/api/quote/UDOW/historical?assetclass=etf&fromdate=2016-07-26&todate=2026-07-26&limit=5000
UDOW,2018-06-14,24.085,24.1818,23.625,23.765,3095276,,https://api.nasdaq.com/api/quote/UDOW/historical?assetclass=etf&fromdate=2016-07-26&todate=2026-07-26&limit=5000
UDOW,2018-06-15,23.33,23.625,22.9537,23.5275,5204844,,https://api.nasdaq.com/api/quote/UDOW/historical?assetclass=etf&fromdate=2016-07-26&todate=2026-07-26&limit=5000
UDOW,2018-06-18,22.995,23.2575,22.7675,23.205,3198504,,https://api.nasdaq.com/api/quote/UDOW/historical?assetclass=etf&fromdate=2016-07-26&todate=2026-07-26&limit=5000
UDOW,2018-06-19,22.3325,22.5025,22.04,22.41,6737660,,https://api.nasdaq.com/api/quote/UDOW/historical?assetclass=etf&fromdate=2016-07-26&todate=2026-07-26&limit=5000
UDOW,2018-06-20,22.72,22.72,22.1875,22.285,4504196,,https://api.nasdaq.com/api/quote/UDOW/historical?assetclass=etf&fromdate=2016-07-26&todate=2026-07-26&limit=5000
UDOW,2018-06-21,22.1125,22.1149,21.57,21.745,4890992,,https://api.nasdaq.com/api/quote/UDOW/historical?assetclass=etf&fromdate=2016-07-26&todate=2026-07-26&limit=5000
UDOW,2018-06-22,22.095,22.26,21.9755,22.0225,3565036,,https://api.nasdaq.com/api/quote/UDOW/historical?assetclass=etf&fromdate=2016-07-26&todate=2026-07-26&limit=5000
UDOW,2018-06-25,21.625,21.68,20.6925,21.1475,8531532,,https://api.nasdaq.com/api/quote/UDOW/historical?assetclass=etf&fromdate=2016-07-26&todate=2026-07-26&limit=5000
UDOW,2018-06-26,21.265,21.485,21.1125,21.2275,2791308,,https://api.nasdaq.com/api/quote/UDOW/historical?assetclass=etf&fromdate=2016-07-26&todate=2026-07-26&limit=5000
UDOW,2018-06-27,21.3825,21.9624,20.7866,20.81,5643504,,https://api.nasdaq.com/api/quote/UDOW/historical?assetclass=etf&fromdate=2016-07-26&todate=2026-07-26&limit=5000
UDOW,2018-06-28,20.625,21.2688,20.4647,21.0325,4077308,,https://api.nasdaq.com/api/quote/UDOW/historical?assetclass=etf&fromdate=2016-07-26&todate=2026-07-26&limit=5000
UDOW,2018-06-29,21.3975,21.7925,21.18,21.1975,3125632,,https://api.nasdaq.com/api/quote/UDOW/historical?assetclass=etf&fromdate=2016-07-26&todate=2026-07-26&limit=5000
UDOW,2018-07-02,20.75,21.2825,20.65,21.2475,4391440,,https://api.nasdaq.com/api/quote/UDOW/historical?assetclass=etf&fromdate=2016-07-26&todate=2026-07-26&limit=5000
UDOW,2018-07-03,21.56,21.6125,20.842,20.9425,2069124,,https://api.nasdaq.com/api/quote/UDOW/historical?assetclass=etf&fromdate=2016-07-26&todate=2026-07-26&limit=5000
UDOW,2018-07-05,21.3,21.4292,20.9175,21.3875,3159400,,https://api.nasdaq.com/api/quote/UDOW/historical?assetclass=etf&fromdate=2016-07-26&todate=2026-07-26&limit=5000
UDOW,2018-07-06,21.3375,21.825,21.2037,21.6525,3538804,,https://api.nasdaq.com/api/quote/UDOW/historical?assetclass=etf&fromdate=2016-07-26&todate=2026-07-26&limit=5000
UDOW,2018-07-09,21.95,22.57,21.945,22.5325,4143660,,https://api.nasdaq.com/api/quote/UDOW/historical?assetclass=etf&fromdate=2016-07-26&todate=2026-07-26&limit=5000
UDOW,2018-07-10,22.7325,22.97,22.6879,22.9025,3454356,,https://api.nasdaq.com/api/quote/UDOW/historical?assetclass=etf&fromdate=2016-07-26&todate=2026-07-26&limit=5000
UDOW,2018-07-11,22.325,22.6,22.1925,22.3,4258116,,https://api.nasdaq.com/api/quote/UDOW/historical?assetclass=etf&fromdate=2016-07-26&todate=2026-07-26&limit=5000
UDOW,2018-07-12,22.845,22.9375,22.59,22.8925,3462872,,https://api.nasdaq.com/api/quote/UDOW/historical?assetclass=etf&fromdate=2016-07-26&todate=2026-07-26&limit=5000
UDOW,2018-07-13,22.8575,23.2075,22.7925,23.1325,3389052,,https://api.nasdaq.com/api/quote/UDOW/historical?assetclass=etf&fromdate=2016-07-26&todate=2026-07-26&limit=5000
UDOW,2018-07-16,23.1725,23.285,23.04,23.275,2241252,,https://api.nasdaq.com/api/quote/UDOW/historical?assetclass=etf&fromdate=2016-07-26&todate=2026-07-26&limit=5000
UDOW,2018-07-17,23.1875,23.5125,23.045,23.4175,3647244,,https://api.nasdaq.com/api/quote/UDOW/historical?assetclass=etf&fromdate=2016-07-26&todate=2026-07-26&limit=5000
UDOW,2018-07-18,23.465,23.6798,23.36,23.645,3111808,,https://api.nasdaq.com/api/quote/UDOW/historical?assetclass=etf&fromdate=2016-07-26&todate=2026-07-26&limit=5000
UDOW,2018-07-19,23.375,23.515,23.23,23.27,3069564,,https://api.nasdaq.com/api/quote/UDOW/historical?assetclass=etf&fromdate=2016-07-26&todate=2026-07-26&limit=5000
UDOW,2018-07-20,23.095,23.432,23.0625,23.245,1924576,,https://api.nasdaq.com/api/quote/UDOW/historical?assetclass=etf&fromdate=2016-07-26&todate=2026-07-26&limit=5000
UDOW,2018-07-23,23.195,23.3025,23.0375,23.215,1399244,,https://api.nasdaq.com/api/quote/UDOW/historical?assetclass=etf&fromdate=2016-07-26&todate=2026-07-26&limit=5000
UDOW,2018-07-24,23.51,23.8825,23.455,23.7625,3354516,,https://api.nasdaq.com/api/quote/UDOW/historical?assetclass=etf&fromdate=2016-07-26&todate=2026-07-26&limit=5000
UDOW,2018-07-25,23.6075,24.2868,23.3825,24.2375,3753736,,https://api.nasdaq.com/api/quote/UDOW/historical?assetclass=etf&fromdate=2016-07-26&todate=2026-07-26&limit=5000
UDOW,2018-07-26,24.3625,24.715,24.3625,24.5425,3731960,,https://api.nasdaq.com/api/quote/UDOW/historical?assetclass=etf&fromdate=2016-07-26&todate=2026-07-26&limit=5000
UDOW,2018-07-27,24.605,24.6914,24.0925,24.3325,4435248,,https://api.nasdaq.com/api/quote/UDOW/historical?assetclass=etf&fromdate=2016-07-26&todate=2026-07-26&limit=5000
UDOW,2018-07-30,24.3625,24.4595,23.8525,23.915,3199516,,https://api.nasdaq.com/api/quote/UDOW/historical?assetclass=etf&fromdate=2016-07-26&todate=2026-07-26&limit=5000
UDOW,2018-07-31,24.1525,24.4175,24.1112,24.2,2264212,,https://api.nasdaq.com/api/quote/UDOW/historical?assetclass=etf&fromdate=2016-07-26&todate=2026-07-26&limit=5000
UDOW,2018-08-01,24.2375,24.41,23.8175,23.97,1559160,,https://api.nasdaq.com/api/quote/UDOW/historical?assetclass=etf&fromdate=2016-07-26&todate=2026-07-26&limit=5000
UDOW,2018-08-02,23.5,24.04,23.371,23.94,2452720,,https://api.nasdaq.com/api/quote/UDOW/historical?assetclass=etf&fromdate=2016-07-26&todate=2026-07-26&limit=5000
UDOW,2018-08-03,23.9075,24.34,23.9075,24.3075,2372040,,https://api.nasdaq.com/api/quote/UDOW/historical?assetclass=etf&fromdate=2016-07-26&todate=2026-07-26&limit=5000
UDOW,2018-08-06,24.29,24.55,24.09,24.4325,2315892,,https://api.nasdaq.com/api/quote/UDOW/historical?assetclass=etf&fromdate=2016-07-26&todate=2026-07-26&limit=5000
UDOW,2018-08-07,24.7775,24.9875,24.6759,24.7975,2238876,,https://api.nasdaq.com/api/quote/UDOW/historical?assetclass=etf&fromdate=2016-07-26&todate=2026-07-26&limit=5000
UDOW,2018-08-08,24.8,24.8,24.5903,24.6725,1532168,,https://api.nasdaq.com/api/quote/UDOW/historical?assetclass=etf&fromdate=2016-07-26&todate=2026-07-26&limit=5000
UDOW,2018-08-09,24.6875,24.8175,24.46,24.495,1838612,,https://api.nasdaq.com/api/quote/UDOW/historical?assetclass=etf&fromdate=2016-07-26&todate=2026-07-26&limit=5000
UDOW,2018-08-10,24.04,24.1425,23.7147,23.965,3428728,,https://api.nasdaq.com/api/quote/UDOW/historical?assetclass=etf&fromdate=2016-07-26&todate=2026-07-26&limit=5000
UDOW,2018-08-13,24.0025,24.1525,23.51,23.6325,2953968,,https://api.nasdaq.com/api/quote/UDOW/historical?assetclass=etf&fromdate=2016-07-26&todate=2026-07-26&limit=5000
UDOW,2018-08-14,23.8325,24.0325,23.66,23.93,1745872,,https://api.nasdaq.com/api/quote/UDOW/historical?assetclass=etf&fromdate=2016-07-26&todate=2026-07-26&limit=5000
UDOW,2018-08-15,23.545,23.625,22.9818,23.555,3965620,,https://api.nasdaq.com/api/quote/UDOW/historical?assetclass=etf&fromdate=2016-07-26&todate=2026-07-26&limit=5000
UDOW,2018-08-16,24.245,24.8075,24.215,24.6625,3895380,,https://api.nasdaq.com/api/quote/UDOW/historical?assetclass=etf&fromdate=2016-07-26&todate=2026-07-26&limit=5000
UDOW,2018-08-17,24.58,25.1675,24.5685,24.9875,3585112,,https://api.nasdaq.com/api/quote/UDOW/historical?assetclass=etf&fromdate=2016-07-26&todate=2026-07-26&limit=5000
UDOW,2018-08-20,25.1625,25.3475,25.1232,25.255,2479912,,https://api.nasdaq.com/api/quote/UDOW/historical?assetclass=etf&fromdate=2016-07-26&todate=2026-07-26&limit=5000
UDOW,2018-08-21,25.4075,25.63,25.3475,25.445,2740056,,https://api.nasdaq.com/api/quote/UDOW/historical?assetclass=etf&fromdate=2016-07-26&todate=2026-07-26&limit=5000
UDOW,2018-08-22,25.4175,25.4768,25.1525,25.195,2439856,,https://api.nasdaq.com/api/quote/UDOW/historical?assetclass=etf&fromdate=2016-07-26&todate=2026-07-26&limit=5000
UDOW,2018-08-23,25.0475,25.275,24.8175,24.955,2269600,,https://api.nasdaq.com/api/quote/UDOW/historical?assetclass=etf&fromdate=2016-07-26&todate=2026-07-26&limit=5000
UDOW,2018-08-24,25.1625,25.45,25.12,25.3325,2446864,,https://api.nasdaq.com/api/quote/UDOW/historical?assetclass=etf&fromdate=2016-07-26&todate=2026-07-26&limit=5000
UDOW,2018-08-27,25.805,26.175,25.77,26.14,3199864,,https://api.nasdaq.com/api/quote/UDOW/historical?assetclass=etf&fromdate=2016-07-26&todate=2026-07-26&limit=5000
UDOW,2018-08-28,26.3875,26.39,26.1,26.19,2295680,,https://api.nasdaq.com/api/quote/UDOW/historical?assetclass=etf&fromdate=2016-07-26&todate=2026-07-26&limit=5000
UDOW,2018-08-29,26.2325,26.5022,26.1075,26.3925,2352644,,https://api.nasdaq.com/api/quote/UDOW/historical?assetclass=etf&fromdate=2016-07-26&todate=2026-07-26&limit=5000
UDOW,2018-08-30,26.1775,26.3,25.79,25.9725,4017928,,https://api.nasdaq.com/api/quote/UDOW/historical?assetclass=etf&fromdate=2016-07-26&todate=2026-07-26&limit=5000
UDOW,2018-08-31,25.8575,26.1025,25.64,25.8725,2720548,,https://api.nasdaq.com/api/quote/UDOW/historical?assetclass=etf&fromdate=2016-07-26&todate=2026-07-26&limit=5000
UDOW,2018-09-04,25.675,25.9175,25.4275,25.8575,1827772,,https://api.nasdaq.com/api/quote/UDOW/historical?assetclass=etf&fromdate=2016-07-26&todate=2026-07-26&limit=5000
UDOW,2018-09-05,25.6725,26.0275,25.6175,25.9325,1902184,,https://api.nasdaq.com/api/quote/UDOW/historical?assetclass=etf&fromdate=2016-07-26&todate=2026-07-26&limit=5000
UDOW,2018-09-06,25.9875,26.24,25.645,26.0025,2260168,,https://api.nasdaq.com/api/quote/UDOW/historical?assetclass=etf&fromdate=2016-07-26&todate=2026-07-26&limit=5000
UDOW,2018-09-07,25.7275,26.0275,25.4625,25.7725,2289924,,https://api.nasdaq.com/api/quote/UDOW/historical?assetclass=etf&fromdate=2016-07-26&todate=2026-07-26&limit=5000
UDOW,2018-09-10,26.065,26.1153,25.5825,25.59,1540908,,https://api.nasdaq.com/api/quote/UDOW/historical?assetclass=etf&fromdate=2016-07-26&todate=2026-07-26&limit=5000
UDOW,2018-09-11,25.375,26.0625,25.2825,25.915,1304460,,https://api.nasdaq.com/api/quote/UDOW/historical?assetclass=etf&fromdate=2016-07-26&todate=2026-07-26&limit=5000
UDOW,2018-09-12,25.9575,26.43,25.785,25.9675,2958320,,https://api.nasdaq.com/api/quote/UDOW/historical?assetclass=etf&fromdate=2016-07-26&todate=2026-07-26&limit=5000
UDOW,2018-09-13,26.3125,26.5625,26.1957,26.4325,1900624,,https://api.nasdaq.com/api/quote/UDOW/historical?assetclass=etf&fromdate=2016-07-26&todate=2026-07-26&limit=5000
UDOW,2018-09-14,26.5575,26.6305,26.2,26.4425,2002848,,https://api.nasdaq.com/api/quote/UDOW/historical?assetclass=etf&fromdate=2016-07-26&todate=2026-07-26&limit=5000
UDOW,2018-09-17,26.36,26.545,26.0875,26.1625,1282344,,https://api.nasdaq.com/api/quote/UDOW/historical?assetclass=etf&fromdate=2016-07-26&todate=2026-07-26&limit=5000
UDOW,2018-09-18,26.295,26.9325,26.2362,26.7425,1804140,,https://api.nasdaq.com/api/quote/UDOW/historical?assetclass=etf&fromdate=2016-07-26&todate=2026-07-26&limit=5000
UDOW,2018-09-19,26.78,27.3802,26.78,27.23,1555060,,https://api.nasdaq.com/api/quote/UDOW/historical?assetclass=etf&fromdate=2016-07-26&todate=2026-07-26&limit=5000
UDOW,2018-09-20,27.695,28.09,27.6775,27.9975,2388320,,https://api.nasdaq.com/api/quote/UDOW/historical?assetclass=etf&fromdate=2016-07-26&todate=2026-07-26&limit=5000
UDOW,2018-09-21,28.355,28.3675,28.0425,28.2125,2182832,,https://api.nasdaq.com/api/quote/UDOW/historical?assetclass=etf&fromdate=2016-07-26&todate=2026-07-26&limit=5000
UDOW,2018-09-24,28.1225,28.1225,27.6163,27.6625,3338156,,https://api.nasdaq.com/api/quote/UDOW/historical?assetclass=etf&fromdate=2016-07-26&todate=2026-07-26&limit=5000
UDOW,2018-09-25,27.8475,27.88,27.383,27.4575,2060192,,https://api.nasdaq.com/api/quote/UDOW/historical?assetclass=etf&fromdate=2016-07-26&todate=2026-07-26&limit=5000
UDOW,2018-09-26,27.48,27.7625,26.9825,27.1125,1765272,,https://api.nasdaq.com/api/quote/UDOW/historical?assetclass=etf&fromdate=2016-07-26&todate=2026-07-26&limit=5000
UDOW,2018-09-27,27.28,27.6,27.055,27.2375,2118508,,https://api.nasdaq.com/api/quote/UDOW/historical?assetclass=etf&fromdate=2016-07-26&todate=2026-07-26&limit=5000
UDOW,2018-09-28,27.0425,27.4608,27.015,27.29,1903228,,https://api.nasdaq.com/api/quote/UDOW/historical?assetclass=etf&fromdate=2016-07-26&todate=2026-07-26&limit=5000
UDOW,2018-10-01,27.8175,28.1425,27.7116,27.935,2867848,,https://api.nasdaq.com/api/quote/UDOW/historical?assetclass=etf&fromdate=2016-07-26&todate=2026-07-26&limit=5000
UDOW,2018-10-02,27.8375,28.4125,27.8075,28.2875,2133172,,https://api.nasdaq.com/api/quote/UDOW/historical?assetclass=etf&fromdate=2016-07-26&todate=2026-07-26&limit=5000
UDOW,2018-10-03,28.675,28.805,28.3,28.4325,2388612,,https://api.nasdaq.com/api/quote/UDOW/historical?assetclass=etf&fromdate=2016-07-26&todate=2026-07-26&limit=5000
UDOW,2018-10-04,28.3,28.3175,27.3075,27.785,4602196,,https://api.nasdaq.com/api/quote/UDOW/historical?assetclass=etf&fromdate=2016-07-26&todate=2026-07-26&limit=5000
UDOW,2018-10-05,27.88,27.94,26.78,27.255,3410864,,https://api.nasdaq.com/api/quote/UDOW/historical?assetclass=etf&fromdate=2016-07-26&todate=2026-07-26&limit=5000
UDOW,2018-10-08,26.855,27.495,26.54,27.3875,3034356,,https://api.nasdaq.com/api/quote/UDOW/historical?assetclass=etf&fromdate=2016-07-26&todate=2026-07-26&limit=5000
UDOW,2018-10-09,27.285,27.5347,26.8615,27.205,2334384,,https://api.nasdaq.com/api/quote/UDOW/historical?assetclass=etf&fromdate=2016-07-26&todate=2026-07-26&limit=5000
UDOW,2018-10-10,27.155,27.155,24.585,24.7025,6455376,,https://api.nasdaq.com/api/quote/UDOW/historical?assetclass=etf&fromdate=2016-07-26&todate=2026-07-26&limit=5000
UDOW,2018-10-11,24.2825,24.8225,22.5875,23.0025,10120268,,https://api.nasdaq.com/api/quote/UDOW/historical?assetclass=etf&fromdate=2016-07-26&todate=2026-07-26&limit=5000
UDOW,2018-10-12,24.13,24.1625,22.8905,23.7875,6590440,,https://api.nasdaq.com/api/quote/UDOW/historical?assetclass=etf&fromdate=2016-07-26&todate=2026-07-26&limit=5000
UDOW,2018-10-15,23.705,24.2042,23.5325,23.56,3738112,,https://api.nasdaq.com/api/quote/UDOW/historical?assetclass=etf&fromdate=2016-07-26&todate=2026-07-26&limit=5000
UDOW,2018-10-16,24.1875,25.13,23.9925,25.0525,4653000,,https://api.nasdaq.com/api/quote/UDOW/historical?assetclass=etf&fromdate=2016-07-26&todate=2026-07-26&limit=5000
UDOW,2018-10-17,24.7875,25.1175,24.1625,24.8375,5342532,,https://api.nasdaq.com/api/quote/UDOW/historical?assetclass=etf&fromdate=2016-07-26&todate=2026-07-26&limit=5000
UDOW,2018-10-18,24.565,24.7575,23.4551,23.8518,6220560,,https://api.nasdaq.com/api/quote/UDOW/historical?assetclass=etf&fromdate=2016-07-26&todate=2026-07-26&limit=5000
UDOW,2018-10-19,24.115,24.5248,23.7925,24.035,4100584,,https://api.nasdaq.com/api/quote/UDOW/historical?assetclass=etf&fromdate=2016-07-26&todate=2026-07-26&limit=5000
UDOW,2018-10-22,24.25,24.375,23.46,23.7,3888576,,https://api.nasdaq.com/api/quote/UDOW/historical?assetclass=etf&fromdate=2016-07-26&todate=2026-07-26&limit=5000
UDOW,2018-10-23,22.51,23.6625,22.15,23.34,7530004,,https://api.nasdaq.com/api/quote/UDOW/historical?assetclass=etf&fromdate=2016-07-26&todate=2026-07-26&limit=5000
UDOW,2018-10-24,23.55,23.6475,21.5075,21.6525,5900292,,https://api.nasdaq.com/api/quote/UDOW/historical?assetclass=etf&fromdate=2016-07-26&todate=2026-07-26&limit=5000
UDOW,2018-10-25,22.055,23.0125,21.7925,22.71,4523092,,https://api.nasdaq.com/api/quote/UDOW/historical?assetclass=etf&fromdate=2016-07-26&todate=2026-07-26&limit=5000
UDOW,2018-10-26,22.075,22.5046,21.2203,21.875,7565336,,https://api.nasdaq.com/api/quote/UDOW/historical?assetclass=etf&fromdate=2016-07-26&todate=2026-07-26&limit=5000
UDOW,2018-10-29,22.4375,22.8034,20.365,21.2475,6637824,,https://api.nasdaq.com/api/quote/UDOW/historical?assetclass=etf&fromdate=2016-07-26&todate=2026-07-26&limit=5000
UDOW,2018-10-30,21.2025,22.4175,21.1625,22.3575,4028672,,https://api.nasdaq.com/api/quote/UDOW/historical?assetclass=etf&fromdate=2016-07-26&todate=2026-07-26&limit=5000
UDOW,2018-10-31,22.975,23.5775,22.815,22.99,4371888,,https://api.nasdaq.com/api/quote/UDOW/historical?assetclass=etf&fromdate=2016-07-26&todate=2026-07-26&limit=5000
UDOW,2018-11-01,23.305,23.745,22.95,23.7075,3846504,,https://api.nasdaq.com/api/quote/UDOW/historical?assetclass=etf&fromdate=2016-07-26&todate=2026-07-26&limit=5000
UDOW,2018-11-02,24.1975,24.24,22.8375,23.3525,4993440,,https://api.nasdaq.com/api/quote/UDOW/historical?assetclass=etf&fromdate=2016-07-26&todate=2026-07-26&limit=5000
UDOW,2018-11-05,23.4175,24.0375,23.3675,23.9,2841496,,https://api.nasdaq.com/api/quote/UDOW/historical?assetclass=etf&fromdate=2016-07-26&todate=2026-07-26&limit=5000
UDOW,2018-11-06,23.975,24.445,23.8725,24.4025,2291104,,https://api.nasdaq.com/api/quote/UDOW/historical?assetclass=etf&fromdate=2016-07-26&todate=2026-07-26&limit=5000
UDOW,2018-11-07,25.015,26.005,24.7684,25.93,4807024,,https://api.nasdaq.com/api/quote/UDOW/historical?assetclass=etf&fromdate=2016-07-26&todate=2026-07-26&limit=5000
UDOW,2018-11-08,25.9225,26.32,25.7338,26.075,4701656,,https://api.nasdaq.com/api/quote/UDOW/historical?assetclass=etf&fromdate=2016-07-26&todate=2026-07-26&limit=5000
UDOW,2018-11-09,25.75,25.87,25.155,25.4825,5008552,,https://api.nasdaq.com/api/quote/UDOW/historical?assetclass=etf&fromdate=2016-07-26&todate=2026-07-26&limit=5000
UDOW,2018-11-12,25.35,25.3788,23.5675,23.7075,5672220,,https://api.nasdaq.com/api/quote/UDOW/historical?assetclass=etf&fromdate=2016-07-26&todate=2026-07-26&limit=5000
UDOW,2018-11-13,23.63,24.0375,23.155,23.3975,3791348,,https://api.nasdaq.com/api/quote/UDOW/historical?assetclass=etf&fromdate=2016-07-26&todate=2026-07-26&limit=5000
UDOW,2018-11-14,23.905,24.0016,22.435,22.83,4014048,,https://api.nasdaq.com/api/quote/UDOW/historical?assetclass=etf&fromdate=2016-07-26&todate=2026-07-26&limit=5000
UDOW,2018-11-15,22.61,23.6175,22.095,23.46,5351104,,https://api.nasdaq.com/api/quote/UDOW/historical?assetclass=etf&fromdate=2016-07-26&todate=2026-07-26&limit=5000
UDOW,2018-11-16,23.165,24.0475,23.0525,23.7975,3677124,,https://api.nasdaq.com/api/quote/UDOW/historical?assetclass=etf&fromdate=2016-07-26&todate=2026-07-26&limit=5000
UDOW,2018-11-19,23.66,23.7241,22.33,22.6975,3636168,,https://api.nasdaq.com/api/quote/UDOW/historical?assetclass=etf&fromdate=2016-07-26&todate=2026-07-26&limit=5000
UDOW,2018-11-20,21.6575,21.8125,20.89,21.145,7382480,,https://api.nasdaq.com/api/quote/UDOW/historical?assetclass=etf&fromdate=2016-07-26&todate=2026-07-26&limit=5000
UDOW,2018-11-21,21.5125,21.69,21.16,21.175,2839996,,https://api.nasdaq.com/api/quote/UDOW/historical?assetclass=etf&fromdate=2016-07-26&todate=2026-07-26&limit=5000
UDOW,2018-11-23,20.78,21.015,20.6775,20.7025,1812596,,https://api.nasdaq.com/api/quote/UDOW/historical?assetclass=etf&fromdate=2016-07-26&todate=2026-07-26&limit=5000
UDOW,2018-11-26,21.25,21.6925,21.17,21.615,3880052,,https://api.nasdaq.com/api/quote/UDOW/historical?assetclass=etf&fromdate=2016-07-26&todate=2026-07-26&limit=5000
UDOW,2018-11-27,21.29,21.9043,21.0125,21.8975,2906924,,https://api.nasdaq.com/api/quote/UDOW/historical?assetclass=etf&fromdate=2016-07-26&todate=2026-07-26&limit=5000
UDOW,2018-11-28,22.35,23.5575,22.18,23.5525,4768724,,https://api.nasdaq.com/api/quote/UDOW/historical?assetclass=etf&fromdate=2016-07-26&todate=2026-07-26&limit=5000
UDOW,2018-11-29,23.465,23.8775,23.115,23.4775,3419720,,https://api.nasdaq.com/api/quote/UDOW/historical?assetclass=etf&fromdate=2016-07-26&todate=2026-07-26&limit=5000
UDOW,2018-11-30,23.325,24.11,23.2775,24.01,3547468,,https://api.nasdaq.com/api/quote/UDOW/historical?assetclass=etf&fromdate=2016-07-26&todate=2026-07-26&limit=5000
UDOW,2018-12-03,25.36,25.36,24.4575,24.8925,5291336,,https://api.nasdaq.com/api/quote/UDOW/historical?assetclass=etf&fromdate=2016-07-26&todate=2026-07-26&limit=5000
UDOW,2018-12-04,24.61,24.7025,22.515,22.6525,8233000,,https://api.nasdaq.com/api/quote/UDOW/historical?assetclass=etf&fromdate=2016-07-26&todate=2026-07-26&limit=5000
UDOW,2018-12-06,21.4,22.3575,20.4575,22.34,12913204,,https://api.nasdaq.com/api/quote/UDOW/historical?assetclass=etf&fromdate=2016-07-26&todate=2026-07-26&limit=5000
UDOW,2018-12-07,22.29,22.78,20.59,20.8675,8513860,,https://api.nasdaq.com/api/quote/UDOW/historical?assetclass=etf&fromdate=2016-07-26&todate=2026-07-26&limit=5000
UDOW,2018-12-10,20.765,21.1525,19.5575,20.9625,9334788,,https://api.nasdaq.com/api/quote/UDOW/historical?assetclass=etf&fromdate=2016-07-26&todate=2026-07-26&limit=5000
UDOW,2018-12-11,21.9075,21.9125,20.4275,20.8175,6632340,,https://api.nasdaq.com/api/quote/UDOW/historical?assetclass=etf&fromdate=2016-07-26&todate=2026-07-26&limit=5000
UDOW,2018-12-12,21.6225,21.9825,21.195,21.23,5070252,,https://api.nasdaq.com/api/quote/UDOW/historical?assetclass=etf&fromdate=2016-07-26&todate=2026-07-26&limit=5000
UDOW,2018-12-13,21.385,21.7575,21.0575,21.38,3939956,,https://api.nasdaq.com/api/quote/UDOW/historical?assetclass=etf&fromdate=2016-07-26&todate=2026-07-26&limit=5000
UDOW,2018-12-14,20.745,20.9575,19.9187,20.085,7506892,,https://api.nasdaq.com/api/quote/UDOW/historical?assetclass=etf&fromdate=2016-07-26&todate=2026-07-26&limit=5000
UDOW,2018-12-17,19.75,20.0614,18.4734,18.865,8600108,,https://api.nasdaq.com/api/quote/UDOW/historical?assetclass=etf&fromdate=2016-07-26&todate=2026-07-26&limit=5000
UDOW,2018-12-18,19.31,19.625,18.625,19.01,5964068,,https://api.nasdaq.com/api/quote/UDOW/historical?assetclass=etf&fromdate=2016-07-26&todate=2026-07-26&limit=5000
UDOW,2018-12-19,19.09,19.9625,17.775,18.145,10079000,,https://api.nasdaq.com/api/quote/UDOW/historical?assetclass=etf&fromdate=2016-07-26&todate=2026-07-26&limit=5000
UDOW,2018-12-20,17.875,18.05,16.5625,17.0725,11218524,,https://api.nasdaq.com/api/quote/UDOW/historical?assetclass=etf&fromdate=2016-07-26&todate=2026-07-26&limit=5000
UDOW,2018-12-21,17.1475,17.935,16.03,16.12,9185332,,https://api.nasdaq.com/api/quote/UDOW/historical?assetclass=etf&fromdate=2016-07-26&todate=2026-07-26&limit=5000
UDOW,2018-12-24,15.7175,15.9148,14.74,14.7775,6961664,,https://api.nasdaq.com/api/quote/UDOW/historical?assetclass=etf&fromdate=2016-07-26&todate=2026-07-26&limit=5000
UDOW,2018-12-26,14.95,16.8625,14.5025,16.855,13021956,,https://api.nasdaq.com/api/quote/UDOW/historical?assetclass=etf&fromdate=2016-07-26&todate=2026-07-26&limit=5000
UDOW,2018-12-27,16.165,17.4375,15.4975,17.4125,10600416,,https://api.nasdaq.com/api/quote/UDOW/historical?assetclass=etf&fromdate=2016-07-26&todate=2026-07-26&limit=5000
UDOW,2018-12-28,17.745,17.975,17.065,17.235,10313448,,https://api.nasdaq.com/api/quote/UDOW/historical?assetclass=etf&fromdate=2016-07-26&todate=2026-07-26&limit=5000
UDOW,2018-12-31,17.65,17.85,17.3644,17.8275,5512396,,https://api.nasdaq.com/api/quote/UDOW/historical?assetclass=etf&fromdate=2016-07-26&todate=2026-07-26&limit=5000
UDOW,2019-01-02,16.97,18.0297,16.9125,17.87,6262688,,https://api.nasdaq.com/api/quote/UDOW/historical?assetclass=etf&fromdate=2016-07-26&todate=2026-07-26&limit=5000
UDOW,2019-01-03,17.3925,17.425,16.271,16.3625,10467464,,https://api.nasdaq.com/api/quote/UDOW/historical?assetclass=etf&fromdate=2016-07-26&todate=2026-07-26&limit=5000
UDOW,2019-01-04,17.0825,18.175,16.99,17.965,10538224,,https://api.nasdaq.com/api/quote/UDOW/historical?assetclass=etf&fromdate=2016-07-26&todate=2026-07-26&limit=5000
UDOW,2019-01-07,18.1,18.579,17.675,18.2075,7026948,,https://api.nasdaq.com/api/quote/UDOW/historical?assetclass=etf&fromdate=2016-07-26&todate=2026-07-26&limit=5000
UDOW,2019-01-08,18.8295,18.9925,18.3175,18.81,5265692,,https://api.nasdaq.com/api/quote/UDOW/historical?assetclass=etf&fromdate=2016-07-26&todate=2026-07-26&limit=5000
UDOW,2019-01-09,19.0625,19.285,18.8,19.0475,5659032,,https://api.nasdaq.com/api/quote/UDOW/historical?assetclass=etf&fromdate=2016-07-26&todate=2026-07-26&limit=5000
UDOW,2019-01-10,18.75,19.34,18.5975,19.31,4923408,,https://api.nasdaq.com/api/quote/UDOW/historical?assetclass=etf&fromdate=2016-07-26&todate=2026-07-26&limit=5000
UDOW,2019-01-11,19.0375,19.29,18.8125,19.29,4133516,,https://api.nasdaq.com/api/quote/UDOW/historical?assetclass=etf&fromdate=2016-07-26&todate=2026-07-26&limit=5000
UDOW,2019-01-14,18.795,19.2125,18.7288,19.0475,3394932,,https://api.nasdaq.com/api/quote/UDOW/historical?assetclass=etf&fromdate=2016-07-26&todate=2026-07-26&limit=5000
UDOW,2019-01-15,19.0425,19.54,19.025,19.455,5213448,,https://api.nasdaq.com/api/quote/UDOW/historical?assetclass=etf&fromdate=2016-07-26&todate=2026-07-26&limit=5000
UDOW,2019-01-16,19.6175,19.9875,19.5725,19.765,4656008,,https://api.nasdaq.com/api/quote/UDOW/historical?assetclass=etf&fromdate=2016-07-26&todate=2026-07-26&limit=5000
UDOW,2019-01-17,19.54,20.4375,19.53,20.1925,5460900,,https://api.nasdaq.com/api/quote/UDOW/historical?assetclass=etf&fromdate=2016-07-26&todate=2026-07-26&limit=5000
UDOW,2019-01-18,20.6975,21.135,20.416,21.04,8270132,,https://api.nasdaq.com/api/quote/UDOW/historical?assetclass=etf&fromdate=2016-07-26&todate=2026-07-26&limit=5000
UDOW,2019-01-22,20.605,20.7075,19.84,20.275,7967992,,https://api.nasdaq.com/api/quote/UDOW/historical?assetclass=etf&fromdate=2016-07-26&todate=2026-07-26&limit=5000
UDOW,2019-01-23,20.8,20.9875,20.0025,20.6875,7819760,,https://api.nasdaq.com/api/quote/UDOW/historical?assetclass=etf&fromdate=2016-07-26&todate=2026-07-26&limit=5000
UDOW,2019-01-24,20.61,20.7975,20.275,20.595,4664448,,https://api.nasdaq.com/api/quote/UDOW/historical?assetclass=etf&fromdate=2016-07-26&todate=2026-07-26&limit=5000
UDOW,2019-01-25,21.1175,21.38,20.9125,21.065,6790940,,https://api.nasdaq.com/api/quote/UDOW/historical?assetclass=etf&fromdate=2016-07-26&todate=2026-07-26&limit=5000
UDOW,2019-01-28,20.4025,20.53,20.005,20.525,4947832,,https://api.nasdaq.com/api/quote/UDOW/historical?assetclass=etf&fromdate=2016-07-26&todate=2026-07-26&limit=5000
UDOW,2019-01-29,20.565,20.8875,20.4625,20.665,3878344,,https://api.nasdaq.com/api/quote/UDOW/historical?assetclass=etf&fromdate=2016-07-26&todate=2026-07-26&limit=5000
UDOW,2019-01-30,21.345,21.9808,21.1775,21.75,6609448,,https://api.nasdaq.com/api/quote/UDOW/historical?assetclass=etf&fromdate=2016-07-26&todate=2026-07-26&limit=5000
UDOW,2019-01-31,21.4425,21.8275,21.2975,21.715,6736304,,https://api.nasdaq.com/api/quote/UDOW/historical?assetclass=etf&fromdate=2016-07-26&todate=2026-07-26&limit=5000
UDOW,2019-02-01,21.8925,22.195,21.65,21.86,6454140,,https://api.nasdaq.com/api/quote/UDOW/historical?assetclass=etf&fromdate=2016-07-26&todate=2026-07-26&limit=5000
UDOW,2019-02-04,21.82,22.3075,21.6275,22.3,3670012,,https://api.nasdaq.com/api/quote/UDOW/historical?assetclass=etf&fromdate=2016-07-26&todate=2026-07-26&limit=5000
UDOW,2019-02-05,22.5725,22.805,22.455,22.73,4187900,,https://api.nasdaq.com/api/quote/UDOW/historical?assetclass=etf&fromdate=2016-07-26&todate=2026-07-26&limit=5000
UDOW,2019-02-06,22.6575,22.8375,22.5,22.7125,2483016,,https://api.nasdaq.com/api/quote/UDOW/historical?assetclass=etf&fromdate=2016-07-26&todate=2026-07-26&limit=5000
UDOW,2019-02-07,22.2925,22.565,21.7144,22.185,8056848,,https://api.nasdaq.com/api/quote/UDOW/historical?assetclass=etf&fromdate=2016-07-26&todate=2026-07-26&limit=5000
UDOW,2019-02-08,21.81,22.0175,21.4375,22.0175,4750324,,https://api.nasdaq.com/api/quote/UDOW/historical?assetclass=etf&fromdate=2016-07-26&todate=2026-07-26&limit=5000
UDOW,2019-02-11,22.22,22.275,21.7625,21.89,3544264,,https://api.nasdaq.com/api/quote/UDOW/historical?assetclass=etf&fromdate=2016-07-26&todate=2026-07-26&limit=5000
UDOW,2019-02-12,22.37,22.9433,22.3675,22.83,5693732,,https://api.nasdaq.com/api/quote/UDOW/historical?assetclass=etf&fromdate=2016-07-26&todate=2026-07-26&limit=5000
UDOW,2019-02-13,23.1,23.395,23.005,23.1525,4281940,,https://api.nasdaq.com/api/quote/UDOW/historical?assetclass=etf&fromdate=2016-07-26&todate=2026-07-26&limit=5000
UDOW,2019-02-14,22.825,23.25,22.5825,22.9475,4057324,,https://api.nasdaq.com/api/quote/UDOW/historical?assetclass=etf&fromdate=2016-07-26&todate=2026-07-26&limit=5000
UDOW,2019-02-15,23.47,24.13,23.4175,24.125,5084308,,https://api.nasdaq.com/api/quote/UDOW/historical?assetclass=etf&fromdate=2016-07-26&todate=2026-07-26&limit=5000
UDOW,2019-02-19,23.9225,24.3575,23.9225,24.165,3625136,,https://api.nasdaq.com/api/quote/UDOW/historical?assetclass=etf&fromdate=2016-07-26&todate=2026-07-26&limit=5000
UDOW,2019-02-20,24.165,24.435,24.0325,24.3425,4442872,,https://api.nasdaq.com/api/quote/UDOW/historical?assetclass=etf&fromdate=2016-07-26&todate=2026-07-26&limit=5000
UDOW,2019-02-21,24.1825,24.2725,23.7849,24.03,4183892,,https://api.nasdaq.com/api/quote/UDOW/historical?assetclass=etf&fromdate=2016-07-26&todate=2026-07-26&limit=5000
UDOW,2019-02-22,24.2725,24.5875,24.2075,24.53,6210852,,https://api.nasdaq.com/api/quote/UDOW/historical?assetclass=etf&fromdate=2016-07-26&todate=2026-07-26&limit=5000
UDOW,2019-02-25,25,25.1425,24.6925,24.715,4840332,,https://api.nasdaq.com/api/quote/UDOW/historical?assetclass=etf&fromdate=2016-07-26&todate=2026-07-26&limit=5000
UDOW,2019-02-26,24.4575,24.8925,24.352,24.6275,3385284,,https://api.nasdaq.com/api/quote/UDOW/historical?assetclass=etf&fromdate=2016-07-26&todate=2026-07-26&limit=5000
UDOW,2019-02-27,24.4225,24.5825,24.1125,24.4225,5042532,,https://api.nasdaq.com/api/quote/UDOW/historical?assetclass=etf&fromdate=2016-07-26&todate=2026-07-26&limit=5000
UDOW,2019-02-28,24.4,24.5525,24.185,24.2525,2864692,,https://api.nasdaq.com/api/quote/UDOW/historical?assetclass=etf&fromdate=2016-07-26&todate=2026-07-26&limit=5000
UDOW,2019-03-01,24.75,24.875,24.2325,24.55,5009872,,https://api.nasdaq.com/api/quote/UDOW/historical?assetclass=etf&fromdate=2016-07-26&todate=2026-07-26&limit=5000
UDOW,2019-03-04,24.8575,24.9225,23.3675,23.975,9506164,,https://api.nasdaq.com/api/quote/UDOW/historical?assetclass=etf&fromdate=2016-07-26&todate=2026-07-26&limit=5000
UDOW,2019-03-05,23.935,24.1,23.6938,23.905,3800348,,https://api.nasdaq.com/api/quote/UDOW/historical?assetclass=etf&fromdate=2016-07-26&todate=2026-07-26&limit=5000
UDOW,2019-03-06,23.9425,24,23.4225,23.5475,4944820,,https://api.nasdaq.com/api/quote/UDOW/historical?assetclass=etf&fromdate=2016-07-26&todate=2026-07-26&limit=5000
UDOW,2019-03-07,23.3975,23.425,22.6425,22.9725,7178760,,https://api.nasdaq.com/api/quote/UDOW/historical?assetclass=etf&fromdate=2016-07-26&todate=2026-07-26&limit=5000
UDOW,2019-03-08,22.4325,22.975,22.4025,22.9325,4716232,,https://api.nasdaq.com/api/quote/UDOW/historical?assetclass=etf&fromdate=2016-07-26&todate=2026-07-26&limit=5000
UDOW,2019-03-11,22.4225,23.505,22.325,23.48,5438736,,https://api.nasdaq.com/api/quote/UDOW/historical?assetclass=etf&fromdate=2016-07-26&todate=2026-07-26&limit=5000
UDOW,2019-03-12,23.33,23.545,23.125,23.2425,4952972,,https://api.nasdaq.com/api/quote/UDOW/historical?assetclass=etf&fromdate=2016-07-26&todate=2026-07-26&limit=5000
UDOW,2019-03-13,23.5075,23.82,23.28,23.6375,5109400,,https://api.nasdaq.com/api/quote/UDOW/historical?assetclass=etf&fromdate=2016-07-26&todate=2026-07-26&limit=5000
UDOW,2019-03-14,23.615,23.785,23.4227,23.6575,2559108,,https://api.nasdaq.com/api/quote/UDOW/historical?assetclass=etf&fromdate=2016-07-26&todate=2026-07-26&limit=5000
UDOW,2019-03-15,23.8525,24.2625,23.4925,24.04,5151328,,https://api.nasdaq.com/api/quote/UDOW/historical?assetclass=etf&fromdate=2016-07-26&todate=2026-07-26&limit=5000
UDOW,2019-03-18,23.915,24.25,23.86,24.215,2861532,,https://api.nasdaq.com/api/quote/UDOW/historical?assetclass=etf&fromdate=2016-07-26&todate=2026-07-26&limit=5000
UDOW,2019-03-19,24.52,24.7625,23.9325,24.195,4875752,,https://api.nasdaq.com/api/quote/UDOW/historical?assetclass=etf&fromdate=2016-07-26&todate=2026-07-26&limit=5000
UDOW,2019-03-20,23.9925,24.2,23.4725,23.6925,5102060,,https://api.nasdaq.com/api/quote/UDOW/historical?assetclass=etf&fromdate=2016-07-26&todate=2026-07-26&limit=5000
UDOW,2019-03-21,23.415,24.4,23.405,24.2825,4440580,,https://api.nasdaq.com/api/quote/UDOW/historical?assetclass=etf&fromdate=2016-07-26&todate=2026-07-26&limit=5000
UDOW,2019-03-22,23.86,24.0275,22.98,23.0125,6056484,,https://api.nasdaq.com/api/quote/UDOW/historical?assetclass=etf&fromdate=2016-07-26&todate=2026-07-26&limit=5000
UDOW,2019-03-25,22.8975,23.2475,22.6103,23.0025,4184032,,https://api.nasdaq.com/api/quote/UDOW/historical?assetclass=etf&fromdate=2016-07-26&todate=2026-07-26&limit=5000
UDOW,2019-03-26,23.5275,23.758,23.075,23.3825,3372404,,https://api.nasdaq.com/api/quote/UDOW/historical?assetclass=etf&fromdate=2016-07-26&todate=2026-07-26&limit=5000
UDOW,2019-03-27,23.44,23.6525,22.744,23.2775,3965648,,https://api.nasdaq.com/api/quote/UDOW/historical?assetclass=etf&fromdate=2016-07-26&todate=2026-07-26&limit=5000
UDOW,2019-03-28,23.495,23.5975,23.135,23.53,2691772,,https://api.nasdaq.com/api/quote/UDOW/historical?assetclass=etf&fromdate=2016-07-26&todate=2026-07-26&limit=5000
UDOW,2019-03-29,23.9325,24.1575,23.6768,24.11,3449388,,https://api.nasdaq.com/api/quote/UDOW/historical?assetclass=etf&fromdate=2016-07-26&todate=2026-07-26&limit=5000
UDOW,2019-04-01,24.6575,25.075,24.5,24.9925,3333620,,https://api.nasdaq.com/api/quote/UDOW/historical?assetclass=etf&fromdate=2016-07-26&todate=2026-07-26&limit=5000
UDOW,2019-04-02,24.885,24.9025,24.625,24.7775,2482360,,https://api.nasdaq.com/api/quote/UDOW/historical?assetclass=etf&fromdate=2016-07-26&todate=2026-07-26&limit=5000
UDOW,2019-04-03,25.0575,25.085,24.665,24.89,4319096,,https://api.nasdaq.com/api/quote/UDOW/historical?assetclass=etf&fromdate=2016-07-26&todate=2026-07-26&limit=5000
UDOW,2019-04-04,24.9475,25.42,24.9,25.3775,2780308,,https://api.nasdaq.com/api/quote/UDOW/historical?assetclass=etf&fromdate=2016-07-26&todate=2026-07-26&limit=5000
UDOW,2019-04-05,25.63,25.6825,25.3275,25.49,3350000,,https://api.nasdaq.com/api/quote/UDOW/historical?assetclass=etf&fromdate=2016-07-26&todate=2026-07-26&limit=5000
UDOW,2019-04-08,25.085,25.2525,24.9625,25.25,2298756,,https://api.nasdaq.com/api/quote/UDOW/historical?assetclass=etf&fromdate=2016-07-26&todate=2026-07-26&limit=5000
UDOW,2019-04-09,24.8775,24.8875,24.555,24.7375,4505952,,https://api.nasdaq.com/api/quote/UDOW/historical?assetclass=etf&fromdate=2016-07-26&todate=2026-07-26&limit=5000
UDOW,2019-04-10,24.8325,24.8525,24.555,24.735,2664812,,https://api.nasdaq.com/api/quote/UDOW/historical?assetclass=etf&fromdate=2016-07-26&todate=2026-07-26&limit=5000
UDOW,2019-04-11,24.845,24.9075,24.44,24.685,2543904,,https://api.nasdaq.com/api/quote/UDOW/historical?assetclass=etf&fromdate=2016-07-26&todate=2026-07-26&limit=5000
UDOW,2019-04-12,25.345,25.495,25.1306,25.415,2928308,,https://api.nasdaq.com/api/quote/UDOW/historical?assetclass=etf&fromdate=2016-07-26&todate=2026-07-26&limit=5000
UDOW,2019-04-15,25.4025,25.4366,25.1375,25.3325,1623448,,https://api.nasdaq.com/api/quote/UDOW/historical?assetclass=etf&fromdate=2016-07-26&todate=2026-07-26&limit=5000
UDOW,2019-04-16,25.75,25.7531,25.3625,25.5175,2354836,,https://api.nasdaq.com/api/quote/UDOW/historical?assetclass=etf&fromdate=2016-07-26&todate=2026-07-26&limit=5000
UDOW,2019-04-17,25.6825,25.6825,25.335,25.505,2005644,,https://api.nasdaq.com/api/quote/UDOW/historical?assetclass=etf&fromdate=2016-07-26&todate=2026-07-26&limit=5000
UDOW,2019-04-18,25.69,25.965,25.5125,25.8575,3068876,,https://api.nasdaq.com/api/quote/UDOW/historical?assetclass=etf&fromdate=2016-07-26&todate=2026-07-26&limit=5000
UDOW,2019-04-22,25.5325,25.82,25.5225,25.6825,1393412,,https://api.nasdaq.com/api/quote/UDOW/historical?assetclass=etf&fromdate=2016-07-26&todate=2026-07-26&limit=5000
UDOW,2019-04-23,25.82,26.2225,25.7,26.115,3421732,,https://api.nasdaq.com/api/quote/UDOW/historical?assetclass=etf&fromdate=2016-07-26&todate=2026-07-26&limit=5000
UDOW,2019-04-24,26.1025,26.1633,25.8975,25.96,1602680,,https://api.nasdaq.com/api/quote/UDOW/historical?assetclass=etf&fromdate=2016-07-26&todate=2026-07-26&limit=5000
UDOW,2019-04-25,25.415,25.7375,25.07,25.54,4477760,,https://api.nasdaq.com/api/quote/UDOW/historical?assetclass=etf&fromdate=2016-07-26&todate=2026-07-26&limit=5000
UDOW,2019-04-26,25.49,25.7425,25.325,25.7175,2292804,,https://api.nasdaq.com/api/quote/UDOW/historical?assetclass=etf&fromdate=2016-07-26&todate=2026-07-26&limit=5000
UDOW,2019-04-29,25.75,25.9175,25.6688,25.765,1823468,,https://api.nasdaq.com/api/quote/UDOW/historical?assetclass=etf&fromdate=2016-07-26&todate=2026-07-26&limit=5000
UDOW,2019-04-30,25.935,25.9488,25.3875,25.8425,2709816,,https://api.nasdaq.com/api/quote/UDOW/historical?assetclass=etf&fromdate=2016-07-26&todate=2026-07-26&limit=5000
UDOW,2019-05-01,26.0625,26.1625,25.4,25.415,2883524,,https://api.nasdaq.com/api/quote/UDOW/historical?assetclass=etf&fromdate=2016-07-26&todate=2026-07-26&limit=5000
UDOW,2019-05-02,25.2725,25.47,24.665,25.035,5248392,,https://api.nasdaq.com/api/quote/UDOW/historical?assetclass=etf&fromdate=2016-07-26&todate=2026-07-26&limit=5000
UDOW,2019-05-03,25.4125,25.6775,25.2125,25.585,2609816,,https://api.nasdaq.com/api/quote/UDOW/historical?assetclass=etf&fromdate=2016-07-26&todate=2026-07-26&limit=5000
UDOW,2019-05-06,24.235,25.5075,24.175,25.4225,3936940,,https://api.nasdaq.com/api/quote/UDOW/historical?assetclass=etf&fromdate=2016-07-26&todate=2026-07-26&limit=5000
UDOW,2019-05-07,24.73,24.875,23.5325,24.06,5439800,,https://api.nasdaq.com/api/quote/UDOW/historical?assetclass=etf&fromdate=2016-07-26&todate=2026-07-26&limit=5000
UDOW,2019-05-08,23.99,24.455,23.8125,24.0575,2733792,,https://api.nasdaq.com/api/quote/UDOW/historical?assetclass=etf&fromdate=2016-07-26&todate=2026-07-26&limit=5000
UDOW,2019-05-09,23.51,23.875,22.8558,23.7025,5711744,,https://api.nasdaq.com/api/quote/UDOW/historical?assetclass=etf&fromdate=2016-07-26&todate=2026-07-26&limit=5000
UDOW,2019-05-10,23.4375,24.2721,22.7614,24.095,5361884,,https://api.nasdaq.com/api/quote/UDOW/historical?assetclass=etf&fromdate=2016-07-26&todate=2026-07-26&limit=5000
UDOW,2019-05-13,22.6475,22.922,22.055,22.3575,8371848,,https://api.nasdaq.com/api/quote/UDOW/historical?assetclass=etf&fromdate=2016-07-26&todate=2026-07-26&limit=5000
UDOW,2019-05-14,22.5575,23.2875,22.5115,22.9025,4399840,,https://api.nasdaq.com/api/quote/UDOW/historical?assetclass=etf&fromdate=2016-07-26&todate=2026-07-26&limit=5000
UDOW,2019-05-15,22.4825,23.4007,22.365,23.2025,4456664,,https://api.nasdaq.com/api/quote/UDOW/historical?assetclass=etf&fromdate=2016-07-26&todate=2026-07-26&limit=5000
UDOW,2019-05-16,23.495,24.0575,23.45,23.815,2828340,,https://api.nasdaq.com/api/quote/UDOW/historical?assetclass=etf&fromdate=2016-07-26&todate=2026-07-26&limit=5000
UDOW,2019-05-17,23.205,24.055,23.17,23.5525,2571904,,https://api.nasdaq.com/api/quote/UDOW/historical?assetclass=etf&fromdate=2016-07-26&todate=2026-07-26&limit=5000
UDOW,2019-05-20,23.17,23.495,22.9625,23.3,2654332,,https://api.nasdaq.com/api/quote/UDOW/historical?assetclass=etf&fromdate=2016-07-26&todate=2026-07-26&limit=5000
UDOW,2019-05-21,23.695,23.885,23.5589,23.82,1478284,,https://api.nasdaq.com/api/quote/UDOW/historical?assetclass=etf&fromdate=2016-07-26&todate=2026-07-26&limit=5000
UDOW,2019-05-22,23.6175,23.83,23.5,23.54,2179004,,https://api.nasdaq.com/api/quote/UDOW/historical?assetclass=etf&fromdate=2016-07-26&todate=2026-07-26&limit=5000
UDOW,2019-05-23,22.915,22.915,22.325,22.7825,4814712,,https://api.nasdaq.com/api/quote/UDOW/historical?assetclass=etf&fromdate=2016-07-26&todate=2026-07-26&limit=5000
UDOW,2019-05-24,23.13,23.25,22.8025,23.0475,2681432,,https://api.nasdaq.com/api/quote/UDOW/historical?assetclass=etf&fromdate=2016-07-26&todate=2026-07-26&limit=5000
UDOW,2019-05-28,23.125,23.385,22.3825,22.3925,2382368,,https://api.nasdaq.com/api/quote/UDOW/historical?assetclass=etf&fromdate=2016-07-26&todate=2026-07-26&limit=5000
UDOW,2019-05-29,22.0125,22.05,21.325,21.8075,3968736,,https://api.nasdaq.com/api/quote/UDOW/historical?assetclass=etf&fromdate=2016-07-26&todate=2026-07-26&limit=5000
UDOW,2019-05-30,21.92,22.05,21.6601,21.9375,2659088,,https://api.nasdaq.com/api/quote/UDOW/historical?assetclass=etf&fromdate=2016-07-26&todate=2026-07-26&limit=5000
UDOW,2019-05-31,21.28,21.4525,21,21,3744728,,https://api.nasdaq.com/api/quote/UDOW/historical?assetclass=etf&fromdate=2016-07-26&todate=2026-07-26&limit=5000
UDOW,2019-06-03,21.0025,21.3175,20.6675,21,4278636,,https://api.nasdaq.com/api/quote/UDOW/historical?assetclass=etf&fromdate=2016-07-26&todate=2026-07-26&limit=5000
UDOW,2019-06-04,21.6,22.3548,21.5525,22.3025,4199408,,https://api.nasdaq.com/api/quote/UDOW/historical?assetclass=etf&fromdate=2016-07-26&todate=2026-07-26&limit=5000
UDOW,2019-06-05,22.76,22.9075,22.455,22.89,2803784,,https://api.nasdaq.com/api/quote/UDOW/historical?assetclass=etf&fromdate=2016-07-26&todate=2026-07-26&limit=5000
UDOW,2019-06-06,22.995,23.5825,22.8299,23.3875,2728160,,https://api.nasdaq.com/api/quote/UDOW/historical?assetclass=etf&fromdate=2016-07-26&todate=2026-07-26&limit=5000
UDOW,2019-06-07,23.62,24.3408,23.6098,24.105,3163948,,https://api.nasdaq.com/api/quote/UDOW/historical?assetclass=etf&fromdate=2016-07-26&todate=2026-07-26&limit=5000
UDOW,2019-06-10,24.55,24.725,24.29,24.3175,2696336,,https://api.nasdaq.com/api/quote/UDOW/historical?assetclass=etf&fromdate=2016-07-26&todate=2026-07-26&limit=5000
UDOW,2019-06-11,24.77,24.8275,24.1375,24.2825,2148824,,https://api.nasdaq.com/api/quote/UDOW/historical?assetclass=etf&fromdate=2016-07-26&todate=2026-07-26&limit=5000
UDOW,2019-06-12,24.2425,24.375,24.015,24.1675,2133756,,https://api.nasdaq.com/api/quote/UDOW/historical?assetclass=etf&fromdate=2016-07-26&todate=2026-07-26&limit=5000
UDOW,2019-06-13,24.3925,24.535,24.1125,24.44,2604812,,https://api.nasdaq.com/api/quote/UDOW/historical?assetclass=etf&fromdate=2016-07-26&todate=2026-07-26&limit=5000
UDOW,2019-06-14,24.3475,24.5925,24.1275,24.3975,2346864,,https://api.nasdaq.com/api/quote/UDOW/historical?assetclass=etf&fromdate=2016-07-26&todate=2026-07-26&limit=5000
UDOW,2019-06-17,24.4575,24.605,24.2675,24.44,1479024,,https://api.nasdaq.com/api/quote/UDOW/historical?assetclass=etf&fromdate=2016-07-26&todate=2026-07-26&limit=5000
UDOW,2019-06-18,24.905,25.615,24.825,25.4475,4142596,,https://api.nasdaq.com/api/quote/UDOW/historical?assetclass=etf&fromdate=2016-07-26&todate=2026-07-26&limit=5000
UDOW,2019-06-19,25.5075,25.73,25.2925,25.5225,4091404,,https://api.nasdaq.com/api/quote/UDOW/historical?assetclass=etf&fromdate=2016-07-26&todate=2026-07-26&limit=5000
UDOW,2019-06-20,26.255,26.3827,25.6375,26.2575,3864412,,https://api.nasdaq.com/api/quote/UDOW/historical?assetclass=etf&fromdate=2016-07-26&todate=2026-07-26&limit=5000
UDOW,2019-06-21,26.21,26.705,26.105,26.1425,3216908,,https://api.nasdaq.com/api/quote/UDOW/historical?assetclass=etf&fromdate=2016-07-26&todate=2026-07-26&limit=5000
UDOW,2019-06-24,26.205,26.3926,26.1575,26.175,1951420,,https://api.nasdaq.com/api/quote/UDOW/historical?assetclass=etf&fromdate=2016-07-26&todate=2026-07-26&limit=5000
UDOW,2019-06-25,26.1725,26.18,25.5075,25.58,3351008,,https://api.nasdaq.com/api/quote/UDOW/historical?assetclass=etf&fromdate=2016-07-26&todate=2026-07-26&limit=5000
UDOW,2019-06-26,25.785,25.895,25.53,25.53,1889048,,https://api.nasdaq.com/api/quote/UDOW/historical?assetclass=etf&fromdate=2016-07-26&todate=2026-07-26&limit=5000
UDOW,2019-06-27,25.575,25.7175,25.3075,25.465,2774156,,https://api.nasdaq.com/api/quote/UDOW/historical?assetclass=etf&fromdate=2016-07-26&todate=2026-07-26&limit=5000
UDOW,2019-06-28,25.72,25.8075,25.4775,25.6775,2965432,,https://api.nasdaq.com/api/quote/UDOW/historical?assetclass=etf&fromdate=2016-07-26&todate=2026-07-26&limit=5000
UDOW,2019-07-01,26.4625,26.5225,25.7425,26.015,3247060,,https://api.nasdaq.com/api/quote/UDOW/historical?assetclass=etf&fromdate=2016-07-26&todate=2026-07-26&limit=5000
UDOW,2019-07-02,25.965,26.2225,25.7675,26.21,2149480,,https://api.nasdaq.com/api/quote/UDOW/historical?assetclass=etf&fromdate=2016-07-26&todate=2026-07-26&limit=5000
UDOW,2019-07-03,26.415,26.76,26.3736,26.76,1495388,,https://api.nasdaq.com/api/quote/UDOW/historical?assetclass=etf&fromdate=2016-07-26&todate=2026-07-26&limit=5000
UDOW,2019-07-05,26.4675,26.7225,26.075,26.68,3710684,,https://api.nasdaq.com/api/quote/UDOW/historical?assetclass=etf&fromdate=2016-07-26&todate=2026-07-26&limit=5000
UDOW,2019-07-08,26.255,26.3975,26.125,26.32,1513704,,https://api.nasdaq.com/api/quote/UDOW/historical?assetclass=etf&fromdate=2016-07-26&todate=2026-07-26&limit=5000
UDOW,2019-07-09,25.9575,26.3095,25.885,26.25,2184856,,https://api.nasdaq.com/api/quote/UDOW/historical?assetclass=etf&fromdate=2016-07-26&todate=2026-07-26&limit=5000
UDOW,2019-07-10,26.5025,26.815,26.3125,26.4575,2549912,,https://api.nasdaq.com/api/quote/UDOW/historical?assetclass=etf&fromdate=2016-07-26&todate=2026-07-26&limit=5000
UDOW,2019-07-11,26.7275,27.1175,26.6175,27.1175,2699016,,https://api.nasdaq.com/api/quote/UDOW/historical?assetclass=etf&fromdate=2016-07-26&todate=2026-07-26&limit=5000
UDOW,2019-07-12,27.35,27.845,27.3125,27.8075,3036844,,https://api.nasdaq.com/api/quote/UDOW/historical?assetclass=etf&fromdate=2016-07-26&todate=2026-07-26&limit=5000
UDOW,2019-07-15,27.905,27.9075,27.7175,27.8975,1404484,,https://api.nasdaq.com/api/quote/UDOW/historical?assetclass=etf&fromdate=2016-07-26&todate=2026-07-26&limit=5000
UDOW,2019-07-16,27.9025,28.0309,27.7,27.86,1486812,,https://api.nasdaq.com/api/quote/UDOW/historical?assetclass=etf&fromdate=2016-07-26&todate=2026-07-26&limit=5000
UDOW,2019-07-17,27.7825,27.855,27.4875,27.4875,1392000,,https://api.nasdaq.com/api/quote/UDOW/historical?assetclass=etf&fromdate=2016-07-26&todate=2026-07-26&limit=5000
UDOW,2019-07-18,27.285,27.6246,27.0374,27.47,1892616,,https://api.nasdaq.com/api/quote/UDOW/historical?assetclass=etf&fromdate=2016-07-26&todate=2026-07-26&limit=5000
UDOW,2019-07-19,27.84,27.87,27.28,27.3075,1679908,,https://api.nasdaq.com/api/quote/UDOW/historical?assetclass=etf&fromdate=2016-07-26&todate=2026-07-26&limit=5000
UDOW,2019-07-22,27.3925,27.5047,27.0975,27.3725,1388648,,https://api.nasdaq.com/api/quote/UDOW/historical?assetclass=etf&fromdate=2016-07-26&todate=2026-07-26&limit=5000
UDOW,2019-07-23,27.695,27.94,27.4525,27.8725,1724108,,https://api.nasdaq.com/api/quote/UDOW/historical?assetclass=etf&fromdate=2016-07-26&todate=2026-07-26&limit=5000
UDOW,2019-07-24,27.5075,27.695,27.4,27.625,2319556,,https://api.nasdaq.com/api/quote/UDOW/historical?assetclass=etf&fromdate=2016-07-26&todate=2026-07-26&limit=5000
UDOW,2019-07-25,27.6025,27.6025,26.9841,27.2625,2822012,,https://api.nasdaq.com/api/quote/UDOW/historical?assetclass=etf&fromdate=2016-07-26&todate=2026-07-26&limit=5000
UDOW,2019-07-26,27.3425,27.43,27.1675,27.385,1306848,,https://api.nasdaq.com/api/quote/UDOW/historical?assetclass=etf&fromdate=2016-07-26&todate=2026-07-26&limit=5000
UDOW,2019-07-29,27.4,27.625,27.3275,27.44,1190344,,https://api.nasdaq.com/api/quote/UDOW/historical?assetclass=etf&fromdate=2016-07-26&todate=2026-07-26&limit=5000
UDOW,2019-07-30,27.1325,27.4625,26.99,27.375,1364216,,https://api.nasdaq.com/api/quote/UDOW/historical?assetclass=etf&fromdate=2016-07-26&todate=2026-07-26&limit=5000
UDOW,2019-07-31,27.5075,27.6175,25.9675,26.3775,4035464,,https://api.nasdaq.com/api/quote/UDOW/historical?assetclass=etf&fromdate=2016-07-26&todate=2026-07-26&limit=5000
UDOW,2019-08-01,26.445,27.2738,25.4275,25.5625,5265812,,https://api.nasdaq.com/api/quote/UDOW/historical?assetclass=etf&fromdate=2016-07-26&todate=2026-07-26&limit=5000
UDOW,2019-08-02,25.4,25.5125,24.5675,25.275,4996132,,https://api.nasdaq.com/api/quote/UDOW/historical?assetclass=etf&fromdate=2016-07-26&todate=2026-07-26&limit=5000
UDOW,2019-08-05,24.155,24.1914,22.4875,23.0425,7551836,,https://api.nasdaq.com/api/quote/UDOW/historical?assetclass=etf&fromdate=2016-07-26&todate=2026-07-26&limit=5000
UDOW,2019-08-06,23.49,23.91,23.0325,23.9025,3610752,,https://api.nasdaq.com/api/quote/UDOW/historical?assetclass=etf&fromdate=2016-07-26&todate=2026-07-26&limit=5000
UDOW,2019-08-07,23.03,24,22.265,23.825,6512744,,https://api.nasdaq.com/api/quote/UDOW/historical?assetclass=etf&fromdate=2016-07-26&todate=2026-07-26&limit=5000
UDOW,2019-08-08,24.185,24.9225,23.97,24.9225,3356972,,https://api.nasdaq.com/api/quote/UDOW/historical?assetclass=etf&fromdate=2016-07-26&todate=2026-07-26&limit=5000
UDOW,2019-08-09,24.7225,25.0196,24.1125,24.6675,3720684,,https://api.nasdaq.com/api/quote/UDOW/historical?assetclass=etf&fromdate=2016-07-26&todate=2026-07-26&limit=5000
UDOW,2019-08-12,24.1775,24.365,23.3635,23.5825,4184500,,https://api.nasdaq.com/api/quote/UDOW/historical?assetclass=etf&fromdate=2016-07-26&todate=2026-07-26&limit=5000
UDOW,2019-08-13,23.465,25.02,23.3775,24.64,4107608,,https://api.nasdaq.com/api/quote/UDOW/historical?assetclass=etf&fromdate=2016-07-26&todate=2026-07-26&limit=5000
UDOW,2019-08-14,23.465,23.65,22.3425,22.38,9521340,,https://api.nasdaq.com/api/quote/UDOW/historical?assetclass=etf&fromdate=2016-07-26&todate=2026-07-26&limit=5000
UDOW,2019-08-15,22.645,22.8225,22.035,22.65,4511124,,https://api.nasdaq.com/api/quote/UDOW/historical?assetclass=etf&fromdate=2016-07-26&todate=2026-07-26&limit=5000
UDOW,2019-08-16,23.1325,23.6125,22.9775,23.4925,3207572,,https://api.nasdaq.com/api/quote/UDOW/historical?assetclass=etf&fromdate=2016-07-26&todate=2026-07-26&limit=5000
UDOW,2019-08-19,24.37,24.4325,24.04,24.165,2801216,,https://api.nasdaq.com/api/quote/UDOW/historical?assetclass=etf&fromdate=2016-07-26&todate=2026-07-26&limit=5000
UDOW,2019-08-20,24.085,24.245,23.6675,23.7075,1874464,,https://api.nasdaq.com/api/quote/UDOW/historical?assetclass=etf&fromdate=2016-07-26&todate=2026-07-26&limit=5000
UDOW,2019-08-21,24.285,24.5275,24.2176,24.36,1777680,,https://api.nasdaq.com/api/quote/UDOW/historical?assetclass=etf&fromdate=2016-07-26&todate=2026-07-26&limit=5000
UDOW,2019-08-22,24.5475,24.845,24.0825,24.4675,2307596,,https://api.nasdaq.com/api/quote/UDOW/historical?assetclass=etf&fromdate=2016-07-26&todate=2026-07-26&limit=5000
UDOW,2019-08-23,24.1225,24.6671,22.3975,22.7475,6665836,,https://api.nasdaq.com/api/quote/UDOW/historical?assetclass=etf&fromdate=2016-07-26&todate=2026-07-26&limit=5000
UDOW,2019-08-26,23.4625,23.5625,22.975,23.48,3249180,,https://api.nasdaq.com/api/quote/UDOW/historical?assetclass=etf&fromdate=2016-07-26&todate=2026-07-26&limit=5000
UDOW,2019-08-27,23.8725,23.8725,22.97,23.1,2842344,,https://api.nasdaq.com/api/quote/UDOW/historical?assetclass=etf&fromdate=2016-07-26&todate=2026-07-26&limit=5000
UDOW,2019-08-28,22.925,23.825,22.735,23.825,3276360,,https://api.nasdaq.com/api/quote/UDOW/historical?assetclass=etf&fromdate=2016-07-26&todate=2026-07-26&limit=5000
UDOW,2019-08-29,24.5,24.8557,24.2375,24.74,3038448,,https://api.nasdaq.com/api/quote/UDOW/historical?assetclass=etf&fromdate=2016-07-26&todate=2026-07-26&limit=5000
UDOW,2019-08-30,25.14,25.17,24.5625,24.815,3574532,,https://api.nasdaq.com/api/quote/UDOW/historical?assetclass=etf&fromdate=2016-07-26&todate=2026-07-26&limit=5000
UDOW,2019-09-03,24.2125,24.265,23.6625,24.06,4289312,,https://api.nasdaq.com/api/quote/UDOW/historical?assetclass=etf&fromdate=2016-07-26&todate=2026-07-26&limit=5000
UDOW,2019-09-04,24.655,24.75,24.4225,24.7475,2070380,,https://api.nasdaq.com/api/quote/UDOW/historical?assetclass=etf&fromdate=2016-07-26&todate=2026-07-26&limit=5000
UDOW,2019-09-05,25.5325,26.08,25.5025,25.7625,3481436,,https://api.nasdaq.com/api/quote/UDOW/historical?assetclass=etf&fromdate=2016-07-26&todate=2026-07-26&limit=5000
UDOW,2019-09-06,25.9,26.1425,25.7175,25.97,2043056,,https://api.nasdaq.com/api/quote/UDOW/historical?assetclass=etf&fromdate=2016-07-26&todate=2026-07-26&limit=5000
UDOW,2019-09-09,26.1125,26.2775,25.8675,26.1075,2083920,,https://api.nasdaq.com/api/quote/UDOW/historical?assetclass=etf&fromdate=2016-07-26&todate=2026-07-26&limit=5000
UDOW,2019-09-10,25.9875,26.2825,25.73,26.2825,2246136,,https://api.nasdaq.com/api/quote/UDOW/historical?assetclass=etf&fromdate=2016-07-26&todate=2026-07-26&limit=5000
UDOW,2019-09-11,26.355,26.94,26.2125,26.9175,2513436,,https://api.nasdaq.com/api/quote/UDOW/historical?assetclass=etf&fromdate=2016-07-26&todate=2026-07-26&limit=5000
UDOW,2019-09-12,27.1925,27.44,26.85,27.095,3116500,,https://api.nasdaq.com/api/quote/UDOW/historical?assetclass=etf&fromdate=2016-07-26&todate=2026-07-26&limit=5000
UDOW,2019-09-13,27.2675,27.3825,27.147,27.2125,2445684,,https://api.nasdaq.com/api/quote/UDOW/historical?assetclass=etf&fromdate=2016-07-26&todate=2026-07-26&limit=5000
UDOW,2019-09-16,26.85,27.045,26.65,26.7525,2046240,,https://api.nasdaq.com/api/quote/UDOW/historical?assetclass=etf&fromdate=2016-07-26&todate=2026-07-26&limit=5000
UDOW,2019-09-17,26.5675,26.8725,26.4875,26.845,1714248,,https://api.nasdaq.com/api/quote/UDOW/historical?assetclass=etf&fromdate=2016-07-26&todate=2026-07-26&limit=5000
UDOW,2019-09-18,26.77,27.03,26.25,26.9675,2210740,,https://api.nasdaq.com/api/quote/UDOW/historical?assetclass=etf&fromdate=2016-07-26&todate=2026-07-26&limit=5000
UDOW,2019-09-19,27.09,27.328,26.72,26.7925,1618468,,https://api.nasdaq.com/api/quote/UDOW/historical?assetclass=etf&fromdate=2016-07-26&todate=2026-07-26&limit=5000
UDOW,2019-09-20,26.96,27.09,26.3075,26.3125,1919372,,https://api.nasdaq.com/api/quote/UDOW/historical?assetclass=etf&fromdate=2016-07-26&todate=2026-07-26&limit=5000
UDOW,2019-09-23,26.055,26.55,26.0031,26.3975,1592396,,https://api.nasdaq.com/api/quote/UDOW/historical?assetclass=etf&fromdate=2016-07-26&todate=2026-07-26&limit=5000
UDOW,2019-09-24,26.7125,26.7425,25.665,25.995,3527432,,https://api.nasdaq.com/api/quote/UDOW/historical?assetclass=etf&fromdate=2016-07-26&todate=2026-07-26&limit=5000
UDOW,2019-09-25,26.115,26.6,25.8125,26.46,2206152,,https://api.nasdaq.com/api/quote/UDOW/historical?assetclass=etf&fromdate=2016-07-26&todate=2026-07-26&limit=5000
UDOW,2019-09-26,26.575,26.575,25.93,26.2325,1817744,,https://api.nasdaq.com/api/quote/UDOW/historical?assetclass=etf&fromdate=2016-07-26&todate=2026-07-26&limit=5000
UDOW,2019-09-27,26.4325,26.535,25.6625,25.9675,2650168,,https://api.nasdaq.com/api/quote/UDOW/historical?assetclass=etf&fromdate=2016-07-26&todate=2026-07-26&limit=5000
UDOW,2019-09-30,26.1025,26.485,26.1,26.29,1889248,,https://api.nasdaq.com/api/quote/UDOW/historical?assetclass=etf&fromdate=2016-07-26&todate=2026-07-26&limit=5000
UDOW,2019-10-01,26.4925,26.625,25.2125,25.245,4039464,,https://api.nasdaq.com/api/quote/UDOW/historical?assetclass=etf&fromdate=2016-07-26&todate=2026-07-26&limit=5000
UDOW,2019-10-02,24.805,24.8075,23.5309,23.87,6395584,,https://api.nasdaq.com/api/quote/UDOW/historical?assetclass=etf&fromdate=2016-07-26&todate=2026-07-26&limit=5000
UDOW,2019-10-03,23.75,24.205,22.9347,24.1875,5571044,,https://api.nasdaq.com/api/quote/UDOW/historical?assetclass=etf&fromdate=2016-07-26&todate=2026-07-26&limit=5000
UDOW,2019-10-04,24.425,25.2575,24.4075,25.1875,3758632,,https://api.nasdaq.com/api/quote/UDOW/historical?assetclass=etf&fromdate=2016-07-26&todate=2026-07-26&limit=5000
UDOW,2019-10-07,24.965,25.4475,24.786,24.9275,2244128,,https://api.nasdaq.com/api/quote/UDOW/historical?assetclass=etf&fromdate=2016-07-26&todate=2026-07-26&limit=5000
UDOW,2019-10-08,24.3525,24.785,23.9825,24.0525,4567832,,https://api.nasdaq.com/api/quote/UDOW/historical?assetclass=etf&fromdate=2016-07-26&todate=2026-07-26&limit=5000
UDOW,2019-10-09,24.56,24.768,24.2906,24.56,1814032,,https://api.nasdaq.com/api/quote/UDOW/historical?assetclass=etf&fromdate=2016-07-26&todate=2026-07-26&limit=5000
UDOW,2019-10-10,24.4775,25.2675,24.435,25,3475024,,https://api.nasdaq.com/api/quote/UDOW/historical?assetclass=etf&fromdate=2016-07-26&todate=2026-07-26&limit=5000
UDOW,2019-10-11,25.7525,26.4245,25.72,25.8575,4795260,,https://api.nasdaq.com/api/quote/UDOW/historical?assetclass=etf&fromdate=2016-07-26&todate=2026-07-26&limit=5000
UDOW,2019-10-14,25.6925,26.025,25.6625,25.785,1211052,,https://api.nasdaq.com/api/quote/UDOW/historical?assetclass=etf&fromdate=2016-07-26&todate=2026-07-26&limit=5000
UDOW,2019-10-15,26.1275,26.7325,26.0625,26.4725,2049552,,https://api.nasdaq.com/api/quote/UDOW/historical?assetclass=etf&fromdate=2016-07-26&todate=2026-07-26&limit=5000
UDOW,2019-10-16,26.3275,26.55,26.2118,26.4225,1242308,,https://api.nasdaq.com/api/quote/UDOW/historical?assetclass=etf&fromdate=2016-07-26&todate=2026-07-26&limit=5000
UDOW,2019-10-17,26.5825,26.7033,26.295,26.4925,1891288,,https://api.nasdaq.com/api/quote/UDOW/historical?assetclass=etf&fromdate=2016-07-26&todate=2026-07-26&limit=5000
UDOW,2019-10-18,26.2925,26.4275,25.7325,25.745,2071796,,https://api.nasdaq.com/api/quote/UDOW/historical?assetclass=etf&fromdate=2016-07-26&todate=2026-07-26&limit=5000
UDOW,2019-10-21,25.8575,25.925,25.645,25.8925,1463800,,https://api.nasdaq.com/api/quote/UDOW/historical?assetclass=etf&fromdate=2016-07-26&todate=2026-07-26&limit=5000
UDOW,2019-10-22,25.9625,26.215,25.7375,25.7575,1774912,,https://api.nasdaq.com/api/quote/UDOW/historical?assetclass=etf&fromdate=2016-07-26&todate=2026-07-26&limit=5000
UDOW,2019-10-23,25.835,26.0625,25.635,25.865,1794376,,https://api.nasdaq.com/api/quote/UDOW/historical?assetclass=etf&fromdate=2016-07-26&todate=2026-07-26&limit=5000
UDOW,2019-10-24,26.085,26.1125,25.525,25.7775,1995756,,https://api.nasdaq.com/api/quote/UDOW/historical?assetclass=etf&fromdate=2016-07-26&todate=2026-07-26&limit=5000
UDOW,2019-10-25,25.6925,26.3975,25.6925,26.2425,2911496,,https://api.nasdaq.com/api/quote/UDOW/historical?assetclass=etf&fromdate=2016-07-26&todate=2026-07-26&limit=5000
UDOW,2019-10-28,26.6,26.825,26.4225,26.605,2079736,,https://api.nasdaq.com/api/quote/UDOW/historical?assetclass=etf&fromdate=2016-07-26&todate=2026-07-26&limit=5000
UDOW,2019-10-29,26.495,26.8225,26.45,26.6025,1816796,,https://api.nasdaq.com/api/quote/UDOW/historical?assetclass=etf&fromdate=2016-07-26&todate=2026-07-26&limit=5000
UDOW,2019-10-30,26.625,26.93,26.325,26.8725,2162744,,https://api.nasdaq.com/api/quote/UDOW/historical?assetclass=etf&fromdate=2016-07-26&todate=2026-07-26&limit=5000
UDOW,2019-10-31,26.79,26.83,26.075,26.465,2903868,,https://api.nasdaq.com/api/quote/UDOW/historical?assetclass=etf&fromdate=2016-07-26&todate=2026-07-26&limit=5000
UDOW,2019-11-01,26.8825,27.3125,26.8325,27.2975,2118992,,https://api.nasdaq.com/api/quote/UDOW/historical?assetclass=etf&fromdate=2016-07-26&todate=2026-07-26&limit=5000
UDOW,2019-11-04,27.7075,27.8225,27.505,27.6725,1952364,,https://api.nasdaq.com/api/quote/UDOW/historical?assetclass=etf&fromdate=2016-07-26&todate=2026-07-26&limit=5000
UDOW,2019-11-05,27.8225,27.9575,27.6378,27.74,1605628,,https://api.nasdaq.com/api/quote/UDOW/historical?assetclass=etf&fromdate=2016-07-26&todate=2026-07-26&limit=5000
UDOW,2019-11-06,27.81,27.865,27.4975,27.735,1863676,,https://api.nasdaq.com/api/quote/UDOW/historical?assetclass=etf&fromdate=2016-07-26&todate=2026-07-26&limit=5000
UDOW,2019-11-07,28.25,28.69,28.245,28.39,2159488,,https://api.nasdaq.com/api/quote/UDOW/historical?assetclass=etf&fromdate=2016-07-26&todate=2026-07-26&limit=5000
UDOW,2019-11-08,28.4375,28.445,28.0975,28.3925,1298448,,https://api.nasdaq.com/api/quote/UDOW/historical?assetclass=etf&fromdate=2016-07-26&todate=2026-07-26&limit=5000
UDOW,2019-11-11,28.0175,28.515,27.8975,28.4275,1623372,,https://api.nasdaq.com/api/quote/UDOW/historical?assetclass=etf&fromdate=2016-07-26&todate=2026-07-26&limit=5000
UDOW,2019-11-12,28.5175,28.6913,28.2775,28.48,1622424,,https://api.nasdaq.com/api/quote/UDOW/historical?assetclass=etf&fromdate=2016-07-26&todate=2026-07-26&limit=5000
UDOW,2019-11-13,28.1825,28.79,28.1275,28.725,1746732,,https://api.nasdaq.com/api/quote/UDOW/historical?assetclass=etf&fromdate=2016-07-26&todate=2026-07-26&limit=5000
UDOW,2019-11-14,28.6375,28.7875,28.39,28.75,1350628,,https://api.nasdaq.com/api/quote/UDOW/historical?assetclass=etf&fromdate=2016-07-26&todate=2026-07-26&limit=5000
UDOW,2019-11-15,29.0525,29.4525,28.9859,29.4525,1660488,,https://api.nasdaq.com/api/quote/UDOW/historical?assetclass=etf&fromdate=2016-07-26&todate=2026-07-26&limit=5000
UDOW,2019-11-18,29.3675,29.5693,29.325,29.5325,1143896,,https://api.nasdaq.com/api/quote/UDOW/historical?assetclass=etf&fromdate=2016-07-26&todate=2026-07-26&limit=5000
UDOW,2019-11-19,29.72,29.72,29.1053,29.22,2002312,,https://api.nasdaq.com/api/quote/UDOW/historical?assetclass=etf&fromdate=2016-07-26&todate=2026-07-26&limit=5000
UDOW,2019-11-20,29.0075,29.1025,28.4095,28.8675,1920028,,https://api.nasdaq.com/api/quote/UDOW/historical?assetclass=etf&fromdate=2016-07-26&todate=2026-07-26&limit=5000
UDOW,2019-11-21,28.9,28.9275,28.54,28.725,999720,,https://api.nasdaq.com/api/quote/UDOW/historical?assetclass=etf&fromdate=2016-07-26&todate=2026-07-26&limit=5000
UDOW,2019-11-22,28.9025,29.1,28.745,29.035,1562880,,https://api.nasdaq.com/api/quote/UDOW/historical?assetclass=etf&fromdate=2016-07-26&todate=2026-07-26&limit=5000
UDOW,2019-11-25,29.3275,29.6675,29.3125,29.6475,1219440,,https://api.nasdaq.com/api/quote/UDOW/historical?assetclass=etf&fromdate=2016-07-26&todate=2026-07-26&limit=5000
UDOW,2019-11-26,29.75,29.9065,29.5983,29.8425,1063376,,https://api.nasdaq.com/api/quote/UDOW/historical?assetclass=etf&fromdate=2016-07-26&todate=2026-07-26&limit=5000
UDOW,2019-11-27,29.9025,30.0025,29.72,29.9775,1000984,,https://api.nasdaq.com/api/quote/UDOW/historical?assetclass=etf&fromdate=2016-07-26&todate=2026-07-26&limit=5000
UDOW,2019-11-29,29.79,29.8923,29.6579,29.7375,573888,,https://api.nasdaq.com/api/quote/UDOW/historical?assetclass=etf&fromdate=2016-07-26&todate=2026-07-26&limit=5000
UDOW,2019-12-02,29.8375,29.8415,28.8325,28.86,1573260,,https://api.nasdaq.com/api/quote/UDOW/historical?assetclass=etf&fromdate=2016-07-26&todate=2026-07-26&limit=5000
UDOW,2019-12-03,27.9675,28.015,27.3868,27.9725,3067732,,https://api.nasdaq.com/api/quote/UDOW/historical?assetclass=etf&fromdate=2016-07-26&todate=2026-07-26&limit=5000
UDOW,2019-12-04,28.44,28.66,28.305,28.43,1661304,,https://api.nasdaq.com/api/quote/UDOW/historical?assetclass=etf&fromdate=2016-07-26&todate=2026-07-26&limit=5000
UDOW,2019-12-05,28.6925,28.6925,28.1475,28.5225,1777464,,https://api.nasdaq.com/api/quote/UDOW/historical?assetclass=etf&fromdate=2016-07-26&todate=2026-07-26&limit=5000
UDOW,2019-12-06,29.125,29.6225,29.125,29.5475,2014692,,https://api.nasdaq.com/api/quote/UDOW/historical?assetclass=etf&fromdate=2016-07-26&todate=2026-07-26&limit=5000
UDOW,2019-12-09,29.43,29.5559,29.24,29.26,876488,,https://api.nasdaq.com/api/quote/UDOW/historical?assetclass=etf&fromdate=2016-07-26&todate=2026-07-26&limit=5000
UDOW,2019-12-10,29.1975,29.3525,28.9025,29.1625,1056660,,https://api.nasdaq.com/api/quote/UDOW/historical?assetclass=etf&fromdate=2016-07-26&todate=2026-07-26&limit=5000
UDOW,2019-12-11,29.035,29.2603,28.8926,29.24,1022952,,https://api.nasdaq.com/api/quote/UDOW/historical?assetclass=etf&fromdate=2016-07-26&todate=2026-07-26&limit=5000
UDOW,2019-12-12,29.15,30.2,29.0668,29.93,3354912,,https://api.nasdaq.com/api/quote/UDOW/historical?assetclass=etf&fromdate=2016-07-26&todate=2026-07-26&limit=5000
UDOW,2019-12-13,29.8975,30.445,29.6025,29.9525,3087156,,https://api.nasdaq.com/api/quote/UDOW/historical?assetclass=etf&fromdate=2016-07-26&todate=2026-07-26&limit=5000
UDOW,2019-12-16,30.255,30.6005,30.2375,30.275,1934512,,https://api.nasdaq.com/api/quote/UDOW/historical?assetclass=etf&fromdate=2016-07-26&todate=2026-07-26&limit=5000
UDOW,2019-12-17,30.295,30.5575,30.2125,30.37,1041152,,https://api.nasdaq.com/api/quote/UDOW/historical?assetclass=etf&fromdate=2016-07-26&todate=2026-07-26&limit=5000
UDOW,2019-12-18,30.4875,30.53,30.2825,30.2825,1330444,,https://api.nasdaq.com/api/quote/UDOW/historical?assetclass=etf&fromdate=2016-07-26&todate=2026-07-26&limit=5000
UDOW,2019-12-19,30.4225,30.7175,30.395,30.7025,1103724,,https://api.nasdaq.com/api/quote/UDOW/historical?assetclass=etf&fromdate=2016-07-26&todate=2026-07-26&limit=5000
UDOW,2019-12-20,31.025,31.16,30.91,30.9725,1930044,,https://api.nasdaq.com/api/quote/UDOW/historical?assetclass=etf&fromdate=2016-07-26&todate=2026-07-26&limit=5000
UDOW,2019-12-23,31.3,31.3575,31.2021,31.2625,1170692,,https://api.nasdaq.com/api/quote/UDOW/historical?assetclass=etf&fromdate=2016-07-26&todate=2026-07-26&limit=5000
UDOW,2019-12-24,31.275,31.275,31.025,31.05,776120,,https://api.nasdaq.com/api/quote/UDOW/historical?assetclass=etf&fromdate=2016-07-26&todate=2026-07-26&limit=5000
UDOW,2019-12-26,31.14,31.4025,31.12,31.4025,1075380,,https://api.nasdaq.com/api/quote/UDOW/historical?assetclass=etf&fromdate=2016-07-26&todate=2026-07-26&limit=5000
UDOW,2019-12-27,31.65,31.655,31.36,31.4575,1271488,,https://api.nasdaq.com/api/quote/UDOW/historical?assetclass=etf&fromdate=2016-07-26&todate=2026-07-26&limit=5000
UDOW,2019-12-30,31.4725,31.49,30.7375,30.8525,2170320,,https://api.nasdaq.com/api/quote/UDOW/historical?assetclass=etf&fromdate=2016-07-26&todate=2026-07-26&limit=5000
UDOW,2019-12-31,30.6475,31.1221,30.5625,31.0225,1491960,,https://api.nasdaq.com/api/quote/UDOW/historical?assetclass=etf&fromdate=2016-07-26&todate=2026-07-26&limit=5000
UDOW,2020-01-02,31.4875,32.23,31.4,32.23,2146140,,https://api.nasdaq.com/api/quote/UDOW/historical?assetclass=etf&fromdate=2016-07-26&todate=2026-07-26&limit=5000
UDOW,2020-01-03,31.13,31.6962,31.0693,31.42,2138776,,https://api.nasdaq.com/api/quote/UDOW/historical?assetclass=etf&fromdate=2016-07-26&todate=2026-07-26&limit=5000
UDOW,2020-01-06,30.75,31.6475,30.7125,31.625,2418972,,https://api.nasdaq.com/api/quote/UDOW/historical?assetclass=etf&fromdate=2016-07-26&todate=2026-07-26&limit=5000
UDOW,2020-01-07,31.4125,31.557,31.1763,31.24,1946644,,https://api.nasdaq.com/api/quote/UDOW/historical?assetclass=etf&fromdate=2016-07-26&todate=2026-07-26&limit=5000
UDOW,2020-01-08,31.085,32.1503,31,31.78,2340708,,https://api.nasdaq.com/api/quote/UDOW/historical?assetclass=etf&fromdate=2016-07-26&todate=2026-07-26&limit=5000
UDOW,2020-01-09,32.27,32.5525,32.0938,32.4925,1677384,,https://api.nasdaq.com/api/quote/UDOW/historical?assetclass=etf&fromdate=2016-07-26&todate=2026-07-26&limit=5000
UDOW,2020-01-10,32.5825,32.64,31.8975,32.0075,1864868,,https://api.nasdaq.com/api/quote/UDOW/historical?assetclass=etf&fromdate=2016-07-26&todate=2026-07-26&limit=5000
UDOW,2020-01-13,32.1925,32.3,32,32.2775,1725740,,https://api.nasdaq.com/api/quote/UDOW/historical?assetclass=etf&fromdate=2016-07-26&todate=2026-07-26&limit=5000
UDOW,2020-01-14,32.22,32.7625,32.1775,32.345,2111616,,https://api.nasdaq.com/api/quote/UDOW/historical?assetclass=etf&fromdate=2016-07-26&todate=2026-07-26&limit=5000
UDOW,2020-01-15,32.255,33.015,32.255,32.6875,1868240,,https://api.nasdaq.com/api/quote/UDOW/historical?assetclass=etf&fromdate=2016-07-26&todate=2026-07-26&limit=5000
UDOW,2020-01-16,33.1325,33.575,33.0875,33.535,1614648,,https://api.nasdaq.com/api/quote/UDOW/historical?assetclass=etf&fromdate=2016-07-26&todate=2026-07-26&limit=5000
UDOW,2020-01-17,33.8325,33.8507,33.575,33.745,1446420,,https://api.nasdaq.com/api/quote/UDOW/historical?assetclass=etf&fromdate=2016-07-26&todate=2026-07-26&limit=5000
UDOW,2020-01-21,33.42,33.7225,33.065,33.255,1974440,,https://api.nasdaq.com/api/quote/UDOW/historical?assetclass=etf&fromdate=2016-07-26&todate=2026-07-26&limit=5000
UDOW,2020-01-22,33.4425,33.6473,33.15,33.195,1479272,,https://api.nasdaq.com/api/quote/UDOW/historical?assetclass=etf&fromdate=2016-07-26&todate=2026-07-26&limit=5000
UDOW,2020-01-23,32.84,33.21,32.4427,33.1275,1859192,,https://api.nasdaq.com/api/quote/UDOW/historical?assetclass=etf&fromdate=2016-07-26&todate=2026-07-26&limit=5000
UDOW,2020-01-24,33.46,33.525,32.02,32.535,3779900,,https://api.nasdaq.com/api/quote/UDOW/historical?assetclass=etf&fromdate=2016-07-26&todate=2026-07-26&limit=5000
UDOW,2020-01-27,30.835,31.4375,30.7115,30.995,4367844,,https://api.nasdaq.com/api/quote/UDOW/historical?assetclass=etf&fromdate=2016-07-26&todate=2026-07-26&limit=5000
UDOW,2020-01-28,31.285,31.925,31.1307,31.625,2062464,,https://api.nasdaq.com/api/quote/UDOW/historical?assetclass=etf&fromdate=2016-07-26&todate=2026-07-26&limit=5000
UDOW,2020-01-29,32.2175,32.2875,31.5928,31.62,2223676,,https://api.nasdaq.com/api/quote/UDOW/historical?assetclass=etf&fromdate=2016-07-26&todate=2026-07-26&limit=5000
UDOW,2020-01-30,31.0875,32.0975,30.8069,32.0225,3134616,,https://api.nasdaq.com/api/quote/UDOW/historical?assetclass=etf&fromdate=2016-07-26&todate=2026-07-26&limit=5000
UDOW,2020-01-31,31.49,31.58,29.7275,29.9925,5397252,,https://api.nasdaq.com/api/quote/UDOW/historical?assetclass=etf&fromdate=2016-07-26&todate=2026-07-26&limit=5000
UDOW,2020-02-03,30.365,31.1975,30.3325,30.4475,3397344,,https://api.nasdaq.com/api/quote/UDOW/historical?assetclass=etf&fromdate=2016-07-26&todate=2026-07-26&limit=5000
UDOW,2020-02-04,31.68,32.0863,31.576,31.77,2079840,,https://api.nasdaq.com/api/quote/UDOW/historical?assetclass=etf&fromdate=2016-07-26&todate=2026-07-26&limit=5000
UDOW,2020-02-05,32.675,33.43,32.4175,33.36,2844544,,https://api.nasdaq.com/api/quote/UDOW/historical?assetclass=etf&fromdate=2016-07-26&todate=2026-07-26&limit=5000
UDOW,2020-02-06,33.7525,33.7975,33.2125,33.66,2021128,,https://api.nasdaq.com/api/quote/UDOW/historical?assetclass=etf&fromdate=2016-07-26&todate=2026-07-26&limit=5000
UDOW,2020-02-07,33.325,33.325,32.61,32.7825,3663532,,https://api.nasdaq.com/api/quote/UDOW/historical?assetclass=etf&fromdate=2016-07-26&todate=2026-07-26&limit=5000
UDOW,2020-02-10,32.44,33.375,32.4275,33.375,2589308,,https://api.nasdaq.com/api/quote/UDOW/historical?assetclass=etf&fromdate=2016-07-26&todate=2026-07-26&limit=5000
UDOW,2020-02-11,33.865,33.88,33.135,33.3975,3048540,,https://api.nasdaq.com/api/quote/UDOW/historical?assetclass=etf&fromdate=2016-07-26&todate=2026-07-26&limit=5000
UDOW,2020-02-12,33.93,34.36,33.9225,34.29,2379676,,https://api.nasdaq.com/api/quote/UDOW/historical?assetclass=etf&fromdate=2016-07-26&todate=2026-07-26&limit=5000
UDOW,2020-02-13,33.815,34.34,33.6722,33.9825,2565500,,https://api.nasdaq.com/api/quote/UDOW/historical?assetclass=etf&fromdate=2016-07-26&todate=2026-07-26&limit=5000
UDOW,2020-02-14,34.0175,34.085,33.5,33.895,1870984,,https://api.nasdaq.com/api/quote/UDOW/historical?assetclass=etf&fromdate=2016-07-26&todate=2026-07-26&limit=5000
UDOW,2020-02-18,33.3975,33.6525,32.9169,33.2975,2970732,,https://api.nasdaq.com/api/quote/UDOW/historical?assetclass=etf&fromdate=2016-07-26&todate=2026-07-26&limit=5000
UDOW,2020-02-19,33.6125,33.9225,33.4689,33.72,2007028,,https://api.nasdaq.com/api/quote/UDOW/historical?assetclass=etf&fromdate=2016-07-26&todate=2026-07-26&limit=5000
UDOW,2020-02-20,33.5175,33.765,32.3575,33.2575,3064996,,https://api.nasdaq.com/api/quote/UDOW/historical?assetclass=etf&fromdate=2016-07-26&todate=2026-07-26&limit=5000
UDOW,2020-02-21,32.8475,32.905,32.13,32.475,3760688,,https://api.nasdaq.com/api/quote/UDOW/historical?assetclass=etf&fromdate=2016-07-26&todate=2026-07-26&limit=5000
UDOW,2020-02-24,29.32,30.1213,28.875,29.07,8149328,,https://api.nasdaq.com/api/quote/UDOW/historical?assetclass=etf&fromdate=2016-07-26&todate=2026-07-26&limit=5000
UDOW,2020-02-25,29.45,29.6,26.025,26.3175,12675396,,https://api.nasdaq.com/api/quote/UDOW/historical?assetclass=etf&fromdate=2016-07-26&todate=2026-07-26&limit=5000
UDOW,2020-02-26,26.665,27.6125,25.73,25.91,9450776,,https://api.nasdaq.com/api/quote/UDOW/historical?assetclass=etf&fromdate=2016-07-26&todate=2026-07-26&limit=5000
UDOW,2020-02-27,24.515,25.4073,22.5,22.5025,13017996,,https://api.nasdaq.com/api/quote/UDOW/historical?assetclass=etf&fromdate=2016-07-26&todate=2026-07-26&limit=5000
UDOW,2020-02-28,20.5625,21.9,19.75,21.9,18993872,,https://api.nasdaq.com/api/quote/UDOW/historical?assetclass=etf&fromdate=2016-07-26&todate=2026-07-26&limit=5000
UDOW,2020-03-02,22.2275,24.88,21.535,24.8475,11593496,,https://api.nasdaq.com/api/quote/UDOW/historical?assetclass=etf&fromdate=2016-07-26&todate=2026-07-26&limit=5000
UDOW,2020-03-03,25.11,25.95,22.0775,22.6525,15433652,,https://api.nasdaq.com/api/quote/UDOW/historical?assetclass=etf&fromdate=2016-07-26&todate=2026-07-26&limit=5000
UDOW,2020-03-04,24.4,25.7575,23.63,25.7025,7251768,,https://api.nasdaq.com/api/quote/UDOW/historical?assetclass=etf&fromdate=2016-07-26&todate=2026-07-26&limit=5000
UDOW,2020-03-05,23.7825,24.4475,22.5,23.0025,10847148,,https://api.nasdaq.com/api/quote/UDOW/historical?assetclass=etf&fromdate=2016-07-26&todate=2026-07-26&limit=5000
UDOW,2020-03-06,20.94,22.635,20.622,22.31,8333512,,https://api.nasdaq.com/api/quote/UDOW/historical?assetclass=etf&fromdate=2016-07-26&todate=2026-07-26&limit=5000
UDOW,2020-03-09,18.0825,19.2475,16.75,17.2025,15901164,,https://api.nasdaq.com/api/quote/UDOW/historical?assetclass=etf&fromdate=2016-07-26&todate=2026-07-26&limit=5000
UDOW,2020-03-10,18.9625,19.5892,16.75,19.5575,12974492,,https://api.nasdaq.com/api/quote/UDOW/historical?assetclass=etf&fromdate=2016-07-26&todate=2026-07-26&limit=5000
UDOW,2020-03-11,18.0075,18.3225,15.665,16.215,19971712,,https://api.nasdaq.com/api/quote/UDOW/historical?assetclass=etf&fromdate=2016-07-26&todate=2026-07-26&limit=5000
UDOW,2020-03-12,12.9825,14.7836,11.4,11.44,26293272,,https://api.nasdaq.com/api/quote/UDOW/historical?assetclass=etf&fromdate=2016-07-26&todate=2026-07-26&limit=5000
UDOW,2020-03-13,13.5925,14.5,11.5,14.4425,21522436,,https://api.nasdaq.com/api/quote/UDOW/historical?assetclass=etf&fromdate=2016-07-26&todate=2026-07-26&limit=5000
UDOW,2020-03-16,9.915,11.91,9.25,9.325,29341804,,https://api.nasdaq.com/api/quote/UDOW/historical?assetclass=etf&fromdate=2016-07-26&todate=2026-07-26&limit=5000
UDOW,2020-03-17,9.5425,10.47,8.5,10.28,33112224,,https://api.nasdaq.com/api/quote/UDOW/historical?assetclass=etf&fromdate=2016-07-26&todate=2026-07-26&limit=5000
UDOW,2020-03-18,8.25,9.2,7.175,8.375,42944520,,https://api.nasdaq.com/api/quote/UDOW/historical?assetclass=etf&fromdate=2016-07-26&todate=2026-07-26&limit=5000
UDOW,2020-03-19,8.1025,9,7.4275,8.535,38972944,,https://api.nasdaq.com/api/quote/UDOW/historical?assetclass=etf&fromdate=2016-07-26&todate=2026-07-26&limit=5000
UDOW,2020-03-20,8.9425,9.135,7.315,7.405,34085708,,https://api.nasdaq.com/api/quote/UDOW/historical?assetclass=etf&fromdate=2016-07-26&todate=2026-07-26&limit=5000
UDOW,2020-03-23,7.255,7.375,6.3305,6.7575,60009680,,https://api.nasdaq.com/api/quote/UDOW/historical?assetclass=etf&fromdate=2016-07-26&todate=2026-07-26&limit=5000
UDOW,2020-03-24,7.9925,9.0325,7.8525,8.965,48345240,,https://api.nasdaq.com/api/quote/UDOW/historical?assetclass=etf&fromdate=2016-07-26&todate=2026-07-26&limit=5000
UDOW,2020-03-25,9.495,10.7175,8.7775,9.605,67061280,,https://api.nasdaq.com/api/quote/UDOW/historical?assetclass=etf&fromdate=2016-07-26&todate=2026-07-26&limit=5000
UDOW,2020-03-26,9.995,11.525,9.94,11.385,60172160,,https://api.nasdaq.com/api/quote/UDOW/historical?assetclass=etf&fromdate=2016-07-26&todate=2026-07-26&limit=5000
UDOW,2020-03-27,10.28,11.155,9.8425,10.1075,47464440,,https://api.nasdaq.com/api/quote/UDOW/historical?assetclass=etf&fromdate=2016-07-26&todate=2026-07-26&limit=5000
UDOW,2020-03-30,10.2425,11.12,9.91,11.0625,32489916,,https://api.nasdaq.com/api/quote/UDOW/historical?assetclass=etf&fromdate=2016-07-26&todate=2026-07-26&limit=5000
UDOW,2020-03-31,10.905,11.2825,10.3455,10.445,49303120,,https://api.nasdaq.com/api/quote/UDOW/historical?assetclass=etf&fromdate=2016-07-26&todate=2026-07-26&limit=5000
UDOW,2020-04-01,9.225,9.8217,8.82,9.0275,35914392,,https://api.nasdaq.com/api/quote/UDOW/historical?assetclass=etf&fromdate=2016-07-26&todate=2026-07-26&limit=5000
UDOW,2020-04-02,8.905,9.75,8.7525,9.63,38009836,,https://api.nasdaq.com/api/quote/UDOW/historical?assetclass=etf&fromdate=2016-07-26&todate=2026-07-26&limit=5000
UDOW,2020-04-03,9.465,9.7175,8.92,9.18,34368868,,https://api.nasdaq.com/api/quote/UDOW/historical?assetclass=etf&fromdate=2016-07-26&todate=2026-07-26&limit=5000
UDOW,2020-04-06,10.27,11.4375,10.15,11.24,42536000,,https://api.nasdaq.com/api/quote/UDOW/historical?assetclass=etf&fromdate=2016-07-26&todate=2026-07-26&limit=5000
UDOW,2020-04-07,12.595,12.6925,11.24,11.2625,55852160,,https://api.nasdaq.com/api/quote/UDOW/historical?assetclass=etf&fromdate=2016-07-26&todate=2026-07-26&limit=5000
UDOW,2020-04-08,11.6575,12.545,11.3,12.415,38598488,,https://api.nasdaq.com/api/quote/UDOW/historical?assetclass=etf&fromdate=2016-07-26&todate=2026-07-26&limit=5000
UDOW,2020-04-09,13.015,13.3438,12.5325,12.89,51500000,,https://api.nasdaq.com/api/quote/UDOW/historical?assetclass=etf&fromdate=2016-07-26&todate=2026-07-26&limit=5000
UDOW,2020-04-13,12.75,12.7834,11.8525,12.3625,36190760,,https://api.nasdaq.com/api/quote/UDOW/historical?assetclass=etf&fromdate=2016-07-26&todate=2026-07-26&limit=5000
UDOW,2020-04-14,13.0875,13.375,12.8025,13.24,32008120,,https://api.nasdaq.com/api/quote/UDOW/historical?assetclass=etf&fromdate=2016-07-26&todate=2026-07-26&limit=5000
UDOW,2020-04-15,12.39,12.7275,12.0325,12.49,36780320,,https://api.nasdaq.com/api/quote/UDOW/historical?assetclass=etf&fromdate=2016-07-26&todate=2026-07-26&limit=5000
UDOW,2020-04-16,12.5725,12.6325,12.0125,12.53,33604840,,https://api.nasdaq.com/api/quote/UDOW/historical?assetclass=etf&fromdate=2016-07-26&todate=2026-07-26&limit=5000
UDOW,2020-04-17,13.56,13.7095,13.0051,13.6425,34840672,,https://api.nasdaq.com/api/quote/UDOW/historical?assetclass=etf&fromdate=2016-07-26&todate=2026-07-26&limit=5000
UDOW,2020-04-20,12.9775,13.45,12.63,12.6725,35748928,,https://api.nasdaq.com/api/quote/UDOW/historical?assetclass=etf&fromdate=2016-07-26&todate=2026-07-26&limit=5000
UDOW,2020-04-21,11.8525,12.1625,11.5325,11.6675,35270820,,https://api.nasdaq.com/api/quote/UDOW/historical?assetclass=etf&fromdate=2016-07-26&todate=2026-07-26&limit=5000
UDOW,2020-04-22,12.2875,12.56,12.14,12.3275,18633372,,https://api.nasdaq.com/api/quote/UDOW/historical?assetclass=etf&fromdate=2016-07-26&todate=2026-07-26&limit=5000
UDOW,2020-04-23,12.455,12.9975,12.35,12.395,24117756,,https://api.nasdaq.com/api/quote/UDOW/historical?assetclass=etf&fromdate=2016-07-26&todate=2026-07-26&limit=5000
UDOW,2020-04-24,12.62,12.9075,12.2527,12.815,24599160,,https://api.nasdaq.com/api/quote/UDOW/historical?assetclass=etf&fromdate=2016-07-26&todate=2026-07-26&limit=5000
UDOW,2020-04-27,13.05,13.53,12.9325,13.3775,19261636,,https://api.nasdaq.com/api/quote/UDOW/historical?assetclass=etf&fromdate=2016-07-26&todate=2026-07-26&limit=5000
UDOW,2020-04-28,14.01,14.03,13.2275,13.3625,31490564,,https://api.nasdaq.com/api/quote/UDOW/historical?assetclass=etf&fromdate=2016-07-26&todate=2026-07-26&limit=5000
UDOW,2020-04-29,14.08,14.4455,13.925,14.2175,25802384,,https://api.nasdaq.com/api/quote/UDOW/historical?assetclass=etf&fromdate=2016-07-26&todate=2026-07-26&limit=5000
UDOW,2020-04-30,13.84,14.0171,13.4563,13.7,24294800,,https://api.nasdaq.com/api/quote/UDOW/historical?assetclass=etf&fromdate=2016-07-26&todate=2026-07-26&limit=5000
UDOW,2020-05-01,13.055,13.1925,12.5473,12.6825,24419708,,https://api.nasdaq.com/api/quote/UDOW/historical?assetclass=etf&fromdate=2016-07-26&todate=2026-07-26&limit=5000
UDOW,2020-05-04,12.3375,12.75,12.0913,12.705,17999960,,https://api.nasdaq.com/api/quote/UDOW/historical?assetclass=etf&fromdate=2016-07-26&todate=2026-07-26&limit=5000
UDOW,2020-05-05,13.1225,13.3925,12.9003,12.9325,17580448,,https://api.nasdaq.com/api/quote/UDOW/historical?assetclass=etf&fromdate=2016-07-26&todate=2026-07-26&limit=5000
UDOW,2020-05-06,13.1775,13.2025,12.5725,12.5975,24104144,,https://api.nasdaq.com/api/quote/UDOW/historical?assetclass=etf&fromdate=2016-07-26&todate=2026-07-26&limit=5000
UDOW,2020-05-07,12.985,13.2875,12.87,12.95,18476660,,https://api.nasdaq.com/api/quote/UDOW/historical?assetclass=etf&fromdate=2016-07-26&todate=2026-07-26&limit=5000
UDOW,2020-05-08,13.47,13.715,13.3201,13.67,14675800,,https://api.nasdaq.com/api/quote/UDOW/historical?assetclass=etf&fromdate=2016-07-26&todate=2026-07-26&limit=5000
UDOW,2020-05-11,13.3475,13.7475,13.2425,13.5075,16929544,,https://api.nasdaq.com/api/quote/UDOW/historical?assetclass=etf&fromdate=2016-07-26&todate=2026-07-26&limit=5000
UDOW,2020-05-12,13.72,13.7825,12.75,12.75,19715960,,https://api.nasdaq.com/api/quote/UDOW/historical?assetclass=etf&fromdate=2016-07-26&todate=2026-07-26&limit=5000
UDOW,2020-05-13,12.585,12.665,11.6275,11.9225,29117824,,https://api.nasdaq.com/api/quote/UDOW/historical?assetclass=etf&fromdate=2016-07-26&todate=2026-07-26&limit=5000
UDOW,2020-05-14,11.495,12.515,11.2125,12.5075,32339188,,https://api.nasdaq.com/api/quote/UDOW/historical?assetclass=etf&fromdate=2016-07-26&todate=2026-07-26&limit=5000
UDOW,2020-05-15,12.175,12.665,12.0575,12.6025,25546168,,https://api.nasdaq.com/api/quote/UDOW/historical?assetclass=etf&fromdate=2016-07-26&todate=2026-07-26&limit=5000
UDOW,2020-05-18,13.67,14.25,13.6475,14.04,22333592,,https://api.nasdaq.com/api/quote/UDOW/historical?assetclass=etf&fromdate=2016-07-26&todate=2026-07-26&limit=5000
UDOW,2020-05-19,13.98,14.0725,13.3973,13.405,30291620,,https://api.nasdaq.com/api/quote/UDOW/historical?assetclass=etf&fromdate=2016-07-26&todate=2026-07-26&limit=5000
UDOW,2020-05-20,13.935,14.135,13.83,14.01,21902820,,https://api.nasdaq.com/api/quote/UDOW/historical?assetclass=etf&fromdate=2016-07-26&todate=2026-07-26&limit=5000
UDOW,2020-05-21,13.96,14.2746,13.675,13.8775,23718088,,https://api.nasdaq.com/api/quote/UDOW/historical?assetclass=etf&fromdate=2016-07-26&todate=2026-07-26&limit=5000
UDOW,2020-05-22,13.855,13.8875,13.5575,13.855,15215288,,https://api.nasdaq.com/api/quote/UDOW/historical?assetclass=etf&fromdate=2016-07-26&todate=2026-07-26&limit=5000
UDOW,2020-05-26,14.8625,15.0625,14.7,14.7575,20359928,,https://api.nasdaq.com/api/quote/UDOW/historical?assetclass=etf&fromdate=2016-07-26&todate=2026-07-26&limit=5000
UDOW,2020-05-27,15.3975,15.73,14.775,15.7175,24070284,,https://api.nasdaq.com/api/quote/UDOW/historical?assetclass=etf&fromdate=2016-07-26&todate=2026-07-26&limit=5000
UDOW,2020-05-28,16.1175,16.1825,15.3875,15.485,19692040,,https://api.nasdaq.com/api/quote/UDOW/historical?assetclass=etf&fromdate=2016-07-26&todate=2026-07-26&limit=5000
UDOW,2020-05-29,15.28,15.6525,14.8025,15.445,25540696,,https://api.nasdaq.com/api/quote/UDOW/historical?assetclass=etf&fromdate=2016-07-26&todate=2026-07-26&limit=5000
UDOW,2020-06-01,15.3625,15.695,15.1626,15.625,11534272,,https://api.nasdaq.com/api/quote/UDOW/historical?assetclass=etf&fromdate=2016-07-26&todate=2026-07-26&limit=5000
UDOW,2020-06-02,15.8725,16.1125,15.7178,16.1075,17187076,,https://api.nasdaq.com/api/quote/UDOW/historical?assetclass=etf&fromdate=2016-07-26&todate=2026-07-26&limit=5000
UDOW,2020-06-03,16.5825,17.2675,16.4575,17.1275,20671684,,https://api.nasdaq.com/api/quote/UDOW/historical?assetclass=etf&fromdate=2016-07-26&todate=2026-07-26&limit=5000
UDOW,2020-06-04,16.945,17.355,16.76,17.1525,19016408,,https://api.nasdaq.com/api/quote/UDOW/historical?assetclass=etf&fromdate=2016-07-26&todate=2026-07-26&limit=5000
UDOW,2020-06-05,18.53,19.225,18.41,18.7275,28000184,,https://api.nasdaq.com/api/quote/UDOW/historical?assetclass=etf&fromdate=2016-07-26&todate=2026-07-26&limit=5000
UDOW,2020-06-08,19.105,19.75,19.075,19.735,23521320,,https://api.nasdaq.com/api/quote/UDOW/historical?assetclass=etf&fromdate=2016-07-26&todate=2026-07-26&limit=5000
UDOW,2020-06-09,19.085,19.4625,18.845,19.1275,26506072,,https://api.nasdaq.com/api/quote/UDOW/historical?assetclass=etf&fromdate=2016-07-26&todate=2026-07-26&limit=5000
UDOW,2020-06-10,19.0875,19.275,18.3977,18.5125,32621708,,https://api.nasdaq.com/api/quote/UDOW/historical?assetclass=etf&fromdate=2016-07-26&todate=2026-07-26&limit=5000
UDOW,2020-06-11,16.755,17.06,14.575,14.7075,48991480,,https://api.nasdaq.com/api/quote/UDOW/historical?assetclass=etf&fromdate=2016-07-26&todate=2026-07-26&limit=5000
UDOW,2020-06-12,15.9125,16.1475,14.5901,15.505,35563112,,https://api.nasdaq.com/api/quote/UDOW/historical?assetclass=etf&fromdate=2016-07-26&todate=2026-07-26&limit=5000
UDOW,2020-06-15,14.325,16.045,14.13,15.8275,26560644,,https://api.nasdaq.com/api/quote/UDOW/historical?assetclass=etf&fromdate=2016-07-26&todate=2026-07-26&limit=5000
UDOW,2020-06-16,17.4475,17.4475,15.875,16.8175,30361640,,https://api.nasdaq.com/api/quote/UDOW/historical?assetclass=etf&fromdate=2016-07-26&todate=2026-07-26&limit=5000
UDOW,2020-06-17,16.9725,16.9893,16.3325,16.45,17333228,,https://api.nasdaq.com/api/quote/UDOW/historical?assetclass=etf&fromdate=2016-07-26&todate=2026-07-26&limit=5000
UDOW,2020-06-18,16.095,16.515,15.9275,16.37,14550136,,https://api.nasdaq.com/api/quote/UDOW/historical?assetclass=etf&fromdate=2016-07-26&todate=2026-07-26&limit=5000
UDOW,2020-06-19,17.0325,17.07,15.7775,15.9875,25532288,,https://api.nasdaq.com/api/quote/UDOW/historical?assetclass=etf&fromdate=2016-07-26&todate=2026-07-26&limit=5000
UDOW,2020-06-22,15.8375,16.3375,15.6075,16.2825,15922032,,https://api.nasdaq.com/api/quote/UDOW/historical?assetclass=etf&fromdate=2016-07-26&todate=2026-07-26&limit=5000
UDOW,2020-06-23,16.755,16.815,16.4213,16.5275,13638784,,https://api.nasdaq.com/api/quote/UDOW/historical?assetclass=etf&fromdate=2016-07-26&todate=2026-07-26&limit=5000
UDOW,2020-06-24,16.075,16.135,14.885,15.2075,36563960,,https://api.nasdaq.com/api/quote/UDOW/historical?assetclass=etf&fromdate=2016-07-26&todate=2026-07-26&limit=5000
UDOW,2020-06-25,14.975,15.75,14.743,15.7025,22530044,,https://api.nasdaq.com/api/quote/UDOW/historical?assetclass=etf&fromdate=2016-07-26&todate=2026-07-26&limit=5000
UDOW,2020-06-26,15.3775,15.4474,14.2863,14.3925,30385996,,https://api.nasdaq.com/api/quote/UDOW/historical?assetclass=etf&fromdate=2016-07-26&todate=2026-07-26&limit=5000
UDOW,2020-06-29,14.6975,15.375,14.5025,15.3675,17274608,,https://api.nasdaq.com/api/quote/UDOW/historical?assetclass=etf&fromdate=2016-07-26&todate=2026-07-26&limit=5000
UDOW,2020-06-30,15.2025,15.925,15.143,15.7025,19475392,,https://api.nasdaq.com/api/quote/UDOW/historical?assetclass=etf&fromdate=2016-07-26&todate=2026-07-26&limit=5000
UDOW,2020-07-01,15.88,16.1475,15.5838,15.605,15251592,,https://api.nasdaq.com/api/quote/UDOW/historical?assetclass=etf&fromdate=2016-07-26&todate=2026-07-26&limit=5000
UDOW,2020-07-02,16.325,16.4925,15.7081,15.825,17806816,,https://api.nasdaq.com/api/quote/UDOW/historical?assetclass=etf&fromdate=2016-07-26&todate=2026-07-26&limit=5000
UDOW,2020-07-06,16.5,16.6725,16.2625,16.6475,13898848,,https://api.nasdaq.com/api/quote/UDOW/historical?assetclass=etf&fromdate=2016-07-26&todate=2026-07-26&limit=5000
UDOW,2020-07-07,16.2775,16.435,15.85,15.9,13169668,,https://api.nasdaq.com/api/quote/UDOW/historical?assetclass=etf&fromdate=2016-07-26&todate=2026-07-26&limit=5000
UDOW,2020-07-08,16.01,16.29,15.7525,16.2175,13242984,,https://api.nasdaq.com/api/quote/UDOW/historical?assetclass=etf&fromdate=2016-07-26&todate=2026-07-26&limit=5000
UDOW,2020-07-09,16.24,16.285,15.2063,15.56,20265640,,https://api.nasdaq.com/api/quote/UDOW/historical?assetclass=etf&fromdate=2016-07-26&todate=2026-07-26&limit=5000
UDOW,2020-07-10,15.545,16.2625,15.415,16.2175,14770412,,https://api.nasdaq.com/api/quote/UDOW/historical?assetclass=etf&fromdate=2016-07-26&todate=2026-07-26&limit=5000
UDOW,2020-07-13,16.6225,17.2675,16.16,16.2625,20948676,,https://api.nasdaq.com/api/quote/UDOW/historical?assetclass=etf&fromdate=2016-07-26&todate=2026-07-26&limit=5000
UDOW,2020-07-14,16.1525,17.365,16.0591,17.2625,19013436,,https://api.nasdaq.com/api/quote/UDOW/historical?assetclass=etf&fromdate=2016-07-26&todate=2026-07-26&limit=5000
UDOW,2020-07-15,18.0375,18.0466,17.3687,17.7225,21471732,,https://api.nasdaq.com/api/quote/UDOW/historical?assetclass=etf&fromdate=2016-07-26&todate=2026-07-26&limit=5000
UDOW,2020-07-16,17.38,17.7366,17.1575,17.4575,13742996,,https://api.nasdaq.com/api/quote/UDOW/historical?assetclass=etf&fromdate=2016-07-26&todate=2026-07-26&limit=5000
UDOW,2020-07-17,17.585,17.595,17.24,17.3475,11201036,,https://api.nasdaq.com/api/quote/UDOW/historical?assetclass=etf&fromdate=2016-07-26&todate=2026-07-26&limit=5000
UDOW,2020-07-20,17.2675,17.5175,17.0087,17.355,11610372,,https://api.nasdaq.com/api/quote/UDOW/historical?assetclass=etf&fromdate=2016-07-26&todate=2026-07-26&limit=5000
UDOW,2020-07-21,17.75,18.025,17.5175,17.6675,11655216,,https://api.nasdaq.com/api/quote/UDOW/historical?assetclass=etf&fromdate=2016-07-26&todate=2026-07-26&limit=5000
UDOW,2020-07-22,17.5475,18.05,17.5475,17.98,7725140,,https://api.nasdaq.com/api/quote/UDOW/historical?assetclass=etf&fromdate=2016-07-26&todate=2026-07-26&limit=5000
UDOW,2020-07-23,17.895,17.9375,17.1023,17.3,10898192,,https://api.nasdaq.com/api/quote/UDOW/historical?assetclass=etf&fromdate=2016-07-26&todate=2026-07-26&limit=5000
UDOW,2020-07-24,17,17.2449,16.8,16.935,9838296,,https://api.nasdaq.com/api/quote/UDOW/historical?assetclass=etf&fromdate=2016-07-26&todate=2026-07-26&limit=5000
UDOW,2020-07-27,16.93,17.2325,16.8532,17.17,9399968,,https://api.nasdaq.com/api/quote/UDOW/historical?assetclass=etf&fromdate=2016-07-26&todate=2026-07-26&limit=5000
UDOW,2020-07-28,16.9725,17.1025,16.725,16.7725,8214404,,https://api.nasdaq.com/api/quote/UDOW/historical?assetclass=etf&fromdate=2016-07-26&todate=2026-07-26&limit=5000
UDOW,2020-07-29,16.8275,17.1825,16.75,17.075,7510264,,https://api.nasdaq.com/api/quote/UDOW/historical?assetclass=etf&fromdate=2016-07-26&todate=2026-07-26&limit=5000
UDOW,2020-07-30,16.5,16.745,16.001,16.64,14437960,,https://api.nasdaq.com/api/quote/UDOW/historical?assetclass=etf&fromdate=2016-07-26&todate=2026-07-26&limit=5000
UDOW,2020-07-31,16.7475,16.87,16.0553,16.84,11831464,,https://api.nasdaq.com/api/quote/UDOW/historical?assetclass=etf&fromdate=2016-07-26&todate=2026-07-26&limit=5000
UDOW,2020-08-03,17.0875,17.38,17.0352,17.295,7026940,,https://api.nasdaq.com/api/quote/UDOW/historical?assetclass=etf&fromdate=2016-07-26&todate=2026-07-26&limit=5000
UDOW,2020-08-04,17.215,17.6175,17.16,17.605,6128808,,https://api.nasdaq.com/api/quote/UDOW/historical?assetclass=etf&fromdate=2016-07-26&todate=2026-07-26&limit=5000
UDOW,2020-08-05,17.9375,18.3825,17.9184,18.3275,10372480,,https://api.nasdaq.com/api/quote/UDOW/historical?assetclass=etf&fromdate=2016-07-26&todate=2026-07-26&limit=5000
UDOW,2020-08-06,18.2625,18.735,18.2482,18.735,10320236,,https://api.nasdaq.com/api/quote/UDOW/historical?assetclass=etf&fromdate=2016-07-26&todate=2026-07-26&limit=5000
UDOW,2020-08-07,18.575,18.91,18.415,18.8475,10943680,,https://api.nasdaq.com/api/quote/UDOW/historical?assetclass=etf&fromdate=2016-07-26&todate=2026-07-26&limit=5000
UDOW,2020-08-10,19.05,19.615,19.0425,19.59,11163828,,https://api.nasdaq.com/api/quote/UDOW/historical?assetclass=etf&fromdate=2016-07-26&todate=2026-07-26&limit=5000
UDOW,2020-08-11,20.1775,20.3625,19.24,19.385,15248504,,https://api.nasdaq.com/api/quote/UDOW/historical?assetclass=etf&fromdate=2016-07-26&todate=2026-07-26&limit=5000
UDOW,2020-08-12,19.94,20.1325,19.7076,19.9925,8564816,,https://api.nasdaq.com/api/quote/UDOW/historical?assetclass=etf&fromdate=2016-07-26&todate=2026-07-26&limit=5000
UDOW,2020-08-13,19.78,20.0238,19.6033,19.85,6815744,,https://api.nasdaq.com/api/quote/UDOW/historical?assetclass=etf&fromdate=2016-07-26&todate=2026-07-26&limit=5000
UDOW,2020-08-14,19.6,20.0075,19.5281,19.8975,6619544,,https://api.nasdaq.com/api/quote/UDOW/historical?assetclass=etf&fromdate=2016-07-26&todate=2026-07-26&limit=5000
UDOW,2020-08-17,20.0075,20.0265,19.655,19.75,6262368,,https://api.nasdaq.com/api/quote/UDOW/historical?assetclass=etf&fromdate=2016-07-26&todate=2026-07-26&limit=5000
UDOW,2020-08-18,19.775,19.8425,19.3606,19.59,6881424,,https://api.nasdaq.com/api/quote/UDOW/historical?assetclass=etf&fromdate=2016-07-26&todate=2026-07-26&limit=5000
UDOW,2020-08-19,19.695,19.9075,19.325,19.4175,8316892,,https://api.nasdaq.com/api/quote/UDOW/historical?assetclass=etf&fromdate=2016-07-26&todate=2026-07-26&limit=5000
UDOW,2020-08-20,19.13,19.6098,19.0875,19.53,5893528,,https://api.nasdaq.com/api/quote/UDOW/historical?assetclass=etf&fromdate=2016-07-26&todate=2026-07-26&limit=5000
UDOW,2020-08-21,19.465,20.0025,19.435,19.945,6641700,,https://api.nasdaq.com/api/quote/UDOW/historical?assetclass=etf&fromdate=2016-07-26&todate=2026-07-26&limit=5000
UDOW,2020-08-24,20.4625,20.7825,20.195,20.77,10845976,,https://api.nasdaq.com/api/quote/UDOW/historical?assetclass=etf&fromdate=2016-07-26&todate=2026-07-26&limit=5000
UDOW,2020-08-25,20.98,20.9875,20.2984,20.6275,9432900,,https://api.nasdaq.com/api/quote/UDOW/historical?assetclass=etf&fromdate=2016-07-26&todate=2026-07-26&limit=5000
UDOW,2020-08-26,20.6525,20.8656,20.4275,20.8025,7251828,,https://api.nasdaq.com/api/quote/UDOW/historical?assetclass=etf&fromdate=2016-07-26&todate=2026-07-26&limit=5000
UDOW,2020-08-27,21.0375,21.4925,20.8825,21.19,10121164,,https://api.nasdaq.com/api/quote/UDOW/historical?assetclass=etf&fromdate=2016-07-26&todate=2026-07-26&limit=5000
UDOW,2020-08-28,21.45,21.7225,21.17,21.575,8894648,,https://api.nasdaq.com/api/quote/UDOW/historical?assetclass=etf&fromdate=2016-07-26&todate=2026-07-26&limit=5000
UDOW,2020-08-31,21.4425,21.46,20.9143,20.975,10387196,,https://api.nasdaq.com/api/quote/UDOW/historical?assetclass=etf&fromdate=2016-07-26&todate=2026-07-26&limit=5000
UDOW,2020-09-01,20.88,21.5825,20.7575,21.5775,7619496,,https://api.nasdaq.com/api/quote/UDOW/historical?assetclass=etf&fromdate=2016-07-26&todate=2026-07-26&limit=5000
UDOW,2020-09-02,21.8625,22.7475,21.75,22.57,10526400,,https://api.nasdaq.com/api/quote/UDOW/historical?assetclass=etf&fromdate=2016-07-26&todate=2026-07-26&limit=5000
UDOW,2020-09-03,22.5075,22.8271,20.1975,20.72,21018636,,https://api.nasdaq.com/api/quote/UDOW/historical?assetclass=etf&fromdate=2016-07-26&todate=2026-07-26&limit=5000
UDOW,2020-09-04,21.0659,21.2594,19.3325,20.3775,14449020,,https://api.nasdaq.com/api/quote/UDOW/historical?assetclass=etf&fromdate=2016-07-26&todate=2026-07-26&limit=5000
UDOW,2020-09-08,19.7225,19.735,18.9001,18.995,14826700,,https://api.nasdaq.com/api/quote/UDOW/historical?assetclass=etf&fromdate=2016-07-26&todate=2026-07-26&limit=5000
UDOW,2020-09-09,19.55,20.4625,19.4025,19.9175,10377428,,https://api.nasdaq.com/api/quote/UDOW/historical?assetclass=etf&fromdate=2016-07-26&todate=2026-07-26&limit=5000
UDOW,2020-09-10,20.17,20.405,18.8538,19.0575,9570372,,https://api.nasdaq.com/api/quote/UDOW/historical?assetclass=etf&fromdate=2016-07-26&todate=2026-07-26&limit=5000
UDOW,2020-09-11,19.285,19.6663,18.8675,19.33,9968228,,https://api.nasdaq.com/api/quote/UDOW/historical?assetclass=etf&fromdate=2016-07-26&todate=2026-07-26&limit=5000
UDOW,2020-09-14,19.685,20.2225,19.6427,20.02,5408100,,https://api.nasdaq.com/api/quote/UDOW/historical?assetclass=etf&fromdate=2016-07-26&todate=2026-07-26&limit=5000
UDOW,2020-09-15,20.45,20.5359,19.895,20.0175,6515440,,https://api.nasdaq.com/api/quote/UDOW/historical?assetclass=etf&fromdate=2016-07-26&todate=2026-07-26&limit=5000
UDOW,2020-09-16,20.245,20.8275,20.0775,20.115,9809392,,https://api.nasdaq.com/api/quote/UDOW/historical?assetclass=etf&fromdate=2016-07-26&todate=2026-07-26&limit=5000
UDOW,2020-09-17,19.4125,20.16,19.2875,19.84,12558568,,https://api.nasdaq.com/api/quote/UDOW/historical?assetclass=etf&fromdate=2016-07-26&todate=2026-07-26&limit=5000
UDOW,2020-09-18,19.8375,19.925,18.9425,19.2875,8354112,,https://api.nasdaq.com/api/quote/UDOW/historical?assetclass=etf&fromdate=2016-07-26&todate=2026-07-26&limit=5000
UDOW,2020-09-21,18.2675,18.4,17.3225,18.2275,19566744,,https://api.nasdaq.com/api/quote/UDOW/historical?assetclass=etf&fromdate=2016-07-26&todate=2026-07-26&limit=5000
UDOW,2020-09-22,18.3125,18.6075,17.9052,18.515,12201316,,https://api.nasdaq.com/api/quote/UDOW/historical?assetclass=etf&fromdate=2016-07-26&todate=2026-07-26&limit=5000
UDOW,2020-09-23,18.81,18.8925,17.3425,17.4525,11161364,,https://api.nasdaq.com/api/quote/UDOW/historical?assetclass=etf&fromdate=2016-07-26&todate=2026-07-26&limit=5000
UDOW,2020-09-24,17.3225,18.095,16.99,17.555,10931500,,https://api.nasdaq.com/api/quote/UDOW/historical?assetclass=etf&fromdate=2016-07-26&todate=2026-07-26&limit=5000
UDOW,2020-09-25,17.29,18.3825,17.1825,18.26,8327324,,https://api.nasdaq.com/api/quote/UDOW/historical?assetclass=etf&fromdate=2016-07-26&todate=2026-07-26&limit=5000
UDOW,2020-09-28,18.965,19.3525,18.8675,19.11,6454252,,https://api.nasdaq.com/api/quote/UDOW/historical?assetclass=etf&fromdate=2016-07-26&todate=2026-07-26&limit=5000
UDOW,2020-09-29,19.05,19.1163,18.565,18.7825,9054660,,https://api.nasdaq.com/api/quote/UDOW/historical?assetclass=etf&fromdate=2016-07-26&todate=2026-07-26&limit=5000
UDOW,2020-09-30,18.9132,19.9788,18.9132,19.4525,11241280,,https://api.nasdaq.com/api/quote/UDOW/historical?assetclass=etf&fromdate=2016-07-26&todate=2026-07-26&limit=5000
UDOW,2020-10-01,19.83,20.0375,19.2377,19.575,8957628,,https://api.nasdaq.com/api/quote/UDOW/historical?assetclass=etf&fromdate=2016-07-26&todate=2026-07-26&limit=5000
UDOW,2020-10-02,18.72,19.6375,18.6029,19.2825,9270948,,https://api.nasdaq.com/api/quote/UDOW/historical?assetclass=etf&fromdate=2016-07-26&todate=2026-07-26&limit=5000
UDOW,2020-10-05,19.7025,20.28,19.6825,20.2425,3854068,,https://api.nasdaq.com/api/quote/UDOW/historical?assetclass=etf&fromdate=2016-07-26&todate=2026-07-26&limit=5000
UDOW,2020-10-06,20.485,20.6949,19.3375,19.4175,9771984,,https://api.nasdaq.com/api/quote/UDOW/historical?assetclass=etf&fromdate=2016-07-26&todate=2026-07-26&limit=5000
UDOW,2020-10-07,19.9675,20.6875,19.9647,20.515,5279888,,https://api.nasdaq.com/api/quote/UDOW/historical?assetclass=etf&fromdate=2016-07-26&todate=2026-07-26&limit=5000
UDOW,2020-10-08,20.8875,20.9075,20.4775,20.8325,5143648,,https://api.nasdaq.com/api/quote/UDOW/historical?assetclass=etf&fromdate=2016-07-26&todate=2026-07-26&limit=5000
UDOW,2020-10-09,21.11,21.38,20.855,21.1975,7061620,,https://api.nasdaq.com/api/quote/UDOW/historical?assetclass=etf&fromdate=2016-07-26&todate=2026-07-26&limit=5000
UDOW,2020-10-12,21.4225,22.0025,21.345,21.7525,4769864,,https://api.nasdaq.com/api/quote/UDOW/historical?assetclass=etf&fromdate=2016-07-26&todate=2026-07-26&limit=5000
UDOW,2020-10-13,21.57,21.675,21.1928,21.375,4762752,,https://api.nasdaq.com/api/quote/UDOW/historical?assetclass=etf&fromdate=2016-07-26&todate=2026-07-26&limit=5000
UDOW,2020-10-14,21.4705,21.6275,20.8875,21.02,4702824,,https://api.nasdaq.com/api/quote/UDOW/historical?assetclass=etf&fromdate=2016-07-26&todate=2026-07-26&limit=5000
UDOW,2020-10-15,20.3075,21.0575,20.225,20.9825,4844064,,https://api.nasdaq.com/api/quote/UDOW/historical?assetclass=etf&fromdate=2016-07-26&todate=2026-07-26&limit=5000
UDOW,2020-10-16,21.25,21.735,21.1875,21.2125,6017204,,https://api.nasdaq.com/api/quote/UDOW/historical?assetclass=etf&fromdate=2016-07-26&todate=2026-07-26&limit=5000
UDOW,2020-10-19,21.37,21.4475,20.1725,20.33,6856264,,https://api.nasdaq.com/api/quote/UDOW/historical?assetclass=etf&fromdate=2016-07-26&todate=2026-07-26&limit=5000
UDOW,2020-10-20,20.5725,21.105,20.3975,20.5475,7525800,,https://api.nasdaq.com/api/quote/UDOW/historical?assetclass=etf&fromdate=2016-07-26&todate=2026-07-26&limit=5000
UDOW,2020-10-21,20.44,20.8375,20.2825,20.3075,7069324,,https://api.nasdaq.com/api/quote/UDOW/historical?assetclass=etf&fromdate=2016-07-26&todate=2026-07-26&limit=5000
UDOW,2020-10-22,20.3425,20.7912,19.9575,20.6975,7876836,,https://api.nasdaq.com/api/quote/UDOW/historical?assetclass=etf&fromdate=2016-07-26&todate=2026-07-26&limit=5000
UDOW,2020-10-23,20.8425,20.8625,20.21,20.625,8355400,,https://api.nasdaq.com/api/quote/UDOW/historical?assetclass=etf&fromdate=2016-07-26&todate=2026-07-26&limit=5000
UDOW,2020-10-26,19.915,19.9625,18.505,19.225,16783612,,https://api.nasdaq.com/api/quote/UDOW/historical?assetclass=etf&fromdate=2016-07-26&todate=2026-07-26&limit=5000
UDOW,2020-10-27,19.2,19.235,18.7225,18.7325,7982004,,https://api.nasdaq.com/api/quote/UDOW/historical?assetclass=etf&fromdate=2016-07-26&todate=2026-07-26&limit=5000
UDOW,2020-10-28,17.5725,17.935,16.75,16.8325,18712496,,https://api.nasdaq.com/api/quote/UDOW/historical?assetclass=etf&fromdate=2016-07-26&todate=2026-07-26&limit=5000
UDOW,2020-10-29,16.7875,17.5,16.34,17.02,16402224,,https://api.nasdaq.com/api/quote/UDOW/historical?assetclass=etf&fromdate=2016-07-26&todate=2026-07-26&limit=5000
UDOW,2020-10-30,16.7575,17,16.0577,16.755,18308420,,https://api.nasdaq.com/api/quote/UDOW/historical?assetclass=etf&fromdate=2016-07-26&todate=2026-07-26&limit=5000
UDOW,2020-11-02,17.485,17.795,17.12,17.555,12690820,,https://api.nasdaq.com/api/quote/UDOW/historical?assetclass=etf&fromdate=2016-07-26&todate=2026-07-26&limit=5000
UDOW,2020-11-03,18.2325,18.9575,18.125,18.6225,13121056,,https://api.nasdaq.com/api/quote/UDOW/historical?assetclass=etf&fromdate=2016-07-26&todate=2026-07-26&limit=5000
UDOW,2020-11-04,18.9325,20.3225,18.785,19.395,14994820,,https://api.nasdaq.com/api/quote/UDOW/historical?assetclass=etf&fromdate=2016-07-26&todate=2026-07-26&limit=5000
UDOW,2020-11-05,20.1825,20.7422,20.135,20.495,14051316,,https://api.nasdaq.com/api/quote/UDOW/historical?assetclass=etf&fromdate=2016-07-26&todate=2026-07-26&limit=5000
UDOW,2020-11-06,20.5375,20.635,20.09,20.3875,8064256,,https://api.nasdaq.com/api/quote/UDOW/historical?assetclass=etf&fromdate=2016-07-26&todate=2026-07-26&limit=5000
UDOW,2020-11-09,23.675,23.8725,22.1325,22.19,18362456,,https://api.nasdaq.com/api/quote/UDOW/historical?assetclass=etf&fromdate=2016-07-26&todate=2026-07-26&limit=5000
UDOW,2020-11-10,22.5275,22.945,22.1275,22.835,8828304,,https://api.nasdaq.com/api/quote/UDOW/historical?assetclass=etf&fromdate=2016-07-26&todate=2026-07-26&limit=5000
UDOW,2020-11-11,23.2075,23.215,22.4775,22.7675,8266176,,https://api.nasdaq.com/api/quote/UDOW/historical?assetclass=etf&fromdate=2016-07-26&todate=2026-07-26&limit=5000
UDOW,2020-11-12,22.3325,22.5675,21.6125,22.0225,11032620,,https://api.nasdaq.com/api/quote/UDOW/historical?assetclass=etf&fromdate=2016-07-26&todate=2026-07-26&limit=5000
UDOW,2020-11-13,22.475,23.14,22.3475,22.955,7980992,,https://api.nasdaq.com/api/quote/UDOW/historical?assetclass=etf&fromdate=2016-07-26&todate=2026-07-26&limit=5000
UDOW,2020-11-16,23.925,24.105,23.535,24.105,13660524,,https://api.nasdaq.com/api/quote/UDOW/historical?assetclass=etf&fromdate=2016-07-26&todate=2026-07-26&limit=5000
UDOW,2020-11-17,23.46,23.89,23.035,23.71,7915636,,https://api.nasdaq.com/api/quote/UDOW/historical?assetclass=etf&fromdate=2016-07-26&todate=2026-07-26&limit=5000
UDOW,2020-11-18,23.905,24.0375,22.8525,22.8625,8362852,,https://api.nasdaq.com/api/quote/UDOW/historical?assetclass=etf&fromdate=2016-07-26&todate=2026-07-26&limit=5000
UDOW,2020-11-19,22.695,23.0845,22.405,22.9825,9068780,,https://api.nasdaq.com/api/quote/UDOW/historical?assetclass=etf&fromdate=2016-07-26&todate=2026-07-26&limit=5000
UDOW,2020-11-20,22.8775,22.95,22.3925,22.4725,7005784,,https://api.nasdaq.com/api/quote/UDOW/historical?assetclass=etf&fromdate=2016-07-26&todate=2026-07-26&limit=5000
UDOW,2020-11-23,22.875,23.4203,22.7025,23.2375,9975732,,https://api.nasdaq.com/api/quote/UDOW/historical?assetclass=etf&fromdate=2016-07-26&todate=2026-07-26&limit=5000
UDOW,2020-11-24,23.9625,24.473,23.8075,24.3225,10165836,,https://api.nasdaq.com/api/quote/UDOW/historical?assetclass=etf&fromdate=2016-07-26&todate=2026-07-26&limit=5000
UDOW,2020-11-25,24.195,24.2075,23.73,23.9025,6743008,,https://api.nasdaq.com/api/quote/UDOW/historical?assetclass=etf&fromdate=2016-07-26&todate=2026-07-26&limit=5000
UDOW,2020-11-27,24.065,24.2475,23.77,24.005,4124380,,https://api.nasdaq.com/api/quote/UDOW/historical?assetclass=etf&fromdate=2016-07-26&todate=2026-07-26&limit=5000
UDOW,2020-11-30,23.5925,23.6698,22.9312,23.4025,11132280,,https://api.nasdaq.com/api/quote/UDOW/historical?assetclass=etf&fromdate=2016-07-26&todate=2026-07-26&limit=5000
UDOW,2020-12-01,24.12,24.42,23.7452,23.805,8887604,,https://api.nasdaq.com/api/quote/UDOW/historical?assetclass=etf&fromdate=2016-07-26&todate=2026-07-26&limit=5000
UDOW,2020-12-02,23.49,24.032,23.31,23.9975,4874360,,https://api.nasdaq.com/api/quote/UDOW/historical?assetclass=etf&fromdate=2016-07-26&todate=2026-07-26&limit=5000
UDOW,2020-12-03,24.0375,24.515,23.9609,24.1825,10846096,,https://api.nasdaq.com/api/quote/UDOW/historical?assetclass=etf&fromdate=2016-07-26&todate=2026-07-26&limit=5000
UDOW,2020-12-04,24.3575,24.7975,24.325,24.795,5281656,,https://api.nasdaq.com/api/quote/UDOW/historical?assetclass=etf&fromdate=2016-07-26&todate=2026-07-26&limit=5000
UDOW,2020-12-07,24.6075,24.7021,24.1875,24.455,6336648,,https://api.nasdaq.com/api/quote/UDOW/historical?assetclass=etf&fromdate=2016-07-26&todate=2026-07-26&limit=5000
UDOW,2020-12-08,24.1775,24.8725,24.175,24.71,6213388,,https://api.nasdaq.com/api/quote/UDOW/historical?assetclass=etf&fromdate=2016-07-26&todate=2026-07-26&limit=5000
UDOW,2020-12-09,24.9522,25.0425,24.1625,24.385,6620192,,https://api.nasdaq.com/api/quote/UDOW/historical?assetclass=etf&fromdate=2016-07-26&todate=2026-07-26&limit=5000
UDOW,2020-12-10,24.15,24.4483,23.975,24.295,5987696,,https://api.nasdaq.com/api/quote/UDOW/historical?assetclass=etf&fromdate=2016-07-26&todate=2026-07-26&limit=5000
UDOW,2020-12-11,24.0275,24.4525,23.845,24.38,6150288,,https://api.nasdaq.com/api/quote/UDOW/historical?assetclass=etf&fromdate=2016-07-26&todate=2026-07-26&limit=5000
UDOW,2020-12-14,24.9,25.0875,23.9205,23.9575,8165112,,https://api.nasdaq.com/api/quote/UDOW/historical?assetclass=etf&fromdate=2016-07-26&todate=2026-07-26&limit=5000
UDOW,2020-12-15,24.3875,24.8625,24.0335,24.78,6241060,,https://api.nasdaq.com/api/quote/UDOW/historical?assetclass=etf&fromdate=2016-07-26&todate=2026-07-26&limit=5000
UDOW,2020-12-16,24.7575,24.85,24.465,24.675,5563888,,https://api.nasdaq.com/api/quote/UDOW/historical?assetclass=etf&fromdate=2016-07-26&todate=2026-07-26&limit=5000
UDOW,2020-12-17,24.94,25.0525,24.8439,25.0025,4518708,,https://api.nasdaq.com/api/quote/UDOW/historical?assetclass=etf&fromdate=2016-07-26&todate=2026-07-26&limit=5000
UDOW,2020-12-18,25.0825,25.0825,24.335,24.75,8191724,,https://api.nasdaq.com/api/quote/UDOW/historical?assetclass=etf&fromdate=2016-07-26&todate=2026-07-26&limit=5000
UDOW,2020-12-21,23.995,25.0075,23.6475,24.805,9676744,,https://api.nasdaq.com/api/quote/UDOW/historical?assetclass=etf&fromdate=2016-07-26&todate=2026-07-26&limit=5000
UDOW,2020-12-22,24.7175,24.7175,24.2375,24.315,6653292,,https://api.nasdaq.com/api/quote/UDOW/historical?assetclass=etf&fromdate=2016-07-26&todate=2026-07-26&limit=5000
UDOW,2020-12-23,24.53,24.9222,24.52,24.555,4924292,,https://api.nasdaq.com/api/quote/UDOW/historical?assetclass=etf&fromdate=2016-07-26&todate=2026-07-26&limit=5000
UDOW,2020-12-24,24.635,24.75,24.465,24.75,2828384,,https://api.nasdaq.com/api/quote/UDOW/historical?assetclass=etf&fromdate=2016-07-26&todate=2026-07-26&limit=5000
UDOW,2020-12-28,25.14,25.5,25.0525,25.2275,5170576,,https://api.nasdaq.com/api/quote/UDOW/historical?assetclass=etf&fromdate=2016-07-26&todate=2026-07-26&limit=5000
UDOW,2020-12-29,25.5725,25.64,24.8828,25.0725,6121800,,https://api.nasdaq.com/api/quote/UDOW/historical?assetclass=etf&fromdate=2016-07-26&todate=2026-07-26&limit=5000
UDOW,2020-12-30,25.2375,25.495,25.1775,25.2175,3796064,,https://api.nasdaq.com/api/quote/UDOW/historical?assetclass=etf&fromdate=2016-07-26&todate=2026-07-26&limit=5000
UDOW,2020-12-31,25.2075,25.7738,25.0525,25.615,4270400,,https://api.nasdaq.com/api/quote/UDOW/historical?assetclass=etf&fromdate=2016-07-26&todate=2026-07-26&limit=5000
UDOW,2021-01-04,25.8625,25.87,23.8725,24.775,12685064,,https://api.nasdaq.com/api/quote/UDOW/historical?assetclass=etf&fromdate=2016-07-26&todate=2026-07-26&limit=5000
UDOW,2021-01-05,24.655,25.4375,24.545,25.1525,6730240,,https://api.nasdaq.com/api/quote/UDOW/historical?assetclass=etf&fromdate=2016-07-26&todate=2026-07-26&limit=5000
UDOW,2021-01-06,25.1,26.725,24.9563,26.225,10137168,,https://api.nasdaq.com/api/quote/UDOW/historical?assetclass=etf&fromdate=2016-07-26&todate=2026-07-26&limit=5000
UDOW,2021-01-07,26.6275,27.1875,26.4325,26.785,6680264,,https://api.nasdaq.com/api/quote/UDOW/historical?assetclass=etf&fromdate=2016-07-26&todate=2026-07-26&limit=5000
UDOW,2021-01-08,26.99,27.04,26.15,26.9375,7847096,,https://api.nasdaq.com/api/quote/UDOW/historical?assetclass=etf&fromdate=2016-07-26&todate=2026-07-26&limit=5000
UDOW,2021-01-11,26.275,26.9225,26.2625,26.71,5553688,,https://api.nasdaq.com/api/quote/UDOW/historical?assetclass=etf&fromdate=2016-07-26&todate=2026-07-26&limit=5000
UDOW,2021-01-12,26.725,26.9675,26.385,26.8525,4091620,,https://api.nasdaq.com/api/quote/UDOW/historical?assetclass=etf&fromdate=2016-07-26&todate=2026-07-26&limit=5000
UDOW,2021-01-13,26.83,27.065,26.6475,26.8425,4253348,,https://api.nasdaq.com/api/quote/UDOW/historical?assetclass=etf&fromdate=2016-07-26&todate=2026-07-26&limit=5000
UDOW,2021-01-14,27.0625,27.25,26.6337,26.6725,4627452,,https://api.nasdaq.com/api/quote/UDOW/historical?assetclass=etf&fromdate=2016-07-26&todate=2026-07-26&limit=5000
UDOW,2021-01-15,26.1875,26.5125,25.67,26.2025,7573064,,https://api.nasdaq.com/api/quote/UDOW/historical?assetclass=etf&fromdate=2016-07-26&todate=2026-07-26&limit=5000
UDOW,2021-01-19,26.7675,26.8713,26.33,26.485,4245936,,https://api.nasdaq.com/api/quote/UDOW/historical?assetclass=etf&fromdate=2016-07-26&todate=2026-07-26&limit=5000
UDOW,2021-01-20,26.795,27.2772,26.67,27.14,5022700,,https://api.nasdaq.com/api/quote/UDOW/historical?assetclass=etf&fromdate=2016-07-26&todate=2026-07-26&limit=5000
UDOW,2021-01-21,27.205,27.375,26.9808,27.155,4370908,,https://api.nasdaq.com/api/quote/UDOW/historical?assetclass=etf&fromdate=2016-07-26&todate=2026-07-26&limit=5000
UDOW,2021-01-22,26.6275,26.9325,26.435,26.66,4338632,,https://api.nasdaq.com/api/quote/UDOW/historical?assetclass=etf&fromdate=2016-07-26&todate=2026-07-26&limit=5000
UDOW,2021-01-25,26.4125,26.6,25.5375,26.6,9342124,,https://api.nasdaq.com/api/quote/UDOW/historical?assetclass=etf&fromdate=2016-07-26&todate=2026-07-26&limit=5000
UDOW,2021-01-26,26.81,26.96,26.47,26.515,3988928,,https://api.nasdaq.com/api/quote/UDOW/historical?assetclass=etf&fromdate=2016-07-26&todate=2026-07-26&limit=5000
UDOW,2021-01-27,25.7775,25.8023,24.625,24.94,8930308,,https://api.nasdaq.com/api/quote/UDOW/historical?assetclass=etf&fromdate=2016-07-26&todate=2026-07-26&limit=5000
UDOW,2021-01-28,25.3525,26.4375,25.32,25.595,7964496,,https://api.nasdaq.com/api/quote/UDOW/historical?assetclass=etf&fromdate=2016-07-26&todate=2026-07-26&limit=5000
UDOW,2021-01-29,25.0775,25.2949,23.735,24.025,11654236,,https://api.nasdaq.com/api/quote/UDOW/historical?assetclass=etf&fromdate=2016-07-26&todate=2026-07-26&limit=5000
UDOW,2021-02-01,24.635,24.895,24.1175,24.59,6372396,,https://api.nasdaq.com/api/quote/UDOW/historical?assetclass=etf&fromdate=2016-07-26&todate=2026-07-26&limit=5000
UDOW,2021-02-02,25.1875,26.1275,25.185,25.7675,5400916,,https://api.nasdaq.com/api/quote/UDOW/historical?assetclass=etf&fromdate=2016-07-26&todate=2026-07-26&limit=5000
UDOW,2021-02-03,25.555,26.025,25.3388,25.835,4343496,,https://api.nasdaq.com/api/quote/UDOW/historical?assetclass=etf&fromdate=2016-07-26&todate=2026-07-26&limit=5000
UDOW,2021-02-04,26,26.7125,25.9875,26.685,3761868,,https://api.nasdaq.com/api/quote/UDOW/historical?assetclass=etf&fromdate=2016-07-26&todate=2026-07-26&limit=5000
UDOW,2021-02-05,27.135,27.2,26.755,26.9125,3815904,,https://api.nasdaq.com/api/quote/UDOW/historical?assetclass=etf&fromdate=2016-07-26&todate=2026-07-26&limit=5000
UDOW,2021-02-08,27.227,27.525,27.1625,27.525,3336692,,https://api.nasdaq.com/api/quote/UDOW/historical?assetclass=etf&fromdate=2016-07-26&todate=2026-07-26&limit=5000
UDOW,2021-02-09,27.3725,27.7,27.1875,27.5675,2894508,,https://api.nasdaq.com/api/quote/UDOW/historical?assetclass=etf&fromdate=2016-07-26&todate=2026-07-26&limit=5000
UDOW,2021-02-10,27.8825,27.895,27.125,27.6975,3410552,,https://api.nasdaq.com/api/quote/UDOW/historical?assetclass=etf&fromdate=2016-07-26&todate=2026-07-26&limit=5000
UDOW,2021-02-11,27.8475,28.035,27.2388,27.7275,4313248,,https://api.nasdaq.com/api/quote/UDOW/historical?assetclass=etf&fromdate=2016-07-26&todate=2026-07-26&limit=5000
UDOW,2021-02-12,27.6375,27.8668,27.52,27.8325,2450860,,https://api.nasdaq.com/api/quote/UDOW/historical?assetclass=etf&fromdate=2016-07-26&todate=2026-07-26&limit=5000
UDOW,2021-02-16,28.175,28.23,27.79,27.9675,3521308,,https://api.nasdaq.com/api/quote/UDOW/historical?assetclass=etf&fromdate=2016-07-26&todate=2026-07-26&limit=5000
UDOW,2021-02-17,27.725,28.3325,27.5375,28.2775,4019500,,https://api.nasdaq.com/api/quote/UDOW/historical?assetclass=etf&fromdate=2016-07-26&todate=2026-07-26&limit=5000
UDOW,2021-02-18,27.7475,28.085,27.3875,27.97,4234696,,https://api.nasdaq.com/api/quote/UDOW/historical?assetclass=etf&fromdate=2016-07-26&todate=2026-07-26&limit=5000
UDOW,2021-02-19,28.145,28.3397,27.8725,27.94,3237004,,https://api.nasdaq.com/api/quote/UDOW/historical?assetclass=etf&fromdate=2016-07-26&todate=2026-07-26&limit=5000
UDOW,2021-02-22,27.41,28.3675,27.3825,28.0525,4363292,,https://api.nasdaq.com/api/quote/UDOW/historical?assetclass=etf&fromdate=2016-07-26&todate=2026-07-26&limit=5000
UDOW,2021-02-23,27.9175,28.38,27.0787,28.085,7878592,,https://api.nasdaq.com/api/quote/UDOW/historical?assetclass=etf&fromdate=2016-07-26&todate=2026-07-26&limit=5000
UDOW,2021-02-24,27.885,29.325,27.7625,29.1975,5764676,,https://api.nasdaq.com/api/quote/UDOW/historical?assetclass=etf&fromdate=2016-07-26&todate=2026-07-26&limit=5000
UDOW,2021-02-25,29.2325,29.2925,27.395,27.6575,10187396,,https://api.nasdaq.com/api/quote/UDOW/historical?assetclass=etf&fromdate=2016-07-26&todate=2026-07-26&limit=5000
UDOW,2021-02-26,27.78,27.78,26.4088,26.465,9112664,,https://api.nasdaq.com/api/quote/UDOW/historical?assetclass=etf&fromdate=2016-07-26&todate=2026-07-26&limit=5000
UDOW,2021-03-01,27.4925,28.3773,27.4925,28.0425,6804612,,https://api.nasdaq.com/api/quote/UDOW/historical?assetclass=etf&fromdate=2016-07-26&todate=2026-07-26&limit=5000
UDOW,2021-03-02,28.0825,28.2613,27.6125,27.68,4889548,,https://api.nasdaq.com/api/quote/UDOW/historical?assetclass=etf&fromdate=2016-07-26&todate=2026-07-26&limit=5000
UDOW,2021-03-03,27.555,28.1,27.2975,27.3225,6279576,,https://api.nasdaq.com/api/quote/UDOW/historical?assetclass=etf&fromdate=2016-07-26&todate=2026-07-26&limit=5000
UDOW,2021-03-04,27.3725,27.845,25.425,26.4425,11221352,,https://api.nasdaq.com/api/quote/UDOW/historical?assetclass=etf&fromdate=2016-07-26&todate=2026-07-26&limit=5000
UDOW,2021-03-05,27.1925,28.1,26.025,27.8825,11432888,,https://api.nasdaq.com/api/quote/UDOW/historical?assetclass=etf&fromdate=2016-07-26&todate=2026-07-26&limit=5000
UDOW,2021-03-08,28.31,29.6175,28.0553,28.7125,10581700,,https://api.nasdaq.com/api/quote/UDOW/historical?assetclass=etf&fromdate=2016-07-26&todate=2026-07-26&limit=5000
UDOW,2021-03-09,29.0175,29.645,28.76,28.8025,6373044,,https://api.nasdaq.com/api/quote/UDOW/historical?assetclass=etf&fromdate=2016-07-26&todate=2026-07-26&limit=5000
UDOW,2021-03-10,29.335,30.3272,29.3,30.0925,8624652,,https://api.nasdaq.com/api/quote/UDOW/historical?assetclass=etf&fromdate=2016-07-26&todate=2026-07-26&limit=5000
UDOW,2021-03-11,30.45,31.0875,30.2125,30.6225,5902192,,https://api.nasdaq.com/api/quote/UDOW/historical?assetclass=etf&fromdate=2016-07-26&todate=2026-07-26&limit=5000
UDOW,2021-03-12,30.735,31.5105,30.6725,31.495,5845384,,https://api.nasdaq.com/api/quote/UDOW/historical?assetclass=etf&fromdate=2016-07-26&todate=2026-07-26&limit=5000
UDOW,2021-03-15,31.7175,32.0175,31.0313,31.965,7610112,,https://api.nasdaq.com/api/quote/UDOW/historical?assetclass=etf&fromdate=2016-07-26&todate=2026-07-26&limit=5000
UDOW,2021-03-16,31.8975,31.94,31.4575,31.615,4664692,,https://api.nasdaq.com/api/quote/UDOW/historical?assetclass=etf&fromdate=2016-07-26&todate=2026-07-26&limit=5000
UDOW,2021-03-17,31.715,32.2375,31.4705,32.14,5067064,,https://api.nasdaq.com/api/quote/UDOW/historical?assetclass=etf&fromdate=2016-07-26&todate=2026-07-26&limit=5000
UDOW,2021-03-18,32.0275,32.7762,31.6151,31.7525,8479300,,https://api.nasdaq.com/api/quote/UDOW/historical?assetclass=etf&fromdate=2016-07-26&todate=2026-07-26&limit=5000
UDOW,2021-03-19,31.5975,31.5975,30.665,30.9525,6587632,,https://api.nasdaq.com/api/quote/UDOW/historical?assetclass=etf&fromdate=2016-07-26&todate=2026-07-26&limit=5000
UDOW,2021-03-22,30.7725,31.53,30.685,31.32,4325756,,https://api.nasdaq.com/api/quote/UDOW/historical?assetclass=etf&fromdate=2016-07-26&todate=2026-07-26&limit=5000
UDOW,2021-03-23,31.0325,31.3525,30.2105,30.4,5386400,,https://api.nasdaq.com/api/quote/UDOW/historical?assetclass=etf&fromdate=2016-07-26&todate=2026-07-26&limit=5000
UDOW,2021-03-24,30.7325,31.4148,30.391,30.4025,5136720,,https://api.nasdaq.com/api/quote/UDOW/historical?assetclass=etf&fromdate=2016-07-26&todate=2026-07-26&limit=5000
UDOW,2021-03-25,29.995,31.0923,29.4,30.9575,8426876,,https://api.nasdaq.com/api/quote/UDOW/historical?assetclass=etf&fromdate=2016-07-26&todate=2026-07-26&limit=5000
UDOW,2021-03-26,31.3975,32.3013,31.115,32.2125,8232292,,https://api.nasdaq.com/api/quote/UDOW/historical?assetclass=etf&fromdate=2016-07-26&todate=2026-07-26&limit=5000
UDOW,2021-03-29,31.84,32.775,31.7428,32.54,7852680,,https://api.nasdaq.com/api/quote/UDOW/historical?assetclass=etf&fromdate=2016-07-26&todate=2026-07-26&limit=5000
UDOW,2021-03-30,32.3725,32.5225,31.975,32.2575,5796752,,https://api.nasdaq.com/api/quote/UDOW/historical?assetclass=etf&fromdate=2016-07-26&todate=2026-07-26&limit=5000
UDOW,2021-03-31,32.22,32.5275,32.02,32.085,5246336,,https://api.nasdaq.com/api/quote/UDOW/historical?assetclass=etf&fromdate=2016-07-26&todate=2026-07-26&limit=5000
UDOW,2021-04-01,32.2758,32.5063,31.9613,32.4625,4472628,,https://api.nasdaq.com/api/quote/UDOW/historical?assetclass=etf&fromdate=2016-07-26&todate=2026-07-26&limit=5000
UDOW,2021-04-05,33.205,33.85,33.1925,33.5725,4810440,,https://api.nasdaq.com/api/quote/UDOW/historical?assetclass=etf&fromdate=2016-07-26&todate=2026-07-26&limit=5000
UDOW,2021-04-06,33.4075,33.6349,33.1337,33.3,3561328,,https://api.nasdaq.com/api/quote/UDOW/historical?assetclass=etf&fromdate=2016-07-26&todate=2026-07-26&limit=5000
UDOW,2021-04-07,33.24,33.5575,33.04,33.2975,3127568,,https://api.nasdaq.com/api/quote/UDOW/historical?assetclass=etf&fromdate=2016-07-26&todate=2026-07-26&limit=5000
UDOW,2021-04-08,33.27,33.525,33.02,33.515,4374588,,https://api.nasdaq.com/api/quote/UDOW/historical?assetclass=etf&fromdate=2016-07-26&todate=2026-07-26&limit=5000
UDOW,2021-04-09,33.71,34.4175,33.6125,34.3675,4182752,,https://api.nasdaq.com/api/quote/UDOW/historical?assetclass=etf&fromdate=2016-07-26&todate=2026-07-26&limit=5000
UDOW,2021-04-12,34.1875,34.35,33.9875,34.2425,3470724,,https://api.nasdaq.com/api/quote/UDOW/historical?assetclass=etf&fromdate=2016-07-26&todate=2026-07-26&limit=5000
UDOW,2021-04-13,33.985,34.215,33.6175,34.025,4736836,,https://api.nasdaq.com/api/quote/UDOW/historical?assetclass=etf&fromdate=2016-07-26&todate=2026-07-26&limit=5000
UDOW,2021-04-14,34.02,34.7225,34.0051,34.245,5158468,,https://api.nasdaq.com/api/quote/UDOW/historical?assetclass=etf&fromdate=2016-07-26&todate=2026-07-26&limit=5000
UDOW,2021-04-15,34.66,35.2,34.66,35.125,3095868,,https://api.nasdaq.com/api/quote/UDOW/historical?assetclass=etf&fromdate=2016-07-26&todate=2026-07-26&limit=5000
UDOW,2021-04-16,35.5625,35.77,35.3255,35.6225,3647128,,https://api.nasdaq.com/api/quote/UDOW/historical?assetclass=etf&fromdate=2016-07-26&todate=2026-07-26&limit=5000
UDOW,2021-04-19,35.3575,35.415,34.9025,35.2475,4568508,,https://api.nasdaq.com/api/quote/UDOW/historical?assetclass=etf&fromdate=2016-07-26&todate=2026-07-26&limit=5000
UDOW,2021-04-20,34.8325,34.9725,34.01,34.4375,4568968,,https://api.nasdaq.com/api/quote/UDOW/historical?assetclass=etf&fromdate=2016-07-26&todate=2026-07-26&limit=5000
UDOW,2021-04-21,34.28,35.455,34.255,35.3975,4136268,,https://api.nasdaq.com/api/quote/UDOW/historical?assetclass=etf&fromdate=2016-07-26&todate=2026-07-26&limit=5000
UDOW,2021-04-22,35.34,35.3625,34.0863,34.39,6662308,,https://api.nasdaq.com/api/quote/UDOW/historical?assetclass=etf&fromdate=2016-07-26&todate=2026-07-26&limit=5000
UDOW,2021-04-23,34.3025,35.46,34.115,35.085,4174520,,https://api.nasdaq.com/api/quote/UDOW/historical?assetclass=etf&fromdate=2016-07-26&todate=2026-07-26&limit=5000
UDOW,2021-04-26,35.3325,35.4323,34.8,34.955,3397040,,https://api.nasdaq.com/api/quote/UDOW/historical?assetclass=etf&fromdate=2016-07-26&todate=2026-07-26&limit=5000
UDOW,2021-04-27,34.87,35.1025,34.5775,34.93,2744220,,https://api.nasdaq.com/api/quote/UDOW/historical?assetclass=etf&fromdate=2016-07-26&todate=2026-07-26&limit=5000
UDOW,2021-04-28,34.75,34.8125,34.3675,34.455,3453276,,https://api.nasdaq.com/api/quote/UDOW/historical?assetclass=etf&fromdate=2016-07-26&todate=2026-07-26&limit=5000
UDOW,2021-04-29,34.93,35.224,34.17,35.145,4639080,,https://api.nasdaq.com/api/quote/UDOW/historical?assetclass=etf&fromdate=2016-07-26&todate=2026-07-26&limit=5000
UDOW,2021-04-30,34.6375,34.8475,34.295,34.625,4100600,,https://api.nasdaq.com/api/quote/UDOW/historical?assetclass=etf&fromdate=2016-07-26&todate=2026-07-26&limit=5000
UDOW,2021-05-03,35.1775,35.625,35.13,35.31,3455232,,https://api.nasdaq.com/api/quote/UDOW/historical?assetclass=etf&fromdate=2016-07-26&todate=2026-07-26&limit=5000
UDOW,2021-05-04,34.955,35.395,34.2175,35.38,6792168,,https://api.nasdaq.com/api/quote/UDOW/historical?assetclass=etf&fromdate=2016-07-26&todate=2026-07-26&limit=5000
UDOW,2021-05-05,35.6475,35.9675,35.065,35.655,2992768,,https://api.nasdaq.com/api/quote/UDOW/historical?assetclass=etf&fromdate=2016-07-26&todate=2026-07-26&limit=5000
UDOW,2021-05-06,35.8525,36.705,35.5425,36.685,5460452,,https://api.nasdaq.com/api/quote/UDOW/historical?assetclass=etf&fromdate=2016-07-26&todate=2026-07-26&limit=5000
UDOW,2021-05-07,36.57,37.5397,36.44,37.42,5168648,,https://api.nasdaq.com/api/quote/UDOW/historical?assetclass=etf&fromdate=2016-07-26&todate=2026-07-26&limit=5000
UDOW,2021-05-10,37.865,38.4425,37.32,37.375,6055648,,https://api.nasdaq.com/api/quote/UDOW/historical?assetclass=etf&fromdate=2016-07-26&todate=2026-07-26&limit=5000
UDOW,2021-05-11,36.4725,36.5475,35.1703,35.8175,9830468,,https://api.nasdaq.com/api/quote/UDOW/historical?assetclass=etf&fromdate=2016-07-26&todate=2026-07-26&limit=5000
UDOW,2021-05-12,35.375,35.5925,33.545,33.6575,8812916,,https://api.nasdaq.com/api/quote/UDOW/historical?assetclass=etf&fromdate=2016-07-26&todate=2026-07-26&limit=5000
UDOW,2021-05-13,33.725,35.45,33.725,34.9675,8373544,,https://api.nasdaq.com/api/quote/UDOW/historical?assetclass=etf&fromdate=2016-07-26&todate=2026-07-26&limit=5000
UDOW,2021-05-14,35.5475,36.35,35.425,36.1575,6388924,,https://api.nasdaq.com/api/quote/UDOW/historical?assetclass=etf&fromdate=2016-07-26&todate=2026-07-26&limit=5000
UDOW,2021-05-17,35.8275,36.1,35.4525,35.9475,3966708,,https://api.nasdaq.com/api/quote/UDOW/historical?assetclass=etf&fromdate=2016-07-26&todate=2026-07-26&limit=5000
UDOW,2021-05-18,36.025,36.2125,35.0784,35.1425,3918448,,https://api.nasdaq.com/api/quote/UDOW/historical?assetclass=etf&fromdate=2016-07-26&todate=2026-07-26&limit=5000
UDOW,2021-05-19,34.0425,34.65,33.3152,34.6375,8640576,,https://api.nasdaq.com/api/quote/UDOW/historical?assetclass=etf&fromdate=2016-07-26&todate=2026-07-26&limit=5000
UDOW,2021-05-20,34.745,35.69,34.6045,35.2425,4223188,,https://api.nasdaq.com/api/quote/UDOW/historical?assetclass=etf&fromdate=2016-07-26&todate=2026-07-26&limit=5000
UDOW,2021-05-21,35.725,36.2725,35.41,35.645,5297600,,https://api.nasdaq.com/api/quote/UDOW/historical?assetclass=etf&fromdate=2016-07-26&todate=2026-07-26&limit=5000
UDOW,2021-05-24,36.0675,36.4625,35.97,36.2525,3657320,,https://api.nasdaq.com/api/quote/UDOW/historical?assetclass=etf&fromdate=2016-07-26&todate=2026-07-26&limit=5000
UDOW,2021-05-25,36.48,36.58,35.825,35.995,2680402,,https://api.nasdaq.com/api/quote/UDOW/historical?assetclass=etf&fromdate=2016-07-26&todate=2026-07-26&limit=5000
UDOW,2021-05-26,36.13,36.29,35.835,36.02,1690808,,https://api.nasdaq.com/api/quote/UDOW/historical?assetclass=etf&fromdate=2016-07-26&todate=2026-07-26&limit=5000
UDOW,2021-05-27,36.66,36.92,36.205,36.415,2965530,,https://api.nasdaq.com/api/quote/UDOW/historical?assetclass=etf&fromdate=2016-07-26&todate=2026-07-26&limit=5000
UDOW,2021-05-28,37.005,37.025,36.685,36.77,2130070,,https://api.nasdaq.com/api/quote/UDOW/historical?assetclass=etf&fromdate=2016-07-26&todate=2026-07-26&limit=5000
UDOW,2021-06-01,37.685,37.7116,36.75,36.86,2565166,,https://api.nasdaq.com/api/quote/UDOW/historical?assetclass=etf&fromdate=2016-07-26&todate=2026-07-26&limit=5000
UDOW,2021-06-02,37.125,37.3,36.798,36.965,2460494,,https://api.nasdaq.com/api/quote/UDOW/historical?assetclass=etf&fromdate=2016-07-26&todate=2026-07-26&limit=5000
UDOW,2021-06-03,36.425,37.175,36.085,36.89,2377562,,https://api.nasdaq.com/api/quote/UDOW/historical?assetclass=etf&fromdate=2016-07-26&todate=2026-07-26&limit=5000
UDOW,2021-06-04,37.22,37.5025,37.0466,37.475,2364610,,https://api.nasdaq.com/api/quote/UDOW/historical?assetclass=etf&fromdate=2016-07-26&todate=2026-07-26&limit=5000
UDOW,2021-06-07,37.66,37.685,36.865,37.03,2593274,,https://api.nasdaq.com/api/quote/UDOW/historical?assetclass=etf&fromdate=2016-07-26&todate=2026-07-26&limit=5000
UDOW,2021-06-08,37.085,37.155,36.465,36.96,2732166,,https://api.nasdaq.com/api/quote/UDOW/historical?assetclass=etf&fromdate=2016-07-26&todate=2026-07-26&limit=5000
UDOW,2021-06-09,37.04,37.14,36.43,36.485,2707804,,https://api.nasdaq.com/api/quote/UDOW/historical?assetclass=etf&fromdate=2016-07-26&todate=2026-07-26&limit=5000
UDOW,2021-06-10,37.03,37.405,36.465,36.56,3225166,,https://api.nasdaq.com/api/quote/UDOW/historical?assetclass=etf&fromdate=2016-07-26&todate=2026-07-26&limit=5000
UDOW,2021-06-11,36.85,37.025,36.0802,36.545,2349508,,https://api.nasdaq.com/api/quote/UDOW/historical?assetclass=etf&fromdate=2016-07-26&todate=2026-07-26&limit=5000
UDOW,2021-06-14,36.485,36.485,35.73,36.315,2967760,,https://api.nasdaq.com/api/quote/UDOW/historical?assetclass=etf&fromdate=2016-07-26&todate=2026-07-26&limit=5000
UDOW,2021-06-15,36.34,36.385,35.69,36.05,2357894,,https://api.nasdaq.com/api/quote/UDOW/historical?assetclass=etf&fromdate=2016-07-26&todate=2026-07-26&limit=5000
UDOW,2021-06-16,36.015,36.095,34.79,35.16,4906442,,https://api.nasdaq.com/api/quote/UDOW/historical?assetclass=etf&fromdate=2016-07-26&todate=2026-07-26&limit=5000
UDOW,2021-06-17,35.13,35.355,33.9,34.54,7331676,,https://api.nasdaq.com/api/quote/UDOW/historical?assetclass=etf&fromdate=2016-07-26&todate=2026-07-26&limit=5000
UDOW,2021-06-18,33.357,33.65,32.8555,32.895,10742626,,https://api.nasdaq.com/api/quote/UDOW/historical?assetclass=etf&fromdate=2016-07-26&todate=2026-07-26&limit=5000
UDOW,2021-06-21,33.615,34.745,33.37,34.66,6588134,,https://api.nasdaq.com/api/quote/UDOW/historical?assetclass=etf&fromdate=2016-07-26&todate=2026-07-26&limit=5000
UDOW,2021-06-22,34.64,35.135,34.23,34.865,4504890,,https://api.nasdaq.com/api/quote/UDOW/historical?assetclass=etf&fromdate=2016-07-26&todate=2026-07-26&limit=5000
UDOW,2021-06-23,34.895,35.065,34.6062,34.61,4525746,,https://api.nasdaq.com/api/quote/UDOW/historical?assetclass=etf&fromdate=2016-07-26&todate=2026-07-26&limit=5000
UDOW,2021-06-24,35.2,35.72,35.115,35.625,5123082,,https://api.nasdaq.com/api/quote/UDOW/historical?assetclass=etf&fromdate=2016-07-26&todate=2026-07-26&limit=5000
UDOW,2021-06-25,36.14,36.545,35.9667,36.395,4875546,,https://api.nasdaq.com/api/quote/UDOW/historical?assetclass=etf&fromdate=2016-07-26&todate=2026-07-26&limit=5000
UDOW,2021-06-28,36.37,36.375,35.545,35.865,5846852,,https://api.nasdaq.com/api/quote/UDOW/historical?assetclass=etf&fromdate=2016-07-26&todate=2026-07-26&limit=5000
UDOW,2021-06-29,36.235,36.47,35.8055,35.89,4286722,,https://api.nasdaq.com/api/quote/UDOW/historical?assetclass=etf&fromdate=2016-07-26&todate=2026-07-26&limit=5000
UDOW,2021-06-30,35.725,36.7,35.725,36.54,4602190,,https://api.nasdaq.com/api/quote/UDOW/historical?assetclass=etf&fromdate=2016-07-26&todate=2026-07-26&limit=5000
UDOW,2021-07-01,36.785,36.9845,36.5175,36.96,3274636,,https://api.nasdaq.com/api/quote/UDOW/historical?assetclass=etf&fromdate=2016-07-26&todate=2026-07-26&limit=5000
UDOW,2021-07-02,37.19,37.59,36.905,37.48,3892890,,https://api.nasdaq.com/api/quote/UDOW/historical?assetclass=etf&fromdate=2016-07-26&todate=2026-07-26&limit=5000
UDOW,2021-07-06,37.42,37.53,36.075,36.8,5822426,,https://api.nasdaq.com/api/quote/UDOW/historical?assetclass=etf&fromdate=2016-07-26&todate=2026-07-26&limit=5000
UDOW,2021-07-07,36.725,37.205,36.335,37.13,5241762,,https://api.nasdaq.com/api/quote/UDOW/historical?assetclass=etf&fromdate=2016-07-26&todate=2026-07-26&limit=5000
UDOW,2021-07-08,35.755,36.52,35.405,36.34,6698590,,https://api.nasdaq.com/api/quote/UDOW/historical?assetclass=etf&fromdate=2016-07-26&todate=2026-07-26&limit=5000
UDOW,2021-07-09,37.025,37.785,36.785,37.71,4913380,,https://api.nasdaq.com/api/quote/UDOW/historical?assetclass=etf&fromdate=2016-07-26&todate=2026-07-26&limit=5000
UDOW,2021-07-12,37.46,38.195,37.245,38.15,7657532,,https://api.nasdaq.com/api/quote/UDOW/historical?assetclass=etf&fromdate=2016-07-26&todate=2026-07-26&limit=5000
UDOW,2021-07-13,37.945,38.19,37.7199,37.79,8063304,,https://api.nasdaq.com/api/quote/UDOW/historical?assetclass=etf&fromdate=2016-07-26&todate=2026-07-26&limit=5000
UDOW,2021-07-14,38.1585,38.325,37.575,37.91,4800042,,https://api.nasdaq.com/api/quote/UDOW/historical?assetclass=etf&fromdate=2016-07-26&todate=2026-07-26&limit=5000
UDOW,2021-07-15,37.41,38.09,37.32,38.07,3718108,,https://api.nasdaq.com/api/quote/UDOW/historical?assetclass=etf&fromdate=2016-07-26&todate=2026-07-26&limit=5000
UDOW,2021-07-16,38.4,38.4,36.965,37.075,3999410,,https://api.nasdaq.com/api/quote/UDOW/historical?assetclass=etf&fromdate=2016-07-26&todate=2026-07-26&limit=5000
UDOW,2021-07-19,35.505,35.74,34.08,34.855,12854268,,https://api.nasdaq.com/api/quote/UDOW/historical?assetclass=etf&fromdate=2016-07-26&todate=2026-07-26&limit=5000
UDOW,2021-07-20,35.005,36.81,34.85,36.495,7238050,,https://api.nasdaq.com/api/quote/UDOW/historical?assetclass=etf&fromdate=2016-07-26&todate=2026-07-26&limit=5000
UDOW,2021-07-21,37.09,37.45,36.895,37.405,3666098,,https://api.nasdaq.com/api/quote/UDOW/historical?assetclass=etf&fromdate=2016-07-26&todate=2026-07-26&limit=5000
UDOW,2021-07-22,37.34,37.655,36.9753,37.49,3492280,,https://api.nasdaq.com/api/quote/UDOW/historical?assetclass=etf&fromdate=2016-07-26&todate=2026-07-26&limit=5000
UDOW,2021-07-23,38.04,38.35,37.795,38.25,3867192,,https://api.nasdaq.com/api/quote/UDOW/historical?assetclass=etf&fromdate=2016-07-26&todate=2026-07-26&limit=5000
UDOW,2021-07-26,38.03,38.51,37.875,38.505,3647956,,https://api.nasdaq.com/api/quote/UDOW/historical?assetclass=etf&fromdate=2016-07-26&todate=2026-07-26&limit=5000
UDOW,2021-07-27,38.025,38.25,37.62,38.23,6824666,,https://api.nasdaq.com/api/quote/UDOW/historical?assetclass=etf&fromdate=2016-07-26&todate=2026-07-26&limit=5000
UDOW,2021-07-28,38.39,38.45,37.615,37.82,6667950,,https://api.nasdaq.com/api/quote/UDOW/historical?assetclass=etf&fromdate=2016-07-26&todate=2026-07-26&limit=5000
UDOW,2021-07-29,38.335,38.575,38.15,38.3,4157164,,https://api.nasdaq.com/api/quote/UDOW/historical?assetclass=etf&fromdate=2016-07-26&todate=2026-07-26&limit=5000
UDOW,2021-07-30,37.985,38.36,37.59,37.84,3760588,,https://api.nasdaq.com/api/quote/UDOW/historical?assetclass=etf&fromdate=2016-07-26&todate=2026-07-26&limit=5000
UDOW,2021-08-02,38.155,38.635,37.385,37.49,6135660,,https://api.nasdaq.com/api/quote/UDOW/historical?assetclass=etf&fromdate=2016-07-26&todate=2026-07-26&limit=5000
UDOW,2021-08-03,37.715,38.4,37.076,38.395,7324730,,https://api.nasdaq.com/api/quote/UDOW/historical?assetclass=etf&fromdate=2016-07-26&todate=2026-07-26&limit=5000
UDOW,2021-08-04,37.88,38.04,37.32,37.35,8212562,,https://api.nasdaq.com/api/quote/UDOW/historical?assetclass=etf&fromdate=2016-07-26&todate=2026-07-26&limit=5000
UDOW,2021-08-05,37.62,38.1857,37.5508,38.18,4102664,,https://api.nasdaq.com/api/quote/UDOW/historical?assetclass=etf&fromdate=2016-07-26&todate=2026-07-26&limit=5000
UDOW,2021-08-06,38.51,38.795,38.465,38.66,4343026,,https://api.nasdaq.com/api/quote/UDOW/historical?assetclass=etf&fromdate=2016-07-26&todate=2026-07-26&limit=5000
UDOW,2021-08-09,38.495,38.655,38.16,38.34,2882174,,https://api.nasdaq.com/api/quote/UDOW/historical?assetclass=etf&fromdate=2016-07-26&todate=2026-07-26&limit=5000
UDOW,2021-08-10,38.44,38.935,38.315,38.88,3697598,,https://api.nasdaq.com/api/quote/UDOW/historical?assetclass=etf&fromdate=2016-07-26&todate=2026-07-26&limit=5000
UDOW,2021-08-11,39.265,39.66,39.185,39.6,4521864,,https://api.nasdaq.com/api/quote/UDOW/historical?assetclass=etf&fromdate=2016-07-26&todate=2026-07-26&limit=5000
UDOW,2021-08-12,39.685,39.71,39.1925,39.7,3594130,,https://api.nasdaq.com/api/quote/UDOW/historical?assetclass=etf&fromdate=2016-07-26&todate=2026-07-26&limit=5000
UDOW,2021-08-13,39.89,40.075,39.61,39.735,3807720,,https://api.nasdaq.com/api/quote/UDOW/historical?assetclass=etf&fromdate=2016-07-26&todate=2026-07-26&limit=5000
UDOW,2021-08-16,39.4,40.14,38.82,40.125,5880756,,https://api.nasdaq.com/api/quote/UDOW/historical?assetclass=etf&fromdate=2016-07-26&todate=2026-07-26&limit=5000
UDOW,2021-08-17,39.265,39.495,38.44,39.195,6957124,,https://api.nasdaq.com/api/quote/UDOW/historical?assetclass=etf&fromdate=2016-07-26&todate=2026-07-26&limit=5000
UDOW,2021-08-18,38.815,39.285,37.9,37.97,6253652,,https://api.nasdaq.com/api/quote/UDOW/historical?assetclass=etf&fromdate=2016-07-26&todate=2026-07-26&limit=5000
UDOW,2021-08-19,37.055,38.085,37.04,37.74,8977542,,https://api.nasdaq.com/api/quote/UDOW/historical?assetclass=etf&fromdate=2016-07-26&todate=2026-07-26&limit=5000
UDOW,2021-08-20,37.81,38.695,37.645,38.505,5193374,,https://api.nasdaq.com/api/quote/UDOW/historical?assetclass=etf&fromdate=2016-07-26&todate=2026-07-26&limit=5000
UDOW,2021-08-23,39.09,39.535,39.085,39.25,3303948,,https://api.nasdaq.com/api/quote/UDOW/historical?assetclass=etf&fromdate=2016-07-26&todate=2026-07-26&limit=5000
UDOW,2021-08-24,39.455,39.5975,39.3075,39.35,2709142,,https://api.nasdaq.com/api/quote/UDOW/historical?assetclass=etf&fromdate=2016-07-26&todate=2026-07-26&limit=5000
UDOW,2021-08-25,39.365,39.775,39.0655,39.49,3452494,,https://api.nasdaq.com/api/quote/UDOW/historical?assetclass=etf&fromdate=2016-07-26&todate=2026-07-26&limit=5000
UDOW,2021-08-26,39.61,39.76,38.78,38.825,5054552,,https://api.nasdaq.com/api/quote/UDOW/historical?assetclass=etf&fromdate=2016-07-26&todate=2026-07-26&limit=5000
UDOW,2021-08-27,38.985,39.7,38.975,39.625,4897128,,https://api.nasdaq.com/api/quote/UDOW/historical?assetclass=etf&fromdate=2016-07-26&todate=2026-07-26&limit=5000
UDOW,2021-08-30,39.73,39.82,39.37,39.46,3456278,,https://api.nasdaq.com/api/quote/UDOW/historical?assetclass=etf&fromdate=2016-07-26&todate=2026-07-26&limit=5000
UDOW,2021-08-31,39.34,39.685,39.14,39.37,2917042,,https://api.nasdaq.com/api/quote/UDOW/historical?assetclass=etf&fromdate=2016-07-26&todate=2026-07-26&limit=5000
UDOW,2021-09-01,39.505,39.52,39.17,39.255,3952868,,https://api.nasdaq.com/api/quote/UDOW/historical?assetclass=etf&fromdate=2016-07-26&todate=2026-07-26&limit=5000
UDOW,2021-09-02,39.66,39.79,39.3705,39.68,3080876,,https://api.nasdaq.com/api/quote/UDOW/historical?assetclass=etf&fromdate=2016-07-26&todate=2026-07-26&limit=5000
UDOW,2021-09-03,39.3,39.615,39.09,39.445,3370434,,https://api.nasdaq.com/api/quote/UDOW/historical?assetclass=etf&fromdate=2016-07-26&todate=2026-07-26&limit=5000
UDOW,2021-09-07,39.275,39.28,38.39,38.55,5711290,,https://api.nasdaq.com/api/quote/UDOW/historical?assetclass=etf&fromdate=2016-07-26&todate=2026-07-26&limit=5000
UDOW,2021-09-08,38.34,38.7796,37.9501,38.31,5092878,,https://api.nasdaq.com/api/quote/UDOW/historical?assetclass=etf&fromdate=2016-07-26&todate=2026-07-26&limit=5000
UDOW,2021-09-09,38.255,38.875,37.705,37.85,5916958,,https://api.nasdaq.com/api/quote/UDOW/historical?assetclass=etf&fromdate=2016-07-26&todate=2026-07-26&limit=5000
UDOW,2021-09-10,38.48,38.6,36.936,36.995,7991746,,https://api.nasdaq.com/api/quote/UDOW/historical?assetclass=etf&fromdate=2016-07-26&todate=2026-07-26&limit=5000
UDOW,2021-09-13,37.695,38.01,37.225,37.795,5385806,,https://api.nasdaq.com/api/quote/UDOW/historical?assetclass=etf&fromdate=2016-07-26&todate=2026-07-26&limit=5000
UDOW,2021-09-14,38.155,38.215,36.64,36.905,10027576,,https://api.nasdaq.com/api/quote/UDOW/historical?assetclass=etf&fromdate=2016-07-26&todate=2026-07-26&limit=5000
UDOW,2021-09-15,36.865,37.8317,36.67,37.635,5588826,,https://api.nasdaq.com/api/quote/UDOW/historical?assetclass=etf&fromdate=2016-07-26&todate=2026-07-26&limit=5000
UDOW,2021-09-16,37.665,38.04,36.725,37.405,5502996,,https://api.nasdaq.com/api/quote/UDOW/historical?assetclass=etf&fromdate=2016-07-26&todate=2026-07-26&limit=5000
UDOW,2021-09-17,37.22,37.5,36.655,36.855,6662584,,https://api.nasdaq.com/api/quote/UDOW/historical?assetclass=etf&fromdate=2016-07-26&todate=2026-07-26&limit=5000
UDOW,2021-09-20,35.11,35.73,33.76,34.88,12927316,,https://api.nasdaq.com/api/quote/UDOW/historical?assetclass=etf&fromdate=2016-07-26&todate=2026-07-26&limit=5000
UDOW,2021-09-21,35.465,35.975,34.725,34.765,8614372,,https://api.nasdaq.com/api/quote/UDOW/historical?assetclass=etf&fromdate=2016-07-26&todate=2026-07-26&limit=5000
UDOW,2021-09-22,35.38,36.345,35.15,35.78,8504702,,https://api.nasdaq.com/api/quote/UDOW/historical?assetclass=etf&fromdate=2016-07-26&todate=2026-07-26&limit=5000
UDOW,2021-09-23,36.5,37.71,36.415,37.38,6071020,,https://api.nasdaq.com/api/quote/UDOW/historical?assetclass=etf&fromdate=2016-07-26&todate=2026-07-26&limit=5000
UDOW,2021-09-24,37.01,37.64,36.965,37.47,3866432,,https://api.nasdaq.com/api/quote/UDOW/historical?assetclass=etf&fromdate=2016-07-26&todate=2026-07-26&limit=5000
UDOW,2021-09-27,37.595,38.315,37.56,37.705,4473460,,https://api.nasdaq.com/api/quote/UDOW/historical?assetclass=etf&fromdate=2016-07-26&todate=2026-07-26&limit=5000
UDOW,2021-09-28,37.275,37.445,35.69,35.86,8822470,,https://api.nasdaq.com/api/quote/UDOW/historical?assetclass=etf&fromdate=2016-07-26&todate=2026-07-26&limit=5000
UDOW,2021-09-29,36.15,36.715,35.84,36.125,6670964,,https://api.nasdaq.com/api/quote/UDOW/historical?assetclass=etf&fromdate=2016-07-26&todate=2026-07-26&limit=5000
UDOW,2021-09-30,36.525,36.645,34.335,34.385,12944796,,https://api.nasdaq.com/api/quote/UDOW/historical?assetclass=etf&fromdate=2016-07-26&todate=2026-07-26&limit=5000
UDOW,2021-10-01,34.925,36.3675,34.205,35.89,9882436,,https://api.nasdaq.com/api/quote/UDOW/historical?assetclass=etf&fromdate=2016-07-26&todate=2026-07-26&limit=5000
UDOW,2021-10-04,35.7,36.15,34.275,34.885,8850552,,https://api.nasdaq.com/api/quote/UDOW/historical?assetclass=etf&fromdate=2016-07-26&todate=2026-07-26&limit=5000
UDOW,2021-10-05,35.225,36.3747,35.02,35.84,6510224,,https://api.nasdaq.com/api/quote/UDOW/historical?assetclass=etf&fromdate=2016-07-26&todate=2026-07-26&limit=5000
UDOW,2021-10-06,34.975,36.1975,34.38,36.155,10416928,,https://api.nasdaq.com/api/quote/UDOW/historical?assetclass=etf&fromdate=2016-07-26&todate=2026-07-26&limit=5000
UDOW,2021-10-07,37.01,37.925,36.98,37.24,5783350,,https://api.nasdaq.com/api/quote/UDOW/historical?assetclass=etf&fromdate=2016-07-26&todate=2026-07-26&limit=5000
UDOW,2021-10-08,37.355,37.5195,36.91,37.235,5056002,,https://api.nasdaq.com/api/quote/UDOW/historical?assetclass=etf&fromdate=2016-07-26&todate=2026-07-26&limit=5000
UDOW,2021-10-11,37.25,37.855,36.365,36.4,6192808,,https://api.nasdaq.com/api/quote/UDOW/historical?assetclass=etf&fromdate=2016-07-26&todate=2026-07-26&limit=5000
UDOW,2021-10-12,36.585,36.75,35.825,36.025,5552918,,https://api.nasdaq.com/api/quote/UDOW/historical?assetclass=etf&fromdate=2016-07-26&todate=2026-07-26&limit=5000
UDOW,2021-10-13,36.08,36.25,35.18,36.065,7761724,,https://api.nasdaq.com/api/quote/UDOW/historical?assetclass=etf&fromdate=2016-07-26&todate=2026-07-26&limit=5000
UDOW,2021-10-14,37.11,37.72,36.895,37.68,5408762,,https://api.nasdaq.com/api/quote/UDOW/historical?assetclass=etf&fromdate=2016-07-26&todate=2026-07-26&limit=5000
UDOW,2021-10-15,38.52,39.0149,38.295,38.95,5099896,,https://api.nasdaq.com/api/quote/UDOW/historical?assetclass=etf&fromdate=2016-07-26&todate=2026-07-26&limit=5000
UDOW,2021-10-18,38.435,39.025,38.07,38.815,4301864,,https://api.nasdaq.com/api/quote/UDOW/historical?assetclass=etf&fromdate=2016-07-26&todate=2026-07-26&limit=5000
UDOW,2021-10-19,39.2,39.475,38.91,39.475,3814022,,https://api.nasdaq.com/api/quote/UDOW/historical?assetclass=etf&fromdate=2016-07-26&todate=2026-07-26&limit=5000
UDOW,2021-10-20,39.5,40.165,39.455,39.98,4004926,,https://api.nasdaq.com/api/quote/UDOW/historical?assetclass=etf&fromdate=2016-07-26&todate=2026-07-26&limit=5000
UDOW,2021-10-21,39.775,39.99,39.4,39.96,4423476,,https://api.nasdaq.com/api/quote/UDOW/historical?assetclass=etf&fromdate=2016-07-26&todate=2026-07-26&limit=5000
UDOW,2021-10-22,39.95,40.515,39.735,40.21,6406236,,https://api.nasdaq.com/api/quote/UDOW/historical?assetclass=etf&fromdate=2016-07-26&todate=2026-07-26&limit=5000
UDOW,2021-10-25,40.425,40.6,40.06,40.495,4688486,,https://api.nasdaq.com/api/quote/UDOW/historical?assetclass=etf&fromdate=2016-07-26&todate=2026-07-26&limit=5000
UDOW,2021-10-26,40.83,40.95,40.42,40.45,5511494,,https://api.nasdaq.com/api/quote/UDOW/historical?assetclass=etf&fromdate=2016-07-26&todate=2026-07-26&limit=5000
UDOW,2021-10-27,40.65,40.735,39.605,39.615,5440432,,https://api.nasdaq.com/api/quote/UDOW/historical?assetclass=etf&fromdate=2016-07-26&todate=2026-07-26&limit=5000
UDOW,2021-10-28,39.86,40.4,39.86,40.39,5512406,,https://api.nasdaq.com/api/quote/UDOW/historical?assetclass=etf&fromdate=2016-07-26&todate=2026-07-26&limit=5000
UDOW,2021-10-29,40.14,40.79,40.06,40.68,7042544,,https://api.nasdaq.com/api/quote/UDOW/historical?assetclass=etf&fromdate=2016-07-26&todate=2026-07-26&limit=5000
UDOW,2021-11-01,41.11,41.31,40.605,41,4795978,,https://api.nasdaq.com/api/quote/UDOW/historical?assetclass=etf&fromdate=2016-07-26&todate=2026-07-26&limit=5000
UDOW,2021-11-02,41.095,41.59,40.875,41.475,3496998,,https://api.nasdaq.com/api/quote/UDOW/historical?assetclass=etf&fromdate=2016-07-26&todate=2026-07-26&limit=5000
UDOW,2021-11-03,41.25,41.915,40.915,41.84,5215366,,https://api.nasdaq.com/api/quote/UDOW/historical?assetclass=etf&fromdate=2016-07-26&todate=2026-07-26&limit=5000
UDOW,2021-11-04,41.745,41.85,41.24,41.745,5377792,,https://api.nasdaq.com/api/quote/UDOW/historical?assetclass=etf&fromdate=2016-07-26&todate=2026-07-26&limit=5000
UDOW,2021-11-05,42.305,42.99,41.94,42.435,8716298,,https://api.nasdaq.com/api/quote/UDOW/historical?assetclass=etf&fromdate=2016-07-26&todate=2026-07-26&limit=5000
UDOW,2021-11-08,43.03,43.24,42.435,42.8,4032276,,https://api.nasdaq.com/api/quote/UDOW/historical?assetclass=etf&fromdate=2016-07-26&todate=2026-07-26&limit=5000
UDOW,2021-11-09,42.72,42.77,41.9,42.41,5366856,,https://api.nasdaq.com/api/quote/UDOW/historical?assetclass=etf&fromdate=2016-07-26&todate=2026-07-26&limit=5000
UDOW,2021-11-10,42.135,42.56,41.36,41.64,6518718,,https://api.nasdaq.com/api/quote/UDOW/historical?assetclass=etf&fromdate=2016-07-26&todate=2026-07-26&limit=5000
UDOW,2021-11-11,41.68,41.695,41.05,41.085,3921852,,https://api.nasdaq.com/api/quote/UDOW/historical?assetclass=etf&fromdate=2016-07-26&todate=2026-07-26&limit=5000
UDOW,2021-11-12,41.5,41.85,41.115,41.695,4233166,,https://api.nasdaq.com/api/quote/UDOW/historical?assetclass=etf&fromdate=2016-07-26&todate=2026-07-26&limit=5000
UDOW,2021-11-15,42.155,42.19,41.485,41.675,4040554,,https://api.nasdaq.com/api/quote/UDOW/historical?assetclass=etf&fromdate=2016-07-26&todate=2026-07-26&limit=5000
UDOW,2021-11-16,41.875,42.47,41.8325,41.905,4787556,,https://api.nasdaq.com/api/quote/UDOW/historical?assetclass=etf&fromdate=2016-07-26&todate=2026-07-26&limit=5000
UDOW,2021-11-17,41.725,41.79,41.085,41.19,5290286,,https://api.nasdaq.com/api/quote/UDOW/historical?assetclass=etf&fromdate=2016-07-26&todate=2026-07-26&limit=5000
UDOW,2021-11-18,41.235,41.245,40.245,41.03,5789288,,https://api.nasdaq.com/api/quote/UDOW/historical?assetclass=etf&fromdate=2016-07-26&todate=2026-07-26&limit=5000
UDOW,2021-11-19,40.73,40.735,39.89,40.085,7264988,,https://api.nasdaq.com/api/quote/UDOW/historical?assetclass=etf&fromdate=2016-07-26&todate=2026-07-26&limit=5000
UDOW,2021-11-22,40.605,41.195,40.14,40.175,8081942,,https://api.nasdaq.com/api/quote/UDOW/historical?assetclass=etf&fromdate=2016-07-26&todate=2026-07-26&limit=5000
UDOW,2021-11-23,40.175,40.895,39.875,40.805,8763876,,https://api.nasdaq.com/api/quote/UDOW/historical?assetclass=etf&fromdate=2016-07-26&todate=2026-07-26&limit=5000
UDOW,2021-11-24,40.115,40.835,40.02,40.785,8672572,,https://api.nasdaq.com/api/quote/UDOW/historical?assetclass=etf&fromdate=2016-07-26&todate=2026-07-26&limit=5000
UDOW,2021-11-26,38.155,38.535,37.135,37.74,13199696,,https://api.nasdaq.com/api/quote/UDOW/historical?assetclass=etf&fromdate=2016-07-26&todate=2026-07-26&limit=5000
UDOW,2021-11-29,38.85,38.9095,37.665,38.445,10313402,,https://api.nasdaq.com/api/quote/UDOW/historical?assetclass=etf&fromdate=2016-07-26&todate=2026-07-26&limit=5000
UDOW,2021-11-30,37.6,38.0025,36.155,36.32,23371780,,https://api.nasdaq.com/api/quote/UDOW/historical?assetclass=etf&fromdate=2016-07-26&todate=2026-07-26&limit=5000
UDOW,2021-12-01,37.31,38.06,34.89,34.935,19529332,,https://api.nasdaq.com/api/quote/UDOW/historical?assetclass=etf&fromdate=2016-07-26&todate=2026-07-26&limit=5000
UDOW,2021-12-02,35.34,37.23,35.135,36.92,19089952,,https://api.nasdaq.com/api/quote/UDOW/historical?assetclass=etf&fromdate=2016-07-26&todate=2026-07-26&limit=5000
UDOW,2021-12-03,37.22,37.4246,35.685,36.695,21369080,,https://api.nasdaq.com/api/quote/UDOW/historical?assetclass=etf&fromdate=2016-07-26&todate=2026-07-26&limit=5000
UDOW,2021-12-06,37.65,39.17,37.51,38.79,13623112,,https://api.nasdaq.com/api/quote/UDOW/historical?assetclass=etf&fromdate=2016-07-26&todate=2026-07-26&limit=5000
UDOW,2021-12-07,39.825,40.7,39.765,40.395,9460268,,https://api.nasdaq.com/api/quote/UDOW/historical?assetclass=etf&fromdate=2016-07-26&todate=2026-07-26&limit=5000
UDOW,2021-12-08,40.545,40.795,39.97,40.5,6498118,,https://api.nasdaq.com/api/quote/UDOW/historical?assetclass=etf&fromdate=2016-07-26&todate=2026-07-26&limit=5000
UDOW,2021-12-09,40.06,40.9,39.93,40.525,6388054,,https://api.nasdaq.com/api/quote/UDOW/historical?assetclass=etf&fromdate=2016-07-26&todate=2026-07-26&limit=5000
UDOW,2021-12-10,41.03,41.28,40.365,41.24,7149054,,https://api.nasdaq.com/api/quote/UDOW/historical?assetclass=etf&fromdate=2016-07-26&todate=2026-07-26&limit=5000
UDOW,2021-12-13,40.975,41.165,40,40.175,6632772,,https://api.nasdaq.com/api/quote/UDOW/historical?assetclass=etf&fromdate=2016-07-26&todate=2026-07-26&limit=5000
UDOW,2021-12-14,39.68,40.605,39.445,39.855,8795788,,https://api.nasdaq.com/api/quote/UDOW/historical?assetclass=etf&fromdate=2016-07-26&todate=2026-07-26&limit=5000
UDOW,2021-12-15,39.73,41.125,39.27,41.08,12512520,,https://api.nasdaq.com/api/quote/UDOW/historical?assetclass=etf&fromdate=2016-07-26&todate=2026-07-26&limit=5000
UDOW,2021-12-16,41.565,41.985,40.56,40.95,11097090,,https://api.nasdaq.com/api/quote/UDOW/historical?assetclass=etf&fromdate=2016-07-26&todate=2026-07-26&limit=5000
UDOW,2021-12-17,40.13,40.31,38.865,39.165,15674118,,https://api.nasdaq.com/api/quote/UDOW/historical?assetclass=etf&fromdate=2016-07-26&todate=2026-07-26&limit=5000
UDOW,2021-12-20,37.78,37.845,36.82,37.725,18221048,,https://api.nasdaq.com/api/quote/UDOW/historical?assetclass=etf&fromdate=2016-07-26&todate=2026-07-26&limit=5000
UDOW,2021-12-21,38.665,39.565,38.45,39.52,11121232,,https://api.nasdaq.com/api/quote/UDOW/historical?assetclass=etf&fromdate=2016-07-26&todate=2026-07-26&limit=5000
UDOW,2021-12-22,39.555,40.425,39.3,40.39,6206788,,https://api.nasdaq.com/api/quote/UDOW/historical?assetclass=etf&fromdate=2016-07-26&todate=2026-07-26&limit=5000
UDOW,2021-12-23,40.645,41.365,40.585,40.99,5473598,,https://api.nasdaq.com/api/quote/UDOW/historical?assetclass=etf&fromdate=2016-07-26&todate=2026-07-26&limit=5000
UDOW,2021-12-27,41.16,42.2053,41.1,42.195,5076166,,https://api.nasdaq.com/api/quote/UDOW/historical?assetclass=etf&fromdate=2016-07-26&todate=2026-07-26&limit=5000
UDOW,2021-12-28,42.22,42.965,42.19,42.55,7307338,,https://api.nasdaq.com/api/quote/UDOW/historical?assetclass=etf&fromdate=2016-07-26&todate=2026-07-26&limit=5000
UDOW,2021-12-29,42.555,43.14,42.485,42.855,6551504,,https://api.nasdaq.com/api/quote/UDOW/historical?assetclass=etf&fromdate=2016-07-26&todate=2026-07-26&limit=5000
UDOW,2021-12-30,43.155,43.525,42.42,42.535,6180906,,https://api.nasdaq.com/api/quote/UDOW/historical?assetclass=etf&fromdate=2016-07-26&todate=2026-07-26&limit=5000
UDOW,2021-12-31,42.39,42.815,42.18,42.305,5157026,,https://api.nasdaq.com/api/quote/UDOW/historical?assetclass=etf&fromdate=2016-07-26&todate=2026-07-26&limit=5000
UDOW,2022-01-03,42.675,43.195,41.96,43.16,8827928,,https://api.nasdaq.com/api/quote/UDOW/historical?assetclass=etf&fromdate=2016-07-26&todate=2026-07-26&limit=5000
UDOW,2022-01-04,43.72,44.39,43.6775,43.92,11696460,,https://api.nasdaq.com/api/quote/UDOW/historical?assetclass=etf&fromdate=2016-07-26&todate=2026-07-26&limit=5000
UDOW,2022-01-05,43.85,44.49,42.515,42.535,16803120,,https://api.nasdaq.com/api/quote/UDOW/historical?assetclass=etf&fromdate=2016-07-26&todate=2026-07-26&limit=5000
UDOW,2022-01-06,42.565,42.75,41.805,41.955,14064556,,https://api.nasdaq.com/api/quote/UDOW/historical?assetclass=etf&fromdate=2016-07-26&todate=2026-07-26&limit=5000
UDOW,2022-01-07,41.785,42.4647,41.51,41.945,12673236,,https://api.nasdaq.com/api/quote/UDOW/historical?assetclass=etf&fromdate=2016-07-26&todate=2026-07-26&limit=5000
UDOW,2022-01-10,41.49,41.535,39.88,41.39,16131558,,https://api.nasdaq.com/api/quote/UDOW/historical?assetclass=etf&fromdate=2016-07-26&todate=2026-07-26&limit=5000
UDOW,2022-01-11,41.355,42.065,40.32,41.995,15414366,,https://api.nasdaq.com/api/quote/UDOW/historical?assetclass=etf&fromdate=2016-07-26&todate=2026-07-26&limit=5000
UDOW,2022-01-12,42.4,42.695,41.69,42.165,9389812,,https://api.nasdaq.com/api/quote/UDOW/historical?assetclass=etf&fromdate=2016-07-26&todate=2026-07-26&limit=5000
UDOW,2022-01-13,42.585,42.885,41.245,41.505,12696732,,https://api.nasdaq.com/api/quote/UDOW/historical?assetclass=etf&fromdate=2016-07-26&todate=2026-07-26&limit=5000
UDOW,2022-01-14,40.485,41.035,39.8603,40.81,16533128,,https://api.nasdaq.com/api/quote/UDOW/historical?assetclass=etf&fromdate=2016-07-26&todate=2026-07-26&limit=5000
UDOW,2022-01-18,39.505,39.51,38.58,38.99,13939188,,https://api.nasdaq.com/api/quote/UDOW/historical?assetclass=etf&fromdate=2016-07-26&todate=2026-07-26&limit=5000
UDOW,2022-01-19,39.35,39.55,37.79,37.85,14496336,,https://api.nasdaq.com/api/quote/UDOW/historical?assetclass=etf&fromdate=2016-07-26&todate=2026-07-26&limit=5000
UDOW,2022-01-20,38.165,39.35,36.685,36.85,15143722,,https://api.nasdaq.com/api/quote/UDOW/historical?assetclass=etf&fromdate=2016-07-26&todate=2026-07-26&limit=5000
UDOW,2022-01-21,36.855,37.4075,35.275,35.335,24885880,,https://api.nasdaq.com/api/quote/UDOW/historical?assetclass=etf&fromdate=2016-07-26&todate=2026-07-26&limit=5000
UDOW,2022-01-24,34.13,35.89,31.93,35.765,42276300,,https://api.nasdaq.com/api/quote/UDOW/historical?assetclass=etf&fromdate=2016-07-26&todate=2026-07-26&limit=5000
UDOW,2022-01-25,34.6,36.4145,33.14,35.58,21821740,,https://api.nasdaq.com/api/quote/UDOW/historical?assetclass=etf&fromdate=2016-07-26&todate=2026-07-26&limit=5000
UDOW,2022-01-26,36.485,37.09,34.145,35.08,21434460,,https://api.nasdaq.com/api/quote/UDOW/historical?assetclass=etf&fromdate=2016-07-26&todate=2026-07-26&limit=5000
UDOW,2022-01-27,35.985,36.955,34.57,35.04,19377918,,https://api.nasdaq.com/api/quote/UDOW/historical?assetclass=etf&fromdate=2016-07-26&todate=2026-07-26&limit=5000
UDOW,2022-01-28,35.16,36.81,33.955,36.805,19206736,,https://api.nasdaq.com/api/quote/UDOW/historical?assetclass=etf&fromdate=2016-07-26&todate=2026-07-26&limit=5000
UDOW,2022-01-31,36.335,38.13,36.025,38.03,11196904,,https://api.nasdaq.com/api/quote/UDOW/historical?assetclass=etf&fromdate=2016-07-26&todate=2026-07-26&limit=5000
UDOW,2022-02-01,38.255,39.085,37.6,38.97,9120766,,https://api.nasdaq.com/api/quote/UDOW/historical?assetclass=etf&fromdate=2016-07-26&todate=2026-07-26&limit=5000
UDOW,2022-02-02,38.845,39.88,38.595,39.69,10445920,,https://api.nasdaq.com/api/quote/UDOW/historical?assetclass=etf&fromdate=2016-07-26&todate=2026-07-26&limit=5000
UDOW,2022-02-03,39.255,39.385,37.8439,37.97,11740908,,https://api.nasdaq.com/api/quote/UDOW/historical?assetclass=etf&fromdate=2016-07-26&todate=2026-07-26&limit=5000
UDOW,2022-02-04,37.74,38.71,36.951,37.93,10312390,,https://api.nasdaq.com/api/quote/UDOW/historical?assetclass=etf&fromdate=2016-07-26&todate=2026-07-26&limit=5000
UDOW,2022-02-07,38.05,38.6705,37.59,37.935,7342496,,https://api.nasdaq.com/api/quote/UDOW/historical?assetclass=etf&fromdate=2016-07-26&todate=2026-07-26&limit=5000
UDOW,2022-02-08,38.21,39.375,37.9,39.13,8413180,,https://api.nasdaq.com/api/quote/UDOW/historical?assetclass=etf&fromdate=2016-07-26&todate=2026-07-26&limit=5000
UDOW,2022-02-09,40.05,40.295,39.82,40.15,8720260,,https://api.nasdaq.com/api/quote/UDOW/historical?assetclass=etf&fromdate=2016-07-26&todate=2026-07-26&limit=5000
UDOW,2022-02-10,39.16,40.275,37.91,38.39,14605472,,https://api.nasdaq.com/api/quote/UDOW/historical?assetclass=etf&fromdate=2016-07-26&todate=2026-07-26&limit=5000
UDOW,2022-02-11,38.39,39.035,36.35,36.705,19893450,,https://api.nasdaq.com/api/quote/UDOW/historical?assetclass=etf&fromdate=2016-07-26&todate=2026-07-26&limit=5000
UDOW,2022-02-14,36.515,36.78,35.385,36.24,18718940,,https://api.nasdaq.com/api/quote/UDOW/historical?assetclass=etf&fromdate=2016-07-26&todate=2026-07-26&limit=5000
UDOW,2022-02-15,37.2,37.785,37.0325,37.57,9010604,,https://api.nasdaq.com/api/quote/UDOW/historical?assetclass=etf&fromdate=2016-07-26&todate=2026-07-26&limit=5000
UDOW,2022-02-16,37.16,37.77,36.48,37.435,10160622,,https://api.nasdaq.com/api/quote/UDOW/historical?assetclass=etf&fromdate=2016-07-26&todate=2026-07-26&limit=5000
UDOW,2022-02-17,36.715,36.8,35.2411,35.455,13458784,,https://api.nasdaq.com/api/quote/UDOW/historical?assetclass=etf&fromdate=2016-07-26&todate=2026-07-26&limit=5000
UDOW,2022-02-18,35.345,35.82,34.425,34.795,11917498,,https://api.nasdaq.com/api/quote/UDOW/historical?assetclass=etf&fromdate=2016-07-26&todate=2026-07-26&limit=5000
UDOW,2022-02-22,34.11,34.595,32.555,33.275,16110006,,https://api.nasdaq.com/api/quote/UDOW/historical?assetclass=etf&fromdate=2016-07-26&todate=2026-07-26&limit=5000
UDOW,2022-02-23,33.94,33.96,31.755,31.945,13343150,,https://api.nasdaq.com/api/quote/UDOW/historical?assetclass=etf&fromdate=2016-07-26&todate=2026-07-26&limit=5000
UDOW,2022-02-24,29.45,32.305,29.395,32.175,33850000,,https://api.nasdaq.com/api/quote/UDOW/historical?assetclass=etf&fromdate=2016-07-26&todate=2026-07-26&limit=5000
UDOW,2022-02-25,32.57,34.71,32.4,34.595,31527560,,https://api.nasdaq.com/api/quote/UDOW/historical?assetclass=etf&fromdate=2016-07-26&todate=2026-07-26&limit=5000
UDOW,2022-02-28,33.14,34.345,32.8188,34.15,20512060,,https://api.nasdaq.com/api/quote/UDOW/historical?assetclass=etf&fromdate=2016-07-26&todate=2026-07-26&limit=5000
UDOW,2022-03-01,33.585,34.1,31.785,32.39,25213000,,https://api.nasdaq.com/api/quote/UDOW/historical?assetclass=etf&fromdate=2016-07-26&todate=2026-07-26&limit=5000
UDOW,2022-03-02,32.945,34.45,32.775,34.055,18177914,,https://api.nasdaq.com/api/quote/UDOW/historical?assetclass=etf&fromdate=2016-07-26&todate=2026-07-26&limit=5000
UDOW,2022-03-03,34.55,34.955,33.33,33.765,17965060,,https://api.nasdaq.com/api/quote/UDOW/historical?assetclass=etf&fromdate=2016-07-26&todate=2026-07-26&limit=5000
UDOW,2022-03-04,32.69,33.38,32.1651,33.225,21143060,,https://api.nasdaq.com/api/quote/UDOW/historical?assetclass=etf&fromdate=2016-07-26&todate=2026-07-26&limit=5000
UDOW,2022-03-07,32.84,32.9331,30.845,30.875,19679654,,https://api.nasdaq.com/api/quote/UDOW/historical?assetclass=etf&fromdate=2016-07-26&todate=2026-07-26&limit=5000
UDOW,2022-03-08,30.93,32.55,30.205,30.34,20477080,,https://api.nasdaq.com/api/quote/UDOW/historical?assetclass=etf&fromdate=2016-07-26&todate=2026-07-26&limit=5000
UDOW,2022-03-09,32.205,32.7171,31.745,32.225,11109244,,https://api.nasdaq.com/api/quote/UDOW/historical?assetclass=etf&fromdate=2016-07-26&todate=2026-07-26&limit=5000
UDOW,2022-03-10,31.08,32.085,30.87,31.915,9373896,,https://api.nasdaq.com/api/quote/UDOW/historical?assetclass=etf&fromdate=2016-07-26&todate=2026-07-26&limit=5000
UDOW,2022-03-11,32.455,32.92,31.18,31.26,9157240,,https://api.nasdaq.com/api/quote/UDOW/historical?assetclass=etf&fromdate=2016-07-26&todate=2026-07-26&limit=5000
UDOW,2022-03-14,31.75,32.57,30.92,31.305,14474720,,https://api.nasdaq.com/api/quote/UDOW/historical?assetclass=etf&fromdate=2016-07-26&todate=2026-07-26&limit=5000
UDOW,2022-03-15,31.825,33.21,31.575,32.995,11179916,,https://api.nasdaq.com/api/quote/UDOW/historical?assetclass=etf&fromdate=2016-07-26&todate=2026-07-26&limit=5000
UDOW,2022-03-16,33.89,34.565,32.5377,34.555,13062342,,https://api.nasdaq.com/api/quote/UDOW/historical?assetclass=etf&fromdate=2016-07-26&todate=2026-07-26&limit=5000
UDOW,2022-03-17,34.035,35.82,34.03,35.79,7783098,,https://api.nasdaq.com/api/quote/UDOW/historical?assetclass=etf&fromdate=2016-07-26&todate=2026-07-26&limit=5000
UDOW,2022-03-18,35.51,36.645,35.1501,36.62,8833866,,https://api.nasdaq.com/api/quote/UDOW/historical?assetclass=etf&fromdate=2016-07-26&todate=2026-07-26&limit=5000
UDOW,2022-03-21,36.41,36.805,35.335,36,9010382,,https://api.nasdaq.com/api/quote/UDOW/historical?assetclass=etf&fromdate=2016-07-26&todate=2026-07-26&limit=5000
UDOW,2022-03-22,36.525,37.03,36.455,36.86,6135928,,https://api.nasdaq.com/api/quote/UDOW/historical?assetclass=etf&fromdate=2016-07-26&todate=2026-07-26&limit=5000
UDOW,2022-03-23,36.195,36.295,35.3225,35.335,8113546,,https://api.nasdaq.com/api/quote/UDOW/historical?assetclass=etf&fromdate=2016-07-26&todate=2026-07-26&limit=5000
UDOW,2022-03-24,35.69,36.44,35.33,36.425,6028612,,https://api.nasdaq.com/api/quote/UDOW/historical?assetclass=etf&fromdate=2016-07-26&todate=2026-07-26&limit=5000
UDOW,2022-03-25,36.605,37.165,36.175,36.885,8319548,,https://api.nasdaq.com/api/quote/UDOW/historical?assetclass=etf&fromdate=2016-07-26&todate=2026-07-26&limit=5000
UDOW,2022-03-28,36.705,37.22,35.91,37.22,13273674,,https://api.nasdaq.com/api/quote/UDOW/historical?assetclass=etf&fromdate=2016-07-26&todate=2026-07-26&limit=5000
UDOW,2022-03-29,38.25,38.56,37.425,38.32,10019760,,https://api.nasdaq.com/api/quote/UDOW/historical?assetclass=etf&fromdate=2016-07-26&todate=2026-07-26&limit=5000
UDOW,2022-03-30,38.045,38.4875,37.505,38.05,14028524,,https://api.nasdaq.com/api/quote/UDOW/historical?assetclass=etf&fromdate=2016-07-26&todate=2026-07-26&limit=5000
UDOW,2022-03-31,37.715,37.8777,36.31,36.33,16669200,,https://api.nasdaq.com/api/quote/UDOW/historical?assetclass=etf&fromdate=2016-07-26&todate=2026-07-26&limit=5000
UDOW,2022-04-01,36.725,36.8,35.825,36.705,14650440,,https://api.nasdaq.com/api/quote/UDOW/historical?assetclass=etf&fromdate=2016-07-26&todate=2026-07-26&limit=5000
UDOW,2022-04-04,36.565,37.0925,36.06,37.045,17307670,,https://api.nasdaq.com/api/quote/UDOW/historical?assetclass=etf&fromdate=2016-07-26&todate=2026-07-26&limit=5000
UDOW,2022-04-05,36.615,37.66,35.91,36.17,11702684,,https://api.nasdaq.com/api/quote/UDOW/historical?assetclass=etf&fromdate=2016-07-26&todate=2026-07-26&limit=5000
UDOW,2022-04-06,35.32,36.07,35.02,35.685,13036028,,https://api.nasdaq.com/api/quote/UDOW/historical?assetclass=etf&fromdate=2016-07-26&todate=2026-07-26&limit=5000
UDOW,2022-04-07,35.325,36.375,34.76,36.02,19116158,,https://api.nasdaq.com/api/quote/UDOW/historical?assetclass=etf&fromdate=2016-07-26&todate=2026-07-26&limit=5000
UDOW,2022-04-08,35.95,37.015,35.61,36.46,12730014,,https://api.nasdaq.com/api/quote/UDOW/historical?assetclass=etf&fromdate=2016-07-26&todate=2026-07-26&limit=5000
UDOW,2022-04-11,35.845,36.3675,35.005,35.12,11642946,,https://api.nasdaq.com/api/quote/UDOW/historical?assetclass=etf&fromdate=2016-07-26&todate=2026-07-26&limit=5000
UDOW,2022-04-12,35.48,36.24,34.475,34.845,12813740,,https://api.nasdaq.com/api/quote/UDOW/historical?assetclass=etf&fromdate=2016-07-26&todate=2026-07-26&limit=5000
UDOW,2022-04-13,34.665,36.005,34.645,35.92,8423792,,https://api.nasdaq.com/api/quote/UDOW/historical?assetclass=etf&fromdate=2016-07-26&todate=2026-07-26&limit=5000
UDOW,2022-04-14,36.25,36.88,35.495,35.54,7866758,,https://api.nasdaq.com/api/quote/UDOW/historical?assetclass=etf&fromdate=2016-07-26&todate=2026-07-26&limit=5000
UDOW,2022-04-18,35.345,36.045,34.985,35.425,10390586,,https://api.nasdaq.com/api/quote/UDOW/historical?assetclass=etf&fromdate=2016-07-26&todate=2026-07-26&limit=5000
UDOW,2022-04-19,35.49,37.165,35.49,36.98,10001142,,https://api.nasdaq.com/api/quote/UDOW/historical?assetclass=etf&fromdate=2016-07-26&todate=2026-07-26&limit=5000
UDOW,2022-04-20,37.595,38.235,37.355,37.745,11912742,,https://api.nasdaq.com/api/quote/UDOW/historical?assetclass=etf&fromdate=2016-07-26&todate=2026-07-26&limit=5000
UDOW,2022-04-21,38.48,38.8248,36.335,36.54,16491378,,https://api.nasdaq.com/api/quote/UDOW/historical?assetclass=etf&fromdate=2016-07-26&todate=2026-07-26&limit=5000
UDOW,2022-04-22,36.085,36.1,33.37,33.515,25706300,,https://api.nasdaq.com/api/quote/UDOW/historical?assetclass=etf&fromdate=2016-07-26&todate=2026-07-26&limit=5000
UDOW,2022-04-25,33.005,34.365,32.02,34.215,35266920,,https://api.nasdaq.com/api/quote/UDOW/historical?assetclass=etf&fromdate=2016-07-26&todate=2026-07-26&limit=5000
UDOW,2022-04-26,33.44,33.745,31.705,31.715,21295860,,https://api.nasdaq.com/api/quote/UDOW/historical?assetclass=etf&fromdate=2016-07-26&todate=2026-07-26&limit=5000
UDOW,2022-04-27,32.15,33.06,31.36,31.92,47698100,,https://api.nasdaq.com/api/quote/UDOW/historical?assetclass=etf&fromdate=2016-07-26&todate=2026-07-26&limit=5000
UDOW,2022-04-28,32.565,34.085,31.755,33.72,26389760,,https://api.nasdaq.com/api/quote/UDOW/historical?assetclass=etf&fromdate=2016-07-26&todate=2026-07-26&limit=5000
UDOW,2022-04-29,33.3,33.7,30.68,30.855,23913520,,https://api.nasdaq.com/api/quote/UDOW/historical?assetclass=etf&fromdate=2016-07-26&todate=2026-07-26&limit=5000
UDOW,2022-05-02,31.04,31.6,29.385,31.135,35424500,,https://api.nasdaq.com/api/quote/UDOW/historical?assetclass=etf&fromdate=2016-07-26&todate=2026-07-26&limit=5000
UDOW,2022-05-03,31.29,31.91,30.69,31.305,13418624,,https://api.nasdaq.com/api/quote/UDOW/historical?assetclass=etf&fromdate=2016-07-26&todate=2026-07-26&limit=5000
UDOW,2022-05-04,31.47,34.101,30.985,33.97,17241878,,https://api.nasdaq.com/api/quote/UDOW/historical?assetclass=etf&fromdate=2016-07-26&todate=2026-07-26&limit=5000
UDOW,2022-05-05,33.105,33.225,29.84,30.84,19779656,,https://api.nasdaq.com/api/quote/UDOW/historical?assetclass=etf&fromdate=2016-07-26&todate=2026-07-26&limit=5000
UDOW,2022-05-06,30.135,30.945,29.2951,30.525,20712440,,https://api.nasdaq.com/api/quote/UDOW/historical?assetclass=etf&fromdate=2016-07-26&todate=2026-07-26&limit=5000
UDOW,2022-05-09,29.36,29.73,28.345,28.72,18422414,,https://api.nasdaq.com/api/quote/UDOW/historical?assetclass=etf&fromdate=2016-07-26&todate=2026-07-26&limit=5000
UDOW,2022-05-10,29.76,30.04,27.745,28.49,21784400,,https://api.nasdaq.com/api/quote/UDOW/historical?assetclass=etf&fromdate=2016-07-26&todate=2026-07-26&limit=5000
UDOW,2022-05-11,28.465,29.605,27.51,27.605,18006664,,https://api.nasdaq.com/api/quote/UDOW/historical?assetclass=etf&fromdate=2016-07-26&todate=2026-07-26&limit=5000
UDOW,2022-05-12,27.105,27.835,26.04,27.37,21553360,,https://api.nasdaq.com/api/quote/UDOW/historical?assetclass=etf&fromdate=2016-07-26&todate=2026-07-26&limit=5000
UDOW,2022-05-13,28.015,28.765,27.6844,28.55,8945770,,https://api.nasdaq.com/api/quote/UDOW/historical?assetclass=etf&fromdate=2016-07-26&todate=2026-07-26&limit=5000
UDOW,2022-05-16,28.405,29.44,27.88,28.675,12345794,,https://api.nasdaq.com/api/quote/UDOW/historical?assetclass=etf&fromdate=2016-07-26&todate=2026-07-26&limit=5000
UDOW,2022-05-17,29.775,29.91,28.87,29.805,9510394,,https://api.nasdaq.com/api/quote/UDOW/historical?assetclass=etf&fromdate=2016-07-26&todate=2026-07-26&limit=5000
UDOW,2022-05-18,29.035,29.095,26.385,26.71,12350476,,https://api.nasdaq.com/api/quote/UDOW/historical?assetclass=etf&fromdate=2016-07-26&todate=2026-07-26&limit=5000
UDOW,2022-05-19,25.785,26.87,25.475,26.065,11610890,,https://api.nasdaq.com/api/quote/UDOW/historical?assetclass=etf&fromdate=2016-07-26&todate=2026-07-26&limit=5000
UDOW,2022-05-20,26.665,26.725,24.525,26.08,17565708,,https://api.nasdaq.com/api/quote/UDOW/historical?assetclass=etf&fromdate=2016-07-26&todate=2026-07-26&limit=5000
UDOW,2022-05-23,26.795,27.87,26.645,27.65,14317424,,https://api.nasdaq.com/api/quote/UDOW/historical?assetclass=etf&fromdate=2016-07-26&todate=2026-07-26&limit=5000
UDOW,2022-05-24,27.07,28.0001,26.3,27.81,13463454,,https://api.nasdaq.com/api/quote/UDOW/historical?assetclass=etf&fromdate=2016-07-26&todate=2026-07-26&limit=5000
UDOW,2022-05-25,27.41,28.625,27.3,28.295,10267638,,https://api.nasdaq.com/api/quote/UDOW/historical?assetclass=etf&fromdate=2016-07-26&todate=2026-07-26&limit=5000
UDOW,2022-05-26,28.74,30,28.71,29.65,10033792,,https://api.nasdaq.com/api/quote/UDOW/historical?assetclass=etf&fromdate=2016-07-26&todate=2026-07-26&limit=5000
UDOW,2022-05-27,29.84,31.195,29.755,31.185,8912650,,https://api.nasdaq.com/api/quote/UDOW/historical?assetclass=etf&fromdate=2016-07-26&todate=2026-07-26&limit=5000
UDOW,2022-05-31,30.64,31.31,29.93,30.655,7671840,,https://api.nasdaq.com/api/quote/UDOW/historical?assetclass=etf&fromdate=2016-07-26&todate=2026-07-26&limit=5000
UDOW,2022-06-01,31.31,31.415,29.5,30.145,8033828,,https://api.nasdaq.com/api/quote/UDOW/historical?assetclass=etf&fromdate=2016-07-26&todate=2026-07-26&limit=5000
UDOW,2022-06-02,30.16,31.34,29.3025,31.33,7691066,,https://api.nasdaq.com/api/quote/UDOW/historical?assetclass=etf&fromdate=2016-07-26&todate=2026-07-26&limit=5000
UDOW,2022-06-03,30.525,31.0494,30.195,30.375,6752268,,https://api.nasdaq.com/api/quote/UDOW/historical?assetclass=etf&fromdate=2016-07-26&todate=2026-07-26&limit=5000
UDOW,2022-06-06,30.995,31.3097,30.15,30.41,6538734,,https://api.nasdaq.com/api/quote/UDOW/historical?assetclass=etf&fromdate=2016-07-26&todate=2026-07-26&limit=5000
UDOW,2022-06-07,29.655,31.225,29.655,31.14,4948560,,https://api.nasdaq.com/api/quote/UDOW/historical?assetclass=etf&fromdate=2016-07-26&todate=2026-07-26&limit=5000
UDOW,2022-06-08,30.705,31.085,30.14,30.355,4579218,,https://api.nasdaq.com/api/quote/UDOW/historical?assetclass=etf&fromdate=2016-07-26&todate=2026-07-26&limit=5000
UDOW,2022-06-09,30,30.52,28.605,28.62,5355128,,https://api.nasdaq.com/api/quote/UDOW/historical?assetclass=etf&fromdate=2016-07-26&todate=2026-07-26&limit=5000
UDOW,2022-06-10,27.33,27.4832,26.275,26.295,9366884,,https://api.nasdaq.com/api/quote/UDOW/historical?assetclass=etf&fromdate=2016-07-26&todate=2026-07-26&limit=5000
UDOW,2022-06-13,24.6,25.1,23.7175,24.105,11109632,,https://api.nasdaq.com/api/quote/UDOW/historical?assetclass=etf&fromdate=2016-07-26&todate=2026-07-26&limit=5000
UDOW,2022-06-14,24.305,24.515,23.21,23.765,11636322,,https://api.nasdaq.com/api/quote/UDOW/historical?assetclass=etf&fromdate=2016-07-26&todate=2026-07-26&limit=5000
UDOW,2022-06-15,24.275,25.26,23.295,24.455,11107082,,https://api.nasdaq.com/api/quote/UDOW/historical?assetclass=etf&fromdate=2016-07-26&todate=2026-07-26&limit=5000
UDOW,2022-06-16,23.045,23.11,22.24,22.705,9851734,,https://api.nasdaq.com/api/quote/UDOW/historical?assetclass=etf&fromdate=2016-07-26&todate=2026-07-26&limit=5000
UDOW,2022-06-17,22.486,23.225,22.05,22.59,13231790,,https://api.nasdaq.com/api/quote/UDOW/historical?assetclass=etf&fromdate=2016-07-26&todate=2026-07-26&limit=5000
UDOW,2022-06-21,23.565,24.325,23.46,24.055,8728386,,https://api.nasdaq.com/api/quote/UDOW/historical?assetclass=etf&fromdate=2016-07-26&todate=2026-07-26&limit=5000
UDOW,2022-06-22,23.06,24.4975,23.013,23.775,9664492,,https://api.nasdaq.com/api/quote/UDOW/historical?assetclass=etf&fromdate=2016-07-26&todate=2026-07-26&limit=5000
UDOW,2022-06-23,24.03,24.3492,23.34,24.25,8401946,,https://api.nasdaq.com/api/quote/UDOW/historical?assetclass=etf&fromdate=2016-07-26&todate=2026-07-26&limit=5000
UDOW,2022-06-24,24.885,26.25,24.83,26.25,5509608,,https://api.nasdaq.com/api/quote/UDOW/historical?assetclass=etf&fromdate=2016-07-26&todate=2026-07-26&limit=5000
UDOW,2022-06-27,26.3,26.44,25.815,26.08,5249880,,https://api.nasdaq.com/api/quote/UDOW/historical?assetclass=etf&fromdate=2016-07-26&todate=2026-07-26&limit=5000
UDOW,2022-06-28,26.51,27.1442,24.78,24.825,5446112,,https://api.nasdaq.com/api/quote/UDOW/historical?assetclass=etf&fromdate=2016-07-26&todate=2026-07-26&limit=5000
UDOW,2022-06-29,25.05,25.325,24.68,24.985,8107462,,https://api.nasdaq.com/api/quote/UDOW/historical?assetclass=etf&fromdate=2016-07-26&todate=2026-07-26&limit=5000
UDOW,2022-06-30,24.175,24.9,23.555,24.45,10710476,,https://api.nasdaq.com/api/quote/UDOW/historical?assetclass=etf&fromdate=2016-07-26&todate=2026-07-26&limit=5000
UDOW,2022-07-01,24.305,25.2525,23.69,25.135,10439782,,https://api.nasdaq.com/api/quote/UDOW/historical?assetclass=etf&fromdate=2016-07-26&todate=2026-07-26&limit=5000
UDOW,2022-07-05,24.13,24.865,23.37,24.85,13075826,,https://api.nasdaq.com/api/quote/UDOW/historical?assetclass=etf&fromdate=2016-07-26&todate=2026-07-26&limit=5000
UDOW,2022-07-06,24.92,25.47,24.425,25.015,8053138,,https://api.nasdaq.com/api/quote/UDOW/historical?assetclass=etf&fromdate=2016-07-26&todate=2026-07-26&limit=5000
UDOW,2022-07-07,25.5,25.945,25.29,25.86,5456034,,https://api.nasdaq.com/api/quote/UDOW/historical?assetclass=etf&fromdate=2016-07-26&todate=2026-07-26&limit=5000
UDOW,2022-07-08,25.715,26.165,25.42,25.745,5857416,,https://api.nasdaq.com/api/quote/UDOW/historical?assetclass=etf&fromdate=2016-07-26&todate=2026-07-26&limit=5000
UDOW,2022-07-11,25.3,25.8038,25.185,25.335,5695654,,https://api.nasdaq.com/api/quote/UDOW/historical?assetclass=etf&fromdate=2016-07-26&todate=2026-07-26&limit=5000
UDOW,2022-07-12,24.99,25.745,24.555,24.88,5716186,,https://api.nasdaq.com/api/quote/UDOW/historical?assetclass=etf&fromdate=2016-07-26&todate=2026-07-26&limit=5000
UDOW,2022-07-13,23.975,24.87,23.715,24.35,8253412,,https://api.nasdaq.com/api/quote/UDOW/historical?assetclass=etf&fromdate=2016-07-26&todate=2026-07-26&limit=5000
UDOW,2022-07-14,23.14,24.115,22.8425,24.01,9325834,,https://api.nasdaq.com/api/quote/UDOW/historical?assetclass=etf&fromdate=2016-07-26&todate=2026-07-26&limit=5000
UDOW,2022-07-15,25.085,25.535,24.685,25.52,6628618,,https://api.nasdaq.com/api/quote/UDOW/historical?assetclass=etf&fromdate=2016-07-26&todate=2026-07-26&limit=5000
UDOW,2022-07-18,26.25,26.405,24.78,25.01,5329822,,https://api.nasdaq.com/api/quote/UDOW/historical?assetclass=etf&fromdate=2016-07-26&todate=2026-07-26&limit=5000
UDOW,2022-07-19,25.6,26.875,25.5,26.81,5863248,,https://api.nasdaq.com/api/quote/UDOW/historical?assetclass=etf&fromdate=2016-07-26&todate=2026-07-26&limit=5000
UDOW,2022-07-20,26.86,27.1399,26.385,26.96,6970416,,https://api.nasdaq.com/api/quote/UDOW/historical?assetclass=etf&fromdate=2016-07-26&todate=2026-07-26&limit=5000
UDOW,2022-07-21,26.685,27.38,26.095,27.375,7350514,,https://api.nasdaq.com/api/quote/UDOW/historical?assetclass=etf&fromdate=2016-07-26&todate=2026-07-26&limit=5000
UDOW,2022-07-22,27.71,27.83,26.5906,27.03,6603742,,https://api.nasdaq.com/api/quote/UDOW/historical?assetclass=etf&fromdate=2016-07-26&todate=2026-07-26&limit=5000
UDOW,2022-07-25,27.295,27.355,26.82,27.25,4454706,,https://api.nasdaq.com/api/quote/UDOW/historical?assetclass=etf&fromdate=2016-07-26&todate=2026-07-26&limit=5000
UDOW,2022-07-26,26.97,27.12,26.515,26.635,3838490,,https://api.nasdaq.com/api/quote/UDOW/historical?assetclass=etf&fromdate=2016-07-26&todate=2026-07-26&limit=5000
UDOW,2022-07-27,26.94,28.11,26.765,27.755,5256798,,https://api.nasdaq.com/api/quote/UDOW/historical?assetclass=etf&fromdate=2016-07-26&todate=2026-07-26&limit=5000
UDOW,2022-07-28,27.855,28.8025,27.175,28.58,5120626,,https://api.nasdaq.com/api/quote/UDOW/historical?assetclass=etf&fromdate=2016-07-26&todate=2026-07-26&limit=5000
UDOW,2022-07-29,28.635,29.63,28.495,29.45,4374998,,https://api.nasdaq.com/api/quote/UDOW/historical?assetclass=etf&fromdate=2016-07-26&todate=2026-07-26&limit=5000
UDOW,2022-08-01,28.975,29.76,28.87,29.31,4061316,,https://api.nasdaq.com/api/quote/UDOW/historical?assetclass=etf&fromdate=2016-07-26&todate=2026-07-26&limit=5000
UDOW,2022-08-02,29.01,29.225,28.1875,28.235,6555942,,https://api.nasdaq.com/api/quote/UDOW/historical?assetclass=etf&fromdate=2016-07-26&todate=2026-07-26&limit=5000
UDOW,2022-08-03,28.66,29.555,28.515,29.3,4840490,,https://api.nasdaq.com/api/quote/UDOW/historical?assetclass=etf&fromdate=2016-07-26&todate=2026-07-26&limit=5000
UDOW,2022-08-04,29.15,29.3259,28.85,29.065,4785220,,https://api.nasdaq.com/api/quote/UDOW/historical?assetclass=etf&fromdate=2016-07-26&todate=2026-07-26&limit=5000
UDOW,2022-08-05,28.46,29.285,28.425,29.22,4428306,,https://api.nasdaq.com/api/quote/UDOW/historical?assetclass=etf&fromdate=2016-07-26&todate=2026-07-26&limit=5000
UDOW,2022-08-08,29.72,30.07,29.155,29.34,4473014,,https://api.nasdaq.com/api/quote/UDOW/historical?assetclass=etf&fromdate=2016-07-26&todate=2026-07-26&limit=5000
UDOW,2022-08-09,29.28,29.465,28.995,29.21,2730736,,https://api.nasdaq.com/api/quote/UDOW/historical?assetclass=etf&fromdate=2016-07-26&todate=2026-07-26&limit=5000
UDOW,2022-08-10,30.455,30.77,30.275,30.595,3382228,,https://api.nasdaq.com/api/quote/UDOW/historical?assetclass=etf&fromdate=2016-07-26&todate=2026-07-26&limit=5000
UDOW,2022-08-11,31.29,31.5883,30.575,30.73,3476778,,https://api.nasdaq.com/api/quote/UDOW/historical?assetclass=etf&fromdate=2016-07-26&todate=2026-07-26&limit=5000
UDOW,2022-08-12,31.02,31.881,30.86,31.865,3022980,,https://api.nasdaq.com/api/quote/UDOW/historical?assetclass=etf&fromdate=2016-07-26&todate=2026-07-26&limit=5000
UDOW,2022-08-15,31.36,32.43,31.355,32.295,3668106,,https://api.nasdaq.com/api/quote/UDOW/historical?assetclass=etf&fromdate=2016-07-26&todate=2026-07-26&limit=5000
UDOW,2022-08-16,32.115,33.3525,32.115,32.975,3995500,,https://api.nasdaq.com/api/quote/UDOW/historical?assetclass=etf&fromdate=2016-07-26&todate=2026-07-26&limit=5000
UDOW,2022-08-17,32.36,33.0592,32.08,32.51,3816258,,https://api.nasdaq.com/api/quote/UDOW/historical?assetclass=etf&fromdate=2016-07-26&todate=2026-07-26&limit=5000
UDOW,2022-08-18,32.5,32.7268,32.15,32.615,3061464,,https://api.nasdaq.com/api/quote/UDOW/historical?assetclass=etf&fromdate=2016-07-26&todate=2026-07-26&limit=5000
UDOW,2022-08-19,32.15,32.24,31.545,31.775,3106592,,https://api.nasdaq.com/api/quote/UDOW/historical?assetclass=etf&fromdate=2016-07-26&todate=2026-07-26&limit=5000
UDOW,2022-08-22,30.655,30.775,29.81,30,4817038,,https://api.nasdaq.com/api/quote/UDOW/historical?assetclass=etf&fromdate=2016-07-26&todate=2026-07-26&limit=5000
UDOW,2022-08-23,29.855,30.162,29.41,29.55,3647618,,https://api.nasdaq.com/api/quote/UDOW/historical?assetclass=etf&fromdate=2016-07-26&todate=2026-07-26&limit=5000
UDOW,2022-08-24,29.48,30.04,29.325,29.72,2974444,,https://api.nasdaq.com/api/quote/UDOW/historical?assetclass=etf&fromdate=2016-07-26&todate=2026-07-26&limit=5000
UDOW,2022-08-25,29.76,30.59,29.48,30.585,4284484,,https://api.nasdaq.com/api/quote/UDOW/historical?assetclass=etf&fromdate=2016-07-26&todate=2026-07-26&limit=5000
UDOW,2022-08-26,30.675,30.745,27.755,27.785,7034650,,https://api.nasdaq.com/api/quote/UDOW/historical?assetclass=etf&fromdate=2016-07-26&todate=2026-07-26&limit=5000
UDOW,2022-08-29,27.155,27.875,26.95,27.305,4318760,,https://api.nasdaq.com/api/quote/UDOW/historical?assetclass=etf&fromdate=2016-07-26&todate=2026-07-26&limit=5000
UDOW,2022-08-30,27.54,27.565,26.14,26.535,5509808,,https://api.nasdaq.com/api/quote/UDOW/historical?assetclass=etf&fromdate=2016-07-26&todate=2026-07-26&limit=5000
UDOW,2022-08-31,26.64,27.035,25.9,25.91,5086530,,https://api.nasdaq.com/api/quote/UDOW/historical?assetclass=etf&fromdate=2016-07-26&todate=2026-07-26&limit=5000
UDOW,2022-09-01,25.555,26.28,25.165,26.24,6865390,,https://api.nasdaq.com/api/quote/UDOW/historical?assetclass=etf&fromdate=2016-07-26&todate=2026-07-26&limit=5000
UDOW,2022-09-02,26.93,27.155,25.06,25.4,7182278,,https://api.nasdaq.com/api/quote/UDOW/historical?assetclass=etf&fromdate=2016-07-26&todate=2026-07-26&limit=5000
UDOW,2022-09-06,25.57,25.755,24.725,25.03,5345650,,https://api.nasdaq.com/api/quote/UDOW/historical?assetclass=etf&fromdate=2016-07-26&todate=2026-07-26&limit=5000
UDOW,2022-09-07,24.905,26.1648,24.84,26.01,4227780,,https://api.nasdaq.com/api/quote/UDOW/historical?assetclass=etf&fromdate=2016-07-26&todate=2026-07-26&limit=5000
UDOW,2022-09-08,25.625,26.515,25.35,26.49,5819152,,https://api.nasdaq.com/api/quote/UDOW/historical?assetclass=etf&fromdate=2016-07-26&todate=2026-07-26&limit=5000
UDOW,2022-09-09,26.93,27.645,26.79,27.485,3558794,,https://api.nasdaq.com/api/quote/UDOW/historical?assetclass=etf&fromdate=2016-07-26&todate=2026-07-26&limit=5000
UDOW,2022-09-12,27.755,28.35,27.715,28.035,3635942,,https://api.nasdaq.com/api/quote/UDOW/historical?assetclass=etf&fromdate=2016-07-26&todate=2026-07-26&limit=5000
UDOW,2022-09-13,26.54,26.765,24.49,24.73,7450802,,https://api.nasdaq.com/api/quote/UDOW/historical?assetclass=etf&fromdate=2016-07-26&todate=2026-07-26&limit=5000
UDOW,2022-09-14,24.88,25.135,24.205,24.805,5361624,,https://api.nasdaq.com/api/quote/UDOW/historical?assetclass=etf&fromdate=2016-07-26&todate=2026-07-26&limit=5000
UDOW,2022-09-15,24.68,25.125,24.18,24.385,6511868,,https://api.nasdaq.com/api/quote/UDOW/historical?assetclass=etf&fromdate=2016-07-26&todate=2026-07-26&limit=5000
UDOW,2022-09-16,23.525,24.145,23.38,23.995,6068392,,https://api.nasdaq.com/api/quote/UDOW/historical?assetclass=etf&fromdate=2016-07-26&todate=2026-07-26&limit=5000
UDOW,2022-09-19,23.395,24.515,23.38,24.505,3861994,,https://api.nasdaq.com/api/quote/UDOW/historical?assetclass=etf&fromdate=2016-07-26&todate=2026-07-26&limit=5000
UDOW,2022-09-20,23.915,23.9915,23.1875,23.76,6041158,,https://api.nasdaq.com/api/quote/UDOW/historical?assetclass=etf&fromdate=2016-07-26&todate=2026-07-26&limit=5000
UDOW,2022-09-21,24.125,24.505,22.5308,22.535,10184368,,https://api.nasdaq.com/api/quote/UDOW/historical?assetclass=etf&fromdate=2016-07-26&todate=2026-07-26&limit=5000
UDOW,2022-09-22,22.475,22.785,22.1,22.265,6080694,,https://api.nasdaq.com/api/quote/UDOW/historical?assetclass=etf&fromdate=2016-07-26&todate=2026-07-26&limit=5000
UDOW,2022-09-23,21.625,21.6701,20.435,21.22,8209470,,https://api.nasdaq.com/api/quote/UDOW/historical?assetclass=etf&fromdate=2016-07-26&todate=2026-07-26&limit=5000
UDOW,2022-09-26,20.915,21.2751,20.26,20.525,7237572,,https://api.nasdaq.com/api/quote/UDOW/historical?assetclass=etf&fromdate=2016-07-26&todate=2026-07-26&limit=5000
UDOW,2022-09-27,20.965,21.315,19.835,20.235,7397540,,https://api.nasdaq.com/api/quote/UDOW/historical?assetclass=etf&fromdate=2016-07-26&todate=2026-07-26&limit=5000
UDOW,2022-09-28,20.44,21.61,20.1549,21.34,7538238,,https://api.nasdaq.com/api/quote/UDOW/historical?assetclass=etf&fromdate=2016-07-26&todate=2026-07-26&limit=5000
UDOW,2022-09-29,20.92,20.92,19.84,20.345,8634506,,https://api.nasdaq.com/api/quote/UDOW/historical?assetclass=etf&fromdate=2016-07-26&todate=2026-07-26&limit=5000
UDOW,2022-09-30,20.14,20.6133,19.27,19.305,7434504,,https://api.nasdaq.com/api/quote/UDOW/historical?assetclass=etf&fromdate=2016-07-26&todate=2026-07-26&limit=5000
UDOW,2022-10-03,19.995,21.145,19.75,20.82,7882874,,https://api.nasdaq.com/api/quote/UDOW/historical?assetclass=etf&fromdate=2016-07-26&todate=2026-07-26&limit=5000
UDOW,2022-10-04,21.62,22.595,21.595,22.58,6666286,,https://api.nasdaq.com/api/quote/UDOW/historical?assetclass=etf&fromdate=2016-07-26&todate=2026-07-26&limit=5000
UDOW,2022-10-05,21.8,22.89,21.61,22.49,5619714,,https://api.nasdaq.com/api/quote/UDOW/historical?assetclass=etf&fromdate=2016-07-26&todate=2026-07-26&limit=5000
UDOW,2022-10-06,22.185,22.6045,21.55,21.7,7151364,,https://api.nasdaq.com/api/quote/UDOW/historical?assetclass=etf&fromdate=2016-07-26&todate=2026-07-26&limit=5000
UDOW,2022-10-07,21.13,21.17,19.99,20.33,6873104,,https://api.nasdaq.com/api/quote/UDOW/historical?assetclass=etf&fromdate=2016-07-26&todate=2026-07-26&limit=5000
UDOW,2022-10-10,20.615,20.725,19.73,20.135,5586990,,https://api.nasdaq.com/api/quote/UDOW/historical?assetclass=etf&fromdate=2016-07-26&todate=2026-07-26&limit=5000
UDOW,2022-10-11,19.95,20.97,19.85,20.175,7130790,,https://api.nasdaq.com/api/quote/UDOW/historical?assetclass=etf&fromdate=2016-07-26&todate=2026-07-26&limit=5000
UDOW,2022-10-12,20.24,20.64,19.9802,20.14,6273740,,https://api.nasdaq.com/api/quote/UDOW/historical?assetclass=etf&fromdate=2016-07-26&todate=2026-07-26&limit=5000
UDOW,2022-10-13,19.08,22.11,18.9907,21.86,15477824,,https://api.nasdaq.com/api/quote/UDOW/historical?assetclass=etf&fromdate=2016-07-26&todate=2026-07-26&limit=5000
UDOW,2022-10-14,22.3,22.6878,20.905,21.04,14499376,,https://api.nasdaq.com/api/quote/UDOW/historical?assetclass=etf&fromdate=2016-07-26&todate=2026-07-26&limit=5000
UDOW,2022-10-17,21.93,22.4,21.715,22.13,6706008,,https://api.nasdaq.com/api/quote/UDOW/historical?assetclass=etf&fromdate=2016-07-26&todate=2026-07-26&limit=5000
UDOW,2022-10-18,23.475,23.53,22.355,22.905,7539124,,https://api.nasdaq.com/api/quote/UDOW/historical?assetclass=etf&fromdate=2016-07-26&todate=2026-07-26&limit=5000
UDOW,2022-10-19,22.62,23.16,22.175,22.63,7971324,,https://api.nasdaq.com/api/quote/UDOW/historical?assetclass=etf&fromdate=2016-07-26&todate=2026-07-26&limit=5000
UDOW,2022-10-20,22.765,23.515,22.26,22.405,8122444,,https://api.nasdaq.com/api/quote/UDOW/historical?assetclass=etf&fromdate=2016-07-26&todate=2026-07-26&limit=5000
UDOW,2022-10-21,22.39,24.17,22.135,24.085,10524932,,https://api.nasdaq.com/api/quote/UDOW/historical?assetclass=etf&fromdate=2016-07-26&todate=2026-07-26&limit=5000
UDOW,2022-10-24,24.5,25.285,24.265,25.075,10693496,,https://api.nasdaq.com/api/quote/UDOW/historical?assetclass=etf&fromdate=2016-07-26&todate=2026-07-26&limit=5000
UDOW,2022-10-25,24.875,25.95,24.84,25.88,7169614,,https://api.nasdaq.com/api/quote/UDOW/historical?assetclass=etf&fromdate=2016-07-26&todate=2026-07-26&limit=5000
UDOW,2022-10-26,25.74,26.665,25.705,25.88,7100538,,https://api.nasdaq.com/api/quote/UDOW/historical?assetclass=etf&fromdate=2016-07-26&todate=2026-07-26&limit=5000
UDOW,2022-10-27,26.61,27.17,26.21,26.365,9411074,,https://api.nasdaq.com/api/quote/UDOW/historical?assetclass=etf&fromdate=2016-07-26&todate=2026-07-26&limit=5000
UDOW,2022-10-28,26.645,28.405,26.585,28.32,11721554,,https://api.nasdaq.com/api/quote/UDOW/historical?assetclass=etf&fromdate=2016-07-26&todate=2026-07-26&limit=5000
UDOW,2022-10-31,27.85,28.39,27.635,28.025,8906054,,https://api.nasdaq.com/api/quote/UDOW/historical?assetclass=etf&fromdate=2016-07-26&todate=2026-07-26&limit=5000
UDOW,2022-11-01,28.54,28.63,27.3525,27.78,8014918,,https://api.nasdaq.com/api/quote/UDOW/historical?assetclass=etf&fromdate=2016-07-26&todate=2026-07-26&limit=5000
UDOW,2022-11-02,27.535,28.8625,26.455,26.48,18725968,,https://api.nasdaq.com/api/quote/UDOW/historical?assetclass=etf&fromdate=2016-07-26&todate=2026-07-26&limit=5000
UDOW,2022-11-03,25.915,26.575,25.43,26.08,11016194,,https://api.nasdaq.com/api/quote/UDOW/historical?assetclass=etf&fromdate=2016-07-26&todate=2026-07-26&limit=5000
UDOW,2022-11-04,27.01,27.615,25.91,27.115,11682918,,https://api.nasdaq.com/api/quote/UDOW/historical?assetclass=etf&fromdate=2016-07-26&todate=2026-07-26&limit=5000
UDOW,2022-11-07,27.34,28.32,27.12,28.185,7002002,,https://api.nasdaq.com/api/quote/UDOW/historical?assetclass=etf&fromdate=2016-07-26&todate=2026-07-26&limit=5000
UDOW,2022-11-08,28.48,29.5,28.15,29.01,13906826,,https://api.nasdaq.com/api/quote/UDOW/historical?assetclass=etf&fromdate=2016-07-26&todate=2026-07-26&limit=5000
UDOW,2022-11-09,28.45,28.775,27.225,27.335,9250102,,https://api.nasdaq.com/api/quote/UDOW/historical?assetclass=etf&fromdate=2016-07-26&todate=2026-07-26&limit=5000
UDOW,2022-11-10,29.565,30.375,28.95,30.32,11877414,,https://api.nasdaq.com/api/quote/UDOW/historical?assetclass=etf&fromdate=2016-07-26&todate=2026-07-26&limit=5000
UDOW,2022-11-11,30.565,30.62,29.485,30.44,10193410,,https://api.nasdaq.com/api/quote/UDOW/historical?assetclass=etf&fromdate=2016-07-26&todate=2026-07-26&limit=5000
UDOW,2022-11-14,30.145,31.02,29.86,29.915,6010098,,https://api.nasdaq.com/api/quote/UDOW/historical?assetclass=etf&fromdate=2016-07-26&todate=2026-07-26&limit=5000
UDOW,2022-11-15,30.635,31.05,29.255,30.01,9640008,,https://api.nasdaq.com/api/quote/UDOW/historical?assetclass=etf&fromdate=2016-07-26&todate=2026-07-26&limit=5000
UDOW,2022-11-16,29.83,30.28,29.83,29.98,5564264,,https://api.nasdaq.com/api/quote/UDOW/historical?assetclass=etf&fromdate=2016-07-26&todate=2026-07-26&limit=5000
UDOW,2022-11-17,29.03,30.135,29.03,29.965,5961450,,https://api.nasdaq.com/api/quote/UDOW/historical?assetclass=etf&fromdate=2016-07-26&todate=2026-07-26&limit=5000
UDOW,2022-11-18,30.475,30.675,29.9,30.48,6266110,,https://api.nasdaq.com/api/quote/UDOW/historical?assetclass=etf&fromdate=2016-07-26&todate=2026-07-26&limit=5000
UDOW,2022-11-21,30.525,30.8,29.96,30.365,4504518,,https://api.nasdaq.com/api/quote/UDOW/historical?assetclass=etf&fromdate=2016-07-26&todate=2026-07-26&limit=5000
UDOW,2022-11-22,30.83,31.45,30.71,31.405,6217764,,https://api.nasdaq.com/api/quote/UDOW/historical?assetclass=etf&fromdate=2016-07-26&todate=2026-07-26&limit=5000
UDOW,2022-11-23,31.29,31.8347,31.1192,31.68,6530286,,https://api.nasdaq.com/api/quote/UDOW/historical?assetclass=etf&fromdate=2016-07-26&todate=2026-07-26&limit=5000
UDOW,2022-11-25,31.67,32.165,31.67,32.06,2699586,,https://api.nasdaq.com/api/quote/UDOW/historical?assetclass=etf&fromdate=2016-07-26&todate=2026-07-26&limit=5000
UDOW,2022-11-28,31.525,31.93,30.515,30.665,5429794,,https://api.nasdaq.com/api/quote/UDOW/historical?assetclass=etf&fromdate=2016-07-26&todate=2026-07-26&limit=5000
UDOW,2022-11-29,30.5,30.895,30.15,30.65,3977850,,https://api.nasdaq.com/api/quote/UDOW/historical?assetclass=etf&fromdate=2016-07-26&todate=2026-07-26&limit=5000
UDOW,2022-11-30,30.715,32.73,30.03,32.705,9466882,,https://api.nasdaq.com/api/quote/UDOW/historical?assetclass=etf&fromdate=2016-07-26&todate=2026-07-26&limit=5000
UDOW,2022-12-01,32.865,32.875,31.435,32.205,7479344,,https://api.nasdaq.com/api/quote/UDOW/historical?assetclass=etf&fromdate=2016-07-26&todate=2026-07-26&limit=5000
UDOW,2022-12-02,31.22,32.48,31.215,32.305,5920446,,https://api.nasdaq.com/api/quote/UDOW/historical?assetclass=etf&fromdate=2016-07-26&todate=2026-07-26&limit=5000
UDOW,2022-12-05,31.66,31.88,30.665,30.96,5980324,,https://api.nasdaq.com/api/quote/UDOW/historical?assetclass=etf&fromdate=2016-07-26&todate=2026-07-26&limit=5000
UDOW,2022-12-06,30.87,31.1106,29.5,29.98,5562764,,https://api.nasdaq.com/api/quote/UDOW/historical?assetclass=etf&fromdate=2016-07-26&todate=2026-07-26&limit=5000
UDOW,2022-12-07,29.87,30.465,29.715,29.965,6074256,,https://api.nasdaq.com/api/quote/UDOW/historical?assetclass=etf&fromdate=2016-07-26&todate=2026-07-26&limit=5000
UDOW,2022-12-08,30.275,30.795,30.1,30.465,5788122,,https://api.nasdaq.com/api/quote/UDOW/historical?assetclass=etf&fromdate=2016-07-26&todate=2026-07-26&limit=5000
UDOW,2022-12-09,30.23,30.64,29.5955,29.645,4736340,,https://api.nasdaq.com/api/quote/UDOW/historical?assetclass=etf&fromdate=2016-07-26&todate=2026-07-26&limit=5000
UDOW,2022-12-12,29.775,31.0175,29.775,31.01,5846210,,https://api.nasdaq.com/api/quote/UDOW/historical?assetclass=etf&fromdate=2016-07-26&todate=2026-07-26&limit=5000
UDOW,2022-12-13,33.0755,33.085,30.71,31.33,9264572,,https://api.nasdaq.com/api/quote/UDOW/historical?assetclass=etf&fromdate=2016-07-26&todate=2026-07-26&limit=5000
UDOW,2022-12-14,31.325,32.1092,30.18,30.905,8312544,,https://api.nasdaq.com/api/quote/UDOW/historical?assetclass=etf&fromdate=2016-07-26&todate=2026-07-26&limit=5000
UDOW,2022-12-15,29.875,30.095,28.285,28.83,8548512,,https://api.nasdaq.com/api/quote/UDOW/historical?assetclass=etf&fromdate=2016-07-26&todate=2026-07-26&limit=5000
UDOW,2022-12-16,28.1045,28.415,27.37,28.02,6842510,,https://api.nasdaq.com/api/quote/UDOW/historical?assetclass=etf&fromdate=2016-07-26&todate=2026-07-26&limit=5000
UDOW,2022-12-19,28.02,28.37,27.1825,27.625,5484180,,https://api.nasdaq.com/api/quote/UDOW/historical?assetclass=etf&fromdate=2016-07-26&todate=2026-07-26&limit=5000
UDOW,2022-12-20,27.675,28.2225,27.3553,27.85,6323362,,https://api.nasdaq.com/api/quote/UDOW/historical?assetclass=etf&fromdate=2016-07-26&todate=2026-07-26&limit=5000
UDOW,2022-12-21,28.66,29.355,28.5421,29.18,6324786,,https://api.nasdaq.com/api/quote/UDOW/historical?assetclass=etf&fromdate=2016-07-26&todate=2026-07-26&limit=5000
UDOW,2022-12-22,28.53,28.595,26.965,28.18,8609740,,https://api.nasdaq.com/api/quote/UDOW/historical?assetclass=etf&fromdate=2016-07-26&todate=2026-07-26&limit=5000
UDOW,2022-12-23,27.985,28.65,27.605,28.61,6081482,,https://api.nasdaq.com/api/quote/UDOW/historical?assetclass=etf&fromdate=2016-07-26&todate=2026-07-26&limit=5000
UDOW,2022-12-27,28.6555,29.0675,28.2204,28.695,6328386,,https://api.nasdaq.com/api/quote/UDOW/historical?assetclass=etf&fromdate=2016-07-26&todate=2026-07-26&limit=5000
UDOW,2022-12-28,28.76,29.05,27.695,27.705,6301800,,https://api.nasdaq.com/api/quote/UDOW/historical?assetclass=etf&fromdate=2016-07-26&todate=2026-07-26&limit=5000
UDOW,2022-12-29,28.1555,28.745,28.055,28.55,4925726,,https://api.nasdaq.com/api/quote/UDOW/historical?assetclass=etf&fromdate=2016-07-26&todate=2026-07-26&limit=5000
UDOW,2022-12-30,28.16,28.3651,27.5753,28.35,5221832,,https://api.nasdaq.com/api/quote/UDOW/historical?assetclass=etf&fromdate=2016-07-26&todate=2026-07-26&limit=5000
UDOW,2023-01-03,28.635,28.975,27.58,28.315,6166754,,https://api.nasdaq.com/api/quote/UDOW/historical?assetclass=etf&fromdate=2016-07-26&todate=2026-07-26&limit=5000
UDOW,2023-01-04,28.65,29.0325,28.04,28.665,6153126,,https://api.nasdaq.com/api/quote/UDOW/historical?assetclass=etf&fromdate=2016-07-26&todate=2026-07-26&limit=5000
UDOW,2023-01-05,28.19,28.26,27.465,27.77,6584162,,https://api.nasdaq.com/api/quote/UDOW/historical?assetclass=etf&fromdate=2016-07-26&todate=2026-07-26&limit=5000
UDOW,2023-01-06,28.495,29.755,27.93,29.53,9958548,,https://api.nasdaq.com/api/quote/UDOW/historical?assetclass=etf&fromdate=2016-07-26&todate=2026-07-26&limit=5000
UDOW,2023-01-09,29.89,30.35,29.175,29.27,7323206,,https://api.nasdaq.com/api/quote/UDOW/historical?assetclass=etf&fromdate=2016-07-26&todate=2026-07-26&limit=5000
UDOW,2023-01-10,29.205,29.785,28.9706,29.76,4695628,,https://api.nasdaq.com/api/quote/UDOW/historical?assetclass=etf&fromdate=2016-07-26&todate=2026-07-26&limit=5000
UDOW,2023-01-11,30.065,30.43,29.73,30.41,4529476,,https://api.nasdaq.com/api/quote/UDOW/historical?assetclass=etf&fromdate=2016-07-26&todate=2026-07-26&limit=5000
UDOW,2023-01-12,30.655,31.26,29.91,30.985,9564598,,https://api.nasdaq.com/api/quote/UDOW/historical?assetclass=etf&fromdate=2016-07-26&todate=2026-07-26&limit=5000
UDOW,2023-01-13,30.22,31.385,30.185,31.255,5909892,,https://api.nasdaq.com/api/quote/UDOW/historical?assetclass=etf&fromdate=2016-07-26&todate=2026-07-26&limit=5000
UDOW,2023-01-17,31.07,31.17,30.055,30.2,4913538,,https://api.nasdaq.com/api/quote/UDOW/historical?assetclass=etf&fromdate=2016-07-26&todate=2026-07-26&limit=5000
UDOW,2023-01-18,30.305,30.455,28.4625,28.525,6556590,,https://api.nasdaq.com/api/quote/UDOW/historical?assetclass=etf&fromdate=2016-07-26&todate=2026-07-26&limit=5000
UDOW,2023-01-19,28,28.37,27.735,27.925,5345018,,https://api.nasdaq.com/api/quote/UDOW/historical?assetclass=etf&fromdate=2016-07-26&todate=2026-07-26&limit=5000
UDOW,2023-01-20,28.03,28.75,27.6399,28.71,6460692,,https://api.nasdaq.com/api/quote/UDOW/historical?assetclass=etf&fromdate=2016-07-26&todate=2026-07-26&limit=5000
UDOW,2023-01-23,28.98,29.775,28.56,29.36,5747350,,https://api.nasdaq.com/api/quote/UDOW/historical?assetclass=etf&fromdate=2016-07-26&todate=2026-07-26&limit=5000
UDOW,2023-01-24,29.065,29.772,28.72,29.595,4029094,,https://api.nasdaq.com/api/quote/UDOW/historical?assetclass=etf&fromdate=2016-07-26&todate=2026-07-26&limit=5000
UDOW,2023-01-25,28.85,29.7325,28.4,29.655,7124882,,https://api.nasdaq.com/api/quote/UDOW/historical?assetclass=etf&fromdate=2016-07-26&todate=2026-07-26&limit=5000
UDOW,2023-01-26,29.92,30.185,29.3275,30.16,4875184,,https://api.nasdaq.com/api/quote/UDOW/historical?assetclass=etf&fromdate=2016-07-26&todate=2026-07-26&limit=5000
UDOW,2023-01-27,30.165,30.7325,29.835,30.22,4570956,,https://api.nasdaq.com/api/quote/UDOW/historical?assetclass=etf&fromdate=2016-07-26&todate=2026-07-26&limit=5000
UDOW,2023-01-30,29.9,30.425,29.47,29.525,5023328,,https://api.nasdaq.com/api/quote/UDOW/historical?assetclass=etf&fromdate=2016-07-26&todate=2026-07-26&limit=5000
UDOW,2023-01-31,29.675,30.515,29.375,30.5,4630374,,https://api.nasdaq.com/api/quote/UDOW/historical?assetclass=etf&fromdate=2016-07-26&todate=2026-07-26&limit=5000
UDOW,2023-02-01,30.03,31.1625,29.095,30.535,9193290,,https://api.nasdaq.com/api/quote/UDOW/historical?assetclass=etf&fromdate=2016-07-26&todate=2026-07-26&limit=5000
UDOW,2023-02-02,30.615,30.62,29.72,30.37,8461956,,https://api.nasdaq.com/api/quote/UDOW/historical?assetclass=etf&fromdate=2016-07-26&todate=2026-07-26&limit=5000
UDOW,2023-02-03,29.92,30.7,29.7025,29.98,7591742,,https://api.nasdaq.com/api/quote/UDOW/historical?assetclass=etf&fromdate=2016-07-26&todate=2026-07-26&limit=5000
UDOW,2023-02-06,29.61,30.1125,29.355,29.895,4064916,,https://api.nasdaq.com/api/quote/UDOW/historical?assetclass=etf&fromdate=2016-07-26&todate=2026-07-26&limit=5000
UDOW,2023-02-07,29.425,30.83,29.215,30.62,9629544,,https://api.nasdaq.com/api/quote/UDOW/historical?assetclass=etf&fromdate=2016-07-26&todate=2026-07-26&limit=5000
UDOW,2023-02-08,30.32,30.6025,29.8925,30.065,4166452,,https://api.nasdaq.com/api/quote/UDOW/historical?assetclass=etf&fromdate=2016-07-26&todate=2026-07-26&limit=5000
UDOW,2023-02-09,30.66,30.8504,29.125,29.425,4512838,,https://api.nasdaq.com/api/quote/UDOW/historical?assetclass=etf&fromdate=2016-07-26&todate=2026-07-26&limit=5000
UDOW,2023-02-10,29.29,29.9,29.0955,29.83,4685114,,https://api.nasdaq.com/api/quote/UDOW/historical?assetclass=etf&fromdate=2016-07-26&todate=2026-07-26&limit=5000
UDOW,2023-02-13,29.865,30.825,29.865,30.825,3585254,,https://api.nasdaq.com/api/quote/UDOW/historical?assetclass=etf&fromdate=2016-07-26&todate=2026-07-26&limit=5000
UDOW,2023-02-14,30.53,31.075,29.695,30.41,6851926,,https://api.nasdaq.com/api/quote/UDOW/historical?assetclass=etf&fromdate=2016-07-26&todate=2026-07-26&limit=5000
UDOW,2023-02-15,29.965,30.555,29.755,30.55,3795762,,https://api.nasdaq.com/api/quote/UDOW/historical?assetclass=etf&fromdate=2016-07-26&todate=2026-07-26&limit=5000
UDOW,2023-02-16,29.675,30.315,29.36,29.4,6165794,,https://api.nasdaq.com/api/quote/UDOW/historical?assetclass=etf&fromdate=2016-07-26&todate=2026-07-26&limit=5000
UDOW,2023-02-17,29.085,29.785,28.9197,29.74,6253380,,https://api.nasdaq.com/api/quote/UDOW/historical?assetclass=etf&fromdate=2016-07-26&todate=2026-07-26&limit=5000
UDOW,2023-02-21,28.795,29.115,27.84,27.915,6494032,,https://api.nasdaq.com/api/quote/UDOW/historical?assetclass=etf&fromdate=2016-07-26&todate=2026-07-26&limit=5000
UDOW,2023-02-22,28.005,28.175,27.4153,27.705,8000014,,https://api.nasdaq.com/api/quote/UDOW/historical?assetclass=etf&fromdate=2016-07-26&todate=2026-07-26&limit=5000
UDOW,2023-02-23,28.015,28.215,27.03,27.94,8433708,,https://api.nasdaq.com/api/quote/UDOW/historical?assetclass=etf&fromdate=2016-07-26&todate=2026-07-26&limit=5000
UDOW,2023-02-24,26.975,27.3,26.615,27.055,8622372,,https://api.nasdaq.com/api/quote/UDOW/historical?assetclass=etf&fromdate=2016-07-26&todate=2026-07-26&limit=5000
UDOW,2023-02-27,27.67,27.99,27.0525,27.25,5888468,,https://api.nasdaq.com/api/quote/UDOW/historical?assetclass=etf&fromdate=2016-07-26&todate=2026-07-26&limit=5000
UDOW,2023-02-28,27.215,27.215,26.63,26.64,5973108,,https://api.nasdaq.com/api/quote/UDOW/historical?assetclass=etf&fromdate=2016-07-26&todate=2026-07-26&limit=5000
UDOW,2023-03-01,26.51,26.945,26.325,26.74,6620858,,https://api.nasdaq.com/api/quote/UDOW/historical?assetclass=etf&fromdate=2016-07-26&todate=2026-07-26&limit=5000
UDOW,2023-03-02,26.845,27.735,26.695,27.55,7047248,,https://api.nasdaq.com/api/quote/UDOW/historical?assetclass=etf&fromdate=2016-07-26&todate=2026-07-26&limit=5000
UDOW,2023-03-03,27.825,28.5449,27.53,28.49,6220348,,https://api.nasdaq.com/api/quote/UDOW/historical?assetclass=etf&fromdate=2016-07-26&todate=2026-07-26&limit=5000
UDOW,2023-03-06,28.585,28.965,28.475,28.605,7264432,,https://api.nasdaq.com/api/quote/UDOW/historical?assetclass=etf&fromdate=2016-07-26&todate=2026-07-26&limit=5000
UDOW,2023-03-07,28.5945,28.65,27.0602,27.14,11911882,,https://api.nasdaq.com/api/quote/UDOW/historical?assetclass=etf&fromdate=2016-07-26&todate=2026-07-26&limit=5000
UDOW,2023-03-08,27.13,27.245,26.531,27.015,8302512,,https://api.nasdaq.com/api/quote/UDOW/historical?assetclass=etf&fromdate=2016-07-26&todate=2026-07-26&limit=5000
UDOW,2023-03-09,27.28,27.455,25.47,25.655,8760848,,https://api.nasdaq.com/api/quote/UDOW/historical?assetclass=etf&fromdate=2016-07-26&todate=2026-07-26&limit=5000
UDOW,2023-03-10,25.5,26.055,24.525,24.85,15585582,,https://api.nasdaq.com/api/quote/UDOW/historical?assetclass=etf&fromdate=2016-07-26&todate=2026-07-26&limit=5000
UDOW,2023-03-13,24.13,25.625,24.115,24.65,12443344,,https://api.nasdaq.com/api/quote/UDOW/historical?assetclass=etf&fromdate=2016-07-26&todate=2026-07-26&limit=5000
UDOW,2023-03-14,25.39,25.74,24.58,25.4,7518600,,https://api.nasdaq.com/api/quote/UDOW/historical?assetclass=etf&fromdate=2016-07-26&todate=2026-07-26&limit=5000
UDOW,2023-03-15,24.11,24.8,23.665,24.745,12902088,,https://api.nasdaq.com/api/quote/UDOW/historical?assetclass=etf&fromdate=2016-07-26&todate=2026-07-26&limit=5000
UDOW,2023-03-16,24.28,25.66,24,25.6,9785358,,https://api.nasdaq.com/api/quote/UDOW/historical?assetclass=etf&fromdate=2016-07-26&todate=2026-07-26&limit=5000
UDOW,2023-03-17,25.18,25.27,24.335,24.65,10575224,,https://api.nasdaq.com/api/quote/UDOW/historical?assetclass=etf&fromdate=2016-07-26&todate=2026-07-26&limit=5000
UDOW,2023-03-20,24.835,25.63,24.835,25.535,6409074,,https://api.nasdaq.com/api/quote/UDOW/historical?assetclass=etf&fromdate=2016-07-26&todate=2026-07-26&limit=5000
UDOW,2023-03-21,26.26,26.3562,25.765,26.31,4910822,,https://api.nasdaq.com/api/quote/UDOW/historical?assetclass=etf&fromdate=2016-07-26&todate=2026-07-26&limit=5000
UDOW,2023-03-22,26.21,26.67,24.855,24.88,7344466,,https://api.nasdaq.com/api/quote/UDOW/historical?assetclass=etf&fromdate=2016-07-26&todate=2026-07-26&limit=5000
UDOW,2023-03-23,25.16,26,24.47,25,7999538,,https://api.nasdaq.com/api/quote/UDOW/historical?assetclass=etf&fromdate=2016-07-26&todate=2026-07-26&limit=5000
UDOW,2023-03-24,24.695,25.39,24.33,25.35,7320284,,https://api.nasdaq.com/api/quote/UDOW/historical?assetclass=etf&fromdate=2016-07-26&todate=2026-07-26&limit=5000
UDOW,2023-03-27,25.87,26.115,25.59,25.82,4712254,,https://api.nasdaq.com/api/quote/UDOW/historical?assetclass=etf&fromdate=2016-07-26&todate=2026-07-26&limit=5000
UDOW,2023-03-28,25.74,26.075,25.46,25.69,4627278,,https://api.nasdaq.com/api/quote/UDOW/historical?assetclass=etf&fromdate=2016-07-26&todate=2026-07-26&limit=5000
UDOW,2023-03-29,26.34,26.4825,26.035,26.455,5438084,,https://api.nasdaq.com/api/quote/UDOW/historical?assetclass=etf&fromdate=2016-07-26&todate=2026-07-26&limit=5000
UDOW,2023-03-30,26.875,26.895,26.3501,26.78,4668098,,https://api.nasdaq.com/api/quote/UDOW/historical?assetclass=etf&fromdate=2016-07-26&todate=2026-07-26&limit=5000
UDOW,2023-03-31,27.035,27.825,27.025,27.775,4468982,,https://api.nasdaq.com/api/quote/UDOW/historical?assetclass=etf&fromdate=2016-07-26&todate=2026-07-26&limit=5000
UDOW,2023-04-03,28.005,28.67,28,28.57,4888262,,https://api.nasdaq.com/api/quote/UDOW/historical?assetclass=etf&fromdate=2016-07-26&todate=2026-07-26&limit=5000
UDOW,2023-04-04,28.575,28.6725,27.7501,28.08,4033352,,https://api.nasdaq.com/api/quote/UDOW/historical?assetclass=etf&fromdate=2016-07-26&todate=2026-07-26&limit=5000
UDOW,2023-04-05,28.06,28.445,27.9999,28.265,5287926,,https://api.nasdaq.com/api/quote/UDOW/historical?assetclass=etf&fromdate=2016-07-26&todate=2026-07-26&limit=5000
UDOW,2023-04-06,28.11,28.38,27.87,28.265,4544788,,https://api.nasdaq.com/api/quote/UDOW/historical?assetclass=etf&fromdate=2016-07-26&todate=2026-07-26&limit=5000
UDOW,2023-04-10,28.055,28.5253,27.895,28.52,3172996,,https://api.nasdaq.com/api/quote/UDOW/historical?assetclass=etf&fromdate=2016-07-26&todate=2026-07-26&limit=5000
UDOW,2023-04-11,28.625,29.01,28.54,28.77,3209334,,https://api.nasdaq.com/api/quote/UDOW/historical?assetclass=etf&fromdate=2016-07-26&todate=2026-07-26&limit=5000
UDOW,2023-04-12,29.195,29.3,28.52,28.69,6153512,,https://api.nasdaq.com/api/quote/UDOW/historical?assetclass=etf&fromdate=2016-07-26&todate=2026-07-26&limit=5000
UDOW,2023-04-13,28.77,29.67,28.525,29.61,4804616,,https://api.nasdaq.com/api/quote/UDOW/historical?assetclass=etf&fromdate=2016-07-26&todate=2026-07-26&limit=5000
UDOW,2023-04-14,29.485,29.74,28.81,29.215,7839126,,https://api.nasdaq.com/api/quote/UDOW/historical?assetclass=etf&fromdate=2016-07-26&todate=2026-07-26&limit=5000
UDOW,2023-04-17,29.265,29.475,28.98,29.475,4050566,,https://api.nasdaq.com/api/quote/UDOW/historical?assetclass=etf&fromdate=2016-07-26&todate=2026-07-26&limit=5000
UDOW,2023-04-18,29.475,29.55,28.948,29.42,4700436,,https://api.nasdaq.com/api/quote/UDOW/historical?assetclass=etf&fromdate=2016-07-26&todate=2026-07-26&limit=5000
UDOW,2023-04-19,29.27,29.38,29.01,29.205,3308150,,https://api.nasdaq.com/api/quote/UDOW/historical?assetclass=etf&fromdate=2016-07-26&todate=2026-07-26&limit=5000
UDOW,2023-04-20,28.7905,29.1549,28.6307,28.94,4728376,,https://api.nasdaq.com/api/quote/UDOW/historical?assetclass=etf&fromdate=2016-07-26&todate=2026-07-26&limit=5000
UDOW,2023-04-21,29.08,29.12,28.67,29.005,4010994,,https://api.nasdaq.com/api/quote/UDOW/historical?assetclass=etf&fromdate=2016-07-26&todate=2026-07-26&limit=5000
UDOW,2023-04-24,28.93,29.195,28.765,29.175,2913050,,https://api.nasdaq.com/api/quote/UDOW/historical?assetclass=etf&fromdate=2016-07-26&todate=2026-07-26&limit=5000
UDOW,2023-04-25,29.01,29.13,28.225,28.285,4270120,,https://api.nasdaq.com/api/quote/UDOW/historical?assetclass=etf&fromdate=2016-07-26&todate=2026-07-26&limit=5000
UDOW,2023-04-26,28.31,28.535,27.495,27.665,5595674,,https://api.nasdaq.com/api/quote/UDOW/historical?assetclass=etf&fromdate=2016-07-26&todate=2026-07-26&limit=5000
UDOW,2023-04-27,27.96,29.0294,27.8525,28.935,4800750,,https://api.nasdaq.com/api/quote/UDOW/historical?assetclass=etf&fromdate=2016-07-26&todate=2026-07-26&limit=5000
UDOW,2023-04-28,28.69,29.6475,28.665,29.63,4727094,,https://api.nasdaq.com/api/quote/UDOW/historical?assetclass=etf&fromdate=2016-07-26&todate=2026-07-26&limit=5000
UDOW,2023-05-01,29.645,30.045,29.45,29.485,3720300,,https://api.nasdaq.com/api/quote/UDOW/historical?assetclass=etf&fromdate=2016-07-26&todate=2026-07-26&limit=5000
UDOW,2023-05-02,29.35,29.3699,27.885,28.54,6593094,,https://api.nasdaq.com/api/quote/UDOW/historical?assetclass=etf&fromdate=2016-07-26&todate=2026-07-26&limit=5000
UDOW,2023-05-03,28.61,28.885,27.795,27.845,4492276,,https://api.nasdaq.com/api/quote/UDOW/historical?assetclass=etf&fromdate=2016-07-26&todate=2026-07-26&limit=5000
UDOW,2023-05-04,27.605,27.695,26.63,27.12,8456720,,https://api.nasdaq.com/api/quote/UDOW/historical?assetclass=etf&fromdate=2016-07-26&todate=2026-07-26&limit=5000
UDOW,2023-05-05,27.805,28.625,27.7501,28.43,3324870,,https://api.nasdaq.com/api/quote/UDOW/historical?assetclass=etf&fromdate=2016-07-26&todate=2026-07-26&limit=5000
UDOW,2023-05-08,28.525,28.585,28.005,28.285,2311866,,https://api.nasdaq.com/api/quote/UDOW/historical?assetclass=etf&fromdate=2016-07-26&todate=2026-07-26&limit=5000
UDOW,2023-05-09,28.085,28.4025,28.02,28.17,2019600,,https://api.nasdaq.com/api/quote/UDOW/historical?assetclass=etf&fromdate=2016-07-26&todate=2026-07-26&limit=5000
UDOW,2023-05-10,28.565,28.69,27.3397,28.075,7517914,,https://api.nasdaq.com/api/quote/UDOW/historical?assetclass=etf&fromdate=2016-07-26&todate=2026-07-26&limit=5000
UDOW,2023-05-11,27.62,27.6617,27.055,27.5,5516954,,https://api.nasdaq.com/api/quote/UDOW/historical?assetclass=etf&fromdate=2016-07-26&todate=2026-07-26&limit=5000
UDOW,2023-05-12,27.775,27.78,27.015,27.475,5147272,,https://api.nasdaq.com/api/quote/UDOW/historical?assetclass=etf&fromdate=2016-07-26&todate=2026-07-26&limit=5000
UDOW,2023-05-15,27.535,27.725,27.135,27.615,3665350,,https://api.nasdaq.com/api/quote/UDOW/historical?assetclass=etf&fromdate=2016-07-26&todate=2026-07-26&limit=5000
UDOW,2023-05-16,27.34,27.43,26.7375,26.755,5401150,,https://api.nasdaq.com/api/quote/UDOW/historical?assetclass=etf&fromdate=2016-07-26&todate=2026-07-26&limit=5000
UDOW,2023-05-17,27.175,27.91,26.88,27.78,5634510,,https://api.nasdaq.com/api/quote/UDOW/historical?assetclass=etf&fromdate=2016-07-26&todate=2026-07-26&limit=5000
UDOW,2023-05-18,27.585,28.2,27.2907,28.11,5682210,,https://api.nasdaq.com/api/quote/UDOW/historical?assetclass=etf&fromdate=2016-07-26&todate=2026-07-26&limit=5000
UDOW,2023-05-19,28.255,28.38,27.58,27.815,5068802,,https://api.nasdaq.com/api/quote/UDOW/historical?assetclass=etf&fromdate=2016-07-26&todate=2026-07-26&limit=5000
UDOW,2023-05-22,27.805,28.045,27.27,27.485,4316992,,https://api.nasdaq.com/api/quote/UDOW/historical?assetclass=etf&fromdate=2016-07-26&todate=2026-07-26&limit=5000
UDOW,2023-05-23,27.2,27.525,26.775,26.905,5685754,,https://api.nasdaq.com/api/quote/UDOW/historical?assetclass=etf&fromdate=2016-07-26&todate=2026-07-26&limit=5000
UDOW,2023-05-24,26.75,26.81,26.1376,26.27,4739728,,https://api.nasdaq.com/api/quote/UDOW/historical?assetclass=etf&fromdate=2016-07-26&todate=2026-07-26&limit=5000
UDOW,2023-05-25,26.24,26.3975,25.705,26.145,6387452,,https://api.nasdaq.com/api/quote/UDOW/historical?assetclass=etf&fromdate=2016-07-26&todate=2026-07-26&limit=5000
UDOW,2023-05-26,26.26,27.08,26.2,26.895,5583270,,https://api.nasdaq.com/api/quote/UDOW/historical?assetclass=etf&fromdate=2016-07-26&todate=2026-07-26&limit=5000
UDOW,2023-05-30,26.875,27,26.415,26.795,7041286,,https://api.nasdaq.com/api/quote/UDOW/historical?assetclass=etf&fromdate=2016-07-26&todate=2026-07-26&limit=5000
UDOW,2023-05-31,26.535,26.7151,26.115,26.565,4951684,,https://api.nasdaq.com/api/quote/UDOW/historical?assetclass=etf&fromdate=2016-07-26&todate=2026-07-26&limit=5000
UDOW,2023-06-01,26.395,27.12,25.995,26.87,6938858,,https://api.nasdaq.com/api/quote/UDOW/historical?assetclass=etf&fromdate=2016-07-26&todate=2026-07-26&limit=5000
UDOW,2023-06-02,27.425,28.705,27.3898,28.59,8836744,,https://api.nasdaq.com/api/quote/UDOW/historical?assetclass=etf&fromdate=2016-07-26&todate=2026-07-26&limit=5000
UDOW,2023-06-05,28.625,28.69,28.055,28.095,4689360,,https://api.nasdaq.com/api/quote/UDOW/historical?assetclass=etf&fromdate=2016-07-26&todate=2026-07-26&limit=5000
UDOW,2023-06-06,28.045,28.245,27.6733,28.11,6884454,,https://api.nasdaq.com/api/quote/UDOW/historical?assetclass=etf&fromdate=2016-07-26&todate=2026-07-26&limit=5000
UDOW,2023-06-07,28.19,28.43,28.025,28.355,5246984,,https://api.nasdaq.com/api/quote/UDOW/historical?assetclass=etf&fromdate=2016-07-26&todate=2026-07-26&limit=5000
UDOW,2023-06-08,28.315,28.845,28.2,28.71,4253074,,https://api.nasdaq.com/api/quote/UDOW/historical?assetclass=etf&fromdate=2016-07-26&todate=2026-07-26&limit=5000
UDOW,2023-06-09,28.65,29.085,28.59,28.845,5425650,,https://api.nasdaq.com/api/quote/UDOW/historical?assetclass=etf&fromdate=2016-07-26&todate=2026-07-26&limit=5000
UDOW,2023-06-12,28.95,29.335,28.815,29.305,3137186,,https://api.nasdaq.com/api/quote/UDOW/historical?assetclass=etf&fromdate=2016-07-26&todate=2026-07-26&limit=5000
UDOW,2023-06-13,29.45,29.935,29.41,29.66,5503334,,https://api.nasdaq.com/api/quote/UDOW/historical?assetclass=etf&fromdate=2016-07-26&todate=2026-07-26&limit=5000
UDOW,2023-06-14,29.34,29.515,28.5563,29.08,7351756,,https://api.nasdaq.com/api/quote/UDOW/historical?assetclass=etf&fromdate=2016-07-26&todate=2026-07-26&limit=5000
UDOW,2023-06-15,29.04,30.37,28.985,30.185,6045228,,https://api.nasdaq.com/api/quote/UDOW/historical?assetclass=etf&fromdate=2016-07-26&todate=2026-07-26&limit=5000
UDOW,2023-06-16,30.515,30.605,29.825,29.89,4192464,,https://api.nasdaq.com/api/quote/UDOW/historical?assetclass=etf&fromdate=2016-07-26&todate=2026-07-26&limit=5000
UDOW,2023-06-20,29.455,29.515,28.84,29.24,5418128,,https://api.nasdaq.com/api/quote/UDOW/historical?assetclass=etf&fromdate=2016-07-26&todate=2026-07-26&limit=5000
UDOW,2023-06-21,28.88,29.2175,28.645,28.85,3718998,,https://api.nasdaq.com/api/quote/UDOW/historical?assetclass=etf&fromdate=2016-07-26&todate=2026-07-26&limit=5000
UDOW,2023-06-22,28.68,28.9475,28.505,28.795,3418154,,https://api.nasdaq.com/api/quote/UDOW/historical?assetclass=etf&fromdate=2016-07-26&todate=2026-07-26&limit=5000
UDOW,2023-06-23,28.22,28.485,27.995,28.225,3978908,,https://api.nasdaq.com/api/quote/UDOW/historical?assetclass=etf&fromdate=2016-07-26&todate=2026-07-26&limit=5000
UDOW,2023-06-26,28.13,28.4484,27.915,28.21,4059126,,https://api.nasdaq.com/api/quote/UDOW/historical?assetclass=etf&fromdate=2016-07-26&todate=2026-07-26&limit=5000
UDOW,2023-06-27,28.195,28.8267,28.1925,28.695,4656844,,https://api.nasdaq.com/api/quote/UDOW/historical?assetclass=etf&fromdate=2016-07-26&todate=2026-07-26&limit=5000
UDOW,2023-06-28,28.595,28.64,28.26,28.575,4821000,,https://api.nasdaq.com/api/quote/UDOW/historical?assetclass=etf&fromdate=2016-07-26&todate=2026-07-26&limit=5000
UDOW,2023-06-29,28.48,29.23,28.405,29.165,5505114,,https://api.nasdaq.com/api/quote/UDOW/historical?assetclass=etf&fromdate=2016-07-26&todate=2026-07-26&limit=5000
UDOW,2023-06-30,29.69,30.025,29.56,29.835,3800470,,https://api.nasdaq.com/api/quote/UDOW/historical?assetclass=etf&fromdate=2016-07-26&todate=2026-07-26&limit=5000
UDOW,2023-07-03,29.605,30.005,29.55,29.865,1856982,,https://api.nasdaq.com/api/quote/UDOW/historical?assetclass=etf&fromdate=2016-07-26&todate=2026-07-26&limit=5000
UDOW,2023-07-05,29.45,29.79,29.41,29.555,2998462,,https://api.nasdaq.com/api/quote/UDOW/historical?assetclass=etf&fromdate=2016-07-26&todate=2026-07-26&limit=5000
UDOW,2023-07-06,28.845,29.015,28.2,28.595,5188020,,https://api.nasdaq.com/api/quote/UDOW/historical?assetclass=etf&fromdate=2016-07-26&todate=2026-07-26&limit=5000
UDOW,2023-07-07,28.265,28.875,28.0651,28.135,4755682,,https://api.nasdaq.com/api/quote/UDOW/historical?assetclass=etf&fromdate=2016-07-26&todate=2026-07-26&limit=5000
UDOW,2023-07-10,28.095,28.674,28.06,28.645,4449010,,https://api.nasdaq.com/api/quote/UDOW/historical?assetclass=etf&fromdate=2016-07-26&todate=2026-07-26&limit=5000
UDOW,2023-07-11,28.945,29.49,28.74,29.405,4375112,,https://api.nasdaq.com/api/quote/UDOW/historical?assetclass=etf&fromdate=2016-07-26&todate=2026-07-26&limit=5000
UDOW,2023-07-12,30,30.2449,29.5355,29.665,5921888,,https://api.nasdaq.com/api/quote/UDOW/historical?assetclass=etf&fromdate=2016-07-26&todate=2026-07-26&limit=5000
UDOW,2023-07-13,29.81,29.96,29.65,29.715,4056714,,https://api.nasdaq.com/api/quote/UDOW/historical?assetclass=etf&fromdate=2016-07-26&todate=2026-07-26&limit=5000
UDOW,2023-07-14,30.17,30.22,29.855,30.015,5644202,,https://api.nasdaq.com/api/quote/UDOW/historical?assetclass=etf&fromdate=2016-07-26&todate=2026-07-26&limit=5000
UDOW,2023-07-17,29.86,30.405,29.76,30.17,3065122,,https://api.nasdaq.com/api/quote/UDOW/historical?assetclass=etf&fromdate=2016-07-26&todate=2026-07-26&limit=5000
UDOW,2023-07-18,30.135,31.2449,30.02,31.145,5947110,,https://api.nasdaq.com/api/quote/UDOW/historical?assetclass=etf&fromdate=2016-07-26&todate=2026-07-26&limit=5000
UDOW,2023-07-19,31.355,31.9112,31.355,31.44,5214258,,https://api.nasdaq.com/api/quote/UDOW/historical?assetclass=etf&fromdate=2016-07-26&todate=2026-07-26&limit=5000
UDOW,2023-07-20,31.615,32.27,31.595,31.87,6374920,,https://api.nasdaq.com/api/quote/UDOW/historical?assetclass=etf&fromdate=2016-07-26&todate=2026-07-26&limit=5000
UDOW,2023-07-21,32.04,32.1823,31.745,31.865,4554332,,https://api.nasdaq.com/api/quote/UDOW/historical?assetclass=etf&fromdate=2016-07-26&todate=2026-07-26&limit=5000
UDOW,2023-07-24,31.995,32.51,31.96,32.365,3957070,,https://api.nasdaq.com/api/quote/UDOW/historical?assetclass=etf&fromdate=2016-07-26&todate=2026-07-26&limit=5000
UDOW,2023-07-25,32.28,32.665,32.23,32.425,3219378,,https://api.nasdaq.com/api/quote/UDOW/historical?assetclass=etf&fromdate=2016-07-26&todate=2026-07-26&limit=5000
UDOW,2023-07-26,32.075,32.96,32.075,32.655,4878292,,https://api.nasdaq.com/api/quote/UDOW/historical?assetclass=etf&fromdate=2016-07-26&todate=2026-07-26&limit=5000
UDOW,2023-07-27,32.82,32.945,31.7575,31.97,7110168,,https://api.nasdaq.com/api/quote/UDOW/historical?assetclass=etf&fromdate=2016-07-26&todate=2026-07-26&limit=5000
UDOW,2023-07-28,32.405,32.705,32.125,32.4,5370768,,https://api.nasdaq.com/api/quote/UDOW/historical?assetclass=etf&fromdate=2016-07-26&todate=2026-07-26&limit=5000
UDOW,2023-07-31,32.425,32.705,32.32,32.7,3747962,,https://api.nasdaq.com/api/quote/UDOW/historical?assetclass=etf&fromdate=2016-07-26&todate=2026-07-26&limit=5000
UDOW,2023-08-01,32.602,33,32.565,32.845,4614370,,https://api.nasdaq.com/api/quote/UDOW/historical?assetclass=etf&fromdate=2016-07-26&todate=2026-07-26&limit=5000
UDOW,2023-08-02,32.365,32.5699,31.72,31.885,6085406,,https://api.nasdaq.com/api/quote/UDOW/historical?assetclass=etf&fromdate=2016-07-26&todate=2026-07-26&limit=5000
UDOW,2023-08-03,31.545,32.034,31.4125,31.645,4998676,,https://api.nasdaq.com/api/quote/UDOW/historical?assetclass=etf&fromdate=2016-07-26&todate=2026-07-26&limit=5000
UDOW,2023-08-04,31.945,32.445,31.16,31.275,7154556,,https://api.nasdaq.com/api/quote/UDOW/historical?assetclass=etf&fromdate=2016-07-26&todate=2026-07-26&limit=5000
UDOW,2023-08-07,31.63,32.3975,31.6,32.325,4494934,,https://api.nasdaq.com/api/quote/UDOW/historical?assetclass=etf&fromdate=2016-07-26&todate=2026-07-26&limit=5000
UDOW,2023-08-08,31.72,31.9735,31.04,31.88,6366534,,https://api.nasdaq.com/api/quote/UDOW/historical?assetclass=etf&fromdate=2016-07-26&todate=2026-07-26&limit=5000
UDOW,2023-08-09,31.845,32.0451,31.205,31.4,5805782,,https://api.nasdaq.com/api/quote/UDOW/historical?assetclass=etf&fromdate=2016-07-26&todate=2026-07-26&limit=5000
UDOW,2023-08-10,31.88,32.605,31.345,31.555,8573260,,https://api.nasdaq.com/api/quote/UDOW/historical?assetclass=etf&fromdate=2016-07-26&todate=2026-07-26&limit=5000
UDOW,2023-08-11,31.335,32.005,31.175,31.83,6538406,,https://api.nasdaq.com/api/quote/UDOW/historical?assetclass=etf&fromdate=2016-07-26&todate=2026-07-26&limit=5000
UDOW,2023-08-14,31.725,31.9383,31.4701,31.855,4244922,,https://api.nasdaq.com/api/quote/UDOW/historical?assetclass=etf&fromdate=2016-07-26&todate=2026-07-26&limit=5000
UDOW,2023-08-15,31.435,31.525,30.76,30.895,6661786,,https://api.nasdaq.com/api/quote/UDOW/historical?assetclass=etf&fromdate=2016-07-26&todate=2026-07-26&limit=5000
UDOW,2023-08-16,30.78,31.3655,30.3575,30.38,6448398,,https://api.nasdaq.com/api/quote/UDOW/historical?assetclass=etf&fromdate=2016-07-26&todate=2026-07-26&limit=5000
UDOW,2023-08-17,30.6,30.745,29.565,29.63,6603158,,https://api.nasdaq.com/api/quote/UDOW/historical?assetclass=etf&fromdate=2016-07-26&todate=2026-07-26&limit=5000
UDOW,2023-08-18,29.225,29.975,29.1366,29.78,6598382,,https://api.nasdaq.com/api/quote/UDOW/historical?assetclass=etf&fromdate=2016-07-26&todate=2026-07-26&limit=5000
UDOW,2023-08-21,29.825,29.92,29.0799,29.65,5546694,,https://api.nasdaq.com/api/quote/UDOW/historical?assetclass=etf&fromdate=2016-07-26&todate=2026-07-26&limit=5000
UDOW,2023-08-22,29.65,29.755,29.085,29.2,6591328,,https://api.nasdaq.com/api/quote/UDOW/historical?assetclass=etf&fromdate=2016-07-26&todate=2026-07-26&limit=5000
UDOW,2023-08-23,29.315,29.795,29.245,29.64,6918474,,https://api.nasdaq.com/api/quote/UDOW/historical?assetclass=etf&fromdate=2016-07-26&todate=2026-07-26&limit=5000
UDOW,2023-08-24,29.47,30.175,28.63,28.635,6776850,,https://api.nasdaq.com/api/quote/UDOW/historical?assetclass=etf&fromdate=2016-07-26&todate=2026-07-26&limit=5000
UDOW,2023-08-25,28.995,29.52,28.46,29.255,9760402,,https://api.nasdaq.com/api/quote/UDOW/historical?assetclass=etf&fromdate=2016-07-26&todate=2026-07-26&limit=5000
UDOW,2023-08-28,29.675,30.05,29.5,29.81,5049450,,https://api.nasdaq.com/api/quote/UDOW/historical?assetclass=etf&fromdate=2016-07-26&todate=2026-07-26&limit=5000
UDOW,2023-08-29,29.755,30.58,29.72,30.545,5104798,,https://api.nasdaq.com/api/quote/UDOW/historical?assetclass=etf&fromdate=2016-07-26&todate=2026-07-26&limit=5000
UDOW,2023-08-30,30.685,31.095,30.515,30.755,4144468,,https://api.nasdaq.com/api/quote/UDOW/historical?assetclass=etf&fromdate=2016-07-26&todate=2026-07-26&limit=5000
UDOW,2023-08-31,31.09,31.2,30.265,30.28,4482168,,https://api.nasdaq.com/api/quote/UDOW/historical?assetclass=etf&fromdate=2016-07-26&todate=2026-07-26&limit=5000
UDOW,2023-09-01,30.805,30.9402,30.26,30.59,4307196,,https://api.nasdaq.com/api/quote/UDOW/historical?assetclass=etf&fromdate=2016-07-26&todate=2026-07-26&limit=5000
UDOW,2023-09-05,30.585,30.64,30.02,30.04,3172052,,https://api.nasdaq.com/api/quote/UDOW/historical?assetclass=etf&fromdate=2016-07-26&todate=2026-07-26&limit=5000
UDOW,2023-09-06,29.9,29.9,29.1125,29.505,4164078,,https://api.nasdaq.com/api/quote/UDOW/historical?assetclass=etf&fromdate=2016-07-26&todate=2026-07-26&limit=5000
UDOW,2023-09-07,29.34,29.8,29.315,29.65,3731432,,https://api.nasdaq.com/api/quote/UDOW/historical?assetclass=etf&fromdate=2016-07-26&todate=2026-07-26&limit=5000
UDOW,2023-09-08,29.67,29.995,29.595,29.855,4119388,,https://api.nasdaq.com/api/quote/UDOW/historical?assetclass=etf&fromdate=2016-07-26&todate=2026-07-26&limit=5000
UDOW,2023-09-11,30.24,30.3875,29.8494,30.095,3089046,,https://api.nasdaq.com/api/quote/UDOW/historical?assetclass=etf&fromdate=2016-07-26&todate=2026-07-26&limit=5000
UDOW,2023-09-12,29.87,30.565,29.8,30.01,3443894,,https://api.nasdaq.com/api/quote/UDOW/historical?assetclass=etf&fromdate=2016-07-26&todate=2026-07-26&limit=5000
UDOW,2023-09-13,30.09,30.35,29.6452,29.835,2768534,,https://api.nasdaq.com/api/quote/UDOW/historical?assetclass=etf&fromdate=2016-07-26&todate=2026-07-26&limit=5000
UDOW,2023-09-14,30.36,30.86,30.105,30.685,3447088,,https://api.nasdaq.com/api/quote/UDOW/historical?assetclass=etf&fromdate=2016-07-26&todate=2026-07-26&limit=5000
UDOW,2023-09-15,30.46,30.625,29.775,29.89,4137916,,https://api.nasdaq.com/api/quote/UDOW/historical?assetclass=etf&fromdate=2016-07-26&todate=2026-07-26&limit=5000
UDOW,2023-09-18,29.93,30.1595,29.68,29.91,2888476,,https://api.nasdaq.com/api/quote/UDOW/historical?assetclass=etf&fromdate=2016-07-26&todate=2026-07-26&limit=5000
UDOW,2023-09-19,29.715,29.805,29.075,29.63,3770362,,https://api.nasdaq.com/api/quote/UDOW/historical?assetclass=etf&fromdate=2016-07-26&todate=2026-07-26&limit=5000
UDOW,2023-09-20,29.79,30.185,29.305,29.34,3991058,,https://api.nasdaq.com/api/quote/UDOW/historical?assetclass=etf&fromdate=2016-07-26&todate=2026-07-26&limit=5000
UDOW,2023-09-21,29.005,29.125,28.3175,28.34,4330624,,https://api.nasdaq.com/api/quote/UDOW/historical?assetclass=etf&fromdate=2016-07-26&todate=2026-07-26&limit=5000
UDOW,2023-09-22,28.36,28.5495,28.025,28.08,5114660,,https://api.nasdaq.com/api/quote/UDOW/historical?assetclass=etf&fromdate=2016-07-26&todate=2026-07-26&limit=5000
UDOW,2023-09-25,27.845,28.195,27.6075,28.19,3094074,,https://api.nasdaq.com/api/quote/UDOW/historical?assetclass=etf&fromdate=2016-07-26&todate=2026-07-26&limit=5000
UDOW,2023-09-26,27.65,27.85,27.0625,27.19,4891672,,https://api.nasdaq.com/api/quote/UDOW/historical?assetclass=etf&fromdate=2016-07-26&todate=2026-07-26&limit=5000
UDOW,2023-09-27,27.375,27.44,26.42,27.03,6761234,,https://api.nasdaq.com/api/quote/UDOW/historical?assetclass=etf&fromdate=2016-07-26&todate=2026-07-26&limit=5000
UDOW,2023-09-28,26.97,27.535,26.79,27.27,5634876,,https://api.nasdaq.com/api/quote/UDOW/historical?assetclass=etf&fromdate=2016-07-26&todate=2026-07-26&limit=5000
UDOW,2023-09-29,27.7855,27.81,26.615,26.89,7719704,,https://api.nasdaq.com/api/quote/UDOW/historical?assetclass=etf&fromdate=2016-07-26&todate=2026-07-26&limit=5000
UDOW,2023-10-02,26.695,26.87,26.17,26.67,6387888,,https://api.nasdaq.com/api/quote/UDOW/historical?assetclass=etf&fromdate=2016-07-26&todate=2026-07-26&limit=5000
UDOW,2023-10-03,26.34,26.5875,25.4349,25.655,8768026,,https://api.nasdaq.com/api/quote/UDOW/historical?assetclass=etf&fromdate=2016-07-26&todate=2026-07-26&limit=5000
UDOW,2023-10-04,25.685,25.985,25.325,25.895,5598656,,https://api.nasdaq.com/api/quote/UDOW/historical?assetclass=etf&fromdate=2016-07-26&todate=2026-07-26&limit=5000
UDOW,2023-10-05,25.81,26.025,25.47,25.9,4362478,,https://api.nasdaq.com/api/quote/UDOW/historical?assetclass=etf&fromdate=2016-07-26&todate=2026-07-26&limit=5000
UDOW,2023-10-06,25.685,26.92,25.25,26.555,8228510,,https://api.nasdaq.com/api/quote/UDOW/historical?assetclass=etf&fromdate=2016-07-26&todate=2026-07-26&limit=5000
UDOW,2023-10-09,26.29,27.11,26.2,27.035,6848662,,https://api.nasdaq.com/api/quote/UDOW/historical?assetclass=etf&fromdate=2016-07-26&todate=2026-07-26&limit=5000
UDOW,2023-10-10,27.31,27.73,27.015,27.35,5287386,,https://api.nasdaq.com/api/quote/UDOW/historical?assetclass=etf&fromdate=2016-07-26&todate=2026-07-26&limit=5000
UDOW,2023-10-11,27.525,27.675,27.03,27.485,4349678,,https://api.nasdaq.com/api/quote/UDOW/historical?assetclass=etf&fromdate=2016-07-26&todate=2026-07-26&limit=5000
UDOW,2023-10-12,27.625,27.635,26.615,27.05,5419592,,https://api.nasdaq.com/api/quote/UDOW/historical?assetclass=etf&fromdate=2016-07-26&todate=2026-07-26&limit=5000
UDOW,2023-10-13,27.305,27.8225,26.835,27.145,6455164,,https://api.nasdaq.com/api/quote/UDOW/historical?assetclass=etf&fromdate=2016-07-26&todate=2026-07-26&limit=5000
UDOW,2023-10-16,27.61,28.1256,27.525,27.875,4702122,,https://api.nasdaq.com/api/quote/UDOW/historical?assetclass=etf&fromdate=2016-07-26&todate=2026-07-26&limit=5000
UDOW,2023-10-17,27.49,28.2686,27.49,27.905,5078134,,https://api.nasdaq.com/api/quote/UDOW/historical?assetclass=etf&fromdate=2016-07-26&todate=2026-07-26&limit=5000
UDOW,2023-10-18,27.805,27.88,26.905,27.09,7331058,,https://api.nasdaq.com/api/quote/UDOW/historical?assetclass=etf&fromdate=2016-07-26&todate=2026-07-26&limit=5000
UDOW,2023-10-19,27.065,27.505,26.335,26.415,10842756,,https://api.nasdaq.com/api/quote/UDOW/historical?assetclass=etf&fromdate=2016-07-26&todate=2026-07-26&limit=5000
UDOW,2023-10-20,26.285,26.48,25.76,25.775,6511558,,https://api.nasdaq.com/api/quote/UDOW/historical?assetclass=etf&fromdate=2016-07-26&todate=2026-07-26&limit=5000
UDOW,2023-10-23,25.455,26.02,25.215,25.32,5146032,,https://api.nasdaq.com/api/quote/UDOW/historical?assetclass=etf&fromdate=2016-07-26&todate=2026-07-26&limit=5000
UDOW,2023-10-24,25.695,26.085,25.435,25.8,3780882,,https://api.nasdaq.com/api/quote/UDOW/historical?assetclass=etf&fromdate=2016-07-26&todate=2026-07-26&limit=5000
UDOW,2023-10-25,25.985,26.075,25.415,25.555,4777926,,https://api.nasdaq.com/api/quote/UDOW/historical?assetclass=etf&fromdate=2016-07-26&todate=2026-07-26&limit=5000
UDOW,2023-10-26,25.475,25.6583,24.815,24.925,8115188,,https://api.nasdaq.com/api/quote/UDOW/historical?assetclass=etf&fromdate=2016-07-26&todate=2026-07-26&limit=5000
UDOW,2023-10-27,24.92,24.925,23.86,24.075,7411908,,https://api.nasdaq.com/api/quote/UDOW/historical?assetclass=etf&fromdate=2016-07-26&todate=2026-07-26&limit=5000
UDOW,2023-10-30,24.565,25.365,24.555,25.21,6336800,,https://api.nasdaq.com/api/quote/UDOW/historical?assetclass=etf&fromdate=2016-07-26&todate=2026-07-26&limit=5000
UDOW,2023-10-31,25.15,25.515,24.865,25.46,5497544,,https://api.nasdaq.com/api/quote/UDOW/historical?assetclass=etf&fromdate=2016-07-26&todate=2026-07-26&limit=5000
UDOW,2023-11-01,25.56,26.12,25.37,25.98,6617346,,https://api.nasdaq.com/api/quote/UDOW/historical?assetclass=etf&fromdate=2016-07-26&todate=2026-07-26&limit=5000
UDOW,2023-11-02,26.435,27.305,26.35,27.29,6719520,,https://api.nasdaq.com/api/quote/UDOW/historical?assetclass=etf&fromdate=2016-07-26&todate=2026-07-26&limit=5000
UDOW,2023-11-03,27.66,28.04,27.51,27.79,4818156,,https://api.nasdaq.com/api/quote/UDOW/historical?assetclass=etf&fromdate=2016-07-26&todate=2026-07-26&limit=5000
UDOW,2023-11-06,27.855,28.045,27.6159,27.88,4302840,,https://api.nasdaq.com/api/quote/UDOW/historical?assetclass=etf&fromdate=2016-07-26&todate=2026-07-26&limit=5000
UDOW,2023-11-07,27.81,28.135,27.705,28.005,3712168,,https://api.nasdaq.com/api/quote/UDOW/historical?assetclass=etf&fromdate=2016-07-26&todate=2026-07-26&limit=5000
UDOW,2023-11-08,28.13,28.255,27.615,27.89,3443000,,https://api.nasdaq.com/api/quote/UDOW/historical?assetclass=etf&fromdate=2016-07-26&todate=2026-07-26&limit=5000
UDOW,2023-11-09,28.09,28.09,27.29,27.37,5266840,,https://api.nasdaq.com/api/quote/UDOW/historical?assetclass=etf&fromdate=2016-07-26&todate=2026-07-26&limit=5000
UDOW,2023-11-10,27.7705,28.3775,27.405,28.305,4319826,,https://api.nasdaq.com/api/quote/UDOW/historical?assetclass=etf&fromdate=2016-07-26&todate=2026-07-26&limit=5000
UDOW,2023-11-13,28.15,28.6126,28.11,28.425,3538142,,https://api.nasdaq.com/api/quote/UDOW/historical?assetclass=etf&fromdate=2016-07-26&todate=2026-07-26&limit=5000
UDOW,2023-11-14,29.38,29.9095,29.205,29.635,4800132,,https://api.nasdaq.com/api/quote/UDOW/historical?assetclass=etf&fromdate=2016-07-26&todate=2026-07-26&limit=5000
UDOW,2023-11-15,29.825,30.225,29.765,30.085,3422396,,https://api.nasdaq.com/api/quote/UDOW/historical?assetclass=etf&fromdate=2016-07-26&todate=2026-07-26&limit=5000
UDOW,2023-11-16,29.89,30.204,29.67,30,4779390,,https://api.nasdaq.com/api/quote/UDOW/historical?assetclass=etf&fromdate=2016-07-26&todate=2026-07-26&limit=5000
UDOW,2023-11-17,30.1145,30.22,29.84,30.02,2796616,,https://api.nasdaq.com/api/quote/UDOW/historical?assetclass=etf&fromdate=2016-07-26&todate=2026-07-26&limit=5000
UDOW,2023-11-20,29.925,30.73,29.92,30.55,3081352,,https://api.nasdaq.com/api/quote/UDOW/historical?assetclass=etf&fromdate=2016-07-26&todate=2026-07-26&limit=5000
UDOW,2023-11-21,30.425,30.445,30.225,30.365,2645894,,https://api.nasdaq.com/api/quote/UDOW/historical?assetclass=etf&fromdate=2016-07-26&todate=2026-07-26&limit=5000
UDOW,2023-11-22,30.595,30.91,30.495,30.8,3873176,,https://api.nasdaq.com/api/quote/UDOW/historical?assetclass=etf&fromdate=2016-07-26&todate=2026-07-26&limit=5000
UDOW,2023-11-24,30.9,31.1151,30.88,31.08,1601426,,https://api.nasdaq.com/api/quote/UDOW/historical?assetclass=etf&fromdate=2016-07-26&todate=2026-07-26&limit=5000
UDOW,2023-11-27,31.01,31.155,30.8,30.945,3229220,,https://api.nasdaq.com/api/quote/UDOW/historical?assetclass=etf&fromdate=2016-07-26&todate=2026-07-26&limit=5000
UDOW,2023-11-28,30.97,31.4025,30.865,31.14,4067430,,https://api.nasdaq.com/api/quote/UDOW/historical?assetclass=etf&fromdate=2016-07-26&todate=2026-07-26&limit=5000
UDOW,2023-11-29,31.35,31.655,31.195,31.255,4586938,,https://api.nasdaq.com/api/quote/UDOW/historical?assetclass=etf&fromdate=2016-07-26&todate=2026-07-26&limit=5000
UDOW,2023-11-30,31.775,32.695,31.7099,32.62,7214518,,https://api.nasdaq.com/api/quote/UDOW/historical?assetclass=etf&fromdate=2016-07-26&todate=2026-07-26&limit=5000
UDOW,2023-12-01,32.635,33.525,32.6,33.445,7873848,,https://api.nasdaq.com/api/quote/UDOW/historical?assetclass=etf&fromdate=2016-07-26&todate=2026-07-26&limit=5000
UDOW,2023-12-04,32.92,33.435,32.9,33.34,5050270,,https://api.nasdaq.com/api/quote/UDOW/historical?assetclass=etf&fromdate=2016-07-26&todate=2026-07-26&limit=5000
UDOW,2023-12-05,33.105,33.2229,32.795,33.15,5304626,,https://api.nasdaq.com/api/quote/UDOW/historical?assetclass=etf&fromdate=2016-07-26&todate=2026-07-26&limit=5000
UDOW,2023-12-06,33.355,33.58,32.82,32.9,5854426,,https://api.nasdaq.com/api/quote/UDOW/historical?assetclass=etf&fromdate=2016-07-26&todate=2026-07-26&limit=5000
UDOW,2023-12-07,33.085,33.2049,32.815,33.055,4734290,,https://api.nasdaq.com/api/quote/UDOW/historical?assetclass=etf&fromdate=2016-07-26&todate=2026-07-26&limit=5000
UDOW,2023-12-08,33.025,33.555,32.925,33.385,6756684,,https://api.nasdaq.com/api/quote/UDOW/historical?assetclass=etf&fromdate=2016-07-26&todate=2026-07-26&limit=5000
UDOW,2023-12-11,33.495,33.87,33.3475,33.82,5129506,,https://api.nasdaq.com/api/quote/UDOW/historical?assetclass=etf&fromdate=2016-07-26&todate=2026-07-26&limit=5000
UDOW,2023-12-12,34.01,34.365,33.735,34.29,4512112,,https://api.nasdaq.com/api/quote/UDOW/historical?assetclass=etf&fromdate=2016-07-26&todate=2026-07-26&limit=5000
UDOW,2023-12-13,34.325,35.75,34.165,35.725,7519870,,https://api.nasdaq.com/api/quote/UDOW/historical?assetclass=etf&fromdate=2016-07-26&todate=2026-07-26&limit=5000
UDOW,2023-12-14,36.025,36.3,35.605,36.195,9162710,,https://api.nasdaq.com/api/quote/UDOW/historical?assetclass=etf&fromdate=2016-07-26&todate=2026-07-26&limit=5000
UDOW,2023-12-15,35.965,36.45,35.85,36.2,9143084,,https://api.nasdaq.com/api/quote/UDOW/historical?assetclass=etf&fromdate=2016-07-26&todate=2026-07-26&limit=5000
UDOW,2023-12-18,36.41,36.575,36.255,36.305,5644958,,https://api.nasdaq.com/api/quote/UDOW/historical?assetclass=etf&fromdate=2016-07-26&todate=2026-07-26&limit=5000
UDOW,2023-12-19,36.38,37.055,36.34,37.02,4349178,,https://api.nasdaq.com/api/quote/UDOW/historical?assetclass=etf&fromdate=2016-07-26&todate=2026-07-26&limit=5000
UDOW,2023-12-20,36.7,37.2,35.5175,35.555,5584570,,https://api.nasdaq.com/api/quote/UDOW/historical?assetclass=etf&fromdate=2016-07-26&todate=2026-07-26&limit=5000
UDOW,2023-12-21,36.095,36.47,35.62,36.425,5666378,,https://api.nasdaq.com/api/quote/UDOW/historical?assetclass=etf&fromdate=2016-07-26&todate=2026-07-26&limit=5000
UDOW,2023-12-22,36.32,36.805,36.01,36.405,5987530,,https://api.nasdaq.com/api/quote/UDOW/historical?assetclass=etf&fromdate=2016-07-26&todate=2026-07-26&limit=5000
UDOW,2023-12-26,36.315,37.0225,36.285,36.805,3221748,,https://api.nasdaq.com/api/quote/UDOW/historical?assetclass=etf&fromdate=2016-07-26&todate=2026-07-26&limit=5000
UDOW,2023-12-27,36.715,37.21,36.615,37.14,6184510,,https://api.nasdaq.com/api/quote/UDOW/historical?assetclass=etf&fromdate=2016-07-26&todate=2026-07-26&limit=5000
UDOW,2023-12-28,37.045,37.425,37.045,37.25,4618930,,https://api.nasdaq.com/api/quote/UDOW/historical?assetclass=etf&fromdate=2016-07-26&todate=2026-07-26&limit=5000
UDOW,2023-12-29,37.205,37.345,36.695,37.18,7045722,,https://api.nasdaq.com/api/quote/UDOW/historical?assetclass=etf&fromdate=2016-07-26&todate=2026-07-26&limit=5000
UDOW,2024-01-02,36.555,37.425,36.55,37.22,6214846,,https://api.nasdaq.com/api/quote/UDOW/historical?assetclass=etf&fromdate=2016-07-26&todate=2026-07-26&limit=5000
UDOW,2024-01-03,36.79,36.91,36.26,36.355,8670404,,https://api.nasdaq.com/api/quote/UDOW/historical?assetclass=etf&fromdate=2016-07-26&todate=2026-07-26&limit=5000
UDOW,2024-01-04,36.505,37.19,36.37,36.425,7249666,,https://api.nasdaq.com/api/quote/UDOW/historical?assetclass=etf&fromdate=2016-07-26&todate=2026-07-26&limit=5000
UDOW,2024-01-05,36.365,36.895,36.015,36.425,7698952,,https://api.nasdaq.com/api/quote/UDOW/historical?assetclass=etf&fromdate=2016-07-26&todate=2026-07-26&limit=5000
UDOW,2024-01-08,36.035,37.09,35.77,37.05,7389740,,https://api.nasdaq.com/api/quote/UDOW/historical?assetclass=etf&fromdate=2016-07-26&todate=2026-07-26&limit=5000
UDOW,2024-01-09,36.45,36.67,36.13,36.56,5036028,,https://api.nasdaq.com/api/quote/UDOW/historical?assetclass=etf&fromdate=2016-07-26&todate=2026-07-26&limit=5000
UDOW,2024-01-10,36.65,37.21,36.5725,37.04,3983902,,https://api.nasdaq.com/api/quote/UDOW/historical?assetclass=etf&fromdate=2016-07-26&todate=2026-07-26&limit=5000
UDOW,2024-01-11,37.235,37.345,36.2075,37.075,7421460,,https://api.nasdaq.com/api/quote/UDOW/historical?assetclass=etf&fromdate=2016-07-26&todate=2026-07-26&limit=5000
UDOW,2024-01-12,37.18,37.37,36.34,36.685,5569766,,https://api.nasdaq.com/api/quote/UDOW/historical?assetclass=etf&fromdate=2016-07-26&todate=2026-07-26&limit=5000
UDOW,2024-01-16,36.38,36.5514,35.5375,35.99,7996108,,https://api.nasdaq.com/api/quote/UDOW/historical?assetclass=etf&fromdate=2016-07-26&todate=2026-07-26&limit=5000
UDOW,2024-01-17,35.445,36.0239,35.33,35.71,5520102,,https://api.nasdaq.com/api/quote/UDOW/historical?assetclass=etf&fromdate=2016-07-26&todate=2026-07-26&limit=5000
UDOW,2024-01-18,35.57,36.435,35.295,36.27,8719596,,https://api.nasdaq.com/api/quote/UDOW/historical?assetclass=etf&fromdate=2016-07-26&todate=2026-07-26&limit=5000
UDOW,2024-01-19,36.625,37.665,36.24,37.405,9669298,,https://api.nasdaq.com/api/quote/UDOW/historical?assetclass=etf&fromdate=2016-07-26&todate=2026-07-26&limit=5000
UDOW,2024-01-22,37.75,38.16,37.575,37.855,5807716,,https://api.nasdaq.com/api/quote/UDOW/historical?assetclass=etf&fromdate=2016-07-26&todate=2026-07-26&limit=5000
UDOW,2024-01-23,37.655,37.775,37.2201,37.55,4684714,,https://api.nasdaq.com/api/quote/UDOW/historical?assetclass=etf&fromdate=2016-07-26&todate=2026-07-26&limit=5000
UDOW,2024-01-24,37.88,37.995,37.2025,37.235,7652258,,https://api.nasdaq.com/api/quote/UDOW/historical?assetclass=etf&fromdate=2016-07-26&todate=2026-07-26&limit=5000
UDOW,2024-01-25,37.48,37.93,37.145,37.915,7622840,,https://api.nasdaq.com/api/quote/UDOW/historical?assetclass=etf&fromdate=2016-07-26&todate=2026-07-26&limit=5000
UDOW,2024-01-26,37.73,38.385,37.73,38.075,6946390,,https://api.nasdaq.com/api/quote/UDOW/historical?assetclass=etf&fromdate=2016-07-26&todate=2026-07-26&limit=5000
UDOW,2024-01-29,38.04,38.755,37.895,38.72,4360856,,https://api.nasdaq.com/api/quote/UDOW/historical?assetclass=etf&fromdate=2016-07-26&todate=2026-07-26&limit=5000
UDOW,2024-01-30,38.56,39.21,38.475,39.1,4645238,,https://api.nasdaq.com/api/quote/UDOW/historical?assetclass=etf&fromdate=2016-07-26&todate=2026-07-26&limit=5000
UDOW,2024-01-31,39.28,39.46,38.105,38.115,8705752,,https://api.nasdaq.com/api/quote/UDOW/historical?assetclass=etf&fromdate=2016-07-26&todate=2026-07-26&limit=5000
UDOW,2024-02-01,38.085,39.195,37.9506,39.19,8128032,,https://api.nasdaq.com/api/quote/UDOW/historical?assetclass=etf&fromdate=2016-07-26&todate=2026-07-26&limit=5000
UDOW,2024-02-02,38.83,39.985,38.61,39.58,11367904,,https://api.nasdaq.com/api/quote/UDOW/historical?assetclass=etf&fromdate=2016-07-26&todate=2026-07-26&limit=5000
UDOW,2024-02-05,39.42,39.425,38.2375,38.695,9103830,,https://api.nasdaq.com/api/quote/UDOW/historical?assetclass=etf&fromdate=2016-07-26&todate=2026-07-26&limit=5000
UDOW,2024-02-06,38.78,39.215,38.645,39.125,5476182,,https://api.nasdaq.com/api/quote/UDOW/historical?assetclass=etf&fromdate=2016-07-26&todate=2026-07-26&limit=5000
UDOW,2024-02-07,39.465,39.835,39.29,39.63,5482204,,https://api.nasdaq.com/api/quote/UDOW/historical?assetclass=etf&fromdate=2016-07-26&todate=2026-07-26&limit=5000
UDOW,2024-02-08,39.815,39.865,39.195,39.785,5026474,,https://api.nasdaq.com/api/quote/UDOW/historical?assetclass=etf&fromdate=2016-07-26&todate=2026-07-26&limit=5000
UDOW,2024-02-09,39.7,39.795,39.26,39.585,6614706,,https://api.nasdaq.com/api/quote/UDOW/historical?assetclass=etf&fromdate=2016-07-26&todate=2026-07-26&limit=5000
UDOW,2024-02-12,39.475,40.365,39.465,39.96,4589786,,https://api.nasdaq.com/api/quote/UDOW/historical?assetclass=etf&fromdate=2016-07-26&todate=2026-07-26&limit=5000
UDOW,2024-02-13,39.015,39.045,37.59,38.315,10576970,,https://api.nasdaq.com/api/quote/UDOW/historical?assetclass=etf&fromdate=2016-07-26&todate=2026-07-26&limit=5000
UDOW,2024-02-14,38.655,38.815,38.08,38.73,6373464,,https://api.nasdaq.com/api/quote/UDOW/historical?assetclass=etf&fromdate=2016-07-26&todate=2026-07-26&limit=5000
UDOW,2024-02-15,38.965,39.91,38.8655,39.875,8140614,,https://api.nasdaq.com/api/quote/UDOW/historical?assetclass=etf&fromdate=2016-07-26&todate=2026-07-26&limit=5000
UDOW,2024-02-16,39.73,40.065,39.28,39.415,6258402,,https://api.nasdaq.com/api/quote/UDOW/historical?assetclass=etf&fromdate=2016-07-26&todate=2026-07-26&limit=5000
UDOW,2024-02-20,39.21,39.53,38.91,39.28,7695410,,https://api.nasdaq.com/api/quote/UDOW/historical?assetclass=etf&fromdate=2016-07-26&todate=2026-07-26&limit=5000
UDOW,2024-02-21,39.03,39.395,38.53,39.355,5221340,,https://api.nasdaq.com/api/quote/UDOW/historical?assetclass=etf&fromdate=2016-07-26&todate=2026-07-26&limit=5000
UDOW,2024-02-22,40,40.975,39.885,40.68,9021658,,https://api.nasdaq.com/api/quote/UDOW/historical?assetclass=etf&fromdate=2016-07-26&todate=2026-07-26&limit=5000
UDOW,2024-02-23,41.06,41.39,40.785,40.91,5027028,,https://api.nasdaq.com/api/quote/UDOW/historical?assetclass=etf&fromdate=2016-07-26&todate=2026-07-26&limit=5000
UDOW,2024-02-26,40.915,41.24,40.56,40.7,5304084,,https://api.nasdaq.com/api/quote/UDOW/historical?assetclass=etf&fromdate=2016-07-26&todate=2026-07-26&limit=5000
UDOW,2024-02-27,40.59,40.605,40.085,40.365,5251414,,https://api.nasdaq.com/api/quote/UDOW/historical?assetclass=etf&fromdate=2016-07-26&todate=2026-07-26&limit=5000
UDOW,2024-02-28,39.825,40.37,39.71,40.34,5013406,,https://api.nasdaq.com/api/quote/UDOW/historical?assetclass=etf&fromdate=2016-07-26&todate=2026-07-26&limit=5000
UDOW,2024-02-29,40.63,40.755,39.93,40.365,6759482,,https://api.nasdaq.com/api/quote/UDOW/historical?assetclass=etf&fromdate=2016-07-26&todate=2026-07-26&limit=5000
UDOW,2024-03-01,40.35,40.9,40.045,40.79,6459128,,https://api.nasdaq.com/api/quote/UDOW/historical?assetclass=etf&fromdate=2016-07-26&todate=2026-07-26&limit=5000
UDOW,2024-03-04,40.18,40.77,40.18,40.445,4340828,,https://api.nasdaq.com/api/quote/UDOW/historical?assetclass=etf&fromdate=2016-07-26&todate=2026-07-26&limit=5000
UDOW,2024-03-05,40.055,40.145,38.795,39.19,7066644,,https://api.nasdaq.com/api/quote/UDOW/historical?assetclass=etf&fromdate=2016-07-26&todate=2026-07-26&limit=5000
UDOW,2024-03-06,39.87,40.06,39.155,39.47,5839484,,https://api.nasdaq.com/api/quote/UDOW/historical?assetclass=etf&fromdate=2016-07-26&todate=2026-07-26&limit=5000
UDOW,2024-03-07,39.99,40.2049,39.625,39.8,5990626,,https://api.nasdaq.com/api/quote/UDOW/historical?assetclass=etf&fromdate=2016-07-26&todate=2026-07-26&limit=5000
UDOW,2024-03-08,39.72,40.405,39.575,39.665,8181836,,https://api.nasdaq.com/api/quote/UDOW/historical?assetclass=etf&fromdate=2016-07-26&todate=2026-07-26&limit=5000
UDOW,2024-03-11,39.31,39.845,38.88,39.785,5986270,,https://api.nasdaq.com/api/quote/UDOW/historical?assetclass=etf&fromdate=2016-07-26&todate=2026-07-26&limit=5000
UDOW,2024-03-12,40.03,40.7,39.58,40.48,6951280,,https://api.nasdaq.com/api/quote/UDOW/historical?assetclass=etf&fromdate=2016-07-26&todate=2026-07-26&limit=5000
UDOW,2024-03-13,40.76,41.1,40.25,40.625,3641548,,https://api.nasdaq.com/api/quote/UDOW/historical?assetclass=etf&fromdate=2016-07-26&todate=2026-07-26&limit=5000
UDOW,2024-03-14,40.865,40.935,39.515,40.2,7956648,,https://api.nasdaq.com/api/quote/UDOW/historical?assetclass=etf&fromdate=2016-07-26&todate=2026-07-26&limit=5000
UDOW,2024-03-15,39.76,40.22,39.24,39.545,7425470,,https://api.nasdaq.com/api/quote/UDOW/historical?assetclass=etf&fromdate=2016-07-26&todate=2026-07-26&limit=5000
UDOW,2024-03-18,39.92,40.085,39.66,39.74,5648538,,https://api.nasdaq.com/api/quote/UDOW/historical?assetclass=etf&fromdate=2016-07-26&todate=2026-07-26&limit=5000
UDOW,2024-03-19,39.86,40.755,39.645,40.71,5650256,,https://api.nasdaq.com/api/quote/UDOW/historical?assetclass=etf&fromdate=2016-07-26&todate=2026-07-26&limit=5000
UDOW,2024-03-20,40.38,41.96,40.305,41.865,5845698,,https://api.nasdaq.com/api/quote/UDOW/historical?assetclass=etf&fromdate=2016-07-26&todate=2026-07-26&limit=5000
UDOW,2024-03-21,42.265,43.06,42.115,42.69,5020684,,https://api.nasdaq.com/api/quote/UDOW/historical?assetclass=etf&fromdate=2016-07-26&todate=2026-07-26&limit=5000
UDOW,2024-03-22,42.71,42.815,41.665,41.68,4565432,,https://api.nasdaq.com/api/quote/UDOW/historical?assetclass=etf&fromdate=2016-07-26&todate=2026-07-26&limit=5000
UDOW,2024-03-25,41.48,41.545,41.125,41.15,3351778,,https://api.nasdaq.com/api/quote/UDOW/historical?assetclass=etf&fromdate=2016-07-26&todate=2026-07-26&limit=5000
UDOW,2024-03-26,41.38,41.555,41.045,41.13,2864300,,https://api.nasdaq.com/api/quote/UDOW/historical?assetclass=etf&fromdate=2016-07-26&todate=2026-07-26&limit=5000
UDOW,2024-03-27,41.73,42.535,41.565,42.515,5643602,,https://api.nasdaq.com/api/quote/UDOW/historical?assetclass=etf&fromdate=2016-07-26&todate=2026-07-26&limit=5000
UDOW,2024-03-28,42.67,42.845,42.36,42.59,3739442,,https://api.nasdaq.com/api/quote/UDOW/historical?assetclass=etf&fromdate=2016-07-26&todate=2026-07-26&limit=5000
UDOW,2024-04-01,42.59,42.66,41.595,41.775,4998120,,https://api.nasdaq.com/api/quote/UDOW/historical?assetclass=etf&fromdate=2016-07-26&todate=2026-07-26&limit=5000
UDOW,2024-04-02,40.71,40.755,40.185,40.585,4752388,,https://api.nasdaq.com/api/quote/UDOW/historical?assetclass=etf&fromdate=2016-07-26&todate=2026-07-26&limit=5000
UDOW,2024-04-03,40.58,40.985,40.075,40.47,4731906,,https://api.nasdaq.com/api/quote/UDOW/historical?assetclass=etf&fromdate=2016-07-26&todate=2026-07-26&limit=5000
UDOW,2024-04-04,41.265,41.35,38.67,38.795,8710424,,https://api.nasdaq.com/api/quote/UDOW/historical?assetclass=etf&fromdate=2016-07-26&todate=2026-07-26&limit=5000
UDOW,2024-04-05,38.865,40.125,38.8095,39.645,6387552,,https://api.nasdaq.com/api/quote/UDOW/historical?assetclass=etf&fromdate=2016-07-26&todate=2026-07-26&limit=5000
UDOW,2024-04-08,39.685,40.0175,39.54,39.69,3557890,,https://api.nasdaq.com/api/quote/UDOW/historical?assetclass=etf&fromdate=2016-07-26&todate=2026-07-26&limit=5000
UDOW,2024-04-09,39.875,39.96,38.6575,39.615,6036086,,https://api.nasdaq.com/api/quote/UDOW/historical?assetclass=etf&fromdate=2016-07-26&todate=2026-07-26&limit=5000
UDOW,2024-04-10,38.39,38.715,37.82,38.295,10217492,,https://api.nasdaq.com/api/quote/UDOW/historical?assetclass=etf&fromdate=2016-07-26&todate=2026-07-26&limit=5000
UDOW,2024-04-11,38.505,38.69,37.485,38.245,7300032,,https://api.nasdaq.com/api/quote/UDOW/historical?assetclass=etf&fromdate=2016-07-26&todate=2026-07-26&limit=5000
UDOW,2024-04-12,37.58,37.75,36.51,36.835,7894056,,https://api.nasdaq.com/api/quote/UDOW/historical?assetclass=etf&fromdate=2016-07-26&todate=2026-07-26&limit=5000
UDOW,2024-04-15,37.84,37.97,35.87,36.095,10005864,,https://api.nasdaq.com/api/quote/UDOW/historical?assetclass=etf&fromdate=2016-07-26&todate=2026-07-26&limit=5000
UDOW,2024-04-16,36.76,36.815,35.985,36.255,7532508,,https://api.nasdaq.com/api/quote/UDOW/historical?assetclass=etf&fromdate=2016-07-26&todate=2026-07-26&limit=5000
UDOW,2024-04-17,36.595,36.875,35.715,36.08,8986998,,https://api.nasdaq.com/api/quote/UDOW/historical?assetclass=etf&fromdate=2016-07-26&todate=2026-07-26&limit=5000
UDOW,2024-04-18,36.51,37.05,35.88,36.15,8823454,,https://api.nasdaq.com/api/quote/UDOW/historical?assetclass=etf&fromdate=2016-07-26&todate=2026-07-26&limit=5000
UDOW,2024-04-19,36.435,37.13,36.24,36.765,9632916,,https://api.nasdaq.com/api/quote/UDOW/historical?assetclass=etf&fromdate=2016-07-26&todate=2026-07-26&limit=5000
UDOW,2024-04-22,37.305,38.11,36.76,37.52,5565528,,https://api.nasdaq.com/api/quote/UDOW/historical?assetclass=etf&fromdate=2016-07-26&todate=2026-07-26&limit=5000
UDOW,2024-04-23,37.88,38.435,37.66,38.295,4226736,,https://api.nasdaq.com/api/quote/UDOW/historical?assetclass=etf&fromdate=2016-07-26&todate=2026-07-26&limit=5000
UDOW,2024-04-24,38.21,38.395,37.6675,38.09,4616246,,https://api.nasdaq.com/api/quote/UDOW/historical?assetclass=etf&fromdate=2016-07-26&todate=2026-07-26&limit=5000
UDOW,2024-04-25,36.665,37.185,35.985,37.015,8020882,,https://api.nasdaq.com/api/quote/UDOW/historical?assetclass=etf&fromdate=2016-07-26&todate=2026-07-26&limit=5000
UDOW,2024-04-26,36.93,37.695,36.865,37.405,4346648,,https://api.nasdaq.com/api/quote/UDOW/historical?assetclass=etf&fromdate=2016-07-26&todate=2026-07-26&limit=5000
UDOW,2024-04-29,37.6,37.885,37.31,37.82,3588782,,https://api.nasdaq.com/api/quote/UDOW/historical?assetclass=etf&fromdate=2016-07-26&todate=2026-07-26&limit=5000
UDOW,2024-04-30,37.41,37.4937,36.12,36.135,5653534,,https://api.nasdaq.com/api/quote/UDOW/historical?assetclass=etf&fromdate=2016-07-26&todate=2026-07-26&limit=5000
UDOW,2024-05-01,36.155,37.64,36.075,36.32,6006276,,https://api.nasdaq.com/api/quote/UDOW/historical?assetclass=etf&fromdate=2016-07-26&todate=2026-07-26&limit=5000
UDOW,2024-05-02,36.945,37.45,36.295,37.255,5022020,,https://api.nasdaq.com/api/quote/UDOW/historical?assetclass=etf&fromdate=2016-07-26&todate=2026-07-26&limit=5000
UDOW,2024-05-03,38.7,38.925,38.075,38.565,6095148,,https://api.nasdaq.com/api/quote/UDOW/historical?assetclass=etf&fromdate=2016-07-26&todate=2026-07-26&limit=5000
UDOW,2024-05-06,39.03,39.15,38.585,39.08,3832534,,https://api.nasdaq.com/api/quote/UDOW/historical?assetclass=etf&fromdate=2016-07-26&todate=2026-07-26&limit=5000
UDOW,2024-05-07,39.27,39.445,39.015,39.12,3102724,,https://api.nasdaq.com/api/quote/UDOW/historical?assetclass=etf&fromdate=2016-07-26&todate=2026-07-26&limit=5000
UDOW,2024-05-08,38.995,39.78,38.96,39.625,2791164,,https://api.nasdaq.com/api/quote/UDOW/historical?assetclass=etf&fromdate=2016-07-26&todate=2026-07-26&limit=5000
UDOW,2024-05-09,39.495,40.75,39.48,40.685,3921062,,https://api.nasdaq.com/api/quote/UDOW/historical?assetclass=etf&fromdate=2016-07-26&todate=2026-07-26&limit=5000
UDOW,2024-05-10,41.06,41.255,40.705,41.03,4929650,,https://api.nasdaq.com/api/quote/UDOW/historical?assetclass=etf&fromdate=2016-07-26&todate=2026-07-26&limit=5000
UDOW,2024-05-13,41.39,41.46,40.675,40.81,3022938,,https://api.nasdaq.com/api/quote/UDOW/historical?assetclass=etf&fromdate=2016-07-26&todate=2026-07-26&limit=5000
UDOW,2024-05-14,40.84,41.335,40.585,41.13,3222112,,https://api.nasdaq.com/api/quote/UDOW/historical?assetclass=etf&fromdate=2016-07-26&todate=2026-07-26&limit=5000
UDOW,2024-05-15,41.625,42.34,41.5475,42.275,3393250,,https://api.nasdaq.com/api/quote/UDOW/historical?assetclass=etf&fromdate=2016-07-26&todate=2026-07-26&limit=5000
UDOW,2024-05-16,42.38,42.775,42.185,42.205,3966242,,https://api.nasdaq.com/api/quote/UDOW/historical?assetclass=etf&fromdate=2016-07-26&todate=2026-07-26&limit=5000
UDOW,2024-05-17,42.355,42.635,42.135,42.635,2775766,,https://api.nasdaq.com/api/quote/UDOW/historical?assetclass=etf&fromdate=2016-07-26&todate=2026-07-26&limit=5000
UDOW,2024-05-20,42.555,42.855,41.94,42.035,3410804,,https://api.nasdaq.com/api/quote/UDOW/historical?assetclass=etf&fromdate=2016-07-26&todate=2026-07-26&limit=5000
UDOW,2024-05-21,42.06,42.3,41.8875,42.21,1841080,,https://api.nasdaq.com/api/quote/UDOW/historical?assetclass=etf&fromdate=2016-07-26&todate=2026-07-26&limit=5000
UDOW,2024-05-22,41.935,42.215,41.16,41.56,2362112,,https://api.nasdaq.com/api/quote/UDOW/historical?assetclass=etf&fromdate=2016-07-26&todate=2026-07-26&limit=5000
UDOW,2024-05-23,41.58,41.6,39.455,39.615,7024854,,https://api.nasdaq.com/api/quote/UDOW/historical?assetclass=etf&fromdate=2016-07-26&todate=2026-07-26&limit=5000
UDOW,2024-05-24,39.74,40.045,39.415,39.57,4164472,,https://api.nasdaq.com/api/quote/UDOW/historical?assetclass=etf&fromdate=2016-07-26&todate=2026-07-26&limit=5000
UDOW,2024-05-28,39.3,39.425,38.45,38.935,5451878,,https://api.nasdaq.com/api/quote/UDOW/historical?assetclass=etf&fromdate=2016-07-26&todate=2026-07-26&limit=5000
UDOW,2024-05-29,37.95,38.05,37.605,37.725,6487330,,https://api.nasdaq.com/api/quote/UDOW/historical?assetclass=etf&fromdate=2016-07-26&todate=2026-07-26&limit=5000
UDOW,2024-05-30,36.75,37.05,36.47,36.755,8108752,,https://api.nasdaq.com/api/quote/UDOW/historical?assetclass=etf&fromdate=2016-07-26&todate=2026-07-26&limit=5000
UDOW,2024-05-31,36.895,38.51,36.6865,38.495,10500430,,https://api.nasdaq.com/api/quote/UDOW/historical?assetclass=etf&fromdate=2016-07-26&todate=2026-07-26&limit=5000
UDOW,2024-06-03,38.575,38.595,37.11,38.115,8179122,,https://api.nasdaq.com/api/quote/UDOW/historical?assetclass=etf&fromdate=2016-07-26&todate=2026-07-26&limit=5000
UDOW,2024-06-04,37.715,38.71,37.575,38.445,6199288,,https://api.nasdaq.com/api/quote/UDOW/historical?assetclass=etf&fromdate=2016-07-26&todate=2026-07-26&limit=5000
UDOW,2024-06-05,38.775,38.875,37.9802,38.73,6165974,,https://api.nasdaq.com/api/quote/UDOW/historical?assetclass=etf&fromdate=2016-07-26&todate=2026-07-26&limit=5000
UDOW,2024-06-06,38.82,39.355,38.5157,38.97,7109208,,https://api.nasdaq.com/api/quote/UDOW/historical?assetclass=etf&fromdate=2016-07-26&todate=2026-07-26&limit=5000
UDOW,2024-06-07,38.79,39.62,38.49,38.675,6667540,,https://api.nasdaq.com/api/quote/UDOW/historical?assetclass=etf&fromdate=2016-07-26&todate=2026-07-26&limit=5000
UDOW,2024-06-10,38.53,38.925,38.2875,38.92,4061364,,https://api.nasdaq.com/api/quote/UDOW/historical?assetclass=etf&fromdate=2016-07-26&todate=2026-07-26&limit=5000
UDOW,2024-06-11,38.41,38.57,37.585,38.51,5720652,,https://api.nasdaq.com/api/quote/UDOW/historical?assetclass=etf&fromdate=2016-07-26&todate=2026-07-26&limit=5000
UDOW,2024-06-12,39.615,39.66,38.12,38.395,10576038,,https://api.nasdaq.com/api/quote/UDOW/historical?assetclass=etf&fromdate=2016-07-26&todate=2026-07-26&limit=5000
UDOW,2024-06-13,38.14,38.385,37.47,38.145,6024430,,https://api.nasdaq.com/api/quote/UDOW/historical?assetclass=etf&fromdate=2016-07-26&todate=2026-07-26&limit=5000
UDOW,2024-06-14,37.445,38.015,37.15,37.995,6193104,,https://api.nasdaq.com/api/quote/UDOW/historical?assetclass=etf&fromdate=2016-07-26&todate=2026-07-26&limit=5000
UDOW,2024-06-17,37.615,38.78,37.54,38.605,5096686,,https://api.nasdaq.com/api/quote/UDOW/historical?assetclass=etf&fromdate=2016-07-26&todate=2026-07-26&limit=5000
UDOW,2024-06-18,38.67,39.06,38.4,38.74,3839898,,https://api.nasdaq.com/api/quote/UDOW/historical?assetclass=etf&fromdate=2016-07-26&todate=2026-07-26&limit=5000
UDOW,2024-06-20,38.585,39.915,38.505,39.595,6210660,,https://api.nasdaq.com/api/quote/UDOW/historical?assetclass=etf&fromdate=2016-07-26&todate=2026-07-26&limit=5000
UDOW,2024-06-21,39.71,39.95,39.33,39.605,5156778,,https://api.nasdaq.com/api/quote/UDOW/historical?assetclass=etf&fromdate=2016-07-26&todate=2026-07-26&limit=5000
UDOW,2024-06-24,39.94,40.8875,39.77,40.4,5947266,,https://api.nasdaq.com/api/quote/UDOW/historical?assetclass=etf&fromdate=2016-07-26&todate=2026-07-26&limit=5000
UDOW,2024-06-25,40.255,40.4375,39.1101,39.485,6563856,,https://api.nasdaq.com/api/quote/UDOW/historical?assetclass=etf&fromdate=2016-07-26&todate=2026-07-26&limit=5000
UDOW,2024-06-26,39.025,39.52,38.7,39.36,3879024,,https://api.nasdaq.com/api/quote/UDOW/historical?assetclass=etf&fromdate=2016-07-26&todate=2026-07-26&limit=5000
UDOW,2024-06-27,39.17,39.705,39.03,39.45,4413812,,https://api.nasdaq.com/api/quote/UDOW/historical?assetclass=etf&fromdate=2016-07-26&todate=2026-07-26&limit=5000
UDOW,2024-06-28,39.35,40.245,38.69,39.3,9028430,,https://api.nasdaq.com/api/quote/UDOW/historical?assetclass=etf&fromdate=2016-07-26&todate=2026-07-26&limit=5000
UDOW,2024-07-01,39.545,40.215,39.005,39.37,7265684,,https://api.nasdaq.com/api/quote/UDOW/historical?assetclass=etf&fromdate=2016-07-26&todate=2026-07-26&limit=5000
UDOW,2024-07-02,39.15,39.9,39.105,39.88,4793970,,https://api.nasdaq.com/api/quote/UDOW/historical?assetclass=etf&fromdate=2016-07-26&todate=2026-07-26&limit=5000
UDOW,2024-07-03,40.02,40.115,39.535,39.76,3675104,,https://api.nasdaq.com/api/quote/UDOW/historical?assetclass=etf&fromdate=2016-07-26&todate=2026-07-26&limit=5000
UDOW,2024-07-05,39.81,40.05,39.345,39.955,6263622,,https://api.nasdaq.com/api/quote/UDOW/historical?assetclass=etf&fromdate=2016-07-26&todate=2026-07-26&limit=5000
UDOW,2024-07-08,40.165,40.865,39.6758,39.89,6994452,,https://api.nasdaq.com/api/quote/UDOW/historical?assetclass=etf&fromdate=2016-07-26&todate=2026-07-26&limit=5000
UDOW,2024-07-09,39.795,40.34,39.26,39.72,6700790,,https://api.nasdaq.com/api/quote/UDOW/historical?assetclass=etf&fromdate=2016-07-26&todate=2026-07-26&limit=5000
UDOW,2024-07-10,39.695,41.06,39.605,40.98,9307664,,https://api.nasdaq.com/api/quote/UDOW/historical?assetclass=etf&fromdate=2016-07-26&todate=2026-07-26&limit=5000
UDOW,2024-07-11,41.055,41.49,40.69,41.085,9749968,,https://api.nasdaq.com/api/quote/UDOW/historical?assetclass=etf&fromdate=2016-07-26&todate=2026-07-26&limit=5000
UDOW,2024-07-12,41.45,42.63,41.215,41.875,11574316,,https://api.nasdaq.com/api/quote/UDOW/historical?assetclass=etf&fromdate=2016-07-26&todate=2026-07-26&limit=5000
UDOW,2024-07-15,42.56,42.91,42.2225,42.535,9686974,,https://api.nasdaq.com/api/quote/UDOW/historical?assetclass=etf&fromdate=2016-07-26&todate=2026-07-26&limit=5000
UDOW,2024-07-16,42.985,44.9275,42.98,44.825,12403806,,https://api.nasdaq.com/api/quote/UDOW/historical?assetclass=etf&fromdate=2016-07-26&todate=2026-07-26&limit=5000
UDOW,2024-07-17,44.44,45.69,44.43,45.55,11267364,,https://api.nasdaq.com/api/quote/UDOW/historical?assetclass=etf&fromdate=2016-07-26&todate=2026-07-26&limit=5000
UDOW,2024-07-18,45.125,46.1799,43.58,43.815,10931578,,https://api.nasdaq.com/api/quote/UDOW/historical?assetclass=etf&fromdate=2016-07-26&todate=2026-07-26&limit=5000
UDOW,2024-07-19,43.355,43.605,42.29,42.585,10123078,,https://api.nasdaq.com/api/quote/UDOW/historical?assetclass=etf&fromdate=2016-07-26&todate=2026-07-26&limit=5000
UDOW,2024-07-22,42.925,43.155,42.365,42.975,8786496,,https://api.nasdaq.com/api/quote/UDOW/historical?assetclass=etf&fromdate=2016-07-26&todate=2026-07-26&limit=5000
UDOW,2024-07-23,42.995,43.325,42.65,42.76,8165670,,https://api.nasdaq.com/api/quote/UDOW/historical?assetclass=etf&fromdate=2016-07-26&todate=2026-07-26&limit=5000
UDOW,2024-07-24,42.175,42.455,41.02,41.175,9973556,,https://api.nasdaq.com/api/quote/UDOW/historical?assetclass=etf&fromdate=2016-07-26&todate=2026-07-26&limit=5000
UDOW,2024-07-25,41.175,42.96,41.09,41.445,10906818,,https://api.nasdaq.com/api/quote/UDOW/historical?assetclass=etf&fromdate=2016-07-26&todate=2026-07-26&limit=5000
UDOW,2024-07-26,42.125,43.92,42.09,43.415,9684800,,https://api.nasdaq.com/api/quote/UDOW/historical?assetclass=etf&fromdate=2016-07-26&todate=2026-07-26&limit=5000
UDOW,2024-07-29,43.685,43.73,42.725,43.235,8437922,,https://api.nasdaq.com/api/quote/UDOW/historical?assetclass=etf&fromdate=2016-07-26&todate=2026-07-26&limit=5000
UDOW,2024-07-30,43.34,44.25,43.17,43.815,9710330,,https://api.nasdaq.com/api/quote/UDOW/historical?assetclass=etf&fromdate=2016-07-26&todate=2026-07-26&limit=5000
UDOW,2024-07-31,43.825,45.31,43.53,44.16,10514410,,https://api.nasdaq.com/api/quote/UDOW/historical?assetclass=etf&fromdate=2016-07-26&todate=2026-07-26&limit=5000
UDOW,2024-08-01,44.555,44.95,41.72,42.49,11956522,,https://api.nasdaq.com/api/quote/UDOW/historical?assetclass=etf&fromdate=2016-07-26&todate=2026-07-26&limit=5000
UDOW,2024-08-02,41.36,41.5,39.36,40.5,17038972,,https://api.nasdaq.com/api/quote/UDOW/historical?assetclass=etf&fromdate=2016-07-26&todate=2026-07-26&limit=5000
UDOW,2024-08-05,37.215,38.375,36.74,37.36,18591004,,https://api.nasdaq.com/api/quote/UDOW/historical?assetclass=etf&fromdate=2016-07-26&todate=2026-07-26&limit=5000
UDOW,2024-08-06,37.49,39.54,37.14,38.22,13204698,,https://api.nasdaq.com/api/quote/UDOW/historical?assetclass=etf&fromdate=2016-07-26&todate=2026-07-26&limit=5000
UDOW,2024-08-07,38.985,39.615,37.415,37.56,8237272,,https://api.nasdaq.com/api/quote/UDOW/historical?assetclass=etf&fromdate=2016-07-26&todate=2026-07-26&limit=5000
UDOW,2024-08-08,38.06,39.69,37.97,39.51,4698426,,https://api.nasdaq.com/api/quote/UDOW/historical?assetclass=etf&fromdate=2016-07-26&todate=2026-07-26&limit=5000
UDOW,2024-08-09,39.39,40.05,38.825,39.66,4400458,,https://api.nasdaq.com/api/quote/UDOW/historical?assetclass=etf&fromdate=2016-07-26&todate=2026-07-26&limit=5000
UDOW,2024-08-12,39.87,39.895,38.87,39.22,3415296,,https://api.nasdaq.com/api/quote/UDOW/historical?assetclass=etf&fromdate=2016-07-26&todate=2026-07-26&limit=5000
UDOW,2024-08-13,39.585,40.51,39.2855,40.39,4135178,,https://api.nasdaq.com/api/quote/UDOW/historical?assetclass=etf&fromdate=2016-07-26&todate=2026-07-26&limit=5000
UDOW,2024-08-14,40.385,41.3396,40.31,41.095,4783734,,https://api.nasdaq.com/api/quote/UDOW/historical?assetclass=etf&fromdate=2016-07-26&todate=2026-07-26&limit=5000
UDOW,2024-08-15,42.515,42.95,42.03,42.88,3182652,,https://api.nasdaq.com/api/quote/UDOW/historical?assetclass=etf&fromdate=2016-07-26&todate=2026-07-26&limit=5000
UDOW,2024-08-16,42.66,43.4,42.525,43.2,3319996,,https://api.nasdaq.com/api/quote/UDOW/historical?assetclass=etf&fromdate=2016-07-26&todate=2026-07-26&limit=5000
UDOW,2024-08-19,43.38,44,43.3399,43.945,3011058,,https://api.nasdaq.com/api/quote/UDOW/historical?assetclass=etf&fromdate=2016-07-26&todate=2026-07-26&limit=5000
UDOW,2024-08-20,43.765,43.995,43.485,43.74,3137038,,https://api.nasdaq.com/api/quote/UDOW/historical?assetclass=etf&fromdate=2016-07-26&todate=2026-07-26&limit=5000
UDOW,2024-08-21,43.965,44.19,43.42,43.865,2992624,,https://api.nasdaq.com/api/quote/UDOW/historical?assetclass=etf&fromdate=2016-07-26&todate=2026-07-26&limit=5000
UDOW,2024-08-22,44.08,44.335,42.9,43.365,3016612,,https://api.nasdaq.com/api/quote/UDOW/historical?assetclass=etf&fromdate=2016-07-26&todate=2026-07-26&limit=5000
UDOW,2024-08-23,43.905,44.87,43.67,44.715,4092622,,https://api.nasdaq.com/api/quote/UDOW/historical?assetclass=etf&fromdate=2016-07-26&todate=2026-07-26&limit=5000
UDOW,2024-08-26,44.95,45.565,44.63,44.99,3467112,,https://api.nasdaq.com/api/quote/UDOW/historical?assetclass=etf&fromdate=2016-07-26&todate=2026-07-26&limit=5000
UDOW,2024-08-27,44.835,45.075,44.54,45.025,2696636,,https://api.nasdaq.com/api/quote/UDOW/historical?assetclass=etf&fromdate=2016-07-26&todate=2026-07-26&limit=5000
UDOW,2024-08-28,44.93,45.35,43.645,44.515,3702282,,https://api.nasdaq.com/api/quote/UDOW/historical?assetclass=etf&fromdate=2016-07-26&todate=2026-07-26&limit=5000
UDOW,2024-08-29,45.475,46.085,44.47,45.325,5624160,,https://api.nasdaq.com/api/quote/UDOW/historical?assetclass=etf&fromdate=2016-07-26&todate=2026-07-26&limit=5000
UDOW,2024-08-30,45.47,46.12,44.67,46.005,4033186,,https://api.nasdaq.com/api/quote/UDOW/historical?assetclass=etf&fromdate=2016-07-26&todate=2026-07-26&limit=5000
UDOW,2024-09-03,45.325,45.645,43.4652,44.015,5004956,,https://api.nasdaq.com/api/quote/UDOW/historical?assetclass=etf&fromdate=2016-07-26&todate=2026-07-26&limit=5000
UDOW,2024-09-04,43.92,44.7446,43.665,44.025,4709150,,https://api.nasdaq.com/api/quote/UDOW/historical?assetclass=etf&fromdate=2016-07-26&todate=2026-07-26&limit=5000
UDOW,2024-09-05,44.33,44.45,42.6,43.4,4946822,,https://api.nasdaq.com/api/quote/UDOW/historical?assetclass=etf&fromdate=2016-07-26&todate=2026-07-26&limit=5000
UDOW,2024-09-06,43.525,44.17,41.86,42.065,6035758,,https://api.nasdaq.com/api/quote/UDOW/historical?assetclass=etf&fromdate=2016-07-26&todate=2026-07-26&limit=5000
UDOW,2024-09-09,42.975,44.075,42.595,43.51,4767430,,https://api.nasdaq.com/api/quote/UDOW/historical?assetclass=etf&fromdate=2016-07-26&todate=2026-07-26&limit=5000
UDOW,2024-09-10,43.815,43.84,42.19,43.215,5316074,,https://api.nasdaq.com/api/quote/UDOW/historical?assetclass=etf&fromdate=2016-07-26&todate=2026-07-26&limit=5000
UDOW,2024-09-11,42.855,43.75,40.84,43.53,7370666,,https://api.nasdaq.com/api/quote/UDOW/historical?assetclass=etf&fromdate=2016-07-26&todate=2026-07-26&limit=5000
UDOW,2024-09-12,43.66,44.4,42.955,44.4,4648496,,https://api.nasdaq.com/api/quote/UDOW/historical?assetclass=etf&fromdate=2016-07-26&todate=2026-07-26&limit=5000
UDOW,2024-09-13,44.55,45.745,44.48,45.315,5121882,,https://api.nasdaq.com/api/quote/UDOW/historical?assetclass=etf&fromdate=2016-07-26&todate=2026-07-26&limit=5000
UDOW,2024-09-16,45.78,46.4691,45.53,46.08,2989256,,https://api.nasdaq.com/api/quote/UDOW/historical?assetclass=etf&fromdate=2016-07-26&todate=2026-07-26&limit=5000
UDOW,2024-09-17,46.375,46.775,45.55,46.03,3754692,,https://api.nasdaq.com/api/quote/UDOW/historical?assetclass=etf&fromdate=2016-07-26&todate=2026-07-26&limit=5000
UDOW,2024-09-18,46.095,47.25,45.455,45.645,6611454,,https://api.nasdaq.com/api/quote/UDOW/historical?assetclass=etf&fromdate=2016-07-26&todate=2026-07-26&limit=5000
UDOW,2024-09-19,47.57,47.82,46.695,47.35,3918578,,https://api.nasdaq.com/api/quote/UDOW/historical?assetclass=etf&fromdate=2016-07-26&todate=2026-07-26&limit=5000
UDOW,2024-09-20,47.075,47.7049,46.765,47.425,3626694,,https://api.nasdaq.com/api/quote/UDOW/historical?assetclass=etf&fromdate=2016-07-26&todate=2026-07-26&limit=5000
UDOW,2024-09-23,47.63,47.8325,47.24,47.63,2535528,,https://api.nasdaq.com/api/quote/UDOW/historical?assetclass=etf&fromdate=2016-07-26&todate=2026-07-26&limit=5000
UDOW,2024-09-24,47.795,48.16,47.35,47.97,3767230,,https://api.nasdaq.com/api/quote/UDOW/historical?assetclass=etf&fromdate=2016-07-26&todate=2026-07-26&limit=5000
UDOW,2024-09-25,47.9,48.075,46.525,46.75,3368870,,https://api.nasdaq.com/api/quote/UDOW/historical?assetclass=etf&fromdate=2016-07-26&todate=2026-07-26&limit=5000
UDOW,2024-09-26,47.45,47.76,47.125,47.59,3434392,,https://api.nasdaq.com/api/quote/UDOW/historical?assetclass=etf&fromdate=2016-07-26&todate=2026-07-26&limit=5000
UDOW,2024-09-27,47.88,49.1,47.79,47.965,3298740,,https://api.nasdaq.com/api/quote/UDOW/historical?assetclass=etf&fromdate=2016-07-26&todate=2026-07-26&limit=5000
UDOW,2024-09-30,47.8,48.095,46.705,48.04,3859712,,https://api.nasdaq.com/api/quote/UDOW/historical?assetclass=etf&fromdate=2016-07-26&todate=2026-07-26&limit=5000
UDOW,2024-10-01,47.785,48.0388,46.71,47.465,5910042,,https://api.nasdaq.com/api/quote/UDOW/historical?assetclass=etf&fromdate=2016-07-26&todate=2026-07-26&limit=5000
UDOW,2024-10-02,47.57,47.795,46.815,47.565,3610644,,https://api.nasdaq.com/api/quote/UDOW/historical?assetclass=etf&fromdate=2016-07-26&todate=2026-07-26&limit=5000
UDOW,2024-10-03,47.05,47.325,46.355,46.905,5203486,,https://api.nasdaq.com/api/quote/UDOW/historical?assetclass=etf&fromdate=2016-07-26&todate=2026-07-26&limit=5000
UDOW,2024-10-04,47.69,48.095,46.79,48.035,3827232,,https://api.nasdaq.com/api/quote/UDOW/historical?assetclass=etf&fromdate=2016-07-26&todate=2026-07-26&limit=5000
UDOW,2024-10-07,47.585,47.855,46.265,46.725,4378932,,https://api.nasdaq.com/api/quote/UDOW/historical?assetclass=etf&fromdate=2016-07-26&todate=2026-07-26&limit=5000
UDOW,2024-10-08,47.01,47.2663,46.42,47.1,3719610,,https://api.nasdaq.com/api/quote/UDOW/historical?assetclass=etf&fromdate=2016-07-26&todate=2026-07-26&limit=5000
UDOW,2024-10-09,47.125,48.725,46.84,48.53,4574592,,https://api.nasdaq.com/api/quote/UDOW/historical?assetclass=etf&fromdate=2016-07-26&todate=2026-07-26&limit=5000
UDOW,2024-10-10,48.455,48.5101,47.82,48.35,3827560,,https://api.nasdaq.com/api/quote/UDOW/historical?assetclass=etf&fromdate=2016-07-26&todate=2026-07-26&limit=5000
UDOW,2024-10-11,48.52,49.805,48.435,49.67,3610662,,https://api.nasdaq.com/api/quote/UDOW/historical?assetclass=etf&fromdate=2016-07-26&todate=2026-07-26&limit=5000
UDOW,2024-10-14,49.545,50.63,49.175,50.465,2500554,,https://api.nasdaq.com/api/quote/UDOW/historical?assetclass=etf&fromdate=2016-07-26&todate=2026-07-26&limit=5000
UDOW,2024-10-15,49.89,50.165,49.09,49.27,5692190,,https://api.nasdaq.com/api/quote/UDOW/historical?assetclass=etf&fromdate=2016-07-26&todate=2026-07-26&limit=5000
UDOW,2024-10-16,49.12,50.46,49.025,50.345,3147984,,https://api.nasdaq.com/api/quote/UDOW/historical?assetclass=etf&fromdate=2016-07-26&todate=2026-07-26&limit=5000
UDOW,2024-10-17,50.965,51.085,50.49,50.905,3586794,,https://api.nasdaq.com/api/quote/UDOW/historical?assetclass=etf&fromdate=2016-07-26&todate=2026-07-26&limit=5000
UDOW,2024-10-18,50.895,51.205,50.195,51.005,4117244,,https://api.nasdaq.com/api/quote/UDOW/historical?assetclass=etf&fromdate=2016-07-26&todate=2026-07-26&limit=5000
UDOW,2024-10-21,50.915,51.125,49.615,49.845,5008178,,https://api.nasdaq.com/api/quote/UDOW/historical?assetclass=etf&fromdate=2016-07-26&todate=2026-07-26&limit=5000
UDOW,2024-10-22,49.205,50.185,49.05,49.775,4851834,,https://api.nasdaq.com/api/quote/UDOW/historical?assetclass=etf&fromdate=2016-07-26&todate=2026-07-26&limit=5000
UDOW,2024-10-23,48.99,49.235,47.575,48.335,5966764,,https://api.nasdaq.com/api/quote/UDOW/historical?assetclass=etf&fromdate=2016-07-26&todate=2026-07-26&limit=5000
UDOW,2024-10-24,48.035,48.15,47.22,47.865,3510484,,https://api.nasdaq.com/api/quote/UDOW/historical?assetclass=etf&fromdate=2016-07-26&todate=2026-07-26&limit=5000
UDOW,2024-10-25,48.37,48.554,46.685,46.93,4030962,,https://api.nasdaq.com/api/quote/UDOW/historical?assetclass=etf&fromdate=2016-07-26&todate=2026-07-26&limit=5000
UDOW,2024-10-28,47.7,48.12,47.595,47.855,3778112,,https://api.nasdaq.com/api/quote/UDOW/historical?assetclass=etf&fromdate=2016-07-26&todate=2026-07-26&limit=5000
UDOW,2024-10-29,47.23,48.165,47.075,47.33,3032750,,https://api.nasdaq.com/api/quote/UDOW/historical?assetclass=etf&fromdate=2016-07-26&todate=2026-07-26&limit=5000
UDOW,2024-10-30,47.155,48.03,46.95,47.085,3881238,,https://api.nasdaq.com/api/quote/UDOW/historical?assetclass=etf&fromdate=2016-07-26&todate=2026-07-26&limit=5000
UDOW,2024-10-31,46.205,46.415,45.4601,45.695,3779082,,https://api.nasdaq.com/api/quote/UDOW/historical?assetclass=etf&fromdate=2016-07-26&todate=2026-07-26&limit=5000
UDOW,2024-11-01,46.295,47.49,46.19,46.53,3746374,,https://api.nasdaq.com/api/quote/UDOW/historical?assetclass=etf&fromdate=2016-07-26&todate=2026-07-26&limit=5000
UDOW,2024-11-04,46.33,46.485,45.205,45.755,3343262,,https://api.nasdaq.com/api/quote/UDOW/historical?assetclass=etf&fromdate=2016-07-26&todate=2026-07-26&limit=5000
UDOW,2024-11-05,45.785,47.21,45.61,47.105,3763088,,https://api.nasdaq.com/api/quote/UDOW/historical?assetclass=etf&fromdate=2016-07-26&todate=2026-07-26&limit=5000
UDOW,2024-11-06,51.23,52.285,50.93,52.11,7429140,,https://api.nasdaq.com/api/quote/UDOW/historical?assetclass=etf&fromdate=2016-07-26&todate=2026-07-26&limit=5000
UDOW,2024-11-07,52.19,52.44,51.7955,52.13,3810058,,https://api.nasdaq.com/api/quote/UDOW/historical?assetclass=etf&fromdate=2016-07-26&todate=2026-07-26&limit=5000
UDOW,2024-11-08,52.4,53.595,52.08,53.05,3871758,,https://api.nasdaq.com/api/quote/UDOW/historical?assetclass=etf&fromdate=2016-07-26&todate=2026-07-26&limit=5000
UDOW,2024-11-11,53.68,54.7593,53.67,54.1,3387876,,https://api.nasdaq.com/api/quote/UDOW/historical?assetclass=etf&fromdate=2016-07-26&todate=2026-07-26&limit=5000
UDOW,2024-11-12,54.265,54.515,52.625,52.755,4510310,,https://api.nasdaq.com/api/quote/UDOW/historical?assetclass=etf&fromdate=2016-07-26&todate=2026-07-26&limit=5000
UDOW,2024-11-13,52.925,53.505,52.3851,52.88,3301298,,https://api.nasdaq.com/api/quote/UDOW/historical?assetclass=etf&fromdate=2016-07-26&todate=2026-07-26&limit=5000
UDOW,2024-11-14,53.145,53.27,51.9,52.095,2858936,,https://api.nasdaq.com/api/quote/UDOW/historical?assetclass=etf&fromdate=2016-07-26&todate=2026-07-26&limit=5000
UDOW,2024-11-15,51.495,51.735,50.66,51.015,4245602,,https://api.nasdaq.com/api/quote/UDOW/historical?assetclass=etf&fromdate=2016-07-26&todate=2026-07-26&limit=5000
UDOW,2024-11-18,50.875,51.285,50.54,50.89,2330212,,https://api.nasdaq.com/api/quote/UDOW/historical?assetclass=etf&fromdate=2016-07-26&todate=2026-07-26&limit=5000
UDOW,2024-11-19,49.675,50.85,49.26,50.435,4860066,,https://api.nasdaq.com/api/quote/UDOW/historical?assetclass=etf&fromdate=2016-07-26&todate=2026-07-26&limit=5000
UDOW,2024-11-20,50.605,51.095,49.715,50.895,3607076,,https://api.nasdaq.com/api/quote/UDOW/historical?assetclass=etf&fromdate=2016-07-26&todate=2026-07-26&limit=5000
UDOW,2024-11-21,51.42,53.0575,50.645,52.5,5955356,,https://api.nasdaq.com/api/quote/UDOW/historical?assetclass=etf&fromdate=2016-07-26&todate=2026-07-26&limit=5000
UDOW,2024-11-22,52.695,54.12,52.59,53.97,4936656,,https://api.nasdaq.com/api/quote/UDOW/historical?assetclass=etf&fromdate=2016-07-26&todate=2026-07-26&limit=5000
UDOW,2024-11-25,55.21,55.87,54.78,55.535,4064622,,https://api.nasdaq.com/api/quote/UDOW/historical?assetclass=etf&fromdate=2016-07-26&todate=2026-07-26&limit=5000
UDOW,2024-11-26,55.185,56.205,54.4665,56.03,4678636,,https://api.nasdaq.com/api/quote/UDOW/historical?assetclass=etf&fromdate=2016-07-26&todate=2026-07-26&limit=5000
UDOW,2024-11-27,56.115,56.6643,55.435,55.55,4238858,,https://api.nasdaq.com/api/quote/UDOW/historical?assetclass=etf&fromdate=2016-07-26&todate=2026-07-26&limit=5000
UDOW,2024-11-29,55.72,56.835,55.72,56.38,2821716,,https://api.nasdaq.com/api/quote/UDOW/historical?assetclass=etf&fromdate=2016-07-26&todate=2026-07-26&limit=5000
UDOW,2024-12-02,56.57,56.725,55.57,55.87,4418564,,https://api.nasdaq.com/api/quote/UDOW/historical?assetclass=etf&fromdate=2016-07-26&todate=2026-07-26&limit=5000
UDOW,2024-12-03,56.015,56.175,55.07,55.535,3033836,,https://api.nasdaq.com/api/quote/UDOW/historical?assetclass=etf&fromdate=2016-07-26&todate=2026-07-26&limit=5000
UDOW,2024-12-04,56.25,56.89,55.868,56.635,4671358,,https://api.nasdaq.com/api/quote/UDOW/historical?assetclass=etf&fromdate=2016-07-26&todate=2026-07-26&limit=5000
UDOW,2024-12-05,56.445,56.825,55.6512,55.79,3680374,,https://api.nasdaq.com/api/quote/UDOW/historical?assetclass=etf&fromdate=2016-07-26&todate=2026-07-26&limit=5000
UDOW,2024-12-06,56.035,56.2,55.025,55.16,3677564,,https://api.nasdaq.com/api/quote/UDOW/historical?assetclass=etf&fromdate=2016-07-26&todate=2026-07-26&limit=5000
UDOW,2024-12-09,55.34,55.56,54.27,54.355,3396270,,https://api.nasdaq.com/api/quote/UDOW/historical?assetclass=etf&fromdate=2016-07-26&todate=2026-07-26&limit=5000
UDOW,2024-12-10,54.14,54.615,53.58,53.815,3546188,,https://api.nasdaq.com/api/quote/UDOW/historical?assetclass=etf&fromdate=2016-07-26&todate=2026-07-26&limit=5000
UDOW,2024-12-11,53.985,54.2006,53.345,53.395,4407934,,https://api.nasdaq.com/api/quote/UDOW/historical?assetclass=etf&fromdate=2016-07-26&todate=2026-07-26&limit=5000
UDOW,2024-12-12,53.37,53.61,52.5,52.575,4059514,,https://api.nasdaq.com/api/quote/UDOW/historical?assetclass=etf&fromdate=2016-07-26&todate=2026-07-26&limit=5000
UDOW,2024-12-13,52.735,52.975,52.025,52.18,4846554,,https://api.nasdaq.com/api/quote/UDOW/historical?assetclass=etf&fromdate=2016-07-26&todate=2026-07-26&limit=5000
UDOW,2024-12-16,52.275,52.645,51.695,51.82,3853876,,https://api.nasdaq.com/api/quote/UDOW/historical?assetclass=etf&fromdate=2016-07-26&todate=2026-07-26&limit=5000
UDOW,2024-12-17,51.025,51.26,50.41,50.805,4972598,,https://api.nasdaq.com/api/quote/UDOW/historical?assetclass=etf&fromdate=2016-07-26&todate=2026-07-26&limit=5000
UDOW,2024-12-18,50.94,51.67,46.73,46.865,9507300,,https://api.nasdaq.com/api/quote/UDOW/historical?assetclass=etf&fromdate=2016-07-26&todate=2026-07-26&limit=5000
UDOW,2024-12-19,47.88,48.3749,46.8775,46.895,8101836,,https://api.nasdaq.com/api/quote/UDOW/historical?assetclass=etf&fromdate=2016-07-26&todate=2026-07-26&limit=5000
UDOW,2024-12-20,46.435,49.775,46.33,48.565,7785518,,https://api.nasdaq.com/api/quote/UDOW/historical?assetclass=etf&fromdate=2016-07-26&todate=2026-07-26&limit=5000
UDOW,2024-12-23,48.085,48.8075,47.31,48.615,4830102,,https://api.nasdaq.com/api/quote/UDOW/historical?assetclass=etf&fromdate=2016-07-26&todate=2026-07-26&limit=5000
UDOW,2024-12-24,48.595,49.8573,48.38,49.795,2588240,,https://api.nasdaq.com/api/quote/UDOW/historical?assetclass=etf&fromdate=2016-07-26&todate=2026-07-26&limit=5000
UDOW,2024-12-26,49.28,50.205,49.26,50.03,2555568,,https://api.nasdaq.com/api/quote/UDOW/historical?assetclass=etf&fromdate=2016-07-26&todate=2026-07-26&limit=5000
UDOW,2024-12-27,49.11,49.675,47.995,48.91,4873912,,https://api.nasdaq.com/api/quote/UDOW/historical?assetclass=etf&fromdate=2016-07-26&todate=2026-07-26&limit=5000
UDOW,2024-12-30,47.325,48.075,46.32,47.435,5447806,,https://api.nasdaq.com/api/quote/UDOW/historical?assetclass=etf&fromdate=2016-07-26&todate=2026-07-26&limit=5000
UDOW,2024-12-31,47.77,48.045,46.825,47.275,3414740,,https://api.nasdaq.com/api/quote/UDOW/historical?assetclass=etf&fromdate=2016-07-26&todate=2026-07-26&limit=5000
UDOW,2025-01-02,48.225,48.445,45.991,46.74,4036214,,https://api.nasdaq.com/api/quote/UDOW/historical?assetclass=etf&fromdate=2016-07-26&todate=2026-07-26&limit=5000
UDOW,2025-01-03,47.36,47.983,46.825,47.78,3057466,,https://api.nasdaq.com/api/quote/UDOW/historical?assetclass=etf&fromdate=2016-07-26&todate=2026-07-26&limit=5000
UDOW,2025-01-06,48.325,49.11,47.415,47.76,4262774,,https://api.nasdaq.com/api/quote/UDOW/historical?assetclass=etf&fromdate=2016-07-26&todate=2026-07-26&limit=5000
UDOW,2025-01-07,48.345,48.4818,46.645,47.155,4368766,,https://api.nasdaq.com/api/quote/UDOW/historical?assetclass=etf&fromdate=2016-07-26&todate=2026-07-26&limit=5000
UDOW,2025-01-08,47.14,47.521,46.4314,47.39,3439814,,https://api.nasdaq.com/api/quote/UDOW/historical?assetclass=etf&fromdate=2016-07-26&todate=2026-07-26&limit=5000
UDOW,2025-01-10,46.735,46.74,44.89,45.07,5854546,,https://api.nasdaq.com/api/quote/UDOW/historical?assetclass=etf&fromdate=2016-07-26&todate=2026-07-26&limit=5000
UDOW,2025-01-13,44.865,46.3079,44.77,46.23,3412488,,https://api.nasdaq.com/api/quote/UDOW/historical?assetclass=etf&fromdate=2016-07-26&todate=2026-07-26&limit=5000
UDOW,2025-01-14,46.845,47.05,45.75,46.92,3605670,,https://api.nasdaq.com/api/quote/UDOW/historical?assetclass=etf&fromdate=2016-07-26&todate=2026-07-26&limit=5000
UDOW,2025-01-15,49.035,49.585,48.695,49.255,5160242,,https://api.nasdaq.com/api/quote/UDOW/historical?assetclass=etf&fromdate=2016-07-26&todate=2026-07-26&limit=5000
UDOW,2025-01-16,49.16,49.48,48.735,49.015,2650814,,https://api.nasdaq.com/api/quote/UDOW/historical?assetclass=etf&fromdate=2016-07-26&todate=2026-07-26&limit=5000
UDOW,2025-01-17,50.01,50.645,49.82,50.065,3742100,,https://api.nasdaq.com/api/quote/UDOW/historical?assetclass=etf&fromdate=2016-07-26&todate=2026-07-26&limit=5000
UDOW,2025-01-21,50.625,52.025,50.62,51.975,4052826,,https://api.nasdaq.com/api/quote/UDOW/historical?assetclass=etf&fromdate=2016-07-26&todate=2026-07-26&limit=5000
UDOW,2025-01-22,52.39,52.58,51.99,52.355,3448760,,https://api.nasdaq.com/api/quote/UDOW/historical?assetclass=etf&fromdate=2016-07-26&todate=2026-07-26&limit=5000
UDOW,2025-01-23,52.395,53.78,52.39,53.755,3233202,,https://api.nasdaq.com/api/quote/UDOW/historical?assetclass=etf&fromdate=2016-07-26&todate=2026-07-26&limit=5000
UDOW,2025-01-24,53.505,53.7552,52.965,53.24,2466396,,https://api.nasdaq.com/api/quote/UDOW/historical?assetclass=etf&fromdate=2016-07-26&todate=2026-07-26&limit=5000
UDOW,2025-01-27,51.99,54.375,51.95,54.305,5342512,,https://api.nasdaq.com/api/quote/UDOW/historical?assetclass=etf&fromdate=2016-07-26&todate=2026-07-26&limit=5000
UDOW,2025-01-28,54.33,55.26,53.97,54.76,3221230,,https://api.nasdaq.com/api/quote/UDOW/historical?assetclass=etf&fromdate=2016-07-26&todate=2026-07-26&limit=5000
UDOW,2025-01-29,54.655,55.205,53.79,54.315,3930694,,https://api.nasdaq.com/api/quote/UDOW/historical?assetclass=etf&fromdate=2016-07-26&todate=2026-07-26&limit=5000
UDOW,2025-01-30,54.05,55.355,53.975,54.86,2672368,,https://api.nasdaq.com/api/quote/UDOW/historical?assetclass=etf&fromdate=2016-07-26&todate=2026-07-26&limit=5000
UDOW,2025-01-31,55.31,55.405,53.45,53.57,3374122,,https://api.nasdaq.com/api/quote/UDOW/historical?assetclass=etf&fromdate=2016-07-26&todate=2026-07-26&limit=5000
UDOW,2025-02-03,51.62,53.745,51.16,53.125,5306676,,https://api.nasdaq.com/api/quote/UDOW/historical?assetclass=etf&fromdate=2016-07-26&todate=2026-07-26&limit=5000
UDOW,2025-02-04,53.12,53.75,52.765,53.585,2443526,,https://api.nasdaq.com/api/quote/UDOW/historical?assetclass=etf&fromdate=2016-07-26&todate=2026-07-26&limit=5000
UDOW,2025-02-05,53.635,54.75,52.815,54.69,2791190,,https://api.nasdaq.com/api/quote/UDOW/historical?assetclass=etf&fromdate=2016-07-26&todate=2026-07-26&limit=5000
UDOW,2025-02-06,54.925,55.045,53.48,54.205,2899566,,https://api.nasdaq.com/api/quote/UDOW/historical?assetclass=etf&fromdate=2016-07-26&todate=2026-07-26&limit=5000
UDOW,2025-02-07,54.335,54.57,52.495,52.63,3699906,,https://api.nasdaq.com/api/quote/UDOW/historical?assetclass=etf&fromdate=2016-07-26&todate=2026-07-26&limit=5000
UDOW,2025-02-10,53.555,53.73,52.59,53.175,2256148,,https://api.nasdaq.com/api/quote/UDOW/historical?assetclass=etf&fromdate=2016-07-26&todate=2026-07-26&limit=5000
UDOW,2025-02-11,52.665,53.8025,52.6161,53.66,2415646,,https://api.nasdaq.com/api/quote/UDOW/historical?assetclass=etf&fromdate=2016-07-26&todate=2026-07-26&limit=5000
UDOW,2025-02-12,52.29,53.16,51.8175,52.765,2610804,,https://api.nasdaq.com/api/quote/UDOW/historical?assetclass=etf&fromdate=2016-07-26&todate=2026-07-26&limit=5000
UDOW,2025-02-13,53.28,54.225,52.75,53.99,2527916,,https://api.nasdaq.com/api/quote/UDOW/historical?assetclass=etf&fromdate=2016-07-26&todate=2026-07-26&limit=5000
UDOW,2025-02-14,53.885,54.2485,53.265,53.44,2153442,,https://api.nasdaq.com/api/quote/UDOW/historical?assetclass=etf&fromdate=2016-07-26&todate=2026-07-26&limit=5000
UDOW,2025-02-18,53.22,53.4783,52.625,53.45,3705806,,https://api.nasdaq.com/api/quote/UDOW/historical?assetclass=etf&fromdate=2016-07-26&todate=2026-07-26&limit=5000
UDOW,2025-02-19,53,53.725,52.58,53.68,3180830,,https://api.nasdaq.com/api/quote/UDOW/historical?assetclass=etf&fromdate=2016-07-26&todate=2026-07-26&limit=5000
UDOW,2025-02-20,53.17,53.31,51.2749,52.125,4296420,,https://api.nasdaq.com/api/quote/UDOW/historical?assetclass=etf&fromdate=2016-07-26&todate=2026-07-26&limit=5000
UDOW,2025-02-21,51.165,51.275,49.13,49.405,6174638,,https://api.nasdaq.com/api/quote/UDOW/historical?assetclass=etf&fromdate=2016-07-26&todate=2026-07-26&limit=5000
UDOW,2025-02-24,49.96,50.315,49.115,49.515,3781172,,https://api.nasdaq.com/api/quote/UDOW/historical?assetclass=etf&fromdate=2016-07-26&todate=2026-07-26&limit=5000
UDOW,2025-02-25,49.83,50.525,48.865,50.045,5689866,,https://api.nasdaq.com/api/quote/UDOW/historical?assetclass=etf&fromdate=2016-07-26&todate=2026-07-26&limit=5000
UDOW,2025-02-26,50.13,50.8599,48.94,49.415,4142488,,https://api.nasdaq.com/api/quote/UDOW/historical?assetclass=etf&fromdate=2016-07-26&todate=2026-07-26&limit=5000
UDOW,2025-02-27,49.4325,50.89,48.635,48.735,4702082,,https://api.nasdaq.com/api/quote/UDOW/historical?assetclass=etf&fromdate=2016-07-26&todate=2026-07-26&limit=5000
UDOW,2025-02-28,48.94,50.85,48.24,50.705,4703758,,https://api.nasdaq.com/api/quote/UDOW/historical?assetclass=etf&fromdate=2016-07-26&todate=2026-07-26&limit=5000
UDOW,2025-03-03,51.1,51.495,47.6,48.525,6123656,,https://api.nasdaq.com/api/quote/UDOW/historical?assetclass=etf&fromdate=2016-07-26&todate=2026-07-26&limit=5000
UDOW,2025-03-04,47.69,48.1501,45.71,46.3,8325468,,https://api.nasdaq.com/api/quote/UDOW/historical?assetclass=etf&fromdate=2016-07-26&todate=2026-07-26&limit=5000
UDOW,2025-03-05,46.18,48.25,45.9079,47.8,4964606,,https://api.nasdaq.com/api/quote/UDOW/historical?assetclass=etf&fromdate=2016-07-26&todate=2026-07-26&limit=5000
UDOW,2025-03-06,46.435,47.75,45.7351,46.38,6297714,,https://api.nasdaq.com/api/quote/UDOW/historical?assetclass=etf&fromdate=2016-07-26&todate=2026-07-26&limit=5000
UDOW,2025-03-07,45.725,47.415,45.035,47.065,6986310,,https://api.nasdaq.com/api/quote/UDOW/historical?assetclass=etf&fromdate=2016-07-26&todate=2026-07-26&limit=5000
UDOW,2025-03-10,45.43,46.32,43.21,44.19,7208772,,https://api.nasdaq.com/api/quote/UDOW/historical?assetclass=etf&fromdate=2016-07-26&todate=2026-07-26&limit=5000
UDOW,2025-03-11,43.825,44.01,41.8598,42.625,9498794,,https://api.nasdaq.com/api/quote/UDOW/historical?assetclass=etf&fromdate=2016-07-26&todate=2026-07-26&limit=5000
UDOW,2025-03-12,43.32,43.525,41.3325,42.37,6602418,,https://api.nasdaq.com/api/quote/UDOW/historical?assetclass=etf&fromdate=2016-07-26&todate=2026-07-26&limit=5000
UDOW,2025-03-13,42.205,42.45,40.31,40.79,4525878,,https://api.nasdaq.com/api/quote/UDOW/historical?assetclass=etf&fromdate=2016-07-26&todate=2026-07-26&limit=5000
UDOW,2025-03-14,41.355,42.8899,41.07,42.7,3969018,,https://api.nasdaq.com/api/quote/UDOW/historical?assetclass=etf&fromdate=2016-07-26&todate=2026-07-26&limit=5000
UDOW,2025-03-17,42.605,44.38,42.55,43.895,2165808,,https://api.nasdaq.com/api/quote/UDOW/historical?assetclass=etf&fromdate=2016-07-26&todate=2026-07-26&limit=5000
UDOW,2025-03-18,43.615,43.71,42.485,43.04,3579892,,https://api.nasdaq.com/api/quote/UDOW/historical?assetclass=etf&fromdate=2016-07-26&todate=2026-07-26&limit=5000
UDOW,2025-03-19,43.355,44.88,43,44.255,3403786,,https://api.nasdaq.com/api/quote/UDOW/historical?assetclass=etf&fromdate=2016-07-26&todate=2026-07-26&limit=5000
UDOW,2025-03-20,43.42,45.0725,43.3291,44.12,2665086,,https://api.nasdaq.com/api/quote/UDOW/historical?assetclass=etf&fromdate=2016-07-26&todate=2026-07-26&limit=5000
UDOW,2025-03-21,43.055,44.29,42.46,44.16,4706220,,https://api.nasdaq.com/api/quote/UDOW/historical?assetclass=etf&fromdate=2016-07-26&todate=2026-07-26&limit=5000
UDOW,2025-03-24,45.32,46.24,45.18,45.99,2623420,,https://api.nasdaq.com/api/quote/UDOW/historical?assetclass=etf&fromdate=2016-07-26&todate=2026-07-26&limit=5000
UDOW,2025-03-25,46.275,46.435,45.625,46.09,2024902,,https://api.nasdaq.com/api/quote/UDOW/historical?assetclass=etf&fromdate=2016-07-26&todate=2026-07-26&limit=5000
UDOW,2025-03-26,46.065,46.68,45.06,45.42,2963180,,https://api.nasdaq.com/api/quote/UDOW/historical?assetclass=etf&fromdate=2016-07-26&todate=2026-07-26&limit=5000
UDOW,2025-03-27,45.235,45.675,44.5,44.98,2636710,,https://api.nasdaq.com/api/quote/UDOW/historical?assetclass=etf&fromdate=2016-07-26&todate=2026-07-26&limit=5000
UDOW,2025-03-28,44.635,44.755,42.48,42.61,4071696,,https://api.nasdaq.com/api/quote/UDOW/historical?assetclass=etf&fromdate=2016-07-26&todate=2026-07-26&limit=5000
UDOW,2025-03-31,41.54,44.355,41.32,43.91,4076138,,https://api.nasdaq.com/api/quote/UDOW/historical?assetclass=etf&fromdate=2016-07-26&todate=2026-07-26&limit=5000
UDOW,2025-04-01,43.435,44.3225,42.3725,43.815,4329558,,https://api.nasdaq.com/api/quote/UDOW/historical?assetclass=etf&fromdate=2016-07-26&todate=2026-07-26&limit=5000
UDOW,2025-04-02,42.75,45.07,42.72,44.53,4735296,,https://api.nasdaq.com/api/quote/UDOW/historical?assetclass=etf&fromdate=2016-07-26&todate=2026-07-26&limit=5000
UDOW,2025-04-03,41,41.225,39.155,39.265,7252248,,https://api.nasdaq.com/api/quote/UDOW/historical?assetclass=etf&fromdate=2016-07-26&todate=2026-07-26&limit=5000
UDOW,2025-04-04,36.195,36.69,32.655,32.81,9130116,,https://api.nasdaq.com/api/quote/UDOW/historical?assetclass=etf&fromdate=2016-07-26&todate=2026-07-26&limit=5000
UDOW,2025-04-07,29.745,35.07,28.45,31.845,24502540,,https://api.nasdaq.com/api/quote/UDOW/historical?assetclass=etf&fromdate=2016-07-26&todate=2026-07-26&limit=5000
UDOW,2025-04-08,35.315,35.545,29.68,31.09,12103640,,https://api.nasdaq.com/api/quote/UDOW/historical?assetclass=etf&fromdate=2016-07-26&todate=2026-07-26&limit=5000
UDOW,2025-04-09,29.95,38.7845,29.95,38.31,22271820,,https://api.nasdaq.com/api/quote/UDOW/historical?assetclass=etf&fromdate=2016-07-26&todate=2026-07-26&limit=5000
UDOW,2025-04-10,36.535,36.685,32.1725,35.445,15419472,,https://api.nasdaq.com/api/quote/UDOW/historical?assetclass=etf&fromdate=2016-07-26&todate=2026-07-26&limit=5000
UDOW,2025-04-11,35.03,37.615,34.545,37.04,6973510,,https://api.nasdaq.com/api/quote/UDOW/historical?assetclass=etf&fromdate=2016-07-26&todate=2026-07-26&limit=5000
UDOW,2025-04-14,38.58,38.685,36.95,38,6409670,,https://api.nasdaq.com/api/quote/UDOW/historical?assetclass=etf&fromdate=2016-07-26&todate=2026-07-26&limit=5000
UDOW,2025-04-15,38.1,38.725,37.46,37.505,4143098,,https://api.nasdaq.com/api/quote/UDOW/historical?assetclass=etf&fromdate=2016-07-26&todate=2026-07-26&limit=5000
UDOW,2025-04-16,37.115,37.655,34.8,35.555,5773076,,https://api.nasdaq.com/api/quote/UDOW/historical?assetclass=etf&fromdate=2016-07-26&todate=2026-07-26&limit=5000
UDOW,2025-04-17,34.16,34.9175,33.6187,34.125,5799284,,https://api.nasdaq.com/api/quote/UDOW/historical?assetclass=etf&fromdate=2016-07-26&todate=2026-07-26&limit=5000
UDOW,2025-04-21,33.345,33.41,30.705,31.56,5918790,,https://api.nasdaq.com/api/quote/UDOW/historical?assetclass=etf&fromdate=2016-07-26&todate=2026-07-26&limit=5000
UDOW,2025-04-22,32.615,34.3045,32.435,34.08,5223770,,https://api.nasdaq.com/api/quote/UDOW/historical?assetclass=etf&fromdate=2016-07-26&todate=2026-07-26&limit=5000
UDOW,2025-04-23,35.99,37.17,34.855,35.12,7350080,,https://api.nasdaq.com/api/quote/UDOW/historical?assetclass=etf&fromdate=2016-07-26&todate=2026-07-26&limit=5000
UDOW,2025-04-24,35.015,36.65,34.565,36.425,3975878,,https://api.nasdaq.com/api/quote/UDOW/historical?assetclass=etf&fromdate=2016-07-26&todate=2026-07-26&limit=5000
UDOW,2025-04-25,36.145,36.54,35.395,36.465,4453600,,https://api.nasdaq.com/api/quote/UDOW/historical?assetclass=etf&fromdate=2016-07-26&todate=2026-07-26&limit=5000
UDOW,2025-04-28,36.65,37.3,35.805,36.77,3856420,,https://api.nasdaq.com/api/quote/UDOW/historical?assetclass=etf&fromdate=2016-07-26&todate=2026-07-26&limit=5000
UDOW,2025-04-29,36.77,37.8621,36.7351,37.555,3820822,,https://api.nasdaq.com/api/quote/UDOW/historical?assetclass=etf&fromdate=2016-07-26&todate=2026-07-26&limit=5000
UDOW,2025-04-30,36.75,38.255,35.3875,37.85,5349958,,https://api.nasdaq.com/api/quote/UDOW/historical?assetclass=etf&fromdate=2016-07-26&todate=2026-07-26&limit=5000
UDOW,2025-05-01,38.47,39.1437,38.045,38.165,2706084,,https://api.nasdaq.com/api/quote/UDOW/historical?assetclass=etf&fromdate=2016-07-26&todate=2026-07-26&limit=5000
UDOW,2025-05-02,39.355,39.925,38.94,39.69,3150990,,https://api.nasdaq.com/api/quote/UDOW/historical?assetclass=etf&fromdate=2016-07-26&todate=2026-07-26&limit=5000
UDOW,2025-05-05,39.05,40.08,38.955,39.465,2528920,,https://api.nasdaq.com/api/quote/UDOW/historical?assetclass=etf&fromdate=2016-07-26&todate=2026-07-26&limit=5000
UDOW,2025-05-06,38.365,39.29,38.09,38.265,3250072,,https://api.nasdaq.com/api/quote/UDOW/historical?assetclass=etf&fromdate=2016-07-26&todate=2026-07-26&limit=5000
UDOW,2025-05-07,38.745,39.5549,38.285,39.055,3972620,,https://api.nasdaq.com/api/quote/UDOW/historical?assetclass=etf&fromdate=2016-07-26&todate=2026-07-26&limit=5000
UDOW,2025-05-08,39.63,40.97,39.235,39.865,3788292,,https://api.nasdaq.com/api/quote/UDOW/historical?assetclass=etf&fromdate=2016-07-26&todate=2026-07-26&limit=5000
UDOW,2025-05-09,39.99,40.21,39.16,39.415,2858586,,https://api.nasdaq.com/api/quote/UDOW/historical?assetclass=etf&fromdate=2016-07-26&todate=2026-07-26&limit=5000
UDOW,2025-05-12,42.41,42.7904,41.88,42.76,3728386,,https://api.nasdaq.com/api/quote/UDOW/historical?assetclass=etf&fromdate=2016-07-26&todate=2026-07-26&limit=5000
UDOW,2025-05-13,42.295,42.6902,41.92,41.945,3990360,,https://api.nasdaq.com/api/quote/UDOW/historical?assetclass=etf&fromdate=2016-07-26&todate=2026-07-26&limit=5000
UDOW,2025-05-14,42.105,42.285,41.37,41.645,4229000,,https://api.nasdaq.com/api/quote/UDOW/historical?assetclass=etf&fromdate=2016-07-26&todate=2026-07-26&limit=5000
UDOW,2025-05-15,41.04,42.565,41.035,42.515,4113232,,https://api.nasdaq.com/api/quote/UDOW/historical?assetclass=etf&fromdate=2016-07-26&todate=2026-07-26&limit=5000
UDOW,2025-05-16,42.625,43.55,42.265,43.505,2726450,,https://api.nasdaq.com/api/quote/UDOW/historical?assetclass=etf&fromdate=2016-07-26&todate=2026-07-26&limit=5000
UDOW,2025-05-19,42.605,44.11,42.585,43.945,4055964,,https://api.nasdaq.com/api/quote/UDOW/historical?assetclass=etf&fromdate=2016-07-26&todate=2026-07-26&limit=5000
UDOW,2025-05-20,43.725,43.9699,43,43.585,2338852,,https://api.nasdaq.com/api/quote/UDOW/historical?assetclass=etf&fromdate=2016-07-26&todate=2026-07-26&limit=5000
UDOW,2025-05-21,42.4,42.835,40.86,41.06,5109612,,https://api.nasdaq.com/api/quote/UDOW/historical?assetclass=etf&fromdate=2016-07-26&todate=2026-07-26&limit=5000
UDOW,2025-05-22,40.81,41.74,40.64,41.06,3784180,,https://api.nasdaq.com/api/quote/UDOW/historical?assetclass=etf&fromdate=2016-07-26&todate=2026-07-26&limit=5000
UDOW,2025-05-23,39.57,40.825,39.555,40.295,4011436,,https://api.nasdaq.com/api/quote/UDOW/historical?assetclass=etf&fromdate=2016-07-26&todate=2026-07-26&limit=5000
UDOW,2025-05-27,41.515,42.45,41.085,42.45,2868434,,https://api.nasdaq.com/api/quote/UDOW/historical?assetclass=etf&fromdate=2016-07-26&todate=2026-07-26&limit=5000
UDOW,2025-05-28,42.395,42.735,41.51,41.715,3118088,,https://api.nasdaq.com/api/quote/UDOW/historical?assetclass=etf&fromdate=2016-07-26&todate=2026-07-26&limit=5000
UDOW,2025-05-29,42.01,42.15,40.84,42.02,4382544,,https://api.nasdaq.com/api/quote/UDOW/historical?assetclass=etf&fromdate=2016-07-26&todate=2026-07-26&limit=5000
UDOW,2025-05-30,41.875,42.505,41.1,42.08,3330750,,https://api.nasdaq.com/api/quote/UDOW/historical?assetclass=etf&fromdate=2016-07-26&todate=2026-07-26&limit=5000
UDOW,2025-06-02,41.61,42.355,40.945,42.32,2634278,,https://api.nasdaq.com/api/quote/UDOW/historical?assetclass=etf&fromdate=2016-07-26&todate=2026-07-26&limit=5000
UDOW,2025-06-03,42.115,43.11,41.9325,42.99,2533310,,https://api.nasdaq.com/api/quote/UDOW/historical?assetclass=etf&fromdate=2016-07-26&todate=2026-07-26&limit=5000
UDOW,2025-06-04,43.105,43.34,42.655,42.67,1944026,,https://api.nasdaq.com/api/quote/UDOW/historical?assetclass=etf&fromdate=2016-07-26&todate=2026-07-26&limit=5000
UDOW,2025-06-05,42.94,43.215,42.015,42.37,3604292,,https://api.nasdaq.com/api/quote/UDOW/historical?assetclass=etf&fromdate=2016-07-26&todate=2026-07-26&limit=5000
UDOW,2025-06-06,43.465,44.14,43.095,43.64,2909638,,https://api.nasdaq.com/api/quote/UDOW/historical?assetclass=etf&fromdate=2016-07-26&todate=2026-07-26&limit=5000
UDOW,2025-06-09,43.675,44.045,43.035,43.625,3504178,,https://api.nasdaq.com/api/quote/UDOW/historical?assetclass=etf&fromdate=2016-07-26&todate=2026-07-26&limit=5000
UDOW,2025-06-10,43.59,44.145,43.475,43.99,3551850,,https://api.nasdaq.com/api/quote/UDOW/historical?assetclass=etf&fromdate=2016-07-26&todate=2026-07-26&limit=5000
UDOW,2025-06-11,44.08,44.725,43.55,43.975,4517494,,https://api.nasdaq.com/api/quote/UDOW/historical?assetclass=etf&fromdate=2016-07-26&todate=2026-07-26&limit=5000
UDOW,2025-06-12,43.535,44.24,43.1475,44.23,3798480,,https://api.nasdaq.com/api/quote/UDOW/historical?assetclass=etf&fromdate=2016-07-26&todate=2026-07-26&limit=5000
UDOW,2025-06-13,42.845,43.1,41.46,41.815,7829610,,https://api.nasdaq.com/api/quote/UDOW/historical?assetclass=etf&fromdate=2016-07-26&todate=2026-07-26&limit=5000
UDOW,2025-06-16,42.455,43.405,42.43,42.83,3503214,,https://api.nasdaq.com/api/quote/UDOW/historical?assetclass=etf&fromdate=2016-07-26&todate=2026-07-26&limit=5000
UDOW,2025-06-17,42.305,42.875,41.63,41.89,3133874,,https://api.nasdaq.com/api/quote/UDOW/historical?assetclass=etf&fromdate=2016-07-26&todate=2026-07-26&limit=5000
UDOW,2025-06-18,42.03,42.77,41.5675,41.775,2863164,,https://api.nasdaq.com/api/quote/UDOW/historical?assetclass=etf&fromdate=2016-07-26&todate=2026-07-26&limit=5000
UDOW,2025-06-20,42.24,42.475,41.465,41.755,3693434,,https://api.nasdaq.com/api/quote/UDOW/historical?assetclass=etf&fromdate=2016-07-26&todate=2026-07-26&limit=5000
UDOW,2025-06-23,41.815,42.995,41.105,42.92,5141514,,https://api.nasdaq.com/api/quote/UDOW/historical?assetclass=etf&fromdate=2016-07-26&todate=2026-07-26&limit=5000
UDOW,2025-06-24,43.775,44.725,43.51,44.42,3165518,,https://api.nasdaq.com/api/quote/UDOW/historical?assetclass=etf&fromdate=2016-07-26&todate=2026-07-26&limit=5000
UDOW,2025-06-25,44.2075,44.25,43.52,43.92,2896064,,https://api.nasdaq.com/api/quote/UDOW/historical?assetclass=etf&fromdate=2016-07-26&todate=2026-07-26&limit=5000
UDOW,2025-06-26,44.23,45.23,44.215,45.14,2646490,,https://api.nasdaq.com/api/quote/UDOW/historical?assetclass=etf&fromdate=2016-07-26&todate=2026-07-26&limit=5000
UDOW,2025-06-27,45.525,46.88,45.48,46.38,4126104,,https://api.nasdaq.com/api/quote/UDOW/historical?assetclass=etf&fromdate=2016-07-26&todate=2026-07-26&limit=5000
UDOW,2025-06-30,47.14,47.41,46.61,47.21,2618558,,https://api.nasdaq.com/api/quote/UDOW/historical?assetclass=etf&fromdate=2016-07-26&todate=2026-07-26&limit=5000
UDOW,2025-07-01,47.065,48.91,47,48.565,7025408,,https://api.nasdaq.com/api/quote/UDOW/historical?assetclass=etf&fromdate=2016-07-26&todate=2026-07-26&limit=5000
UDOW,2025-07-02,48.49,48.72,48.05,48.49,3704030,,https://api.nasdaq.com/api/quote/UDOW/historical?assetclass=etf&fromdate=2016-07-26&todate=2026-07-26&limit=5000
UDOW,2025-07-03,48.7425,49.79,48.73,49.51,3536342,,https://api.nasdaq.com/api/quote/UDOW/historical?assetclass=etf&fromdate=2016-07-26&todate=2026-07-26&limit=5000
UDOW,2025-07-07,49.2825,49.425,47.375,48.195,4749224,,https://api.nasdaq.com/api/quote/UDOW/historical?assetclass=etf&fromdate=2016-07-26&todate=2026-07-26&limit=5000
UDOW,2025-07-08,48.065,48.27,47.515,47.6,4600382,,https://api.nasdaq.com/api/quote/UDOW/historical?assetclass=etf&fromdate=2016-07-26&todate=2026-07-26&limit=5000
UDOW,2025-07-09,48.25,48.65,47.59,48.305,4850500,,https://api.nasdaq.com/api/quote/UDOW/historical?assetclass=etf&fromdate=2016-07-26&todate=2026-07-26&limit=5000
UDOW,2025-07-10,48.255,49.34,48.02,48.92,3271230,,https://api.nasdaq.com/api/quote/UDOW/historical?assetclass=etf&fromdate=2016-07-26&todate=2026-07-26&limit=5000
UDOW,2025-07-11,47.97,48.215,47.66,47.94,5475418,,https://api.nasdaq.com/api/quote/UDOW/historical?assetclass=etf&fromdate=2016-07-26&todate=2026-07-26&limit=5000
UDOW,2025-07-14,47.775,48.29,47.58,48.255,3689058,,https://api.nasdaq.com/api/quote/UDOW/historical?assetclass=etf&fromdate=2016-07-26&todate=2026-07-26&limit=5000
UDOW,2025-07-15,48.205,48.415,46.773,46.78,6667724,,https://api.nasdaq.com/api/quote/UDOW/historical?assetclass=etf&fromdate=2016-07-26&todate=2026-07-26&limit=5000
UDOW,2025-07-16,47.31,47.555,45.96,47.485,6737900,,https://api.nasdaq.com/api/quote/UDOW/historical?assetclass=etf&fromdate=2016-07-26&todate=2026-07-26&limit=5000
UDOW,2025-07-17,47.36,48.495,47.315,48.315,4667440,,https://api.nasdaq.com/api/quote/UDOW/historical?assetclass=etf&fromdate=2016-07-26&todate=2026-07-26&limit=5000
UDOW,2025-07-18,48.56,48.59,47.39,47.76,4893000,,https://api.nasdaq.com/api/quote/UDOW/historical?assetclass=etf&fromdate=2016-07-26&todate=2026-07-26&limit=5000
UDOW,2025-07-21,48.055,48.63,47.705,47.8,4405546,,https://api.nasdaq.com/api/quote/UDOW/historical?assetclass=etf&fromdate=2016-07-26&todate=2026-07-26&limit=5000
UDOW,2025-07-22,47.6,48.425,47.595,48.26,4500032,,https://api.nasdaq.com/api/quote/UDOW/historical?assetclass=etf&fromdate=2016-07-26&todate=2026-07-26&limit=5000
UDOW,2025-07-23,49.02,49.98,48.71,49.96,6135160,,https://api.nasdaq.com/api/quote/UDOW/historical?assetclass=etf&fromdate=2016-07-26&todate=2026-07-26&limit=5000
UDOW,2025-07-24,48.895,49.59,48.815,48.925,4664810,,https://api.nasdaq.com/api/quote/UDOW/historical?assetclass=etf&fromdate=2016-07-26&todate=2026-07-26&limit=5000
UDOW,2025-07-25,49.025,49.625,48.6595,49.515,3438816,,https://api.nasdaq.com/api/quote/UDOW/historical?assetclass=etf&fromdate=2016-07-26&todate=2026-07-26&limit=5000
UDOW,2025-07-28,49.365,49.64,48.955,49.275,3736676,,https://api.nasdaq.com/api/quote/UDOW/historical?assetclass=etf&fromdate=2016-07-26&todate=2026-07-26&limit=5000
UDOW,2025-07-29,49.345,49.415,48.37,48.66,4021086,,https://api.nasdaq.com/api/quote/UDOW/historical?assetclass=etf&fromdate=2016-07-26&todate=2026-07-26&limit=5000
UDOW,2025-07-30,48.695,48.925,47.36,48.035,5830584,,https://api.nasdaq.com/api/quote/UDOW/historical?assetclass=etf&fromdate=2016-07-26&todate=2026-07-26&limit=5000
UDOW,2025-07-31,48.21,48.505,46.67,46.94,5913478,,https://api.nasdaq.com/api/quote/UDOW/historical?assetclass=etf&fromdate=2016-07-26&todate=2026-07-26&limit=5000
UDOW,2025-08-01,45.745,45.75,44.37,45.105,6137268,,https://api.nasdaq.com/api/quote/UDOW/historical?assetclass=etf&fromdate=2016-07-26&todate=2026-07-26&limit=5000
UDOW,2025-08-04,45.75,46.995,45.685,46.975,3109208,,https://api.nasdaq.com/api/quote/UDOW/historical?assetclass=etf&fromdate=2016-07-26&todate=2026-07-26&limit=5000
UDOW,2025-08-05,46.97,47.34,46.14,46.745,3822248,,https://api.nasdaq.com/api/quote/UDOW/historical?assetclass=etf&fromdate=2016-07-26&todate=2026-07-26&limit=5000
UDOW,2025-08-06,47.035,47.31,46.4148,46.995,3515760,,https://api.nasdaq.com/api/quote/UDOW/historical?assetclass=etf&fromdate=2016-07-26&todate=2026-07-26&limit=5000
UDOW,2025-08-07,47.73,47.96,45.725,46.29,5345808,,https://api.nasdaq.com/api/quote/UDOW/historical?assetclass=etf&fromdate=2016-07-26&todate=2026-07-26&limit=5000
UDOW,2025-08-08,46.565,47.22,46.4125,46.9,3915310,,https://api.nasdaq.com/api/quote/UDOW/historical?assetclass=etf&fromdate=2016-07-26&todate=2026-07-26&limit=5000
UDOW,2025-08-11,47.035,47.2025,46.055,46.31,4185784,,https://api.nasdaq.com/api/quote/UDOW/historical?assetclass=etf&fromdate=2016-07-26&todate=2026-07-26&limit=5000
UDOW,2025-08-12,46.805,47.895,46.645,47.73,4165876,,https://api.nasdaq.com/api/quote/UDOW/historical?assetclass=etf&fromdate=2016-07-26&todate=2026-07-26&limit=5000
UDOW,2025-08-13,48.31,49.3374,48.1775,49.28,4990080,,https://api.nasdaq.com/api/quote/UDOW/historical?assetclass=etf&fromdate=2016-07-26&todate=2026-07-26&limit=5000
UDOW,2025-08-14,48.71,49.33,48.455,49.17,3224658,,https://api.nasdaq.com/api/quote/UDOW/historical?assetclass=etf&fromdate=2016-07-26&todate=2026-07-26&limit=5000
UDOW,2025-08-15,50.13,50.16,49.15,49.345,3594748,,https://api.nasdaq.com/api/quote/UDOW/historical?assetclass=etf&fromdate=2016-07-26&todate=2026-07-26&limit=5000
UDOW,2025-08-18,49.265,49.465,49.0325,49.17,2515912,,https://api.nasdaq.com/api/quote/UDOW/historical?assetclass=etf&fromdate=2016-07-26&todate=2026-07-26&limit=5000
UDOW,2025-08-19,49.405,50.155,48.87,49.225,4941186,,https://api.nasdaq.com/api/quote/UDOW/historical?assetclass=etf&fromdate=2016-07-26&todate=2026-07-26&limit=5000
UDOW,2025-08-20,49.37,49.605,48.675,49.205,4675384,,https://api.nasdaq.com/api/quote/UDOW/historical?assetclass=etf&fromdate=2016-07-26&todate=2026-07-26&limit=5000
UDOW,2025-08-21,48.675,49.11,48.07,48.74,3847336,,https://api.nasdaq.com/api/quote/UDOW/historical?assetclass=etf&fromdate=2016-07-26&todate=2026-07-26&limit=5000
UDOW,2025-08-22,49.52,51.9425,49.48,51.515,6833400,,https://api.nasdaq.com/api/quote/UDOW/historical?assetclass=etf&fromdate=2016-07-26&todate=2026-07-26&limit=5000
UDOW,2025-08-25,51.185,51.3708,50.305,50.335,3501730,,https://api.nasdaq.com/api/quote/UDOW/historical?assetclass=etf&fromdate=2016-07-26&todate=2026-07-26&limit=5000
UDOW,2025-08-26,50.19,50.8599,50.125,50.77,3590292,,https://api.nasdaq.com/api/quote/UDOW/historical?assetclass=etf&fromdate=2016-07-26&todate=2026-07-26&limit=5000
UDOW,2025-08-27,50.67,51.475,50.66,51.265,2659852,,https://api.nasdaq.com/api/quote/UDOW/historical?assetclass=etf&fromdate=2016-07-26&todate=2026-07-26&limit=5000
UDOW,2025-08-28,51.43,51.635,50.84,51.5,3852862,,https://api.nasdaq.com/api/quote/UDOW/historical?assetclass=etf&fromdate=2016-07-26&todate=2026-07-26&limit=5000
UDOW,2025-08-29,51.23,51.47,50.605,51.22,3834968,,https://api.nasdaq.com/api/quote/UDOW/historical?assetclass=etf&fromdate=2016-07-26&todate=2026-07-26&limit=5000
UDOW,2025-09-02,49.82,50.39,49.2,50.36,3753954,,https://api.nasdaq.com/api/quote/UDOW/historical?assetclass=etf&fromdate=2016-07-26&todate=2026-07-26&limit=5000
UDOW,2025-09-03,50.11,50.3991,49.325,50.24,3239518,,https://api.nasdaq.com/api/quote/UDOW/historical?assetclass=etf&fromdate=2016-07-26&todate=2026-07-26&limit=5000
UDOW,2025-09-04,50.31,51.54,50.005,51.46,3565406,,https://api.nasdaq.com/api/quote/UDOW/historical?assetclass=etf&fromdate=2016-07-26&todate=2026-07-26&limit=5000
UDOW,2025-09-05,51.46,51.97,50.06,50.73,4446958,,https://api.nasdaq.com/api/quote/UDOW/historical?assetclass=etf&fromdate=2016-07-26&todate=2026-07-26&limit=5000
UDOW,2025-09-08,50.85,51.155,50.275,51.13,4100924,,https://api.nasdaq.com/api/quote/UDOW/historical?assetclass=etf&fromdate=2016-07-26&todate=2026-07-26&limit=5000
UDOW,2025-09-09,51.035,51.895,50.78,51.73,5091774,,https://api.nasdaq.com/api/quote/UDOW/historical?assetclass=etf&fromdate=2016-07-26&todate=2026-07-26&limit=5000
UDOW,2025-09-10,51.6,51.6863,50.595,51,5869210,,https://api.nasdaq.com/api/quote/UDOW/historical?assetclass=etf&fromdate=2016-07-26&todate=2026-07-26&limit=5000
UDOW,2025-09-11,51.31,53.12,51.2075,52.99,4340226,,https://api.nasdaq.com/api/quote/UDOW/historical?assetclass=etf&fromdate=2016-07-26&todate=2026-07-26&limit=5000
UDOW,2025-09-12,52.75,52.87,51.965,52.04,3420224,,https://api.nasdaq.com/api/quote/UDOW/historical?assetclass=etf&fromdate=2016-07-26&todate=2026-07-26&limit=5000
UDOW,2025-09-15,52.26,52.565,51.875,52.3,4636642,,https://api.nasdaq.com/api/quote/UDOW/historical?assetclass=etf&fromdate=2016-07-26&todate=2026-07-26&limit=5000
UDOW,2025-09-16,52.29,52.52,51.485,51.83,2891364,,https://api.nasdaq.com/api/quote/UDOW/historical?assetclass=etf&fromdate=2016-07-26&todate=2026-07-26&limit=5000
UDOW,2025-09-17,52.1525,53.5386,51.55,52.655,5029196,,https://api.nasdaq.com/api/quote/UDOW/historical?assetclass=etf&fromdate=2016-07-26&todate=2026-07-26&limit=5000
UDOW,2025-09-18,52.64,53.7,52.435,53.11,4853804,,https://api.nasdaq.com/api/quote/UDOW/historical?assetclass=etf&fromdate=2016-07-26&todate=2026-07-26&limit=5000
UDOW,2025-09-19,53.545,53.91,52.925,53.62,3443272,,https://api.nasdaq.com/api/quote/UDOW/historical?assetclass=etf&fromdate=2016-07-26&todate=2026-07-26&limit=5000
UDOW,2025-09-22,52.99,54.08,52.64,53.86,2704652,,https://api.nasdaq.com/api/quote/UDOW/historical?assetclass=etf&fromdate=2016-07-26&todate=2026-07-26&limit=5000
UDOW,2025-09-23,54.03,55.01,53.285,53.6,3437380,,https://api.nasdaq.com/api/quote/UDOW/historical?assetclass=etf&fromdate=2016-07-26&todate=2026-07-26&limit=5000
UDOW,2025-09-24,53.535,53.87,52.615,52.7,2961138,,https://api.nasdaq.com/api/quote/UDOW/historical?assetclass=etf&fromdate=2016-07-26&todate=2026-07-26&limit=5000
UDOW,2025-09-25,52.3,52.69,51.553,52.13,2127610,,https://api.nasdaq.com/api/quote/UDOW/historical?assetclass=etf&fromdate=2016-07-26&todate=2026-07-26&limit=5000
UDOW,2025-09-26,52.7,53.445,52.4,53.05,2966284,,https://api.nasdaq.com/api/quote/UDOW/historical?assetclass=etf&fromdate=2016-07-26&todate=2026-07-26&limit=5000
UDOW,2025-09-29,53.565,53.565,52.705,53.305,3322982,,https://api.nasdaq.com/api/quote/UDOW/historical?assetclass=etf&fromdate=2016-07-26&todate=2026-07-26&limit=5000
UDOW,2025-09-30,53.125,53.64,52.53,53.525,3154136,,https://api.nasdaq.com/api/quote/UDOW/historical?assetclass=etf&fromdate=2016-07-26&todate=2026-07-26&limit=5000
UDOW,2025-10-01,53.105,53.99,53.1,53.68,4523740,,https://api.nasdaq.com/api/quote/UDOW/historical?assetclass=etf&fromdate=2016-07-26&todate=2026-07-26&limit=5000
UDOW,2025-10-02,53.69,54.19,53.105,53.98,4264994,,https://api.nasdaq.com/api/quote/UDOW/historical?assetclass=etf&fromdate=2016-07-26&todate=2026-07-26&limit=5000
UDOW,2025-10-03,54.155,55.75,54.12,54.755,4558682,,https://api.nasdaq.com/api/quote/UDOW/historical?assetclass=etf&fromdate=2016-07-26&todate=2026-07-26&limit=5000
UDOW,2025-10-06,55.01,55.075,53.595,54.495,5191670,,https://api.nasdaq.com/api/quote/UDOW/historical?assetclass=etf&fromdate=2016-07-26&todate=2026-07-26&limit=5000
UDOW,2025-10-07,54.73,55.1148,53.645,54.18,5923434,,https://api.nasdaq.com/api/quote/UDOW/historical?assetclass=etf&fromdate=2016-07-26&todate=2026-07-26&limit=5000
UDOW,2025-10-08,54.63,54.925,53.815,54.205,6021122,,https://api.nasdaq.com/api/quote/UDOW/historical?assetclass=etf&fromdate=2016-07-26&todate=2026-07-26&limit=5000
UDOW,2025-10-09,54.225,54.435,52.99,53.285,5764012,,https://api.nasdaq.com/api/quote/UDOW/historical?assetclass=etf&fromdate=2016-07-26&todate=2026-07-26&limit=5000
UDOW,2025-10-10,53.78,54.26,50.195,50.26,8439502,,https://api.nasdaq.com/api/quote/UDOW/historical?assetclass=etf&fromdate=2016-07-26&todate=2026-07-26&limit=5000
UDOW,2025-10-13,51.3625,52.465,51.3,52.175,4436948,,https://api.nasdaq.com/api/quote/UDOW/historical?assetclass=etf&fromdate=2016-07-26&todate=2026-07-26&limit=5000
UDOW,2025-10-14,50.92,53.69,50.08,52.85,6226272,,https://api.nasdaq.com/api/quote/UDOW/historical?assetclass=etf&fromdate=2016-07-26&todate=2026-07-26&limit=5000
UDOW,2025-10-15,53.5,54.28,51.99,52.85,5047020,,https://api.nasdaq.com/api/quote/UDOW/historical?assetclass=etf&fromdate=2016-07-26&todate=2026-07-26&limit=5000
UDOW,2025-10-16,53.05,53.35,51.15,51.76,6619396,,https://api.nasdaq.com/api/quote/UDOW/historical?assetclass=etf&fromdate=2016-07-26&todate=2026-07-26&limit=5000
UDOW,2025-10-17,51.66,52.94,51.55,52.475,4400950,,https://api.nasdaq.com/api/quote/UDOW/historical?assetclass=etf&fromdate=2016-07-26&todate=2026-07-26&limit=5000
UDOW,2025-10-20,53.05,54.44,53.035,54.26,3693168,,https://api.nasdaq.com/api/quote/UDOW/historical?assetclass=etf&fromdate=2016-07-26&todate=2026-07-26&limit=5000
UDOW,2025-10-21,54.26,55.725,54.21,55.03,3689022,,https://api.nasdaq.com/api/quote/UDOW/historical?assetclass=etf&fromdate=2016-07-26&todate=2026-07-26&limit=5000
UDOW,2025-10-22,55,55.005,53.34,53.82,4734754,,https://api.nasdaq.com/api/quote/UDOW/historical?assetclass=etf&fromdate=2016-07-26&todate=2026-07-26&limit=5000
UDOW,2025-10-23,53.705,54.53,53.46,54.3,3819756,,https://api.nasdaq.com/api/quote/UDOW/historical?assetclass=etf&fromdate=2016-07-26&todate=2026-07-26&limit=5000
UDOW,2025-10-24,55.205,56.325,54.955,55.95,3838076,,https://api.nasdaq.com/api/quote/UDOW/historical?assetclass=etf&fromdate=2016-07-26&todate=2026-07-26&limit=5000
UDOW,2025-10-27,56.845,57.155,56.485,57.06,3398058,,https://api.nasdaq.com/api/quote/UDOW/historical?assetclass=etf&fromdate=2016-07-26&todate=2026-07-26&limit=5000
UDOW,2025-10-28,58.285,58.51,57.58,57.705,4044446,,https://api.nasdaq.com/api/quote/UDOW/historical?assetclass=etf&fromdate=2016-07-26&todate=2026-07-26&limit=5000
UDOW,2025-10-29,58.245,58.86,56.715,57.435,7574446,,https://api.nasdaq.com/api/quote/UDOW/historical?assetclass=etf&fromdate=2016-07-26&todate=2026-07-26&limit=5000
UDOW,2025-10-30,56.54,58.74,56.5,56.915,5347076,,https://api.nasdaq.com/api/quote/UDOW/historical?assetclass=etf&fromdate=2016-07-26&todate=2026-07-26&limit=5000
UDOW,2025-10-31,57.15,57.6061,56.28,57.08,5127796,,https://api.nasdaq.com/api/quote/UDOW/historical?assetclass=etf&fromdate=2016-07-26&todate=2026-07-26&limit=5000
UDOW,2025-11-03,57.245,57.2925,55.4975,56.295,4927666,,https://api.nasdaq.com/api/quote/UDOW/historical?assetclass=etf&fromdate=2016-07-26&todate=2026-07-26&limit=5000
UDOW,2025-11-04,55.17,55.985,54.6,55.36,7031230,,https://api.nasdaq.com/api/quote/UDOW/historical?assetclass=etf&fromdate=2016-07-26&todate=2026-07-26&limit=5000
UDOW,2025-11-05,55.3,56.61,55.15,56.09,6478320,,https://api.nasdaq.com/api/quote/UDOW/historical?assetclass=etf&fromdate=2016-07-26&todate=2026-07-26&limit=5000
UDOW,2025-11-06,55.71,56.2159,54.225,54.715,6076722,,https://api.nasdaq.com/api/quote/UDOW/historical?assetclass=etf&fromdate=2016-07-26&todate=2026-07-26&limit=5000
UDOW,2025-11-07,54.335,54.915,53.135,54.885,7645536,,https://api.nasdaq.com/api/quote/UDOW/historical?assetclass=etf&fromdate=2016-07-26&todate=2026-07-26&limit=5000
UDOW,2025-11-10,55.545,56.365,54.715,56.22,6125070,,https://api.nasdaq.com/api/quote/UDOW/historical?assetclass=etf&fromdate=2016-07-26&todate=2026-07-26&limit=5000
UDOW,2025-11-11,56.39,58.39,56.305,58.23,5697178,,https://api.nasdaq.com/api/quote/UDOW/historical?assetclass=etf&fromdate=2016-07-26&todate=2026-07-26&limit=5000
UDOW,2025-11-12,58.61,60.035,58.61,59.455,11258198,,https://api.nasdaq.com/api/quote/UDOW/historical?assetclass=etf&fromdate=2016-07-26&todate=2026-07-26&limit=5000
UDOW,2025-11-13,58.925,59.285,56.275,56.475,8061160,,https://api.nasdaq.com/api/quote/UDOW/historical?assetclass=etf&fromdate=2016-07-26&todate=2026-07-26&limit=5000
UDOW,2025-11-14,55.21,56.1649,54.3209,55.375,9322922,,https://api.nasdaq.com/api/quote/UDOW/historical?assetclass=etf&fromdate=2016-07-26&todate=2026-07-26&limit=5000
UDOW,2025-11-17,55.01,55.5325,52.795,53.405,9519982,,https://api.nasdaq.com/api/quote/UDOW/historical?assetclass=etf&fromdate=2016-07-26&todate=2026-07-26&limit=5000
UDOW,2025-11-18,51.975,52.63,51.06,51.69,24205900,,https://api.nasdaq.com/api/quote/UDOW/historical?assetclass=etf&fromdate=2016-07-26&todate=2026-07-26&limit=5000
UDOW,2025-11-19,51.725,52.355,51.015,51.78,13135902,,https://api.nasdaq.com/api/quote/UDOW/historical?assetclass=etf&fromdate=2016-07-26&todate=2026-07-26&limit=5000
UDOW,2025-11-20,53.39,54.24,50.43,50.53,22463070,,https://api.nasdaq.com/api/quote/UDOW/historical?assetclass=etf&fromdate=2016-07-26&todate=2026-07-26&limit=5000
UDOW,2025-11-21,51.16,53.26,50.62,52.21,23032060,,https://api.nasdaq.com/api/quote/UDOW/historical?assetclass=etf&fromdate=2016-07-26&todate=2026-07-26&limit=5000
UDOW,2025-11-24,52.59,53.275,51.64,52.76,4957420,,https://api.nasdaq.com/api/quote/UDOW/historical?assetclass=etf&fromdate=2016-07-26&todate=2026-07-26&limit=5000
UDOW,2025-11-25,53.15,55.31,52.45,55.06,5060198,,https://api.nasdaq.com/api/quote/UDOW/historical?assetclass=etf&fromdate=2016-07-26&todate=2026-07-26&limit=5000
UDOW,2025-11-26,55.43,56.6635,55.34,56.14,2384443,,https://api.nasdaq.com/api/quote/UDOW/historical?assetclass=etf&fromdate=2016-07-26&todate=2026-07-26&limit=5000
UDOW,2025-11-28,56.4,57.27,56.31,57.11,1028446,,https://api.nasdaq.com/api/quote/UDOW/historical?assetclass=etf&fromdate=2016-07-26&todate=2026-07-26&limit=5000
UDOW,2025-12-01,56.09,57.03,55.59,55.73,2889057,,https://api.nasdaq.com/api/quote/UDOW/historical?assetclass=etf&fromdate=2016-07-26&todate=2026-07-26&limit=5000
UDOW,2025-12-02,56.03,56.8101,55.62,56.39,3585513,,https://api.nasdaq.com/api/quote/UDOW/historical?assetclass=etf&fromdate=2016-07-26&todate=2026-07-26&limit=5000
UDOW,2025-12-03,56.215,58.11,56.18,57.84,3198222,,https://api.nasdaq.com/api/quote/UDOW/historical?assetclass=etf&fromdate=2016-07-26&todate=2026-07-26&limit=5000
UDOW,2025-12-04,57.95,58.48,57.14,57.71,2528280,,https://api.nasdaq.com/api/quote/UDOW/historical?assetclass=etf&fromdate=2016-07-26&todate=2026-07-26&limit=5000
UDOW,2025-12-05,57.8,58.68,57.742,57.98,2829828,,https://api.nasdaq.com/api/quote/UDOW/historical?assetclass=etf&fromdate=2016-07-26&todate=2026-07-26&limit=5000
UDOW,2025-12-08,58.17,58.17,56.8301,57.31,3019026,,https://api.nasdaq.com/api/quote/UDOW/historical?assetclass=etf&fromdate=2016-07-26&todate=2026-07-26&limit=5000
UDOW,2025-12-09,57.26,58.06,56.54,56.67,4355834,,https://api.nasdaq.com/api/quote/UDOW/historical?assetclass=etf&fromdate=2016-07-26&todate=2026-07-26&limit=5000
UDOW,2025-12-10,56.57,58.9177,56.27,58.42,4662449,,https://api.nasdaq.com/api/quote/UDOW/historical?assetclass=etf&fromdate=2016-07-26&todate=2026-07-26&limit=5000
UDOW,2025-12-11,58.7,60.95,58.62,60.78,3802999,,https://api.nasdaq.com/api/quote/UDOW/historical?assetclass=etf&fromdate=2016-07-26&todate=2026-07-26&limit=5000
UDOW,2025-12-12,61.05,61.39,59.34,59.78,5712602,,https://api.nasdaq.com/api/quote/UDOW/historical?assetclass=etf&fromdate=2016-07-26&todate=2026-07-26&limit=5000
UDOW,2025-12-15,60.57,60.635,59.16,59.7,2605026,,https://api.nasdaq.com/api/quote/UDOW/historical?assetclass=etf&fromdate=2016-07-26&todate=2026-07-26&limit=5000
UDOW,2025-12-16,59.42,59.79,57.89,58.48,5675278,,https://api.nasdaq.com/api/quote/UDOW/historical?assetclass=etf&fromdate=2016-07-26&todate=2026-07-26&limit=5000
UDOW,2025-12-17,58.76,59.5099,57.5729,57.67,5040736,,https://api.nasdaq.com/api/quote/UDOW/historical?assetclass=etf&fromdate=2016-07-26&todate=2026-07-26&limit=5000
UDOW,2025-12-18,58.55,59.41,57.55,57.92,3323681,,https://api.nasdaq.com/api/quote/UDOW/historical?assetclass=etf&fromdate=2016-07-26&todate=2026-07-26&limit=5000
UDOW,2025-12-19,58.3,59.08,58.23,58.49,1845416,,https://api.nasdaq.com/api/quote/UDOW/historical?assetclass=etf&fromdate=2016-07-26&todate=2026-07-26&limit=5000
UDOW,2025-12-22,58.75,59.66,58.7499,59.32,1666294,,https://api.nasdaq.com/api/quote/UDOW/historical?assetclass=etf&fromdate=2016-07-26&todate=2026-07-26&limit=5000
UDOW,2025-12-23,58.85,59.91,58.83,59.55,1391682,,https://api.nasdaq.com/api/quote/UDOW/historical?assetclass=etf&fromdate=2016-07-26&todate=2026-07-26&limit=5000
UDOW,2025-12-24,59.33,60.5762,59.1113,60.37,1103120,,https://api.nasdaq.com/api/quote/UDOW/historical?assetclass=etf&fromdate=2016-07-26&todate=2026-07-26&limit=5000
UDOW,2025-12-26,60.27,60.5465,59.8501,60.33,1499005,,https://api.nasdaq.com/api/quote/UDOW/historical?assetclass=etf&fromdate=2016-07-26&todate=2026-07-26&limit=5000
UDOW,2025-12-29,59.9,60.26,59.1,59.39,1656516,,https://api.nasdaq.com/api/quote/UDOW/historical?assetclass=etf&fromdate=2016-07-26&todate=2026-07-26&limit=5000
UDOW,2025-12-30,59.39,59.42,58.73,59.04,1518311,,https://api.nasdaq.com/api/quote/UDOW/historical?assetclass=etf&fromdate=2016-07-26&todate=2026-07-26&limit=5000
UDOW,2025-12-31,59.02,59.0799,57.815,57.91,1828991,,https://api.nasdaq.com/api/quote/UDOW/historical?assetclass=etf&fromdate=2016-07-26&todate=2026-07-26&limit=5000
UDOW,2026-01-02,58.27,59.05,57.05,58.95,5216094,,https://api.nasdaq.com/api/quote/UDOW/historical?assetclass=etf&fromdate=2016-07-26&todate=2026-07-26&limit=5000
UDOW,2026-01-05,59.21,61.99,59.14,61.18,7258590,,https://api.nasdaq.com/api/quote/UDOW/historical?assetclass=etf&fromdate=2016-07-26&todate=2026-07-26&limit=5000
UDOW,2026-01-06,61,63.16,60.86,62.97,4439081,,https://api.nasdaq.com/api/quote/UDOW/historical?assetclass=etf&fromdate=2016-07-26&todate=2026-07-26&limit=5000
UDOW,2026-01-07,63.34,63.58,61.01,61.19,4170505,,https://api.nasdaq.com/api/quote/UDOW/historical?assetclass=etf&fromdate=2016-07-26&todate=2026-07-26&limit=5000
UDOW,2026-01-08,60.37,62.48,60.36,62.12,4229144,,https://api.nasdaq.com/api/quote/UDOW/historical?assetclass=etf&fromdate=2016-07-26&todate=2026-07-26&limit=5000
UDOW,2026-01-09,62.2,63.2599,61.85,63.02,4423543,,https://api.nasdaq.com/api/quote/UDOW/historical?assetclass=etf&fromdate=2016-07-26&todate=2026-07-26&limit=5000
UDOW,2026-01-12,61.97,63.5,61.1,63.34,3947418,,https://api.nasdaq.com/api/quote/UDOW/historical?assetclass=etf&fromdate=2016-07-26&todate=2026-07-26&limit=5000
UDOW,2026-01-13,63.18,63.33,61.295,61.78,4179519,,https://api.nasdaq.com/api/quote/UDOW/historical?assetclass=etf&fromdate=2016-07-26&todate=2026-07-26&limit=5000
UDOW,2026-01-14,61.31,61.78,60.51,61.66,3675913,,https://api.nasdaq.com/api/quote/UDOW/historical?assetclass=etf&fromdate=2016-07-26&todate=2026-07-26&limit=5000
UDOW,2026-01-15,61.91,63.22,61.88,62.71,4552325,,https://api.nasdaq.com/api/quote/UDOW/historical?assetclass=etf&fromdate=2016-07-26&todate=2026-07-26&limit=5000
UDOW,2026-01-16,62.705,63.3,61.88,62.31,2782918,,https://api.nasdaq.com/api/quote/UDOW/historical?assetclass=etf&fromdate=2016-07-26&todate=2026-07-26&limit=5000
UDOW,2026-01-20,59.545,60.65,58.83,59.12,5034540,,https://api.nasdaq.com/api/quote/UDOW/historical?assetclass=etf&fromdate=2016-07-26&todate=2026-07-26&limit=5000
UDOW,2026-01-21,59.335,61.9718,59.31,61.18,4300866,,https://api.nasdaq.com/api/quote/UDOW/historical?assetclass=etf&fromdate=2016-07-26&todate=2026-07-26&limit=5000
UDOW,2026-01-22,62.19,63.14,61.8208,62.28,3433654,,https://api.nasdaq.com/api/quote/UDOW/historical?assetclass=etf&fromdate=2016-07-26&todate=2026-07-26&limit=5000
UDOW,2026-01-23,61.51,61.63,60.67,61.2,2969394,,https://api.nasdaq.com/api/quote/UDOW/historical?assetclass=etf&fromdate=2016-07-26&todate=2026-07-26&limit=5000
UDOW,2026-01-26,61.53,62.625,61.36,62.31,2454216,,https://api.nasdaq.com/api/quote/UDOW/historical?assetclass=etf&fromdate=2016-07-26&todate=2026-07-26&limit=5000
UDOW,2026-01-27,61.02,61.38,60.24,60.82,3821547,,https://api.nasdaq.com/api/quote/UDOW/historical?assetclass=etf&fromdate=2016-07-26&todate=2026-07-26&limit=5000
UDOW,2026-01-28,60.86,61.27,60.37,60.84,3845310,,https://api.nasdaq.com/api/quote/UDOW/historical?assetclass=etf&fromdate=2016-07-26&todate=2026-07-26&limit=5000
UDOW,2026-01-29,60.76,61.8375,59.21,60.81,5946695,,https://api.nasdaq.com/api/quote/UDOW/historical?assetclass=etf&fromdate=2016-07-26&todate=2026-07-26&limit=5000
UDOW,2026-01-30,60.365,60.865,58.665,60.33,3914681,,https://api.nasdaq.com/api/quote/UDOW/historical?assetclass=etf&fromdate=2016-07-26&todate=2026-07-26&limit=5000
UDOW,2026-02-02,60.255,62.44,59.59,62.17,3243576,,https://api.nasdaq.com/api/quote/UDOW/historical?assetclass=etf&fromdate=2016-07-26&todate=2026-07-26&limit=5000
UDOW,2026-02-03,61.81,63.09,59.98,61.51,7400662,,https://api.nasdaq.com/api/quote/UDOW/historical?assetclass=etf&fromdate=2016-07-26&todate=2026-07-26&limit=5000
UDOW,2026-02-04,62.07,63.03,61.03,62.42,10053120,,https://api.nasdaq.com/api/quote/UDOW/historical?assetclass=etf&fromdate=2016-07-26&todate=2026-07-26&limit=5000
UDOW,2026-02-05,61.52,61.87,59.91,60.17,6434600,,https://api.nasdaq.com/api/quote/UDOW/historical?assetclass=etf&fromdate=2016-07-26&todate=2026-07-26&limit=5000
UDOW,2026-02-06,61.395,64.83,61.305,64.56,4613628,,https://api.nasdaq.com/api/quote/UDOW/historical?assetclass=etf&fromdate=2016-07-26&todate=2026-07-26&limit=5000
UDOW,2026-02-09,64.23,65.01,63.53,64.65,2856119,,https://api.nasdaq.com/api/quote/UDOW/historical?assetclass=etf&fromdate=2016-07-26&todate=2026-07-26&limit=5000
UDOW,2026-02-10,65.07,66.21,64.645,64.9,3558985,,https://api.nasdaq.com/api/quote/UDOW/historical?assetclass=etf&fromdate=2016-07-26&todate=2026-07-26&limit=5000
UDOW,2026-02-11,65.785,66.12,63.81,64.65,3828704,,https://api.nasdaq.com/api/quote/UDOW/historical?assetclass=etf&fromdate=2016-07-26&todate=2026-07-26&limit=5000
UDOW,2026-02-12,65.36,65.88,61.9407,62.03,5166605,,https://api.nasdaq.com/api/quote/UDOW/historical?assetclass=etf&fromdate=2016-07-26&todate=2026-07-26&limit=5000
UDOW,2026-02-13,62.16,63.16,60.69,62.23,4009909,,https://api.nasdaq.com/api/quote/UDOW/historical?assetclass=etf&fromdate=2016-07-26&todate=2026-07-26&limit=5000
UDOW,2026-02-17,62.22,63.07,61.01,62.42,3637410,,https://api.nasdaq.com/api/quote/UDOW/historical?assetclass=etf&fromdate=2016-07-26&todate=2026-07-26&limit=5000
UDOW,2026-02-18,62.77,63.72,61.93,62.82,2501708,,https://api.nasdaq.com/api/quote/UDOW/historical?assetclass=etf&fromdate=2016-07-26&todate=2026-07-26&limit=5000
UDOW,2026-02-19,62.33,62.628,61.085,61.83,3281177,,https://api.nasdaq.com/api/quote/UDOW/historical?assetclass=etf&fromdate=2016-07-26&todate=2026-07-26&limit=5000
UDOW,2026-02-20,61.28,62.98,60.89,62.63,4361241,,https://api.nasdaq.com/api/quote/UDOW/historical?assetclass=etf&fromdate=2016-07-26&todate=2026-07-26&limit=5000
UDOW,2026-02-23,62.01,62.95,59.24,59.56,5603428,,https://api.nasdaq.com/api/quote/UDOW/historical?assetclass=etf&fromdate=2016-07-26&todate=2026-07-26&limit=5000
UDOW,2026-02-24,59.69,61.3172,59.37,60.9,3103188,,https://api.nasdaq.com/api/quote/UDOW/historical?assetclass=etf&fromdate=2016-07-26&todate=2026-07-26&limit=5000
UDOW,2026-02-25,61.6,62.15,60.96,62.04,3125849,,https://api.nasdaq.com/api/quote/UDOW/historical?assetclass=etf&fromdate=2016-07-26&todate=2026-07-26&limit=5000
UDOW,2026-02-26,62.84,63.29,61.055,62.05,4290501,,https://api.nasdaq.com/api/quote/UDOW/historical?assetclass=etf&fromdate=2016-07-26&todate=2026-07-26&limit=5000
UDOW,2026-02-27,60.01,60.5,58.94,60.03,4362644,,https://api.nasdaq.com/api/quote/UDOW/historical?assetclass=etf&fromdate=2016-07-26&todate=2026-07-26&limit=5000
UDOW,2026-03-02,58.06,60.5,57.973,59.85,4405054,,https://api.nasdaq.com/api/quote/UDOW/historical?assetclass=etf&fromdate=2016-07-26&todate=2026-07-26&limit=5000
UDOW,2026-03-03,56.515,59.16,55.25,58.47,6413326,,https://api.nasdaq.com/api/quote/UDOW/historical?assetclass=etf&fromdate=2016-07-26&todate=2026-07-26&limit=5000
UDOW,2026-03-04,58.87,59.72,57.91,59.26,2632430,,https://api.nasdaq.com/api/quote/UDOW/historical?assetclass=etf&fromdate=2016-07-26&todate=2026-07-26&limit=5000
UDOW,2026-03-05,57.83,58.45,55.04,56.4,7762127,,https://api.nasdaq.com/api/quote/UDOW/historical?assetclass=etf&fromdate=2016-07-26&todate=2026-07-26&limit=5000
UDOW,2026-03-06,54.17,55.02,53.01,54.71,5562520,,https://api.nasdaq.com/api/quote/UDOW/historical?assetclass=etf&fromdate=2016-07-26&todate=2026-07-26&limit=5000
UDOW,2026-03-09,53.18,56.11,51.73,55.58,6446925,,https://api.nasdaq.com/api/quote/UDOW/historical?assetclass=etf&fromdate=2016-07-26&todate=2026-07-26&limit=5000
UDOW,2026-03-10,55.54,57.304,54.59,55.51,5034748,,https://api.nasdaq.com/api/quote/UDOW/historical?assetclass=etf&fromdate=2016-07-26&todate=2026-07-26&limit=5000
UDOW,2026-03-11,55.39,55.52,53.68,54.5,4837167,,https://api.nasdaq.com/api/quote/UDOW/historical?assetclass=etf&fromdate=2016-07-26&todate=2026-07-26&limit=5000
UDOW,2026-03-12,52.94,53.32,51.93,51.95,5493551,,https://api.nasdaq.com/api/quote/UDOW/historical?assetclass=etf&fromdate=2016-07-26&todate=2026-07-26&limit=5000
UDOW,2026-03-13,52.74,53.46,51.33,51.56,4391056,,https://api.nasdaq.com/api/quote/UDOW/historical?assetclass=etf&fromdate=2016-07-26&todate=2026-07-26&limit=5000
UDOW,2026-03-16,52.72,53.6259,52.39,52.81,3741516,,https://api.nasdaq.com/api/quote/UDOW/historical?assetclass=etf&fromdate=2016-07-26&todate=2026-07-26&limit=5000
UDOW,2026-03-17,53.84,54.44,52.925,53.01,2891194,,https://api.nasdaq.com/api/quote/UDOW/historical?assetclass=etf&fromdate=2016-07-26&todate=2026-07-26&limit=5000
UDOW,2026-03-18,52.29,52.61,50.26,50.36,5313889,,https://api.nasdaq.com/api/quote/UDOW/historical?assetclass=etf&fromdate=2016-07-26&todate=2026-07-26&limit=5000
UDOW,2026-03-19,49.32,50.43,48.74,49.68,4786854,,https://api.nasdaq.com/api/quote/UDOW/historical?assetclass=etf&fromdate=2016-07-26&todate=2026-07-26&limit=5000
UDOW,2026-03-20,49.23,49.8,47.54,48.31,7378923,,https://api.nasdaq.com/api/quote/UDOW/historical?assetclass=etf&fromdate=2016-07-26&todate=2026-07-26&limit=5000
UDOW,2026-03-23,50.635,51.81,49.87,50.18,9949054,,https://api.nasdaq.com/api/quote/UDOW/historical?assetclass=etf&fromdate=2016-07-26&todate=2026-07-26&limit=5000
UDOW,2026-03-24,49.035,50.83,48.72,49.91,8995547,,https://api.nasdaq.com/api/quote/UDOW/historical?assetclass=etf&fromdate=2016-07-26&todate=2026-07-26&limit=5000
UDOW,2026-03-25,51.24,51.74,49.97,50.74,5356103,,https://api.nasdaq.com/api/quote/UDOW/historical?assetclass=etf&fromdate=2016-07-26&todate=2026-07-26&limit=5000
UDOW,2026-03-26,49.86,51.14,49.025,49.14,6335397,,https://api.nasdaq.com/api/quote/UDOW/historical?assetclass=etf&fromdate=2016-07-26&todate=2026-07-26&limit=5000
UDOW,2026-03-27,48.53,48.53,46.275,46.55,7665968,,https://api.nasdaq.com/api/quote/UDOW/historical?assetclass=etf&fromdate=2016-07-26&todate=2026-07-26&limit=5000
UDOW,2026-03-30,47.84,47.99,46.25,46.73,5146298,,https://api.nasdaq.com/api/quote/UDOW/historical?assetclass=etf&fromdate=2016-07-26&todate=2026-07-26&limit=5000
UDOW,2026-03-31,48.21,50.37,47.54,50.18,9879746,,https://api.nasdaq.com/api/quote/UDOW/historical?assetclass=etf&fromdate=2016-07-26&todate=2026-07-26&limit=5000
UDOW,2026-04-01,51.085,51.68,50.6,50.93,4517424,,https://api.nasdaq.com/api/quote/UDOW/historical?assetclass=etf&fromdate=2016-07-26&todate=2026-07-26&limit=5000
UDOW,2026-04-02,49.12,51.53,48.7,50.73,4711326,,https://api.nasdaq.com/api/quote/UDOW/historical?assetclass=etf&fromdate=2016-07-26&todate=2026-07-26&limit=5000
UDOW,2026-04-06,50.41,51.35,50.19,51.27,3535470,,https://api.nasdaq.com/api/quote/UDOW/historical?assetclass=etf&fromdate=2016-07-26&todate=2026-07-26&limit=5000
UDOW,2026-04-07,50.92,51.1,49.715,50.99,3950898,,https://api.nasdaq.com/api/quote/UDOW/historical?assetclass=etf&fromdate=2016-07-26&todate=2026-07-26&limit=5000
UDOW,2026-04-08,55.23,55.645,54.13,55.27,4222573,,https://api.nasdaq.com/api/quote/UDOW/historical?assetclass=etf&fromdate=2016-07-26&todate=2026-07-26&limit=5000
UDOW,2026-04-09,54.7,56.7113,54.56,56.22,3661739,,https://api.nasdaq.com/api/quote/UDOW/historical?assetclass=etf&fromdate=2016-07-26&todate=2026-07-26&limit=5000
UDOW,2026-04-10,56.27,56.37,55.06,55.25,3152795,,https://api.nasdaq.com/api/quote/UDOW/historical?assetclass=etf&fromdate=2016-07-26&todate=2026-07-26&limit=5000
UDOW,2026-04-13,54.18,56.3,53.84,56.22,3973765,,https://api.nasdaq.com/api/quote/UDOW/historical?assetclass=etf&fromdate=2016-07-26&todate=2026-07-26&limit=5000
UDOW,2026-04-14,56.32,57.57,56.1401,57.43,2989958,,https://api.nasdaq.com/api/quote/UDOW/historical?assetclass=etf&fromdate=2016-07-26&todate=2026-07-26&limit=5000
UDOW,2026-04-15,57.755,57.95,56.46,57.1,3559865,,https://api.nasdaq.com/api/quote/UDOW/historical?assetclass=etf&fromdate=2016-07-26&todate=2026-07-26&limit=5000
UDOW,2026-04-16,57.5,57.83,56.635,57.44,3359959,,https://api.nasdaq.com/api/quote/UDOW/historical?assetclass=etf&fromdate=2016-07-26&todate=2026-07-26&limit=5000
UDOW,2026-04-17,59.23,61.497,59.15,60.51,5185385,,https://api.nasdaq.com/api/quote/UDOW/historical?assetclass=etf&fromdate=2016-07-26&todate=2026-07-26&limit=5000
UDOW,2026-04-20,60.21,60.69,59.79,60.52,2603325,,https://api.nasdaq.com/api/quote/UDOW/historical?assetclass=etf&fromdate=2016-07-26&todate=2026-07-26&limit=5000
UDOW,2026-04-21,61.57,62,59.05,59.43,3964347,,https://api.nasdaq.com/api/quote/UDOW/historical?assetclass=etf&fromdate=2016-07-26&todate=2026-07-26&limit=5000
UDOW,2026-04-22,60.82,61.1367,60.085,60.62,2566729,,https://api.nasdaq.com/api/quote/UDOW/historical?assetclass=etf&fromdate=2016-07-26&todate=2026-07-26&limit=5000
UDOW,2026-04-23,59.81,60.755,58.34,59.95,3490974,,https://api.nasdaq.com/api/quote/UDOW/historical?assetclass=etf&fromdate=2016-07-26&todate=2026-07-26&limit=5000
UDOW,2026-04-24,59.96,60.1,59.13,59.65,3120675,,https://api.nasdaq.com/api/quote/UDOW/historical?assetclass=etf&fromdate=2016-07-26&todate=2026-07-26&limit=5000
UDOW,2026-04-27,59.4,60.105,58.93,59.47,2813088,,https://api.nasdaq.com/api/quote/UDOW/historical?assetclass=etf&fromdate=2016-07-26&todate=2026-07-26&limit=5000
UDOW,2026-04-28,60.06,60.17,59.08,59.31,2992070,,https://api.nasdaq.com/api/quote/UDOW/historical?assetclass=etf&fromdate=2016-07-26&todate=2026-07-26&limit=5000
UDOW,2026-04-29,59.11,59.3,57.7,58.35,2648165,,https://api.nasdaq.com/api/quote/UDOW/historical?assetclass=etf&fromdate=2016-07-26&todate=2026-07-26&limit=5000
UDOW,2026-04-30,59.115,61.45,58.95,61.13,3259229,,https://api.nasdaq.com/api/quote/UDOW/historical?assetclass=etf&fromdate=2016-07-26&todate=2026-07-26&limit=5000
UDOW,2026-05-01,61.91,62.3,60.47,60.47,3023372,,https://api.nasdaq.com/api/quote/UDOW/historical?assetclass=etf&fromdate=2016-07-26&todate=2026-07-26&limit=5000
UDOW,2026-05-04,59.89,60.22,58.28,58.49,3516282,,https://api.nasdaq.com/api/quote/UDOW/historical?assetclass=etf&fromdate=2016-07-26&todate=2026-07-26&limit=5000
UDOW,2026-05-05,59.26,59.8993,58.6299,59.65,3096123,,https://api.nasdaq.com/api/quote/UDOW/historical?assetclass=etf&fromdate=2016-07-26&todate=2026-07-26&limit=5000
UDOW,2026-05-06,61.12,62.24,61.08,61.84,3327297,,https://api.nasdaq.com/api/quote/UDOW/historical?assetclass=etf&fromdate=2016-07-26&todate=2026-07-26&limit=5000
UDOW,2026-05-07,62.38,62.64,60.27,60.69,3349763,,https://api.nasdaq.com/api/quote/UDOW/historical?assetclass=etf&fromdate=2016-07-26&todate=2026-07-26&limit=5000
UDOW,2026-05-08,61.58,61.6,60.28,60.7,2441593,,https://api.nasdaq.com/api/quote/UDOW/historical?assetclass=etf&fromdate=2016-07-26&todate=2026-07-26&limit=5000
UDOW,2026-05-11,60.595,61.31,60.2,61.06,2747034,,https://api.nasdaq.com/api/quote/UDOW/historical?assetclass=etf&fromdate=2016-07-26&todate=2026-07-26&limit=5000
UDOW,2026-05-12,60.82,61.52,59.6,61.34,2853458,,https://api.nasdaq.com/api/quote/UDOW/historical?assetclass=etf&fromdate=2016-07-26&todate=2026-07-26&limit=5000
UDOW,2026-05-13,60.725,61.21,60.11,61.02,2660860,,https://api.nasdaq.com/api/quote/UDOW/historical?assetclass=etf&fromdate=2016-07-26&todate=2026-07-26&limit=5000
UDOW,2026-05-14,62.585,62.86,61.64,62.34,3025181,,https://api.nasdaq.com/api/quote/UDOW/historical?assetclass=etf&fromdate=2016-07-26&todate=2026-07-26&limit=5000
UDOW,2026-05-15,61.11,61.25,60.29,60.39,2342676,,https://api.nasdaq.com/api/quote/UDOW/historical?assetclass=etf&fromdate=2016-07-26&todate=2026-07-26&limit=5000
UDOW,2026-05-18,60.485,61.22,59.72,60.93,2997153,,https://api.nasdaq.com/api/quote/UDOW/historical?assetclass=etf&fromdate=2016-07-26&todate=2026-07-26&limit=5000
UDOW,2026-05-19,60.14,60.7099,59.33,59.83,2479473,,https://api.nasdaq.com/api/quote/UDOW/historical?assetclass=etf&fromdate=2016-07-26&todate=2026-07-26&limit=5000
UDOW,2026-05-20,60.47,62.33,59.29,62.08,3787769,,https://api.nasdaq.com/api/quote/UDOW/historical?assetclass=etf&fromdate=2016-07-26&todate=2026-07-26&limit=5000
UDOW,2026-05-21,61.52,63.495,60.96,63.14,3379806,,https://api.nasdaq.com/api/quote/UDOW/historical?assetclass=etf&fromdate=2016-07-26&todate=2026-07-26&limit=5000
UDOW,2026-05-22,64.535,65.195,64.04,64.2,2721597,,https://api.nasdaq.com/api/quote/UDOW/historical?assetclass=etf&fromdate=2016-07-26&todate=2026-07-26&limit=5000
UDOW,2026-05-26,64.725,64.98,63.38,63.85,2529197,,https://api.nasdaq.com/api/quote/UDOW/historical?assetclass=etf&fromdate=2016-07-26&todate=2026-07-26&limit=5000
UDOW,2026-05-27,64.09,65.1484,64.03,64.44,2588196,,https://api.nasdaq.com/api/quote/UDOW/historical?assetclass=etf&fromdate=2016-07-26&todate=2026-07-26&limit=5000
UDOW,2026-05-28,63.855,64.94,63.21,64.53,2943681,,https://api.nasdaq.com/api/quote/UDOW/historical?assetclass=etf&fromdate=2016-07-26&todate=2026-07-26&limit=5000
UDOW,2026-05-29,64.78,66.0779,64.52,65.85,2791964,,https://api.nasdaq.com/api/quote/UDOW/historical?assetclass=etf&fromdate=2016-07-26&todate=2026-07-26&limit=5000
UDOW,2026-06-01,65.5,66.26,64.92,66.1,2839647,,https://api.nasdaq.com/api/quote/UDOW/historical?assetclass=etf&fromdate=2016-07-26&todate=2026-07-26&limit=5000
UDOW,2026-06-02,65.13,67.27,65.125,67.1,2716111,,https://api.nasdaq.com/api/quote/UDOW/historical?assetclass=etf&fromdate=2016-07-26&todate=2026-07-26&limit=5000
UDOW,2026-06-03,65.97,66.606,64.73,64.83,2863026,,https://api.nasdaq.com/api/quote/UDOW/historical?assetclass=etf&fromdate=2016-07-26&todate=2026-07-26&limit=5000
UDOW,2026-06-04,66.82,68.34,66.51,68,3110348,,https://api.nasdaq.com/api/quote/UDOW/historical?assetclass=etf&fromdate=2016-07-26&todate=2026-07-26&limit=5000
UDOW,2026-06-05,68.34,68.39,64.8388,65.18,3474006,,https://api.nasdaq.com/api/quote/UDOW/historical?assetclass=etf&fromdate=2016-07-26&todate=2026-07-26&limit=5000
UDOW,2026-06-08,65.61,66.74,64.65,64.86,2061496,,https://api.nasdaq.com/api/quote/UDOW/historical?assetclass=etf&fromdate=2016-07-26&todate=2026-07-26&limit=5000
UDOW,2026-06-09,65.83,66.62,62.64,65.07,3883936,,https://api.nasdaq.com/api/quote/UDOW/historical?assetclass=etf&fromdate=2016-07-26&todate=2026-07-26&limit=5000
UDOW,2026-06-10,64.27,64.77,61.48,61.52,4078863,,https://api.nasdaq.com/api/quote/UDOW/historical?assetclass=etf&fromdate=2016-07-26&todate=2026-07-26&limit=5000
UDOW,2026-06-11,62.595,65.37,61.98,64.86,2744754,,https://api.nasdaq.com/api/quote/UDOW/historical?assetclass=etf&fromdate=2016-07-26&todate=2026-07-26&limit=5000
UDOW,2026-06-12,66.11,67.05,64.8,66.2,1840753,,https://api.nasdaq.com/api/quote/UDOW/historical?assetclass=etf&fromdate=2016-07-26&todate=2026-07-26&limit=5000
UDOW,2026-06-15,68.555,69.19,68.04,68.26,1668738,,https://api.nasdaq.com/api/quote/UDOW/historical?assetclass=etf&fromdate=2016-07-26&todate=2026-07-26&limit=5000
UDOW,2026-06-16,68.97,70.14,68.89,69.44,1292272,,https://api.nasdaq.com/api/quote/UDOW/historical?assetclass=etf&fromdate=2016-07-26&todate=2026-07-26&limit=5000
UDOW,2026-06-17,69.29,70.5,66.97,67.35,2461749,,https://api.nasdaq.com/api/quote/UDOW/historical?assetclass=etf&fromdate=2016-07-26&todate=2026-07-26&limit=5000
UDOW,2026-06-18,68.68,69.065,67.51,67.53,1631765,,https://api.nasdaq.com/api/quote/UDOW/historical?assetclass=etf&fromdate=2016-07-26&todate=2026-07-26&limit=5000
UDOW,2026-06-22,68.03,68.825,67.68,68.12,1462030,,https://api.nasdaq.com/api/quote/UDOW/historical?assetclass=etf&fromdate=2016-07-26&todate=2026-07-26&limit=5000
UDOW,2026-06-23,67.17,68.735,66.49,67.88,1071025,,https://api.nasdaq.com/api/quote/UDOW/historical?assetclass=etf&fromdate=2016-07-26&todate=2026-07-26&limit=5000
UDOW,2026-06-24,67.55,69.98,67.475,68.42,1453270,,https://api.nasdaq.com/api/quote/UDOW/historical?assetclass=etf&fromdate=2016-07-26&todate=2026-07-26&limit=5000
UDOW,2026-06-25,69.5,71.61,68.45,68.71,1550102,,https://api.nasdaq.com/api/quote/UDOW/historical?assetclass=etf&fromdate=2016-07-26&todate=2026-07-26&limit=5000
UDOW,2026-06-26,67.78,69.46,67.41,68.06,1218274,,https://api.nasdaq.com/api/quote/UDOW/historical?assetclass=etf&fromdate=2016-07-26&todate=2026-07-26&limit=5000
UDOW,2026-06-29,69.13,70.1,68.65,69.57,1138870,,https://api.nasdaq.com/api/quote/UDOW/historical?assetclass=etf&fromdate=2016-07-26&todate=2026-07-26&limit=5000
UDOW,2026-06-30,70.05,70.5,69.04,70.09,1446075,,https://api.nasdaq.com/api/quote/UDOW/historical?assetclass=etf&fromdate=2016-07-26&todate=2026-07-26&limit=5000
UDOW,2026-07-01,69.75,71.9199,69.051,70.17,1290536,,https://api.nasdaq.com/api/quote/UDOW/historical?assetclass=etf&fromdate=2016-07-26&todate=2026-07-26&limit=5000
UDOW,2026-07-02,71.3,72.46,70.6501,72.3,1569226,,https://api.nasdaq.com/api/quote/UDOW/historical?assetclass=etf&fromdate=2016-07-26&todate=2026-07-26&limit=5000
UDOW,2026-07-06,72.62,73.17,71.45,73.17,1327929,,https://api.nasdaq.com/api/quote/UDOW/historical?assetclass=etf&fromdate=2016-07-26&todate=2026-07-26&limit=5000
UDOW,2026-07-07,74.12,74.21,71.94,72.5,2018268,,https://api.nasdaq.com/api/quote/UDOW/historical?assetclass=etf&fromdate=2016-07-26&todate=2026-07-26&limit=5000
UDOW,2026-07-08,70.38,70.8,69.01,70.13,2134972,,https://api.nasdaq.com/api/quote/UDOW/historical?assetclass=etf&fromdate=2016-07-26&todate=2026-07-26&limit=5000
UDOW,2026-07-09,70.42,71.07,69.87,70.7,1382049,,https://api.nasdaq.com/api/quote/UDOW/historical?assetclass=etf&fromdate=2016-07-26&todate=2026-07-26&limit=5000
UDOW,2026-07-10,71.26,71.5499,69.68,71.26,1622775,,https://api.nasdaq.com/api/quote/UDOW/historical?assetclass=etf&fromdate=2016-07-26&todate=2026-07-26&limit=5000
UDOW,2026-07-13,71.25,72.08,70.07,70.71,1372420,,https://api.nasdaq.com/api/quote/UDOW/historical?assetclass=etf&fromdate=2016-07-26&todate=2026-07-26&limit=5000
UDOW,2026-07-14,70.265,71.52,69.95,70.75,1722097,,https://api.nasdaq.com/api/quote/UDOW/historical?assetclass=etf&fromdate=2016-07-26&todate=2026-07-26&limit=5000
UDOW,2026-07-15,71.22,71.97,70.36,71.27,1344533,,https://api.nasdaq.com/api/quote/UDOW/historical?assetclass=etf&fromdate=2016-07-26&todate=2026-07-26&limit=5000
UDOW,2026-07-16,71.57,72.065,70.08,70.76,1251587,,https://api.nasdaq.com/api/quote/UDOW/historical?assetclass=etf&fromdate=2016-07-26&todate=2026-07-26&limit=5000
UDOW,2026-07-17,68.72,71,68.39,69.18,1324670,,https://api.nasdaq.com/api/quote/UDOW/historical?assetclass=etf&fromdate=2016-07-26&todate=2026-07-26&limit=5000
UDOW,2026-07-20,69.63,70.1771,67.71,67.98,1091613,,https://api.nasdaq.com/api/quote/UDOW/historical?assetclass=etf&fromdate=2016-07-26&todate=2026-07-26&limit=5000
UDOW,2026-07-21,68.64,69.97,68.06,69.4,1026813,,https://api.nasdaq.com/api/quote/UDOW/historical?assetclass=etf&fromdate=2016-07-26&todate=2026-07-26&limit=5000
UDOW,2026-07-22,69.37,70.5,69.1801,69.39,1021149,,https://api.nasdaq.com/api/quote/UDOW/historical?assetclass=etf&fromdate=2016-07-26&todate=2026-07-26&limit=5000
UDOW,2026-07-23,66.785,68.02,66.65,67.3,1740554,,https://api.nasdaq.com/api/quote/UDOW/historical?assetclass=etf&fromdate=2016-07-26&todate=2026-07-26&limit=5000
UDOW,2026-07-24,67.615,68.88,67.21,68.17,1372818,,https://api.nasdaq.com/api/quote/UDOW/historical?assetclass=etf&fromdate=2016-07-26&todate=2026-07-26&limit=5000
