Symbol,Date,Open,High,Low,Close,Volume,QualityFlag,SourceURL
UPRO,2016-07-26,12.2417,12.345,12.11,12.2733,10546126,,https://api.nasdaq.com/api/quote/UPRO/historical?assetclass=etf&fromdate=2016-07-26&todate=2026-07-26&limit=5000
UPRO,2016-07-27,12.3533,12.3617,12.085,12.2433,13059143,,https://api.nasdaq.com/api/quote/UPRO/historical?assetclass=etf&fromdate=2016-07-26&todate=2026-07-26&limit=5000
UPRO,2016-07-28,12.1967,12.3333,12.1066,12.2833,10498156,,https://api.nasdaq.com/api/quote/UPRO/historical?assetclass=etf&fromdate=2016-07-26&todate=2026-07-26&limit=5000
UPRO,2016-07-29,12.2317,12.405,12.17,12.3283,11099206,,https://api.nasdaq.com/api/quote/UPRO/historical?assetclass=etf&fromdate=2016-07-26&todate=2026-07-26&limit=5000
UPRO,2016-08-01,12.3467,12.4233,12.2117,12.2983,12429035,,https://api.nasdaq.com/api/quote/UPRO/historical?assetclass=etf&fromdate=2016-07-26&todate=2026-07-26&limit=5000
UPRO,2016-08-02,12.2483,12.2833,11.8983,12.0617,20751332,,https://api.nasdaq.com/api/quote/UPRO/historical?assetclass=etf&fromdate=2016-07-26&todate=2026-07-26&limit=5000
UPRO,2016-08-03,12.0433,12.18,11.9933,12.17,14186262,,https://api.nasdaq.com/api/quote/UPRO/historical?assetclass=etf&fromdate=2016-07-26&todate=2026-07-26&limit=5000
UPRO,2016-08-04,12.1917,12.2683,12.11,12.2133,7899993,,https://api.nasdaq.com/api/quote/UPRO/historical?assetclass=etf&fromdate=2016-07-26&todate=2026-07-26&limit=5000
UPRO,2016-08-05,12.3433,12.5133,12.3183,12.5117,10378654,,https://api.nasdaq.com/api/quote/UPRO/historical?assetclass=etf&fromdate=2016-07-26&todate=2026-07-26&limit=5000
UPRO,2016-08-08,12.55,12.5667,12.4317,12.4867,6866583,,https://api.nasdaq.com/api/quote/UPRO/historical?assetclass=etf&fromdate=2016-07-26&todate=2026-07-26&limit=5000
UPRO,2016-08-09,12.5017,12.6033,12.4385,12.5,9233452,,https://api.nasdaq.com/api/quote/UPRO/historical?assetclass=etf&fromdate=2016-07-26&todate=2026-07-26&limit=5000
UPRO,2016-08-10,12.5267,12.54,12.34,12.41,8772286,,https://api.nasdaq.com/api/quote/UPRO/historical?assetclass=etf&fromdate=2016-07-26&todate=2026-07-26&limit=5000
UPRO,2016-08-11,12.52,12.6333,12.4633,12.5883,10270744,,https://api.nasdaq.com/api/quote/UPRO/historical?assetclass=etf&fromdate=2016-07-26&todate=2026-07-26&limit=5000
UPRO,2016-08-12,12.515,12.5933,12.47,12.5517,8661003,,https://api.nasdaq.com/api/quote/UPRO/historical?assetclass=etf&fromdate=2016-07-26&todate=2026-07-26&limit=5000
UPRO,2016-08-15,12.6217,12.7267,12.62,12.6683,9386608,,https://api.nasdaq.com/api/quote/UPRO/historical?assetclass=etf&fromdate=2016-07-26&todate=2026-07-26&limit=5000
UPRO,2016-08-16,12.5667,12.5817,12.46,12.46,9837574,,https://api.nasdaq.com/api/quote/UPRO/historical?assetclass=etf&fromdate=2016-07-26&todate=2026-07-26&limit=5000
UPRO,2016-08-17,12.465,12.555,12.2983,12.5267,15933450,,https://api.nasdaq.com/api/quote/UPRO/historical?assetclass=etf&fromdate=2016-07-26&todate=2026-07-26&limit=5000
UPRO,2016-08-18,12.5267,12.6217,12.5017,12.615,8369157,,https://api.nasdaq.com/api/quote/UPRO/historical?assetclass=etf&fromdate=2016-07-26&todate=2026-07-26&limit=5000
UPRO,2016-08-19,12.515,12.5933,12.4183,12.5567,8747001,,https://api.nasdaq.com/api/quote/UPRO/historical?assetclass=etf&fromdate=2016-07-26&todate=2026-07-26&limit=5000
UPRO,2016-08-22,12.51,12.5983,12.4333,12.5533,9927004,,https://api.nasdaq.com/api/quote/UPRO/historical?assetclass=etf&fromdate=2016-07-26&todate=2026-07-26&limit=5000
UPRO,2016-08-23,12.6767,12.7383,12.6167,12.625,10931686,,https://api.nasdaq.com/api/quote/UPRO/historical?assetclass=etf&fromdate=2016-07-26&todate=2026-07-26&limit=5000
UPRO,2016-08-24,12.5967,12.6183,12.35,12.4467,16159284,,https://api.nasdaq.com/api/quote/UPRO/historical?assetclass=etf&fromdate=2016-07-26&todate=2026-07-26&limit=5000
UPRO,2016-08-25,12.355,12.49,12.3233,12.395,15748560,,https://api.nasdaq.com/api/quote/UPRO/historical?assetclass=etf&fromdate=2016-07-26&todate=2026-07-26&limit=5000
UPRO,2016-08-26,12.4433,12.6467,12.16,12.3367,22044603,,https://api.nasdaq.com/api/quote/UPRO/historical?assetclass=etf&fromdate=2016-07-26&todate=2026-07-26&limit=5000
UPRO,2016-08-29,12.36,12.5683,12.3567,12.5133,7830033,,https://api.nasdaq.com/api/quote/UPRO/historical?assetclass=etf&fromdate=2016-07-26&todate=2026-07-26&limit=5000
UPRO,2016-08-30,12.4983,12.5567,12.345,12.4467,13441277,,https://api.nasdaq.com/api/quote/UPRO/historical?assetclass=etf&fromdate=2016-07-26&todate=2026-07-26&limit=5000
UPRO,2016-08-31,12.3883,12.4083,12.1933,12.3417,16122348,,https://api.nasdaq.com/api/quote/UPRO/historical?assetclass=etf&fromdate=2016-07-26&todate=2026-07-26&limit=5000
UPRO,2016-09-01,12.3517,12.4042,12.1152,12.3517,13305407,,https://api.nasdaq.com/api/quote/UPRO/historical?assetclass=etf&fromdate=2016-07-26&todate=2026-07-26&limit=5000
UPRO,2016-09-02,12.51,12.6,12.4002,12.51,15047172,,https://api.nasdaq.com/api/quote/UPRO/historical?assetclass=etf&fromdate=2016-07-26&todate=2026-07-26&limit=5000
UPRO,2016-09-06,12.5667,12.635,12.4267,12.63,15957744,,https://api.nasdaq.com/api/quote/UPRO/historical?assetclass=etf&fromdate=2016-07-26&todate=2026-07-26&limit=5000
UPRO,2016-09-07,12.5933,12.6583,12.5,12.6267,14716866,,https://api.nasdaq.com/api/quote/UPRO/historical?assetclass=etf&fromdate=2016-07-26&todate=2026-07-26&limit=5000
UPRO,2016-09-08,12.555,12.6083,12.4733,12.5317,12004355,,https://api.nasdaq.com/api/quote/UPRO/historical?assetclass=etf&fromdate=2016-07-26&todate=2026-07-26&limit=5000
UPRO,2016-09-09,12.2833,12.2833,11.6283,11.6383,31011276,,https://api.nasdaq.com/api/quote/UPRO/historical?assetclass=etf&fromdate=2016-07-26&todate=2026-07-26&limit=5000
UPRO,2016-09-12,11.4817,12.2083,11.4667,12.1233,26311661,,https://api.nasdaq.com/api/quote/UPRO/historical?assetclass=etf&fromdate=2016-07-26&todate=2026-07-26&limit=5000
UPRO,2016-09-13,11.8767,11.925,11.4833,11.5983,29421132,,https://api.nasdaq.com/api/quote/UPRO/historical?assetclass=etf&fromdate=2016-07-26&todate=2026-07-26&limit=5000
UPRO,2016-09-14,11.6083,11.8417,11.485,11.5817,20547170,,https://api.nasdaq.com/api/quote/UPRO/historical?assetclass=etf&fromdate=2016-07-26&todate=2026-07-26&limit=5000
UPRO,2016-09-15,11.5567,12.0083,11.5233,11.9333,17938933,,https://api.nasdaq.com/api/quote/UPRO/historical?assetclass=etf&fromdate=2016-07-26&todate=2026-07-26&limit=5000
UPRO,2016-09-16,11.815,11.85,11.6617,11.7983,16021812,,https://api.nasdaq.com/api/quote/UPRO/historical?assetclass=etf&fromdate=2016-07-26&todate=2026-07-26&limit=5000
UPRO,2016-09-19,11.9217,12.0483,11.7417,11.795,12189581,,https://api.nasdaq.com/api/quote/UPRO/historical?assetclass=etf&fromdate=2016-07-26&todate=2026-07-26&limit=5000
UPRO,2016-09-20,11.97,11.9983,11.7999,11.81,10243288,,https://api.nasdaq.com/api/quote/UPRO/historical?assetclass=etf&fromdate=2016-07-26&todate=2026-07-26&limit=5000
UPRO,2016-09-21,11.9333,12.2317,11.805,12.2,21012314,,https://api.nasdaq.com/api/quote/UPRO/historical?assetclass=etf&fromdate=2016-07-26&todate=2026-07-26&limit=5000
UPRO,2016-09-22,12.395,12.485,12.3483,12.42,18558475,,https://api.nasdaq.com/api/quote/UPRO/historical?assetclass=etf&fromdate=2016-07-26&todate=2026-07-26&limit=5000
UPRO,2016-09-23,12.3467,12.375,12.205,12.2267,8856484,,https://api.nasdaq.com/api/quote/UPRO/historical?assetclass=etf&fromdate=2016-07-26&todate=2026-07-26&limit=5000
UPRO,2016-09-26,12.0567,12.0917,11.8867,11.925,17386645,,https://api.nasdaq.com/api/quote/UPRO/historical?assetclass=etf&fromdate=2016-07-26&todate=2026-07-26&limit=5000
UPRO,2016-09-27,11.8933,12.1633,11.8167,12.15,10610518,,https://api.nasdaq.com/api/quote/UPRO/historical?assetclass=etf&fromdate=2016-07-26&todate=2026-07-26&limit=5000
UPRO,2016-09-28,12.1867,12.3533,12,12.325,10824790,,https://api.nasdaq.com/api/quote/UPRO/historical?assetclass=etf&fromdate=2016-07-26&todate=2026-07-26&limit=5000
UPRO,2016-09-29,12.2833,12.3617,11.8833,11.9917,18644071,,https://api.nasdaq.com/api/quote/UPRO/historical?assetclass=etf&fromdate=2016-07-26&todate=2026-07-26&limit=5000
UPRO,2016-09-30,12.155,12.3933,12.1017,12.2733,12583475,,https://api.nasdaq.com/api/quote/UPRO/historical?assetclass=etf&fromdate=2016-07-26&todate=2026-07-26&limit=5000
UPRO,2016-10-03,12.17,12.2117,12.045,12.1567,13856808,,https://api.nasdaq.com/api/quote/UPRO/historical?assetclass=etf&fromdate=2016-07-26&todate=2026-07-26&limit=5000
UPRO,2016-10-04,12.1983,12.2333,11.8686,11.9883,18495745,,https://api.nasdaq.com/api/quote/UPRO/historical?assetclass=etf&fromdate=2016-07-26&todate=2026-07-26&limit=5000
UPRO,2016-10-05,12.0967,12.22,12.09,12.1467,13567985,,https://api.nasdaq.com/api/quote/UPRO/historical?assetclass=etf&fromdate=2016-07-26&todate=2026-07-26&limit=5000
UPRO,2016-10-06,12.0933,12.2033,11.9867,12.1667,8494875,,https://api.nasdaq.com/api/quote/UPRO/historical?assetclass=etf&fromdate=2016-07-26&todate=2026-07-26&limit=5000
UPRO,2016-10-07,12.215,12.25,11.8917,12.035,17577295,,https://api.nasdaq.com/api/quote/UPRO/historical?assetclass=etf&fromdate=2016-07-26&todate=2026-07-26&limit=5000
UPRO,2016-10-10,12.22,12.3133,12.1933,12.2167,9512692,,https://api.nasdaq.com/api/quote/UPRO/historical?assetclass=etf&fromdate=2016-07-26&todate=2026-07-26&limit=5000
UPRO,2016-10-11,12.135,12.1517,11.6183,11.7717,27039269,,https://api.nasdaq.com/api/quote/UPRO/historical?assetclass=etf&fromdate=2016-07-26&todate=2026-07-26&limit=5000
UPRO,2016-10-12,11.7883,11.9083,11.69,11.815,14773068,,https://api.nasdaq.com/api/quote/UPRO/historical?assetclass=etf&fromdate=2016-07-26&todate=2026-07-26&limit=5000
UPRO,2016-10-13,11.5533,11.7867,11.39,11.695,18171259,,https://api.nasdaq.com/api/quote/UPRO/historical?assetclass=etf&fromdate=2016-07-26&todate=2026-07-26&limit=5000
UPRO,2016-10-14,11.8883,11.965,11.6933,11.7067,20548730,,https://api.nasdaq.com/api/quote/UPRO/historical?assetclass=etf&fromdate=2016-07-26&todate=2026-07-26&limit=5000
UPRO,2016-10-17,11.7017,11.7497,11.5483,11.5933,13453211,,https://api.nasdaq.com/api/quote/UPRO/historical?assetclass=etf&fromdate=2016-07-26&todate=2026-07-26&limit=5000
UPRO,2016-10-18,11.8867,11.8917,11.7267,11.7917,10383988,,https://api.nasdaq.com/api/quote/UPRO/historical?assetclass=etf&fromdate=2016-07-26&todate=2026-07-26&limit=5000
UPRO,2016-10-19,11.8433,11.95,11.7803,11.89,9266188,,https://api.nasdaq.com/api/quote/UPRO/historical?assetclass=etf&fromdate=2016-07-26&todate=2026-07-26&limit=5000
UPRO,2016-10-20,11.8233,11.9317,11.6967,11.825,13681241,,https://api.nasdaq.com/api/quote/UPRO/historical?assetclass=etf&fromdate=2016-07-26&todate=2026-07-26&limit=5000
UPRO,2016-10-21,11.6717,11.8567,11.6417,11.8317,10187536,,https://api.nasdaq.com/api/quote/UPRO/historical?assetclass=etf&fromdate=2016-07-26&todate=2026-07-26&limit=5000
UPRO,2016-10-24,12,12.06,11.9242,11.9817,10303222,,https://api.nasdaq.com/api/quote/UPRO/historical?assetclass=etf&fromdate=2016-07-26&todate=2026-07-26&limit=5000
UPRO,2016-10-25,11.9583,12.0033,11.8383,11.88,14207382,,https://api.nasdaq.com/api/quote/UPRO/historical?assetclass=etf&fromdate=2016-07-26&todate=2026-07-26&limit=5000
UPRO,2016-10-26,11.7133,11.9067,11.6633,11.805,12747035,,https://api.nasdaq.com/api/quote/UPRO/historical?assetclass=etf&fromdate=2016-07-26&todate=2026-07-26&limit=5000
UPRO,2016-10-27,11.9367,11.9383,11.6883,11.705,13852932,,https://api.nasdaq.com/api/quote/UPRO/historical?assetclass=etf&fromdate=2016-07-26&todate=2026-07-26&limit=5000
UPRO,2016-10-28,11.69,11.825,11.465,11.5917,22208451,,https://api.nasdaq.com/api/quote/UPRO/historical?assetclass=etf&fromdate=2016-07-26&todate=2026-07-26&limit=5000
UPRO,2016-10-31,11.6567,11.7,11.565,11.5833,9576520,,https://api.nasdaq.com/api/quote/UPRO/historical?assetclass=etf&fromdate=2016-07-26&todate=2026-07-26&limit=5000
UPRO,2016-11-01,11.655,11.665,11.1146,11.35,19186910,,https://api.nasdaq.com/api/quote/UPRO/historical?assetclass=etf&fromdate=2016-07-26&todate=2026-07-26&limit=5000
UPRO,2016-11-02,11.2833,11.355,11.055,11.1333,14433708,,https://api.nasdaq.com/api/quote/UPRO/historical?assetclass=etf&fromdate=2016-07-26&todate=2026-07-26&limit=5000
UPRO,2016-11-03,11.1767,11.2133,10.9333,10.985,14147940,,https://api.nasdaq.com/api/quote/UPRO/historical?assetclass=etf&fromdate=2016-07-26&todate=2026-07-26&limit=5000
UPRO,2016-11-04,11,11.1567,10.9183,10.9333,16357081,,https://api.nasdaq.com/api/quote/UPRO/historical?assetclass=etf&fromdate=2016-07-26&todate=2026-07-26&limit=5000
UPRO,2016-11-07,11.405,11.6733,11.3783,11.6533,17269087,,https://api.nasdaq.com/api/quote/UPRO/historical?assetclass=etf&fromdate=2016-07-26&todate=2026-07-26&limit=5000
UPRO,2016-11-08,11.59,11.9333,11.5417,11.8117,16523275,,https://api.nasdaq.com/api/quote/UPRO/historical?assetclass=etf&fromdate=2016-07-26&todate=2026-07-26&limit=5000
UPRO,2016-11-09,11.5217,12.317,11.5167,12.2133,35840078,,https://api.nasdaq.com/api/quote/UPRO/historical?assetclass=etf&fromdate=2016-07-26&todate=2026-07-26&limit=5000
UPRO,2016-11-10,12.3633,12.5253,12.0033,12.2883,29410716,,https://api.nasdaq.com/api/quote/UPRO/historical?assetclass=etf&fromdate=2016-07-26&todate=2026-07-26&limit=5000
UPRO,2016-11-11,12.1567,12.2517,12.0183,12.2067,18295615,,https://api.nasdaq.com/api/quote/UPRO/historical?assetclass=etf&fromdate=2016-07-26&todate=2026-07-26&limit=5000
UPRO,2016-11-14,12.3083,12.3483,12.0883,12.23,13829856,,https://api.nasdaq.com/api/quote/UPRO/historical?assetclass=etf&fromdate=2016-07-26&todate=2026-07-26&limit=5000
UPRO,2016-11-15,12.3117,12.515,12.2671,12.515,13832742,,https://api.nasdaq.com/api/quote/UPRO/historical?assetclass=etf&fromdate=2016-07-26&todate=2026-07-26&limit=5000
UPRO,2016-11-16,12.3917,12.4917,12.37,12.4517,10378846,,https://api.nasdaq.com/api/quote/UPRO/historical?assetclass=etf&fromdate=2016-07-26&todate=2026-07-26&limit=5000
UPRO,2016-11-17,12.4733,12.6483,12.455,12.6333,11380379,,https://api.nasdaq.com/api/quote/UPRO/historical?assetclass=etf&fromdate=2016-07-26&todate=2026-07-26&limit=5000
UPRO,2016-11-18,12.6483,12.6833,12.515,12.55,11399099,,https://api.nasdaq.com/api/quote/UPRO/historical?assetclass=etf&fromdate=2016-07-26&todate=2026-07-26&limit=5000
UPRO,2016-11-21,12.6667,12.84,12.6417,12.8317,13850910,,https://api.nasdaq.com/api/quote/UPRO/historical?assetclass=etf&fromdate=2016-07-26&todate=2026-07-26&limit=5000
UPRO,2016-11-22,12.9033,12.9467,12.7617,12.9067,11591129,,https://api.nasdaq.com/api/quote/UPRO/historical?assetclass=etf&fromdate=2016-07-26&todate=2026-07-26&limit=5000
UPRO,2016-11-23,12.8033,12.94,12.7633,12.93,10033846,,https://api.nasdaq.com/api/quote/UPRO/historical?assetclass=etf&fromdate=2016-07-26&todate=2026-07-26&limit=5000
UPRO,2016-11-25,13,13.0783,12.9833,13.0783,4209836,,https://api.nasdaq.com/api/quote/UPRO/historical?assetclass=etf&fromdate=2016-07-26&todate=2026-07-26&limit=5000
UPRO,2016-11-28,13.0083,13.065,12.8667,12.8933,10081882,,https://api.nasdaq.com/api/quote/UPRO/historical?assetclass=etf&fromdate=2016-07-26&todate=2026-07-26&limit=5000
UPRO,2016-11-29,12.8967,13.055,12.8317,12.9667,8579613,,https://api.nasdaq.com/api/quote/UPRO/historical?assetclass=etf&fromdate=2016-07-26&todate=2026-07-26&limit=5000
UPRO,2016-11-30,13.0917,13.125,12.855,12.8633,13286285,,https://api.nasdaq.com/api/quote/UPRO/historical?assetclass=etf&fromdate=2016-07-26&todate=2026-07-26&limit=5000
UPRO,2016-12-01,12.9233,12.9267,12.65,12.715,12759059,,https://api.nasdaq.com/api/quote/UPRO/historical?assetclass=etf&fromdate=2016-07-26&todate=2026-07-26&limit=5000
UPRO,2016-12-02,12.74,12.84,12.67,12.7383,9064180,,https://api.nasdaq.com/api/quote/UPRO/historical?assetclass=etf&fromdate=2016-07-26&todate=2026-07-26&limit=5000
UPRO,2016-12-05,12.9083,13.04,12.8717,12.9533,12244451,,https://api.nasdaq.com/api/quote/UPRO/historical?assetclass=etf&fromdate=2016-07-26&todate=2026-07-26&limit=5000
UPRO,2016-12-06,13.01,13.1,12.9117,13.0967,10813606,,https://api.nasdaq.com/api/quote/UPRO/historical?assetclass=etf&fromdate=2016-07-26&todate=2026-07-26&limit=5000
UPRO,2016-12-07,13.0633,13.6183,13.035,13.5967,18245893,,https://api.nasdaq.com/api/quote/UPRO/historical?assetclass=etf&fromdate=2016-07-26&todate=2026-07-26&limit=5000
UPRO,2016-12-08,13.5983,13.805,13.545,13.7,12168107,,https://api.nasdaq.com/api/quote/UPRO/historical?assetclass=etf&fromdate=2016-07-26&todate=2026-07-26&limit=5000
UPRO,2016-12-09,13.7567,13.9517,13.7467,13.945,13009769,,https://api.nasdaq.com/api/quote/UPRO/historical?assetclass=etf&fromdate=2016-07-26&todate=2026-07-26&limit=5000
UPRO,2016-12-12,13.9367,14.037,13.8167,13.9067,11261597,,https://api.nasdaq.com/api/quote/UPRO/historical?assetclass=etf&fromdate=2016-07-26&todate=2026-07-26&limit=5000
UPRO,2016-12-13,14.045,14.2883,14.0417,14.1717,14842260,,https://api.nasdaq.com/api/quote/UPRO/historical?assetclass=etf&fromdate=2016-07-26&todate=2026-07-26&limit=5000
UPRO,2016-12-14,14.115,14.2742,13.735,13.8483,21028868,,https://api.nasdaq.com/api/quote/UPRO/historical?assetclass=etf&fromdate=2016-07-26&todate=2026-07-26&limit=5000
UPRO,2016-12-15,13.8867,14.1833,13.855,13.99,14724264,,https://api.nasdaq.com/api/quote/UPRO/historical?assetclass=etf&fromdate=2016-07-26&todate=2026-07-26&limit=5000
UPRO,2016-12-16,14.1033,14.1066,13.8517,13.93,14216868,,https://api.nasdaq.com/api/quote/UPRO/historical?assetclass=etf&fromdate=2016-07-26&todate=2026-07-26&limit=5000
UPRO,2016-12-19,13.9667,14.0983,13.9267,14.0067,9904684,,https://api.nasdaq.com/api/quote/UPRO/historical?assetclass=etf&fromdate=2016-07-26&todate=2026-07-26&limit=5000
UPRO,2016-12-20,14.12,14.2017,14.075,14.155,11485001,,https://api.nasdaq.com/api/quote/UPRO/historical?assetclass=etf&fromdate=2016-07-26&todate=2026-07-26&limit=5000
UPRO,2016-12-21,14.1433,14.1767,14.05,14.05,7116975,,https://api.nasdaq.com/api/quote/UPRO/historical?assetclass=etf&fromdate=2016-07-26&todate=2026-07-26&limit=5000
UPRO,2016-12-22,14.015,14.04,13.8917,13.9833,9970378,,https://api.nasdaq.com/api/quote/UPRO/historical?assetclass=etf&fromdate=2016-07-26&todate=2026-07-26&limit=5000
UPRO,2016-12-23,13.9733,14.0317,13.9433,14.025,6216044,,https://api.nasdaq.com/api/quote/UPRO/historical?assetclass=etf&fromdate=2016-07-26&todate=2026-07-26&limit=5000
UPRO,2016-12-27,14.09,14.2167,14.0883,14.1317,6223130,,https://api.nasdaq.com/api/quote/UPRO/historical?assetclass=etf&fromdate=2016-07-26&todate=2026-07-26&limit=5000
UPRO,2016-12-28,14.18,14.19,13.76,13.795,11038426,,https://api.nasdaq.com/api/quote/UPRO/historical?assetclass=etf&fromdate=2016-07-26&todate=2026-07-26&limit=5000
UPRO,2016-12-29,13.8,13.87,13.68,13.7717,9170710,,https://api.nasdaq.com/api/quote/UPRO/historical?assetclass=etf&fromdate=2016-07-26&todate=2026-07-26&limit=5000
UPRO,2016-12-30,13.8417,13.8583,13.4767,13.63,17790859,,https://api.nasdaq.com/api/quote/UPRO/historical?assetclass=etf&fromdate=2016-07-26&todate=2026-07-26&limit=5000
UPRO,2017-01-03,13.8967,14.035,13.6833,13.925,14264862,,https://api.nasdaq.com/api/quote/UPRO/historical?assetclass=etf&fromdate=2016-07-26&todate=2026-07-26&limit=5000
UPRO,2017-01-04,13.9917,14.2033,13.9917,14.1733,12500747,,https://api.nasdaq.com/api/quote/UPRO/historical?assetclass=etf&fromdate=2016-07-26&todate=2026-07-26&limit=5000
UPRO,2017-01-05,14.115,14.1733,13.9683,14.13,12893777,,https://api.nasdaq.com/api/quote/UPRO/historical?assetclass=etf&fromdate=2016-07-26&todate=2026-07-26&limit=5000
UPRO,2017-01-06,14.165,14.39,14.045,14.29,11701577,,https://api.nasdaq.com/api/quote/UPRO/historical?assetclass=etf&fromdate=2016-07-26&todate=2026-07-26&limit=5000
UPRO,2017-01-09,14.2283,14.2617,14.1383,14.155,11444999,,https://api.nasdaq.com/api/quote/UPRO/historical?assetclass=etf&fromdate=2016-07-26&todate=2026-07-26&limit=5000
UPRO,2017-01-10,14.1533,14.3283,14.06,14.1317,9410506,,https://api.nasdaq.com/api/quote/UPRO/historical?assetclass=etf&fromdate=2016-07-26&todate=2026-07-26&limit=5000
UPRO,2017-01-11,14.115,14.2517,13.9783,14.2467,19442306,,https://api.nasdaq.com/api/quote/UPRO/historical?assetclass=etf&fromdate=2016-07-26&todate=2026-07-26&limit=5000
UPRO,2017-01-12,14.1467,14.1933,13.8575,14.1533,17671927,,https://api.nasdaq.com/api/quote/UPRO/historical?assetclass=etf&fromdate=2016-07-26&todate=2026-07-26&limit=5000
UPRO,2017-01-13,14.1917,14.3133,14.18,14.2417,7932183,,https://api.nasdaq.com/api/quote/UPRO/historical?assetclass=etf&fromdate=2016-07-26&todate=2026-07-26&limit=5000
UPRO,2017-01-17,14.1017,14.1967,14.0142,14.11,11115772,,https://api.nasdaq.com/api/quote/UPRO/historical?assetclass=etf&fromdate=2016-07-26&todate=2026-07-26&limit=5000
UPRO,2017-01-18,14.15,14.1933,14.0333,14.1833,8016807,,https://api.nasdaq.com/api/quote/UPRO/historical?assetclass=etf&fromdate=2016-07-26&todate=2026-07-26&limit=5000
UPRO,2017-01-19,14.2,14.2358,13.9367,14.035,11974913,,https://api.nasdaq.com/api/quote/UPRO/historical?assetclass=etf&fromdate=2016-07-26&todate=2026-07-26&limit=5000
UPRO,2017-01-20,14.1783,14.2879,14.0567,14.18,14250102,,https://api.nasdaq.com/api/quote/UPRO/historical?assetclass=etf&fromdate=2016-07-26&todate=2026-07-26&limit=5000
UPRO,2017-01-23,14.105,14.19,13.907,14.07,12038465,,https://api.nasdaq.com/api/quote/UPRO/historical?assetclass=etf&fromdate=2016-07-26&todate=2026-07-26&limit=5000
UPRO,2017-01-24,14.115,14.43,14.0917,14.3383,10244968,,https://api.nasdaq.com/api/quote/UPRO/historical?assetclass=etf&fromdate=2016-07-26&todate=2026-07-26&limit=5000
UPRO,2017-01-25,14.5467,14.71,14.505,14.6867,14724090,,https://api.nasdaq.com/api/quote/UPRO/historical?assetclass=etf&fromdate=2016-07-26&todate=2026-07-26&limit=5000
UPRO,2017-01-26,14.6767,14.7383,14.6033,14.6533,10642120,,https://api.nasdaq.com/api/quote/UPRO/historical?assetclass=etf&fromdate=2016-07-26&todate=2026-07-26&limit=5000
UPRO,2017-01-27,14.6817,14.71,14.5529,14.6017,8382327,,https://api.nasdaq.com/api/quote/UPRO/historical?assetclass=etf&fromdate=2016-07-26&todate=2026-07-26&limit=5000
UPRO,2017-01-30,14.435,14.4425,14.1017,14.3383,13919202,,https://api.nasdaq.com/api/quote/UPRO/historical?assetclass=etf&fromdate=2016-07-26&todate=2026-07-26&limit=5000
UPRO,2017-01-31,14.2067,14.33,14.0867,14.33,10915600,,https://api.nasdaq.com/api/quote/UPRO/historical?assetclass=etf&fromdate=2016-07-26&todate=2026-07-26&limit=5000
UPRO,2017-02-01,14.45,14.5117,14.2033,14.3383,11322053,,https://api.nasdaq.com/api/quote/UPRO/historical?assetclass=etf&fromdate=2016-07-26&todate=2026-07-26&limit=5000
UPRO,2017-02-02,14.255,14.4167,14.18,14.3583,8712477,,https://api.nasdaq.com/api/quote/UPRO/historical?assetclass=etf&fromdate=2016-07-26&todate=2026-07-26&limit=5000
UPRO,2017-02-03,14.55,14.6867,14.4867,14.6467,15661242,,https://api.nasdaq.com/api/quote/UPRO/historical?assetclass=etf&fromdate=2016-07-26&todate=2026-07-26&limit=5000
UPRO,2017-02-06,14.5617,14.6433,14.4967,14.585,7932981,,https://api.nasdaq.com/api/quote/UPRO/historical?assetclass=etf&fromdate=2016-07-26&todate=2026-07-26&limit=5000
UPRO,2017-02-07,14.6617,14.7052,14.5267,14.575,10928248,,https://api.nasdaq.com/api/quote/UPRO/historical?assetclass=etf&fromdate=2016-07-26&todate=2026-07-26&limit=5000
UPRO,2017-02-08,14.5083,14.6525,14.4483,14.6333,7766745,,https://api.nasdaq.com/api/quote/UPRO/historical?assetclass=etf&fromdate=2016-07-26&todate=2026-07-26&limit=5000
UPRO,2017-02-09,14.6883,14.9517,14.6783,14.8833,10563826,,https://api.nasdaq.com/api/quote/UPRO/historical?assetclass=etf&fromdate=2016-07-26&todate=2026-07-26&limit=5000
UPRO,2017-02-10,14.9683,15.1102,14.9433,15.0583,7935699,,https://api.nasdaq.com/api/quote/UPRO/historical?assetclass=etf&fromdate=2016-07-26&todate=2026-07-26&limit=5000
UPRO,2017-02-13,15.17,15.3633,15.1661,15.2883,8056689,,https://api.nasdaq.com/api/quote/UPRO/historical?assetclass=etf&fromdate=2016-07-26&todate=2026-07-26&limit=5000
UPRO,2017-02-14,15.2633,15.49,15.185,15.485,9571378,,https://api.nasdaq.com/api/quote/UPRO/historical?assetclass=etf&fromdate=2016-07-26&todate=2026-07-26&limit=5000
UPRO,2017-02-15,15.4317,15.7691,15.425,15.7167,10210024,,https://api.nasdaq.com/api/quote/UPRO/historical?assetclass=etf&fromdate=2016-07-26&todate=2026-07-26&limit=5000
UPRO,2017-02-16,15.7317,15.7717,15.515,15.6867,10824964,,https://api.nasdaq.com/api/quote/UPRO/historical?assetclass=etf&fromdate=2016-07-26&todate=2026-07-26&limit=5000
UPRO,2017-02-17,15.5283,15.7517,15.5283,15.7483,7407333,,https://api.nasdaq.com/api/quote/UPRO/historical?assetclass=etf&fromdate=2016-07-26&todate=2026-07-26&limit=5000
UPRO,2017-02-21,15.8467,16.0757,15.8433,16.02,10477828,,https://api.nasdaq.com/api/quote/UPRO/historical?assetclass=etf&fromdate=2016-07-26&todate=2026-07-26&limit=5000
UPRO,2017-02-22,15.945,16.0467,15.905,15.9917,10189732,,https://api.nasdaq.com/api/quote/UPRO/historical?assetclass=etf&fromdate=2016-07-26&todate=2026-07-26&limit=5000
UPRO,2017-02-23,16.1217,16.1217,15.8483,16.0317,9832720,,https://api.nasdaq.com/api/quote/UPRO/historical?assetclass=etf&fromdate=2016-07-26&todate=2026-07-26&limit=5000
UPRO,2017-02-24,15.82,16.0917,15.815,16.085,7812075,,https://api.nasdaq.com/api/quote/UPRO/historical?assetclass=etf&fromdate=2016-07-26&todate=2026-07-26&limit=5000
UPRO,2017-02-27,16.0683,16.195,16.005,16.1567,8722497,,https://api.nasdaq.com/api/quote/UPRO/historical?assetclass=etf&fromdate=2016-07-26&todate=2026-07-26&limit=5000
UPRO,2017-02-28,16.0667,16.1233,15.9333,16.0367,7685943,,https://api.nasdaq.com/api/quote/UPRO/historical?assetclass=etf&fromdate=2016-07-26&todate=2026-07-26&limit=5000
UPRO,2017-03-01,16.415,16.8033,16.4117,16.6833,11237176,,https://api.nasdaq.com/api/quote/UPRO/historical?assetclass=etf&fromdate=2016-07-26&todate=2026-07-26&limit=5000
UPRO,2017-03-02,16.6517,16.655,16.3692,16.4,9820318,,https://api.nasdaq.com/api/quote/UPRO/historical?assetclass=etf&fromdate=2016-07-26&todate=2026-07-26&limit=5000
UPRO,2017-03-03,16.3633,16.4467,16.27,16.415,8414955,,https://api.nasdaq.com/api/quote/UPRO/historical?assetclass=etf&fromdate=2016-07-26&todate=2026-07-26&limit=5000
UPRO,2017-03-06,16.205,16.3433,16.1167,16.2717,8169231,,https://api.nasdaq.com/api/quote/UPRO/historical?assetclass=etf&fromdate=2016-07-26&todate=2026-07-26&limit=5000
UPRO,2017-03-07,16.1867,16.2717,16.0668,16.1267,7457583,,https://api.nasdaq.com/api/quote/UPRO/historical?assetclass=etf&fromdate=2016-07-26&todate=2026-07-26&limit=5000
UPRO,2017-03-08,16.1817,16.2383,15.99,16.0217,8317401,,https://api.nasdaq.com/api/quote/UPRO/historical?assetclass=etf&fromdate=2016-07-26&todate=2026-07-26&limit=5000
UPRO,2017-03-09,16.0433,16.155,15.8542,16.0783,8778340,,https://api.nasdaq.com/api/quote/UPRO/historical?assetclass=etf&fromdate=2016-07-26&todate=2026-07-26&limit=5000
UPRO,2017-03-10,16.3083,16.3165,16.0267,16.2367,10322314,,https://api.nasdaq.com/api/quote/UPRO/historical?assetclass=etf&fromdate=2016-07-26&todate=2026-07-26&limit=5000
UPRO,2017-03-13,16.2333,16.2771,16.1533,16.2617,5342222,,https://api.nasdaq.com/api/quote/UPRO/historical?assetclass=etf&fromdate=2016-07-26&todate=2026-07-26&limit=5000
UPRO,2017-03-14,16.14,16.1528,15.9367,16.095,10795114,,https://api.nasdaq.com/api/quote/UPRO/historical?assetclass=etf&fromdate=2016-07-26&todate=2026-07-26&limit=5000
UPRO,2017-03-15,16.215,16.5917,16.1583,16.4767,9513568,,https://api.nasdaq.com/api/quote/UPRO/historical?assetclass=etf&fromdate=2016-07-26&todate=2026-07-26&limit=5000
UPRO,2017-03-16,16.5267,16.5467,16.3211,16.4117,9090466,,https://api.nasdaq.com/api/quote/UPRO/historical?assetclass=etf&fromdate=2016-07-26&todate=2026-07-26&limit=5000
UPRO,2017-03-17,16.4667,16.5017,16.3033,16.3033,6861795,,https://api.nasdaq.com/api/quote/UPRO/historical?assetclass=etf&fromdate=2016-07-26&todate=2026-07-26&limit=5000
UPRO,2017-03-20,16.3033,16.3717,16.16,16.245,6400683,,https://api.nasdaq.com/api/quote/UPRO/historical?assetclass=etf&fromdate=2016-07-26&todate=2026-07-26&limit=5000
UPRO,2017-03-21,16.3967,16.425,15.6,15.6383,18388195,,https://api.nasdaq.com/api/quote/UPRO/historical?assetclass=etf&fromdate=2016-07-26&todate=2026-07-26&limit=5000
UPRO,2017-03-22,15.63,15.8,15.4867,15.7333,10076788,,https://api.nasdaq.com/api/quote/UPRO/historical?assetclass=etf&fromdate=2016-07-26&todate=2026-07-26&limit=5000
UPRO,2017-03-23,15.675,15.9433,15.5967,15.68,9321886,,https://api.nasdaq.com/api/quote/UPRO/historical?assetclass=etf&fromdate=2016-07-26&todate=2026-07-26&limit=5000
UPRO,2017-03-24,15.75,15.8867,15.47,15.6483,10574560,,https://api.nasdaq.com/api/quote/UPRO/historical?assetclass=etf&fromdate=2016-07-26&todate=2026-07-26&limit=5000
UPRO,2017-03-27,15.2467,15.6567,15.1917,15.5917,9906202,,https://api.nasdaq.com/api/quote/UPRO/historical?assetclass=etf&fromdate=2016-07-26&todate=2026-07-26&limit=5000
UPRO,2017-03-28,15.53,16.0367,15.5007,15.9167,10280824,,https://api.nasdaq.com/api/quote/UPRO/historical?assetclass=etf&fromdate=2016-07-26&todate=2026-07-26&limit=5000
UPRO,2017-03-29,15.865,16.03,15.8133,15.99,7359135,,https://api.nasdaq.com/api/quote/UPRO/historical?assetclass=etf&fromdate=2016-07-26&todate=2026-07-26&limit=5000
UPRO,2017-03-30,15.97,16.1767,15.9217,16.115,7874403,,https://api.nasdaq.com/api/quote/UPRO/historical?assetclass=etf&fromdate=2016-07-26&todate=2026-07-26&limit=5000
UPRO,2017-03-31,16.0417,16.17,16.0017,16.0017,7794471,,https://api.nasdaq.com/api/quote/UPRO/historical?assetclass=etf&fromdate=2016-07-26&todate=2026-07-26&limit=5000
UPRO,2017-04-03,16.0283,16.0744,15.6392,15.94,12157463,,https://api.nasdaq.com/api/quote/UPRO/historical?assetclass=etf&fromdate=2016-07-26&todate=2026-07-26&limit=5000
UPRO,2017-04-04,15.8583,15.9767,15.7733,15.9667,6742275,,https://api.nasdaq.com/api/quote/UPRO/historical?assetclass=etf&fromdate=2016-07-26&todate=2026-07-26&limit=5000
UPRO,2017-04-05,16.1133,16.3417,15.7667,15.805,16342861,,https://api.nasdaq.com/api/quote/UPRO/historical?assetclass=etf&fromdate=2016-07-26&todate=2026-07-26&limit=5000
UPRO,2017-04-06,15.8533,16.0583,15.745,15.935,7564377,,https://api.nasdaq.com/api/quote/UPRO/historical?assetclass=etf&fromdate=2016-07-26&todate=2026-07-26&limit=5000
UPRO,2017-04-07,15.8917,16.0533,15.7783,15.8883,8141871,,https://api.nasdaq.com/api/quote/UPRO/historical?assetclass=etf&fromdate=2016-07-26&todate=2026-07-26&limit=5000
UPRO,2017-04-10,15.9233,16.1033,15.8,15.9133,9930430,,https://api.nasdaq.com/api/quote/UPRO/historical?assetclass=etf&fromdate=2016-07-26&todate=2026-07-26&limit=5000
UPRO,2017-04-11,15.825,15.8833,15.5117,15.8567,12211661,,https://api.nasdaq.com/api/quote/UPRO/historical?assetclass=etf&fromdate=2016-07-26&todate=2026-07-26&limit=5000
UPRO,2017-04-12,15.795,15.8333,15.5933,15.6567,8335701,,https://api.nasdaq.com/api/quote/UPRO/historical?assetclass=etf&fromdate=2016-07-26&todate=2026-07-26&limit=5000
UPRO,2017-04-13,15.5717,15.7383,15.35,15.3583,12201029,,https://api.nasdaq.com/api/quote/UPRO/historical?assetclass=etf&fromdate=2016-07-26&todate=2026-07-26&limit=5000
UPRO,2017-04-17,15.46,15.7467,15.415,15.7467,6769533,,https://api.nasdaq.com/api/quote/UPRO/historical?assetclass=etf&fromdate=2016-07-26&todate=2026-07-26&limit=5000
UPRO,2017-04-18,15.58,15.7205,15.4467,15.5967,8762620,,https://api.nasdaq.com/api/quote/UPRO/historical?assetclass=etf&fromdate=2016-07-26&todate=2026-07-26&limit=5000
UPRO,2017-04-19,15.74,15.82,15.4647,15.5167,8876734,,https://api.nasdaq.com/api/quote/UPRO/historical?assetclass=etf&fromdate=2016-07-26&todate=2026-07-26&limit=5000
UPRO,2017-04-20,15.6533,15.9917,15.5833,15.8783,11643653,,https://api.nasdaq.com/api/quote/UPRO/historical?assetclass=etf&fromdate=2016-07-26&todate=2026-07-26&limit=5000
UPRO,2017-04-21,15.8667,15.8817,15.645,15.745,8846704,,https://api.nasdaq.com/api/quote/UPRO/historical?assetclass=etf&fromdate=2016-07-26&todate=2026-07-26&limit=5000
UPRO,2017-04-24,16.2617,16.3033,16.1433,16.245,11236150,,https://api.nasdaq.com/api/quote/UPRO/historical?assetclass=etf&fromdate=2016-07-26&todate=2026-07-26&limit=5000
UPRO,2017-04-25,16.4017,16.6183,16.3833,16.53,11494439,,https://api.nasdaq.com/api/quote/UPRO/historical?assetclass=etf&fromdate=2016-07-26&todate=2026-07-26&limit=5000
UPRO,2017-04-26,16.5267,16.7367,16.4933,16.5067,10136272,,https://api.nasdaq.com/api/quote/UPRO/historical?assetclass=etf&fromdate=2016-07-26&todate=2026-07-26&limit=5000
UPRO,2017-04-27,16.5867,16.6125,16.4133,16.5467,7841805,,https://api.nasdaq.com/api/quote/UPRO/historical?assetclass=etf&fromdate=2016-07-26&todate=2026-07-26&limit=5000
UPRO,2017-04-28,16.6017,16.6083,16.4017,16.445,7238037,,https://api.nasdaq.com/api/quote/UPRO/historical?assetclass=etf&fromdate=2016-07-26&todate=2026-07-26&limit=5000
UPRO,2017-05-01,16.545,16.6536,16.4567,16.5483,7714071,,https://api.nasdaq.com/api/quote/UPRO/historical?assetclass=etf&fromdate=2016-07-26&todate=2026-07-26&limit=5000
UPRO,2017-05-02,16.5933,16.6133,16.4767,16.5767,8086953,,https://api.nasdaq.com/api/quote/UPRO/historical?assetclass=etf&fromdate=2016-07-26&todate=2026-07-26&limit=5000
UPRO,2017-05-03,16.4733,16.5583,16.3483,16.5233,9987988,,https://api.nasdaq.com/api/quote/UPRO/historical?assetclass=etf&fromdate=2016-07-26&todate=2026-07-26&limit=5000
UPRO,2017-05-04,16.58,16.5967,16.3633,16.555,10188670,,https://api.nasdaq.com/api/quote/UPRO/historical?assetclass=etf&fromdate=2016-07-26&todate=2026-07-26&limit=5000
UPRO,2017-05-05,16.645,16.7633,16.5483,16.7633,10065676,,https://api.nasdaq.com/api/quote/UPRO/historical?assetclass=etf&fromdate=2016-07-26&todate=2026-07-26&limit=5000
UPRO,2017-05-08,16.7617,16.8,16.6467,16.7533,7144221,,https://api.nasdaq.com/api/quote/UPRO/historical?assetclass=etf&fromdate=2016-07-26&todate=2026-07-26&limit=5000
UPRO,2017-05-09,16.8067,16.8533,16.6167,16.7083,7942137,,https://api.nasdaq.com/api/quote/UPRO/historical?assetclass=etf&fromdate=2016-07-26&todate=2026-07-26&limit=5000
UPRO,2017-05-10,16.68,16.785,16.635,16.785,5938250,,https://api.nasdaq.com/api/quote/UPRO/historical?assetclass=etf&fromdate=2016-07-26&todate=2026-07-26&limit=5000
UPRO,2017-05-11,16.6733,16.7183,16.42,16.6933,10692172,,https://api.nasdaq.com/api/quote/UPRO/historical?assetclass=etf&fromdate=2016-07-26&todate=2026-07-26&limit=5000
UPRO,2017-05-12,16.62,16.6417,16.535,16.61,6516657,,https://api.nasdaq.com/api/quote/UPRO/historical?assetclass=etf&fromdate=2016-07-26&todate=2026-07-26&limit=5000
UPRO,2017-05-15,16.6917,16.8933,16.6917,16.8567,9556852,,https://api.nasdaq.com/api/quote/UPRO/historical?assetclass=etf&fromdate=2016-07-26&todate=2026-07-26&limit=5000
UPRO,2017-05-16,16.94,16.9433,16.7262,16.82,8182623,,https://api.nasdaq.com/api/quote/UPRO/historical?assetclass=etf&fromdate=2016-07-26&todate=2026-07-26&limit=5000
UPRO,2017-05-17,16.4017,16.5117,15.9067,15.935,20211326,,https://api.nasdaq.com/api/quote/UPRO/historical?assetclass=etf&fromdate=2016-07-26&todate=2026-07-26&limit=5000
UPRO,2017-05-18,15.8933,16.3017,15.8433,16.1,12593021,,https://api.nasdaq.com/api/quote/UPRO/historical?assetclass=etf&fromdate=2016-07-26&todate=2026-07-26&limit=5000
UPRO,2017-05-19,16.2283,16.5767,16.2133,16.4133,11080768,,https://api.nasdaq.com/api/quote/UPRO/historical?assetclass=etf&fromdate=2016-07-26&todate=2026-07-26&limit=5000
UPRO,2017-05-22,16.5333,16.7083,16.525,16.6767,6457179,,https://api.nasdaq.com/api/quote/UPRO/historical?assetclass=etf&fromdate=2016-07-26&todate=2026-07-26&limit=5000
UPRO,2017-05-23,16.7583,16.82,16.67,16.7817,6480171,,https://api.nasdaq.com/api/quote/UPRO/historical?assetclass=etf&fromdate=2016-07-26&todate=2026-07-26&limit=5000
UPRO,2017-05-24,16.8367,16.9167,16.7517,16.8767,7982325,,https://api.nasdaq.com/api/quote/UPRO/historical?assetclass=etf&fromdate=2016-07-26&todate=2026-07-26&limit=5000
UPRO,2017-05-25,16.9983,17.2017,16.9633,17.115,9644512,,https://api.nasdaq.com/api/quote/UPRO/historical?assetclass=etf&fromdate=2016-07-26&todate=2026-07-26&limit=5000
UPRO,2017-05-26,17.0783,17.16,17.0683,17.1233,4865420,,https://api.nasdaq.com/api/quote/UPRO/historical?assetclass=etf&fromdate=2016-07-26&todate=2026-07-26&limit=5000
UPRO,2017-05-30,17.0433,17.1333,17.0033,17.0817,5181758,,https://api.nasdaq.com/api/quote/UPRO/historical?assetclass=etf&fromdate=2016-07-26&todate=2026-07-26&limit=5000
UPRO,2017-05-31,17.145,17.155,16.8867,17.0533,9526354,,https://api.nasdaq.com/api/quote/UPRO/historical?assetclass=etf&fromdate=2016-07-26&todate=2026-07-26&limit=5000
UPRO,2017-06-01,17.155,17.4583,17.0987,17.4517,7730517,,https://api.nasdaq.com/api/quote/UPRO/historical?assetclass=etf&fromdate=2016-07-26&todate=2026-07-26&limit=5000
UPRO,2017-06-02,17.4733,17.6733,17.4017,17.62,7749909,,https://api.nasdaq.com/api/quote/UPRO/historical?assetclass=etf&fromdate=2016-07-26&todate=2026-07-26&limit=5000
UPRO,2017-06-05,17.5933,17.66,17.5467,17.5967,5678480,,https://api.nasdaq.com/api/quote/UPRO/historical?assetclass=etf&fromdate=2016-07-26&todate=2026-07-26&limit=5000
UPRO,2017-06-06,17.45,17.5867,17.4067,17.4383,6886641,,https://api.nasdaq.com/api/quote/UPRO/historical?assetclass=etf&fromdate=2016-07-26&todate=2026-07-26&limit=5000
UPRO,2017-06-07,17.5117,17.57,17.3417,17.5167,7047279,,https://api.nasdaq.com/api/quote/UPRO/historical?assetclass=etf&fromdate=2016-07-26&todate=2026-07-26&limit=5000
UPRO,2017-06-08,17.5333,17.66,17.41,17.5383,9728974,,https://api.nasdaq.com/api/quote/UPRO/historical?assetclass=etf&fromdate=2016-07-26&todate=2026-07-26&limit=5000
UPRO,2017-06-09,17.6133,17.8067,17.1483,17.465,16339831,,https://api.nasdaq.com/api/quote/UPRO/historical?assetclass=etf&fromdate=2016-07-26&todate=2026-07-26&limit=5000
UPRO,2017-06-12,17.3917,17.4617,17.2417,17.4417,11910281,,https://api.nasdaq.com/api/quote/UPRO/historical?assetclass=etf&fromdate=2016-07-26&todate=2026-07-26&limit=5000
UPRO,2017-06-13,17.5817,17.7133,17.4967,17.6933,7732665,,https://api.nasdaq.com/api/quote/UPRO/historical?assetclass=etf&fromdate=2016-07-26&todate=2026-07-26&limit=5000
UPRO,2017-06-14,17.7683,17.7683,17.4167,17.6317,13249559,,https://api.nasdaq.com/api/quote/UPRO/historical?assetclass=etf&fromdate=2016-07-26&todate=2026-07-26&limit=5000
UPRO,2017-06-15,17.295,17.5554,17.2167,17.52,9050836,,https://api.nasdaq.com/api/quote/UPRO/historical?assetclass=etf&fromdate=2016-07-26&todate=2026-07-26&limit=5000
UPRO,2017-06-16,17.565,17.565,17.315,17.52,7470615,,https://api.nasdaq.com/api/quote/UPRO/historical?assetclass=etf&fromdate=2016-07-26&todate=2026-07-26&limit=5000
UPRO,2017-06-19,17.7383,17.9833,17.715,17.9633,8455443,,https://api.nasdaq.com/api/quote/UPRO/historical?assetclass=etf&fromdate=2016-07-26&todate=2026-07-26&limit=5000
UPRO,2017-06-20,17.875,17.8817,17.6033,17.62,8781040,,https://api.nasdaq.com/api/quote/UPRO/historical?assetclass=etf&fromdate=2016-07-26&todate=2026-07-26&limit=5000
UPRO,2017-06-21,17.6833,17.725,17.4722,17.5833,9164380,,https://api.nasdaq.com/api/quote/UPRO/historical?assetclass=etf&fromdate=2016-07-26&todate=2026-07-26&limit=5000
UPRO,2017-06-22,17.5883,17.71,17.5217,17.5633,6899103,,https://api.nasdaq.com/api/quote/UPRO/historical?assetclass=etf&fromdate=2016-07-26&todate=2026-07-26&limit=5000
UPRO,2017-06-23,17.59,17.705,17.4822,17.6383,5698436,,https://api.nasdaq.com/api/quote/UPRO/historical?assetclass=etf&fromdate=2016-07-26&todate=2026-07-26&limit=5000
UPRO,2017-06-26,17.7883,17.8917,17.6033,17.6533,7551543,,https://api.nasdaq.com/api/quote/UPRO/historical?assetclass=etf&fromdate=2016-07-26&todate=2026-07-26&limit=5000
UPRO,2017-06-27,17.5917,17.67,17.2283,17.2433,10994806,,https://api.nasdaq.com/api/quote/UPRO/historical?assetclass=etf&fromdate=2016-07-26&todate=2026-07-26&limit=5000
UPRO,2017-06-28,17.4767,17.7317,17.4167,17.6767,7719243,,https://api.nasdaq.com/api/quote/UPRO/historical?assetclass=etf&fromdate=2016-07-26&todate=2026-07-26&limit=5000
UPRO,2017-06-29,17.72,17.73,16.915,17.23,19131632,,https://api.nasdaq.com/api/quote/UPRO/historical?assetclass=etf&fromdate=2016-07-26&todate=2026-07-26&limit=5000
UPRO,2017-06-30,17.415,17.5033,17.2633,17.3117,10247116,,https://api.nasdaq.com/api/quote/UPRO/historical?assetclass=etf&fromdate=2016-07-26&todate=2026-07-26&limit=5000
UPRO,2017-07-03,17.545,17.6467,17.3967,17.3967,7525215,,https://api.nasdaq.com/api/quote/UPRO/historical?assetclass=etf&fromdate=2016-07-26&todate=2026-07-26&limit=5000
UPRO,2017-07-05,17.4817,17.5617,17.2817,17.51,7194357,,https://api.nasdaq.com/api/quote/UPRO/historical?assetclass=etf&fromdate=2016-07-26&todate=2026-07-26&limit=5000
UPRO,2017-07-06,17.3217,17.35,16.9852,17.0433,10736830,,https://api.nasdaq.com/api/quote/UPRO/historical?assetclass=etf&fromdate=2016-07-26&todate=2026-07-26&limit=5000
UPRO,2017-07-07,17.1717,17.3933,17.1283,17.3567,7472073,,https://api.nasdaq.com/api/quote/UPRO/historical?assetclass=etf&fromdate=2016-07-26&todate=2026-07-26&limit=5000
UPRO,2017-07-10,17.3267,17.5033,17.285,17.405,4732478,,https://api.nasdaq.com/api/quote/UPRO/historical?assetclass=etf&fromdate=2016-07-26&todate=2026-07-26&limit=5000
UPRO,2017-07-11,17.365,17.4483,17.08,17.365,6980409,,https://api.nasdaq.com/api/quote/UPRO/historical?assetclass=etf&fromdate=2016-07-26&todate=2026-07-26&limit=5000
UPRO,2017-07-12,17.605,17.795,17.6033,17.7567,7827237,,https://api.nasdaq.com/api/quote/UPRO/historical?assetclass=etf&fromdate=2016-07-26&todate=2026-07-26&limit=5000
UPRO,2017-07-13,17.7617,17.8699,17.7017,17.84,6759711,,https://api.nasdaq.com/api/quote/UPRO/historical?assetclass=etf&fromdate=2016-07-26&todate=2026-07-26&limit=5000
UPRO,2017-07-14,17.85,18.1756,17.8167,18.0767,7103079,,https://api.nasdaq.com/api/quote/UPRO/historical?assetclass=etf&fromdate=2016-07-26&todate=2026-07-26&limit=5000
UPRO,2017-07-17,18.07,18.1667,18.0383,18.0783,6304551,,https://api.nasdaq.com/api/quote/UPRO/historical?assetclass=etf&fromdate=2016-07-26&todate=2026-07-26&limit=5000
UPRO,2017-07-18,17.9783,18.1217,17.89,18.1067,7004289,,https://api.nasdaq.com/api/quote/UPRO/historical?assetclass=etf&fromdate=2016-07-26&todate=2026-07-26&limit=5000
UPRO,2017-07-19,18.1917,18.4,18.1817,18.4,6250389,,https://api.nasdaq.com/api/quote/UPRO/historical?assetclass=etf&fromdate=2016-07-26&todate=2026-07-26&limit=5000
UPRO,2017-07-20,18.4617,18.49,18.2867,18.4133,9069454,,https://api.nasdaq.com/api/quote/UPRO/historical?assetclass=etf&fromdate=2016-07-26&todate=2026-07-26&limit=5000
UPRO,2017-07-21,18.2767,18.3767,18.215,18.3767,7273311,,https://api.nasdaq.com/api/quote/UPRO/historical?assetclass=etf&fromdate=2016-07-26&todate=2026-07-26&limit=5000
UPRO,2017-07-24,18.35,18.3867,18.2383,18.3583,6255483,,https://api.nasdaq.com/api/quote/UPRO/historical?assetclass=etf&fromdate=2016-07-26&todate=2026-07-26&limit=5000
UPRO,2017-07-25,18.555,18.57,18.4283,18.4683,7263615,,https://api.nasdaq.com/api/quote/UPRO/historical?assetclass=etf&fromdate=2016-07-26&todate=2026-07-26&limit=5000
UPRO,2017-07-26,18.5583,18.5667,18.4117,18.4833,5086076,,https://api.nasdaq.com/api/quote/UPRO/historical?assetclass=etf&fromdate=2016-07-26&todate=2026-07-26&limit=5000
UPRO,2017-07-27,18.6083,18.6083,18.0983,18.44,10309822,,https://api.nasdaq.com/api/quote/UPRO/historical?assetclass=etf&fromdate=2016-07-26&todate=2026-07-26&limit=5000
UPRO,2017-07-28,18.3017,18.3917,18.19,18.3533,6427077,,https://api.nasdaq.com/api/quote/UPRO/historical?assetclass=etf&fromdate=2016-07-26&todate=2026-07-26&limit=5000
UPRO,2017-07-31,18.4633,18.4817,18.275,18.3283,5292326,,https://api.nasdaq.com/api/quote/UPRO/historical?assetclass=etf&fromdate=2016-07-26&todate=2026-07-26&limit=5000
UPRO,2017-08-01,18.4817,18.4867,18.3367,18.4367,4805486,,https://api.nasdaq.com/api/quote/UPRO/historical?assetclass=etf&fromdate=2016-07-26&todate=2026-07-26&limit=5000
UPRO,2017-08-02,18.4817,18.5067,18.2333,18.4583,7211079,,https://api.nasdaq.com/api/quote/UPRO/historical?assetclass=etf&fromdate=2016-07-26&todate=2026-07-26&limit=5000
UPRO,2017-08-03,18.4467,18.4467,18.2925,18.3717,5455436,,https://api.nasdaq.com/api/quote/UPRO/historical?assetclass=etf&fromdate=2016-07-26&todate=2026-07-26&limit=5000
UPRO,2017-08-04,18.4817,18.5417,18.3633,18.45,5109842,,https://api.nasdaq.com/api/quote/UPRO/historical?assetclass=etf&fromdate=2016-07-26&todate=2026-07-26&limit=5000
UPRO,2017-08-07,18.4683,18.5567,18.4442,18.5483,3442015,,https://api.nasdaq.com/api/quote/UPRO/historical?assetclass=etf&fromdate=2016-07-26&todate=2026-07-26&limit=5000
UPRO,2017-08-08,18.4817,18.7883,18.325,18.4333,7762161,,https://api.nasdaq.com/api/quote/UPRO/historical?assetclass=etf&fromdate=2016-07-26&todate=2026-07-26&limit=5000
UPRO,2017-08-09,18.2417,18.4217,18.145,18.405,7463745,,https://api.nasdaq.com/api/quote/UPRO/historical?assetclass=etf&fromdate=2016-07-26&todate=2026-07-26&limit=5000
UPRO,2017-08-10,18.1933,18.2217,17.62,17.64,11890367,,https://api.nasdaq.com/api/quote/UPRO/historical?assetclass=etf&fromdate=2016-07-26&todate=2026-07-26&limit=5000
UPRO,2017-08-11,17.6783,17.8517,17.625,17.7067,8300817,,https://api.nasdaq.com/api/quote/UPRO/historical?assetclass=etf&fromdate=2016-07-26&todate=2026-07-26&limit=5000
UPRO,2017-08-14,18.0217,18.28,18.015,18.2267,7081353,,https://api.nasdaq.com/api/quote/UPRO/historical?assetclass=etf&fromdate=2016-07-26&todate=2026-07-26&limit=5000
UPRO,2017-08-15,18.3267,18.3267,18.145,18.2233,5667002,,https://api.nasdaq.com/api/quote/UPRO/historical?assetclass=etf&fromdate=2016-07-26&todate=2026-07-26&limit=5000
UPRO,2017-08-16,18.3333,18.45,18.205,18.305,7482075,,https://api.nasdaq.com/api/quote/UPRO/historical?assetclass=etf&fromdate=2016-07-26&todate=2026-07-26&limit=5000
UPRO,2017-08-17,18.1483,18.2267,17.455,17.4583,13242881,,https://api.nasdaq.com/api/quote/UPRO/historical?assetclass=etf&fromdate=2016-07-26&todate=2026-07-26&limit=5000
UPRO,2017-08-18,17.41,17.6783,17.2563,17.36,11364695,,https://api.nasdaq.com/api/quote/UPRO/historical?assetclass=etf&fromdate=2016-07-26&todate=2026-07-26&limit=5000
UPRO,2017-08-21,17.355,17.465,17.175,17.4133,5252978,,https://api.nasdaq.com/api/quote/UPRO/historical?assetclass=etf&fromdate=2016-07-26&todate=2026-07-26&limit=5000
UPRO,2017-08-22,17.5417,17.9854,17.5417,17.9267,7899525,,https://api.nasdaq.com/api/quote/UPRO/historical?assetclass=etf&fromdate=2016-07-26&todate=2026-07-26&limit=5000
UPRO,2017-08-23,17.705,17.855,17.6635,17.7483,5353760,,https://api.nasdaq.com/api/quote/UPRO/historical?assetclass=etf&fromdate=2016-07-26&todate=2026-07-26&limit=5000
UPRO,2017-08-24,17.85,17.8833,17.5724,17.6267,8348055,,https://api.nasdaq.com/api/quote/UPRO/historical?assetclass=etf&fromdate=2016-07-26&todate=2026-07-26&limit=5000
UPRO,2017-08-25,17.8133,17.9733,17.71,17.7433,5842748,,https://api.nasdaq.com/api/quote/UPRO/historical?assetclass=etf&fromdate=2016-07-26&todate=2026-07-26&limit=5000
UPRO,2017-08-28,17.8617,17.88,17.645,17.7467,3773198,,https://api.nasdaq.com/api/quote/UPRO/historical?assetclass=etf&fromdate=2016-07-26&todate=2026-07-26&limit=5000
UPRO,2017-08-29,17.4167,17.865,17.3883,17.7967,6774339,,https://api.nasdaq.com/api/quote/UPRO/historical?assetclass=etf&fromdate=2016-07-26&todate=2026-07-26&limit=5000
UPRO,2017-08-30,17.8,18.12,17.7467,18.0617,7972671,,https://api.nasdaq.com/api/quote/UPRO/historical?assetclass=etf&fromdate=2016-07-26&todate=2026-07-26&limit=5000
UPRO,2017-08-31,18.2133,18.435,18.1867,18.3667,6648513,,https://api.nasdaq.com/api/quote/UPRO/historical?assetclass=etf&fromdate=2016-07-26&todate=2026-07-26&limit=5000
UPRO,2017-09-01,18.4783,18.56,18.4152,18.4667,5622878,,https://api.nasdaq.com/api/quote/UPRO/historical?assetclass=etf&fromdate=2016-07-26&todate=2026-07-26&limit=5000
UPRO,2017-09-05,18.3183,18.3733,17.7983,18.0483,14208708,,https://api.nasdaq.com/api/quote/UPRO/historical?assetclass=etf&fromdate=2016-07-26&todate=2026-07-26&limit=5000
UPRO,2017-09-06,18.2267,18.3133,18.0833,18.2317,6783849,,https://api.nasdaq.com/api/quote/UPRO/historical?assetclass=etf&fromdate=2016-07-26&todate=2026-07-26&limit=5000
UPRO,2017-09-07,18.3133,18.3133,18.11,18.2183,5820188,,https://api.nasdaq.com/api/quote/UPRO/historical?assetclass=etf&fromdate=2016-07-26&todate=2026-07-26&limit=5000
UPRO,2017-09-08,18.1433,18.2667,18.0885,18.1417,6164348,,https://api.nasdaq.com/api/quote/UPRO/historical?assetclass=etf&fromdate=2016-07-26&todate=2026-07-26&limit=5000
UPRO,2017-09-11,18.4683,18.7467,18.4683,18.7133,8363727,,https://api.nasdaq.com/api/quote/UPRO/historical?assetclass=etf&fromdate=2016-07-26&todate=2026-07-26&limit=5000
UPRO,2017-09-12,18.8167,18.9233,18.775,18.9183,6622563,,https://api.nasdaq.com/api/quote/UPRO/historical?assetclass=etf&fromdate=2016-07-26&todate=2026-07-26&limit=5000
UPRO,2017-09-13,18.8333,18.9533,18.8167,18.9533,6196298,,https://api.nasdaq.com/api/quote/UPRO/historical?assetclass=etf&fromdate=2016-07-26&todate=2026-07-26&limit=5000
UPRO,2017-09-14,18.8583,18.97,18.8117,18.9267,6677511,,https://api.nasdaq.com/api/quote/UPRO/historical?assetclass=etf&fromdate=2016-07-26&todate=2026-07-26&limit=5000
UPRO,2017-09-15,18.8783,19.0133,18.8533,19.01,6462513,,https://api.nasdaq.com/api/quote/UPRO/historical?assetclass=etf&fromdate=2016-07-26&todate=2026-07-26&limit=5000
UPRO,2017-09-18,19.0833,19.2,19.0117,19.1117,7403961,,https://api.nasdaq.com/api/quote/UPRO/historical?assetclass=etf&fromdate=2016-07-26&todate=2026-07-26&limit=5000
UPRO,2017-09-19,19.17,19.1883,19.0805,19.1567,5458022,,https://api.nasdaq.com/api/quote/UPRO/historical?assetclass=etf&fromdate=2016-07-26&todate=2026-07-26&limit=5000
UPRO,2017-09-20,19.1833,19.2119,18.9267,19.1867,7956435,,https://api.nasdaq.com/api/quote/UPRO/historical?assetclass=etf&fromdate=2016-07-26&todate=2026-07-26&limit=5000
UPRO,2017-09-21,19.1333,19.16,18.98,19.0233,4187234,,https://api.nasdaq.com/api/quote/UPRO/historical?assetclass=etf&fromdate=2016-07-26&todate=2026-07-26&limit=5000
UPRO,2017-09-22,18.94,19.0767,18.9383,19.0333,3971732,,https://api.nasdaq.com/api/quote/UPRO/historical?assetclass=etf&fromdate=2016-07-26&todate=2026-07-26&limit=5000
UPRO,2017-09-25,18.9633,19.0582,18.7167,18.915,9388168,,https://api.nasdaq.com/api/quote/UPRO/historical?assetclass=etf&fromdate=2016-07-26&todate=2026-07-26&limit=5000
UPRO,2017-09-26,19.0167,19.08,18.8833,18.9483,5080220,,https://api.nasdaq.com/api/quote/UPRO/historical?assetclass=etf&fromdate=2016-07-26&todate=2026-07-26&limit=5000
UPRO,2017-09-27,19.1317,19.2583,18.8967,19.1533,7651149,,https://api.nasdaq.com/api/quote/UPRO/historical?assetclass=etf&fromdate=2016-07-26&todate=2026-07-26&limit=5000
UPRO,2017-09-28,19.0883,19.2438,19.0617,19.2267,4595984,,https://api.nasdaq.com/api/quote/UPRO/historical?assetclass=etf&fromdate=2016-07-26&todate=2026-07-26&limit=5000
UPRO,2017-09-29,19.21,19.4467,19.1733,19.4117,6038138,,https://api.nasdaq.com/api/quote/UPRO/historical?assetclass=etf&fromdate=2016-07-26&todate=2026-07-26&limit=5000
UPRO,2017-10-02,19.485,19.6683,19.4633,19.6583,5270780,,https://api.nasdaq.com/api/quote/UPRO/historical?assetclass=etf&fromdate=2016-07-26&todate=2026-07-26&limit=5000
UPRO,2017-10-03,19.7083,19.805,19.655,19.8,4104890,,https://api.nasdaq.com/api/quote/UPRO/historical?assetclass=etf&fromdate=2016-07-26&todate=2026-07-26&limit=5000
UPRO,2017-10-04,19.7633,19.9333,19.7283,19.8633,4893794,,https://api.nasdaq.com/api/quote/UPRO/historical?assetclass=etf&fromdate=2016-07-26&todate=2026-07-26&limit=5000
UPRO,2017-10-05,19.9433,20.22,19.9233,20.205,5325212,,https://api.nasdaq.com/api/quote/UPRO/historical?assetclass=etf&fromdate=2016-07-26&todate=2026-07-26&limit=5000
UPRO,2017-10-06,20.0933,20.16,20.025,20.1533,6038978,,https://api.nasdaq.com/api/quote/UPRO/historical?assetclass=etf&fromdate=2016-07-26&todate=2026-07-26&limit=5000
UPRO,2017-10-09,20.2017,20.22,19.975,20.0533,4524482,,https://api.nasdaq.com/api/quote/UPRO/historical?assetclass=etf&fromdate=2016-07-26&todate=2026-07-26&limit=5000
UPRO,2017-10-10,20.1917,20.2983,20.0511,20.1883,4337546,,https://api.nasdaq.com/api/quote/UPRO/historical?assetclass=etf&fromdate=2016-07-26&todate=2026-07-26&limit=5000
UPRO,2017-10-11,20.17,20.2933,20.1283,20.2833,6724509,,https://api.nasdaq.com/api/quote/UPRO/historical?assetclass=etf&fromdate=2016-07-26&todate=2026-07-26&limit=5000
UPRO,2017-10-12,20.2083,20.295,20.13,20.1967,6665409,,https://api.nasdaq.com/api/quote/UPRO/historical?assetclass=etf&fromdate=2016-07-26&todate=2026-07-26&limit=5000
UPRO,2017-10-13,20.3083,20.345,20.225,20.25,4097576,,https://api.nasdaq.com/api/quote/UPRO/historical?assetclass=etf&fromdate=2016-07-26&todate=2026-07-26&limit=5000
UPRO,2017-10-16,20.3233,20.3967,20.2333,20.3383,6602799,,https://api.nasdaq.com/api/quote/UPRO/historical?assetclass=etf&fromdate=2016-07-26&todate=2026-07-26&limit=5000
UPRO,2017-10-17,20.3217,20.3967,20.27,20.3817,3760934,,https://api.nasdaq.com/api/quote/UPRO/historical?assetclass=etf&fromdate=2016-07-26&todate=2026-07-26&limit=5000
UPRO,2017-10-18,20.49,20.5,20.3933,20.44,4010048,,https://api.nasdaq.com/api/quote/UPRO/historical?assetclass=etf&fromdate=2016-07-26&todate=2026-07-26&limit=5000
UPRO,2017-10-19,20.2167,20.4617,20.1114,20.4583,5762138,,https://api.nasdaq.com/api/quote/UPRO/historical?assetclass=etf&fromdate=2016-07-26&todate=2026-07-26&limit=5000
UPRO,2017-10-20,20.6833,20.775,20.605,20.7517,7122219,,https://api.nasdaq.com/api/quote/UPRO/historical?assetclass=etf&fromdate=2016-07-26&todate=2026-07-26&limit=5000
UPRO,2017-10-23,20.85,20.8517,20.5042,20.525,7079241,,https://api.nasdaq.com/api/quote/UPRO/historical?assetclass=etf&fromdate=2016-07-26&todate=2026-07-26&limit=5000
UPRO,2017-10-24,20.64,20.69,20.5333,20.6217,5631332,,https://api.nasdaq.com/api/quote/UPRO/historical?assetclass=etf&fromdate=2016-07-26&todate=2026-07-26&limit=5000
UPRO,2017-10-25,20.5367,20.565,20.0098,20.335,10711438,,https://api.nasdaq.com/api/quote/UPRO/historical?assetclass=etf&fromdate=2016-07-26&todate=2026-07-26&limit=5000
UPRO,2017-10-26,20.4833,20.5567,20.3617,20.3767,6313677,,https://api.nasdaq.com/api/quote/UPRO/historical?assetclass=etf&fromdate=2016-07-26&todate=2026-07-26&limit=5000
UPRO,2017-10-27,20.6067,20.935,20.52,20.895,8760682,,https://api.nasdaq.com/api/quote/UPRO/historical?assetclass=etf&fromdate=2016-07-26&todate=2026-07-26&limit=5000
UPRO,2017-10-30,20.73,20.8617,20.575,20.6633,8765992,,https://api.nasdaq.com/api/quote/UPRO/historical?assetclass=etf&fromdate=2016-07-26&todate=2026-07-26&limit=5000
UPRO,2017-10-31,20.7617,20.8183,20.6667,20.7383,5717984,,https://api.nasdaq.com/api/quote/UPRO/historical?assetclass=etf&fromdate=2016-07-26&todate=2026-07-26&limit=5000
UPRO,2017-11-01,20.96,21.0567,20.7317,20.845,7084161,,https://api.nasdaq.com/api/quote/UPRO/historical?assetclass=etf&fromdate=2016-07-26&todate=2026-07-26&limit=5000
UPRO,2017-11-02,20.8133,20.8867,20.515,20.8583,6817707,,https://api.nasdaq.com/api/quote/UPRO/historical?assetclass=etf&fromdate=2016-07-26&todate=2026-07-26&limit=5000
UPRO,2017-11-03,20.8967,21.065,20.7767,21.0467,6519891,,https://api.nasdaq.com/api/quote/UPRO/historical?assetclass=etf&fromdate=2016-07-26&todate=2026-07-26&limit=5000
UPRO,2017-11-06,21.0117,21.1833,20.995,21.1317,6048518,,https://api.nasdaq.com/api/quote/UPRO/historical?assetclass=etf&fromdate=2016-07-26&todate=2026-07-26&limit=5000
UPRO,2017-11-07,21.1833,21.2733,20.9618,21.1133,9135574,,https://api.nasdaq.com/api/quote/UPRO/historical?assetclass=etf&fromdate=2016-07-26&todate=2026-07-26&limit=5000
UPRO,2017-11-08,21.06,21.2333,20.9815,21.2167,5881400,,https://api.nasdaq.com/api/quote/UPRO/historical?assetclass=etf&fromdate=2016-07-26&todate=2026-07-26&limit=5000
UPRO,2017-11-09,20.85,21.0257,20.5333,20.9733,15003084,,https://api.nasdaq.com/api/quote/UPRO/historical?assetclass=etf&fromdate=2016-07-26&todate=2026-07-26&limit=5000
UPRO,2017-11-10,20.8567,20.975,20.775,20.945,7433955,,https://api.nasdaq.com/api/quote/UPRO/historical?assetclass=etf&fromdate=2016-07-26&todate=2026-07-26&limit=5000
UPRO,2017-11-13,20.7583,21.0633,20.7417,21,5880428,,https://api.nasdaq.com/api/quote/UPRO/historical?assetclass=etf&fromdate=2016-07-26&todate=2026-07-26&limit=5000
UPRO,2017-11-14,20.7833,20.8833,20.5617,20.8683,10218910,,https://api.nasdaq.com/api/quote/UPRO/historical?assetclass=etf&fromdate=2016-07-26&todate=2026-07-26&limit=5000
UPRO,2017-11-15,20.605,20.7283,20.345,20.545,10561588,,https://api.nasdaq.com/api/quote/UPRO/historical?assetclass=etf&fromdate=2016-07-26&todate=2026-07-26&limit=5000
UPRO,2017-11-16,20.7783,21.1541,20.7783,21.0367,8556315,,https://api.nasdaq.com/api/quote/UPRO/historical?assetclass=etf&fromdate=2016-07-26&todate=2026-07-26&limit=5000
UPRO,2017-11-17,20.95,21.0078,20.845,20.88,7247307,,https://api.nasdaq.com/api/quote/UPRO/historical?assetclass=etf&fromdate=2016-07-26&todate=2026-07-26&limit=5000
UPRO,2017-11-20,20.9367,21.02,20.8617,20.9683,6792819,,https://api.nasdaq.com/api/quote/UPRO/historical?assetclass=etf&fromdate=2016-07-26&todate=2026-07-26&limit=5000
UPRO,2017-11-21,21.1817,21.42,21.1617,21.375,8984638,,https://api.nasdaq.com/api/quote/UPRO/historical?assetclass=etf&fromdate=2016-07-26&todate=2026-07-26&limit=5000
UPRO,2017-11-22,21.3833,21.4067,21.2683,21.3117,5204618,,https://api.nasdaq.com/api/quote/UPRO/historical?assetclass=etf&fromdate=2016-07-26&todate=2026-07-26&limit=5000
UPRO,2017-11-24,21.4417,21.4867,21.4111,21.4483,2900233,,https://api.nasdaq.com/api/quote/UPRO/historical?assetclass=etf&fromdate=2016-07-26&todate=2026-07-26&limit=5000
UPRO,2017-11-27,21.46,21.5517,21.3667,21.435,6333027,,https://api.nasdaq.com/api/quote/UPRO/historical?assetclass=etf&fromdate=2016-07-26&todate=2026-07-26&limit=5000
UPRO,2017-11-28,21.5583,22.08,21.525,22.07,7760133,,https://api.nasdaq.com/api/quote/UPRO/historical?assetclass=etf&fromdate=2016-07-26&todate=2026-07-26&limit=5000
UPRO,2017-11-29,22.1167,22.2628,21.9017,22.03,10141834,,https://api.nasdaq.com/api/quote/UPRO/historical?assetclass=etf&fromdate=2016-07-26&todate=2026-07-26&limit=5000
UPRO,2017-11-30,22.2833,22.8583,22.2617,22.5783,12841421,,https://api.nasdaq.com/api/quote/UPRO/historical?assetclass=etf&fromdate=2016-07-26&todate=2026-07-26&limit=5000
UPRO,2017-12-01,22.5483,22.6767,21.5217,22.455,16216164,,https://api.nasdaq.com/api/quote/UPRO/historical?assetclass=etf&fromdate=2016-07-26&todate=2026-07-26&limit=5000
UPRO,2017-12-04,22.9367,23.0517,22.3633,22.3683,12195647,,https://api.nasdaq.com/api/quote/UPRO/historical?assetclass=etf&fromdate=2016-07-26&todate=2026-07-26&limit=5000
UPRO,2017-12-05,22.4433,22.625,22.09,22.1333,9033562,,https://api.nasdaq.com/api/quote/UPRO/historical?assetclass=etf&fromdate=2016-07-26&todate=2026-07-26&limit=5000
UPRO,2017-12-06,22.045,22.2683,22.0067,22.1333,6645183,,https://api.nasdaq.com/api/quote/UPRO/historical?assetclass=etf&fromdate=2016-07-26&todate=2026-07-26&limit=5000
UPRO,2017-12-07,22.1033,22.4333,22.065,22.3417,6353883,,https://api.nasdaq.com/api/quote/UPRO/historical?assetclass=etf&fromdate=2016-07-26&todate=2026-07-26&limit=5000
UPRO,2017-12-08,22.5833,22.71,22.5083,22.7,5648756,,https://api.nasdaq.com/api/quote/UPRO/historical?assetclass=etf&fromdate=2016-07-26&todate=2026-07-26&limit=5000
UPRO,2017-12-11,22.7267,22.925,22.6983,22.9183,5897678,,https://api.nasdaq.com/api/quote/UPRO/historical?assetclass=etf&fromdate=2016-07-26&todate=2026-07-26&limit=5000
UPRO,2017-12-12,22.9867,23.1717,22.9183,23.03,8602155,,https://api.nasdaq.com/api/quote/UPRO/historical?assetclass=etf&fromdate=2016-07-26&todate=2026-07-26&limit=5000
UPRO,2017-12-13,23.1067,23.2267,22.996,23.0167,9983554,,https://api.nasdaq.com/api/quote/UPRO/historical?assetclass=etf&fromdate=2016-07-26&todate=2026-07-26&limit=5000
UPRO,2017-12-14,23.1083,23.13,22.7101,22.735,7900455,,https://api.nasdaq.com/api/quote/UPRO/historical?assetclass=etf&fromdate=2016-07-26&todate=2026-07-26&limit=5000
UPRO,2017-12-15,23.0267,23.4167,23.0052,23.2883,10884604,,https://api.nasdaq.com/api/quote/UPRO/historical?assetclass=etf&fromdate=2016-07-26&todate=2026-07-26&limit=5000
UPRO,2017-12-18,23.7083,23.8331,23.6746,23.7333,7040685,,https://api.nasdaq.com/api/quote/UPRO/historical?assetclass=etf&fromdate=2016-07-26&todate=2026-07-26&limit=5000
UPRO,2017-12-19,23.8067,23.8133,23.4383,23.4617,8103891,,https://api.nasdaq.com/api/quote/UPRO/historical?assetclass=etf&fromdate=2016-07-26&todate=2026-07-26&limit=5000
UPRO,2017-12-20,23.745,23.7617,23.3283,23.42,6387759,,https://api.nasdaq.com/api/quote/UPRO/historical?assetclass=etf&fromdate=2016-07-26&todate=2026-07-26&limit=5000
UPRO,2017-12-21,23.5783,23.7567,23.4868,23.5417,6392367,,https://api.nasdaq.com/api/quote/UPRO/historical?assetclass=etf&fromdate=2016-07-26&todate=2026-07-26&limit=5000
UPRO,2017-12-22,23.5517,23.56,23.3683,23.52,4863656,,https://api.nasdaq.com/api/quote/UPRO/historical?assetclass=etf&fromdate=2016-07-26&todate=2026-07-26&limit=5000
UPRO,2017-12-26,23.3883,23.4867,23.3617,23.4283,3466489,,https://api.nasdaq.com/api/quote/UPRO/historical?assetclass=etf&fromdate=2016-07-26&todate=2026-07-26&limit=5000
UPRO,2017-12-27,23.4683,23.5733,23.3917,23.4783,5442320,,https://api.nasdaq.com/api/quote/UPRO/historical?assetclass=etf&fromdate=2016-07-26&todate=2026-07-26&limit=5000
UPRO,2017-12-28,23.59,23.61,23.4867,23.5867,6057086,,https://api.nasdaq.com/api/quote/UPRO/historical?assetclass=etf&fromdate=2016-07-26&todate=2026-07-26&limit=5000
UPRO,2017-12-29,23.7667,23.7667,23.2717,23.3583,6583905,,https://api.nasdaq.com/api/quote/UPRO/historical?assetclass=etf&fromdate=2016-07-26&todate=2026-07-26&limit=5000
UPRO,2018-01-02,23.5767,23.8367,23.4667,23.8367,8066379,,https://api.nasdaq.com/api/quote/UPRO/historical?assetclass=etf&fromdate=2016-07-26&todate=2026-07-26&limit=5000
UPRO,2018-01-03,23.8883,24.3169,23.8767,24.2717,6073736,,https://api.nasdaq.com/api/quote/UPRO/historical?assetclass=etf&fromdate=2016-07-26&todate=2026-07-26&limit=5000
UPRO,2018-01-04,24.475,24.7233,24.4417,24.5783,7706295,,https://api.nasdaq.com/api/quote/UPRO/historical?assetclass=etf&fromdate=2016-07-26&todate=2026-07-26&limit=5000
UPRO,2018-01-05,24.82,25.0983,24.6583,25.0583,8513991,,https://api.nasdaq.com/api/quote/UPRO/historical?assetclass=etf&fromdate=2016-07-26&todate=2026-07-26&limit=5000
UPRO,2018-01-08,25.0283,25.24,24.935,25.1833,6596187,,https://api.nasdaq.com/api/quote/UPRO/historical?assetclass=etf&fromdate=2016-07-26&todate=2026-07-26&limit=5000
UPRO,2018-01-09,25.3183,25.555,25.2428,25.3617,7772001,,https://api.nasdaq.com/api/quote/UPRO/historical?assetclass=etf&fromdate=2016-07-26&todate=2026-07-26&limit=5000
UPRO,2018-01-10,25.1183,25.325,24.915,25.2433,10692022,,https://api.nasdaq.com/api/quote/UPRO/historical?assetclass=etf&fromdate=2016-07-26&todate=2026-07-26&limit=5000
UPRO,2018-01-11,25.42,25.775,25.3533,25.765,9450442,,https://api.nasdaq.com/api/quote/UPRO/historical?assetclass=etf&fromdate=2016-07-26&todate=2026-07-26&limit=5000
UPRO,2018-01-12,25.8717,26.3333,25.8333,26.2733,11165206,,https://api.nasdaq.com/api/quote/UPRO/historical?assetclass=etf&fromdate=2016-07-26&todate=2026-07-26&limit=5000
UPRO,2018-01-16,26.6983,26.895,25.7967,26,17034349,,https://api.nasdaq.com/api/quote/UPRO/historical?assetclass=etf&fromdate=2016-07-26&todate=2026-07-26&limit=5000
UPRO,2018-01-17,26.3033,26.8733,26.075,26.7467,12740351,,https://api.nasdaq.com/api/quote/UPRO/historical?assetclass=etf&fromdate=2016-07-26&todate=2026-07-26&limit=5000
UPRO,2018-01-18,26.7083,26.8385,26.4517,26.625,8595489,,https://api.nasdaq.com/api/quote/UPRO/historical?assetclass=etf&fromdate=2016-07-26&todate=2026-07-26&limit=5000
UPRO,2018-01-19,26.7867,26.9617,26.6067,26.9517,13542113,,https://api.nasdaq.com/api/quote/UPRO/historical?assetclass=etf&fromdate=2016-07-26&todate=2026-07-26&limit=5000
UPRO,2018-01-22,26.8817,27.6183,26.8783,27.6133,9294394,,https://api.nasdaq.com/api/quote/UPRO/historical?assetclass=etf&fromdate=2016-07-26&todate=2026-07-26&limit=5000
UPRO,2018-01-23,27.64,27.89,27.5283,27.8067,12160151,,https://api.nasdaq.com/api/quote/UPRO/historical?assetclass=etf&fromdate=2016-07-26&todate=2026-07-26&limit=5000
UPRO,2018-01-24,28.0083,28.2083,27.365,27.755,15769110,,https://api.nasdaq.com/api/quote/UPRO/historical?assetclass=etf&fromdate=2016-07-26&todate=2026-07-26&limit=5000
UPRO,2018-01-25,28.045,28.0733,27.53,27.7917,11001406,,https://api.nasdaq.com/api/quote/UPRO/historical?assetclass=etf&fromdate=2016-07-26&todate=2026-07-26&limit=5000
UPRO,2018-01-26,28.0733,28.7417,27.9717,28.74,13727585,,https://api.nasdaq.com/api/quote/UPRO/historical?assetclass=etf&fromdate=2016-07-26&todate=2026-07-26&limit=5000
UPRO,2018-01-29,28.5517,28.6917,28.1167,28.1517,12443231,,https://api.nasdaq.com/api/quote/UPRO/historical?assetclass=etf&fromdate=2016-07-26&todate=2026-07-26&limit=5000
UPRO,2018-01-30,27.5183,27.7467,27.1316,27.2767,16003014,,https://api.nasdaq.com/api/quote/UPRO/historical?assetclass=etf&fromdate=2016-07-26&todate=2026-07-26&limit=5000
UPRO,2018-01-31,27.5733,27.74,26.98,27.6133,13143521,,https://api.nasdaq.com/api/quote/UPRO/historical?assetclass=etf&fromdate=2016-07-26&todate=2026-07-26&limit=5000
UPRO,2018-02-01,27.06,27.6594,26.9783,27.2267,11578271,,https://api.nasdaq.com/api/quote/UPRO/historical?assetclass=etf&fromdate=2016-07-26&todate=2026-07-26&limit=5000
UPRO,2018-02-02,26.7617,26.83,25.4417,25.4667,21066716,,https://api.nasdaq.com/api/quote/UPRO/historical?assetclass=etf&fromdate=2016-07-26&todate=2026-07-26&limit=5000
UPRO,2018-02-05,24.85,25.5467,22.065,22.335,38590827,,https://api.nasdaq.com/api/quote/UPRO/historical?assetclass=etf&fromdate=2016-07-26&todate=2026-07-26&limit=5000
UPRO,2018-02-06,21.1783,23.7067,20.9183,23.625,27551927,,https://api.nasdaq.com/api/quote/UPRO/historical?assetclass=etf&fromdate=2016-07-26&todate=2026-07-26&limit=5000
UPRO,2018-02-07,23.385,24.4125,23.1683,23.1783,20592530,,https://api.nasdaq.com/api/quote/UPRO/historical?assetclass=etf&fromdate=2016-07-26&todate=2026-07-26&limit=5000
UPRO,2018-02-08,23.2667,23.31,20.57,20.5967,27755501,,https://api.nasdaq.com/api/quote/UPRO/historical?assetclass=etf&fromdate=2016-07-26&todate=2026-07-26&limit=5000
UPRO,2018-02-09,21.34,21.9783,19.4367,21.5517,39993184,,https://api.nasdaq.com/api/quote/UPRO/historical?assetclass=etf&fromdate=2016-07-26&todate=2026-07-26&limit=5000
UPRO,2018-02-12,22.065,22.8367,21.575,22.3967,23596311,,https://api.nasdaq.com/api/quote/UPRO/historical?assetclass=etf&fromdate=2016-07-26&todate=2026-07-26&limit=5000
UPRO,2018-02-13,22.0633,22.7483,21.9174,22.5933,12973601,,https://api.nasdaq.com/api/quote/UPRO/historical?assetclass=etf&fromdate=2016-07-26&todate=2026-07-26&limit=5000
UPRO,2018-02-14,22.2017,23.6083,22.175,23.5217,19657208,,https://api.nasdaq.com/api/quote/UPRO/historical?assetclass=etf&fromdate=2016-07-26&todate=2026-07-26&limit=5000
UPRO,2018-02-15,24,24.3867,23.2783,24.3817,15976914,,https://api.nasdaq.com/api/quote/UPRO/historical?assetclass=etf&fromdate=2016-07-26&todate=2026-07-26&limit=5000
UPRO,2018-02-16,24.2017,25.0067,24.185,24.4,15317130,,https://api.nasdaq.com/api/quote/UPRO/historical?assetclass=etf&fromdate=2016-07-26&todate=2026-07-26&limit=5000
UPRO,2018-02-20,24.1167,24.5633,23.71,23.97,13512863,,https://api.nasdaq.com/api/quote/UPRO/historical?assetclass=etf&fromdate=2016-07-26&todate=2026-07-26&limit=5000
UPRO,2018-02-21,24.0817,24.8217,23.5717,23.5867,14231562,,https://api.nasdaq.com/api/quote/UPRO/historical?assetclass=etf&fromdate=2016-07-26&todate=2026-07-26&limit=5000
UPRO,2018-02-22,23.865,24.3633,23.475,23.6833,13674731,,https://api.nasdaq.com/api/quote/UPRO/historical?assetclass=etf&fromdate=2016-07-26&todate=2026-07-26&limit=5000
UPRO,2018-02-23,24.04,24.8117,23.9,24.8117,11452661,,https://api.nasdaq.com/api/quote/UPRO/historical?assetclass=etf&fromdate=2016-07-26&todate=2026-07-26&limit=5000
UPRO,2018-02-26,25.135,25.6883,24.9583,25.6733,11379029,,https://api.nasdaq.com/api/quote/UPRO/historical?assetclass=etf&fromdate=2016-07-26&todate=2026-07-26&limit=5000
UPRO,2018-02-27,25.73,25.9435,24.6817,24.6817,18949718,,https://api.nasdaq.com/api/quote/UPRO/historical?assetclass=etf&fromdate=2016-07-26&todate=2026-07-26&limit=5000
UPRO,2018-02-28,25.03,25.1686,23.8517,23.8767,15468132,,https://api.nasdaq.com/api/quote/UPRO/historical?assetclass=etf&fromdate=2016-07-26&todate=2026-07-26&limit=5000
UPRO,2018-03-01,23.8967,24.3382,22.4352,22.905,21115478,,https://api.nasdaq.com/api/quote/UPRO/historical?assetclass=etf&fromdate=2016-07-26&todate=2026-07-26&limit=5000
UPRO,2018-03-02,22.3567,23.4007,22.1433,23.2583,18023629,,https://api.nasdaq.com/api/quote/UPRO/historical?assetclass=etf&fromdate=2016-07-26&todate=2026-07-26&limit=5000
UPRO,2018-03-05,22.885,24.2167,22.86,24.0433,15364746,,https://api.nasdaq.com/api/quote/UPRO/historical?assetclass=etf&fromdate=2016-07-26&todate=2026-07-26&limit=5000
UPRO,2018-03-06,24.3283,24.3517,23.7741,24.2333,12228419,,https://api.nasdaq.com/api/quote/UPRO/historical?assetclass=etf&fromdate=2016-07-26&todate=2026-07-26&limit=5000
UPRO,2018-03-07,23.5583,24.2967,23.5133,24.2067,12959429,,https://api.nasdaq.com/api/quote/UPRO/historical?assetclass=etf&fromdate=2016-07-26&todate=2026-07-26&limit=5000
UPRO,2018-03-08,24.41,24.5658,24.09,24.53,12404423,,https://api.nasdaq.com/api/quote/UPRO/historical?assetclass=etf&fromdate=2016-07-26&todate=2026-07-26&limit=5000
UPRO,2018-03-09,24.9667,25.8067,24.8685,25.8067,12625421,,https://api.nasdaq.com/api/quote/UPRO/historical?assetclass=etf&fromdate=2016-07-26&todate=2026-07-26&limit=5000
UPRO,2018-03-12,25.9183,26.1,25.5948,25.715,12229175,,https://api.nasdaq.com/api/quote/UPRO/historical?assetclass=etf&fromdate=2016-07-26&todate=2026-07-26&limit=5000
UPRO,2018-03-13,26.085,26.232,25.0283,25.22,15720684,,https://api.nasdaq.com/api/quote/UPRO/historical?assetclass=etf&fromdate=2016-07-26&todate=2026-07-26&limit=5000
UPRO,2018-03-14,25.5083,25.5667,24.6483,24.8167,12151283,,https://api.nasdaq.com/api/quote/UPRO/historical?assetclass=etf&fromdate=2016-07-26&todate=2026-07-26&limit=5000
UPRO,2018-03-15,24.9733,25.1633,24.5767,24.7283,10369636,,https://api.nasdaq.com/api/quote/UPRO/historical?assetclass=etf&fromdate=2016-07-26&todate=2026-07-26&limit=5000
UPRO,2018-03-16,24.8417,25.13,24.795,24.8133,7375311,,https://api.nasdaq.com/api/quote/UPRO/historical?assetclass=etf&fromdate=2016-07-26&todate=2026-07-26&limit=5000
UPRO,2018-03-19,24.5833,24.5833,23.2933,23.8017,15140994,,https://api.nasdaq.com/api/quote/UPRO/historical?assetclass=etf&fromdate=2016-07-26&todate=2026-07-26&limit=5000
UPRO,2018-03-20,23.9,24.0982,23.7083,23.9083,5737286,,https://api.nasdaq.com/api/quote/UPRO/historical?assetclass=etf&fromdate=2016-07-26&todate=2026-07-26&limit=5000
UPRO,2018-03-21,23.87,24.5017,23.6833,23.77,11004256,,https://api.nasdaq.com/api/quote/UPRO/historical?assetclass=etf&fromdate=2016-07-26&todate=2026-07-26&limit=5000
UPRO,2018-03-22,23.0533,23.315,21.8933,22.1917,17143951,,https://api.nasdaq.com/api/quote/UPRO/historical?assetclass=etf&fromdate=2016-07-26&todate=2026-07-26&limit=5000
UPRO,2018-03-23,22.095,22.2933,20.5083,20.5483,19174556,,https://api.nasdaq.com/api/quote/UPRO/historical?assetclass=etf&fromdate=2016-07-26&todate=2026-07-26&limit=5000
UPRO,2018-03-26,21.5383,22.315,20.8883,22.25,16807249,,https://api.nasdaq.com/api/quote/UPRO/historical?assetclass=etf&fromdate=2016-07-26&todate=2026-07-26&limit=5000
UPRO,2018-03-27,22.4883,22.65,20.6518,21.0817,22972863,,https://api.nasdaq.com/api/quote/UPRO/historical?assetclass=etf&fromdate=2016-07-26&todate=2026-07-26&limit=5000
UPRO,2018-03-28,21.1183,21.5717,20.6,20.905,19850150,,https://api.nasdaq.com/api/quote/UPRO/historical?assetclass=etf&fromdate=2016-07-26&todate=2026-07-26&limit=5000
UPRO,2018-03-29,21.215,22.2017,21.0058,21.7883,18143263,,https://api.nasdaq.com/api/quote/UPRO/historical?assetclass=etf&fromdate=2016-07-26&todate=2026-07-26&limit=5000
UPRO,2018-04-02,21.555,21.6867,19.585,20.2933,21250581,,https://api.nasdaq.com/api/quote/UPRO/historical?assetclass=etf&fromdate=2016-07-26&todate=2026-07-26&limit=5000
UPRO,2018-04-03,20.6333,21.18,20.12,21.0617,12798797,,https://api.nasdaq.com/api/quote/UPRO/historical?assetclass=etf&fromdate=2016-07-26&todate=2026-07-26&limit=5000
UPRO,2018-04-04,20.0833,21.9267,20.0433,21.7933,21645327,,https://api.nasdaq.com/api/quote/UPRO/historical?assetclass=etf&fromdate=2016-07-26&todate=2026-07-26&limit=5000
UPRO,2018-04-05,22.19,22.4748,21.9,22.2367,16092672,,https://api.nasdaq.com/api/quote/UPRO/historical?assetclass=etf&fromdate=2016-07-26&todate=2026-07-26&limit=5000
UPRO,2018-04-06,21.6417,22.0967,20.3233,20.7733,26680751,,https://api.nasdaq.com/api/quote/UPRO/historical?assetclass=etf&fromdate=2016-07-26&todate=2026-07-26&limit=5000
UPRO,2018-04-09,21.1733,21.9717,20.9333,21.0217,14190894,,https://api.nasdaq.com/api/quote/UPRO/historical?assetclass=etf&fromdate=2016-07-26&todate=2026-07-26&limit=5000
UPRO,2018-04-10,21.84,22.265,21.525,22.025,17803657,,https://api.nasdaq.com/api/quote/UPRO/historical?assetclass=etf&fromdate=2016-07-26&todate=2026-07-26&limit=5000
UPRO,2018-04-11,21.62,22.1667,21.6167,21.6983,11020540,,https://api.nasdaq.com/api/quote/UPRO/historical?assetclass=etf&fromdate=2016-07-26&todate=2026-07-26&limit=5000
UPRO,2018-04-12,22.075,22.4848,22.015,22.2133,12071489,,https://api.nasdaq.com/api/quote/UPRO/historical?assetclass=etf&fromdate=2016-07-26&todate=2026-07-26&limit=5000
UPRO,2018-04-13,22.6117,22.6217,21.7417,22.02,15104334,,https://api.nasdaq.com/api/quote/UPRO/historical?assetclass=etf&fromdate=2016-07-26&todate=2026-07-26&limit=5000
UPRO,2018-04-16,22.4833,22.775,22.2383,22.55,11307449,,https://api.nasdaq.com/api/quote/UPRO/historical?assetclass=etf&fromdate=2016-07-26&todate=2026-07-26&limit=5000
UPRO,2018-04-17,23.075,23.4503,22.9167,23.2817,10446592,,https://api.nasdaq.com/api/quote/UPRO/historical?assetclass=etf&fromdate=2016-07-26&todate=2026-07-26&limit=5000
UPRO,2018-04-18,23.4267,23.57,23.2083,23.33,9063034,,https://api.nasdaq.com/api/quote/UPRO/historical?assetclass=etf&fromdate=2016-07-26&todate=2026-07-26&limit=5000
UPRO,2018-04-19,23.1117,23.1833,22.6333,22.9217,12472391,,https://api.nasdaq.com/api/quote/UPRO/historical?assetclass=etf&fromdate=2016-07-26&todate=2026-07-26&limit=5000
UPRO,2018-04-20,22.9133,22.965,22.0883,22.345,10166314,,https://api.nasdaq.com/api/quote/UPRO/historical?assetclass=etf&fromdate=2016-07-26&todate=2026-07-26&limit=5000
UPRO,2018-04-23,22.5183,22.6583,22.025,22.335,9464398,,https://api.nasdaq.com/api/quote/UPRO/historical?assetclass=etf&fromdate=2016-07-26&todate=2026-07-26&limit=5000
UPRO,2018-04-24,22.63,22.675,21.0017,21.44,19434464,,https://api.nasdaq.com/api/quote/UPRO/historical?assetclass=etf&fromdate=2016-07-26&todate=2026-07-26&limit=5000
UPRO,2018-04-25,21.4,21.7033,20.9017,21.585,15299964,,https://api.nasdaq.com/api/quote/UPRO/historical?assetclass=etf&fromdate=2016-07-26&todate=2026-07-26&limit=5000
UPRO,2018-04-26,21.8533,22.4567,21.735,22.2433,9716242,,https://api.nasdaq.com/api/quote/UPRO/historical?assetclass=etf&fromdate=2016-07-26&todate=2026-07-26&limit=5000
UPRO,2018-04-27,22.41,22.4867,22.0252,22.28,9494044,,https://api.nasdaq.com/api/quote/UPRO/historical?assetclass=etf&fromdate=2016-07-26&todate=2026-07-26&limit=5000
UPRO,2018-04-30,22.455,22.6117,21.7417,21.7583,11095750,,https://api.nasdaq.com/api/quote/UPRO/historical?assetclass=etf&fromdate=2016-07-26&todate=2026-07-26&limit=5000
UPRO,2018-05-01,21.6233,21.915,21.1817,21.8783,11141530,,https://api.nasdaq.com/api/quote/UPRO/historical?assetclass=etf&fromdate=2016-07-26&todate=2026-07-26&limit=5000
UPRO,2018-05-02,21.8267,22.0526,21.3267,21.4167,9801334,,https://api.nasdaq.com/api/quote/UPRO/historical?assetclass=etf&fromdate=2016-07-26&todate=2026-07-26&limit=5000
UPRO,2018-05-03,21.175,21.465,20.4167,21.2717,16310653,,https://api.nasdaq.com/api/quote/UPRO/historical?assetclass=etf&fromdate=2016-07-26&todate=2026-07-26&limit=5000
UPRO,2018-05-04,21.0183,22.2967,20.925,22.1017,13329875,,https://api.nasdaq.com/api/quote/UPRO/historical?assetclass=etf&fromdate=2016-07-26&todate=2026-07-26&limit=5000
UPRO,2018-05-07,22.3267,22.6006,22.1285,22.3183,12134051,,https://api.nasdaq.com/api/quote/UPRO/historical?assetclass=etf&fromdate=2016-07-26&todate=2026-07-26&limit=5000
UPRO,2018-05-08,22.205,22.42,21.8767,22.325,9177934,,https://api.nasdaq.com/api/quote/UPRO/historical?assetclass=etf&fromdate=2016-07-26&todate=2026-07-26&limit=5000
UPRO,2018-05-09,22.5017,23.0533,22.3667,22.9783,11101486,,https://api.nasdaq.com/api/quote/UPRO/historical?assetclass=etf&fromdate=2016-07-26&todate=2026-07-26&limit=5000
UPRO,2018-05-10,23.16,23.695,23.145,23.6083,12713231,,https://api.nasdaq.com/api/quote/UPRO/historical?assetclass=etf&fromdate=2016-07-26&todate=2026-07-26&limit=5000
UPRO,2018-05-11,23.645,23.895,23.4867,23.7417,11579999,,https://api.nasdaq.com/api/quote/UPRO/historical?assetclass=etf&fromdate=2016-07-26&todate=2026-07-26&limit=5000
UPRO,2018-05-14,23.9333,24.1292,23.6867,23.8433,10440664,,https://api.nasdaq.com/api/quote/UPRO/historical?assetclass=etf&fromdate=2016-07-26&todate=2026-07-26&limit=5000
UPRO,2018-05-15,23.4803,23.4867,23.0759,23.3333,11984927,,https://api.nasdaq.com/api/quote/UPRO/historical?assetclass=etf&fromdate=2016-07-26&todate=2026-07-26&limit=5000
UPRO,2018-05-16,23.34,23.7667,23.34,23.63,6883761,,https://api.nasdaq.com/api/quote/UPRO/historical?assetclass=etf&fromdate=2016-07-26&todate=2026-07-26&limit=5000
UPRO,2018-05-17,23.5383,23.885,23.3417,23.5733,10263256,,https://api.nasdaq.com/api/quote/UPRO/historical?assetclass=etf&fromdate=2016-07-26&todate=2026-07-26&limit=5000
UPRO,2018-05-18,23.4717,23.5667,23.285,23.39,9153556,,https://api.nasdaq.com/api/quote/UPRO/historical?assetclass=etf&fromdate=2016-07-26&todate=2026-07-26&limit=5000
UPRO,2018-05-21,23.8167,24.075,23.71,23.9133,10216828,,https://api.nasdaq.com/api/quote/UPRO/historical?assetclass=etf&fromdate=2016-07-26&todate=2026-07-26&limit=5000
UPRO,2018-05-22,24.0883,24.145,23.615,23.71,8349903,,https://api.nasdaq.com/api/quote/UPRO/historical?assetclass=etf&fromdate=2016-07-26&todate=2026-07-26&limit=5000
UPRO,2018-05-23,23.3167,23.9083,23.28,23.8933,7625991,,https://api.nasdaq.com/api/quote/UPRO/historical?assetclass=etf&fromdate=2016-07-26&todate=2026-07-26&limit=5000
UPRO,2018-05-24,23.795,23.85,23.215,23.76,5385206,,https://api.nasdaq.com/api/quote/UPRO/historical?assetclass=etf&fromdate=2016-07-26&todate=2026-07-26&limit=5000
UPRO,2018-05-25,23.585,23.75,23.415,23.56,4610626,,https://api.nasdaq.com/api/quote/UPRO/historical?assetclass=etf&fromdate=2016-07-26&todate=2026-07-26&limit=5000
UPRO,2018-05-29,23.085,23.3015,22.42,22.785,9900522,,https://api.nasdaq.com/api/quote/UPRO/historical?assetclass=etf&fromdate=2016-07-26&todate=2026-07-26&limit=5000
UPRO,2018-05-30,23.145,23.78,23.1,23.655,8490572,,https://api.nasdaq.com/api/quote/UPRO/historical?assetclass=etf&fromdate=2016-07-26&todate=2026-07-26&limit=5000
UPRO,2018-05-31,23.505,23.605,23.03,23.165,8007202,,https://api.nasdaq.com/api/quote/UPRO/historical?assetclass=etf&fromdate=2016-07-26&todate=2026-07-26&limit=5000
UPRO,2018-06-01,23.575,23.9732,23.5645,23.895,6257234,,https://api.nasdaq.com/api/quote/UPRO/historical?assetclass=etf&fromdate=2016-07-26&todate=2026-07-26&limit=5000
UPRO,2018-06-04,24.13,24.3,24.06,24.235,5473574,,https://api.nasdaq.com/api/quote/UPRO/historical?assetclass=etf&fromdate=2016-07-26&todate=2026-07-26&limit=5000
UPRO,2018-06-05,24.26,24.381,24.02,24.305,4899266,,https://api.nasdaq.com/api/quote/UPRO/historical?assetclass=etf&fromdate=2016-07-26&todate=2026-07-26&limit=5000
UPRO,2018-06-06,24.46,24.915,24.265,24.915,5923910,,https://api.nasdaq.com/api/quote/UPRO/historical?assetclass=etf&fromdate=2016-07-26&todate=2026-07-26&limit=5000
UPRO,2018-06-07,25,25.11,24.5755,24.88,6743316,,https://api.nasdaq.com/api/quote/UPRO/historical?assetclass=etf&fromdate=2016-07-26&todate=2026-07-26&limit=5000
UPRO,2018-06-08,24.705,25.095,24.665,25.075,9145640,,https://api.nasdaq.com/api/quote/UPRO/historical?assetclass=etf&fromdate=2016-07-26&todate=2026-07-26&limit=5000
UPRO,2018-06-11,25.145,25.395,25.1,25.18,5191632,,https://api.nasdaq.com/api/quote/UPRO/historical?assetclass=etf&fromdate=2016-07-26&todate=2026-07-26&limit=5000
UPRO,2018-06-12,25.305,25.3725,25.065,25.29,4884370,,https://api.nasdaq.com/api/quote/UPRO/historical?assetclass=etf&fromdate=2016-07-26&todate=2026-07-26&limit=5000
UPRO,2018-06-13,25.34,25.42,24.96,25,6417688,,https://api.nasdaq.com/api/quote/UPRO/historical?assetclass=etf&fromdate=2016-07-26&todate=2026-07-26&limit=5000
UPRO,2018-06-14,25.205,25.3625,25.0184,25.21,4705514,,https://api.nasdaq.com/api/quote/UPRO/historical?assetclass=etf&fromdate=2016-07-26&todate=2026-07-26&limit=5000
UPRO,2018-06-15,24.965,25.195,24.615,25.105,6229564,,https://api.nasdaq.com/api/quote/UPRO/historical?assetclass=etf&fromdate=2016-07-26&todate=2026-07-26&limit=5000
UPRO,2018-06-18,24.625,24.97,24.49,24.925,6278638,,https://api.nasdaq.com/api/quote/UPRO/historical?assetclass=etf&fromdate=2016-07-26&todate=2026-07-26&limit=5000
UPRO,2018-06-19,24.23,24.715,24.11,24.65,7443126,,https://api.nasdaq.com/api/quote/UPRO/historical?assetclass=etf&fromdate=2016-07-26&todate=2026-07-26&limit=5000
UPRO,2018-06-20,24.835,24.945,24.645,24.725,4941706,,https://api.nasdaq.com/api/quote/UPRO/historical?assetclass=etf&fromdate=2016-07-26&todate=2026-07-26&limit=5000
UPRO,2018-06-21,24.715,24.735,24.1175,24.275,5364650,,https://api.nasdaq.com/api/quote/UPRO/historical?assetclass=etf&fromdate=2016-07-26&todate=2026-07-26&limit=5000
UPRO,2018-06-22,24.64,24.6719,24.335,24.39,3681314,,https://api.nasdaq.com/api/quote/UPRO/historical?assetclass=etf&fromdate=2016-07-26&todate=2026-07-26&limit=5000
UPRO,2018-06-25,24.04,24.09,22.895,23.42,13103908,,https://api.nasdaq.com/api/quote/UPRO/historical?assetclass=etf&fromdate=2016-07-26&todate=2026-07-26&limit=5000
UPRO,2018-06-26,23.565,23.785,23.3305,23.545,5155256,,https://api.nasdaq.com/api/quote/UPRO/historical?assetclass=etf&fromdate=2016-07-26&todate=2026-07-26&limit=5000
UPRO,2018-06-27,23.705,24.1291,22.9186,22.955,8503832,,https://api.nasdaq.com/api/quote/UPRO/historical?assetclass=etf&fromdate=2016-07-26&todate=2026-07-26&limit=5000
UPRO,2018-06-28,22.9,23.56,22.72,23.365,6078410,,https://api.nasdaq.com/api/quote/UPRO/historical?assetclass=etf&fromdate=2016-07-26&todate=2026-07-26&limit=5000
UPRO,2018-06-29,23.655,24.05,23.415,23.44,6588590,,https://api.nasdaq.com/api/quote/UPRO/historical?assetclass=etf&fromdate=2016-07-26&todate=2026-07-26&limit=5000
UPRO,2018-07-02,22.95,23.625,22.9,23.57,5274482,,https://api.nasdaq.com/api/quote/UPRO/historical?assetclass=etf&fromdate=2016-07-26&todate=2026-07-26&limit=5000
UPRO,2018-07-03,23.845,23.865,23.2,23.3,3271682,,https://api.nasdaq.com/api/quote/UPRO/historical?assetclass=etf&fromdate=2016-07-26&todate=2026-07-26&limit=5000
UPRO,2018-07-05,23.65,23.9,23.33,23.885,4895788,,https://api.nasdaq.com/api/quote/UPRO/historical?assetclass=etf&fromdate=2016-07-26&todate=2026-07-26&limit=5000
UPRO,2018-07-06,23.89,24.595,23.775,24.46,6839980,,https://api.nasdaq.com/api/quote/UPRO/historical?assetclass=etf&fromdate=2016-07-26&todate=2026-07-26&limit=5000
UPRO,2018-07-09,24.8,25.15,24.775,25.135,4757116,,https://api.nasdaq.com/api/quote/UPRO/historical?assetclass=etf&fromdate=2016-07-26&todate=2026-07-26&limit=5000
UPRO,2018-07-10,25.25,25.44,25.185,25.4,5657528,,https://api.nasdaq.com/api/quote/UPRO/historical?assetclass=etf&fromdate=2016-07-26&todate=2026-07-26&limit=5000
UPRO,2018-07-11,24.94,25.17,24.75,24.865,9462810,,https://api.nasdaq.com/api/quote/UPRO/historical?assetclass=etf&fromdate=2016-07-26&todate=2026-07-26&limit=5000
UPRO,2018-07-12,25.235,25.525,25.04,25.5,6358560,,https://api.nasdaq.com/api/quote/UPRO/historical?assetclass=etf&fromdate=2016-07-26&todate=2026-07-26&limit=5000
UPRO,2018-07-13,25.445,25.665,25.315,25.55,6293218,,https://api.nasdaq.com/api/quote/UPRO/historical?assetclass=etf&fromdate=2016-07-26&todate=2026-07-26&limit=5000
UPRO,2018-07-16,25.585,25.6233,25.365,25.495,4579262,,https://api.nasdaq.com/api/quote/UPRO/historical?assetclass=etf&fromdate=2016-07-26&todate=2026-07-26&limit=5000
UPRO,2018-07-17,25.255,25.925,25.24,25.815,5151398,,https://api.nasdaq.com/api/quote/UPRO/historical?assetclass=etf&fromdate=2016-07-26&todate=2026-07-26&limit=5000
UPRO,2018-07-18,25.815,25.995,25.6925,25.96,3422246,,https://api.nasdaq.com/api/quote/UPRO/historical?assetclass=etf&fromdate=2016-07-26&todate=2026-07-26&limit=5000
UPRO,2018-07-19,25.755,25.855,25.5051,25.66,6399020,,https://api.nasdaq.com/api/quote/UPRO/historical?assetclass=etf&fromdate=2016-07-26&todate=2026-07-26&limit=5000
UPRO,2018-07-20,25.585,25.7808,25.515,25.57,5345302,,https://api.nasdaq.com/api/quote/UPRO/historical?assetclass=etf&fromdate=2016-07-26&todate=2026-07-26&limit=5000
UPRO,2018-07-23,25.5,25.76,25.39,25.72,4092822,,https://api.nasdaq.com/api/quote/UPRO/historical?assetclass=etf&fromdate=2016-07-26&todate=2026-07-26&limit=5000
UPRO,2018-07-24,26.12,26.345,25.82,26.07,7118514,,https://api.nasdaq.com/api/quote/UPRO/historical?assetclass=etf&fromdate=2016-07-26&todate=2026-07-26&limit=5000
UPRO,2018-07-25,26.02,26.845,25.99,26.78,5533864,,https://api.nasdaq.com/api/quote/UPRO/historical?assetclass=etf&fromdate=2016-07-26&todate=2026-07-26&limit=5000
UPRO,2018-07-26,26.515,26.7675,26.48,26.525,4228890,,https://api.nasdaq.com/api/quote/UPRO/historical?assetclass=etf&fromdate=2016-07-26&todate=2026-07-26&limit=5000
UPRO,2018-07-27,26.665,26.67,25.71,26.01,6711046,,https://api.nasdaq.com/api/quote/UPRO/historical?assetclass=etf&fromdate=2016-07-26&todate=2026-07-26&limit=5000
UPRO,2018-07-30,26.02,26.075,25.42,25.575,7007712,,https://api.nasdaq.com/api/quote/UPRO/historical?assetclass=etf&fromdate=2016-07-26&todate=2026-07-26&limit=5000
UPRO,2018-07-31,25.84,26.155,25.705,25.955,5973656,,https://api.nasdaq.com/api/quote/UPRO/historical?assetclass=etf&fromdate=2016-07-26&todate=2026-07-26&limit=5000
UPRO,2018-08-01,26.01,26.18,25.635,25.85,3974042,,https://api.nasdaq.com/api/quote/UPRO/historical?assetclass=etf&fromdate=2016-07-26&todate=2026-07-26&limit=5000
UPRO,2018-08-02,25.425,26.2925,25.355,26.23,5466070,,https://api.nasdaq.com/api/quote/UPRO/historical?assetclass=etf&fromdate=2016-07-26&todate=2026-07-26&limit=5000
UPRO,2018-08-03,26.28,26.59,26.225,26.585,5504826,,https://api.nasdaq.com/api/quote/UPRO/historical?assetclass=etf&fromdate=2016-07-26&todate=2026-07-26&limit=5000
UPRO,2018-08-06,26.575,26.96,26.4625,26.875,4430794,,https://api.nasdaq.com/api/quote/UPRO/historical?assetclass=etf&fromdate=2016-07-26&todate=2026-07-26&limit=5000
UPRO,2018-08-07,27.065,27.245,27.035,27.115,4602644,,https://api.nasdaq.com/api/quote/UPRO/historical?assetclass=etf&fromdate=2016-07-26&todate=2026-07-26&limit=5000
UPRO,2018-08-08,27.07,27.2059,26.94,27.055,3700876,,https://api.nasdaq.com/api/quote/UPRO/historical?assetclass=etf&fromdate=2016-07-26&todate=2026-07-26&limit=5000
UPRO,2018-08-09,27.1,27.22,26.915,26.95,3225786,,https://api.nasdaq.com/api/quote/UPRO/historical?assetclass=etf&fromdate=2016-07-26&todate=2026-07-26&limit=5000
UPRO,2018-08-10,26.47,26.665,26.19,26.405,6907876,,https://api.nasdaq.com/api/quote/UPRO/historical?assetclass=etf&fromdate=2016-07-26&todate=2026-07-26&limit=5000
UPRO,2018-08-13,26.49,26.685,26.015,26.125,7205578,,https://api.nasdaq.com/api/quote/UPRO/historical?assetclass=etf&fromdate=2016-07-26&todate=2026-07-26&limit=5000
UPRO,2018-08-14,26.345,26.68,26.2166,26.615,5009406,,https://api.nasdaq.com/api/quote/UPRO/historical?assetclass=etf&fromdate=2016-07-26&todate=2026-07-26&limit=5000
UPRO,2018-08-15,26.175,26.2164,25.545,26.03,9468160,,https://api.nasdaq.com/api/quote/UPRO/historical?assetclass=etf&fromdate=2016-07-26&todate=2026-07-26&limit=5000
UPRO,2018-08-16,26.445,26.9,26.44,26.62,5963602,,https://api.nasdaq.com/api/quote/UPRO/historical?assetclass=etf&fromdate=2016-07-26&todate=2026-07-26&limit=5000
UPRO,2018-08-17,26.53,27.04,26.4274,26.88,7030502,,https://api.nasdaq.com/api/quote/UPRO/historical?assetclass=etf&fromdate=2016-07-26&todate=2026-07-26&limit=5000
UPRO,2018-08-20,27.04,27.1527,26.895,27.085,3915922,,https://api.nasdaq.com/api/quote/UPRO/historical?assetclass=etf&fromdate=2016-07-26&todate=2026-07-26&limit=5000
UPRO,2018-08-21,27.225,27.535,27.185,27.235,5852930,,https://api.nasdaq.com/api/quote/UPRO/historical?assetclass=etf&fromdate=2016-07-26&todate=2026-07-26&limit=5000
UPRO,2018-08-22,27.125,27.3675,27.035,27.22,3671470,,https://api.nasdaq.com/api/quote/UPRO/historical?assetclass=etf&fromdate=2016-07-26&todate=2026-07-26&limit=5000
UPRO,2018-08-23,27.12,27.41,26.975,27.065,5212014,,https://api.nasdaq.com/api/quote/UPRO/historical?assetclass=etf&fromdate=2016-07-26&todate=2026-07-26&limit=5000
UPRO,2018-08-24,27.26,27.61,27.245,27.555,5005318,,https://api.nasdaq.com/api/quote/UPRO/historical?assetclass=etf&fromdate=2016-07-26&todate=2026-07-26&limit=5000
UPRO,2018-08-27,27.955,28.25,27.905,28.195,5635160,,https://api.nasdaq.com/api/quote/UPRO/historical?assetclass=etf&fromdate=2016-07-26&todate=2026-07-26&limit=5000
UPRO,2018-08-28,28.375,28.4,28.105,28.235,5040760,,https://api.nasdaq.com/api/quote/UPRO/historical?assetclass=etf&fromdate=2016-07-26&todate=2026-07-26&limit=5000
UPRO,2018-08-29,28.315,28.78,28.245,28.695,6565216,,https://api.nasdaq.com/api/quote/UPRO/historical?assetclass=etf&fromdate=2016-07-26&todate=2026-07-26&limit=5000
UPRO,2018-08-30,28.515,28.6549,28.145,28.325,7103878,,https://api.nasdaq.com/api/quote/UPRO/historical?assetclass=etf&fromdate=2016-07-26&todate=2026-07-26&limit=5000
UPRO,2018-08-31,28.19,28.49,28.04,28.315,5985690,,https://api.nasdaq.com/api/quote/UPRO/historical?assetclass=etf&fromdate=2016-07-26&todate=2026-07-26&limit=5000
UPRO,2018-09-04,28.18,28.3,27.85,28.19,5004420,,https://api.nasdaq.com/api/quote/UPRO/historical?assetclass=etf&fromdate=2016-07-26&todate=2026-07-26&limit=5000
UPRO,2018-09-05,28.06,28.125,27.62,27.96,5454676,,https://api.nasdaq.com/api/quote/UPRO/historical?assetclass=etf&fromdate=2016-07-26&todate=2026-07-26&limit=5000
UPRO,2018-09-06,27.97,28.0745,27.35,27.69,6569926,,https://api.nasdaq.com/api/quote/UPRO/historical?assetclass=etf&fromdate=2016-07-26&todate=2026-07-26&limit=5000
UPRO,2018-09-07,27.35,27.84,27.266,27.51,5905596,,https://api.nasdaq.com/api/quote/UPRO/historical?assetclass=etf&fromdate=2016-07-26&todate=2026-07-26&limit=5000
UPRO,2018-09-10,27.85,27.9215,27.59,27.665,4235062,,https://api.nasdaq.com/api/quote/UPRO/historical?assetclass=etf&fromdate=2016-07-26&todate=2026-07-26&limit=5000
UPRO,2018-09-11,27.45,28.075,27.334,27.955,4452172,,https://api.nasdaq.com/api/quote/UPRO/historical?assetclass=etf&fromdate=2016-07-26&todate=2026-07-26&limit=5000
UPRO,2018-09-12,27.935,28.1375,27.69,27.96,6121572,,https://api.nasdaq.com/api/quote/UPRO/historical?assetclass=etf&fromdate=2016-07-26&todate=2026-07-26&limit=5000
UPRO,2018-09-13,28.29,28.4895,28.185,28.42,5653034,,https://api.nasdaq.com/api/quote/UPRO/historical?assetclass=etf&fromdate=2016-07-26&todate=2026-07-26&limit=5000
UPRO,2018-09-14,28.51,28.545,28.18,28.45,5458068,,https://api.nasdaq.com/api/quote/UPRO/historical?assetclass=etf&fromdate=2016-07-26&todate=2026-07-26&limit=5000
UPRO,2018-09-17,28.405,28.4249,27.89,27.975,4869688,,https://api.nasdaq.com/api/quote/UPRO/historical?assetclass=etf&fromdate=2016-07-26&todate=2026-07-26&limit=5000
UPRO,2018-09-18,28.035,28.615,28.035,28.425,4633466,,https://api.nasdaq.com/api/quote/UPRO/historical?assetclass=etf&fromdate=2016-07-26&todate=2026-07-26&limit=5000
UPRO,2018-09-19,28.44,28.65,28.4,28.52,3362564,,https://api.nasdaq.com/api/quote/UPRO/historical?assetclass=etf&fromdate=2016-07-26&todate=2026-07-26&limit=5000
UPRO,2018-09-20,28.895,29.2995,28.885,29.185,5363740,,https://api.nasdaq.com/api/quote/UPRO/historical?assetclass=etf&fromdate=2016-07-26&todate=2026-07-26&limit=5000
UPRO,2018-09-21,29.43,29.475,29.055,29.105,5745994,,https://api.nasdaq.com/api/quote/UPRO/historical?assetclass=etf&fromdate=2016-07-26&todate=2026-07-26&limit=5000
UPRO,2018-09-24,28.915,28.96,28.62,28.835,4408758,,https://api.nasdaq.com/api/quote/UPRO/historical?assetclass=etf&fromdate=2016-07-26&todate=2026-07-26&limit=5000
UPRO,2018-09-25,28.966,29,28.655,28.72,3453504,,https://api.nasdaq.com/api/quote/UPRO/historical?assetclass=etf&fromdate=2016-07-26&todate=2026-07-26&limit=5000
UPRO,2018-09-26,28.745,29.15,28.315,28.435,5673000,,https://api.nasdaq.com/api/quote/UPRO/historical?assetclass=etf&fromdate=2016-07-26&todate=2026-07-26&limit=5000
UPRO,2018-09-27,28.585,29.03,28.505,28.665,4514752,,https://api.nasdaq.com/api/quote/UPRO/historical?assetclass=etf&fromdate=2016-07-26&todate=2026-07-26&limit=5000
UPRO,2018-09-28,28.475,28.84,28.455,28.635,5175716,,https://api.nasdaq.com/api/quote/UPRO/historical?assetclass=etf&fromdate=2016-07-26&todate=2026-07-26&limit=5000
UPRO,2018-10-01,29.085,29.325,28.75,28.96,6910906,,https://api.nasdaq.com/api/quote/UPRO/historical?assetclass=etf&fromdate=2016-07-26&todate=2026-07-26&limit=5000
UPRO,2018-10-02,28.935,29.16,28.8,28.93,4341938,,https://api.nasdaq.com/api/quote/UPRO/historical?assetclass=etf&fromdate=2016-07-26&todate=2026-07-26&limit=5000
UPRO,2018-10-03,29.25,29.41,28.845,28.97,5417356,,https://api.nasdaq.com/api/quote/UPRO/historical?assetclass=etf&fromdate=2016-07-26&todate=2026-07-26&limit=5000
UPRO,2018-10-04,28.8,28.8,27.735,28.275,11691258,,https://api.nasdaq.com/api/quote/UPRO/historical?assetclass=etf&fromdate=2016-07-26&todate=2026-07-26&limit=5000
UPRO,2018-10-05,28.33,28.505,27.3175,27.825,11150288,,https://api.nasdaq.com/api/quote/UPRO/historical?assetclass=etf&fromdate=2016-07-26&todate=2026-07-26&limit=5000
UPRO,2018-10-08,27.56,27.9,27.11,27.78,10063056,,https://api.nasdaq.com/api/quote/UPRO/historical?assetclass=etf&fromdate=2016-07-26&todate=2026-07-26&limit=5000
UPRO,2018-10-09,27.67,28.085,27.475,27.67,8668088,,https://api.nasdaq.com/api/quote/UPRO/historical?assetclass=etf&fromdate=2016-07-26&todate=2026-07-26&limit=5000
UPRO,2018-10-10,27.485,27.495,24.9099,25.005,20050380,,https://api.nasdaq.com/api/quote/UPRO/historical?assetclass=etf&fromdate=2016-07-26&todate=2026-07-26&limit=5000
UPRO,2018-10-11,24.705,25.16,22.865,23.385,35247600,,https://api.nasdaq.com/api/quote/UPRO/historical?assetclass=etf&fromdate=2016-07-26&todate=2026-07-26&limit=5000
UPRO,2018-10-12,24.545,24.6155,23.4,24.33,20817340,,https://api.nasdaq.com/api/quote/UPRO/historical?assetclass=etf&fromdate=2016-07-26&todate=2026-07-26&limit=5000
UPRO,2018-10-15,24.21,24.605,23.8821,23.92,11987096,,https://api.nasdaq.com/api/quote/UPRO/historical?assetclass=etf&fromdate=2016-07-26&todate=2026-07-26&limit=5000
UPRO,2018-10-16,24.49,25.59,24.35,25.42,12673680,,https://api.nasdaq.com/api/quote/UPRO/historical?assetclass=etf&fromdate=2016-07-26&todate=2026-07-26&limit=5000
UPRO,2018-10-17,25.48,25.67,24.695,25.475,13542498,,https://api.nasdaq.com/api/quote/UPRO/historical?assetclass=etf&fromdate=2016-07-26&todate=2026-07-26&limit=5000
UPRO,2018-10-18,25.19,25.36,23.975,24.38,16956124,,https://api.nasdaq.com/api/quote/UPRO/historical?assetclass=etf&fromdate=2016-07-26&todate=2026-07-26&limit=5000
UPRO,2018-10-19,24.565,25.12,24.115,24.31,12668332,,https://api.nasdaq.com/api/quote/UPRO/historical?assetclass=etf&fromdate=2016-07-26&todate=2026-07-26&limit=5000
UPRO,2018-10-22,24.51,24.61,23.83,24.005,13384276,,https://api.nasdaq.com/api/quote/UPRO/historical?assetclass=etf&fromdate=2016-07-26&todate=2026-07-26&limit=5000
UPRO,2018-10-23,22.9,23.935,22.3101,23.595,20610320,,https://api.nasdaq.com/api/quote/UPRO/historical?assetclass=etf&fromdate=2016-07-26&todate=2026-07-26&limit=5000
UPRO,2018-10-24,23.54,23.645,21.31,21.435,22126860,,https://api.nasdaq.com/api/quote/UPRO/historical?assetclass=etf&fromdate=2016-07-26&todate=2026-07-26&limit=5000
UPRO,2018-10-25,21.955,23.025,21.675,22.625,15980318,,https://api.nasdaq.com/api/quote/UPRO/historical?assetclass=etf&fromdate=2016-07-26&todate=2026-07-26&limit=5000
UPRO,2018-10-26,21.545,22.27,20.65,21.395,26620740,,https://api.nasdaq.com/api/quote/UPRO/historical?assetclass=etf&fromdate=2016-07-26&todate=2026-07-26&limit=5000
UPRO,2018-10-29,22.24,22.59,20.0789,21.025,20303600,,https://api.nasdaq.com/api/quote/UPRO/historical?assetclass=etf&fromdate=2016-07-26&todate=2026-07-26&limit=5000
UPRO,2018-10-30,21,22.06,20.86,22,17361164,,https://api.nasdaq.com/api/quote/UPRO/historical?assetclass=etf&fromdate=2016-07-26&todate=2026-07-26&limit=5000
UPRO,2018-10-31,22.68,23.31,22.555,22.685,15906378,,https://api.nasdaq.com/api/quote/UPRO/historical?assetclass=etf&fromdate=2016-07-26&todate=2026-07-26&limit=5000
UPRO,2018-11-01,22.915,23.44,22.6,23.395,12410228,,https://api.nasdaq.com/api/quote/UPRO/historical?assetclass=etf&fromdate=2016-07-26&todate=2026-07-26&limit=5000
UPRO,2018-11-02,23.695,23.8199,22.375,22.935,18910408,,https://api.nasdaq.com/api/quote/UPRO/historical?assetclass=etf&fromdate=2016-07-26&todate=2026-07-26&limit=5000
UPRO,2018-11-05,23.09,23.495,22.825,23.355,7225428,,https://api.nasdaq.com/api/quote/UPRO/historical?assetclass=etf&fromdate=2016-07-26&todate=2026-07-26&limit=5000
UPRO,2018-11-06,23.315,23.82,23.3116,23.775,9657172,,https://api.nasdaq.com/api/quote/UPRO/historical?assetclass=etf&fromdate=2016-07-26&todate=2026-07-26&limit=5000
UPRO,2018-11-07,24.42,25.325,24.2916,25.285,12568862,,https://api.nasdaq.com/api/quote/UPRO/historical?assetclass=etf&fromdate=2016-07-26&todate=2026-07-26&limit=5000
UPRO,2018-11-08,25.06,25.35,24.805,25.135,9688296,,https://api.nasdaq.com/api/quote/UPRO/historical?assetclass=etf&fromdate=2016-07-26&todate=2026-07-26&limit=5000
UPRO,2018-11-09,24.74,24.805,23.985,24.44,11228646,,https://api.nasdaq.com/api/quote/UPRO/historical?assetclass=etf&fromdate=2016-07-26&todate=2026-07-26&limit=5000
UPRO,2018-11-12,24.25,24.325,22.885,23.02,12855144,,https://api.nasdaq.com/api/quote/UPRO/historical?assetclass=etf&fromdate=2016-07-26&todate=2026-07-26&limit=5000
UPRO,2018-11-13,23.165,23.73,22.7,22.905,15245410,,https://api.nasdaq.com/api/quote/UPRO/historical?assetclass=etf&fromdate=2016-07-26&todate=2026-07-26&limit=5000
UPRO,2018-11-14,23.43,23.54,21.98,22.405,22253640,,https://api.nasdaq.com/api/quote/UPRO/historical?assetclass=etf&fromdate=2016-07-26&todate=2026-07-26&limit=5000
UPRO,2018-11-15,22.06,23.24,21.625,23.12,14119514,,https://api.nasdaq.com/api/quote/UPRO/historical?assetclass=etf&fromdate=2016-07-26&todate=2026-07-26&limit=5000
UPRO,2018-11-16,22.815,23.545,22.64,23.285,14238048,,https://api.nasdaq.com/api/quote/UPRO/historical?assetclass=etf&fromdate=2016-07-26&todate=2026-07-26&limit=5000
UPRO,2018-11-19,23.13,23.1909,21.845,22.145,15740110,,https://api.nasdaq.com/api/quote/UPRO/historical?assetclass=etf&fromdate=2016-07-26&todate=2026-07-26&limit=5000
UPRO,2018-11-20,21.175,21.575,20.6183,20.885,13964646,,https://api.nasdaq.com/api/quote/UPRO/historical?assetclass=etf&fromdate=2016-07-26&todate=2026-07-26&limit=5000
UPRO,2018-11-21,21.25,21.57,21.065,21.085,7732280,,https://api.nasdaq.com/api/quote/UPRO/historical?assetclass=etf&fromdate=2016-07-26&todate=2026-07-26&limit=5000
UPRO,2018-11-23,20.605,21.015,20.605,20.66,4467810,,https://api.nasdaq.com/api/quote/UPRO/historical?assetclass=etf&fromdate=2016-07-26&todate=2026-07-26&limit=5000
UPRO,2018-11-26,21.255,21.65,21.135,21.635,8155280,,https://api.nasdaq.com/api/quote/UPRO/historical?assetclass=etf&fromdate=2016-07-26&todate=2026-07-26&limit=5000
UPRO,2018-11-27,21.355,21.845,21.19,21.845,7003724,,https://api.nasdaq.com/api/quote/UPRO/historical?assetclass=etf&fromdate=2016-07-26&todate=2026-07-26&limit=5000
UPRO,2018-11-28,22.15,23.35,21.885,23.34,12737344,,https://api.nasdaq.com/api/quote/UPRO/historical?assetclass=etf&fromdate=2016-07-26&todate=2026-07-26&limit=5000
UPRO,2018-11-29,23.14,23.6,22.81,23.19,11437036,,https://api.nasdaq.com/api/quote/UPRO/historical?assetclass=etf&fromdate=2016-07-26&todate=2026-07-26&limit=5000
UPRO,2018-11-30,23.135,23.785,23.06,23.655,9614944,,https://api.nasdaq.com/api/quote/UPRO/historical?assetclass=etf&fromdate=2016-07-26&todate=2026-07-26&limit=5000
UPRO,2018-12-03,24.825,24.85,24.095,24.535,12014660,,https://api.nasdaq.com/api/quote/UPRO/historical?assetclass=etf&fromdate=2016-07-26&todate=2026-07-26&limit=5000
UPRO,2018-12-04,24.31,24.42,22.07,22.205,23813520,,https://api.nasdaq.com/api/quote/UPRO/historical?assetclass=etf&fromdate=2016-07-26&todate=2026-07-26&limit=5000
UPRO,2018-12-06,21.065,22.07,20.2175,22.065,18581582,,https://api.nasdaq.com/api/quote/UPRO/historical?assetclass=etf&fromdate=2016-07-26&todate=2026-07-26&limit=5000
UPRO,2018-12-07,21.93,22.39,20.275,20.52,21518800,,https://api.nasdaq.com/api/quote/UPRO/historical?assetclass=etf&fromdate=2016-07-26&todate=2026-07-26&limit=5000
UPRO,2018-12-10,20.44,20.8575,19.3401,20.615,16485066,,https://api.nasdaq.com/api/quote/UPRO/historical?assetclass=etf&fromdate=2016-07-26&todate=2026-07-26&limit=5000
UPRO,2018-12-11,21.43,21.495,20.235,20.61,13996760,,https://api.nasdaq.com/api/quote/UPRO/historical?assetclass=etf&fromdate=2016-07-26&todate=2026-07-26&limit=5000
UPRO,2018-12-12,21.395,21.745,20.9137,20.935,12935046,,https://api.nasdaq.com/api/quote/UPRO/historical?assetclass=etf&fromdate=2016-07-26&todate=2026-07-26&limit=5000
UPRO,2018-12-13,21.175,21.4,20.605,20.91,10701064,,https://api.nasdaq.com/api/quote/UPRO/historical?assetclass=etf&fromdate=2016-07-26&todate=2026-07-26&limit=5000
UPRO,2018-12-14,20.32,20.58,19.585,19.74,10837708,,https://api.nasdaq.com/api/quote/UPRO/historical?assetclass=etf&fromdate=2016-07-26&todate=2026-07-26&limit=5000
UPRO,2018-12-17,19.48,19.76,18.145,18.545,18658452,,https://api.nasdaq.com/api/quote/UPRO/historical?assetclass=etf&fromdate=2016-07-26&todate=2026-07-26&limit=5000
UPRO,2018-12-18,18.955,19.115,18.115,18.51,11329494,,https://api.nasdaq.com/api/quote/UPRO/historical?assetclass=etf&fromdate=2016-07-26&todate=2026-07-26&limit=5000
UPRO,2018-12-19,18.515,19.405,17.25,17.66,23451960,,https://api.nasdaq.com/api/quote/UPRO/historical?assetclass=etf&fromdate=2016-07-26&todate=2026-07-26&limit=5000
UPRO,2018-12-20,17.34,17.71,16.25,16.795,25316580,,https://api.nasdaq.com/api/quote/UPRO/historical?assetclass=etf&fromdate=2016-07-26&todate=2026-07-26&limit=5000
UPRO,2018-12-21,16.98,17.58,15.6,15.74,28730140,,https://api.nasdaq.com/api/quote/UPRO/historical?assetclass=etf&fromdate=2016-07-26&todate=2026-07-26&limit=5000
UPRO,2018-12-24,15.4,15.65,14.485,14.5,15583002,,https://api.nasdaq.com/api/quote/UPRO/historical?assetclass=etf&fromdate=2016-07-26&todate=2026-07-26&limit=5000
UPRO,2018-12-26,14.75,16.575,14.325,16.575,24126120,,https://api.nasdaq.com/api/quote/UPRO/historical?assetclass=etf&fromdate=2016-07-26&todate=2026-07-26&limit=5000
UPRO,2018-12-27,15.885,17.03,15.15,17.015,21822720,,https://api.nasdaq.com/api/quote/UPRO/historical?assetclass=etf&fromdate=2016-07-26&todate=2026-07-26&limit=5000
UPRO,2018-12-28,17.275,17.665,16.6538,16.935,25087280,,https://api.nasdaq.com/api/quote/UPRO/historical?assetclass=etf&fromdate=2016-07-26&todate=2026-07-26&limit=5000
UPRO,2018-12-31,17.275,17.405,16.87,17.39,11377076,,https://api.nasdaq.com/api/quote/UPRO/historical?assetclass=etf&fromdate=2016-07-26&todate=2026-07-26&limit=5000
UPRO,2019-01-02,16.56,17.6216,16.525,17.425,14060764,,https://api.nasdaq.com/api/quote/UPRO/historical?assetclass=etf&fromdate=2016-07-26&todate=2026-07-26&limit=5000
UPRO,2019-01-03,17.005,17.065,16.0373,16.125,15198876,,https://api.nasdaq.com/api/quote/UPRO/historical?assetclass=etf&fromdate=2016-07-26&todate=2026-07-26&limit=5000
UPRO,2019-01-04,16.82,17.9126,16.735,17.765,16200402,,https://api.nasdaq.com/api/quote/UPRO/historical?assetclass=etf&fromdate=2016-07-26&todate=2026-07-26&limit=5000
UPRO,2019-01-07,17.84,18.515,17.61,18.17,12776648,,https://api.nasdaq.com/api/quote/UPRO/historical?assetclass=etf&fromdate=2016-07-26&todate=2026-07-26&limit=5000
UPRO,2019-01-08,18.725,18.825,18.1,18.675,11280860,,https://api.nasdaq.com/api/quote/UPRO/historical?assetclass=etf&fromdate=2016-07-26&todate=2026-07-26&limit=5000
UPRO,2019-01-09,18.87,19.165,18.575,18.935,9258310,,https://api.nasdaq.com/api/quote/UPRO/historical?assetclass=etf&fromdate=2016-07-26&todate=2026-07-26&limit=5000
UPRO,2019-01-10,18.57,19.205,18.405,19.165,9111588,,https://api.nasdaq.com/api/quote/UPRO/historical?assetclass=etf&fromdate=2016-07-26&todate=2026-07-26&limit=5000
UPRO,2019-01-11,18.875,19.1589,18.73,19.15,7733920,,https://api.nasdaq.com/api/quote/UPRO/historical?assetclass=etf&fromdate=2016-07-26&todate=2026-07-26&limit=5000
UPRO,2019-01-14,18.69,19.005,18.59,18.825,6268948,,https://api.nasdaq.com/api/quote/UPRO/historical?assetclass=etf&fromdate=2016-07-26&todate=2026-07-26&limit=5000
UPRO,2019-01-15,18.905,19.53,18.905,19.46,9481952,,https://api.nasdaq.com/api/quote/UPRO/historical?assetclass=etf&fromdate=2016-07-26&todate=2026-07-26&limit=5000
UPRO,2019-01-16,19.56,19.81,19.51,19.575,8867878,,https://api.nasdaq.com/api/quote/UPRO/historical?assetclass=etf&fromdate=2016-07-26&todate=2026-07-26&limit=5000
UPRO,2019-01-17,19.365,20.235,19.355,20.025,10155392,,https://api.nasdaq.com/api/quote/UPRO/historical?assetclass=etf&fromdate=2016-07-26&todate=2026-07-26&limit=5000
UPRO,2019-01-18,20.49,20.94,20.2805,20.81,12643406,,https://api.nasdaq.com/api/quote/UPRO/historical?assetclass=etf&fromdate=2016-07-26&todate=2026-07-26&limit=5000
UPRO,2019-01-22,20.435,20.4839,19.56,19.98,12680642,,https://api.nasdaq.com/api/quote/UPRO/historical?assetclass=etf&fromdate=2016-07-26&todate=2026-07-26&limit=5000
UPRO,2019-01-23,20.235,20.395,19.4656,20.075,11395736,,https://api.nasdaq.com/api/quote/UPRO/historical?assetclass=etf&fromdate=2016-07-26&todate=2026-07-26&limit=5000
UPRO,2019-01-24,20.035,20.255,19.7774,20.13,8337186,,https://api.nasdaq.com/api/quote/UPRO/historical?assetclass=etf&fromdate=2016-07-26&todate=2026-07-26&limit=5000
UPRO,2019-01-25,20.59,20.83,20.47,20.62,10490582,,https://api.nasdaq.com/api/quote/UPRO/historical?assetclass=etf&fromdate=2016-07-26&todate=2026-07-26&limit=5000
UPRO,2019-01-28,20.05,20.165,19.69,20.165,9430264,,https://api.nasdaq.com/api/quote/UPRO/historical?assetclass=etf&fromdate=2016-07-26&todate=2026-07-26&limit=5000
UPRO,2019-01-29,20.165,20.315,19.855,20.075,6230214,,https://api.nasdaq.com/api/quote/UPRO/historical?assetclass=etf&fromdate=2016-07-26&todate=2026-07-26&limit=5000
UPRO,2019-01-30,20.445,21.225,20.25,21.02,11855554,,https://api.nasdaq.com/api/quote/UPRO/historical?assetclass=etf&fromdate=2016-07-26&todate=2026-07-26&limit=5000
UPRO,2019-01-31,20.975,21.665,20.935,21.545,11498186,,https://api.nasdaq.com/api/quote/UPRO/historical?assetclass=etf&fromdate=2016-07-26&todate=2026-07-26&limit=5000
UPRO,2019-02-01,21.605,21.8525,21.375,21.575,14340360,,https://api.nasdaq.com/api/quote/UPRO/historical?assetclass=etf&fromdate=2016-07-26&todate=2026-07-26&limit=5000
UPRO,2019-02-04,21.59,22.045,21.41,22.035,6835340,,https://api.nasdaq.com/api/quote/UPRO/historical?assetclass=etf&fromdate=2016-07-26&todate=2026-07-26&limit=5000
UPRO,2019-02-05,22.155,22.385,22.015,22.32,12463072,,https://api.nasdaq.com/api/quote/UPRO/historical?assetclass=etf&fromdate=2016-07-26&todate=2026-07-26&limit=5000
UPRO,2019-02-06,22.22,22.3572,22.005,22.21,8033188,,https://api.nasdaq.com/api/quote/UPRO/historical?assetclass=etf&fromdate=2016-07-26&todate=2026-07-26&limit=5000
UPRO,2019-02-07,21.755,21.905,21.1184,21.57,19102380,,https://api.nasdaq.com/api/quote/UPRO/historical?assetclass=etf&fromdate=2016-07-26&todate=2026-07-26&limit=5000
UPRO,2019-02-08,21.21,21.65,21.0101,21.65,7215792,,https://api.nasdaq.com/api/quote/UPRO/historical?assetclass=etf&fromdate=2016-07-26&todate=2026-07-26&limit=5000
UPRO,2019-02-11,21.815,21.88,21.535,21.685,11930868,,https://api.nasdaq.com/api/quote/UPRO/historical?assetclass=etf&fromdate=2016-07-26&todate=2026-07-26&limit=5000
UPRO,2019-02-12,22.105,22.61,22.085,22.515,11230286,,https://api.nasdaq.com/api/quote/UPRO/historical?assetclass=etf&fromdate=2016-07-26&todate=2026-07-26&limit=5000
UPRO,2019-02-13,22.74,22.955,22.6167,22.715,7851192,,https://api.nasdaq.com/api/quote/UPRO/historical?assetclass=etf&fromdate=2016-07-26&todate=2026-07-26&limit=5000
UPRO,2019-02-14,22.405,22.865,22.175,22.56,9405336,,https://api.nasdaq.com/api/quote/UPRO/historical?assetclass=etf&fromdate=2016-07-26&todate=2026-07-26&limit=5000
UPRO,2019-02-15,23.05,23.295,22.98,23.285,9094640,,https://api.nasdaq.com/api/quote/UPRO/historical?assetclass=etf&fromdate=2016-07-26&todate=2026-07-26&limit=5000
UPRO,2019-02-19,23.06,23.5875,23.055,23.4,5486742,,https://api.nasdaq.com/api/quote/UPRO/historical?assetclass=etf&fromdate=2016-07-26&todate=2026-07-26&limit=5000
UPRO,2019-02-20,23.4,23.665,23.25,23.54,11169918,,https://api.nasdaq.com/api/quote/UPRO/historical?assetclass=etf&fromdate=2016-07-26&todate=2026-07-26&limit=5000
UPRO,2019-02-21,23.36,23.445,23.01,23.28,9677096,,https://api.nasdaq.com/api/quote/UPRO/historical?assetclass=etf&fromdate=2016-07-26&todate=2026-07-26&limit=5000
UPRO,2019-02-22,23.46,23.76,23.375,23.72,13601696,,https://api.nasdaq.com/api/quote/UPRO/historical?assetclass=etf&fromdate=2016-07-26&todate=2026-07-26&limit=5000
UPRO,2019-02-25,24.11,24.26,23.775,23.82,18967104,,https://api.nasdaq.com/api/quote/UPRO/historical?assetclass=etf&fromdate=2016-07-26&todate=2026-07-26&limit=5000
UPRO,2019-02-26,23.685,23.9869,23.64,23.745,7172358,,https://api.nasdaq.com/api/quote/UPRO/historical?assetclass=etf&fromdate=2016-07-26&todate=2026-07-26&limit=5000
UPRO,2019-02-27,23.535,23.81,23.2701,23.705,8794834,,https://api.nasdaq.com/api/quote/UPRO/historical?assetclass=etf&fromdate=2016-07-26&todate=2026-07-26&limit=5000
UPRO,2019-02-28,23.62,23.75,23.47,23.545,6344044,,https://api.nasdaq.com/api/quote/UPRO/historical?assetclass=etf&fromdate=2016-07-26&todate=2026-07-26&limit=5000
UPRO,2019-03-01,24.005,24.1188,23.595,24.015,8052732,,https://api.nasdaq.com/api/quote/UPRO/historical?assetclass=etf&fromdate=2016-07-26&todate=2026-07-26&limit=5000
UPRO,2019-03-04,24.305,24.36,23.0755,23.73,19690412,,https://api.nasdaq.com/api/quote/UPRO/historical?assetclass=etf&fromdate=2016-07-26&todate=2026-07-26&limit=5000
UPRO,2019-03-05,23.765,23.815,23.48,23.63,7236484,,https://api.nasdaq.com/api/quote/UPRO/historical?assetclass=etf&fromdate=2016-07-26&todate=2026-07-26&limit=5000
UPRO,2019-03-06,23.65,23.65,23.1,23.195,9480152,,https://api.nasdaq.com/api/quote/UPRO/historical?assetclass=etf&fromdate=2016-07-26&todate=2026-07-26&limit=5000
UPRO,2019-03-07,23.06,23.09,22.36,22.615,13895380,,https://api.nasdaq.com/api/quote/UPRO/historical?assetclass=etf&fromdate=2016-07-26&todate=2026-07-26&limit=5000
UPRO,2019-03-08,22.085,22.5,21.955,22.475,10663108,,https://api.nasdaq.com/api/quote/UPRO/historical?assetclass=etf&fromdate=2016-07-26&todate=2026-07-26&limit=5000
UPRO,2019-03-11,22.645,23.48,22.645,23.455,7036750,,https://api.nasdaq.com/api/quote/UPRO/historical?assetclass=etf&fromdate=2016-07-26&todate=2026-07-26&limit=5000
UPRO,2019-03-12,23.575,23.84,23.54,23.695,6844830,,https://api.nasdaq.com/api/quote/UPRO/historical?assetclass=etf&fromdate=2016-07-26&todate=2026-07-26&limit=5000
UPRO,2019-03-13,23.94,24.425,23.9,24.165,10194314,,https://api.nasdaq.com/api/quote/UPRO/historical?assetclass=etf&fromdate=2016-07-26&todate=2026-07-26&limit=5000
UPRO,2019-03-14,24.16,24.28,23.9775,24.115,6234566,,https://api.nasdaq.com/api/quote/UPRO/historical?assetclass=etf&fromdate=2016-07-26&todate=2026-07-26&limit=5000
UPRO,2019-03-15,24.245,24.68,24.205,24.465,12603956,,https://api.nasdaq.com/api/quote/UPRO/historical?assetclass=etf&fromdate=2016-07-26&todate=2026-07-26&limit=5000
UPRO,2019-03-18,24.505,24.8,24.445,24.74,7633130,,https://api.nasdaq.com/api/quote/UPRO/historical?assetclass=etf&fromdate=2016-07-26&todate=2026-07-26&limit=5000
UPRO,2019-03-19,25.02,25.2392,24.465,24.755,13106608,,https://api.nasdaq.com/api/quote/UPRO/historical?assetclass=etf&fromdate=2016-07-26&todate=2026-07-26&limit=5000
UPRO,2019-03-20,24.59,24.96,24.135,24.45,18336664,,https://api.nasdaq.com/api/quote/UPRO/historical?assetclass=etf&fromdate=2016-07-26&todate=2026-07-26&limit=5000
UPRO,2019-03-21,24.195,25.3843,24.195,25.255,10045168,,https://api.nasdaq.com/api/quote/UPRO/historical?assetclass=etf&fromdate=2016-07-26&todate=2026-07-26&limit=5000
UPRO,2019-03-22,24.865,25.0144,23.79,23.815,23748440,,https://api.nasdaq.com/api/quote/UPRO/historical?assetclass=etf&fromdate=2016-07-26&todate=2026-07-26&limit=5000
UPRO,2019-03-25,23.71,24.035,23.395,23.755,15257906,,https://api.nasdaq.com/api/quote/UPRO/historical?assetclass=etf&fromdate=2016-07-26&todate=2026-07-26&limit=5000
UPRO,2019-03-26,24.245,24.545,23.875,24.255,12943184,,https://api.nasdaq.com/api/quote/UPRO/historical?assetclass=etf&fromdate=2016-07-26&todate=2026-07-26&limit=5000
UPRO,2019-03-27,24.27,24.44,23.445,23.915,13483448,,https://api.nasdaq.com/api/quote/UPRO/historical?assetclass=etf&fromdate=2016-07-26&todate=2026-07-26&limit=5000
UPRO,2019-03-28,24.06,24.275,23.73,24.17,9126630,,https://api.nasdaq.com/api/quote/UPRO/historical?assetclass=etf&fromdate=2016-07-26&todate=2026-07-26&limit=5000
UPRO,2019-03-29,24.59,24.69,24.2576,24.64,9927618,,https://api.nasdaq.com/api/quote/UPRO/historical?assetclass=etf&fromdate=2016-07-26&todate=2026-07-26&limit=5000
UPRO,2019-04-01,25.175,25.555,25.105,25.5,8749130,,https://api.nasdaq.com/api/quote/UPRO/historical?assetclass=etf&fromdate=2016-07-26&todate=2026-07-26&limit=5000
UPRO,2019-04-02,25.525,25.565,25.275,25.495,8086090,,https://api.nasdaq.com/api/quote/UPRO/historical?assetclass=etf&fromdate=2016-07-26&todate=2026-07-26&limit=5000
UPRO,2019-04-03,25.865,25.98,25.44,25.645,10447102,,https://api.nasdaq.com/api/quote/UPRO/historical?assetclass=etf&fromdate=2016-07-26&todate=2026-07-26&limit=5000
UPRO,2019-04-04,25.705,25.88,25.495,25.81,6707746,,https://api.nasdaq.com/api/quote/UPRO/historical?assetclass=etf&fromdate=2016-07-26&todate=2026-07-26&limit=5000
UPRO,2019-04-05,26.01,26.185,25.92,26.145,8195224,,https://api.nasdaq.com/api/quote/UPRO/historical?assetclass=etf&fromdate=2016-07-26&todate=2026-07-26&limit=5000
UPRO,2019-04-08,26.04,26.26,25.8492,26.245,7053274,,https://api.nasdaq.com/api/quote/UPRO/historical?assetclass=etf&fromdate=2016-07-26&todate=2026-07-26&limit=5000
UPRO,2019-04-09,25.935,26.0334,25.665,25.825,6822020,,https://api.nasdaq.com/api/quote/UPRO/historical?assetclass=etf&fromdate=2016-07-26&todate=2026-07-26&limit=5000
UPRO,2019-04-10,25.945,26.1097,25.825,26.09,5428258,,https://api.nasdaq.com/api/quote/UPRO/historical?assetclass=etf&fromdate=2016-07-26&todate=2026-07-26&limit=5000
UPRO,2019-04-11,26.22,26.22,25.88,26.06,6280010,,https://api.nasdaq.com/api/quote/UPRO/historical?assetclass=etf&fromdate=2016-07-26&todate=2026-07-26&limit=5000
UPRO,2019-04-12,26.535,26.66,26.3251,26.585,5925478,,https://api.nasdaq.com/api/quote/UPRO/historical?assetclass=etf&fromdate=2016-07-26&todate=2026-07-26&limit=5000
UPRO,2019-04-15,26.6,26.6249,26.275,26.515,5578712,,https://api.nasdaq.com/api/quote/UPRO/historical?assetclass=etf&fromdate=2016-07-26&todate=2026-07-26&limit=5000
UPRO,2019-04-16,26.77,26.8,26.38,26.59,6083402,,https://api.nasdaq.com/api/quote/UPRO/historical?assetclass=etf&fromdate=2016-07-26&todate=2026-07-26&limit=5000
UPRO,2019-04-17,26.88,26.885,26.225,26.36,9065204,,https://api.nasdaq.com/api/quote/UPRO/historical?assetclass=etf&fromdate=2016-07-26&todate=2026-07-26&limit=5000
UPRO,2019-04-18,26.53,26.58,26.125,26.5,6597904,,https://api.nasdaq.com/api/quote/UPRO/historical?assetclass=etf&fromdate=2016-07-26&todate=2026-07-26&limit=5000
UPRO,2019-04-22,26.255,26.6083,26.235,26.585,3679408,,https://api.nasdaq.com/api/quote/UPRO/historical?assetclass=etf&fromdate=2016-07-26&todate=2026-07-26&limit=5000
UPRO,2019-04-23,26.675,27.34,26.6,27.265,6935628,,https://api.nasdaq.com/api/quote/UPRO/historical?assetclass=etf&fromdate=2016-07-26&todate=2026-07-26&limit=5000
UPRO,2019-04-24,27.25,27.3425,27.045,27.105,5786574,,https://api.nasdaq.com/api/quote/UPRO/historical?assetclass=etf&fromdate=2016-07-26&todate=2026-07-26&limit=5000
UPRO,2019-04-25,27.045,27.225,26.655,27.02,6477732,,https://api.nasdaq.com/api/quote/UPRO/historical?assetclass=etf&fromdate=2016-07-26&todate=2026-07-26&limit=5000
UPRO,2019-04-26,27.03,27.415,26.795,27.41,7143592,,https://api.nasdaq.com/api/quote/UPRO/historical?assetclass=etf&fromdate=2016-07-26&todate=2026-07-26&limit=5000
UPRO,2019-04-29,27.41,27.675,27.395,27.505,8400700,,https://api.nasdaq.com/api/quote/UPRO/historical?assetclass=etf&fromdate=2016-07-26&todate=2026-07-26&limit=5000
UPRO,2019-04-30,27.405,27.64,26.965,27.55,5821666,,https://api.nasdaq.com/api/quote/UPRO/historical?assetclass=etf&fromdate=2016-07-26&todate=2026-07-26&limit=5000
UPRO,2019-05-01,27.755,27.81,26.925,26.93,11235418,,https://api.nasdaq.com/api/quote/UPRO/historical?assetclass=etf&fromdate=2016-07-26&todate=2026-07-26&limit=5000
UPRO,2019-05-02,26.86,27.1599,26.285,26.765,16984046,,https://api.nasdaq.com/api/quote/UPRO/historical?assetclass=etf&fromdate=2016-07-26&todate=2026-07-26&limit=5000
UPRO,2019-05-03,27.19,27.604,27.12,27.52,6831302,,https://api.nasdaq.com/api/quote/UPRO/historical?assetclass=etf&fromdate=2016-07-26&todate=2026-07-26&limit=5000
UPRO,2019-05-06,26.155,27.305,26.08,27.195,12464276,,https://api.nasdaq.com/api/quote/UPRO/historical?assetclass=etf&fromdate=2016-07-26&todate=2026-07-26&limit=5000
UPRO,2019-05-07,26.43,26.61,25.22,25.835,23133780,,https://api.nasdaq.com/api/quote/UPRO/historical?assetclass=etf&fromdate=2016-07-26&todate=2026-07-26&limit=5000
UPRO,2019-05-08,25.7,26.205,25.515,25.715,13466616,,https://api.nasdaq.com/api/quote/UPRO/historical?assetclass=etf&fromdate=2016-07-26&todate=2026-07-26&limit=5000
UPRO,2019-05-09,25.05,25.6184,24.5451,25.455,19608930,,https://api.nasdaq.com/api/quote/UPRO/historical?assetclass=etf&fromdate=2016-07-26&todate=2026-07-26&limit=5000
UPRO,2019-05-10,25.17,26.045,24.28,25.815,16458658,,https://api.nasdaq.com/api/quote/UPRO/historical?assetclass=etf&fromdate=2016-07-26&todate=2026-07-26&limit=5000
UPRO,2019-05-13,24.28,24.575,23.6255,23.905,28893500,,https://api.nasdaq.com/api/quote/UPRO/historical?assetclass=etf&fromdate=2016-07-26&todate=2026-07-26&limit=5000
UPRO,2019-05-14,24.155,24.95,24.125,24.505,12672140,,https://api.nasdaq.com/api/quote/UPRO/historical?assetclass=etf&fromdate=2016-07-26&todate=2026-07-26&limit=5000
UPRO,2019-05-15,24.045,25.125,23.98,24.93,14508862,,https://api.nasdaq.com/api/quote/UPRO/historical?assetclass=etf&fromdate=2016-07-26&todate=2026-07-26&limit=5000
UPRO,2019-05-16,25.14,26.02,25.125,25.605,11568844,,https://api.nasdaq.com/api/quote/UPRO/historical?assetclass=etf&fromdate=2016-07-26&todate=2026-07-26&limit=5000
UPRO,2019-05-17,24.935,25.855,24.935,25.125,11044724,,https://api.nasdaq.com/api/quote/UPRO/historical?assetclass=etf&fromdate=2016-07-26&todate=2026-07-26&limit=5000
UPRO,2019-05-20,24.65,25,24.4,24.64,12875460,,https://api.nasdaq.com/api/quote/UPRO/historical?assetclass=etf&fromdate=2016-07-26&todate=2026-07-26&limit=5000
UPRO,2019-05-21,25.1,25.39,25.03,25.275,6968768,,https://api.nasdaq.com/api/quote/UPRO/historical?assetclass=etf&fromdate=2016-07-26&todate=2026-07-26&limit=5000
UPRO,2019-05-22,24.985,25.32,24.9057,25.06,7130824,,https://api.nasdaq.com/api/quote/UPRO/historical?assetclass=etf&fromdate=2016-07-26&todate=2026-07-26&limit=5000
UPRO,2019-05-23,24.395,24.395,23.69,24.16,14133250,,https://api.nasdaq.com/api/quote/UPRO/historical?assetclass=etf&fromdate=2016-07-26&todate=2026-07-26&limit=5000
UPRO,2019-05-24,24.52,24.63,24.0852,24.255,6856030,,https://api.nasdaq.com/api/quote/UPRO/historical?assetclass=etf&fromdate=2016-07-26&todate=2026-07-26&limit=5000
UPRO,2019-05-28,24.335,24.615,23.585,23.605,7015326,,https://api.nasdaq.com/api/quote/UPRO/historical?assetclass=etf&fromdate=2016-07-26&todate=2026-07-26&limit=5000
UPRO,2019-05-29,23.255,23.3735,22.7095,23.135,10393614,,https://api.nasdaq.com/api/quote/UPRO/historical?assetclass=etf&fromdate=2016-07-26&todate=2026-07-26&limit=5000
UPRO,2019-05-30,23.295,23.53,22.975,23.3,11340980,,https://api.nasdaq.com/api/quote/UPRO/historical?assetclass=etf&fromdate=2016-07-26&todate=2026-07-26&limit=5000
UPRO,2019-05-31,22.56,22.8,22.325,22.345,12430468,,https://api.nasdaq.com/api/quote/UPRO/historical?assetclass=etf&fromdate=2016-07-26&todate=2026-07-26&limit=5000
UPRO,2019-06-03,22.33,22.6375,21.79,22.165,12919728,,https://api.nasdaq.com/api/quote/UPRO/historical?assetclass=etf&fromdate=2016-07-26&todate=2026-07-26&limit=5000
UPRO,2019-06-04,22.775,23.635,22.65,23.605,8442132,,https://api.nasdaq.com/api/quote/UPRO/historical?assetclass=etf&fromdate=2016-07-26&todate=2026-07-26&limit=5000
UPRO,2019-06-05,24.055,24.2159,23.54,24.2,7972920,,https://api.nasdaq.com/api/quote/UPRO/historical?assetclass=etf&fromdate=2016-07-26&todate=2026-07-26&limit=5000
UPRO,2019-06-06,24.295,24.865,24.1,24.66,7258008,,https://api.nasdaq.com/api/quote/UPRO/historical?assetclass=etf&fromdate=2016-07-26&todate=2026-07-26&limit=5000
UPRO,2019-06-07,24.97,25.72,24.915,25.405,10280750,,https://api.nasdaq.com/api/quote/UPRO/historical?assetclass=etf&fromdate=2016-07-26&todate=2026-07-26&limit=5000
UPRO,2019-06-10,25.865,26.25,25.74,25.755,10977308,,https://api.nasdaq.com/api/quote/UPRO/historical?assetclass=etf&fromdate=2016-07-26&todate=2026-07-26&limit=5000
UPRO,2019-06-11,26.3,26.4,25.545,25.735,8649764,,https://api.nasdaq.com/api/quote/UPRO/historical?assetclass=etf&fromdate=2016-07-26&todate=2026-07-26&limit=5000
UPRO,2019-06-12,25.66,25.825,25.44,25.595,6111718,,https://api.nasdaq.com/api/quote/UPRO/historical?assetclass=etf&fromdate=2016-07-26&todate=2026-07-26&limit=5000
UPRO,2019-06-13,25.86,26,25.645,25.93,6536202,,https://api.nasdaq.com/api/quote/UPRO/historical?assetclass=etf&fromdate=2016-07-26&todate=2026-07-26&limit=5000
UPRO,2019-06-14,25.8,25.98,25.585,25.8,3869522,,https://api.nasdaq.com/api/quote/UPRO/historical?assetclass=etf&fromdate=2016-07-26&todate=2026-07-26&limit=5000
UPRO,2019-06-17,25.87,26.055,25.7817,25.845,5985532,,https://api.nasdaq.com/api/quote/UPRO/historical?assetclass=etf&fromdate=2016-07-26&todate=2026-07-26&limit=5000
UPRO,2019-06-18,26.38,26.9575,26.27,26.61,9418226,,https://api.nasdaq.com/api/quote/UPRO/historical?assetclass=etf&fromdate=2016-07-26&todate=2026-07-26&limit=5000
UPRO,2019-06-19,26.675,26.98,26.375,26.83,6872852,,https://api.nasdaq.com/api/quote/UPRO/historical?assetclass=etf&fromdate=2016-07-26&todate=2026-07-26&limit=5000
UPRO,2019-06-20,27.625,27.7,26.9598,27.575,7800830,,https://api.nasdaq.com/api/quote/UPRO/historical?assetclass=etf&fromdate=2016-07-26&todate=2026-07-26&limit=5000
UPRO,2019-06-21,27.485,27.875,27.385,27.47,5862624,,https://api.nasdaq.com/api/quote/UPRO/historical?assetclass=etf&fromdate=2016-07-26&todate=2026-07-26&limit=5000
UPRO,2019-06-24,27.51,27.61,27.295,27.36,3789602,,https://api.nasdaq.com/api/quote/UPRO/historical?assetclass=etf&fromdate=2016-07-26&todate=2026-07-26&limit=5000
UPRO,2019-06-25,27.305,27.315,26.445,26.52,8245722,,https://api.nasdaq.com/api/quote/UPRO/historical?assetclass=etf&fromdate=2016-07-26&todate=2026-07-26&limit=5000
UPRO,2019-06-26,26.765,26.915,26.375,26.405,5961314,,https://api.nasdaq.com/api/quote/UPRO/historical?assetclass=etf&fromdate=2016-07-26&todate=2026-07-26&limit=5000
UPRO,2019-06-27,26.63,26.825,26.525,26.7,4716586,,https://api.nasdaq.com/api/quote/UPRO/historical?assetclass=etf&fromdate=2016-07-26&todate=2026-07-26&limit=5000
UPRO,2019-06-28,26.965,27.225,26.815,27.075,7384358,,https://api.nasdaq.com/api/quote/UPRO/historical?assetclass=etf&fromdate=2016-07-26&todate=2026-07-26&limit=5000
UPRO,2019-07-01,28.08,28.16,27.4402,27.78,9520534,,https://api.nasdaq.com/api/quote/UPRO/historical?assetclass=etf&fromdate=2016-07-26&todate=2026-07-26&limit=5000
UPRO,2019-07-02,27.785,28.045,27.53,28.045,4405612,,https://api.nasdaq.com/api/quote/UPRO/historical?assetclass=etf&fromdate=2016-07-26&todate=2026-07-26&limit=5000
UPRO,2019-07-03,28.22,28.67,28.175,28.665,4015444,,https://api.nasdaq.com/api/quote/UPRO/historical?assetclass=etf&fromdate=2016-07-26&todate=2026-07-26&limit=5000
UPRO,2019-07-05,28.275,28.625,27.875,28.54,5646774,,https://api.nasdaq.com/api/quote/UPRO/historical?assetclass=etf&fromdate=2016-07-26&todate=2026-07-26&limit=5000
UPRO,2019-07-08,28.155,28.245,27.925,28.115,5051276,,https://api.nasdaq.com/api/quote/UPRO/historical?assetclass=etf&fromdate=2016-07-26&todate=2026-07-26&limit=5000
UPRO,2019-07-09,27.72,28.29,27.72,28.21,3593490,,https://api.nasdaq.com/api/quote/UPRO/historical?assetclass=etf&fromdate=2016-07-26&todate=2026-07-26&limit=5000
UPRO,2019-07-10,28.54,28.895,28.365,28.61,7283668,,https://api.nasdaq.com/api/quote/UPRO/historical?assetclass=etf&fromdate=2016-07-26&todate=2026-07-26&limit=5000
UPRO,2019-07-11,28.795,28.8625,28.465,28.785,6087566,,https://api.nasdaq.com/api/quote/UPRO/historical?assetclass=etf&fromdate=2016-07-26&todate=2026-07-26&limit=5000
UPRO,2019-07-12,28.945,29.19,28.84,29.19,5425362,,https://api.nasdaq.com/api/quote/UPRO/historical?assetclass=etf&fromdate=2016-07-26&todate=2026-07-26&limit=5000
UPRO,2019-07-15,29.29,29.3,29.04,29.195,2786370,,https://api.nasdaq.com/api/quote/UPRO/historical?assetclass=etf&fromdate=2016-07-26&todate=2026-07-26&limit=5000
UPRO,2019-07-16,29.165,29.215,28.8058,28.905,4127270,,https://api.nasdaq.com/api/quote/UPRO/historical?assetclass=etf&fromdate=2016-07-26&todate=2026-07-26&limit=5000
UPRO,2019-07-17,28.89,28.95,28.315,28.33,5498836,,https://api.nasdaq.com/api/quote/UPRO/historical?assetclass=etf&fromdate=2016-07-26&todate=2026-07-26&limit=5000
UPRO,2019-07-18,28.145,28.72,27.995,28.62,5210376,,https://api.nasdaq.com/api/quote/UPRO/historical?assetclass=etf&fromdate=2016-07-26&todate=2026-07-26&limit=5000
UPRO,2019-07-19,28.945,28.97,28.06,28.13,5800994,,https://api.nasdaq.com/api/quote/UPRO/historical?assetclass=etf&fromdate=2016-07-26&todate=2026-07-26&limit=5000
UPRO,2019-07-22,28.25,28.485,28.075,28.335,4123450,,https://api.nasdaq.com/api/quote/UPRO/historical?assetclass=etf&fromdate=2016-07-26&todate=2026-07-26&limit=5000
UPRO,2019-07-23,28.675,28.92,28.415,28.915,5002166,,https://api.nasdaq.com/api/quote/UPRO/historical?assetclass=etf&fromdate=2016-07-26&todate=2026-07-26&limit=5000
UPRO,2019-07-24,28.68,29.315,28.655,29.315,4686142,,https://api.nasdaq.com/api/quote/UPRO/historical?assetclass=etf&fromdate=2016-07-26&todate=2026-07-26&limit=5000
UPRO,2019-07-25,29.185,29.19,28.635,28.88,6524434,,https://api.nasdaq.com/api/quote/UPRO/historical?assetclass=etf&fromdate=2016-07-26&todate=2026-07-26&limit=5000
UPRO,2019-07-26,29.115,29.525,29.07,29.47,3972854,,https://api.nasdaq.com/api/quote/UPRO/historical?assetclass=etf&fromdate=2016-07-26&todate=2026-07-26&limit=5000
UPRO,2019-07-29,29.425,29.437,29.12,29.32,4349218,,https://api.nasdaq.com/api/quote/UPRO/historical?assetclass=etf&fromdate=2016-07-26&todate=2026-07-26&limit=5000
UPRO,2019-07-30,28.845,29.205,28.725,29.11,4646886,,https://api.nasdaq.com/api/quote/UPRO/historical?assetclass=etf&fromdate=2016-07-26&todate=2026-07-26&limit=5000
UPRO,2019-07-31,29.16,29.2142,27.465,28.105,10282734,,https://api.nasdaq.com/api/quote/UPRO/historical?assetclass=etf&fromdate=2016-07-26&todate=2026-07-26&limit=5000
UPRO,2019-08-01,28.155,29.075,27.125,27.395,14660112,,https://api.nasdaq.com/api/quote/UPRO/historical?assetclass=etf&fromdate=2016-07-26&todate=2026-07-26&limit=5000
UPRO,2019-08-02,27.1,27.16,26.27,26.8,13555442,,https://api.nasdaq.com/api/quote/UPRO/historical?assetclass=etf&fromdate=2016-07-26&todate=2026-07-26&limit=5000
UPRO,2019-08-05,25.5,25.525,23.7551,24.415,17920270,,https://api.nasdaq.com/api/quote/UPRO/historical?assetclass=etf&fromdate=2016-07-26&todate=2026-07-26&limit=5000
UPRO,2019-08-06,24.865,25.4036,24.44,25.35,11131572,,https://api.nasdaq.com/api/quote/UPRO/historical?assetclass=etf&fromdate=2016-07-26&todate=2026-07-26&limit=5000
UPRO,2019-08-07,24.445,25.61,23.83,25.405,16106696,,https://api.nasdaq.com/api/quote/UPRO/historical?assetclass=etf&fromdate=2016-07-26&todate=2026-07-26&limit=5000
UPRO,2019-08-08,25.82,26.865,25.66,26.865,11909818,,https://api.nasdaq.com/api/quote/UPRO/historical?assetclass=etf&fromdate=2016-07-26&todate=2026-07-26&limit=5000
UPRO,2019-08-09,26.585,26.7636,25.77,26.315,11780844,,https://api.nasdaq.com/api/quote/UPRO/historical?assetclass=etf&fromdate=2016-07-26&todate=2026-07-26&limit=5000
UPRO,2019-08-12,25.855,26.0233,25.065,25.345,11819116,,https://api.nasdaq.com/api/quote/UPRO/historical?assetclass=etf&fromdate=2016-07-26&todate=2026-07-26&limit=5000
UPRO,2019-08-13,25.255,26.9484,25.145,26.515,14433582,,https://api.nasdaq.com/api/quote/UPRO/historical?assetclass=etf&fromdate=2016-07-26&todate=2026-07-26&limit=5000
UPRO,2019-08-14,25.325,25.49,24.14,24.19,19276662,,https://api.nasdaq.com/api/quote/UPRO/historical?assetclass=etf&fromdate=2016-07-26&todate=2026-07-26&limit=5000
UPRO,2019-08-15,24.425,24.6073,23.79,24.37,13118126,,https://api.nasdaq.com/api/quote/UPRO/historical?assetclass=etf&fromdate=2016-07-26&todate=2026-07-26&limit=5000
UPRO,2019-08-16,24.83,25.55,24.815,25.435,10919502,,https://api.nasdaq.com/api/quote/UPRO/historical?assetclass=etf&fromdate=2016-07-26&todate=2026-07-26&limit=5000
UPRO,2019-08-19,26.325,26.545,26.115,26.35,6511708,,https://api.nasdaq.com/api/quote/UPRO/historical?assetclass=etf&fromdate=2016-07-26&todate=2026-07-26&limit=5000
UPRO,2019-08-20,26.2,26.345,25.695,25.735,6756980,,https://api.nasdaq.com/api/quote/UPRO/historical?assetclass=etf&fromdate=2016-07-26&todate=2026-07-26&limit=5000
UPRO,2019-08-21,26.365,26.4736,26.135,26.36,6050606,,https://api.nasdaq.com/api/quote/UPRO/historical?assetclass=etf&fromdate=2016-07-26&todate=2026-07-26&limit=5000
UPRO,2019-08-22,26.555,26.75,25.8,26.325,7718518,,https://api.nasdaq.com/api/quote/UPRO/historical?assetclass=etf&fromdate=2016-07-26&todate=2026-07-26&limit=5000
UPRO,2019-08-23,25.94,26.425,23.92,24.28,18514138,,https://api.nasdaq.com/api/quote/UPRO/historical?assetclass=etf&fromdate=2016-07-26&todate=2026-07-26&limit=5000
UPRO,2019-08-26,24.9,25.08,24.475,25.075,9453886,,https://api.nasdaq.com/api/quote/UPRO/historical?assetclass=etf&fromdate=2016-07-26&todate=2026-07-26&limit=5000
UPRO,2019-08-27,25.495,25.595,24.57,24.8,7418440,,https://api.nasdaq.com/api/quote/UPRO/historical?assetclass=etf&fromdate=2016-07-26&todate=2026-07-26&limit=5000
UPRO,2019-08-28,24.59,25.355,24.38,25.315,8016200,,https://api.nasdaq.com/api/quote/UPRO/historical?assetclass=etf&fromdate=2016-07-26&todate=2026-07-26&limit=5000
UPRO,2019-08-29,26.055,26.415,25.755,26.27,6627110,,https://api.nasdaq.com/api/quote/UPRO/historical?assetclass=etf&fromdate=2016-07-26&todate=2026-07-26&limit=5000
UPRO,2019-08-30,26.705,26.715,25.9525,26.245,8321574,,https://api.nasdaq.com/api/quote/UPRO/historical?assetclass=etf&fromdate=2016-07-26&todate=2026-07-26&limit=5000
UPRO,2019-09-03,25.72,25.985,25.375,25.78,8090984,,https://api.nasdaq.com/api/quote/UPRO/historical?assetclass=etf&fromdate=2016-07-26&todate=2026-07-26&limit=5000
UPRO,2019-09-04,26.405,26.635,26.175,26.625,6665682,,https://api.nasdaq.com/api/quote/UPRO/historical?assetclass=etf&fromdate=2016-07-26&todate=2026-07-26&limit=5000
UPRO,2019-09-05,27.38,27.93,27.34,27.66,7363752,,https://api.nasdaq.com/api/quote/UPRO/historical?assetclass=etf&fromdate=2016-07-26&todate=2026-07-26&limit=5000
UPRO,2019-09-06,27.76,27.905,27.539,27.73,4738884,,https://api.nasdaq.com/api/quote/UPRO/historical?assetclass=etf&fromdate=2016-07-26&todate=2026-07-26&limit=5000
UPRO,2019-09-09,28.02,28.04,27.455,27.75,4705754,,https://api.nasdaq.com/api/quote/UPRO/historical?assetclass=etf&fromdate=2016-07-26&todate=2026-07-26&limit=5000
UPRO,2019-09-10,27.505,27.75,27.1194,27.75,6048474,,https://api.nasdaq.com/api/quote/UPRO/historical?assetclass=etf&fromdate=2016-07-26&todate=2026-07-26&limit=5000
UPRO,2019-09-11,27.82,28.34,27.6397,28.34,4669350,,https://api.nasdaq.com/api/quote/UPRO/historical?assetclass=etf&fromdate=2016-07-26&todate=2026-07-26&limit=5000
UPRO,2019-09-12,28.585,28.9215,28.345,28.58,6665340,,https://api.nasdaq.com/api/quote/UPRO/historical?assetclass=etf&fromdate=2016-07-26&todate=2026-07-26&limit=5000
UPRO,2019-09-13,28.735,28.845,28.415,28.515,4129248,,https://api.nasdaq.com/api/quote/UPRO/historical?assetclass=etf&fromdate=2016-07-26&todate=2026-07-26&limit=5000
UPRO,2019-09-16,28.16,28.3981,28.055,28.27,3754550,,https://api.nasdaq.com/api/quote/UPRO/historical?assetclass=etf&fromdate=2016-07-26&todate=2026-07-26&limit=5000
UPRO,2019-09-17,28.18,28.5,28.15,28.49,3802728,,https://api.nasdaq.com/api/quote/UPRO/historical?assetclass=etf&fromdate=2016-07-26&todate=2026-07-26&limit=5000
UPRO,2019-09-18,28.35,28.555,27.705,28.535,7544096,,https://api.nasdaq.com/api/quote/UPRO/historical?assetclass=etf&fromdate=2016-07-26&todate=2026-07-26&limit=5000
UPRO,2019-09-19,28.625,28.945,28.395,28.49,4693790,,https://api.nasdaq.com/api/quote/UPRO/historical?assetclass=etf&fromdate=2016-07-26&todate=2026-07-26&limit=5000
UPRO,2019-09-20,28.7,28.7737,27.8675,28.065,5160578,,https://api.nasdaq.com/api/quote/UPRO/historical?assetclass=etf&fromdate=2016-07-26&todate=2026-07-26&limit=5000
UPRO,2019-09-23,27.88,28.29,27.8,28.09,2740256,,https://api.nasdaq.com/api/quote/UPRO/historical?assetclass=etf&fromdate=2016-07-26&todate=2026-07-26&limit=5000
UPRO,2019-09-24,28.41,28.5205,27.11,27.4,7445182,,https://api.nasdaq.com/api/quote/UPRO/historical?assetclass=etf&fromdate=2016-07-26&todate=2026-07-26&limit=5000
UPRO,2019-09-25,27.415,28.02,26.97,27.88,4371802,,https://api.nasdaq.com/api/quote/UPRO/historical?assetclass=etf&fromdate=2016-07-26&todate=2026-07-26&limit=5000
UPRO,2019-09-26,27.885,27.935,27.27,27.71,7163890,,https://api.nasdaq.com/api/quote/UPRO/historical?assetclass=etf&fromdate=2016-07-26&todate=2026-07-26&limit=5000
UPRO,2019-09-27,27.935,27.955,26.7725,27.24,8154122,,https://api.nasdaq.com/api/quote/UPRO/historical?assetclass=etf&fromdate=2016-07-26&todate=2026-07-26&limit=5000
UPRO,2019-09-30,27.39,27.835,27.39,27.635,4301310,,https://api.nasdaq.com/api/quote/UPRO/historical?assetclass=etf&fromdate=2016-07-26&todate=2026-07-26&limit=5000
UPRO,2019-10-01,27.885,28.09,26.56,26.645,9883432,,https://api.nasdaq.com/api/quote/UPRO/historical?assetclass=etf&fromdate=2016-07-26&todate=2026-07-26&limit=5000
UPRO,2019-10-02,26.145,26.1566,24.83,25.225,14544204,,https://api.nasdaq.com/api/quote/UPRO/historical?assetclass=etf&fromdate=2016-07-26&todate=2026-07-26&limit=5000
UPRO,2019-10-03,25.14,25.825,24.36,25.825,12307800,,https://api.nasdaq.com/api/quote/UPRO/historical?assetclass=etf&fromdate=2016-07-26&todate=2026-07-26&limit=5000
UPRO,2019-10-04,26.025,26.935,25.9961,26.86,9434244,,https://api.nasdaq.com/api/quote/UPRO/historical?assetclass=etf&fromdate=2016-07-26&todate=2026-07-26&limit=5000
UPRO,2019-10-07,26.63,27.105,26.425,26.52,8852692,,https://api.nasdaq.com/api/quote/UPRO/historical?assetclass=etf&fromdate=2016-07-26&todate=2026-07-26&limit=5000
UPRO,2019-10-08,25.945,26.1721,25.265,25.285,11930322,,https://api.nasdaq.com/api/quote/UPRO/historical?assetclass=etf&fromdate=2016-07-26&todate=2026-07-26&limit=5000
UPRO,2019-10-09,25.86,26.255,25.675,25.97,5599986,,https://api.nasdaq.com/api/quote/UPRO/historical?assetclass=etf&fromdate=2016-07-26&todate=2026-07-26&limit=5000
UPRO,2019-10-10,25.945,26.76,25.9,26.495,8788854,,https://api.nasdaq.com/api/quote/UPRO/historical?assetclass=etf&fromdate=2016-07-26&todate=2026-07-26&limit=5000
UPRO,2019-10-11,27.325,27.98,27.285,27.295,11595190,,https://api.nasdaq.com/api/quote/UPRO/historical?assetclass=etf&fromdate=2016-07-26&todate=2026-07-26&limit=5000
UPRO,2019-10-14,27.215,27.4245,27.125,27.235,4169880,,https://api.nasdaq.com/api/quote/UPRO/historical?assetclass=etf&fromdate=2016-07-26&todate=2026-07-26&limit=5000
UPRO,2019-10-15,27.545,28.255,27.51,28.05,5690100,,https://api.nasdaq.com/api/quote/UPRO/historical?assetclass=etf&fromdate=2016-07-26&todate=2026-07-26&limit=5000
UPRO,2019-10-16,27.895,28.1045,27.76,27.91,4415242,,https://api.nasdaq.com/api/quote/UPRO/historical?assetclass=etf&fromdate=2016-07-26&todate=2026-07-26&limit=5000
UPRO,2019-10-17,28.25,28.4,27.915,28.13,5172062,,https://api.nasdaq.com/api/quote/UPRO/historical?assetclass=etf&fromdate=2016-07-26&todate=2026-07-26&limit=5000
UPRO,2019-10-18,27.96,28.156,27.48,27.75,4763146,,https://api.nasdaq.com/api/quote/UPRO/historical?assetclass=etf&fromdate=2016-07-26&todate=2026-07-26&limit=5000
UPRO,2019-10-21,28.15,28.37,28.025,28.345,2801724,,https://api.nasdaq.com/api/quote/UPRO/historical?assetclass=etf&fromdate=2016-07-26&todate=2026-07-26&limit=5000
UPRO,2019-10-22,28.5,28.56,28.005,28.04,4269722,,https://api.nasdaq.com/api/quote/UPRO/historical?assetclass=etf&fromdate=2016-07-26&todate=2026-07-26&limit=5000
UPRO,2019-10-23,27.955,28.2875,27.89,28.28,3320840,,https://api.nasdaq.com/api/quote/UPRO/historical?assetclass=etf&fromdate=2016-07-26&todate=2026-07-26&limit=5000
UPRO,2019-10-24,28.555,28.595,28.1415,28.4,5655398,,https://api.nasdaq.com/api/quote/UPRO/historical?assetclass=etf&fromdate=2016-07-26&todate=2026-07-26&limit=5000
UPRO,2019-10-25,28.22,28.91,28.22,28.77,5141832,,https://api.nasdaq.com/api/quote/UPRO/historical?assetclass=etf&fromdate=2016-07-26&todate=2026-07-26&limit=5000
UPRO,2019-10-28,29.125,29.38,29.12,29.25,4830082,,https://api.nasdaq.com/api/quote/UPRO/historical?assetclass=etf&fromdate=2016-07-26&todate=2026-07-26&limit=5000
UPRO,2019-10-29,29.13,29.48,29.0909,29.195,4290288,,https://api.nasdaq.com/api/quote/UPRO/historical?assetclass=etf&fromdate=2016-07-26&todate=2026-07-26&limit=5000
UPRO,2019-10-30,29.275,29.565,28.84,29.48,5669256,,https://api.nasdaq.com/api/quote/UPRO/historical?assetclass=etf&fromdate=2016-07-26&todate=2026-07-26&limit=5000
UPRO,2019-10-31,29.435,29.435,28.75,29.21,6653066,,https://api.nasdaq.com/api/quote/UPRO/historical?assetclass=etf&fromdate=2016-07-26&todate=2026-07-26&limit=5000
UPRO,2019-11-01,29.66,30.025,29.6151,30.02,5090368,,https://api.nasdaq.com/api/quote/UPRO/historical?assetclass=etf&fromdate=2016-07-26&todate=2026-07-26&limit=5000
UPRO,2019-11-04,30.525,30.565,30.2565,30.38,5891692,,https://api.nasdaq.com/api/quote/UPRO/historical?assetclass=etf&fromdate=2016-07-26&todate=2026-07-26&limit=5000
UPRO,2019-11-05,30.445,30.525,30.17,30.27,4294718,,https://api.nasdaq.com/api/quote/UPRO/historical?assetclass=etf&fromdate=2016-07-26&todate=2026-07-26&limit=5000
UPRO,2019-11-06,30.275,30.37,29.975,30.305,5306702,,https://api.nasdaq.com/api/quote/UPRO/historical?assetclass=etf&fromdate=2016-07-26&todate=2026-07-26&limit=5000
UPRO,2019-11-07,30.715,30.97,30.4375,30.615,6090434,,https://api.nasdaq.com/api/quote/UPRO/historical?assetclass=etf&fromdate=2016-07-26&todate=2026-07-26&limit=5000
UPRO,2019-11-08,30.465,30.8125,30.2485,30.805,4424214,,https://api.nasdaq.com/api/quote/UPRO/historical?assetclass=etf&fromdate=2016-07-26&todate=2026-07-26&limit=5000
UPRO,2019-11-11,30.365,30.69,30.31,30.66,2989436,,https://api.nasdaq.com/api/quote/UPRO/historical?assetclass=etf&fromdate=2016-07-26&todate=2026-07-26&limit=5000
UPRO,2019-11-12,30.75,31.12,30.57,30.81,7880766,,https://api.nasdaq.com/api/quote/UPRO/historical?assetclass=etf&fromdate=2016-07-26&todate=2026-07-26&limit=5000
UPRO,2019-11-13,30.495,30.975,30.4183,30.85,5953854,,https://api.nasdaq.com/api/quote/UPRO/historical?assetclass=etf&fromdate=2016-07-26&todate=2026-07-26&limit=5000
UPRO,2019-11-14,30.74,30.995,30.5375,30.975,4947016,,https://api.nasdaq.com/api/quote/UPRO/historical?assetclass=etf&fromdate=2016-07-26&todate=2026-07-26&limit=5000
UPRO,2019-11-15,31.4,31.65,31.1905,31.65,6268208,,https://api.nasdaq.com/api/quote/UPRO/historical?assetclass=etf&fromdate=2016-07-26&todate=2026-07-26&limit=5000
UPRO,2019-11-18,31.56,31.78,31.405,31.705,3546656,,https://api.nasdaq.com/api/quote/UPRO/historical?assetclass=etf&fromdate=2016-07-26&todate=2026-07-26&limit=5000
UPRO,2019-11-19,31.905,31.905,31.455,31.66,4625792,,https://api.nasdaq.com/api/quote/UPRO/historical?assetclass=etf&fromdate=2016-07-26&todate=2026-07-26&limit=5000
UPRO,2019-11-20,31.475,31.63,30.79,31.32,6216602,,https://api.nasdaq.com/api/quote/UPRO/historical?assetclass=etf&fromdate=2016-07-26&todate=2026-07-26&limit=5000
UPRO,2019-11-21,31.32,31.355,30.885,31.165,3825002,,https://api.nasdaq.com/api/quote/UPRO/historical?assetclass=etf&fromdate=2016-07-26&todate=2026-07-26&limit=5000
UPRO,2019-11-22,31.395,31.425,31.022,31.345,3182456,,https://api.nasdaq.com/api/quote/UPRO/historical?assetclass=etf&fromdate=2016-07-26&todate=2026-07-26&limit=5000
UPRO,2019-11-25,31.66,32.075,31.66,32.065,3866432,,https://api.nasdaq.com/api/quote/UPRO/historical?assetclass=etf&fromdate=2016-07-26&todate=2026-07-26&limit=5000
UPRO,2019-11-26,32.105,32.3475,31.98,32.265,3473938,,https://api.nasdaq.com/api/quote/UPRO/historical?assetclass=etf&fromdate=2016-07-26&todate=2026-07-26&limit=5000
UPRO,2019-11-27,32.46,32.7,32.365,32.685,3691506,,https://api.nasdaq.com/api/quote/UPRO/historical?assetclass=etf&fromdate=2016-07-26&todate=2026-07-26&limit=5000
UPRO,2019-11-29,32.51,32.59,32.26,32.345,2236222,,https://api.nasdaq.com/api/quote/UPRO/historical?assetclass=etf&fromdate=2016-07-26&todate=2026-07-26&limit=5000
UPRO,2019-12-02,32.425,32.435,31.365,31.515,8069370,,https://api.nasdaq.com/api/quote/UPRO/historical?assetclass=etf&fromdate=2016-07-26&todate=2026-07-26&limit=5000
UPRO,2019-12-03,30.6,30.89,30.1355,30.87,7792396,,https://api.nasdaq.com/api/quote/UPRO/historical?assetclass=etf&fromdate=2016-07-26&todate=2026-07-26&limit=5000
UPRO,2019-12-04,31.21,31.63,31.1,31.42,5085228,,https://api.nasdaq.com/api/quote/UPRO/historical?assetclass=etf&fromdate=2016-07-26&todate=2026-07-26&limit=5000
UPRO,2019-12-05,31.655,31.66,31.155,31.605,4233386,,https://api.nasdaq.com/api/quote/UPRO/historical?assetclass=etf&fromdate=2016-07-26&todate=2026-07-26&limit=5000
UPRO,2019-12-06,32.235,32.59,32.227,32.44,5773654,,https://api.nasdaq.com/api/quote/UPRO/historical?assetclass=etf&fromdate=2016-07-26&todate=2026-07-26&limit=5000
UPRO,2019-12-09,32.315,32.545,32.12,32.15,2749138,,https://api.nasdaq.com/api/quote/UPRO/historical?assetclass=etf&fromdate=2016-07-26&todate=2026-07-26&limit=5000
UPRO,2019-12-10,32.115,32.35,31.8155,32.025,4049932,,https://api.nasdaq.com/api/quote/UPRO/historical?assetclass=etf&fromdate=2016-07-26&todate=2026-07-26&limit=5000
UPRO,2019-12-11,32.185,32.3875,32.05,32.295,4947652,,https://api.nasdaq.com/api/quote/UPRO/historical?assetclass=etf&fromdate=2016-07-26&todate=2026-07-26&limit=5000
UPRO,2019-12-12,32.29,33.3894,32.21,33.125,10407642,,https://api.nasdaq.com/api/quote/UPRO/historical?assetclass=etf&fromdate=2016-07-26&todate=2026-07-26&limit=5000
UPRO,2019-12-13,33.04,33.605,32.7747,33.18,8219342,,https://api.nasdaq.com/api/quote/UPRO/historical?assetclass=etf&fromdate=2016-07-26&todate=2026-07-26&limit=5000
UPRO,2019-12-16,33.775,34.0695,33.765,33.875,4666788,,https://api.nasdaq.com/api/quote/UPRO/historical?assetclass=etf&fromdate=2016-07-26&todate=2026-07-26&limit=5000
UPRO,2019-12-17,33.985,34.095,33.86,33.88,3751916,,https://api.nasdaq.com/api/quote/UPRO/historical?assetclass=etf&fromdate=2016-07-26&todate=2026-07-26&limit=5000
UPRO,2019-12-18,34.01,34.095,33.8683,33.875,2926866,,https://api.nasdaq.com/api/quote/UPRO/historical?assetclass=etf&fromdate=2016-07-26&todate=2026-07-26&limit=5000
UPRO,2019-12-19,33.92,34.305,33.915,34.28,4703922,,https://api.nasdaq.com/api/quote/UPRO/historical?assetclass=etf&fromdate=2016-07-26&todate=2026-07-26&limit=5000
UPRO,2019-12-20,34.65,34.9598,34.625,34.8,5429362,,https://api.nasdaq.com/api/quote/UPRO/historical?assetclass=etf&fromdate=2016-07-26&todate=2026-07-26&limit=5000
UPRO,2019-12-23,35.01,35.015,34.83,34.9,3247854,,https://api.nasdaq.com/api/quote/UPRO/historical?assetclass=etf&fromdate=2016-07-26&todate=2026-07-26&limit=5000
UPRO,2019-12-24,34.91,34.92,34.72,34.84,1739204,,https://api.nasdaq.com/api/quote/UPRO/historical?assetclass=etf&fromdate=2016-07-26&todate=2026-07-26&limit=5000
UPRO,2019-12-26,34.95,35.36,34.945,35.35,2848030,,https://api.nasdaq.com/api/quote/UPRO/historical?assetclass=etf&fromdate=2016-07-26&todate=2026-07-26&limit=5000
UPRO,2019-12-27,35.635,35.64,35.15,35.335,4206148,,https://api.nasdaq.com/api/quote/UPRO/historical?assetclass=etf&fromdate=2016-07-26&todate=2026-07-26&limit=5000
UPRO,2019-12-30,35.365,35.4045,34.5716,34.75,5644714,,https://api.nasdaq.com/api/quote/UPRO/historical?assetclass=etf&fromdate=2016-07-26&todate=2026-07-26&limit=5000
UPRO,2019-12-31,34.55,35.075,34.44,35.005,4325710,,https://api.nasdaq.com/api/quote/UPRO/historical?assetclass=etf&fromdate=2016-07-26&todate=2026-07-26&limit=5000
UPRO,2020-01-02,35.535,35.955,35.19,35.95,5502176,,https://api.nasdaq.com/api/quote/UPRO/historical?assetclass=etf&fromdate=2016-07-26&todate=2026-07-26&limit=5000
UPRO,2020-01-03,34.725,35.54,34.7,35.17,6439786,,https://api.nasdaq.com/api/quote/UPRO/historical?assetclass=etf&fromdate=2016-07-26&todate=2026-07-26&limit=5000
UPRO,2020-01-06,34.495,35.555,34.465,35.535,4709732,,https://api.nasdaq.com/api/quote/UPRO/historical?assetclass=etf&fromdate=2016-07-26&todate=2026-07-26&limit=5000
UPRO,2020-01-07,35.335,35.492,35.065,35.225,4502484,,https://api.nasdaq.com/api/quote/UPRO/historical?assetclass=etf&fromdate=2016-07-26&todate=2026-07-26&limit=5000
UPRO,2020-01-08,35.305,36.215,35.205,35.77,7646496,,https://api.nasdaq.com/api/quote/UPRO/historical?assetclass=etf&fromdate=2016-07-26&todate=2026-07-26&limit=5000
UPRO,2020-01-09,36.355,36.525,36.1294,36.5,4292348,,https://api.nasdaq.com/api/quote/UPRO/historical?assetclass=etf&fromdate=2016-07-26&todate=2026-07-26&limit=5000
UPRO,2020-01-10,36.72,36.7625,36.015,36.19,4865288,,https://api.nasdaq.com/api/quote/UPRO/historical?assetclass=etf&fromdate=2016-07-26&todate=2026-07-26&limit=5000
UPRO,2020-01-13,36.415,36.925,36.25,36.92,3581774,,https://api.nasdaq.com/api/quote/UPRO/historical?assetclass=etf&fromdate=2016-07-26&todate=2026-07-26&limit=5000
UPRO,2020-01-14,36.765,37.135,36.55,36.745,5325140,,https://api.nasdaq.com/api/quote/UPRO/historical?assetclass=etf&fromdate=2016-07-26&todate=2026-07-26&limit=5000
UPRO,2020-01-15,36.72,37.2745,36.6801,37,6929380,,https://api.nasdaq.com/api/quote/UPRO/historical?assetclass=etf&fromdate=2016-07-26&todate=2026-07-26&limit=5000
UPRO,2020-01-16,37.49,37.9,37.4,37.9,3962146,,https://api.nasdaq.com/api/quote/UPRO/historical?assetclass=etf&fromdate=2016-07-26&todate=2026-07-26&limit=5000
UPRO,2020-01-17,38.165,38.3245,37.945,38.255,6910934,,https://api.nasdaq.com/api/quote/UPRO/historical?assetclass=etf&fromdate=2016-07-26&todate=2026-07-26&limit=5000
UPRO,2020-01-21,37.875,38.315,37.855,38.04,5034584,,https://api.nasdaq.com/api/quote/UPRO/historical?assetclass=etf&fromdate=2016-07-26&todate=2026-07-26&limit=5000
UPRO,2020-01-22,38.345,38.58,37.98,38.06,3390512,,https://api.nasdaq.com/api/quote/UPRO/historical?assetclass=etf&fromdate=2016-07-26&todate=2026-07-26&limit=5000
UPRO,2020-01-23,37.78,38.205,37.35,38.14,5179038,,https://api.nasdaq.com/api/quote/UPRO/historical?assetclass=etf&fromdate=2016-07-26&todate=2026-07-26&limit=5000
UPRO,2020-01-24,38.4,38.41,36.6355,37.115,10740428,,https://api.nasdaq.com/api/quote/UPRO/historical?assetclass=etf&fromdate=2016-07-26&todate=2026-07-26&limit=5000
UPRO,2020-01-27,35.18,35.87,35.035,35.34,13672828,,https://api.nasdaq.com/api/quote/UPRO/historical?assetclass=etf&fromdate=2016-07-26&todate=2026-07-26&limit=5000
UPRO,2020-01-28,35.845,36.745,35.6711,36.435,6222122,,https://api.nasdaq.com/api/quote/UPRO/historical?assetclass=etf&fromdate=2016-07-26&todate=2026-07-26&limit=5000
UPRO,2020-01-29,36.935,37,36.265,36.34,4418114,,https://api.nasdaq.com/api/quote/UPRO/historical?assetclass=etf&fromdate=2016-07-26&todate=2026-07-26&limit=5000
UPRO,2020-01-30,35.575,36.75,35.3,36.655,7025064,,https://api.nasdaq.com/api/quote/UPRO/historical?assetclass=etf&fromdate=2016-07-26&todate=2026-07-26&limit=5000
UPRO,2020-01-31,36.44,36.5014,34.345,34.685,13743098,,https://api.nasdaq.com/api/quote/UPRO/historical?assetclass=etf&fromdate=2016-07-26&todate=2026-07-26&limit=5000
UPRO,2020-02-03,35.205,36.105,35.16,35.445,7001528,,https://api.nasdaq.com/api/quote/UPRO/historical?assetclass=etf&fromdate=2016-07-26&todate=2026-07-26&limit=5000
UPRO,2020-02-04,36.75,37.3693,36.62,37.06,5443974,,https://api.nasdaq.com/api/quote/UPRO/historical?assetclass=etf&fromdate=2016-07-26&todate=2026-07-26&limit=5000
UPRO,2020-02-05,38.15,38.41,37.605,38.315,6672454,,https://api.nasdaq.com/api/quote/UPRO/historical?assetclass=etf&fromdate=2016-07-26&todate=2026-07-26&limit=5000
UPRO,2020-02-06,38.705,38.78,38.305,38.71,3941230,,https://api.nasdaq.com/api/quote/UPRO/historical?assetclass=etf&fromdate=2016-07-26&todate=2026-07-26&limit=5000
UPRO,2020-02-07,38.31,38.58,37.89,38.115,5909038,,https://api.nasdaq.com/api/quote/UPRO/historical?assetclass=etf&fromdate=2016-07-26&todate=2026-07-26&limit=5000
UPRO,2020-02-10,37.75,38.95,37.74,38.95,4518560,,https://api.nasdaq.com/api/quote/UPRO/historical?assetclass=etf&fromdate=2016-07-26&todate=2026-07-26&limit=5000
UPRO,2020-02-11,39.465,39.755,38.955,39.15,5982554,,https://api.nasdaq.com/api/quote/UPRO/historical?assetclass=etf&fromdate=2016-07-26&todate=2026-07-26&limit=5000
UPRO,2020-02-12,39.69,39.965,39.54,39.885,4594412,,https://api.nasdaq.com/api/quote/UPRO/historical?assetclass=etf&fromdate=2016-07-26&todate=2026-07-26&limit=5000
UPRO,2020-02-13,39.33,40.12,39.215,39.735,5260202,,https://api.nasdaq.com/api/quote/UPRO/historical?assetclass=etf&fromdate=2016-07-26&todate=2026-07-26&limit=5000
UPRO,2020-02-14,39.885,39.965,39.44,39.93,4598816,,https://api.nasdaq.com/api/quote/UPRO/historical?assetclass=etf&fromdate=2016-07-26&todate=2026-07-26&limit=5000
UPRO,2020-02-18,39.53,39.755,39.075,39.615,4953870,,https://api.nasdaq.com/api/quote/UPRO/historical?assetclass=etf&fromdate=2016-07-26&todate=2026-07-26&limit=5000
UPRO,2020-02-19,39.985,40.435,39.865,40.18,2815960,,https://api.nasdaq.com/api/quote/UPRO/historical?assetclass=etf&fromdate=2016-07-26&todate=2026-07-26&limit=5000
UPRO,2020-02-20,39.95,40.27,38.5,39.655,7485448,,https://api.nasdaq.com/api/quote/UPRO/historical?assetclass=etf&fromdate=2016-07-26&todate=2026-07-26&limit=5000
UPRO,2020-02-21,39.145,39.25,38.1177,38.435,10157974,,https://api.nasdaq.com/api/quote/UPRO/historical?assetclass=etf&fromdate=2016-07-26&todate=2026-07-26&limit=5000
UPRO,2020-02-24,34.845,35.7649,34.19,34.59,16498834,,https://api.nasdaq.com/api/quote/UPRO/historical?assetclass=etf&fromdate=2016-07-26&todate=2026-07-26&limit=5000
UPRO,2020-02-25,35.085,35.2788,31.13,31.455,17715750,,https://api.nasdaq.com/api/quote/UPRO/historical?assetclass=etf&fromdate=2016-07-26&todate=2026-07-26&limit=5000
UPRO,2020-02-26,31.895,33.075,30.845,31.11,17149294,,https://api.nasdaq.com/api/quote/UPRO/historical?assetclass=etf&fromdate=2016-07-26&todate=2026-07-26&limit=5000
UPRO,2020-02-27,29.27,30.5,26.865,26.875,27476480,,https://api.nasdaq.com/api/quote/UPRO/historical?assetclass=etf&fromdate=2016-07-26&todate=2026-07-26&limit=5000
UPRO,2020-02-28,24.495,26.695,23.625,26.695,29403180,,https://api.nasdaq.com/api/quote/UPRO/historical?assetclass=etf&fromdate=2016-07-26&todate=2026-07-26&limit=5000
UPRO,2020-03-02,27,29.97,26.035,29.93,19694218,,https://api.nasdaq.com/api/quote/UPRO/historical?assetclass=etf&fromdate=2016-07-26&todate=2026-07-26&limit=5000
UPRO,2020-03-03,30.08,31.325,26.595,27.385,25196840,,https://api.nasdaq.com/api/quote/UPRO/historical?assetclass=etf&fromdate=2016-07-26&todate=2026-07-26&limit=5000
UPRO,2020-03-04,28.984,30.895,28.223,30.83,14220700,,https://api.nasdaq.com/api/quote/UPRO/historical?assetclass=etf&fromdate=2016-07-26&todate=2026-07-26&limit=5000
UPRO,2020-03-05,28.5,29.5,27.01,27.735,20202340,,https://api.nasdaq.com/api/quote/UPRO/historical?assetclass=etf&fromdate=2016-07-26&todate=2026-07-26&limit=5000
UPRO,2020-03-06,25.17,26.7,24.3616,26.35,18677336,,https://api.nasdaq.com/api/quote/UPRO/historical?assetclass=etf&fromdate=2016-07-26&todate=2026-07-26&limit=5000
UPRO,2020-03-09,20.785,22.8,20,20.195,25803640,,https://api.nasdaq.com/api/quote/UPRO/historical?assetclass=etf&fromdate=2016-07-26&todate=2026-07-26&limit=5000
UPRO,2020-03-10,22.5,23.385,20.025,23.385,24889360,,https://api.nasdaq.com/api/quote/UPRO/historical?assetclass=etf&fromdate=2016-07-26&todate=2026-07-26&limit=5000
UPRO,2020-03-11,21.47,21.75,19.09,19.94,25012120,,https://api.nasdaq.com/api/quote/UPRO/historical?assetclass=etf&fromdate=2016-07-26&todate=2026-07-26&limit=5000
UPRO,2020-03-12,15.8,18.22,14.15,14.155,44989840,,https://api.nasdaq.com/api/quote/UPRO/historical?assetclass=etf&fromdate=2016-07-26&todate=2026-07-26&limit=5000
UPRO,2020-03-13,16.845,18.1325,14.4376,18.085,35916440,,https://api.nasdaq.com/api/quote/UPRO/historical?assetclass=etf&fromdate=2016-07-26&todate=2026-07-26&limit=5000
UPRO,2020-03-16,12.5,15.265,11.625,11.765,43514960,,https://api.nasdaq.com/api/quote/UPRO/historical?assetclass=etf&fromdate=2016-07-26&todate=2026-07-26&limit=5000
UPRO,2020-03-17,12.53,14.175,11.385,13.96,43122360,,https://api.nasdaq.com/api/quote/UPRO/historical?assetclass=etf&fromdate=2016-07-26&todate=2026-07-26&limit=5000
UPRO,2020-03-18,11.13,12.565,9.85,11.82,63240300,,https://api.nasdaq.com/api/quote/UPRO/historical?assetclass=etf&fromdate=2016-07-26&todate=2026-07-26&limit=5000
UPRO,2020-03-19,11.41,12.65,10.45,11.745,47756300,,https://api.nasdaq.com/api/quote/UPRO/historical?assetclass=etf&fromdate=2016-07-26&todate=2026-07-26&limit=5000
UPRO,2020-03-20,12.18,12.44,10.1,10.15,47508480,,https://api.nasdaq.com/api/quote/UPRO/historical?assetclass=etf&fromdate=2016-07-26&todate=2026-07-26&limit=5000
UPRO,2020-03-23,10.07,10.235,8.755,9.315,63418500,,https://api.nasdaq.com/api/quote/UPRO/historical?assetclass=etf&fromdate=2016-07-26&todate=2026-07-26&limit=5000
UPRO,2020-03-24,10.805,11.995,10.75,11.92,49427320,,https://api.nasdaq.com/api/quote/UPRO/historical?assetclass=etf&fromdate=2016-07-26&todate=2026-07-26&limit=5000
UPRO,2020-03-25,12.08,13.77,11.33,12.355,61940540,,https://api.nasdaq.com/api/quote/UPRO/historical?assetclass=etf&fromdate=2016-07-26&todate=2026-07-26&limit=5000
UPRO,2020-03-26,12.755,14.765,12.7,14.51,45637220,,https://api.nasdaq.com/api/quote/UPRO/historical?assetclass=etf&fromdate=2016-07-26&todate=2026-07-26&limit=5000
UPRO,2020-03-27,13.185,14.45,12.81,13.2,46225420,,https://api.nasdaq.com/api/quote/UPRO/historical?assetclass=etf&fromdate=2016-07-26&todate=2026-07-26&limit=5000
UPRO,2020-03-30,13.565,14.6,13.235,14.49,32701180,,https://api.nasdaq.com/api/quote/UPRO/historical?assetclass=etf&fromdate=2016-07-26&todate=2026-07-26&limit=5000
UPRO,2020-03-31,14.315,14.77,13.585,13.815,48913260,,https://api.nasdaq.com/api/quote/UPRO/historical?assetclass=etf&fromdate=2016-07-26&todate=2026-07-26&limit=5000
UPRO,2020-04-01,12.265,12.82,11.615,11.97,45514460,,https://api.nasdaq.com/api/quote/UPRO/historical?assetclass=etf&fromdate=2016-07-26&todate=2026-07-26&limit=5000
UPRO,2020-04-02,11.835,12.92,11.735,12.79,47101280,,https://api.nasdaq.com/api/quote/UPRO/historical?assetclass=etf&fromdate=2016-07-26&todate=2026-07-26&limit=5000
UPRO,2020-04-03,12.645,13.0175,11.795,12.24,41665100,,https://api.nasdaq.com/api/quote/UPRO/historical?assetclass=etf&fromdate=2016-07-26&todate=2026-07-26&limit=5000
UPRO,2020-04-06,13.675,15.025,13.5,14.715,41582960,,https://api.nasdaq.com/api/quote/UPRO/historical?assetclass=etf&fromdate=2016-07-26&todate=2026-07-26&limit=5000
UPRO,2020-04-07,16.275,16.405,14.695,14.715,59664000,,https://api.nasdaq.com/api/quote/UPRO/historical?assetclass=etf&fromdate=2016-07-26&todate=2026-07-26&limit=5000
UPRO,2020-04-08,15.2,16.435,14.805,16.21,40655240,,https://api.nasdaq.com/api/quote/UPRO/historical?assetclass=etf&fromdate=2016-07-26&todate=2026-07-26&limit=5000
UPRO,2020-04-09,16.845,17.478,16.46,16.945,53853240,,https://api.nasdaq.com/api/quote/UPRO/historical?assetclass=etf&fromdate=2016-07-26&todate=2026-07-26&limit=5000
UPRO,2020-04-13,16.76,16.8199,15.7,16.45,43303400,,https://api.nasdaq.com/api/quote/UPRO/historical?assetclass=etf&fromdate=2016-07-26&todate=2026-07-26&limit=5000
UPRO,2020-04-14,17.445,18.1,17.235,17.945,38211140,,https://api.nasdaq.com/api/quote/UPRO/historical?assetclass=etf&fromdate=2016-07-26&todate=2026-07-26&limit=5000
UPRO,2020-04-15,16.755,17.13,16.355,16.79,33866760,,https://api.nasdaq.com/api/quote/UPRO/historical?assetclass=etf&fromdate=2016-07-26&todate=2026-07-26&limit=5000
UPRO,2020-04-16,17.035,17.195,16.4225,17.035,42307280,,https://api.nasdaq.com/api/quote/UPRO/historical?assetclass=etf&fromdate=2016-07-26&todate=2026-07-26&limit=5000
UPRO,2020-04-17,18.175,18.53,17.63,18.425,37022840,,https://api.nasdaq.com/api/quote/UPRO/historical?assetclass=etf&fromdate=2016-07-26&todate=2026-07-26&limit=5000
UPRO,2020-04-20,17.63,18.335,17.385,17.435,35936460,,https://api.nasdaq.com/api/quote/UPRO/historical?assetclass=etf&fromdate=2016-07-26&todate=2026-07-26&limit=5000
UPRO,2020-04-21,16.525,16.77,15.655,15.825,43077580,,https://api.nasdaq.com/api/quote/UPRO/historical?assetclass=etf&fromdate=2016-07-26&todate=2026-07-26&limit=5000
UPRO,2020-04-22,16.755,17.215,16.515,16.895,25065380,,https://api.nasdaq.com/api/quote/UPRO/historical?assetclass=etf&fromdate=2016-07-26&todate=2026-07-26&limit=5000
UPRO,2020-04-23,17.15,17.765,16.8325,16.875,36714220,,https://api.nasdaq.com/api/quote/UPRO/historical?assetclass=etf&fromdate=2016-07-26&todate=2026-07-26&limit=5000
UPRO,2020-04-24,17.19,17.715,16.78,17.59,28617240,,https://api.nasdaq.com/api/quote/UPRO/historical?assetclass=etf&fromdate=2016-07-26&todate=2026-07-26&limit=5000
UPRO,2020-04-27,17.995,18.57,17.9,18.365,23238600,,https://api.nasdaq.com/api/quote/UPRO/historical?assetclass=etf&fromdate=2016-07-26&todate=2026-07-26&limit=5000
UPRO,2020-04-28,19.12,19.185,18.0325,18.095,36668460,,https://api.nasdaq.com/api/quote/UPRO/historical?assetclass=etf&fromdate=2016-07-26&todate=2026-07-26&limit=5000
UPRO,2020-04-29,19.205,19.8292,18.985,19.495,29156820,,https://api.nasdaq.com/api/quote/UPRO/historical?assetclass=etf&fromdate=2016-07-26&todate=2026-07-26&limit=5000
UPRO,2020-04-30,19.21,19.315,18.585,18.95,30899560,,https://api.nasdaq.com/api/quote/UPRO/historical?assetclass=etf&fromdate=2016-07-26&todate=2026-07-26&limit=5000
UPRO,2020-05-01,17.935,18.09,17.21,17.43,33125380,,https://api.nasdaq.com/api/quote/UPRO/historical?assetclass=etf&fromdate=2016-07-26&todate=2026-07-26&limit=5000
UPRO,2020-05-04,17.07,17.665,16.775,17.615,21442960,,https://api.nasdaq.com/api/quote/UPRO/historical?assetclass=etf&fromdate=2016-07-26&todate=2026-07-26&limit=5000
UPRO,2020-05-05,18.17,18.65,17.995,18.085,22136080,,https://api.nasdaq.com/api/quote/UPRO/historical?assetclass=etf&fromdate=2016-07-26&todate=2026-07-26&limit=5000
UPRO,2020-05-06,18.435,18.515,17.685,17.725,26540240,,https://api.nasdaq.com/api/quote/UPRO/historical?assetclass=etf&fromdate=2016-07-26&todate=2026-07-26&limit=5000
UPRO,2020-05-07,18.37,18.74,18.2452,18.355,22188020,,https://api.nasdaq.com/api/quote/UPRO/historical?assetclass=etf&fromdate=2016-07-26&todate=2026-07-26&limit=5000
UPRO,2020-05-08,18.99,19.335,18.77,19.255,20539320,,https://api.nasdaq.com/api/quote/UPRO/historical?assetclass=etf&fromdate=2016-07-26&todate=2026-07-26&limit=5000
UPRO,2020-05-11,18.835,19.57,18.75,19.285,21826620,,https://api.nasdaq.com/api/quote/UPRO/historical?assetclass=etf&fromdate=2016-07-26&todate=2026-07-26&limit=5000
UPRO,2020-05-12,19.52,19.615,18.095,18.1,24825240,,https://api.nasdaq.com/api/quote/UPRO/historical?assetclass=etf&fromdate=2016-07-26&todate=2026-07-26&limit=5000
UPRO,2020-05-13,17.995,18.2051,16.65,17.165,37854960,,https://api.nasdaq.com/api/quote/UPRO/historical?assetclass=etf&fromdate=2016-07-26&todate=2026-07-26&limit=5000
UPRO,2020-05-14,16.645,17.79,16.19,17.79,41451300,,https://api.nasdaq.com/api/quote/UPRO/historical?assetclass=etf&fromdate=2016-07-26&todate=2026-07-26&limit=5000
UPRO,2020-05-15,17.285,18.0112,17.08,18,31935340,,https://api.nasdaq.com/api/quote/UPRO/historical?assetclass=etf&fromdate=2016-07-26&todate=2026-07-26&limit=5000
UPRO,2020-05-18,19.3,19.975,19.215,19.665,26485800,,https://api.nasdaq.com/api/quote/UPRO/historical?assetclass=etf&fromdate=2016-07-26&todate=2026-07-26&limit=5000
UPRO,2020-05-19,19.53,19.89,19.04,19.06,24525260,,https://api.nasdaq.com/api/quote/UPRO/historical?assetclass=etf&fromdate=2016-07-26&todate=2026-07-26&limit=5000
UPRO,2020-05-20,19.805,20.2,19.75,20.02,20024360,,https://api.nasdaq.com/api/quote/UPRO/historical?assetclass=etf&fromdate=2016-07-26&todate=2026-07-26&limit=5000
UPRO,2020-05-21,19.99,20.1635,19.3555,19.585,26277120,,https://api.nasdaq.com/api/quote/UPRO/historical?assetclass=etf&fromdate=2016-07-26&todate=2026-07-26&limit=5000
UPRO,2020-05-22,19.54,19.74,19.27,19.69,14088120,,https://api.nasdaq.com/api/quote/UPRO/historical?assetclass=etf&fromdate=2016-07-26&todate=2026-07-26&limit=5000
UPRO,2020-05-26,21.01,21.06,20.36,20.445,18760282,,https://api.nasdaq.com/api/quote/UPRO/historical?assetclass=etf&fromdate=2016-07-26&todate=2026-07-26&limit=5000
UPRO,2020-05-27,21.065,21.345,19.985,21.34,24204560,,https://api.nasdaq.com/api/quote/UPRO/historical?assetclass=etf&fromdate=2016-07-26&todate=2026-07-26&limit=5000
UPRO,2020-05-28,21.595,22.045,21.075,21.235,21584040,,https://api.nasdaq.com/api/quote/UPRO/historical?assetclass=etf&fromdate=2016-07-26&todate=2026-07-26&limit=5000
UPRO,2020-05-29,21.125,21.635,20.45,21.485,25860540,,https://api.nasdaq.com/api/quote/UPRO/historical?assetclass=etf&fromdate=2016-07-26&todate=2026-07-26&limit=5000
UPRO,2020-06-01,21.36,21.905,21.245,21.77,13940954,,https://api.nasdaq.com/api/quote/UPRO/historical?assetclass=etf&fromdate=2016-07-26&todate=2026-07-26&limit=5000
UPRO,2020-06-02,21.985,22.32,21.675,22.32,16631384,,https://api.nasdaq.com/api/quote/UPRO/historical?assetclass=etf&fromdate=2016-07-26&todate=2026-07-26&limit=5000
UPRO,2020-06-03,22.79,23.43,22.715,23.22,17846494,,https://api.nasdaq.com/api/quote/UPRO/historical?assetclass=etf&fromdate=2016-07-26&todate=2026-07-26&limit=5000
UPRO,2020-06-04,22.95,23.3837,22.51,22.995,21390820,,https://api.nasdaq.com/api/quote/UPRO/historical?assetclass=etf&fromdate=2016-07-26&todate=2026-07-26&limit=5000
UPRO,2020-06-05,24.325,25.23,24.31,24.765,24524360,,https://api.nasdaq.com/api/quote/UPRO/historical?assetclass=etf&fromdate=2016-07-26&todate=2026-07-26&limit=5000
UPRO,2020-06-08,25.01,25.7255,24.86,25.695,16026602,,https://api.nasdaq.com/api/quote/UPRO/historical?assetclass=etf&fromdate=2016-07-26&todate=2026-07-26&limit=5000
UPRO,2020-06-09,25,25.49,24.775,25.135,19661768,,https://api.nasdaq.com/api/quote/UPRO/historical?assetclass=etf&fromdate=2016-07-26&todate=2026-07-26&limit=5000
UPRO,2020-06-10,25.275,25.485,24.51,24.7,28500180,,https://api.nasdaq.com/api/quote/UPRO/historical?assetclass=etf&fromdate=2016-07-26&todate=2026-07-26&limit=5000
UPRO,2020-06-11,22.88,23.08,20.24,20.385,48437940,,https://api.nasdaq.com/api/quote/UPRO/historical?assetclass=etf&fromdate=2016-07-26&todate=2026-07-26&limit=5000
UPRO,2020-06-12,21.97,22.115,19.98,21.13,34717680,,https://api.nasdaq.com/api/quote/UPRO/historical?assetclass=etf&fromdate=2016-07-26&todate=2026-07-26&limit=5000
UPRO,2020-06-15,19.815,21.975,19.56,21.725,26411060,,https://api.nasdaq.com/api/quote/UPRO/historical?assetclass=etf&fromdate=2016-07-26&todate=2026-07-26&limit=5000
UPRO,2020-06-16,23.525,23.5445,21.85,22.97,27357660,,https://api.nasdaq.com/api/quote/UPRO/historical?assetclass=etf&fromdate=2016-07-26&todate=2026-07-26&limit=5000
UPRO,2020-06-17,23.225,23.29,22.515,22.67,16723790,,https://api.nasdaq.com/api/quote/UPRO/historical?assetclass=etf&fromdate=2016-07-26&todate=2026-07-26&limit=5000
UPRO,2020-06-18,22.335,22.825,22.2149,22.7,15715932,,https://api.nasdaq.com/api/quote/UPRO/historical?assetclass=etf&fromdate=2016-07-26&todate=2026-07-26&limit=5000
UPRO,2020-06-19,23.53,23.575,22.0101,22.3,21054920,,https://api.nasdaq.com/api/quote/UPRO/historical?assetclass=etf&fromdate=2016-07-26&todate=2026-07-26&limit=5000
UPRO,2020-06-22,22.17,22.84,21.915,22.775,12902746,,https://api.nasdaq.com/api/quote/UPRO/historical?assetclass=etf&fromdate=2016-07-26&todate=2026-07-26&limit=5000
UPRO,2020-06-23,23.38,23.61,22.966,23.065,13761274,,https://api.nasdaq.com/api/quote/UPRO/historical?assetclass=etf&fromdate=2016-07-26&todate=2026-07-26&limit=5000
UPRO,2020-06-24,22.57,22.72,20.865,21.32,29068080,,https://api.nasdaq.com/api/quote/UPRO/historical?assetclass=etf&fromdate=2016-07-26&todate=2026-07-26&limit=5000
UPRO,2020-06-25,21.165,22.04,20.71,21.97,20195340,,https://api.nasdaq.com/api/quote/UPRO/historical?assetclass=etf&fromdate=2016-07-26&todate=2026-07-26&limit=5000
UPRO,2020-06-26,21.725,21.7708,20.285,20.4,23108220,,https://api.nasdaq.com/api/quote/UPRO/historical?assetclass=etf&fromdate=2016-07-26&todate=2026-07-26&limit=5000
UPRO,2020-06-29,20.68,21.31,20.185,21.31,17411714,,https://api.nasdaq.com/api/quote/UPRO/historical?assetclass=etf&fromdate=2016-07-26&todate=2026-07-26&limit=5000
UPRO,2020-06-30,21.225,22.515,21.1801,22.18,17873618,,https://api.nasdaq.com/api/quote/UPRO/historical?assetclass=etf&fromdate=2016-07-26&todate=2026-07-26&limit=5000
UPRO,2020-07-01,22.385,22.8775,22.27,22.59,19006348,,https://api.nasdaq.com/api/quote/UPRO/historical?assetclass=etf&fromdate=2016-07-26&todate=2026-07-26&limit=5000
UPRO,2020-07-02,23.41,23.72,22.8,22.95,17203128,,https://api.nasdaq.com/api/quote/UPRO/historical?assetclass=etf&fromdate=2016-07-26&todate=2026-07-26&limit=5000
UPRO,2020-07-06,23.885,24.12,23.69,24.02,14732806,,https://api.nasdaq.com/api/quote/UPRO/historical?assetclass=etf&fromdate=2016-07-26&todate=2026-07-26&limit=5000
UPRO,2020-07-07,23.63,24.125,23.18,23.26,14961816,,https://api.nasdaq.com/api/quote/UPRO/historical?assetclass=etf&fromdate=2016-07-26&todate=2026-07-26&limit=5000
UPRO,2020-07-08,23.46,23.83,23.035,23.8,14111684,,https://api.nasdaq.com/api/quote/UPRO/historical?assetclass=etf&fromdate=2016-07-26&todate=2026-07-26&limit=5000
UPRO,2020-07-09,23.96,24.01,22.565,23.395,19465872,,https://api.nasdaq.com/api/quote/UPRO/historical?assetclass=etf&fromdate=2016-07-26&todate=2026-07-26&limit=5000
UPRO,2020-07-10,23.36,24.1775,23.04,24.115,13979988,,https://api.nasdaq.com/api/quote/UPRO/historical?assetclass=etf&fromdate=2016-07-26&todate=2026-07-26&limit=5000
UPRO,2020-07-13,24.695,25.275,23.33,23.485,19627330,,https://api.nasdaq.com/api/quote/UPRO/historical?assetclass=etf&fromdate=2016-07-26&todate=2026-07-26&limit=5000
UPRO,2020-07-14,23.125,24.4774,22.85,24.385,22470000,,https://api.nasdaq.com/api/quote/UPRO/historical?assetclass=etf&fromdate=2016-07-26&todate=2026-07-26&limit=5000
UPRO,2020-07-15,25.19,25.34,24.48,25.065,19134540,,https://api.nasdaq.com/api/quote/UPRO/historical?assetclass=etf&fromdate=2016-07-26&todate=2026-07-26&limit=5000
UPRO,2020-07-16,24.595,24.93,24.42,24.815,12577886,,https://api.nasdaq.com/api/quote/UPRO/historical?assetclass=etf&fromdate=2016-07-26&todate=2026-07-26&limit=5000
UPRO,2020-07-17,25.065,25.23,24.575,25.03,10824928,,https://api.nasdaq.com/api/quote/UPRO/historical?assetclass=etf&fromdate=2016-07-26&todate=2026-07-26&limit=5000
UPRO,2020-07-20,24.975,25.82,24.78,25.63,10791094,,https://api.nasdaq.com/api/quote/UPRO/historical?assetclass=etf&fromdate=2016-07-26&todate=2026-07-26&limit=5000
UPRO,2020-07-21,26.135,26.255,25.5504,25.785,14709886,,https://api.nasdaq.com/api/quote/UPRO/historical?assetclass=etf&fromdate=2016-07-26&todate=2026-07-26&limit=5000
UPRO,2020-07-22,25.715,26.305,25.685,26.24,10376412,,https://api.nasdaq.com/api/quote/UPRO/historical?assetclass=etf&fromdate=2016-07-26&todate=2026-07-26&limit=5000
UPRO,2020-07-23,26.135,26.3257,24.95,25.29,17185520,,https://api.nasdaq.com/api/quote/UPRO/historical?assetclass=etf&fromdate=2016-07-26&todate=2026-07-26&limit=5000
UPRO,2020-07-24,24.815,25.075,24.43,24.82,17366222,,https://api.nasdaq.com/api/quote/UPRO/historical?assetclass=etf&fromdate=2016-07-26&todate=2026-07-26&limit=5000
UPRO,2020-07-27,24.975,25.395,24.79,25.335,10934078,,https://api.nasdaq.com/api/quote/UPRO/historical?assetclass=etf&fromdate=2016-07-26&todate=2026-07-26&limit=5000
UPRO,2020-07-28,25.16,25.455,24.79,24.87,10729668,,https://api.nasdaq.com/api/quote/UPRO/historical?assetclass=etf&fromdate=2016-07-26&todate=2026-07-26&limit=5000
UPRO,2020-07-29,25.095,25.925,25.075,25.775,10110650,,https://api.nasdaq.com/api/quote/UPRO/historical?assetclass=etf&fromdate=2016-07-26&todate=2026-07-26&limit=5000
UPRO,2020-07-30,25.01,25.61,24.48,25.5,17064970,,https://api.nasdaq.com/api/quote/UPRO/historical?assetclass=etf&fromdate=2016-07-26&todate=2026-07-26&limit=5000
UPRO,2020-07-31,25.97,26.13,24.885,26.105,15794542,,https://api.nasdaq.com/api/quote/UPRO/historical?assetclass=etf&fromdate=2016-07-26&todate=2026-07-26&limit=5000
UPRO,2020-08-03,26.545,26.845,26.4025,26.635,9230750,,https://api.nasdaq.com/api/quote/UPRO/historical?assetclass=etf&fromdate=2016-07-26&todate=2026-07-26&limit=5000
UPRO,2020-08-04,26.43,26.96,26.4295,26.935,10125736,,https://api.nasdaq.com/api/quote/UPRO/historical?assetclass=etf&fromdate=2016-07-26&todate=2026-07-26&limit=5000
UPRO,2020-08-05,27.32,27.5325,27.2375,27.445,9232294,,https://api.nasdaq.com/api/quote/UPRO/historical?assetclass=etf&fromdate=2016-07-26&todate=2026-07-26&limit=5000
UPRO,2020-08-06,27.3,28.04,27.22,28.005,11800866,,https://api.nasdaq.com/api/quote/UPRO/historical?assetclass=etf&fromdate=2016-07-26&todate=2026-07-26&limit=5000
UPRO,2020-08-07,27.745,28.12,27.5,28.06,14788406,,https://api.nasdaq.com/api/quote/UPRO/historical?assetclass=etf&fromdate=2016-07-26&todate=2026-07-26&limit=5000
UPRO,2020-08-10,28.2,28.37,27.66,28.31,10513814,,https://api.nasdaq.com/api/quote/UPRO/historical?assetclass=etf&fromdate=2016-07-26&todate=2026-07-26&limit=5000
UPRO,2020-08-11,28.655,28.815,27.42,27.635,13895124,,https://api.nasdaq.com/api/quote/UPRO/historical?assetclass=etf&fromdate=2016-07-26&todate=2026-07-26&limit=5000
UPRO,2020-08-12,28.27,28.984,28.27,28.755,10459932,,https://api.nasdaq.com/api/quote/UPRO/historical?assetclass=etf&fromdate=2016-07-26&todate=2026-07-26&limit=5000
UPRO,2020-08-13,28.56,28.975,28.36,28.63,7720568,,https://api.nasdaq.com/api/quote/UPRO/historical?assetclass=etf&fromdate=2016-07-26&todate=2026-07-26&limit=5000
UPRO,2020-08-14,28.505,28.765,28.31,28.61,7134504,,https://api.nasdaq.com/api/quote/UPRO/historical?assetclass=etf&fromdate=2016-07-26&todate=2026-07-26&limit=5000
UPRO,2020-08-17,28.885,28.995,28.785,28.89,4849820,,https://api.nasdaq.com/api/quote/UPRO/historical?assetclass=etf&fromdate=2016-07-26&todate=2026-07-26&limit=5000
UPRO,2020-08-18,29,29.19,28.56,29.055,6408206,,https://api.nasdaq.com/api/quote/UPRO/historical?assetclass=etf&fromdate=2016-07-26&todate=2026-07-26&limit=5000
UPRO,2020-08-19,29.195,29.3275,28.555,28.72,8725874,,https://api.nasdaq.com/api/quote/UPRO/historical?assetclass=etf&fromdate=2016-07-26&todate=2026-07-26&limit=5000
UPRO,2020-08-20,28.225,29.1,28.195,28.98,6766258,,https://api.nasdaq.com/api/quote/UPRO/historical?assetclass=etf&fromdate=2016-07-26&todate=2026-07-26&limit=5000
UPRO,2020-08-21,28.885,29.33,28.795,29.28,7092582,,https://api.nasdaq.com/api/quote/UPRO/historical?assetclass=etf&fromdate=2016-07-26&todate=2026-07-26&limit=5000
UPRO,2020-08-24,29.97,30.19,29.6956,30.175,6936480,,https://api.nasdaq.com/api/quote/UPRO/historical?assetclass=etf&fromdate=2016-07-26&todate=2026-07-26&limit=5000
UPRO,2020-08-25,30.345,30.51,30.0048,30.48,8067532,,https://api.nasdaq.com/api/quote/UPRO/historical?assetclass=etf&fromdate=2016-07-26&todate=2026-07-26&limit=5000
UPRO,2020-08-26,30.655,31.4825,30.505,31.41,6783676,,https://api.nasdaq.com/api/quote/UPRO/historical?assetclass=etf&fromdate=2016-07-26&todate=2026-07-26&limit=5000
UPRO,2020-08-27,31.669,32.035,31.125,31.605,11451696,,https://api.nasdaq.com/api/quote/UPRO/historical?assetclass=etf&fromdate=2016-07-26&todate=2026-07-26&limit=5000
UPRO,2020-08-28,31.925,32.265,31.565,32.225,9331386,,https://api.nasdaq.com/api/quote/UPRO/historical?assetclass=etf&fromdate=2016-07-26&todate=2026-07-26&limit=5000
UPRO,2020-08-31,32.16,32.425,31.8169,31.86,8415292,,https://api.nasdaq.com/api/quote/UPRO/historical?assetclass=etf&fromdate=2016-07-26&todate=2026-07-26&limit=5000
UPRO,2020-09-01,32.115,32.8,31.8501,32.77,10339764,,https://api.nasdaq.com/api/quote/UPRO/historical?assetclass=etf&fromdate=2016-07-26&todate=2026-07-26&limit=5000
UPRO,2020-09-02,33.365,34.475,33.015,34.185,13088568,,https://api.nasdaq.com/api/quote/UPRO/historical?assetclass=etf&fromdate=2016-07-26&todate=2026-07-26&limit=5000
UPRO,2020-09-03,33.67,33.81,29.85,30.64,25688640,,https://api.nasdaq.com/api/quote/UPRO/historical?assetclass=etf&fromdate=2016-07-26&todate=2026-07-26&limit=5000
UPRO,2020-09-04,30.85,31.295,27.855,29.92,19516322,,https://api.nasdaq.com/api/quote/UPRO/historical?assetclass=etf&fromdate=2016-07-26&todate=2026-07-26&limit=5000
UPRO,2020-09-08,28.35,28.701,27.35,27.46,20648360,,https://api.nasdaq.com/api/quote/UPRO/historical?assetclass=etf&fromdate=2016-07-26&todate=2026-07-26&limit=5000
UPRO,2020-09-09,28.52,29.73,28.275,29.045,12565944,,https://api.nasdaq.com/api/quote/UPRO/historical?assetclass=etf&fromdate=2016-07-26&todate=2026-07-26&limit=5000
UPRO,2020-09-10,29.575,29.765,27.285,27.54,18052708,,https://api.nasdaq.com/api/quote/UPRO/historical?assetclass=etf&fromdate=2016-07-26&todate=2026-07-26&limit=5000
UPRO,2020-09-11,28.01,28.3,26.825,27.575,17754408,,https://api.nasdaq.com/api/quote/UPRO/historical?assetclass=etf&fromdate=2016-07-26&todate=2026-07-26&limit=5000
UPRO,2020-09-14,28.44,29.145,28.2952,28.675,8035126,,https://api.nasdaq.com/api/quote/UPRO/historical?assetclass=etf&fromdate=2016-07-26&todate=2026-07-26&limit=5000
UPRO,2020-09-15,29.36,29.5775,28.82,29.105,8716978,,https://api.nasdaq.com/api/quote/UPRO/historical?assetclass=etf&fromdate=2016-07-26&todate=2026-07-26&limit=5000
UPRO,2020-09-16,29.47,29.8549,28.69,28.77,10368352,,https://api.nasdaq.com/api/quote/UPRO/historical?assetclass=etf&fromdate=2016-07-26&todate=2026-07-26&limit=5000
UPRO,2020-09-17,27.405,28.47,27.275,28.02,14612586,,https://api.nasdaq.com/api/quote/UPRO/historical?assetclass=etf&fromdate=2016-07-26&todate=2026-07-26&limit=5000
UPRO,2020-09-18,28.23,28.245,26.365,27.04,17098562,,https://api.nasdaq.com/api/quote/UPRO/historical?assetclass=etf&fromdate=2016-07-26&todate=2026-07-26&limit=5000
UPRO,2020-09-21,25.83,26.155,24.84,26.145,18475130,,https://api.nasdaq.com/api/quote/UPRO/historical?assetclass=etf&fromdate=2016-07-26&todate=2026-07-26&limit=5000
UPRO,2020-09-22,26.505,27.07,25.865,26.92,8707222,,https://api.nasdaq.com/api/quote/UPRO/historical?assetclass=etf&fromdate=2016-07-26&todate=2026-07-26&limit=5000
UPRO,2020-09-23,27.075,27.135,24.925,25.05,11748966,,https://api.nasdaq.com/api/quote/UPRO/historical?assetclass=etf&fromdate=2016-07-26&todate=2026-07-26&limit=5000
UPRO,2020-09-24,24.71,26.015,24.385,25.255,14627072,,https://api.nasdaq.com/api/quote/UPRO/historical?assetclass=etf&fromdate=2016-07-26&todate=2026-07-26&limit=5000
UPRO,2020-09-25,25.03,26.665,24.8125,26.455,11708540,,https://api.nasdaq.com/api/quote/UPRO/historical?assetclass=etf&fromdate=2016-07-26&todate=2026-07-26&limit=5000
UPRO,2020-09-28,27.55,27.965,27.295,27.8,8615024,,https://api.nasdaq.com/api/quote/UPRO/historical?assetclass=etf&fromdate=2016-07-26&todate=2026-07-26&limit=5000
UPRO,2020-09-29,27.745,27.9245,27.15,27.345,7126980,,https://api.nasdaq.com/api/quote/UPRO/historical?assetclass=etf&fromdate=2016-07-26&todate=2026-07-26&limit=5000
UPRO,2020-09-30,27.525,28.795,27.465,27.955,13659392,,https://api.nasdaq.com/api/quote/UPRO/historical?assetclass=etf&fromdate=2016-07-26&todate=2026-07-26&limit=5000
UPRO,2020-10-01,28.655,28.91,27.9805,28.475,8014596,,https://api.nasdaq.com/api/quote/UPRO/historical?assetclass=etf&fromdate=2016-07-26&todate=2026-07-26&limit=5000
UPRO,2020-10-02,27.14,28.204,27.0101,27.69,11138940,,https://api.nasdaq.com/api/quote/UPRO/historical?assetclass=etf&fromdate=2016-07-26&todate=2026-07-26&limit=5000
UPRO,2020-10-05,28.235,29.19,28.22,29.13,8081622,,https://api.nasdaq.com/api/quote/UPRO/historical?assetclass=etf&fromdate=2016-07-26&todate=2026-07-26&limit=5000
UPRO,2020-10-06,29.188,29.76,27.765,27.91,13865028,,https://api.nasdaq.com/api/quote/UPRO/historical?assetclass=etf&fromdate=2016-07-26&todate=2026-07-26&limit=5000
UPRO,2020-10-07,28.7,29.58,28.6933,29.36,7007550,,https://api.nasdaq.com/api/quote/UPRO/historical?assetclass=etf&fromdate=2016-07-26&todate=2026-07-26&limit=5000
UPRO,2020-10-08,29.895,30.1505,29.65,30.115,7647060,,https://api.nasdaq.com/api/quote/UPRO/historical?assetclass=etf&fromdate=2016-07-26&todate=2026-07-26&limit=5000
UPRO,2020-10-09,30.61,31.075,30.435,30.935,9155086,,https://api.nasdaq.com/api/quote/UPRO/historical?assetclass=etf&fromdate=2016-07-26&todate=2026-07-26&limit=5000
UPRO,2020-10-12,31.72,32.8605,31.545,32.425,10035084,,https://api.nasdaq.com/api/quote/UPRO/historical?assetclass=etf&fromdate=2016-07-26&todate=2026-07-26&limit=5000
UPRO,2020-10-13,32.395,32.415,31.515,31.805,7817000,,https://api.nasdaq.com/api/quote/UPRO/historical?assetclass=etf&fromdate=2016-07-26&todate=2026-07-26&limit=5000
UPRO,2020-10-14,31.97,32.29,30.9851,31.23,9564370,,https://api.nasdaq.com/api/quote/UPRO/historical?assetclass=etf&fromdate=2016-07-26&todate=2026-07-26&limit=5000
UPRO,2020-10-15,30.05,31.2295,29.915,31.08,9637522,,https://api.nasdaq.com/api/quote/UPRO/historical?assetclass=etf&fromdate=2016-07-26&todate=2026-07-26&limit=5000
UPRO,2020-10-16,31.47,31.9593,30.975,31.015,7629410,,https://api.nasdaq.com/api/quote/UPRO/historical?assetclass=etf&fromdate=2016-07-26&todate=2026-07-26&limit=5000
UPRO,2020-10-19,31.39,31.57,29.355,29.61,11269388,,https://api.nasdaq.com/api/quote/UPRO/historical?assetclass=etf&fromdate=2016-07-26&todate=2026-07-26&limit=5000
UPRO,2020-10-20,29.98,30.865,29.775,29.94,11731124,,https://api.nasdaq.com/api/quote/UPRO/historical?assetclass=etf&fromdate=2016-07-26&todate=2026-07-26&limit=5000
UPRO,2020-10-21,29.935,30.56,29.71,29.78,9335616,,https://api.nasdaq.com/api/quote/UPRO/historical?assetclass=etf&fromdate=2016-07-26&todate=2026-07-26&limit=5000
UPRO,2020-10-22,29.845,30.44,29.25,30.3,10873298,,https://api.nasdaq.com/api/quote/UPRO/historical?assetclass=etf&fromdate=2016-07-26&todate=2026-07-26&limit=5000
UPRO,2020-10-23,30.63,30.65,29.9,30.57,9725004,,https://api.nasdaq.com/api/quote/UPRO/historical?assetclass=etf&fromdate=2016-07-26&todate=2026-07-26&limit=5000
UPRO,2020-10-26,29.615,29.845,27.9,28.895,18392700,,https://api.nasdaq.com/api/quote/UPRO/historical?assetclass=etf&fromdate=2016-07-26&todate=2026-07-26&limit=5000
UPRO,2020-10-27,28.985,29.08,28.535,28.595,8160906,,https://api.nasdaq.com/api/quote/UPRO/historical?assetclass=etf&fromdate=2016-07-26&todate=2026-07-26&limit=5000
UPRO,2020-10-28,27.05,27.225,25.53,25.66,19969274,,https://api.nasdaq.com/api/quote/UPRO/historical?assetclass=etf&fromdate=2016-07-26&todate=2026-07-26&limit=5000
UPRO,2020-10-29,25.715,27.225,25.29,26.425,12400376,,https://api.nasdaq.com/api/quote/UPRO/historical?assetclass=etf&fromdate=2016-07-26&todate=2026-07-26&limit=5000
UPRO,2020-10-30,26.01,26.3535,24.655,25.585,18976006,,https://api.nasdaq.com/api/quote/UPRO/historical?assetclass=etf&fromdate=2016-07-26&todate=2026-07-26&limit=5000
UPRO,2020-11-02,26.46,26.955,25.755,26.465,13937772,,https://api.nasdaq.com/api/quote/UPRO/historical?assetclass=etf&fromdate=2016-07-26&todate=2026-07-26&limit=5000
UPRO,2020-11-03,27.295,28.39,27.165,27.85,13491658,,https://api.nasdaq.com/api/quote/UPRO/historical?assetclass=etf&fromdate=2016-07-26&todate=2026-07-26&limit=5000
UPRO,2020-11-04,29.07,30.82,28.745,29.705,20369020,,https://api.nasdaq.com/api/quote/UPRO/historical?assetclass=etf&fromdate=2016-07-26&todate=2026-07-26&limit=5000
UPRO,2020-11-05,31.21,31.9699,31.1095,31.445,17022392,,https://api.nasdaq.com/api/quote/UPRO/historical?assetclass=etf&fromdate=2016-07-26&todate=2026-07-26&limit=5000
UPRO,2020-11-06,31.375,31.795,30.77,31.455,13941818,,https://api.nasdaq.com/api/quote/UPRO/historical?assetclass=etf&fromdate=2016-07-26&todate=2026-07-26&limit=5000
UPRO,2020-11-09,35.185,35.275,32.48,32.64,28330780,,https://api.nasdaq.com/api/quote/UPRO/historical?assetclass=etf&fromdate=2016-07-26&todate=2026-07-26&limit=5000
UPRO,2020-11-10,32.315,32.7839,31.53,32.495,14246982,,https://api.nasdaq.com/api/quote/UPRO/historical?assetclass=etf&fromdate=2016-07-26&todate=2026-07-26&limit=5000
UPRO,2020-11-11,33.115,33.44,32.75,33.19,8015274,,https://api.nasdaq.com/api/quote/UPRO/historical?assetclass=etf&fromdate=2016-07-26&todate=2026-07-26&limit=5000
UPRO,2020-11-12,32.8935,33.125,31.68,32.23,12006266,,https://api.nasdaq.com/api/quote/UPRO/historical?assetclass=etf&fromdate=2016-07-26&todate=2026-07-26&limit=5000
UPRO,2020-11-13,32.793,33.78,32.635,33.565,9831762,,https://api.nasdaq.com/api/quote/UPRO/historical?assetclass=etf&fromdate=2016-07-26&todate=2026-07-26&limit=5000
UPRO,2020-11-16,34.385,34.82,33.9855,34.785,10209346,,https://api.nasdaq.com/api/quote/UPRO/historical?assetclass=etf&fromdate=2016-07-26&todate=2026-07-26&limit=5000
UPRO,2020-11-17,34.074,34.635,33.6099,34.275,6924230,,https://api.nasdaq.com/api/quote/UPRO/historical?assetclass=etf&fromdate=2016-07-26&todate=2026-07-26&limit=5000
UPRO,2020-11-18,34.3417,34.5101,32.995,33.01,8335636,,https://api.nasdaq.com/api/quote/UPRO/historical?assetclass=etf&fromdate=2016-07-26&todate=2026-07-26&limit=5000
UPRO,2020-11-19,32.815,33.54,32.43,33.435,8866018,,https://api.nasdaq.com/api/quote/UPRO/historical?assetclass=etf&fromdate=2016-07-26&todate=2026-07-26&limit=5000
UPRO,2020-11-20,33.35,33.41,32.7237,32.75,5318728,,https://api.nasdaq.com/api/quote/UPRO/historical?assetclass=etf&fromdate=2016-07-26&todate=2026-07-26&limit=5000
UPRO,2020-11-23,33.265,33.69,32.615,33.345,8794342,,https://api.nasdaq.com/api/quote/UPRO/historical?assetclass=etf&fromdate=2016-07-26&todate=2026-07-26&limit=5000
UPRO,2020-11-24,34.095,35.1,33.845,34.94,9808424,,https://api.nasdaq.com/api/quote/UPRO/historical?assetclass=etf&fromdate=2016-07-26&todate=2026-07-26&limit=5000
UPRO,2020-11-25,34.9149,34.92,34.4393,34.775,6243396,,https://api.nasdaq.com/api/quote/UPRO/historical?assetclass=etf&fromdate=2016-07-26&todate=2026-07-26&limit=5000
UPRO,2020-11-27,35.1125,35.21,34.755,35.045,3632386,,https://api.nasdaq.com/api/quote/UPRO/historical?assetclass=etf&fromdate=2016-07-26&todate=2026-07-26&limit=5000
UPRO,2020-11-30,34.805,34.895,33.7655,34.59,9995070,,https://api.nasdaq.com/api/quote/UPRO/historical?assetclass=etf&fromdate=2016-07-26&todate=2026-07-26&limit=5000
UPRO,2020-12-01,35.6,36.195,35.4151,35.725,7787256,,https://api.nasdaq.com/api/quote/UPRO/historical?assetclass=etf&fromdate=2016-07-26&todate=2026-07-26&limit=5000
UPRO,2020-12-02,35.3625,35.985,35.185,35.93,7159442,,https://api.nasdaq.com/api/quote/UPRO/historical?assetclass=etf&fromdate=2016-07-26&todate=2026-07-26&limit=5000
UPRO,2020-12-03,35.905,36.355,35.58,35.91,7116140,,https://api.nasdaq.com/api/quote/UPRO/historical?assetclass=etf&fromdate=2016-07-26&todate=2026-07-26&limit=5000
UPRO,2020-12-04,36.105,36.835,36.075,36.825,5830550,,https://api.nasdaq.com/api/quote/UPRO/historical?assetclass=etf&fromdate=2016-07-26&todate=2026-07-26&limit=5000
UPRO,2020-12-07,36.61,36.7751,36.2,36.64,5255514,,https://api.nasdaq.com/api/quote/UPRO/historical?assetclass=etf&fromdate=2016-07-26&todate=2026-07-26&limit=5000
UPRO,2020-12-08,36.2,37.12,36.195,36.94,4219922,,https://api.nasdaq.com/api/quote/UPRO/historical?assetclass=etf&fromdate=2016-07-26&todate=2026-07-26&limit=5000
UPRO,2020-12-09,37.14,37.1976,35.675,35.955,8655222,,https://api.nasdaq.com/api/quote/UPRO/historical?assetclass=etf&fromdate=2016-07-26&todate=2026-07-26&limit=5000
UPRO,2020-12-10,35.5,36.228,35.22,35.885,6214028,,https://api.nasdaq.com/api/quote/UPRO/historical?assetclass=etf&fromdate=2016-07-26&todate=2026-07-26&limit=5000
UPRO,2020-12-11,35.345,35.845,34.88,35.75,6649976,,https://api.nasdaq.com/api/quote/UPRO/historical?assetclass=etf&fromdate=2016-07-26&todate=2026-07-26&limit=5000
UPRO,2020-12-14,36.46,36.795,35.21,35.285,7900388,,https://api.nasdaq.com/api/quote/UPRO/historical?assetclass=etf&fromdate=2016-07-26&todate=2026-07-26&limit=5000
UPRO,2020-12-15,36.095,36.72,35.655,36.705,6969078,,https://api.nasdaq.com/api/quote/UPRO/historical?assetclass=etf&fromdate=2016-07-26&todate=2026-07-26&limit=5000
UPRO,2020-12-16,36.8,37.19,36.515,36.885,6312726,,https://api.nasdaq.com/api/quote/UPRO/historical?assetclass=etf&fromdate=2016-07-26&todate=2026-07-26&limit=5000
UPRO,2020-12-17,37.411,37.5701,37.16,37.505,5938800,,https://api.nasdaq.com/api/quote/UPRO/historical?assetclass=etf&fromdate=2016-07-26&todate=2026-07-26&limit=5000
UPRO,2020-12-18,37.605,37.635,36.41,37.07,12352394,,https://api.nasdaq.com/api/quote/UPRO/historical?assetclass=etf&fromdate=2016-07-26&todate=2026-07-26&limit=5000
UPRO,2020-12-21,35.79,36.95,34.9325,36.7,12077544,,https://api.nasdaq.com/api/quote/UPRO/historical?assetclass=etf&fromdate=2016-07-26&todate=2026-07-26&limit=5000
UPRO,2020-12-22,36.76,36.8,36.1249,36.455,6517358,,https://api.nasdaq.com/api/quote/UPRO/historical?assetclass=etf&fromdate=2016-07-26&todate=2026-07-26&limit=5000
UPRO,2020-12-23,36.75,37.16,36.5,36.55,4289052,,https://api.nasdaq.com/api/quote/UPRO/historical?assetclass=etf&fromdate=2016-07-26&todate=2026-07-26&limit=5000
UPRO,2020-12-24,36.705,36.975,36.515,36.975,3174604,,https://api.nasdaq.com/api/quote/UPRO/historical?assetclass=etf&fromdate=2016-07-26&todate=2026-07-26&limit=5000
UPRO,2020-12-28,37.8,38.0491,37.585,37.915,4363578,,https://api.nasdaq.com/api/quote/UPRO/historical?assetclass=etf&fromdate=2016-07-26&todate=2026-07-26&limit=5000
UPRO,2020-12-29,38.425,38.48,37.515,37.69,5790498,,https://api.nasdaq.com/api/quote/UPRO/historical?assetclass=etf&fromdate=2016-07-26&todate=2026-07-26&limit=5000
UPRO,2020-12-30,37.96,38.19,37.74,37.84,4217368,,https://api.nasdaq.com/api/quote/UPRO/historical?assetclass=etf&fromdate=2016-07-26&todate=2026-07-26&limit=5000
UPRO,2020-12-31,37.805,38.665,37.625,38.43,5678644,,https://api.nasdaq.com/api/quote/UPRO/historical?assetclass=etf&fromdate=2016-07-26&todate=2026-07-26&limit=5000
UPRO,2021-01-04,38.87,38.91,35.635,36.855,14195046,,https://api.nasdaq.com/api/quote/UPRO/historical?assetclass=etf&fromdate=2016-07-26&todate=2026-07-26&limit=5000
UPRO,2021-01-05,36.64,37.955,36.635,37.585,8545766,,https://api.nasdaq.com/api/quote/UPRO/historical?assetclass=etf&fromdate=2016-07-26&todate=2026-07-26&limit=5000
UPRO,2021-01-06,37.11,39.325,36.935,38.29,15697776,,https://api.nasdaq.com/api/quote/UPRO/historical?assetclass=etf&fromdate=2016-07-26&todate=2026-07-26&limit=5000
UPRO,2021-01-07,39.065,40.225,39.005,39.975,10134016,,https://api.nasdaq.com/api/quote/UPRO/historical?assetclass=etf&fromdate=2016-07-26&todate=2026-07-26&limit=5000
UPRO,2021-01-08,40.45,40.73,39.345,40.66,12885690,,https://api.nasdaq.com/api/quote/UPRO/historical?assetclass=etf&fromdate=2016-07-26&todate=2026-07-26&limit=5000
UPRO,2021-01-11,39.565,40.44,39.54,39.85,9831220,,https://api.nasdaq.com/api/quote/UPRO/historical?assetclass=etf&fromdate=2016-07-26&todate=2026-07-26&limit=5000
UPRO,2021-01-12,39.91,40.2,39.105,39.88,9411256,,https://api.nasdaq.com/api/quote/UPRO/historical?assetclass=etf&fromdate=2016-07-26&todate=2026-07-26&limit=5000
UPRO,2021-01-13,39.845,40.515,39.575,40.17,6180982,,https://api.nasdaq.com/api/quote/UPRO/historical?assetclass=etf&fromdate=2016-07-26&todate=2026-07-26&limit=5000
UPRO,2021-01-14,40.435,40.5995,39.64,39.755,7253678,,https://api.nasdaq.com/api/quote/UPRO/historical?assetclass=etf&fromdate=2016-07-26&todate=2026-07-26&limit=5000
UPRO,2021-01-15,39.2,39.47,38.255,38.875,8500848,,https://api.nasdaq.com/api/quote/UPRO/historical?assetclass=etf&fromdate=2016-07-26&todate=2026-07-26&limit=5000
UPRO,2021-01-19,39.69,39.9695,39.215,39.795,8177282,,https://api.nasdaq.com/api/quote/UPRO/historical?assetclass=etf&fromdate=2016-07-26&todate=2026-07-26&limit=5000
UPRO,2021-01-20,40.565,41.72,40.44,41.43,6933322,,https://api.nasdaq.com/api/quote/UPRO/historical?assetclass=etf&fromdate=2016-07-26&todate=2026-07-26&limit=5000
UPRO,2021-01-21,41.62,41.775,41.23,41.525,4641212,,https://api.nasdaq.com/api/quote/UPRO/historical?assetclass=etf&fromdate=2016-07-26&todate=2026-07-26&limit=5000
UPRO,2021-01-22,40.905,41.49,40.77,41.105,7853506,,https://api.nasdaq.com/api/quote/UPRO/historical?assetclass=etf&fromdate=2016-07-26&todate=2026-07-26&limit=5000
UPRO,2021-01-25,41.3599,41.7002,39.6875,41.6,10155540,,https://api.nasdaq.com/api/quote/UPRO/historical?assetclass=etf&fromdate=2016-07-26&todate=2026-07-26&limit=5000
UPRO,2021-01-26,41.9,42.05,41.315,41.405,4737848,,https://api.nasdaq.com/api/quote/UPRO/historical?assetclass=etf&fromdate=2016-07-26&todate=2026-07-26&limit=5000
UPRO,2021-01-27,40.24,40.25,37.58,38.355,14850006,,https://api.nasdaq.com/api/quote/UPRO/historical?assetclass=etf&fromdate=2016-07-26&todate=2026-07-26&limit=5000
UPRO,2021-01-28,38.94,40.645,38.81,39.32,13362464,,https://api.nasdaq.com/api/quote/UPRO/historical?assetclass=etf&fromdate=2016-07-26&todate=2026-07-26&limit=5000
UPRO,2021-01-29,38.7,39.03,36.405,37.005,15329970,,https://api.nasdaq.com/api/quote/UPRO/historical?assetclass=etf&fromdate=2016-07-26&todate=2026-07-26&limit=5000
UPRO,2021-02-01,38.06,39.149,37.38,38.77,7982100,,https://api.nasdaq.com/api/quote/UPRO/historical?assetclass=etf&fromdate=2016-07-26&todate=2026-07-26&limit=5000
UPRO,2021-02-02,39.865,40.9735,39.85,40.43,7695396,,https://api.nasdaq.com/api/quote/UPRO/historical?assetclass=etf&fromdate=2016-07-26&todate=2026-07-26&limit=5000
UPRO,2021-02-03,40.7345,41.13,40.115,40.555,6377220,,https://api.nasdaq.com/api/quote/UPRO/historical?assetclass=etf&fromdate=2016-07-26&todate=2026-07-26&limit=5000
UPRO,2021-02-04,40.905,41.93,40.8455,41.915,5272754,,https://api.nasdaq.com/api/quote/UPRO/historical?assetclass=etf&fromdate=2016-07-26&todate=2026-07-26&limit=5000
UPRO,2021-02-05,42.6,42.665,42.025,42.4,5969718,,https://api.nasdaq.com/api/quote/UPRO/historical?assetclass=etf&fromdate=2016-07-26&todate=2026-07-26&limit=5000
UPRO,2021-02-08,42.92,43.36,42.635,43.36,4910808,,https://api.nasdaq.com/api/quote/UPRO/historical?assetclass=etf&fromdate=2016-07-26&todate=2026-07-26&limit=5000
UPRO,2021-02-09,43.05,43.46,42.9,43.24,4008790,,https://api.nasdaq.com/api/quote/UPRO/historical?assetclass=etf&fromdate=2016-07-26&todate=2026-07-26&limit=5000
UPRO,2021-02-10,43.855,43.925,42.335,43.21,6937966,,https://api.nasdaq.com/api/quote/UPRO/historical?assetclass=etf&fromdate=2016-07-26&todate=2026-07-26&limit=5000
UPRO,2021-02-11,43.59,43.725,42.535,43.39,6182674,,https://api.nasdaq.com/api/quote/UPRO/historical?assetclass=etf&fromdate=2016-07-26&todate=2026-07-26&limit=5000
UPRO,2021-02-12,43.085,44.12,43.085,44.045,5201824,,https://api.nasdaq.com/api/quote/UPRO/historical?assetclass=etf&fromdate=2016-07-26&todate=2026-07-26&limit=5000
UPRO,2021-02-16,44.475,44.54,43.6634,43.915,7512236,,https://api.nasdaq.com/api/quote/UPRO/historical?assetclass=etf&fromdate=2016-07-26&todate=2026-07-26&limit=5000
UPRO,2021-02-17,43.275,44.025,42.92,43.955,7917704,,https://api.nasdaq.com/api/quote/UPRO/historical?assetclass=etf&fromdate=2016-07-26&todate=2026-07-26&limit=5000
UPRO,2021-02-18,42.9995,43.64,42.385,43.4,8199162,,https://api.nasdaq.com/api/quote/UPRO/historical?assetclass=etf&fromdate=2016-07-26&todate=2026-07-26&limit=5000
UPRO,2021-02-19,43.835,43.925,42.985,43.16,7556644,,https://api.nasdaq.com/api/quote/UPRO/historical?assetclass=etf&fromdate=2016-07-26&todate=2026-07-26&limit=5000
UPRO,2021-02-22,42.145,43,42.055,42.18,7823474,,https://api.nasdaq.com/api/quote/UPRO/historical?assetclass=etf&fromdate=2016-07-26&todate=2026-07-26&limit=5000
UPRO,2021-02-23,41.38,42.768,39.905,42.31,13050990,,https://api.nasdaq.com/api/quote/UPRO/historical?assetclass=etf&fromdate=2016-07-26&todate=2026-07-26&limit=5000
UPRO,2021-02-24,41.9,43.8417,41.575,43.705,12564824,,https://api.nasdaq.com/api/quote/UPRO/historical?assetclass=etf&fromdate=2016-07-26&todate=2026-07-26&limit=5000
UPRO,2021-02-25,43.25,43.7295,40.005,40.57,20683440,,https://api.nasdaq.com/api/quote/UPRO/historical?assetclass=etf&fromdate=2016-07-26&todate=2026-07-26&limit=5000
UPRO,2021-02-26,41.173,41.56,39.215,39.87,18970424,,https://api.nasdaq.com/api/quote/UPRO/historical?assetclass=etf&fromdate=2016-07-26&todate=2026-07-26&limit=5000
UPRO,2021-03-01,41.53,43.22,41.53,42.76,9865030,,https://api.nasdaq.com/api/quote/UPRO/historical?assetclass=etf&fromdate=2016-07-26&todate=2026-07-26&limit=5000
UPRO,2021-03-02,42.885,42.965,41.71,41.785,12508908,,https://api.nasdaq.com/api/quote/UPRO/historical?assetclass=etf&fromdate=2016-07-26&todate=2026-07-26&limit=5000
UPRO,2021-03-03,41.55,41.885,40.1025,40.14,16726980,,https://api.nasdaq.com/api/quote/UPRO/historical?assetclass=etf&fromdate=2016-07-26&todate=2026-07-26&limit=5000
UPRO,2021-03-04,40.065,40.935,37.105,38.62,20258980,,https://api.nasdaq.com/api/quote/UPRO/historical?assetclass=etf&fromdate=2016-07-26&todate=2026-07-26&limit=5000
UPRO,2021-03-05,39.78,41.11,37.38,40.76,22432900,,https://api.nasdaq.com/api/quote/UPRO/historical?assetclass=etf&fromdate=2016-07-26&todate=2026-07-26&limit=5000
UPRO,2021-03-08,41.085,42.04,40.05,40.16,15476928,,https://api.nasdaq.com/api/quote/UPRO/historical?assetclass=etf&fromdate=2016-07-26&todate=2026-07-26&limit=5000
UPRO,2021-03-09,41.44,42.7251,41.28,41.86,8943460,,https://api.nasdaq.com/api/quote/UPRO/historical?assetclass=etf&fromdate=2016-07-26&todate=2026-07-26&limit=5000
UPRO,2021-03-10,42.705,43.235,42.19,42.625,10816262,,https://api.nasdaq.com/api/quote/UPRO/historical?assetclass=etf&fromdate=2016-07-26&todate=2026-07-26&limit=5000
UPRO,2021-03-11,43.525,44.64,43.355,43.94,7686276,,https://api.nasdaq.com/api/quote/UPRO/historical?assetclass=etf&fromdate=2016-07-26&todate=2026-07-26&limit=5000
UPRO,2021-03-12,43.455,44.165,43.16,44.12,7834224,,https://api.nasdaq.com/api/quote/UPRO/historical?assetclass=etf&fromdate=2016-07-26&todate=2026-07-26&limit=5000
UPRO,2021-03-15,44.205,44.9999,43.44,44.915,6346632,,https://api.nasdaq.com/api/quote/UPRO/historical?assetclass=etf&fromdate=2016-07-26&todate=2026-07-26&limit=5000
UPRO,2021-03-16,45.12,45.38,44.45,44.755,6973292,,https://api.nasdaq.com/api/quote/UPRO/historical?assetclass=etf&fromdate=2016-07-26&todate=2026-07-26&limit=5000
UPRO,2021-03-17,44.27,45.475,43.845,45.165,8504276,,https://api.nasdaq.com/api/quote/UPRO/historical?assetclass=etf&fromdate=2016-07-26&todate=2026-07-26&limit=5000
UPRO,2021-03-18,44.24,44.995,43,43.2,10964636,,https://api.nasdaq.com/api/quote/UPRO/historical?assetclass=etf&fromdate=2016-07-26&todate=2026-07-26&limit=5000
UPRO,2021-03-19,43.105,43.65,42.19,42.97,8538156,,https://api.nasdaq.com/api/quote/UPRO/historical?assetclass=etf&fromdate=2016-07-26&todate=2026-07-26&limit=5000
UPRO,2021-03-22,43.125,44.48,43.12,43.955,7587724,,https://api.nasdaq.com/api/quote/UPRO/historical?assetclass=etf&fromdate=2016-07-26&todate=2026-07-26&limit=5000
UPRO,2021-03-23,43.75,44.265,42.655,42.95,9710556,,https://api.nasdaq.com/api/quote/UPRO/historical?assetclass=etf&fromdate=2016-07-26&todate=2026-07-26&limit=5000
UPRO,2021-03-24,43.435,44.005,42.275,42.275,8244534,,https://api.nasdaq.com/api/quote/UPRO/historical?assetclass=etf&fromdate=2016-07-26&todate=2026-07-26&limit=5000
UPRO,2021-03-25,41.775,43.27,41.095,42.97,11545778,,https://api.nasdaq.com/api/quote/UPRO/historical?assetclass=etf&fromdate=2016-07-26&todate=2026-07-26&limit=5000
UPRO,2021-03-26,43.4,45.195,43.18,45.075,10852892,,https://api.nasdaq.com/api/quote/UPRO/historical?assetclass=etf&fromdate=2016-07-26&todate=2026-07-26&limit=5000
UPRO,2021-03-29,44.515,45.305,43.975,44.99,11301140,,https://api.nasdaq.com/api/quote/UPRO/historical?assetclass=etf&fromdate=2016-07-26&todate=2026-07-26&limit=5000
UPRO,2021-03-30,44.545,44.87,44.05,44.615,8918572,,https://api.nasdaq.com/api/quote/UPRO/historical?assetclass=etf&fromdate=2016-07-26&todate=2026-07-26&limit=5000
UPRO,2021-03-31,44.835,45.7225,44.8227,45.17,11006044,,https://api.nasdaq.com/api/quote/UPRO/historical?assetclass=etf&fromdate=2016-07-26&todate=2026-07-26&limit=5000
UPRO,2021-04-01,45.86,46.64,45.78,46.575,10146698,,https://api.nasdaq.com/api/quote/UPRO/historical?assetclass=etf&fromdate=2016-07-26&todate=2026-07-26&limit=5000
UPRO,2021-04-05,47.615,48.83,47.59,48.595,10349164,,https://api.nasdaq.com/api/quote/UPRO/historical?assetclass=etf&fromdate=2016-07-26&todate=2026-07-26&limit=5000
UPRO,2021-04-06,48.42,48.93,48.295,48.52,9015424,,https://api.nasdaq.com/api/quote/UPRO/historical?assetclass=etf&fromdate=2016-07-26&todate=2026-07-26&limit=5000
UPRO,2021-04-07,48.485,48.83,48.29,48.715,6547852,,https://api.nasdaq.com/api/quote/UPRO/historical?assetclass=etf&fromdate=2016-07-26&todate=2026-07-26&limit=5000
UPRO,2021-04-08,49.175,49.41,48.825,49.38,5685998,,https://api.nasdaq.com/api/quote/UPRO/historical?assetclass=etf&fromdate=2016-07-26&todate=2026-07-26&limit=5000
UPRO,2021-04-09,49.37,50.53,49.295,50.455,6527084,,https://api.nasdaq.com/api/quote/UPRO/historical?assetclass=etf&fromdate=2016-07-26&todate=2026-07-26&limit=5000
UPRO,2021-04-12,50.21,50.6193,49.99,50.5,5920056,,https://api.nasdaq.com/api/quote/UPRO/historical?assetclass=etf&fromdate=2016-07-26&todate=2026-07-26&limit=5000
UPRO,2021-04-13,50.465,51.205,50.325,50.925,6068040,,https://api.nasdaq.com/api/quote/UPRO/historical?assetclass=etf&fromdate=2016-07-26&todate=2026-07-26&limit=5000
UPRO,2021-04-14,50.95,51.365,50.22,50.435,9262466,,https://api.nasdaq.com/api/quote/UPRO/historical?assetclass=etf&fromdate=2016-07-26&todate=2026-07-26&limit=5000
UPRO,2021-04-15,51.2655,52.1545,51.255,52.05,7601632,,https://api.nasdaq.com/api/quote/UPRO/historical?assetclass=etf&fromdate=2016-07-26&todate=2026-07-26&limit=5000
UPRO,2021-04-16,52.575,52.82,52.005,52.61,9362328,,https://api.nasdaq.com/api/quote/UPRO/historical?assetclass=etf&fromdate=2016-07-26&todate=2026-07-26&limit=5000
UPRO,2021-04-19,52.19,52.3793,51.255,51.82,8908088,,https://api.nasdaq.com/api/quote/UPRO/historical?assetclass=etf&fromdate=2016-07-26&todate=2026-07-26&limit=5000
UPRO,2021-04-20,51.29,51.595,50.0825,50.69,9427364,,https://api.nasdaq.com/api/quote/UPRO/historical?assetclass=etf&fromdate=2016-07-26&todate=2026-07-26&limit=5000
UPRO,2021-04-21,50.42,52.165,50.365,52.09,7360536,,https://api.nasdaq.com/api/quote/UPRO/historical?assetclass=etf&fromdate=2016-07-26&todate=2026-07-26&limit=5000
UPRO,2021-04-22,52.03,52.345,50.24,50.68,11929266,,https://api.nasdaq.com/api/quote/UPRO/historical?assetclass=etf&fromdate=2016-07-26&todate=2026-07-26&limit=5000
UPRO,2021-04-23,50.885,52.855,50.86,52.3,7259482,,https://api.nasdaq.com/api/quote/UPRO/historical?assetclass=etf&fromdate=2016-07-26&todate=2026-07-26&limit=5000
UPRO,2021-04-26,52.57,52.855,52.39,52.635,6124354,,https://api.nasdaq.com/api/quote/UPRO/historical?assetclass=etf&fromdate=2016-07-26&todate=2026-07-26&limit=5000
UPRO,2021-04-27,52.745,52.82,52.14,52.58,5314274,,https://api.nasdaq.com/api/quote/UPRO/historical?assetclass=etf&fromdate=2016-07-26&todate=2026-07-26&limit=5000
UPRO,2021-04-28,52.7,53.145,52.37,52.505,7077524,,https://api.nasdaq.com/api/quote/UPRO/historical?assetclass=etf&fromdate=2016-07-26&todate=2026-07-26&limit=5000
UPRO,2021-04-29,53.655,53.78,52.175,53.485,8503384,,https://api.nasdaq.com/api/quote/UPRO/historical?assetclass=etf&fromdate=2016-07-26&todate=2026-07-26&limit=5000
UPRO,2021-04-30,52.62,52.965,52.125,52.475,10135296,,https://api.nasdaq.com/api/quote/UPRO/historical?assetclass=etf&fromdate=2016-07-26&todate=2026-07-26&limit=5000
UPRO,2021-05-03,53.25,53.425,52.615,52.815,6332432,,https://api.nasdaq.com/api/quote/UPRO/historical?assetclass=etf&fromdate=2016-07-26&todate=2026-07-26&limit=5000
UPRO,2021-05-04,52.005,52.2,50.345,51.84,13769540,,https://api.nasdaq.com/api/quote/UPRO/historical?assetclass=etf&fromdate=2016-07-26&todate=2026-07-26&limit=5000
UPRO,2021-05-05,52.5,52.575,51.575,51.835,4256798,,https://api.nasdaq.com/api/quote/UPRO/historical?assetclass=etf&fromdate=2016-07-26&todate=2026-07-26&limit=5000
UPRO,2021-05-06,51.91,53.1514,51.095,53.085,8457220,,https://api.nasdaq.com/api/quote/UPRO/historical?assetclass=etf&fromdate=2016-07-26&todate=2026-07-26&limit=5000
UPRO,2021-05-07,53.42,54.535,53.15,54.26,9123236,,https://api.nasdaq.com/api/quote/UPRO/historical?assetclass=etf&fromdate=2016-07-26&todate=2026-07-26&limit=5000
UPRO,2021-05-10,54.43,54.5,52.595,52.65,9577098,,https://api.nasdaq.com/api/quote/UPRO/historical?assetclass=etf&fromdate=2016-07-26&todate=2026-07-26&limit=5000
UPRO,2021-05-11,50.805,51.625,49.67,51.27,13711078,,https://api.nasdaq.com/api/quote/UPRO/historical?assetclass=etf&fromdate=2016-07-26&todate=2026-07-26&limit=5000
UPRO,2021-05-12,50.115,50.625,47.745,48.005,14976368,,https://api.nasdaq.com/api/quote/UPRO/historical?assetclass=etf&fromdate=2016-07-26&todate=2026-07-26&limit=5000
UPRO,2021-05-13,48.54,50.42,48.54,49.67,14824182,,https://api.nasdaq.com/api/quote/UPRO/historical?assetclass=etf&fromdate=2016-07-26&todate=2026-07-26&limit=5000
UPRO,2021-05-14,50.755,52.305,50.745,51.965,9549224,,https://api.nasdaq.com/api/quote/UPRO/historical?assetclass=etf&fromdate=2016-07-26&todate=2026-07-26&limit=5000
UPRO,2021-05-17,51.535,51.904,50.775,51.575,9987404,,https://api.nasdaq.com/api/quote/UPRO/historical?assetclass=etf&fromdate=2016-07-26&todate=2026-07-26&limit=5000
UPRO,2021-05-18,51.695,51.765,50.185,50.28,6724562,,https://api.nasdaq.com/api/quote/UPRO/historical?assetclass=etf&fromdate=2016-07-26&todate=2026-07-26&limit=5000
UPRO,2021-05-19,48.385,49.895,47.815,49.845,10097586,,https://api.nasdaq.com/api/quote/UPRO/historical?assetclass=etf&fromdate=2016-07-26&todate=2026-07-26&limit=5000
UPRO,2021-05-20,50.185,51.9278,50.1419,51.44,7333606,,https://api.nasdaq.com/api/quote/UPRO/historical?assetclass=etf&fromdate=2016-07-26&todate=2026-07-26&limit=5000
UPRO,2021-05-21,52.055,52.53,51.1354,51.315,7418086,,https://api.nasdaq.com/api/quote/UPRO/historical?assetclass=etf&fromdate=2016-07-26&todate=2026-07-26&limit=5000
UPRO,2021-05-24,52.24,53.3098,52.11,52.885,5101246,,https://api.nasdaq.com/api/quote/UPRO/historical?assetclass=etf&fromdate=2016-07-26&todate=2026-07-26&limit=5000
UPRO,2021-05-25,53.31,53.465,52.2975,52.54,6072636,,https://api.nasdaq.com/api/quote/UPRO/historical?assetclass=etf&fromdate=2016-07-26&todate=2026-07-26&limit=5000
UPRO,2021-05-26,52.765,53.0445,52.355,52.85,3656106,,https://api.nasdaq.com/api/quote/UPRO/historical?assetclass=etf&fromdate=2016-07-26&todate=2026-07-26&limit=5000
UPRO,2021-05-27,53.265,53.455,52.87,52.88,7473054,,https://api.nasdaq.com/api/quote/UPRO/historical?assetclass=etf&fromdate=2016-07-26&todate=2026-07-26&limit=5000
UPRO,2021-05-28,53.55,53.66,53.1102,53.19,5661514,,https://api.nasdaq.com/api/quote/UPRO/historical?assetclass=etf&fromdate=2016-07-26&todate=2026-07-26&limit=5000
UPRO,2021-06-01,54.165,54.21,52.88,53.035,5707640,,https://api.nasdaq.com/api/quote/UPRO/historical?assetclass=etf&fromdate=2016-07-26&todate=2026-07-26&limit=5000
UPRO,2021-06-02,53.305,53.64,52.915,53.31,4335768,,https://api.nasdaq.com/api/quote/UPRO/historical?assetclass=etf&fromdate=2016-07-26&todate=2026-07-26&limit=5000
UPRO,2021-06-03,52.34,53.17,51.755,52.715,7609326,,https://api.nasdaq.com/api/quote/UPRO/historical?assetclass=etf&fromdate=2016-07-26&todate=2026-07-26&limit=5000
UPRO,2021-06-04,53.445,54.2649,53.425,54.105,6013176,,https://api.nasdaq.com/api/quote/UPRO/historical?assetclass=etf&fromdate=2016-07-26&todate=2026-07-26&limit=5000
UPRO,2021-06-07,54.1369,54.2161,53.61,54.02,3919892,,https://api.nasdaq.com/api/quote/UPRO/historical?assetclass=etf&fromdate=2016-07-26&todate=2026-07-26&limit=5000
UPRO,2021-06-08,54.35,54.375,53.275,54.035,4733546,,https://api.nasdaq.com/api/quote/UPRO/historical?assetclass=etf&fromdate=2016-07-26&todate=2026-07-26&limit=5000
UPRO,2021-06-09,54.38,54.39,53.68,53.78,4553164,,https://api.nasdaq.com/api/quote/UPRO/historical?assetclass=etf&fromdate=2016-07-26&todate=2026-07-26&limit=5000
UPRO,2021-06-10,54.295,54.9034,53.745,54.525,5438310,,https://api.nasdaq.com/api/quote/UPRO/historical?assetclass=etf&fromdate=2016-07-26&todate=2026-07-26&limit=5000
UPRO,2021-06-11,54.755,54.835,54.225,54.795,4152052,,https://api.nasdaq.com/api/quote/UPRO/historical?assetclass=etf&fromdate=2016-07-26&todate=2026-07-26&limit=5000
UPRO,2021-06-14,54.82,55.185,54.325,55.18,4601782,,https://api.nasdaq.com/api/quote/UPRO/historical?assetclass=etf&fromdate=2016-07-26&todate=2026-07-26&limit=5000
UPRO,2021-06-15,55.2265,55.2265,54.495,54.845,4773514,,https://api.nasdaq.com/api/quote/UPRO/historical?assetclass=etf&fromdate=2016-07-26&todate=2026-07-26&limit=5000
UPRO,2021-06-16,54.93,54.99,53.055,53.945,7662602,,https://api.nasdaq.com/api/quote/UPRO/historical?assetclass=etf&fromdate=2016-07-26&todate=2026-07-26&limit=5000
UPRO,2021-06-17,53.765,54.255,52.86,53.905,7110274,,https://api.nasdaq.com/api/quote/UPRO/historical?assetclass=etf&fromdate=2016-07-26&todate=2026-07-26&limit=5000
UPRO,2021-06-18,52.55,52.795,51.615,51.735,11185096,,https://api.nasdaq.com/api/quote/UPRO/historical?assetclass=etf&fromdate=2016-07-26&todate=2026-07-26&limit=5000
UPRO,2021-06-21,52.395,53.99,52.075,53.925,9854554,,https://api.nasdaq.com/api/quote/UPRO/historical?assetclass=etf&fromdate=2016-07-26&todate=2026-07-26&limit=5000
UPRO,2021-06-22,53.92,55.115,53.61,54.73,8762462,,https://api.nasdaq.com/api/quote/UPRO/historical?assetclass=etf&fromdate=2016-07-26&todate=2026-07-26&limit=5000
UPRO,2021-06-23,54.8,55.13,54.535,54.58,4960864,,https://api.nasdaq.com/api/quote/UPRO/historical?assetclass=etf&fromdate=2016-07-26&todate=2026-07-26&limit=5000
UPRO,2021-06-24,55.435,55.725,55.345,55.535,9034074,,https://api.nasdaq.com/api/quote/UPRO/historical?assetclass=etf&fromdate=2016-07-26&todate=2026-07-26&limit=5000
UPRO,2021-06-25,55.86,56.295,55.705,56.11,6309710,,https://api.nasdaq.com/api/quote/UPRO/historical?assetclass=etf&fromdate=2016-07-26&todate=2026-07-26&limit=5000
UPRO,2021-06-28,56.33,56.5175,55.825,56.475,9842270,,https://api.nasdaq.com/api/quote/UPRO/historical?assetclass=etf&fromdate=2016-07-26&todate=2026-07-26&limit=5000
UPRO,2021-06-29,56.615,56.88,56.33,56.54,6301672,,https://api.nasdaq.com/api/quote/UPRO/historical?assetclass=etf&fromdate=2016-07-26&todate=2026-07-26&limit=5000
UPRO,2021-06-30,56.375,56.9575,56.3475,56.695,8498718,,https://api.nasdaq.com/api/quote/UPRO/historical?assetclass=etf&fromdate=2016-07-26&todate=2026-07-26&limit=5000
UPRO,2021-07-01,57.01,57.69,56.975,57.645,9977260,,https://api.nasdaq.com/api/quote/UPRO/historical?assetclass=etf&fromdate=2016-07-26&todate=2026-07-26&limit=5000
UPRO,2021-07-02,58.095,59.085,57.975,58.96,10956220,,https://api.nasdaq.com/api/quote/UPRO/historical?assetclass=etf&fromdate=2016-07-26&todate=2026-07-26&limit=5000
UPRO,2021-07-06,58.95,59.04,57.425,58.575,8983230,,https://api.nasdaq.com/api/quote/UPRO/historical?assetclass=etf&fromdate=2016-07-26&todate=2026-07-26&limit=5000
UPRO,2021-07-07,58.925,59.35,58.045,59.23,8007554,,https://api.nasdaq.com/api/quote/UPRO/historical?assetclass=etf&fromdate=2016-07-26&todate=2026-07-26&limit=5000
UPRO,2021-07-08,56.895,58.12,56.41,57.815,14217120,,https://api.nasdaq.com/api/quote/UPRO/historical?assetclass=etf&fromdate=2016-07-26&todate=2026-07-26&limit=5000
UPRO,2021-07-09,58.44,59.74,58.345,59.62,7475552,,https://api.nasdaq.com/api/quote/UPRO/historical?assetclass=etf&fromdate=2016-07-26&todate=2026-07-26&limit=5000
UPRO,2021-07-12,59.585,60.375,59.4,60.29,10706720,,https://api.nasdaq.com/api/quote/UPRO/historical?assetclass=etf&fromdate=2016-07-26&todate=2026-07-26&limit=5000
UPRO,2021-07-13,59.955,60.5795,59.53,59.675,12580148,,https://api.nasdaq.com/api/quote/UPRO/historical?assetclass=etf&fromdate=2016-07-26&todate=2026-07-26&limit=5000
UPRO,2021-07-14,60.395,60.5971,59.365,59.88,11317954,,https://api.nasdaq.com/api/quote/UPRO/historical?assetclass=etf&fromdate=2016-07-26&todate=2026-07-26&limit=5000
UPRO,2021-07-15,59.3,59.615,58.465,59.275,10190550,,https://api.nasdaq.com/api/quote/UPRO/historical?assetclass=etf&fromdate=2016-07-26&todate=2026-07-26&limit=5000
UPRO,2021-07-16,59.82,59.82,57.7155,57.905,10763410,,https://api.nasdaq.com/api/quote/UPRO/historical?assetclass=etf&fromdate=2016-07-26&todate=2026-07-26&limit=5000
UPRO,2021-07-19,55.815,56.02,54.12,55.36,23309140,,https://api.nasdaq.com/api/quote/UPRO/historical?assetclass=etf&fromdate=2016-07-26&todate=2026-07-26&limit=5000
UPRO,2021-07-20,55.59,58.21,55.27,57.725,16256654,,https://api.nasdaq.com/api/quote/UPRO/historical?assetclass=etf&fromdate=2016-07-26&todate=2026-07-26&limit=5000
UPRO,2021-07-21,58.215,59.1475,58.13,59.095,9314072,,https://api.nasdaq.com/api/quote/UPRO/historical?assetclass=etf&fromdate=2016-07-26&todate=2026-07-26&limit=5000
UPRO,2021-07-22,59.175,59.555,58.7305,59.48,6685454,,https://api.nasdaq.com/api/quote/UPRO/historical?assetclass=etf&fromdate=2016-07-26&todate=2026-07-26&limit=5000
UPRO,2021-07-23,60.28,61.435,59.99,61.275,5911186,,https://api.nasdaq.com/api/quote/UPRO/historical?assetclass=etf&fromdate=2016-07-26&todate=2026-07-26&limit=5000
UPRO,2021-07-26,61.025,61.735,60.9952,61.735,5418734,,https://api.nasdaq.com/api/quote/UPRO/historical?assetclass=etf&fromdate=2016-07-26&todate=2026-07-26&limit=5000
UPRO,2021-07-27,61.265,61.275,59.625,60.905,8182966,,https://api.nasdaq.com/api/quote/UPRO/historical?assetclass=etf&fromdate=2016-07-26&todate=2026-07-26&limit=5000
UPRO,2021-07-28,61.18,61.42,60.175,60.805,7572114,,https://api.nasdaq.com/api/quote/UPRO/historical?assetclass=etf&fromdate=2016-07-26&todate=2026-07-26&limit=5000
UPRO,2021-07-29,61.25,62.035,61.21,61.56,6752304,,https://api.nasdaq.com/api/quote/UPRO/historical?assetclass=etf&fromdate=2016-07-26&todate=2026-07-26&limit=5000
UPRO,2021-07-30,60.415,61.305,60.3546,60.625,6612818,,https://api.nasdaq.com/api/quote/UPRO/historical?assetclass=etf&fromdate=2016-07-26&todate=2026-07-26&limit=5000
UPRO,2021-08-02,61.395,61.66,60.15,60.25,7307982,,https://api.nasdaq.com/api/quote/UPRO/historical?assetclass=etf&fromdate=2016-07-26&todate=2026-07-26&limit=5000
UPRO,2021-08-03,60.605,61.775,59.655,61.725,9525526,,https://api.nasdaq.com/api/quote/UPRO/historical?assetclass=etf&fromdate=2016-07-26&todate=2026-07-26&limit=5000
UPRO,2021-08-04,61.15,61.425,60.725,60.845,6468136,,https://api.nasdaq.com/api/quote/UPRO/historical?assetclass=etf&fromdate=2016-07-26&todate=2026-07-26&limit=5000
UPRO,2021-08-05,61.345,62.015,61.195,61.96,5057066,,https://api.nasdaq.com/api/quote/UPRO/historical?assetclass=etf&fromdate=2016-07-26&todate=2026-07-26&limit=5000
UPRO,2021-08-06,62.1,62.46,61.98,62.31,6092208,,https://api.nasdaq.com/api/quote/UPRO/historical?assetclass=etf&fromdate=2016-07-26&todate=2026-07-26&limit=5000
UPRO,2021-08-09,62.265,62.3975,61.765,62.115,4908760,,https://api.nasdaq.com/api/quote/UPRO/historical?assetclass=etf&fromdate=2016-07-26&todate=2026-07-26&limit=5000
UPRO,2021-08-10,62.295,62.655,61.985,62.305,7143620,,https://api.nasdaq.com/api/quote/UPRO/historical?assetclass=etf&fromdate=2016-07-26&todate=2026-07-26&limit=5000
UPRO,2021-08-11,62.825,62.8359,62.3,62.76,5811486,,https://api.nasdaq.com/api/quote/UPRO/historical?assetclass=etf&fromdate=2016-07-26&todate=2026-07-26&limit=5000
UPRO,2021-08-12,62.7,63.41,62.315,63.315,6887432,,https://api.nasdaq.com/api/quote/UPRO/historical?assetclass=etf&fromdate=2016-07-26&todate=2026-07-26&limit=5000
UPRO,2021-08-13,63.525,63.695,63.33,63.665,7744432,,https://api.nasdaq.com/api/quote/UPRO/historical?assetclass=etf&fromdate=2016-07-26&todate=2026-07-26&limit=5000
UPRO,2021-08-16,63.12,64.185,62.385,64.14,9285830,,https://api.nasdaq.com/api/quote/UPRO/historical?assetclass=etf&fromdate=2016-07-26&todate=2026-07-26&limit=5000
UPRO,2021-08-17,62.955,63.2795,61.505,62.9,14781816,,https://api.nasdaq.com/api/quote/UPRO/historical?assetclass=etf&fromdate=2016-07-26&todate=2026-07-26&limit=5000
UPRO,2021-08-18,62.415,63.115,60.705,60.835,13303232,,https://api.nasdaq.com/api/quote/UPRO/historical?assetclass=etf&fromdate=2016-07-26&todate=2026-07-26&limit=5000
UPRO,2021-08-19,59.555,61.61,59.53,61.05,14684406,,https://api.nasdaq.com/api/quote/UPRO/historical?assetclass=etf&fromdate=2016-07-26&todate=2026-07-26&limit=5000
UPRO,2021-08-20,61.245,62.69,61.025,62.575,9821272,,https://api.nasdaq.com/api/quote/UPRO/historical?assetclass=etf&fromdate=2016-07-26&todate=2026-07-26&limit=5000
UPRO,2021-08-23,63.29,64.6025,63.29,64.175,7659350,,https://api.nasdaq.com/api/quote/UPRO/historical?assetclass=etf&fromdate=2016-07-26&todate=2026-07-26&limit=5000
UPRO,2021-08-24,64.515,64.73,64.255,64.495,5245008,,https://api.nasdaq.com/api/quote/UPRO/historical?assetclass=etf&fromdate=2016-07-26&todate=2026-07-26&limit=5000
UPRO,2021-08-25,64.585,65.125,64.405,64.87,5116436,,https://api.nasdaq.com/api/quote/UPRO/historical?assetclass=etf&fromdate=2016-07-26&todate=2026-07-26&limit=5000
UPRO,2021-08-26,64.75,64.86,63.693,63.755,9456948,,https://api.nasdaq.com/api/quote/UPRO/historical?assetclass=etf&fromdate=2016-07-26&todate=2026-07-26&limit=5000
UPRO,2021-08-27,64.105,65.615,64.08,65.395,9611480,,https://api.nasdaq.com/api/quote/UPRO/historical?assetclass=etf&fromdate=2016-07-26&todate=2026-07-26&limit=5000
UPRO,2021-08-30,65.765,66.67,65.65,66.265,6443678,,https://api.nasdaq.com/api/quote/UPRO/historical?assetclass=etf&fromdate=2016-07-26&todate=2026-07-26&limit=5000
UPRO,2021-08-31,66.265,66.4245,65.735,66.065,8229394,,https://api.nasdaq.com/api/quote/UPRO/historical?assetclass=etf&fromdate=2016-07-26&todate=2026-07-26&limit=5000
UPRO,2021-09-01,66.445,66.69,66.01,66.175,9301666,,https://api.nasdaq.com/api/quote/UPRO/historical?assetclass=etf&fromdate=2016-07-26&todate=2026-07-26&limit=5000
UPRO,2021-09-02,66.79,67.105,66.16,66.725,6122804,,https://api.nasdaq.com/api/quote/UPRO/historical?assetclass=etf&fromdate=2016-07-26&todate=2026-07-26&limit=5000
UPRO,2021-09-03,66.255,66.905,65.99,66.645,7340506,,https://api.nasdaq.com/api/quote/UPRO/historical?assetclass=etf&fromdate=2016-07-26&todate=2026-07-26&limit=5000
UPRO,2021-09-07,66.495,66.535,65.625,65.96,8460480,,https://api.nasdaq.com/api/quote/UPRO/historical?assetclass=etf&fromdate=2016-07-26&todate=2026-07-26&limit=5000
UPRO,2021-09-08,65.68,66.0295,64.795,65.72,10266402,,https://api.nasdaq.com/api/quote/UPRO/historical?assetclass=etf&fromdate=2016-07-26&todate=2026-07-26&limit=5000
UPRO,2021-09-09,65.58,66.415,64.7349,64.83,10624472,,https://api.nasdaq.com/api/quote/UPRO/historical?assetclass=etf&fromdate=2016-07-26&todate=2026-07-26&limit=5000
UPRO,2021-09-10,65.745,65.93,63.255,63.325,12731026,,https://api.nasdaq.com/api/quote/UPRO/historical?assetclass=etf&fromdate=2016-07-26&todate=2026-07-26&limit=5000
UPRO,2021-09-13,64.66,64.785,62.735,63.755,18009870,,https://api.nasdaq.com/api/quote/UPRO/historical?assetclass=etf&fromdate=2016-07-26&todate=2026-07-26&limit=5000
UPRO,2021-09-14,64.42,64.5195,62.3375,62.765,15547688,,https://api.nasdaq.com/api/quote/UPRO/historical?assetclass=etf&fromdate=2016-07-26&todate=2026-07-26&limit=5000
UPRO,2021-09-15,62.925,64.54,62.43,64.34,13475030,,https://api.nasdaq.com/api/quote/UPRO/historical?assetclass=etf&fromdate=2016-07-26&todate=2026-07-26&limit=5000
UPRO,2021-09-16,64.065,64.51,62.65,63.98,13739374,,https://api.nasdaq.com/api/quote/UPRO/historical?assetclass=etf&fromdate=2016-07-26&todate=2026-07-26&limit=5000
UPRO,2021-09-17,63.605,63.835,61.965,62.16,18838528,,https://api.nasdaq.com/api/quote/UPRO/historical?assetclass=etf&fromdate=2016-07-26&todate=2026-07-26&limit=5000
UPRO,2021-09-20,59.365,60.0841,56.83,59.06,25870260,,https://api.nasdaq.com/api/quote/UPRO/historical?assetclass=etf&fromdate=2016-07-26&todate=2026-07-26&limit=5000
UPRO,2021-09-21,60.035,60.58,58.62,58.89,15171786,,https://api.nasdaq.com/api/quote/UPRO/historical?assetclass=etf&fromdate=2016-07-26&todate=2026-07-26&limit=5000
UPRO,2021-09-22,59.845,61.455,59.415,60.555,12969622,,https://api.nasdaq.com/api/quote/UPRO/historical?assetclass=etf&fromdate=2016-07-26&todate=2026-07-26&limit=5000
UPRO,2021-09-23,61.37,63.47,61.28,62.76,9306412,,https://api.nasdaq.com/api/quote/UPRO/historical?assetclass=etf&fromdate=2016-07-26&todate=2026-07-26&limit=5000
UPRO,2021-09-24,62.02,63.377,61.92,63.075,6932090,,https://api.nasdaq.com/api/quote/UPRO/historical?assetclass=etf&fromdate=2016-07-26&todate=2026-07-26&limit=5000
UPRO,2021-09-27,62.58,63.105,62.185,62.535,7759112,,https://api.nasdaq.com/api/quote/UPRO/historical?assetclass=etf&fromdate=2016-07-26&todate=2026-07-26&limit=5000
UPRO,2021-09-28,61.23,61.39,58.395,58.76,17454544,,https://api.nasdaq.com/api/quote/UPRO/historical?assetclass=etf&fromdate=2016-07-26&todate=2026-07-26&limit=5000
UPRO,2021-09-29,59.3,60.055,58.765,58.995,12056232,,https://api.nasdaq.com/api/quote/UPRO/historical?assetclass=etf&fromdate=2016-07-26&todate=2026-07-26&limit=5000
UPRO,2021-09-30,59.625,59.935,56.755,56.855,18906528,,https://api.nasdaq.com/api/quote/UPRO/historical?assetclass=etf&fromdate=2016-07-26&todate=2026-07-26&limit=5000
UPRO,2021-10-01,57.57,59.5706,56.09,58.88,20352000,,https://api.nasdaq.com/api/quote/UPRO/historical?assetclass=etf&fromdate=2016-07-26&todate=2026-07-26&limit=5000
UPRO,2021-10-04,58.36,58.732,55.65,56.58,16350518,,https://api.nasdaq.com/api/quote/UPRO/historical?assetclass=etf&fromdate=2016-07-26&todate=2026-07-26&limit=5000
UPRO,2021-10-05,57.21,59.27,56.87,58.3,11374892,,https://api.nasdaq.com/api/quote/UPRO/historical?assetclass=etf&fromdate=2016-07-26&todate=2026-07-26&limit=5000
UPRO,2021-10-06,56.775,59.14,56.075,59.06,14925952,,https://api.nasdaq.com/api/quote/UPRO/historical?assetclass=etf&fromdate=2016-07-26&todate=2026-07-26&limit=5000
UPRO,2021-10-07,60.48,61.8049,60.39,60.56,11064980,,https://api.nasdaq.com/api/quote/UPRO/historical?assetclass=etf&fromdate=2016-07-26&todate=2026-07-26&limit=5000
UPRO,2021-10-08,60.935,61.08,59.965,60.21,9985136,,https://api.nasdaq.com/api/quote/UPRO/historical?assetclass=etf&fromdate=2016-07-26&todate=2026-07-26&limit=5000
UPRO,2021-10-11,59.95,61.225,58.905,58.93,9544924,,https://api.nasdaq.com/api/quote/UPRO/historical?assetclass=etf&fromdate=2016-07-26&todate=2026-07-26&limit=5000
UPRO,2021-10-12,59.335,59.5,58.16,58.52,10140686,,https://api.nasdaq.com/api/quote/UPRO/historical?assetclass=etf&fromdate=2016-07-26&todate=2026-07-26&limit=5000
UPRO,2021-10-13,58.92,59.485,57.655,59.1,9447812,,https://api.nasdaq.com/api/quote/UPRO/historical?assetclass=etf&fromdate=2016-07-26&todate=2026-07-26&limit=5000
UPRO,2021-10-14,60.72,62.16,60.51,62.08,9437682,,https://api.nasdaq.com/api/quote/UPRO/historical?assetclass=etf&fromdate=2016-07-26&todate=2026-07-26&limit=5000
UPRO,2021-10-15,63.075,63.675,62.7601,63.51,7802614,,https://api.nasdaq.com/api/quote/UPRO/historical?assetclass=etf&fromdate=2016-07-26&todate=2026-07-26&limit=5000
UPRO,2021-10-18,62.675,64.22,62.3899,64.105,6398794,,https://api.nasdaq.com/api/quote/UPRO/historical?assetclass=etf&fromdate=2016-07-26&todate=2026-07-26&limit=5000
UPRO,2021-10-19,64.805,65.58,64.535,65.565,6880748,,https://api.nasdaq.com/api/quote/UPRO/historical?assetclass=etf&fromdate=2016-07-26&todate=2026-07-26&limit=5000
UPRO,2021-10-20,65.755,66.465,65.71,66.3,7339300,,https://api.nasdaq.com/api/quote/UPRO/historical?assetclass=etf&fromdate=2016-07-26&todate=2026-07-26&limit=5000
UPRO,2021-10-21,66.03,66.93,65.835,66.835,6530630,,https://api.nasdaq.com/api/quote/UPRO/historical?assetclass=etf&fromdate=2016-07-26&todate=2026-07-26&limit=5000
UPRO,2021-10-22,66.63,67.305,65.7,66.61,9910618,,https://api.nasdaq.com/api/quote/UPRO/historical?assetclass=etf&fromdate=2016-07-26&todate=2026-07-26&limit=5000
UPRO,2021-10-25,67.115,67.835,66.2951,67.62,6206454,,https://api.nasdaq.com/api/quote/UPRO/historical?assetclass=etf&fromdate=2016-07-26&todate=2026-07-26&limit=5000
UPRO,2021-10-26,68.405,68.99,67.7,67.88,8000090,,https://api.nasdaq.com/api/quote/UPRO/historical?assetclass=etf&fromdate=2016-07-26&todate=2026-07-26&limit=5000
UPRO,2021-10-27,68.08,68.38,66.94,66.955,6128280,,https://api.nasdaq.com/api/quote/UPRO/historical?assetclass=etf&fromdate=2016-07-26&todate=2026-07-26&limit=5000
UPRO,2021-10-28,67.635,68.92,67.63,68.865,8521280,,https://api.nasdaq.com/api/quote/UPRO/historical?assetclass=etf&fromdate=2016-07-26&todate=2026-07-26&limit=5000
UPRO,2021-10-29,67.775,69.44,67.66,69.305,10592164,,https://api.nasdaq.com/api/quote/UPRO/historical?assetclass=etf&fromdate=2016-07-26&todate=2026-07-26&limit=5000
UPRO,2021-11-01,69.785,69.9698,68.84,69.68,9087240,,https://api.nasdaq.com/api/quote/UPRO/historical?assetclass=etf&fromdate=2016-07-26&todate=2026-07-26&limit=5000
UPRO,2021-11-02,69.73,70.65,69.68,70.5,8008658,,https://api.nasdaq.com/api/quote/UPRO/historical?assetclass=etf&fromdate=2016-07-26&todate=2026-07-26&limit=5000
UPRO,2021-11-03,70.225,72,70.02,71.815,8535818,,https://api.nasdaq.com/api/quote/UPRO/historical?assetclass=etf&fromdate=2016-07-26&todate=2026-07-26&limit=5000
UPRO,2021-11-04,72.09,72.855,71.92,72.78,9553150,,https://api.nasdaq.com/api/quote/UPRO/historical?assetclass=etf&fromdate=2016-07-26&todate=2026-07-26&limit=5000
UPRO,2021-11-05,73.925,74.5674,72.825,73.57,9937818,,https://api.nasdaq.com/api/quote/UPRO/historical?assetclass=etf&fromdate=2016-07-26&todate=2026-07-26&limit=5000
UPRO,2021-11-08,74.13,74.365,73.41,73.775,7478554,,https://api.nasdaq.com/api/quote/UPRO/historical?assetclass=etf&fromdate=2016-07-26&todate=2026-07-26&limit=5000
UPRO,2021-11-09,73.95,74.05,72.3005,73.015,9782534,,https://api.nasdaq.com/api/quote/UPRO/historical?assetclass=etf&fromdate=2016-07-26&todate=2026-07-26&limit=5000
UPRO,2021-11-10,72.17,73.005,70.5,71.27,10143700,,https://api.nasdaq.com/api/quote/UPRO/historical?assetclass=etf&fromdate=2016-07-26&todate=2026-07-26&limit=5000
UPRO,2021-11-11,71.96,72,71.3075,71.35,5654998,,https://api.nasdaq.com/api/quote/UPRO/historical?assetclass=etf&fromdate=2016-07-26&todate=2026-07-26&limit=5000
UPRO,2021-11-12,71.94,73.195,71.47,72.935,7729134,,https://api.nasdaq.com/api/quote/UPRO/historical?assetclass=etf&fromdate=2016-07-26&todate=2026-07-26&limit=5000
UPRO,2021-11-15,73.575,73.635,72.43,72.965,6410296,,https://api.nasdaq.com/api/quote/UPRO/historical?assetclass=etf&fromdate=2016-07-26&todate=2026-07-26&limit=5000
UPRO,2021-11-16,72.86,74.42,72.83,73.84,7697434,,https://api.nasdaq.com/api/quote/UPRO/historical?assetclass=etf&fromdate=2016-07-26&todate=2026-07-26&limit=5000
UPRO,2021-11-17,73.72,73.81,72.985,73.28,7755986,,https://api.nasdaq.com/api/quote/UPRO/historical?assetclass=etf&fromdate=2016-07-26&todate=2026-07-26&limit=5000
UPRO,2021-11-18,73.815,74.185,72.465,74.015,8877640,,https://api.nasdaq.com/api/quote/UPRO/historical?assetclass=etf&fromdate=2016-07-26&todate=2026-07-26&limit=5000
UPRO,2021-11-19,73.975,74.615,73.475,73.66,8795170,,https://api.nasdaq.com/api/quote/UPRO/historical?assetclass=etf&fromdate=2016-07-26&todate=2026-07-26&limit=5000
UPRO,2021-11-22,74.55,75.845,72.925,73.005,11923886,,https://api.nasdaq.com/api/quote/UPRO/historical?assetclass=etf&fromdate=2016-07-26&todate=2026-07-26&limit=5000
UPRO,2021-11-23,72.83,73.725,71.55,73.35,12876880,,https://api.nasdaq.com/api/quote/UPRO/historical?assetclass=etf&fromdate=2016-07-26&todate=2026-07-26&limit=5000
UPRO,2021-11-24,72.32,73.94,71.885,73.845,9659464,,https://api.nasdaq.com/api/quote/UPRO/historical?assetclass=etf&fromdate=2016-07-26&todate=2026-07-26&limit=5000
UPRO,2021-11-26,70.52,71.25,68.37,69.035,16610304,,https://api.nasdaq.com/api/quote/UPRO/historical?assetclass=etf&fromdate=2016-07-26&todate=2026-07-26&limit=5000
UPRO,2021-11-29,71.215,72.3346,70.1607,71.48,11760002,,https://api.nasdaq.com/api/quote/UPRO/historical?assetclass=etf&fromdate=2016-07-26&todate=2026-07-26&limit=5000
UPRO,2021-11-30,70.245,71.165,67.155,67.425,20481620,,https://api.nasdaq.com/api/quote/UPRO/historical?assetclass=etf&fromdate=2016-07-26&todate=2026-07-26&limit=5000
UPRO,2021-12-01,69.95,71.315,64.92,65.04,19334476,,https://api.nasdaq.com/api/quote/UPRO/historical?assetclass=etf&fromdate=2016-07-26&todate=2026-07-26&limit=5000
UPRO,2021-12-02,65.11,68.715,64.935,67.975,18059818,,https://api.nasdaq.com/api/quote/UPRO/historical?assetclass=etf&fromdate=2016-07-26&todate=2026-07-26&limit=5000
UPRO,2021-12-03,68.805,69.2895,64.225,66.185,24006540,,https://api.nasdaq.com/api/quote/UPRO/historical?assetclass=etf&fromdate=2016-07-26&todate=2026-07-26&limit=5000
UPRO,2021-12-06,67.4,69.4431,66.275,68.55,16989432,,https://api.nasdaq.com/api/quote/UPRO/historical?assetclass=etf&fromdate=2016-07-26&todate=2026-07-26&limit=5000
UPRO,2021-12-07,71.115,73.1,71.07,72.795,13949892,,https://api.nasdaq.com/api/quote/UPRO/historical?assetclass=etf&fromdate=2016-07-26&todate=2026-07-26&limit=5000
UPRO,2021-12-08,73.04,73.63,72.1513,73.435,8183140,,https://api.nasdaq.com/api/quote/UPRO/historical?assetclass=etf&fromdate=2016-07-26&todate=2026-07-26&limit=5000
UPRO,2021-12-09,72.755,73.205,71.82,71.92,7923086,,https://api.nasdaq.com/api/quote/UPRO/historical?assetclass=etf&fromdate=2016-07-26&todate=2026-07-26&limit=5000
UPRO,2021-12-10,73.24,74.0101,71.975,73.995,11845212,,https://api.nasdaq.com/api/quote/UPRO/historical?assetclass=etf&fromdate=2016-07-26&todate=2026-07-26&limit=5000
UPRO,2021-12-13,73.695,73.84,71.84,72.02,9221734,,https://api.nasdaq.com/api/quote/UPRO/historical?assetclass=etf&fromdate=2016-07-26&todate=2026-07-26&limit=5000
UPRO,2021-12-14,70.32,71.57,69.03,70.51,9927072,,https://api.nasdaq.com/api/quote/UPRO/historical?assetclass=etf&fromdate=2016-07-26&todate=2026-07-26&limit=5000
UPRO,2021-12-15,70.495,73.895,69.2925,73.77,11675822,,https://api.nasdaq.com/api/quote/UPRO/historical?assetclass=etf&fromdate=2016-07-26&todate=2026-07-26&limit=5000
UPRO,2021-12-16,74.7,74.8244,71.02,71.795,14363652,,https://api.nasdaq.com/api/quote/UPRO/historical?assetclass=etf&fromdate=2016-07-26&todate=2026-07-26&limit=5000
UPRO,2021-12-17,70.27,71.755,68.67,69.54,20060340,,https://api.nasdaq.com/api/quote/UPRO/historical?assetclass=etf&fromdate=2016-07-26&todate=2026-07-26&limit=5000
UPRO,2021-12-20,67.05,67.4796,65.5406,67.31,15880140,,https://api.nasdaq.com/api/quote/UPRO/historical?assetclass=etf&fromdate=2016-07-26&todate=2026-07-26&limit=5000
UPRO,2021-12-21,68.905,70.935,67.87,70.875,10337476,,https://api.nasdaq.com/api/quote/UPRO/historical?assetclass=etf&fromdate=2016-07-26&todate=2026-07-26&limit=5000
UPRO,2021-12-22,70.72,73.03,70.64,72.99,8348046,,https://api.nasdaq.com/api/quote/UPRO/historical?assetclass=etf&fromdate=2016-07-26&todate=2026-07-26&limit=5000
UPRO,2021-12-23,73.42,75.03,73.38,74.295,7704086,,https://api.nasdaq.com/api/quote/UPRO/historical?assetclass=etf&fromdate=2016-07-26&todate=2026-07-26&limit=5000
UPRO,2021-12-27,74.985,77.465,74.96,77.425,6228402,,https://api.nasdaq.com/api/quote/UPRO/historical?assetclass=etf&fromdate=2016-07-26&todate=2026-07-26&limit=5000
UPRO,2021-12-28,77.675,78.19,76.855,77.285,6149390,,https://api.nasdaq.com/api/quote/UPRO/historical?assetclass=etf&fromdate=2016-07-26&todate=2026-07-26&limit=5000
UPRO,2021-12-29,77.305,78.065,76.785,77.565,6464988,,https://api.nasdaq.com/api/quote/UPRO/historical?assetclass=etf&fromdate=2016-07-26&todate=2026-07-26&limit=5000
UPRO,2021-12-30,77.705,78.2651,76.66,76.9,6001036,,https://api.nasdaq.com/api/quote/UPRO/historical?assetclass=etf&fromdate=2016-07-26&todate=2026-07-26&limit=5000
UPRO,2021-12-31,76.61,77.22,76.16,76.28,5945164,,https://api.nasdaq.com/api/quote/UPRO/historical?assetclass=etf&fromdate=2016-07-26&todate=2026-07-26&limit=5000
UPRO,2022-01-03,76.96,77.67,75.76,77.615,9503778,,https://api.nasdaq.com/api/quote/UPRO/historical?assetclass=etf&fromdate=2016-07-26&todate=2026-07-26&limit=5000
UPRO,2022-01-04,78.355,78.715,76.58,77.55,11905202,,https://api.nasdaq.com/api/quote/UPRO/historical?assetclass=etf&fromdate=2016-07-26&todate=2026-07-26&limit=5000
UPRO,2022-01-05,77.355,77.73,73.02,73.045,15084026,,https://api.nasdaq.com/api/quote/UPRO/historical?assetclass=etf&fromdate=2016-07-26&todate=2026-07-26&limit=5000
UPRO,2022-01-06,72.855,74.185,71.67,72.845,13981288,,https://api.nasdaq.com/api/quote/UPRO/historical?assetclass=etf&fromdate=2016-07-26&todate=2026-07-26&limit=5000
UPRO,2022-01-07,72.815,73.425,71.3,72.02,13156688,,https://api.nasdaq.com/api/quote/UPRO/historical?assetclass=etf&fromdate=2016-07-26&todate=2026-07-26&limit=5000
UPRO,2022-01-10,70.375,71.81,67.57,71.695,18895806,,https://api.nasdaq.com/api/quote/UPRO/historical?assetclass=etf&fromdate=2016-07-26&todate=2026-07-26&limit=5000
UPRO,2022-01-11,71.565,73.69,70.09,73.665,14850158,,https://api.nasdaq.com/api/quote/UPRO/historical?assetclass=etf&fromdate=2016-07-26&todate=2026-07-26&limit=5000
UPRO,2022-01-12,74.52,75.265,73.27,74.315,10613030,,https://api.nasdaq.com/api/quote/UPRO/historical?assetclass=etf&fromdate=2016-07-26&todate=2026-07-26&limit=5000
UPRO,2022-01-13,74.8,75.1,70.66,71.17,9745449,,https://api.nasdaq.com/api/quote/UPRO/historical?assetclass=etf&fromdate=2016-07-26&todate=2026-07-26&limit=5000
UPRO,2022-01-14,69.58,71.4,69.03,71.23,11007850,,https://api.nasdaq.com/api/quote/UPRO/historical?assetclass=etf&fromdate=2016-07-26&todate=2026-07-26&limit=5000
UPRO,2022-01-18,68.93,69.04,66.92,67.46,11953570,,https://api.nasdaq.com/api/quote/UPRO/historical?assetclass=etf&fromdate=2016-07-26&todate=2026-07-26&limit=5000
UPRO,2022-01-19,68.15,68.81,65.21,65.37,11656150,,https://api.nasdaq.com/api/quote/UPRO/historical?assetclass=etf&fromdate=2016-07-26&todate=2026-07-26&limit=5000
UPRO,2022-01-20,66.19,68.36,62.95,63.19,10739270,,https://api.nasdaq.com/api/quote/UPRO/historical?assetclass=etf&fromdate=2016-07-26&todate=2026-07-26&limit=5000
UPRO,2022-01-21,62.68,63.7,59.43,59.47,23424620,,https://api.nasdaq.com/api/quote/UPRO/historical?assetclass=etf&fromdate=2016-07-26&todate=2026-07-26&limit=5000
UPRO,2022-01-24,56.98,60.4012,52.415,60.21,26598070,,https://api.nasdaq.com/api/quote/UPRO/historical?assetclass=etf&fromdate=2016-07-26&todate=2026-07-26&limit=5000
UPRO,2022-01-25,57.4,60.135,55,57.97,17505260,,https://api.nasdaq.com/api/quote/UPRO/historical?assetclass=etf&fromdate=2016-07-26&todate=2026-07-26&limit=5000
UPRO,2022-01-26,60.43,61.79,55.74,57.6,21162530,,https://api.nasdaq.com/api/quote/UPRO/historical?assetclass=etf&fromdate=2016-07-26&todate=2026-07-26&limit=5000
UPRO,2022-01-27,59.49,60.8,55.97,56.71,18358650,,https://api.nasdaq.com/api/quote/UPRO/historical?assetclass=etf&fromdate=2016-07-26&todate=2026-07-26&limit=5000
UPRO,2022-01-28,57.26,60.9,55.33,60.89,16536650,,https://api.nasdaq.com/api/quote/UPRO/historical?assetclass=etf&fromdate=2016-07-26&todate=2026-07-26&limit=5000
UPRO,2022-01-31,60.57,64.33,60,64.16,9906079,,https://api.nasdaq.com/api/quote/UPRO/historical?assetclass=etf&fromdate=2016-07-26&todate=2026-07-26&limit=5000
UPRO,2022-02-01,64.54,65.77,62.91,65.57,10517000,,https://api.nasdaq.com/api/quote/UPRO/historical?assetclass=etf&fromdate=2016-07-26&todate=2026-07-26&limit=5000
UPRO,2022-02-02,66.55,67.7101,65.52,67.38,11025170,,https://api.nasdaq.com/api/quote/UPRO/historical?assetclass=etf&fromdate=2016-07-26&todate=2026-07-26&limit=5000
UPRO,2022-02-03,64.52,65.43,62.22,62.64,9946034,,https://api.nasdaq.com/api/quote/UPRO/historical?assetclass=etf&fromdate=2016-07-26&todate=2026-07-26&limit=5000
UPRO,2022-02-04,62.53,65.19,61.45,63.51,10979910,,https://api.nasdaq.com/api/quote/UPRO/historical?assetclass=etf&fromdate=2016-07-26&todate=2026-07-26&limit=5000
UPRO,2022-02-07,63.83,64.45,62.27,62.86,7937730,,https://api.nasdaq.com/api/quote/UPRO/historical?assetclass=etf&fromdate=2016-07-26&todate=2026-07-26&limit=5000
UPRO,2022-02-08,62.61,64.825,62.01,64.37,6977310,,https://api.nasdaq.com/api/quote/UPRO/historical?assetclass=etf&fromdate=2016-07-26&todate=2026-07-26&limit=5000
UPRO,2022-02-09,66.27,67.34,66.151,67.2,6949909,,https://api.nasdaq.com/api/quote/UPRO/historical?assetclass=etf&fromdate=2016-07-26&todate=2026-07-26&limit=5000
UPRO,2022-02-10,64.51,67.31,62.68,63.64,11250460,,https://api.nasdaq.com/api/quote/UPRO/historical?assetclass=etf&fromdate=2016-07-26&todate=2026-07-26&limit=5000
UPRO,2022-02-11,63.64,64.57,59.2,59.85,12310990,,https://api.nasdaq.com/api/quote/UPRO/historical?assetclass=etf&fromdate=2016-07-26&todate=2026-07-26&limit=5000
UPRO,2022-02-14,59.59,60.29,57.74,59.26,10146950,,https://api.nasdaq.com/api/quote/UPRO/historical?assetclass=etf&fromdate=2016-07-26&todate=2026-07-26&limit=5000
UPRO,2022-02-15,61.17,62.17,60.93,62.07,6633332,,https://api.nasdaq.com/api/quote/UPRO/historical?assetclass=etf&fromdate=2016-07-26&todate=2026-07-26&limit=5000
UPRO,2022-02-16,61.21,62.919,60.35,62.31,7204308,,https://api.nasdaq.com/api/quote/UPRO/historical?assetclass=etf&fromdate=2016-07-26&todate=2026-07-26&limit=5000
UPRO,2022-02-17,60.9,61.1199,58.04,58.36,8155796,,https://api.nasdaq.com/api/quote/UPRO/historical?assetclass=etf&fromdate=2016-07-26&todate=2026-07-26&limit=5000
UPRO,2022-02-18,58.45,58.95,56.21,57.19,7960812,,https://api.nasdaq.com/api/quote/UPRO/historical?assetclass=etf&fromdate=2016-07-26&todate=2026-07-26&limit=5000
UPRO,2022-02-22,56.245,57.66,53.85,55.37,11100120,,https://api.nasdaq.com/api/quote/UPRO/historical?assetclass=etf&fromdate=2016-07-26&todate=2026-07-26&limit=5000
UPRO,2022-02-23,56.49,56.74,52.14,52.29,12299710,,https://api.nasdaq.com/api/quote/UPRO/historical?assetclass=etf&fromdate=2016-07-26&todate=2026-07-26&limit=5000
UPRO,2022-02-24,48.24,54.89,48.135,54.72,20427330,,https://api.nasdaq.com/api/quote/UPRO/historical?assetclass=etf&fromdate=2016-07-26&todate=2026-07-26&limit=5000
UPRO,2022-02-25,55.21,58.3794,54.575,58.29,12999140,,https://api.nasdaq.com/api/quote/UPRO/historical?assetclass=etf&fromdate=2016-07-26&todate=2026-07-26&limit=5000
UPRO,2022-02-28,56.04,58.51,55.52,57.84,14717810,,https://api.nasdaq.com/api/quote/UPRO/historical?assetclass=etf&fromdate=2016-07-26&todate=2026-07-26&limit=5000
UPRO,2022-03-01,57.32,58.11,54.11,55.28,12756550,,https://api.nasdaq.com/api/quote/UPRO/historical?assetclass=etf&fromdate=2016-07-26&todate=2026-07-26&limit=5000
UPRO,2022-03-02,56.18,58.93,55.855,58.28,12647660,,https://api.nasdaq.com/api/quote/UPRO/historical?assetclass=etf&fromdate=2016-07-26&todate=2026-07-26&limit=5000
UPRO,2022-03-03,59.29,59.56,56.665,57.43,11393610,,https://api.nasdaq.com/api/quote/UPRO/historical?assetclass=etf&fromdate=2016-07-26&todate=2026-07-26&limit=5000
UPRO,2022-03-04,55.85,56.47,54.291,56.04,11200800,,https://api.nasdaq.com/api/quote/UPRO/historical?assetclass=etf&fromdate=2016-07-26&todate=2026-07-26&limit=5000
UPRO,2022-03-07,55.76,55.86,51.02,51.06,14190030,,https://api.nasdaq.com/api/quote/UPRO/historical?assetclass=etf&fromdate=2016-07-26&todate=2026-07-26&limit=5000
UPRO,2022-03-08,51.12,53.87,49.45,49.85,18218420,,https://api.nasdaq.com/api/quote/UPRO/historical?assetclass=etf&fromdate=2016-07-26&todate=2026-07-26&limit=5000
UPRO,2022-03-09,53.11,54.63,52.24,53.9,11558960,,https://api.nasdaq.com/api/quote/UPRO/historical?assetclass=etf&fromdate=2016-07-26&todate=2026-07-26&limit=5000
UPRO,2022-03-10,52,53.51,51.24,53.13,8340878,,https://api.nasdaq.com/api/quote/UPRO/historical?assetclass=etf&fromdate=2016-07-26&todate=2026-07-26&limit=5000
UPRO,2022-03-11,54.13,54.37,50.92,51.14,9386033,,https://api.nasdaq.com/api/quote/UPRO/historical?assetclass=etf&fromdate=2016-07-26&todate=2026-07-26&limit=5000
UPRO,2022-03-14,51.43,52.74,49.54,50,8062450,,https://api.nasdaq.com/api/quote/UPRO/historical?assetclass=etf&fromdate=2016-07-26&todate=2026-07-26&limit=5000
UPRO,2022-03-15,50.98,53.53,50.48,53.3,8322870,,https://api.nasdaq.com/api/quote/UPRO/historical?assetclass=etf&fromdate=2016-07-26&todate=2026-07-26&limit=5000
UPRO,2022-03-16,54.63,56.85,52.75,56.78,11178910,,https://api.nasdaq.com/api/quote/UPRO/historical?assetclass=etf&fromdate=2016-07-26&todate=2026-07-26&limit=5000
UPRO,2022-03-17,55.99,58.98,55.88,58.91,7959775,,https://api.nasdaq.com/api/quote/UPRO/historical?assetclass=etf&fromdate=2016-07-26&todate=2026-07-26&limit=5000
UPRO,2022-03-18,58.3,61.02,57.98,60.85,8160162,,https://api.nasdaq.com/api/quote/UPRO/historical?assetclass=etf&fromdate=2016-07-26&todate=2026-07-26&limit=5000
UPRO,2022-03-21,60.82,61.69,59.3197,60.85,7567364,,https://api.nasdaq.com/api/quote/UPRO/historical?assetclass=etf&fromdate=2016-07-26&todate=2026-07-26&limit=5000
UPRO,2022-03-22,61.46,63.37,61.46,62.93,6256196,,https://api.nasdaq.com/api/quote/UPRO/historical?assetclass=etf&fromdate=2016-07-26&todate=2026-07-26&limit=5000
UPRO,2022-03-23,61.81,62.46,60.48,60.5,6633912,,https://api.nasdaq.com/api/quote/UPRO/historical?assetclass=etf&fromdate=2016-07-26&todate=2026-07-26&limit=5000
UPRO,2022-03-24,61.34,63.21,60.9,63.18,6296206,,https://api.nasdaq.com/api/quote/UPRO/historical?assetclass=etf&fromdate=2016-07-26&todate=2026-07-26&limit=5000
UPRO,2022-03-25,63.52,64.28,62.37,64.13,6121447,,https://api.nasdaq.com/api/quote/UPRO/historical?assetclass=etf&fromdate=2016-07-26&todate=2026-07-26&limit=5000
UPRO,2022-03-28,63.86,65.51,63.03,65.49,7579390,,https://api.nasdaq.com/api/quote/UPRO/historical?assetclass=etf&fromdate=2016-07-26&todate=2026-07-26&limit=5000
UPRO,2022-03-29,67.26,68.16,66.07,67.97,8241242,,https://api.nasdaq.com/api/quote/UPRO/historical?assetclass=etf&fromdate=2016-07-26&todate=2026-07-26&limit=5000
UPRO,2022-03-30,67.43,67.775,65.69,66.72,7682058,,https://api.nasdaq.com/api/quote/UPRO/historical?assetclass=etf&fromdate=2016-07-26&todate=2026-07-26&limit=5000
UPRO,2022-03-31,66.37,66.695,63.55,63.63,9363241,,https://api.nasdaq.com/api/quote/UPRO/historical?assetclass=etf&fromdate=2016-07-26&todate=2026-07-26&limit=5000
UPRO,2022-04-01,64.31,64.36,62.54,64.08,8822282,,https://api.nasdaq.com/api/quote/UPRO/historical?assetclass=etf&fromdate=2016-07-26&todate=2026-07-26&limit=5000
UPRO,2022-04-04,64.19,65.79,63.84,65.77,7030594,,https://api.nasdaq.com/api/quote/UPRO/historical?assetclass=etf&fromdate=2016-07-26&todate=2026-07-26&limit=5000
UPRO,2022-04-05,65.13,66.21,62.75,63.33,8283646,,https://api.nasdaq.com/api/quote/UPRO/historical?assetclass=etf&fromdate=2016-07-26&todate=2026-07-26&limit=5000
UPRO,2022-04-06,61.55,62.39,60.08,61.4,13197220,,https://api.nasdaq.com/api/quote/UPRO/historical?assetclass=etf&fromdate=2016-07-26&todate=2026-07-26&limit=5000
UPRO,2022-04-07,60.99,63.1,60.13,62.3,10488670,,https://api.nasdaq.com/api/quote/UPRO/historical?assetclass=etf&fromdate=2016-07-26&todate=2026-07-26&limit=5000
UPRO,2022-04-08,61.96,63.06,61.11,61.86,8792659,,https://api.nasdaq.com/api/quote/UPRO/historical?assetclass=etf&fromdate=2016-07-26&todate=2026-07-26&limit=5000
UPRO,2022-04-11,60.35,60.71,58.4,58.63,7495754,,https://api.nasdaq.com/api/quote/UPRO/historical?assetclass=etf&fromdate=2016-07-26&todate=2026-07-26&limit=5000
UPRO,2022-04-12,59.86,60.93,57.31,57.95,11892450,,https://api.nasdaq.com/api/quote/UPRO/historical?assetclass=etf&fromdate=2016-07-26&todate=2026-07-26&limit=5000
UPRO,2022-04-13,57.83,60.23,57.77,59.93,8523802,,https://api.nasdaq.com/api/quote/UPRO/historical?assetclass=etf&fromdate=2016-07-26&todate=2026-07-26&limit=5000
UPRO,2022-04-14,60.05,60.51,57.65,57.73,8504760,,https://api.nasdaq.com/api/quote/UPRO/historical?assetclass=etf&fromdate=2016-07-26&todate=2026-07-26&limit=5000
UPRO,2022-04-18,57.26,58.45,56.83,57.75,7283317,,https://api.nasdaq.com/api/quote/UPRO/historical?assetclass=etf&fromdate=2016-07-26&todate=2026-07-26&limit=5000
UPRO,2022-04-19,57.7,60.85,57.64,60.52,7842563,,https://api.nasdaq.com/api/quote/UPRO/historical?assetclass=etf&fromdate=2016-07-26&todate=2026-07-26&limit=5000
UPRO,2022-04-20,61.31,61.575,59.91,60.38,8901944,,https://api.nasdaq.com/api/quote/UPRO/historical?assetclass=etf&fromdate=2016-07-26&todate=2026-07-26&limit=5000
UPRO,2022-04-21,61.96,62.62,57.31,57.69,10186610,,https://api.nasdaq.com/api/quote/UPRO/historical?assetclass=etf&fromdate=2016-07-26&todate=2026-07-26&limit=5000
UPRO,2022-04-22,57.23,57.345,52.71,52.99,11662450,,https://api.nasdaq.com/api/quote/UPRO/historical?assetclass=etf&fromdate=2016-07-26&todate=2026-07-26&limit=5000
UPRO,2022-04-25,52.04,53.9,50.24,53.84,16519740,,https://api.nasdaq.com/api/quote/UPRO/historical?assetclass=etf&fromdate=2016-07-26&todate=2026-07-26&limit=5000
UPRO,2022-04-26,52.81,52.91,49.15,49.19,13666440,,https://api.nasdaq.com/api/quote/UPRO/historical?assetclass=etf&fromdate=2016-07-26&todate=2026-07-26&limit=5000
UPRO,2022-04-27,49.59,51.5862,48.78,49.55,16340700,,https://api.nasdaq.com/api/quote/UPRO/historical?assetclass=etf&fromdate=2016-07-26&todate=2026-07-26&limit=5000
UPRO,2022-04-28,51.37,53.9701,49.69,53.3,12990550,,https://api.nasdaq.com/api/quote/UPRO/historical?assetclass=etf&fromdate=2016-07-26&todate=2026-07-26&limit=5000
UPRO,2022-04-29,51.73,52.6,47.13,47.46,14815680,,https://api.nasdaq.com/api/quote/UPRO/historical?assetclass=etf&fromdate=2016-07-26&todate=2026-07-26&limit=5000
UPRO,2022-05-02,47.42,48.76,45.015,48.29,14769090,,https://api.nasdaq.com/api/quote/UPRO/historical?assetclass=etf&fromdate=2016-07-26&todate=2026-07-26&limit=5000
UPRO,2022-05-03,48.44,49.81,47.87,48.94,12159250,,https://api.nasdaq.com/api/quote/UPRO/historical?assetclass=etf&fromdate=2016-07-26&todate=2026-07-26&limit=5000
UPRO,2022-05-04,49.18,53.59,47.98,53.38,16068650,,https://api.nasdaq.com/api/quote/UPRO/historical?assetclass=etf&fromdate=2016-07-26&todate=2026-07-26&limit=5000
UPRO,2022-05-05,51.71,51.74,46.08,47.74,18436760,,https://api.nasdaq.com/api/quote/UPRO/historical?assetclass=etf&fromdate=2016-07-26&todate=2026-07-26&limit=5000
UPRO,2022-05-06,46.77,48.04,44.8901,46.87,15267710,,https://api.nasdaq.com/api/quote/UPRO/historical?assetclass=etf&fromdate=2016-07-26&todate=2026-07-26&limit=5000
UPRO,2022-05-09,44.69,45.13,41.78,42.37,17618220,,https://api.nasdaq.com/api/quote/UPRO/historical?assetclass=etf&fromdate=2016-07-26&todate=2026-07-26&limit=5000
UPRO,2022-05-10,44.36,44.84,41.26,42.6,15112590,,https://api.nasdaq.com/api/quote/UPRO/historical?assetclass=etf&fromdate=2016-07-26&todate=2026-07-26&limit=5000
UPRO,2022-05-11,42.25,44.19,40.3299,40.58,19481160,,https://api.nasdaq.com/api/quote/UPRO/historical?assetclass=etf&fromdate=2016-07-26&todate=2026-07-26&limit=5000
UPRO,2022-05-12,39.52,41.4914,38.21,40.44,20483040,,https://api.nasdaq.com/api/quote/UPRO/historical?assetclass=etf&fromdate=2016-07-26&todate=2026-07-26&limit=5000
UPRO,2022-05-13,41.79,43.775,41.44,43.33,15028150,,https://api.nasdaq.com/api/quote/UPRO/historical?assetclass=etf&fromdate=2016-07-26&todate=2026-07-26&limit=5000
UPRO,2022-05-16,42.76,44.05,41.98,42.83,10006880,,https://api.nasdaq.com/api/quote/UPRO/historical?assetclass=etf&fromdate=2016-07-26&todate=2026-07-26&limit=5000
UPRO,2022-05-17,44.9,45.51,43.59,45.39,11503890,,https://api.nasdaq.com/api/quote/UPRO/historical?assetclass=etf&fromdate=2016-07-26&todate=2026-07-26&limit=5000
UPRO,2022-05-18,43.82,43.9162,39.51,39.98,12196050,,https://api.nasdaq.com/api/quote/UPRO/historical?assetclass=etf&fromdate=2016-07-26&todate=2026-07-26&limit=5000
UPRO,2022-05-19,38.91,40.6,38.47,39.16,12146680,,https://api.nasdaq.com/api/quote/UPRO/historical?assetclass=etf&fromdate=2016-07-26&todate=2026-07-26&limit=5000
UPRO,2022-05-20,40.33,40.49,36.48,39.23,16970270,,https://api.nasdaq.com/api/quote/UPRO/historical?assetclass=etf&fromdate=2016-07-26&todate=2026-07-26&limit=5000
UPRO,2022-05-23,40.2,41.67,39.45,41.45,14227670,,https://api.nasdaq.com/api/quote/UPRO/historical?assetclass=etf&fromdate=2016-07-26&todate=2026-07-26&limit=5000
UPRO,2022-05-24,40.05,40.8686,38.3,40.5,12892520,,https://api.nasdaq.com/api/quote/UPRO/historical?assetclass=etf&fromdate=2016-07-26&todate=2026-07-26&limit=5000
UPRO,2022-05-25,39.97,42.185,39.87,41.59,13223210,,https://api.nasdaq.com/api/quote/UPRO/historical?assetclass=etf&fromdate=2016-07-26&todate=2026-07-26&limit=5000
UPRO,2022-05-26,41.94,44.56,41.88,44.03,11838390,,https://api.nasdaq.com/api/quote/UPRO/historical?assetclass=etf&fromdate=2016-07-26&todate=2026-07-26&limit=5000
UPRO,2022-05-27,44.86,47.3,44.81,47.28,11222560,,https://api.nasdaq.com/api/quote/UPRO/historical?assetclass=etf&fromdate=2016-07-26&todate=2026-07-26&limit=5000
UPRO,2022-05-31,46.65,47.66,45.47,46.45,12234830,,https://api.nasdaq.com/api/quote/UPRO/historical?assetclass=etf&fromdate=2016-07-26&todate=2026-07-26&limit=5000
UPRO,2022-06-01,47.21,47.56,44.42,45.35,11944360,,https://api.nasdaq.com/api/quote/UPRO/historical?assetclass=etf&fromdate=2016-07-26&todate=2026-07-26&limit=5000
UPRO,2022-06-02,45.28,47.915,44.46,47.88,9721105,,https://api.nasdaq.com/api/quote/UPRO/historical?assetclass=etf&fromdate=2016-07-26&todate=2026-07-26&limit=5000
UPRO,2022-06-03,46.17,46.7386,45.185,45.55,10181170,,https://api.nasdaq.com/api/quote/UPRO/historical?assetclass=etf&fromdate=2016-07-26&todate=2026-07-26&limit=5000
UPRO,2022-06-06,46.94,47.55,45.54,45.92,9246795,,https://api.nasdaq.com/api/quote/UPRO/historical?assetclass=etf&fromdate=2016-07-26&todate=2026-07-26&limit=5000
UPRO,2022-06-07,44.7,47.42,44.54,47.24,8331146,,https://api.nasdaq.com/api/quote/UPRO/historical?assetclass=etf&fromdate=2016-07-26&todate=2026-07-26&limit=5000
UPRO,2022-06-08,46.63,47.275,45.42,45.73,8121568,,https://api.nasdaq.com/api/quote/UPRO/historical?assetclass=etf&fromdate=2016-07-26&todate=2026-07-26&limit=5000
UPRO,2022-06-09,45.08,45.855,42.43,42.44,8270803,,https://api.nasdaq.com/api/quote/UPRO/historical?assetclass=etf&fromdate=2016-07-26&todate=2026-07-26&limit=5000
UPRO,2022-06-10,40.34,40.6189,38.6905,38.73,12564700,,https://api.nasdaq.com/api/quote/UPRO/historical?assetclass=etf&fromdate=2016-07-26&todate=2026-07-26&limit=5000
UPRO,2022-06-13,35.76,36.32,33.79,34.3,14471380,,https://api.nasdaq.com/api/quote/UPRO/historical?assetclass=etf&fromdate=2016-07-26&todate=2026-07-26&limit=5000
UPRO,2022-06-14,34.8,35.08,33.0701,33.96,14149820,,https://api.nasdaq.com/api/quote/UPRO/historical?assetclass=etf&fromdate=2016-07-26&todate=2026-07-26&limit=5000
UPRO,2022-06-15,34.9,36.7,33.49,35.39,19453000,,https://api.nasdaq.com/api/quote/UPRO/historical?assetclass=etf&fromdate=2016-07-26&todate=2026-07-26&limit=5000
UPRO,2022-06-16,32.97,33.08,31.16,32,17307200,,https://api.nasdaq.com/api/quote/UPRO/historical?assetclass=etf&fromdate=2016-07-26&todate=2026-07-26&limit=5000
UPRO,2022-06-17,32,33,31.12,32.07,14457990,,https://api.nasdaq.com/api/quote/UPRO/historical?assetclass=etf&fromdate=2016-07-26&todate=2026-07-26&limit=5000
UPRO,2022-06-21,33.66,34.88,33.64,34.5,8654159,,https://api.nasdaq.com/api/quote/UPRO/historical?assetclass=etf&fromdate=2016-07-26&todate=2026-07-26&limit=5000
UPRO,2022-06-22,33.26,35.5,33.15,34.29,12004880,,https://api.nasdaq.com/api/quote/UPRO/historical?assetclass=etf&fromdate=2016-07-26&todate=2026-07-26&limit=5000
UPRO,2022-06-23,34.9,35.51,33.88,35.29,12507110,,https://api.nasdaq.com/api/quote/UPRO/historical?assetclass=etf&fromdate=2016-07-26&todate=2026-07-26&limit=5000
UPRO,2022-06-24,36.24,38.65,36.2201,38.64,11085920,,https://api.nasdaq.com/api/quote/UPRO/historical?assetclass=etf&fromdate=2016-07-26&todate=2026-07-26&limit=5000
UPRO,2022-06-27,38.96,39.032,37.87,38.26,9407897,,https://api.nasdaq.com/api/quote/UPRO/historical?assetclass=etf&fromdate=2016-07-26&todate=2026-07-26&limit=5000
UPRO,2022-06-28,38.67,39.55,35.82,35.91,13641760,,https://api.nasdaq.com/api/quote/UPRO/historical?assetclass=etf&fromdate=2016-07-26&todate=2026-07-26&limit=5000
UPRO,2022-06-29,36.01,36.3295,35.23,35.78,10002160,,https://api.nasdaq.com/api/quote/UPRO/historical?assetclass=etf&fromdate=2016-07-26&todate=2026-07-26&limit=5000
UPRO,2022-06-30,34.62,35.84,33.56,34.87,13581080,,https://api.nasdaq.com/api/quote/UPRO/historical?assetclass=etf&fromdate=2016-07-26&todate=2026-07-26&limit=5000
UPRO,2022-07-01,34.69,36.1,33.93,35.95,11727340,,https://api.nasdaq.com/api/quote/UPRO/historical?assetclass=etf&fromdate=2016-07-26&todate=2026-07-26&limit=5000
UPRO,2022-07-05,34.46,36.19,33.61,36.16,11786190,,https://api.nasdaq.com/api/quote/UPRO/historical?assetclass=etf&fromdate=2016-07-26&todate=2026-07-26&limit=5000
UPRO,2022-07-06,36.21,37.275,35.5,36.54,9897692,,https://api.nasdaq.com/api/quote/UPRO/historical?assetclass=etf&fromdate=2016-07-26&todate=2026-07-26&limit=5000
UPRO,2022-07-07,37.07,38.395,37.06,38.15,7805812,,https://api.nasdaq.com/api/quote/UPRO/historical?assetclass=etf&fromdate=2016-07-26&todate=2026-07-26&limit=5000
UPRO,2022-07-08,37.63,38.645,37.18,38.08,8808754,,https://api.nasdaq.com/api/quote/UPRO/historical?assetclass=etf&fromdate=2016-07-26&todate=2026-07-26&limit=5000
UPRO,2022-07-11,37.24,37.5291,36.54,36.76,7584000,,https://api.nasdaq.com/api/quote/UPRO/historical?assetclass=etf&fromdate=2016-07-26&todate=2026-07-26&limit=5000
UPRO,2022-07-12,36.59,37.29,35.2499,35.78,9289399,,https://api.nasdaq.com/api/quote/UPRO/historical?assetclass=etf&fromdate=2016-07-26&todate=2026-07-26&limit=5000
UPRO,2022-07-13,34.16,36.07,34.03,35.21,12728740,,https://api.nasdaq.com/api/quote/UPRO/historical?assetclass=etf&fromdate=2016-07-26&todate=2026-07-26&limit=5000
UPRO,2022-07-14,33.72,35.1,33,34.93,11869300,,https://api.nasdaq.com/api/quote/UPRO/historical?assetclass=etf&fromdate=2016-07-26&todate=2026-07-26&limit=5000
UPRO,2022-07-15,36.21,36.95,35.66,36.94,12550350,,https://api.nasdaq.com/api/quote/UPRO/historical?assetclass=etf&fromdate=2016-07-26&todate=2026-07-26&limit=5000
UPRO,2022-07-18,37.84,38.0565,35.63,36.01,9121561,,https://api.nasdaq.com/api/quote/UPRO/historical?assetclass=etf&fromdate=2016-07-26&todate=2026-07-26&limit=5000
UPRO,2022-07-19,37.17,39.07,36.97,38.89,9987018,,https://api.nasdaq.com/api/quote/UPRO/historical?assetclass=etf&fromdate=2016-07-26&todate=2026-07-26&limit=5000
UPRO,2022-07-20,38.94,40.0907,38.54,39.62,13295920,,https://api.nasdaq.com/api/quote/UPRO/historical?assetclass=etf&fromdate=2016-07-26&todate=2026-07-26&limit=5000
UPRO,2022-07-21,39.43,40.85,38.682,40.83,11226960,,https://api.nasdaq.com/api/quote/UPRO/historical?assetclass=etf&fromdate=2016-07-26&todate=2026-07-26&limit=5000
UPRO,2022-07-22,40.87,41.25,38.98,39.74,9853783,,https://api.nasdaq.com/api/quote/UPRO/historical?assetclass=etf&fromdate=2016-07-26&todate=2026-07-26&limit=5000
UPRO,2022-07-25,39.89,40.1,39.13,39.84,6359448,,https://api.nasdaq.com/api/quote/UPRO/historical?assetclass=etf&fromdate=2016-07-26&todate=2026-07-26&limit=5000
UPRO,2022-07-26,39.32,39.365,38.13,38.4,7153131,,https://api.nasdaq.com/api/quote/UPRO/historical?assetclass=etf&fromdate=2016-07-26&todate=2026-07-26&limit=5000
UPRO,2022-07-27,39.42,41.93,39.3445,41.39,10855220,,https://api.nasdaq.com/api/quote/UPRO/historical?assetclass=etf&fromdate=2016-07-26&todate=2026-07-26&limit=5000
UPRO,2022-07-28,41.65,43.16,40.49,42.94,10002190,,https://api.nasdaq.com/api/quote/UPRO/historical?assetclass=etf&fromdate=2016-07-26&todate=2026-07-26&limit=5000
UPRO,2022-07-29,43.45,45.15,43.17,44.85,8342638,,https://api.nasdaq.com/api/quote/UPRO/historical?assetclass=etf&fromdate=2016-07-26&todate=2026-07-26&limit=5000
UPRO,2022-08-01,43.88,45.2676,43.65,44.4,8307817,,https://api.nasdaq.com/api/quote/UPRO/historical?assetclass=etf&fromdate=2016-07-26&todate=2026-07-26&limit=5000
UPRO,2022-08-02,43.86,45.12,43.12,43.54,9022804,,https://api.nasdaq.com/api/quote/UPRO/historical?assetclass=etf&fromdate=2016-07-26&todate=2026-07-26&limit=5000
UPRO,2022-08-03,44.24,45.95,44.14,45.52,7469680,,https://api.nasdaq.com/api/quote/UPRO/historical?assetclass=etf&fromdate=2016-07-26&todate=2026-07-26&limit=5000
UPRO,2022-08-04,45.51,45.74,44.86,45.44,6924713,,https://api.nasdaq.com/api/quote/UPRO/historical?assetclass=etf&fromdate=2016-07-26&todate=2026-07-26&limit=5000
UPRO,2022-08-05,43.95,45.42,43.93,45.18,8026767,,https://api.nasdaq.com/api/quote/UPRO/historical?assetclass=etf&fromdate=2016-07-26&todate=2026-07-26&limit=5000
UPRO,2022-08-08,45.77,46.55,44.655,45.05,7159033,,https://api.nasdaq.com/api/quote/UPRO/historical?assetclass=etf&fromdate=2016-07-26&todate=2026-07-26&limit=5000
UPRO,2022-08-09,44.8,44.93,44.11,44.47,5361560,,https://api.nasdaq.com/api/quote/UPRO/historical?assetclass=etf&fromdate=2016-07-26&todate=2026-07-26&limit=5000
UPRO,2022-08-10,46.89,47.33,46.235,47.25,7920204,,https://api.nasdaq.com/api/quote/UPRO/historical?assetclass=etf&fromdate=2016-07-26&todate=2026-07-26&limit=5000
UPRO,2022-08-11,48.25,48.9201,47,47.26,6598972,,https://api.nasdaq.com/api/quote/UPRO/historical?assetclass=etf&fromdate=2016-07-26&todate=2026-07-26&limit=5000
UPRO,2022-08-12,47.94,49.67,47.6,49.63,5762680,,https://api.nasdaq.com/api/quote/UPRO/historical?assetclass=etf&fromdate=2016-07-26&todate=2026-07-26&limit=5000
UPRO,2022-08-15,48.8,50.43,48.8,50.24,6238111,,https://api.nasdaq.com/api/quote/UPRO/historical?assetclass=etf&fromdate=2016-07-26&todate=2026-07-26&limit=5000
UPRO,2022-08-16,49.85,51.2499,49.54,50.53,6616732,,https://api.nasdaq.com/api/quote/UPRO/historical?assetclass=etf&fromdate=2016-07-26&todate=2026-07-26&limit=5000
UPRO,2022-08-17,49.19,50.45,48.7,49.44,7784081,,https://api.nasdaq.com/api/quote/UPRO/historical?assetclass=etf&fromdate=2016-07-26&todate=2026-07-26&limit=5000
UPRO,2022-08-18,49.48,50.095,49.01,49.84,5618567,,https://api.nasdaq.com/api/quote/UPRO/historical?assetclass=etf&fromdate=2016-07-26&todate=2026-07-26&limit=5000
UPRO,2022-08-19,48.83,48.9199,47.5,47.85,6570556,,https://api.nasdaq.com/api/quote/UPRO/historical?assetclass=etf&fromdate=2016-07-26&todate=2026-07-26&limit=5000
UPRO,2022-08-22,46.07,46.13,44.4926,44.83,8335688,,https://api.nasdaq.com/api/quote/UPRO/historical?assetclass=etf&fromdate=2016-07-26&todate=2026-07-26&limit=5000
UPRO,2022-08-23,44.64,45.485,44.3,44.49,7140870,,https://api.nasdaq.com/api/quote/UPRO/historical?assetclass=etf&fromdate=2016-07-26&todate=2026-07-26&limit=5000
UPRO,2022-08-24,44.39,45.37,44.17,44.87,6116992,,https://api.nasdaq.com/api/quote/UPRO/historical?assetclass=etf&fromdate=2016-07-26&todate=2026-07-26&limit=5000
UPRO,2022-08-25,45.38,46.795,45.025,46.78,6910521,,https://api.nasdaq.com/api/quote/UPRO/historical?assetclass=etf&fromdate=2016-07-26&todate=2026-07-26&limit=5000
UPRO,2022-08-26,46.74,46.92,42,42,11974060,,https://api.nasdaq.com/api/quote/UPRO/historical?assetclass=etf&fromdate=2016-07-26&todate=2026-07-26&limit=5000
UPRO,2022-08-29,41.02,42.165,40.725,41.18,5511523,,https://api.nasdaq.com/api/quote/UPRO/historical?assetclass=etf&fromdate=2016-07-26&todate=2026-07-26&limit=5000
UPRO,2022-08-30,41.54,41.61,39.13,39.8,8926733,,https://api.nasdaq.com/api/quote/UPRO/historical?assetclass=etf&fromdate=2016-07-26&todate=2026-07-26&limit=5000
UPRO,2022-08-31,40.31,40.7,38.84,38.87,8803815,,https://api.nasdaq.com/api/quote/UPRO/historical?assetclass=etf&fromdate=2016-07-26&todate=2026-07-26&limit=5000
UPRO,2022-09-01,38.16,39.32,37.33,39.21,12426000,,https://api.nasdaq.com/api/quote/UPRO/historical?assetclass=etf&fromdate=2016-07-26&todate=2026-07-26&limit=5000
UPRO,2022-09-02,40.38,40.7474,37.39,37.98,14563080,,https://api.nasdaq.com/api/quote/UPRO/historical?assetclass=etf&fromdate=2016-07-26&todate=2026-07-26&limit=5000
UPRO,2022-09-06,38.22,38.5002,36.85,37.53,10780340,,https://api.nasdaq.com/api/quote/UPRO/historical?assetclass=etf&fromdate=2016-07-26&todate=2026-07-26&limit=5000
UPRO,2022-09-07,37.43,39.77,37.38,39.54,8421948,,https://api.nasdaq.com/api/quote/UPRO/historical?assetclass=etf&fromdate=2016-07-26&todate=2026-07-26&limit=5000
UPRO,2022-09-08,38.77,40.43,38.43,40.29,12543610,,https://api.nasdaq.com/api/quote/UPRO/historical?assetclass=etf&fromdate=2016-07-26&todate=2026-07-26&limit=5000
UPRO,2022-09-09,41.03,42.44,40.9216,42.16,7645930,,https://api.nasdaq.com/api/quote/UPRO/historical?assetclass=etf&fromdate=2016-07-26&todate=2026-07-26&limit=5000
UPRO,2022-09-12,42.85,43.76,42.75,43.51,7244753,,https://api.nasdaq.com/api/quote/UPRO/historical?assetclass=etf&fromdate=2016-07-26&todate=2026-07-26&limit=5000
UPRO,2022-09-13,40.58,41.0021,37.465,37.86,11696480,,https://api.nasdaq.com/api/quote/UPRO/historical?assetclass=etf&fromdate=2016-07-26&todate=2026-07-26&limit=5000
UPRO,2022-09-14,38.23,38.71,37.25,38.24,6772221,,https://api.nasdaq.com/api/quote/UPRO/historical?assetclass=etf&fromdate=2016-07-26&todate=2026-07-26&limit=5000
UPRO,2022-09-15,37.72,38.62,36.535,36.95,10567870,,https://api.nasdaq.com/api/quote/UPRO/historical?assetclass=etf&fromdate=2016-07-26&todate=2026-07-26&limit=5000
UPRO,2022-09-16,35.65,36.265,35.09,36.1,11593610,,https://api.nasdaq.com/api/quote/UPRO/historical?assetclass=etf&fromdate=2016-07-26&todate=2026-07-26&limit=5000
UPRO,2022-09-19,35.14,36.895,35.115,36.89,9851780,,https://api.nasdaq.com/api/quote/UPRO/historical?assetclass=etf&fromdate=2016-07-26&todate=2026-07-26&limit=5000
UPRO,2022-09-20,35.91,36.185,34.8,35.66,12608580,,https://api.nasdaq.com/api/quote/UPRO/historical?assetclass=etf&fromdate=2016-07-26&todate=2026-07-26&limit=5000
UPRO,2022-09-21,36.19,37.07,33.76,33.76,16503760,,https://api.nasdaq.com/api/quote/UPRO/historical?assetclass=etf&fromdate=2016-07-26&todate=2026-07-26&limit=5000
UPRO,2022-09-22,33.5,33.8,32.665,32.89,12424520,,https://api.nasdaq.com/api/quote/UPRO/historical?assetclass=etf&fromdate=2016-07-26&todate=2026-07-26&limit=5000
UPRO,2022-09-23,31.9,31.9297,30,31.2,16917460,,https://api.nasdaq.com/api/quote/UPRO/historical?assetclass=etf&fromdate=2016-07-26&todate=2026-07-26&limit=5000
UPRO,2022-09-26,30.83,31.78,29.95,30.28,16036360,,https://api.nasdaq.com/api/quote/UPRO/historical?assetclass=etf&fromdate=2016-07-26&todate=2026-07-26&limit=5000
UPRO,2022-09-27,31.22,31.79,29.42,30.06,19343640,,https://api.nasdaq.com/api/quote/UPRO/historical?assetclass=etf&fromdate=2016-07-26&todate=2026-07-26&limit=5000
UPRO,2022-09-28,30.3,32.2499,29.84,31.78,15903250,,https://api.nasdaq.com/api/quote/UPRO/historical?assetclass=etf&fromdate=2016-07-26&todate=2026-07-26&limit=5000
UPRO,2022-09-29,30.83,30.9099,29,29.78,19154500,,https://api.nasdaq.com/api/quote/UPRO/historical?assetclass=etf&fromdate=2016-07-26&todate=2026-07-26&limit=5000
UPRO,2022-09-30,29.57,30.545,28.385,28.41,18747270,,https://api.nasdaq.com/api/quote/UPRO/historical?assetclass=etf&fromdate=2016-07-26&todate=2026-07-26&limit=5000
UPRO,2022-10-03,29.33,31.11,28.88,30.65,14928910,,https://api.nasdaq.com/api/quote/UPRO/historical?assetclass=etf&fromdate=2016-07-26&todate=2026-07-26&limit=5000
UPRO,2022-10-04,32.08,33.48,32.07,33.47,17376060,,https://api.nasdaq.com/api/quote/UPRO/historical?assetclass=etf&fromdate=2016-07-26&todate=2026-07-26&limit=5000
UPRO,2022-10-05,32.26,33.87,31.6,33.21,18489300,,https://api.nasdaq.com/api/quote/UPRO/historical?assetclass=etf&fromdate=2016-07-26&todate=2026-07-26&limit=5000
UPRO,2022-10-06,32.8,33.64,32.03,32.18,14380930,,https://api.nasdaq.com/api/quote/UPRO/historical?assetclass=etf&fromdate=2016-07-26&todate=2026-07-26&limit=5000
UPRO,2022-10-07,31.07,31.1599,29,29.49,16822620,,https://api.nasdaq.com/api/quote/UPRO/historical?assetclass=etf&fromdate=2016-07-26&todate=2026-07-26&limit=5000
UPRO,2022-10-10,29.75,29.82,28.22,28.84,15989140,,https://api.nasdaq.com/api/quote/UPRO/historical?assetclass=etf&fromdate=2016-07-26&todate=2026-07-26&limit=5000
UPRO,2022-10-11,28.38,29.51,27.75,28.23,17495840,,https://api.nasdaq.com/api/quote/UPRO/historical?assetclass=etf&fromdate=2016-07-26&todate=2026-07-26&limit=5000
UPRO,2022-10-12,28.33,28.7275,27.9,27.97,12269390,,https://api.nasdaq.com/api/quote/UPRO/historical?assetclass=etf&fromdate=2016-07-26&todate=2026-07-26&limit=5000
UPRO,2022-10-13,26.2,30.5,25.94,30.14,26105150,,https://api.nasdaq.com/api/quote/UPRO/historical?assetclass=etf&fromdate=2016-07-26&todate=2026-07-26&limit=5000
UPRO,2022-10-14,30.79,31.19,27.92,28.08,20903650,,https://api.nasdaq.com/api/quote/UPRO/historical?assetclass=etf&fromdate=2016-07-26&todate=2026-07-26&limit=5000
UPRO,2022-10-17,29.59,30.5,29.56,30.21,14569320,,https://api.nasdaq.com/api/quote/UPRO/historical?assetclass=etf&fromdate=2016-07-26&todate=2026-07-26&limit=5000
UPRO,2022-10-18,32.3,32.35,30.3999,31.11,24385620,,https://api.nasdaq.com/api/quote/UPRO/historical?assetclass=etf&fromdate=2016-07-26&todate=2026-07-26&limit=5000
UPRO,2022-10-19,30.72,31.455,29.86,30.63,13506590,,https://api.nasdaq.com/api/quote/UPRO/historical?assetclass=etf&fromdate=2016-07-26&todate=2026-07-26&limit=5000
UPRO,2022-10-20,30.47,31.61,29.61,29.82,14523050,,https://api.nasdaq.com/api/quote/UPRO/historical?assetclass=etf&fromdate=2016-07-26&todate=2026-07-26&limit=5000
UPRO,2022-10-21,29.72,32.1,29.35,31.97,17892360,,https://api.nasdaq.com/api/quote/UPRO/historical?assetclass=etf&fromdate=2016-07-26&todate=2026-07-26&limit=5000
UPRO,2022-10-24,32.4,33.4494,31.67,33.13,16027100,,https://api.nasdaq.com/api/quote/UPRO/historical?assetclass=etf&fromdate=2016-07-26&todate=2026-07-26&limit=5000
UPRO,2022-10-25,33.12,34.8141,33.09,34.73,17358750,,https://api.nasdaq.com/api/quote/UPRO/historical?assetclass=etf&fromdate=2016-07-26&todate=2026-07-26&limit=5000
UPRO,2022-10-26,33.83,35.44,33.755,33.96,17530950,,https://api.nasdaq.com/api/quote/UPRO/historical?assetclass=etf&fromdate=2016-07-26&todate=2026-07-26&limit=5000
UPRO,2022-10-27,34.22,34.7,33.19,33.37,14456270,,https://api.nasdaq.com/api/quote/UPRO/historical?assetclass=etf&fromdate=2016-07-26&todate=2026-07-26&limit=5000
UPRO,2022-10-28,33.32,35.8796,33.28,35.71,16002410,,https://api.nasdaq.com/api/quote/UPRO/historical?assetclass=etf&fromdate=2016-07-26&todate=2026-07-26&limit=5000
UPRO,2022-10-31,35,35.55,34.68,34.96,15301710,,https://api.nasdaq.com/api/quote/UPRO/historical?assetclass=etf&fromdate=2016-07-26&todate=2026-07-26&limit=5000
UPRO,2022-11-01,36,36.0777,34.14,34.5,13091100,,https://api.nasdaq.com/api/quote/UPRO/historical?assetclass=etf&fromdate=2016-07-26&todate=2026-07-26&limit=5000
UPRO,2022-11-02,34.32,35.59,31.85,31.88,22382620,,https://api.nasdaq.com/api/quote/UPRO/historical?assetclass=etf&fromdate=2016-07-26&todate=2026-07-26&limit=5000
UPRO,2022-11-03,30.97,31.665,30.29,30.84,19157690,,https://api.nasdaq.com/api/quote/UPRO/historical?assetclass=etf&fromdate=2016-07-26&todate=2026-07-26&limit=5000
UPRO,2022-11-04,32.33,32.815,30.6,32.18,21279290,,https://api.nasdaq.com/api/quote/UPRO/historical?assetclass=etf&fromdate=2016-07-26&todate=2026-07-26&limit=5000
UPRO,2022-11-07,32.52,33.25,31.9704,33.11,12186670,,https://api.nasdaq.com/api/quote/UPRO/historical?assetclass=etf&fromdate=2016-07-26&todate=2026-07-26&limit=5000
UPRO,2022-11-08,33.39,34.44,32.5,33.61,16032140,,https://api.nasdaq.com/api/quote/UPRO/historical?assetclass=etf&fromdate=2016-07-26&todate=2026-07-26&limit=5000
UPRO,2022-11-09,33,33.35,31.38,31.51,13833200,,https://api.nasdaq.com/api/quote/UPRO/historical?assetclass=etf&fromdate=2016-07-26&todate=2026-07-26&limit=5000
UPRO,2022-11-10,34.98,36.795,34.41,36.69,19784800,,https://api.nasdaq.com/api/quote/UPRO/historical?assetclass=etf&fromdate=2016-07-26&todate=2026-07-26&limit=5000
UPRO,2022-11-11,36.97,38,36.41,37.78,15045850,,https://api.nasdaq.com/api/quote/UPRO/historical?assetclass=etf&fromdate=2016-07-26&todate=2026-07-26&limit=5000
UPRO,2022-11-14,37.24,38.23,36.72,36.82,11806320,,https://api.nasdaq.com/api/quote/UPRO/historical?assetclass=etf&fromdate=2016-07-26&todate=2026-07-26&limit=5000
UPRO,2022-11-15,38.47,38.7982,36.61,37.75,18012010,,https://api.nasdaq.com/api/quote/UPRO/historical?assetclass=etf&fromdate=2016-07-26&todate=2026-07-26&limit=5000
UPRO,2022-11-16,37.23,37.5,36.66,36.87,8990705,,https://api.nasdaq.com/api/quote/UPRO/historical?assetclass=etf&fromdate=2016-07-26&todate=2026-07-26&limit=5000
UPRO,2022-11-17,35.41,36.6621,35.3226,36.47,11901270,,https://api.nasdaq.com/api/quote/UPRO/historical?assetclass=etf&fromdate=2016-07-26&todate=2026-07-26&limit=5000
UPRO,2022-11-18,37.45,37.45,36.13,36.96,11520440,,https://api.nasdaq.com/api/quote/UPRO/historical?assetclass=etf&fromdate=2016-07-26&todate=2026-07-26&limit=5000
UPRO,2022-11-21,36.56,36.89,36,36.54,6462998,,https://api.nasdaq.com/api/quote/UPRO/historical?assetclass=etf&fromdate=2016-07-26&todate=2026-07-26&limit=5000
UPRO,2022-11-22,37.09,38.05,36.68,38.01,10610050,,https://api.nasdaq.com/api/quote/UPRO/historical?assetclass=etf&fromdate=2016-07-26&todate=2026-07-26&limit=5000
UPRO,2022-11-23,37.86,38.84,37.81,38.68,9312846,,https://api.nasdaq.com/api/quote/UPRO/historical?assetclass=etf&fromdate=2016-07-26&todate=2026-07-26&limit=5000
UPRO,2022-11-25,38.52,38.8299,38.43,38.64,2725993,,https://api.nasdaq.com/api/quote/UPRO/historical?assetclass=etf&fromdate=2016-07-26&todate=2026-07-26&limit=5000
UPRO,2022-11-28,37.7,38.21,36.57,36.82,7872344,,https://api.nasdaq.com/api/quote/UPRO/historical?assetclass=etf&fromdate=2016-07-26&todate=2026-07-26&limit=5000
UPRO,2022-11-29,36.83,37.16,36.05,36.58,8459109,,https://api.nasdaq.com/api/quote/UPRO/historical?assetclass=etf&fromdate=2016-07-26&todate=2026-07-26&limit=5000
UPRO,2022-11-30,36.66,40,36.09,39.99,17124080,,https://api.nasdaq.com/api/quote/UPRO/historical?assetclass=etf&fromdate=2016-07-26&todate=2026-07-26&limit=5000
UPRO,2022-12-01,40.37,40.71,39.15,39.93,12623580,,https://api.nasdaq.com/api/quote/UPRO/historical?assetclass=etf&fromdate=2016-07-26&todate=2026-07-26&limit=5000
UPRO,2022-12-02,38.39,40.05,38.371,39.76,10559040,,https://api.nasdaq.com/api/quote/UPRO/historical?assetclass=etf&fromdate=2016-07-26&todate=2026-07-26&limit=5000
UPRO,2022-12-05,38.9,39.2,37.21,37.59,13138320,,https://api.nasdaq.com/api/quote/UPRO/historical?assetclass=etf&fromdate=2016-07-26&todate=2026-07-26&limit=5000
UPRO,2022-12-06,37.54,37.7,35.34,35.98,11008460,,https://api.nasdaq.com/api/quote/UPRO/historical?assetclass=etf&fromdate=2016-07-26&todate=2026-07-26&limit=5000
UPRO,2022-12-07,35.69,36.4593,35.45,35.78,11443080,,https://api.nasdaq.com/api/quote/UPRO/historical?assetclass=etf&fromdate=2016-07-26&todate=2026-07-26&limit=5000
UPRO,2022-12-08,36.27,36.89,35.83,36.6,14053410,,https://api.nasdaq.com/api/quote/UPRO/historical?assetclass=etf&fromdate=2016-07-26&todate=2026-07-26&limit=5000
UPRO,2022-12-09,36.229,36.9675,35.73,35.76,11692250,,https://api.nasdaq.com/api/quote/UPRO/historical?assetclass=etf&fromdate=2016-07-26&todate=2026-07-26&limit=5000
UPRO,2022-12-12,35.99,37.3,35.79,37.3,8200026,,https://api.nasdaq.com/api/quote/UPRO/historical?assetclass=etf&fromdate=2016-07-26&todate=2026-07-26&limit=5000
UPRO,2022-12-13,40.46,40.49,37.33,38.11,23598650,,https://api.nasdaq.com/api/quote/UPRO/historical?assetclass=etf&fromdate=2016-07-26&todate=2026-07-26&limit=5000
UPRO,2022-12-14,38.02,39.17,36.51,37.41,17369490,,https://api.nasdaq.com/api/quote/UPRO/historical?assetclass=etf&fromdate=2016-07-26&todate=2026-07-26&limit=5000
UPRO,2022-12-15,35.94,36.19,34.115,34.63,14922580,,https://api.nasdaq.com/api/quote/UPRO/historical?assetclass=etf&fromdate=2016-07-26&todate=2026-07-26&limit=5000
UPRO,2022-12-16,33.9,34.255,32.77,33.37,12182740,,https://api.nasdaq.com/api/quote/UPRO/historical?assetclass=etf&fromdate=2016-07-26&todate=2026-07-26&limit=5000
UPRO,2022-12-19,33.4,33.5042,32.07,32.52,10228150,,https://api.nasdaq.com/api/quote/UPRO/historical?assetclass=etf&fromdate=2016-07-26&todate=2026-07-26&limit=5000
UPRO,2022-12-20,32.3,33.07,31.955,32.62,10743100,,https://api.nasdaq.com/api/quote/UPRO/historical?assetclass=etf&fromdate=2016-07-26&todate=2026-07-26&limit=5000
UPRO,2022-12-21,33.34,34.4,33.18,34.09,10598840,,https://api.nasdaq.com/api/quote/UPRO/historical?assetclass=etf&fromdate=2016-07-26&todate=2026-07-26&limit=5000
UPRO,2022-12-22,33.07,33.15,30.89,32.49,19509370,,https://api.nasdaq.com/api/quote/UPRO/historical?assetclass=etf&fromdate=2016-07-26&todate=2026-07-26&limit=5000
UPRO,2022-12-23,32.18,33.04,31.765,32.98,12096990,,https://api.nasdaq.com/api/quote/UPRO/historical?assetclass=etf&fromdate=2016-07-26&todate=2026-07-26&limit=5000
UPRO,2022-12-27,32.98,33.06,32.15,32.61,8897369,,https://api.nasdaq.com/api/quote/UPRO/historical?assetclass=etf&fromdate=2016-07-26&todate=2026-07-26&limit=5000
UPRO,2022-12-28,32.59,33.1,31.33,31.39,11445950,,https://api.nasdaq.com/api/quote/UPRO/historical?assetclass=etf&fromdate=2016-07-26&todate=2026-07-26&limit=5000
UPRO,2022-12-29,32.08,33.25,31.94,32.99,14159740,,https://api.nasdaq.com/api/quote/UPRO/historical?assetclass=etf&fromdate=2016-07-26&todate=2026-07-26&limit=5000
UPRO,2022-12-30,32.3,32.79,31.73,32.77,11616240,,https://api.nasdaq.com/api/quote/UPRO/historical?assetclass=etf&fromdate=2016-07-26&todate=2026-07-26&limit=5000
UPRO,2023-01-03,33.27,33.77,31.56,32.34,13371290,,https://api.nasdaq.com/api/quote/UPRO/historical?assetclass=etf&fromdate=2016-07-26&todate=2026-07-26&limit=5000
UPRO,2023-01-04,32.91,33.61,32.1199,33.05,11186210,,https://api.nasdaq.com/api/quote/UPRO/historical?assetclass=etf&fromdate=2016-07-26&todate=2026-07-26&limit=5000
UPRO,2023-01-05,32.52,32.54,31.754,31.91,12147580,,https://api.nasdaq.com/api/quote/UPRO/historical?assetclass=etf&fromdate=2016-07-26&todate=2026-07-26&limit=5000
UPRO,2023-01-06,32.71,34.38,31.9101,34.07,13922220,,https://api.nasdaq.com/api/quote/UPRO/historical?assetclass=etf&fromdate=2016-07-26&todate=2026-07-26&limit=5000
UPRO,2023-01-09,34.67,35.55,33.96,34.03,11496180,,https://api.nasdaq.com/api/quote/UPRO/historical?assetclass=etf&fromdate=2016-07-26&todate=2026-07-26&limit=5000
UPRO,2023-01-10,33.85,34.735,33.59,34.72,9266154,,https://api.nasdaq.com/api/quote/UPRO/historical?assetclass=etf&fromdate=2016-07-26&todate=2026-07-26&limit=5000
UPRO,2023-01-11,35.18,36.0499,34.93,36.01,8903521,,https://api.nasdaq.com/api/quote/UPRO/historical?assetclass=etf&fromdate=2016-07-26&todate=2026-07-26&limit=5000
UPRO,2023-01-12,36.3,36.78,35.14,36.38,14066070,,https://api.nasdaq.com/api/quote/UPRO/historical?assetclass=etf&fromdate=2016-07-26&todate=2026-07-26&limit=5000
UPRO,2023-01-13,35.46,36.95,35.38,36.79,8969252,,https://api.nasdaq.com/api/quote/UPRO/historical?assetclass=etf&fromdate=2016-07-26&todate=2026-07-26&limit=5000
UPRO,2023-01-17,36.81,37.26,36.38,36.59,9069872,,https://api.nasdaq.com/api/quote/UPRO/historical?assetclass=etf&fromdate=2016-07-26&todate=2026-07-26&limit=5000
UPRO,2023-01-18,36.92,37.21,34.78,34.86,10953320,,https://api.nasdaq.com/api/quote/UPRO/historical?assetclass=etf&fromdate=2016-07-26&todate=2026-07-26&limit=5000
UPRO,2023-01-19,34.235,34.6885,33.67,34.05,10568760,,https://api.nasdaq.com/api/quote/UPRO/historical?assetclass=etf&fromdate=2016-07-26&todate=2026-07-26&limit=5000
UPRO,2023-01-20,34.41,35.97,33.97,35.9,10222920,,https://api.nasdaq.com/api/quote/UPRO/historical?assetclass=etf&fromdate=2016-07-26&todate=2026-07-26&limit=5000
UPRO,2023-01-23,36.15,37.7601,35.88,37.21,10939900,,https://api.nasdaq.com/api/quote/UPRO/historical?assetclass=etf&fromdate=2016-07-26&todate=2026-07-26&limit=5000
UPRO,2023-01-24,36.74,37.3477,36.37,37.08,7445519,,https://api.nasdaq.com/api/quote/UPRO/historical?assetclass=etf&fromdate=2016-07-26&todate=2026-07-26&limit=5000
UPRO,2023-01-25,35.88,37.2,35.23,37.12,11463660,,https://api.nasdaq.com/api/quote/UPRO/historical?assetclass=etf&fromdate=2016-07-26&todate=2026-07-26&limit=5000
UPRO,2023-01-26,37.85,38.34,36.99,38.27,11491380,,https://api.nasdaq.com/api/quote/UPRO/historical?assetclass=etf&fromdate=2016-07-26&todate=2026-07-26&limit=5000
UPRO,2023-01-27,37.99,39.2572,37.92,38.55,10621700,,https://api.nasdaq.com/api/quote/UPRO/historical?assetclass=etf&fromdate=2016-07-26&todate=2026-07-26&limit=5000
UPRO,2023-01-30,37.72,38.38,37.01,37.11,8956382,,https://api.nasdaq.com/api/quote/UPRO/historical?assetclass=etf&fromdate=2016-07-26&todate=2026-07-26&limit=5000
UPRO,2023-01-31,37.22,38.71,37.13,38.71,7990114,,https://api.nasdaq.com/api/quote/UPRO/historical?assetclass=etf&fromdate=2016-07-26&todate=2026-07-26&limit=5000
UPRO,2023-02-01,38.34,40.7501,37.52,39.91,14755710,,https://api.nasdaq.com/api/quote/UPRO/historical?assetclass=etf&fromdate=2016-07-26&todate=2026-07-26&limit=5000
UPRO,2023-02-02,41.1,42.085,40.5,41.63,14382150,,https://api.nasdaq.com/api/quote/UPRO/historical?assetclass=etf&fromdate=2016-07-26&todate=2026-07-26&limit=5000
UPRO,2023-02-03,40.08,41.69,39.92,40.3,16025130,,https://api.nasdaq.com/api/quote/UPRO/historical?assetclass=etf&fromdate=2016-07-26&todate=2026-07-26&limit=5000
UPRO,2023-02-06,39.55,39.98,39.04,39.59,9688909,,https://api.nasdaq.com/api/quote/UPRO/historical?assetclass=etf&fromdate=2016-07-26&todate=2026-07-26&limit=5000
UPRO,2023-02-07,39.26,41.46,38.88,41.1,15104590,,https://api.nasdaq.com/api/quote/UPRO/historical?assetclass=etf&fromdate=2016-07-26&todate=2026-07-26&limit=5000
UPRO,2023-02-08,40.49,40.89,39.52,39.75,11120060,,https://api.nasdaq.com/api/quote/UPRO/historical?assetclass=etf&fromdate=2016-07-26&todate=2026-07-26&limit=5000
UPRO,2023-02-09,40.8,40.82,38.29,38.68,11354520,,https://api.nasdaq.com/api/quote/UPRO/historical?assetclass=etf&fromdate=2016-07-26&todate=2026-07-26&limit=5000
UPRO,2023-02-10,38.29,39.03,38.06,38.89,9314030,,https://api.nasdaq.com/api/quote/UPRO/historical?assetclass=etf&fromdate=2016-07-26&todate=2026-07-26&limit=5000
UPRO,2023-02-13,39.12,40.3,38.96,40.25,10119330,,https://api.nasdaq.com/api/quote/UPRO/historical?assetclass=etf&fromdate=2016-07-26&todate=2026-07-26&limit=5000
UPRO,2023-02-14,39.81,40.905,38.98,40.19,18494210,,https://api.nasdaq.com/api/quote/UPRO/historical?assetclass=etf&fromdate=2016-07-26&todate=2026-07-26&limit=5000
UPRO,2023-02-15,39.52,40.61,39.27,40.56,7793917,,https://api.nasdaq.com/api/quote/UPRO/historical?assetclass=etf&fromdate=2016-07-26&todate=2026-07-26&limit=5000
UPRO,2023-02-16,39.01,40.205,38.82,38.86,13014460,,https://api.nasdaq.com/api/quote/UPRO/historical?assetclass=etf&fromdate=2016-07-26&todate=2026-07-26&limit=5000
UPRO,2023-02-17,38.2,38.61,37.6294,38.54,9892524,,https://api.nasdaq.com/api/quote/UPRO/historical?assetclass=etf&fromdate=2016-07-26&todate=2026-07-26&limit=5000
UPRO,2023-02-21,37.35,37.6307,36.12,36.23,9930160,,https://api.nasdaq.com/api/quote/UPRO/historical?assetclass=etf&fromdate=2016-07-26&todate=2026-07-26&limit=5000
UPRO,2023-02-22,36.33,36.75,35.63,36.07,14889370,,https://api.nasdaq.com/api/quote/UPRO/historical?assetclass=etf&fromdate=2016-07-26&todate=2026-07-26&limit=5000
UPRO,2023-02-23,36.85,37,35.39,36.57,14245850,,https://api.nasdaq.com/api/quote/UPRO/historical?assetclass=etf&fromdate=2016-07-26&todate=2026-07-26&limit=5000
UPRO,2023-02-24,35.12,35.63,34.65,35.39,13102820,,https://api.nasdaq.com/api/quote/UPRO/historical?assetclass=etf&fromdate=2016-07-26&todate=2026-07-26&limit=5000
UPRO,2023-02-27,36.34,36.7,35.49,35.73,8582925,,https://api.nasdaq.com/api/quote/UPRO/historical?assetclass=etf&fromdate=2016-07-26&todate=2026-07-26&limit=5000
UPRO,2023-02-28,35.61,36.1501,35.31,35.33,8849045,,https://api.nasdaq.com/api/quote/UPRO/historical?assetclass=etf&fromdate=2016-07-26&todate=2026-07-26&limit=5000
UPRO,2023-03-01,35.1,35.44,34.55,34.92,10215840,,https://api.nasdaq.com/api/quote/UPRO/historical?assetclass=etf&fromdate=2016-07-26&todate=2026-07-26&limit=5000
UPRO,2023-03-02,34.32,35.93,34.25,35.68,12071640,,https://api.nasdaq.com/api/quote/UPRO/historical?assetclass=etf&fromdate=2016-07-26&todate=2026-07-26&limit=5000
UPRO,2023-03-03,36.21,37.48,36.0201,37.37,12577560,,https://api.nasdaq.com/api/quote/UPRO/historical?assetclass=etf&fromdate=2016-07-26&todate=2026-07-26&limit=5000
UPRO,2023-03-06,37.65,38.305,37.35,37.48,8015852,,https://api.nasdaq.com/api/quote/UPRO/historical?assetclass=etf&fromdate=2016-07-26&todate=2026-07-26&limit=5000
UPRO,2023-03-07,37.44,37.529,35.56,35.75,13710950,,https://api.nasdaq.com/api/quote/UPRO/historical?assetclass=etf&fromdate=2016-07-26&todate=2026-07-26&limit=5000
UPRO,2023-03-08,35.77,36.11,35.2705,35.91,10397590,,https://api.nasdaq.com/api/quote/UPRO/historical?assetclass=etf&fromdate=2016-07-26&todate=2026-07-26&limit=5000
UPRO,2023-03-09,36.08,36.558,33.6,33.89,15767310,,https://api.nasdaq.com/api/quote/UPRO/historical?assetclass=etf&fromdate=2016-07-26&todate=2026-07-26&limit=5000
UPRO,2023-03-10,33.71,34.2799,31.9805,32.42,27823330,,https://api.nasdaq.com/api/quote/UPRO/historical?assetclass=etf&fromdate=2016-07-26&todate=2026-07-26&limit=5000
UPRO,2023-03-13,31.369,33.52,31.08,32.2,21660450,,https://api.nasdaq.com/api/quote/UPRO/historical?assetclass=etf&fromdate=2016-07-26&todate=2026-07-26&limit=5000
UPRO,2023-03-14,33.54,34.265,32.65,33.84,14474570,,https://api.nasdaq.com/api/quote/UPRO/historical?assetclass=etf&fromdate=2016-07-26&todate=2026-07-26&limit=5000
UPRO,2023-03-15,32.28,33.24,31.75,33.2,21041860,,https://api.nasdaq.com/api/quote/UPRO/historical?assetclass=etf&fromdate=2016-07-26&todate=2026-07-26&limit=5000
UPRO,2023-03-16,32.54,34.97,32.387,34.89,16484600,,https://api.nasdaq.com/api/quote/UPRO/historical?assetclass=etf&fromdate=2016-07-26&todate=2026-07-26&limit=5000
UPRO,2023-03-17,34.53,34.84,33.29,33.71,14697860,,https://api.nasdaq.com/api/quote/UPRO/historical?assetclass=etf&fromdate=2016-07-26&todate=2026-07-26&limit=5000
UPRO,2023-03-20,33.85,34.74,33.68,34.63,10721320,,https://api.nasdaq.com/api/quote/UPRO/historical?assetclass=etf&fromdate=2016-07-26&todate=2026-07-26&limit=5000
UPRO,2023-03-21,35.54,36.12,35.11,35.96,10055580,,https://api.nasdaq.com/api/quote/UPRO/historical?assetclass=etf&fromdate=2016-07-26&todate=2026-07-26&limit=5000
UPRO,2023-03-22,35.86,36.8501,34.04,34.08,12275330,,https://api.nasdaq.com/api/quote/UPRO/historical?assetclass=etf&fromdate=2016-07-26&todate=2026-07-26&limit=5000
UPRO,2023-03-23,34.81,35.9,33.57,34.3,16455310,,https://api.nasdaq.com/api/quote/UPRO/historical?assetclass=etf&fromdate=2016-07-26&todate=2026-07-26&limit=5000
UPRO,2023-03-24,33.96,35,33.3,34.97,13299660,,https://api.nasdaq.com/api/quote/UPRO/historical?assetclass=etf&fromdate=2016-07-26&todate=2026-07-26&limit=5000
UPRO,2023-03-27,35.6,35.79,34.905,35.14,10769310,,https://api.nasdaq.com/api/quote/UPRO/historical?assetclass=etf&fromdate=2016-07-26&todate=2026-07-26&limit=5000
UPRO,2023-03-28,34.96,35.14,34.4,34.91,8820122,,https://api.nasdaq.com/api/quote/UPRO/historical?assetclass=etf&fromdate=2016-07-26&todate=2026-07-26&limit=5000
UPRO,2023-03-29,36.03,36.48,35.7125,36.4,8166720,,https://api.nasdaq.com/api/quote/UPRO/historical?assetclass=etf&fromdate=2016-07-26&todate=2026-07-26&limit=5000
UPRO,2023-03-30,37.15,37.1899,36.48,37.02,8366398,,https://api.nasdaq.com/api/quote/UPRO/historical?assetclass=etf&fromdate=2016-07-26&todate=2026-07-26&limit=5000
UPRO,2023-03-31,37.28,38.645,37.25,38.57,10767430,,https://api.nasdaq.com/api/quote/UPRO/historical?assetclass=etf&fromdate=2016-07-26&todate=2026-07-26&limit=5000
UPRO,2023-04-03,38.41,39.1089,38.28,38.97,11693090,,https://api.nasdaq.com/api/quote/UPRO/historical?assetclass=etf&fromdate=2016-07-26&todate=2026-07-26&limit=5000
UPRO,2023-04-04,39.19,39.25,37.93,38.34,8313587,,https://api.nasdaq.com/api/quote/UPRO/historical?assetclass=etf&fromdate=2016-07-26&todate=2026-07-26&limit=5000
UPRO,2023-04-05,38.06,38.27,37.495,37.99,8826385,,https://api.nasdaq.com/api/quote/UPRO/historical?assetclass=etf&fromdate=2016-07-26&todate=2026-07-26&limit=5000
UPRO,2023-04-06,37.74,38.49,37.432,38.41,7192102,,https://api.nasdaq.com/api/quote/UPRO/historical?assetclass=etf&fromdate=2016-07-26&todate=2026-07-26&limit=5000
UPRO,2023-04-10,37.66,38.54,37.4843,38.52,7034728,,https://api.nasdaq.com/api/quote/UPRO/historical?assetclass=etf&fromdate=2016-07-26&todate=2026-07-26&limit=5000
UPRO,2023-04-11,38.67,38.94,38.32,38.52,5864303,,https://api.nasdaq.com/api/quote/UPRO/historical?assetclass=etf&fromdate=2016-07-26&todate=2026-07-26&limit=5000
UPRO,2023-04-12,39.14,39.2099,37.88,38.08,11163270,,https://api.nasdaq.com/api/quote/UPRO/historical?assetclass=etf&fromdate=2016-07-26&todate=2026-07-26&limit=5000
UPRO,2023-04-13,38.35,39.63,38.1999,39.51,7516123,,https://api.nasdaq.com/api/quote/UPRO/historical?assetclass=etf&fromdate=2016-07-26&todate=2026-07-26&limit=5000
UPRO,2023-04-14,39.32,39.99,38.54,39.24,8629571,,https://api.nasdaq.com/api/quote/UPRO/historical?assetclass=etf&fromdate=2016-07-26&todate=2026-07-26&limit=5000
UPRO,2023-04-17,39.21,39.645,38.82,39.63,6360732,,https://api.nasdaq.com/api/quote/UPRO/historical?assetclass=etf&fromdate=2016-07-26&todate=2026-07-26&limit=5000
UPRO,2023-04-18,40.1,40.13,39.28,39.71,7405303,,https://api.nasdaq.com/api/quote/UPRO/historical?assetclass=etf&fromdate=2016-07-26&todate=2026-07-26&limit=5000
UPRO,2023-04-19,39.13,39.93,39.11,39.67,6380531,,https://api.nasdaq.com/api/quote/UPRO/historical?assetclass=etf&fromdate=2016-07-26&todate=2026-07-26&limit=5000
UPRO,2023-04-20,38.78,39.5,38.52,38.97,6899709,,https://api.nasdaq.com/api/quote/UPRO/historical?assetclass=etf&fromdate=2016-07-26&todate=2026-07-26&limit=5000
UPRO,2023-04-21,39.05,39.1901,38.48,39.06,6885153,,https://api.nasdaq.com/api/quote/UPRO/historical?assetclass=etf&fromdate=2016-07-26&todate=2026-07-26&limit=5000
UPRO,2023-04-24,39,39.29,38.59,39.18,4962157,,https://api.nasdaq.com/api/quote/UPRO/historical?assetclass=etf&fromdate=2016-07-26&todate=2026-07-26&limit=5000
UPRO,2023-04-25,38.59,38.73,37.28,37.29,9033413,,https://api.nasdaq.com/api/quote/UPRO/historical?assetclass=etf&fromdate=2016-07-26&todate=2026-07-26&limit=5000
UPRO,2023-04-26,37.48,37.76,36.64,36.81,8089074,,https://api.nasdaq.com/api/quote/UPRO/historical?assetclass=etf&fromdate=2016-07-26&todate=2026-07-26&limit=5000
UPRO,2023-04-27,37.49,39.04,37.42,38.94,8052092,,https://api.nasdaq.com/api/quote/UPRO/historical?assetclass=etf&fromdate=2016-07-26&todate=2026-07-26&limit=5000
UPRO,2023-04-28,38.71,39.96,38.68,39.96,8380301,,https://api.nasdaq.com/api/quote/UPRO/historical?assetclass=etf&fromdate=2016-07-26&todate=2026-07-26&limit=5000
UPRO,2023-05-01,39.81,40.42,39.74,39.82,4993633,,https://api.nasdaq.com/api/quote/UPRO/historical?assetclass=etf&fromdate=2016-07-26&todate=2026-07-26&limit=5000
UPRO,2023-05-02,39.6,39.6,37.585,38.48,10968180,,https://api.nasdaq.com/api/quote/UPRO/historical?assetclass=etf&fromdate=2016-07-26&todate=2026-07-26&limit=5000
UPRO,2023-05-03,38.59,39.29,37.58,37.66,12042800,,https://api.nasdaq.com/api/quote/UPRO/historical?assetclass=etf&fromdate=2016-07-26&todate=2026-07-26&limit=5000
UPRO,2023-05-04,37.29,37.39,36.425,36.83,10457020,,https://api.nasdaq.com/api/quote/UPRO/historical?assetclass=etf&fromdate=2016-07-26&todate=2026-07-26&limit=5000
UPRO,2023-05-05,37.85,39.14,37.77,38.82,8219339,,https://api.nasdaq.com/api/quote/UPRO/historical?assetclass=etf&fromdate=2016-07-26&todate=2026-07-26&limit=5000
UPRO,2023-05-08,38.91,38.995,38.455,38.87,4808364,,https://api.nasdaq.com/api/quote/UPRO/historical?assetclass=etf&fromdate=2016-07-26&todate=2026-07-26&limit=5000
UPRO,2023-05-09,38.38,38.665,38.26,38.34,4865887,,https://api.nasdaq.com/api/quote/UPRO/historical?assetclass=etf&fromdate=2016-07-26&todate=2026-07-26&limit=5000
UPRO,2023-05-10,39.17,39.336,37.75,38.86,10305380,,https://api.nasdaq.com/api/quote/UPRO/historical?assetclass=etf&fromdate=2016-07-26&todate=2026-07-26&limit=5000
UPRO,2023-05-11,38.58,38.7,38.01,38.63,7250986,,https://api.nasdaq.com/api/quote/UPRO/historical?assetclass=etf&fromdate=2016-07-26&todate=2026-07-26&limit=5000
UPRO,2023-05-12,38.98,39.035,37.74,38.48,7055877,,https://api.nasdaq.com/api/quote/UPRO/historical?assetclass=etf&fromdate=2016-07-26&todate=2026-07-26&limit=5000
UPRO,2023-05-15,38.64,38.955,38.07,38.83,5116685,,https://api.nasdaq.com/api/quote/UPRO/historical?assetclass=etf&fromdate=2016-07-26&todate=2026-07-26&limit=5000
UPRO,2023-05-16,38.51,38.77,38.05,38.05,6093084,,https://api.nasdaq.com/api/quote/UPRO/historical?assetclass=etf&fromdate=2016-07-26&todate=2026-07-26&limit=5000
UPRO,2023-05-17,38.62,39.595,38.14,39.4,7160423,,https://api.nasdaq.com/api/quote/UPRO/historical?assetclass=etf&fromdate=2016-07-26&todate=2026-07-26&limit=5000
UPRO,2023-05-18,39.31,40.65,39.23,40.54,7849494,,https://api.nasdaq.com/api/quote/UPRO/historical?assetclass=etf&fromdate=2016-07-26&todate=2026-07-26&limit=5000
UPRO,2023-05-19,40.78,40.94,39.97,40.34,7093843,,https://api.nasdaq.com/api/quote/UPRO/historical?assetclass=etf&fromdate=2016-07-26&todate=2026-07-26&limit=5000
UPRO,2023-05-22,40.34,40.83,39.96,40.34,5141548,,https://api.nasdaq.com/api/quote/UPRO/historical?assetclass=etf&fromdate=2016-07-26&todate=2026-07-26&limit=5000
UPRO,2023-05-23,39.88,40.16,38.8772,39.01,6440892,,https://api.nasdaq.com/api/quote/UPRO/historical?assetclass=etf&fromdate=2016-07-26&todate=2026-07-26&limit=5000
UPRO,2023-05-24,38.51,38.61,37.79,38.14,9004350,,https://api.nasdaq.com/api/quote/UPRO/historical?assetclass=etf&fromdate=2016-07-26&todate=2026-07-26&limit=5000
UPRO,2023-05-25,39.09,39.49,38.45,39.04,7184859,,https://api.nasdaq.com/api/quote/UPRO/historical?assetclass=etf&fromdate=2016-07-26&todate=2026-07-26&limit=5000
UPRO,2023-05-26,39.24,40.79,39.24,40.58,7332048,,https://api.nasdaq.com/api/quote/UPRO/historical?assetclass=etf&fromdate=2016-07-26&todate=2026-07-26&limit=5000
UPRO,2023-05-30,41.14,41.305,40.19,40.6,6778130,,https://api.nasdaq.com/api/quote/UPRO/historical?assetclass=etf&fromdate=2016-07-26&todate=2026-07-26&limit=5000
UPRO,2023-05-31,40.04,40.3258,39.45,39.9,7848163,,https://api.nasdaq.com/api/quote/UPRO/historical?assetclass=etf&fromdate=2016-07-26&todate=2026-07-26&limit=5000
UPRO,2023-06-01,39.95,41.33,39.57,41.01,6797850,,https://api.nasdaq.com/api/quote/UPRO/historical?assetclass=etf&fromdate=2016-07-26&todate=2026-07-26&limit=5000
UPRO,2023-06-02,41.8,43.0299,41.63,42.79,9239956,,https://api.nasdaq.com/api/quote/UPRO/historical?assetclass=etf&fromdate=2016-07-26&todate=2026-07-26&limit=5000
UPRO,2023-06-05,42.89,43.27,42.3,42.5,5248986,,https://api.nasdaq.com/api/quote/UPRO/historical?assetclass=etf&fromdate=2016-07-26&todate=2026-07-26&limit=5000
UPRO,2023-06-06,42.39,42.96,42.1839,42.78,4814628,,https://api.nasdaq.com/api/quote/UPRO/historical?assetclass=etf&fromdate=2016-07-26&todate=2026-07-26&limit=5000
UPRO,2023-06-07,42.92,43.255,42.2,42.34,6945411,,https://api.nasdaq.com/api/quote/UPRO/historical?assetclass=etf&fromdate=2016-07-26&todate=2026-07-26&limit=5000
UPRO,2023-06-08,42.32,43.19,42.075,43.07,4388646,,https://api.nasdaq.com/api/quote/UPRO/historical?assetclass=etf&fromdate=2016-07-26&todate=2026-07-26&limit=5000
UPRO,2023-06-09,43.31,43.9029,42.97,43.26,5945813,,https://api.nasdaq.com/api/quote/UPRO/historical?assetclass=etf&fromdate=2016-07-26&todate=2026-07-26&limit=5000
UPRO,2023-06-12,43.57,44.46,43.34,44.43,4603789,,https://api.nasdaq.com/api/quote/UPRO/historical?assetclass=etf&fromdate=2016-07-26&todate=2026-07-26&limit=5000
UPRO,2023-06-13,44.92,45.52,44.69,45.32,6692474,,https://api.nasdaq.com/api/quote/UPRO/historical?assetclass=etf&fromdate=2016-07-26&todate=2026-07-26&limit=5000
UPRO,2023-06-14,45.41,46.0401,44.34,45.44,9198608,,https://api.nasdaq.com/api/quote/UPRO/historical?assetclass=etf&fromdate=2016-07-26&todate=2026-07-26&limit=5000
UPRO,2023-06-15,45.16,47.49,45.1,47.08,7451610,,https://api.nasdaq.com/api/quote/UPRO/historical?assetclass=etf&fromdate=2016-07-26&todate=2026-07-26&limit=5000
UPRO,2023-06-16,47.75,47.78,46.445,46.62,6530246,,https://api.nasdaq.com/api/quote/UPRO/historical?assetclass=etf&fromdate=2016-07-26&todate=2026-07-26&limit=5000
UPRO,2023-06-20,45.93,46.2293,45.17,45.89,5274262,,https://api.nasdaq.com/api/quote/UPRO/historical?assetclass=etf&fromdate=2016-07-26&todate=2026-07-26&limit=5000
UPRO,2023-06-21,45.38,45.625,44.8,45,5909636,,https://api.nasdaq.com/api/quote/UPRO/historical?assetclass=etf&fromdate=2016-07-26&todate=2026-07-26&limit=5000
UPRO,2023-06-22,44.66,45.46,44.52,45.43,4837033,,https://api.nasdaq.com/api/quote/UPRO/historical?assetclass=etf&fromdate=2016-07-26&todate=2026-07-26&limit=5000
UPRO,2023-06-23,44.3,44.965,44.16,44.41,6276928,,https://api.nasdaq.com/api/quote/UPRO/historical?assetclass=etf&fromdate=2016-07-26&todate=2026-07-26&limit=5000
UPRO,2023-06-26,44.21,44.7999,43.75,43.84,5154873,,https://api.nasdaq.com/api/quote/UPRO/historical?assetclass=etf&fromdate=2016-07-26&todate=2026-07-26&limit=5000
UPRO,2023-06-27,44.11,45.4499,43.95,45.23,5292639,,https://api.nasdaq.com/api/quote/UPRO/historical?assetclass=etf&fromdate=2016-07-26&todate=2026-07-26&limit=5000
UPRO,2023-06-28,44.87,45.63,44.69,45.3,6275168,,https://api.nasdaq.com/api/quote/UPRO/historical?assetclass=etf&fromdate=2016-07-26&todate=2026-07-26&limit=5000
UPRO,2023-06-29,45.15,45.85,45,45.79,5866256,,https://api.nasdaq.com/api/quote/UPRO/historical?assetclass=etf&fromdate=2016-07-26&todate=2026-07-26&limit=5000
UPRO,2023-06-30,46.8,47.7,46.71,47.38,5441622,,https://api.nasdaq.com/api/quote/UPRO/historical?assetclass=etf&fromdate=2016-07-26&todate=2026-07-26&limit=5000
UPRO,2023-07-03,47.27,47.62,47.155,47.59,2323964,,https://api.nasdaq.com/api/quote/UPRO/historical?assetclass=etf&fromdate=2016-07-26&todate=2026-07-26&limit=5000
UPRO,2023-07-05,46.91,47.5444,46.9,47.31,3980713,,https://api.nasdaq.com/api/quote/UPRO/historical?assetclass=etf&fromdate=2016-07-26&todate=2026-07-26&limit=5000
UPRO,2023-07-06,46.05,46.28,45.3,46.17,5849467,,https://api.nasdaq.com/api/quote/UPRO/historical?assetclass=etf&fromdate=2016-07-26&todate=2026-07-26&limit=5000
UPRO,2023-07-07,45.79,47.064,45.7015,45.77,5695361,,https://api.nasdaq.com/api/quote/UPRO/historical?assetclass=etf&fromdate=2016-07-26&todate=2026-07-26&limit=5000
UPRO,2023-07-10,45.63,46.17,45.455,46.11,4303367,,https://api.nasdaq.com/api/quote/UPRO/historical?assetclass=etf&fromdate=2016-07-26&todate=2026-07-26&limit=5000
UPRO,2023-07-11,46.34,47.13,46.03,47,5094131,,https://api.nasdaq.com/api/quote/UPRO/historical?assetclass=etf&fromdate=2016-07-26&todate=2026-07-26&limit=5000
UPRO,2023-07-12,48.23,48.56,47.74,48.07,6678086,,https://api.nasdaq.com/api/quote/UPRO/historical?assetclass=etf&fromdate=2016-07-26&todate=2026-07-26&limit=5000
UPRO,2023-07-13,48.67,49.4561,48.52,49.18,4276014,,https://api.nasdaq.com/api/quote/UPRO/historical?assetclass=etf&fromdate=2016-07-26&todate=2026-07-26&limit=5000
UPRO,2023-07-14,49.48,49.765,48.82,49.06,6052675,,https://api.nasdaq.com/api/quote/UPRO/historical?assetclass=etf&fromdate=2016-07-26&todate=2026-07-26&limit=5000
UPRO,2023-07-17,48.98,49.925,48.98,49.56,3391611,,https://api.nasdaq.com/api/quote/UPRO/historical?assetclass=etf&fromdate=2016-07-26&todate=2026-07-26&limit=5000
UPRO,2023-07-18,49.44,50.89,49.295,50.67,4749497,,https://api.nasdaq.com/api/quote/UPRO/historical?assetclass=etf&fromdate=2016-07-26&todate=2026-07-26&limit=5000
UPRO,2023-07-19,50.92,51.3899,50.7,50.96,5167701,,https://api.nasdaq.com/api/quote/UPRO/historical?assetclass=etf&fromdate=2016-07-26&todate=2026-07-26&limit=5000
UPRO,2023-07-20,50.57,50.9,49.675,49.93,6093645,,https://api.nasdaq.com/api/quote/UPRO/historical?assetclass=etf&fromdate=2016-07-26&todate=2026-07-26&limit=5000
UPRO,2023-07-21,50.51,50.56,49.89,49.91,4482172,,https://api.nasdaq.com/api/quote/UPRO/historical?assetclass=etf&fromdate=2016-07-26&todate=2026-07-26&limit=5000
UPRO,2023-07-24,50.28,50.82,50.0796,50.56,3743399,,https://api.nasdaq.com/api/quote/UPRO/historical?assetclass=etf&fromdate=2016-07-26&todate=2026-07-26&limit=5000
UPRO,2023-07-25,50.41,51.37,50.41,50.95,3712477,,https://api.nasdaq.com/api/quote/UPRO/historical?assetclass=etf&fromdate=2016-07-26&todate=2026-07-26&limit=5000
UPRO,2023-07-26,50.61,51.44,50.23,50.93,5685112,,https://api.nasdaq.com/api/quote/UPRO/historical?assetclass=etf&fromdate=2016-07-26&todate=2026-07-26&limit=5000
UPRO,2023-07-27,52.07,52.2214,49.58,49.9,6969430,,https://api.nasdaq.com/api/quote/UPRO/historical?assetclass=etf&fromdate=2016-07-26&todate=2026-07-26&limit=5000
UPRO,2023-07-28,50.97,51.62,50.73,51.33,4971735,,https://api.nasdaq.com/api/quote/UPRO/historical?assetclass=etf&fromdate=2016-07-26&todate=2026-07-26&limit=5000
UPRO,2023-07-31,51.5,51.7395,51.03,51.62,4184360,,https://api.nasdaq.com/api/quote/UPRO/historical?assetclass=etf&fromdate=2016-07-26&todate=2026-07-26&limit=5000
UPRO,2023-08-01,51.08,51.4,50.8199,51.13,3778470,,https://api.nasdaq.com/api/quote/UPRO/historical?assetclass=etf&fromdate=2016-07-26&todate=2026-07-26&limit=5000
UPRO,2023-08-02,50.03,50.13,48.73,49.01,7270550,,https://api.nasdaq.com/api/quote/UPRO/historical?assetclass=etf&fromdate=2016-07-26&todate=2026-07-26&limit=5000
UPRO,2023-08-03,48.25,49.15,48.04,48.53,5788599,,https://api.nasdaq.com/api/quote/UPRO/historical?assetclass=etf&fromdate=2016-07-26&todate=2026-07-26&limit=5000
UPRO,2023-08-04,49.1,49.82,47.67,47.85,7662112,,https://api.nasdaq.com/api/quote/UPRO/historical?assetclass=etf&fromdate=2016-07-26&todate=2026-07-26&limit=5000
UPRO,2023-08-07,48.43,49.1258,48.2,49.06,4888384,,https://api.nasdaq.com/api/quote/UPRO/historical?assetclass=etf&fromdate=2016-07-26&todate=2026-07-26&limit=5000
UPRO,2023-08-08,48.18,48.57,47.29,48.4,6264327,,https://api.nasdaq.com/api/quote/UPRO/historical?assetclass=etf&fromdate=2016-07-26&todate=2026-07-26&limit=5000
UPRO,2023-08-09,48.51,48.54,47.18,47.43,5819572,,https://api.nasdaq.com/api/quote/UPRO/historical?assetclass=etf&fromdate=2016-07-26&todate=2026-07-26&limit=5000
UPRO,2023-08-10,48.17,49.28,47.045,47.42,12200070,,https://api.nasdaq.com/api/quote/UPRO/historical?assetclass=etf&fromdate=2016-07-26&todate=2026-07-26&limit=5000
UPRO,2023-08-11,46.79,47.66,46.593,47.33,6756412,,https://api.nasdaq.com/api/quote/UPRO/historical?assetclass=etf&fromdate=2016-07-26&todate=2026-07-26&limit=5000
UPRO,2023-08-14,47.02,48.09,46.91,48.06,4629273,,https://api.nasdaq.com/api/quote/UPRO/historical?assetclass=etf&fromdate=2016-07-26&todate=2026-07-26&limit=5000
UPRO,2023-08-15,47.46,47.6,46.2101,46.44,7037919,,https://api.nasdaq.com/api/quote/UPRO/historical?assetclass=etf&fromdate=2016-07-26&todate=2026-07-26&limit=5000
UPRO,2023-08-16,46.25,46.7899,45.33,45.34,6477538,,https://api.nasdaq.com/api/quote/UPRO/historical?assetclass=etf&fromdate=2016-07-26&todate=2026-07-26&limit=5000
UPRO,2023-08-17,45.76,45.87,44.11,44.28,6629121,,https://api.nasdaq.com/api/quote/UPRO/historical?assetclass=etf&fromdate=2016-07-26&todate=2026-07-26&limit=5000
UPRO,2023-08-18,43.36,44.64,43.26,44.3,6455009,,https://api.nasdaq.com/api/quote/UPRO/historical?assetclass=etf&fromdate=2016-07-26&todate=2026-07-26&limit=5000
UPRO,2023-08-21,44.6,45.4,43.94,45.18,5271670,,https://api.nasdaq.com/api/quote/UPRO/historical?assetclass=etf&fromdate=2016-07-26&todate=2026-07-26&limit=5000
UPRO,2023-08-22,45.72,45.73,44.605,44.79,5216351,,https://api.nasdaq.com/api/quote/UPRO/historical?assetclass=etf&fromdate=2016-07-26&todate=2026-07-26&limit=5000
UPRO,2023-08-23,45.11,46.46,45.0681,46.22,6318357,,https://api.nasdaq.com/api/quote/UPRO/historical?assetclass=etf&fromdate=2016-07-26&todate=2026-07-26&limit=5000
UPRO,2023-08-24,46.749,46.9,44.28,44.31,7541659,,https://api.nasdaq.com/api/quote/UPRO/historical?assetclass=etf&fromdate=2016-07-26&todate=2026-07-26&limit=5000
UPRO,2023-08-25,44.81,45.62,43.7,45.22,9793668,,https://api.nasdaq.com/api/quote/UPRO/historical?assetclass=etf&fromdate=2016-07-26&todate=2026-07-26&limit=5000
UPRO,2023-08-28,45.89,46.25,45.475,46.05,4963878,,https://api.nasdaq.com/api/quote/UPRO/historical?assetclass=etf&fromdate=2016-07-26&todate=2026-07-26&limit=5000
UPRO,2023-08-29,46.01,48.12,45.96,48.02,6497621,,https://api.nasdaq.com/api/quote/UPRO/historical?assetclass=etf&fromdate=2016-07-26&todate=2026-07-26&limit=5000
UPRO,2023-08-30,48.17,48.83,47.88,48.63,4695308,,https://api.nasdaq.com/api/quote/UPRO/historical?assetclass=etf&fromdate=2016-07-26&todate=2026-07-26&limit=5000
UPRO,2023-08-31,48.78,49.145,48.28,48.33,4142149,,https://api.nasdaq.com/api/quote/UPRO/historical?assetclass=etf&fromdate=2016-07-26&todate=2026-07-26&limit=5000
UPRO,2023-09-01,49.26,49.39,48.12,48.57,4580022,,https://api.nasdaq.com/api/quote/UPRO/historical?assetclass=etf&fromdate=2016-07-26&todate=2026-07-26&limit=5000
UPRO,2023-09-05,48.46,48.525,47.92,47.96,3253747,,https://api.nasdaq.com/api/quote/UPRO/historical?assetclass=etf&fromdate=2016-07-26&todate=2026-07-26&limit=5000
UPRO,2023-09-06,47.64,47.6842,46.18,46.96,5785680,,https://api.nasdaq.com/api/quote/UPRO/historical?assetclass=etf&fromdate=2016-07-26&todate=2026-07-26&limit=5000
UPRO,2023-09-07,45.92,46.68,45.815,46.48,4503948,,https://api.nasdaq.com/api/quote/UPRO/historical?assetclass=etf&fromdate=2016-07-26&todate=2026-07-26&limit=5000
UPRO,2023-09-08,46.49,47.165,46.355,46.64,4247386,,https://api.nasdaq.com/api/quote/UPRO/historical?assetclass=etf&fromdate=2016-07-26&todate=2026-07-26&limit=5000
UPRO,2023-09-11,47.5,47.67,46.945,47.57,3859259,,https://api.nasdaq.com/api/quote/UPRO/historical?assetclass=etf&fromdate=2016-07-26&todate=2026-07-26&limit=5000
UPRO,2023-09-12,47.06,47.58,46.58,46.75,3478825,,https://api.nasdaq.com/api/quote/UPRO/historical?assetclass=etf&fromdate=2016-07-26&todate=2026-07-26&limit=5000
UPRO,2023-09-13,46.81,47.28,46.46,46.93,4157859,,https://api.nasdaq.com/api/quote/UPRO/historical?assetclass=etf&fromdate=2016-07-26&todate=2026-07-26&limit=5000
UPRO,2023-09-14,47.7,48.3037,47.245,48.08,3709881,,https://api.nasdaq.com/api/quote/UPRO/historical?assetclass=etf&fromdate=2016-07-26&todate=2026-07-26&limit=5000
UPRO,2023-09-15,47.55,47.64,46.19,46.32,5798726,,https://api.nasdaq.com/api/quote/UPRO/historical?assetclass=etf&fromdate=2016-07-26&todate=2026-07-26&limit=5000
UPRO,2023-09-18,46.19,46.805,46.06,46.39,3608282,,https://api.nasdaq.com/api/quote/UPRO/historical?assetclass=etf&fromdate=2016-07-26&todate=2026-07-26&limit=5000
UPRO,2023-09-19,46.07,46.265,45.21,46.1,4243677,,https://api.nasdaq.com/api/quote/UPRO/historical?assetclass=etf&fromdate=2016-07-26&todate=2026-07-26&limit=5000
UPRO,2023-09-20,46.42,46.55,44.67,44.73,6931071,,https://api.nasdaq.com/api/quote/UPRO/historical?assetclass=etf&fromdate=2016-07-26&todate=2026-07-26&limit=5000
UPRO,2023-09-21,43.79,43.88,42.43,42.5,7568310,,https://api.nasdaq.com/api/quote/UPRO/historical?assetclass=etf&fromdate=2016-07-26&todate=2026-07-26&limit=5000
UPRO,2023-09-22,42.77,43.26,42.06,42.15,6057681,,https://api.nasdaq.com/api/quote/UPRO/historical?assetclass=etf&fromdate=2016-07-26&todate=2026-07-26&limit=5000
UPRO,2023-09-25,41.79,42.7,41.66,42.7,5498920,,https://api.nasdaq.com/api/quote/UPRO/historical?assetclass=etf&fromdate=2016-07-26&todate=2026-07-26&limit=5000
UPRO,2023-09-26,41.74,41.951,40.54,40.77,8486946,,https://api.nasdaq.com/api/quote/UPRO/historical?assetclass=etf&fromdate=2016-07-26&todate=2026-07-26&limit=5000
UPRO,2023-09-27,41.15,41.29,39.741,40.84,10150600,,https://api.nasdaq.com/api/quote/UPRO/historical?assetclass=etf&fromdate=2016-07-26&todate=2026-07-26&limit=5000
UPRO,2023-09-28,40.61,41.99,40.4499,41.5,9067042,,https://api.nasdaq.com/api/quote/UPRO/historical?assetclass=etf&fromdate=2016-07-26&todate=2026-07-26&limit=5000
UPRO,2023-09-29,42.4,42.44,40.72,41.17,8824991,,https://api.nasdaq.com/api/quote/UPRO/historical?assetclass=etf&fromdate=2016-07-26&todate=2026-07-26&limit=5000
UPRO,2023-10-02,40.91,41.4803,40.3,41.13,7607306,,https://api.nasdaq.com/api/quote/UPRO/historical?assetclass=etf&fromdate=2016-07-26&todate=2026-07-26&limit=5000
UPRO,2023-10-03,40.43,40.9,39.0301,39.45,9954828,,https://api.nasdaq.com/api/quote/UPRO/historical?assetclass=etf&fromdate=2016-07-26&todate=2026-07-26&limit=5000
UPRO,2023-10-04,39.56,40.5,39.14,40.29,8363166,,https://api.nasdaq.com/api/quote/UPRO/historical?assetclass=etf&fromdate=2016-07-26&todate=2026-07-26&limit=5000
UPRO,2023-10-05,40.16,40.43,39.243,40.19,6156017,,https://api.nasdaq.com/api/quote/UPRO/historical?assetclass=etf&fromdate=2016-07-26&todate=2026-07-26&limit=5000
UPRO,2023-10-06,39.47,42.055,39.065,41.6,9910407,,https://api.nasdaq.com/api/quote/UPRO/historical?assetclass=etf&fromdate=2016-07-26&todate=2026-07-26&limit=5000
UPRO,2023-10-09,41.04,42.5755,40.88,42.37,6851531,,https://api.nasdaq.com/api/quote/UPRO/historical?assetclass=etf&fromdate=2016-07-26&todate=2026-07-26&limit=5000
UPRO,2023-10-10,42.6,43.8301,42.45,43.02,8454123,,https://api.nasdaq.com/api/quote/UPRO/historical?assetclass=etf&fromdate=2016-07-26&todate=2026-07-26&limit=5000
UPRO,2023-10-11,43.37,43.635,42.63,43.57,6531789,,https://api.nasdaq.com/api/quote/UPRO/historical?assetclass=etf&fromdate=2016-07-26&todate=2026-07-26&limit=5000
UPRO,2023-10-12,43.72,43.8192,42,42.74,8857881,,https://api.nasdaq.com/api/quote/UPRO/historical?assetclass=etf&fromdate=2016-07-26&todate=2026-07-26&limit=5000
UPRO,2023-10-13,43.15,43.525,41.58,42.09,7589955,,https://api.nasdaq.com/api/quote/UPRO/historical?assetclass=etf&fromdate=2016-07-26&todate=2026-07-26&limit=5000
UPRO,2023-10-16,42.72,43.695,42.66,43.39,7218223,,https://api.nasdaq.com/api/quote/UPRO/historical?assetclass=etf&fromdate=2016-07-26&todate=2026-07-26&limit=5000
UPRO,2023-10-17,42.38,43.99,42.3,43.35,10480940,,https://api.nasdaq.com/api/quote/UPRO/historical?assetclass=etf&fromdate=2016-07-26&todate=2026-07-26&limit=5000
UPRO,2023-10-18,42.8,43.08,41.2721,41.63,11206540,,https://api.nasdaq.com/api/quote/UPRO/historical?assetclass=etf&fromdate=2016-07-26&todate=2026-07-26&limit=5000
UPRO,2023-10-19,41.76,42.31,40.26,40.49,14132790,,https://api.nasdaq.com/api/quote/UPRO/historical?assetclass=etf&fromdate=2016-07-26&todate=2026-07-26&limit=5000
UPRO,2023-10-20,40.29,40.47,38.93,38.94,10926660,,https://api.nasdaq.com/api/quote/UPRO/historical?assetclass=etf&fromdate=2016-07-26&todate=2026-07-26&limit=5000
UPRO,2023-10-23,38.47,39.84,38.008,38.75,10577610,,https://api.nasdaq.com/api/quote/UPRO/historical?assetclass=etf&fromdate=2016-07-26&todate=2026-07-26&limit=5000
UPRO,2023-10-24,39.32,39.925,38.79,39.61,7171357,,https://api.nasdaq.com/api/quote/UPRO/historical?assetclass=etf&fromdate=2016-07-26&todate=2026-07-26&limit=5000
UPRO,2023-10-25,39.1,39.11,37.73,37.89,9454258,,https://api.nasdaq.com/api/quote/UPRO/historical?assetclass=etf&fromdate=2016-07-26&todate=2026-07-26&limit=5000
UPRO,2023-10-26,37.53,37.77,36.22,36.49,12198060,,https://api.nasdaq.com/api/quote/UPRO/historical?assetclass=etf&fromdate=2016-07-26&todate=2026-07-26&limit=5000
UPRO,2023-10-27,36.9,37,35.573,35.97,10997160,,https://api.nasdaq.com/api/quote/UPRO/historical?assetclass=etf&fromdate=2016-07-26&todate=2026-07-26&limit=5000
UPRO,2023-10-30,36.7,37.525,36.355,37.25,10364480,,https://api.nasdaq.com/api/quote/UPRO/historical?assetclass=etf&fromdate=2016-07-26&todate=2026-07-26&limit=5000
UPRO,2023-10-31,37.38,38.01,36.8699,37.92,10334280,,https://api.nasdaq.com/api/quote/UPRO/historical?assetclass=etf&fromdate=2016-07-26&todate=2026-07-26&limit=5000
UPRO,2023-11-01,38.17,39.35,38.035,39.13,12363190,,https://api.nasdaq.com/api/quote/UPRO/historical?assetclass=etf&fromdate=2016-07-26&todate=2026-07-26&limit=5000
UPRO,2023-11-02,40.2,41.38,40.18,41.33,9117723,,https://api.nasdaq.com/api/quote/UPRO/historical?assetclass=etf&fromdate=2016-07-26&todate=2026-07-26&limit=5000
UPRO,2023-11-03,42.03,42.9185,41.98,42.44,8423295,,https://api.nasdaq.com/api/quote/UPRO/historical?assetclass=etf&fromdate=2016-07-26&todate=2026-07-26&limit=5000
UPRO,2023-11-06,42.67,42.875,42.15,42.71,7848768,,https://api.nasdaq.com/api/quote/UPRO/historical?assetclass=etf&fromdate=2016-07-26&todate=2026-07-26&limit=5000
UPRO,2023-11-07,42.71,43.28,42.37,43.07,5876606,,https://api.nasdaq.com/api/quote/UPRO/historical?assetclass=etf&fromdate=2016-07-26&todate=2026-07-26&limit=5000
UPRO,2023-11-08,43.25,43.42,42.47,43.17,6130896,,https://api.nasdaq.com/api/quote/UPRO/historical?assetclass=etf&fromdate=2016-07-26&todate=2026-07-26&limit=5000
UPRO,2023-11-09,43.46,43.49,41.99,42.1,8754299,,https://api.nasdaq.com/api/quote/UPRO/historical?assetclass=etf&fromdate=2016-07-26&todate=2026-07-26&limit=5000
UPRO,2023-11-10,42.72,44.16,42.27,44.06,7508632,,https://api.nasdaq.com/api/quote/UPRO/historical?assetclass=etf&fromdate=2016-07-26&todate=2026-07-26&limit=5000
UPRO,2023-11-13,43.65,44.26,43.4,43.92,7261890,,https://api.nasdaq.com/api/quote/UPRO/historical?assetclass=etf&fromdate=2016-07-26&todate=2026-07-26&limit=5000
UPRO,2023-11-14,45.77,46.87,45.68,46.45,8035400,,https://api.nasdaq.com/api/quote/UPRO/historical?assetclass=etf&fromdate=2016-07-26&todate=2026-07-26&limit=5000
UPRO,2023-11-15,46.88,47.275,46.48,46.75,6232148,,https://api.nasdaq.com/api/quote/UPRO/historical?assetclass=etf&fromdate=2016-07-26&todate=2026-07-26&limit=5000
UPRO,2023-11-16,46.55,46.97,46.22,46.87,5915093,,https://api.nasdaq.com/api/quote/UPRO/historical?assetclass=etf&fromdate=2016-07-26&todate=2026-07-26&limit=5000
UPRO,2023-11-17,46.89,47.23,46.56,47.05,6718294,,https://api.nasdaq.com/api/quote/UPRO/historical?assetclass=etf&fromdate=2016-07-26&todate=2026-07-26&limit=5000
UPRO,2023-11-20,46.96,48.38,46.94,48.09,4865832,,https://api.nasdaq.com/api/quote/UPRO/historical?assetclass=etf&fromdate=2016-07-26&todate=2026-07-26&limit=5000
UPRO,2023-11-21,47.71,47.87,47.34,47.73,6655808,,https://api.nasdaq.com/api/quote/UPRO/historical?assetclass=etf&fromdate=2016-07-26&todate=2026-07-26&limit=5000
UPRO,2023-11-22,48.25,48.69,47.91,48.28,4866961,,https://api.nasdaq.com/api/quote/UPRO/historical?assetclass=etf&fromdate=2016-07-26&todate=2026-07-26&limit=5000
UPRO,2023-11-24,48.24,48.39,48.15,48.32,1565575,,https://api.nasdaq.com/api/quote/UPRO/historical?assetclass=etf&fromdate=2016-07-26&todate=2026-07-26&limit=5000
UPRO,2023-11-27,48.09,48.375,47.93,48.07,3648303,,https://api.nasdaq.com/api/quote/UPRO/historical?assetclass=etf&fromdate=2016-07-26&todate=2026-07-26&limit=5000
UPRO,2023-11-28,47.91,48.6,47.725,48.18,4195117,,https://api.nasdaq.com/api/quote/UPRO/historical?assetclass=etf&fromdate=2016-07-26&todate=2026-07-26&limit=5000
UPRO,2023-11-29,48.88,49.2373,47.9328,48.04,4653851,,https://api.nasdaq.com/api/quote/UPRO/historical?assetclass=etf&fromdate=2016-07-26&todate=2026-07-26&limit=5000
UPRO,2023-11-30,48.29,48.69,47.61,48.58,6582534,,https://api.nasdaq.com/api/quote/UPRO/historical?assetclass=etf&fromdate=2016-07-26&todate=2026-07-26&limit=5000
UPRO,2023-12-01,48.37,49.5991,48.175,49.4,8105653,,https://api.nasdaq.com/api/quote/UPRO/historical?assetclass=etf&fromdate=2016-07-26&todate=2026-07-26&limit=5000
UPRO,2023-12-04,48.278,48.72,47.875,48.65,8888122,,https://api.nasdaq.com/api/quote/UPRO/historical?assetclass=etf&fromdate=2016-07-26&todate=2026-07-26&limit=5000
UPRO,2023-12-05,48.13,48.9,48.04,48.59,5196632,,https://api.nasdaq.com/api/quote/UPRO/historical?assetclass=etf&fromdate=2016-07-26&todate=2026-07-26&limit=5000
UPRO,2023-12-06,49.27,49.3,47.84,47.98,5829781,,https://api.nasdaq.com/api/quote/UPRO/historical?assetclass=etf&fromdate=2016-07-26&todate=2026-07-26&limit=5000
UPRO,2023-12-07,48.62,49.23,48.415,49.02,4836509,,https://api.nasdaq.com/api/quote/UPRO/historical?assetclass=etf&fromdate=2016-07-26&todate=2026-07-26&limit=5000
UPRO,2023-12-08,48.76,49.815,48.69,49.65,8643034,,https://api.nasdaq.com/api/quote/UPRO/historical?assetclass=etf&fromdate=2016-07-26&todate=2026-07-26&limit=5000
UPRO,2023-12-11,49.46,50.2691,49.39,50.22,6045062,,https://api.nasdaq.com/api/quote/UPRO/historical?assetclass=etf&fromdate=2016-07-26&todate=2026-07-26&limit=5000
UPRO,2023-12-12,50.08,50.91,49.73,50.89,6158127,,https://api.nasdaq.com/api/quote/UPRO/historical?assetclass=etf&fromdate=2016-07-26&todate=2026-07-26&limit=5000
UPRO,2023-12-13,51,53.06,50.86,52.95,10707610,,https://api.nasdaq.com/api/quote/UPRO/historical?assetclass=etf&fromdate=2016-07-26&todate=2026-07-26&limit=5000
UPRO,2023-12-14,53.61,54.01,52.5,53.42,9662482,,https://api.nasdaq.com/api/quote/UPRO/historical?assetclass=etf&fromdate=2016-07-26&todate=2026-07-26&limit=5000
UPRO,2023-12-15,53.19,53.58,52.85,53.18,6509262,,https://api.nasdaq.com/api/quote/UPRO/historical?assetclass=etf&fromdate=2016-07-26&todate=2026-07-26&limit=5000
UPRO,2023-12-18,53.68,54.36,53.64,54.03,4974267,,https://api.nasdaq.com/api/quote/UPRO/historical?assetclass=etf&fromdate=2016-07-26&todate=2026-07-26&limit=5000
UPRO,2023-12-19,54.21,55.01,54.19,54.97,4704007,,https://api.nasdaq.com/api/quote/UPRO/historical?assetclass=etf&fromdate=2016-07-26&todate=2026-07-26&limit=5000
UPRO,2023-12-20,54.54,55.215,52.4297,52.49,7698200,,https://api.nasdaq.com/api/quote/UPRO/historical?assetclass=etf&fromdate=2016-07-26&todate=2026-07-26&limit=5000
UPRO,2023-12-21,53.54,54.0899,52.69,53.99,9222824,,https://api.nasdaq.com/api/quote/UPRO/historical?assetclass=etf&fromdate=2016-07-26&todate=2026-07-26&limit=5000
UPRO,2023-12-22,54.37,54.9,53.64,54.29,6888474,,https://api.nasdaq.com/api/quote/UPRO/historical?assetclass=etf&fromdate=2016-07-26&todate=2026-07-26&limit=5000
UPRO,2023-12-26,54.42,55.275,54.4,54.93,2804012,,https://api.nasdaq.com/api/quote/UPRO/historical?assetclass=etf&fromdate=2016-07-26&todate=2026-07-26&limit=5000
UPRO,2023-12-27,54.88,55.29,54.69,55.23,5438001,,https://api.nasdaq.com/api/quote/UPRO/historical?assetclass=etf&fromdate=2016-07-26&todate=2026-07-26&limit=5000
UPRO,2023-12-28,55.29,55.52,55.095,55.22,4038360,,https://api.nasdaq.com/api/quote/UPRO/historical?assetclass=etf&fromdate=2016-07-26&todate=2026-07-26&limit=5000
UPRO,2023-12-29,55.13,55.32,54.0499,54.74,5842531,,https://api.nasdaq.com/api/quote/UPRO/historical?assetclass=etf&fromdate=2016-07-26&todate=2026-07-26&limit=5000
UPRO,2024-01-02,53.63,54.13,53.04,53.75,6554502,,https://api.nasdaq.com/api/quote/UPRO/historical?assetclass=etf&fromdate=2016-07-26&todate=2026-07-26&limit=5000
UPRO,2024-01-03,53.01,53.27,52.2455,52.45,7324539,,https://api.nasdaq.com/api/quote/UPRO/historical?assetclass=etf&fromdate=2016-07-26&todate=2026-07-26&limit=5000
UPRO,2024-01-04,52.23,53.12,51.8102,51.9,5516628,,https://api.nasdaq.com/api/quote/UPRO/historical?assetclass=etf&fromdate=2016-07-26&todate=2026-07-26&limit=5000
UPRO,2024-01-05,51.92,52.91,51.59,52.1,7855521,,https://api.nasdaq.com/api/quote/UPRO/historical?assetclass=etf&fromdate=2016-07-26&todate=2026-07-26&limit=5000
UPRO,2024-01-08,52.23,54.34,52.2,54.27,6631117,,https://api.nasdaq.com/api/quote/UPRO/historical?assetclass=etf&fromdate=2016-07-26&todate=2026-07-26&limit=5000
UPRO,2024-01-09,53.36,54.385,53.168,54,10046580,,https://api.nasdaq.com/api/quote/UPRO/historical?assetclass=etf&fromdate=2016-07-26&todate=2026-07-26&limit=5000
UPRO,2024-01-10,54.1,55.2205,54.005,54.93,5350557,,https://api.nasdaq.com/api/quote/UPRO/historical?assetclass=etf&fromdate=2016-07-26&todate=2026-07-26&limit=5000
UPRO,2024-01-11,55.2,55.39,53.36,54.79,9994566,,https://api.nasdaq.com/api/quote/UPRO/historical?assetclass=etf&fromdate=2016-07-26&todate=2026-07-26&limit=5000
UPRO,2024-01-12,55.26,55.535,54.37,54.87,5725119,,https://api.nasdaq.com/api/quote/UPRO/historical?assetclass=etf&fromdate=2016-07-26&todate=2026-07-26&limit=5000
UPRO,2024-01-16,54.36,54.825,53.6099,54.26,9842046,,https://api.nasdaq.com/api/quote/UPRO/historical?assetclass=etf&fromdate=2016-07-26&todate=2026-07-26&limit=5000
UPRO,2024-01-17,53.17,53.49,52.5,53.3,5820264,,https://api.nasdaq.com/api/quote/UPRO/historical?assetclass=etf&fromdate=2016-07-26&todate=2026-07-26&limit=5000
UPRO,2024-01-18,53.83,54.87,53.315,54.68,7184877,,https://api.nasdaq.com/api/quote/UPRO/historical?assetclass=etf&fromdate=2016-07-26&todate=2026-07-26&limit=5000
UPRO,2024-01-19,55.06,56.81,54.83,56.73,7730552,,https://api.nasdaq.com/api/quote/UPRO/historical?assetclass=etf&fromdate=2016-07-26&todate=2026-07-26&limit=5000
UPRO,2024-01-22,57.27,57.68,56.82,57.05,8886222,,https://api.nasdaq.com/api/quote/UPRO/historical?assetclass=etf&fromdate=2016-07-26&todate=2026-07-26&limit=5000
UPRO,2024-01-23,57.25,57.62,56.84,57.52,4304867,,https://api.nasdaq.com/api/quote/UPRO/historical?assetclass=etf&fromdate=2016-07-26&todate=2026-07-26&limit=5000
UPRO,2024-01-24,58.54,58.9001,57.57,57.68,6123928,,https://api.nasdaq.com/api/quote/UPRO/historical?assetclass=etf&fromdate=2016-07-26&todate=2026-07-26&limit=5000
UPRO,2024-01-25,58.43,58.67,57.65,58.6,5014368,,https://api.nasdaq.com/api/quote/UPRO/historical?assetclass=etf&fromdate=2016-07-26&todate=2026-07-26&limit=5000
UPRO,2024-01-26,58.4,58.95,58.03,58.36,9360206,,https://api.nasdaq.com/api/quote/UPRO/historical?assetclass=etf&fromdate=2016-07-26&todate=2026-07-26&limit=5000
UPRO,2024-01-29,58.42,59.75,58.23,59.72,5933331,,https://api.nasdaq.com/api/quote/UPRO/historical?assetclass=etf&fromdate=2016-07-26&todate=2026-07-26&limit=5000
UPRO,2024-01-30,59.42,59.8,59.24,59.53,4964584,,https://api.nasdaq.com/api/quote/UPRO/historical?assetclass=etf&fromdate=2016-07-26&todate=2026-07-26&limit=5000
UPRO,2024-01-31,58.7,58.855,56.59,56.63,13144070,,https://api.nasdaq.com/api/quote/UPRO/historical?assetclass=etf&fromdate=2016-07-26&todate=2026-07-26&limit=5000
UPRO,2024-02-01,57.14,58.78,56.87,58.77,9111595,,https://api.nasdaq.com/api/quote/UPRO/historical?assetclass=etf&fromdate=2016-07-26&todate=2026-07-26&limit=5000
UPRO,2024-02-02,58.92,61.21,58.79,60.59,8400184,,https://api.nasdaq.com/api/quote/UPRO/historical?assetclass=etf&fromdate=2016-07-26&todate=2026-07-26&limit=5000
UPRO,2024-02-05,60.34,60.51,59.07,59.91,9577529,,https://api.nasdaq.com/api/quote/UPRO/historical?assetclass=etf&fromdate=2016-07-26&todate=2026-07-26&limit=5000
UPRO,2024-02-06,60.26,60.54,59.71,60.4,4856426,,https://api.nasdaq.com/api/quote/UPRO/historical?assetclass=etf&fromdate=2016-07-26&todate=2026-07-26&limit=5000
UPRO,2024-02-07,61.24,62.06,60.91,61.88,4733157,,https://api.nasdaq.com/api/quote/UPRO/historical?assetclass=etf&fromdate=2016-07-26&todate=2026-07-26&limit=5000
UPRO,2024-02-08,61.86,62.07,61.5379,61.95,3966917,,https://api.nasdaq.com/api/quote/UPRO/historical?assetclass=etf&fromdate=2016-07-26&todate=2026-07-26&limit=5000
UPRO,2024-02-09,62.11,63.1422,61.98,62.97,5296020,,https://api.nasdaq.com/api/quote/UPRO/historical?assetclass=etf&fromdate=2016-07-26&todate=2026-07-26&limit=5000
UPRO,2024-02-12,62.96,63.81,62.6,62.85,4922617,,https://api.nasdaq.com/api/quote/UPRO/historical?assetclass=etf&fromdate=2016-07-26&todate=2026-07-26&limit=5000
UPRO,2024-02-13,60.4,60.9101,58.99,60.28,8772873,,https://api.nasdaq.com/api/quote/UPRO/historical?assetclass=etf&fromdate=2016-07-26&todate=2026-07-26&limit=5000
UPRO,2024-02-14,61.24,62.05,60.35,61.87,6358689,,https://api.nasdaq.com/api/quote/UPRO/historical?assetclass=etf&fromdate=2016-07-26&todate=2026-07-26&limit=5000
UPRO,2024-02-15,62.06,63.13,61.85,63.04,7448726,,https://api.nasdaq.com/api/quote/UPRO/historical?assetclass=etf&fromdate=2016-07-26&todate=2026-07-26&limit=5000
UPRO,2024-02-16,62.94,63.36,61.81,62.07,6962053,,https://api.nasdaq.com/api/quote/UPRO/historical?assetclass=etf&fromdate=2016-07-26&todate=2026-07-26&limit=5000
UPRO,2024-02-20,61.42,61.66,60.18,61.03,6453386,,https://api.nasdaq.com/api/quote/UPRO/historical?assetclass=etf&fromdate=2016-07-26&todate=2026-07-26&limit=5000
UPRO,2024-02-21,60.51,61.24,59.83,61.17,5582036,,https://api.nasdaq.com/api/quote/UPRO/historical?assetclass=etf&fromdate=2016-07-26&todate=2026-07-26&limit=5000
UPRO,2024-02-22,63.61,65.2813,63.271,64.94,7295854,,https://api.nasdaq.com/api/quote/UPRO/historical?assetclass=etf&fromdate=2016-07-26&todate=2026-07-26&limit=5000
UPRO,2024-02-23,65.56,65.91,64.75,65.02,5784226,,https://api.nasdaq.com/api/quote/UPRO/historical?assetclass=etf&fromdate=2016-07-26&todate=2026-07-26&limit=5000
UPRO,2024-02-26,65.17,65.345,64.25,64.3,4177040,,https://api.nasdaq.com/api/quote/UPRO/historical?assetclass=etf&fromdate=2016-07-26&todate=2026-07-26&limit=5000
UPRO,2024-02-27,64.55,64.71,63.8,64.62,4077307,,https://api.nasdaq.com/api/quote/UPRO/historical?assetclass=etf&fromdate=2016-07-26&todate=2026-07-26&limit=5000
UPRO,2024-02-28,63.99,64.5758,63.86,64.31,3938092,,https://api.nasdaq.com/api/quote/UPRO/historical?assetclass=etf&fromdate=2016-07-26&todate=2026-07-26&limit=5000
UPRO,2024-02-29,64.98,65.59,63.93,64.94,6850363,,https://api.nasdaq.com/api/quote/UPRO/historical?assetclass=etf&fromdate=2016-07-26&todate=2026-07-26&limit=5000
UPRO,2024-03-01,65.29,66.9477,65.135,66.77,6461992,,https://api.nasdaq.com/api/quote/UPRO/historical?assetclass=etf&fromdate=2016-07-26&todate=2026-07-26&limit=5000
UPRO,2024-03-04,66.42,67.28,66.42,66.51,3643315,,https://api.nasdaq.com/api/quote/UPRO/historical?assetclass=etf&fromdate=2016-07-26&todate=2026-07-26&limit=5000
UPRO,2024-03-05,65.71,65.885,63.63,64.49,6021517,,https://api.nasdaq.com/api/quote/UPRO/historical?assetclass=etf&fromdate=2016-07-26&todate=2026-07-26&limit=5000
UPRO,2024-03-06,65.79,66.36,64.97,65.49,6771906,,https://api.nasdaq.com/api/quote/UPRO/historical?assetclass=etf&fromdate=2016-07-26&todate=2026-07-26&limit=5000
UPRO,2024-03-07,66.69,67.78,66.344,67.39,5955911,,https://api.nasdaq.com/api/quote/UPRO/historical?assetclass=etf&fromdate=2016-07-26&todate=2026-07-26&limit=5000
UPRO,2024-03-08,67.62,68.6872,65.885,66.14,11477560,,https://api.nasdaq.com/api/quote/UPRO/historical?assetclass=etf&fromdate=2016-07-26&todate=2026-07-26&limit=5000
UPRO,2024-03-11,65.6,66.14,64.84,65.92,8913406,,https://api.nasdaq.com/api/quote/UPRO/historical?assetclass=etf&fromdate=2016-07-26&todate=2026-07-26&limit=5000
UPRO,2024-03-12,66.74,68.25,65.73,68.03,8326623,,https://api.nasdaq.com/api/quote/UPRO/historical?assetclass=etf&fromdate=2016-07-26&todate=2026-07-26&limit=5000
UPRO,2024-03-13,68.12,68.2,67.1,67.67,5123420,,https://api.nasdaq.com/api/quote/UPRO/historical?assetclass=etf&fromdate=2016-07-26&todate=2026-07-26&limit=5000
UPRO,2024-03-14,68.02,68.0613,65.975,67.2,6770764,,https://api.nasdaq.com/api/quote/UPRO/historical?assetclass=etf&fromdate=2016-07-26&todate=2026-07-26&limit=5000
UPRO,2024-03-15,65.97,66.53,65.2201,65.74,6360037,,https://api.nasdaq.com/api/quote/UPRO/historical?assetclass=etf&fromdate=2016-07-26&todate=2026-07-26&limit=5000
UPRO,2024-03-18,67.36,67.95,66.74,66.92,9732406,,https://api.nasdaq.com/api/quote/UPRO/historical?assetclass=etf&fromdate=2016-07-26&todate=2026-07-26&limit=5000
UPRO,2024-03-19,66.67,68.14,66.25,68.04,5571691,,https://api.nasdaq.com/api/quote/UPRO/historical?assetclass=etf&fromdate=2016-07-26&todate=2026-07-26&limit=5000
UPRO,2024-03-20,67.94,69.83,67.64,69.75,5926970,,https://api.nasdaq.com/api/quote/UPRO/historical?assetclass=etf&fromdate=2016-07-26&todate=2026-07-26&limit=5000
UPRO,2024-03-21,70.88,71.16,70.285,70.34,5468557,,https://api.nasdaq.com/api/quote/UPRO/historical?assetclass=etf&fromdate=2016-07-26&todate=2026-07-26&limit=5000
UPRO,2024-03-22,70.33,70.54,69.88,70.01,3529016,,https://api.nasdaq.com/api/quote/UPRO/historical?assetclass=etf&fromdate=2016-07-26&todate=2026-07-26&limit=5000
UPRO,2024-03-25,69.38,69.835,69.3,69.42,8511164,,https://api.nasdaq.com/api/quote/UPRO/historical?assetclass=etf&fromdate=2016-07-26&todate=2026-07-26&limit=5000
UPRO,2024-03-26,69.94,70.07,68.77,68.84,7742131,,https://api.nasdaq.com/api/quote/UPRO/historical?assetclass=etf&fromdate=2016-07-26&todate=2026-07-26&limit=5000
UPRO,2024-03-27,70.03,70.61,69.13,70.59,5110610,,https://api.nasdaq.com/api/quote/UPRO/historical?assetclass=etf&fromdate=2016-07-26&todate=2026-07-26&limit=5000
UPRO,2024-03-28,70.59,71.1482,70.43,70.55,3904294,,https://api.nasdaq.com/api/quote/UPRO/historical?assetclass=etf&fromdate=2016-07-26&todate=2026-07-26&limit=5000
UPRO,2024-04-01,70.81,71.03,69.65,70.19,8047701,,https://api.nasdaq.com/api/quote/UPRO/historical?assetclass=etf&fromdate=2016-07-26&todate=2026-07-26&limit=5000
UPRO,2024-04-02,68.53,68.82,67.82,68.77,5248698,,https://api.nasdaq.com/api/quote/UPRO/historical?assetclass=etf&fromdate=2016-07-26&todate=2026-07-26&limit=5000
UPRO,2024-04-03,68.31,69.5801,68.275,68.97,5570815,,https://api.nasdaq.com/api/quote/UPRO/historical?assetclass=etf&fromdate=2016-07-26&todate=2026-07-26&limit=5000
UPRO,2024-04-04,70.54,70.68,66.25,66.34,7966894,,https://api.nasdaq.com/api/quote/UPRO/historical?assetclass=etf&fromdate=2016-07-26&todate=2026-07-26&limit=5000
UPRO,2024-04-05,66.9,69.21,66.72,68.4,8073697,,https://api.nasdaq.com/api/quote/UPRO/historical?assetclass=etf&fromdate=2016-07-26&todate=2026-07-26&limit=5000
UPRO,2024-04-08,68.7,69.1,68.1912,68.46,8048680,,https://api.nasdaq.com/api/quote/UPRO/historical?assetclass=etf&fromdate=2016-07-26&todate=2026-07-26&limit=5000
UPRO,2024-04-09,69.2,69.29,66.77,68.7,5650289,,https://api.nasdaq.com/api/quote/UPRO/historical?assetclass=etf&fromdate=2016-07-26&todate=2026-07-26&limit=5000
UPRO,2024-04-10,66.38,67.45,65.842,66.68,8940603,,https://api.nasdaq.com/api/quote/UPRO/historical?assetclass=etf&fromdate=2016-07-26&todate=2026-07-26&limit=5000
UPRO,2024-04-11,67.17,68.655,65.785,68.1,6507875,,https://api.nasdaq.com/api/quote/UPRO/historical?assetclass=etf&fromdate=2016-07-26&todate=2026-07-26&limit=5000
UPRO,2024-04-12,66.62,67.19,64.54,65.2,7446194,,https://api.nasdaq.com/api/quote/UPRO/historical?assetclass=etf&fromdate=2016-07-26&todate=2026-07-26&limit=5000
UPRO,2024-04-15,66.85,66.9187,62.43,62.77,9206194,,https://api.nasdaq.com/api/quote/UPRO/historical?assetclass=etf&fromdate=2016-07-26&todate=2026-07-26&limit=5000
UPRO,2024-04-16,62.92,63.5,61.9,62.37,8826628,,https://api.nasdaq.com/api/quote/UPRO/historical?assetclass=etf&fromdate=2016-07-26&todate=2026-07-26&limit=5000
UPRO,2024-04-17,63.3,63.36,60.73,61.26,9682421,,https://api.nasdaq.com/api/quote/UPRO/historical?assetclass=etf&fromdate=2016-07-26&todate=2026-07-26&limit=5000
UPRO,2024-04-18,61.73,62.52,60.465,60.78,9430693,,https://api.nasdaq.com/api/quote/UPRO/historical?assetclass=etf&fromdate=2016-07-26&todate=2026-07-26&limit=5000
UPRO,2024-04-19,60.76,61.13,58.74,59.16,8056192,,https://api.nasdaq.com/api/quote/UPRO/historical?assetclass=etf&fromdate=2016-07-26&todate=2026-07-26&limit=5000
UPRO,2024-04-22,60.15,61.7774,59.28,60.75,7134599,,https://api.nasdaq.com/api/quote/UPRO/historical?assetclass=etf&fromdate=2016-07-26&todate=2026-07-26&limit=5000
UPRO,2024-04-23,61.56,63.12,61.36,62.93,6310995,,https://api.nasdaq.com/api/quote/UPRO/historical?assetclass=etf&fromdate=2016-07-26&todate=2026-07-26&limit=5000
UPRO,2024-04-24,63.29,63.56,62,62.88,5805027,,https://api.nasdaq.com/api/quote/UPRO/historical?assetclass=etf&fromdate=2016-07-26&todate=2026-07-26&limit=5000
UPRO,2024-04-25,60.43,62.35,59.84,62.03,7454136,,https://api.nasdaq.com/api/quote/UPRO/historical?assetclass=etf&fromdate=2016-07-26&todate=2026-07-26&limit=5000
UPRO,2024-04-26,63.1,64.41,62.8701,63.82,4979828,,https://api.nasdaq.com/api/quote/UPRO/historical?assetclass=etf&fromdate=2016-07-26&todate=2026-07-26&limit=5000
UPRO,2024-04-29,64.5,64.72,63.41,64.44,3580146,,https://api.nasdaq.com/api/quote/UPRO/historical?assetclass=etf&fromdate=2016-07-26&todate=2026-07-26&limit=5000
UPRO,2024-04-30,63.84,64.25,61.39,61.4,5121798,,https://api.nasdaq.com/api/quote/UPRO/historical?assetclass=etf&fromdate=2016-07-26&todate=2026-07-26&limit=5000
UPRO,2024-05-01,61.13,63.63,60.58,60.7,8514538,,https://api.nasdaq.com/api/quote/UPRO/historical?assetclass=etf&fromdate=2016-07-26&todate=2026-07-26&limit=5000
UPRO,2024-05-02,62.09,62.7,60.39,62.37,4893242,,https://api.nasdaq.com/api/quote/UPRO/historical?assetclass=etf&fromdate=2016-07-26&todate=2026-07-26&limit=5000
UPRO,2024-05-03,64.66,65.17,63.69,64.69,5392760,,https://api.nasdaq.com/api/quote/UPRO/historical?assetclass=etf&fromdate=2016-07-26&todate=2026-07-26&limit=5000
UPRO,2024-05-06,65.63,66.69,65.45,66.69,3542669,,https://api.nasdaq.com/api/quote/UPRO/historical?assetclass=etf&fromdate=2016-07-26&todate=2026-07-26&limit=5000
UPRO,2024-05-07,67.05,67.44,66.615,66.89,3943098,,https://api.nasdaq.com/api/quote/UPRO/historical?assetclass=etf&fromdate=2016-07-26&todate=2026-07-26&limit=5000
UPRO,2024-05-08,66.12,67.08,66.08,66.86,2135004,,https://api.nasdaq.com/api/quote/UPRO/historical?assetclass=etf&fromdate=2016-07-26&todate=2026-07-26&limit=5000
UPRO,2024-05-09,66.89,67.975,66.6107,67.94,2883166,,https://api.nasdaq.com/api/quote/UPRO/historical?assetclass=etf&fromdate=2016-07-26&todate=2026-07-26&limit=5000
UPRO,2024-05-10,68.58,68.9197,67.7201,68.23,3417599,,https://api.nasdaq.com/api/quote/UPRO/historical?assetclass=etf&fromdate=2016-07-26&todate=2026-07-26&limit=5000
UPRO,2024-05-13,68.86,68.89,67.74,68.19,2336733,,https://api.nasdaq.com/api/quote/UPRO/historical?assetclass=etf&fromdate=2016-07-26&todate=2026-07-26&limit=5000
UPRO,2024-05-14,68.26,69.33,68.042,69.11,3548679,,https://api.nasdaq.com/api/quote/UPRO/historical?assetclass=etf&fromdate=2016-07-26&todate=2026-07-26&limit=5000
UPRO,2024-05-15,70.1,71.79,69.85,71.64,4514858,,https://api.nasdaq.com/api/quote/UPRO/historical?assetclass=etf&fromdate=2016-07-26&todate=2026-07-26&limit=5000
UPRO,2024-05-16,71.64,72.3001,71.1,71.16,3280618,,https://api.nasdaq.com/api/quote/UPRO/historical?assetclass=etf&fromdate=2016-07-26&todate=2026-07-26&limit=5000
UPRO,2024-05-17,71.17,71.465,70.58,71.44,2852357,,https://api.nasdaq.com/api/quote/UPRO/historical?assetclass=etf&fromdate=2016-07-26&todate=2026-07-26&limit=5000
UPRO,2024-05-20,71.45,72.265,71.29,71.65,2674127,,https://api.nasdaq.com/api/quote/UPRO/historical?assetclass=etf&fromdate=2016-07-26&todate=2026-07-26&limit=5000
UPRO,2024-05-21,71.3,72.22,71.24,72.14,2209964,,https://api.nasdaq.com/api/quote/UPRO/historical?assetclass=etf&fromdate=2016-07-26&todate=2026-07-26&limit=5000
UPRO,2024-05-22,71.85,72.13,70.6,71.48,3882346,,https://api.nasdaq.com/api/quote/UPRO/historical?assetclass=etf&fromdate=2016-07-26&todate=2026-07-26&limit=5000
UPRO,2024-05-23,72.68,72.72,69.33,69.82,6521619,,https://api.nasdaq.com/api/quote/UPRO/historical?assetclass=etf&fromdate=2016-07-26&todate=2026-07-26&limit=5000
UPRO,2024-05-24,70.59,71.53,70.18,71.21,4314877,,https://api.nasdaq.com/api/quote/UPRO/historical?assetclass=etf&fromdate=2016-07-26&todate=2026-07-26&limit=5000
UPRO,2024-05-28,71.52,71.6,70.24,71.34,3831488,,https://api.nasdaq.com/api/quote/UPRO/historical?assetclass=etf&fromdate=2016-07-26&todate=2026-07-26&limit=5000
UPRO,2024-05-29,69.61,70.29,69.51,69.8,3799462,,https://api.nasdaq.com/api/quote/UPRO/historical?assetclass=etf&fromdate=2016-07-26&todate=2026-07-26&limit=5000
UPRO,2024-05-30,69.15,69.42,67.89,68.37,4031034,,https://api.nasdaq.com/api/quote/UPRO/historical?assetclass=etf&fromdate=2016-07-26&todate=2026-07-26&limit=5000
UPRO,2024-05-31,68.7,70.26,66.65,70.17,6663739,,https://api.nasdaq.com/api/quote/UPRO/historical?assetclass=etf&fromdate=2016-07-26&todate=2026-07-26&limit=5000
UPRO,2024-06-03,70.84,70.88,68.2601,70.34,6767853,,https://api.nasdaq.com/api/quote/UPRO/historical?assetclass=etf&fromdate=2016-07-26&todate=2026-07-26&limit=5000
UPRO,2024-06-04,69.8,70.85,69.17,70.52,4973064,,https://api.nasdaq.com/api/quote/UPRO/historical?assetclass=etf&fromdate=2016-07-26&todate=2026-07-26&limit=5000
UPRO,2024-06-05,71.49,73.05,70.65,73.02,4374192,,https://api.nasdaq.com/api/quote/UPRO/historical?assetclass=etf&fromdate=2016-07-26&todate=2026-07-26&limit=5000
UPRO,2024-06-06,73.17,73.33,72.21,72.99,3182219,,https://api.nasdaq.com/api/quote/UPRO/historical?assetclass=etf&fromdate=2016-07-26&todate=2026-07-26&limit=5000
UPRO,2024-06-07,72.55,73.86,72.07,72.64,4625549,,https://api.nasdaq.com/api/quote/UPRO/historical?assetclass=etf&fromdate=2016-07-26&todate=2026-07-26&limit=5000
UPRO,2024-06-10,72.3,73.45,72.05,73.3,2621586,,https://api.nasdaq.com/api/quote/UPRO/historical?assetclass=etf&fromdate=2016-07-26&todate=2026-07-26&limit=5000
UPRO,2024-06-11,72.67,73.85,71.8193,73.8,2731188,,https://api.nasdaq.com/api/quote/UPRO/historical?assetclass=etf&fromdate=2016-07-26&todate=2026-07-26&limit=5000
UPRO,2024-06-12,75.73,76.75,75.19,75.6,6023677,,https://api.nasdaq.com/api/quote/UPRO/historical?assetclass=etf&fromdate=2016-07-26&todate=2026-07-26&limit=5000
UPRO,2024-06-13,76.35,76.41,74.865,76.07,2707575,,https://api.nasdaq.com/api/quote/UPRO/historical?assetclass=etf&fromdate=2016-07-26&todate=2026-07-26&limit=5000
UPRO,2024-06-14,75.34,76.13,74.8865,76.08,2770184,,https://api.nasdaq.com/api/quote/UPRO/historical?assetclass=etf&fromdate=2016-07-26&todate=2026-07-26&limit=5000
UPRO,2024-06-17,75.8,78.47,75.5903,77.87,3222992,,https://api.nasdaq.com/api/quote/UPRO/historical?assetclass=etf&fromdate=2016-07-26&todate=2026-07-26&limit=5000
UPRO,2024-06-18,77.89,78.5099,77.71,78.44,2504658,,https://api.nasdaq.com/api/quote/UPRO/historical?assetclass=etf&fromdate=2016-07-26&todate=2026-07-26&limit=5000
UPRO,2024-06-20,78.84,79.12,77.02,77.75,3855644,,https://api.nasdaq.com/api/quote/UPRO/historical?assetclass=etf&fromdate=2016-07-26&todate=2026-07-26&limit=5000
UPRO,2024-06-21,77.35,77.88,76.78,77.2,3249080,,https://api.nasdaq.com/api/quote/UPRO/historical?assetclass=etf&fromdate=2016-07-26&todate=2026-07-26&limit=5000
UPRO,2024-06-24,77.28,78.405,76.57,76.59,3760367,,https://api.nasdaq.com/api/quote/UPRO/historical?assetclass=etf&fromdate=2016-07-26&todate=2026-07-26&limit=5000
UPRO,2024-06-25,77.12,77.63,76.47,77.44,2583912,,https://api.nasdaq.com/api/quote/UPRO/historical?assetclass=etf&fromdate=2016-07-26&todate=2026-07-26&limit=5000
UPRO,2024-06-26,76.73,77.805,76.45,77.53,2263041,,https://api.nasdaq.com/api/quote/UPRO/historical?assetclass=etf&fromdate=2016-07-26&todate=2026-07-26&limit=5000
UPRO,2024-06-27,77.41,78.1,77.1,77.82,2527686,,https://api.nasdaq.com/api/quote/UPRO/historical?assetclass=etf&fromdate=2016-07-26&todate=2026-07-26&limit=5000
UPRO,2024-06-28,78.11,79.435,76.31,76.84,5324293,,https://api.nasdaq.com/api/quote/UPRO/historical?assetclass=etf&fromdate=2016-07-26&todate=2026-07-26&limit=5000
UPRO,2024-07-01,77.42,77.51,76.11,77.28,3265326,,https://api.nasdaq.com/api/quote/UPRO/historical?assetclass=etf&fromdate=2016-07-26&todate=2026-07-26&limit=5000
UPRO,2024-07-02,76.6,78.82,76.55,78.79,2927249,,https://api.nasdaq.com/api/quote/UPRO/historical?assetclass=etf&fromdate=2016-07-26&todate=2026-07-26&limit=5000
UPRO,2024-07-03,78.63,79.975,78.62,79.78,1889730,,https://api.nasdaq.com/api/quote/UPRO/historical?assetclass=etf&fromdate=2016-07-26&todate=2026-07-26&limit=5000
UPRO,2024-07-05,79.9,81.31,79.6,81.12,3205705,,https://api.nasdaq.com/api/quote/UPRO/historical?assetclass=etf&fromdate=2016-07-26&todate=2026-07-26&limit=5000
UPRO,2024-07-08,81.48,81.8,80.89,81.37,2528268,,https://api.nasdaq.com/api/quote/UPRO/historical?assetclass=etf&fromdate=2016-07-26&todate=2026-07-26&limit=5000
UPRO,2024-07-09,81.77,82.17,81.4599,81.57,2145212,,https://api.nasdaq.com/api/quote/UPRO/historical?assetclass=etf&fromdate=2016-07-26&todate=2026-07-26&limit=5000
UPRO,2024-07-10,82.11,84.13,81.98,83.92,2500498,,https://api.nasdaq.com/api/quote/UPRO/historical?assetclass=etf&fromdate=2016-07-26&todate=2026-07-26&limit=5000
UPRO,2024-07-11,84.01,84.4,81.48,81.76,5672089,,https://api.nasdaq.com/api/quote/UPRO/historical?assetclass=etf&fromdate=2016-07-26&todate=2026-07-26&limit=5000
UPRO,2024-07-12,82.21,84.87,82.05,83.22,4657197,,https://api.nasdaq.com/api/quote/UPRO/historical?assetclass=etf&fromdate=2016-07-26&todate=2026-07-26&limit=5000
UPRO,2024-07-15,84.12,85.36,83.0569,83.9,8540479,,https://api.nasdaq.com/api/quote/UPRO/historical?assetclass=etf&fromdate=2016-07-26&todate=2026-07-26&limit=5000
UPRO,2024-07-16,84.47,85.48,84.12,85.37,3117414,,https://api.nasdaq.com/api/quote/UPRO/historical?assetclass=etf&fromdate=2016-07-26&todate=2026-07-26&limit=5000
UPRO,2024-07-17,82.56,83.35,81.59,81.73,4552406,,https://api.nasdaq.com/api/quote/UPRO/historical?assetclass=etf&fromdate=2016-07-26&todate=2026-07-26&limit=5000
UPRO,2024-07-18,82.4,82.84,78.85,79.79,5761772,,https://api.nasdaq.com/api/quote/UPRO/historical?assetclass=etf&fromdate=2016-07-26&todate=2026-07-26&limit=5000
UPRO,2024-07-19,79.61,80.34,77.68,78.11,4254657,,https://api.nasdaq.com/api/quote/UPRO/historical?assetclass=etf&fromdate=2016-07-26&todate=2026-07-26&limit=5000
UPRO,2024-07-22,79.83,80.79,78.98,80.54,5229221,,https://api.nasdaq.com/api/quote/UPRO/historical?assetclass=etf&fromdate=2016-07-26&todate=2026-07-26&limit=5000
UPRO,2024-07-23,80.46,81.415,79.91,80.12,3713521,,https://api.nasdaq.com/api/quote/UPRO/historical?assetclass=etf&fromdate=2016-07-26&todate=2026-07-26&limit=5000
UPRO,2024-07-24,77.93,78.0894,74.23,74.64,7665348,,https://api.nasdaq.com/api/quote/UPRO/historical?assetclass=etf&fromdate=2016-07-26&todate=2026-07-26&limit=5000
UPRO,2024-07-25,74.65,77.1811,73.06,73.42,9370556,,https://api.nasdaq.com/api/quote/UPRO/historical?assetclass=etf&fromdate=2016-07-26&todate=2026-07-26&limit=5000
UPRO,2024-07-26,74.95,76.9599,74.6301,75.84,5798001,,https://api.nasdaq.com/api/quote/UPRO/historical?assetclass=etf&fromdate=2016-07-26&todate=2026-07-26&limit=5000
UPRO,2024-07-29,76.46,76.8997,75.08,75.91,4323884,,https://api.nasdaq.com/api/quote/UPRO/historical?assetclass=etf&fromdate=2016-07-26&todate=2026-07-26&limit=5000
UPRO,2024-07-30,76.54,76.98,73.3,74.74,4354376,,https://api.nasdaq.com/api/quote/UPRO/historical?assetclass=etf&fromdate=2016-07-26&todate=2026-07-26&limit=5000
UPRO,2024-07-31,77.6,79.47,77.04,78.23,6042923,,https://api.nasdaq.com/api/quote/UPRO/historical?assetclass=etf&fromdate=2016-07-26&todate=2026-07-26&limit=5000
UPRO,2024-08-01,79.1,80.06,73.5,75.01,9588405,,https://api.nasdaq.com/api/quote/UPRO/historical?assetclass=etf&fromdate=2016-07-26&todate=2026-07-26&limit=5000
UPRO,2024-08-02,71.91,72.44,68.97,70.77,11936390,,https://api.nasdaq.com/api/quote/UPRO/historical?assetclass=etf&fromdate=2016-07-26&todate=2026-07-26&limit=5000
UPRO,2024-08-05,62.21,67.01,61.71,64.53,13287760,,https://api.nasdaq.com/api/quote/UPRO/historical?assetclass=etf&fromdate=2016-07-26&todate=2026-07-26&limit=5000
UPRO,2024-08-06,65.21,69.13,64.68,66.3,8450274,,https://api.nasdaq.com/api/quote/UPRO/historical?assetclass=etf&fromdate=2016-07-26&todate=2026-07-26&limit=5000
UPRO,2024-08-07,68.69,69.865,64.7001,64.91,6425818,,https://api.nasdaq.com/api/quote/UPRO/historical?assetclass=etf&fromdate=2016-07-26&todate=2026-07-26&limit=5000
UPRO,2024-08-08,66.9,69.65,66.1,69.39,4358900,,https://api.nasdaq.com/api/quote/UPRO/historical?assetclass=etf&fromdate=2016-07-26&todate=2026-07-26&limit=5000
UPRO,2024-08-09,69.02,70.85,68.53,70.24,4320878,,https://api.nasdaq.com/api/quote/UPRO/historical?assetclass=etf&fromdate=2016-07-26&todate=2026-07-26&limit=5000
UPRO,2024-08-12,70.7,71.32,69.43,70.32,5028084,,https://api.nasdaq.com/api/quote/UPRO/historical?assetclass=etf&fromdate=2016-07-26&todate=2026-07-26&limit=5000
UPRO,2024-08-13,71.63,73.88,71.53,73.77,4384496,,https://api.nasdaq.com/api/quote/UPRO/historical?assetclass=etf&fromdate=2016-07-26&todate=2026-07-26&limit=5000
UPRO,2024-08-14,74.14,74.955,72.97,74.48,4931197,,https://api.nasdaq.com/api/quote/UPRO/historical?assetclass=etf&fromdate=2016-07-26&todate=2026-07-26&limit=5000
UPRO,2024-08-15,76.78,78.38,76.57,78.26,4323691,,https://api.nasdaq.com/api/quote/UPRO/historical?assetclass=etf&fromdate=2016-07-26&todate=2026-07-26&limit=5000
UPRO,2024-08-16,77.5,79.01,77.43,78.67,3257027,,https://api.nasdaq.com/api/quote/UPRO/historical?assetclass=etf&fromdate=2016-07-26&todate=2026-07-26&limit=5000
UPRO,2024-08-19,78.87,80.93,78.52,80.93,3304947,,https://api.nasdaq.com/api/quote/UPRO/historical?assetclass=etf&fromdate=2016-07-26&todate=2026-07-26&limit=5000
UPRO,2024-08-20,80.72,81.46,79.93,80.49,2806184,,https://api.nasdaq.com/api/quote/UPRO/historical?assetclass=etf&fromdate=2016-07-26&todate=2026-07-26&limit=5000
UPRO,2024-08-21,80.94,81.97,80.19,81.36,3541023,,https://api.nasdaq.com/api/quote/UPRO/historical?assetclass=etf&fromdate=2016-07-26&todate=2026-07-26&limit=5000
UPRO,2024-08-22,82.16,82.42,78.85,79.38,4354630,,https://api.nasdaq.com/api/quote/UPRO/historical?assetclass=etf&fromdate=2016-07-26&todate=2026-07-26&limit=5000
UPRO,2024-08-23,80.75,82.24,79.77,81.81,5118813,,https://api.nasdaq.com/api/quote/UPRO/historical?assetclass=etf&fromdate=2016-07-26&todate=2026-07-26&limit=5000
UPRO,2024-08-26,82.24,82.57,80.47,81.17,3301278,,https://api.nasdaq.com/api/quote/UPRO/historical?assetclass=etf&fromdate=2016-07-26&todate=2026-07-26&limit=5000
UPRO,2024-08-27,80.61,81.73,80.13,81.51,2652627,,https://api.nasdaq.com/api/quote/UPRO/historical?assetclass=etf&fromdate=2016-07-26&todate=2026-07-26&limit=5000
UPRO,2024-08-28,81.36,81.53,78.644,80.07,3505034,,https://api.nasdaq.com/api/quote/UPRO/historical?assetclass=etf&fromdate=2016-07-26&todate=2026-07-26&limit=5000
UPRO,2024-08-29,80.9,82.34,79.56,80.03,5456689,,https://api.nasdaq.com/api/quote/UPRO/historical?assetclass=etf&fromdate=2016-07-26&todate=2026-07-26&limit=5000
UPRO,2024-08-30,80.99,82.45,79.425,82.2,4147130,,https://api.nasdaq.com/api/quote/UPRO/historical?assetclass=etf&fromdate=2016-07-26&todate=2026-07-26&limit=5000
UPRO,2024-09-03,80.79,80.95,76,77.14,6598918,,https://api.nasdaq.com/api/quote/UPRO/historical?assetclass=etf&fromdate=2016-07-26&todate=2026-07-26&limit=5000
UPRO,2024-09-04,76.29,78.06,76,76.57,5215740,,https://api.nasdaq.com/api/quote/UPRO/historical?assetclass=etf&fromdate=2016-07-26&todate=2026-07-26&limit=5000
UPRO,2024-09-05,76.54,77.77,74.97,76.01,4482026,,https://api.nasdaq.com/api/quote/UPRO/historical?assetclass=etf&fromdate=2016-07-26&todate=2026-07-26&limit=5000
UPRO,2024-09-06,76.09,76.77,71.72,72.12,7081836,,https://api.nasdaq.com/api/quote/UPRO/historical?assetclass=etf&fromdate=2016-07-26&todate=2026-07-26&limit=5000
UPRO,2024-09-09,73.81,75.01,73,74.48,4155641,,https://api.nasdaq.com/api/quote/UPRO/historical?assetclass=etf&fromdate=2016-07-26&todate=2026-07-26&limit=5000
UPRO,2024-09-10,75.26,75.595,73.24,75.43,3427817,,https://api.nasdaq.com/api/quote/UPRO/historical?assetclass=etf&fromdate=2016-07-26&todate=2026-07-26&limit=5000
UPRO,2024-09-11,75.4,78.14,71.77,77.7,6822083,,https://api.nasdaq.com/api/quote/UPRO/historical?assetclass=etf&fromdate=2016-07-26&todate=2026-07-26&limit=5000
UPRO,2024-09-12,77.99,79.81,77.02,79.66,4560509,,https://api.nasdaq.com/api/quote/UPRO/historical?assetclass=etf&fromdate=2016-07-26&todate=2026-07-26&limit=5000
UPRO,2024-09-13,79.88,81.29,79.77,80.83,4017900,,https://api.nasdaq.com/api/quote/UPRO/historical?assetclass=etf&fromdate=2016-07-26&todate=2026-07-26&limit=5000
UPRO,2024-09-16,80.71,81.3,79.93,81.21,2639469,,https://api.nasdaq.com/api/quote/UPRO/historical?assetclass=etf&fromdate=2016-07-26&todate=2026-07-26&limit=5000
UPRO,2024-09-17,82.15,82.79,80.28,81.28,3493484,,https://api.nasdaq.com/api/quote/UPRO/historical?assetclass=etf&fromdate=2016-07-26&todate=2026-07-26&limit=5000
UPRO,2024-09-18,81.53,83.67,80.28,80.5,5697774,,https://api.nasdaq.com/api/quote/UPRO/historical?assetclass=etf&fromdate=2016-07-26&todate=2026-07-26&limit=5000
UPRO,2024-09-19,84.63,85.42,83.3807,84.59,5079543,,https://api.nasdaq.com/api/quote/UPRO/historical?assetclass=etf&fromdate=2016-07-26&todate=2026-07-26&limit=5000
UPRO,2024-09-20,83.95,84.555,82.73,84.02,4089066,,https://api.nasdaq.com/api/quote/UPRO/historical?assetclass=etf&fromdate=2016-07-26&todate=2026-07-26&limit=5000
UPRO,2024-09-23,84.55,84.99,84.01,84.67,3149300,,https://api.nasdaq.com/api/quote/UPRO/historical?assetclass=etf&fromdate=2016-07-26&todate=2026-07-26&limit=5000
UPRO,2024-09-24,85.02,85.42,83.75,85.39,3467166,,https://api.nasdaq.com/api/quote/UPRO/historical?assetclass=etf&fromdate=2016-07-26&todate=2026-07-26&limit=5000
UPRO,2024-09-25,85.09,85.41,84.07,84.55,3043117,,https://api.nasdaq.com/api/quote/UPRO/historical?assetclass=etf&fromdate=2016-07-26&todate=2026-07-26&limit=5000
UPRO,2024-09-26,86.51,86.63,84.49,85.57,3761668,,https://api.nasdaq.com/api/quote/UPRO/historical?assetclass=etf&fromdate=2016-07-26&todate=2026-07-26&limit=5000
UPRO,2024-09-27,85.98,86.3486,84.66,85.09,3148033,,https://api.nasdaq.com/api/quote/UPRO/historical?assetclass=etf&fromdate=2016-07-26&todate=2026-07-26&limit=5000
UPRO,2024-09-30,84.61,86.37,83.58,86.19,3362679,,https://api.nasdaq.com/api/quote/UPRO/historical?assetclass=etf&fromdate=2016-07-26&todate=2026-07-26&limit=5000
UPRO,2024-10-01,85.91,85.93,82.58,83.8,5914236,,https://api.nasdaq.com/api/quote/UPRO/historical?assetclass=etf&fromdate=2016-07-26&todate=2026-07-26&limit=5000
UPRO,2024-10-02,83.33,84.3,82.25,83.81,3100894,,https://api.nasdaq.com/api/quote/UPRO/historical?assetclass=etf&fromdate=2016-07-26&todate=2026-07-26&limit=5000
UPRO,2024-10-03,83.17,84.23,82.33,83.34,3960180,,https://api.nasdaq.com/api/quote/UPRO/historical?assetclass=etf&fromdate=2016-07-26&todate=2026-07-26&limit=5000
UPRO,2024-10-04,85.27,85.71,83.43,85.52,4977751,,https://api.nasdaq.com/api/quote/UPRO/historical?assetclass=etf&fromdate=2016-07-26&todate=2026-07-26&limit=5000
UPRO,2024-10-07,84.77,85.06,82.67,83.22,4657239,,https://api.nasdaq.com/api/quote/UPRO/historical?assetclass=etf&fromdate=2016-07-26&todate=2026-07-26&limit=5000
UPRO,2024-10-08,84.3,85.7798,83.93,85.53,3049247,,https://api.nasdaq.com/api/quote/UPRO/historical?assetclass=etf&fromdate=2016-07-26&todate=2026-07-26&limit=5000
UPRO,2024-10-09,85.5,87.5399,85.24,87.27,3551199,,https://api.nasdaq.com/api/quote/UPRO/historical?assetclass=etf&fromdate=2016-07-26&todate=2026-07-26&limit=5000
UPRO,2024-10-10,86.66,87.44,86.05,86.79,3300329,,https://api.nasdaq.com/api/quote/UPRO/historical?assetclass=etf&fromdate=2016-07-26&todate=2026-07-26&limit=5000
UPRO,2024-10-11,86.65,88.57,86.6,88.22,2940612,,https://api.nasdaq.com/api/quote/UPRO/historical?assetclass=etf&fromdate=2016-07-26&todate=2026-07-26&limit=5000
UPRO,2024-10-14,88.99,90.82,88.83,90.39,2982088,,https://api.nasdaq.com/api/quote/UPRO/historical?assetclass=etf&fromdate=2016-07-26&todate=2026-07-26&limit=5000
UPRO,2024-10-15,90.5,90.65,87.71,88.29,4602753,,https://api.nasdaq.com/api/quote/UPRO/historical?assetclass=etf&fromdate=2016-07-26&todate=2026-07-26&limit=5000
UPRO,2024-10-16,88.24,89.62,87.88,89.37,2679632,,https://api.nasdaq.com/api/quote/UPRO/historical?assetclass=etf&fromdate=2016-07-26&todate=2026-07-26&limit=5000
UPRO,2024-10-17,91.04,91.124,89.31,89.39,3484304,,https://api.nasdaq.com/api/quote/UPRO/historical?assetclass=etf&fromdate=2016-07-26&todate=2026-07-26&limit=5000
UPRO,2024-10-18,90.11,90.7,89.42,90.31,2207146,,https://api.nasdaq.com/api/quote/UPRO/historical?assetclass=etf&fromdate=2016-07-26&todate=2026-07-26&limit=5000
UPRO,2024-10-21,89.98,90.42,88.46,89.88,3368093,,https://api.nasdaq.com/api/quote/UPRO/historical?assetclass=etf&fromdate=2016-07-26&todate=2026-07-26&limit=5000
UPRO,2024-10-22,88.63,90.21,88.33,89.69,2797598,,https://api.nasdaq.com/api/quote/UPRO/historical?assetclass=etf&fromdate=2016-07-26&todate=2026-07-26&limit=5000
UPRO,2024-10-23,88.69,88.9,85.53,87.17,4292224,,https://api.nasdaq.com/api/quote/UPRO/historical?assetclass=etf&fromdate=2016-07-26&todate=2026-07-26&limit=5000
UPRO,2024-10-24,88.09,88.1,86.54,87.71,3369234,,https://api.nasdaq.com/api/quote/UPRO/historical?assetclass=etf&fromdate=2016-07-26&todate=2026-07-26&limit=5000
UPRO,2024-10-25,88.69,90.0201,87.12,87.54,4653560,,https://api.nasdaq.com/api/quote/UPRO/historical?assetclass=etf&fromdate=2016-07-26&todate=2026-07-26&limit=5000
UPRO,2024-10-28,89.12,89.14,88.2,88.33,2906447,,https://api.nasdaq.com/api/quote/UPRO/historical?assetclass=etf&fromdate=2016-07-26&todate=2026-07-26&limit=5000
UPRO,2024-10-29,87.86,89.255,87.21,88.71,2836533,,https://api.nasdaq.com/api/quote/UPRO/historical?assetclass=etf&fromdate=2016-07-26&todate=2026-07-26&limit=5000
UPRO,2024-10-30,88.51,89.42,87.57,87.9,3107863,,https://api.nasdaq.com/api/quote/UPRO/historical?assetclass=etf&fromdate=2016-07-26&todate=2026-07-26&limit=5000
UPRO,2024-10-31,85.86,85.89,82.62,82.66,6461183,,https://api.nasdaq.com/api/quote/UPRO/historical?assetclass=etf&fromdate=2016-07-26&todate=2026-07-26&limit=5000
UPRO,2024-11-01,83.8,85.6439,83.49,83.66,4409763,,https://api.nasdaq.com/api/quote/UPRO/historical?assetclass=etf&fromdate=2016-07-26&todate=2026-07-26&limit=5000
UPRO,2024-11-04,83.71,84.29,82.265,83.09,3364724,,https://api.nasdaq.com/api/quote/UPRO/historical?assetclass=etf&fromdate=2016-07-26&todate=2026-07-26&limit=5000
UPRO,2024-11-05,83.52,86.1,83.41,86.09,3214568,,https://api.nasdaq.com/api/quote/UPRO/historical?assetclass=etf&fromdate=2016-07-26&todate=2026-07-26&limit=5000
UPRO,2024-11-06,91.67,92.8898,89.97,92.5,7138662,,https://api.nasdaq.com/api/quote/UPRO/historical?assetclass=etf&fromdate=2016-07-26&todate=2026-07-26&limit=5000
UPRO,2024-11-07,93.44,95.0799,93.38,94.58,3854643,,https://api.nasdaq.com/api/quote/UPRO/historical?assetclass=etf&fromdate=2016-07-26&todate=2026-07-26&limit=5000
UPRO,2024-11-08,94.76,96.4,94.76,95.78,3727387,,https://api.nasdaq.com/api/quote/UPRO/historical?assetclass=etf&fromdate=2016-07-26&todate=2026-07-26&limit=5000
UPRO,2024-11-11,96.53,96.66,95.1501,95.98,2856743,,https://api.nasdaq.com/api/quote/UPRO/historical?assetclass=etf&fromdate=2016-07-26&todate=2026-07-26&limit=5000
UPRO,2024-11-12,95.93,96.21,93.84,95.05,3531906,,https://api.nasdaq.com/api/quote/UPRO/historical?assetclass=etf&fromdate=2016-07-26&todate=2026-07-26&limit=5000
UPRO,2024-11-13,95.24,96.15,94.11,95.17,3611306,,https://api.nasdaq.com/api/quote/UPRO/historical?assetclass=etf&fromdate=2016-07-26&todate=2026-07-26&limit=5000
UPRO,2024-11-14,95.2,95.4401,92.97,93.3,3269292,,https://api.nasdaq.com/api/quote/UPRO/historical?assetclass=etf&fromdate=2016-07-26&todate=2026-07-26&limit=5000
UPRO,2024-11-15,91.53,91.735,88.73,89.62,5043353,,https://api.nasdaq.com/api/quote/UPRO/historical?assetclass=etf&fromdate=2016-07-26&todate=2026-07-26&limit=5000
UPRO,2024-11-18,89.83,91.32,89.41,90.71,3077868,,https://api.nasdaq.com/api/quote/UPRO/historical?assetclass=etf&fromdate=2016-07-26&todate=2026-07-26&limit=5000
UPRO,2024-11-19,89.08,92.01,88.78,91.7,3637077,,https://api.nasdaq.com/api/quote/UPRO/historical?assetclass=etf&fromdate=2016-07-26&todate=2026-07-26&limit=5000
UPRO,2024-11-20,91.7,91.86,88.99,91.75,3972873,,https://api.nasdaq.com/api/quote/UPRO/historical?assetclass=etf&fromdate=2016-07-26&todate=2026-07-26&limit=5000
UPRO,2024-11-21,93.07,93.8499,90.2917,93.17,4944499,,https://api.nasdaq.com/api/quote/UPRO/historical?assetclass=etf&fromdate=2016-07-26&todate=2026-07-26&limit=5000
UPRO,2024-11-22,93.1,94.26,92.8705,93.94,2983237,,https://api.nasdaq.com/api/quote/UPRO/historical?assetclass=etf&fromdate=2016-07-26&todate=2026-07-26&limit=5000
UPRO,2024-11-25,95.83,96.47,93.77,94.86,4131912,,https://api.nasdaq.com/api/quote/UPRO/historical?assetclass=etf&fromdate=2016-07-26&todate=2026-07-26&limit=5000
UPRO,2024-11-26,95.45,96.67,95.14,96.38,3253109,,https://api.nasdaq.com/api/quote/UPRO/historical?assetclass=etf&fromdate=2016-07-26&todate=2026-07-26&limit=5000
UPRO,2024-11-27,96.21,96.37,94.66,95.39,2693593,,https://api.nasdaq.com/api/quote/UPRO/historical?assetclass=etf&fromdate=2016-07-26&todate=2026-07-26&limit=5000
UPRO,2024-11-29,95.69,97.4698,95.59,97.05,1798429,,https://api.nasdaq.com/api/quote/UPRO/historical?assetclass=etf&fromdate=2016-07-26&todate=2026-07-26&limit=5000
UPRO,2024-12-02,97.28,97.9099,97.03,97.62,2394535,,https://api.nasdaq.com/api/quote/UPRO/historical?assetclass=etf&fromdate=2016-07-26&todate=2026-07-26&limit=5000
UPRO,2024-12-03,97.48,97.81,96.95,97.67,2111250,,https://api.nasdaq.com/api/quote/UPRO/historical?assetclass=etf&fromdate=2016-07-26&todate=2026-07-26&limit=5000
UPRO,2024-12-04,98.49,99.58,98.18,99.44,3113680,,https://api.nasdaq.com/api/quote/UPRO/historical?assetclass=etf&fromdate=2016-07-26&todate=2026-07-26&limit=5000
UPRO,2024-12-05,99.44,99.8555,98.79,98.96,2103631,,https://api.nasdaq.com/api/quote/UPRO/historical?assetclass=etf&fromdate=2016-07-26&todate=2026-07-26&limit=5000
UPRO,2024-12-06,99.25,100.06,99.0505,99.48,2901931,,https://api.nasdaq.com/api/quote/UPRO/historical?assetclass=etf&fromdate=2016-07-26&todate=2026-07-26&limit=5000
UPRO,2024-12-09,99.34,99.43,97.57,97.86,3326175,,https://api.nasdaq.com/api/quote/UPRO/historical?assetclass=etf&fromdate=2016-07-26&todate=2026-07-26&limit=5000
UPRO,2024-12-10,98.16,98.335,96.6,96.94,2314048,,https://api.nasdaq.com/api/quote/UPRO/historical?assetclass=etf&fromdate=2016-07-26&todate=2026-07-26&limit=5000
UPRO,2024-12-11,98.32,99.61,98.18,99.18,2333980,,https://api.nasdaq.com/api/quote/UPRO/historical?assetclass=etf&fromdate=2016-07-26&todate=2026-07-26&limit=5000
UPRO,2024-12-12,98.68,98.9483,97.58,97.6,2464797,,https://api.nasdaq.com/api/quote/UPRO/historical?assetclass=etf&fromdate=2016-07-26&todate=2026-07-26&limit=5000
UPRO,2024-12-13,98.47,98.8499,96.7501,97.46,2761652,,https://api.nasdaq.com/api/quote/UPRO/historical?assetclass=etf&fromdate=2016-07-26&todate=2026-07-26&limit=5000
UPRO,2024-12-16,98.24,99.12,97.89,98.63,2664838,,https://api.nasdaq.com/api/quote/UPRO/historical?assetclass=etf&fromdate=2016-07-26&todate=2026-07-26&limit=5000
UPRO,2024-12-17,97.35,97.81,96.705,97.37,3155593,,https://api.nasdaq.com/api/quote/UPRO/historical?assetclass=etf&fromdate=2016-07-26&todate=2026-07-26&limit=5000
UPRO,2024-12-18,97.21,98.3997,88.43,88.74,7538809,,https://api.nasdaq.com/api/quote/UPRO/historical?assetclass=etf&fromdate=2016-07-26&todate=2026-07-26&limit=5000
UPRO,2024-12-19,90.9,91.65,88.425,88.54,6655367,,https://api.nasdaq.com/api/quote/UPRO/historical?assetclass=etf&fromdate=2016-07-26&todate=2026-07-26&limit=5000
UPRO,2024-12-20,87.35,93.7,86.975,91.48,7185193,,https://api.nasdaq.com/api/quote/UPRO/historical?assetclass=etf&fromdate=2016-07-26&todate=2026-07-26&limit=5000
UPRO,2024-12-23,91.22,93.26,89.73,93.01,3728213,,https://api.nasdaq.com/api/quote/UPRO/historical?assetclass=etf&fromdate=2016-07-26&todate=2026-07-26&limit=5000
UPRO,2024-12-24,93.55,96.02,93.28,95.98,2349821,,https://api.nasdaq.com/api/quote/UPRO/historical?assetclass=etf&fromdate=2016-07-26&todate=2026-07-26&limit=5000
UPRO,2024-12-26,95.11,96.5401,94.46,95.97,2961468,,https://api.nasdaq.com/api/quote/UPRO/historical?assetclass=etf&fromdate=2016-07-26&todate=2026-07-26&limit=5000
UPRO,2024-12-27,94.08,94.21,90.85,92.91,5207299,,https://api.nasdaq.com/api/quote/UPRO/historical?assetclass=etf&fromdate=2016-07-26&todate=2026-07-26&limit=5000
UPRO,2024-12-30,89.5,91.31,87.89,89.66,5261846,,https://api.nasdaq.com/api/quote/UPRO/historical?assetclass=etf&fromdate=2016-07-26&todate=2026-07-26&limit=5000
UPRO,2024-12-31,90.39,90.7095,87.89,88.64,4339626,,https://api.nasdaq.com/api/quote/UPRO/historical?assetclass=etf&fromdate=2016-07-26&todate=2026-07-26&limit=5000
UPRO,2025-01-02,90.07,90.89,86.09,87.9,5994152,,https://api.nasdaq.com/api/quote/UPRO/historical?assetclass=etf&fromdate=2016-07-26&todate=2026-07-26&limit=5000
UPRO,2025-01-03,89.2,91.45,88.69,91.12,9809820,,https://api.nasdaq.com/api/quote/UPRO/historical?assetclass=etf&fromdate=2016-07-26&todate=2026-07-26&limit=5000
UPRO,2025-01-06,93.1,94.72,91.89,92.7,4327989,,https://api.nasdaq.com/api/quote/UPRO/historical?assetclass=etf&fromdate=2016-07-26&todate=2026-07-26&limit=5000
UPRO,2025-01-07,93.66,93.79,88.66,89.6,4744789,,https://api.nasdaq.com/api/quote/UPRO/historical?assetclass=etf&fromdate=2016-07-26&todate=2026-07-26&limit=5000
UPRO,2025-01-08,89.52,90.355,87.91,89.84,3747652,,https://api.nasdaq.com/api/quote/UPRO/historical?assetclass=etf&fromdate=2016-07-26&todate=2026-07-26&limit=5000
UPRO,2025-01-10,88.14,88.17,84.79,85.7,8894781,,https://api.nasdaq.com/api/quote/UPRO/historical?assetclass=etf&fromdate=2016-07-26&todate=2026-07-26&limit=5000
UPRO,2025-01-13,83.56,86.21,83.3625,86.11,4371821,,https://api.nasdaq.com/api/quote/UPRO/historical?assetclass=etf&fromdate=2016-07-26&todate=2026-07-26&limit=5000
UPRO,2025-01-14,87.35,87.63,84.7,86.36,4444059,,https://api.nasdaq.com/api/quote/UPRO/historical?assetclass=etf&fromdate=2016-07-26&todate=2026-07-26&limit=5000
UPRO,2025-01-15,89.99,91.58,89.47,91.07,5440766,,https://api.nasdaq.com/api/quote/UPRO/historical?assetclass=etf&fromdate=2016-07-26&todate=2026-07-26&limit=5000
UPRO,2025-01-16,91.68,91.76,90.19,90.55,3315360,,https://api.nasdaq.com/api/quote/UPRO/historical?assetclass=etf&fromdate=2016-07-26&todate=2026-07-26&limit=5000
UPRO,2025-01-17,92.83,93.94,92.23,93.1,3550647,,https://api.nasdaq.com/api/quote/UPRO/historical?assetclass=etf&fromdate=2016-07-26&todate=2026-07-26&limit=5000
UPRO,2025-01-21,94.57,95.62,93.62,95.53,5879923,,https://api.nasdaq.com/api/quote/UPRO/historical?assetclass=etf&fromdate=2016-07-26&todate=2026-07-26&limit=5000
UPRO,2025-01-22,97,97.89,96.77,97.18,3103269,,https://api.nasdaq.com/api/quote/UPRO/historical?assetclass=etf&fromdate=2016-07-26&todate=2026-07-26&limit=5000
UPRO,2025-01-23,96.89,98.78,96.76,98.77,2932473,,https://api.nasdaq.com/api/quote/UPRO/historical?assetclass=etf&fromdate=2016-07-26&todate=2026-07-26&limit=5000
UPRO,2025-01-24,98.76,99.22,97.29,97.84,2942444,,https://api.nasdaq.com/api/quote/UPRO/historical?assetclass=etf&fromdate=2016-07-26&todate=2026-07-26&limit=5000
UPRO,2025-01-27,91.46,93.8175,91.36,93.67,6126028,,https://api.nasdaq.com/api/quote/UPRO/historical?assetclass=etf&fromdate=2016-07-26&todate=2026-07-26&limit=5000
UPRO,2025-01-28,94.22,96.45,92.65,96.01,4371355,,https://api.nasdaq.com/api/quote/UPRO/historical?assetclass=etf&fromdate=2016-07-26&todate=2026-07-26&limit=5000
UPRO,2025-01-29,95.63,95.8299,93.49,94.69,4804907,,https://api.nasdaq.com/api/quote/UPRO/historical?assetclass=etf&fromdate=2016-07-26&todate=2026-07-26&limit=5000
UPRO,2025-01-30,95.73,96.95,94.18,96.2,4292501,,https://api.nasdaq.com/api/quote/UPRO/historical?assetclass=etf&fromdate=2016-07-26&todate=2026-07-26&limit=5000
UPRO,2025-01-31,97.3,98.48,94.21,94.57,4714534,,https://api.nasdaq.com/api/quote/UPRO/historical?assetclass=etf&fromdate=2016-07-26&todate=2026-07-26&limit=5000
UPRO,2025-02-03,90.28,93.8164,89.217,92.61,6173518,,https://api.nasdaq.com/api/quote/UPRO/historical?assetclass=etf&fromdate=2016-07-26&todate=2026-07-26&limit=5000
UPRO,2025-02-04,92.61,94.7308,92.4,94.48,3429382,,https://api.nasdaq.com/api/quote/UPRO/historical?assetclass=etf&fromdate=2016-07-26&todate=2026-07-26&limit=5000
UPRO,2025-02-05,93.93,95.665,92.95,95.58,3205729,,https://api.nasdaq.com/api/quote/UPRO/historical?assetclass=etf&fromdate=2016-07-26&todate=2026-07-26&limit=5000
UPRO,2025-02-06,96.4,96.63,94.82,96.57,3218606,,https://api.nasdaq.com/api/quote/UPRO/historical?assetclass=etf&fromdate=2016-07-26&todate=2026-07-26&limit=5000
UPRO,2025-02-07,96.77,97.35,93.4901,93.84,4590491,,https://api.nasdaq.com/api/quote/UPRO/historical?assetclass=etf&fromdate=2016-07-26&todate=2026-07-26&limit=5000
UPRO,2025-02-10,95.33,96.01,94.72,95.65,8225298,,https://api.nasdaq.com/api/quote/UPRO/historical?assetclass=etf&fromdate=2016-07-26&todate=2026-07-26&limit=5000
UPRO,2025-02-11,94.59,96.16,94.54,95.85,2419704,,https://api.nasdaq.com/api/quote/UPRO/historical?assetclass=etf&fromdate=2016-07-26&todate=2026-07-26&limit=5000
UPRO,2025-02-12,92.96,95.51,92.67,94.96,3590308,,https://api.nasdaq.com/api/quote/UPRO/historical?assetclass=etf&fromdate=2016-07-26&todate=2026-07-26&limit=5000
UPRO,2025-02-13,95.45,98.02,94.86,97.92,3641739,,https://api.nasdaq.com/api/quote/UPRO/historical?assetclass=etf&fromdate=2016-07-26&todate=2026-07-26&limit=5000
UPRO,2025-02-14,97.94,98.41,97.48,97.81,2828620,,https://api.nasdaq.com/api/quote/UPRO/historical?assetclass=etf&fromdate=2016-07-26&todate=2026-07-26&limit=5000
UPRO,2025-02-18,98.34,98.62,97.15,98.56,2797573,,https://api.nasdaq.com/api/quote/UPRO/historical?assetclass=etf&fromdate=2016-07-26&todate=2026-07-26&limit=5000
UPRO,2025-02-19,97.92,99.44,97.67,99.29,2830292,,https://api.nasdaq.com/api/quote/UPRO/historical?assetclass=etf&fromdate=2016-07-26&todate=2026-07-26&limit=5000
UPRO,2025-02-20,98.59,98.65,96.38,98.02,3234605,,https://api.nasdaq.com/api/quote/UPRO/historical?assetclass=etf&fromdate=2016-07-26&todate=2026-07-26&limit=5000
UPRO,2025-02-21,97.84,97.87,92.6806,92.95,4852830,,https://api.nasdaq.com/api/quote/UPRO/historical?assetclass=etf&fromdate=2016-07-26&todate=2026-07-26&limit=5000
UPRO,2025-02-24,93.81,94.3,91.27,91.61,4499958,,https://api.nasdaq.com/api/quote/UPRO/historical?assetclass=etf&fromdate=2016-07-26&todate=2026-07-26&limit=5000
UPRO,2025-02-25,91.56,91.88,88.05,90.16,5382454,,https://api.nasdaq.com/api/quote/UPRO/historical?assetclass=etf&fromdate=2016-07-26&todate=2026-07-26&limit=5000
UPRO,2025-02-26,90.935,92.61,89.1,90.26,4290251,,https://api.nasdaq.com/api/quote/UPRO/historical?assetclass=etf&fromdate=2016-07-26&todate=2026-07-26&limit=5000
UPRO,2025-02-27,91.36,91.86,85.78,85.95,5319943,,https://api.nasdaq.com/api/quote/UPRO/historical?assetclass=etf&fromdate=2016-07-26&todate=2026-07-26&limit=5000
UPRO,2025-02-28,86.09,90.1209,84.7237,89.85,8008007,,https://api.nasdaq.com/api/quote/UPRO/historical?assetclass=etf&fromdate=2016-07-26&todate=2026-07-26&limit=5000
UPRO,2025-03-03,90.76,91.3,83.4,85.25,6151671,,https://api.nasdaq.com/api/quote/UPRO/historical?assetclass=etf&fromdate=2016-07-26&todate=2026-07-26&limit=5000
UPRO,2025-03-04,83.33,85.805,80.06,82.1,7322615,,https://api.nasdaq.com/api/quote/UPRO/historical?assetclass=etf&fromdate=2016-07-26&todate=2026-07-26&limit=5000
UPRO,2025-03-05,81.98,85.4788,80.4426,84.67,6546976,,https://api.nasdaq.com/api/quote/UPRO/historical?assetclass=etf&fromdate=2016-07-26&todate=2026-07-26&limit=5000
UPRO,2025-03-06,81.39,83.4,79.03,80.21,7101701,,https://api.nasdaq.com/api/quote/UPRO/historical?assetclass=etf&fromdate=2016-07-26&todate=2026-07-26&limit=5000
UPRO,2025-03-07,79.34,82.05,77.165,81.39,6519772,,https://api.nasdaq.com/api/quote/UPRO/historical?assetclass=etf&fromdate=2016-07-26&todate=2026-07-26&limit=5000
UPRO,2025-03-10,77.87,78.7097,72.78,74.96,8921438,,https://api.nasdaq.com/api/quote/UPRO/historical?assetclass=etf&fromdate=2016-07-26&todate=2026-07-26&limit=5000
UPRO,2025-03-11,74.385,75.76,71.46,73.08,6705056,,https://api.nasdaq.com/api/quote/UPRO/historical?assetclass=etf&fromdate=2016-07-26&todate=2026-07-26&limit=5000
UPRO,2025-03-12,75.44,75.81,72.1,74.15,6131800,,https://api.nasdaq.com/api/quote/UPRO/historical?assetclass=etf&fromdate=2016-07-26&todate=2026-07-26&limit=5000
UPRO,2025-03-13,73.97,74.2174,70.46,71.19,5148226,,https://api.nasdaq.com/api/quote/UPRO/historical?assetclass=etf&fromdate=2016-07-26&todate=2026-07-26&limit=5000
UPRO,2025-03-14,72.92,75.88,72.65,75.48,4855842,,https://api.nasdaq.com/api/quote/UPRO/historical?assetclass=etf&fromdate=2016-07-26&todate=2026-07-26&limit=5000
UPRO,2025-03-17,75.43,78.25,75.29,77.18,7807606,,https://api.nasdaq.com/api/quote/UPRO/historical?assetclass=etf&fromdate=2016-07-26&todate=2026-07-26&limit=5000
UPRO,2025-03-18,76.22,76.31,73.9,74.73,4509175,,https://api.nasdaq.com/api/quote/UPRO/historical?assetclass=etf&fromdate=2016-07-26&todate=2026-07-26&limit=5000
UPRO,2025-03-19,75.39,78.61,74.9,77.06,5573637,,https://api.nasdaq.com/api/quote/UPRO/historical?assetclass=etf&fromdate=2016-07-26&todate=2026-07-26&limit=5000
UPRO,2025-03-20,75.5,78.4847,75.25,76.5,3978881,,https://api.nasdaq.com/api/quote/UPRO/historical?assetclass=etf&fromdate=2016-07-26&todate=2026-07-26&limit=5000
UPRO,2025-03-21,74.52,76.77,73.98,76.5,5009822,,https://api.nasdaq.com/api/quote/UPRO/historical?assetclass=etf&fromdate=2016-07-26&todate=2026-07-26&limit=5000
UPRO,2025-03-24,79.2,80.93,78.92,80.47,5245954,,https://api.nasdaq.com/api/quote/UPRO/historical?assetclass=etf&fromdate=2016-07-26&todate=2026-07-26&limit=5000
UPRO,2025-03-25,81.01,81.458,80.32,81,3722088,,https://api.nasdaq.com/api/quote/UPRO/historical?assetclass=etf&fromdate=2016-07-26&todate=2026-07-26&limit=5000
UPRO,2025-03-26,80.71,81.16,77.3604,78.01,6146937,,https://api.nasdaq.com/api/quote/UPRO/historical?assetclass=etf&fromdate=2016-07-26&todate=2026-07-26&limit=5000
UPRO,2025-03-27,77.38,78.864,76.42,77.28,4439958,,https://api.nasdaq.com/api/quote/UPRO/historical?assetclass=etf&fromdate=2016-07-26&todate=2026-07-26&limit=5000
UPRO,2025-03-28,76.605,76.9,72.3399,72.64,9093400,,https://api.nasdaq.com/api/quote/UPRO/historical?assetclass=etf&fromdate=2016-07-26&todate=2026-07-26&limit=5000
UPRO,2025-03-31,70.26,74.51,69.11,73.9,7467294,,https://api.nasdaq.com/api/quote/UPRO/historical?assetclass=etf&fromdate=2016-07-26&todate=2026-07-26&limit=5000
UPRO,2025-04-01,73.2,75.39,71.72,74.62,7031562,,https://api.nasdaq.com/api/quote/UPRO/historical?assetclass=etf&fromdate=2016-07-26&todate=2026-07-26&limit=5000
UPRO,2025-04-02,72.24,77.15,72.12,76.03,6995947,,https://api.nasdaq.com/api/quote/UPRO/historical?assetclass=etf&fromdate=2016-07-26&todate=2026-07-26&limit=5000
UPRO,2025-04-03,68.13,69.28,64.83,65.13,9506267,,https://api.nasdaq.com/api/quote/UPRO/historical?assetclass=etf&fromdate=2016-07-26&todate=2026-07-26&limit=5000
UPRO,2025-04-04,59.97,60.76,53.28,53.82,25205000,,https://api.nasdaq.com/api/quote/UPRO/historical?assetclass=etf&fromdate=2016-07-26&todate=2026-07-26&limit=5000
UPRO,2025-04-07,48.17,58.94,45.88,53.05,21086000,,https://api.nasdaq.com/api/quote/UPRO/historical?assetclass=etf&fromdate=2016-07-26&todate=2026-07-26&limit=5000
UPRO,2025-04-08,58.53,59.48,48.22,50.65,16152250,,https://api.nasdaq.com/api/quote/UPRO/historical?assetclass=etf&fromdate=2016-07-26&todate=2026-07-26&limit=5000
UPRO,2025-04-09,49.54,65.68,49.41,64.81,28627250,,https://api.nasdaq.com/api/quote/UPRO/historical?assetclass=etf&fromdate=2016-07-26&todate=2026-07-26&limit=5000
UPRO,2025-04-10,60.72,61.2,52.63,58.03,14488240,,https://api.nasdaq.com/api/quote/UPRO/historical?assetclass=etf&fromdate=2016-07-26&todate=2026-07-26&limit=5000
UPRO,2025-04-11,57.45,61.9059,56.47,61.08,8597010,,https://api.nasdaq.com/api/quote/UPRO/historical?assetclass=etf&fromdate=2016-07-26&todate=2026-07-26&limit=5000
UPRO,2025-04-14,64.53,64.6,61.03,62.78,7974388,,https://api.nasdaq.com/api/quote/UPRO/historical?assetclass=etf&fromdate=2016-07-26&todate=2026-07-26&limit=5000
UPRO,2025-04-15,63,64.233,61.98,62.29,14040640,,https://api.nasdaq.com/api/quote/UPRO/historical?assetclass=etf&fromdate=2016-07-26&todate=2026-07-26&limit=5000
UPRO,2025-04-16,60.19,61.37,56.25,58.12,7453955,,https://api.nasdaq.com/api/quote/UPRO/historical?assetclass=etf&fromdate=2016-07-26&todate=2026-07-26&limit=5000
UPRO,2025-04-17,58.67,59.86,57.4501,58.28,6848133,,https://api.nasdaq.com/api/quote/UPRO/historical?assetclass=etf&fromdate=2016-07-26&todate=2026-07-26&limit=5000
UPRO,2025-04-21,56.5,56.7,52.32,54.14,6116690,,https://api.nasdaq.com/api/quote/UPRO/historical?assetclass=etf&fromdate=2016-07-26&todate=2026-07-26&limit=5000
UPRO,2025-04-22,56.08,58.97,55.77,58.2,7778463,,https://api.nasdaq.com/api/quote/UPRO/historical?assetclass=etf&fromdate=2016-07-26&todate=2026-07-26&limit=5000
UPRO,2025-04-23,62.64,64.29,60.481,60.99,10778940,,https://api.nasdaq.com/api/quote/UPRO/historical?assetclass=etf&fromdate=2016-07-26&todate=2026-07-26&limit=5000
UPRO,2025-04-24,61.41,65.1,60.99,64.77,5258886,,https://api.nasdaq.com/api/quote/UPRO/historical?assetclass=etf&fromdate=2016-07-26&todate=2026-07-26&limit=5000
UPRO,2025-04-25,64.77,66.325,63.735,66.14,6197690,,https://api.nasdaq.com/api/quote/UPRO/historical?assetclass=etf&fromdate=2016-07-26&todate=2026-07-26&limit=5000
UPRO,2025-04-28,66.4,67.2,64.13,66.28,5511332,,https://api.nasdaq.com/api/quote/UPRO/historical?assetclass=etf&fromdate=2016-07-26&todate=2026-07-26&limit=5000
UPRO,2025-04-29,65.55,67.86,65.42,67.4,4265503,,https://api.nasdaq.com/api/quote/UPRO/historical?assetclass=etf&fromdate=2016-07-26&todate=2026-07-26&limit=5000
UPRO,2025-04-30,65,68.2399,62.78,67.47,6708896,,https://api.nasdaq.com/api/quote/UPRO/historical?assetclass=etf&fromdate=2016-07-26&todate=2026-07-26&limit=5000
UPRO,2025-05-01,69.655,71,68.7178,68.92,4731326,,https://api.nasdaq.com/api/quote/UPRO/historical?assetclass=etf&fromdate=2016-07-26&todate=2026-07-26&limit=5000
UPRO,2025-05-02,71.23,72.55,70.34,71.91,5151964,,https://api.nasdaq.com/api/quote/UPRO/historical?assetclass=etf&fromdate=2016-07-26&todate=2026-07-26&limit=5000
UPRO,2025-05-05,70.34,71.9,70.01,70.73,3863344,,https://api.nasdaq.com/api/quote/UPRO/historical?assetclass=etf&fromdate=2016-07-26&todate=2026-07-26&limit=5000
UPRO,2025-05-06,68.56,70.615,68.215,68.93,4410859,,https://api.nasdaq.com/api/quote/UPRO/historical?assetclass=etf&fromdate=2016-07-26&todate=2026-07-26&limit=5000
UPRO,2025-05-07,69.39,70.72,67.8762,69.8,5317361,,https://api.nasdaq.com/api/quote/UPRO/historical?assetclass=etf&fromdate=2016-07-26&todate=2026-07-26&limit=5000
UPRO,2025-05-08,71.28,73.17,69.9515,71.16,6515660,,https://api.nasdaq.com/api/quote/UPRO/historical?assetclass=etf&fromdate=2016-07-26&todate=2026-07-26&limit=5000
UPRO,2025-05-09,71.69,72.06,70.3,70.84,4053104,,https://api.nasdaq.com/api/quote/UPRO/historical?assetclass=etf&fromdate=2016-07-26&todate=2026-07-26&limit=5000
UPRO,2025-05-12,77.31,77.855,75.63,77.79,6493653,,https://api.nasdaq.com/api/quote/UPRO/historical?assetclass=etf&fromdate=2016-07-26&todate=2026-07-26&limit=5000
UPRO,2025-05-13,78.05,80.29,77.8001,79.37,5306954,,https://api.nasdaq.com/api/quote/UPRO/historical?assetclass=etf&fromdate=2016-07-26&todate=2026-07-26&limit=5000
UPRO,2025-05-14,79.78,80.24,78.865,79.64,4671447,,https://api.nasdaq.com/api/quote/UPRO/historical?assetclass=etf&fromdate=2016-07-26&todate=2026-07-26&limit=5000
UPRO,2025-05-15,78.84,81.025,78.6327,80.78,4407645,,https://api.nasdaq.com/api/quote/UPRO/historical?assetclass=etf&fromdate=2016-07-26&todate=2026-07-26&limit=5000
UPRO,2025-05-16,81.08,82.4,80.28,82.29,4286731,,https://api.nasdaq.com/api/quote/UPRO/historical?assetclass=etf&fromdate=2016-07-26&todate=2026-07-26&limit=5000
UPRO,2025-05-19,79.72,82.8001,79.72,82.55,4903249,,https://api.nasdaq.com/api/quote/UPRO/historical?assetclass=etf&fromdate=2016-07-26&todate=2026-07-26&limit=5000
UPRO,2025-05-20,81.77,82.165,80.3151,81.65,3990475,,https://api.nasdaq.com/api/quote/UPRO/historical?assetclass=etf&fromdate=2016-07-26&todate=2026-07-26&limit=5000
UPRO,2025-05-21,79.82,81.52,77.08,77.56,5763355,,https://api.nasdaq.com/api/quote/UPRO/historical?assetclass=etf&fromdate=2016-07-26&todate=2026-07-26&limit=5000
UPRO,2025-05-22,77.42,78.975,76.9298,77.54,4290419,,https://api.nasdaq.com/api/quote/UPRO/historical?assetclass=etf&fromdate=2016-07-26&todate=2026-07-26&limit=5000
UPRO,2025-05-23,74.64,76.95,74.481,75.92,5807067,,https://api.nasdaq.com/api/quote/UPRO/historical?assetclass=etf&fromdate=2016-07-26&todate=2026-07-26&limit=5000
UPRO,2025-05-27,78.61,80.67,77.95,80.56,4389792,,https://api.nasdaq.com/api/quote/UPRO/historical?assetclass=etf&fromdate=2016-07-26&todate=2026-07-26&limit=5000
UPRO,2025-05-28,80.77,81.26,78.895,79.17,4044169,,https://api.nasdaq.com/api/quote/UPRO/historical?assetclass=etf&fromdate=2016-07-26&todate=2026-07-26&limit=5000
UPRO,2025-05-29,81.32,81.389,78.48,80.06,5065577,,https://api.nasdaq.com/api/quote/UPRO/historical?assetclass=etf&fromdate=2016-07-26&todate=2026-07-26&limit=5000
UPRO,2025-05-30,79.57,80.45,77.26,79.78,4894768,,https://api.nasdaq.com/api/quote/UPRO/historical?assetclass=etf&fromdate=2016-07-26&todate=2026-07-26&limit=5000
UPRO,2025-06-02,79.07,81.105,77.99,81.04,4281354,,https://api.nasdaq.com/api/quote/UPRO/historical?assetclass=etf&fromdate=2016-07-26&todate=2026-07-26&limit=5000
UPRO,2025-06-03,80.92,82.8691,80.71,82.48,4167682,,https://api.nasdaq.com/api/quote/UPRO/historical?assetclass=etf&fromdate=2016-07-26&todate=2026-07-26&limit=5000
UPRO,2025-06-04,82.81,83.2,82.2,82.35,3856013,,https://api.nasdaq.com/api/quote/UPRO/historical?assetclass=etf&fromdate=2016-07-26&todate=2026-07-26&limit=5000
UPRO,2025-06-05,83.05,83.6,80.316,81.11,5925910,,https://api.nasdaq.com/api/quote/UPRO/historical?assetclass=etf&fromdate=2016-07-26&todate=2026-07-26&limit=5000
UPRO,2025-06-06,83.37,84.28,82.6402,83.53,3967900,,https://api.nasdaq.com/api/quote/UPRO/historical?assetclass=etf&fromdate=2016-07-26&todate=2026-07-26&limit=5000
UPRO,2025-06-09,83.79,84.43,83.29,83.73,3672190,,https://api.nasdaq.com/api/quote/UPRO/historical?assetclass=etf&fromdate=2016-07-26&todate=2026-07-26&limit=5000
UPRO,2025-06-10,83.96,85.33,83.51,85.18,3878261,,https://api.nasdaq.com/api/quote/UPRO/historical?assetclass=etf&fromdate=2016-07-26&todate=2026-07-26&limit=5000
UPRO,2025-06-11,85.61,85.99,83.5471,84.44,6316816,,https://api.nasdaq.com/api/quote/UPRO/historical?assetclass=etf&fromdate=2016-07-26&todate=2026-07-26&limit=5000
UPRO,2025-06-12,83.84,85.4,83.62,85.4,4518887,,https://api.nasdaq.com/api/quote/UPRO/historical?assetclass=etf&fromdate=2016-07-26&todate=2026-07-26&limit=5000
UPRO,2025-06-13,83.115,84.52,81.82,82.42,7441739,,https://api.nasdaq.com/api/quote/UPRO/historical?assetclass=etf&fromdate=2016-07-26&todate=2026-07-26&limit=5000
UPRO,2025-06-16,83.84,85.52,83.81,84.8,4406707,,https://api.nasdaq.com/api/quote/UPRO/historical?assetclass=etf&fromdate=2016-07-26&todate=2026-07-26&limit=5000
UPRO,2025-06-17,83.7,84.37,82.29,82.58,4402815,,https://api.nasdaq.com/api/quote/UPRO/historical?assetclass=etf&fromdate=2016-07-26&todate=2026-07-26&limit=5000
UPRO,2025-06-18,82.92,84.07,82.1,82.52,3636884,,https://api.nasdaq.com/api/quote/UPRO/historical?assetclass=etf&fromdate=2016-07-26&todate=2026-07-26&limit=5000
UPRO,2025-06-20,83.55,84.005,81.25,81.8,4678539,,https://api.nasdaq.com/api/quote/UPRO/historical?assetclass=etf&fromdate=2016-07-26&todate=2026-07-26&limit=5000
UPRO,2025-06-23,82.12,84.39,80.82,84.23,6066149,,https://api.nasdaq.com/api/quote/UPRO/historical?assetclass=etf&fromdate=2016-07-26&todate=2026-07-26&limit=5000
UPRO,2025-06-24,85.97,87.45,85.6,87.01,4989370,,https://api.nasdaq.com/api/quote/UPRO/historical?assetclass=etf&fromdate=2016-07-26&todate=2026-07-26&limit=5000
UPRO,2025-06-25,87.24,87.48,86.24,86.95,9082129,,https://api.nasdaq.com/api/quote/UPRO/historical?assetclass=etf&fromdate=2016-07-26&todate=2026-07-26&limit=5000
UPRO,2025-06-26,87.68,89.09,87.42,88.92,3594374,,https://api.nasdaq.com/api/quote/UPRO/historical?assetclass=etf&fromdate=2016-07-26&todate=2026-07-26&limit=5000
UPRO,2025-06-27,89.25,90.8,88.3999,90.12,5038626,,https://api.nasdaq.com/api/quote/UPRO/historical?assetclass=etf&fromdate=2016-07-26&todate=2026-07-26&limit=5000
UPRO,2025-06-30,91.215,92.02,90.2,91.44,3606320,,https://api.nasdaq.com/api/quote/UPRO/historical?assetclass=etf&fromdate=2016-07-26&todate=2026-07-26&limit=5000
UPRO,2025-07-01,90.72,91.82,90.36,91.26,4161432,,https://api.nasdaq.com/api/quote/UPRO/historical?assetclass=etf&fromdate=2016-07-26&todate=2026-07-26&limit=5000
UPRO,2025-07-02,91.1,92.52,90.82,92.47,3174662,,https://api.nasdaq.com/api/quote/UPRO/historical?assetclass=etf&fromdate=2016-07-26&todate=2026-07-26&limit=5000
UPRO,2025-07-03,93.31,94.98,93.29,94.6,7128561,,https://api.nasdaq.com/api/quote/UPRO/historical?assetclass=etf&fromdate=2016-07-26&todate=2026-07-26&limit=5000
UPRO,2025-07-07,93.65,93.95,91.1601,92.48,11653300,,https://api.nasdaq.com/api/quote/UPRO/historical?assetclass=etf&fromdate=2016-07-26&todate=2026-07-26&limit=5000
UPRO,2025-07-08,92.72,93.05,91.91,92.25,3804541,,https://api.nasdaq.com/api/quote/UPRO/historical?assetclass=etf&fromdate=2016-07-26&todate=2026-07-26&limit=5000
UPRO,2025-07-09,93.35,94.2,92.51,93.88,3908529,,https://api.nasdaq.com/api/quote/UPRO/historical?assetclass=etf&fromdate=2016-07-26&todate=2026-07-26&limit=5000
UPRO,2025-07-10,93.95,95.14,93.41,94.66,2812337,,https://api.nasdaq.com/api/quote/UPRO/historical?assetclass=etf&fromdate=2016-07-26&todate=2026-07-26&limit=5000
UPRO,2025-07-11,93.18,94.1407,92.65,93.55,3626770,,https://api.nasdaq.com/api/quote/UPRO/historical?assetclass=etf&fromdate=2016-07-26&todate=2026-07-26&limit=5000
UPRO,2025-07-14,93.35,94.25,92.73,94.06,3503204,,https://api.nasdaq.com/api/quote/UPRO/historical?assetclass=etf&fromdate=2016-07-26&todate=2026-07-26&limit=5000
UPRO,2025-07-15,95.3,95.44,92.82,92.84,4709368,,https://api.nasdaq.com/api/quote/UPRO/historical?assetclass=etf&fromdate=2016-07-26&todate=2026-07-26&limit=5000
UPRO,2025-07-16,93.52,93.9699,91,93.73,4315369,,https://api.nasdaq.com/api/quote/UPRO/historical?assetclass=etf&fromdate=2016-07-26&todate=2026-07-26&limit=5000
UPRO,2025-07-17,93.81,95.62,93.73,95.46,3739618,,https://api.nasdaq.com/api/quote/UPRO/historical?assetclass=etf&fromdate=2016-07-26&todate=2026-07-26&limit=5000
UPRO,2025-07-18,95.93,95.98,94.64,95.17,3652545,,https://api.nasdaq.com/api/quote/UPRO/historical?assetclass=etf&fromdate=2016-07-26&todate=2026-07-26&limit=5000
UPRO,2025-07-21,95.68,96.93,95.475,95.68,3257804,,https://api.nasdaq.com/api/quote/UPRO/historical?assetclass=etf&fromdate=2016-07-26&todate=2026-07-26&limit=5000
UPRO,2025-07-22,95.8,96.03,94.46,95.67,4304919,,https://api.nasdaq.com/api/quote/UPRO/historical?assetclass=etf&fromdate=2016-07-26&todate=2026-07-26&limit=5000
UPRO,2025-07-23,96.87,98.09,96.05,98.08,5023930,,https://api.nasdaq.com/api/quote/UPRO/historical?assetclass=etf&fromdate=2016-07-26&todate=2026-07-26&limit=5000
UPRO,2025-07-24,98.27,98.96,97.98,98.21,3815996,,https://api.nasdaq.com/api/quote/UPRO/historical?assetclass=etf&fromdate=2016-07-26&todate=2026-07-26&limit=5000
UPRO,2025-07-25,98.4,99.545,98.29,99.28,2698824,,https://api.nasdaq.com/api/quote/UPRO/historical?assetclass=etf&fromdate=2016-07-26&todate=2026-07-26&limit=5000
UPRO,2025-07-28,99.51,99.74,98.59,99.22,3500837,,https://api.nasdaq.com/api/quote/UPRO/historical?assetclass=etf&fromdate=2016-07-26&todate=2026-07-26&limit=5000
UPRO,2025-07-29,99.87,100,97.9901,98.43,4143528,,https://api.nasdaq.com/api/quote/UPRO/historical?assetclass=etf&fromdate=2016-07-26&todate=2026-07-26&limit=5000
UPRO,2025-07-30,98.73,99.51,96.67,98.04,4817829,,https://api.nasdaq.com/api/quote/UPRO/historical?assetclass=etf&fromdate=2016-07-26&todate=2026-07-26&limit=5000
UPRO,2025-07-31,100.3,100.4701,96.29,96.84,6467603,,https://api.nasdaq.com/api/quote/UPRO/historical?assetclass=etf&fromdate=2016-07-26&todate=2026-07-26&limit=5000
UPRO,2025-08-01,94.15,94.16,90.93,92.02,10145840,,https://api.nasdaq.com/api/quote/UPRO/historical?assetclass=etf&fromdate=2016-07-26&todate=2026-07-26&limit=5000
UPRO,2025-08-04,93.77,96.2,93.725,96.14,4692551,,https://api.nasdaq.com/api/quote/UPRO/historical?assetclass=etf&fromdate=2016-07-26&todate=2026-07-26&limit=5000
UPRO,2025-08-05,96.46,96.825,94.27,94.73,5604005,,https://api.nasdaq.com/api/quote/UPRO/historical?assetclass=etf&fromdate=2016-07-26&todate=2026-07-26&limit=5000
UPRO,2025-08-06,95.17,97.13,94.76,96.78,5062510,,https://api.nasdaq.com/api/quote/UPRO/historical?assetclass=etf&fromdate=2016-07-26&todate=2026-07-26&limit=5000
UPRO,2025-08-07,98.42,98.75,95.15,96.6,6357099,,https://api.nasdaq.com/api/quote/UPRO/historical?assetclass=etf&fromdate=2016-07-26&todate=2026-07-26&limit=5000
UPRO,2025-08-08,97.35,98.97,97.2,98.75,4244710,,https://api.nasdaq.com/api/quote/UPRO/historical?assetclass=etf&fromdate=2016-07-26&todate=2026-07-26&limit=5000
UPRO,2025-08-11,98.84,99.54,97.54,98.07,8795709,,https://api.nasdaq.com/api/quote/UPRO/historical?assetclass=etf&fromdate=2016-07-26&todate=2026-07-26&limit=5000
UPRO,2025-08-12,99.2,101.325,98.54,101.21,9329167,,https://api.nasdaq.com/api/quote/UPRO/historical?assetclass=etf&fromdate=2016-07-26&todate=2026-07-26&limit=5000
UPRO,2025-08-13,102.26,102.86,101.22,102.26,4181048,,https://api.nasdaq.com/api/quote/UPRO/historical?assetclass=etf&fromdate=2016-07-26&todate=2026-07-26&limit=5000
UPRO,2025-08-14,101.24,102.57,101,102.25,4596331,,https://api.nasdaq.com/api/quote/UPRO/historical?assetclass=etf&fromdate=2016-07-26&todate=2026-07-26&limit=5000
UPRO,2025-08-15,102.68,102.7,100.99,101.47,3990374,,https://api.nasdaq.com/api/quote/UPRO/historical?assetclass=etf&fromdate=2016-07-26&todate=2026-07-26&limit=5000
UPRO,2025-08-18,101.14,101.64,100.81,101.33,2917340,,https://api.nasdaq.com/api/quote/UPRO/historical?assetclass=etf&fromdate=2016-07-26&todate=2026-07-26&limit=5000
UPRO,2025-08-19,101.22,101.7,99.03,99.62,4918891,,https://api.nasdaq.com/api/quote/UPRO/historical?assetclass=etf&fromdate=2016-07-26&todate=2026-07-26&limit=5000
UPRO,2025-08-20,99.43,99.55,96.415,98.79,6987943,,https://api.nasdaq.com/api/quote/UPRO/historical?assetclass=etf&fromdate=2016-07-26&todate=2026-07-26&limit=5000
UPRO,2025-08-21,97.94,98.735,96.81,97.64,5617830,,https://api.nasdaq.com/api/quote/UPRO/historical?assetclass=etf&fromdate=2016-07-26&todate=2026-07-26&limit=5000
UPRO,2025-08-22,98.53,102.57,98.31,101.98,4977883,,https://api.nasdaq.com/api/quote/UPRO/historical?assetclass=etf&fromdate=2016-07-26&todate=2026-07-26&limit=5000
UPRO,2025-08-25,101.39,101.98,100.605,100.67,3383876,,https://api.nasdaq.com/api/quote/UPRO/historical?assetclass=etf&fromdate=2016-07-26&todate=2026-07-26&limit=5000
UPRO,2025-08-26,100.51,102.05,100.19,101.88,2891166,,https://api.nasdaq.com/api/quote/UPRO/historical?assetclass=etf&fromdate=2016-07-26&todate=2026-07-26&limit=5000
UPRO,2025-08-27,101.59,102.895,101.53,102.52,2982748,,https://api.nasdaq.com/api/quote/UPRO/historical?assetclass=etf&fromdate=2016-07-26&todate=2026-07-26&limit=5000
UPRO,2025-08-28,102.84,103.87,101.91,103.6,3147403,,https://api.nasdaq.com/api/quote/UPRO/historical?assetclass=etf&fromdate=2016-07-26&todate=2026-07-26&limit=5000
UPRO,2025-08-29,102.81,102.9698,100.731,101.63,4312263,,https://api.nasdaq.com/api/quote/UPRO/historical?assetclass=etf&fromdate=2016-07-26&todate=2026-07-26&limit=5000
UPRO,2025-09-02,98.04,99.43,96.805,99.38,5353675,,https://api.nasdaq.com/api/quote/UPRO/historical?assetclass=etf&fromdate=2016-07-26&todate=2026-07-26&limit=5000
UPRO,2025-09-03,100.43,101.145,99.41,100.87,4310621,,https://api.nasdaq.com/api/quote/UPRO/historical?assetclass=etf&fromdate=2016-07-26&todate=2026-07-26&limit=5000
UPRO,2025-09-04,101.23,103.43,100.78,103.38,3360186,,https://api.nasdaq.com/api/quote/UPRO/historical?assetclass=etf&fromdate=2016-07-26&todate=2026-07-26&limit=5000
UPRO,2025-09-05,104.47,104.83,100.58,102.38,9369584,,https://api.nasdaq.com/api/quote/UPRO/historical?assetclass=etf&fromdate=2016-07-26&todate=2026-07-26&limit=5000
UPRO,2025-09-08,103.07,103.65,102.4,103.15,3935545,,https://api.nasdaq.com/api/quote/UPRO/historical?assetclass=etf&fromdate=2016-07-26&todate=2026-07-26&limit=5000
UPRO,2025-09-09,103.22,104.08,102.36,103.86,3650664,,https://api.nasdaq.com/api/quote/UPRO/historical?assetclass=etf&fromdate=2016-07-26&todate=2026-07-26&limit=5000
UPRO,2025-09-10,105.4,105.85,103.96,104.74,5225701,,https://api.nasdaq.com/api/quote/UPRO/historical?assetclass=etf&fromdate=2016-07-26&todate=2026-07-26&limit=5000
UPRO,2025-09-11,105.64,107.63,105.36,107.28,3537800,,https://api.nasdaq.com/api/quote/UPRO/historical?assetclass=etf&fromdate=2016-07-26&todate=2026-07-26&limit=5000
UPRO,2025-09-12,107.22,107.94,106.86,107.08,3841711,,https://api.nasdaq.com/api/quote/UPRO/historical?assetclass=etf&fromdate=2016-07-26&todate=2026-07-26&limit=5000
UPRO,2025-09-15,108.17,108.85,108.03,108.73,3340201,,https://api.nasdaq.com/api/quote/UPRO/historical?assetclass=etf&fromdate=2016-07-26&todate=2026-07-26&limit=5000
UPRO,2025-09-16,109.03,109.19,107.915,108.25,2634294,,https://api.nasdaq.com/api/quote/UPRO/historical?assetclass=etf&fromdate=2016-07-26&todate=2026-07-26&limit=5000
UPRO,2025-09-17,108.29,109.1046,105.44,107.86,3874231,,https://api.nasdaq.com/api/quote/UPRO/historical?assetclass=etf&fromdate=2016-07-26&todate=2026-07-26&limit=5000
UPRO,2025-09-18,109.19,110.65,108.39,109.35,3454943,,https://api.nasdaq.com/api/quote/UPRO/historical?assetclass=etf&fromdate=2016-07-26&todate=2026-07-26&limit=5000
UPRO,2025-09-19,110.21,111.285,109.24,110.81,3174981,,https://api.nasdaq.com/api/quote/UPRO/historical?assetclass=etf&fromdate=2016-07-26&todate=2026-07-26&limit=5000
UPRO,2025-09-22,110.09,112.63,110.08,112.39,2957223,,https://api.nasdaq.com/api/quote/UPRO/historical?assetclass=etf&fromdate=2016-07-26&todate=2026-07-26&limit=5000
UPRO,2025-09-23,112.34,112.6449,109.95,110.6,7066298,,https://api.nasdaq.com/api/quote/UPRO/historical?assetclass=etf&fromdate=2016-07-26&todate=2026-07-26&limit=5000
UPRO,2025-09-24,110.97,111.01,108.54,109.24,3510813,,https://api.nasdaq.com/api/quote/UPRO/historical?assetclass=etf&fromdate=2016-07-26&todate=2026-07-26&limit=5000
UPRO,2025-09-25,107.66,108.37,105.9,107.68,4041667,,https://api.nasdaq.com/api/quote/UPRO/historical?assetclass=etf&fromdate=2016-07-26&todate=2026-07-26&limit=5000
UPRO,2025-09-26,108.35,109.75,107.56,109.42,2771623,,https://api.nasdaq.com/api/quote/UPRO/historical?assetclass=etf&fromdate=2016-07-26&todate=2026-07-26&limit=5000
UPRO,2025-09-29,110.68,111.12,109.47,110.32,2844752,,https://api.nasdaq.com/api/quote/UPRO/historical?assetclass=etf&fromdate=2016-07-26&todate=2026-07-26&limit=5000
UPRO,2025-09-30,109.94,111.79,109.32,111.49,2917999,,https://api.nasdaq.com/api/quote/UPRO/historical?assetclass=etf&fromdate=2016-07-26&todate=2026-07-26&limit=5000
UPRO,2025-10-01,110.025,113.14,109.98,112.7,3445638,,https://api.nasdaq.com/api/quote/UPRO/historical?assetclass=etf&fromdate=2016-07-26&todate=2026-07-26&limit=5000
UPRO,2025-10-02,113.68,113.71,111.8015,113.01,2831196,,https://api.nasdaq.com/api/quote/UPRO/historical?assetclass=etf&fromdate=2016-07-26&todate=2026-07-26&limit=5000
UPRO,2025-10-03,113.33,114.68,112.41,112.88,7475542,,https://api.nasdaq.com/api/quote/UPRO/historical?assetclass=etf&fromdate=2016-07-26&todate=2026-07-26&limit=5000
UPRO,2025-10-06,114.12,114.57,113.03,114.11,3938300,,https://api.nasdaq.com/api/quote/UPRO/historical?assetclass=etf&fromdate=2016-07-26&todate=2026-07-26&limit=5000
UPRO,2025-10-07,114.59,114.783,112.08,112.83,3798362,,https://api.nasdaq.com/api/quote/UPRO/historical?assetclass=etf&fromdate=2016-07-26&todate=2026-07-26&limit=5000
UPRO,2025-10-08,113.39,114.8336,112.94,114.78,2993931,,https://api.nasdaq.com/api/quote/UPRO/historical?assetclass=etf&fromdate=2016-07-26&todate=2026-07-26&limit=5000
UPRO,2025-10-09,114.97,115.19,112.77,113.79,3089829,,https://api.nasdaq.com/api/quote/UPRO/historical?assetclass=etf&fromdate=2016-07-26&todate=2026-07-26&limit=5000
UPRO,2025-10-10,114.16,115.0587,104.349,104.49,6745119,,https://api.nasdaq.com/api/quote/UPRO/historical?assetclass=etf&fromdate=2016-07-26&todate=2026-07-26&limit=5000
UPRO,2025-10-13,108.07,109.98,107.6526,109.24,5053089,,https://api.nasdaq.com/api/quote/UPRO/historical?assetclass=etf&fromdate=2016-07-26&todate=2026-07-26&limit=5000
UPRO,2025-10-14,106.29,110.56,104.3,108.76,6512749,,https://api.nasdaq.com/api/quote/UPRO/historical?assetclass=etf&fromdate=2016-07-26&todate=2026-07-26&limit=5000
UPRO,2025-10-15,111.01,112.68,107.15,110.15,6250051,,https://api.nasdaq.com/api/quote/UPRO/historical?assetclass=etf&fromdate=2016-07-26&todate=2026-07-26&limit=5000
UPRO,2025-10-16,111.04,111.9283,106.19,107.93,7103152,,https://api.nasdaq.com/api/quote/UPRO/historical?assetclass=etf&fromdate=2016-07-26&todate=2026-07-26&limit=5000
UPRO,2025-10-17,107.28,110.3277,106.61,109.64,7076109,,https://api.nasdaq.com/api/quote/UPRO/historical?assetclass=etf&fromdate=2016-07-26&todate=2026-07-26&limit=5000
UPRO,2025-10-20,111.09,113.51,111.07,113.05,3365402,,https://api.nasdaq.com/api/quote/UPRO/historical?assetclass=etf&fromdate=2016-07-26&todate=2026-07-26&limit=5000
UPRO,2025-10-21,113.11,113.88,112.37,113.02,3153764,,https://api.nasdaq.com/api/quote/UPRO/historical?assetclass=etf&fromdate=2016-07-26&todate=2026-07-26&limit=5000
UPRO,2025-10-22,113.35,113.35,108.98,111.23,5975289,,https://api.nasdaq.com/api/quote/UPRO/historical?assetclass=etf&fromdate=2016-07-26&todate=2026-07-26&limit=5000
UPRO,2025-10-23,111.33,113.64,111.2,113.1,3158560,,https://api.nasdaq.com/api/quote/UPRO/historical?assetclass=etf&fromdate=2016-07-26&todate=2026-07-26&limit=5000
UPRO,2025-10-24,115.45,116.47,115.05,115.76,3595848,,https://api.nasdaq.com/api/quote/UPRO/historical?assetclass=etf&fromdate=2016-07-26&todate=2026-07-26&limit=5000
UPRO,2025-10-27,118.65,120.06,118.32,119.9,7237608,,https://api.nasdaq.com/api/quote/UPRO/historical?assetclass=etf&fromdate=2016-07-26&todate=2026-07-26&limit=5000
UPRO,2025-10-28,120.83,121.7999,119.66,120.78,3934244,,https://api.nasdaq.com/api/quote/UPRO/historical?assetclass=etf&fromdate=2016-07-26&todate=2026-07-26&limit=5000
UPRO,2025-10-29,121.66,122.1899,118.6,120.91,4883993,,https://api.nasdaq.com/api/quote/UPRO/historical?assetclass=etf&fromdate=2016-07-26&todate=2026-07-26&limit=5000
UPRO,2025-10-30,119.06,120.15,116.98,117.03,5256977,,https://api.nasdaq.com/api/quote/UPRO/historical?assetclass=etf&fromdate=2016-07-26&todate=2026-07-26&limit=5000
UPRO,2025-10-31,119.55,119.59,116.55,117.94,4429390,,https://api.nasdaq.com/api/quote/UPRO/historical?assetclass=etf&fromdate=2016-07-26&todate=2026-07-26&limit=5000
UPRO,2025-11-03,119.85,119.92,116.87,118.68,2429058,,https://api.nasdaq.com/api/quote/UPRO/historical?assetclass=etf&fromdate=2016-07-26&todate=2026-07-26&limit=5000
UPRO,2025-11-04,114.83,116.86,114.05,114.46,3891260,,https://api.nasdaq.com/api/quote/UPRO/historical?assetclass=etf&fromdate=2016-07-26&todate=2026-07-26&limit=5000
UPRO,2025-11-05,114.22,117.2,113.8001,115.46,9055801,,https://api.nasdaq.com/api/quote/UPRO/historical?assetclass=etf&fromdate=2016-07-26&todate=2026-07-26&limit=5000
UPRO,2025-11-06,114.96,115.4,110.96,111.76,5431496,,https://api.nasdaq.com/api/quote/UPRO/historical?assetclass=etf&fromdate=2016-07-26&todate=2026-07-26&limit=5000
UPRO,2025-11-07,110.49,112.08,107.13,112.05,12608880,,https://api.nasdaq.com/api/quote/UPRO/historical?assetclass=etf&fromdate=2016-07-26&todate=2026-07-26&limit=5000
UPRO,2025-11-10,115.09,117.57,113.99,117.12,5189341,,https://api.nasdaq.com/api/quote/UPRO/historical?assetclass=etf&fromdate=2016-07-26&todate=2026-07-26&limit=5000
UPRO,2025-11-11,116.41,118.28,115.79,117.93,9453610,,https://api.nasdaq.com/api/quote/UPRO/historical?assetclass=etf&fromdate=2016-07-26&todate=2026-07-26&limit=5000
UPRO,2025-11-12,118.95,118.97,116.923,118.13,4067684,,https://api.nasdaq.com/api/quote/UPRO/historical?assetclass=etf&fromdate=2016-07-26&todate=2026-07-26&limit=5000
UPRO,2025-11-13,116.62,116.815,111.48,112.25,6528710,,https://api.nasdaq.com/api/quote/UPRO/historical?assetclass=etf&fromdate=2016-07-26&todate=2026-07-26&limit=5000
UPRO,2025-11-14,108.8,113.94,107.74,112.08,8431268,,https://api.nasdaq.com/api/quote/UPRO/historical?assetclass=etf&fromdate=2016-07-26&todate=2026-07-26&limit=5000
UPRO,2025-11-17,110.93,112.92,107.17,108.91,7817647,,https://api.nasdaq.com/api/quote/UPRO/historical?assetclass=etf&fromdate=2016-07-26&todate=2026-07-26&limit=5000
UPRO,2025-11-18,107.1,108.6,104.05,106.19,14555860,,https://api.nasdaq.com/api/quote/UPRO/historical?assetclass=etf&fromdate=2016-07-26&todate=2026-07-26&limit=5000
UPRO,2025-11-19,106.45,109.6,105.46,107.32,6096361,,https://api.nasdaq.com/api/quote/UPRO/historical?assetclass=etf&fromdate=2016-07-26&todate=2026-07-26&limit=5000
UPRO,2025-11-20,112.31,113.5857,102.08,102.38,13208310,,https://api.nasdaq.com/api/quote/UPRO/historical?assetclass=etf&fromdate=2016-07-26&todate=2026-07-26&limit=5000
UPRO,2025-11-21,103.47,107.96,101.5,105.38,9366665,,https://api.nasdaq.com/api/quote/UPRO/historical?assetclass=etf&fromdate=2016-07-26&todate=2026-07-26&limit=5000
UPRO,2025-11-24,107.1,110.62,106.56,110.01,4765031,,https://api.nasdaq.com/api/quote/UPRO/historical?assetclass=etf&fromdate=2016-07-26&todate=2026-07-26&limit=5000
UPRO,2025-11-25,109.88,113.64,107.85,113.02,6056552,,https://api.nasdaq.com/api/quote/UPRO/historical?assetclass=etf&fromdate=2016-07-26&todate=2026-07-26&limit=5000
UPRO,2025-11-26,114.28,116.3481,113.87,115.32,4848464,,https://api.nasdaq.com/api/quote/UPRO/historical?assetclass=etf&fromdate=2016-07-26&todate=2026-07-26&limit=5000
UPRO,2025-11-28,115.84,117.26,115.68,117.13,1939511,,https://api.nasdaq.com/api/quote/UPRO/historical?assetclass=etf&fromdate=2016-07-26&todate=2026-07-26&limit=5000
UPRO,2025-12-01,114.73,116.88,114.7,115.49,3759664,,https://api.nasdaq.com/api/quote/UPRO/historical?assetclass=etf&fromdate=2016-07-26&todate=2026-07-26&limit=5000
UPRO,2025-12-02,116.275,117.26,114.9606,116.07,3166359,,https://api.nasdaq.com/api/quote/UPRO/historical?assetclass=etf&fromdate=2016-07-26&todate=2026-07-26&limit=5000
UPRO,2025-12-03,115.6,117.79,115.12,117.21,8301933,,https://api.nasdaq.com/api/quote/UPRO/historical?assetclass=etf&fromdate=2016-07-26&todate=2026-07-26&limit=5000
UPRO,2025-12-04,117.945,118,115.91,117.52,8951356,,https://api.nasdaq.com/api/quote/UPRO/historical?assetclass=etf&fromdate=2016-07-26&todate=2026-07-26&limit=5000
UPRO,2025-12-05,117.97,119.4599,117.5,118.03,4176314,,https://api.nasdaq.com/api/quote/UPRO/historical?assetclass=etf&fromdate=2016-07-26&todate=2026-07-26&limit=5000
UPRO,2025-12-08,118.52,118.52,115.91,116.95,3259265,,https://api.nasdaq.com/api/quote/UPRO/historical?assetclass=etf&fromdate=2016-07-26&todate=2026-07-26&limit=5000
UPRO,2025-12-09,116.67,117.82,116.3901,116.61,2850663,,https://api.nasdaq.com/api/quote/UPRO/historical?assetclass=etf&fromdate=2016-07-26&todate=2026-07-26&limit=5000
UPRO,2025-12-10,116.37,119.6291,115.7,118.85,4736083,,https://api.nasdaq.com/api/quote/UPRO/historical?assetclass=etf&fromdate=2016-07-26&todate=2026-07-26&limit=5000
UPRO,2025-12-11,117.6,119.75,116.07,119.56,8899479,,https://api.nasdaq.com/api/quote/UPRO/historical?assetclass=etf&fromdate=2016-07-26&todate=2026-07-26&limit=5000
UPRO,2025-12-12,119.13,119.45,114.4,115.72,8048334,,https://api.nasdaq.com/api/quote/UPRO/historical?assetclass=etf&fromdate=2016-07-26&todate=2026-07-26&limit=5000
UPRO,2025-12-15,117.74,117.74,114.45,115.18,4198726,,https://api.nasdaq.com/api/quote/UPRO/historical?assetclass=etf&fromdate=2016-07-26&todate=2026-07-26&limit=5000
UPRO,2025-12-16,114.36,115.31,112.22,114.2,5046449,,https://api.nasdaq.com/api/quote/UPRO/historical?assetclass=etf&fromdate=2016-07-26&todate=2026-07-26&limit=5000
UPRO,2025-12-17,114.69,114.9432,110.29,110.39,7185513,,https://api.nasdaq.com/api/quote/UPRO/historical?assetclass=etf&fromdate=2016-07-26&todate=2026-07-26&limit=5000
UPRO,2025-12-18,113.42,114.95,112.08,112.86,3841614,,https://api.nasdaq.com/api/quote/UPRO/historical?assetclass=etf&fromdate=2016-07-26&todate=2026-07-26&limit=5000
UPRO,2025-12-19,113.87,116.08,113.77,115.81,2549935,,https://api.nasdaq.com/api/quote/UPRO/historical?assetclass=etf&fromdate=2016-07-26&todate=2026-07-26&limit=5000
UPRO,2025-12-22,117.5,118.22,116.86,117.9,2176658,,https://api.nasdaq.com/api/quote/UPRO/historical?assetclass=etf&fromdate=2016-07-26&todate=2026-07-26&limit=5000
UPRO,2025-12-23,117.46,119.65,117.4205,119.51,2696421,,https://api.nasdaq.com/api/quote/UPRO/historical?assetclass=etf&fromdate=2016-07-26&todate=2026-07-26&limit=5000
UPRO,2025-12-24,119.14,120.61,119.0701,120.32,1741173,,https://api.nasdaq.com/api/quote/UPRO/historical?assetclass=etf&fromdate=2016-07-26&todate=2026-07-26&limit=5000
UPRO,2025-12-26,120.43,120.96,119.71,120.23,1795503,,https://api.nasdaq.com/api/quote/UPRO/historical?assetclass=etf&fromdate=2016-07-26&todate=2026-07-26&limit=5000
UPRO,2025-12-29,118.79,119.64,118,118.92,2248033,,https://api.nasdaq.com/api/quote/UPRO/historical?assetclass=etf&fromdate=2016-07-26&todate=2026-07-26&limit=5000
UPRO,2025-12-30,118.7,119.26,118.25,118.44,2475076,,https://api.nasdaq.com/api/quote/UPRO/historical?assetclass=etf&fromdate=2016-07-26&todate=2026-07-26&limit=5000
UPRO,2025-12-31,118.49,118.585,115.68,115.76,3808555,,https://api.nasdaq.com/api/quote/UPRO/historical?assetclass=etf&fromdate=2016-07-26&todate=2026-07-26&limit=5000
UPRO,2026-01-02,117.595,118.2,114.63,116.33,5800867,,https://api.nasdaq.com/api/quote/UPRO/historical?assetclass=etf&fromdate=2016-07-26&todate=2026-07-26&limit=5000
UPRO,2026-01-05,118,119.48,117.94,118.59,4456146,,https://api.nasdaq.com/api/quote/UPRO/historical?assetclass=etf&fromdate=2016-07-26&todate=2026-07-26&limit=5000
UPRO,2026-01-06,118.69,120.93,118.61,120.65,3595327,,https://api.nasdaq.com/api/quote/UPRO/historical?assetclass=etf&fromdate=2016-07-26&todate=2026-07-26&limit=5000
UPRO,2026-01-07,120.84,121.78,119.33,119.51,3610239,,https://api.nasdaq.com/api/quote/UPRO/historical?assetclass=etf&fromdate=2016-07-26&todate=2026-07-26&limit=5000
UPRO,2026-01-08,119.06,119.97,118.35,119.36,3402700,,https://api.nasdaq.com/api/quote/UPRO/historical?assetclass=etf&fromdate=2016-07-26&todate=2026-07-26&limit=5000
UPRO,2026-01-09,119.89,122.32,119.15,121.65,4287482,,https://api.nasdaq.com/api/quote/UPRO/historical?assetclass=etf&fromdate=2016-07-26&todate=2026-07-26&limit=5000
UPRO,2026-01-12,119.87,122.71,119.86,122.23,2699412,,https://api.nasdaq.com/api/quote/UPRO/historical?assetclass=etf&fromdate=2016-07-26&todate=2026-07-26&limit=5000
UPRO,2026-01-13,122.41,122.68,120.2,121.43,3235354,,https://api.nasdaq.com/api/quote/UPRO/historical?assetclass=etf&fromdate=2016-07-26&todate=2026-07-26&limit=5000
UPRO,2026-01-14,119.97,120.3428,117.42,119.67,4994884,,https://api.nasdaq.com/api/quote/UPRO/historical?assetclass=etf&fromdate=2016-07-26&todate=2026-07-26&limit=5000
UPRO,2026-01-15,121.78,122.24,120.05,120.54,3370587,,https://api.nasdaq.com/api/quote/UPRO/historical?assetclass=etf&fromdate=2016-07-26&todate=2026-07-26&limit=5000
UPRO,2026-01-16,121.19,121.5,119.36,120.13,2621276,,https://api.nasdaq.com/api/quote/UPRO/historical?assetclass=etf&fromdate=2016-07-26&todate=2026-07-26&limit=5000
UPRO,2026-01-20,114.82,116.51,112.27,112.78,6412253,,https://api.nasdaq.com/api/quote/UPRO/historical?assetclass=etf&fromdate=2016-07-26&todate=2026-07-26&limit=5000
UPRO,2026-01-21,113.77,118.3,113.03,116.59,8321662,,https://api.nasdaq.com/api/quote/UPRO/historical?assetclass=etf&fromdate=2016-07-26&todate=2026-07-26&limit=5000
UPRO,2026-01-22,118.86,119.52,117.39,118.4,3846735,,https://api.nasdaq.com/api/quote/UPRO/historical?assetclass=etf&fromdate=2016-07-26&todate=2026-07-26&limit=5000
UPRO,2026-01-23,117.92,119.36,117.41,118.42,3078118,,https://api.nasdaq.com/api/quote/UPRO/historical?assetclass=etf&fromdate=2016-07-26&todate=2026-07-26&limit=5000
UPRO,2026-01-26,119.06,120.96,118.8,120.23,2851819,,https://api.nasdaq.com/api/quote/UPRO/historical?assetclass=etf&fromdate=2016-07-26&todate=2026-07-26&limit=5000
UPRO,2026-01-27,120.97,122.18,120.65,121.67,2185007,,https://api.nasdaq.com/api/quote/UPRO/historical?assetclass=etf&fromdate=2016-07-26&todate=2026-07-26&limit=5000
UPRO,2026-01-28,122.45,122.85,120.81,121.6,3340096,,https://api.nasdaq.com/api/quote/UPRO/historical?assetclass=etf&fromdate=2016-07-26&todate=2026-07-26&limit=5000
UPRO,2026-01-29,122.02,122.37,115.975,120.74,5738797,,https://api.nasdaq.com/api/quote/UPRO/historical?assetclass=etf&fromdate=2016-07-26&todate=2026-07-26&limit=5000
UPRO,2026-01-30,119.57,120.8,117.08,119.61,5040035,,https://api.nasdaq.com/api/quote/UPRO/historical?assetclass=etf&fromdate=2016-07-26&todate=2026-07-26&limit=5000
UPRO,2026-02-02,118.37,122.17,118.3,121.43,3754954,,https://api.nasdaq.com/api/quote/UPRO/historical?assetclass=etf&fromdate=2016-07-26&todate=2026-07-26&limit=5000
UPRO,2026-02-03,121.79,122.16,115.39,118.25,6288285,,https://api.nasdaq.com/api/quote/UPRO/historical?assetclass=etf&fromdate=2016-07-26&todate=2026-07-26&limit=5000
UPRO,2026-02-04,118.66,119.1804,114.24,116.49,7964825,,https://api.nasdaq.com/api/quote/UPRO/historical?assetclass=etf&fromdate=2016-07-26&todate=2026-07-26&limit=5000
UPRO,2026-02-05,113.79,115.19,111.2,112.03,8208869,,https://api.nasdaq.com/api/quote/UPRO/historical?assetclass=etf&fromdate=2016-07-26&todate=2026-07-26&limit=5000
UPRO,2026-02-06,113.91,119.305,113.69,118.48,5952947,,https://api.nasdaq.com/api/quote/UPRO/historical?assetclass=etf&fromdate=2016-07-26&todate=2026-07-26&limit=5000
UPRO,2026-02-09,117.81,121.1213,117.275,120.14,3025149,,https://api.nasdaq.com/api/quote/UPRO/historical?assetclass=etf&fromdate=2016-07-26&todate=2026-07-26&limit=5000
UPRO,2026-02-10,120.66,121.47,118.9101,119.15,3289665,,https://api.nasdaq.com/api/quote/UPRO/historical?assetclass=etf&fromdate=2016-07-26&todate=2026-07-26&limit=5000
UPRO,2026-02-11,121.37,121.72,117.63,119,3210388,,https://api.nasdaq.com/api/quote/UPRO/historical?assetclass=etf&fromdate=2016-07-26&todate=2026-07-26&limit=5000
UPRO,2026-02-12,120.23,120.77,113.06,113.49,7066811,,https://api.nasdaq.com/api/quote/UPRO/historical?assetclass=etf&fromdate=2016-07-26&todate=2026-07-26&limit=5000
UPRO,2026-02-13,113.565,115.88,111.48,113.51,5644437,,https://api.nasdaq.com/api/quote/UPRO/historical?assetclass=etf&fromdate=2016-07-26&todate=2026-07-26&limit=5000
UPRO,2026-02-17,112.77,115.1625,110.6,114.06,5037017,,https://api.nasdaq.com/api/quote/UPRO/historical?assetclass=etf&fromdate=2016-07-26&todate=2026-07-26&limit=5000
UPRO,2026-02-18,114.69,117.2499,114.09,115.77,3928587,,https://api.nasdaq.com/api/quote/UPRO/historical?assetclass=etf&fromdate=2016-07-26&todate=2026-07-26&limit=5000
UPRO,2026-02-19,114.53,115.73,113.38,114.89,3688200,,https://api.nasdaq.com/api/quote/UPRO/historical?assetclass=etf&fromdate=2016-07-26&todate=2026-07-26&limit=5000
UPRO,2026-02-20,113.65,117.54,113.41,117.24,5506072,,https://api.nasdaq.com/api/quote/UPRO/historical?assetclass=etf&fromdate=2016-07-26&todate=2026-07-26&limit=5000
UPRO,2026-02-23,116.39,117.52,112.64,113.66,4202458,,https://api.nasdaq.com/api/quote/UPRO/historical?assetclass=etf&fromdate=2016-07-26&todate=2026-07-26&limit=5000
UPRO,2026-02-24,113.35,116.564,112.44,116.07,2736600,,https://api.nasdaq.com/api/quote/UPRO/historical?assetclass=etf&fromdate=2016-07-26&todate=2026-07-26&limit=5000
UPRO,2026-02-25,117.47,119.26,117.4401,118.95,2504377,,https://api.nasdaq.com/api/quote/UPRO/historical?assetclass=etf&fromdate=2016-07-26&todate=2026-07-26&limit=5000
UPRO,2026-02-26,119.04,119.08,114.43,116.98,3207369,,https://api.nasdaq.com/api/quote/UPRO/historical?assetclass=etf&fromdate=2016-07-26&todate=2026-07-26&limit=5000
UPRO,2026-02-27,113.69,115.61,112.995,115.31,4246948,,https://api.nasdaq.com/api/quote/UPRO/historical?assetclass=etf&fromdate=2016-07-26&todate=2026-07-26&limit=5000
UPRO,2026-03-02,111.49,116.4539,111.16,115.32,3610715,,https://api.nasdaq.com/api/quote/UPRO/historical?assetclass=etf&fromdate=2016-07-26&todate=2026-07-26&limit=5000
UPRO,2026-03-03,109.62,113.415,106.89,112.24,6541125,,https://api.nasdaq.com/api/quote/UPRO/historical?assetclass=etf&fromdate=2016-07-26&todate=2026-07-26&limit=5000
UPRO,2026-03-04,112.87,115.59,111.89,114.61,4352655,,https://api.nasdaq.com/api/quote/UPRO/historical?assetclass=etf&fromdate=2016-07-26&todate=2026-07-26&limit=5000
UPRO,2026-03-05,113.06,114.77,109.8,112.7,6253543,,https://api.nasdaq.com/api/quote/UPRO/historical?assetclass=etf&fromdate=2016-07-26&todate=2026-07-26&limit=5000
UPRO,2026-03-06,108.63,109.98,106.82,108.16,5464329,,https://api.nasdaq.com/api/quote/UPRO/historical?assetclass=etf&fromdate=2016-07-26&todate=2026-07-26&limit=5000
UPRO,2026-03-09,105.2,111.74,103.27,110.97,9101436,,https://api.nasdaq.com/api/quote/UPRO/historical?assetclass=etf&fromdate=2016-07-26&todate=2026-07-26&limit=5000
UPRO,2026-03-10,110.65,113.4107,109.21,110.31,6155736,,https://api.nasdaq.com/api/quote/UPRO/historical?assetclass=etf&fromdate=2016-07-26&todate=2026-07-26&limit=5000
UPRO,2026-03-11,110.54,111.76,108.49,109.94,4181014,,https://api.nasdaq.com/api/quote/UPRO/historical?assetclass=etf&fromdate=2016-07-26&todate=2026-07-26&limit=5000
UPRO,2026-03-12,107.35,107.62,104.8,104.89,6085631,,https://api.nasdaq.com/api/quote/UPRO/historical?assetclass=etf&fromdate=2016-07-26&todate=2026-07-26&limit=5000
UPRO,2026-03-13,106.3,107.76,102.6,103.01,6598976,,https://api.nasdaq.com/api/quote/UPRO/historical?assetclass=etf&fromdate=2016-07-26&todate=2026-07-26&limit=5000
UPRO,2026-03-16,105.83,107.54,105.24,106.1,4607114,,https://api.nasdaq.com/api/quote/UPRO/historical?assetclass=etf&fromdate=2016-07-26&todate=2026-07-26&limit=5000
UPRO,2026-03-17,107.7,108.67,106.6,106.92,2942631,,https://api.nasdaq.com/api/quote/UPRO/historical?assetclass=etf&fromdate=2016-07-26&todate=2026-07-26&limit=5000
UPRO,2026-03-18,105.735,106.37,102.3494,102.47,5114089,,https://api.nasdaq.com/api/quote/UPRO/historical?assetclass=etf&fromdate=2016-07-26&todate=2026-07-26&limit=5000
UPRO,2026-03-19,100.27,103.11,99.48,101.63,5536610,,https://api.nasdaq.com/api/quote/UPRO/historical?assetclass=etf&fromdate=2016-07-26&todate=2026-07-26&limit=5000
UPRO,2026-03-20,100.88,100.95,95.44,97.09,6060677,,https://api.nasdaq.com/api/quote/UPRO/historical?assetclass=etf&fromdate=2016-07-26&todate=2026-07-26&limit=5000
UPRO,2026-03-23,101.35,103.45,99.54,100.21,7422163,,https://api.nasdaq.com/api/quote/UPRO/historical?assetclass=etf&fromdate=2016-07-26&todate=2026-07-26&limit=5000
UPRO,2026-03-24,98.34,100.94,97.68,99.17,4261015,,https://api.nasdaq.com/api/quote/UPRO/historical?assetclass=etf&fromdate=2016-07-26&todate=2026-07-26&limit=5000
UPRO,2026-03-25,101.405,102.43,99.425,100.52,2340004,,https://api.nasdaq.com/api/quote/UPRO/historical?assetclass=etf&fromdate=2016-07-26&todate=2026-07-26&limit=5000
UPRO,2026-03-26,98.34,99.64,95.05,95.18,3849485,,https://api.nasdaq.com/api/quote/UPRO/historical?assetclass=etf&fromdate=2016-07-26&todate=2026-07-26&limit=5000
UPRO,2026-03-27,93.92,94,89.7901,90.21,5761250,,https://api.nasdaq.com/api/quote/UPRO/historical?assetclass=etf&fromdate=2016-07-26&todate=2026-07-26&limit=5000
UPRO,2026-03-30,92.73,92.85,88.145,89.29,4420162,,https://api.nasdaq.com/api/quote/UPRO/historical?assetclass=etf&fromdate=2016-07-26&todate=2026-07-26&limit=5000
UPRO,2026-03-31,92.19,97.52,91.81,96.98,5505994,,https://api.nasdaq.com/api/quote/UPRO/historical?assetclass=etf&fromdate=2016-07-26&todate=2026-07-26&limit=5000
UPRO,2026-04-01,98.58,100.66,98.21,99.17,3922645,,https://api.nasdaq.com/api/quote/UPRO/historical?assetclass=etf&fromdate=2016-07-26&todate=2026-07-26&limit=5000
UPRO,2026-04-02,95.1,100.3,94.51,99.38,3625111,,https://api.nasdaq.com/api/quote/UPRO/historical?assetclass=etf&fromdate=2016-07-26&todate=2026-07-26&limit=5000
UPRO,2026-04-06,99.35,101.09,99.2,100.74,2757475,,https://api.nasdaq.com/api/quote/UPRO/historical?assetclass=etf&fromdate=2016-07-26&todate=2026-07-26&limit=5000
UPRO,2026-04-07,99.68,101,97.11,100.85,4321247,,https://api.nasdaq.com/api/quote/UPRO/historical?assetclass=etf&fromdate=2016-07-26&todate=2026-07-26&limit=5000
UPRO,2026-04-08,108.69,109.04,106.48,108.46,3757358,,https://api.nasdaq.com/api/quote/UPRO/historical?assetclass=etf&fromdate=2016-07-26&todate=2026-07-26&limit=5000
UPRO,2026-04-09,107.97,110.98,107.44,110.36,3291358,,https://api.nasdaq.com/api/quote/UPRO/historical?assetclass=etf&fromdate=2016-07-26&todate=2026-07-26&limit=5000
UPRO,2026-04-10,110.99,111.35,109.58,110.01,2719198,,https://api.nasdaq.com/api/quote/UPRO/historical?assetclass=etf&fromdate=2016-07-26&todate=2026-07-26&limit=5000
UPRO,2026-04-13,109.06,113.36,108.67,113.23,3408676,,https://api.nasdaq.com/api/quote/UPRO/historical?assetclass=etf&fromdate=2016-07-26&todate=2026-07-26&limit=5000
UPRO,2026-04-14,114.03,117.44,114.02,117.34,3235042,,https://api.nasdaq.com/api/quote/UPRO/historical?assetclass=etf&fromdate=2016-07-26&todate=2026-07-26&limit=5000
UPRO,2026-04-15,117.79,120.29,117.27,120.06,3551748,,https://api.nasdaq.com/api/quote/UPRO/historical?assetclass=etf&fromdate=2016-07-26&todate=2026-07-26&limit=5000
UPRO,2026-04-16,120.69,121.55,119.373,120.96,3081287,,https://api.nasdaq.com/api/quote/UPRO/historical?assetclass=etf&fromdate=2016-07-26&todate=2026-07-26&limit=5000
UPRO,2026-04-17,123.21,126.43,123.03,125.23,4673326,,https://api.nasdaq.com/api/quote/UPRO/historical?assetclass=etf&fromdate=2016-07-26&todate=2026-07-26&limit=5000
UPRO,2026-04-20,124.49,125.12,123.14,124.49,3255230,,https://api.nasdaq.com/api/quote/UPRO/historical?assetclass=etf&fromdate=2016-07-26&todate=2026-07-26&limit=5000
UPRO,2026-04-21,125.28,125.8086,121.2865,122.07,4154385,,https://api.nasdaq.com/api/quote/UPRO/historical?assetclass=etf&fromdate=2016-07-26&todate=2026-07-26&limit=5000
UPRO,2026-04-22,124.61,125.8,124.15,125.69,3173624,,https://api.nasdaq.com/api/quote/UPRO/historical?assetclass=etf&fromdate=2016-07-26&todate=2026-07-26&limit=5000
UPRO,2026-04-23,124.72,126.26,120.94,124.16,4548068,,https://api.nasdaq.com/api/quote/UPRO/historical?assetclass=etf&fromdate=2016-07-26&todate=2026-07-26&limit=5000
UPRO,2026-04-24,125.28,127.25,124.4,126.99,3567636,,https://api.nasdaq.com/api/quote/UPRO/historical?assetclass=etf&fromdate=2016-07-26&todate=2026-07-26&limit=5000
UPRO,2026-04-27,126.52,127.81,126.06,127.59,2978567,,https://api.nasdaq.com/api/quote/UPRO/historical?assetclass=etf&fromdate=2016-07-26&todate=2026-07-26&limit=5000
UPRO,2026-04-28,125.75,126.32,124.4,125.69,2688547,,https://api.nasdaq.com/api/quote/UPRO/historical?assetclass=etf&fromdate=2016-07-26&todate=2026-07-26&limit=5000
UPRO,2026-04-29,125.28,125.93,123.9,125.62,3050281,,https://api.nasdaq.com/api/quote/UPRO/historical?assetclass=etf&fromdate=2016-07-26&todate=2026-07-26&limit=5000
UPRO,2026-04-30,127.19,129.89,124.9799,129.18,4065276,,https://api.nasdaq.com/api/quote/UPRO/historical?assetclass=etf&fromdate=2016-07-26&todate=2026-07-26&limit=5000
UPRO,2026-05-01,130.61,132.57,130.19,130.3,3525895,,https://api.nasdaq.com/api/quote/UPRO/historical?assetclass=etf&fromdate=2016-07-26&todate=2026-07-26&limit=5000
UPRO,2026-05-04,129.92,131.03,127.2,128.85,3118143,,https://api.nasdaq.com/api/quote/UPRO/historical?assetclass=etf&fromdate=2016-07-26&todate=2026-07-26&limit=5000
UPRO,2026-05-05,130.8,132.535,130.65,131.85,2785165,,https://api.nasdaq.com/api/quote/UPRO/historical?assetclass=etf&fromdate=2016-07-26&todate=2026-07-26&limit=5000
UPRO,2026-05-06,134.22,137.75,134.08,137.3,3485876,,https://api.nasdaq.com/api/quote/UPRO/historical?assetclass=etf&fromdate=2016-07-26&todate=2026-07-26&limit=5000
UPRO,2026-05-07,138,138.5899,135.0201,136.02,3651542,,https://api.nasdaq.com/api/quote/UPRO/historical?assetclass=etf&fromdate=2016-07-26&todate=2026-07-26&limit=5000
UPRO,2026-05-08,137.81,139.52,137.605,139.22,2452063,,https://api.nasdaq.com/api/quote/UPRO/historical?assetclass=etf&fromdate=2016-07-26&todate=2026-07-26&limit=5000
UPRO,2026-05-11,138.63,141.03,138.59,140.09,2677334,,https://api.nasdaq.com/api/quote/UPRO/historical?assetclass=etf&fromdate=2016-07-26&todate=2026-07-26&limit=5000
UPRO,2026-05-12,138.84,139.9,135.93,139.53,3254039,,https://api.nasdaq.com/api/quote/UPRO/historical?assetclass=etf&fromdate=2016-07-26&todate=2026-07-26&limit=5000
UPRO,2026-05-13,139.64,142.7,137.955,141.83,2808022,,https://api.nasdaq.com/api/quote/UPRO/historical?assetclass=etf&fromdate=2016-07-26&todate=2026-07-26&limit=5000
UPRO,2026-05-14,142.59,145.93,142.53,145.1,2713946,,https://api.nasdaq.com/api/quote/UPRO/historical?assetclass=etf&fromdate=2016-07-26&todate=2026-07-26&limit=5000
UPRO,2026-05-15,141.35,142.2892,139.1,139.73,3097944,,https://api.nasdaq.com/api/quote/UPRO/historical?assetclass=etf&fromdate=2016-07-26&todate=2026-07-26&limit=5000
UPRO,2026-05-18,140.16,141.04,136.48,139.36,3798130,,https://api.nasdaq.com/api/quote/UPRO/historical?assetclass=etf&fromdate=2016-07-26&todate=2026-07-26&limit=5000
UPRO,2026-05-19,137.23,138.83,135.39,136.64,3691696,,https://api.nasdaq.com/api/quote/UPRO/historical?assetclass=etf&fromdate=2016-07-26&todate=2026-07-26&limit=5000
UPRO,2026-05-20,137.71,141.14,136.7,140.83,2968197,,https://api.nasdaq.com/api/quote/UPRO/historical?assetclass=etf&fromdate=2016-07-26&todate=2026-07-26&limit=5000
UPRO,2026-05-21,139.25,142.79,138.42,141.58,2879661,,https://api.nasdaq.com/api/quote/UPRO/historical?assetclass=etf&fromdate=2016-07-26&todate=2026-07-26&limit=5000
UPRO,2026-05-22,143.48,145,142.5,143.08,2448477,,https://api.nasdaq.com/api/quote/UPRO/historical?assetclass=etf&fromdate=2016-07-26&todate=2026-07-26&limit=5000
UPRO,2026-05-26,145.605,146.8088,144.6401,145.86,2193601,,https://api.nasdaq.com/api/quote/UPRO/historical?assetclass=etf&fromdate=2016-07-26&todate=2026-07-26&limit=5000
UPRO,2026-05-27,146.05,146.3099,144.48,145.84,2206647,,https://api.nasdaq.com/api/quote/UPRO/historical?assetclass=etf&fromdate=2016-07-26&todate=2026-07-26&limit=5000
UPRO,2026-05-28,145.59,148.51,145.07,148.19,2325136,,https://api.nasdaq.com/api/quote/UPRO/historical?assetclass=etf&fromdate=2016-07-26&todate=2026-07-26&limit=5000
UPRO,2026-05-29,148.85,150.12,148.14,149.18,3014143,,https://api.nasdaq.com/api/quote/UPRO/historical?assetclass=etf&fromdate=2016-07-26&todate=2026-07-26&limit=5000
UPRO,2026-06-01,148.495,151.38,148.11,150.29,2581155,,https://api.nasdaq.com/api/quote/UPRO/historical?assetclass=etf&fromdate=2016-07-26&todate=2026-07-26&limit=5000
UPRO,2026-06-02,149.44,151.4096,149.23,150.87,2229545,,https://api.nasdaq.com/api/quote/UPRO/historical?assetclass=etf&fromdate=2016-07-26&todate=2026-07-26&limit=5000
UPRO,2026-06-03,150,150.41,147.33,147.72,2545232,,https://api.nasdaq.com/api/quote/UPRO/historical?assetclass=etf&fromdate=2016-07-26&todate=2026-07-26&limit=5000
UPRO,2026-06-04,146.41,150.05,146.03,149.33,2076997,,https://api.nasdaq.com/api/quote/UPRO/historical?assetclass=etf&fromdate=2016-07-26&todate=2026-07-26&limit=5000
UPRO,2026-06-05,146.39,146.68,136.45,137.53,4587909,,https://api.nasdaq.com/api/quote/UPRO/historical?assetclass=etf&fromdate=2016-07-26&todate=2026-07-26&limit=5000
UPRO,2026-06-08,140.84,141.9243,137.9363,138.57,2952647,,https://api.nasdaq.com/api/quote/UPRO/historical?assetclass=etf&fromdate=2016-07-26&todate=2026-07-26&limit=5000
UPRO,2026-06-09,140.96,142.8,129.2076,137.23,4841245,,https://api.nasdaq.com/api/quote/UPRO/historical?assetclass=etf&fromdate=2016-07-26&todate=2026-07-26&limit=5000
UPRO,2026-06-10,135.18,137.965,130.68,130.69,4295832,,https://api.nasdaq.com/api/quote/UPRO/historical?assetclass=etf&fromdate=2016-07-26&todate=2026-07-26&limit=5000
UPRO,2026-06-11,132.43,138.58,130.15,137.29,3954978,,https://api.nasdaq.com/api/quote/UPRO/historical?assetclass=etf&fromdate=2016-07-26&todate=2026-07-26&limit=5000
UPRO,2026-06-12,138.87,140.95,135.75,139.41,2894240,,https://api.nasdaq.com/api/quote/UPRO/historical?assetclass=etf&fromdate=2016-07-26&todate=2026-07-26&limit=5000
UPRO,2026-06-15,145.14,147.87,145.095,146.74,2673114,,https://api.nasdaq.com/api/quote/UPRO/historical?assetclass=etf&fromdate=2016-07-26&todate=2026-07-26&limit=5000
UPRO,2026-06-16,146.64,147.11,143.875,144.14,1787323,,https://api.nasdaq.com/api/quote/UPRO/historical?assetclass=etf&fromdate=2016-07-26&todate=2026-07-26&limit=5000
UPRO,2026-06-17,144.63,145.14,137.75,138.74,2812423,,https://api.nasdaq.com/api/quote/UPRO/historical?assetclass=etf&fromdate=2016-07-26&todate=2026-07-26&limit=5000
UPRO,2026-06-18,143.45,143.72,141.285,142.81,2145400,,https://api.nasdaq.com/api/quote/UPRO/historical?assetclass=etf&fromdate=2016-07-26&todate=2026-07-26&limit=5000
UPRO,2026-06-22,143.38,144.75,140.77,141.42,1971674,,https://api.nasdaq.com/api/quote/UPRO/historical?assetclass=etf&fromdate=2016-07-26&todate=2026-07-26&limit=5000
UPRO,2026-06-23,135.29,138.74,134.58,135.38,2681723,,https://api.nasdaq.com/api/quote/UPRO/historical?assetclass=etf&fromdate=2016-07-26&todate=2026-07-26&limit=5000
UPRO,2026-06-24,135.72,138.475,133.46,134.7,2241392,,https://api.nasdaq.com/api/quote/UPRO/historical?assetclass=etf&fromdate=2016-07-26&todate=2026-07-26&limit=5000
UPRO,2026-06-25,137.82,138.09,132.755,134.73,2382287,,https://api.nasdaq.com/api/quote/UPRO/historical?assetclass=etf&fromdate=2016-07-26&todate=2026-07-26&limit=5000
UPRO,2026-06-26,132.19,136.44,131.11,132.08,2524097,,https://api.nasdaq.com/api/quote/UPRO/historical?assetclass=etf&fromdate=2016-07-26&todate=2026-07-26&limit=5000
UPRO,2026-06-29,136.4,139.16,133.951,138.76,2182692,,https://api.nasdaq.com/api/quote/UPRO/historical?assetclass=etf&fromdate=2016-07-26&todate=2026-07-26&limit=5000
UPRO,2026-06-30,138.86,142.75,138.738,141.79,2087607,,https://api.nasdaq.com/api/quote/UPRO/historical?assetclass=etf&fromdate=2016-07-26&todate=2026-07-26&limit=5000
UPRO,2026-07-01,140.94,143.53,139.5,141.39,2094242,,https://api.nasdaq.com/api/quote/UPRO/historical?assetclass=etf&fromdate=2016-07-26&todate=2026-07-26&limit=5000
UPRO,2026-07-02,142.24,144.4,138.02,140.77,3075997,,https://api.nasdaq.com/api/quote/UPRO/historical?assetclass=etf&fromdate=2016-07-26&todate=2026-07-26&limit=5000
UPRO,2026-07-06,142.81,145.01,142.1664,144.41,1847009,,https://api.nasdaq.com/api/quote/UPRO/historical?assetclass=etf&fromdate=2016-07-26&todate=2026-07-26&limit=5000
UPRO,2026-07-07,143.75,144.14,140.835,142.21,2457186,,https://api.nasdaq.com/api/quote/UPRO/historical?assetclass=etf&fromdate=2016-07-26&todate=2026-07-26&limit=5000
UPRO,2026-07-08,139.67,141.32,137.52,140.83,2032850,,https://api.nasdaq.com/api/quote/UPRO/historical?assetclass=etf&fromdate=2016-07-26&todate=2026-07-26&limit=5000
UPRO,2026-07-09,141.92,144.6,140.985,144.39,1620898,,https://api.nasdaq.com/api/quote/UPRO/historical?assetclass=etf&fromdate=2016-07-26&todate=2026-07-26&limit=5000
UPRO,2026-07-10,144.47,146.45,142.27,146.16,1919813,,https://api.nasdaq.com/api/quote/UPRO/historical?assetclass=etf&fromdate=2016-07-26&todate=2026-07-26&limit=5000
UPRO,2026-07-13,144.68,145.5423,142.14,142.73,1951558,,https://api.nasdaq.com/api/quote/UPRO/historical?assetclass=etf&fromdate=2016-07-26&todate=2026-07-26&limit=5000
UPRO,2026-07-14,143.76,145.1,142.4611,144.28,1920823,,https://api.nasdaq.com/api/quote/UPRO/historical?assetclass=etf&fromdate=2016-07-26&todate=2026-07-26&limit=5000
UPRO,2026-07-15,145.6,146.41,143.3445,145.87,1821975,,https://api.nasdaq.com/api/quote/UPRO/historical?assetclass=etf&fromdate=2016-07-26&todate=2026-07-26&limit=5000
UPRO,2026-07-16,144.74,145.75,141.9497,143.61,1910724,,https://api.nasdaq.com/api/quote/UPRO/historical?assetclass=etf&fromdate=2016-07-26&todate=2026-07-26&limit=5000
UPRO,2026-07-17,138.47,141.43,137.755,139.05,2368334,,https://api.nasdaq.com/api/quote/UPRO/historical?assetclass=etf&fromdate=2016-07-26&todate=2026-07-26&limit=5000
UPRO,2026-07-20,141.12,142.14,138.1,138.47,2026985,,https://api.nasdaq.com/api/quote/UPRO/historical?assetclass=etf&fromdate=2016-07-26&todate=2026-07-26&limit=5000
UPRO,2026-07-21,140.74,142.29,139.57,141.89,1462944,,https://api.nasdaq.com/api/quote/UPRO/historical?assetclass=etf&fromdate=2016-07-26&todate=2026-07-26&limit=5000
UPRO,2026-07-22,140.89,142.8,140.74,141.27,1425355,,https://api.nasdaq.com/api/quote/UPRO/historical?assetclass=etf&fromdate=2016-07-26&todate=2026-07-26&limit=5000
UPRO,2026-07-23,136.69,138.51,134.34,136.13,2487190,,https://api.nasdaq.com/api/quote/UPRO/historical?assetclass=etf&fromdate=2016-07-26&todate=2026-07-26&limit=5000
UPRO,2026-07-24,136.12,139,135.43,136.27,1720326,,https://api.nasdaq.com/api/quote/UPRO/historical?assetclass=etf&fromdate=2016-07-26&todate=2026-07-26&limit=5000
